time,open,high,low,close,volume
2025-02-03 01:00:00,2804.21,2805.79,2792.88,2801.33,765.0
2025-02-03 01:05:00,2801.33,2803.6,2797.24,2800.94,276.0
2025-02-03 01:10:00,2802.82,2804.19,2798.84,2802.51,312.0
2025-02-03 01:15:00,2801.03,2802.96,2798.72,2800.55,515.0
2025-02-03 01:20:00,2799.32,2799.9,2789.32,2792.92,508.0
2025-02-03 01:25:00,2793.24,2793.84,2788.36,2791.84,304.0
2025-02-03 01:30:00,2792.07,2792.07,2785.59,2789.57,410.0
2025-02-03 01:35:00,2789.67,2790.87,2784.27,2785.98,385.0
2025-02-03 01:40:00,2785.98,2793.84,2785.98,2792.31,367.0
2025-02-03 01:45:00,2792.31,2793.49,2788.28,2792.47,435.0
2025-02-03 01:50:00,2792.47,2794.84,2790.4,2793.03,167.0
2025-02-03 01:55:00,2792.97,2794.76,2791.82,2793.06,120.0
2025-02-03 02:00:00,2792.49,2794.58,2791.79,2792.56,270.0
2025-02-03 02:05:00,2793.52,2796.96,2791.44,2793.44,205.0
2025-02-03 02:10:00,2793.44,2794.35,2791.27,2793.77,216.0
2025-02-03 02:15:00,2793.76,2795.77,2793.32,2795.09,289.0
2025-02-03 02:20:00,2795.08,2795.12,2790.35,2791.14,450.0
2025-02-03 02:25:00,2791.14,2794.37,2790.88,2794.14,318.0
2025-02-03 02:30:00,2794.14,2794.59,2791.96,2793.58,287.0
2025-02-03 02:35:00,2793.59,2795.94,2793.09,2793.64,345.0
2025-02-03 02:40:00,2793.71,2795.55,2792.9,2794.64,335.0
2025-02-03 02:45:00,2794.73,2794.98,2793.05,2794.72,382.0
2025-02-03 02:50:00,2794.73,2795.66,2791.11,2791.11,364.0
2025-02-03 02:55:00,2791.07,2792.57,2790.71,2792.31,413.0
2025-02-03 03:00:00,2792.07,2792.21,2787.41,2787.91,495.0
2025-02-03 03:05:00,2787.85,2789.8,2784.32,2784.75,455.0
2025-02-03 03:10:00,2784.75,2785.88,2782.71,2785.73,431.0
2025-02-03 03:15:00,2785.6,2785.63,2781.61,2782.56,405.0
2025-02-03 03:20:00,2782.55,2784.5,2781.86,2782.19,412.0
2025-02-03 03:25:00,2782.26,2783.18,2781.82,2782.49,463.0
2025-02-03 03:30:00,2782.55,2783.95,2780.86,2783.63,457.0
2025-02-03 03:35:00,2783.63,2784.67,2781.85,2781.85,340.0
2025-02-03 03:40:00,2781.89,2783.79,2780.89,2783.41,402.0
2025-02-03 03:45:00,2783.48,2783.75,2782.55,2782.55,367.0
2025-02-03 03:50:00,2782.62,2784.0,2782.06,2782.61,394.0
2025-02-03 03:55:00,2782.61,2782.61,2778.2,2782.27,460.0
2025-02-03 04:00:00,2782.26,2782.77,2777.56,2779.27,417.0
2025-02-03 04:05:00,2779.17,2780.31,2775.9,2777.79,508.0
2025-02-03 04:10:00,2778.45,2779.47,2776.72,2778.47,496.0
2025-02-03 04:15:00,2778.45,2780.55,2777.41,2778.41,465.0
2025-02-03 04:20:00,2778.48,2779.59,2777.07,2779.51,480.0
2025-02-03 04:25:00,2779.42,2781.47,2777.04,2778.11,477.0
2025-02-03 04:30:00,2777.83,2779.61,2776.43,2779.41,520.0
2025-02-03 04:35:00,2779.25,2779.25,2773.8,2774.87,510.0
2025-02-03 04:40:00,2774.77,2776.37,2773.99,2775.89,471.0
2025-02-03 04:45:00,2776.5,2776.76,2775.33,2775.99,475.0
2025-02-03 04:50:00,2776.01,2777.53,2775.69,2776.9,448.0
2025-02-03 04:55:00,2776.98,2778.39,2776.83,2778.1,413.0
2025-02-03 05:00:00,2778.1,2778.26,2776.46,2777.24,435.0
2025-02-03 05:05:00,2777.33,2778.25,2776.06,2776.62,424.0
2025-02-03 05:10:00,2776.25,2777.24,2775.27,2775.45,387.0
2025-02-03 05:15:00,2775.57,2776.2,2775.14,2775.42,335.0
2025-02-03 05:20:00,2775.4,2775.99,2774.09,2774.91,384.0
2025-02-03 05:25:00,2774.9,2775.96,2773.93,2775.67,412.0
2025-02-03 05:30:00,2775.47,2776.36,2774.83,2775.45,419.0
2025-02-03 05:35:00,2775.44,2775.44,2772.17,2773.54,416.0
2025-02-03 05:40:00,2773.35,2773.81,2772.28,2773.8,408.0
2025-02-03 05:45:00,2773.84,2774.35,2773.44,2773.73,313.0
2025-02-03 05:50:00,2773.76,2774.2,2772.53,2774.06,355.0
2025-02-03 05:55:00,2774.08,2775.98,2773.87,2774.41,349.0
2025-02-03 06:00:00,2774.34,2778.42,2774.09,2777.87,512.0
2025-02-03 06:05:00,2778.22,2782.39,2777.86,2782.27,453.0
2025-02-03 06:10:00,2782.18,2783.1,2780.85,2782.53,388.0
2025-02-03 06:15:00,2782.49,2782.87,2780.61,2781.01,336.0
2025-02-03 06:20:00,2780.91,2781.02,2779.02,2780.16,378.0
2025-02-03 06:25:00,2780.07,2780.12,2778.84,2779.34,349.0
2025-02-03 06:30:00,2779.06,2779.33,2777.08,2778.89,439.0
2025-02-03 06:35:00,2779.0,2780.8,2778.84,2780.24,319.0
2025-02-03 06:40:00,2780.43,2781.52,2779.95,2780.05,283.0
2025-02-03 06:45:00,2780.05,2780.75,2779.51,2780.16,355.0
2025-02-03 06:50:00,2780.16,2780.93,2779.58,2780.73,289.0
2025-02-03 06:55:00,2780.74,2781.53,2780.16,2780.85,281.0
2025-02-03 07:00:00,2780.74,2781.13,2780.08,2780.51,378.0
2025-02-03 07:05:00,2780.36,2781.22,2780.0,2780.52,344.0
2025-02-03 07:10:00,2780.52,2782.33,2780.36,2781.32,334.0
2025-02-03 07:15:00,2781.3,2783.23,2781.17,2783.2,332.0
2025-02-03 07:20:00,2783.3,2783.53,2781.85,2782.71,302.0
2025-02-03 07:25:00,2782.74,2784.88,2782.74,2784.65,295.0
2025-02-03 07:30:00,2784.65,2784.73,2783.5,2784.25,357.0
2025-02-03 07:35:00,2784.3,2785.14,2783.31,2783.48,383.0
2025-02-03 07:40:00,2783.41,2783.71,2782.74,2783.35,362.0
2025-02-03 07:45:00,2783.33,2783.93,2782.81,2783.22,312.0
2025-02-03 07:50:00,2783.09,2784.06,2783.04,2783.65,304.0
2025-02-03 07:55:00,2783.71,2784.15,2782.98,2783.1,383.0
2025-02-03 08:00:00,2783.1,2784.04,2782.89,2783.12,404.0
2025-02-03 08:05:00,2783.08,2784.2,2783.08,2783.97,332.0
2025-02-03 08:10:00,2784.29,2784.86,2783.37,2784.79,309.0
2025-02-03 08:15:00,2785.11,2787.18,2783.73,2786.82,281.0
2025-02-03 08:20:00,2786.87,2787.76,2785.86,2787.6,294.0
2025-02-03 08:25:00,2787.7,2787.86,2786.95,2787.23,296.0
2025-02-03 08:30:00,2787.12,2788.15,2786.58,2787.14,377.0
2025-02-03 08:35:00,2787.22,2787.24,2785.82,2786.45,345.0
2025-02-03 08:40:00,2786.59,2787.65,2785.1,2785.1,309.0
2025-02-03 08:45:00,2785.09,2787.48,2783.95,2786.82,385.0
2025-02-03 08:50:00,2786.96,2787.32,2786.29,2786.43,379.0
2025-02-03 08:55:00,2786.49,2787.31,2786.07,2786.94,344.0
2025-02-03 09:00:00,2787.03,2788.68,2786.23,2787.92,408.0
2025-02-03 09:05:00,2787.91,2789.17,2786.28,2788.55,379.0
2025-02-03 09:10:00,2788.57,2788.94,2787.3,2788.43,387.0
2025-02-03 09:15:00,2788.49,2788.77,2785.92,2787.19,380.0
2025-02-03 09:20:00,2787.18,2788.27,2786.58,2787.07,423.0
2025-02-03 09:25:00,2787.08,2787.97,2786.05,2786.92,395.0
2025-02-03 09:30:00,2787.01,2787.59,2786.23,2787.0,436.0
2025-02-03 09:35:00,2787.13,2787.2,2785.27,2786.34,397.0
2025-02-03 09:40:00,2786.42,2789.61,2785.79,2789.01,375.0
2025-02-03 09:45:00,2789.01,2789.01,2787.09,2788.4,424.0
2025-02-03 09:50:00,2788.32,2788.84,2787.11,2788.28,326.0
2025-02-03 09:55:00,2788.09,2790.02,2787.1,2789.37,378.0
2025-02-03 10:00:00,2789.31,2790.41,2787.12,2787.93,471.0
2025-02-03 10:05:00,2787.89,2789.43,2787.2,2788.63,478.0
2025-02-03 10:10:00,2788.68,2793.98,2788.53,2793.21,467.0
2025-02-03 10:15:00,2793.32,2795.23,2792.59,2794.55,384.0
2025-02-03 10:20:00,2794.54,2798.04,2793.99,2796.92,452.0
2025-02-03 10:25:00,2796.88,2798.75,2795.92,2797.95,407.0
2025-02-03 10:30:00,2798.14,2799.04,2797.38,2798.84,418.0
2025-02-03 10:35:00,2798.77,2800.21,2798.23,2799.41,432.0
2025-02-03 10:40:00,2799.4,2799.97,2797.45,2798.43,430.0
2025-02-03 10:45:00,2798.42,2799.21,2797.81,2798.08,399.0
2025-02-03 10:50:00,2798.34,2798.34,2796.39,2796.8,361.0
2025-02-03 10:55:00,2796.59,2798.03,2796.42,2796.71,411.0
2025-02-03 11:00:00,2796.69,2798.12,2796.17,2797.49,436.0
2025-02-03 11:05:00,2797.56,2797.85,2796.3,2797.3,417.0
2025-02-03 11:10:00,2797.36,2798.44,2796.94,2797.79,338.0
2025-02-03 11:15:00,2797.8,2797.8,2795.19,2795.48,409.0
2025-02-03 11:20:00,2795.44,2797.68,2794.81,2797.65,423.0
2025-02-03 11:25:00,2797.72,2798.79,2797.15,2798.02,327.0
2025-02-03 11:30:00,2798.01,2799.45,2796.87,2799.41,324.0
2025-02-03 11:35:00,2799.46,2800.8,2798.89,2799.64,444.0
2025-02-03 11:40:00,2799.65,2799.89,2798.4,2798.96,430.0
2025-02-03 11:45:00,2798.87,2799.21,2796.21,2797.52,409.0
2025-02-03 11:50:00,2797.32,2797.95,2796.69,2797.35,429.0
2025-02-03 11:55:00,2797.32,2797.58,2795.96,2796.31,297.0
2025-02-03 12:00:00,2796.21,2796.7,2794.4,2795.56,394.0
2025-02-03 12:05:00,2795.57,2796.41,2793.62,2796.11,369.0
2025-02-03 12:10:00,2796.14,2796.31,2794.1,2795.02,299.0
2025-02-03 12:15:00,2795.01,2795.98,2794.85,2795.79,346.0
2025-02-03 12:20:00,2795.82,2796.1,2794.79,2794.85,313.0
2025-02-03 12:25:00,2794.7,2795.41,2794.17,2795.02,332.0
2025-02-03 12:30:00,2795.37,2795.61,2793.44,2793.93,415.0
2025-02-03 12:35:00,2793.91,2795.08,2793.01,2794.28,409.0
2025-02-03 12:40:00,2794.29,2796.86,2794.19,2796.74,391.0
2025-02-03 12:45:00,2796.73,2797.91,2796.33,2797.91,314.0
2025-02-03 12:50:00,2797.92,2800.15,2797.83,2798.43,330.0
2025-02-03 12:55:00,2798.28,2799.19,2797.86,2798.07,329.0
2025-02-03 13:00:00,2797.95,2801.64,2797.92,2801.19,400.0
2025-02-03 13:05:00,2801.22,2802.93,2800.82,2802.68,389.0
2025-02-03 13:10:00,2802.65,2804.31,2801.81,2801.93,419.0
2025-02-03 13:15:00,2801.91,2802.01,2800.22,2800.46,356.0
2025-02-03 13:20:00,2800.47,2800.59,2798.62,2799.49,387.0
2025-02-03 13:25:00,2799.56,2799.56,2798.45,2798.63,336.0
2025-02-03 13:30:00,2798.65,2799.78,2798.37,2799.62,382.0
2025-02-03 13:35:00,2799.62,2800.03,2798.55,2798.84,321.0
2025-02-03 13:40:00,2798.65,2800.21,2798.44,2800.17,341.0
2025-02-03 13:45:00,2800.07,2800.86,2799.5,2800.46,331.0
2025-02-03 13:50:00,2800.49,2801.41,2799.8,2800.25,337.0
2025-02-03 13:55:00,2800.39,2801.8,2800.12,2801.24,393.0
2025-02-03 14:00:00,2801.41,2801.55,2800.39,2801.07,403.0
2025-02-03 14:05:00,2801.08,2802.4,2800.89,2802.16,373.0
2025-02-03 14:10:00,2802.24,2802.36,2800.98,2801.48,406.0
2025-02-03 14:15:00,2801.48,2802.38,2800.94,2802.24,390.0
2025-02-03 14:20:00,2802.24,2802.46,2801.66,2801.85,336.0
2025-02-03 14:25:00,2801.99,2804.28,2801.97,2803.36,270.0
2025-02-03 14:30:00,2803.46,2805.39,2802.26,2803.38,378.0
2025-02-03 14:35:00,2803.38,2808.57,2802.08,2808.2,432.0
2025-02-03 14:40:00,2808.1,2809.4,2807.07,2808.51,369.0
2025-02-03 14:45:00,2808.57,2810.66,2808.51,2809.98,304.0
2025-02-03 14:50:00,2809.9,2810.06,2808.18,2809.32,348.0
2025-02-03 14:55:00,2809.26,2810.92,2809.11,2810.48,342.0
2025-02-03 15:00:00,2810.67,2811.5,2809.74,2809.97,384.0
2025-02-03 15:05:00,2809.71,2811.74,2807.44,2807.74,435.0
2025-02-03 15:10:00,2807.59,2809.93,2807.55,2809.65,367.0
2025-02-03 15:15:00,2809.68,2810.39,2809.54,2810.11,344.0
2025-02-03 15:20:00,2810.15,2811.9,2809.28,2810.82,440.0
2025-02-03 15:25:00,2810.96,2811.71,2809.75,2810.21,396.0
2025-02-03 15:30:00,2810.26,2810.82,2808.87,2808.9,413.0
2025-02-03 15:35:00,2808.89,2810.14,2808.51,2809.59,403.0
2025-02-03 15:40:00,2809.69,2810.24,2808.18,2808.69,448.0
2025-02-03 15:45:00,2808.49,2810.12,2808.22,2809.44,476.0
2025-02-03 15:50:00,2809.46,2810.67,2808.82,2810.32,450.0
2025-02-03 15:55:00,2810.33,2811.31,2809.58,2811.01,423.0
2025-02-03 16:00:00,2811.02,2812.04,2810.05,2810.51,413.0
2025-02-03 16:05:00,2810.67,2812.73,2810.16,2812.73,465.0
2025-02-03 16:10:00,2812.96,2814.76,2812.64,2814.47,467.0
2025-02-03 16:15:00,2814.37,2815.5,2813.31,2814.76,446.0
2025-02-03 16:20:00,2814.38,2814.6,2813.47,2813.97,443.0
2025-02-03 16:25:00,2813.95,2815.61,2813.46,2814.36,426.0
2025-02-03 16:30:00,2814.7,2816.15,2813.94,2815.56,537.0
2025-02-03 16:35:00,2815.66,2818.68,2815.25,2817.25,535.0
2025-02-03 16:40:00,2817.22,2819.28,2816.84,2818.29,497.0
2025-02-03 16:45:00,2818.63,2826.22,2818.63,2826.22,541.0
2025-02-03 16:50:00,2826.2,2829.34,2825.32,2829.34,550.0
2025-02-03 16:55:00,2829.34,2830.4,2827.73,2829.51,475.0
2025-02-03 17:00:00,2829.38,2830.09,2825.49,2826.49,536.0
2025-02-03 17:05:00,2826.38,2827.01,2823.14,2823.22,542.0
2025-02-03 17:10:00,2823.23,2828.09,2823.06,2826.98,534.0
2025-02-03 17:15:00,2827.12,2827.69,2822.03,2822.27,527.0
2025-02-03 17:20:00,2822.24,2826.82,2820.72,2821.37,565.0
2025-02-03 17:25:00,2821.65,2826.26,2813.99,2821.28,610.0
2025-02-03 17:30:00,2821.3,2821.66,2813.59,2815.03,572.0
2025-02-03 17:35:00,2815.03,2817.96,2813.72,2815.32,546.0
2025-02-03 17:40:00,2815.36,2820.72,2813.94,2816.94,527.0
2025-02-03 17:45:00,2816.6,2819.29,2816.27,2819.25,535.0
2025-02-03 17:50:00,2819.35,2821.07,2817.38,2819.0,536.0
2025-02-03 17:55:00,2818.92,2819.35,2816.79,2817.48,475.0
2025-02-03 18:00:00,2817.36,2819.06,2813.41,2818.55,522.0
2025-02-03 18:05:00,2818.59,2825.28,2818.4,2822.23,561.0
2025-02-03 18:10:00,2822.15,2822.7,2818.32,2819.57,497.0
2025-02-03 18:15:00,2819.97,2822.3,2818.57,2821.8,460.0
2025-02-03 18:20:00,2821.76,2822.37,2818.58,2820.95,448.0
2025-02-03 18:25:00,2820.88,2822.3,2819.68,2820.81,437.0
2025-02-03 18:30:00,2820.84,2821.55,2818.37,2821.54,451.0
2025-02-03 18:35:00,2821.53,2823.13,2819.87,2820.76,447.0
2025-02-03 18:40:00,2820.71,2822.91,2819.67,2821.73,397.0
2025-02-03 18:45:00,2821.66,2822.15,2816.75,2817.64,435.0
2025-02-03 18:50:00,2817.65,2819.44,2815.71,2818.26,430.0
2025-02-03 18:55:00,2818.22,2818.32,2813.0,2814.21,464.0
2025-02-03 19:00:00,2814.2,2819.35,2814.11,2818.92,412.0
2025-02-03 19:05:00,2818.91,2818.91,2815.75,2816.34,406.0
2025-02-03 19:10:00,2816.26,2817.66,2816.02,2817.39,371.0
2025-02-03 19:15:00,2817.44,2818.72,2816.3,2818.09,348.0
2025-02-03 19:20:00,2818.4,2818.89,2815.92,2818.35,393.0
2025-02-03 19:25:00,2818.47,2819.27,2817.45,2818.73,430.0
2025-02-03 19:30:00,2818.56,2819.72,2817.82,2818.83,443.0
2025-02-03 19:35:00,2818.63,2818.78,2816.8,2817.27,394.0
2025-02-03 19:40:00,2816.94,2819.57,2816.72,2818.21,426.0
2025-02-03 19:45:00,2818.2,2820.02,2818.2,2819.81,423.0
2025-02-03 19:50:00,2819.77,2822.22,2819.7,2821.42,440.0
2025-02-03 19:55:00,2821.43,2821.64,2815.94,2817.37,536.0
2025-02-03 20:00:00,2817.06,2821.35,2816.03,2821.24,444.0
2025-02-03 20:05:00,2821.01,2821.64,2818.79,2820.59,405.0
2025-02-03 20:10:00,2820.59,2821.48,2818.94,2819.29,389.0
2025-02-03 20:15:00,2819.22,2820.42,2818.47,2819.07,342.0
2025-02-03 20:20:00,2819.13,2819.99,2818.56,2819.45,347.0
2025-02-03 20:25:00,2819.32,2819.4,2817.6,2818.12,410.0
2025-02-03 20:30:00,2818.12,2820.3,2817.52,2819.71,420.0
2025-02-03 20:35:00,2819.72,2819.9,2818.08,2819.04,386.0
2025-02-03 20:40:00,2818.94,2819.52,2818.3,2819.47,435.0
2025-02-03 20:45:00,2819.44,2820.17,2818.69,2819.94,351.0
2025-02-03 20:50:00,2820.02,2820.43,2819.54,2820.13,349.0
2025-02-03 20:55:00,2819.93,2821.32,2819.62,2821.03,342.0
2025-02-03 21:00:00,2821.14,2821.52,2820.16,2821.27,390.0
2025-02-03 21:05:00,2821.35,2822.16,2820.84,2821.61,379.0
2025-02-03 21:10:00,2821.63,2822.09,2821.15,2821.77,340.0
2025-02-03 21:15:00,2821.86,2822.9,2821.58,2822.12,356.0
2025-02-03 21:20:00,2822.11,2822.9,2821.86,2822.6,398.0
2025-02-03 21:25:00,2822.63,2822.7,2821.09,2821.34,401.0
2025-02-03 21:30:00,2821.22,2821.36,2819.46,2819.64,377.0
2025-02-03 21:35:00,2819.77,2819.92,2819.16,2819.73,338.0
2025-02-03 21:40:00,2819.73,2819.88,2819.1,2819.56,310.0
2025-02-03 21:45:00,2819.64,2819.7,2818.23,2818.44,375.0
2025-02-03 21:50:00,2818.41,2818.96,2817.95,2818.63,270.0
2025-02-03 21:55:00,2818.7,2819.1,2818.22,2818.32,363.0
2025-02-03 22:00:00,2818.21,2819.1,2818.06,2818.91,291.0
2025-02-03 22:05:00,2818.91,2819.19,2817.03,2817.89,314.0
2025-02-03 22:10:00,2817.77,2819.59,2817.27,2819.08,320.0
2025-02-03 22:15:00,2819.08,2819.3,2818.08,2818.19,309.0
2025-02-03 22:20:00,2818.18,2818.57,2816.97,2817.06,355.0
2025-02-03 22:25:00,2817.07,2817.36,2816.33,2816.49,288.0
2025-02-03 22:30:00,2816.46,2817.42,2816.33,2817.06,351.0
2025-02-03 22:35:00,2817.17,2817.76,2816.57,2817.61,320.0
2025-02-03 22:40:00,2817.56,2817.68,2816.39,2816.86,384.0
2025-02-03 22:45:00,2817.0,2817.39,2816.06,2816.31,419.0
2025-02-03 22:50:00,2816.31,2816.68,2815.74,2816.07,400.0
2025-02-03 22:55:00,2816.07,2817.02,2815.57,2816.58,375.0
2025-02-03 23:00:00,2816.4,2817.41,2816.36,2817.18,195.0
2025-02-03 23:05:00,2817.2,2817.48,2816.38,2816.53,78.0
2025-02-03 23:10:00,2816.52,2816.52,2815.48,2815.83,146.0
2025-02-03 23:15:00,2815.79,2815.79,2814.27,2814.7,220.0
2025-02-03 23:20:00,2814.65,2815.48,2814.14,2814.2,186.0
2025-02-03 23:25:00,2814.28,2814.82,2813.36,2814.33,219.0
2025-02-03 23:30:00,2814.43,2815.3,2814.22,2814.97,172.0
2025-02-03 23:35:00,2814.92,2815.54,2812.6,2813.04,365.0
2025-02-03 23:40:00,2813.06,2814.92,2812.19,2813.15,322.0
2025-02-03 23:45:00,2813.15,2815.55,2812.81,2814.81,313.0
2025-02-03 23:50:00,2814.74,2814.89,2812.74,2813.33,175.0
2025-02-03 23:55:00,2813.14,2814.96,2813.12,2814.75,230.0
2025-02-04 01:00:00,2814.62,2814.64,2813.21,2813.6,262.0
2025-02-04 01:05:00,2813.6,2813.86,2811.51,2812.94,106.0
2025-02-04 01:10:00,2813.12,2814.3,2812.65,2812.65,126.0
2025-02-04 01:15:00,2812.73,2814.15,2812.5,2813.24,124.0
2025-02-04 01:20:00,2813.24,2814.32,2812.89,2813.58,100.0
2025-02-04 01:25:00,2813.58,2813.68,2812.54,2812.99,109.0
2025-02-04 01:30:00,2812.99,2814.59,2810.32,2814.25,121.0
2025-02-04 01:35:00,2814.23,2814.67,2812.59,2813.79,105.0
2025-02-04 01:40:00,2813.79,2813.84,2811.03,2813.12,148.0
2025-02-04 01:45:00,2812.4,2814.47,2811.52,2813.92,190.0
2025-02-04 01:50:00,2813.93,2815.26,2813.77,2813.99,169.0
2025-02-04 01:55:00,2813.99,2814.53,2813.78,2814.01,112.0
2025-02-04 02:00:00,2814.11,2814.72,2813.44,2813.95,99.0
2025-02-04 02:05:00,2813.67,2814.09,2813.06,2813.45,102.0
2025-02-04 02:10:00,2813.45,2813.57,2812.66,2812.74,79.0
2025-02-04 02:15:00,2812.93,2813.37,2812.47,2813.29,130.0
2025-02-04 02:20:00,2813.19,2814.27,2813.18,2813.87,127.0
2025-02-04 02:25:00,2813.87,2814.79,2813.84,2814.5,106.0
2025-02-04 02:30:00,2814.5,2816.09,2814.5,2815.41,201.0
2025-02-04 02:35:00,2815.46,2816.39,2815.46,2815.97,185.0
2025-02-04 02:40:00,2815.87,2816.08,2815.1,2815.9,101.0
2025-02-04 02:45:00,2815.98,2817.23,2815.85,2816.72,148.0
2025-02-04 02:50:00,2817.01,2817.3,2816.44,2816.92,95.0
2025-02-04 02:55:00,2816.98,2817.57,2816.38,2817.2,171.0
2025-02-04 03:00:00,2817.27,2817.91,2815.94,2816.08,244.0
2025-02-04 03:05:00,2816.08,2817.01,2815.91,2816.74,282.0
2025-02-04 03:10:00,2816.79,2817.12,2816.21,2816.83,369.0
2025-02-04 03:15:00,2816.84,2817.93,2816.61,2817.72,366.0
2025-02-04 03:20:00,2817.72,2820.4,2817.68,2820.25,367.0
2025-02-04 03:25:00,2820.24,2821.01,2820.24,2820.53,303.0
2025-02-04 03:30:00,2820.76,2820.99,2819.55,2820.56,348.0
2025-02-04 03:35:00,2820.48,2821.08,2819.68,2820.56,372.0
2025-02-04 03:40:00,2820.56,2823.25,2820.53,2822.87,334.0
2025-02-04 03:45:00,2822.96,2824.09,2822.69,2823.77,272.0
2025-02-04 03:50:00,2823.77,2824.24,2823.16,2823.2,284.0
2025-02-04 03:55:00,2823.2,2824.05,2823.02,2823.35,363.0
2025-02-04 04:00:00,2823.24,2824.49,2822.64,2823.84,376.0
2025-02-04 04:05:00,2823.92,2824.72,2821.89,2822.18,388.0
2025-02-04 04:10:00,2822.19,2822.58,2821.56,2821.75,248.0
2025-02-04 04:15:00,2821.75,2821.9,2820.79,2821.49,283.0
2025-02-04 04:20:00,2821.7,2821.73,2817.55,2818.14,317.0
2025-02-04 04:25:00,2818.18,2818.6,2817.43,2817.75,334.0
2025-02-04 04:30:00,2817.73,2820.45,2817.63,2819.13,383.0
2025-02-04 04:35:00,2818.98,2819.18,2817.22,2818.19,336.0
2025-02-04 04:40:00,2818.11,2818.4,2816.85,2817.65,370.0
2025-02-04 04:45:00,2817.68,2821.03,2817.43,2820.37,375.0
2025-02-04 04:50:00,2820.39,2821.55,2819.79,2821.18,400.0
2025-02-04 04:55:00,2821.24,2821.66,2820.09,2821.14,361.0
2025-02-04 05:00:00,2821.14,2822.9,2820.94,2821.57,323.0
2025-02-04 05:05:00,2821.61,2824.29,2821.19,2824.17,326.0
2025-02-04 05:10:00,2824.08,2824.41,2823.39,2823.93,304.0
2025-02-04 05:15:00,2823.9,2823.97,2822.29,2822.67,196.0
2025-02-04 05:20:00,2822.7,2822.88,2821.95,2822.44,182.0
2025-02-04 05:25:00,2822.55,2822.69,2821.74,2822.35,209.0
2025-02-04 05:30:00,2822.35,2822.98,2821.62,2822.36,349.0
2025-02-04 05:35:00,2822.48,2823.05,2819.22,2820.17,262.0
2025-02-04 05:40:00,2820.2,2820.23,2817.89,2818.31,362.0
2025-02-04 05:45:00,2818.24,2818.68,2817.45,2818.55,346.0
2025-02-04 05:50:00,2818.55,2820.01,2818.32,2820.0,289.0
2025-02-04 05:55:00,2819.99,2821.86,2819.78,2821.56,327.0
2025-02-04 06:00:00,2821.44,2821.5,2819.98,2820.16,354.0
2025-02-04 06:05:00,2820.13,2820.32,2819.51,2820.18,330.0
2025-02-04 06:10:00,2820.02,2820.16,2819.3,2819.64,316.0
2025-02-04 06:15:00,2819.84,2819.98,2818.77,2819.08,322.0
2025-02-04 06:20:00,2818.88,2819.69,2818.56,2819.36,320.0
2025-02-04 06:25:00,2819.39,2820.7,2819.38,2820.33,272.0
2025-02-04 06:30:00,2820.24,2820.78,2819.53,2820.67,292.0
2025-02-04 06:35:00,2820.77,2821.53,2819.13,2819.17,327.0
2025-02-04 06:40:00,2819.06,2820.1,2818.79,2820.03,341.0
2025-02-04 06:45:00,2820.03,2820.23,2819.06,2819.46,341.0
2025-02-04 06:50:00,2819.43,2819.71,2817.95,2818.82,358.0
2025-02-04 06:55:00,2818.95,2820.03,2818.89,2819.34,302.0
2025-02-04 07:00:00,2819.44,2819.44,2817.66,2818.27,509.0
2025-02-04 07:05:00,2818.2,2818.34,2813.37,2815.56,516.0
2025-02-04 07:10:00,2815.57,2817.23,2814.78,2816.67,491.0
2025-02-04 07:15:00,2816.77,2817.92,2816.2,2816.97,446.0
2025-02-04 07:20:00,2817.04,2817.81,2815.59,2816.63,442.0
2025-02-04 07:25:00,2816.74,2817.22,2815.23,2816.62,469.0
2025-02-04 07:30:00,2816.58,2817.55,2816.58,2816.94,284.0
2025-02-04 07:35:00,2816.97,2817.85,2815.54,2815.54,367.0
2025-02-04 07:40:00,2815.6,2815.81,2814.95,2815.35,402.0
2025-02-04 07:45:00,2815.36,2815.69,2814.69,2815.33,358.0
2025-02-04 07:50:00,2815.12,2815.95,2815.12,2815.67,291.0
2025-02-04 07:55:00,2815.64,2816.03,2815.02,2815.79,377.0
2025-02-04 08:00:00,2815.72,2816.16,2814.72,2814.78,348.0
2025-02-04 08:05:00,2814.79,2815.48,2814.06,2814.65,380.0
2025-02-04 08:10:00,2814.38,2814.83,2813.35,2814.54,406.0
2025-02-04 08:15:00,2814.42,2814.56,2812.71,2813.47,367.0
2025-02-04 08:20:00,2813.39,2813.65,2811.8,2812.4,359.0
2025-02-04 08:25:00,2812.35,2812.35,2810.87,2812.11,363.0
2025-02-04 08:30:00,2812.11,2812.31,2811.13,2812.17,318.0
2025-02-04 08:35:00,2812.18,2812.58,2811.58,2811.92,356.0
2025-02-04 08:40:00,2811.89,2812.86,2810.94,2812.86,383.0
2025-02-04 08:45:00,2812.83,2813.26,2812.24,2812.83,377.0
2025-02-04 08:50:00,2812.84,2813.75,2812.56,2813.5,399.0
2025-02-04 08:55:00,2813.37,2814.11,2813.08,2813.63,358.0
2025-02-04 09:00:00,2813.42,2813.95,2811.4,2812.89,436.0
2025-02-04 09:05:00,2812.83,2814.06,2812.43,2812.91,353.0
2025-02-04 09:10:00,2813.03,2814.31,2812.53,2813.72,384.0
2025-02-04 09:15:00,2813.64,2814.26,2813.05,2813.61,381.0
2025-02-04 09:20:00,2813.68,2813.8,2809.77,2809.88,416.0
2025-02-04 09:25:00,2809.91,2810.44,2807.28,2807.54,432.0
2025-02-04 09:30:00,2807.42,2809.7,2807.19,2809.34,441.0
2025-02-04 09:35:00,2809.39,2810.47,2808.72,2809.66,398.0
2025-02-04 09:40:00,2809.66,2811.87,2809.41,2810.79,374.0
2025-02-04 09:45:00,2810.78,2812.64,2809.44,2812.46,387.0
2025-02-04 09:50:00,2812.44,2813.87,2811.78,2812.77,332.0
2025-02-04 09:55:00,2812.8,2813.58,2812.46,2812.72,402.0
2025-02-04 10:00:00,2812.87,2813.29,2811.24,2812.46,420.0
2025-02-04 10:05:00,2812.42,2812.74,2810.72,2810.72,461.0
2025-02-04 10:10:00,2810.68,2814.34,2810.29,2814.28,479.0
2025-02-04 10:15:00,2814.23,2818.94,2813.97,2818.71,509.0
2025-02-04 10:20:00,2818.71,2819.28,2816.68,2817.12,503.0
2025-02-04 10:25:00,2817.03,2817.79,2815.4,2817.08,435.0
2025-02-04 10:30:00,2817.06,2817.9,2815.6,2815.99,390.0
2025-02-04 10:35:00,2815.37,2816.02,2812.45,2813.08,432.0
2025-02-04 10:40:00,2812.98,2814.29,2812.01,2812.56,375.0
2025-02-04 10:45:00,2812.54,2815.61,2811.68,2814.07,401.0
2025-02-04 10:50:00,2814.02,2816.61,2813.04,2816.16,434.0
2025-02-04 10:55:00,2816.15,2816.76,2814.67,2815.16,450.0
2025-02-04 11:00:00,2815.15,2815.67,2814.13,2814.63,448.0
2025-02-04 11:05:00,2814.53,2815.81,2814.37,2814.99,447.0
2025-02-04 11:10:00,2815.02,2816.61,2814.18,2816.25,443.0
2025-02-04 11:15:00,2816.27,2817.61,2815.21,2816.95,399.0
2025-02-04 11:20:00,2816.96,2817.83,2816.55,2816.81,373.0
2025-02-04 11:25:00,2816.82,2817.41,2815.76,2816.91,405.0
2025-02-04 11:30:00,2816.74,2818.42,2815.85,2818.08,389.0
2025-02-04 11:35:00,2818.04,2818.41,2816.97,2818.22,432.0
2025-02-04 11:40:00,2818.25,2819.68,2816.79,2819.4,373.0
2025-02-04 11:45:00,2819.4,2820.94,2819.06,2820.66,401.0
2025-02-04 11:50:00,2820.64,2821.81,2820.53,2821.11,364.0
2025-02-04 11:55:00,2821.11,2821.38,2819.96,2820.09,309.0
2025-02-04 12:00:00,2819.95,2819.98,2819.05,2819.34,296.0
2025-02-04 12:05:00,2819.34,2819.68,2817.26,2817.53,310.0
2025-02-04 12:10:00,2817.53,2818.03,2816.01,2816.52,384.0
2025-02-04 12:15:00,2816.45,2816.94,2815.53,2815.53,382.0
2025-02-04 12:20:00,2815.82,2816.95,2815.43,2816.4,346.0
2025-02-04 12:25:00,2816.41,2816.61,2815.45,2816.15,347.0
2025-02-04 12:30:00,2816.11,2816.44,2813.4,2813.66,404.0
2025-02-04 12:35:00,2813.65,2814.22,2812.86,2814.2,374.0
2025-02-04 12:40:00,2814.07,2814.4,2813.34,2814.32,344.0
2025-02-04 12:45:00,2814.26,2815.36,2813.66,2815.36,314.0
2025-02-04 12:50:00,2815.41,2815.41,2813.33,2814.12,360.0
2025-02-04 12:55:00,2814.02,2815.28,2814.0,2814.98,272.0
2025-02-04 13:00:00,2814.82,2815.29,2814.29,2814.97,361.0
2025-02-04 13:05:00,2814.98,2816.22,2814.56,2814.65,346.0
2025-02-04 13:10:00,2814.62,2814.66,2813.36,2814.17,327.0
2025-02-04 13:15:00,2814.13,2814.39,2813.36,2814.03,314.0
2025-02-04 13:20:00,2814.07,2815.15,2813.7,2814.45,332.0
2025-02-04 13:25:00,2814.81,2815.98,2814.47,2815.43,361.0
2025-02-04 13:30:00,2815.4,2816.03,2814.47,2815.92,367.0
2025-02-04 13:35:00,2815.99,2816.96,2815.64,2816.51,344.0
2025-02-04 13:40:00,2816.52,2816.7,2815.28,2815.39,330.0
2025-02-04 13:45:00,2815.29,2815.95,2814.32,2815.45,352.0
2025-02-04 13:50:00,2815.44,2816.72,2815.44,2815.79,339.0
2025-02-04 13:55:00,2815.74,2815.89,2814.7,2815.45,335.0
2025-02-04 14:00:00,2815.55,2816.13,2814.53,2815.85,375.0
2025-02-04 14:05:00,2815.92,2816.19,2814.62,2815.9,360.0
2025-02-04 14:10:00,2815.94,2817.65,2815.83,2816.82,369.0
2025-02-04 14:15:00,2816.77,2819.15,2816.68,2818.95,369.0
2025-02-04 14:20:00,2819.13,2820.03,2818.19,2819.12,406.0
2025-02-04 14:25:00,2819.11,2819.53,2818.64,2819.36,357.0
2025-02-04 14:30:00,2819.24,2820.57,2819.24,2820.34,369.0
2025-02-04 14:35:00,2820.45,2820.73,2819.45,2820.24,351.0
2025-02-04 14:40:00,2820.36,2820.48,2818.94,2819.76,335.0
2025-02-04 14:45:00,2819.74,2821.72,2818.99,2821.3,391.0
2025-02-04 14:50:00,2821.34,2822.96,2820.52,2822.86,410.0
2025-02-04 14:55:00,2822.8,2823.04,2821.36,2821.81,405.0
2025-02-04 15:00:00,2821.94,2823.02,2821.44,2821.92,472.0
2025-02-04 15:05:00,2821.91,2823.87,2821.68,2823.51,456.0
2025-02-04 15:10:00,2823.36,2824.91,2822.86,2823.93,434.0
2025-02-04 15:15:00,2823.96,2826.14,2823.15,2826.06,456.0
2025-02-04 15:20:00,2826.26,2833.66,2825.87,2832.35,520.0
2025-02-04 15:25:00,2832.32,2835.27,2831.18,2835.13,484.0
2025-02-04 15:30:00,2835.22,2837.13,2834.62,2835.77,450.0
2025-02-04 15:35:00,2835.8,2836.72,2833.55,2834.44,462.0
2025-02-04 15:40:00,2834.43,2836.16,2833.47,2835.1,484.0
2025-02-04 15:45:00,2835.1,2835.62,2833.65,2834.1,461.0
2025-02-04 15:50:00,2833.92,2834.23,2830.53,2831.08,473.0
2025-02-04 15:55:00,2831.07,2832.19,2830.43,2831.69,486.0
2025-02-04 16:00:00,2831.86,2832.11,2830.11,2830.76,491.0
2025-02-04 16:05:00,2830.4,2834.54,2829.07,2834.49,523.0
2025-02-04 16:10:00,2834.47,2834.49,2831.35,2832.82,480.0
2025-02-04 16:15:00,2833.13,2833.24,2831.96,2832.55,494.0
2025-02-04 16:20:00,2832.69,2834.84,2832.04,2833.8,484.0
2025-02-04 16:25:00,2833.83,2837.92,2833.22,2837.32,499.0
2025-02-04 16:30:00,2837.41,2840.67,2835.97,2839.79,551.0
2025-02-04 16:35:00,2839.76,2840.28,2837.29,2840.23,525.0
2025-02-04 16:40:00,2840.09,2841.17,2839.12,2840.09,507.0
2025-02-04 16:45:00,2840.05,2841.38,2838.96,2840.83,514.0
2025-02-04 16:50:00,2840.93,2841.38,2839.85,2840.5,475.0
2025-02-04 16:55:00,2840.56,2840.56,2838.08,2839.62,523.0
2025-02-04 17:00:00,2840.83,2843.58,2839.11,2840.86,539.0
2025-02-04 17:05:00,2840.89,2843.39,2839.83,2842.76,544.0
2025-02-04 17:10:00,2842.34,2844.39,2840.96,2843.37,526.0
2025-02-04 17:15:00,2843.51,2844.36,2841.35,2842.64,512.0
2025-02-04 17:20:00,2842.64,2842.93,2840.04,2841.68,523.0
2025-02-04 17:25:00,2841.68,2843.9,2841.65,2843.69,528.0
2025-02-04 17:30:00,2843.68,2845.49,2843.09,2845.06,508.0
2025-02-04 17:35:00,2845.02,2845.05,2836.76,2836.84,512.0
2025-02-04 17:40:00,2837.0,2838.51,2833.77,2835.6,531.0
2025-02-04 17:45:00,2835.38,2838.36,2834.13,2837.67,507.0
2025-02-04 17:50:00,2837.7,2838.59,2835.93,2838.32,484.0
2025-02-04 17:55:00,2838.17,2838.44,2835.52,2835.86,484.0
2025-02-04 18:00:00,2835.67,2837.52,2832.45,2836.53,526.0
2025-02-04 18:05:00,2836.74,2837.5,2833.82,2836.64,495.0
2025-02-04 18:10:00,2836.67,2839.06,2836.62,2837.42,475.0
2025-02-04 18:15:00,2837.53,2840.45,2836.75,2840.26,466.0
2025-02-04 18:20:00,2839.97,2841.6,2839.29,2841.33,499.0
2025-02-04 18:25:00,2841.35,2842.42,2840.77,2841.51,471.0
2025-02-04 18:30:00,2841.5,2842.07,2839.94,2840.46,425.0
2025-02-04 18:35:00,2840.45,2841.19,2839.7,2840.31,437.0
2025-02-04 18:40:00,2840.42,2842.2,2840.26,2841.63,443.0
2025-02-04 18:45:00,2841.63,2842.12,2840.39,2840.53,428.0
2025-02-04 18:50:00,2840.64,2841.06,2839.54,2840.21,431.0
2025-02-04 18:55:00,2840.17,2841.05,2840.0,2840.46,428.0
2025-02-04 19:00:00,2840.45,2841.44,2839.45,2840.07,425.0
2025-02-04 19:05:00,2840.15,2841.68,2839.49,2841.32,396.0
2025-02-04 19:10:00,2841.44,2842.35,2840.8,2842.06,293.0
2025-02-04 19:15:00,2842.13,2842.49,2840.53,2841.99,406.0
2025-02-04 19:20:00,2842.03,2842.84,2841.45,2842.15,405.0
2025-02-04 19:25:00,2842.16,2843.28,2841.9,2842.93,428.0
2025-02-04 19:30:00,2842.97,2844.55,2842.61,2844.23,414.0
2025-02-04 19:35:00,2844.2,2844.49,2842.14,2842.75,456.0
2025-02-04 19:40:00,2842.68,2843.62,2841.75,2842.3,401.0
2025-02-04 19:45:00,2842.5,2843.94,2842.12,2842.6,409.0
2025-02-04 19:50:00,2842.64,2844.68,2842.51,2844.5,398.0
2025-02-04 19:55:00,2844.49,2844.64,2843.7,2843.98,370.0
2025-02-04 20:00:00,2843.87,2844.22,2843.12,2843.44,418.0
2025-02-04 20:05:00,2843.45,2844.55,2843.0,2844.44,377.0
2025-02-04 20:10:00,2844.43,2844.66,2843.81,2844.35,372.0
2025-02-04 20:15:00,2844.11,2844.82,2843.94,2844.12,408.0
2025-02-04 20:20:00,2844.09,2844.46,2843.17,2843.38,358.0
2025-02-04 20:25:00,2843.35,2844.37,2842.64,2843.74,358.0
2025-02-04 20:30:00,2843.14,2844.43,2842.99,2844.05,343.0
2025-02-04 20:35:00,2844.01,2844.62,2843.65,2844.22,283.0
2025-02-04 20:40:00,2844.12,2845.0,2844.12,2844.53,268.0
2025-02-04 20:45:00,2844.63,2844.85,2843.34,2843.94,242.0
2025-02-04 20:50:00,2843.93,2844.08,2842.54,2842.76,352.0
2025-02-04 20:55:00,2842.83,2843.98,2842.55,2842.65,425.0
2025-02-04 21:00:00,2842.64,2843.5,2842.27,2843.27,335.0
2025-02-04 21:05:00,2843.42,2843.65,2842.94,2843.39,306.0
2025-02-04 21:10:00,2843.25,2844.17,2843.07,2843.38,311.0
2025-02-04 21:15:00,2843.54,2843.68,2842.69,2843.17,265.0
2025-02-04 21:20:00,2843.25,2843.25,2842.03,2842.95,332.0
2025-02-04 21:25:00,2842.99,2843.45,2842.3,2842.57,348.0
2025-02-04 21:30:00,2842.49,2843.94,2842.45,2843.49,344.0
2025-02-04 21:35:00,2843.45,2844.23,2843.36,2843.63,314.0
2025-02-04 21:40:00,2843.64,2844.16,2843.37,2843.5,321.0
2025-02-04 21:45:00,2843.48,2843.77,2842.6,2843.59,321.0
2025-02-04 21:50:00,2843.68,2843.92,2842.31,2842.55,364.0
2025-02-04 21:55:00,2842.52,2843.49,2842.34,2843.02,402.0
2025-02-04 22:00:00,2843.13,2843.55,2842.71,2843.32,322.0
2025-02-04 22:05:00,2843.44,2844.09,2843.16,2843.91,278.0
2025-02-04 22:10:00,2843.9,2843.95,2842.65,2842.98,244.0
2025-02-04 22:15:00,2842.95,2843.42,2841.76,2841.81,254.0
2025-02-04 22:20:00,2841.84,2842.12,2841.06,2841.22,258.0
2025-02-04 22:25:00,2841.2,2842.23,2840.92,2841.92,266.0
2025-02-04 22:30:00,2841.36,2842.2,2841.24,2841.86,312.0
2025-02-04 22:35:00,2841.89,2843.35,2841.69,2842.28,294.0
2025-02-04 22:40:00,2842.28,2843.08,2842.28,2843.0,267.0
2025-02-04 22:45:00,2843.03,2843.98,2842.89,2843.82,326.0
2025-02-04 22:50:00,2843.63,2843.69,2842.63,2843.37,398.0
2025-02-04 22:55:00,2843.23,2844.94,2843.23,2844.13,398.0
2025-02-04 23:00:00,2844.22,2844.59,2843.65,2844.27,169.0
2025-02-04 23:05:00,2844.27,2844.34,2842.16,2842.31,93.0
2025-02-04 23:10:00,2842.43,2842.83,2841.65,2842.39,130.0
2025-02-04 23:15:00,2842.54,2842.54,2840.71,2840.97,117.0
2025-02-04 23:20:00,2840.98,2841.77,2840.86,2841.23,145.0
2025-02-04 23:25:00,2841.23,2841.45,2840.84,2841.29,113.0
2025-02-04 23:30:00,2841.29,2841.3,2840.85,2841.12,68.0
2025-02-04 23:35:00,2841.11,2841.68,2841.0,2841.61,84.0
2025-02-04 23:40:00,2841.73,2842.25,2841.36,2841.95,102.0
2025-02-04 23:45:00,2841.95,2841.95,2841.38,2841.54,78.0
2025-02-04 23:50:00,2841.61,2842.2,2841.33,2841.71,74.0
2025-02-04 23:55:00,2841.73,2842.18,2841.7,2842.01,101.0
2025-02-05 01:00:00,2842.67,2842.68,2841.22,2841.4,195.0
2025-02-05 01:05:00,2841.4,2841.4,2840.8,2840.97,69.0
2025-02-05 01:10:00,2840.97,2841.62,2840.77,2841.17,63.0
2025-02-05 01:15:00,2841.24,2841.24,2840.38,2840.69,74.0
2025-02-05 01:20:00,2840.69,2841.42,2840.69,2841.0,58.0
2025-02-05 01:25:00,2840.92,2841.1,2840.59,2840.59,63.0
2025-02-05 01:30:00,2840.55,2841.58,2840.54,2841.13,76.0
2025-02-05 01:35:00,2841.17,2841.82,2840.62,2840.71,78.0
2025-02-05 01:40:00,2840.46,2842.06,2840.46,2841.55,167.0
2025-02-05 01:45:00,2841.58,2842.74,2841.58,2842.07,185.0
2025-02-05 01:50:00,2842.07,2842.08,2841.54,2841.62,127.0
2025-02-05 01:55:00,2841.73,2841.82,2841.13,2841.22,88.0
2025-02-05 02:00:00,2841.26,2842.14,2841.24,2841.7,113.0
2025-02-05 02:05:00,2841.67,2841.67,2840.71,2841.08,125.0
2025-02-05 02:10:00,2841.11,2841.97,2840.93,2841.46,135.0
2025-02-05 02:15:00,2841.47,2841.74,2841.09,2841.65,170.0
2025-02-05 02:20:00,2841.61,2841.68,2841.09,2841.43,136.0
2025-02-05 02:25:00,2841.58,2842.94,2841.5,2842.91,170.0
2025-02-05 02:30:00,2842.9,2847.95,2842.8,2847.51,267.0
2025-02-05 02:35:00,2847.51,2848.28,2845.87,2845.87,231.0
2025-02-05 02:40:00,2845.96,2847.86,2845.96,2847.38,189.0
2025-02-05 02:45:00,2847.38,2848.18,2846.58,2846.74,312.0
2025-02-05 02:50:00,2846.81,2847.33,2845.76,2846.05,293.0
2025-02-05 02:55:00,2846.11,2846.36,2844.31,2845.33,374.0
2025-02-05 03:00:00,2845.39,2849.01,2842.85,2844.72,577.0
2025-02-05 03:05:00,2844.98,2846.3,2844.15,2845.23,510.0
2025-02-05 03:10:00,2845.09,2845.97,2844.37,2845.4,494.0
2025-02-05 03:15:00,2845.29,2846.91,2843.42,2844.17,487.0
2025-02-05 03:20:00,2843.8,2845.12,2843.36,2844.33,438.0
2025-02-05 03:25:00,2844.33,2844.61,2842.52,2843.46,395.0
2025-02-05 03:30:00,2843.54,2843.79,2841.04,2842.17,486.0
2025-02-05 03:35:00,2841.86,2842.26,2839.88,2841.08,449.0
2025-02-05 03:40:00,2841.21,2841.24,2839.83,2840.15,359.0
2025-02-05 03:45:00,2839.79,2843.23,2839.67,2843.23,368.0
2025-02-05 03:50:00,2843.23,2844.37,2843.07,2843.76,401.0
2025-02-05 03:55:00,2843.53,2845.09,2843.04,2844.46,399.0
2025-02-05 04:00:00,2844.46,2847.81,2844.01,2847.75,440.0
2025-02-05 04:05:00,2847.79,2850.08,2847.22,2849.87,422.0
2025-02-05 04:10:00,2849.86,2853.8,2849.63,2852.39,424.0
2025-02-05 04:15:00,2852.37,2852.47,2851.15,2851.55,312.0
2025-02-05 04:20:00,2851.58,2852.48,2851.54,2851.76,240.0
2025-02-05 04:25:00,2851.75,2853.06,2850.85,2850.96,298.0
2025-02-05 04:30:00,2850.95,2851.0,2848.73,2848.76,361.0
2025-02-05 04:35:00,2848.83,2849.63,2847.86,2847.86,269.0
2025-02-05 04:40:00,2847.91,2849.53,2847.78,2849.13,319.0
2025-02-05 04:45:00,2849.18,2849.54,2848.4,2848.99,266.0
2025-02-05 04:50:00,2849.02,2849.9,2848.2,2849.33,273.0
2025-02-05 04:55:00,2849.47,2850.96,2849.02,2850.7,356.0
2025-02-05 05:00:00,2851.21,2852.08,2850.86,2851.26,285.0
2025-02-05 05:05:00,2851.13,2851.35,2849.95,2850.38,237.0
2025-02-05 05:10:00,2850.37,2853.32,2849.78,2852.49,331.0
2025-02-05 05:15:00,2852.49,2852.92,2852.23,2852.6,232.0
2025-02-05 05:20:00,2852.59,2854.22,2852.58,2853.5,308.0
2025-02-05 05:25:00,2853.5,2853.87,2852.87,2853.59,315.0
2025-02-05 05:30:00,2853.65,2854.3,2853.49,2853.83,225.0
2025-02-05 05:35:00,2853.82,2854.27,2853.13,2853.44,309.0
2025-02-05 05:40:00,2853.29,2853.56,2852.57,2852.94,205.0
2025-02-05 05:45:00,2852.93,2853.31,2852.65,2853.1,173.0
2025-02-05 05:50:00,2853.1,2854.16,2852.68,2853.36,195.0
2025-02-05 05:55:00,2853.36,2853.36,2851.66,2852.43,263.0
2025-02-05 06:00:00,2852.37,2852.96,2851.84,2852.08,227.0
2025-02-05 06:05:00,2852.09,2853.59,2851.96,2853.56,204.0
2025-02-05 06:10:00,2853.35,2857.85,2853.35,2857.6,296.0
2025-02-05 06:15:00,2857.64,2857.64,2855.78,2856.31,266.0
2025-02-05 06:20:00,2856.28,2856.59,2855.56,2856.29,170.0
2025-02-05 06:25:00,2856.2,2856.94,2855.92,2856.56,195.0
2025-02-05 06:30:00,2856.37,2856.75,2855.3,2855.71,253.0
2025-02-05 06:35:00,2855.67,2856.25,2855.37,2855.69,226.0
2025-02-05 06:40:00,2855.73,2858.04,2855.62,2857.12,211.0
2025-02-05 06:45:00,2857.39,2857.9,2856.51,2856.68,159.0
2025-02-05 06:50:00,2856.67,2857.01,2856.35,2856.94,161.0
2025-02-05 06:55:00,2856.84,2856.94,2854.95,2855.19,154.0
2025-02-05 07:00:00,2855.36,2855.59,2854.53,2854.62,144.0
2025-02-05 07:05:00,2854.76,2855.63,2854.22,2854.7,199.0
2025-02-05 07:10:00,2854.7,2854.95,2853.8,2853.92,225.0
2025-02-05 07:15:00,2853.87,2854.16,2853.49,2854.03,219.0
2025-02-05 07:20:00,2854.09,2856.21,2853.87,2855.31,236.0
2025-02-05 07:25:00,2855.16,2856.43,2854.82,2856.17,176.0
2025-02-05 07:30:00,2856.18,2856.65,2855.51,2856.21,251.0
2025-02-05 07:35:00,2856.19,2857.14,2855.52,2856.38,228.0
2025-02-05 07:40:00,2856.34,2859.01,2856.34,2858.3,312.0
2025-02-05 07:45:00,2858.11,2860.25,2857.95,2860.09,300.0
2025-02-05 07:50:00,2860.19,2860.62,2859.42,2859.47,280.0
2025-02-05 07:55:00,2859.37,2860.12,2858.72,2859.33,300.0
2025-02-05 08:00:00,2859.35,2859.39,2857.34,2857.52,236.0
2025-02-05 08:05:00,2857.59,2858.37,2856.92,2857.3,258.0
2025-02-05 08:10:00,2857.13,2858.61,2857.06,2858.13,260.0
2025-02-05 08:15:00,2858.22,2859.56,2857.96,2859.56,295.0
2025-02-05 08:20:00,2859.54,2861.82,2858.73,2861.33,312.0
2025-02-05 08:25:00,2861.29,2861.87,2860.72,2860.9,275.0
2025-02-05 08:30:00,2860.89,2861.37,2860.16,2860.8,236.0
2025-02-05 08:35:00,2860.8,2861.35,2860.39,2860.73,248.0
2025-02-05 08:40:00,2860.66,2861.0,2859.72,2860.88,255.0
2025-02-05 08:45:00,2860.84,2860.85,2859.93,2860.14,243.0
2025-02-05 08:50:00,2860.12,2861.62,2859.88,2861.25,255.0
2025-02-05 08:55:00,2861.25,2861.25,2858.96,2859.1,287.0
2025-02-05 09:00:00,2858.95,2858.95,2855.48,2855.63,426.0
2025-02-05 09:05:00,2855.59,2855.78,2854.86,2855.16,342.0
2025-02-05 09:10:00,2855.1,2857.17,2855.04,2856.94,316.0
2025-02-05 09:15:00,2856.94,2857.24,2855.67,2857.17,358.0
2025-02-05 09:20:00,2857.15,2857.65,2856.71,2857.08,338.0
2025-02-05 09:25:00,2857.13,2858.38,2856.52,2858.25,424.0
2025-02-05 09:30:00,2858.21,2859.47,2858.14,2858.64,423.0
2025-02-05 09:35:00,2858.65,2859.39,2858.31,2858.66,320.0
2025-02-05 09:40:00,2858.57,2859.3,2857.63,2859.02,281.0
2025-02-05 09:45:00,2858.75,2861.01,2858.6,2860.44,308.0
2025-02-05 09:50:00,2860.44,2860.91,2859.78,2860.7,286.0
2025-02-05 09:55:00,2860.67,2864.25,2860.03,2864.21,370.0
2025-02-05 10:00:00,2864.15,2865.45,2863.89,2865.26,364.0
2025-02-05 10:05:00,2865.26,2865.32,2863.58,2863.86,365.0
2025-02-05 10:10:00,2863.85,2865.23,2863.68,2865.05,396.0
2025-02-05 10:15:00,2865.09,2866.14,2864.7,2865.3,391.0
2025-02-05 10:20:00,2865.46,2866.56,2864.87,2865.81,425.0
2025-02-05 10:25:00,2865.86,2866.64,2865.36,2865.51,316.0
2025-02-05 10:30:00,2865.62,2866.45,2864.74,2865.04,333.0
2025-02-05 10:35:00,2865.1,2866.57,2864.86,2866.27,368.0
2025-02-05 10:40:00,2866.26,2869.72,2865.79,2869.46,388.0
2025-02-05 10:45:00,2869.67,2869.7,2867.8,2867.85,355.0
2025-02-05 10:50:00,2867.84,2868.9,2867.77,2868.2,338.0
2025-02-05 10:55:00,2868.19,2869.38,2866.51,2867.5,400.0
2025-02-05 11:00:00,2867.43,2868.97,2867.1,2868.36,416.0
2025-02-05 11:05:00,2868.37,2868.37,2865.77,2865.8,394.0
2025-02-05 11:10:00,2865.77,2867.1,2865.49,2865.53,310.0
2025-02-05 11:15:00,2865.73,2866.87,2865.49,2865.62,318.0
2025-02-05 11:20:00,2865.64,2870.55,2865.56,2870.44,349.0
2025-02-05 11:25:00,2870.37,2870.52,2869.15,2869.36,242.0
2025-02-05 11:30:00,2869.26,2870.4,2869.17,2870.4,285.0
2025-02-05 11:35:00,2870.4,2870.4,2869.27,2869.77,296.0
2025-02-05 11:40:00,2869.75,2872.17,2869.34,2870.99,333.0
2025-02-05 11:45:00,2870.99,2871.95,2869.42,2869.54,360.0
2025-02-05 11:50:00,2869.53,2870.82,2869.42,2869.98,306.0
2025-02-05 11:55:00,2869.86,2870.65,2869.53,2870.34,312.0
2025-02-05 12:00:00,2870.52,2872.05,2869.75,2871.05,290.0
2025-02-05 12:05:00,2871.2,2871.78,2870.64,2870.78,322.0
2025-02-05 12:10:00,2870.87,2870.87,2869.4,2870.13,307.0
2025-02-05 12:15:00,2870.17,2871.98,2869.73,2871.53,293.0
2025-02-05 12:20:00,2871.48,2872.29,2871.43,2871.65,287.0
2025-02-05 12:25:00,2871.63,2872.2,2871.17,2871.92,289.0
2025-02-05 12:30:00,2871.93,2877.09,2871.45,2877.09,383.0
2025-02-05 12:35:00,2877.09,2877.17,2872.63,2872.74,403.0
2025-02-05 12:40:00,2872.53,2872.53,2870.41,2870.7,400.0
2025-02-05 12:45:00,2870.7,2871.19,2869.3,2870.05,376.0
2025-02-05 12:50:00,2870.03,2870.03,2867.17,2867.53,386.0
2025-02-05 12:55:00,2867.59,2868.09,2866.23,2867.84,398.0
2025-02-05 13:00:00,2867.86,2869.45,2867.39,2868.94,378.0
2025-02-05 13:05:00,2869.12,2869.78,2867.47,2867.8,383.0
2025-02-05 13:10:00,2867.65,2867.67,2864.74,2867.18,409.0
2025-02-05 13:15:00,2867.16,2868.22,2865.74,2867.13,389.0
2025-02-05 13:20:00,2867.13,2869.14,2866.87,2869.14,384.0
2025-02-05 13:25:00,2868.93,2870.03,2868.91,2869.51,350.0
2025-02-05 13:30:00,2869.5,2869.69,2868.39,2869.37,297.0
2025-02-05 13:35:00,2869.22,2870.49,2868.79,2868.79,351.0
2025-02-05 13:40:00,2869.11,2870.04,2868.71,2869.87,283.0
2025-02-05 13:45:00,2869.82,2869.93,2868.94,2869.28,273.0
2025-02-05 13:50:00,2869.28,2870.4,2868.36,2868.38,322.0
2025-02-05 13:55:00,2868.36,2869.39,2868.03,2868.33,341.0
2025-02-05 14:00:00,2868.54,2870.08,2867.89,2869.41,334.0
2025-02-05 14:05:00,2869.54,2870.22,2868.78,2868.88,359.0
2025-02-05 14:10:00,2868.92,2869.34,2868.25,2868.85,274.0
2025-02-05 14:15:00,2868.71,2869.46,2867.76,2868.13,331.0
2025-02-05 14:20:00,2867.96,2868.82,2867.76,2868.35,274.0
2025-02-05 14:25:00,2868.21,2869.69,2867.95,2869.18,286.0
2025-02-05 14:30:00,2869.51,2870.3,2869.19,2869.93,348.0
2025-02-05 14:35:00,2869.94,2870.37,2868.14,2868.57,268.0
2025-02-05 14:40:00,2868.56,2868.87,2867.01,2867.28,309.0
2025-02-05 14:45:00,2867.25,2867.78,2866.94,2867.6,317.0
2025-02-05 14:50:00,2867.88,2870.87,2867.52,2869.83,396.0
2025-02-05 14:55:00,2869.8,2870.72,2868.9,2870.35,318.0
2025-02-05 15:00:00,2870.31,2870.71,2869.43,2869.83,435.0
2025-02-05 15:05:00,2870.05,2870.66,2868.45,2869.91,457.0
2025-02-05 15:10:00,2869.95,2870.46,2868.37,2869.87,362.0
2025-02-05 15:15:00,2867.31,2868.69,2866.16,2866.55,455.0
2025-02-05 15:20:00,2866.75,2867.81,2864.82,2865.99,524.0
2025-02-05 15:25:00,2866.07,2868.32,2865.48,2865.78,443.0
2025-02-05 15:30:00,2865.86,2867.19,2862.24,2862.56,420.0
2025-02-05 15:35:00,2862.71,2865.85,2861.89,2865.29,473.0
2025-02-05 15:40:00,2865.45,2866.28,2860.08,2862.27,504.0
2025-02-05 15:45:00,2862.42,2862.46,2858.78,2859.46,543.0
2025-02-05 15:50:00,2859.29,2861.06,2858.73,2860.55,502.0
2025-02-05 15:55:00,2860.52,2862.5,2859.03,2861.63,459.0
2025-02-05 16:00:00,2861.82,2863.44,2860.68,2862.06,469.0
2025-02-05 16:05:00,2862.22,2864.38,2862.05,2864.01,468.0
2025-02-05 16:10:00,2864.01,2865.29,2863.14,2864.54,503.0
2025-02-05 16:15:00,2864.52,2865.47,2863.18,2863.23,410.0
2025-02-05 16:20:00,2863.12,2864.68,2862.7,2863.61,424.0
2025-02-05 16:25:00,2863.54,2865.65,2862.35,2864.67,442.0
2025-02-05 16:30:00,2864.51,2869.5,2864.51,2869.2,543.0
2025-02-05 16:35:00,2869.13,2870.03,2868.43,2868.63,517.0
2025-02-05 16:40:00,2868.63,2868.8,2866.13,2866.5,471.0
2025-02-05 16:45:00,2866.32,2871.12,2864.52,2870.87,527.0
2025-02-05 16:50:00,2870.97,2872.61,2869.84,2870.23,539.0
2025-02-05 16:55:00,2870.24,2872.14,2870.17,2870.48,475.0
2025-02-05 17:00:00,2874.25,2876.24,2872.05,2874.57,548.0
2025-02-05 17:05:00,2874.58,2875.35,2871.49,2873.27,522.0
2025-02-05 17:10:00,2873.33,2874.36,2872.57,2873.96,482.0
2025-02-05 17:15:00,2874.15,2876.37,2873.39,2875.62,516.0
2025-02-05 17:20:00,2875.6,2876.32,2872.99,2874.31,512.0
2025-02-05 17:25:00,2874.33,2877.55,2874.19,2876.71,491.0
2025-02-05 17:30:00,2876.87,2877.56,2874.4,2874.41,491.0
2025-02-05 17:35:00,2874.42,2876.76,2873.72,2876.76,482.0
2025-02-05 17:40:00,2876.63,2877.92,2876.24,2877.57,461.0
2025-02-05 17:45:00,2877.59,2880.2,2877.35,2879.96,506.0
2025-02-05 17:50:00,2879.97,2882.49,2879.95,2881.24,534.0
2025-02-05 17:55:00,2881.07,2881.11,2879.16,2880.22,489.0
2025-02-05 18:00:00,2880.25,2881.29,2877.97,2878.36,485.0
2025-02-05 18:05:00,2878.23,2878.62,2868.11,2868.99,564.0
2025-02-05 18:10:00,2869.12,2871.94,2867.92,2868.76,541.0
2025-02-05 18:15:00,2868.65,2868.65,2864.96,2866.49,542.0
2025-02-05 18:20:00,2866.28,2867.41,2863.06,2866.23,520.0
2025-02-05 18:25:00,2866.09,2869.62,2865.13,2869.43,491.0
2025-02-05 18:30:00,2869.4,2870.37,2866.7,2870.35,464.0
2025-02-05 18:35:00,2870.34,2871.6,2869.83,2870.38,455.0
2025-02-05 18:40:00,2870.4,2871.14,2869.65,2871.03,361.0
2025-02-05 18:45:00,2870.99,2871.47,2869.82,2870.94,422.0
2025-02-05 18:50:00,2870.68,2872.71,2870.65,2872.41,418.0
2025-02-05 18:55:00,2872.16,2875.29,2871.97,2874.87,428.0
2025-02-05 19:00:00,2875.17,2876.51,2874.66,2876.24,456.0
2025-02-05 19:05:00,2876.24,2876.74,2874.87,2875.08,382.0
2025-02-05 19:10:00,2875.06,2875.38,2874.26,2875.09,356.0
2025-02-05 19:15:00,2875.11,2875.38,2873.36,2873.91,425.0
2025-02-05 19:20:00,2873.93,2873.93,2871.53,2872.06,398.0
2025-02-05 19:25:00,2872.02,2874.2,2871.76,2872.81,357.0
2025-02-05 19:30:00,2872.91,2873.91,2872.41,2873.01,334.0
2025-02-05 19:35:00,2873.03,2873.64,2872.37,2873.51,339.0
2025-02-05 19:40:00,2873.41,2873.65,2872.08,2873.27,325.0
2025-02-05 19:45:00,2873.19,2873.78,2872.4,2873.27,319.0
2025-02-05 19:50:00,2873.24,2873.51,2871.53,2871.6,327.0
2025-02-05 19:55:00,2871.69,2873.14,2871.41,2872.95,378.0
2025-02-05 20:00:00,2872.97,2873.59,2872.6,2873.36,376.0
2025-02-05 20:05:00,2873.42,2873.42,2871.22,2871.86,385.0
2025-02-05 20:10:00,2871.73,2871.73,2870.39,2870.98,340.0
2025-02-05 20:15:00,2870.98,2871.95,2866.49,2871.45,392.0
2025-02-05 20:20:00,2871.46,2871.54,2869.14,2870.22,358.0
2025-02-05 20:25:00,2870.29,2870.29,2868.89,2870.11,375.0
2025-02-05 20:30:00,2870.15,2870.94,2869.01,2869.26,285.0
2025-02-05 20:35:00,2869.21,2870.33,2868.6,2869.15,314.0
2025-02-05 20:40:00,2869.04,2869.19,2866.32,2866.65,343.0
2025-02-05 20:45:00,2866.6,2866.68,2863.9,2863.9,393.0
2025-02-05 20:50:00,2863.75,2865.56,2863.68,2865.51,402.0
2025-02-05 20:55:00,2865.45,2866.31,2865.14,2865.62,370.0
2025-02-05 21:00:00,2865.65,2866.24,2863.35,2863.4,382.0
2025-02-05 21:05:00,2863.38,2866.44,2862.72,2865.56,424.0
2025-02-05 21:10:00,2865.69,2865.69,2864.51,2865.49,381.0
2025-02-05 21:15:00,2865.53,2868.14,2865.24,2867.76,344.0
2025-02-05 21:20:00,2867.77,2868.76,2867.16,2868.37,298.0
2025-02-05 21:25:00,2868.33,2868.7,2866.95,2866.98,344.0
2025-02-05 21:30:00,2867.05,2867.9,2866.38,2867.38,354.0
2025-02-05 21:35:00,2867.3,2868.93,2866.82,2868.72,313.0
2025-02-05 21:40:00,2868.73,2869.0,2867.78,2867.98,288.0
2025-02-05 21:45:00,2867.98,2868.18,2866.22,2866.69,369.0
2025-02-05 21:50:00,2866.69,2866.78,2864.93,2864.93,385.0
2025-02-05 21:55:00,2865.12,2865.54,2862.95,2863.57,358.0
2025-02-05 22:00:00,2863.57,2863.85,2862.34,2862.95,408.0
2025-02-05 22:05:00,2862.91,2863.63,2862.61,2863.26,273.0
2025-02-05 22:10:00,2863.27,2864.87,2862.63,2863.91,318.0
2025-02-05 22:15:00,2863.93,2864.27,2862.44,2863.09,312.0
2025-02-05 22:20:00,2863.08,2863.87,2862.32,2862.9,331.0
2025-02-05 22:25:00,2862.9,2864.88,2862.45,2864.88,319.0
2025-02-05 22:30:00,2864.93,2866.16,2864.23,2865.65,322.0
2025-02-05 22:35:00,2865.75,2865.91,2863.55,2863.59,328.0
2025-02-05 22:40:00,2863.64,2863.78,2862.31,2862.34,325.0
2025-02-05 22:45:00,2862.16,2862.86,2860.21,2860.31,436.0
2025-02-05 22:50:00,2860.21,2862.59,2859.97,2862.46,417.0
2025-02-05 22:55:00,2862.08,2862.71,2861.4,2862.69,428.0
2025-02-05 23:00:00,2862.46,2863.06,2861.79,2862.24,159.0
2025-02-05 23:05:00,2861.91,2861.94,2861.22,2861.52,73.0
2025-02-05 23:10:00,2861.52,2862.32,2861.32,2862.2,62.0
2025-02-05 23:15:00,2862.2,2862.44,2861.19,2862.03,91.0
2025-02-05 23:20:00,2862.02,2862.75,2861.4,2862.36,103.0
2025-02-05 23:25:00,2862.31,2863.35,2862.09,2863.17,94.0
2025-02-05 23:30:00,2863.17,2863.17,2862.14,2862.71,105.0
2025-02-05 23:35:00,2862.7,2864.69,2862.57,2864.58,94.0
2025-02-05 23:40:00,2864.38,2865.08,2864.38,2864.86,122.0
2025-02-05 23:45:00,2864.89,2865.59,2864.29,2865.39,134.0
2025-02-05 23:50:00,2865.37,2866.61,2865.23,2866.3,147.0
2025-02-05 23:55:00,2866.38,2867.18,2866.38,2867.02,94.0
2025-02-06 01:00:00,2864.94,2870.38,2861.79,2867.57,261.0
2025-02-06 01:05:00,2867.57,2867.78,2866.53,2866.84,87.0
2025-02-06 01:10:00,2866.64,2866.99,2865.77,2866.59,102.0
2025-02-06 01:15:00,2866.6,2866.92,2866.36,2866.78,120.0
2025-02-06 01:20:00,2866.71,2868.44,2866.71,2868.07,193.0
2025-02-06 01:25:00,2868.12,2868.88,2868.12,2868.7,146.0
2025-02-06 01:30:00,2868.69,2869.01,2868.23,2868.25,141.0
2025-02-06 01:35:00,2868.34,2868.37,2867.48,2868.06,105.0
2025-02-06 01:40:00,2868.07,2868.65,2867.47,2868.54,90.0
2025-02-06 01:45:00,2868.46,2870.67,2867.83,2870.24,181.0
2025-02-06 01:50:00,2870.23,2870.97,2869.67,2869.92,168.0
2025-02-06 01:55:00,2869.84,2869.87,2869.1,2869.23,179.0
2025-02-06 02:00:00,2869.25,2869.99,2868.59,2868.76,178.0
2025-02-06 02:05:00,2868.78,2869.53,2868.78,2869.28,135.0
2025-02-06 02:10:00,2869.28,2869.79,2869.21,2869.73,146.0
2025-02-06 02:15:00,2869.67,2869.71,2868.53,2868.72,113.0
2025-02-06 02:20:00,2868.67,2868.71,2867.39,2867.52,171.0
2025-02-06 02:25:00,2867.55,2868.15,2867.39,2867.91,96.0
2025-02-06 02:30:00,2867.9,2868.12,2867.38,2868.01,144.0
2025-02-06 02:35:00,2867.98,2868.24,2867.63,2868.11,145.0
2025-02-06 02:40:00,2868.12,2869.57,2868.04,2869.22,110.0
2025-02-06 02:45:00,2869.23,2869.6,2868.91,2868.98,135.0
2025-02-06 02:50:00,2869.05,2869.1,2868.5,2868.86,152.0
2025-02-06 02:55:00,2868.9,2869.97,2868.72,2869.79,189.0
2025-02-06 03:00:00,2869.82,2870.81,2866.71,2867.28,398.0
2025-02-06 03:05:00,2867.19,2867.31,2865.12,2866.02,366.0
2025-02-06 03:10:00,2866.0,2866.27,2863.75,2865.46,412.0
2025-02-06 03:15:00,2865.42,2867.46,2864.94,2867.46,407.0
2025-02-06 03:20:00,2867.58,2867.89,2866.65,2866.96,342.0
2025-02-06 03:25:00,2867.0,2867.62,2865.54,2865.8,302.0
2025-02-06 03:30:00,2865.71,2868.26,2865.71,2867.86,383.0
2025-02-06 03:35:00,2867.94,2869.17,2867.15,2868.96,348.0
2025-02-06 03:40:00,2868.93,2870.01,2868.51,2869.22,380.0
2025-02-06 03:45:00,2869.36,2869.83,2868.72,2869.16,358.0
2025-02-06 03:50:00,2869.2,2870.91,2868.3,2870.16,384.0
2025-02-06 03:55:00,2870.17,2872.03,2870.12,2871.39,366.0
2025-02-06 04:00:00,2871.76,2873.28,2871.07,2871.43,409.0
2025-02-06 04:05:00,2871.4,2871.72,2870.36,2870.83,373.0
2025-02-06 04:10:00,2870.85,2871.46,2870.11,2870.19,339.0
2025-02-06 04:15:00,2870.09,2870.8,2869.93,2870.27,273.0
2025-02-06 04:20:00,2870.21,2870.41,2868.4,2868.4,264.0
2025-02-06 04:25:00,2868.41,2870.96,2868.31,2870.96,295.0
2025-02-06 04:30:00,2870.96,2872.4,2870.72,2871.14,390.0
2025-02-06 04:35:00,2871.14,2871.58,2870.5,2871.22,349.0
2025-02-06 04:40:00,2871.21,2871.4,2870.13,2870.43,286.0
2025-02-06 04:45:00,2870.43,2871.33,2869.83,2870.74,320.0
2025-02-06 04:50:00,2870.67,2872.74,2870.66,2872.23,341.0
2025-02-06 04:55:00,2872.21,2872.21,2870.54,2870.71,313.0
2025-02-06 05:00:00,2870.59,2870.8,2869.47,2869.99,350.0
2025-02-06 05:05:00,2870.01,2870.44,2868.98,2869.54,265.0
2025-02-06 05:10:00,2869.54,2870.0,2868.46,2869.91,306.0
2025-02-06 05:15:00,2869.92,2869.98,2867.8,2867.99,282.0
2025-02-06 05:20:00,2867.93,2868.28,2866.14,2866.31,337.0
2025-02-06 05:25:00,2866.4,2866.58,2864.37,2865.07,383.0
2025-02-06 05:30:00,2865.03,2865.82,2864.61,2865.26,269.0
2025-02-06 05:35:00,2865.35,2866.64,2865.04,2865.93,220.0
2025-02-06 05:40:00,2865.93,2866.4,2865.49,2866.02,199.0
2025-02-06 05:45:00,2865.98,2868.67,2865.97,2868.56,323.0
2025-02-06 05:50:00,2868.54,2869.85,2868.11,2869.31,314.0
2025-02-06 05:55:00,2869.38,2869.88,2868.91,2869.42,181.0
2025-02-06 06:00:00,2869.35,2872.25,2869.29,2870.63,310.0
2025-02-06 06:05:00,2870.63,2871.28,2869.69,2869.74,296.0
2025-02-06 06:10:00,2869.88,2870.56,2869.3,2869.51,207.0
2025-02-06 06:15:00,2869.41,2870.39,2869.18,2870.09,194.0
2025-02-06 06:20:00,2870.13,2870.44,2869.62,2870.05,209.0
2025-02-06 06:25:00,2870.21,2870.23,2869.52,2869.86,162.0
2025-02-06 06:30:00,2869.85,2870.48,2869.32,2869.47,177.0
2025-02-06 06:35:00,2869.68,2869.81,2869.22,2869.35,157.0
2025-02-06 06:40:00,2869.39,2869.79,2869.04,2869.42,179.0
2025-02-06 06:45:00,2869.36,2869.49,2868.61,2868.86,273.0
2025-02-06 06:50:00,2868.82,2869.15,2868.38,2868.8,205.0
2025-02-06 06:55:00,2868.79,2869.28,2868.32,2868.5,168.0
2025-02-06 07:00:00,2868.56,2868.87,2868.16,2868.68,198.0
2025-02-06 07:05:00,2868.8,2869.23,2868.31,2868.69,188.0
2025-02-06 07:10:00,2868.67,2868.86,2866.9,2868.31,321.0
2025-02-06 07:15:00,2868.41,2869.92,2867.44,2869.57,254.0
2025-02-06 07:20:00,2869.59,2869.98,2869.36,2869.4,184.0
2025-02-06 07:25:00,2869.5,2869.5,2868.7,2868.7,164.0
2025-02-06 07:30:00,2868.84,2869.84,2868.14,2869.52,322.0
2025-02-06 07:35:00,2869.49,2869.5,2868.54,2868.6,350.0
2025-02-06 07:40:00,2868.76,2869.24,2867.48,2867.77,301.0
2025-02-06 07:45:00,2867.88,2867.88,2865.42,2866.79,356.0
2025-02-06 07:50:00,2866.76,2866.82,2865.63,2865.84,308.0
2025-02-06 07:55:00,2865.79,2868.36,2865.67,2868.36,356.0
2025-02-06 08:00:00,2868.36,2869.21,2867.81,2869.07,367.0
2025-02-06 08:05:00,2868.97,2869.66,2868.61,2869.03,313.0
2025-02-06 08:10:00,2869.19,2869.53,2868.15,2868.61,306.0
2025-02-06 08:15:00,2868.61,2869.74,2868.16,2869.43,307.0
2025-02-06 08:20:00,2869.58,2870.14,2869.24,2869.7,278.0
2025-02-06 08:25:00,2869.83,2870.07,2869.03,2869.09,270.0
2025-02-06 08:30:00,2869.09,2871.39,2869.09,2870.0,356.0
2025-02-06 08:35:00,2869.98,2870.0,2868.0,2868.14,301.0
2025-02-06 08:40:00,2868.13,2868.39,2867.35,2867.5,292.0
2025-02-06 08:45:00,2867.49,2867.49,2861.69,2861.69,385.0
2025-02-06 08:50:00,2861.67,2861.75,2859.06,2860.62,445.0
2025-02-06 08:55:00,2860.63,2861.34,2857.66,2859.06,400.0
2025-02-06 09:00:00,2859.0,2861.52,2858.18,2860.71,367.0
2025-02-06 09:05:00,2860.78,2860.93,2859.58,2860.0,286.0
2025-02-06 09:10:00,2860.13,2861.73,2859.49,2859.61,349.0
2025-02-06 09:15:00,2859.71,2860.86,2859.61,2860.32,330.0
2025-02-06 09:20:00,2860.3,2860.67,2859.12,2860.49,334.0
2025-02-06 09:25:00,2860.34,2861.71,2860.17,2860.91,341.0
2025-02-06 09:30:00,2860.85,2861.55,2859.36,2859.8,347.0
2025-02-06 09:35:00,2859.92,2861.42,2859.84,2861.17,270.0
2025-02-06 09:40:00,2861.14,2861.15,2858.34,2858.45,380.0
2025-02-06 09:45:00,2858.45,2858.45,2855.05,2857.71,453.0
2025-02-06 09:50:00,2857.64,2857.89,2855.23,2855.74,367.0
2025-02-06 09:55:00,2855.74,2856.49,2855.19,2855.88,360.0
2025-02-06 10:00:00,2855.77,2856.97,2853.91,2855.2,437.0
2025-02-06 10:05:00,2854.94,2855.94,2853.69,2855.62,410.0
2025-02-06 10:10:00,2855.6,2856.14,2854.1,2855.43,400.0
2025-02-06 10:15:00,2855.44,2856.67,2854.51,2854.58,399.0
2025-02-06 10:20:00,2854.42,2854.6,2848.94,2850.0,436.0
2025-02-06 10:25:00,2850.45,2852.87,2850.45,2851.52,365.0
2025-02-06 10:30:00,2851.38,2853.52,2850.95,2852.63,356.0
2025-02-06 10:35:00,2852.69,2858.56,2852.29,2857.49,423.0
2025-02-06 10:40:00,2857.88,2858.06,2856.25,2856.39,380.0
2025-02-06 10:45:00,2856.73,2857.19,2854.12,2855.0,375.0
2025-02-06 10:50:00,2855.07,2857.05,2854.09,2855.93,387.0
2025-02-06 10:55:00,2856.16,2856.66,2854.85,2856.07,344.0
2025-02-06 11:00:00,2856.14,2858.82,2855.81,2858.52,404.0
2025-02-06 11:05:00,2858.53,2858.98,2856.83,2857.78,350.0
2025-02-06 11:10:00,2857.89,2859.75,2857.18,2859.13,388.0
2025-02-06 11:15:00,2859.32,2859.96,2855.91,2856.24,395.0
2025-02-06 11:20:00,2856.18,2857.41,2855.81,2856.42,371.0
2025-02-06 11:25:00,2856.37,2857.16,2855.98,2856.52,279.0
2025-02-06 11:30:00,2856.39,2858.22,2855.79,2857.9,298.0
2025-02-06 11:35:00,2857.95,2859.97,2857.8,2859.13,331.0
2025-02-06 11:40:00,2859.13,2859.7,2857.95,2858.33,319.0
2025-02-06 11:45:00,2858.32,2858.95,2857.95,2858.44,357.0
2025-02-06 11:50:00,2858.42,2859.02,2857.41,2858.63,300.0
2025-02-06 11:55:00,2858.69,2859.86,2858.13,2859.43,277.0
2025-02-06 12:00:00,2859.33,2860.05,2858.26,2858.28,322.0
2025-02-06 12:05:00,2858.1,2858.75,2855.74,2855.76,380.0
2025-02-06 12:10:00,2855.77,2857.51,2855.73,2857.13,341.0
2025-02-06 12:15:00,2857.18,2859.69,2857.13,2859.62,336.0
2025-02-06 12:20:00,2859.65,2861.24,2859.65,2860.42,359.0
2025-02-06 12:25:00,2860.42,2860.84,2859.35,2860.39,297.0
2025-02-06 12:30:00,2860.16,2861.04,2859.67,2859.84,306.0
2025-02-06 12:35:00,2859.68,2861.79,2859.57,2861.46,297.0
2025-02-06 12:40:00,2861.44,2861.48,2860.17,2860.27,285.0
2025-02-06 12:45:00,2860.11,2861.52,2859.63,2860.78,308.0
2025-02-06 12:50:00,2860.93,2861.73,2860.13,2860.22,253.0
2025-02-06 12:55:00,2860.14,2860.15,2857.9,2859.17,369.0
2025-02-06 13:00:00,2858.64,2860.12,2858.51,2859.13,338.0
2025-02-06 13:05:00,2858.95,2861.02,2858.95,2860.41,285.0
2025-02-06 13:10:00,2860.26,2860.58,2859.44,2860.24,290.0
2025-02-06 13:15:00,2860.09,2861.83,2860.05,2861.8,325.0
2025-02-06 13:20:00,2861.81,2862.3,2860.38,2860.83,387.0
2025-02-06 13:25:00,2860.82,2860.86,2858.3,2860.2,381.0
2025-02-06 13:30:00,2860.44,2861.6,2859.99,2861.53,333.0
2025-02-06 13:35:00,2861.51,2866.42,2861.33,2866.29,374.0
2025-02-06 13:40:00,2866.18,2867.11,2865.5,2865.51,335.0
2025-02-06 13:45:00,2865.55,2866.87,2864.93,2866.87,338.0
2025-02-06 13:50:00,2866.78,2867.33,2864.92,2864.99,329.0
2025-02-06 13:55:00,2864.92,2866.41,2864.6,2866.07,301.0
2025-02-06 14:00:00,2866.06,2870.3,2865.95,2869.34,432.0
2025-02-06 14:05:00,2869.41,2870.15,2867.4,2867.42,476.0
2025-02-06 14:10:00,2866.75,2868.54,2866.43,2867.6,383.0
2025-02-06 14:15:00,2867.77,2867.77,2865.74,2865.95,325.0
2025-02-06 14:20:00,2865.93,2867.6,2865.3,2867.49,314.0
2025-02-06 14:25:00,2867.53,2868.3,2866.58,2867.24,334.0
2025-02-06 14:30:00,2867.27,2868.72,2866.93,2867.38,376.0
2025-02-06 14:35:00,2867.19,2868.66,2866.6,2866.96,392.0
2025-02-06 14:40:00,2866.95,2867.48,2866.31,2866.78,316.0
2025-02-06 14:45:00,2866.8,2866.99,2865.84,2866.76,360.0
2025-02-06 14:50:00,2866.66,2866.94,2864.54,2864.97,408.0
2025-02-06 14:55:00,2864.89,2865.33,2863.62,2864.42,356.0
2025-02-06 15:00:00,2864.47,2864.48,2861.88,2863.58,489.0
2025-02-06 15:05:00,2863.41,2863.59,2861.94,2862.41,483.0
2025-02-06 15:10:00,2862.35,2862.79,2859.33,2861.64,483.0
2025-02-06 15:15:00,2861.68,2863.07,2860.73,2861.93,449.0
2025-02-06 15:20:00,2862.0,2864.96,2861.7,2862.72,500.0
2025-02-06 15:25:00,2862.43,2862.78,2860.21,2860.59,382.0
2025-02-06 15:30:00,2860.46,2863.1,2860.26,2862.17,427.0
2025-02-06 15:35:00,2861.99,2863.77,2861.73,2862.82,484.0
2025-02-06 15:40:00,2862.81,2863.48,2859.63,2859.82,474.0
2025-02-06 15:45:00,2859.61,2860.5,2858.21,2859.88,477.0
2025-02-06 15:50:00,2860.17,2860.29,2856.96,2857.6,488.0
2025-02-06 15:55:00,2857.48,2857.69,2855.56,2856.69,490.0
2025-02-06 16:00:00,2856.74,2857.75,2856.15,2856.97,472.0
2025-02-06 16:05:00,2856.79,2857.78,2854.74,2854.93,482.0
2025-02-06 16:10:00,2855.25,2856.09,2854.41,2854.73,464.0
2025-02-06 16:15:00,2854.84,2858.46,2854.54,2858.32,474.0
2025-02-06 16:20:00,2858.41,2859.53,2856.86,2858.57,475.0
2025-02-06 16:25:00,2858.49,2859.8,2857.49,2857.67,474.0
2025-02-06 16:30:00,2857.78,2858.32,2855.36,2855.84,495.0
2025-02-06 16:35:00,2855.97,2856.99,2854.93,2855.65,488.0
2025-02-06 16:40:00,2855.67,2856.65,2854.15,2854.77,514.0
2025-02-06 16:45:00,2854.67,2856.69,2848.39,2848.54,510.0
2025-02-06 16:50:00,2848.16,2851.76,2846.8,2849.73,522.0
2025-02-06 16:55:00,2849.72,2849.72,2841.14,2841.91,536.0
2025-02-06 17:00:00,2841.99,2842.63,2837.77,2838.6,577.0
2025-02-06 17:05:00,2839.19,2840.41,2834.1,2838.24,544.0
2025-02-06 17:10:00,2838.58,2843.73,2838.15,2843.72,557.0
2025-02-06 17:15:00,2843.67,2846.99,2843.57,2845.49,526.0
2025-02-06 17:20:00,2845.7,2847.71,2844.93,2847.1,485.0
2025-02-06 17:25:00,2847.26,2847.56,2843.97,2844.92,480.0
2025-02-06 17:30:00,2845.11,2846.63,2844.05,2845.24,492.0
2025-02-06 17:35:00,2845.09,2849.06,2844.12,2848.94,492.0
2025-02-06 17:40:00,2849.14,2851.14,2848.2,2849.01,504.0
2025-02-06 17:45:00,2849.04,2852.68,2848.66,2852.68,522.0
2025-02-06 17:50:00,2852.65,2853.28,2851.32,2851.82,498.0
2025-02-06 17:55:00,2851.89,2852.44,2850.13,2850.56,467.0
2025-02-06 18:00:00,2850.82,2851.31,2849.2,2850.91,503.0
2025-02-06 18:05:00,2850.86,2852.69,2850.73,2852.01,456.0
2025-02-06 18:10:00,2852.06,2852.78,2851.49,2852.48,420.0
2025-02-06 18:15:00,2852.49,2854.71,2851.89,2851.89,467.0
2025-02-06 18:20:00,2851.81,2852.36,2850.82,2851.7,436.0
2025-02-06 18:25:00,2851.65,2852.08,2850.36,2850.68,439.0
2025-02-06 18:30:00,2850.61,2851.51,2849.64,2850.72,382.0
2025-02-06 18:35:00,2850.78,2852.31,2850.25,2852.23,425.0
2025-02-06 18:40:00,2852.16,2853.87,2851.9,2853.33,430.0
2025-02-06 18:45:00,2853.35,2853.45,2851.43,2851.45,336.0
2025-02-06 18:50:00,2851.45,2851.63,2849.05,2849.47,419.0
2025-02-06 18:55:00,2849.39,2850.43,2848.86,2848.86,383.0
2025-02-06 19:00:00,2848.77,2851.05,2848.06,2850.79,400.0
2025-02-06 19:05:00,2850.77,2851.95,2849.76,2850.24,360.0
2025-02-06 19:10:00,2850.44,2850.74,2848.9,2849.18,317.0
2025-02-06 19:15:00,2849.22,2849.95,2849.05,2849.47,326.0
2025-02-06 19:20:00,2849.54,2851.48,2849.44,2850.89,357.0
2025-02-06 19:25:00,2850.84,2851.2,2850.46,2851.05,313.0
2025-02-06 19:30:00,2851.12,2851.12,2849.18,2849.3,362.0
2025-02-06 19:35:00,2849.28,2850.01,2848.89,2849.63,333.0
2025-02-06 19:40:00,2849.79,2850.16,2849.04,2849.55,298.0
2025-02-06 19:45:00,2849.41,2850.27,2849.23,2849.43,335.0
2025-02-06 19:50:00,2849.47,2851.96,2849.13,2851.96,353.0
2025-02-06 19:55:00,2851.87,2852.61,2851.36,2852.2,382.0
2025-02-06 20:00:00,2852.35,2852.54,2851.24,2851.79,388.0
2025-02-06 20:05:00,2851.77,2852.68,2851.3,2851.82,316.0
2025-02-06 20:10:00,2851.88,2852.11,2851.01,2851.42,400.0
2025-02-06 20:15:00,2851.41,2852.13,2850.83,2851.33,387.0
2025-02-06 20:20:00,2851.36,2852.03,2849.87,2850.45,397.0
2025-02-06 20:25:00,2850.36,2851.98,2850.12,2851.83,414.0
2025-02-06 20:30:00,2851.87,2852.09,2849.93,2850.0,317.0
2025-02-06 20:35:00,2850.29,2851.12,2849.93,2850.74,289.0
2025-02-06 20:40:00,2850.74,2852.83,2850.25,2852.57,323.0
2025-02-06 20:45:00,2852.5,2853.6,2851.65,2853.36,333.0
2025-02-06 20:50:00,2853.24,2853.4,2852.01,2852.3,293.0
2025-02-06 20:55:00,2852.28,2852.81,2851.72,2852.57,354.0
2025-02-06 21:00:00,2852.54,2852.66,2851.36,2851.8,361.0
2025-02-06 21:05:00,2851.6,2851.89,2850.59,2851.47,345.0
2025-02-06 21:10:00,2851.62,2852.55,2851.07,2851.25,325.0
2025-02-06 21:15:00,2851.36,2852.56,2851.12,2852.41,294.0
2025-02-06 21:20:00,2852.56,2852.63,2851.32,2851.64,280.0
2025-02-06 21:25:00,2851.53,2851.89,2851.12,2851.5,306.0
2025-02-06 21:30:00,2851.37,2851.37,2850.61,2850.85,342.0
2025-02-06 21:35:00,2850.76,2851.1,2850.37,2850.71,309.0
2025-02-06 21:40:00,2850.66,2851.59,2850.57,2851.14,273.0
2025-02-06 21:45:00,2851.12,2853.56,2851.01,2853.37,329.0
2025-02-06 21:50:00,2853.31,2854.17,2852.76,2853.69,291.0
2025-02-06 21:55:00,2853.68,2854.07,2853.36,2853.81,320.0
2025-02-06 22:00:00,2853.8,2855.25,2853.59,2855.16,353.0
2025-02-06 22:05:00,2855.18,2857.23,2854.61,2856.9,349.0
2025-02-06 22:10:00,2856.78,2857.27,2856.23,2856.48,354.0
2025-02-06 22:15:00,2856.52,2856.72,2855.98,2856.22,343.0
2025-02-06 22:20:00,2856.17,2856.32,2855.12,2855.28,378.0
2025-02-06 22:25:00,2855.41,2855.62,2854.26,2854.48,371.0
2025-02-06 22:30:00,2854.43,2855.19,2854.33,2854.75,371.0
2025-02-06 22:35:00,2854.69,2855.72,2854.62,2855.06,371.0
2025-02-06 22:40:00,2854.97,2856.01,2854.82,2855.63,359.0
2025-02-06 22:45:00,2855.78,2855.98,2853.85,2854.46,378.0
2025-02-06 22:50:00,2854.55,2856.62,2854.43,2856.4,385.0
2025-02-06 22:55:00,2856.34,2856.53,2855.17,2856.42,390.0
2025-02-06 23:00:00,2856.49,2856.87,2855.93,2856.48,203.0
2025-02-06 23:05:00,2856.52,2856.67,2856.02,2856.23,118.0
2025-02-06 23:10:00,2856.13,2856.18,2855.36,2855.37,97.0
2025-02-06 23:15:00,2855.26,2855.65,2855.19,2855.65,111.0
2025-02-06 23:20:00,2855.65,2855.65,2854.94,2854.96,101.0
2025-02-06 23:25:00,2854.97,2855.75,2854.97,2855.59,110.0
2025-02-06 23:30:00,2855.6,2856.21,2855.54,2855.66,130.0
2025-02-06 23:35:00,2855.68,2856.37,2855.39,2856.37,103.0
2025-02-06 23:40:00,2856.34,2857.13,2855.95,2857.08,125.0
2025-02-06 23:45:00,2857.09,2857.2,2856.29,2856.76,140.0
2025-02-06 23:50:00,2856.76,2857.21,2856.38,2856.81,91.0
2025-02-06 23:55:00,2856.62,2856.7,2855.55,2855.55,78.0
2025-02-07 01:00:00,2855.66,2856.35,2855.63,2855.89,256.0
2025-02-07 01:05:00,2855.89,2856.51,2855.89,2856.16,75.0
2025-02-07 01:10:00,2856.3,2856.67,2856.0,2856.37,92.0
2025-02-07 01:15:00,2856.42,2857.12,2856.32,2856.9,111.0
2025-02-07 01:20:00,2856.93,2857.93,2856.86,2857.78,169.0
2025-02-07 01:25:00,2857.8,2858.01,2857.51,2857.61,112.0
2025-02-07 01:30:00,2857.57,2857.9,2857.49,2857.76,114.0
2025-02-07 01:35:00,2857.79,2858.22,2857.38,2858.05,142.0
2025-02-07 01:40:00,2858.08,2858.93,2857.95,2858.54,117.0
2025-02-07 01:45:00,2858.46,2858.46,2856.76,2857.58,131.0
2025-02-07 01:50:00,2857.79,2858.22,2857.38,2857.46,135.0
2025-02-07 01:55:00,2857.48,2858.05,2857.16,2858.05,95.0
2025-02-07 02:00:00,2858.05,2859.52,2858.05,2859.37,139.0
2025-02-07 02:05:00,2859.37,2859.5,2858.84,2858.97,101.0
2025-02-07 02:10:00,2858.96,2859.14,2858.96,2859.07,70.0
2025-02-07 02:15:00,2859.12,2859.6,2859.01,2859.55,91.0
2025-02-07 02:20:00,2859.54,2860.27,2859.44,2860.08,153.0
2025-02-07 02:25:00,2859.98,2860.33,2859.65,2859.82,103.0
2025-02-07 02:30:00,2859.8,2860.26,2859.8,2860.21,136.0
2025-02-07 02:35:00,2860.23,2860.49,2859.96,2860.21,118.0
2025-02-07 02:40:00,2860.31,2860.35,2859.72,2859.97,116.0
2025-02-07 02:45:00,2859.98,2860.11,2858.82,2859.1,163.0
2025-02-07 02:50:00,2859.1,2859.69,2858.03,2858.64,248.0
2025-02-07 02:55:00,2858.7,2859.23,2858.2,2858.42,278.0
2025-02-07 03:00:00,2858.38,2859.14,2857.73,2858.97,406.0
2025-02-07 03:05:00,2859.03,2859.98,2858.41,2859.24,344.0
2025-02-07 03:10:00,2859.07,2859.48,2858.3,2858.62,307.0
2025-02-07 03:15:00,2858.54,2862.79,2858.42,2862.63,360.0
2025-02-07 03:20:00,2862.78,2864.13,2862.66,2863.84,342.0
2025-02-07 03:25:00,2863.88,2864.27,2862.48,2862.93,346.0
2025-02-07 03:30:00,2862.82,2863.56,2862.45,2863.13,323.0
2025-02-07 03:35:00,2863.12,2863.93,2862.56,2863.89,326.0
2025-02-07 03:40:00,2863.93,2866.74,2863.93,2866.0,401.0
2025-02-07 03:45:00,2866.03,2866.56,2865.35,2866.2,358.0
2025-02-07 03:50:00,2866.19,2867.51,2865.84,2867.41,336.0
2025-02-07 03:55:00,2867.4,2868.24,2866.01,2866.27,339.0
2025-02-07 04:00:00,2866.17,2867.71,2865.51,2867.71,384.0
2025-02-07 04:05:00,2867.74,2868.5,2867.18,2868.06,315.0
2025-02-07 04:10:00,2868.11,2868.11,2867.0,2867.04,254.0
2025-02-07 04:15:00,2867.07,2868.78,2867.07,2868.64,242.0
2025-02-07 04:20:00,2868.65,2869.0,2868.1,2868.87,227.0
2025-02-07 04:25:00,2868.92,2869.3,2868.33,2868.49,292.0
2025-02-07 04:30:00,2868.59,2868.81,2867.38,2867.74,310.0
2025-02-07 04:35:00,2867.75,2869.02,2867.59,2868.66,303.0
2025-02-07 04:40:00,2868.79,2868.79,2867.61,2867.81,264.0
2025-02-07 04:45:00,2867.84,2867.93,2867.29,2867.69,228.0
2025-02-07 04:50:00,2867.64,2868.05,2867.47,2867.61,209.0
2025-02-07 04:55:00,2867.57,2868.82,2867.25,2868.78,284.0
2025-02-07 05:00:00,2868.75,2870.63,2868.75,2869.65,337.0
2025-02-07 05:05:00,2869.65,2869.65,2867.75,2867.95,300.0
2025-02-07 05:10:00,2867.95,2868.4,2867.7,2868.03,257.0
2025-02-07 05:15:00,2868.11,2868.43,2867.31,2867.4,279.0
2025-02-07 05:20:00,2867.4,2867.96,2867.14,2867.35,348.0
2025-02-07 05:25:00,2867.34,2867.84,2867.13,2867.4,246.0
2025-02-07 05:30:00,2867.44,2867.91,2867.28,2867.43,171.0
2025-02-07 05:35:00,2867.43,2867.82,2867.28,2867.41,214.0
2025-02-07 05:40:00,2867.41,2868.82,2867.14,2868.63,267.0
2025-02-07 05:45:00,2868.67,2868.89,2867.42,2868.0,196.0
2025-02-07 05:50:00,2868.01,2868.53,2867.7,2868.3,210.0
2025-02-07 05:55:00,2868.37,2868.37,2866.05,2867.12,295.0
2025-02-07 06:00:00,2867.19,2868.28,2866.97,2868.11,218.0
2025-02-07 06:05:00,2868.11,2868.35,2867.24,2868.25,179.0
2025-02-07 06:10:00,2868.25,2868.68,2868.16,2868.48,171.0
2025-02-07 06:15:00,2868.5,2868.97,2867.83,2868.51,190.0
2025-02-07 06:20:00,2868.53,2869.24,2868.31,2868.47,252.0
2025-02-07 06:25:00,2868.47,2868.77,2868.32,2868.72,190.0
2025-02-07 06:30:00,2868.53,2869.06,2868.18,2868.53,192.0
2025-02-07 06:35:00,2868.49,2868.87,2868.11,2868.5,157.0
2025-02-07 06:40:00,2868.62,2868.84,2868.12,2868.59,145.0
2025-02-07 06:45:00,2868.55,2869.52,2868.23,2869.31,217.0
2025-02-07 06:50:00,2869.38,2869.46,2867.28,2867.46,237.0
2025-02-07 06:55:00,2867.47,2867.48,2866.17,2866.4,133.0
2025-02-07 07:00:00,2866.6,2866.69,2865.22,2866.35,200.0
2025-02-07 07:05:00,2866.31,2866.67,2865.51,2866.09,191.0
2025-02-07 07:10:00,2866.07,2866.82,2865.95,2866.56,154.0
2025-02-07 07:15:00,2866.57,2867.03,2866.37,2866.5,152.0
2025-02-07 07:20:00,2866.33,2866.61,2864.95,2865.35,219.0
2025-02-07 07:25:00,2865.3,2865.86,2865.11,2865.16,191.0
2025-02-07 07:30:00,2865.09,2865.37,2863.89,2865.21,340.0
2025-02-07 07:35:00,2865.17,2865.22,2862.77,2862.97,291.0
2025-02-07 07:40:00,2862.94,2864.2,2862.84,2863.54,324.0
2025-02-07 07:45:00,2863.71,2864.14,2862.8,2863.32,283.0
2025-02-07 07:50:00,2863.27,2863.71,2862.54,2862.99,312.0
2025-02-07 07:55:00,2862.99,2863.04,2862.04,2862.05,348.0
2025-02-07 08:00:00,2861.92,2862.29,2860.52,2860.62,380.0
2025-02-07 08:05:00,2860.63,2862.36,2860.53,2862.27,289.0
2025-02-07 08:10:00,2862.25,2863.36,2861.93,2862.79,322.0
2025-02-07 08:15:00,2862.89,2862.89,2861.73,2862.26,328.0
2025-02-07 08:20:00,2862.3,2863.51,2862.23,2863.14,381.0
2025-02-07 08:25:00,2863.25,2866.11,2863.04,2863.61,373.0
2025-02-07 08:30:00,2863.61,2863.65,2861.16,2861.16,291.0
2025-02-07 08:35:00,2861.16,2862.86,2860.81,2862.82,330.0
2025-02-07 08:40:00,2862.8,2863.22,2861.56,2861.87,322.0
2025-02-07 08:45:00,2861.68,2862.73,2861.03,2861.03,313.0
2025-02-07 08:50:00,2861.14,2861.48,2859.12,2859.21,370.0
2025-02-07 08:55:00,2859.21,2861.2,2859.02,2860.65,311.0
2025-02-07 09:00:00,2860.61,2861.17,2860.07,2861.01,259.0
2025-02-07 09:05:00,2861.03,2862.56,2860.41,2862.43,306.0
2025-02-07 09:10:00,2862.38,2864.23,2862.21,2864.18,364.0
2025-02-07 09:15:00,2864.25,2865.54,2863.83,2865.24,299.0
2025-02-07 09:20:00,2865.23,2865.24,2864.09,2864.19,292.0
2025-02-07 09:25:00,2864.19,2864.42,2863.12,2863.64,289.0
2025-02-07 09:30:00,2863.8,2864.48,2863.54,2864.06,283.0
2025-02-07 09:35:00,2864.15,2865.17,2863.46,2865.04,324.0
2025-02-07 09:40:00,2865.13,2865.24,2863.71,2864.19,327.0
2025-02-07 09:45:00,2864.24,2864.63,2863.42,2864.46,219.0
2025-02-07 09:50:00,2864.47,2865.75,2864.03,2864.08,288.0
2025-02-07 09:55:00,2864.08,2864.45,2863.81,2864.24,180.0
2025-02-07 10:00:00,2864.25,2864.91,2863.37,2864.91,278.0
2025-02-07 10:05:00,2864.95,2865.81,2864.66,2865.37,267.0
2025-02-07 10:10:00,2865.37,2865.86,2864.72,2865.3,204.0
2025-02-07 10:15:00,2865.48,2866.63,2865.29,2866.32,282.0
2025-02-07 10:20:00,2866.32,2866.69,2864.93,2865.1,271.0
2025-02-07 10:25:00,2865.1,2865.1,2863.3,2863.61,342.0
2025-02-07 10:30:00,2863.71,2865.45,2863.67,2864.31,383.0
2025-02-07 10:35:00,2864.34,2865.36,2863.64,2863.99,321.0
2025-02-07 10:40:00,2864.0,2864.25,2863.35,2863.98,270.0
2025-02-07 10:45:00,2863.88,2864.44,2863.4,2864.25,246.0
2025-02-07 10:50:00,2864.25,2866.03,2863.5,2866.03,241.0
2025-02-07 10:55:00,2866.05,2866.66,2865.11,2866.29,275.0
2025-02-07 11:00:00,2866.13,2866.99,2865.54,2865.86,351.0
2025-02-07 11:05:00,2865.85,2870.44,2865.7,2869.93,501.0
2025-02-07 11:10:00,2869.78,2870.65,2867.67,2867.86,403.0
2025-02-07 11:15:00,2868.22,2868.95,2867.64,2868.4,256.0
2025-02-07 11:20:00,2868.46,2868.87,2866.89,2868.8,340.0
2025-02-07 11:25:00,2868.75,2869.62,2868.09,2869.55,320.0
2025-02-07 11:30:00,2869.51,2869.8,2867.71,2868.57,248.0
2025-02-07 11:35:00,2868.64,2869.67,2868.49,2869.24,279.0
2025-02-07 11:40:00,2869.24,2869.71,2868.82,2869.36,281.0
2025-02-07 11:45:00,2869.37,2870.49,2869.17,2869.87,251.0
2025-02-07 11:50:00,2869.85,2870.01,2869.15,2869.68,234.0
2025-02-07 11:55:00,2869.7,2869.75,2868.81,2868.97,336.0
2025-02-07 12:00:00,2868.98,2869.19,2868.49,2868.85,264.0
2025-02-07 12:05:00,2868.84,2869.25,2866.94,2867.09,301.0
2025-02-07 12:10:00,2867.03,2867.71,2866.76,2867.15,318.0
2025-02-07 12:15:00,2867.14,2867.15,2863.47,2864.37,351.0
2025-02-07 12:20:00,2864.37,2866.26,2864.28,2865.17,374.0
2025-02-07 12:25:00,2865.11,2866.76,2864.18,2866.35,309.0
2025-02-07 12:30:00,2866.4,2867.42,2866.19,2867.1,354.0
2025-02-07 12:35:00,2867.14,2867.41,2865.99,2866.13,282.0
2025-02-07 12:40:00,2866.13,2867.29,2866.05,2866.49,279.0
2025-02-07 12:45:00,2866.33,2866.75,2865.04,2865.85,286.0
2025-02-07 12:50:00,2866.02,2866.99,2865.43,2866.8,244.0
2025-02-07 12:55:00,2867.03,2867.69,2866.52,2867.55,277.0
2025-02-07 13:00:00,2867.42,2868.07,2866.41,2866.41,254.0
2025-02-07 13:05:00,2866.36,2866.4,2865.3,2865.87,318.0
2025-02-07 13:10:00,2865.86,2866.63,2865.06,2866.44,357.0
2025-02-07 13:15:00,2866.56,2867.6,2866.16,2866.24,344.0
2025-02-07 13:20:00,2866.24,2867.16,2866.08,2866.44,291.0
2025-02-07 13:25:00,2866.47,2866.89,2865.61,2866.54,194.0
2025-02-07 13:30:00,2866.07,2866.39,2864.97,2865.99,209.0
2025-02-07 13:35:00,2866.0,2867.36,2865.76,2866.47,248.0
2025-02-07 13:40:00,2866.47,2867.13,2865.09,2866.32,297.0
2025-02-07 13:45:00,2866.13,2866.9,2865.49,2865.88,234.0
2025-02-07 13:50:00,2865.72,2867.73,2865.72,2866.98,244.0
2025-02-07 13:55:00,2866.95,2868.22,2866.78,2867.63,254.0
2025-02-07 14:00:00,2867.74,2867.97,2866.47,2866.95,342.0
2025-02-07 14:05:00,2866.89,2867.23,2866.2,2866.77,293.0
2025-02-07 14:10:00,2866.79,2866.86,2865.32,2865.55,292.0
2025-02-07 14:15:00,2865.69,2865.69,2864.26,2864.9,319.0
2025-02-07 14:20:00,2864.91,2866.54,2864.78,2866.06,295.0
2025-02-07 14:25:00,2865.95,2866.8,2865.63,2866.43,281.0
2025-02-07 14:30:00,2866.42,2867.0,2865.43,2865.99,255.0
2025-02-07 14:35:00,2866.03,2866.98,2865.93,2866.25,281.0
2025-02-07 14:40:00,2866.29,2866.3,2864.77,2866.2,349.0
2025-02-07 14:45:00,2866.04,2866.04,2864.36,2864.78,304.0
2025-02-07 14:50:00,2864.76,2865.64,2864.45,2864.83,267.0
2025-02-07 14:55:00,2864.81,2865.21,2863.49,2863.61,342.0
2025-02-07 15:00:00,2863.63,2864.91,2863.08,2864.4,445.0
2025-02-07 15:05:00,2864.38,2864.48,2862.99,2863.85,410.0
2025-02-07 15:10:00,2863.85,2864.1,2861.28,2861.57,480.0
2025-02-07 15:15:00,2861.55,2862.46,2860.36,2860.71,426.0
2025-02-07 15:20:00,2860.7,2862.71,2860.7,2862.2,437.0
2025-02-07 15:25:00,2862.38,2864.45,2861.51,2864.45,311.0
2025-02-07 15:30:00,2865.49,2870.69,2852.39,2860.38,683.0
2025-02-07 15:35:00,2860.68,2868.08,2860.68,2868.0,580.0
2025-02-07 15:40:00,2868.03,2868.93,2861.53,2862.98,556.0
2025-02-07 15:45:00,2863.03,2863.94,2860.6,2863.44,523.0
2025-02-07 15:50:00,2863.42,2864.3,2858.88,2861.81,495.0
2025-02-07 15:55:00,2862.0,2862.97,2858.98,2862.41,464.0
2025-02-07 16:00:00,2862.52,2863.21,2857.43,2858.25,545.0
2025-02-07 16:05:00,2858.37,2861.88,2856.18,2860.69,539.0
2025-02-07 16:10:00,2860.78,2865.17,2860.6,2864.77,521.0
2025-02-07 16:15:00,2864.74,2869.98,2864.24,2869.02,530.0
2025-02-07 16:20:00,2869.11,2872.76,2867.38,2871.71,507.0
2025-02-07 16:25:00,2871.3,2875.16,2869.83,2873.61,531.0
2025-02-07 16:30:00,2873.88,2875.2,2872.12,2872.47,564.0
2025-02-07 16:35:00,2872.46,2877.44,2871.2,2875.74,531.0
2025-02-07 16:40:00,2875.75,2878.34,2875.15,2877.26,521.0
2025-02-07 16:45:00,2877.24,2878.05,2875.46,2875.75,463.0
2025-02-07 16:50:00,2875.75,2875.81,2872.61,2875.19,474.0
2025-02-07 16:55:00,2875.36,2877.32,2873.7,2876.04,435.0
2025-02-07 17:00:00,2874.1,2878.71,2873.35,2878.61,553.0
2025-02-07 17:05:00,2878.61,2881.32,2874.37,2880.97,513.0
2025-02-07 17:10:00,2880.97,2881.29,2878.55,2878.9,512.0
2025-02-07 17:15:00,2879.49,2882.73,2879.11,2881.86,485.0
2025-02-07 17:20:00,2881.74,2883.12,2881.39,2881.94,492.0
2025-02-07 17:25:00,2881.87,2883.3,2881.82,2882.88,463.0
2025-02-07 17:30:00,2883.08,2886.03,2882.32,2885.71,493.0
2025-02-07 17:35:00,2885.66,2886.14,2884.23,2885.55,431.0
2025-02-07 17:40:00,2885.57,2886.14,2884.62,2884.78,413.0
2025-02-07 17:45:00,2884.78,2886.68,2883.62,2883.68,433.0
2025-02-07 17:50:00,2883.66,2883.99,2879.06,2883.58,484.0
2025-02-07 17:55:00,2883.81,2885.09,2878.62,2880.37,538.0
2025-02-07 18:00:00,2880.48,2881.43,2870.32,2874.98,543.0
2025-02-07 18:05:00,2874.73,2879.1,2870.99,2877.43,523.0
2025-02-07 18:10:00,2877.7,2877.97,2870.46,2871.49,486.0
2025-02-07 18:15:00,2871.63,2871.81,2865.34,2870.78,518.0
2025-02-07 18:20:00,2870.73,2872.46,2870.17,2871.14,496.0
2025-02-07 18:25:00,2871.2,2871.55,2869.01,2869.51,454.0
2025-02-07 18:30:00,2869.64,2870.4,2865.81,2866.11,484.0
2025-02-07 18:35:00,2866.09,2866.2,2863.59,2864.47,507.0
2025-02-07 18:40:00,2864.41,2865.62,2860.85,2862.05,482.0
2025-02-07 18:45:00,2861.96,2862.49,2860.87,2861.82,458.0
2025-02-07 18:50:00,2861.9,2864.25,2861.28,2863.38,434.0
2025-02-07 18:55:00,2863.23,2863.91,2860.46,2860.76,462.0
2025-02-07 19:00:00,2860.71,2860.71,2856.4,2858.34,506.0
2025-02-07 19:05:00,2858.51,2862.66,2858.11,2860.78,522.0
2025-02-07 19:10:00,2860.76,2861.84,2858.37,2858.98,415.0
2025-02-07 19:15:00,2858.96,2860.06,2856.75,2857.46,477.0
2025-02-07 19:20:00,2857.41,2858.82,2855.65,2857.1,465.0
2025-02-07 19:25:00,2857.1,2858.65,2856.14,2857.93,411.0
2025-02-07 19:30:00,2857.96,2857.99,2853.41,2853.73,407.0
2025-02-07 19:35:00,2853.72,2858.61,2853.25,2857.36,422.0
2025-02-07 19:40:00,2857.43,2859.06,2855.59,2858.62,385.0
2025-02-07 19:45:00,2858.82,2858.82,2856.83,2856.95,385.0
2025-02-07 19:50:00,2856.95,2858.18,2855.68,2858.09,371.0
2025-02-07 19:55:00,2858.23,2860.52,2857.3,2860.23,344.0
2025-02-07 20:00:00,2860.17,2862.1,2859.81,2862.01,335.0
2025-02-07 20:05:00,2862.01,2863.53,2861.59,2863.17,356.0
2025-02-07 20:10:00,2863.17,2863.69,2861.84,2863.28,322.0
2025-02-07 20:15:00,2863.23,2865.2,2863.2,2864.95,318.0
2025-02-07 20:20:00,2864.92,2864.92,2863.71,2863.78,284.0
2025-02-07 20:25:00,2863.64,2863.84,2862.55,2863.01,316.0
2025-02-07 20:30:00,2862.89,2864.88,2862.33,2864.78,285.0
2025-02-07 20:35:00,2864.84,2864.87,2862.33,2862.67,292.0
2025-02-07 20:40:00,2862.69,2863.22,2861.55,2861.9,302.0
2025-02-07 20:45:00,2861.95,2862.26,2860.57,2862.0,266.0
2025-02-07 20:50:00,2862.03,2862.21,2860.75,2860.92,282.0
2025-02-07 20:55:00,2860.87,2862.58,2860.77,2861.34,320.0
2025-02-07 21:00:00,2861.46,2861.98,2860.69,2861.86,277.0
2025-02-07 21:05:00,2861.83,2863.25,2861.76,2863.21,264.0
2025-02-07 21:10:00,2863.34,2863.38,2861.87,2862.16,327.0
2025-02-07 21:15:00,2862.35,2862.46,2861.1,2861.25,316.0
2025-02-07 21:20:00,2861.27,2861.61,2860.32,2861.58,274.0
2025-02-07 21:25:00,2861.58,2862.1,2861.16,2861.43,227.0
2025-02-07 21:30:00,2861.43,2861.43,2859.1,2859.92,296.0
2025-02-07 21:35:00,2859.94,2860.17,2859.11,2860.09,247.0
2025-02-07 21:40:00,2860.11,2860.95,2859.28,2860.45,240.0
2025-02-07 21:45:00,2860.42,2862.54,2860.42,2861.71,222.0
2025-02-07 21:50:00,2861.68,2861.97,2860.97,2861.28,191.0
2025-02-07 21:55:00,2861.3,2861.44,2859.73,2859.73,251.0
2025-02-07 22:00:00,2859.67,2861.82,2859.55,2861.82,314.0
2025-02-07 22:05:00,2861.72,2863.8,2861.41,2863.23,382.0
2025-02-07 22:10:00,2863.24,2863.46,2862.72,2862.74,315.0
2025-02-07 22:15:00,2862.97,2862.97,2861.42,2861.57,319.0
2025-02-07 22:20:00,2861.52,2861.91,2860.66,2860.84,313.0
2025-02-07 22:25:00,2860.92,2860.95,2859.4,2860.09,363.0
2025-02-07 22:30:00,2860.05,2860.48,2859.98,2860.29,366.0
2025-02-07 22:35:00,2860.3,2861.55,2860.18,2861.07,288.0
2025-02-07 22:40:00,2861.09,2861.2,2859.67,2859.99,321.0
2025-02-07 22:45:00,2860.05,2861.56,2859.67,2860.2,357.0
2025-02-07 22:50:00,2860.36,2861.3,2859.99,2860.85,372.0
2025-02-07 22:55:00,2860.98,2861.28,2859.93,2860.58,403.0
2025-02-07 23:00:00,2860.65,2861.67,2859.98,2860.86,198.0
2025-02-07 23:05:00,2860.87,2862.81,2860.74,2862.46,174.0
2025-02-07 23:10:00,2862.44,2863.04,2862.17,2862.49,119.0
2025-02-07 23:15:00,2862.51,2863.2,2862.31,2862.78,124.0
2025-02-07 23:20:00,2862.63,2863.38,2861.98,2862.77,140.0
2025-02-07 23:25:00,2862.86,2863.21,2862.51,2862.78,80.0
2025-02-07 23:30:00,2862.82,2862.91,2862.2,2862.58,86.0
2025-02-07 23:35:00,2862.59,2862.59,2860.28,2860.68,109.0
2025-02-07 23:40:00,2860.68,2861.16,2860.37,2861.03,68.0
2025-02-07 23:45:00,2861.03,2861.3,2860.31,2861.06,92.0
2025-02-07 23:50:00,2860.99,2861.99,2860.72,2861.74,134.0
2025-02-07 23:55:00,2861.26,2861.32,2861.1,2861.3,41.0
2025-02-10 01:00:00,2857.21,2863.01,2854.81,2861.73,588.0
2025-02-10 01:05:00,2861.73,2863.58,2860.03,2862.56,195.0
2025-02-10 01:10:00,2862.57,2863.11,2861.4,2863.11,141.0
2025-02-10 01:15:00,2863.17,2865.26,2862.45,2865.1,234.0
2025-02-10 01:20:00,2865.13,2867.33,2864.99,2867.07,230.0
2025-02-10 01:25:00,2867.08,2869.71,2866.51,2869.61,252.0
2025-02-10 01:30:00,2869.5,2869.5,2866.68,2868.24,268.0
2025-02-10 01:35:00,2868.02,2868.85,2867.41,2868.75,262.0
2025-02-10 01:40:00,2868.71,2870.47,2868.25,2869.23,253.0
2025-02-10 01:45:00,2869.23,2869.23,2867.07,2868.2,282.0
2025-02-10 01:50:00,2868.31,2868.85,2866.7,2867.8,229.0
2025-02-10 01:55:00,2867.81,2868.15,2867.35,2867.64,172.0
2025-02-10 02:00:00,2867.64,2868.95,2866.09,2868.87,279.0
2025-02-10 02:05:00,2868.83,2869.2,2868.39,2868.66,259.0
2025-02-10 02:10:00,2868.72,2868.78,2865.86,2866.3,273.0
2025-02-10 02:15:00,2866.32,2867.46,2865.9,2866.82,214.0
2025-02-10 02:20:00,2866.82,2867.51,2866.18,2866.38,193.0
2025-02-10 02:25:00,2866.34,2868.09,2866.14,2867.22,223.0
2025-02-10 02:30:00,2867.18,2868.63,2867.18,2868.07,196.0
2025-02-10 02:35:00,2868.15,2868.65,2867.21,2868.39,183.0
2025-02-10 02:40:00,2868.4,2868.93,2867.16,2867.19,219.0
2025-02-10 02:45:00,2867.15,2867.19,2865.93,2866.78,234.0
2025-02-10 02:50:00,2866.78,2868.07,2866.7,2867.28,184.0
2025-02-10 02:55:00,2867.12,2868.07,2867.12,2868.02,210.0
2025-02-10 03:00:00,2868.03,2873.26,2867.79,2873.11,477.0
2025-02-10 03:05:00,2873.21,2876.54,2872.03,2876.11,385.0
2025-02-10 03:10:00,2876.11,2876.5,2870.97,2870.98,434.0
2025-02-10 03:15:00,2871.1,2871.16,2869.3,2869.51,395.0
2025-02-10 03:20:00,2869.45,2871.35,2869.45,2870.39,389.0
2025-02-10 03:25:00,2870.38,2870.61,2868.49,2868.89,353.0
2025-02-10 03:30:00,2868.79,2869.02,2866.67,2869.02,427.0
2025-02-10 03:35:00,2868.96,2869.63,2867.69,2867.72,367.0
2025-02-10 03:40:00,2867.7,2868.11,2866.03,2867.59,403.0
2025-02-10 03:45:00,2867.66,2868.12,2866.77,2867.23,360.0
2025-02-10 03:50:00,2867.26,2869.94,2867.18,2869.13,406.0
2025-02-10 03:55:00,2869.16,2871.98,2868.76,2871.89,395.0
2025-02-10 04:00:00,2871.96,2874.25,2871.67,2872.04,392.0
2025-02-10 04:05:00,2872.01,2873.24,2871.68,2871.86,312.0
2025-02-10 04:10:00,2871.9,2872.39,2871.23,2872.28,270.0
2025-02-10 04:15:00,2872.31,2874.09,2872.19,2873.49,319.0
2025-02-10 04:20:00,2873.5,2875.0,2873.09,2874.86,223.0
2025-02-10 04:25:00,2874.84,2874.9,2873.52,2874.05,258.0
2025-02-10 04:30:00,2874.02,2874.33,2871.96,2872.22,337.0
2025-02-10 04:35:00,2872.22,2873.38,2872.04,2872.5,254.0
2025-02-10 04:40:00,2872.49,2874.31,2872.48,2874.19,314.0
2025-02-10 04:45:00,2874.33,2874.64,2871.99,2873.19,396.0
2025-02-10 04:50:00,2873.19,2874.45,2872.28,2873.1,355.0
2025-02-10 04:55:00,2873.09,2874.36,2872.83,2873.8,291.0
2025-02-10 05:00:00,2873.76,2874.49,2872.53,2873.2,249.0
2025-02-10 05:05:00,2873.19,2873.59,2871.81,2872.5,256.0
2025-02-10 05:10:00,2872.57,2873.65,2871.28,2873.35,324.0
2025-02-10 05:15:00,2873.32,2873.85,2872.28,2873.38,299.0
2025-02-10 05:20:00,2873.44,2874.36,2873.2,2873.54,297.0
2025-02-10 05:25:00,2873.58,2874.08,2873.1,2873.31,249.0
2025-02-10 05:30:00,2873.42,2874.47,2872.63,2873.6,220.0
2025-02-10 05:35:00,2873.52,2874.13,2872.7,2873.44,179.0
2025-02-10 05:40:00,2873.35,2873.56,2872.47,2873.43,135.0
2025-02-10 05:45:00,2873.55,2874.52,2873.45,2873.97,172.0
2025-02-10 05:50:00,2874.0,2875.28,2873.52,2875.19,208.0
2025-02-10 05:55:00,2875.18,2875.69,2875.1,2875.51,183.0
2025-02-10 06:00:00,2875.61,2876.37,2874.3,2875.03,232.0
2025-02-10 06:05:00,2875.03,2876.21,2874.86,2875.9,261.0
2025-02-10 06:10:00,2875.89,2877.35,2875.7,2877.22,240.0
2025-02-10 06:15:00,2877.29,2877.55,2876.69,2877.1,231.0
2025-02-10 06:20:00,2877.09,2877.45,2876.37,2877.01,214.0
2025-02-10 06:25:00,2876.99,2877.36,2876.38,2877.17,161.0
2025-02-10 06:30:00,2877.26,2877.69,2876.29,2876.77,156.0
2025-02-10 06:35:00,2876.73,2877.15,2875.75,2876.91,184.0
2025-02-10 06:40:00,2876.87,2879.34,2876.59,2878.2,238.0
2025-02-10 06:45:00,2878.22,2879.31,2877.82,2879.02,274.0
2025-02-10 06:50:00,2879.02,2879.66,2878.11,2878.72,227.0
2025-02-10 06:55:00,2878.7,2879.54,2878.49,2879.12,168.0
2025-02-10 07:00:00,2879.41,2879.63,2878.69,2878.84,201.0
2025-02-10 07:05:00,2878.76,2880.11,2878.76,2879.0,185.0
2025-02-10 07:10:00,2879.0,2879.74,2878.68,2879.09,168.0
2025-02-10 07:15:00,2878.93,2879.16,2878.02,2879.14,288.0
2025-02-10 07:20:00,2879.05,2879.28,2877.87,2878.62,290.0
2025-02-10 07:25:00,2878.57,2879.09,2878.25,2878.78,240.0
2025-02-10 07:30:00,2879.02,2879.02,2877.98,2878.51,352.0
2025-02-10 07:35:00,2878.47,2878.5,2877.48,2877.95,313.0
2025-02-10 07:40:00,2877.87,2878.87,2877.61,2878.54,253.0
2025-02-10 07:45:00,2878.48,2879.18,2877.54,2878.32,284.0
2025-02-10 07:50:00,2878.26,2878.38,2876.87,2877.55,379.0
2025-02-10 07:55:00,2877.55,2879.27,2876.03,2879.27,334.0
2025-02-10 08:00:00,2879.45,2881.07,2878.86,2880.95,408.0
2025-02-10 08:05:00,2880.98,2882.69,2880.98,2882.14,324.0
2025-02-10 08:10:00,2882.18,2883.52,2881.9,2882.35,394.0
2025-02-10 08:15:00,2882.39,2884.26,2882.14,2883.32,351.0
2025-02-10 08:20:00,2883.2,2884.28,2883.12,2883.59,335.0
2025-02-10 08:25:00,2883.61,2885.16,2883.6,2884.64,343.0
2025-02-10 08:30:00,2884.83,2885.28,2884.1,2885.12,328.0
2025-02-10 08:35:00,2885.17,2885.56,2884.25,2885.22,308.0
2025-02-10 08:40:00,2885.2,2885.97,2884.77,2885.88,289.0
2025-02-10 08:45:00,2885.92,2892.12,2885.3,2889.37,413.0
2025-02-10 08:50:00,2889.51,2890.26,2885.96,2888.11,418.0
2025-02-10 08:55:00,2888.4,2890.1,2887.34,2888.23,399.0
2025-02-10 09:00:00,2888.18,2888.51,2887.03,2887.44,344.0
2025-02-10 09:05:00,2887.38,2888.44,2886.62,2888.16,308.0
2025-02-10 09:10:00,2888.17,2889.35,2887.48,2889.04,317.0
2025-02-10 09:15:00,2888.96,2890.04,2888.88,2890.02,398.0
2025-02-10 09:20:00,2889.93,2891.28,2889.52,2890.69,354.0
2025-02-10 09:25:00,2890.94,2892.39,2890.62,2892.29,360.0
2025-02-10 09:30:00,2892.44,2895.41,2892.35,2894.5,417.0
2025-02-10 09:35:00,2894.51,2895.66,2893.8,2893.94,322.0
2025-02-10 09:40:00,2893.94,2894.23,2892.82,2893.59,271.0
2025-02-10 09:45:00,2893.55,2894.11,2891.0,2891.68,392.0
2025-02-10 09:50:00,2891.68,2895.64,2891.36,2894.71,363.0
2025-02-10 09:55:00,2894.7,2896.51,2894.68,2895.45,380.0
2025-02-10 10:00:00,2895.5,2896.58,2894.1,2895.47,454.0
2025-02-10 10:05:00,2895.48,2895.73,2893.51,2893.68,347.0
2025-02-10 10:10:00,2893.68,2894.7,2893.31,2894.18,366.0
2025-02-10 10:15:00,2893.98,2894.11,2892.23,2892.57,361.0
2025-02-10 10:20:00,2892.41,2893.73,2892.37,2893.26,411.0
2025-02-10 10:25:00,2893.33,2895.96,2892.88,2895.15,407.0
2025-02-10 10:30:00,2895.0,2895.41,2894.38,2895.04,339.0
2025-02-10 10:35:00,2895.02,2898.21,2894.44,2896.22,403.0
2025-02-10 10:40:00,2896.29,2898.79,2896.18,2897.42,468.0
2025-02-10 10:45:00,2897.47,2898.72,2896.52,2897.72,376.0
2025-02-10 10:50:00,2897.7,2897.71,2896.32,2896.77,374.0
2025-02-10 10:55:00,2896.8,2896.82,2896.16,2896.68,255.0
2025-02-10 11:00:00,2896.79,2898.16,2896.23,2898.02,382.0
2025-02-10 11:05:00,2898.0,2901.02,2897.88,2900.82,401.0
2025-02-10 11:10:00,2900.73,2901.04,2899.68,2901.0,320.0
2025-02-10 11:15:00,2900.95,2901.2,2899.2,2899.93,345.0
2025-02-10 11:20:00,2899.87,2901.15,2899.87,2900.88,300.0
2025-02-10 11:25:00,2900.87,2901.36,2899.19,2899.76,405.0
2025-02-10 11:30:00,2899.63,2902.44,2899.33,2901.89,418.0
2025-02-10 11:35:00,2901.93,2903.06,2901.21,2901.24,307.0
2025-02-10 11:40:00,2901.21,2902.69,2900.96,2901.4,336.0
2025-02-10 11:45:00,2901.58,2902.75,2901.54,2902.55,352.0
2025-02-10 11:50:00,2902.61,2903.06,2902.41,2902.83,305.0
2025-02-10 11:55:00,2902.87,2903.28,2902.4,2903.0,286.0
2025-02-10 12:00:00,2903.06,2904.65,2902.57,2904.2,360.0
2025-02-10 12:05:00,2904.17,2904.56,2903.14,2903.81,356.0
2025-02-10 12:10:00,2903.94,2906.26,2903.94,2905.47,451.0
2025-02-10 12:15:00,2905.48,2905.95,2903.65,2904.66,416.0
2025-02-10 12:20:00,2904.61,2905.2,2902.11,2902.7,388.0
2025-02-10 12:25:00,2902.57,2902.8,2901.45,2902.17,380.0
2025-02-10 12:30:00,2901.92,2902.34,2898.17,2899.1,426.0
2025-02-10 12:35:00,2899.12,2901.53,2898.73,2901.48,349.0
2025-02-10 12:40:00,2901.48,2901.89,2900.57,2901.42,326.0
2025-02-10 12:45:00,2901.68,2901.91,2900.26,2900.62,317.0
2025-02-10 12:50:00,2900.62,2902.41,2900.58,2901.83,355.0
2025-02-10 12:55:00,2901.75,2902.66,2900.81,2902.44,347.0
2025-02-10 13:00:00,2902.41,2904.85,2901.74,2903.66,331.0
2025-02-10 13:05:00,2903.37,2903.73,2901.64,2901.71,361.0
2025-02-10 13:10:00,2901.77,2902.03,2900.84,2901.11,343.0
2025-02-10 13:15:00,2901.11,2901.2,2900.38,2900.49,304.0
2025-02-10 13:20:00,2900.56,2900.63,2898.39,2898.69,383.0
2025-02-10 13:25:00,2898.57,2900.21,2898.31,2900.0,412.0
2025-02-10 13:30:00,2900.06,2902.16,2899.56,2902.16,311.0
2025-02-10 13:35:00,2902.09,2904.15,2901.89,2903.96,340.0
2025-02-10 13:40:00,2903.96,2905.24,2903.5,2904.15,409.0
2025-02-10 13:45:00,2904.11,2904.48,2903.23,2903.44,221.0
2025-02-10 13:50:00,2903.5,2903.78,2903.2,2903.44,234.0
2025-02-10 13:55:00,2903.44,2905.69,2903.36,2904.61,339.0
2025-02-10 14:00:00,2904.54,2905.71,2904.43,2904.93,437.0
2025-02-10 14:05:00,2904.87,2905.76,2904.37,2905.01,386.0
2025-02-10 14:10:00,2905.1,2906.8,2904.86,2906.36,374.0
2025-02-10 14:15:00,2906.46,2907.0,2905.56,2906.37,337.0
2025-02-10 14:20:00,2906.43,2906.92,2903.97,2904.99,398.0
2025-02-10 14:25:00,2904.77,2905.14,2904.0,2904.35,346.0
2025-02-10 14:30:00,2904.34,2906.18,2904.27,2904.38,382.0
2025-02-10 14:35:00,2904.32,2905.23,2902.78,2903.11,372.0
2025-02-10 14:40:00,2903.25,2904.33,2902.98,2903.76,352.0
2025-02-10 14:45:00,2903.67,2904.82,2903.22,2904.39,248.0
2025-02-10 14:50:00,2904.5,2906.73,2904.43,2906.48,344.0
2025-02-10 14:55:00,2906.49,2906.67,2902.73,2902.88,394.0
2025-02-10 15:00:00,2902.65,2904.59,2901.26,2904.4,515.0
2025-02-10 15:05:00,2904.43,2904.79,2902.8,2903.6,442.0
2025-02-10 15:10:00,2903.48,2905.71,2903.43,2905.04,440.0
2025-02-10 15:15:00,2905.01,2908.91,2903.92,2908.91,483.0
2025-02-10 15:20:00,2908.7,2910.83,2905.33,2905.56,521.0
2025-02-10 15:25:00,2905.52,2905.7,2902.34,2903.53,527.0
2025-02-10 15:30:00,2903.51,2904.33,2901.58,2903.26,526.0
2025-02-10 15:35:00,2903.3,2904.28,2901.46,2901.85,457.0
2025-02-10 15:40:00,2901.76,2902.13,2899.79,2900.22,508.0
2025-02-10 15:45:00,2900.11,2902.21,2899.81,2900.56,479.0
2025-02-10 15:50:00,2900.5,2903.11,2900.02,2902.24,445.0
2025-02-10 15:55:00,2902.24,2904.3,2900.11,2901.04,453.0
2025-02-10 16:00:00,2900.96,2901.63,2896.74,2896.81,422.0
2025-02-10 16:05:00,2896.73,2899.19,2896.36,2898.66,509.0
2025-02-10 16:10:00,2898.42,2900.81,2896.97,2900.71,482.0
2025-02-10 16:15:00,2900.68,2903.78,2899.83,2903.78,394.0
2025-02-10 16:20:00,2903.98,2905.16,2901.4,2901.4,447.0
2025-02-10 16:25:00,2901.37,2904.4,2901.14,2904.26,372.0
2025-02-10 16:30:00,2904.32,2904.9,2903.57,2904.69,490.0
2025-02-10 16:35:00,2904.67,2905.74,2901.78,2905.74,525.0
2025-02-10 16:40:00,2905.81,2906.81,2903.55,2905.82,503.0
2025-02-10 16:45:00,2905.62,2907.2,2904.94,2905.53,516.0
2025-02-10 16:50:00,2905.5,2908.46,2904.94,2908.32,467.0
2025-02-10 16:55:00,2908.4,2909.25,2906.69,2908.71,475.0
2025-02-10 17:00:00,2908.72,2909.01,2904.53,2907.07,527.0
2025-02-10 17:05:00,2906.83,2909.93,2906.58,2908.86,487.0
2025-02-10 17:10:00,2908.85,2910.12,2907.65,2909.94,415.0
2025-02-10 17:15:00,2909.96,2911.26,2908.72,2910.94,420.0
2025-02-10 17:20:00,2910.93,2911.3,2908.68,2909.31,397.0
2025-02-10 17:25:00,2909.27,2909.94,2907.8,2908.2,450.0
2025-02-10 17:30:00,2908.32,2908.49,2906.03,2907.93,486.0
2025-02-10 17:35:00,2908.06,2910.34,2907.79,2909.97,463.0
2025-02-10 17:40:00,2910.01,2911.77,2907.77,2907.99,434.0
2025-02-10 17:45:00,2908.04,2908.49,2905.29,2905.29,440.0
2025-02-10 17:50:00,2905.27,2908.66,2905.13,2907.7,411.0
2025-02-10 17:55:00,2907.88,2909.35,2906.61,2908.97,433.0
2025-02-10 18:00:00,2909.15,2910.35,2908.42,2910.05,394.0
2025-02-10 18:05:00,2910.06,2910.13,2907.33,2907.55,399.0
2025-02-10 18:10:00,2907.5,2908.7,2907.19,2908.29,329.0
2025-02-10 18:15:00,2908.17,2908.36,2905.9,2906.06,468.0
2025-02-10 18:20:00,2906.03,2907.39,2905.8,2905.97,386.0
2025-02-10 18:25:00,2906.01,2906.47,2904.58,2905.89,400.0
2025-02-10 18:30:00,2905.72,2906.74,2902.84,2903.85,438.0
2025-02-10 18:35:00,2903.86,2904.98,2903.44,2904.54,352.0
2025-02-10 18:40:00,2904.55,2905.23,2903.27,2903.42,308.0
2025-02-10 18:45:00,2903.41,2903.71,2900.01,2900.68,400.0
2025-02-10 18:50:00,2900.84,2901.21,2899.01,2900.58,426.0
2025-02-10 18:55:00,2900.58,2901.29,2899.97,2900.99,318.0
2025-02-10 19:00:00,2901.0,2902.92,2900.52,2901.74,288.0
2025-02-10 19:05:00,2901.92,2902.2,2900.09,2900.8,278.0
2025-02-10 19:10:00,2900.77,2901.24,2899.77,2901.22,339.0
2025-02-10 19:15:00,2901.16,2901.33,2898.86,2899.15,357.0
2025-02-10 19:20:00,2899.16,2899.42,2898.2,2898.69,301.0
2025-02-10 19:25:00,2898.66,2900.11,2898.08,2899.28,375.0
2025-02-10 19:30:00,2899.18,2899.92,2896.59,2896.59,421.0
2025-02-10 19:35:00,2896.66,2899.91,2896.65,2899.8,367.0
2025-02-10 19:40:00,2899.77,2902.09,2899.3,2901.6,365.0
2025-02-10 19:45:00,2901.62,2901.99,2900.08,2900.87,440.0
2025-02-10 19:50:00,2900.79,2903.0,2900.66,2902.98,386.0
2025-02-10 19:55:00,2902.98,2904.55,2902.67,2903.25,360.0
2025-02-10 20:00:00,2903.18,2903.94,2902.87,2903.11,267.0
2025-02-10 20:05:00,2903.04,2903.04,2900.92,2902.13,304.0
2025-02-10 20:10:00,2902.08,2904.44,2902.05,2903.86,399.0
2025-02-10 20:15:00,2903.85,2904.79,2903.85,2904.66,376.0
2025-02-10 20:20:00,2904.59,2906.57,2904.34,2906.48,412.0
2025-02-10 20:25:00,2906.47,2906.93,2905.14,2906.05,424.0
2025-02-10 20:30:00,2906.13,2907.01,2905.44,2906.88,364.0
2025-02-10 20:35:00,2906.81,2906.87,2904.79,2905.1,276.0
2025-02-10 20:40:00,2905.11,2906.48,2905.08,2905.87,278.0
2025-02-10 20:45:00,2905.83,2906.01,2904.51,2905.42,315.0
2025-02-10 20:50:00,2905.41,2905.9,2904.97,2905.27,280.0
2025-02-10 20:55:00,2905.3,2905.85,2905.07,2905.07,332.0
2025-02-10 21:00:00,2905.08,2905.99,2904.72,2905.8,295.0
2025-02-10 21:05:00,2905.77,2906.68,2905.51,2905.96,285.0
2025-02-10 21:10:00,2905.96,2905.98,2904.88,2904.96,246.0
2025-02-10 21:15:00,2904.97,2905.93,2904.87,2905.45,199.0
2025-02-10 21:20:00,2905.41,2905.75,2904.97,2905.06,246.0
2025-02-10 21:25:00,2905.12,2905.18,2903.65,2904.12,318.0
2025-02-10 21:30:00,2904.25,2904.27,2902.51,2903.43,374.0
2025-02-10 21:35:00,2903.42,2904.12,2903.08,2903.75,323.0
2025-02-10 21:40:00,2903.97,2905.03,2903.65,2904.88,393.0
2025-02-10 21:45:00,2904.89,2905.37,2904.5,2904.57,281.0
2025-02-10 21:50:00,2904.5,2904.69,2903.34,2903.63,356.0
2025-02-10 21:55:00,2903.57,2904.44,2903.29,2904.37,360.0
2025-02-10 22:00:00,2904.33,2904.78,2903.6,2903.96,357.0
2025-02-10 22:05:00,2903.99,2904.36,2903.42,2903.47,312.0
2025-02-10 22:10:00,2903.43,2904.56,2903.37,2904.52,307.0
2025-02-10 22:15:00,2904.57,2905.3,2904.1,2905.29,337.0
2025-02-10 22:20:00,2905.39,2905.5,2903.63,2903.86,349.0
2025-02-10 22:25:00,2903.88,2903.91,2903.04,2903.32,331.0
2025-02-10 22:30:00,2903.25,2904.33,2903.19,2904.08,331.0
2025-02-10 22:35:00,2904.08,2904.21,2903.04,2903.22,320.0
2025-02-10 22:40:00,2903.21,2904.04,2902.92,2903.74,370.0
2025-02-10 22:45:00,2903.75,2905.48,2903.75,2905.05,402.0
2025-02-10 22:50:00,2905.02,2905.84,2904.58,2905.4,398.0
2025-02-10 22:55:00,2905.54,2907.75,2905.43,2907.49,447.0
2025-02-10 23:00:00,2907.31,2907.35,2906.19,2906.45,160.0
2025-02-10 23:05:00,2906.43,2906.61,2906.1,2906.36,119.0
2025-02-10 23:10:00,2906.35,2906.57,2906.2,2906.46,72.0
2025-02-10 23:15:00,2906.37,2906.69,2906.24,2906.41,127.0
2025-02-10 23:20:00,2906.35,2906.5,2905.33,2905.45,116.0
2025-02-10 23:25:00,2905.48,2906.14,2905.48,2905.93,141.0
2025-02-10 23:30:00,2905.95,2906.65,2905.77,2906.55,99.0
2025-02-10 23:35:00,2906.44,2907.24,2906.24,2907.24,102.0
2025-02-10 23:40:00,2907.21,2908.3,2906.87,2907.9,115.0
2025-02-10 23:45:00,2907.91,2908.0,2907.06,2907.67,118.0
2025-02-10 23:50:00,2907.66,2908.0,2907.38,2907.97,106.0
2025-02-10 23:55:00,2907.55,2908.08,2907.48,2907.88,94.0
2025-02-11 01:00:00,2907.9,2913.23,2907.87,2911.7,329.0
2025-02-11 01:05:00,2911.09,2912.12,2910.52,2911.25,159.0
2025-02-11 01:10:00,2911.26,2912.1,2909.48,2911.34,114.0
2025-02-11 01:15:00,2911.36,2911.36,2909.7,2910.56,142.0
2025-02-11 01:20:00,2910.45,2912.02,2909.99,2912.02,148.0
2025-02-11 01:25:00,2912.03,2912.76,2911.45,2912.25,167.0
2025-02-11 01:30:00,2912.26,2916.16,2911.4,2916.16,225.0
2025-02-11 01:35:00,2916.16,2918.97,2915.89,2918.63,329.0
2025-02-11 01:40:00,2918.64,2921.67,2918.62,2921.48,337.0
2025-02-11 01:45:00,2921.48,2921.5,2918.37,2918.46,312.0
2025-02-11 01:50:00,2918.53,2920.44,2918.51,2919.91,188.0
2025-02-11 01:55:00,2919.75,2919.84,2917.2,2917.83,191.0
2025-02-11 02:00:00,2917.96,2918.04,2916.43,2916.81,199.0
2025-02-11 02:05:00,2916.81,2918.52,2916.42,2918.22,228.0
2025-02-11 02:10:00,2918.22,2918.66,2917.9,2918.51,215.0
2025-02-11 02:15:00,2918.43,2918.74,2918.09,2918.11,157.0
2025-02-11 02:20:00,2918.15,2918.99,2918.15,2918.89,150.0
2025-02-11 02:25:00,2918.88,2919.02,2918.52,2918.63,98.0
2025-02-11 02:30:00,2918.51,2918.51,2917.54,2918.01,142.0
2025-02-11 02:35:00,2918.01,2920.27,2917.97,2919.45,140.0
2025-02-11 02:40:00,2919.51,2920.83,2919.51,2920.57,244.0
2025-02-11 02:45:00,2920.58,2921.93,2919.68,2921.89,336.0
2025-02-11 02:50:00,2921.91,2924.6,2921.41,2924.5,387.0
2025-02-11 02:55:00,2924.48,2924.97,2921.85,2922.61,381.0
2025-02-11 03:00:00,2922.6,2923.44,2920.73,2920.78,467.0
2025-02-11 03:05:00,2920.82,2924.78,2919.62,2924.72,438.0
2025-02-11 03:10:00,2924.55,2931.28,2923.92,2929.87,487.0
2025-02-11 03:15:00,2930.02,2932.07,2927.35,2931.13,454.0
2025-02-11 03:20:00,2930.7,2931.56,2928.65,2930.03,405.0
2025-02-11 03:25:00,2930.11,2930.21,2927.48,2928.35,402.0
2025-02-11 03:30:00,2928.21,2929.55,2927.47,2928.75,409.0
2025-02-11 03:35:00,2928.84,2930.99,2928.45,2930.85,365.0
2025-02-11 03:40:00,2930.73,2931.88,2930.11,2931.71,378.0
2025-02-11 03:45:00,2931.63,2932.36,2929.14,2930.41,423.0
2025-02-11 03:50:00,2930.43,2935.94,2929.16,2935.49,452.0
2025-02-11 03:55:00,2935.5,2935.67,2933.01,2933.95,411.0
2025-02-11 04:00:00,2933.96,2938.59,2933.78,2936.98,483.0
2025-02-11 04:05:00,2937.0,2937.48,2935.67,2936.8,385.0
2025-02-11 04:10:00,2936.73,2942.58,2936.59,2939.93,464.0
2025-02-11 04:15:00,2939.93,2942.58,2937.63,2937.63,485.0
2025-02-11 04:20:00,2938.06,2940.06,2938.06,2940.01,349.0
2025-02-11 04:25:00,2940.01,2940.1,2939.35,2939.87,292.0
2025-02-11 04:30:00,2939.95,2941.54,2931.58,2931.63,520.0
2025-02-11 04:35:00,2931.63,2931.75,2912.9,2914.56,616.0
2025-02-11 04:40:00,2914.52,2919.38,2906.31,2916.39,729.0
2025-02-11 04:45:00,2916.23,2918.07,2913.23,2917.64,548.0
2025-02-11 04:50:00,2917.67,2923.86,2916.73,2921.09,497.0
2025-02-11 04:55:00,2921.09,2922.68,2917.77,2918.76,504.0
2025-02-11 05:00:00,2918.46,2918.46,2911.15,2911.75,532.0
2025-02-11 05:05:00,2911.62,2916.66,2911.52,2916.18,529.0
2025-02-11 05:10:00,2916.18,2918.85,2914.44,2915.56,489.0
2025-02-11 05:15:00,2915.46,2917.19,2914.68,2916.08,388.0
2025-02-11 05:20:00,2916.41,2918.76,2915.69,2918.61,440.0
2025-02-11 05:25:00,2919.08,2922.51,2918.91,2921.72,469.0
2025-02-11 05:30:00,2922.09,2923.13,2921.0,2923.03,247.0
2025-02-11 05:35:00,2923.04,2925.62,2922.73,2925.46,312.0
2025-02-11 05:40:00,2925.46,2925.71,2923.81,2924.59,280.0
2025-02-11 05:45:00,2924.27,2924.81,2922.03,2922.93,302.0
2025-02-11 05:50:00,2922.97,2922.97,2918.71,2920.39,374.0
2025-02-11 05:55:00,2920.37,2920.69,2916.58,2919.61,348.0
2025-02-11 06:00:00,2919.61,2920.24,2918.06,2919.14,244.0
2025-02-11 06:05:00,2919.09,2920.39,2918.85,2919.09,173.0
2025-02-11 06:10:00,2918.99,2920.29,2917.94,2919.57,288.0
2025-02-11 06:15:00,2919.57,2920.34,2918.89,2919.89,219.0
2025-02-11 06:20:00,2919.89,2919.89,2918.34,2919.17,247.0
2025-02-11 06:25:00,2919.17,2920.7,2918.91,2919.31,286.0
2025-02-11 06:30:00,2919.31,2919.35,2917.68,2919.28,325.0
2025-02-11 06:35:00,2919.1,2919.79,2918.12,2918.98,277.0
2025-02-11 06:40:00,2918.91,2919.54,2918.5,2919.06,251.0
2025-02-11 06:45:00,2918.82,2919.2,2917.25,2917.67,209.0
2025-02-11 06:50:00,2917.54,2917.91,2915.82,2916.41,299.0
2025-02-11 06:55:00,2916.39,2916.45,2914.64,2916.29,271.0
2025-02-11 07:00:00,2916.11,2917.0,2915.21,2916.22,239.0
2025-02-11 07:05:00,2916.11,2918.15,2915.98,2918.12,247.0
2025-02-11 07:10:00,2918.19,2918.36,2916.97,2918.34,205.0
2025-02-11 07:15:00,2918.56,2919.42,2917.76,2918.0,278.0
2025-02-11 07:20:00,2918.4,2918.57,2916.85,2918.05,299.0
2025-02-11 07:25:00,2918.25,2919.31,2917.9,2918.77,324.0
2025-02-11 07:30:00,2919.13,2920.99,2918.33,2920.81,391.0
2025-02-11 07:35:00,2920.71,2920.99,2917.88,2919.96,336.0
2025-02-11 07:40:00,2919.77,2922.7,2919.48,2922.59,353.0
2025-02-11 07:45:00,2922.66,2923.44,2921.36,2922.02,324.0
2025-02-11 07:50:00,2922.0,2923.59,2921.32,2923.4,308.0
2025-02-11 07:55:00,2923.43,2923.66,2922.29,2922.9,288.0
2025-02-11 08:00:00,2922.61,2926.83,2922.46,2926.6,416.0
2025-02-11 08:05:00,2926.77,2929.26,2926.5,2927.76,432.0
2025-02-11 08:10:00,2927.69,2929.15,2925.66,2926.45,406.0
2025-02-11 08:15:00,2926.19,2926.72,2923.46,2923.91,401.0
2025-02-11 08:20:00,2923.91,2925.12,2922.12,2923.17,338.0
2025-02-11 08:25:00,2923.2,2924.13,2920.88,2921.86,315.0
2025-02-11 08:30:00,2921.7,2923.41,2920.75,2921.48,346.0
2025-02-11 08:35:00,2921.73,2922.11,2919.19,2919.19,396.0
2025-02-11 08:40:00,2919.19,2919.19,2915.56,2917.37,400.0
2025-02-11 08:45:00,2917.53,2918.77,2916.83,2917.18,389.0
2025-02-11 08:50:00,2917.2,2917.34,2915.53,2915.73,368.0
2025-02-11 08:55:00,2915.64,2918.42,2915.34,2917.89,344.0
2025-02-11 09:00:00,2917.78,2917.78,2912.51,2913.04,495.0
2025-02-11 09:05:00,2913.1,2915.69,2912.93,2915.4,368.0
2025-02-11 09:10:00,2915.65,2918.32,2915.46,2918.14,363.0
2025-02-11 09:15:00,2918.27,2918.27,2916.5,2917.62,316.0
2025-02-11 09:20:00,2917.6,2918.19,2915.38,2916.05,350.0
2025-02-11 09:25:00,2915.77,2915.96,2910.76,2911.05,436.0
2025-02-11 09:30:00,2910.96,2911.24,2907.95,2911.14,480.0
2025-02-11 09:35:00,2911.24,2911.78,2907.31,2909.48,475.0
2025-02-11 09:40:00,2909.56,2911.49,2908.56,2910.19,372.0
2025-02-11 09:45:00,2910.45,2911.98,2908.48,2910.39,391.0
2025-02-11 09:50:00,2910.35,2912.58,2909.63,2912.04,324.0
2025-02-11 09:55:00,2912.03,2913.53,2911.87,2913.44,357.0
2025-02-11 10:00:00,2913.05,2915.38,2912.36,2913.02,382.0
2025-02-11 10:05:00,2912.79,2914.07,2911.82,2912.48,416.0
2025-02-11 10:10:00,2911.92,2912.92,2910.64,2911.22,373.0
2025-02-11 10:15:00,2911.26,2914.16,2910.77,2913.8,399.0
2025-02-11 10:20:00,2913.93,2914.09,2909.05,2910.77,419.0
2025-02-11 10:25:00,2911.03,2914.1,2909.95,2914.01,450.0
2025-02-11 10:30:00,2913.88,2914.57,2912.11,2912.52,414.0
2025-02-11 10:35:00,2912.55,2913.81,2912.28,2912.63,394.0
2025-02-11 10:40:00,2912.64,2913.33,2910.05,2911.56,415.0
2025-02-11 10:45:00,2911.46,2912.76,2910.57,2911.18,273.0
2025-02-11 10:50:00,2911.19,2911.22,2907.69,2907.69,356.0
2025-02-11 10:55:00,2908.13,2910.48,2907.02,2907.45,448.0
2025-02-11 11:00:00,2907.26,2912.2,2904.8,2911.69,491.0
2025-02-11 11:05:00,2911.81,2911.81,2909.79,2911.32,436.0
2025-02-11 11:10:00,2911.33,2911.71,2910.52,2910.82,336.0
2025-02-11 11:15:00,2910.95,2910.95,2908.92,2910.46,354.0
2025-02-11 11:20:00,2910.51,2911.04,2909.19,2909.37,432.0
2025-02-11 11:25:00,2909.29,2910.44,2909.23,2909.98,433.0
2025-02-11 11:30:00,2909.88,2909.88,2907.33,2908.82,423.0
2025-02-11 11:35:00,2908.83,2909.31,2905.64,2905.91,432.0
2025-02-11 11:40:00,2905.9,2905.9,2903.9,2904.24,448.0
2025-02-11 11:45:00,2904.2,2905.52,2903.72,2905.52,376.0
2025-02-11 11:50:00,2905.5,2907.05,2905.03,2905.58,285.0
2025-02-11 11:55:00,2905.81,2906.55,2902.99,2903.3,281.0
2025-02-11 12:00:00,2903.01,2906.85,2901.82,2905.36,466.0
2025-02-11 12:05:00,2905.32,2907.09,2904.61,2906.03,322.0
2025-02-11 12:10:00,2906.0,2906.86,2904.88,2905.71,379.0
2025-02-11 12:15:00,2905.69,2905.93,2904.56,2905.14,401.0
2025-02-11 12:20:00,2905.15,2905.36,2903.86,2904.34,340.0
2025-02-11 12:25:00,2904.38,2906.28,2904.07,2905.28,389.0
2025-02-11 12:30:00,2905.26,2906.77,2904.64,2906.37,413.0
2025-02-11 12:35:00,2906.35,2907.11,2904.55,2904.73,337.0
2025-02-11 12:40:00,2904.72,2905.1,2902.06,2903.05,405.0
2025-02-11 12:45:00,2903.07,2904.12,2903.05,2903.91,374.0
2025-02-11 12:50:00,2903.93,2904.0,2902.51,2903.13,377.0
2025-02-11 12:55:00,2903.05,2903.11,2901.96,2902.46,412.0
2025-02-11 13:00:00,2902.63,2904.32,2902.1,2903.78,422.0
2025-02-11 13:05:00,2903.77,2906.03,2903.67,2905.35,361.0
2025-02-11 13:10:00,2905.36,2906.37,2904.86,2905.6,309.0
2025-02-11 13:15:00,2905.6,2905.98,2904.31,2904.41,280.0
2025-02-11 13:20:00,2904.31,2906.35,2904.2,2906.05,293.0
2025-02-11 13:25:00,2906.05,2906.24,2904.5,2904.91,301.0
2025-02-11 13:30:00,2904.93,2905.5,2904.39,2905.05,347.0
2025-02-11 13:35:00,2905.06,2905.27,2902.83,2904.82,391.0
2025-02-11 13:40:00,2904.69,2905.17,2903.63,2903.86,323.0
2025-02-11 13:45:00,2903.99,2905.32,2903.69,2904.89,383.0
2025-02-11 13:50:00,2904.81,2906.69,2904.81,2905.13,395.0
2025-02-11 13:55:00,2905.19,2905.28,2903.9,2903.98,312.0
2025-02-11 14:00:00,2903.98,2904.4,2902.07,2902.37,441.0
2025-02-11 14:05:00,2902.4,2904.15,2898.54,2899.03,463.0
2025-02-11 14:10:00,2899.03,2901.15,2898.21,2900.29,505.0
2025-02-11 14:15:00,2900.31,2903.68,2900.27,2901.43,437.0
2025-02-11 14:20:00,2901.28,2902.04,2899.72,2901.1,449.0
2025-02-11 14:25:00,2901.03,2901.58,2898.79,2899.71,385.0
2025-02-11 14:30:00,2899.72,2901.03,2898.98,2900.52,426.0
2025-02-11 14:35:00,2900.52,2901.86,2900.35,2900.39,425.0
2025-02-11 14:40:00,2900.44,2901.48,2897.96,2898.89,436.0
2025-02-11 14:45:00,2898.91,2899.84,2896.59,2896.7,382.0
2025-02-11 14:50:00,2896.71,2896.71,2890.47,2891.95,534.0
2025-02-11 14:55:00,2892.0,2893.31,2886.89,2889.32,533.0
2025-02-11 15:00:00,2889.04,2890.76,2883.87,2886.89,571.0
2025-02-11 15:05:00,2886.7,2889.85,2884.6,2885.3,549.0
2025-02-11 15:10:00,2885.38,2887.85,2883.73,2884.57,535.0
2025-02-11 15:15:00,2884.3,2886.14,2881.81,2882.69,518.0
2025-02-11 15:20:00,2882.19,2889.2,2882.0,2888.79,565.0
2025-02-11 15:25:00,2888.75,2890.18,2887.22,2889.57,538.0
2025-02-11 15:30:00,2889.86,2891.18,2887.96,2890.65,480.0
2025-02-11 15:35:00,2890.62,2896.15,2890.22,2894.78,520.0
2025-02-11 15:40:00,2894.52,2896.5,2892.98,2895.05,536.0
2025-02-11 15:45:00,2894.83,2898.04,2892.95,2893.28,496.0
2025-02-11 15:50:00,2893.15,2895.28,2891.68,2892.7,453.0
2025-02-11 15:55:00,2892.69,2896.9,2892.48,2896.36,507.0
2025-02-11 16:00:00,2896.47,2899.08,2894.88,2897.57,544.0
2025-02-11 16:05:00,2897.56,2901.62,2896.84,2900.74,514.0
2025-02-11 16:10:00,2900.67,2902.33,2897.79,2898.4,521.0
2025-02-11 16:15:00,2898.42,2900.23,2898.27,2899.47,406.0
2025-02-11 16:20:00,2899.31,2899.75,2897.22,2897.3,490.0
2025-02-11 16:25:00,2897.25,2900.9,2896.35,2900.9,494.0
2025-02-11 16:30:00,2901.84,2904.28,2901.13,2903.34,556.0
2025-02-11 16:35:00,2903.33,2904.2,2900.05,2901.03,547.0
2025-02-11 16:40:00,2900.94,2904.04,2899.08,2902.73,533.0
2025-02-11 16:45:00,2902.85,2903.42,2899.96,2901.0,519.0
2025-02-11 16:50:00,2900.86,2901.08,2898.05,2900.23,494.0
2025-02-11 16:55:00,2900.14,2900.59,2895.8,2896.64,479.0
2025-02-11 17:00:00,2896.15,2898.34,2890.91,2893.04,462.0
2025-02-11 17:05:00,2892.9,2899.38,2892.43,2899.13,531.0
2025-02-11 17:10:00,2899.13,2902.03,2897.98,2901.14,533.0
2025-02-11 17:15:00,2900.95,2901.21,2898.98,2899.42,479.0
2025-02-11 17:20:00,2899.81,2900.06,2896.95,2898.36,499.0
2025-02-11 17:25:00,2898.27,2899.07,2896.7,2898.1,475.0
2025-02-11 17:30:00,2898.03,2900.27,2896.79,2899.16,486.0
2025-02-11 17:35:00,2899.16,2901.98,2898.35,2901.09,460.0
2025-02-11 17:40:00,2901.08,2904.7,2901.08,2903.98,521.0
2025-02-11 17:45:00,2903.97,2905.57,2903.78,2903.81,444.0
2025-02-11 17:50:00,2903.77,2906.52,2903.64,2905.68,424.0
2025-02-11 17:55:00,2905.55,2906.41,2904.3,2904.74,471.0
2025-02-11 18:00:00,2904.98,2905.7,2903.63,2904.35,446.0
2025-02-11 18:05:00,2904.23,2906.32,2903.09,2906.22,472.0
2025-02-11 18:10:00,2906.19,2906.68,2904.84,2906.34,379.0
2025-02-11 18:15:00,2906.22,2907.24,2905.59,2906.31,445.0
2025-02-11 18:20:00,2906.39,2908.61,2906.36,2906.96,465.0
2025-02-11 18:25:00,2906.87,2907.82,2906.16,2906.95,391.0
2025-02-11 18:30:00,2907.01,2907.05,2905.27,2905.45,457.0
2025-02-11 18:35:00,2905.5,2905.98,2903.45,2904.7,471.0
2025-02-11 18:40:00,2904.67,2905.23,2903.28,2903.73,379.0
2025-02-11 18:45:00,2903.86,2904.75,2902.56,2904.58,410.0
2025-02-11 18:50:00,2904.54,2904.65,2902.49,2904.58,414.0
2025-02-11 18:55:00,2904.57,2905.43,2902.33,2902.39,388.0
2025-02-11 19:00:00,2902.25,2902.3,2899.79,2900.71,464.0
2025-02-11 19:05:00,2900.63,2901.36,2899.57,2900.23,439.0
2025-02-11 19:10:00,2900.24,2901.09,2899.85,2900.87,389.0
2025-02-11 19:15:00,2901.09,2904.18,2900.61,2903.98,411.0
2025-02-11 19:20:00,2904.02,2904.3,2902.26,2903.53,326.0
2025-02-11 19:25:00,2903.57,2905.35,2903.42,2905.32,351.0
2025-02-11 19:30:00,2905.36,2906.66,2904.96,2905.76,392.0
2025-02-11 19:35:00,2905.65,2906.15,2904.75,2905.71,410.0
2025-02-11 19:40:00,2905.66,2906.5,2905.47,2905.89,391.0
2025-02-11 19:45:00,2905.9,2907.26,2905.62,2906.37,373.0
2025-02-11 19:50:00,2906.41,2907.0,2905.82,2906.15,382.0
2025-02-11 19:55:00,2906.17,2906.84,2905.32,2905.6,393.0
2025-02-11 20:00:00,2905.63,2907.11,2905.33,2905.45,409.0
2025-02-11 20:05:00,2905.45,2905.47,2904.22,2905.26,372.0
2025-02-11 20:10:00,2905.28,2905.83,2904.99,2905.6,364.0
2025-02-11 20:15:00,2905.57,2906.54,2905.39,2906.19,364.0
2025-02-11 20:20:00,2906.15,2906.28,2903.47,2903.47,434.0
2025-02-11 20:25:00,2903.5,2904.62,2903.29,2904.51,391.0
2025-02-11 20:30:00,2904.37,2905.35,2904.2,2904.52,319.0
2025-02-11 20:35:00,2904.67,2905.43,2904.61,2904.88,361.0
2025-02-11 20:40:00,2904.91,2906.32,2904.42,2905.67,329.0
2025-02-11 20:45:00,2905.67,2906.24,2905.41,2905.9,328.0
2025-02-11 20:50:00,2905.91,2906.35,2905.5,2906.06,334.0
2025-02-11 20:55:00,2906.07,2906.14,2905.49,2905.94,305.0
2025-02-11 21:00:00,2905.87,2906.48,2905.81,2906.06,348.0
2025-02-11 21:05:00,2906.06,2906.13,2904.86,2905.02,222.0
2025-02-11 21:10:00,2905.03,2905.04,2904.14,2904.42,326.0
2025-02-11 21:15:00,2904.4,2904.7,2903.45,2903.72,295.0
2025-02-11 21:20:00,2903.72,2904.32,2902.81,2902.81,303.0
2025-02-11 21:25:00,2902.81,2902.96,2900.62,2901.7,396.0
2025-02-11 21:30:00,2901.64,2901.75,2900.36,2900.58,399.0
2025-02-11 21:35:00,2900.52,2901.92,2900.47,2901.75,339.0
2025-02-11 21:40:00,2901.8,2903.23,2901.59,2901.82,407.0
2025-02-11 21:45:00,2901.76,2901.83,2899.94,2900.44,427.0
2025-02-11 21:50:00,2900.52,2900.91,2899.79,2900.33,396.0
2025-02-11 21:55:00,2900.11,2900.9,2899.59,2899.99,399.0
2025-02-11 22:00:00,2899.97,2900.4,2899.24,2899.27,386.0
2025-02-11 22:05:00,2899.3,2899.8,2898.34,2899.04,396.0
2025-02-11 22:10:00,2899.03,2899.42,2898.15,2898.18,389.0
2025-02-11 22:15:00,2898.18,2898.38,2897.57,2897.82,374.0
2025-02-11 22:20:00,2897.72,2897.72,2895.7,2895.71,424.0
2025-02-11 22:25:00,2895.86,2896.35,2894.39,2895.54,421.0
2025-02-11 22:30:00,2895.41,2895.94,2894.06,2894.35,420.0
2025-02-11 22:35:00,2894.45,2895.51,2894.4,2895.39,418.0
2025-02-11 22:40:00,2895.4,2896.9,2895.25,2896.65,372.0
2025-02-11 22:45:00,2896.59,2897.63,2896.43,2896.85,410.0
2025-02-11 22:50:00,2897.1,2898.06,2896.76,2898.03,445.0
2025-02-11 22:55:00,2897.96,2898.1,2896.5,2897.56,384.0
2025-02-11 23:00:00,2897.34,2898.25,2897.34,2898.23,118.0
2025-02-11 23:05:00,2898.23,2898.61,2897.19,2898.53,112.0
2025-02-11 23:10:00,2898.52,2898.57,2897.51,2897.51,84.0
2025-02-11 23:15:00,2897.74,2898.92,2897.64,2898.68,67.0
2025-02-11 23:20:00,2898.68,2898.92,2898.3,2898.4,76.0
2025-02-11 23:25:00,2898.39,2899.63,2898.23,2899.06,109.0
2025-02-11 23:30:00,2898.95,2898.95,2898.38,2898.38,99.0
2025-02-11 23:35:00,2898.38,2898.84,2898.05,2898.7,75.0
2025-02-11 23:40:00,2898.67,2898.91,2898.38,2898.86,117.0
2025-02-11 23:45:00,2898.77,2899.42,2898.7,2898.89,121.0
2025-02-11 23:50:00,2898.9,2899.75,2898.77,2899.27,91.0
2025-02-11 23:55:00,2898.63,2898.85,2897.52,2897.53,112.0
2025-02-12 01:00:00,2898.02,2898.58,2896.99,2897.94,168.0
2025-02-12 01:05:00,2897.45,2898.38,2896.92,2897.35,56.0
2025-02-12 01:10:00,2897.44,2898.5,2896.75,2898.15,81.0
2025-02-12 01:15:00,2898.12,2900.03,2897.98,2899.97,136.0
2025-02-12 01:20:00,2899.98,2900.27,2899.43,2899.78,144.0
2025-02-12 01:25:00,2899.8,2900.12,2899.58,2899.76,65.0
2025-02-12 01:30:00,2899.81,2900.09,2899.52,2899.97,93.0
2025-02-12 01:35:00,2900.03,2900.17,2899.14,2899.29,84.0
2025-02-12 01:40:00,2899.35,2900.71,2899.17,2900.45,98.0
2025-02-12 01:45:00,2900.66,2900.82,2899.77,2900.53,145.0
2025-02-12 01:50:00,2900.41,2900.53,2898.31,2898.43,202.0
2025-02-12 01:55:00,2898.43,2898.85,2898.43,2898.53,76.0
2025-02-12 02:00:00,2898.68,2898.73,2896.63,2896.65,204.0
2025-02-12 02:05:00,2896.69,2896.91,2895.18,2896.58,229.0
2025-02-12 02:10:00,2896.69,2897.91,2896.59,2897.29,189.0
2025-02-12 02:15:00,2897.3,2897.74,2896.12,2896.61,188.0
2025-02-12 02:20:00,2896.61,2897.29,2896.09,2896.75,122.0
2025-02-12 02:25:00,2896.74,2896.74,2895.2,2895.68,157.0
2025-02-12 02:30:00,2895.73,2896.13,2894.94,2895.15,167.0
2025-02-12 02:35:00,2895.15,2895.33,2894.82,2895.16,135.0
2025-02-12 02:40:00,2895.17,2895.21,2893.14,2893.39,157.0
2025-02-12 02:45:00,2893.4,2893.77,2892.0,2892.16,256.0
2025-02-12 02:50:00,2892.03,2892.09,2889.44,2890.22,356.0
2025-02-12 02:55:00,2890.25,2893.02,2890.2,2892.25,362.0
2025-02-12 03:00:00,2892.39,2897.71,2891.03,2897.71,460.0
2025-02-12 03:05:00,2897.73,2897.81,2895.26,2895.76,401.0
2025-02-12 03:10:00,2895.78,2895.92,2891.49,2891.7,328.0
2025-02-12 03:15:00,2891.71,2893.75,2889.75,2889.75,430.0
2025-02-12 03:20:00,2889.76,2892.48,2889.64,2890.82,362.0
2025-02-12 03:25:00,2890.6,2893.05,2890.14,2891.99,385.0
2025-02-12 03:30:00,2891.92,2891.92,2883.77,2891.2,504.0
2025-02-12 03:35:00,2891.33,2894.09,2889.81,2893.86,487.0
2025-02-12 03:40:00,2893.93,2894.72,2892.38,2893.56,427.0
2025-02-12 03:45:00,2893.67,2896.05,2893.07,2894.92,399.0
2025-02-12 03:50:00,2894.89,2895.6,2893.97,2894.05,362.0
2025-02-12 03:55:00,2894.03,2894.29,2892.46,2893.35,366.0
2025-02-12 04:00:00,2893.34,2895.36,2892.71,2894.04,367.0
2025-02-12 04:05:00,2894.1,2895.74,2894.0,2894.77,392.0
2025-02-12 04:10:00,2894.77,2895.1,2893.41,2894.95,287.0
2025-02-12 04:15:00,2894.8,2895.54,2893.65,2894.41,241.0
2025-02-12 04:20:00,2894.39,2894.99,2893.6,2893.97,267.0
2025-02-12 04:25:00,2893.87,2896.36,2893.49,2895.95,324.0
2025-02-12 04:30:00,2895.88,2897.75,2893.73,2894.93,398.0
2025-02-12 04:35:00,2895.51,2896.7,2894.3,2895.09,406.0
2025-02-12 04:40:00,2895.11,2895.73,2894.28,2895.37,325.0
2025-02-12 04:45:00,2895.36,2897.12,2893.72,2894.35,344.0
2025-02-12 04:50:00,2894.37,2895.25,2893.75,2894.06,323.0
2025-02-12 04:55:00,2894.08,2894.39,2891.68,2892.38,430.0
2025-02-12 05:00:00,2892.32,2892.89,2891.14,2892.01,402.0
2025-02-12 05:05:00,2891.9,2893.11,2888.77,2889.08,423.0
2025-02-12 05:10:00,2889.31,2889.73,2887.85,2888.24,404.0
2025-02-12 05:15:00,2888.26,2889.78,2887.41,2887.75,378.0
2025-02-12 05:20:00,2888.2,2891.41,2887.54,2891.03,352.0
2025-02-12 05:25:00,2891.01,2891.62,2889.26,2889.63,369.0
2025-02-12 05:30:00,2889.53,2889.97,2887.88,2887.91,271.0
2025-02-12 05:35:00,2887.91,2889.66,2887.12,2889.33,207.0
2025-02-12 05:40:00,2889.49,2889.49,2887.24,2888.22,273.0
2025-02-12 05:45:00,2888.2,2888.62,2886.84,2888.0,290.0
2025-02-12 05:50:00,2887.97,2889.39,2887.66,2889.07,243.0
2025-02-12 05:55:00,2889.07,2889.35,2888.78,2889.03,229.0
2025-02-12 06:00:00,2889.02,2889.03,2887.98,2888.27,263.0
2025-02-12 06:05:00,2888.07,2888.92,2887.97,2888.28,193.0
2025-02-12 06:10:00,2888.27,2888.82,2887.89,2888.68,250.0
2025-02-12 06:15:00,2888.54,2889.3,2888.46,2889.0,265.0
2025-02-12 06:20:00,2888.96,2889.66,2888.49,2889.13,247.0
2025-02-12 06:25:00,2889.12,2890.51,2888.82,2889.89,258.0
2025-02-12 06:30:00,2889.77,2890.11,2885.07,2886.26,327.0
2025-02-12 06:35:00,2886.38,2887.77,2886.33,2887.7,211.0
2025-02-12 06:40:00,2887.46,2888.02,2886.62,2886.84,187.0
2025-02-12 06:45:00,2886.79,2887.84,2884.25,2884.69,290.0
2025-02-12 06:50:00,2884.66,2886.27,2884.05,2885.68,335.0
2025-02-12 06:55:00,2885.6,2886.43,2885.13,2885.17,281.0
2025-02-12 07:00:00,2885.36,2885.69,2884.06,2885.35,296.0
2025-02-12 07:05:00,2885.23,2886.12,2884.54,2884.92,213.0
2025-02-12 07:10:00,2884.91,2885.18,2884.42,2884.96,265.0
2025-02-12 07:15:00,2884.89,2885.38,2884.37,2884.79,243.0
2025-02-12 07:20:00,2884.77,2885.68,2883.99,2884.93,267.0
2025-02-12 07:25:00,2884.85,2885.81,2883.66,2885.48,299.0
2025-02-12 07:30:00,2885.39,2887.4,2884.7,2886.37,409.0
2025-02-12 07:35:00,2886.39,2886.68,2885.49,2886.34,360.0
2025-02-12 07:40:00,2886.27,2887.85,2885.78,2887.42,349.0
2025-02-12 07:45:00,2887.45,2887.5,2886.27,2886.75,305.0
2025-02-12 07:50:00,2886.74,2887.99,2886.26,2887.44,331.0
2025-02-12 07:55:00,2887.42,2887.51,2885.61,2886.14,323.0
2025-02-12 08:00:00,2886.06,2887.45,2885.51,2886.49,257.0
2025-02-12 08:05:00,2886.52,2888.62,2885.9,2888.53,318.0
2025-02-12 08:10:00,2888.58,2891.87,2888.58,2891.34,454.0
2025-02-12 08:15:00,2891.17,2893.82,2891.15,2893.3,376.0
2025-02-12 08:20:00,2893.29,2894.75,2891.23,2891.44,380.0
2025-02-12 08:25:00,2891.33,2891.64,2888.86,2890.05,301.0
2025-02-12 08:30:00,2890.17,2890.6,2888.87,2890.31,236.0
2025-02-12 08:35:00,2890.32,2890.7,2887.47,2887.9,287.0
2025-02-12 08:40:00,2887.93,2888.43,2886.57,2888.13,281.0
2025-02-12 08:45:00,2888.14,2890.2,2887.61,2889.99,304.0
2025-02-12 08:50:00,2890.15,2893.64,2890.02,2891.76,422.0
2025-02-12 08:55:00,2891.74,2894.24,2891.68,2892.31,334.0
2025-02-12 09:00:00,2892.29,2893.57,2892.23,2893.07,280.0
2025-02-12 09:05:00,2893.09,2895.4,2892.87,2893.48,366.0
2025-02-12 09:10:00,2893.46,2894.7,2891.97,2893.68,377.0
2025-02-12 09:15:00,2893.74,2895.25,2891.84,2895.24,388.0
2025-02-12 09:20:00,2895.18,2895.43,2894.22,2894.36,321.0
2025-02-12 09:25:00,2894.44,2895.86,2894.23,2894.73,326.0
2025-02-12 09:30:00,2894.72,2895.18,2891.14,2891.77,303.0
2025-02-12 09:35:00,2891.63,2892.73,2890.81,2892.59,326.0
2025-02-12 09:40:00,2892.6,2893.44,2891.69,2892.93,235.0
2025-02-12 09:45:00,2892.86,2893.74,2892.48,2893.1,313.0
2025-02-12 09:50:00,2893.27,2893.85,2892.64,2893.46,362.0
2025-02-12 09:55:00,2893.57,2893.57,2892.15,2892.8,349.0
2025-02-12 10:00:00,2892.93,2893.24,2890.28,2892.78,402.0
2025-02-12 10:05:00,2892.57,2893.86,2890.78,2890.93,399.0
2025-02-12 10:10:00,2890.93,2890.93,2888.51,2890.19,411.0
2025-02-12 10:15:00,2890.21,2891.1,2889.39,2890.17,331.0
2025-02-12 10:20:00,2890.02,2890.23,2888.11,2890.16,325.0
2025-02-12 10:25:00,2890.28,2892.21,2890.12,2891.77,371.0
2025-02-12 10:30:00,2891.78,2893.76,2891.33,2893.22,376.0
2025-02-12 10:35:00,2893.13,2894.16,2893.12,2893.61,282.0
2025-02-12 10:40:00,2893.41,2894.03,2892.79,2893.14,270.0
2025-02-12 10:45:00,2893.18,2893.18,2890.83,2892.27,327.0
2025-02-12 10:50:00,2892.29,2892.45,2891.08,2891.29,357.0
2025-02-12 10:55:00,2891.26,2892.11,2890.92,2891.64,340.0
2025-02-12 11:00:00,2891.65,2892.94,2891.42,2891.86,350.0
2025-02-12 11:05:00,2891.85,2892.99,2890.39,2891.05,359.0
2025-02-12 11:10:00,2891.15,2892.1,2890.78,2891.15,361.0
2025-02-12 11:15:00,2891.12,2892.71,2890.82,2892.66,344.0
2025-02-12 11:20:00,2892.7,2893.43,2890.63,2890.73,315.0
2025-02-12 11:25:00,2890.8,2892.19,2889.7,2889.7,329.0
2025-02-12 11:30:00,2889.27,2890.74,2888.89,2889.84,329.0
2025-02-12 11:35:00,2889.84,2890.58,2889.21,2889.64,319.0
2025-02-12 11:40:00,2889.85,2891.03,2889.66,2890.47,309.0
2025-02-12 11:45:00,2890.45,2890.59,2887.17,2887.76,321.0
2025-02-12 11:50:00,2887.72,2888.6,2886.99,2887.86,347.0
2025-02-12 11:55:00,2887.58,2888.76,2886.51,2886.78,385.0
2025-02-12 12:00:00,2886.78,2888.47,2886.37,2887.59,306.0
2025-02-12 12:05:00,2887.57,2888.2,2886.66,2886.98,292.0
2025-02-12 12:10:00,2886.83,2887.69,2886.68,2887.17,298.0
2025-02-12 12:15:00,2887.18,2888.17,2886.82,2887.38,277.0
2025-02-12 12:20:00,2887.4,2889.14,2887.09,2888.14,317.0
2025-02-12 12:25:00,2888.16,2889.76,2888.02,2889.69,267.0
2025-02-12 12:30:00,2889.74,2889.9,2882.03,2883.56,439.0
2025-02-12 12:35:00,2883.59,2885.05,2883.26,2883.31,326.0
2025-02-12 12:40:00,2883.55,2884.51,2879.38,2880.94,448.0
2025-02-12 12:45:00,2880.94,2884.33,2880.94,2883.45,363.0
2025-02-12 12:50:00,2883.5,2885.66,2882.79,2884.82,295.0
2025-02-12 12:55:00,2884.84,2885.26,2882.41,2882.69,292.0
2025-02-12 13:00:00,2882.59,2883.74,2881.74,2882.35,274.0
2025-02-12 13:05:00,2882.16,2882.79,2880.66,2880.66,318.0
2025-02-12 13:10:00,2880.67,2881.2,2879.7,2880.35,342.0
2025-02-12 13:15:00,2880.45,2881.54,2879.8,2881.27,296.0
2025-02-12 13:20:00,2881.26,2881.69,2880.0,2881.13,410.0
2025-02-12 13:25:00,2881.14,2881.59,2880.27,2880.77,337.0
2025-02-12 13:30:00,2880.75,2884.01,2880.75,2883.77,283.0
2025-02-12 13:35:00,2883.84,2885.92,2883.84,2884.83,340.0
2025-02-12 13:40:00,2884.84,2885.73,2883.75,2883.81,268.0
2025-02-12 13:45:00,2883.74,2883.8,2882.39,2882.63,266.0
2025-02-12 13:50:00,2882.63,2882.95,2881.15,2881.57,258.0
2025-02-12 13:55:00,2881.55,2882.07,2879.48,2879.58,285.0
2025-02-12 14:00:00,2879.64,2883.04,2878.88,2882.1,357.0
2025-02-12 14:05:00,2882.15,2882.96,2881.88,2882.33,314.0
2025-02-12 14:10:00,2882.16,2882.75,2881.6,2882.01,306.0
2025-02-12 14:15:00,2882.01,2882.48,2881.03,2881.64,368.0
2025-02-12 14:20:00,2881.65,2883.95,2881.43,2883.47,347.0
2025-02-12 14:25:00,2883.48,2883.48,2881.95,2882.63,335.0
2025-02-12 14:30:00,2882.7,2883.21,2881.0,2882.56,353.0
2025-02-12 14:35:00,2882.64,2884.1,2880.84,2883.6,364.0
2025-02-12 14:40:00,2883.6,2884.37,2881.71,2881.92,320.0
2025-02-12 14:45:00,2881.97,2883.86,2881.77,2883.76,324.0
2025-02-12 14:50:00,2883.77,2885.75,2883.39,2885.45,363.0
2025-02-12 14:55:00,2885.44,2885.84,2883.97,2885.03,364.0
2025-02-12 15:00:00,2885.17,2885.64,2883.51,2884.73,440.0
2025-02-12 15:05:00,2884.7,2885.18,2882.28,2882.63,425.0
2025-02-12 15:10:00,2882.62,2882.81,2876.71,2878.78,451.0
2025-02-12 15:15:00,2878.8,2879.98,2873.8,2874.21,500.0
2025-02-12 15:20:00,2874.05,2877.21,2873.43,2877.21,504.0
2025-02-12 15:25:00,2877.01,2878.39,2874.89,2877.71,428.0
2025-02-12 15:30:00,2868.99,2871.7,2863.54,2867.34,603.0
2025-02-12 15:35:00,2867.71,2872.79,2865.74,2871.16,584.0
2025-02-12 15:40:00,2871.44,2873.77,2867.44,2871.36,560.0
2025-02-12 15:45:00,2871.23,2877.35,2870.88,2875.33,563.0
2025-02-12 15:50:00,2875.34,2878.86,2873.03,2876.71,540.0
2025-02-12 15:55:00,2876.58,2885.56,2875.68,2884.75,561.0
2025-02-12 16:00:00,2884.97,2885.93,2881.94,2884.37,548.0
2025-02-12 16:05:00,2884.46,2887.39,2882.31,2886.78,543.0
2025-02-12 16:10:00,2886.71,2894.36,2885.73,2893.81,551.0
2025-02-12 16:15:00,2893.73,2894.5,2891.4,2892.86,518.0
2025-02-12 16:20:00,2893.05,2893.43,2890.08,2891.04,481.0
2025-02-12 16:25:00,2890.8,2896.2,2890.48,2895.58,501.0
2025-02-12 16:30:00,2895.85,2897.98,2893.76,2897.91,534.0
2025-02-12 16:35:00,2897.84,2898.0,2894.94,2896.22,489.0
2025-02-12 16:40:00,2895.74,2895.92,2892.43,2893.56,473.0
2025-02-12 16:45:00,2893.42,2895.48,2892.93,2892.93,505.0
2025-02-12 16:50:00,2892.78,2893.16,2890.7,2890.82,483.0
2025-02-12 16:55:00,2890.82,2895.86,2889.54,2894.37,437.0
2025-02-12 17:00:00,2894.31,2894.86,2888.23,2888.28,472.0
2025-02-12 17:05:00,2888.21,2891.33,2887.01,2888.85,462.0
2025-02-12 17:10:00,2888.83,2889.36,2886.91,2888.74,467.0
2025-02-12 17:15:00,2888.66,2889.77,2887.66,2888.83,446.0
2025-02-12 17:20:00,2889.07,2894.68,2888.86,2894.4,456.0
2025-02-12 17:25:00,2894.22,2894.55,2892.15,2892.48,427.0
2025-02-12 17:30:00,2892.45,2895.82,2891.86,2895.09,463.0
2025-02-12 17:35:00,2894.98,2895.74,2893.45,2894.95,441.0
2025-02-12 17:40:00,2894.88,2895.52,2892.81,2894.55,431.0
2025-02-12 17:45:00,2894.86,2894.96,2893.65,2894.69,415.0
2025-02-12 17:50:00,2894.72,2895.53,2892.86,2894.99,485.0
2025-02-12 17:55:00,2894.98,2895.85,2894.36,2894.53,448.0
2025-02-12 18:00:00,2894.47,2896.37,2893.2,2893.5,484.0
2025-02-12 18:05:00,2893.37,2894.97,2893.19,2894.74,453.0
2025-02-12 18:10:00,2894.34,2896.04,2892.17,2893.74,480.0
2025-02-12 18:15:00,2893.8,2894.46,2892.13,2892.58,495.0
2025-02-12 18:20:00,2892.45,2894.33,2892.13,2893.09,472.0
2025-02-12 18:25:00,2893.11,2894.04,2892.89,2893.58,394.0
2025-02-12 18:30:00,2893.61,2895.5,2892.93,2893.36,371.0
2025-02-12 18:35:00,2893.41,2896.91,2893.27,2896.32,418.0
2025-02-12 18:40:00,2896.34,2897.29,2895.24,2897.27,371.0
2025-02-12 18:45:00,2897.24,2899.15,2896.72,2899.03,360.0
2025-02-12 18:50:00,2899.07,2901.76,2898.63,2901.15,398.0
2025-02-12 18:55:00,2901.06,2904.42,2900.93,2902.6,476.0
2025-02-12 19:00:00,2902.63,2905.13,2902.48,2903.35,463.0
2025-02-12 19:05:00,2903.27,2905.46,2903.01,2905.26,441.0
2025-02-12 19:10:00,2905.44,2909.15,2905.19,2908.82,465.0
2025-02-12 19:15:00,2908.82,2908.87,2903.44,2905.09,484.0
2025-02-12 19:20:00,2905.09,2906.81,2904.63,2905.06,422.0
2025-02-12 19:25:00,2905.08,2906.32,2904.56,2905.68,355.0
2025-02-12 19:30:00,2905.68,2906.68,2904.78,2905.64,343.0
2025-02-12 19:35:00,2905.64,2905.77,2903.98,2903.98,297.0
2025-02-12 19:40:00,2903.96,2904.15,2901.95,2902.79,390.0
2025-02-12 19:45:00,2902.98,2904.3,2902.2,2903.85,303.0
2025-02-12 19:50:00,2903.9,2903.9,2902.76,2902.83,353.0
2025-02-12 19:55:00,2902.84,2903.3,2901.9,2902.91,361.0
2025-02-12 20:00:00,2902.9,2903.26,2900.99,2900.99,358.0
2025-02-12 20:05:00,2901.03,2901.84,2900.72,2901.75,390.0
2025-02-12 20:10:00,2901.76,2903.74,2901.76,2902.24,334.0
2025-02-12 20:15:00,2902.38,2902.38,2901.01,2901.83,370.0
2025-02-12 20:20:00,2902.09,2902.92,2900.97,2902.92,383.0
2025-02-12 20:25:00,2902.91,2902.91,2901.33,2902.08,391.0
2025-02-12 20:30:00,2901.84,2903.0,2901.11,2902.71,377.0
2025-02-12 20:35:00,2902.74,2903.29,2902.38,2902.98,255.0
2025-02-12 20:40:00,2902.98,2903.2,2901.32,2901.7,256.0
2025-02-12 20:45:00,2901.58,2902.23,2901.15,2901.84,305.0
2025-02-12 20:50:00,2901.85,2902.68,2901.13,2901.6,282.0
2025-02-12 20:55:00,2901.52,2901.82,2900.51,2901.03,301.0
2025-02-12 21:00:00,2901.16,2901.85,2900.21,2900.25,295.0
2025-02-12 21:05:00,2900.24,2900.46,2897.73,2897.89,281.0
2025-02-12 21:10:00,2897.89,2898.41,2896.88,2897.84,318.0
2025-02-12 21:15:00,2897.82,2898.37,2895.61,2896.09,323.0
2025-02-12 21:20:00,2896.17,2896.32,2893.77,2894.36,370.0
2025-02-12 21:25:00,2894.24,2895.57,2893.53,2894.95,315.0
2025-02-12 21:30:00,2894.97,2896.44,2894.74,2896.04,332.0
2025-02-12 21:35:00,2896.04,2896.79,2895.29,2896.0,279.0
2025-02-12 21:40:00,2895.99,2896.45,2894.09,2895.23,264.0
2025-02-12 21:45:00,2895.25,2896.81,2895.06,2896.45,298.0
2025-02-12 21:50:00,2896.46,2897.84,2896.39,2897.7,274.0
2025-02-12 21:55:00,2897.67,2899.15,2897.53,2897.97,275.0
2025-02-12 22:00:00,2897.97,2897.97,2895.59,2896.12,271.0
2025-02-12 22:05:00,2896.13,2896.98,2895.93,2896.69,267.0
2025-02-12 22:10:00,2896.62,2897.94,2896.36,2897.88,267.0
2025-02-12 22:15:00,2897.88,2898.53,2897.51,2898.52,196.0
2025-02-12 22:20:00,2898.54,2900.23,2898.54,2900.16,272.0
2025-02-12 22:25:00,2900.14,2900.22,2899.55,2899.8,244.0
2025-02-12 22:30:00,2899.83,2900.31,2899.73,2900.26,326.0
2025-02-12 22:35:00,2900.27,2900.39,2899.7,2900.16,285.0
2025-02-12 22:40:00,2900.13,2901.01,2899.97,2900.52,334.0
2025-02-12 22:45:00,2900.63,2901.48,2900.61,2900.8,387.0
2025-02-12 22:50:00,2900.72,2901.01,2899.74,2900.49,391.0
2025-02-12 22:55:00,2900.53,2901.24,2899.92,2901.0,407.0
2025-02-12 23:00:00,2900.75,2901.06,2900.03,2900.39,194.0
2025-02-12 23:05:00,2900.41,2900.89,2899.95,2900.42,128.0
2025-02-12 23:10:00,2900.52,2901.65,2900.37,2901.04,142.0
2025-02-12 23:15:00,2901.06,2902.91,2900.97,2902.15,219.0
2025-02-12 23:20:00,2902.13,2902.81,2902.13,2902.26,202.0
2025-02-12 23:25:00,2902.26,2904.05,2902.16,2903.1,228.0
2025-02-12 23:30:00,2903.09,2903.11,2902.39,2902.84,170.0
2025-02-12 23:35:00,2902.85,2902.85,2902.09,2902.53,219.0
2025-02-12 23:40:00,2902.53,2903.33,2902.51,2903.08,207.0
2025-02-12 23:45:00,2902.97,2903.96,2902.94,2903.94,230.0
2025-02-12 23:50:00,2903.86,2904.33,2903.63,2904.02,245.0
2025-02-12 23:55:00,2903.7,2904.03,2903.34,2903.97,158.0
2025-02-13 01:00:00,2904.36,2905.1,2904.36,2904.75,190.0
2025-02-13 01:05:00,2904.87,2905.26,2904.3,2904.5,68.0
2025-02-13 01:10:00,2904.5,2904.81,2904.1,2904.29,102.0
2025-02-13 01:15:00,2904.35,2904.42,2903.91,2903.98,125.0
2025-02-13 01:20:00,2903.99,2904.12,2903.26,2903.32,109.0
2025-02-13 01:25:00,2903.49,2903.5,2901.89,2902.02,121.0
2025-02-13 01:30:00,2902.22,2902.47,2900.56,2901.21,136.0
2025-02-13 01:35:00,2901.23,2902.41,2901.2,2901.93,128.0
2025-02-13 01:40:00,2901.94,2901.94,2901.66,2901.87,90.0
2025-02-13 01:45:00,2901.86,2904.04,2901.74,2903.85,136.0
2025-02-13 01:50:00,2903.8,2905.8,2903.59,2905.74,175.0
2025-02-13 01:55:00,2905.65,2906.42,2905.41,2905.78,171.0
2025-02-13 02:00:00,2905.79,2907.0,2904.52,2906.99,138.0
2025-02-13 02:05:00,2906.94,2908.33,2906.81,2907.1,199.0
2025-02-13 02:10:00,2907.09,2908.07,2906.43,2907.89,139.0
2025-02-13 02:15:00,2907.89,2908.36,2907.82,2908.33,150.0
2025-02-13 02:20:00,2908.31,2908.55,2904.9,2905.33,178.0
2025-02-13 02:25:00,2905.32,2906.81,2904.79,2906.5,148.0
2025-02-13 02:30:00,2906.41,2907.33,2906.25,2906.39,178.0
2025-02-13 02:35:00,2906.43,2907.11,2906.18,2906.98,198.0
2025-02-13 02:40:00,2906.97,2908.81,2906.88,2908.69,243.0
2025-02-13 02:45:00,2908.69,2909.09,2907.96,2908.11,248.0
2025-02-13 02:50:00,2908.1,2908.42,2906.84,2906.89,230.0
2025-02-13 02:55:00,2906.94,2907.48,2905.77,2906.43,264.0
2025-02-13 03:00:00,2906.36,2907.08,2903.5,2903.83,351.0
2025-02-13 03:05:00,2903.79,2905.0,2903.51,2904.23,328.0
2025-02-13 03:10:00,2904.24,2906.01,2903.83,2905.52,346.0
2025-02-13 03:15:00,2905.49,2906.54,2904.18,2904.28,438.0
2025-02-13 03:20:00,2904.16,2904.75,2902.15,2902.15,401.0
2025-02-13 03:25:00,2902.15,2903.43,2901.71,2902.5,298.0
2025-02-13 03:30:00,2902.45,2903.19,2901.46,2902.9,377.0
2025-02-13 03:35:00,2902.9,2903.73,2902.0,2903.13,332.0
2025-02-13 03:40:00,2903.28,2904.52,2902.9,2904.13,333.0
2025-02-13 03:45:00,2904.18,2906.06,2904.16,2904.94,341.0
2025-02-13 03:50:00,2904.92,2906.83,2904.7,2906.83,312.0
2025-02-13 03:55:00,2906.98,2907.34,2905.67,2906.06,184.0
2025-02-13 04:00:00,2906.05,2907.18,2905.27,2907.01,292.0
2025-02-13 04:05:00,2906.98,2907.01,2905.29,2906.2,399.0
2025-02-13 04:10:00,2906.2,2907.09,2905.54,2906.42,420.0
2025-02-13 04:15:00,2906.49,2907.17,2906.45,2906.99,171.0
2025-02-13 04:20:00,2906.99,2907.5,2906.58,2906.85,184.0
2025-02-13 04:25:00,2906.96,2907.67,2906.63,2907.3,201.0
2025-02-13 04:30:00,2907.12,2908.84,2907.01,2907.65,353.0
2025-02-13 04:35:00,2907.76,2909.01,2907.58,2908.75,348.0
2025-02-13 04:40:00,2908.68,2908.99,2907.97,2908.3,273.0
2025-02-13 04:45:00,2908.46,2908.6,2907.48,2908.24,262.0
2025-02-13 04:50:00,2908.25,2908.39,2906.73,2908.08,321.0
2025-02-13 04:55:00,2908.08,2909.11,2908.08,2908.75,294.0
2025-02-13 05:00:00,2908.75,2908.99,2907.2,2908.26,269.0
2025-02-13 05:05:00,2908.39,2908.73,2908.05,2908.25,224.0
2025-02-13 05:10:00,2908.35,2908.91,2908.27,2908.74,197.0
2025-02-13 05:15:00,2908.73,2910.92,2908.57,2910.89,329.0
2025-02-13 05:20:00,2910.75,2913.87,2910.75,2913.65,420.0
2025-02-13 05:25:00,2913.84,2917.07,2913.04,2915.09,412.0
2025-02-13 05:30:00,2915.16,2916.76,2914.22,2914.52,352.0
2025-02-13 05:35:00,2914.68,2916.96,2914.16,2916.9,257.0
2025-02-13 05:40:00,2916.92,2917.69,2915.93,2916.62,303.0
2025-02-13 05:45:00,2916.63,2917.97,2916.42,2916.79,263.0
2025-02-13 05:50:00,2916.81,2918.07,2916.62,2917.08,224.0
2025-02-13 05:55:00,2917.18,2917.72,2916.15,2916.48,248.0
2025-02-13 06:00:00,2916.44,2917.53,2916.26,2916.82,215.0
2025-02-13 06:05:00,2916.82,2918.25,2916.74,2917.43,319.0
2025-02-13 06:10:00,2917.45,2918.59,2917.45,2918.5,303.0
2025-02-13 06:15:00,2918.57,2918.57,2917.15,2917.34,171.0
2025-02-13 06:20:00,2917.18,2917.53,2916.17,2917.43,250.0
2025-02-13 06:25:00,2917.44,2917.73,2917.41,2917.56,137.0
2025-02-13 06:30:00,2917.57,2917.9,2917.52,2917.69,140.0
2025-02-13 06:35:00,2917.69,2918.85,2917.66,2918.23,272.0
2025-02-13 06:40:00,2918.14,2918.62,2916.72,2917.41,263.0
2025-02-13 06:45:00,2917.37,2919.15,2916.87,2918.75,199.0
2025-02-13 06:50:00,2918.72,2919.07,2917.91,2917.91,148.0
2025-02-13 06:55:00,2918.18,2918.95,2917.97,2918.41,165.0
2025-02-13 07:00:00,2918.6,2918.7,2918.1,2918.27,162.0
2025-02-13 07:05:00,2918.12,2919.38,2917.75,2919.34,192.0
2025-02-13 07:10:00,2919.36,2920.53,2918.85,2919.91,252.0
2025-02-13 07:15:00,2919.83,2920.89,2919.78,2920.72,260.0
2025-02-13 07:20:00,2920.69,2922.45,2920.12,2922.39,247.0
2025-02-13 07:25:00,2922.38,2922.71,2922.13,2922.4,189.0
2025-02-13 07:30:00,2922.39,2922.43,2920.3,2920.7,295.0
2025-02-13 07:35:00,2920.69,2922.07,2920.32,2920.48,309.0
2025-02-13 07:40:00,2920.47,2921.04,2920.21,2920.88,281.0
2025-02-13 07:45:00,2920.89,2920.98,2919.73,2919.84,262.0
2025-02-13 07:50:00,2919.85,2919.9,2916.69,2916.94,367.0
2025-02-13 07:55:00,2916.92,2918.71,2916.74,2917.98,322.0
2025-02-13 08:00:00,2917.97,2918.92,2914.65,2915.33,384.0
2025-02-13 08:05:00,2915.38,2918.41,2914.55,2918.31,413.0
2025-02-13 08:10:00,2918.33,2918.42,2916.33,2917.37,368.0
2025-02-13 08:15:00,2917.41,2918.01,2916.71,2917.03,366.0
2025-02-13 08:20:00,2916.94,2917.18,2915.18,2916.05,432.0
2025-02-13 08:25:00,2915.92,2916.98,2915.65,2916.05,275.0
2025-02-13 08:30:00,2915.78,2915.95,2914.14,2914.49,392.0
2025-02-13 08:35:00,2914.35,2914.5,2912.56,2913.53,401.0
2025-02-13 08:40:00,2913.53,2915.72,2913.35,2914.12,359.0
2025-02-13 08:45:00,2914.11,2915.08,2913.56,2914.86,323.0
2025-02-13 08:50:00,2914.88,2915.96,2914.19,2915.96,329.0
2025-02-13 08:55:00,2915.57,2915.97,2914.29,2915.74,304.0
2025-02-13 09:00:00,2915.74,2916.46,2914.07,2915.83,242.0
2025-02-13 09:05:00,2915.92,2916.46,2914.46,2916.31,226.0
2025-02-13 09:10:00,2916.28,2917.49,2915.84,2916.28,274.0
2025-02-13 09:15:00,2916.47,2916.84,2915.69,2915.97,211.0
2025-02-13 09:20:00,2915.96,2917.47,2914.43,2917.34,380.0
2025-02-13 09:25:00,2917.26,2917.93,2915.71,2916.01,324.0
2025-02-13 09:30:00,2916.2,2920.38,2916.09,2917.64,378.0
2025-02-13 09:35:00,2917.67,2917.83,2914.79,2915.91,381.0
2025-02-13 09:40:00,2915.58,2915.67,2913.06,2915.57,409.0
2025-02-13 09:45:00,2916.19,2918.66,2915.32,2918.18,354.0
2025-02-13 09:50:00,2918.2,2918.47,2916.89,2917.9,352.0
2025-02-13 09:55:00,2917.9,2918.16,2914.38,2914.41,368.0
2025-02-13 10:00:00,2914.52,2918.1,2914.01,2915.91,382.0
2025-02-13 10:05:00,2915.77,2916.48,2913.64,2913.9,426.0
2025-02-13 10:10:00,2913.96,2915.75,2910.53,2910.68,400.0
2025-02-13 10:15:00,2910.47,2914.74,2910.47,2914.3,428.0
2025-02-13 10:20:00,2914.29,2915.45,2913.45,2915.0,398.0
2025-02-13 10:25:00,2915.06,2915.13,2911.2,2912.35,407.0
2025-02-13 10:30:00,2912.19,2914.07,2911.66,2912.6,351.0
2025-02-13 10:35:00,2912.64,2912.79,2911.32,2911.5,323.0
2025-02-13 10:40:00,2911.49,2911.99,2909.56,2911.78,403.0
2025-02-13 10:45:00,2911.66,2913.54,2911.16,2912.39,417.0
2025-02-13 10:50:00,2912.37,2912.95,2910.89,2911.03,274.0
2025-02-13 10:55:00,2911.07,2912.28,2910.59,2911.63,428.0
2025-02-13 11:00:00,2911.65,2912.43,2910.9,2910.98,338.0
2025-02-13 11:05:00,2910.96,2913.13,2909.88,2912.76,370.0
2025-02-13 11:10:00,2912.76,2914.06,2912.26,2912.8,348.0
2025-02-13 11:15:00,2912.8,2914.6,2912.29,2913.86,267.0
2025-02-13 11:20:00,2913.83,2914.33,2912.85,2912.98,264.0
2025-02-13 11:25:00,2912.94,2914.41,2912.38,2913.84,356.0
2025-02-13 11:30:00,2913.81,2914.11,2912.78,2913.46,313.0
2025-02-13 11:35:00,2913.45,2914.99,2913.31,2914.55,253.0
2025-02-13 11:40:00,2914.68,2914.95,2913.37,2914.03,277.0
2025-02-13 11:45:00,2914.08,2918.26,2914.0,2917.4,298.0
2025-02-13 11:50:00,2917.44,2917.57,2914.62,2914.76,386.0
2025-02-13 11:55:00,2914.79,2916.26,2914.23,2915.37,293.0
2025-02-13 12:00:00,2915.1,2916.88,2913.83,2916.75,326.0
2025-02-13 12:05:00,2916.94,2917.39,2915.34,2917.3,202.0
2025-02-13 12:10:00,2917.22,2917.96,2916.12,2916.92,206.0
2025-02-13 12:15:00,2916.92,2917.28,2915.82,2917.22,177.0
2025-02-13 12:20:00,2917.42,2918.07,2916.72,2917.11,174.0
2025-02-13 12:25:00,2917.1,2917.23,2915.29,2916.1,220.0
2025-02-13 12:30:00,2916.03,2917.19,2915.47,2916.58,234.0
2025-02-13 12:35:00,2916.58,2917.91,2915.48,2916.26,233.0
2025-02-13 12:40:00,2916.26,2918.24,2915.57,2918.06,285.0
2025-02-13 12:45:00,2918.18,2919.46,2918.07,2919.16,307.0
2025-02-13 12:50:00,2919.09,2919.43,2917.93,2918.22,282.0
2025-02-13 12:55:00,2918.26,2918.65,2917.1,2917.99,325.0
2025-02-13 13:00:00,2918.01,2918.17,2916.81,2917.27,285.0
2025-02-13 13:05:00,2917.29,2917.51,2916.55,2916.86,245.0
2025-02-13 13:10:00,2917.21,2918.27,2916.88,2917.71,301.0
2025-02-13 13:15:00,2917.74,2917.83,2916.49,2916.99,226.0
2025-02-13 13:20:00,2916.97,2918.28,2916.3,2916.73,214.0
2025-02-13 13:25:00,2916.73,2917.33,2915.8,2916.82,231.0
2025-02-13 13:30:00,2916.88,2917.87,2916.42,2917.45,232.0
2025-02-13 13:35:00,2917.45,2918.26,2916.85,2917.18,234.0
2025-02-13 13:40:00,2917.14,2918.05,2916.31,2917.8,278.0
2025-02-13 13:45:00,2917.93,2918.1,2915.5,2916.96,413.0
2025-02-13 13:50:00,2916.97,2917.06,2915.81,2916.44,427.0
2025-02-13 13:55:00,2916.54,2917.91,2916.01,2917.89,377.0
2025-02-13 14:00:00,2917.96,2919.17,2915.64,2918.17,383.0
2025-02-13 14:05:00,2918.27,2919.29,2917.76,2918.67,335.0
2025-02-13 14:10:00,2918.63,2920.47,2918.63,2919.45,353.0
2025-02-13 14:15:00,2919.45,2919.76,2918.01,2918.27,313.0
2025-02-13 14:20:00,2918.27,2919.54,2918.07,2918.6,297.0
2025-02-13 14:25:00,2918.58,2918.87,2917.28,2917.9,295.0
2025-02-13 14:30:00,2917.92,2919.5,2917.78,2918.99,384.0
2025-02-13 14:35:00,2918.96,2921.13,2918.59,2921.04,343.0
2025-02-13 14:40:00,2921.11,2921.32,2919.21,2919.73,320.0
2025-02-13 14:45:00,2919.74,2920.13,2918.62,2918.88,320.0
2025-02-13 14:50:00,2918.87,2919.2,2917.82,2918.18,274.0
2025-02-13 14:55:00,2918.19,2918.59,2917.05,2917.67,390.0
2025-02-13 15:00:00,2917.64,2917.88,2912.91,2914.02,521.0
2025-02-13 15:05:00,2914.03,2916.7,2913.38,2915.69,481.0
2025-02-13 15:10:00,2916.15,2916.76,2914.62,2915.47,397.0
2025-02-13 15:15:00,2915.45,2916.73,2914.26,2915.68,414.0
2025-02-13 15:20:00,2915.8,2915.97,2911.83,2912.94,471.0
2025-02-13 15:25:00,2912.59,2913.61,2911.05,2911.99,341.0
2025-02-13 15:30:00,2913.4,2917.51,2908.03,2914.65,557.0
2025-02-13 15:35:00,2914.71,2914.83,2911.36,2912.64,547.0
2025-02-13 15:40:00,2912.55,2914.18,2910.53,2912.7,487.0
2025-02-13 15:45:00,2912.54,2913.09,2909.15,2910.9,490.0
2025-02-13 15:50:00,2910.97,2911.32,2905.89,2909.05,505.0
2025-02-13 15:55:00,2909.3,2910.47,2907.46,2908.54,432.0
2025-02-13 16:00:00,2908.56,2910.41,2906.63,2909.84,507.0
2025-02-13 16:05:00,2909.49,2910.4,2908.85,2910.06,330.0
2025-02-13 16:10:00,2910.28,2912.99,2909.98,2911.92,464.0
2025-02-13 16:15:00,2911.64,2913.57,2911.23,2912.36,513.0
2025-02-13 16:20:00,2912.44,2913.54,2911.95,2912.33,503.0
2025-02-13 16:25:00,2912.37,2912.37,2908.98,2909.29,478.0
2025-02-13 16:30:00,2909.26,2911.86,2907.91,2910.07,532.0
2025-02-13 16:35:00,2910.05,2914.72,2910.05,2914.22,531.0
2025-02-13 16:40:00,2914.35,2916.47,2913.28,2914.5,521.0
2025-02-13 16:45:00,2914.28,2916.57,2913.35,2916.51,499.0
2025-02-13 16:50:00,2916.23,2917.32,2915.58,2916.22,425.0
2025-02-13 16:55:00,2916.21,2916.51,2913.99,2915.17,444.0
2025-02-13 17:00:00,2915.17,2918.43,2914.43,2917.21,498.0
2025-02-13 17:05:00,2917.04,2919.03,2917.04,2918.09,435.0
2025-02-13 17:10:00,2918.2,2919.09,2917.03,2918.8,474.0
2025-02-13 17:15:00,2918.89,2919.76,2918.33,2919.27,477.0
2025-02-13 17:20:00,2918.95,2919.48,2917.35,2917.89,447.0
2025-02-13 17:25:00,2917.8,2918.86,2915.97,2916.23,474.0
2025-02-13 17:30:00,2916.25,2917.01,2915.52,2916.27,420.0
2025-02-13 17:35:00,2916.3,2919.92,2916.18,2919.41,481.0
2025-02-13 17:40:00,2919.52,2919.78,2916.93,2916.93,427.0
2025-02-13 17:45:00,2916.94,2919.39,2916.67,2919.33,434.0
2025-02-13 17:50:00,2919.33,2920.93,2918.81,2919.49,394.0
2025-02-13 17:55:00,2919.71,2920.95,2919.71,2920.23,356.0
2025-02-13 18:00:00,2920.22,2920.73,2918.86,2920.43,359.0
2025-02-13 18:05:00,2920.49,2920.81,2918.74,2919.07,341.0
2025-02-13 18:10:00,2919.09,2920.6,2918.98,2919.98,383.0
2025-02-13 18:15:00,2919.92,2919.92,2916.71,2917.36,445.0
2025-02-13 18:20:00,2917.42,2918.17,2916.54,2917.49,478.0
2025-02-13 18:25:00,2917.47,2918.8,2916.7,2917.93,412.0
2025-02-13 18:30:00,2917.86,2917.93,2916.57,2917.44,337.0
2025-02-13 18:35:00,2917.38,2917.39,2915.82,2915.94,350.0
2025-02-13 18:40:00,2915.92,2917.52,2915.51,2916.44,370.0
2025-02-13 18:45:00,2916.42,2916.47,2914.34,2915.33,368.0
2025-02-13 18:50:00,2915.34,2915.34,2913.15,2913.38,376.0
2025-02-13 18:55:00,2913.36,2914.38,2912.93,2913.72,374.0
2025-02-13 19:00:00,2913.49,2914.78,2913.41,2914.58,392.0
2025-02-13 19:05:00,2914.59,2916.36,2914.55,2916.05,345.0
2025-02-13 19:10:00,2916.1,2916.77,2915.47,2916.19,388.0
2025-02-13 19:15:00,2916.15,2916.41,2915.24,2915.51,345.0
2025-02-13 19:20:00,2915.62,2917.23,2914.84,2917.03,297.0
2025-02-13 19:25:00,2916.76,2917.17,2916.08,2916.32,284.0
2025-02-13 19:30:00,2916.33,2916.86,2914.89,2915.26,259.0
2025-02-13 19:35:00,2915.24,2916.94,2914.68,2916.81,265.0
2025-02-13 19:40:00,2916.92,2917.22,2915.74,2916.34,329.0
2025-02-13 19:45:00,2916.33,2918.79,2916.04,2918.79,363.0
2025-02-13 19:50:00,2918.76,2919.07,2917.94,2918.29,394.0
2025-02-13 19:55:00,2918.31,2919.25,2918.27,2919.06,387.0
2025-02-13 20:00:00,2918.94,2919.05,2917.92,2918.16,312.0
2025-02-13 20:05:00,2918.09,2918.82,2917.6,2918.37,342.0
2025-02-13 20:10:00,2918.21,2918.61,2915.99,2916.02,340.0
2025-02-13 20:15:00,2916.01,2916.71,2914.94,2915.35,407.0
2025-02-13 20:20:00,2915.31,2916.51,2914.75,2916.15,415.0
2025-02-13 20:25:00,2916.17,2917.47,2915.16,2916.9,395.0
2025-02-13 20:30:00,2917.02,2919.11,2916.82,2918.89,389.0
2025-02-13 20:35:00,2918.91,2919.57,2918.62,2919.31,280.0
2025-02-13 20:40:00,2919.29,2919.41,2914.22,2918.01,533.0
2025-02-13 20:45:00,2918.01,2920.93,2917.42,2920.85,410.0
2025-02-13 20:50:00,2920.86,2921.7,2919.61,2921.55,443.0
2025-02-13 20:55:00,2921.5,2925.38,2921.42,2924.13,421.0
2025-02-13 21:00:00,2923.95,2926.37,2923.73,2925.9,343.0
2025-02-13 21:05:00,2925.92,2926.65,2925.52,2926.3,351.0
2025-02-13 21:10:00,2926.38,2926.43,2925.24,2926.43,311.0
2025-02-13 21:15:00,2926.41,2927.37,2925.49,2925.9,318.0
2025-02-13 21:20:00,2925.93,2926.45,2925.29,2925.44,313.0
2025-02-13 21:25:00,2925.45,2926.78,2924.58,2926.35,283.0
2025-02-13 21:30:00,2926.36,2926.95,2925.78,2926.49,289.0
2025-02-13 21:35:00,2926.49,2927.07,2926.29,2926.85,305.0
2025-02-13 21:40:00,2926.88,2927.1,2926.3,2926.4,260.0
2025-02-13 21:45:00,2926.41,2926.41,2925.25,2926.07,349.0
2025-02-13 21:50:00,2926.08,2927.33,2926.03,2926.92,304.0
2025-02-13 21:55:00,2926.93,2927.18,2926.59,2926.88,296.0
2025-02-13 22:00:00,2926.84,2926.88,2925.83,2926.24,323.0
2025-02-13 22:05:00,2926.26,2926.26,2925.33,2925.6,272.0
2025-02-13 22:10:00,2925.59,2926.48,2925.07,2926.3,280.0
2025-02-13 22:15:00,2926.28,2928.06,2926.0,2927.95,335.0
2025-02-13 22:20:00,2927.9,2928.95,2927.74,2928.2,304.0
2025-02-13 22:25:00,2928.11,2928.29,2925.67,2925.87,324.0
2025-02-13 22:30:00,2925.92,2927.71,2925.69,2927.33,328.0
2025-02-13 22:35:00,2927.35,2927.95,2926.77,2927.79,352.0
2025-02-13 22:40:00,2927.8,2928.55,2927.56,2927.94,274.0
2025-02-13 22:45:00,2927.91,2927.98,2924.88,2926.63,372.0
2025-02-13 22:50:00,2926.66,2927.67,2926.19,2927.57,405.0
2025-02-13 22:55:00,2927.69,2928.96,2927.33,2928.45,365.0
2025-02-13 23:00:00,2928.62,2928.98,2928.2,2928.85,146.0
2025-02-13 23:05:00,2928.84,2929.07,2928.69,2928.93,117.0
2025-02-13 23:10:00,2928.96,2929.02,2928.3,2928.3,153.0
2025-02-13 23:15:00,2928.54,2928.9,2928.22,2928.52,98.0
2025-02-13 23:20:00,2928.53,2928.98,2928.53,2928.77,75.0
2025-02-13 23:25:00,2928.45,2928.86,2928.11,2928.46,143.0
2025-02-13 23:30:00,2928.45,2928.98,2928.21,2928.62,94.0
2025-02-13 23:35:00,2928.64,2929.43,2928.43,2929.15,116.0
2025-02-13 23:40:00,2929.15,2929.5,2928.82,2929.37,155.0
2025-02-13 23:45:00,2929.31,2929.45,2928.77,2929.11,144.0
2025-02-13 23:50:00,2929.05,2929.09,2928.14,2928.9,125.0
2025-02-13 23:55:00,2928.28,2928.48,2928.03,2928.34,103.0
2025-02-14 01:00:00,2927.64,2928.92,2927.32,2928.11,224.0
2025-02-14 01:05:00,2928.11,2928.29,2926.84,2927.76,90.0
2025-02-14 01:10:00,2927.98,2928.08,2925.9,2927.5,116.0
2025-02-14 01:15:00,2927.79,2929.06,2927.79,2928.92,113.0
2025-02-14 01:20:00,2928.93,2930.21,2928.84,2930.08,119.0
2025-02-14 01:25:00,2930.0,2931.28,2929.58,2930.89,162.0
2025-02-14 01:30:00,2930.89,2931.63,2930.68,2931.61,145.0
2025-02-14 01:35:00,2931.43,2932.37,2931.23,2931.66,141.0
2025-02-14 01:40:00,2931.69,2931.69,2930.86,2931.17,181.0
2025-02-14 01:45:00,2931.2,2931.51,2930.55,2931.07,156.0
2025-02-14 01:50:00,2931.06,2932.15,2931.06,2931.84,164.0
2025-02-14 01:55:00,2931.85,2931.85,2931.02,2931.21,79.0
2025-02-14 02:00:00,2931.17,2931.53,2930.5,2930.51,207.0
2025-02-14 02:05:00,2930.39,2930.44,2928.59,2928.8,260.0
2025-02-14 02:10:00,2928.68,2928.73,2927.42,2927.7,202.0
2025-02-14 02:15:00,2927.69,2928.71,2927.5,2928.51,252.0
2025-02-14 02:20:00,2928.49,2928.86,2928.14,2928.69,213.0
2025-02-14 02:25:00,2928.68,2929.01,2928.37,2928.39,161.0
2025-02-14 02:30:00,2928.18,2928.97,2927.86,2927.86,272.0
2025-02-14 02:35:00,2927.91,2929.14,2927.59,2929.04,246.0
2025-02-14 02:40:00,2929.03,2929.11,2928.13,2928.31,150.0
2025-02-14 02:45:00,2928.3,2928.51,2927.72,2927.84,113.0
2025-02-14 02:50:00,2927.85,2928.16,2927.83,2928.06,48.0
2025-02-14 02:55:00,2928.11,2928.47,2927.84,2927.9,56.0
2025-02-14 03:00:00,2927.89,2931.3,2927.89,2928.98,256.0
2025-02-14 03:05:00,2929.01,2932.9,2929.01,2932.88,299.0
2025-02-14 03:10:00,2932.82,2933.5,2931.62,2931.69,420.0
2025-02-14 03:15:00,2931.82,2933.11,2931.79,2932.64,411.0
2025-02-14 03:20:00,2932.63,2933.68,2932.37,2933.48,389.0
2025-02-14 03:25:00,2933.47,2933.9,2930.96,2931.87,394.0
2025-02-14 03:30:00,2931.57,2932.53,2930.69,2932.17,406.0
2025-02-14 03:35:00,2932.18,2932.38,2931.11,2931.85,408.0
2025-02-14 03:40:00,2931.86,2932.09,2930.1,2930.41,392.0
2025-02-14 03:45:00,2930.38,2931.88,2929.75,2930.65,357.0
2025-02-14 03:50:00,2930.6,2930.6,2928.51,2930.09,344.0
2025-02-14 03:55:00,2930.2,2930.44,2929.46,2929.89,305.0
2025-02-14 04:00:00,2929.9,2930.47,2927.49,2928.33,374.0
2025-02-14 04:05:00,2928.34,2928.75,2927.63,2928.46,322.0
2025-02-14 04:10:00,2928.47,2928.47,2926.56,2928.05,363.0
2025-02-14 04:15:00,2928.06,2928.12,2926.01,2927.3,326.0
2025-02-14 04:20:00,2927.35,2928.37,2926.12,2928.29,321.0
2025-02-14 04:25:00,2928.35,2928.35,2926.89,2927.66,339.0
2025-02-14 04:30:00,2927.81,2928.62,2927.16,2927.75,414.0
2025-02-14 04:35:00,2927.74,2928.63,2927.27,2928.1,405.0
2025-02-14 04:40:00,2928.1,2928.52,2926.12,2927.18,346.0
2025-02-14 04:45:00,2927.17,2928.18,2926.81,2927.8,243.0
2025-02-14 04:50:00,2927.95,2928.43,2927.27,2928.02,322.0
2025-02-14 04:55:00,2928.06,2928.25,2926.99,2927.26,371.0
2025-02-14 05:00:00,2927.16,2929.96,2927.16,2929.9,326.0
2025-02-14 05:05:00,2929.89,2930.07,2929.06,2929.53,303.0
2025-02-14 05:10:00,2929.61,2929.66,2928.64,2929.0,299.0
2025-02-14 05:15:00,2928.97,2929.91,2928.93,2929.56,232.0
2025-02-14 05:20:00,2929.56,2930.39,2928.95,2929.26,280.0
2025-02-14 05:25:00,2929.3,2929.42,2928.39,2928.97,325.0
2025-02-14 05:30:00,2928.85,2929.26,2927.91,2927.99,297.0
2025-02-14 05:35:00,2927.96,2928.1,2926.61,2926.97,103.0
2025-02-14 05:40:00,2926.8,2927.06,2923.51,2924.04,266.0
2025-02-14 05:45:00,2924.18,2925.78,2923.55,2924.44,317.0
2025-02-14 05:50:00,2924.41,2924.8,2923.47,2923.69,273.0
2025-02-14 05:55:00,2923.67,2924.78,2923.05,2924.22,246.0
2025-02-14 06:00:00,2924.21,2925.93,2923.65,2925.65,251.0
2025-02-14 06:05:00,2925.74,2925.85,2924.93,2925.58,226.0
2025-02-14 06:10:00,2925.57,2925.57,2924.2,2924.71,154.0
2025-02-14 06:15:00,2924.71,2926.03,2924.71,2925.98,209.0
2025-02-14 06:20:00,2925.97,2926.29,2925.49,2926.08,222.0
2025-02-14 06:25:00,2926.05,2927.04,2925.83,2926.17,253.0
2025-02-14 06:30:00,2926.09,2926.51,2925.67,2926.18,184.0
2025-02-14 06:35:00,2926.07,2926.97,2926.07,2926.86,204.0
2025-02-14 06:40:00,2926.72,2927.21,2926.08,2927.1,209.0
2025-02-14 06:45:00,2927.11,2928.93,2926.82,2928.36,264.0
2025-02-14 06:50:00,2928.32,2928.81,2927.37,2928.6,288.0
2025-02-14 06:55:00,2928.57,2929.35,2928.49,2928.64,241.0
2025-02-14 07:00:00,2928.78,2929.44,2928.18,2928.63,297.0
2025-02-14 07:05:00,2928.51,2928.91,2927.95,2928.16,286.0
2025-02-14 07:10:00,2928.29,2928.8,2928.11,2928.71,207.0
2025-02-14 07:15:00,2928.78,2929.13,2928.31,2928.62,194.0
2025-02-14 07:20:00,2928.6,2929.42,2928.5,2929.18,236.0
2025-02-14 07:25:00,2929.19,2929.33,2928.57,2928.73,240.0
2025-02-14 07:30:00,2928.73,2930.16,2927.1,2927.48,408.0
2025-02-14 07:35:00,2927.48,2929.26,2926.74,2928.22,408.0
2025-02-14 07:40:00,2928.09,2929.91,2928.03,2929.77,345.0
2025-02-14 07:45:00,2929.91,2930.85,2929.41,2929.76,418.0
2025-02-14 07:50:00,2929.64,2932.43,2929.64,2931.4,402.0
2025-02-14 07:55:00,2931.43,2931.91,2930.55,2930.95,341.0
2025-02-14 08:00:00,2930.72,2931.7,2930.52,2931.5,444.0
2025-02-14 08:05:00,2931.52,2932.69,2930.68,2932.45,426.0
2025-02-14 08:10:00,2932.34,2932.59,2929.9,2931.23,459.0
2025-02-14 08:15:00,2931.24,2933.3,2930.84,2932.9,366.0
2025-02-14 08:20:00,2932.87,2933.32,2932.14,2932.92,419.0
2025-02-14 08:25:00,2932.92,2933.59,2932.36,2933.37,370.0
2025-02-14 08:30:00,2933.43,2933.79,2932.54,2933.73,384.0
2025-02-14 08:35:00,2933.72,2934.0,2933.12,2933.95,339.0
2025-02-14 08:40:00,2933.92,2936.48,2933.73,2936.48,385.0
2025-02-14 08:45:00,2936.48,2936.84,2935.61,2936.06,438.0
2025-02-14 08:50:00,2935.95,2936.09,2933.53,2934.01,401.0
2025-02-14 08:55:00,2934.06,2934.68,2933.64,2934.37,294.0
2025-02-14 09:00:00,2933.97,2934.42,2932.11,2932.98,386.0
2025-02-14 09:05:00,2932.98,2934.24,2932.77,2933.38,360.0
2025-02-14 09:10:00,2933.47,2934.39,2932.94,2933.17,322.0
2025-02-14 09:15:00,2933.16,2933.91,2932.14,2933.3,352.0
2025-02-14 09:20:00,2933.22,2933.22,2930.55,2931.09,320.0
2025-02-14 09:25:00,2931.12,2933.01,2930.78,2932.31,439.0
2025-02-14 09:30:00,2932.31,2934.41,2932.13,2934.18,375.0
2025-02-14 09:35:00,2934.17,2934.17,2932.09,2932.7,290.0
2025-02-14 09:40:00,2932.59,2933.95,2932.12,2932.95,272.0
2025-02-14 09:45:00,2932.98,2935.17,2932.56,2934.34,282.0
2025-02-14 09:50:00,2934.32,2934.95,2933.5,2933.84,312.0
2025-02-14 09:55:00,2933.73,2933.84,2930.92,2931.87,384.0
2025-02-14 10:00:00,2931.86,2932.66,2930.88,2932.03,410.0
2025-02-14 10:05:00,2932.04,2934.49,2931.58,2934.4,365.0
2025-02-14 10:10:00,2934.4,2936.18,2934.27,2936.18,312.0
2025-02-14 10:15:00,2936.16,2937.29,2935.35,2937.21,405.0
2025-02-14 10:20:00,2937.26,2938.46,2935.87,2936.89,356.0
2025-02-14 10:25:00,2936.67,2937.2,2936.03,2936.64,339.0
2025-02-14 10:30:00,2936.44,2937.1,2934.51,2935.23,397.0
2025-02-14 10:35:00,2935.21,2936.23,2934.17,2935.72,390.0
2025-02-14 10:40:00,2935.7,2935.71,2933.96,2934.62,334.0
2025-02-14 10:45:00,2934.71,2935.77,2933.41,2935.76,348.0
2025-02-14 10:50:00,2935.75,2935.99,2934.55,2935.41,338.0
2025-02-14 10:55:00,2935.38,2935.85,2934.94,2935.12,353.0
2025-02-14 11:00:00,2935.01,2936.81,2934.32,2936.74,425.0
2025-02-14 11:05:00,2936.81,2937.06,2935.37,2936.94,363.0
2025-02-14 11:10:00,2936.99,2937.68,2936.29,2937.64,360.0
2025-02-14 11:15:00,2937.49,2937.99,2936.41,2937.29,374.0
2025-02-14 11:20:00,2937.26,2937.76,2936.89,2937.55,309.0
2025-02-14 11:25:00,2937.56,2938.38,2937.31,2937.94,349.0
2025-02-14 11:30:00,2937.91,2938.75,2936.89,2937.84,352.0
2025-02-14 11:35:00,2937.67,2938.15,2934.97,2935.07,380.0
2025-02-14 11:40:00,2935.07,2935.14,2934.16,2934.5,352.0
2025-02-14 11:45:00,2934.44,2934.77,2934.1,2934.47,295.0
2025-02-14 11:50:00,2934.55,2935.45,2934.37,2935.43,342.0
2025-02-14 11:55:00,2935.36,2935.58,2934.65,2935.16,291.0
2025-02-14 12:00:00,2935.01,2936.13,2934.5,2934.82,298.0
2025-02-14 12:05:00,2934.72,2935.2,2934.25,2935.1,348.0
2025-02-14 12:10:00,2935.15,2937.05,2934.96,2935.66,405.0
2025-02-14 12:15:00,2935.6,2938.48,2935.53,2936.79,442.0
2025-02-14 12:20:00,2936.79,2938.99,2936.47,2938.98,418.0
2025-02-14 12:25:00,2938.92,2939.65,2938.42,2939.04,424.0
2025-02-14 12:30:00,2938.9,2939.91,2938.02,2939.74,420.0
2025-02-14 12:35:00,2939.89,2940.06,2938.44,2939.01,271.0
2025-02-14 12:40:00,2939.02,2939.12,2936.91,2937.25,330.0
2025-02-14 12:45:00,2937.27,2937.54,2935.63,2935.84,335.0
2025-02-14 12:50:00,2935.8,2936.29,2935.21,2935.71,308.0
2025-02-14 12:55:00,2935.78,2936.27,2935.45,2935.83,348.0
2025-02-14 13:00:00,2935.85,2937.67,2934.56,2937.53,380.0
2025-02-14 13:05:00,2937.19,2937.19,2934.83,2935.34,333.0
2025-02-14 13:10:00,2935.31,2935.71,2933.55,2935.26,272.0
2025-02-14 13:15:00,2935.27,2935.53,2934.17,2935.38,231.0
2025-02-14 13:20:00,2935.41,2936.22,2935.09,2935.17,248.0
2025-02-14 13:25:00,2935.41,2936.37,2934.21,2934.27,300.0
2025-02-14 13:30:00,2934.26,2934.93,2933.79,2934.24,272.0
2025-02-14 13:35:00,2934.14,2934.81,2933.86,2934.25,245.0
2025-02-14 13:40:00,2934.23,2934.41,2933.59,2934.03,295.0
2025-02-14 13:45:00,2934.01,2934.01,2929.27,2930.08,400.0
2025-02-14 13:50:00,2929.97,2932.45,2929.97,2932.41,372.0
2025-02-14 13:55:00,2932.4,2932.55,2930.96,2931.16,318.0
2025-02-14 14:00:00,2931.13,2931.28,2929.86,2931.11,369.0
2025-02-14 14:05:00,2931.07,2931.19,2929.39,2929.47,366.0
2025-02-14 14:10:00,2929.43,2931.51,2929.38,2931.01,372.0
2025-02-14 14:15:00,2931.02,2932.83,2931.02,2932.32,399.0
2025-02-14 14:20:00,2932.24,2932.52,2931.66,2931.7,365.0
2025-02-14 14:25:00,2931.71,2933.05,2931.05,2932.26,360.0
2025-02-14 14:30:00,2932.26,2932.53,2930.64,2930.99,317.0
2025-02-14 14:35:00,2930.83,2931.07,2929.32,2929.55,334.0
2025-02-14 14:40:00,2929.59,2929.62,2927.75,2929.06,416.0
2025-02-14 14:45:00,2929.06,2930.51,2928.94,2929.55,303.0
2025-02-14 14:50:00,2929.53,2931.36,2929.38,2931.26,351.0
2025-02-14 14:55:00,2931.03,2931.13,2929.74,2930.78,363.0
2025-02-14 15:00:00,2930.97,2931.57,2927.72,2927.83,482.0
2025-02-14 15:05:00,2927.76,2928.8,2925.82,2927.64,465.0
2025-02-14 15:10:00,2927.65,2928.14,2926.47,2927.6,399.0
2025-02-14 15:15:00,2927.68,2930.47,2926.63,2928.85,477.0
2025-02-14 15:20:00,2928.83,2930.72,2927.09,2927.92,495.0
2025-02-14 15:25:00,2927.84,2928.96,2926.28,2926.82,404.0
2025-02-14 15:30:00,2931.24,2933.11,2926.5,2932.56,526.0
2025-02-14 15:35:00,2932.46,2933.32,2930.05,2930.5,551.0
2025-02-14 15:40:00,2930.64,2930.64,2917.85,2918.06,555.0
2025-02-14 15:45:00,2917.81,2921.38,2917.38,2920.84,561.0
2025-02-14 15:50:00,2920.73,2922.78,2919.37,2919.94,549.0
2025-02-14 15:55:00,2920.14,2921.44,2919.35,2920.53,523.0
2025-02-14 16:00:00,2920.39,2921.15,2915.23,2919.43,576.0
2025-02-14 16:05:00,2919.51,2920.68,2913.82,2915.96,550.0
2025-02-14 16:10:00,2915.78,2923.48,2915.65,2921.91,507.0
2025-02-14 16:15:00,2921.9,2924.99,2921.34,2924.2,553.0
2025-02-14 16:20:00,2924.36,2927.37,2924.3,2926.17,502.0
2025-02-14 16:25:00,2926.07,2928.08,2924.95,2926.81,514.0
2025-02-14 16:30:00,2926.67,2928.52,2923.76,2924.44,528.0
2025-02-14 16:35:00,2924.31,2924.79,2921.85,2922.33,535.0
2025-02-14 16:40:00,2922.27,2926.28,2921.6,2923.26,539.0
2025-02-14 16:45:00,2923.41,2924.35,2918.83,2922.21,527.0
2025-02-14 16:50:00,2922.13,2922.48,2920.63,2921.39,491.0
2025-02-14 16:55:00,2921.42,2923.44,2920.4,2921.02,487.0
2025-02-14 17:00:00,2920.58,2921.64,2916.96,2918.52,529.0
2025-02-14 17:05:00,2918.51,2921.23,2917.47,2920.0,526.0
2025-02-14 17:10:00,2920.01,2920.01,2914.42,2914.42,520.0
2025-02-14 17:15:00,2914.57,2915.83,2908.55,2909.5,557.0
2025-02-14 17:20:00,2909.56,2909.89,2903.92,2905.61,569.0
2025-02-14 17:25:00,2905.37,2906.04,2897.41,2900.16,555.0
2025-02-14 17:30:00,2900.31,2900.31,2892.95,2896.49,560.0
2025-02-14 17:35:00,2896.34,2902.93,2895.27,2902.32,547.0
2025-02-14 17:40:00,2902.51,2907.02,2902.51,2905.47,545.0
2025-02-14 17:45:00,2905.28,2906.34,2902.22,2902.59,528.0
2025-02-14 17:50:00,2902.52,2903.3,2900.43,2901.63,535.0
2025-02-14 17:55:00,2901.59,2903.13,2900.18,2901.89,502.0
2025-02-14 18:00:00,2901.97,2902.09,2898.63,2901.29,538.0
2025-02-14 18:05:00,2901.3,2903.85,2900.43,2902.28,551.0
2025-02-14 18:10:00,2902.42,2902.74,2899.97,2900.11,477.0
2025-02-14 18:15:00,2899.96,2901.13,2894.66,2895.74,552.0
2025-02-14 18:20:00,2895.72,2895.72,2894.09,2894.73,537.0
2025-02-14 18:25:00,2894.53,2895.1,2892.83,2893.4,506.0
2025-02-14 18:30:00,2893.3,2894.51,2891.1,2892.65,477.0
2025-02-14 18:35:00,2892.65,2895.58,2892.3,2895.45,457.0
2025-02-14 18:40:00,2895.44,2895.92,2892.1,2892.28,465.0
2025-02-14 18:45:00,2892.33,2893.52,2888.39,2889.53,456.0
2025-02-14 18:50:00,2889.34,2894.52,2888.97,2894.3,435.0
2025-02-14 18:55:00,2894.39,2896.9,2894.24,2895.79,463.0
2025-02-14 19:00:00,2896.01,2897.32,2895.11,2895.55,473.0
2025-02-14 19:05:00,2895.45,2895.62,2893.83,2895.13,447.0
2025-02-14 19:10:00,2895.14,2895.22,2892.57,2893.7,427.0
2025-02-14 19:15:00,2893.64,2895.18,2892.97,2894.0,443.0
2025-02-14 19:20:00,2893.73,2894.36,2893.09,2893.61,412.0
2025-02-14 19:25:00,2893.64,2894.29,2892.89,2893.33,399.0
2025-02-14 19:30:00,2892.94,2894.08,2892.23,2892.59,380.0
2025-02-14 19:35:00,2892.6,2893.41,2891.1,2891.32,374.0
2025-02-14 19:40:00,2891.34,2891.95,2885.71,2887.44,479.0
2025-02-14 19:45:00,2887.31,2888.6,2886.72,2886.85,476.0
2025-02-14 19:50:00,2886.87,2887.9,2885.47,2887.76,441.0
2025-02-14 19:55:00,2887.78,2887.78,2885.37,2886.99,456.0
2025-02-14 20:00:00,2887.26,2887.5,2885.57,2885.8,414.0
2025-02-14 20:05:00,2885.72,2886.13,2884.15,2884.53,371.0
2025-02-14 20:10:00,2884.36,2885.22,2883.72,2884.21,412.0
2025-02-14 20:15:00,2884.0,2887.71,2884.0,2887.51,380.0
2025-02-14 20:20:00,2887.52,2887.94,2886.6,2886.68,401.0
2025-02-14 20:25:00,2886.74,2886.88,2885.39,2886.13,451.0
2025-02-14 20:30:00,2886.34,2886.63,2883.03,2883.47,445.0
2025-02-14 20:35:00,2883.35,2883.73,2882.12,2883.42,396.0
2025-02-14 20:40:00,2883.36,2883.59,2882.33,2883.15,365.0
2025-02-14 20:45:00,2883.29,2884.54,2882.2,2883.56,346.0
2025-02-14 20:50:00,2883.57,2884.77,2882.95,2883.05,323.0
2025-02-14 20:55:00,2883.1,2884.1,2882.98,2883.71,299.0
2025-02-14 21:00:00,2883.74,2885.53,2883.71,2885.02,318.0
2025-02-14 21:05:00,2885.08,2885.83,2884.95,2885.34,326.0
2025-02-14 21:10:00,2885.46,2885.57,2884.54,2884.78,376.0
2025-02-14 21:15:00,2884.56,2884.82,2883.72,2884.07,316.0
2025-02-14 21:20:00,2884.06,2884.28,2883.28,2883.52,291.0
2025-02-14 21:25:00,2883.55,2883.66,2881.92,2883.05,327.0
2025-02-14 21:30:00,2883.14,2883.19,2882.3,2882.5,364.0
2025-02-14 21:35:00,2882.39,2882.9,2881.66,2882.59,294.0
2025-02-14 21:40:00,2882.69,2882.76,2882.03,2882.4,326.0
2025-02-14 21:45:00,2882.33,2882.6,2880.08,2880.47,315.0
2025-02-14 21:50:00,2880.48,2880.63,2879.13,2880.27,267.0
2025-02-14 21:55:00,2880.25,2880.94,2878.68,2880.56,394.0
2025-02-14 22:00:00,2880.45,2881.31,2880.15,2880.42,346.0
2025-02-14 22:05:00,2880.34,2881.15,2880.34,2881.01,318.0
2025-02-14 22:10:00,2881.05,2881.1,2880.4,2880.47,358.0
2025-02-14 22:15:00,2880.53,2881.83,2879.81,2881.57,323.0
2025-02-14 22:20:00,2881.48,2882.03,2881.36,2881.43,317.0
2025-02-14 22:25:00,2881.47,2882.91,2881.11,2882.28,365.0
2025-02-14 22:30:00,2882.23,2882.28,2879.89,2879.98,407.0
2025-02-14 22:35:00,2880.03,2880.15,2878.25,2878.66,414.0
2025-02-14 22:40:00,2878.62,2879.68,2877.03,2878.92,453.0
2025-02-14 22:45:00,2878.92,2880.87,2878.06,2880.27,401.0
2025-02-14 22:50:00,2880.26,2881.28,2879.26,2881.02,475.0
2025-02-14 22:55:00,2881.0,2886.26,2880.93,2885.48,535.0
2025-02-14 23:00:00,2885.32,2885.85,2883.87,2884.31,246.0
2025-02-14 23:05:00,2884.26,2884.49,2883.58,2883.92,222.0
2025-02-14 23:10:00,2883.77,2884.1,2883.42,2884.01,177.0
2025-02-14 23:15:00,2884.01,2884.31,2882.99,2883.08,114.0
2025-02-14 23:20:00,2883.05,2883.28,2882.61,2883.11,187.0
2025-02-14 23:25:00,2883.09,2883.85,2882.76,2883.6,206.0
2025-02-14 23:30:00,2883.61,2883.64,2883.15,2883.24,96.0
2025-02-14 23:35:00,2883.25,2883.76,2882.24,2882.79,122.0
2025-02-14 23:40:00,2882.86,2883.42,2882.84,2883.17,124.0
2025-02-14 23:45:00,2883.06,2883.66,2882.77,2883.53,142.0
2025-02-14 23:50:00,2883.65,2883.73,2882.52,2882.96,146.0
2025-02-14 23:55:00,2882.69,2882.78,2882.49,2882.5,34.0
2025-02-17 01:00:00,2883.13,2893.87,2883.13,2893.34,739.0
2025-02-17 01:05:00,2893.34,2893.34,2889.05,2891.88,229.0
2025-02-17 01:10:00,2892.45,2893.89,2891.47,2893.32,235.0
2025-02-17 01:15:00,2892.1,2893.47,2890.82,2892.56,317.0
2025-02-17 01:20:00,2892.13,2892.55,2886.36,2887.33,346.0
2025-02-17 01:25:00,2887.59,2887.77,2879.95,2882.58,382.0
2025-02-17 01:30:00,2882.22,2882.22,2878.67,2879.77,293.0
2025-02-17 01:35:00,2879.38,2881.34,2879.19,2879.19,200.0
2025-02-17 01:40:00,2879.15,2881.93,2879.15,2881.27,253.0
2025-02-17 01:45:00,2881.1,2881.64,2877.95,2878.11,264.0
2025-02-17 01:50:00,2878.36,2881.52,2877.6,2879.77,234.0
2025-02-17 01:55:00,2879.63,2881.02,2879.18,2879.36,175.0
2025-02-17 02:00:00,2879.46,2884.57,2879.32,2884.37,297.0
2025-02-17 02:05:00,2884.52,2886.71,2884.22,2886.49,195.0
2025-02-17 02:10:00,2886.48,2887.78,2885.4,2885.56,156.0
2025-02-17 02:15:00,2885.58,2886.93,2885.51,2886.52,139.0
2025-02-17 02:20:00,2886.52,2888.29,2886.01,2887.17,187.0
2025-02-17 02:25:00,2887.09,2887.09,2881.83,2882.13,224.0
2025-02-17 02:30:00,2882.15,2884.03,2881.63,2884.03,147.0
2025-02-17 02:35:00,2884.03,2887.15,2883.79,2886.02,220.0
2025-02-17 02:40:00,2885.95,2886.26,2884.28,2884.69,215.0
2025-02-17 02:45:00,2884.83,2885.17,2883.71,2884.52,211.0
2025-02-17 02:50:00,2884.17,2884.64,2883.18,2883.92,184.0
2025-02-17 02:55:00,2883.93,2884.76,2883.03,2883.57,218.0
2025-02-17 03:00:00,2883.47,2886.47,2882.11,2885.73,434.0
2025-02-17 03:05:00,2885.7,2888.2,2885.39,2886.9,441.0
2025-02-17 03:10:00,2886.92,2889.08,2885.38,2888.15,409.0
2025-02-17 03:15:00,2888.29,2889.89,2887.26,2889.02,318.0
2025-02-17 03:20:00,2889.01,2889.54,2888.06,2888.49,369.0
2025-02-17 03:25:00,2888.49,2891.29,2887.51,2890.5,392.0
2025-02-17 03:30:00,2890.51,2894.05,2890.28,2892.41,411.0
2025-02-17 03:35:00,2892.35,2896.3,2891.93,2895.4,337.0
2025-02-17 03:40:00,2895.4,2896.08,2894.26,2894.77,362.0
2025-02-17 03:45:00,2894.78,2894.78,2892.04,2894.3,366.0
2025-02-17 03:50:00,2894.31,2896.19,2894.16,2896.15,375.0
2025-02-17 03:55:00,2896.23,2896.37,2894.7,2895.27,351.0
2025-02-17 04:00:00,2895.34,2895.69,2893.78,2894.9,387.0
2025-02-17 04:05:00,2894.65,2895.99,2893.95,2894.62,317.0
2025-02-17 04:10:00,2894.63,2897.67,2894.32,2897.65,365.0
2025-02-17 04:15:00,2897.59,2897.63,2894.46,2894.93,247.0
2025-02-17 04:20:00,2894.92,2895.9,2894.23,2895.9,189.0
2025-02-17 04:25:00,2895.9,2896.95,2894.99,2896.36,256.0
2025-02-17 04:30:00,2896.43,2896.61,2893.9,2895.64,324.0
2025-02-17 04:35:00,2895.65,2898.96,2895.31,2898.1,320.0
2025-02-17 04:40:00,2898.19,2899.78,2898.07,2898.2,296.0
2025-02-17 04:45:00,2898.35,2898.72,2896.66,2898.15,314.0
2025-02-17 04:50:00,2898.16,2898.96,2897.18,2898.6,328.0
2025-02-17 04:55:00,2898.63,2899.32,2898.13,2899.28,256.0
2025-02-17 05:00:00,2899.19,2900.31,2897.66,2899.8,350.0
2025-02-17 05:05:00,2899.83,2900.2,2898.62,2899.61,265.0
2025-02-17 05:10:00,2899.6,2900.48,2899.51,2900.41,268.0
2025-02-17 05:15:00,2900.47,2901.14,2899.58,2900.11,247.0
2025-02-17 05:20:00,2899.57,2900.34,2898.86,2899.74,328.0
2025-02-17 05:25:00,2899.66,2901.09,2899.47,2901.09,319.0
2025-02-17 05:30:00,2900.94,2902.32,2900.63,2902.17,191.0
2025-02-17 05:35:00,2902.18,2903.8,2901.35,2903.44,274.0
2025-02-17 05:40:00,2903.17,2903.4,2902.91,2902.91,220.0
2025-02-17 05:45:00,2902.98,2904.32,2902.95,2903.0,223.0
2025-02-17 05:50:00,2903.0,2903.72,2902.97,2903.51,199.0
2025-02-17 05:55:00,2903.54,2903.82,2902.87,2903.26,214.0
2025-02-17 06:00:00,2903.07,2904.71,2902.45,2903.65,244.0
2025-02-17 06:05:00,2903.65,2904.38,2902.82,2903.46,225.0
2025-02-17 06:10:00,2903.28,2904.41,2902.32,2903.35,233.0
2025-02-17 06:15:00,2903.35,2904.23,2902.7,2904.23,124.0
2025-02-17 06:20:00,2904.23,2904.87,2903.49,2904.47,206.0
2025-02-17 06:25:00,2904.48,2904.66,2903.67,2903.88,183.0
2025-02-17 06:30:00,2903.68,2903.89,2903.25,2903.69,117.0
2025-02-17 06:35:00,2903.7,2903.99,2901.09,2901.09,201.0
2025-02-17 06:40:00,2901.0,2901.85,2900.37,2901.43,270.0
2025-02-17 06:45:00,2901.44,2901.55,2898.77,2898.97,331.0
2025-02-17 06:50:00,2899.11,2900.06,2898.45,2900.06,285.0
2025-02-17 06:55:00,2900.02,2900.07,2899.04,2899.12,246.0
2025-02-17 07:00:00,2899.1,2900.55,2898.92,2900.31,282.0
2025-02-17 07:05:00,2900.31,2900.52,2898.76,2900.43,257.0
2025-02-17 07:10:00,2900.45,2900.7,2899.59,2900.54,228.0
2025-02-17 07:15:00,2900.52,2901.16,2899.85,2900.73,217.0
2025-02-17 07:20:00,2900.72,2902.11,2899.5,2902.09,272.0
2025-02-17 07:25:00,2902.08,2905.24,2901.72,2903.22,295.0
2025-02-17 07:30:00,2903.28,2903.72,2901.03,2901.15,339.0
2025-02-17 07:35:00,2900.97,2901.98,2899.54,2901.51,314.0
2025-02-17 07:40:00,2901.51,2902.13,2900.66,2901.96,322.0
2025-02-17 07:45:00,2901.95,2902.64,2899.88,2900.01,308.0
2025-02-17 07:50:00,2900.05,2900.05,2898.61,2899.01,313.0
2025-02-17 07:55:00,2898.98,2899.07,2895.77,2895.95,412.0
2025-02-17 08:00:00,2895.91,2896.65,2891.46,2893.75,403.0
2025-02-17 08:05:00,2893.75,2894.37,2890.93,2891.49,385.0
2025-02-17 08:10:00,2891.59,2894.08,2890.63,2892.88,359.0
2025-02-17 08:15:00,2892.86,2894.1,2891.48,2892.08,274.0
2025-02-17 08:20:00,2892.18,2892.63,2890.58,2891.18,283.0
2025-02-17 08:25:00,2891.15,2891.79,2888.15,2889.63,366.0
2025-02-17 08:30:00,2889.63,2892.68,2888.92,2892.56,314.0
2025-02-17 08:35:00,2892.64,2894.04,2892.24,2893.37,342.0
2025-02-17 08:40:00,2893.36,2896.11,2893.04,2895.75,302.0
2025-02-17 08:45:00,2895.85,2897.59,2894.64,2895.37,268.0
2025-02-17 08:50:00,2895.35,2895.88,2894.67,2895.41,289.0
2025-02-17 08:55:00,2895.44,2897.08,2895.32,2896.42,345.0
2025-02-17 09:00:00,2896.41,2897.77,2896.23,2897.77,362.0
2025-02-17 09:05:00,2897.51,2899.21,2897.33,2898.44,387.0
2025-02-17 09:10:00,2898.54,2901.03,2898.41,2900.62,376.0
2025-02-17 09:15:00,2900.78,2900.78,2899.1,2899.59,408.0
2025-02-17 09:20:00,2899.66,2900.17,2898.99,2899.5,357.0
2025-02-17 09:25:00,2899.47,2899.98,2898.81,2899.67,205.0
2025-02-17 09:30:00,2899.65,2899.83,2899.13,2899.14,183.0
2025-02-17 09:35:00,2899.15,2900.1,2898.92,2900.03,222.0
2025-02-17 09:40:00,2899.87,2902.47,2899.65,2901.34,364.0
2025-02-17 09:45:00,2901.21,2901.42,2900.3,2900.61,257.0
2025-02-17 09:50:00,2900.46,2901.11,2899.28,2899.93,371.0
2025-02-17 09:55:00,2900.01,2903.6,2899.69,2902.58,419.0
2025-02-17 10:00:00,2902.6,2902.69,2900.32,2900.65,359.0
2025-02-17 10:05:00,2900.68,2901.95,2899.78,2901.34,246.0
2025-02-17 10:10:00,2901.32,2901.97,2900.24,2900.28,262.0
2025-02-17 10:15:00,2900.22,2900.74,2899.46,2900.3,387.0
2025-02-17 10:20:00,2900.36,2900.99,2899.11,2899.73,387.0
2025-02-17 10:25:00,2899.73,2900.3,2898.95,2899.4,370.0
2025-02-17 10:30:00,2899.39,2900.17,2898.19,2898.33,420.0
2025-02-17 10:35:00,2898.29,2898.29,2895.18,2897.22,456.0
2025-02-17 10:40:00,2897.26,2898.7,2896.39,2898.16,373.0
2025-02-17 10:45:00,2898.13,2901.72,2897.77,2900.93,333.0
2025-02-17 10:50:00,2900.89,2901.31,2899.73,2899.79,218.0
2025-02-17 10:55:00,2899.82,2900.63,2899.35,2900.16,241.0
2025-02-17 11:00:00,2900.22,2903.86,2900.22,2902.74,334.0
2025-02-17 11:05:00,2902.67,2902.77,2901.71,2901.77,274.0
2025-02-17 11:10:00,2901.72,2903.59,2900.81,2903.23,399.0
2025-02-17 11:15:00,2903.19,2906.22,2902.74,2903.96,415.0
2025-02-17 11:20:00,2904.06,2906.4,2903.33,2904.52,354.0
2025-02-17 11:25:00,2904.52,2904.52,2902.34,2902.74,282.0
2025-02-17 11:30:00,2902.81,2903.56,2902.46,2902.62,335.0
2025-02-17 11:35:00,2902.53,2902.78,2902.09,2902.16,365.0
2025-02-17 11:40:00,2902.19,2903.82,2901.69,2903.41,307.0
2025-02-17 11:45:00,2903.28,2903.73,2902.17,2903.28,301.0
2025-02-17 11:50:00,2903.27,2903.66,2902.9,2903.37,173.0
2025-02-17 11:55:00,2903.37,2903.74,2902.48,2902.62,226.0
2025-02-17 12:00:00,2902.56,2902.93,2901.63,2902.23,218.0
2025-02-17 12:05:00,2902.29,2902.63,2901.64,2902.09,157.0
2025-02-17 12:10:00,2901.96,2902.22,2901.5,2901.92,284.0
2025-02-17 12:15:00,2901.84,2902.79,2901.69,2902.25,329.0
2025-02-17 12:20:00,2902.25,2902.25,2901.08,2901.08,256.0
2025-02-17 12:25:00,2901.14,2901.16,2897.92,2898.16,380.0
2025-02-17 12:30:00,2898.31,2898.68,2895.55,2895.55,377.0
2025-02-17 12:35:00,2895.54,2899.69,2895.52,2899.57,443.0
2025-02-17 12:40:00,2899.42,2900.76,2898.29,2898.39,279.0
2025-02-17 12:45:00,2898.41,2899.24,2897.56,2898.94,291.0
2025-02-17 12:50:00,2898.92,2902.04,2898.63,2901.52,281.0
2025-02-17 12:55:00,2901.52,2903.0,2901.28,2902.89,306.0
2025-02-17 13:00:00,2902.98,2903.86,2902.83,2903.51,269.0
2025-02-17 13:05:00,2903.58,2903.92,2900.78,2900.89,358.0
2025-02-17 13:10:00,2900.86,2900.86,2899.08,2899.36,278.0
2025-02-17 13:15:00,2899.39,2899.88,2898.21,2898.27,331.0
2025-02-17 13:20:00,2898.23,2900.79,2897.9,2900.79,344.0
2025-02-17 13:25:00,2900.79,2901.2,2899.32,2900.05,197.0
2025-02-17 13:30:00,2900.0,2901.17,2899.64,2900.63,162.0
2025-02-17 13:35:00,2900.63,2901.14,2900.1,2901.07,239.0
2025-02-17 13:40:00,2901.06,2901.29,2900.24,2900.64,256.0
2025-02-17 13:45:00,2900.65,2900.71,2900.13,2900.47,216.0
2025-02-17 13:50:00,2900.58,2901.21,2899.43,2899.66,243.0
2025-02-17 13:55:00,2899.65,2901.04,2899.51,2900.91,310.0
2025-02-17 14:00:00,2901.06,2901.71,2899.41,2899.51,401.0
2025-02-17 14:05:00,2899.51,2899.51,2896.76,2897.51,390.0
2025-02-17 14:10:00,2897.53,2897.97,2896.67,2897.36,242.0
2025-02-17 14:15:00,2897.37,2897.37,2895.54,2895.96,360.0
2025-02-17 14:20:00,2895.82,2897.14,2895.67,2895.7,248.0
2025-02-17 14:25:00,2895.7,2899.0,2895.43,2897.23,206.0
2025-02-17 14:30:00,2897.08,2898.63,2896.78,2897.84,255.0
2025-02-17 14:35:00,2898.1,2899.74,2898.09,2899.47,219.0
2025-02-17 14:40:00,2899.54,2899.93,2898.57,2899.27,162.0
2025-02-17 14:45:00,2899.28,2900.27,2898.68,2899.06,222.0
2025-02-17 14:50:00,2899.07,2900.06,2898.5,2898.65,199.0
2025-02-17 14:55:00,2898.63,2898.63,2897.53,2897.55,287.0
2025-02-17 15:00:00,2897.5,2898.43,2897.28,2897.78,454.0
2025-02-17 15:05:00,2897.85,2898.64,2896.79,2897.3,429.0
2025-02-17 15:10:00,2897.3,2898.09,2896.86,2897.48,335.0
2025-02-17 15:15:00,2897.49,2898.99,2897.05,2898.08,361.0
2025-02-17 15:20:00,2898.08,2898.14,2895.64,2896.77,321.0
2025-02-17 15:25:00,2896.75,2899.08,2896.53,2897.59,406.0
2025-02-17 15:30:00,2897.7,2899.08,2897.55,2897.8,435.0
2025-02-17 15:35:00,2897.8,2898.33,2896.69,2897.81,324.0
2025-02-17 15:40:00,2897.85,2897.97,2896.15,2896.53,395.0
2025-02-17 15:45:00,2896.49,2897.75,2896.23,2897.09,251.0
2025-02-17 15:50:00,2897.08,2898.33,2895.7,2896.64,291.0
2025-02-17 15:55:00,2896.63,2896.87,2895.51,2896.74,360.0
2025-02-17 16:00:00,2896.74,2898.15,2896.44,2897.5,383.0
2025-02-17 16:05:00,2897.5,2898.84,2896.98,2897.39,406.0
2025-02-17 16:10:00,2897.38,2897.83,2896.89,2897.46,356.0
2025-02-17 16:15:00,2897.49,2898.54,2897.42,2898.02,316.0
2025-02-17 16:20:00,2898.02,2898.61,2897.67,2898.36,235.0
2025-02-17 16:25:00,2898.29,2898.87,2896.83,2897.92,355.0
2025-02-17 16:30:00,2897.97,2899.13,2897.62,2898.84,368.0
2025-02-17 16:35:00,2898.64,2900.22,2898.59,2899.53,456.0
2025-02-17 16:40:00,2899.61,2900.18,2899.09,2899.86,300.0
2025-02-17 16:45:00,2899.96,2901.02,2899.08,2900.47,337.0
2025-02-17 16:50:00,2900.28,2901.23,2899.92,2900.35,418.0
2025-02-17 16:55:00,2900.38,2903.94,2900.38,2902.95,485.0
2025-02-17 17:00:00,2903.12,2904.07,2900.45,2900.87,433.0
2025-02-17 17:05:00,2900.98,2900.98,2899.06,2900.32,405.0
2025-02-17 17:10:00,2900.38,2901.56,2900.17,2900.49,338.0
2025-02-17 17:15:00,2900.52,2900.52,2898.96,2899.61,452.0
2025-02-17 17:20:00,2899.58,2901.96,2898.96,2901.38,437.0
2025-02-17 17:25:00,2901.4,2901.44,2899.31,2899.65,337.0
2025-02-17 17:30:00,2899.65,2901.03,2899.65,2900.96,294.0
2025-02-17 17:35:00,2900.89,2901.31,2900.37,2900.48,273.0
2025-02-17 17:40:00,2900.46,2901.0,2899.2,2899.32,272.0
2025-02-17 17:45:00,2899.38,2900.02,2898.59,2899.15,368.0
2025-02-17 17:50:00,2899.15,2899.46,2897.99,2898.5,337.0
2025-02-17 17:55:00,2898.53,2899.61,2898.37,2899.23,373.0
2025-02-17 18:00:00,2899.3,2900.93,2899.0,2900.33,384.0
2025-02-17 18:05:00,2900.3,2901.2,2899.96,2900.26,312.0
2025-02-17 18:10:00,2900.38,2900.91,2899.82,2900.84,227.0
2025-02-17 18:15:00,2900.85,2900.85,2899.55,2899.64,350.0
2025-02-17 18:20:00,2899.59,2900.08,2897.53,2897.77,187.0
2025-02-17 18:25:00,2897.83,2898.44,2897.64,2898.02,146.0
2025-02-17 18:30:00,2898.11,2898.36,2897.41,2897.65,181.0
2025-02-17 18:35:00,2897.66,2898.14,2896.49,2897.07,272.0
2025-02-17 18:40:00,2897.0,2897.98,2896.6,2896.9,236.0
2025-02-17 18:45:00,2896.91,2897.99,2896.45,2897.7,131.0
2025-02-17 18:50:00,2897.71,2899.85,2897.48,2899.77,235.0
2025-02-17 18:55:00,2899.77,2900.31,2898.51,2899.17,206.0
2025-02-17 19:00:00,2899.17,2899.58,2898.74,2899.45,190.0
2025-02-17 19:05:00,2899.44,2899.5,2897.7,2898.12,175.0
2025-02-17 19:10:00,2898.27,2899.06,2897.78,2898.71,229.0
2025-02-17 19:15:00,2898.77,2899.36,2898.49,2899.21,112.0
2025-02-17 19:20:00,2899.21,2899.67,2898.39,2898.85,144.0
2025-02-17 19:25:00,2898.85,2899.33,2898.43,2899.13,184.0
2025-02-17 19:30:00,2898.93,2899.44,2898.41,2898.51,156.0
2025-02-17 19:35:00,2898.52,2898.87,2898.36,2898.55,216.0
2025-02-17 19:40:00,2898.46,2899.11,2898.34,2898.59,170.0
2025-02-17 19:45:00,2898.7,2898.71,2898.02,2898.48,191.0
2025-02-17 19:50:00,2898.5,2898.7,2897.91,2898.19,187.0
2025-02-17 19:55:00,2898.21,2898.58,2898.04,2898.46,183.0
2025-02-17 20:00:00,2898.31,2899.12,2898.26,2898.63,183.0
2025-02-17 20:05:00,2898.61,2898.76,2898.23,2898.23,168.0
2025-02-17 20:10:00,2898.22,2898.22,2897.07,2897.77,180.0
2025-02-17 20:15:00,2897.68,2898.09,2897.45,2897.66,154.0
2025-02-17 20:20:00,2897.67,2898.55,2897.45,2898.4,161.0
2025-02-17 20:25:00,2898.4,2898.53,2897.98,2898.33,153.0
2025-02-17 20:30:00,2898.24,2898.48,2897.43,2897.63,121.0
2025-02-17 20:35:00,2897.63,2898.01,2897.15,2897.98,126.0
2025-02-17 20:40:00,2898.0,2898.18,2897.61,2898.15,118.0
2025-02-17 20:45:00,2898.15,2898.56,2897.89,2898.25,87.0
2025-02-17 20:50:00,2898.2,2898.38,2897.24,2898.09,114.0
2025-02-17 20:55:00,2898.07,2898.52,2897.84,2898.38,97.0
2025-02-17 21:00:00,2898.35,2898.43,2897.59,2898.01,126.0
2025-02-17 21:05:00,2898.01,2898.06,2897.57,2897.92,126.0
2025-02-17 21:10:00,2897.96,2897.96,2897.35,2897.35,78.0
2025-02-17 21:15:00,2897.34,2898.46,2896.88,2898.45,138.0
2025-02-17 21:20:00,2898.43,2898.52,2897.71,2897.74,140.0
2025-02-17 21:25:00,2898.02,2899.47,2897.74,2899.45,133.0
2025-02-18 01:00:00,2898.61,2899.51,2898.49,2899.11,143.0
2025-02-18 01:05:00,2899.11,2899.11,2897.69,2897.92,86.0
2025-02-18 01:10:00,2898.11,2898.11,2897.56,2897.65,35.0
2025-02-18 01:15:00,2897.65,2898.21,2897.45,2897.7,28.0
2025-02-18 01:20:00,2897.7,2897.77,2897.31,2897.41,24.0
2025-02-18 01:25:00,2897.55,2897.55,2897.13,2897.51,42.0
2025-02-18 01:30:00,2897.58,2897.58,2896.83,2897.36,56.0
2025-02-18 01:35:00,2897.39,2897.75,2896.95,2897.75,55.0
2025-02-18 01:40:00,2897.68,2898.29,2897.46,2898.29,46.0
2025-02-18 01:45:00,2898.29,2899.26,2897.87,2899.07,83.0
2025-02-18 01:50:00,2899.25,2899.38,2898.53,2899.13,86.0
2025-02-18 01:55:00,2899.14,2899.45,2898.91,2899.38,77.0
2025-02-18 02:00:00,2899.19,2899.71,2898.94,2899.53,156.0
2025-02-18 02:05:00,2899.54,2899.65,2899.16,2899.39,128.0
2025-02-18 02:10:00,2899.39,2899.48,2899.23,2899.48,87.0
2025-02-18 02:15:00,2899.48,2899.57,2898.77,2899.17,87.0
2025-02-18 02:20:00,2899.19,2899.22,2898.9,2898.99,63.0
2025-02-18 02:25:00,2898.9,2899.17,2898.38,2898.65,89.0
2025-02-18 02:30:00,2898.73,2899.48,2898.67,2899.48,66.0
2025-02-18 02:35:00,2899.26,2900.13,2898.78,2899.27,109.0
2025-02-18 02:40:00,2899.31,2900.28,2899.22,2899.7,124.0
2025-02-18 02:45:00,2899.7,2900.39,2899.07,2899.65,101.0
2025-02-18 02:50:00,2899.65,2899.66,2898.61,2899.08,129.0
2025-02-18 02:55:00,2899.1,2899.41,2898.82,2899.37,122.0
2025-02-18 03:00:00,2899.3,2899.99,2897.46,2898.03,343.0
2025-02-18 03:05:00,2898.02,2898.02,2896.45,2896.53,283.0
2025-02-18 03:10:00,2896.42,2896.83,2894.86,2896.6,313.0
2025-02-18 03:15:00,2896.6,2898.29,2896.6,2896.92,244.0
2025-02-18 03:20:00,2896.92,2897.27,2896.27,2897.05,241.0
2025-02-18 03:25:00,2897.05,2897.21,2895.23,2895.23,219.0
2025-02-18 03:30:00,2895.24,2896.28,2892.03,2892.45,349.0
2025-02-18 03:35:00,2892.38,2896.34,2891.98,2896.34,296.0
2025-02-18 03:40:00,2896.37,2897.72,2895.87,2895.97,272.0
2025-02-18 03:45:00,2895.98,2895.98,2894.17,2894.48,276.0
2025-02-18 03:50:00,2894.5,2895.78,2894.35,2895.33,253.0
2025-02-18 03:55:00,2895.36,2895.84,2894.93,2895.67,240.0
2025-02-18 04:00:00,2895.79,2897.25,2895.33,2897.25,277.0
2025-02-18 04:05:00,2897.15,2897.36,2896.39,2896.82,228.0
2025-02-18 04:10:00,2896.82,2898.36,2896.82,2898.34,248.0
2025-02-18 04:15:00,2898.33,2899.1,2897.75,2898.1,214.0
2025-02-18 04:20:00,2898.08,2898.23,2897.21,2897.51,188.0
2025-02-18 04:25:00,2897.51,2897.63,2896.5,2897.17,222.0
2025-02-18 04:30:00,2897.21,2898.66,2896.72,2898.11,199.0
2025-02-18 04:35:00,2898.11,2902.54,2897.9,2902.1,291.0
2025-02-18 04:40:00,2902.03,2905.0,2901.98,2903.49,392.0
2025-02-18 04:45:00,2903.48,2904.49,2902.73,2904.2,421.0
2025-02-18 04:50:00,2904.17,2904.17,2902.44,2902.88,321.0
2025-02-18 04:55:00,2902.77,2903.55,2902.11,2903.03,327.0
2025-02-18 05:00:00,2902.86,2906.59,2902.68,2905.2,343.0
2025-02-18 05:05:00,2905.18,2908.19,2904.73,2907.41,380.0
2025-02-18 05:10:00,2907.44,2909.09,2907.41,2908.65,363.0
2025-02-18 05:15:00,2908.58,2908.82,2907.47,2907.92,242.0
2025-02-18 05:20:00,2907.93,2909.9,2907.72,2909.51,295.0
2025-02-18 05:25:00,2909.62,2909.89,2908.89,2909.12,273.0
2025-02-18 05:30:00,2909.16,2910.51,2908.64,2909.92,297.0
2025-02-18 05:35:00,2909.99,2910.82,2909.09,2909.61,252.0
2025-02-18 05:40:00,2909.6,2909.64,2908.02,2909.23,225.0
2025-02-18 05:45:00,2909.21,2909.21,2908.21,2908.63,240.0
2025-02-18 05:50:00,2908.62,2908.63,2906.12,2907.11,253.0
2025-02-18 05:55:00,2907.15,2909.07,2906.49,2908.88,209.0
2025-02-18 06:00:00,2908.82,2908.87,2907.66,2908.52,137.0
2025-02-18 06:05:00,2908.54,2908.76,2907.84,2907.84,129.0
2025-02-18 06:10:00,2907.83,2908.44,2907.23,2907.9,151.0
2025-02-18 06:15:00,2907.89,2908.57,2907.51,2908.56,126.0
2025-02-18 06:20:00,2908.56,2909.25,2908.08,2909.04,123.0
2025-02-18 06:25:00,2908.87,2909.1,2908.31,2909.1,125.0
2025-02-18 06:30:00,2909.17,2909.37,2907.69,2907.96,157.0
2025-02-18 06:35:00,2907.96,2909.79,2907.91,2909.45,199.0
2025-02-18 06:40:00,2909.44,2909.76,2908.72,2909.68,163.0
2025-02-18 06:45:00,2909.63,2909.85,2908.75,2909.25,201.0
2025-02-18 06:50:00,2909.25,2909.92,2908.67,2909.81,159.0
2025-02-18 06:55:00,2909.76,2911.0,2909.45,2910.65,167.0
2025-02-18 07:00:00,2910.91,2913.36,2910.33,2910.76,294.0
2025-02-18 07:05:00,2910.66,2912.95,2909.62,2912.27,258.0
2025-02-18 07:10:00,2912.09,2914.08,2911.58,2912.97,337.0
2025-02-18 07:15:00,2912.79,2913.86,2912.2,2912.77,178.0
2025-02-18 07:20:00,2912.78,2913.43,2912.19,2912.39,187.0
2025-02-18 07:25:00,2912.66,2913.45,2911.58,2913.27,166.0
2025-02-18 07:30:00,2913.3,2915.34,2913.3,2914.52,360.0
2025-02-18 07:35:00,2914.48,2915.54,2913.96,2914.57,308.0
2025-02-18 07:40:00,2914.58,2915.23,2912.06,2912.49,308.0
2025-02-18 07:45:00,2912.49,2914.17,2912.28,2912.33,256.0
2025-02-18 07:50:00,2912.26,2912.26,2910.52,2911.63,277.0
2025-02-18 07:55:00,2911.64,2911.67,2910.16,2910.65,252.0
2025-02-18 08:00:00,2910.44,2912.58,2909.88,2911.76,264.0
2025-02-18 08:05:00,2911.76,2913.34,2911.0,2913.0,218.0
2025-02-18 08:10:00,2913.1,2914.25,2911.82,2913.9,251.0
2025-02-18 08:15:00,2913.9,2914.3,2913.05,2913.6,279.0
2025-02-18 08:20:00,2913.55,2913.56,2911.92,2912.53,231.0
2025-02-18 08:25:00,2912.52,2913.19,2911.73,2912.91,197.0
2025-02-18 08:30:00,2912.9,2912.96,2911.31,2911.78,220.0
2025-02-18 08:35:00,2911.56,2912.74,2911.24,2912.73,208.0
2025-02-18 08:40:00,2912.73,2912.92,2911.2,2911.84,246.0
2025-02-18 08:45:00,2911.84,2912.63,2910.95,2912.32,199.0
2025-02-18 08:50:00,2912.3,2912.71,2911.28,2912.71,161.0
2025-02-18 08:55:00,2912.68,2913.72,2912.46,2913.67,218.0
2025-02-18 09:00:00,2913.45,2914.65,2913.21,2914.59,176.0
2025-02-18 09:05:00,2914.58,2915.44,2913.98,2914.76,300.0
2025-02-18 09:10:00,2914.76,2915.14,2912.71,2913.65,300.0
2025-02-18 09:15:00,2913.65,2914.64,2913.24,2914.34,183.0
2025-02-18 09:20:00,2914.37,2914.63,2913.56,2913.56,234.0
2025-02-18 09:25:00,2913.57,2914.28,2913.14,2913.53,161.0
2025-02-18 09:30:00,2913.52,2914.07,2911.88,2912.19,202.0
2025-02-18 09:35:00,2912.19,2913.25,2912.1,2912.61,174.0
2025-02-18 09:40:00,2912.61,2912.74,2911.14,2911.87,246.0
2025-02-18 09:45:00,2911.85,2911.87,2908.52,2909.78,303.0
2025-02-18 09:50:00,2909.77,2911.73,2909.32,2911.58,326.0
2025-02-18 09:55:00,2911.57,2912.02,2910.78,2911.54,332.0
2025-02-18 10:00:00,2911.57,2911.85,2908.24,2908.5,327.0
2025-02-18 10:05:00,2908.45,2910.74,2908.42,2910.54,344.0
2025-02-18 10:10:00,2910.57,2912.95,2910.19,2911.47,374.0
2025-02-18 10:15:00,2911.47,2911.77,2910.45,2911.63,240.0
2025-02-18 10:20:00,2911.62,2911.62,2909.87,2910.31,224.0
2025-02-18 10:25:00,2910.31,2911.1,2909.75,2910.57,240.0
2025-02-18 10:30:00,2910.59,2910.92,2909.55,2910.23,254.0
2025-02-18 10:35:00,2910.22,2911.8,2909.47,2911.66,241.0
2025-02-18 10:40:00,2911.7,2913.27,2911.41,2911.94,196.0
2025-02-18 10:45:00,2912.03,2912.52,2911.59,2912.18,185.0
2025-02-18 10:50:00,2912.18,2912.44,2911.34,2912.32,204.0
2025-02-18 10:55:00,2912.31,2912.86,2911.9,2912.38,277.0
2025-02-18 11:00:00,2912.4,2912.88,2911.44,2911.47,270.0
2025-02-18 11:05:00,2911.46,2912.42,2911.18,2912.39,201.0
2025-02-18 11:10:00,2912.39,2912.4,2910.62,2911.47,236.0
2025-02-18 11:15:00,2911.47,2911.58,2910.36,2910.97,243.0
2025-02-18 11:20:00,2911.06,2911.99,2910.07,2911.74,247.0
2025-02-18 11:25:00,2911.83,2912.11,2911.06,2912.06,233.0
2025-02-18 11:30:00,2912.14,2913.36,2912.14,2913.27,185.0
2025-02-18 11:35:00,2913.09,2913.45,2911.78,2911.89,201.0
2025-02-18 11:40:00,2911.93,2912.21,2911.31,2912.02,153.0
2025-02-18 11:45:00,2912.02,2912.13,2910.3,2911.33,269.0
2025-02-18 11:50:00,2911.31,2912.49,2911.24,2912.16,178.0
2025-02-18 11:55:00,2912.15,2913.06,2911.64,2912.64,170.0
2025-02-18 12:00:00,2912.65,2913.43,2912.04,2912.07,220.0
2025-02-18 12:05:00,2912.06,2912.58,2911.48,2911.89,226.0
2025-02-18 12:10:00,2911.93,2912.35,2911.4,2911.61,197.0
2025-02-18 12:15:00,2911.53,2911.97,2910.77,2910.87,277.0
2025-02-18 12:20:00,2910.88,2911.18,2910.18,2910.61,262.0
2025-02-18 12:25:00,2910.55,2910.7,2909.67,2909.85,244.0
2025-02-18 12:30:00,2909.82,2910.99,2908.02,2908.4,288.0
2025-02-18 12:35:00,2908.42,2909.44,2908.32,2908.94,296.0
2025-02-18 12:40:00,2908.91,2909.42,2908.35,2908.44,273.0
2025-02-18 12:45:00,2907.97,2909.36,2906.95,2909.18,270.0
2025-02-18 12:50:00,2909.3,2910.63,2908.72,2910.63,253.0
2025-02-18 12:55:00,2910.66,2911.35,2910.17,2911.24,257.0
2025-02-18 13:00:00,2911.36,2912.39,2910.82,2910.82,326.0
2025-02-18 13:05:00,2910.83,2911.25,2909.64,2910.93,311.0
2025-02-18 13:10:00,2910.95,2911.52,2910.85,2911.25,196.0
2025-02-18 13:15:00,2911.24,2911.52,2910.89,2911.17,138.0
2025-02-18 13:20:00,2911.37,2912.11,2911.04,2911.74,164.0
2025-02-18 13:25:00,2911.74,2912.35,2911.19,2911.19,171.0
2025-02-18 13:30:00,2911.18,2912.0,2910.82,2911.57,163.0
2025-02-18 13:35:00,2911.58,2912.94,2911.07,2912.43,236.0
2025-02-18 13:40:00,2912.43,2912.49,2911.78,2911.88,224.0
2025-02-18 13:45:00,2911.72,2913.21,2911.72,2912.73,239.0
2025-02-18 13:50:00,2912.72,2913.44,2912.24,2913.21,165.0
2025-02-18 13:55:00,2913.21,2914.96,2913.18,2914.19,256.0
2025-02-18 14:00:00,2914.18,2915.11,2913.3,2913.84,348.0
2025-02-18 14:05:00,2913.83,2913.98,2912.28,2912.73,315.0
2025-02-18 14:10:00,2912.76,2913.41,2912.12,2913.01,281.0
2025-02-18 14:15:00,2913.01,2913.29,2912.19,2913.18,242.0
2025-02-18 14:20:00,2913.23,2914.01,2913.09,2913.56,212.0
2025-02-18 14:25:00,2913.53,2915.4,2913.51,2914.37,254.0
2025-02-18 14:30:00,2914.5,2915.5,2914.2,2914.33,271.0
2025-02-18 14:35:00,2914.32,2915.54,2914.32,2915.16,182.0
2025-02-18 14:40:00,2915.32,2916.74,2914.57,2916.35,308.0
2025-02-18 14:45:00,2916.32,2918.82,2916.28,2917.79,330.0
2025-02-18 14:50:00,2917.73,2918.3,2917.13,2917.4,303.0
2025-02-18 14:55:00,2917.43,2918.21,2916.56,2918.14,275.0
2025-02-18 15:00:00,2918.15,2918.62,2916.36,2916.98,445.0
2025-02-18 15:05:00,2917.05,2917.35,2914.48,2914.48,439.0
2025-02-18 15:10:00,2914.39,2915.58,2913.42,2914.56,414.0
2025-02-18 15:15:00,2914.59,2917.61,2914.17,2916.78,425.0
2025-02-18 15:20:00,2916.85,2917.83,2915.17,2915.97,310.0
2025-02-18 15:25:00,2916.16,2918.5,2916.06,2916.63,383.0
2025-02-18 15:30:00,2917.99,2918.33,2915.87,2917.03,379.0
2025-02-18 15:35:00,2917.14,2919.12,2916.63,2918.6,396.0
2025-02-18 15:40:00,2918.56,2920.47,2918.53,2919.87,416.0
2025-02-18 15:45:00,2919.9,2921.35,2917.51,2918.54,421.0
2025-02-18 15:50:00,2918.54,2919.9,2918.23,2919.19,340.0
2025-02-18 15:55:00,2919.23,2919.85,2918.53,2918.87,314.0
2025-02-18 16:00:00,2918.84,2920.58,2918.69,2919.91,366.0
2025-02-18 16:05:00,2919.97,2921.0,2919.79,2920.93,362.0
2025-02-18 16:10:00,2920.92,2922.43,2919.73,2919.97,430.0
2025-02-18 16:15:00,2919.91,2920.23,2917.73,2919.92,457.0
2025-02-18 16:20:00,2920.04,2922.46,2919.91,2922.08,426.0
2025-02-18 16:25:00,2922.0,2923.39,2921.54,2923.39,291.0
2025-02-18 16:30:00,2923.37,2924.91,2922.47,2924.2,513.0
2025-02-18 16:35:00,2924.19,2924.85,2922.57,2922.65,449.0
2025-02-18 16:40:00,2922.67,2924.91,2922.56,2924.1,409.0
2025-02-18 16:45:00,2924.31,2925.8,2923.42,2925.8,399.0
2025-02-18 16:50:00,2925.78,2927.64,2925.43,2926.71,449.0
2025-02-18 16:55:00,2926.84,2928.73,2926.44,2927.95,426.0
2025-02-18 17:00:00,2927.91,2928.79,2925.06,2925.15,463.0
2025-02-18 17:05:00,2925.17,2928.3,2925.17,2927.63,412.0
2025-02-18 17:10:00,2927.61,2929.57,2926.61,2929.13,386.0
2025-02-18 17:15:00,2929.33,2929.44,2925.56,2926.07,479.0
2025-02-18 17:20:00,2926.03,2927.36,2925.9,2926.29,453.0
2025-02-18 17:25:00,2926.31,2927.31,2925.54,2926.32,466.0
2025-02-18 17:30:00,2926.43,2926.63,2923.69,2924.06,414.0
2025-02-18 17:35:00,2924.05,2927.19,2923.68,2926.54,441.0
2025-02-18 17:40:00,2926.52,2928.69,2926.52,2927.3,429.0
2025-02-18 17:45:00,2927.31,2928.47,2926.94,2928.22,401.0
2025-02-18 17:50:00,2928.23,2928.23,2926.13,2926.4,394.0
2025-02-18 17:55:00,2926.39,2927.54,2926.26,2927.13,361.0
2025-02-18 18:00:00,2926.99,2927.45,2924.21,2924.43,406.0
2025-02-18 18:05:00,2924.43,2927.52,2924.33,2926.38,419.0
2025-02-18 18:10:00,2926.28,2928.2,2926.16,2928.14,371.0
2025-02-18 18:15:00,2928.11,2929.09,2928.04,2928.3,463.0
2025-02-18 18:20:00,2928.28,2929.15,2927.48,2927.73,425.0
2025-02-18 18:25:00,2927.66,2928.26,2926.67,2927.86,403.0
2025-02-18 18:30:00,2928.03,2929.17,2927.39,2928.75,347.0
2025-02-18 18:35:00,2928.75,2930.43,2928.62,2929.57,359.0
2025-02-18 18:40:00,2929.63,2931.82,2929.44,2931.02,426.0
2025-02-18 18:45:00,2931.09,2932.45,2930.44,2932.31,426.0
2025-02-18 18:50:00,2932.33,2933.75,2932.04,2932.67,389.0
2025-02-18 18:55:00,2932.63,2933.38,2932.15,2932.79,324.0
2025-02-18 19:00:00,2932.74,2933.66,2930.87,2931.44,371.0
2025-02-18 19:05:00,2931.53,2932.72,2931.53,2932.05,348.0
2025-02-18 19:10:00,2932.13,2932.39,2931.19,2931.7,362.0
2025-02-18 19:15:00,2931.66,2931.87,2930.93,2931.62,316.0
2025-02-18 19:20:00,2931.64,2932.8,2931.63,2932.38,326.0
2025-02-18 19:25:00,2932.24,2932.42,2931.31,2931.9,287.0
2025-02-18 19:30:00,2931.72,2932.12,2931.07,2931.17,352.0
2025-02-18 19:35:00,2931.16,2932.75,2931.16,2931.38,363.0
2025-02-18 19:40:00,2931.42,2931.92,2931.06,2931.12,333.0
2025-02-18 19:45:00,2931.12,2931.3,2929.64,2930.0,329.0
2025-02-18 19:50:00,2930.11,2931.69,2929.99,2930.66,276.0
2025-02-18 19:55:00,2930.63,2931.72,2930.03,2931.16,329.0
2025-02-18 20:00:00,2931.18,2931.38,2930.16,2930.71,269.0
2025-02-18 20:05:00,2930.71,2931.74,2930.31,2931.32,266.0
2025-02-18 20:10:00,2931.24,2931.98,2929.85,2929.89,265.0
2025-02-18 20:15:00,2930.0,2930.09,2929.2,2929.79,272.0
2025-02-18 20:20:00,2929.82,2930.39,2928.73,2930.03,334.0
2025-02-18 20:25:00,2929.96,2930.59,2928.31,2929.97,366.0
2025-02-18 20:30:00,2930.06,2931.81,2930.04,2931.37,266.0
2025-02-18 20:35:00,2931.33,2932.21,2930.71,2931.14,286.0
2025-02-18 20:40:00,2931.11,2932.01,2930.69,2931.97,241.0
2025-02-18 20:45:00,2931.97,2933.4,2931.72,2933.22,240.0
2025-02-18 20:50:00,2933.25,2933.77,2932.61,2932.8,305.0
2025-02-18 20:55:00,2932.76,2933.62,2932.76,2933.31,315.0
2025-02-18 21:00:00,2933.35,2933.8,2933.01,2933.5,316.0
2025-02-18 21:05:00,2933.54,2933.54,2932.8,2933.08,268.0
2025-02-18 21:10:00,2933.04,2933.48,2932.03,2932.3,245.0
2025-02-18 21:15:00,2932.29,2932.63,2932.0,2932.23,226.0
2025-02-18 21:20:00,2932.21,2933.11,2931.98,2932.94,277.0
2025-02-18 21:25:00,2932.95,2933.68,2932.59,2933.33,248.0
2025-02-18 21:30:00,2933.31,2934.0,2932.96,2933.92,327.0
2025-02-18 21:35:00,2933.91,2935.76,2933.75,2935.32,325.0
2025-02-18 21:40:00,2935.3,2935.49,2934.61,2935.39,265.0
2025-02-18 21:45:00,2935.39,2936.77,2935.32,2936.75,300.0
2025-02-18 21:50:00,2936.67,2937.01,2935.75,2936.3,281.0
2025-02-18 21:55:00,2936.37,2937.05,2935.86,2935.92,272.0
2025-02-18 22:00:00,2935.89,2936.76,2935.59,2936.73,257.0
2025-02-18 22:05:00,2936.6,2936.76,2935.29,2936.11,260.0
2025-02-18 22:10:00,2936.23,2936.77,2935.97,2936.68,189.0
2025-02-18 22:15:00,2936.67,2936.81,2935.32,2935.36,256.0
2025-02-18 22:20:00,2935.35,2935.77,2935.18,2935.71,239.0
2025-02-18 22:25:00,2935.8,2935.8,2934.68,2934.79,248.0
2025-02-18 22:30:00,2934.79,2935.12,2934.21,2934.48,293.0
2025-02-18 22:35:00,2934.49,2934.54,2933.64,2934.21,284.0
2025-02-18 22:40:00,2934.24,2934.49,2933.64,2933.96,285.0
2025-02-18 22:45:00,2933.98,2935.14,2933.76,2934.94,308.0
2025-02-18 22:50:00,2934.96,2935.04,2932.75,2932.92,365.0
2025-02-18 22:55:00,2932.94,2933.73,2932.45,2933.53,422.0
2025-02-18 23:00:00,2933.35,2934.87,2933.2,2934.12,167.0
2025-02-18 23:05:00,2934.38,2934.57,2933.96,2934.41,117.0
2025-02-18 23:10:00,2934.41,2934.41,2933.49,2933.72,107.0
2025-02-18 23:15:00,2933.93,2934.23,2933.43,2933.92,124.0
2025-02-18 23:20:00,2933.92,2934.19,2933.4,2934.18,60.0
2025-02-18 23:25:00,2934.18,2934.22,2933.14,2933.35,89.0
2025-02-18 23:30:00,2933.33,2933.79,2933.06,2933.67,69.0
2025-02-18 23:35:00,2933.44,2934.04,2933.17,2934.03,67.0
2025-02-18 23:40:00,2934.07,2935.35,2934.07,2935.27,73.0
2025-02-18 23:45:00,2935.54,2935.56,2934.83,2935.47,79.0
2025-02-18 23:50:00,2935.54,2936.46,2935.21,2935.95,117.0
2025-02-18 23:55:00,2935.44,2935.58,2934.97,2935.08,132.0
2025-02-19 01:00:00,2935.73,2935.73,2934.25,2935.39,101.0
2025-02-19 01:05:00,2935.44,2935.55,2934.4,2934.81,69.0
2025-02-19 01:10:00,2934.82,2934.96,2934.53,2934.83,55.0
2025-02-19 01:15:00,2934.83,2935.02,2933.58,2933.76,76.0
2025-02-19 01:20:00,2933.79,2933.83,2933.33,2933.53,61.0
2025-02-19 01:25:00,2933.78,2933.81,2933.49,2933.64,49.0
2025-02-19 01:30:00,2933.52,2933.72,2933.09,2933.52,95.0
2025-02-19 01:35:00,2933.54,2934.21,2933.44,2933.66,78.0
2025-02-19 01:40:00,2933.58,2934.18,2933.32,2933.93,49.0
2025-02-19 01:45:00,2933.59,2934.41,2933.09,2933.9,94.0
2025-02-19 01:50:00,2933.95,2934.48,2933.72,2934.08,63.0
2025-02-19 01:55:00,2934.17,2934.54,2933.89,2934.06,69.0
2025-02-19 02:00:00,2934.06,2934.07,2933.01,2933.37,83.0
2025-02-19 02:05:00,2933.37,2934.37,2933.11,2933.29,108.0
2025-02-19 02:10:00,2933.29,2933.46,2932.43,2932.43,117.0
2025-02-19 02:15:00,2932.42,2933.05,2932.22,2932.8,141.0
2025-02-19 02:20:00,2932.82,2932.84,2932.16,2932.19,112.0
2025-02-19 02:25:00,2932.22,2933.46,2932.1,2933.45,101.0
2025-02-19 02:30:00,2933.26,2933.83,2932.77,2932.87,152.0
2025-02-19 02:35:00,2932.86,2933.03,2932.33,2932.39,98.0
2025-02-19 02:40:00,2932.65,2932.77,2932.17,2932.17,82.0
2025-02-19 02:45:00,2932.15,2932.15,2931.02,2931.23,112.0
2025-02-19 02:50:00,2931.29,2931.67,2930.12,2930.56,128.0
2025-02-19 02:55:00,2930.56,2930.56,2928.51,2929.15,200.0
2025-02-19 03:00:00,2928.72,2931.36,2927.61,2931.36,373.0
2025-02-19 03:05:00,2931.33,2932.21,2930.79,2931.72,330.0
2025-02-19 03:10:00,2931.7,2933.13,2931.57,2932.63,268.0
2025-02-19 03:15:00,2932.62,2932.62,2930.41,2931.45,304.0
2025-02-19 03:20:00,2931.47,2931.93,2930.97,2931.74,288.0
2025-02-19 03:25:00,2931.76,2932.13,2931.17,2931.55,224.0
2025-02-19 03:30:00,2931.4,2933.26,2931.21,2932.69,320.0
2025-02-19 03:35:00,2932.72,2935.01,2932.54,2934.68,339.0
2025-02-19 03:40:00,2934.68,2936.2,2934.68,2935.94,324.0
2025-02-19 03:45:00,2935.94,2938.12,2935.48,2937.59,382.0
2025-02-19 03:50:00,2937.66,2939.02,2937.66,2938.32,388.0
2025-02-19 03:55:00,2938.31,2939.53,2937.56,2938.28,331.0
2025-02-19 04:00:00,2938.25,2939.37,2937.36,2938.35,372.0
2025-02-19 04:05:00,2938.39,2938.46,2936.44,2936.52,346.0
2025-02-19 04:10:00,2936.48,2937.91,2936.05,2936.91,306.0
2025-02-19 04:15:00,2936.91,2938.74,2936.69,2937.98,262.0
2025-02-19 04:20:00,2938.0,2938.15,2936.92,2937.27,242.0
2025-02-19 04:25:00,2937.25,2937.25,2936.03,2936.03,271.0
2025-02-19 04:30:00,2936.05,2936.14,2933.89,2935.39,372.0
2025-02-19 04:35:00,2935.39,2935.39,2933.35,2933.74,339.0
2025-02-19 04:40:00,2933.88,2934.03,2931.75,2932.24,272.0
2025-02-19 04:45:00,2932.24,2932.32,2925.58,2926.62,341.0
2025-02-19 04:50:00,2926.64,2928.53,2924.16,2926.89,452.0
2025-02-19 04:55:00,2926.86,2929.74,2926.3,2929.08,387.0
2025-02-19 05:00:00,2929.19,2929.3,2926.75,2928.26,382.0
2025-02-19 05:05:00,2928.31,2928.32,2924.74,2927.26,402.0
2025-02-19 05:10:00,2927.48,2929.23,2926.94,2928.46,252.0
2025-02-19 05:15:00,2928.37,2928.66,2927.26,2927.91,292.0
2025-02-19 05:20:00,2927.93,2930.34,2927.8,2928.74,324.0
2025-02-19 05:25:00,2928.72,2929.42,2927.63,2928.28,302.0
2025-02-19 05:30:00,2928.51,2929.17,2928.13,2928.8,303.0
2025-02-19 05:35:00,2928.57,2929.09,2928.18,2928.86,267.0
2025-02-19 05:40:00,2928.85,2930.49,2928.71,2929.93,252.0
2025-02-19 05:45:00,2929.8,2929.93,2928.77,2928.98,223.0
2025-02-19 05:50:00,2928.94,2929.98,2928.94,2929.15,235.0
2025-02-19 05:55:00,2929.14,2929.21,2928.23,2928.88,255.0
2025-02-19 06:00:00,2928.81,2929.03,2928.06,2928.72,198.0
2025-02-19 06:05:00,2928.74,2929.49,2927.87,2928.69,231.0
2025-02-19 06:10:00,2928.67,2928.96,2927.32,2927.63,166.0
2025-02-19 06:15:00,2927.63,2928.51,2927.3,2928.41,240.0
2025-02-19 06:20:00,2928.31,2929.06,2927.96,2928.43,187.0
2025-02-19 06:25:00,2928.37,2928.44,2927.8,2927.85,225.0
2025-02-19 06:30:00,2927.85,2927.87,2926.74,2926.99,249.0
2025-02-19 06:35:00,2926.99,2928.15,2926.48,2928.03,244.0
2025-02-19 06:40:00,2928.02,2928.79,2928.02,2928.72,83.0
2025-02-19 06:45:00,2928.66,2929.15,2928.21,2929.04,223.0
2025-02-19 06:50:00,2929.03,2929.49,2927.77,2927.85,276.0
2025-02-19 06:55:00,2927.83,2929.2,2927.67,2929.19,219.0
2025-02-19 07:00:00,2929.09,2930.33,2928.72,2929.6,209.0
2025-02-19 07:05:00,2929.6,2929.81,2929.0,2929.39,180.0
2025-02-19 07:10:00,2929.41,2930.17,2928.3,2928.64,210.0
2025-02-19 07:15:00,2928.5,2929.42,2928.08,2928.76,253.0
2025-02-19 07:20:00,2928.74,2929.51,2928.42,2929.01,231.0
2025-02-19 07:25:00,2928.86,2929.63,2928.61,2929.16,213.0
2025-02-19 07:30:00,2929.23,2931.17,2929.15,2931.17,280.0
2025-02-19 07:35:00,2931.08,2932.36,2930.23,2931.27,315.0
2025-02-19 07:40:00,2931.26,2931.86,2930.43,2931.28,225.0
2025-02-19 07:45:00,2931.28,2932.7,2931.18,2932.48,253.0
2025-02-19 07:50:00,2932.48,2932.97,2932.06,2932.95,263.0
2025-02-19 07:55:00,2932.99,2934.32,2932.19,2932.76,272.0
2025-02-19 08:00:00,2932.6,2934.25,2932.49,2934.17,309.0
2025-02-19 08:05:00,2934.16,2935.54,2934.04,2934.71,326.0
2025-02-19 08:10:00,2934.69,2935.77,2934.57,2934.99,263.0
2025-02-19 08:15:00,2935.0,2935.28,2933.1,2935.21,296.0
2025-02-19 08:20:00,2935.21,2935.74,2934.08,2935.06,238.0
2025-02-19 08:25:00,2935.04,2935.24,2934.12,2934.93,259.0
2025-02-19 08:30:00,2934.93,2935.11,2933.08,2933.34,269.0
2025-02-19 08:35:00,2933.35,2934.08,2932.35,2932.62,219.0
2025-02-19 08:40:00,2932.38,2933.75,2931.71,2932.97,269.0
2025-02-19 08:45:00,2932.99,2932.99,2931.59,2931.84,277.0
2025-02-19 08:50:00,2931.78,2931.78,2930.62,2930.92,251.0
2025-02-19 08:55:00,2930.92,2931.8,2930.87,2931.66,224.0
2025-02-19 09:00:00,2931.2,2933.35,2930.18,2932.75,296.0
2025-02-19 09:05:00,2932.74,2933.85,2932.61,2933.15,369.0
2025-02-19 09:10:00,2933.2,2934.29,2932.18,2934.21,193.0
2025-02-19 09:15:00,2934.2,2935.84,2934.2,2934.9,325.0
2025-02-19 09:20:00,2935.06,2935.25,2934.25,2934.9,251.0
2025-02-19 09:25:00,2934.9,2935.35,2933.38,2934.5,332.0
2025-02-19 09:30:00,2934.51,2935.16,2933.88,2934.6,212.0
2025-02-19 09:35:00,2934.6,2935.09,2932.67,2932.7,317.0
2025-02-19 09:40:00,2932.69,2933.77,2932.31,2933.52,246.0
2025-02-19 09:45:00,2933.81,2935.06,2933.49,2934.48,216.0
2025-02-19 09:50:00,2934.45,2935.26,2933.93,2935.14,158.0
2025-02-19 09:55:00,2935.11,2935.51,2934.21,2934.25,261.0
2025-02-19 10:00:00,2934.23,2934.96,2934.23,2934.51,183.0
2025-02-19 10:05:00,2934.52,2935.76,2933.84,2935.74,310.0
2025-02-19 10:10:00,2935.76,2937.41,2935.76,2937.41,379.0
2025-02-19 10:15:00,2937.29,2937.88,2936.79,2937.26,380.0
2025-02-19 10:20:00,2937.46,2938.57,2937.03,2937.62,382.0
2025-02-19 10:25:00,2937.5,2939.41,2937.34,2939.23,291.0
2025-02-19 10:30:00,2939.23,2939.56,2938.41,2938.59,275.0
2025-02-19 10:35:00,2938.62,2939.99,2938.17,2939.85,311.0
2025-02-19 10:40:00,2939.98,2940.08,2938.2,2938.28,240.0
2025-02-19 10:45:00,2938.28,2938.3,2936.94,2937.16,446.0
2025-02-19 10:50:00,2937.13,2938.43,2936.36,2938.29,389.0
2025-02-19 10:55:00,2938.56,2938.63,2937.46,2938.63,276.0
2025-02-19 11:00:00,2938.6,2939.53,2938.41,2938.75,272.0
2025-02-19 11:05:00,2938.76,2939.42,2938.15,2938.75,222.0
2025-02-19 11:10:00,2938.75,2939.72,2938.6,2939.56,183.0
2025-02-19 11:15:00,2939.52,2946.52,2939.39,2945.64,445.0
2025-02-19 11:20:00,2945.75,2946.06,2943.22,2944.23,402.0
2025-02-19 11:25:00,2944.3,2945.98,2944.05,2945.9,271.0
2025-02-19 11:30:00,2945.9,2946.26,2943.84,2944.22,334.0
2025-02-19 11:35:00,2944.21,2945.47,2942.7,2945.44,333.0
2025-02-19 11:40:00,2945.49,2945.49,2943.95,2944.48,216.0
2025-02-19 11:45:00,2944.46,2945.33,2943.46,2945.07,307.0
2025-02-19 11:50:00,2945.07,2945.37,2944.0,2944.51,230.0
2025-02-19 11:55:00,2944.5,2946.3,2943.62,2945.55,285.0
2025-02-19 12:00:00,2945.55,2946.92,2945.28,2946.49,326.0
2025-02-19 12:05:00,2946.48,2947.05,2945.39,2945.39,291.0
2025-02-19 12:10:00,2945.37,2945.56,2942.69,2942.95,330.0
2025-02-19 12:15:00,2942.85,2944.56,2942.69,2944.4,259.0
2025-02-19 12:20:00,2944.4,2944.87,2943.05,2943.08,317.0
2025-02-19 12:25:00,2943.05,2945.63,2943.05,2944.14,360.0
2025-02-19 12:30:00,2944.05,2944.33,2943.64,2944.2,421.0
2025-02-19 12:35:00,2944.17,2945.02,2943.99,2944.69,289.0
2025-02-19 12:40:00,2944.56,2945.39,2944.55,2945.09,250.0
2025-02-19 12:45:00,2945.16,2945.49,2944.61,2944.88,135.0
2025-02-19 12:50:00,2945.09,2945.41,2943.9,2944.22,168.0
2025-02-19 12:55:00,2944.21,2945.27,2944.09,2944.76,196.0
2025-02-19 13:00:00,2944.76,2946.0,2943.92,2945.16,365.0
2025-02-19 13:05:00,2945.1,2945.72,2943.99,2944.33,287.0
2025-02-19 13:10:00,2944.49,2944.49,2942.92,2943.58,263.0
2025-02-19 13:15:00,2943.57,2943.97,2943.31,2943.97,230.0
2025-02-19 13:20:00,2943.98,2944.54,2943.57,2943.8,218.0
2025-02-19 13:25:00,2943.73,2944.1,2943.34,2943.45,296.0
2025-02-19 13:30:00,2943.45,2944.63,2943.26,2943.84,353.0
2025-02-19 13:35:00,2943.83,2943.95,2940.34,2940.34,314.0
2025-02-19 13:40:00,2940.2,2942.23,2940.09,2941.29,350.0
2025-02-19 13:45:00,2941.29,2941.78,2938.84,2938.88,281.0
2025-02-19 13:50:00,2938.9,2939.45,2936.98,2937.83,413.0
2025-02-19 13:55:00,2937.83,2938.03,2934.18,2934.95,328.0
2025-02-19 14:00:00,2933.85,2935.25,2931.06,2934.85,413.0
2025-02-19 14:05:00,2934.96,2934.99,2932.34,2934.29,397.0
2025-02-19 14:10:00,2934.28,2934.82,2933.32,2934.6,349.0
2025-02-19 14:15:00,2934.67,2936.08,2933.35,2933.35,355.0
2025-02-19 14:20:00,2933.5,2934.65,2932.86,2934.43,314.0
2025-02-19 14:25:00,2934.4,2934.61,2932.84,2933.62,264.0
2025-02-19 14:30:00,2933.58,2935.08,2932.92,2935.08,361.0
2025-02-19 14:35:00,2935.13,2936.41,2934.77,2936.41,311.0
2025-02-19 14:40:00,2936.43,2936.63,2935.02,2935.97,322.0
2025-02-19 14:45:00,2935.97,2936.3,2934.56,2936.0,160.0
2025-02-19 14:50:00,2936.01,2936.69,2934.93,2935.16,330.0
2025-02-19 14:55:00,2935.12,2935.12,2933.24,2933.62,377.0
2025-02-19 15:00:00,2933.55,2939.82,2932.65,2939.46,469.0
2025-02-19 15:05:00,2939.51,2941.64,2938.94,2940.42,453.0
2025-02-19 15:10:00,2940.49,2941.07,2939.46,2940.17,368.0
2025-02-19 15:15:00,2940.08,2940.51,2937.54,2939.35,391.0
2025-02-19 15:20:00,2939.37,2940.02,2937.24,2937.59,434.0
2025-02-19 15:25:00,2937.57,2940.58,2937.49,2939.21,398.0
2025-02-19 15:30:00,2939.87,2941.06,2937.69,2940.95,402.0
2025-02-19 15:35:00,2940.99,2941.44,2939.71,2940.41,404.0
2025-02-19 15:40:00,2940.48,2940.84,2938.93,2940.56,322.0
2025-02-19 15:45:00,2940.35,2941.43,2937.47,2937.54,371.0
2025-02-19 15:50:00,2937.49,2937.56,2932.54,2934.87,482.0
2025-02-19 15:55:00,2935.1,2937.2,2935.1,2936.31,460.0
2025-02-19 16:00:00,2936.33,2937.97,2935.05,2936.56,442.0
2025-02-19 16:05:00,2936.6,2939.36,2935.87,2938.95,458.0
2025-02-19 16:10:00,2938.95,2939.69,2938.27,2939.12,397.0
2025-02-19 16:15:00,2939.08,2939.2,2935.45,2936.14,388.0
2025-02-19 16:20:00,2936.31,2937.67,2932.49,2934.39,507.0
2025-02-19 16:25:00,2934.13,2934.48,2930.28,2933.67,539.0
2025-02-19 16:30:00,2933.95,2936.48,2931.83,2934.5,534.0
2025-02-19 16:35:00,2934.47,2935.19,2931.3,2934.42,510.0
2025-02-19 16:40:00,2934.43,2937.88,2934.42,2936.22,494.0
2025-02-19 16:45:00,2936.11,2938.48,2935.68,2937.85,475.0
2025-02-19 16:50:00,2937.65,2939.93,2937.6,2939.04,527.0
2025-02-19 16:55:00,2939.16,2940.62,2938.06,2938.13,458.0
2025-02-19 17:00:00,2937.98,2938.71,2935.17,2935.35,462.0
2025-02-19 17:05:00,2935.57,2937.01,2935.18,2936.32,455.0
2025-02-19 17:10:00,2936.3,2938.61,2935.6,2935.6,469.0
2025-02-19 17:15:00,2935.51,2936.54,2933.45,2933.65,419.0
2025-02-19 17:20:00,2933.59,2938.45,2933.05,2935.79,469.0
2025-02-19 17:25:00,2935.69,2936.33,2935.01,2935.22,414.0
2025-02-19 17:30:00,2935.19,2939.24,2935.1,2938.24,456.0
2025-02-19 17:35:00,2938.24,2938.55,2936.72,2937.02,356.0
2025-02-19 17:40:00,2936.93,2936.93,2935.2,2935.93,409.0
2025-02-19 17:45:00,2935.98,2935.98,2933.42,2934.83,466.0
2025-02-19 17:50:00,2934.83,2935.22,2933.52,2933.58,401.0
2025-02-19 17:55:00,2933.58,2934.2,2925.41,2925.41,501.0
2025-02-19 18:00:00,2925.58,2928.28,2923.01,2927.46,553.0
2025-02-19 18:05:00,2927.47,2930.63,2927.42,2930.2,508.0
2025-02-19 18:10:00,2930.24,2930.87,2927.26,2927.87,422.0
2025-02-19 18:15:00,2927.86,2928.96,2926.05,2927.7,413.0
2025-02-19 18:20:00,2927.68,2928.14,2925.03,2925.66,443.0
2025-02-19 18:25:00,2925.54,2927.17,2925.48,2927.04,420.0
2025-02-19 18:30:00,2927.21,2927.21,2923.49,2924.68,445.0
2025-02-19 18:35:00,2924.65,2926.34,2924.61,2926.3,399.0
2025-02-19 18:40:00,2926.34,2929.39,2926.34,2928.86,425.0
2025-02-19 18:45:00,2928.95,2929.12,2927.67,2928.17,411.0
2025-02-19 18:50:00,2928.19,2928.71,2927.75,2928.22,394.0
2025-02-19 18:55:00,2928.07,2928.66,2927.23,2928.36,379.0
2025-02-19 19:00:00,2928.07,2928.46,2926.88,2927.67,374.0
2025-02-19 19:05:00,2927.75,2928.95,2927.46,2928.72,337.0
2025-02-19 19:10:00,2928.67,2929.67,2928.31,2928.78,319.0
2025-02-19 19:15:00,2928.78,2929.78,2927.85,2928.0,345.0
2025-02-19 19:20:00,2928.0,2929.43,2927.97,2928.32,321.0
2025-02-19 19:25:00,2928.33,2928.49,2926.67,2927.71,327.0
2025-02-19 19:30:00,2927.71,2927.71,2923.75,2924.26,369.0
2025-02-19 19:35:00,2924.22,2925.43,2923.31,2924.89,422.0
2025-02-19 19:40:00,2924.88,2925.42,2922.52,2922.77,414.0
2025-02-19 19:45:00,2922.73,2924.52,2921.55,2924.38,393.0
2025-02-19 19:50:00,2924.37,2924.91,2923.2,2924.82,324.0
2025-02-19 19:55:00,2924.8,2924.87,2923.38,2923.77,351.0
2025-02-19 20:00:00,2923.77,2923.81,2921.57,2922.83,415.0
2025-02-19 20:05:00,2922.82,2923.44,2920.99,2921.76,373.0
2025-02-19 20:10:00,2921.77,2922.63,2920.64,2920.64,456.0
2025-02-19 20:15:00,2920.7,2923.14,2920.2,2921.79,428.0
2025-02-19 20:20:00,2921.72,2921.96,2918.85,2919.82,453.0
2025-02-19 20:25:00,2919.83,2920.99,2918.61,2919.79,494.0
2025-02-19 20:30:00,2919.83,2920.67,2919.19,2920.66,390.0
2025-02-19 20:35:00,2920.66,2922.13,2920.49,2921.73,338.0
2025-02-19 20:40:00,2921.7,2924.96,2921.64,2924.94,340.0
2025-02-19 20:45:00,2924.96,2926.6,2924.24,2925.89,402.0
2025-02-19 20:50:00,2925.89,2925.93,2924.23,2925.5,340.0
2025-02-19 20:55:00,2925.55,2926.25,2924.6,2924.7,312.0
2025-02-19 21:00:00,2924.75,2925.91,2923.23,2925.09,314.0
2025-02-19 21:05:00,2925.11,2926.92,2924.39,2924.63,386.0
2025-02-19 21:10:00,2924.64,2927.07,2924.23,2926.95,364.0
2025-02-19 21:15:00,2926.93,2930.3,2926.65,2928.93,389.0
2025-02-19 21:20:00,2928.99,2930.25,2928.88,2929.61,342.0
2025-02-19 21:25:00,2929.62,2930.49,2928.94,2929.54,342.0
2025-02-19 21:30:00,2929.56,2929.71,2928.63,2929.27,346.0
2025-02-19 21:35:00,2929.26,2929.74,2928.63,2929.01,345.0
2025-02-19 21:40:00,2929.12,2929.83,2928.96,2929.63,309.0
2025-02-19 21:45:00,2929.73,2930.55,2929.02,2930.53,312.0
2025-02-19 21:50:00,2930.52,2931.79,2930.15,2931.79,313.0
2025-02-19 21:55:00,2931.82,2932.35,2931.07,2931.85,348.0
2025-02-19 22:00:00,2931.81,2932.57,2931.26,2932.05,348.0
2025-02-19 22:05:00,2932.1,2932.57,2931.56,2931.8,355.0
2025-02-19 22:10:00,2931.77,2933.33,2931.45,2932.63,358.0
2025-02-19 22:15:00,2932.64,2933.38,2932.58,2932.95,347.0
2025-02-19 22:20:00,2932.91,2933.49,2932.3,2933.11,325.0
2025-02-19 22:25:00,2933.08,2934.76,2932.87,2934.46,357.0
2025-02-19 22:30:00,2934.49,2936.25,2934.4,2935.86,347.0
2025-02-19 22:35:00,2936.07,2936.58,2935.45,2936.07,349.0
2025-02-19 22:40:00,2936.13,2936.39,2934.36,2934.86,425.0
2025-02-19 22:45:00,2935.02,2935.02,2932.63,2932.69,419.0
2025-02-19 22:50:00,2932.86,2934.31,2932.59,2933.55,399.0
2025-02-19 22:55:00,2933.56,2936.03,2933.27,2935.95,420.0
2025-02-19 23:00:00,2935.82,2936.23,2935.32,2936.11,188.0
2025-02-19 23:05:00,2936.07,2937.2,2935.9,2936.26,174.0
2025-02-19 23:10:00,2936.27,2937.48,2936.16,2936.72,206.0
2025-02-19 23:15:00,2936.52,2936.56,2935.05,2935.48,203.0
2025-02-19 23:20:00,2935.48,2935.55,2934.53,2934.57,168.0
2025-02-19 23:25:00,2934.52,2934.86,2934.13,2934.15,123.0
2025-02-19 23:30:00,2934.23,2934.42,2933.55,2933.64,129.0
2025-02-19 23:35:00,2933.64,2933.81,2932.56,2933.4,157.0
2025-02-19 23:40:00,2933.2,2933.3,2932.8,2932.88,75.0
2025-02-19 23:45:00,2932.86,2932.87,2932.29,2932.54,82.0
2025-02-19 23:50:00,2932.59,2933.34,2932.59,2933.18,127.0
2025-02-19 23:55:00,2933.43,2933.66,2932.68,2932.99,90.0
2025-02-20 01:00:00,2933.46,2934.15,2933.33,2933.79,96.0
2025-02-20 01:05:00,2933.79,2934.46,2933.79,2934.4,47.0
2025-02-20 01:10:00,2934.4,2934.44,2933.68,2933.91,41.0
2025-02-20 01:15:00,2933.97,2935.04,2933.97,2935.0,80.0
2025-02-20 01:20:00,2935.11,2935.75,2934.57,2934.81,87.0
2025-02-20 01:25:00,2934.8,2935.34,2934.33,2934.5,71.0
2025-02-20 01:30:00,2934.48,2934.55,2933.73,2933.73,83.0
2025-02-20 01:35:00,2933.73,2934.25,2933.72,2933.93,44.0
2025-02-20 01:40:00,2933.85,2934.6,2933.78,2934.14,49.0
2025-02-20 01:45:00,2934.34,2935.96,2934.34,2935.96,79.0
2025-02-20 01:50:00,2936.01,2936.08,2935.25,2935.86,92.0
2025-02-20 01:55:00,2935.65,2935.87,2935.2,2935.26,62.0
2025-02-20 02:00:00,2935.25,2937.68,2935.25,2937.41,180.0
2025-02-20 02:05:00,2937.38,2940.1,2937.38,2939.56,219.0
2025-02-20 02:10:00,2939.7,2939.77,2938.15,2939.11,168.0
2025-02-20 02:15:00,2939.05,2940.01,2938.58,2938.66,181.0
2025-02-20 02:20:00,2938.66,2939.67,2938.48,2939.51,104.0
2025-02-20 02:25:00,2939.57,2939.57,2938.64,2938.89,82.0
2025-02-20 02:30:00,2939.24,2940.77,2938.98,2939.7,156.0
2025-02-20 02:35:00,2939.85,2940.47,2939.7,2940.41,142.0
2025-02-20 02:40:00,2940.36,2941.22,2939.82,2940.3,170.0
2025-02-20 02:45:00,2940.25,2940.34,2939.34,2939.51,162.0
2025-02-20 02:50:00,2939.71,2940.49,2939.45,2939.8,217.0
2025-02-20 02:55:00,2939.87,2941.15,2939.85,2940.84,229.0
2025-02-20 03:00:00,2940.87,2941.88,2939.62,2941.01,456.0
2025-02-20 03:05:00,2940.66,2941.12,2939.93,2940.35,381.0
2025-02-20 03:10:00,2940.28,2941.14,2939.16,2940.79,333.0
2025-02-20 03:15:00,2940.89,2942.45,2940.52,2941.6,322.0
2025-02-20 03:20:00,2941.59,2942.28,2940.63,2941.13,361.0
2025-02-20 03:25:00,2941.11,2941.11,2936.54,2936.54,351.0
2025-02-20 03:30:00,2936.59,2937.17,2935.47,2936.35,374.0
2025-02-20 03:35:00,2936.42,2936.69,2934.61,2936.2,394.0
2025-02-20 03:40:00,2936.18,2937.38,2934.84,2936.75,341.0
2025-02-20 03:45:00,2936.76,2938.09,2935.73,2936.41,376.0
2025-02-20 03:50:00,2936.48,2936.72,2935.07,2936.32,396.0
2025-02-20 03:55:00,2936.32,2937.85,2936.32,2937.13,361.0
2025-02-20 04:00:00,2937.13,2937.26,2935.27,2935.86,361.0
2025-02-20 04:05:00,2935.8,2936.35,2933.88,2934.71,332.0
2025-02-20 04:10:00,2934.72,2936.52,2934.68,2936.2,366.0
2025-02-20 04:15:00,2936.19,2937.32,2935.94,2936.66,235.0
2025-02-20 04:20:00,2936.67,2938.45,2936.42,2938.14,268.0
2025-02-20 04:25:00,2938.28,2939.29,2937.52,2938.19,310.0
2025-02-20 04:30:00,2938.27,2938.87,2937.31,2938.01,332.0
2025-02-20 04:35:00,2937.93,2938.32,2936.3,2937.14,437.0
2025-02-20 04:40:00,2937.11,2937.46,2936.05,2936.93,332.0
2025-02-20 04:45:00,2936.76,2939.12,2936.12,2938.96,337.0
2025-02-20 04:50:00,2938.91,2941.45,2938.91,2941.2,360.0
2025-02-20 04:55:00,2941.2,2941.53,2939.87,2940.78,360.0
2025-02-20 05:00:00,2940.82,2942.94,2940.5,2942.2,268.0
2025-02-20 05:05:00,2942.18,2942.35,2940.59,2941.88,222.0
2025-02-20 05:10:00,2941.84,2944.03,2941.68,2943.72,228.0
2025-02-20 05:15:00,2943.72,2944.05,2942.87,2943.24,208.0
2025-02-20 05:20:00,2943.25,2943.75,2942.72,2942.84,191.0
2025-02-20 05:25:00,2942.83,2943.24,2942.49,2942.96,226.0
2025-02-20 05:30:00,2942.96,2943.07,2941.9,2942.45,277.0
2025-02-20 05:35:00,2942.43,2942.59,2941.38,2942.0,236.0
2025-02-20 05:40:00,2941.95,2942.29,2941.66,2941.99,235.0
2025-02-20 05:45:00,2942.0,2943.23,2942.0,2942.75,204.0
2025-02-20 05:50:00,2942.78,2943.06,2941.69,2942.68,190.0
2025-02-20 05:55:00,2942.76,2942.76,2940.49,2941.91,251.0
2025-02-20 06:00:00,2941.91,2942.04,2940.78,2940.85,186.0
2025-02-20 06:05:00,2940.79,2942.56,2940.03,2940.23,246.0
2025-02-20 06:10:00,2940.23,2940.58,2940.0,2940.51,128.0
2025-02-20 06:15:00,2940.51,2940.86,2939.92,2940.53,203.0
2025-02-20 06:20:00,2940.53,2940.62,2939.51,2940.05,226.0
2025-02-20 06:25:00,2940.05,2940.6,2939.72,2940.6,206.0
2025-02-20 06:30:00,2940.57,2940.84,2939.29,2939.72,189.0
2025-02-20 06:35:00,2939.75,2940.9,2939.49,2940.63,146.0
2025-02-20 06:40:00,2940.64,2941.31,2940.24,2940.92,80.0
2025-02-20 06:45:00,2940.92,2941.03,2939.31,2939.54,95.0
2025-02-20 06:50:00,2939.54,2940.35,2939.22,2940.32,142.0
2025-02-20 06:55:00,2940.32,2941.01,2939.91,2939.91,116.0
2025-02-20 07:00:00,2940.22,2942.35,2939.36,2942.35,273.0
2025-02-20 07:05:00,2942.35,2943.08,2942.12,2942.64,236.0
2025-02-20 07:10:00,2942.81,2943.21,2942.45,2942.88,287.0
2025-02-20 07:15:00,2942.91,2943.92,2942.72,2943.83,146.0
2025-02-20 07:20:00,2943.86,2945.1,2943.75,2944.77,196.0
2025-02-20 07:25:00,2944.78,2945.08,2944.51,2944.79,173.0
2025-02-20 07:30:00,2944.81,2945.27,2944.18,2945.03,265.0
2025-02-20 07:35:00,2945.04,2945.39,2943.62,2944.15,256.0
2025-02-20 07:40:00,2944.15,2944.44,2943.89,2943.92,269.0
2025-02-20 07:45:00,2943.92,2945.31,2943.91,2944.84,233.0
2025-02-20 07:50:00,2944.84,2945.5,2944.84,2945.32,232.0
2025-02-20 07:55:00,2945.32,2946.84,2945.32,2946.81,255.0
2025-02-20 08:00:00,2946.81,2946.93,2945.99,2946.53,310.0
2025-02-20 08:05:00,2946.53,2947.12,2945.4,2945.65,283.0
2025-02-20 08:10:00,2945.65,2946.33,2944.92,2945.48,288.0
2025-02-20 08:15:00,2945.52,2945.77,2944.89,2945.22,238.0
2025-02-20 08:20:00,2945.22,2946.2,2945.15,2945.56,303.0
2025-02-20 08:25:00,2945.54,2945.96,2945.36,2945.68,224.0
2025-02-20 08:30:00,2945.69,2947.17,2944.81,2945.41,298.0
2025-02-20 08:35:00,2945.36,2945.52,2943.95,2944.78,339.0
2025-02-20 08:40:00,2944.67,2945.03,2944.04,2944.98,237.0
2025-02-20 08:45:00,2945.09,2945.23,2944.17,2944.63,258.0
2025-02-20 08:50:00,2944.63,2948.83,2944.46,2948.44,294.0
2025-02-20 08:55:00,2948.44,2948.89,2947.68,2947.75,332.0
2025-02-20 09:00:00,2947.72,2948.12,2946.35,2947.86,273.0
2025-02-20 09:05:00,2947.84,2949.05,2947.84,2948.39,340.0
2025-02-20 09:10:00,2948.39,2949.08,2948.09,2948.61,229.0
2025-02-20 09:15:00,2948.62,2948.95,2948.02,2948.59,241.0
2025-02-20 09:20:00,2948.61,2948.89,2948.07,2948.58,236.0
2025-02-20 09:25:00,2948.56,2949.36,2948.27,2949.0,227.0
2025-02-20 09:30:00,2948.99,2950.77,2948.87,2950.7,287.0
2025-02-20 09:35:00,2950.62,2954.18,2950.42,2951.86,371.0
2025-02-20 09:40:00,2951.86,2951.86,2948.11,2948.41,336.0
2025-02-20 09:45:00,2948.51,2948.72,2947.06,2948.59,311.0
2025-02-20 09:50:00,2948.59,2948.87,2947.67,2947.78,239.0
2025-02-20 09:55:00,2947.83,2949.24,2947.77,2948.95,317.0
2025-02-20 10:00:00,2949.0,2952.99,2948.92,2952.99,411.0
2025-02-20 10:05:00,2953.02,2954.28,2952.67,2953.63,404.0
2025-02-20 10:10:00,2953.62,2954.53,2953.62,2954.27,328.0
2025-02-20 10:15:00,2954.28,2954.83,2953.41,2954.23,333.0
2025-02-20 10:20:00,2954.04,2954.47,2953.4,2953.9,352.0
2025-02-20 10:25:00,2953.93,2954.18,2952.7,2952.81,334.0
2025-02-20 10:30:00,2952.82,2954.78,2952.81,2954.45,353.0
2025-02-20 10:35:00,2954.43,2954.71,2954.13,2954.46,269.0
2025-02-20 10:40:00,2954.46,2954.47,2953.49,2953.9,220.0
2025-02-20 10:45:00,2953.96,2954.28,2952.96,2953.19,234.0
2025-02-20 10:50:00,2953.2,2953.76,2952.25,2953.64,274.0
2025-02-20 10:55:00,2953.68,2954.71,2953.32,2954.62,239.0
2025-02-20 11:00:00,2954.62,2954.91,2953.59,2953.62,360.0
2025-02-20 11:05:00,2953.63,2954.0,2953.45,2953.82,332.0
2025-02-20 11:10:00,2953.83,2954.24,2953.45,2953.68,271.0
2025-02-20 11:15:00,2953.77,2954.59,2953.53,2954.52,278.0
2025-02-20 11:20:00,2954.54,2954.71,2953.66,2954.17,259.0
2025-02-20 11:25:00,2954.01,2954.16,2952.45,2952.72,284.0
2025-02-20 11:30:00,2952.81,2953.39,2951.39,2952.04,303.0
2025-02-20 11:35:00,2952.09,2952.21,2950.67,2950.77,286.0
2025-02-20 11:40:00,2950.92,2951.35,2949.9,2950.64,260.0
2025-02-20 11:45:00,2950.65,2951.97,2950.05,2950.96,296.0
2025-02-20 11:50:00,2951.01,2951.92,2950.54,2951.85,251.0
2025-02-20 11:55:00,2951.91,2953.28,2951.5,2951.61,263.0
2025-02-20 12:00:00,2951.52,2952.8,2951.39,2952.63,342.0
2025-02-20 12:05:00,2952.62,2953.45,2952.62,2952.99,246.0
2025-02-20 12:10:00,2952.94,2954.29,2952.59,2954.21,345.0
2025-02-20 12:15:00,2954.21,2954.49,2952.64,2952.95,246.0
2025-02-20 12:20:00,2953.02,2954.78,2952.95,2954.78,330.0
2025-02-20 12:25:00,2954.78,2954.82,2953.47,2953.64,303.0
2025-02-20 12:30:00,2953.54,2953.71,2952.07,2953.02,397.0
2025-02-20 12:35:00,2953.03,2953.76,2951.4,2952.41,360.0
2025-02-20 12:40:00,2952.38,2954.27,2949.1,2952.58,401.0
2025-02-20 12:45:00,2952.57,2953.41,2951.41,2951.65,325.0
2025-02-20 12:50:00,2951.79,2952.8,2950.86,2951.34,268.0
2025-02-20 12:55:00,2951.51,2952.93,2951.08,2952.36,331.0
2025-02-20 13:00:00,2952.36,2952.9,2951.63,2952.53,244.0
2025-02-20 13:05:00,2952.54,2952.71,2951.17,2951.22,186.0
2025-02-20 13:10:00,2951.15,2951.3,2950.65,2951.13,256.0
2025-02-20 13:15:00,2951.13,2951.15,2949.41,2949.71,318.0
2025-02-20 13:20:00,2949.75,2950.9,2949.61,2950.3,213.0
2025-02-20 13:25:00,2950.18,2951.9,2950.11,2951.59,244.0
2025-02-20 13:30:00,2951.7,2952.48,2951.36,2951.36,181.0
2025-02-20 13:35:00,2951.37,2951.71,2949.92,2950.02,219.0
2025-02-20 13:40:00,2950.08,2950.23,2949.01,2949.73,258.0
2025-02-20 13:45:00,2949.72,2949.73,2947.39,2947.64,359.0
2025-02-20 13:50:00,2947.68,2949.06,2947.22,2948.7,282.0
2025-02-20 13:55:00,2948.75,2949.15,2947.9,2948.76,296.0
2025-02-20 14:00:00,2948.73,2950.14,2948.69,2949.25,342.0
2025-02-20 14:05:00,2949.27,2950.73,2948.83,2950.5,343.0
2025-02-20 14:10:00,2950.53,2950.8,2946.97,2948.67,438.0
2025-02-20 14:15:00,2948.81,2948.9,2947.36,2948.32,460.0
2025-02-20 14:20:00,2948.21,2948.96,2939.02,2940.87,436.0
2025-02-20 14:25:00,2940.79,2942.76,2940.45,2941.71,449.0
2025-02-20 14:30:00,2941.65,2943.99,2941.02,2943.59,362.0
2025-02-20 14:35:00,2943.59,2944.07,2942.57,2943.88,268.0
2025-02-20 14:40:00,2943.88,2944.77,2942.91,2944.26,322.0
2025-02-20 14:45:00,2944.28,2944.98,2942.35,2943.14,329.0
2025-02-20 14:50:00,2943.15,2943.59,2942.25,2943.46,342.0
2025-02-20 14:55:00,2943.43,2945.64,2943.37,2945.41,293.0
2025-02-20 15:00:00,2945.3,2947.14,2942.75,2943.52,488.0
2025-02-20 15:05:00,2943.42,2944.44,2941.62,2941.64,472.0
2025-02-20 15:10:00,2941.71,2944.64,2940.59,2943.34,422.0
2025-02-20 15:15:00,2943.37,2944.85,2942.22,2944.66,435.0
2025-02-20 15:20:00,2944.75,2946.29,2942.95,2942.95,461.0
2025-02-20 15:25:00,2943.49,2944.38,2943.26,2944.08,358.0
2025-02-20 15:30:00,2944.26,2947.52,2943.25,2947.44,416.0
2025-02-20 15:35:00,2947.52,2947.52,2944.39,2944.86,484.0
2025-02-20 15:40:00,2945.25,2945.43,2939.87,2939.9,483.0
2025-02-20 15:45:00,2939.86,2939.86,2934.56,2936.4,510.0
2025-02-20 15:50:00,2936.26,2937.73,2933.94,2936.65,495.0
2025-02-20 15:55:00,2936.53,2937.37,2933.8,2934.01,465.0
2025-02-20 16:00:00,2933.38,2934.33,2929.5,2930.6,490.0
2025-02-20 16:05:00,2930.55,2930.8,2925.59,2928.43,507.0
2025-02-20 16:10:00,2928.45,2930.5,2924.26,2925.52,502.0
2025-02-20 16:15:00,2925.54,2931.36,2924.4,2929.55,554.0
2025-02-20 16:20:00,2929.7,2929.97,2925.36,2926.23,498.0
2025-02-20 16:25:00,2926.18,2930.1,2926.15,2929.43,485.0
2025-02-20 16:30:00,2929.36,2934.49,2929.32,2934.3,524.0
2025-02-20 16:35:00,2934.37,2937.8,2934.37,2936.48,516.0
2025-02-20 16:40:00,2936.45,2939.91,2936.45,2939.44,521.0
2025-02-20 16:45:00,2939.34,2939.66,2935.46,2935.58,489.0
2025-02-20 16:50:00,2935.6,2939.86,2935.38,2937.74,494.0
2025-02-20 16:55:00,2937.55,2938.19,2934.73,2935.15,494.0
2025-02-20 17:00:00,2935.11,2935.94,2931.56,2933.48,544.0
2025-02-20 17:05:00,2933.49,2937.42,2932.05,2936.37,496.0
2025-02-20 17:10:00,2936.42,2937.27,2933.79,2934.36,457.0
2025-02-20 17:15:00,2934.37,2936.78,2933.09,2936.28,462.0
2025-02-20 17:20:00,2936.46,2938.16,2934.45,2938.16,406.0
2025-02-20 17:25:00,2938.16,2938.87,2936.26,2936.81,433.0
2025-02-20 17:30:00,2936.81,2936.81,2933.26,2935.81,459.0
2025-02-20 17:35:00,2935.85,2936.31,2934.4,2934.52,424.0
2025-02-20 17:40:00,2934.52,2938.35,2934.32,2937.69,445.0
2025-02-20 17:45:00,2937.55,2938.09,2935.28,2936.83,453.0
2025-02-20 17:50:00,2936.81,2939.29,2936.57,2938.88,428.0
2025-02-20 17:55:00,2938.91,2939.55,2938.04,2938.54,418.0
2025-02-20 18:00:00,2938.63,2939.19,2936.01,2937.79,424.0
2025-02-20 18:05:00,2937.74,2938.97,2937.14,2938.39,312.0
2025-02-20 18:10:00,2938.4,2939.49,2937.43,2938.48,387.0
2025-02-20 18:15:00,2938.51,2939.35,2937.89,2939.2,387.0
2025-02-20 18:20:00,2939.21,2942.6,2939.21,2942.41,450.0
2025-02-20 18:25:00,2942.34,2945.56,2942.34,2942.91,464.0
2025-02-20 18:30:00,2942.92,2945.46,2942.79,2944.54,452.0
2025-02-20 18:35:00,2944.57,2945.67,2943.93,2944.4,393.0
2025-02-20 18:40:00,2944.4,2944.78,2943.34,2944.52,383.0
2025-02-20 18:45:00,2944.33,2944.6,2942.32,2942.84,420.0
2025-02-20 18:50:00,2942.81,2945.01,2942.69,2943.17,371.0
2025-02-20 18:55:00,2943.22,2943.77,2942.83,2943.1,382.0
2025-02-20 19:00:00,2942.93,2945.24,2940.57,2941.86,440.0
2025-02-20 19:05:00,2941.63,2942.44,2940.7,2942.44,396.0
2025-02-20 19:10:00,2942.56,2943.46,2941.19,2941.6,392.0
2025-02-20 19:15:00,2941.57,2941.75,2940.5,2941.0,376.0
2025-02-20 19:20:00,2940.97,2941.86,2940.49,2941.47,339.0
2025-02-20 19:25:00,2941.47,2942.43,2941.07,2941.65,344.0
2025-02-20 19:30:00,2941.69,2943.32,2941.19,2943.03,307.0
2025-02-20 19:35:00,2943.06,2944.9,2942.9,2944.33,329.0
2025-02-20 19:40:00,2944.34,2946.99,2943.96,2945.73,341.0
2025-02-20 19:45:00,2945.6,2945.93,2943.99,2944.91,373.0
2025-02-20 19:50:00,2944.92,2945.16,2943.61,2943.72,374.0
2025-02-20 19:55:00,2943.65,2944.12,2940.22,2940.57,362.0
2025-02-20 20:00:00,2940.46,2940.46,2938.68,2939.9,414.0
2025-02-20 20:05:00,2939.94,2941.22,2939.66,2941.22,407.0
2025-02-20 20:10:00,2941.46,2941.59,2938.63,2938.74,350.0
2025-02-20 20:15:00,2938.67,2939.99,2937.49,2938.58,375.0
2025-02-20 20:20:00,2938.57,2941.12,2938.01,2940.56,387.0
2025-02-20 20:25:00,2940.53,2940.99,2939.21,2940.69,349.0
2025-02-20 20:30:00,2940.73,2941.15,2940.17,2940.86,348.0
2025-02-20 20:35:00,2940.87,2941.29,2940.23,2940.71,323.0
2025-02-20 20:40:00,2940.42,2941.32,2940.03,2941.1,327.0
2025-02-20 20:45:00,2941.09,2941.94,2940.94,2941.4,292.0
2025-02-20 20:50:00,2941.43,2941.88,2940.45,2941.34,321.0
2025-02-20 20:55:00,2941.41,2942.48,2941.11,2941.73,303.0
2025-02-20 21:00:00,2941.86,2941.86,2940.09,2940.46,356.0
2025-02-20 21:05:00,2940.45,2940.46,2939.28,2939.79,388.0
2025-02-20 21:10:00,2939.74,2940.24,2939.32,2939.43,246.0
2025-02-20 21:15:00,2939.43,2939.54,2938.16,2939.13,343.0
2025-02-20 21:20:00,2939.14,2940.25,2938.81,2939.4,302.0
2025-02-20 21:25:00,2939.4,2939.41,2937.76,2937.92,321.0
2025-02-20 21:30:00,2938.0,2938.32,2937.59,2937.75,321.0
2025-02-20 21:35:00,2937.74,2937.87,2933.64,2935.14,331.0
2025-02-20 21:40:00,2935.22,2935.68,2934.11,2935.5,327.0
2025-02-20 21:45:00,2935.5,2937.04,2934.72,2937.02,311.0
2025-02-20 21:50:00,2937.04,2938.58,2936.94,2938.31,319.0
2025-02-20 21:55:00,2938.1,2938.76,2937.79,2937.9,299.0
2025-02-20 22:00:00,2938.06,2938.16,2937.27,2937.62,288.0
2025-02-20 22:05:00,2937.62,2937.85,2936.91,2937.42,277.0
2025-02-20 22:10:00,2937.46,2937.55,2935.75,2936.6,321.0
2025-02-20 22:15:00,2936.61,2937.34,2935.95,2937.04,291.0
2025-02-20 22:20:00,2937.15,2938.16,2936.61,2937.75,294.0
2025-02-20 22:25:00,2937.77,2937.78,2936.24,2936.24,273.0
2025-02-20 22:30:00,2936.27,2937.52,2935.62,2937.28,325.0
2025-02-20 22:35:00,2937.28,2937.31,2936.25,2936.63,286.0
2025-02-20 22:40:00,2936.59,2936.64,2936.01,2936.22,259.0
2025-02-20 22:45:00,2936.32,2937.85,2935.81,2937.66,316.0
2025-02-20 22:50:00,2937.66,2938.46,2937.26,2938.37,336.0
2025-02-20 22:55:00,2938.44,2938.8,2936.88,2937.79,389.0
2025-02-20 23:00:00,2937.79,2938.6,2937.58,2937.69,187.0
2025-02-20 23:05:00,2937.75,2938.73,2937.7,2938.41,94.0
2025-02-20 23:10:00,2938.43,2939.34,2938.24,2939.24,98.0
2025-02-20 23:15:00,2939.34,2939.67,2939.21,2939.57,67.0
2025-02-20 23:20:00,2939.44,2939.91,2939.41,2939.81,108.0
2025-02-20 23:25:00,2939.83,2939.97,2939.32,2939.84,124.0
2025-02-20 23:30:00,2939.85,2940.37,2939.67,2939.96,118.0
2025-02-20 23:35:00,2939.97,2940.25,2939.7,2940.18,93.0
2025-02-20 23:40:00,2940.18,2940.23,2939.81,2940.06,96.0
2025-02-20 23:45:00,2940.08,2940.31,2938.99,2939.07,163.0
2025-02-20 23:50:00,2938.99,2939.88,2938.86,2939.58,127.0
2025-02-20 23:55:00,2938.8,2939.57,2938.36,2939.06,164.0
2025-02-21 01:00:00,2938.84,2940.17,2938.2,2939.65,212.0
2025-02-21 01:05:00,2939.65,2939.65,2938.98,2939.21,59.0
2025-02-21 01:10:00,2939.22,2939.34,2938.68,2938.77,61.0
2025-02-21 01:15:00,2938.82,2939.71,2938.47,2939.28,75.0
2025-02-21 01:20:00,2939.28,2939.96,2939.16,2939.93,48.0
2025-02-21 01:25:00,2939.93,2940.21,2939.57,2940.21,47.0
2025-02-21 01:30:00,2940.21,2941.77,2940.0,2940.89,102.0
2025-02-21 01:35:00,2940.86,2941.37,2940.73,2941.06,86.0
2025-02-21 01:40:00,2941.18,2942.63,2941.18,2942.22,149.0
2025-02-21 01:45:00,2942.22,2943.3,2941.53,2941.78,130.0
2025-02-21 01:50:00,2941.55,2941.88,2941.14,2941.35,85.0
2025-02-21 01:55:00,2941.31,2941.45,2940.72,2941.32,91.0
2025-02-21 02:00:00,2941.39,2942.36,2940.76,2941.02,155.0
2025-02-21 02:05:00,2941.01,2942.73,2940.83,2942.17,142.0
2025-02-21 02:10:00,2942.21,2942.63,2941.5,2942.13,90.0
2025-02-21 02:15:00,2942.19,2942.19,2940.92,2941.37,114.0
2025-02-21 02:20:00,2941.36,2941.59,2939.75,2940.17,130.0
2025-02-21 02:25:00,2939.99,2940.06,2937.01,2938.47,219.0
2025-02-21 02:30:00,2938.47,2939.51,2937.25,2938.63,154.0
2025-02-21 02:35:00,2938.65,2939.65,2937.64,2939.64,141.0
2025-02-21 02:40:00,2939.39,2939.58,2938.79,2939.44,104.0
2025-02-21 02:45:00,2939.42,2940.12,2939.17,2939.95,105.0
2025-02-21 02:50:00,2939.96,2940.26,2939.25,2939.86,149.0
2025-02-21 02:55:00,2939.8,2940.32,2939.45,2939.99,143.0
2025-02-21 03:00:00,2939.99,2944.44,2939.65,2943.65,455.0
2025-02-21 03:05:00,2943.64,2946.07,2942.98,2945.49,395.0
2025-02-21 03:10:00,2945.55,2946.87,2945.02,2945.84,351.0
2025-02-21 03:15:00,2945.91,2948.75,2945.73,2948.47,347.0
2025-02-21 03:20:00,2948.54,2949.59,2947.12,2947.89,363.0
2025-02-21 03:25:00,2947.8,2947.87,2944.94,2945.42,310.0
2025-02-21 03:30:00,2945.5,2945.78,2944.8,2945.57,358.0
2025-02-21 03:35:00,2945.57,2945.59,2940.93,2941.44,385.0
2025-02-21 03:40:00,2941.4,2942.23,2935.99,2936.59,457.0
2025-02-21 03:45:00,2936.59,2937.11,2930.37,2930.37,470.0
2025-02-21 03:50:00,2930.13,2931.58,2926.84,2931.22,488.0
2025-02-21 03:55:00,2931.32,2931.88,2926.87,2928.69,391.0
2025-02-21 04:00:00,2928.65,2931.07,2926.2,2930.48,454.0
2025-02-21 04:05:00,2930.57,2937.14,2930.28,2936.06,434.0
2025-02-21 04:10:00,2936.16,2938.77,2934.92,2938.32,396.0
2025-02-21 04:15:00,2938.19,2940.02,2937.36,2939.8,340.0
2025-02-21 04:20:00,2939.92,2940.17,2937.99,2939.26,327.0
2025-02-21 04:25:00,2939.33,2939.85,2937.86,2938.11,302.0
2025-02-21 04:30:00,2938.13,2941.0,2937.66,2940.51,417.0
2025-02-21 04:35:00,2940.48,2940.81,2938.84,2939.45,344.0
2025-02-21 04:40:00,2939.36,2940.08,2938.21,2939.49,349.0
2025-02-21 04:45:00,2939.5,2940.63,2939.4,2940.26,258.0
2025-02-21 04:50:00,2940.27,2940.71,2939.4,2940.0,309.0
2025-02-21 04:55:00,2939.93,2940.3,2938.96,2939.02,353.0
2025-02-21 05:00:00,2939.03,2939.73,2937.46,2937.51,420.0
2025-02-21 05:05:00,2937.25,2937.29,2932.6,2933.58,429.0
2025-02-21 05:10:00,2933.51,2934.08,2930.17,2932.73,445.0
2025-02-21 05:15:00,2932.72,2933.65,2931.03,2932.42,386.0
2025-02-21 05:20:00,2932.47,2932.98,2930.42,2931.28,323.0
2025-02-21 05:25:00,2930.96,2930.96,2927.07,2928.15,451.0
2025-02-21 05:30:00,2928.25,2933.28,2928.25,2931.41,336.0
2025-02-21 05:35:00,2931.58,2933.45,2930.2,2932.96,263.0
2025-02-21 05:40:00,2932.96,2934.12,2932.01,2932.18,196.0
2025-02-21 05:45:00,2932.31,2932.36,2930.67,2930.84,186.0
2025-02-21 05:50:00,2930.82,2932.71,2930.29,2932.16,241.0
2025-02-21 05:55:00,2932.13,2932.64,2930.79,2931.19,270.0
2025-02-21 06:00:00,2931.2,2931.88,2930.49,2931.08,273.0
2025-02-21 06:05:00,2931.11,2931.83,2930.41,2930.68,243.0
2025-02-21 06:10:00,2930.72,2932.23,2930.59,2930.97,232.0
2025-02-21 06:15:00,2930.87,2931.37,2930.42,2930.86,230.0
2025-02-21 06:20:00,2930.82,2930.82,2930.12,2930.52,201.0
2025-02-21 06:25:00,2930.44,2931.21,2929.94,2930.51,237.0
2025-02-21 06:30:00,2930.5,2932.08,2930.5,2932.08,210.0
2025-02-21 06:35:00,2932.08,2932.1,2930.43,2930.54,234.0
2025-02-21 06:40:00,2930.5,2930.61,2930.07,2930.15,129.0
2025-02-21 06:45:00,2930.08,2930.38,2926.62,2926.77,292.0
2025-02-21 06:50:00,2926.66,2929.19,2926.55,2929.14,250.0
2025-02-21 06:55:00,2929.15,2929.62,2927.29,2928.38,258.0
2025-02-21 07:00:00,2928.3,2928.58,2927.55,2928.19,335.0
2025-02-21 07:05:00,2928.19,2928.74,2926.19,2927.18,286.0
2025-02-21 07:10:00,2927.18,2928.27,2925.53,2927.31,304.0
2025-02-21 07:15:00,2927.31,2927.62,2926.08,2926.97,265.0
2025-02-21 07:20:00,2926.9,2927.25,2926.14,2927.13,157.0
2025-02-21 07:25:00,2927.3,2928.39,2926.22,2927.4,232.0
2025-02-21 07:30:00,2927.39,2929.24,2924.22,2928.72,448.0
2025-02-21 07:35:00,2928.72,2930.22,2927.03,2929.82,411.0
2025-02-21 07:40:00,2929.85,2930.78,2929.01,2930.13,373.0
2025-02-21 07:45:00,2930.12,2933.9,2929.63,2932.35,337.0
2025-02-21 07:50:00,2932.46,2932.88,2930.03,2930.46,347.0
2025-02-21 07:55:00,2930.5,2931.81,2930.21,2930.21,253.0
2025-02-21 08:00:00,2930.05,2930.97,2926.89,2926.99,297.0
2025-02-21 08:05:00,2926.97,2928.38,2925.49,2928.28,418.0
2025-02-21 08:10:00,2928.37,2929.93,2927.84,2928.92,329.0
2025-02-21 08:15:00,2928.93,2929.58,2926.63,2928.03,319.0
2025-02-21 08:20:00,2928.04,2928.68,2927.77,2928.13,292.0
2025-02-21 08:25:00,2928.13,2928.97,2927.61,2928.97,300.0
2025-02-21 08:30:00,2928.85,2931.45,2928.85,2930.91,342.0
2025-02-21 08:35:00,2930.91,2931.09,2929.58,2930.38,307.0
2025-02-21 08:40:00,2930.35,2931.27,2929.33,2929.66,256.0
2025-02-21 08:45:00,2929.66,2929.99,2928.92,2929.45,219.0
2025-02-21 08:50:00,2929.4,2931.07,2929.39,2930.44,274.0
2025-02-21 08:55:00,2930.32,2930.61,2928.87,2929.77,265.0
2025-02-21 09:00:00,2929.72,2931.47,2929.01,2931.39,348.0
2025-02-21 09:05:00,2931.35,2932.6,2931.16,2932.44,327.0
2025-02-21 09:10:00,2932.41,2933.03,2931.72,2931.84,268.0
2025-02-21 09:15:00,2931.84,2932.73,2931.8,2932.11,154.0
2025-02-21 09:20:00,2932.12,2932.38,2931.13,2931.62,190.0
2025-02-21 09:25:00,2931.62,2931.95,2930.75,2930.86,143.0
2025-02-21 09:30:00,2930.8,2931.45,2929.83,2931.24,193.0
2025-02-21 09:35:00,2931.23,2931.91,2930.59,2931.26,188.0
2025-02-21 09:40:00,2931.3,2931.63,2930.64,2930.83,135.0
2025-02-21 09:45:00,2930.83,2931.89,2930.46,2931.63,157.0
2025-02-21 09:50:00,2931.66,2932.53,2931.5,2931.69,170.0
2025-02-21 09:55:00,2931.66,2931.7,2929.16,2930.09,295.0
2025-02-21 10:00:00,2929.92,2931.3,2928.18,2928.24,330.0
2025-02-21 10:05:00,2928.21,2928.23,2924.93,2925.22,454.0
2025-02-21 10:10:00,2925.22,2926.12,2923.76,2923.91,381.0
2025-02-21 10:15:00,2923.97,2924.54,2921.52,2921.73,475.0
2025-02-21 10:20:00,2921.72,2921.78,2916.74,2919.93,464.0
2025-02-21 10:25:00,2919.92,2921.14,2918.53,2918.91,367.0
2025-02-21 10:30:00,2919.21,2921.44,2918.89,2921.34,358.0
2025-02-21 10:35:00,2921.31,2922.92,2920.93,2922.23,347.0
2025-02-21 10:40:00,2922.21,2923.09,2921.59,2921.99,309.0
2025-02-21 10:45:00,2922.0,2923.09,2921.17,2922.9,305.0
2025-02-21 10:50:00,2923.14,2924.88,2922.36,2923.06,326.0
2025-02-21 10:55:00,2923.06,2923.89,2922.56,2923.29,228.0
2025-02-21 11:00:00,2923.23,2926.86,2923.07,2925.84,365.0
2025-02-21 11:05:00,2925.58,2927.08,2925.36,2926.09,306.0
2025-02-21 11:10:00,2926.07,2926.73,2924.47,2924.74,291.0
2025-02-21 11:15:00,2924.66,2926.09,2923.79,2924.04,349.0
2025-02-21 11:20:00,2924.05,2925.39,2923.67,2924.89,192.0
2025-02-21 11:25:00,2924.91,2925.55,2924.26,2925.28,178.0
2025-02-21 11:30:00,2925.15,2928.09,2925.15,2927.07,279.0
2025-02-21 11:35:00,2927.08,2929.13,2927.08,2927.09,356.0
2025-02-21 11:40:00,2927.08,2927.89,2926.38,2926.92,256.0
2025-02-21 11:45:00,2926.92,2928.28,2926.27,2928.17,247.0
2025-02-21 11:50:00,2928.17,2929.63,2927.85,2928.78,306.0
2025-02-21 11:55:00,2928.73,2929.51,2928.56,2929.25,327.0
2025-02-21 12:00:00,2929.36,2930.95,2929.24,2930.05,332.0
2025-02-21 12:05:00,2930.11,2930.47,2928.99,2930.17,294.0
2025-02-21 12:10:00,2930.23,2930.7,2929.37,2930.51,301.0
2025-02-21 12:15:00,2930.53,2930.71,2930.08,2930.54,257.0
2025-02-21 12:20:00,2930.52,2930.77,2930.16,2930.31,222.0
2025-02-21 12:25:00,2930.32,2930.56,2929.31,2929.66,230.0
2025-02-21 12:30:00,2929.71,2930.05,2929.22,2929.74,199.0
2025-02-21 12:35:00,2929.74,2930.11,2928.88,2929.99,181.0
2025-02-21 12:40:00,2929.95,2930.49,2929.43,2930.22,138.0
2025-02-21 12:45:00,2930.22,2930.34,2929.77,2930.29,145.0
2025-02-21 12:50:00,2930.42,2930.68,2929.84,2930.44,134.0
2025-02-21 12:55:00,2930.43,2931.02,2930.09,2930.5,153.0
2025-02-21 13:00:00,2930.54,2930.99,2930.03,2930.27,211.0
2025-02-21 13:05:00,2930.25,2932.06,2929.75,2932.06,313.0
2025-02-21 13:10:00,2932.06,2934.66,2931.95,2934.28,294.0
2025-02-21 13:15:00,2934.31,2934.89,2931.93,2932.95,319.0
2025-02-21 13:20:00,2932.9,2934.24,2932.42,2934.17,206.0
2025-02-21 13:25:00,2934.2,2936.06,2933.89,2935.81,303.0
2025-02-21 13:30:00,2935.85,2935.89,2932.02,2932.28,302.0
2025-02-21 13:35:00,2932.15,2933.01,2930.8,2932.8,332.0
2025-02-21 13:40:00,2932.83,2933.23,2931.77,2931.94,265.0
2025-02-21 13:45:00,2931.8,2931.96,2930.79,2931.82,240.0
2025-02-21 13:50:00,2931.81,2931.83,2930.31,2930.45,194.0
2025-02-21 13:55:00,2930.37,2930.69,2928.03,2928.37,330.0
2025-02-21 14:00:00,2928.4,2929.04,2927.58,2928.51,379.0
2025-02-21 14:05:00,2928.5,2930.12,2927.75,2929.71,380.0
2025-02-21 14:10:00,2929.7,2931.35,2929.65,2931.1,300.0
2025-02-21 14:15:00,2931.18,2933.32,2931.18,2933.03,380.0
2025-02-21 14:20:00,2933.03,2934.31,2932.67,2932.78,364.0
2025-02-21 14:25:00,2932.68,2933.75,2932.67,2933.21,262.0
2025-02-21 14:30:00,2933.29,2934.94,2933.17,2934.64,237.0
2025-02-21 14:35:00,2934.63,2934.99,2933.59,2934.33,249.0
2025-02-21 14:40:00,2934.37,2935.22,2933.58,2934.44,228.0
2025-02-21 14:45:00,2934.24,2934.72,2933.54,2933.55,224.0
2025-02-21 14:50:00,2933.73,2933.82,2930.25,2930.68,403.0
2025-02-21 14:55:00,2930.69,2931.53,2929.96,2930.11,418.0
2025-02-21 15:00:00,2930.11,2932.32,2929.67,2931.05,462.0
2025-02-21 15:05:00,2931.09,2932.43,2930.4,2931.92,325.0
2025-02-21 15:10:00,2931.93,2933.04,2930.97,2932.7,353.0
2025-02-21 15:15:00,2932.69,2933.92,2931.91,2933.03,382.0
2025-02-21 15:20:00,2933.35,2933.43,2930.18,2933.39,444.0
2025-02-21 15:25:00,2933.33,2934.55,2932.18,2932.42,390.0
2025-02-21 15:30:00,2932.37,2932.91,2926.84,2929.13,484.0
2025-02-21 15:35:00,2929.0,2929.67,2927.51,2928.58,437.0
2025-02-21 15:40:00,2928.65,2930.17,2927.23,2930.0,410.0
2025-02-21 15:45:00,2930.07,2931.46,2929.63,2930.38,406.0
2025-02-21 15:50:00,2930.38,2932.91,2930.38,2932.25,397.0
2025-02-21 15:55:00,2932.23,2932.9,2930.69,2930.94,341.0
2025-02-21 16:00:00,2930.91,2932.89,2929.3,2929.79,407.0
2025-02-21 16:05:00,2929.75,2933.38,2929.75,2932.83,336.0
2025-02-21 16:10:00,2932.86,2934.23,2932.49,2933.82,384.0
2025-02-21 16:15:00,2933.8,2935.35,2933.51,2934.19,361.0
2025-02-21 16:20:00,2934.2,2935.48,2933.84,2934.46,345.0
2025-02-21 16:25:00,2934.44,2935.61,2934.27,2935.56,388.0
2025-02-21 16:30:00,2935.45,2935.6,2930.98,2931.0,509.0
2025-02-21 16:35:00,2931.05,2931.42,2928.24,2929.64,525.0
2025-02-21 16:40:00,2929.67,2932.18,2929.58,2929.58,454.0
2025-02-21 16:45:00,2933.26,2938.97,2932.24,2937.91,525.0
2025-02-21 16:50:00,2937.87,2938.01,2933.73,2935.6,517.0
2025-02-21 16:55:00,2935.51,2935.68,2932.85,2933.68,482.0
2025-02-21 17:00:00,2933.19,2935.68,2929.99,2933.49,529.0
2025-02-21 17:05:00,2933.72,2935.35,2930.72,2931.56,503.0
2025-02-21 17:10:00,2931.24,2931.67,2927.64,2927.87,533.0
2025-02-21 17:15:00,2928.1,2929.05,2926.95,2927.11,476.0
2025-02-21 17:20:00,2927.13,2927.13,2923.73,2923.96,529.0
2025-02-21 17:25:00,2924.0,2926.32,2921.76,2925.4,514.0
2025-02-21 17:30:00,2925.4,2929.24,2925.19,2929.07,493.0
2025-02-21 17:35:00,2929.21,2929.5,2925.11,2925.23,515.0
2025-02-21 17:40:00,2925.07,2927.17,2925.07,2925.94,484.0
2025-02-21 17:45:00,2925.87,2928.73,2925.82,2928.12,475.0
2025-02-21 17:50:00,2928.12,2931.5,2928.08,2931.13,467.0
2025-02-21 17:55:00,2931.09,2931.43,2928.62,2928.8,389.0
2025-02-21 18:00:00,2928.67,2929.79,2927.35,2929.64,405.0
2025-02-21 18:05:00,2929.76,2930.88,2928.49,2929.65,433.0
2025-02-21 18:10:00,2929.63,2931.72,2929.3,2931.34,455.0
2025-02-21 18:15:00,2931.37,2933.5,2931.36,2932.64,439.0
2025-02-21 18:20:00,2932.74,2933.51,2931.9,2932.65,353.0
2025-02-21 18:25:00,2932.63,2934.87,2932.49,2934.15,404.0
2025-02-21 18:30:00,2934.19,2936.77,2934.08,2936.59,417.0
2025-02-21 18:35:00,2936.64,2937.77,2936.09,2937.47,373.0
2025-02-21 18:40:00,2937.44,2938.4,2936.15,2936.31,394.0
2025-02-21 18:45:00,2936.3,2937.96,2935.75,2937.86,373.0
2025-02-21 18:50:00,2937.9,2938.27,2935.43,2936.04,390.0
2025-02-21 18:55:00,2936.08,2937.16,2935.37,2936.78,325.0
2025-02-21 19:00:00,2936.79,2938.16,2936.73,2937.56,361.0
2025-02-21 19:05:00,2937.44,2937.85,2936.2,2937.25,360.0
2025-02-21 19:10:00,2937.23,2938.37,2936.49,2938.01,329.0
2025-02-21 19:15:00,2938.06,2939.67,2938.05,2939.15,346.0
2025-02-21 19:20:00,2939.12,2939.59,2937.79,2938.15,379.0
2025-02-21 19:25:00,2938.13,2938.86,2937.28,2937.98,365.0
2025-02-21 19:30:00,2937.83,2939.92,2937.58,2939.79,330.0
2025-02-21 19:35:00,2939.78,2939.98,2937.97,2939.63,375.0
2025-02-21 19:40:00,2939.64,2940.69,2939.48,2940.33,367.0
2025-02-21 19:45:00,2940.28,2941.63,2939.62,2940.28,352.0
2025-02-21 19:50:00,2940.31,2940.93,2940.1,2940.6,291.0
2025-02-21 19:55:00,2940.52,2940.97,2939.31,2939.78,349.0
2025-02-21 20:00:00,2939.81,2940.04,2939.1,2939.3,313.0
2025-02-21 20:05:00,2938.88,2940.23,2938.34,2939.93,377.0
2025-02-21 20:10:00,2939.95,2940.07,2937.98,2938.74,370.0
2025-02-21 20:15:00,2938.74,2940.14,2938.74,2939.1,364.0
2025-02-21 20:20:00,2938.91,2939.35,2937.69,2938.27,389.0
2025-02-21 20:25:00,2938.26,2940.08,2937.91,2939.43,399.0
2025-02-21 20:30:00,2939.4,2941.06,2939.36,2939.9,422.0
2025-02-21 20:35:00,2939.89,2942.33,2939.63,2940.81,395.0
2025-02-21 20:40:00,2940.75,2941.36,2939.58,2940.54,362.0
2025-02-21 20:45:00,2940.47,2941.25,2939.96,2940.99,310.0
2025-02-21 20:50:00,2940.99,2942.5,2940.15,2942.43,323.0
2025-02-21 20:55:00,2942.42,2942.72,2941.5,2941.89,307.0
2025-02-21 21:00:00,2941.98,2942.54,2941.4,2942.25,321.0
2025-02-21 21:05:00,2942.19,2942.24,2941.03,2942.05,286.0
2025-02-21 21:10:00,2942.2,2942.35,2941.25,2941.62,297.0
2025-02-21 21:15:00,2941.61,2942.56,2941.43,2942.11,254.0
2025-02-21 21:20:00,2942.11,2942.24,2940.96,2941.32,289.0
2025-02-21 21:25:00,2941.25,2941.54,2939.05,2939.29,327.0
2025-02-21 21:30:00,2939.33,2940.34,2939.23,2940.18,306.0
2025-02-21 21:35:00,2940.18,2940.49,2938.81,2939.06,346.0
2025-02-21 21:40:00,2939.05,2939.05,2937.13,2937.64,314.0
2025-02-21 21:45:00,2937.63,2937.63,2933.31,2933.51,411.0
2025-02-21 21:50:00,2933.47,2935.02,2933.27,2934.1,394.0
2025-02-21 21:55:00,2934.09,2934.79,2932.91,2933.46,401.0
2025-02-21 22:00:00,2933.22,2935.85,2933.22,2935.85,410.0
2025-02-21 22:05:00,2935.85,2937.22,2935.82,2936.73,320.0
2025-02-21 22:10:00,2936.69,2936.8,2935.47,2935.76,289.0
2025-02-21 22:15:00,2935.75,2935.75,2933.12,2933.27,363.0
2025-02-21 22:20:00,2933.0,2934.2,2932.49,2934.19,389.0
2025-02-21 22:25:00,2934.07,2934.86,2933.35,2934.14,334.0
2025-02-21 22:30:00,2934.2,2936.45,2934.02,2935.63,379.0
2025-02-21 22:35:00,2935.79,2935.79,2933.36,2934.2,362.0
2025-02-21 22:40:00,2934.04,2936.2,2934.0,2935.98,360.0
2025-02-21 22:45:00,2936.01,2936.26,2934.96,2935.64,353.0
2025-02-21 22:50:00,2935.61,2935.61,2934.49,2935.32,374.0
2025-02-21 22:55:00,2935.43,2935.43,2934.14,2934.8,407.0
2025-02-21 23:00:00,2934.7,2935.08,2934.32,2934.48,146.0
2025-02-21 23:05:00,2934.52,2934.93,2933.52,2933.56,141.0
2025-02-21 23:10:00,2933.54,2935.62,2932.09,2935.42,188.0
2025-02-21 23:15:00,2935.44,2935.98,2934.96,2935.98,106.0
2025-02-21 23:20:00,2935.96,2936.06,2935.52,2935.7,91.0
2025-02-21 23:25:00,2935.76,2936.53,2935.7,2936.25,99.0
2025-02-21 23:30:00,2936.19,2936.31,2935.63,2936.13,85.0
2025-02-21 23:35:00,2936.14,2936.85,2935.87,2936.85,87.0
2025-02-21 23:40:00,2936.85,2938.04,2936.69,2937.5,125.0
2025-02-21 23:45:00,2937.3,2938.01,2935.78,2936.23,147.0
2025-02-21 23:50:00,2936.23,2936.86,2935.83,2936.31,102.0
2025-02-21 23:55:00,2935.82,2935.89,2935.31,2935.89,25.0
2025-02-24 01:00:00,2934.65,2940.53,2933.91,2939.59,498.0
2025-02-24 01:05:00,2939.59,2939.59,2936.69,2939.38,160.0
2025-02-24 01:10:00,2939.2,2940.53,2938.9,2939.31,195.0
2025-02-24 01:15:00,2939.36,2940.6,2939.36,2939.73,227.0
2025-02-24 01:20:00,2939.75,2939.75,2938.46,2939.66,131.0
2025-02-24 01:25:00,2939.68,2939.94,2938.62,2938.67,244.0
2025-02-24 01:30:00,2938.28,2939.34,2937.64,2938.85,232.0
2025-02-24 01:35:00,2938.88,2939.16,2936.88,2938.74,242.0
2025-02-24 01:40:00,2938.75,2938.75,2937.54,2937.78,113.0
2025-02-24 01:45:00,2937.78,2938.91,2937.09,2938.36,194.0
2025-02-24 01:50:00,2938.41,2938.46,2936.61,2937.2,254.0
2025-02-24 01:55:00,2937.19,2937.73,2936.4,2937.0,269.0
2025-02-24 02:00:00,2936.8,2937.57,2936.39,2937.37,199.0
2025-02-24 02:05:00,2937.42,2938.04,2936.75,2936.75,238.0
2025-02-24 02:10:00,2936.71,2937.48,2936.13,2936.53,138.0
2025-02-24 02:15:00,2936.58,2937.23,2934.95,2934.98,182.0
2025-02-24 02:20:00,2935.0,2935.53,2934.64,2935.14,210.0
2025-02-24 02:25:00,2935.13,2936.3,2934.28,2935.72,183.0
2025-02-24 02:30:00,2935.73,2935.76,2933.84,2934.55,224.0
2025-02-24 02:35:00,2934.57,2934.78,2934.18,2934.29,239.0
2025-02-24 02:40:00,2934.28,2934.95,2933.88,2934.85,98.0
2025-02-24 02:45:00,2934.86,2934.89,2933.02,2933.6,242.0
2025-02-24 02:50:00,2933.57,2933.57,2931.65,2932.14,331.0
2025-02-24 02:55:00,2932.15,2932.15,2929.52,2930.13,305.0
2025-02-24 03:00:00,2930.19,2930.19,2925.75,2926.5,470.0
2025-02-24 03:05:00,2926.45,2927.81,2926.03,2926.64,391.0
2025-02-24 03:10:00,2926.67,2926.72,2923.3,2924.19,391.0
2025-02-24 03:15:00,2924.16,2925.08,2923.16,2923.18,424.0
2025-02-24 03:20:00,2923.13,2924.55,2921.33,2921.52,436.0
2025-02-24 03:25:00,2921.45,2926.2,2921.45,2925.95,373.0
2025-02-24 03:30:00,2925.98,2928.82,2924.79,2928.42,460.0
2025-02-24 03:35:00,2928.71,2931.43,2928.39,2929.94,474.0
2025-02-24 03:40:00,2929.94,2930.6,2927.89,2929.47,408.0
2025-02-24 03:45:00,2929.62,2929.8,2927.43,2927.58,329.0
2025-02-24 03:50:00,2927.87,2928.08,2924.98,2927.98,347.0
2025-02-24 03:55:00,2927.93,2928.8,2927.48,2928.07,241.0
2025-02-24 04:00:00,2927.88,2927.88,2925.03,2925.71,234.0
2025-02-24 04:05:00,2925.92,2927.49,2925.52,2926.62,247.0
2025-02-24 04:10:00,2926.55,2928.95,2926.46,2928.04,267.0
2025-02-24 04:15:00,2928.11,2930.78,2928.06,2930.59,308.0
2025-02-24 04:20:00,2930.52,2932.09,2930.17,2931.69,362.0
2025-02-24 04:25:00,2931.64,2933.03,2931.02,2931.41,328.0
2025-02-24 04:30:00,2931.31,2934.68,2931.28,2932.95,371.0
2025-02-24 04:35:00,2932.93,2935.47,2932.53,2935.15,342.0
2025-02-24 04:40:00,2935.17,2937.2,2935.17,2936.86,334.0
2025-02-24 04:45:00,2936.99,2938.26,2936.98,2937.24,304.0
2025-02-24 04:50:00,2937.24,2939.63,2936.89,2939.38,316.0
2025-02-24 04:55:00,2939.46,2940.91,2939.46,2940.87,382.0
2025-02-24 05:00:00,2940.81,2943.32,2940.81,2941.59,412.0
2025-02-24 05:05:00,2941.62,2942.17,2939.87,2941.65,382.0
2025-02-24 05:10:00,2941.82,2943.48,2941.51,2942.47,398.0
2025-02-24 05:15:00,2942.29,2944.38,2941.77,2942.59,429.0
2025-02-24 05:20:00,2942.55,2942.96,2940.45,2941.42,356.0
2025-02-24 05:25:00,2940.96,2942.06,2940.53,2941.6,373.0
2025-02-24 05:30:00,2941.52,2943.33,2940.93,2942.87,327.0
2025-02-24 05:35:00,2942.82,2944.64,2941.33,2942.65,401.0
2025-02-24 05:40:00,2942.48,2942.85,2940.03,2941.22,250.0
2025-02-24 05:45:00,2940.76,2941.82,2940.33,2940.83,219.0
2025-02-24 05:50:00,2940.81,2941.08,2939.23,2939.71,211.0
2025-02-24 05:55:00,2939.7,2941.48,2939.7,2941.0,231.0
2025-02-24 06:00:00,2941.2,2941.68,2937.36,2939.92,355.0
2025-02-24 06:05:00,2939.97,2941.0,2939.47,2940.32,242.0
2025-02-24 06:10:00,2940.33,2941.09,2939.99,2940.54,282.0
2025-02-24 06:15:00,2940.51,2942.24,2940.51,2942.19,249.0
2025-02-24 06:20:00,2942.14,2943.03,2941.11,2941.76,228.0
2025-02-24 06:25:00,2941.76,2942.31,2941.33,2942.05,195.0
2025-02-24 06:30:00,2942.05,2943.05,2940.59,2941.19,244.0
2025-02-24 06:35:00,2941.07,2941.07,2939.66,2940.18,223.0
2025-02-24 06:40:00,2940.25,2940.47,2938.9,2939.41,228.0
2025-02-24 06:45:00,2939.42,2940.57,2939.2,2940.42,242.0
2025-02-24 06:50:00,2940.43,2940.43,2938.44,2938.52,243.0
2025-02-24 06:55:00,2938.69,2941.92,2937.89,2940.61,277.0
2025-02-24 07:00:00,2940.87,2941.42,2940.02,2940.83,238.0
2025-02-24 07:05:00,2940.84,2941.69,2940.16,2940.56,293.0
2025-02-24 07:10:00,2940.45,2941.02,2939.59,2940.98,257.0
2025-02-24 07:15:00,2940.96,2941.83,2940.62,2941.43,267.0
2025-02-24 07:20:00,2941.44,2941.86,2940.02,2940.81,296.0
2025-02-24 07:25:00,2940.81,2941.42,2940.19,2940.37,269.0
2025-02-24 07:30:00,2940.55,2940.89,2939.24,2940.49,303.0
2025-02-24 07:35:00,2940.54,2940.72,2939.25,2939.94,208.0
2025-02-24 07:40:00,2939.94,2940.04,2937.61,2939.05,249.0
2025-02-24 07:45:00,2939.02,2939.94,2938.69,2939.61,227.0
2025-02-24 07:50:00,2939.61,2939.84,2938.38,2938.48,233.0
2025-02-24 07:55:00,2938.48,2938.48,2935.52,2936.36,319.0
2025-02-24 08:00:00,2936.27,2937.38,2935.37,2936.83,291.0
2025-02-24 08:05:00,2936.83,2939.97,2936.83,2938.79,229.0
2025-02-24 08:10:00,2938.85,2939.45,2936.72,2938.11,275.0
2025-02-24 08:15:00,2938.04,2938.78,2937.28,2938.44,191.0
2025-02-24 08:20:00,2938.54,2939.26,2937.61,2939.08,258.0
2025-02-24 08:25:00,2939.09,2942.05,2938.95,2939.68,347.0
2025-02-24 08:30:00,2939.55,2940.42,2938.97,2938.97,173.0
2025-02-24 08:35:00,2938.97,2939.32,2937.9,2938.65,211.0
2025-02-24 08:40:00,2938.58,2938.66,2937.13,2937.41,217.0
2025-02-24 08:45:00,2937.36,2938.5,2936.86,2938.25,211.0
2025-02-24 08:50:00,2938.25,2938.38,2937.25,2938.0,192.0
2025-02-24 08:55:00,2938.03,2938.91,2937.23,2938.57,234.0
2025-02-24 09:00:00,2938.57,2940.97,2938.23,2940.73,248.0
2025-02-24 09:05:00,2940.71,2941.25,2940.12,2940.68,192.0
2025-02-24 09:10:00,2940.65,2941.2,2940.26,2940.72,174.0
2025-02-24 09:15:00,2940.58,2940.67,2939.23,2939.99,320.0
2025-02-24 09:20:00,2940.01,2940.14,2939.34,2939.96,241.0
2025-02-24 09:25:00,2939.75,2940.9,2939.46,2939.83,192.0
2025-02-24 09:30:00,2939.61,2942.23,2939.57,2941.76,146.0
2025-02-24 09:35:00,2941.77,2942.7,2941.25,2942.54,377.0
2025-02-24 09:40:00,2942.48,2944.27,2941.81,2943.87,356.0
2025-02-24 09:45:00,2943.91,2944.37,2943.54,2944.04,256.0
2025-02-24 09:50:00,2944.06,2944.84,2942.41,2942.41,271.0
2025-02-24 09:55:00,2942.4,2943.93,2941.99,2943.84,339.0
2025-02-24 10:00:00,2944.28,2944.81,2942.61,2942.97,341.0
2025-02-24 10:05:00,2942.87,2944.35,2942.23,2944.26,337.0
2025-02-24 10:10:00,2944.23,2944.83,2943.0,2943.05,275.0
2025-02-24 10:15:00,2942.78,2943.47,2941.39,2941.72,391.0
2025-02-24 10:20:00,2941.69,2941.88,2940.49,2941.2,384.0
2025-02-24 10:25:00,2941.2,2942.37,2940.53,2942.26,292.0
2025-02-24 10:30:00,2942.3,2942.59,2940.68,2941.47,320.0
2025-02-24 10:35:00,2941.47,2942.22,2939.15,2939.54,315.0
2025-02-24 10:40:00,2939.53,2941.58,2938.19,2940.42,351.0
2025-02-24 10:45:00,2940.49,2943.28,2940.43,2943.06,380.0
2025-02-24 10:50:00,2942.9,2948.03,2942.88,2946.95,384.0
2025-02-24 10:55:00,2946.95,2948.74,2946.14,2946.37,305.0
2025-02-24 11:00:00,2946.23,2947.9,2944.87,2946.97,374.0
2025-02-24 11:05:00,2946.96,2948.24,2945.88,2946.91,324.0
2025-02-24 11:10:00,2946.9,2947.32,2944.79,2945.23,352.0
2025-02-24 11:15:00,2945.25,2945.87,2943.46,2945.67,388.0
2025-02-24 11:20:00,2945.68,2946.76,2945.37,2945.93,334.0
2025-02-24 11:25:00,2945.94,2946.37,2945.25,2946.37,308.0
2025-02-24 11:30:00,2946.32,2946.32,2944.77,2944.82,284.0
2025-02-24 11:35:00,2944.81,2946.7,2944.47,2945.48,316.0
2025-02-24 11:40:00,2945.5,2946.03,2944.66,2944.84,281.0
2025-02-24 11:45:00,2944.83,2945.25,2943.25,2943.32,299.0
2025-02-24 11:50:00,2943.36,2943.98,2942.88,2943.66,201.0
2025-02-24 11:55:00,2943.69,2944.3,2943.49,2944.16,256.0
2025-02-24 12:00:00,2944.28,2944.65,2943.29,2943.69,266.0
2025-02-24 12:05:00,2943.69,2944.37,2943.21,2944.13,255.0
2025-02-24 12:10:00,2944.06,2944.13,2942.81,2943.08,229.0
2025-02-24 12:15:00,2943.02,2943.51,2942.35,2943.38,200.0
2025-02-24 12:20:00,2943.45,2943.45,2942.08,2942.72,195.0
2025-02-24 12:25:00,2942.71,2943.09,2942.15,2942.15,154.0
2025-02-24 12:30:00,2942.05,2942.05,2940.2,2940.49,411.0
2025-02-24 12:35:00,2940.51,2940.6,2938.36,2939.45,332.0
2025-02-24 12:40:00,2939.45,2939.86,2937.74,2938.17,272.0
2025-02-24 12:45:00,2938.16,2938.54,2936.72,2936.81,312.0
2025-02-24 12:50:00,2936.8,2936.82,2934.91,2935.74,357.0
2025-02-24 12:55:00,2935.72,2938.74,2935.7,2938.4,393.0
2025-02-24 13:00:00,2938.39,2939.09,2937.69,2939.09,335.0
2025-02-24 13:05:00,2939.67,2940.59,2938.51,2938.93,236.0
2025-02-24 13:10:00,2938.94,2939.4,2938.23,2938.74,188.0
2025-02-24 13:15:00,2938.74,2939.79,2938.59,2939.78,158.0
2025-02-24 13:20:00,2939.79,2942.34,2939.57,2941.92,302.0
2025-02-24 13:25:00,2941.94,2942.77,2941.71,2942.29,217.0
2025-02-24 13:30:00,2942.29,2944.24,2941.62,2944.03,323.0
2025-02-24 13:35:00,2944.02,2944.5,2942.53,2943.57,375.0
2025-02-24 13:40:00,2943.56,2945.07,2942.26,2944.61,371.0
2025-02-24 13:45:00,2944.65,2946.33,2944.37,2946.33,285.0
2025-02-24 13:50:00,2946.34,2947.51,2945.5,2946.18,338.0
2025-02-24 13:55:00,2946.18,2948.23,2946.12,2947.74,302.0
2025-02-24 14:00:00,2947.73,2951.12,2947.5,2949.83,431.0
2025-02-24 14:05:00,2949.6,2949.93,2946.26,2947.24,374.0
2025-02-24 14:10:00,2947.2,2948.03,2945.62,2946.42,276.0
2025-02-24 14:15:00,2946.42,2947.2,2946.08,2946.79,171.0
2025-02-24 14:20:00,2946.79,2948.01,2946.64,2947.57,277.0
2025-02-24 14:25:00,2947.45,2947.64,2946.83,2946.85,202.0
2025-02-24 14:30:00,2946.81,2947.82,2946.32,2946.96,356.0
2025-02-24 14:35:00,2946.92,2947.55,2946.26,2946.44,329.0
2025-02-24 14:40:00,2946.65,2946.86,2945.57,2945.77,259.0
2025-02-24 14:45:00,2945.76,2947.16,2945.44,2946.35,232.0
2025-02-24 14:50:00,2946.36,2947.44,2946.28,2946.79,268.0
2025-02-24 14:55:00,2946.89,2947.05,2945.65,2946.46,317.0
2025-02-24 15:00:00,2946.34,2949.48,2946.26,2948.11,412.0
2025-02-24 15:05:00,2948.44,2950.1,2948.07,2948.85,430.0
2025-02-24 15:10:00,2948.81,2950.98,2948.37,2950.49,369.0
2025-02-24 15:15:00,2950.55,2950.97,2948.49,2948.85,450.0
2025-02-24 15:20:00,2948.66,2950.27,2946.96,2947.55,473.0
2025-02-24 15:25:00,2947.6,2950.83,2947.55,2949.69,384.0
2025-02-24 15:30:00,2949.8,2951.26,2948.93,2949.9,389.0
2025-02-24 15:35:00,2949.81,2951.72,2949.45,2951.72,408.0
2025-02-24 15:40:00,2951.71,2952.41,2951.35,2951.79,333.0
2025-02-24 15:45:00,2951.84,2952.63,2950.6,2951.43,335.0
2025-02-24 15:50:00,2951.41,2953.77,2951.17,2951.79,334.0
2025-02-24 15:55:00,2951.8,2954.52,2951.77,2954.4,368.0
2025-02-24 16:00:00,2954.39,2956.18,2954.38,2955.84,450.0
2025-02-24 16:05:00,2955.97,2956.09,2952.83,2954.48,424.0
2025-02-24 16:10:00,2954.43,2955.47,2950.16,2950.66,442.0
2025-02-24 16:15:00,2950.79,2950.79,2948.72,2949.28,444.0
2025-02-24 16:20:00,2949.29,2949.56,2946.59,2946.7,437.0
2025-02-24 16:25:00,2946.71,2946.76,2939.36,2942.48,540.0
2025-02-24 16:30:00,2942.01,2943.76,2939.64,2939.83,546.0
2025-02-24 16:35:00,2939.88,2941.02,2935.89,2936.33,547.0
2025-02-24 16:40:00,2935.92,2942.69,2934.72,2942.69,531.0
2025-02-24 16:45:00,2942.63,2944.1,2939.37,2939.98,517.0
2025-02-24 16:50:00,2939.99,2942.49,2939.7,2941.59,474.0
2025-02-24 16:55:00,2941.4,2942.38,2938.87,2938.87,468.0
2025-02-24 17:00:00,2938.56,2938.82,2932.78,2933.47,531.0
2025-02-24 17:05:00,2933.2,2935.36,2931.62,2932.27,535.0
2025-02-24 17:10:00,2932.42,2936.94,2930.78,2936.33,536.0
2025-02-24 17:15:00,2936.31,2937.76,2935.82,2936.84,482.0
2025-02-24 17:20:00,2936.84,2937.66,2934.66,2936.64,499.0
2025-02-24 17:25:00,2936.52,2936.99,2935.39,2935.89,446.0
2025-02-24 17:30:00,2935.91,2937.07,2934.62,2935.09,463.0
2025-02-24 17:35:00,2935.17,2936.88,2933.28,2936.87,510.0
2025-02-24 17:40:00,2937.02,2940.49,2935.62,2935.7,545.0
2025-02-24 17:45:00,2935.69,2938.0,2935.69,2936.34,478.0
2025-02-24 17:50:00,2936.34,2937.99,2935.92,2937.38,421.0
2025-02-24 17:55:00,2937.47,2938.56,2936.1,2936.52,460.0
2025-02-24 18:00:00,2936.49,2939.3,2936.47,2938.75,453.0
2025-02-24 18:05:00,2938.74,2942.23,2938.74,2940.62,492.0
2025-02-24 18:10:00,2940.61,2942.93,2940.61,2942.53,459.0
2025-02-24 18:15:00,2942.55,2943.63,2941.38,2941.42,426.0
2025-02-24 18:20:00,2941.42,2942.27,2940.94,2941.68,359.0
2025-02-24 18:25:00,2941.67,2942.02,2940.68,2940.94,391.0
2025-02-24 18:30:00,2940.91,2942.98,2940.6,2941.18,406.0
2025-02-24 18:35:00,2941.16,2942.16,2940.27,2940.27,384.0
2025-02-24 18:40:00,2940.12,2942.9,2939.93,2942.75,404.0
2025-02-24 18:45:00,2942.54,2943.42,2940.18,2940.42,404.0
2025-02-24 18:50:00,2940.44,2942.82,2940.35,2942.28,392.0
2025-02-24 18:55:00,2942.36,2943.54,2941.63,2943.37,359.0
2025-02-24 19:00:00,2943.4,2944.53,2942.31,2943.56,394.0
2025-02-24 19:05:00,2943.42,2943.54,2941.43,2941.52,400.0
2025-02-24 19:10:00,2941.49,2943.88,2941.01,2943.74,403.0
2025-02-24 19:15:00,2944.08,2944.55,2942.53,2942.57,391.0
2025-02-24 19:20:00,2942.6,2944.13,2942.6,2943.21,339.0
2025-02-24 19:25:00,2943.31,2944.56,2942.98,2943.38,333.0
2025-02-24 19:30:00,2943.42,2944.14,2942.6,2944.09,314.0
2025-02-24 19:35:00,2944.11,2944.71,2943.06,2943.96,385.0
2025-02-24 19:40:00,2943.89,2944.43,2943.18,2943.19,340.0
2025-02-24 19:45:00,2943.21,2944.58,2942.8,2943.19,368.0
2025-02-24 19:50:00,2943.12,2944.23,2943.12,2943.51,357.0
2025-02-24 19:55:00,2943.53,2944.21,2942.56,2943.42,369.0
2025-02-24 20:00:00,2943.1,2944.64,2942.84,2944.57,377.0
2025-02-24 20:05:00,2944.61,2945.19,2944.12,2944.33,363.0
2025-02-24 20:10:00,2944.35,2944.87,2943.51,2944.64,322.0
2025-02-24 20:15:00,2944.63,2945.83,2944.62,2945.63,288.0
2025-02-24 20:20:00,2945.66,2945.97,2945.25,2945.93,361.0
2025-02-24 20:25:00,2945.99,2947.82,2945.7,2947.05,377.0
2025-02-24 20:30:00,2947.01,2947.69,2946.17,2946.98,292.0
2025-02-24 20:35:00,2946.97,2947.99,2946.55,2946.94,291.0
2025-02-24 20:40:00,2946.88,2947.25,2946.32,2946.66,325.0
2025-02-24 20:45:00,2946.61,2947.5,2946.44,2947.12,297.0
2025-02-24 20:50:00,2947.15,2947.87,2946.9,2947.7,263.0
2025-02-24 20:55:00,2947.68,2947.99,2947.35,2947.41,217.0
2025-02-24 21:00:00,2947.49,2949.5,2947.41,2949.27,289.0
2025-02-24 21:05:00,2949.27,2949.61,2948.39,2948.94,320.0
2025-02-24 21:10:00,2948.94,2949.89,2948.21,2949.81,272.0
2025-02-24 21:15:00,2949.79,2949.8,2948.13,2948.13,284.0
2025-02-24 21:20:00,2948.14,2948.87,2947.45,2948.49,316.0
2025-02-24 21:25:00,2948.49,2948.54,2946.88,2947.2,335.0
2025-02-24 21:30:00,2947.23,2947.96,2947.09,2947.96,326.0
2025-02-24 21:35:00,2948.03,2949.27,2947.64,2948.23,285.0
2025-02-24 21:40:00,2948.21,2948.93,2948.09,2948.72,259.0
2025-02-24 21:45:00,2948.82,2949.79,2948.71,2949.35,234.0
2025-02-24 21:50:00,2949.37,2949.87,2949.2,2949.54,255.0
2025-02-24 21:55:00,2949.52,2949.58,2948.61,2949.25,315.0
2025-02-24 22:00:00,2949.21,2949.36,2948.33,2948.76,311.0
2025-02-24 22:05:00,2948.74,2948.95,2948.41,2948.7,240.0
2025-02-24 22:10:00,2948.71,2949.66,2948.7,2949.38,221.0
2025-02-24 22:15:00,2949.48,2949.69,2948.86,2949.42,245.0
2025-02-24 22:20:00,2949.42,2949.83,2948.37,2948.37,301.0
2025-02-24 22:25:00,2948.4,2948.45,2947.06,2947.62,276.0
2025-02-24 22:30:00,2947.71,2948.91,2947.49,2948.68,256.0
2025-02-24 22:35:00,2948.71,2949.41,2948.49,2949.29,257.0
2025-02-24 22:40:00,2949.33,2950.61,2949.33,2949.98,268.0
2025-02-24 22:45:00,2950.16,2951.36,2949.52,2950.54,305.0
2025-02-24 22:50:00,2950.56,2951.48,2950.4,2950.55,327.0
2025-02-24 22:55:00,2950.6,2951.51,2950.38,2950.61,370.0
2025-02-24 23:00:00,2950.61,2951.48,2950.48,2950.91,170.0
2025-02-24 23:05:00,2950.92,2951.05,2950.36,2950.9,108.0
2025-02-24 23:10:00,2950.88,2951.13,2950.72,2951.05,78.0
2025-02-24 23:15:00,2951.02,2951.61,2950.89,2951.46,128.0
2025-02-24 23:20:00,2951.45,2951.75,2951.18,2951.49,81.0
2025-02-24 23:25:00,2951.49,2951.68,2951.04,2951.65,82.0
2025-02-24 23:30:00,2951.68,2953.06,2951.6,2952.76,130.0
2025-02-24 23:35:00,2952.76,2953.0,2952.09,2952.12,93.0
2025-02-24 23:40:00,2952.12,2952.25,2951.42,2951.5,86.0
2025-02-24 23:45:00,2951.37,2952.05,2951.2,2951.52,104.0
2025-02-24 23:50:00,2951.56,2952.36,2951.24,2952.1,131.0
2025-02-24 23:55:00,2952.7,2952.9,2952.2,2952.62,138.0
2025-02-25 01:00:00,2952.64,2953.79,2952.54,2952.97,265.0
2025-02-25 01:05:00,2952.97,2952.97,2951.13,2951.35,137.0
2025-02-25 01:10:00,2951.35,2951.35,2950.09,2950.12,99.0
2025-02-25 01:15:00,2950.19,2950.2,2948.12,2949.64,182.0
2025-02-25 01:20:00,2949.61,2950.92,2949.4,2950.7,197.0
2025-02-25 01:25:00,2950.79,2951.48,2950.2,2951.38,147.0
2025-02-25 01:30:00,2951.41,2952.05,2951.06,2951.98,175.0
2025-02-25 01:35:00,2951.95,2953.53,2951.65,2952.09,143.0
2025-02-25 01:40:00,2952.08,2952.71,2951.01,2952.31,176.0
2025-02-25 01:45:00,2952.3,2952.42,2951.13,2951.17,169.0
2025-02-25 01:50:00,2951.15,2951.39,2949.7,2949.77,142.0
2025-02-25 01:55:00,2949.84,2950.2,2948.95,2949.92,269.0
2025-02-25 02:00:00,2950.05,2952.61,2949.96,2951.86,269.0
2025-02-25 02:05:00,2951.83,2952.41,2951.09,2951.19,204.0
2025-02-25 02:10:00,2951.1,2951.28,2949.37,2949.45,99.0
2025-02-25 02:15:00,2949.48,2949.48,2948.77,2948.82,56.0
2025-02-25 02:20:00,2948.8,2949.3,2948.38,2948.81,133.0
2025-02-25 02:25:00,2948.87,2949.02,2948.23,2948.84,99.0
2025-02-25 02:30:00,2948.84,2949.96,2948.71,2949.38,106.0
2025-02-25 02:35:00,2949.37,2949.37,2948.75,2949.18,121.0
2025-02-25 02:40:00,2949.18,2949.61,2948.95,2949.0,145.0
2025-02-25 02:45:00,2949.03,2949.27,2948.68,2949.14,140.0
2025-02-25 02:50:00,2949.14,2949.47,2949.14,2949.3,119.0
2025-02-25 02:55:00,2949.31,2950.1,2949.08,2949.69,210.0
2025-02-25 03:00:00,2949.71,2950.44,2948.84,2949.79,430.0
2025-02-25 03:05:00,2949.8,2952.01,2949.38,2951.25,362.0
2025-02-25 03:10:00,2951.31,2952.51,2951.15,2951.5,369.0
2025-02-25 03:15:00,2951.49,2951.59,2950.11,2950.76,428.0
2025-02-25 03:20:00,2950.69,2950.87,2949.65,2949.77,447.0
2025-02-25 03:25:00,2949.82,2950.26,2948.86,2949.86,231.0
2025-02-25 03:30:00,2949.85,2950.84,2949.54,2949.76,325.0
2025-02-25 03:35:00,2949.28,2949.49,2945.7,2945.72,394.0
2025-02-25 03:40:00,2945.65,2947.37,2945.29,2947.36,363.0
2025-02-25 03:45:00,2947.37,2947.82,2946.34,2947.75,329.0
2025-02-25 03:50:00,2947.75,2948.84,2947.16,2948.16,419.0
2025-02-25 03:55:00,2948.11,2949.6,2947.49,2949.52,486.0
2025-02-25 04:00:00,2949.6,2951.11,2949.49,2949.75,363.0
2025-02-25 04:05:00,2949.75,2950.35,2948.94,2949.66,169.0
2025-02-25 04:10:00,2949.67,2950.09,2948.78,2949.77,173.0
2025-02-25 04:15:00,2949.96,2951.38,2949.96,2951.3,246.0
2025-02-25 04:20:00,2951.46,2952.47,2949.54,2950.61,483.0
2025-02-25 04:25:00,2950.48,2950.57,2949.55,2949.91,345.0
2025-02-25 04:30:00,2949.86,2951.23,2949.53,2950.44,334.0
2025-02-25 04:35:00,2950.44,2951.16,2950.12,2950.54,287.0
2025-02-25 04:40:00,2950.56,2951.09,2950.11,2950.67,170.0
2025-02-25 04:45:00,2950.67,2950.67,2948.67,2949.12,362.0
2025-02-25 04:50:00,2949.11,2949.45,2948.01,2948.12,357.0
2025-02-25 04:55:00,2948.06,2948.91,2947.07,2948.6,281.0
2025-02-25 05:00:00,2948.26,2949.51,2948.14,2948.93,204.0
2025-02-25 05:05:00,2948.85,2949.04,2948.16,2948.51,369.0
2025-02-25 05:10:00,2948.48,2949.34,2947.64,2948.64,342.0
2025-02-25 05:15:00,2948.64,2948.73,2945.96,2946.0,479.0
2025-02-25 05:20:00,2945.94,2946.35,2945.03,2945.43,378.0
2025-02-25 05:25:00,2945.48,2945.66,2944.82,2944.91,358.0
2025-02-25 05:30:00,2944.95,2945.53,2944.35,2944.35,333.0
2025-02-25 05:35:00,2944.36,2944.67,2942.45,2943.29,347.0
2025-02-25 05:40:00,2943.43,2944.27,2942.75,2942.92,304.0
2025-02-25 05:45:00,2942.97,2942.97,2939.56,2940.78,410.0
2025-02-25 05:50:00,2940.75,2940.91,2938.24,2939.95,432.0
2025-02-25 05:55:00,2939.94,2939.94,2937.51,2939.61,364.0
2025-02-25 06:00:00,2939.56,2939.9,2938.27,2938.67,240.0
2025-02-25 06:05:00,2938.64,2938.85,2936.5,2936.63,270.0
2025-02-25 06:10:00,2936.63,2937.09,2935.88,2935.95,218.0
2025-02-25 06:15:00,2935.95,2938.64,2935.86,2938.1,246.0
2025-02-25 06:20:00,2938.1,2938.1,2936.45,2936.84,200.0
2025-02-25 06:25:00,2936.84,2937.27,2935.03,2937.17,334.0
2025-02-25 06:30:00,2937.18,2938.91,2936.79,2938.35,362.0
2025-02-25 06:35:00,2938.33,2938.78,2937.38,2938.59,224.0
2025-02-25 06:40:00,2938.78,2938.81,2937.61,2937.61,129.0
2025-02-25 06:45:00,2937.62,2937.67,2935.91,2936.06,156.0
2025-02-25 06:50:00,2936.03,2937.05,2935.91,2937.05,203.0
2025-02-25 06:55:00,2937.09,2937.38,2936.68,2936.82,171.0
2025-02-25 07:00:00,2936.82,2937.81,2936.57,2937.46,247.0
2025-02-25 07:05:00,2937.5,2937.79,2937.17,2937.59,191.0
2025-02-25 07:10:00,2937.59,2939.44,2937.58,2938.95,290.0
2025-02-25 07:15:00,2938.95,2939.48,2938.64,2938.74,179.0
2025-02-25 07:20:00,2938.68,2938.89,2937.47,2938.43,185.0
2025-02-25 07:25:00,2938.39,2939.17,2938.11,2939.06,173.0
2025-02-25 07:30:00,2939.09,2940.39,2938.92,2939.86,388.0
2025-02-25 07:35:00,2939.88,2940.73,2939.51,2940.2,157.0
2025-02-25 07:40:00,2940.11,2940.96,2938.5,2938.69,348.0
2025-02-25 07:45:00,2938.7,2939.12,2937.76,2938.89,376.0
2025-02-25 07:50:00,2938.82,2939.91,2938.17,2939.4,262.0
2025-02-25 07:55:00,2939.41,2939.42,2936.93,2938.09,385.0
2025-02-25 08:00:00,2937.99,2937.99,2936.58,2937.18,221.0
2025-02-25 08:05:00,2937.31,2938.06,2936.77,2937.3,373.0
2025-02-25 08:10:00,2937.37,2937.6,2936.73,2936.74,410.0
2025-02-25 08:15:00,2936.65,2937.28,2935.93,2936.95,216.0
2025-02-25 08:20:00,2936.95,2938.44,2936.78,2937.38,244.0
2025-02-25 08:25:00,2937.38,2937.4,2935.48,2935.75,296.0
2025-02-25 08:30:00,2935.7,2935.78,2934.38,2935.42,348.0
2025-02-25 08:35:00,2935.37,2935.37,2934.39,2934.67,211.0
2025-02-25 08:40:00,2934.63,2935.51,2934.38,2935.51,213.0
2025-02-25 08:45:00,2935.51,2935.93,2933.58,2935.39,321.0
2025-02-25 08:50:00,2935.34,2937.19,2934.79,2937.07,288.0
2025-02-25 08:55:00,2937.06,2937.13,2935.65,2935.78,291.0
2025-02-25 09:00:00,2935.71,2935.8,2934.78,2935.09,359.0
2025-02-25 09:05:00,2935.09,2937.98,2935.0,2937.87,336.0
2025-02-25 09:10:00,2937.84,2940.35,2937.31,2939.05,377.0
2025-02-25 09:15:00,2939.01,2939.18,2937.92,2937.94,238.0
2025-02-25 09:20:00,2937.98,2938.02,2936.16,2937.25,306.0
2025-02-25 09:25:00,2937.22,2938.43,2936.95,2937.74,315.0
2025-02-25 09:30:00,2937.77,2938.81,2937.25,2937.82,253.0
2025-02-25 09:35:00,2937.8,2937.8,2936.42,2937.22,404.0
2025-02-25 09:40:00,2937.17,2937.3,2933.69,2933.9,439.0
2025-02-25 09:45:00,2933.97,2934.77,2932.55,2932.57,447.0
2025-02-25 09:50:00,2932.52,2933.15,2930.67,2932.34,423.0
2025-02-25 09:55:00,2932.35,2933.54,2930.74,2931.71,401.0
2025-02-25 10:00:00,2931.79,2933.26,2929.52,2931.25,438.0
2025-02-25 10:05:00,2931.32,2932.67,2930.46,2932.39,398.0
2025-02-25 10:10:00,2932.4,2933.73,2931.97,2933.25,407.0
2025-02-25 10:15:00,2933.22,2933.66,2931.93,2932.73,373.0
2025-02-25 10:20:00,2932.6,2933.76,2932.15,2932.71,316.0
2025-02-25 10:25:00,2932.72,2934.85,2932.26,2934.71,401.0
2025-02-25 10:30:00,2934.74,2935.69,2934.18,2935.39,327.0
2025-02-25 10:35:00,2935.37,2939.12,2935.2,2938.9,364.0
2025-02-25 10:40:00,2938.92,2941.22,2938.91,2940.84,359.0
2025-02-25 10:45:00,2940.9,2941.25,2939.02,2939.87,319.0
2025-02-25 10:50:00,2939.71,2941.73,2939.57,2941.21,280.0
2025-02-25 10:55:00,2941.21,2942.43,2941.04,2941.62,295.0
2025-02-25 11:00:00,2941.63,2942.42,2939.73,2939.97,375.0
2025-02-25 11:05:00,2939.93,2941.12,2939.73,2939.97,300.0
2025-02-25 11:10:00,2939.87,2940.43,2937.5,2940.39,383.0
2025-02-25 11:15:00,2940.49,2941.05,2939.71,2940.22,375.0
2025-02-25 11:20:00,2940.33,2940.86,2939.43,2939.47,284.0
2025-02-25 11:25:00,2939.51,2940.38,2939.26,2939.32,237.0
2025-02-25 11:30:00,2939.32,2941.11,2939.22,2940.65,250.0
2025-02-25 11:35:00,2940.65,2941.74,2940.6,2940.75,256.0
2025-02-25 11:40:00,2940.74,2942.11,2940.61,2941.99,288.0
2025-02-25 11:45:00,2942.0,2942.2,2940.53,2940.55,302.0
2025-02-25 11:50:00,2940.56,2941.01,2939.56,2940.78,272.0
2025-02-25 11:55:00,2940.8,2941.19,2938.94,2938.97,348.0
2025-02-25 12:00:00,2938.97,2939.33,2937.8,2937.92,386.0
2025-02-25 12:05:00,2937.91,2938.28,2937.42,2938.11,248.0
2025-02-25 12:10:00,2937.98,2939.85,2937.94,2939.33,305.0
2025-02-25 12:15:00,2939.33,2940.43,2939.22,2939.83,267.0
2025-02-25 12:20:00,2939.84,2940.79,2938.5,2938.6,347.0
2025-02-25 12:25:00,2938.58,2940.27,2938.55,2939.32,338.0
2025-02-25 12:30:00,2939.36,2941.5,2939.09,2941.17,332.0
2025-02-25 12:35:00,2941.2,2941.33,2939.0,2939.24,296.0
2025-02-25 12:40:00,2939.6,2940.69,2939.6,2940.34,248.0
2025-02-25 12:45:00,2940.36,2940.41,2938.93,2940.31,277.0
2025-02-25 12:50:00,2940.32,2940.42,2937.89,2938.61,308.0
2025-02-25 12:55:00,2938.61,2939.08,2937.54,2937.56,277.0
2025-02-25 13:00:00,2937.58,2939.65,2937.11,2939.43,330.0
2025-02-25 13:05:00,2939.44,2939.95,2938.75,2938.95,281.0
2025-02-25 13:10:00,2938.94,2939.27,2938.33,2938.9,228.0
2025-02-25 13:15:00,2938.9,2939.92,2938.28,2939.48,262.0
2025-02-25 13:20:00,2939.49,2939.58,2938.51,2938.86,206.0
2025-02-25 13:25:00,2938.75,2940.21,2938.75,2939.92,230.0
2025-02-25 13:30:00,2939.92,2940.46,2939.63,2939.92,269.0
2025-02-25 13:35:00,2939.89,2940.01,2939.06,2939.17,329.0
2025-02-25 13:40:00,2939.17,2939.54,2938.75,2939.24,345.0
2025-02-25 13:45:00,2939.28,2940.37,2939.24,2940.04,357.0
2025-02-25 13:50:00,2940.05,2940.05,2937.92,2937.92,270.0
2025-02-25 13:55:00,2937.99,2939.1,2937.77,2938.64,305.0
2025-02-25 14:00:00,2938.64,2940.16,2938.45,2939.91,388.0
2025-02-25 14:05:00,2939.94,2939.94,2938.57,2939.02,251.0
2025-02-25 14:10:00,2939.02,2940.8,2938.84,2940.53,342.0
2025-02-25 14:15:00,2940.59,2941.35,2940.03,2940.97,221.0
2025-02-25 14:20:00,2941.0,2941.0,2937.39,2937.53,476.0
2025-02-25 14:25:00,2937.54,2937.54,2934.36,2934.41,474.0
2025-02-25 14:30:00,2934.38,2934.7,2925.45,2927.24,550.0
2025-02-25 14:35:00,2927.12,2929.17,2926.38,2926.59,491.0
2025-02-25 14:40:00,2926.57,2928.93,2924.12,2925.9,509.0
2025-02-25 14:45:00,2925.79,2926.42,2924.03,2926.42,477.0
2025-02-25 14:50:00,2926.38,2929.76,2926.06,2929.31,506.0
2025-02-25 14:55:00,2929.41,2930.37,2928.11,2928.53,454.0
2025-02-25 15:00:00,2928.77,2929.65,2926.24,2929.63,533.0
2025-02-25 15:05:00,2929.71,2930.79,2927.38,2928.87,494.0
2025-02-25 15:10:00,2928.89,2931.88,2928.89,2931.04,484.0
2025-02-25 15:15:00,2931.01,2931.94,2929.05,2929.06,399.0
2025-02-25 15:20:00,2929.88,2931.59,2928.56,2929.17,472.0
2025-02-25 15:25:00,2929.16,2929.79,2927.63,2928.69,453.0
2025-02-25 15:30:00,2928.75,2931.88,2927.71,2931.83,494.0
2025-02-25 15:35:00,2931.76,2933.72,2930.44,2933.64,443.0
2025-02-25 15:40:00,2933.68,2935.5,2932.42,2934.3,493.0
2025-02-25 15:45:00,2934.27,2937.57,2933.09,2936.1,521.0
2025-02-25 15:50:00,2936.0,2937.91,2935.14,2936.98,498.0
2025-02-25 15:55:00,2937.0,2937.98,2936.18,2937.42,452.0
2025-02-25 16:00:00,2937.24,2939.82,2937.18,2939.76,462.0
2025-02-25 16:05:00,2939.63,2940.32,2937.76,2938.75,442.0
2025-02-25 16:10:00,2938.69,2940.48,2938.15,2939.8,388.0
2025-02-25 16:15:00,2939.88,2942.61,2939.72,2940.53,467.0
2025-02-25 16:20:00,2940.62,2941.78,2939.85,2941.51,442.0
2025-02-25 16:25:00,2941.5,2942.86,2941.01,2942.66,447.0
2025-02-25 16:30:00,2942.72,2943.15,2941.1,2942.84,443.0
2025-02-25 16:35:00,2942.88,2944.84,2942.4,2942.71,520.0
2025-02-25 16:40:00,2942.69,2942.79,2938.47,2938.73,511.0
2025-02-25 16:45:00,2938.73,2939.91,2936.05,2937.08,507.0
2025-02-25 16:50:00,2937.05,2937.05,2935.03,2935.4,515.0
2025-02-25 16:55:00,2935.43,2935.55,2932.06,2932.74,498.0
2025-02-25 17:00:00,2932.64,2934.89,2931.37,2932.97,510.0
2025-02-25 17:05:00,2932.98,2934.01,2929.03,2929.04,508.0
2025-02-25 17:10:00,2929.06,2929.14,2927.19,2928.25,536.0
2025-02-25 17:15:00,2927.75,2927.93,2920.36,2920.42,562.0
2025-02-25 17:20:00,2920.56,2921.17,2910.35,2910.46,582.0
2025-02-25 17:25:00,2910.52,2915.67,2910.05,2910.18,570.0
2025-02-25 17:30:00,2910.19,2910.62,2900.53,2907.92,580.0
2025-02-25 17:35:00,2907.91,2910.74,2905.52,2906.41,564.0
2025-02-25 17:40:00,2906.22,2906.73,2903.12,2904.22,563.0
2025-02-25 17:45:00,2904.08,2909.41,2902.82,2905.48,545.0
2025-02-25 17:50:00,2905.42,2909.13,2905.27,2906.02,523.0
2025-02-25 17:55:00,2905.71,2907.43,2905.21,2905.7,501.0
2025-02-25 18:00:00,2905.88,2906.82,2902.87,2904.07,539.0
2025-02-25 18:05:00,2904.26,2904.26,2888.27,2894.41,579.0
2025-02-25 18:10:00,2894.82,2899.44,2893.52,2897.54,565.0
2025-02-25 18:15:00,2897.29,2901.34,2896.77,2899.58,514.0
2025-02-25 18:20:00,2899.58,2900.28,2897.04,2897.36,496.0
2025-02-25 18:25:00,2897.29,2897.73,2894.05,2895.15,497.0
2025-02-25 18:30:00,2895.19,2896.44,2890.22,2894.82,539.0
2025-02-25 18:35:00,2894.7,2899.32,2894.7,2898.56,514.0
2025-02-25 18:40:00,2898.55,2899.23,2894.99,2895.01,475.0
2025-02-25 18:45:00,2894.99,2896.98,2890.93,2896.79,501.0
2025-02-25 18:50:00,2896.84,2897.18,2895.19,2896.63,430.0
2025-02-25 18:55:00,2896.34,2898.08,2894.94,2896.35,448.0
2025-02-25 19:00:00,2896.41,2896.49,2893.7,2895.93,445.0
2025-02-25 19:05:00,2895.65,2897.09,2894.64,2895.51,434.0
2025-02-25 19:10:00,2895.57,2896.59,2894.62,2896.1,403.0
2025-02-25 19:15:00,2896.1,2898.48,2895.94,2896.25,399.0
2025-02-25 19:20:00,2896.25,2898.99,2895.93,2898.34,423.0
2025-02-25 19:25:00,2898.38,2900.93,2898.15,2900.25,460.0
2025-02-25 19:30:00,2900.29,2903.2,2900.24,2901.15,488.0
2025-02-25 19:35:00,2901.11,2902.14,2900.15,2901.79,440.0
2025-02-25 19:40:00,2901.82,2903.66,2900.61,2903.22,437.0
2025-02-25 19:45:00,2903.7,2905.19,2902.91,2903.22,458.0
2025-02-25 19:50:00,2903.25,2905.84,2903.25,2905.04,412.0
2025-02-25 19:55:00,2905.06,2908.82,2904.87,2907.51,438.0
2025-02-25 20:00:00,2907.6,2908.68,2906.46,2907.93,396.0
2025-02-25 20:05:00,2907.92,2912.24,2907.92,2909.85,468.0
2025-02-25 20:10:00,2910.02,2910.4,2906.89,2906.89,438.0
2025-02-25 20:15:00,2906.93,2907.31,2905.57,2905.83,443.0
2025-02-25 20:20:00,2905.85,2907.82,2905.7,2907.19,410.0
2025-02-25 20:25:00,2907.1,2908.3,2905.49,2905.87,428.0
2025-02-25 20:30:00,2906.07,2907.43,2905.47,2907.09,392.0
2025-02-25 20:35:00,2907.03,2909.41,2907.03,2909.37,377.0
2025-02-25 20:40:00,2909.35,2909.75,2908.78,2909.18,360.0
2025-02-25 20:45:00,2909.2,2911.37,2909.13,2911.37,327.0
2025-02-25 20:50:00,2911.43,2911.56,2909.15,2909.87,379.0
2025-02-25 20:55:00,2909.73,2910.02,2909.2,2909.58,334.0
2025-02-25 21:00:00,2909.51,2910.11,2908.8,2909.15,334.0
2025-02-25 21:05:00,2909.13,2909.86,2908.47,2908.85,323.0
2025-02-25 21:10:00,2908.68,2909.05,2907.68,2907.84,300.0
2025-02-25 21:15:00,2908.0,2908.33,2907.04,2907.04,253.0
2025-02-25 21:20:00,2906.92,2907.42,2905.86,2907.02,250.0
2025-02-25 21:25:00,2907.04,2907.8,2906.56,2907.35,320.0
2025-02-25 21:30:00,2907.39,2909.56,2907.35,2909.16,330.0
2025-02-25 21:35:00,2909.25,2909.95,2908.57,2909.76,329.0
2025-02-25 21:40:00,2909.91,2912.98,2909.81,2912.88,341.0
2025-02-25 21:45:00,2912.9,2913.59,2911.54,2913.53,371.0
2025-02-25 21:50:00,2913.53,2913.97,2912.79,2912.93,380.0
2025-02-25 21:55:00,2912.97,2913.23,2912.09,2912.15,404.0
2025-02-25 22:00:00,2912.16,2912.88,2911.43,2912.15,397.0
2025-02-25 22:05:00,2912.16,2912.65,2911.53,2912.2,285.0
2025-02-25 22:10:00,2912.19,2912.21,2910.88,2911.39,313.0
2025-02-25 22:15:00,2911.38,2912.97,2910.92,2912.9,346.0
2025-02-25 22:20:00,2912.93,2913.24,2912.02,2912.82,311.0
2025-02-25 22:25:00,2912.88,2913.4,2912.39,2912.77,291.0
2025-02-25 22:30:00,2912.91,2912.93,2911.75,2912.77,289.0
2025-02-25 22:35:00,2912.77,2912.88,2911.7,2911.71,294.0
2025-02-25 22:40:00,2911.71,2913.27,2911.51,2912.79,350.0
2025-02-25 22:45:00,2912.76,2912.81,2911.63,2911.8,361.0
2025-02-25 22:50:00,2911.78,2913.13,2911.78,2912.66,386.0
2025-02-25 22:55:00,2912.6,2913.36,2912.28,2912.78,384.0
2025-02-25 23:00:00,2912.82,2915.11,2912.69,2913.85,236.0
2025-02-25 23:05:00,2913.83,2916.4,2913.83,2915.85,294.0
2025-02-25 23:10:00,2915.87,2917.33,2915.56,2916.8,267.0
2025-02-25 23:15:00,2916.82,2917.37,2916.14,2916.91,177.0
2025-02-25 23:20:00,2916.93,2917.28,2916.3,2916.87,154.0
2025-02-25 23:25:00,2916.96,2917.05,2916.02,2916.02,154.0
2025-02-25 23:30:00,2916.03,2916.75,2915.79,2916.37,200.0
2025-02-25 23:35:00,2916.45,2916.92,2916.18,2916.3,170.0
2025-02-25 23:40:00,2916.29,2916.3,2913.7,2914.34,225.0
2025-02-25 23:45:00,2914.34,2915.76,2913.73,2915.16,183.0
2025-02-25 23:50:00,2915.12,2915.65,2914.31,2915.53,184.0
2025-02-25 23:55:00,2915.19,2915.34,2914.68,2914.82,113.0
2025-02-26 01:00:00,2915.14,2916.08,2914.19,2915.94,305.0
2025-02-26 01:05:00,2915.94,2917.13,2915.18,2915.34,182.0
2025-02-26 01:10:00,2915.49,2915.64,2914.72,2914.89,103.0
2025-02-26 01:15:00,2914.76,2915.24,2914.04,2914.04,157.0
2025-02-26 01:20:00,2914.07,2914.39,2913.74,2914.39,113.0
2025-02-26 01:25:00,2914.32,2914.62,2913.61,2914.39,138.0
2025-02-26 01:30:00,2914.4,2915.62,2914.4,2915.62,104.0
2025-02-26 01:35:00,2915.61,2916.94,2915.61,2916.36,187.0
2025-02-26 01:40:00,2916.31,2916.79,2916.08,2916.63,114.0
2025-02-26 01:45:00,2916.62,2917.55,2916.33,2916.72,160.0
2025-02-26 01:50:00,2916.79,2918.78,2916.57,2918.77,161.0
2025-02-26 01:55:00,2918.71,2919.0,2918.04,2918.69,195.0
2025-02-26 02:00:00,2918.85,2920.6,2918.67,2919.54,240.0
2025-02-26 02:05:00,2919.48,2922.08,2919.48,2921.68,269.0
2025-02-26 02:10:00,2921.59,2924.3,2921.11,2924.09,204.0
2025-02-26 02:15:00,2924.11,2925.76,2923.97,2925.02,304.0
2025-02-26 02:20:00,2925.11,2925.97,2923.95,2925.39,214.0
2025-02-26 02:25:00,2925.36,2925.39,2923.5,2923.6,180.0
2025-02-26 02:30:00,2923.66,2925.45,2923.66,2924.5,161.0
2025-02-26 02:35:00,2924.52,2925.42,2923.74,2924.86,121.0
2025-02-26 02:40:00,2924.85,2925.36,2924.6,2924.97,114.0
2025-02-26 02:45:00,2925.11,2925.56,2923.39,2924.57,247.0
2025-02-26 02:50:00,2924.59,2925.42,2923.81,2923.86,226.0
2025-02-26 02:55:00,2923.79,2923.81,2921.91,2923.52,293.0
2025-02-26 03:00:00,2923.53,2924.23,2922.57,2923.78,462.0
2025-02-26 03:05:00,2923.77,2925.21,2923.11,2924.71,429.0
2025-02-26 03:10:00,2924.73,2925.74,2923.15,2923.65,257.0
2025-02-26 03:15:00,2923.7,2926.5,2923.7,2925.02,372.0
2025-02-26 03:20:00,2924.96,2929.86,2924.96,2929.86,354.0
2025-02-26 03:25:00,2929.95,2930.08,2927.41,2927.65,318.0
2025-02-26 03:30:00,2927.65,2927.82,2925.81,2926.79,388.0
2025-02-26 03:35:00,2926.75,2928.16,2925.29,2925.53,323.0
2025-02-26 03:40:00,2925.42,2925.93,2923.5,2925.53,430.0
2025-02-26 03:45:00,2925.41,2925.41,2921.24,2921.24,344.0
2025-02-26 03:50:00,2921.23,2922.09,2920.68,2920.88,268.0
2025-02-26 03:55:00,2920.9,2920.9,2915.27,2917.68,410.0
2025-02-26 04:00:00,2917.7,2920.05,2917.66,2918.12,391.0
2025-02-26 04:05:00,2918.05,2919.39,2916.72,2916.72,240.0
2025-02-26 04:10:00,2916.68,2918.18,2914.8,2916.77,353.0
2025-02-26 04:15:00,2916.77,2918.42,2916.66,2917.23,212.0
2025-02-26 04:20:00,2917.22,2919.67,2917.09,2919.49,351.0
2025-02-26 04:25:00,2919.5,2919.53,2918.35,2918.37,242.0
2025-02-26 04:30:00,2918.89,2920.37,2918.58,2920.37,292.0
2025-02-26 04:35:00,2920.4,2920.93,2918.06,2918.53,355.0
2025-02-26 04:40:00,2918.53,2918.6,2917.31,2917.84,290.0
2025-02-26 04:45:00,2917.88,2918.38,2917.13,2917.92,334.0
2025-02-26 04:50:00,2917.95,2921.54,2917.86,2920.97,383.0
2025-02-26 04:55:00,2921.07,2923.14,2920.9,2921.07,289.0
2025-02-26 05:00:00,2921.05,2921.72,2919.99,2920.45,364.0
2025-02-26 05:05:00,2920.51,2921.17,2920.4,2920.42,98.0
2025-02-26 05:10:00,2920.41,2921.61,2920.07,2920.73,107.0
2025-02-26 05:15:00,2920.96,2920.96,2919.8,2920.28,151.0
2025-02-26 05:20:00,2920.31,2920.68,2919.84,2919.98,274.0
2025-02-26 05:25:00,2920.0,2920.85,2919.53,2920.35,224.0
2025-02-26 05:30:00,2920.36,2920.88,2919.84,2919.84,74.0
2025-02-26 05:35:00,2919.85,2920.52,2918.69,2920.3,164.0
2025-02-26 05:40:00,2920.27,2920.27,2918.7,2919.14,155.0
2025-02-26 05:45:00,2919.07,2919.95,2918.98,2919.06,104.0
2025-02-26 05:50:00,2919.2,2919.79,2918.2,2918.2,145.0
2025-02-26 05:55:00,2918.2,2918.23,2916.56,2917.28,176.0
2025-02-26 06:00:00,2917.14,2917.68,2916.18,2916.55,182.0
2025-02-26 06:05:00,2916.56,2917.78,2916.37,2917.69,113.0
2025-02-26 06:10:00,2917.7,2918.77,2915.76,2915.81,210.0
2025-02-26 06:15:00,2915.87,2915.87,2912.68,2913.62,339.0
2025-02-26 06:20:00,2913.62,2915.4,2913.48,2914.41,174.0
2025-02-26 06:25:00,2914.4,2915.9,2914.25,2915.24,139.0
2025-02-26 06:30:00,2915.2,2915.74,2914.28,2914.71,158.0
2025-02-26 06:35:00,2914.71,2914.94,2913.35,2913.93,157.0
2025-02-26 06:40:00,2913.93,2914.12,2913.52,2913.69,95.0
2025-02-26 06:45:00,2913.66,2914.21,2913.32,2913.91,107.0
2025-02-26 06:50:00,2913.91,2914.71,2913.67,2914.64,117.0
2025-02-26 06:55:00,2914.7,2915.91,2914.59,2915.02,198.0
2025-02-26 07:00:00,2915.02,2915.82,2914.95,2915.8,172.0
2025-02-26 07:05:00,2915.77,2917.9,2915.59,2917.47,251.0
2025-02-26 07:10:00,2917.36,2917.5,2916.82,2917.24,114.0
2025-02-26 07:15:00,2917.23,2917.61,2915.76,2916.24,161.0
2025-02-26 07:20:00,2916.1,2918.82,2915.0,2918.5,237.0
2025-02-26 07:25:00,2918.5,2921.02,2918.28,2919.99,255.0
2025-02-26 07:30:00,2919.86,2920.33,2917.94,2918.15,234.0
2025-02-26 07:35:00,2918.11,2919.12,2915.71,2916.0,258.0
2025-02-26 07:40:00,2916.02,2916.4,2914.86,2916.24,317.0
2025-02-26 07:45:00,2916.23,2916.87,2915.07,2916.72,266.0
2025-02-26 07:50:00,2916.56,2917.41,2915.72,2915.92,305.0
2025-02-26 07:55:00,2915.93,2916.63,2915.35,2915.41,354.0
2025-02-26 08:00:00,2915.38,2916.23,2914.79,2914.83,336.0
2025-02-26 08:05:00,2914.84,2915.53,2913.43,2913.85,255.0
2025-02-26 08:10:00,2913.87,2914.09,2908.79,2910.5,366.0
2025-02-26 08:15:00,2910.53,2910.84,2909.7,2910.28,240.0
2025-02-26 08:20:00,2910.37,2911.06,2909.81,2910.9,217.0
2025-02-26 08:25:00,2910.95,2913.0,2910.7,2912.32,268.0
2025-02-26 08:30:00,2912.32,2912.33,2908.95,2909.26,316.0
2025-02-26 08:35:00,2909.22,2909.67,2907.5,2909.05,305.0
2025-02-26 08:40:00,2909.08,2910.07,2908.73,2908.73,148.0
2025-02-26 08:45:00,2908.72,2908.9,2907.48,2907.69,194.0
2025-02-26 08:50:00,2907.7,2907.71,2907.13,2907.39,233.0
2025-02-26 08:55:00,2907.39,2907.59,2906.58,2906.62,270.0
2025-02-26 09:00:00,2906.58,2908.71,2905.8,2907.39,300.0
2025-02-26 09:05:00,2907.2,2909.86,2906.95,2909.65,376.0
2025-02-26 09:10:00,2909.65,2912.87,2909.6,2911.73,321.0
2025-02-26 09:15:00,2911.73,2912.98,2911.39,2911.53,179.0
2025-02-26 09:20:00,2911.39,2912.09,2910.26,2910.26,199.0
2025-02-26 09:25:00,2910.28,2912.8,2909.64,2911.96,394.0
2025-02-26 09:30:00,2911.98,2912.36,2909.94,2911.94,347.0
2025-02-26 09:35:00,2911.96,2912.27,2911.27,2911.91,287.0
2025-02-26 09:40:00,2912.16,2914.49,2911.35,2914.28,359.0
2025-02-26 09:45:00,2914.18,2915.75,2913.2,2915.66,348.0
2025-02-26 09:50:00,2915.52,2917.42,2915.27,2915.87,347.0
2025-02-26 09:55:00,2915.94,2916.59,2914.93,2915.35,305.0
2025-02-26 10:00:00,2915.06,2916.01,2913.05,2914.38,390.0
2025-02-26 10:05:00,2914.24,2915.79,2913.65,2914.57,253.0
2025-02-26 10:10:00,2914.57,2915.36,2913.86,2914.16,246.0
2025-02-26 10:15:00,2914.16,2914.39,2912.06,2913.19,359.0
2025-02-26 10:20:00,2913.26,2913.71,2911.57,2912.16,404.0
2025-02-26 10:25:00,2912.13,2912.45,2909.89,2911.52,338.0
2025-02-26 10:30:00,2911.59,2911.79,2909.48,2910.87,329.0
2025-02-26 10:35:00,2910.87,2911.46,2909.71,2911.0,205.0
2025-02-26 10:40:00,2911.03,2913.09,2910.5,2912.33,321.0
2025-02-26 10:45:00,2912.35,2915.35,2912.35,2914.22,372.0
2025-02-26 10:50:00,2914.22,2917.72,2913.82,2917.6,418.0
2025-02-26 10:55:00,2917.67,2918.41,2916.81,2918.0,358.0
2025-02-26 11:00:00,2917.94,2918.9,2916.94,2917.31,391.0
2025-02-26 11:05:00,2917.36,2917.86,2916.6,2917.01,391.0
2025-02-26 11:10:00,2916.99,2917.12,2915.32,2915.4,347.0
2025-02-26 11:15:00,2915.56,2916.14,2914.55,2915.67,340.0
2025-02-26 11:20:00,2915.7,2916.42,2914.45,2915.69,282.0
2025-02-26 11:25:00,2915.84,2916.29,2915.69,2915.93,214.0
2025-02-26 11:30:00,2916.04,2916.06,2914.97,2915.43,264.0
2025-02-26 11:35:00,2915.4,2916.1,2914.23,2915.03,274.0
2025-02-26 11:40:00,2914.99,2914.99,2913.39,2913.45,230.0
2025-02-26 11:45:00,2913.52,2915.09,2913.11,2914.21,252.0
2025-02-26 11:50:00,2914.26,2915.05,2913.85,2913.99,210.0
2025-02-26 11:55:00,2914.05,2914.07,2912.31,2913.26,298.0
2025-02-26 12:00:00,2913.61,2914.65,2913.28,2914.36,406.0
2025-02-26 12:05:00,2914.36,2916.86,2914.31,2915.64,393.0
2025-02-26 12:10:00,2915.68,2916.07,2914.47,2914.76,231.0
2025-02-26 12:15:00,2914.72,2915.35,2914.29,2914.98,257.0
2025-02-26 12:20:00,2915.03,2915.25,2913.07,2913.43,295.0
2025-02-26 12:25:00,2913.51,2914.57,2913.4,2914.07,312.0
2025-02-26 12:30:00,2914.22,2914.6,2913.16,2914.16,324.0
2025-02-26 12:35:00,2914.19,2914.34,2913.36,2913.41,263.0
2025-02-26 12:40:00,2913.37,2913.83,2912.91,2913.21,177.0
2025-02-26 12:45:00,2913.21,2913.82,2911.82,2911.83,208.0
2025-02-26 12:50:00,2911.83,2913.13,2911.08,2911.83,344.0
2025-02-26 12:55:00,2911.8,2912.79,2911.72,2912.71,272.0
2025-02-26 13:00:00,2912.7,2914.17,2912.65,2913.55,281.0
2025-02-26 13:05:00,2913.38,2913.95,2912.96,2913.86,186.0
2025-02-26 13:10:00,2913.88,2913.88,2912.95,2913.2,199.0
2025-02-26 13:15:00,2913.15,2913.4,2912.52,2913.0,262.0
2025-02-26 13:20:00,2912.92,2913.09,2912.54,2912.84,228.0
2025-02-26 13:25:00,2912.86,2913.34,2912.06,2912.98,186.0
2025-02-26 13:30:00,2912.98,2914.16,2912.65,2914.1,263.0
2025-02-26 13:35:00,2914.1,2914.79,2913.78,2914.7,174.0
2025-02-26 13:40:00,2914.7,2915.26,2914.52,2914.94,206.0
2025-02-26 13:45:00,2914.95,2915.38,2914.38,2915.03,232.0
2025-02-26 13:50:00,2915.14,2915.14,2913.25,2913.31,260.0
2025-02-26 13:55:00,2913.32,2913.76,2912.62,2913.76,264.0
2025-02-26 14:00:00,2913.73,2914.24,2913.37,2914.15,216.0
2025-02-26 14:05:00,2914.16,2915.42,2914.15,2914.87,265.0
2025-02-26 14:10:00,2914.86,2914.86,2913.59,2914.28,263.0
2025-02-26 14:15:00,2914.28,2914.41,2913.41,2913.63,174.0
2025-02-26 14:20:00,2913.59,2913.59,2912.12,2912.19,348.0
2025-02-26 14:25:00,2912.25,2912.52,2910.04,2911.02,366.0
2025-02-26 14:30:00,2911.05,2913.22,2911.02,2913.09,317.0
2025-02-26 14:35:00,2913.03,2913.98,2912.86,2913.7,274.0
2025-02-26 14:40:00,2913.69,2913.92,2912.51,2913.02,242.0
2025-02-26 14:45:00,2913.02,2913.83,2912.57,2913.07,271.0
2025-02-26 14:50:00,2913.08,2913.65,2912.27,2913.36,310.0
2025-02-26 14:55:00,2913.32,2915.21,2913.23,2913.86,375.0
2025-02-26 15:00:00,2914.14,2915.08,2911.46,2912.85,497.0
2025-02-26 15:05:00,2912.9,2913.96,2911.48,2913.17,426.0
2025-02-26 15:10:00,2913.17,2913.5,2910.2,2911.86,400.0
2025-02-26 15:15:00,2911.9,2912.44,2910.24,2910.24,358.0
2025-02-26 15:20:00,2910.46,2912.79,2910.17,2911.35,450.0
2025-02-26 15:25:00,2911.38,2913.4,2910.54,2913.33,453.0
2025-02-26 15:30:00,2913.35,2913.48,2911.52,2912.13,428.0
2025-02-26 15:35:00,2912.13,2912.69,2910.67,2911.17,411.0
2025-02-26 15:40:00,2911.18,2912.34,2909.43,2910.79,386.0
2025-02-26 15:45:00,2910.73,2911.63,2910.15,2910.51,310.0
2025-02-26 15:50:00,2910.57,2910.58,2908.25,2908.32,329.0
2025-02-26 15:55:00,2908.27,2908.48,2905.49,2905.85,500.0
2025-02-26 16:00:00,2905.86,2906.19,2901.88,2902.98,507.0
2025-02-26 16:05:00,2903.02,2905.15,2896.67,2899.5,496.0
2025-02-26 16:10:00,2899.48,2899.48,2892.5,2896.13,530.0
2025-02-26 16:15:00,2896.21,2896.69,2892.92,2894.73,460.0
2025-02-26 16:20:00,2894.81,2896.85,2893.07,2893.13,474.0
2025-02-26 16:25:00,2893.27,2896.73,2892.88,2894.99,452.0
2025-02-26 16:30:00,2894.84,2896.71,2890.77,2893.7,546.0
2025-02-26 16:35:00,2894.29,2895.69,2891.95,2892.08,533.0
2025-02-26 16:40:00,2892.29,2895.23,2891.24,2895.16,539.0
2025-02-26 16:45:00,2895.22,2903.82,2895.22,2902.14,555.0
2025-02-26 16:50:00,2902.15,2905.35,2901.84,2904.34,554.0
2025-02-26 16:55:00,2904.32,2904.85,2900.02,2901.09,443.0
2025-02-26 17:00:00,2901.13,2902.66,2898.5,2900.52,515.0
2025-02-26 17:05:00,2900.59,2905.86,2900.5,2905.35,482.0
2025-02-26 17:10:00,2905.42,2907.51,2904.93,2905.42,503.0
2025-02-26 17:15:00,2905.48,2908.43,2905.48,2907.51,512.0
2025-02-26 17:20:00,2907.69,2908.81,2906.1,2908.71,495.0
2025-02-26 17:25:00,2908.93,2912.08,2908.81,2911.18,534.0
2025-02-26 17:30:00,2911.5,2912.1,2907.54,2908.48,470.0
2025-02-26 17:35:00,2908.45,2909.9,2906.52,2909.61,426.0
2025-02-26 17:40:00,2909.62,2911.06,2909.4,2909.95,386.0
2025-02-26 17:45:00,2909.99,2911.33,2909.04,2910.43,348.0
2025-02-26 17:50:00,2910.39,2913.46,2910.39,2912.07,406.0
2025-02-26 17:55:00,2912.16,2914.26,2912.16,2913.61,396.0
2025-02-26 18:00:00,2913.65,2916.61,2912.6,2916.61,491.0
2025-02-26 18:05:00,2916.52,2916.62,2911.89,2911.89,424.0
2025-02-26 18:10:00,2911.92,2913.46,2910.18,2913.45,404.0
2025-02-26 18:15:00,2913.39,2914.2,2911.15,2912.34,387.0
2025-02-26 18:20:00,2912.39,2913.21,2911.51,2912.41,349.0
2025-02-26 18:25:00,2912.2,2912.58,2909.98,2910.92,361.0
2025-02-26 18:30:00,2910.98,2912.98,2910.98,2911.8,437.0
2025-02-26 18:35:00,2911.82,2915.01,2911.68,2914.48,406.0
2025-02-26 18:40:00,2914.59,2915.14,2913.69,2914.47,392.0
2025-02-26 18:45:00,2914.56,2914.67,2911.85,2911.85,422.0
2025-02-26 18:50:00,2911.74,2914.49,2910.88,2914.49,402.0
2025-02-26 18:55:00,2914.39,2914.39,2912.97,2913.11,383.0
2025-02-26 19:00:00,2913.08,2914.72,2912.51,2914.42,359.0
2025-02-26 19:05:00,2914.69,2915.19,2914.11,2914.56,345.0
2025-02-26 19:10:00,2914.52,2916.11,2913.74,2914.54,322.0
2025-02-26 19:15:00,2914.45,2915.07,2910.33,2912.9,312.0
2025-02-26 19:20:00,2912.88,2913.9,2912.77,2913.64,406.0
2025-02-26 19:25:00,2913.72,2914.51,2912.58,2914.25,410.0
2025-02-26 19:30:00,2914.28,2916.31,2912.39,2913.87,467.0
2025-02-26 19:35:00,2913.82,2914.35,2912.6,2913.21,390.0
2025-02-26 19:40:00,2913.2,2915.26,2912.29,2914.95,401.0
2025-02-26 19:45:00,2914.95,2915.44,2913.97,2914.36,347.0
2025-02-26 19:50:00,2914.35,2914.93,2913.44,2913.63,407.0
2025-02-26 19:55:00,2913.73,2914.27,2913.27,2913.74,351.0
2025-02-26 20:00:00,2913.58,2915.0,2912.62,2914.96,409.0
2025-02-26 20:05:00,2914.89,2916.01,2914.77,2915.98,373.0
2025-02-26 20:10:00,2915.94,2916.06,2915.41,2915.76,268.0
2025-02-26 20:15:00,2915.78,2916.18,2915.21,2916.06,313.0
2025-02-26 20:20:00,2916.04,2916.16,2915.57,2916.1,284.0
2025-02-26 20:25:00,2916.06,2916.26,2914.6,2915.15,364.0
2025-02-26 20:30:00,2915.02,2915.48,2913.75,2915.19,318.0
2025-02-26 20:35:00,2915.25,2915.7,2914.28,2914.35,308.0
2025-02-26 20:40:00,2914.32,2914.95,2913.73,2914.14,343.0
2025-02-26 20:45:00,2914.12,2914.38,2912.36,2912.37,358.0
2025-02-26 20:50:00,2912.38,2913.73,2912.38,2913.24,292.0
2025-02-26 20:55:00,2913.46,2915.03,2912.78,2914.92,318.0
2025-02-26 21:00:00,2914.85,2915.2,2913.65,2913.76,293.0
2025-02-26 21:05:00,2913.66,2914.86,2913.33,2914.79,263.0
2025-02-26 21:10:00,2914.79,2915.33,2914.57,2915.09,241.0
2025-02-26 21:15:00,2915.12,2916.05,2914.12,2915.99,249.0
2025-02-26 21:20:00,2915.93,2916.34,2915.66,2915.71,239.0
2025-02-26 21:25:00,2915.65,2916.31,2915.41,2915.86,208.0
2025-02-26 21:30:00,2915.77,2916.06,2915.61,2915.86,229.0
2025-02-26 21:35:00,2915.84,2915.95,2915.63,2915.89,172.0
2025-02-26 21:40:00,2915.88,2915.96,2915.58,2915.67,189.0
2025-02-26 21:45:00,2915.68,2915.78,2914.88,2915.09,211.0
2025-02-26 21:50:00,2915.1,2915.59,2914.99,2915.02,219.0
2025-02-26 21:55:00,2915.19,2915.25,2913.75,2913.88,252.0
2025-02-26 22:00:00,2913.89,2914.75,2913.89,2914.05,222.0
2025-02-26 22:05:00,2914.08,2914.78,2913.78,2913.97,189.0
2025-02-26 22:10:00,2913.99,2914.38,2912.82,2912.82,253.0
2025-02-26 22:15:00,2912.98,2913.83,2912.05,2913.83,297.0
2025-02-26 22:20:00,2913.81,2914.45,2913.45,2914.17,236.0
2025-02-26 22:25:00,2914.21,2916.06,2914.21,2915.85,252.0
2025-02-26 22:30:00,2915.83,2916.04,2915.47,2915.82,251.0
2025-02-26 22:35:00,2915.81,2916.06,2915.6,2915.69,291.0
2025-02-26 22:40:00,2915.69,2915.74,2914.91,2915.37,272.0
2025-02-26 22:45:00,2915.44,2915.75,2914.94,2915.73,302.0
2025-02-26 22:50:00,2915.74,2916.05,2915.43,2915.99,317.0
2025-02-26 22:55:00,2915.87,2916.74,2915.79,2916.3,302.0
2025-02-26 23:00:00,2916.32,2916.89,2916.16,2916.63,179.0
2025-02-26 23:05:00,2916.62,2917.42,2916.15,2917.36,156.0
2025-02-26 23:10:00,2917.46,2918.77,2917.46,2918.1,148.0
2025-02-26 23:15:00,2918.2,2918.72,2917.79,2918.33,118.0
2025-02-26 23:20:00,2918.34,2918.35,2916.46,2917.3,264.0
2025-02-26 23:25:00,2917.28,2917.32,2916.21,2916.63,177.0
2025-02-26 23:30:00,2916.65,2918.34,2916.64,2918.04,214.0
2025-02-26 23:35:00,2917.92,2918.07,2917.14,2917.36,134.0
2025-02-26 23:40:00,2917.34,2917.42,2916.32,2916.43,130.0
2025-02-26 23:45:00,2916.48,2917.85,2916.3,2916.7,125.0
2025-02-26 23:50:00,2916.71,2916.81,2915.85,2916.42,111.0
2025-02-26 23:55:00,2916.16,2916.54,2916.04,2916.11,79.0
2025-02-27 01:00:00,2916.79,2916.8,2915.96,2915.98,108.0
2025-02-27 01:05:00,2915.98,2916.43,2915.57,2916.33,103.0
2025-02-27 01:10:00,2916.27,2917.36,2916.26,2917.31,93.0
2025-02-27 01:15:00,2917.33,2917.69,2917.15,2917.67,83.0
2025-02-27 01:20:00,2917.54,2917.54,2917.23,2917.42,56.0
2025-02-27 01:25:00,2917.44,2917.73,2917.4,2917.56,90.0
2025-02-27 01:30:00,2917.64,2918.68,2917.27,2918.33,166.0
2025-02-27 01:35:00,2918.32,2919.14,2918.21,2918.87,120.0
2025-02-27 01:40:00,2918.81,2920.76,2918.81,2920.04,124.0
2025-02-27 01:45:00,2920.01,2920.39,2919.69,2919.93,79.0
2025-02-27 01:50:00,2919.94,2920.1,2919.21,2919.44,74.0
2025-02-27 01:55:00,2919.37,2920.02,2919.13,2919.14,65.0
2025-02-27 02:00:00,2919.12,2919.14,2918.17,2918.37,82.0
2025-02-27 02:05:00,2918.19,2918.73,2918.1,2918.7,74.0
2025-02-27 02:10:00,2918.69,2918.69,2917.37,2917.78,64.0
2025-02-27 02:15:00,2917.78,2918.85,2917.53,2918.59,64.0
2025-02-27 02:20:00,2918.61,2918.77,2917.54,2917.58,86.0
2025-02-27 02:25:00,2917.6,2918.07,2917.31,2917.81,98.0
2025-02-27 02:30:00,2917.79,2918.5,2917.67,2918.18,160.0
2025-02-27 02:35:00,2918.21,2918.21,2916.46,2916.47,185.0
2025-02-27 02:40:00,2916.61,2916.61,2915.93,2916.26,168.0
2025-02-27 02:45:00,2916.25,2916.82,2916.02,2916.49,158.0
2025-02-27 02:50:00,2916.59,2917.58,2916.46,2917.15,181.0
2025-02-27 02:55:00,2917.07,2917.16,2916.65,2917.1,248.0
2025-02-27 03:00:00,2917.16,2917.9,2916.09,2916.1,459.0
2025-02-27 03:05:00,2916.09,2916.56,2914.56,2914.56,416.0
2025-02-27 03:10:00,2914.46,2915.6,2913.55,2915.6,397.0
2025-02-27 03:15:00,2915.64,2915.64,2913.91,2914.65,334.0
2025-02-27 03:20:00,2914.63,2915.49,2913.56,2913.56,269.0
2025-02-27 03:25:00,2913.49,2914.92,2913.05,2913.68,256.0
2025-02-27 03:30:00,2913.57,2915.91,2913.11,2915.91,349.0
2025-02-27 03:35:00,2916.18,2918.27,2915.73,2916.57,447.0
2025-02-27 03:40:00,2916.54,2917.54,2915.86,2915.87,377.0
2025-02-27 03:45:00,2915.87,2916.7,2915.8,2916.42,266.0
2025-02-27 03:50:00,2916.44,2916.44,2913.4,2913.55,298.0
2025-02-27 03:55:00,2913.45,2913.53,2911.11,2912.66,461.0
2025-02-27 04:00:00,2912.67,2912.7,2911.76,2912.12,298.0
2025-02-27 04:05:00,2912.21,2913.81,2910.9,2913.81,364.0
2025-02-27 04:10:00,2913.81,2914.8,2913.31,2913.44,295.0
2025-02-27 04:15:00,2913.46,2913.97,2912.96,2913.83,225.0
2025-02-27 04:20:00,2913.83,2914.47,2913.15,2913.74,215.0
2025-02-27 04:25:00,2913.75,2914.57,2912.99,2913.0,209.0
2025-02-27 04:30:00,2913.06,2913.43,2912.07,2912.53,327.0
2025-02-27 04:35:00,2912.49,2913.08,2912.09,2912.62,278.0
2025-02-27 04:40:00,2912.67,2913.38,2912.45,2912.91,281.0
2025-02-27 04:45:00,2912.92,2912.94,2908.93,2909.31,405.0
2025-02-27 04:50:00,2909.2,2909.25,2905.02,2908.66,468.0
2025-02-27 04:55:00,2908.65,2908.79,2904.39,2906.75,467.0
2025-02-27 05:00:00,2906.85,2908.69,2906.64,2907.85,440.0
2025-02-27 05:05:00,2907.86,2908.76,2906.91,2907.35,323.0
2025-02-27 05:10:00,2907.28,2908.04,2906.85,2907.29,328.0
2025-02-27 05:15:00,2907.29,2907.88,2906.1,2906.21,257.0
2025-02-27 05:20:00,2906.17,2908.39,2906.13,2907.78,210.0
2025-02-27 05:25:00,2907.76,2909.01,2907.4,2908.2,263.0
2025-02-27 05:30:00,2908.06,2908.76,2906.9,2907.6,174.0
2025-02-27 05:35:00,2907.66,2907.96,2906.55,2906.61,210.0
2025-02-27 05:40:00,2906.62,2907.99,2906.61,2907.48,191.0
2025-02-27 05:45:00,2907.47,2907.5,2906.29,2906.55,175.0
2025-02-27 05:50:00,2906.38,2906.98,2905.27,2906.98,286.0
2025-02-27 05:55:00,2906.97,2907.18,2905.7,2905.7,210.0
2025-02-27 06:00:00,2905.58,2906.29,2905.37,2905.87,264.0
2025-02-27 06:05:00,2905.74,2906.25,2904.75,2904.82,189.0
2025-02-27 06:10:00,2904.75,2905.09,2904.2,2905.09,270.0
2025-02-27 06:15:00,2905.03,2906.29,2904.32,2906.29,210.0
2025-02-27 06:20:00,2906.27,2906.53,2905.22,2906.35,151.0
2025-02-27 06:25:00,2906.37,2906.41,2903.46,2903.78,226.0
2025-02-27 06:30:00,2903.75,2903.79,2900.42,2900.71,371.0
2025-02-27 06:35:00,2900.79,2901.59,2900.46,2901.35,349.0
2025-02-27 06:40:00,2901.34,2902.01,2901.0,2901.44,196.0
2025-02-27 06:45:00,2901.44,2901.44,2899.67,2900.0,341.0
2025-02-27 06:50:00,2899.98,2900.04,2896.66,2896.7,328.0
2025-02-27 06:55:00,2896.7,2899.01,2896.32,2897.37,289.0
2025-02-27 07:00:00,2897.44,2898.45,2893.21,2895.76,416.0
2025-02-27 07:05:00,2895.93,2897.01,2895.51,2895.91,266.0
2025-02-27 07:10:00,2895.96,2896.34,2894.94,2895.96,309.0
2025-02-27 07:15:00,2895.96,2896.34,2891.26,2891.89,397.0
2025-02-27 07:20:00,2891.86,2892.97,2890.86,2892.01,428.0
2025-02-27 07:25:00,2892.06,2893.91,2890.95,2893.81,358.0
2025-02-27 07:30:00,2893.78,2893.78,2891.98,2892.79,484.0
2025-02-27 07:35:00,2892.6,2892.76,2888.61,2890.74,465.0
2025-02-27 07:40:00,2890.74,2893.36,2889.6,2893.34,396.0
2025-02-27 07:45:00,2893.25,2894.68,2891.3,2892.16,438.0
2025-02-27 07:50:00,2892.14,2892.14,2890.3,2891.49,336.0
2025-02-27 07:55:00,2891.38,2891.66,2890.26,2890.99,370.0
2025-02-27 08:00:00,2891.0,2892.62,2890.82,2892.3,452.0
2025-02-27 08:05:00,2892.34,2896.1,2891.83,2895.05,453.0
2025-02-27 08:10:00,2895.0,2895.21,2893.94,2894.63,311.0
2025-02-27 08:15:00,2894.37,2895.19,2892.48,2894.86,396.0
2025-02-27 08:20:00,2894.85,2896.53,2894.79,2895.54,338.0
2025-02-27 08:25:00,2895.72,2895.84,2894.02,2895.23,296.0
2025-02-27 08:30:00,2895.32,2897.98,2895.19,2897.2,429.0
2025-02-27 08:35:00,2897.2,2897.67,2895.57,2897.6,311.0
2025-02-27 08:40:00,2897.6,2898.45,2896.82,2897.39,336.0
2025-02-27 08:45:00,2897.37,2897.87,2896.61,2896.75,246.0
2025-02-27 08:50:00,2896.67,2896.72,2894.23,2894.54,360.0
2025-02-27 08:55:00,2894.51,2895.56,2893.58,2894.18,416.0
2025-02-27 09:00:00,2894.13,2894.13,2892.54,2893.28,326.0
2025-02-27 09:05:00,2893.29,2894.4,2890.1,2891.23,406.0
2025-02-27 09:10:00,2891.33,2895.07,2891.3,2894.16,450.0
2025-02-27 09:15:00,2894.03,2894.2,2891.67,2892.48,343.0
2025-02-27 09:20:00,2892.33,2896.7,2891.98,2895.99,405.0
2025-02-27 09:25:00,2895.88,2896.43,2892.03,2892.17,381.0
2025-02-27 09:30:00,2892.16,2892.77,2889.38,2892.73,374.0
2025-02-27 09:35:00,2892.83,2892.83,2890.74,2890.91,324.0
2025-02-27 09:40:00,2890.92,2891.58,2887.91,2890.2,342.0
2025-02-27 09:45:00,2890.22,2894.02,2890.22,2893.58,390.0
2025-02-27 09:50:00,2893.56,2893.63,2892.24,2893.13,225.0
2025-02-27 09:55:00,2893.16,2893.19,2891.5,2891.85,292.0
2025-02-27 10:00:00,2891.83,2892.2,2888.97,2888.97,408.0
2025-02-27 10:05:00,2888.83,2891.46,2886.37,2888.08,395.0
2025-02-27 10:10:00,2888.25,2888.27,2884.08,2885.17,495.0
2025-02-27 10:15:00,2885.25,2889.19,2884.86,2888.57,478.0
2025-02-27 10:20:00,2888.64,2888.76,2884.94,2884.94,477.0
2025-02-27 10:25:00,2884.95,2885.35,2880.67,2882.13,418.0
2025-02-27 10:30:00,2882.12,2882.76,2881.13,2882.44,355.0
2025-02-27 10:35:00,2882.36,2884.86,2881.15,2883.32,361.0
2025-02-27 10:40:00,2883.23,2885.8,2881.85,2884.14,367.0
2025-02-27 10:45:00,2884.29,2885.37,2883.63,2884.56,376.0
2025-02-27 10:50:00,2884.57,2884.9,2881.48,2882.23,352.0
2025-02-27 10:55:00,2882.26,2883.1,2880.95,2881.3,427.0
2025-02-27 11:00:00,2881.45,2882.36,2879.76,2880.21,465.0
2025-02-27 11:05:00,2880.25,2881.8,2877.1,2879.64,468.0
2025-02-27 11:10:00,2879.61,2888.79,2878.69,2886.84,501.0
2025-02-27 11:15:00,2886.84,2888.36,2886.03,2886.93,368.0
2025-02-27 11:20:00,2887.07,2887.32,2885.57,2886.54,283.0
2025-02-27 11:25:00,2886.53,2893.4,2885.73,2890.91,342.0
2025-02-27 11:30:00,2890.89,2891.99,2888.78,2889.15,363.0
2025-02-27 11:35:00,2889.07,2889.49,2887.21,2888.05,323.0
2025-02-27 11:40:00,2888.16,2889.83,2885.81,2886.04,325.0
2025-02-27 11:45:00,2886.41,2887.37,2885.96,2886.95,282.0
2025-02-27 11:50:00,2886.95,2888.14,2886.91,2887.5,340.0
2025-02-27 11:55:00,2887.48,2887.83,2886.43,2887.34,252.0
2025-02-27 12:00:00,2887.25,2889.11,2886.83,2888.76,348.0
2025-02-27 12:05:00,2888.76,2889.03,2887.38,2888.98,282.0
2025-02-27 12:10:00,2889.16,2889.32,2887.73,2888.22,280.0
2025-02-27 12:15:00,2888.22,2888.74,2887.46,2888.02,292.0
2025-02-27 12:20:00,2888.15,2890.11,2886.79,2890.0,314.0
2025-02-27 12:25:00,2889.99,2892.13,2889.3,2891.19,314.0
2025-02-27 12:30:00,2891.45,2893.69,2890.53,2891.79,364.0
2025-02-27 12:35:00,2891.76,2891.83,2890.42,2890.75,278.0
2025-02-27 12:40:00,2890.75,2892.2,2890.31,2891.67,217.0
2025-02-27 12:45:00,2891.58,2892.14,2891.33,2891.96,251.0
2025-02-27 12:50:00,2891.99,2893.97,2891.62,2893.81,300.0
2025-02-27 12:55:00,2893.8,2894.88,2892.17,2892.21,338.0
2025-02-27 13:00:00,2892.18,2893.1,2891.87,2892.02,289.0
2025-02-27 13:05:00,2891.78,2892.16,2888.55,2891.96,368.0
2025-02-27 13:10:00,2891.95,2894.86,2891.81,2893.8,309.0
2025-02-27 13:15:00,2893.85,2894.24,2892.39,2892.95,348.0
2025-02-27 13:20:00,2893.01,2893.01,2889.51,2890.1,382.0
2025-02-27 13:25:00,2890.17,2890.52,2887.68,2888.61,352.0
2025-02-27 13:30:00,2888.56,2888.92,2887.23,2887.28,286.0
2025-02-27 13:35:00,2887.27,2887.9,2886.19,2887.53,281.0
2025-02-27 13:40:00,2887.48,2889.02,2886.59,2888.96,310.0
2025-02-27 13:45:00,2888.97,2889.05,2886.46,2887.05,290.0
2025-02-27 13:50:00,2887.0,2887.0,2883.57,2884.41,390.0
2025-02-27 13:55:00,2884.39,2885.25,2883.42,2883.9,390.0
2025-02-27 14:00:00,2883.98,2884.8,2883.23,2883.71,389.0
2025-02-27 14:05:00,2883.71,2884.58,2883.17,2883.75,391.0
2025-02-27 14:10:00,2883.75,2885.5,2883.12,2885.22,324.0
2025-02-27 14:15:00,2885.31,2887.82,2884.86,2887.46,390.0
2025-02-27 14:20:00,2887.52,2887.98,2884.18,2885.38,353.0
2025-02-27 14:25:00,2885.36,2885.68,2883.92,2885.15,324.0
2025-02-27 14:30:00,2885.14,2885.76,2884.09,2885.51,292.0
2025-02-27 14:35:00,2885.46,2886.95,2884.96,2886.26,348.0
2025-02-27 14:40:00,2886.31,2888.73,2885.07,2888.59,341.0
2025-02-27 14:45:00,2888.56,2888.59,2885.94,2886.1,376.0
2025-02-27 14:50:00,2886.1,2886.74,2884.25,2886.61,370.0
2025-02-27 14:55:00,2886.67,2887.22,2884.8,2885.0,370.0
2025-02-27 15:00:00,2885.02,2888.13,2884.41,2888.12,476.0
2025-02-27 15:05:00,2888.13,2888.35,2885.07,2886.07,395.0
2025-02-27 15:10:00,2886.05,2887.6,2884.99,2886.47,438.0
2025-02-27 15:15:00,2886.48,2889.25,2886.48,2889.14,427.0
2025-02-27 15:20:00,2889.07,2892.16,2888.69,2889.16,381.0
2025-02-27 15:25:00,2889.14,2890.36,2888.09,2888.09,412.0
2025-02-27 15:30:00,2889.46,2889.84,2881.13,2887.06,497.0
2025-02-27 15:35:00,2887.26,2887.26,2883.8,2886.48,537.0
2025-02-27 15:40:00,2886.59,2887.88,2883.96,2886.42,491.0
2025-02-27 15:45:00,2886.39,2888.6,2881.55,2886.36,552.0
2025-02-27 15:50:00,2886.46,2890.8,2885.75,2890.54,485.0
2025-02-27 15:55:00,2890.33,2891.33,2886.57,2888.97,485.0
2025-02-27 16:00:00,2888.71,2891.57,2887.21,2890.14,477.0
2025-02-27 16:05:00,2889.62,2889.74,2885.45,2888.17,517.0
2025-02-27 16:10:00,2888.36,2890.04,2886.54,2889.6,470.0
2025-02-27 16:15:00,2889.68,2891.37,2889.59,2891.0,414.0
2025-02-27 16:20:00,2891.05,2892.31,2890.08,2890.44,416.0
2025-02-27 16:25:00,2890.43,2891.51,2888.93,2889.33,466.0
2025-02-27 16:30:00,2889.24,2891.0,2887.16,2887.17,533.0
2025-02-27 16:35:00,2887.08,2888.81,2882.84,2884.57,526.0
2025-02-27 16:40:00,2884.6,2884.8,2880.32,2881.81,548.0
2025-02-27 16:45:00,2881.66,2882.33,2867.86,2871.9,575.0
2025-02-27 16:50:00,2872.09,2872.92,2867.79,2871.92,564.0
2025-02-27 16:55:00,2871.94,2874.2,2870.87,2872.19,519.0
2025-02-27 17:00:00,2872.63,2882.0,2870.37,2880.27,573.0
2025-02-27 17:05:00,2880.09,2882.46,2874.74,2874.86,552.0
2025-02-27 17:10:00,2874.72,2878.38,2873.3,2874.13,537.0
2025-02-27 17:15:00,2873.94,2876.16,2870.98,2872.07,514.0
2025-02-27 17:20:00,2872.09,2879.28,2871.53,2877.67,541.0
2025-02-27 17:25:00,2877.25,2878.49,2875.56,2875.73,488.0
2025-02-27 17:30:00,2875.68,2877.83,2874.88,2876.12,463.0
2025-02-27 17:35:00,2875.85,2877.92,2875.22,2876.96,488.0
2025-02-27 17:40:00,2876.83,2876.84,2875.36,2875.77,454.0
2025-02-27 17:45:00,2875.78,2877.55,2874.23,2874.26,413.0
2025-02-27 17:50:00,2874.12,2875.38,2871.33,2872.03,487.0
2025-02-27 17:55:00,2872.01,2874.17,2871.93,2872.26,462.0
2025-02-27 18:00:00,2872.34,2876.09,2871.85,2875.52,481.0
2025-02-27 18:05:00,2875.5,2875.97,2873.4,2875.97,445.0
2025-02-27 18:10:00,2876.13,2877.11,2874.85,2875.04,405.0
2025-02-27 18:15:00,2875.02,2876.36,2874.6,2875.9,376.0
2025-02-27 18:20:00,2876.08,2877.16,2874.67,2875.32,420.0
2025-02-27 18:25:00,2875.33,2875.33,2872.78,2873.94,443.0
2025-02-27 18:30:00,2874.11,2875.66,2872.87,2873.07,422.0
2025-02-27 18:35:00,2873.02,2874.16,2872.0,2873.53,426.0
2025-02-27 18:40:00,2873.51,2876.59,2873.51,2876.22,423.0
2025-02-27 18:45:00,2876.32,2876.66,2875.6,2876.33,403.0
2025-02-27 18:50:00,2876.42,2878.17,2876.42,2876.85,437.0
2025-02-27 18:55:00,2876.82,2877.94,2876.26,2877.37,403.0
2025-02-27 19:00:00,2877.82,2878.7,2877.07,2878.66,452.0
2025-02-27 19:05:00,2878.78,2878.86,2877.08,2877.57,438.0
2025-02-27 19:10:00,2877.52,2877.56,2876.18,2877.2,344.0
2025-02-27 19:15:00,2877.2,2878.05,2876.16,2877.81,367.0
2025-02-27 19:20:00,2877.84,2878.92,2877.09,2878.54,384.0
2025-02-27 19:25:00,2878.62,2881.25,2878.52,2880.94,399.0
2025-02-27 19:30:00,2880.94,2881.57,2879.7,2879.72,377.0
2025-02-27 19:35:00,2879.71,2879.9,2877.9,2879.55,445.0
2025-02-27 19:40:00,2879.42,2880.36,2878.6,2879.01,416.0
2025-02-27 19:45:00,2879.03,2880.99,2879.03,2880.68,379.0
2025-02-27 19:50:00,2880.7,2883.42,2880.59,2883.13,356.0
2025-02-27 19:55:00,2883.2,2883.78,2882.58,2883.23,421.0
2025-02-27 20:00:00,2883.22,2885.88,2883.21,2884.42,406.0
2025-02-27 20:05:00,2884.42,2886.15,2884.21,2885.73,394.0
2025-02-27 20:10:00,2885.73,2887.01,2884.77,2886.04,361.0
2025-02-27 20:15:00,2885.94,2886.67,2884.76,2885.11,365.0
2025-02-27 20:20:00,2885.07,2886.72,2884.81,2885.52,390.0
2025-02-27 20:25:00,2885.52,2886.39,2883.79,2883.79,399.0
2025-02-27 20:30:00,2883.96,2884.4,2882.82,2884.33,348.0
2025-02-27 20:35:00,2884.33,2885.88,2884.11,2885.07,212.0
2025-02-27 20:40:00,2885.06,2886.08,2884.72,2884.91,229.0
2025-02-27 20:45:00,2885.15,2885.91,2884.59,2885.29,268.0
2025-02-27 20:50:00,2885.32,2885.49,2884.57,2885.07,156.0
2025-02-27 20:55:00,2885.16,2887.43,2885.07,2887.42,246.0
2025-02-27 21:00:00,2887.5,2887.73,2886.52,2886.52,276.0
2025-02-27 21:05:00,2886.53,2887.23,2885.99,2886.19,236.0
2025-02-27 21:10:00,2886.21,2886.89,2886.07,2886.09,206.0
2025-02-27 21:15:00,2885.97,2886.37,2885.37,2886.37,243.0
2025-02-27 21:20:00,2886.38,2886.54,2884.7,2884.94,279.0
2025-02-27 21:25:00,2884.95,2884.95,2882.9,2883.24,348.0
2025-02-27 21:30:00,2883.23,2883.29,2877.56,2878.1,401.0
2025-02-27 21:35:00,2878.32,2881.05,2878.22,2879.81,451.0
2025-02-27 21:40:00,2879.82,2880.48,2877.49,2880.22,418.0
2025-02-27 21:45:00,2880.19,2880.53,2877.25,2878.86,397.0
2025-02-27 21:50:00,2878.88,2880.11,2878.59,2879.16,394.0
2025-02-27 21:55:00,2879.2,2879.73,2878.2,2879.17,389.0
2025-02-27 22:00:00,2879.29,2879.3,2877.23,2878.49,413.0
2025-02-27 22:05:00,2878.48,2878.99,2876.63,2877.02,412.0
2025-02-27 22:10:00,2877.0,2877.08,2874.6,2874.77,393.0
2025-02-27 22:15:00,2874.78,2875.97,2874.4,2875.01,370.0
2025-02-27 22:20:00,2874.98,2876.02,2873.39,2875.87,419.0
2025-02-27 22:25:00,2875.85,2876.24,2873.38,2873.94,374.0
2025-02-27 22:30:00,2873.87,2875.29,2873.35,2874.46,434.0
2025-02-27 22:35:00,2874.52,2877.18,2874.47,2876.28,408.0
2025-02-27 22:40:00,2876.14,2876.38,2874.73,2875.78,403.0
2025-02-27 22:45:00,2875.87,2876.2,2874.47,2874.89,440.0
2025-02-27 22:50:00,2874.33,2875.4,2873.61,2874.49,419.0
2025-02-27 22:55:00,2874.37,2874.6,2872.78,2873.97,499.0
2025-02-27 23:00:00,2873.91,2873.95,2871.3,2872.49,282.0
2025-02-27 23:05:00,2872.39,2875.23,2871.86,2875.21,238.0
2025-02-27 23:10:00,2875.2,2876.28,2875.02,2875.02,164.0
2025-02-27 23:15:00,2874.95,2875.1,2874.2,2874.44,131.0
2025-02-27 23:20:00,2874.44,2874.87,2873.57,2874.54,134.0
2025-02-27 23:25:00,2874.53,2876.52,2874.53,2876.13,156.0
2025-02-27 23:30:00,2876.07,2877.24,2876.02,2877.0,148.0
2025-02-27 23:35:00,2877.0,2877.88,2876.86,2877.17,139.0
2025-02-27 23:40:00,2877.2,2877.62,2877.01,2877.12,82.0
2025-02-27 23:45:00,2877.12,2877.47,2876.23,2877.17,89.0
2025-02-27 23:50:00,2877.17,2877.25,2876.57,2876.87,97.0
2025-02-27 23:55:00,2877.32,2877.68,2877.06,2877.12,85.0
2025-02-28 01:00:00,2877.11,2877.58,2875.67,2876.39,247.0
2025-02-28 01:05:00,2876.69,2877.27,2876.45,2876.87,101.0
2025-02-28 01:10:00,2876.87,2877.77,2876.53,2877.73,68.0
2025-02-28 01:15:00,2877.77,2878.43,2875.91,2877.68,106.0
2025-02-28 01:20:00,2877.64,2877.68,2874.99,2875.44,112.0
2025-02-28 01:25:00,2875.6,2876.11,2874.58,2875.04,95.0
2025-02-28 01:30:00,2875.24,2876.34,2874.56,2876.1,96.0
2025-02-28 01:35:00,2876.1,2876.13,2875.58,2875.99,123.0
2025-02-28 01:40:00,2876.06,2876.32,2875.95,2876.0,108.0
2025-02-28 01:45:00,2876.05,2876.6,2875.3,2875.86,97.0
2025-02-28 01:50:00,2875.83,2876.91,2875.73,2876.89,94.0
2025-02-28 01:55:00,2876.9,2876.9,2875.89,2876.06,129.0
2025-02-28 02:00:00,2876.04,2876.04,2875.34,2875.66,166.0
2025-02-28 02:05:00,2875.75,2875.9,2875.34,2875.4,148.0
2025-02-28 02:10:00,2875.37,2875.56,2875.08,2875.47,131.0
2025-02-28 02:15:00,2875.46,2876.66,2875.36,2876.56,177.0
2025-02-28 02:20:00,2876.56,2878.4,2876.56,2878.07,210.0
2025-02-28 02:25:00,2878.03,2879.75,2877.76,2879.27,259.0
2025-02-28 02:30:00,2879.31,2879.95,2878.15,2878.52,238.0
2025-02-28 02:35:00,2878.51,2879.76,2878.32,2879.76,201.0
2025-02-28 02:40:00,2879.75,2880.28,2878.45,2878.48,212.0
2025-02-28 02:45:00,2878.46,2878.46,2877.14,2877.27,206.0
2025-02-28 02:50:00,2877.27,2877.59,2876.91,2877.29,250.0
2025-02-28 02:55:00,2877.26,2878.24,2876.99,2877.05,350.0
2025-02-28 03:00:00,2877.11,2879.09,2877.08,2878.57,429.0
2025-02-28 03:05:00,2878.54,2883.75,2878.54,2883.63,446.0
2025-02-28 03:10:00,2883.62,2885.05,2878.51,2878.64,425.0
2025-02-28 03:15:00,2878.63,2880.22,2878.15,2879.17,403.0
2025-02-28 03:20:00,2879.16,2880.4,2878.76,2879.6,370.0
2025-02-28 03:25:00,2879.57,2881.31,2879.04,2880.83,413.0
2025-02-28 03:30:00,2880.82,2882.14,2879.13,2879.7,526.0
2025-02-28 03:35:00,2879.79,2880.29,2878.48,2880.1,468.0
2025-02-28 03:40:00,2880.14,2881.84,2879.27,2879.39,464.0
2025-02-28 03:45:00,2879.34,2880.93,2879.3,2880.4,423.0
2025-02-28 03:50:00,2880.38,2880.58,2874.66,2875.19,486.0
2025-02-28 03:55:00,2875.18,2875.77,2873.91,2874.82,495.0
2025-02-28 04:00:00,2874.68,2874.89,2870.82,2870.92,523.0
2025-02-28 04:05:00,2870.79,2875.77,2870.44,2874.4,496.0
2025-02-28 04:10:00,2874.4,2874.66,2872.15,2874.5,477.0
2025-02-28 04:15:00,2874.49,2875.1,2873.42,2874.64,400.0
2025-02-28 04:20:00,2874.61,2877.52,2874.47,2877.42,425.0
2025-02-28 04:25:00,2877.42,2877.88,2875.04,2875.13,453.0
2025-02-28 04:30:00,2875.15,2876.77,2874.45,2875.31,410.0
2025-02-28 04:35:00,2875.31,2875.56,2873.89,2874.41,413.0
2025-02-28 04:40:00,2874.35,2875.71,2873.87,2875.02,414.0
2025-02-28 04:45:00,2875.04,2876.31,2874.57,2875.78,410.0
2025-02-28 04:50:00,2875.68,2875.85,2874.02,2874.03,340.0
2025-02-28 04:55:00,2873.41,2874.65,2872.69,2873.36,383.0
2025-02-28 05:00:00,2873.39,2874.16,2872.98,2873.11,347.0
2025-02-28 05:05:00,2873.1,2876.26,2872.98,2873.94,394.0
2025-02-28 05:10:00,2874.01,2875.49,2873.77,2873.9,353.0
2025-02-28 05:15:00,2873.92,2874.04,2871.3,2871.58,425.0
2025-02-28 05:20:00,2871.56,2871.97,2867.98,2869.1,471.0
2025-02-28 05:25:00,2869.02,2869.85,2868.21,2868.45,418.0
2025-02-28 05:30:00,2868.52,2869.67,2867.94,2868.66,362.0
2025-02-28 05:35:00,2868.66,2869.65,2867.7,2868.14,398.0
2025-02-28 05:40:00,2868.03,2868.63,2863.74,2863.78,420.0
2025-02-28 05:45:00,2863.88,2866.16,2863.87,2865.9,410.0
2025-02-28 05:50:00,2866.07,2866.76,2865.05,2866.32,338.0
2025-02-28 05:55:00,2866.38,2866.92,2865.59,2865.75,228.0
2025-02-28 06:00:00,2865.71,2866.06,2860.94,2862.54,389.0
2025-02-28 06:05:00,2862.56,2863.19,2860.04,2860.16,386.0
2025-02-28 06:10:00,2860.08,2865.28,2859.21,2863.65,432.0
2025-02-28 06:15:00,2863.66,2863.66,2858.02,2859.35,468.0
2025-02-28 06:20:00,2859.35,2861.07,2856.98,2860.22,423.0
2025-02-28 06:25:00,2860.24,2860.42,2858.94,2859.72,307.0
2025-02-28 06:30:00,2859.76,2860.21,2859.09,2859.66,261.0
2025-02-28 06:35:00,2859.67,2860.53,2858.53,2860.41,286.0
2025-02-28 06:40:00,2860.41,2863.55,2860.24,2862.98,402.0
2025-02-28 06:45:00,2862.99,2864.75,2862.77,2864.66,367.0
2025-02-28 06:50:00,2864.69,2864.96,2863.43,2864.81,330.0
2025-02-28 06:55:00,2864.72,2865.06,2863.54,2863.54,331.0
2025-02-28 07:00:00,2863.36,2864.16,2862.79,2862.81,368.0
2025-02-28 07:05:00,2862.96,2863.97,2862.4,2863.79,325.0
2025-02-28 07:10:00,2863.81,2864.85,2862.62,2864.01,297.0
2025-02-28 07:15:00,2863.98,2866.0,2863.4,2864.7,435.0
2025-02-28 07:20:00,2864.72,2864.77,2863.98,2864.33,236.0
2025-02-28 07:25:00,2864.3,2864.42,2863.26,2863.26,219.0
2025-02-28 07:30:00,2863.29,2864.42,2862.15,2863.53,432.0
2025-02-28 07:35:00,2863.78,2864.16,2862.0,2862.03,367.0
2025-02-28 07:40:00,2862.04,2864.4,2861.83,2864.25,394.0
2025-02-28 07:45:00,2864.26,2864.39,2862.98,2864.11,397.0
2025-02-28 07:50:00,2864.13,2867.0,2863.63,2866.09,443.0
2025-02-28 07:55:00,2866.08,2866.25,2863.89,2864.01,370.0
2025-02-28 08:00:00,2864.24,2864.63,2863.53,2863.73,389.0
2025-02-28 08:05:00,2863.66,2863.66,2862.37,2862.92,404.0
2025-02-28 08:10:00,2862.92,2863.43,2861.94,2863.18,388.0
2025-02-28 08:15:00,2863.17,2865.19,2863.15,2864.26,399.0
2025-02-28 08:20:00,2864.3,2865.8,2864.03,2865.05,395.0
2025-02-28 08:25:00,2865.04,2866.66,2864.49,2865.68,435.0
2025-02-28 08:30:00,2865.51,2865.65,2863.55,2864.84,473.0
2025-02-28 08:35:00,2864.86,2864.96,2863.41,2864.2,464.0
2025-02-28 08:40:00,2864.19,2864.84,2864.06,2864.15,342.0
2025-02-28 08:45:00,2864.19,2864.99,2863.29,2864.58,376.0
2025-02-28 08:50:00,2864.24,2864.71,2863.67,2863.87,378.0
2025-02-28 08:55:00,2863.87,2864.27,2863.42,2863.58,349.0
2025-02-28 09:00:00,2863.57,2865.11,2863.28,2865.04,310.0
2025-02-28 09:05:00,2865.05,2865.16,2862.71,2864.35,381.0
2025-02-28 09:10:00,2864.32,2864.8,2862.89,2862.92,309.0
2025-02-28 09:15:00,2862.84,2863.13,2861.39,2861.77,407.0
2025-02-28 09:20:00,2861.73,2861.93,2858.59,2858.72,467.0
2025-02-28 09:25:00,2858.81,2859.12,2857.23,2859.12,292.0
2025-02-28 09:30:00,2859.12,2861.35,2858.76,2859.23,314.0
2025-02-28 09:35:00,2859.22,2860.36,2858.76,2860.01,316.0
2025-02-28 09:40:00,2860.01,2861.14,2859.16,2859.64,416.0
2025-02-28 09:45:00,2859.61,2860.27,2858.14,2860.12,433.0
2025-02-28 09:50:00,2860.13,2860.95,2858.8,2859.94,401.0
2025-02-28 09:55:00,2859.94,2861.03,2858.6,2858.68,313.0
2025-02-28 10:00:00,2858.63,2859.08,2856.88,2857.89,439.0
2025-02-28 10:05:00,2857.87,2860.33,2857.84,2859.12,425.0
2025-02-28 10:10:00,2859.21,2859.35,2857.16,2857.19,414.0
2025-02-28 10:15:00,2857.23,2857.31,2853.95,2854.51,448.0
2025-02-28 10:20:00,2854.5,2855.24,2853.62,2855.02,336.0
2025-02-28 10:25:00,2855.02,2855.92,2854.33,2855.39,353.0
2025-02-28 10:30:00,2855.39,2856.07,2854.95,2855.65,347.0
2025-02-28 10:35:00,2855.66,2857.19,2855.29,2855.69,375.0
2025-02-28 10:40:00,2855.67,2855.77,2852.2,2852.23,382.0
2025-02-28 10:45:00,2852.22,2855.03,2851.05,2852.01,444.0
2025-02-28 10:50:00,2852.07,2855.81,2851.96,2855.8,340.0
2025-02-28 10:55:00,2855.69,2857.22,2854.77,2855.93,311.0
2025-02-28 11:00:00,2855.95,2858.11,2855.87,2857.74,425.0
2025-02-28 11:05:00,2857.72,2861.12,2857.6,2860.53,442.0
2025-02-28 11:10:00,2860.54,2861.12,2858.96,2860.25,362.0
2025-02-28 11:15:00,2860.27,2862.52,2860.2,2861.89,382.0
2025-02-28 11:20:00,2861.88,2863.49,2861.13,2862.64,405.0
2025-02-28 11:25:00,2862.63,2864.24,2862.32,2862.42,367.0
2025-02-28 11:30:00,2862.37,2863.9,2861.11,2862.58,458.0
2025-02-28 11:35:00,2862.51,2863.57,2861.74,2861.77,372.0
2025-02-28 11:40:00,2861.6,2861.93,2860.45,2861.25,362.0
2025-02-28 11:45:00,2861.03,2861.51,2859.68,2861.42,325.0
2025-02-28 11:50:00,2861.41,2863.22,2861.27,2861.81,336.0
2025-02-28 11:55:00,2861.8,2863.05,2861.47,2862.4,315.0
2025-02-28 12:00:00,2862.38,2862.38,2860.93,2861.85,304.0
2025-02-28 12:05:00,2861.84,2864.41,2861.84,2863.07,329.0
2025-02-28 12:10:00,2863.06,2863.23,2862.01,2862.34,293.0
2025-02-28 12:15:00,2862.34,2863.08,2861.6,2862.15,294.0
2025-02-28 12:20:00,2862.07,2862.49,2861.2,2862.14,217.0
2025-02-28 12:25:00,2862.15,2862.28,2860.92,2861.31,306.0
2025-02-28 12:30:00,2861.9,2862.73,2860.7,2862.6,361.0
2025-02-28 12:35:00,2862.7,2863.79,2862.14,2863.75,297.0
2025-02-28 12:40:00,2863.77,2864.1,2863.46,2864.04,207.0
2025-02-28 12:45:00,2864.06,2864.92,2863.77,2864.24,279.0
2025-02-28 12:50:00,2864.24,2864.31,2863.0,2863.53,263.0
2025-02-28 12:55:00,2863.5,2863.99,2862.06,2862.78,298.0
2025-02-28 13:00:00,2862.77,2863.54,2862.76,2862.8,263.0
2025-02-28 13:05:00,2862.82,2863.67,2862.42,2862.42,297.0
2025-02-28 13:10:00,2862.44,2863.04,2861.44,2862.72,335.0
2025-02-28 13:15:00,2862.72,2862.94,2860.11,2860.11,268.0
2025-02-28 13:20:00,2860.03,2862.72,2859.08,2862.38,404.0
2025-02-28 13:25:00,2862.42,2862.69,2861.47,2861.47,326.0
2025-02-28 13:30:00,2861.45,2862.05,2860.84,2861.41,231.0
2025-02-28 13:35:00,2861.38,2861.84,2860.43,2861.25,274.0
2025-02-28 13:40:00,2861.25,2862.14,2861.25,2861.55,204.0
2025-02-28 13:45:00,2861.57,2861.97,2860.33,2860.75,239.0
2025-02-28 13:50:00,2860.73,2860.99,2859.86,2860.97,329.0
2025-02-28 13:55:00,2861.01,2862.9,2860.81,2862.19,372.0
2025-02-28 14:00:00,2862.27,2864.9,2862.07,2864.4,437.0
2025-02-28 14:05:00,2864.33,2864.93,2863.56,2864.54,377.0
2025-02-28 14:10:00,2864.54,2864.56,2861.27,2862.72,404.0
2025-02-28 14:15:00,2862.71,2863.58,2862.59,2863.22,290.0
2025-02-28 14:20:00,2863.24,2864.16,2862.31,2862.48,269.0
2025-02-28 14:25:00,2862.66,2863.85,2862.37,2862.9,338.0
2025-02-28 14:30:00,2862.89,2862.99,2860.31,2860.84,379.0
2025-02-28 14:35:00,2860.88,2860.88,2858.14,2858.74,433.0
2025-02-28 14:40:00,2858.82,2859.83,2856.25,2856.36,439.0
2025-02-28 14:45:00,2856.36,2858.05,2856.33,2857.57,365.0
2025-02-28 14:50:00,2857.56,2857.94,2854.38,2855.06,358.0
2025-02-28 14:55:00,2855.1,2856.52,2854.75,2856.17,334.0
2025-02-28 15:00:00,2856.25,2859.88,2856.25,2857.62,479.0
2025-02-28 15:05:00,2857.65,2860.41,2857.13,2859.52,474.0
2025-02-28 15:10:00,2859.54,2861.25,2857.99,2861.25,460.0
2025-02-28 15:15:00,2861.18,2862.32,2859.35,2860.04,444.0
2025-02-28 15:20:00,2859.66,2860.14,2855.99,2856.86,473.0
2025-02-28 15:25:00,2857.0,2857.59,2854.11,2857.08,457.0
2025-02-28 15:30:00,2857.3,2858.8,2852.61,2856.16,470.0
2025-02-28 15:35:00,2856.23,2858.26,2854.45,2855.62,532.0
2025-02-28 15:40:00,2855.67,2857.68,2854.07,2856.02,497.0
2025-02-28 15:45:00,2856.01,2856.63,2853.5,2853.91,450.0
2025-02-28 15:50:00,2854.01,2854.46,2851.56,2851.72,454.0
2025-02-28 15:55:00,2851.71,2853.28,2848.31,2848.58,492.0
2025-02-28 16:00:00,2848.68,2850.03,2845.43,2845.77,507.0
2025-02-28 16:05:00,2845.75,2846.67,2842.2,2845.14,523.0
2025-02-28 16:10:00,2846.24,2848.24,2845.42,2846.41,519.0
2025-02-28 16:15:00,2846.45,2851.17,2845.85,2850.04,506.0
2025-02-28 16:20:00,2850.03,2851.61,2848.24,2848.82,479.0
2025-02-28 16:25:00,2848.77,2848.86,2845.76,2846.78,477.0
2025-02-28 16:30:00,2846.72,2847.1,2843.21,2844.07,556.0
2025-02-28 16:35:00,2844.07,2845.66,2841.82,2842.94,561.0
2025-02-28 16:40:00,2842.59,2842.99,2837.69,2838.86,530.0
2025-02-28 16:45:00,2838.56,2840.78,2836.29,2837.51,555.0
2025-02-28 16:50:00,2837.16,2838.99,2835.74,2835.75,548.0
2025-02-28 16:55:00,2835.67,2836.81,2833.36,2833.79,541.0
2025-02-28 17:00:00,2833.45,2836.73,2832.57,2835.39,553.0
2025-02-28 17:05:00,2835.48,2838.52,2833.87,2837.84,565.0
2025-02-28 17:10:00,2837.89,2842.47,2837.42,2839.04,559.0
2025-02-28 17:15:00,2839.11,2840.64,2838.34,2839.83,532.0
2025-02-28 17:20:00,2839.44,2841.42,2839.05,2839.82,503.0
2025-02-28 17:25:00,2839.84,2842.63,2839.4,2842.22,514.0
2025-02-28 17:30:00,2842.01,2845.16,2841.31,2844.2,529.0
2025-02-28 17:35:00,2844.2,2844.22,2839.28,2840.47,517.0
2025-02-28 17:40:00,2840.42,2842.4,2839.76,2841.68,444.0
2025-02-28 17:45:00,2841.66,2845.21,2840.21,2845.21,489.0
2025-02-28 17:50:00,2845.25,2850.21,2845.05,2848.99,530.0
2025-02-28 17:55:00,2848.99,2850.67,2848.43,2850.16,507.0
2025-02-28 18:00:00,2850.62,2851.59,2848.89,2851.54,495.0
2025-02-28 18:05:00,2851.29,2853.94,2851.29,2852.46,518.0
2025-02-28 18:10:00,2852.71,2853.87,2851.07,2851.76,467.0
2025-02-28 18:15:00,2851.84,2851.84,2848.89,2849.32,457.0
2025-02-28 18:20:00,2849.29,2850.78,2848.94,2849.48,391.0
2025-02-28 18:25:00,2849.49,2850.05,2847.67,2848.42,425.0
2025-02-28 18:30:00,2848.5,2849.64,2847.74,2848.71,437.0
2025-02-28 18:35:00,2848.73,2851.61,2848.49,2850.87,458.0
2025-02-28 18:40:00,2850.83,2851.18,2847.76,2847.94,416.0
2025-02-28 18:45:00,2847.93,2849.68,2846.42,2848.48,419.0
2025-02-28 18:50:00,2848.39,2849.64,2846.65,2849.18,409.0
2025-02-28 18:55:00,2849.2,2850.66,2848.15,2848.66,383.0
2025-02-28 19:00:00,2848.62,2851.04,2848.18,2850.85,411.0
2025-02-28 19:05:00,2850.48,2851.46,2848.42,2848.85,396.0
2025-02-28 19:10:00,2848.81,2849.52,2847.61,2848.38,344.0
2025-02-28 19:15:00,2848.37,2848.7,2847.13,2847.64,323.0
2025-02-28 19:20:00,2847.63,2847.63,2846.43,2846.66,313.0
2025-02-28 19:25:00,2846.65,2847.75,2845.95,2846.77,410.0
2025-02-28 19:30:00,2846.66,2847.23,2844.81,2845.78,401.0
2025-02-28 19:35:00,2845.8,2847.04,2845.26,2846.5,366.0
2025-02-28 19:40:00,2846.52,2846.69,2845.15,2845.22,374.0
2025-02-28 19:45:00,2845.11,2846.55,2844.56,2844.88,403.0
2025-02-28 19:50:00,2844.87,2845.86,2844.69,2844.97,386.0
2025-02-28 19:55:00,2844.9,2845.86,2844.5,2845.09,396.0
2025-02-28 20:00:00,2845.03,2846.13,2843.62,2843.9,416.0
2025-02-28 20:05:00,2843.83,2844.8,2843.19,2843.19,369.0
2025-02-28 20:10:00,2843.09,2843.83,2842.15,2843.08,367.0
2025-02-28 20:15:00,2843.36,2846.85,2841.2,2845.61,494.0
2025-02-28 20:20:00,2845.47,2846.77,2842.87,2843.49,456.0
2025-02-28 20:25:00,2843.46,2844.45,2838.02,2839.39,538.0
2025-02-28 20:30:00,2839.7,2843.17,2839.47,2843.17,420.0
2025-02-28 20:35:00,2843.17,2846.15,2843.03,2845.48,391.0
2025-02-28 20:40:00,2845.48,2846.85,2845.46,2846.13,396.0
2025-02-28 20:45:00,2846.08,2847.66,2845.34,2847.65,393.0
2025-02-28 20:50:00,2847.7,2847.71,2845.75,2846.8,379.0
2025-02-28 20:55:00,2846.85,2846.85,2845.07,2845.3,388.0
2025-02-28 21:00:00,2845.4,2846.27,2844.84,2844.95,393.0
2025-02-28 21:05:00,2844.94,2846.98,2844.9,2846.09,383.0
2025-02-28 21:10:00,2846.0,2847.35,2845.4,2847.18,318.0
2025-02-28 21:15:00,2847.07,2848.28,2844.86,2845.79,358.0
2025-02-28 21:20:00,2845.79,2845.79,2844.24,2845.37,378.0
2025-02-28 21:25:00,2845.57,2846.0,2845.07,2845.51,296.0
2025-02-28 21:30:00,2845.48,2846.06,2845.07,2845.57,267.0
2025-02-28 21:35:00,2845.56,2849.11,2845.41,2848.65,361.0
2025-02-28 21:40:00,2848.57,2848.9,2847.62,2848.02,314.0
2025-02-28 21:45:00,2847.92,2848.73,2847.59,2848.47,320.0
2025-02-28 21:50:00,2848.54,2850.9,2848.4,2850.56,320.0
2025-02-28 21:55:00,2850.57,2850.95,2849.0,2849.68,419.0
2025-02-28 22:00:00,2849.48,2850.99,2849.23,2850.95,388.0
2025-02-28 22:05:00,2850.96,2852.27,2850.92,2852.25,375.0
2025-02-28 22:10:00,2852.37,2854.15,2851.82,2853.53,383.0
2025-02-28 22:15:00,2853.54,2853.77,2852.28,2852.5,323.0
2025-02-28 22:20:00,2852.42,2852.42,2850.45,2851.07,366.0
2025-02-28 22:25:00,2851.08,2851.31,2850.28,2850.5,348.0
2025-02-28 22:30:00,2850.5,2851.38,2848.71,2848.74,350.0
2025-02-28 22:35:00,2848.71,2849.52,2847.81,2849.01,403.0
2025-02-28 22:40:00,2849.0,2850.09,2848.93,2850.05,329.0
2025-02-28 22:45:00,2850.11,2852.0,2849.38,2851.86,389.0
2025-02-28 22:50:00,2852.08,2853.44,2852.08,2853.27,410.0
2025-02-28 22:55:00,2853.35,2854.99,2852.35,2854.83,471.0
2025-02-28 23:00:00,2854.88,2855.4,2854.43,2854.48,318.0
2025-02-28 23:05:00,2854.53,2854.83,2853.37,2854.28,195.0
2025-02-28 23:10:00,2854.27,2855.13,2854.24,2854.87,170.0
2025-02-28 23:15:00,2854.87,2857.89,2854.85,2857.75,214.0
2025-02-28 23:20:00,2857.67,2858.01,2856.88,2857.31,150.0
2025-02-28 23:25:00,2857.28,2857.43,2856.36,2856.95,154.0
2025-02-28 23:30:00,2856.91,2857.58,2856.73,2857.49,98.0
2025-02-28 23:35:00,2857.49,2858.43,2857.28,2858.26,102.0
2025-02-28 23:40:00,2858.3,2858.39,2857.48,2857.78,102.0
2025-02-28 23:45:00,2857.89,2859.01,2857.42,2858.68,138.0
2025-02-28 23:50:00,2858.52,2859.28,2858.37,2859.13,160.0
2025-02-28 23:55:00,2859.03,2859.28,2858.98,2859.06,87.0
