time,open,high,low,close,volume
2026-03-02 01:00:00,5363.14,5364.81,5302.81,5357.39,2290.0
2026-03-02 01:05:00,5357.39,5379.37,5326.96,5350.7,2564.0
2026-03-02 01:10:00,5350.7,5357.81,5341.6,5347.82,3520.0
2026-03-02 01:15:00,5347.8,5358.65,5343.87,5347.6,3421.0
2026-03-02 01:20:00,5347.6,5356.26,5344.07,5350.66,3324.0
2026-03-02 01:25:00,5350.66,5357.2,5349.72,5354.92,2930.0
2026-03-02 01:30:00,5354.92,5370.27,5352.95,5366.9,2520.0
2026-03-02 01:35:00,5366.89,5380.46,5363.29,5376.91,2525.0
2026-03-02 01:40:00,5376.91,5393.5,5374.67,5382.37,4313.0
2026-03-02 01:45:00,5382.36,5387.64,5373.96,5387.43,3755.0
2026-03-02 01:50:00,5387.38,5390.99,5380.67,5388.87,2385.0
2026-03-02 01:55:00,5388.87,5390.33,5377.33,5387.07,2967.0
2026-03-02 02:00:00,5387.07,5388.28,5367.11,5376.52,3863.0
2026-03-02 02:05:00,5376.52,5379.74,5364.13,5367.76,3675.0
2026-03-02 02:10:00,5367.76,5378.04,5367.33,5376.0,3433.0
2026-03-02 02:15:00,5376.0,5376.12,5359.08,5359.99,3251.0
2026-03-02 02:20:00,5359.93,5365.75,5348.98,5363.19,3740.0
2026-03-02 02:25:00,5363.2,5366.54,5353.02,5364.57,3026.0
2026-03-02 02:30:00,5364.61,5373.49,5359.28,5368.65,3349.0
2026-03-02 02:35:00,5368.63,5373.39,5365.29,5372.16,2238.0
2026-03-02 02:40:00,5372.16,5372.5,5362.26,5365.22,2379.0
2026-03-02 02:45:00,5365.22,5366.49,5361.38,5364.98,2218.0
2026-03-02 02:50:00,5364.98,5365.53,5342.48,5345.49,3326.0
2026-03-02 02:55:00,5345.49,5355.23,5340.88,5347.45,2535.0
2026-03-02 03:00:00,5347.34,5347.58,5316.01,5329.39,5625.0
2026-03-02 03:05:00,5329.39,5335.86,5318.11,5327.37,4677.0
2026-03-02 03:10:00,5327.43,5343.42,5325.7,5340.38,4217.0
2026-03-02 03:15:00,5340.36,5346.23,5331.8,5332.6,4145.0
2026-03-02 03:20:00,5332.6,5336.82,5319.31,5323.26,4385.0
2026-03-02 03:25:00,5323.26,5330.75,5303.15,5307.66,3864.0
2026-03-02 03:30:00,5307.67,5327.79,5305.8,5325.98,4548.0
2026-03-02 03:35:00,5326.01,5334.83,5322.94,5334.45,3960.0
2026-03-02 03:40:00,5334.45,5339.11,5328.05,5333.51,3678.0
2026-03-02 03:45:00,5333.51,5338.16,5327.13,5331.01,3581.0
2026-03-02 03:50:00,5331.0,5337.26,5326.01,5337.25,2832.0
2026-03-02 03:55:00,5337.25,5337.63,5322.11,5325.04,3701.0
2026-03-02 04:00:00,5325.04,5331.78,5319.75,5323.3,3284.0
2026-03-02 04:05:00,5323.3,5329.03,5316.79,5327.63,3550.0
2026-03-02 04:10:00,5327.63,5335.54,5323.14,5328.16,2699.0
2026-03-02 04:15:00,5328.43,5334.28,5326.28,5327.54,2244.0
2026-03-02 04:20:00,5327.54,5336.25,5326.49,5332.86,2455.0
2026-03-02 04:25:00,5332.86,5333.26,5326.33,5331.26,1626.0
2026-03-02 04:30:00,5331.26,5334.7,5328.09,5334.61,2408.0
2026-03-02 04:35:00,5334.61,5342.96,5332.37,5338.94,2309.0
2026-03-02 04:40:00,5338.94,5351.67,5338.08,5351.01,2761.0
2026-03-02 04:45:00,5350.55,5351.83,5343.2,5346.11,2748.0
2026-03-02 04:50:00,5346.11,5347.8,5340.86,5344.85,1875.0
2026-03-02 04:55:00,5344.84,5349.01,5342.93,5346.5,1793.0
2026-03-02 05:00:00,5346.5,5355.17,5344.33,5353.04,2552.0
2026-03-02 05:05:00,5353.05,5355.99,5351.18,5352.05,2410.0
2026-03-02 05:10:00,5352.06,5357.53,5349.8,5355.15,2362.0
2026-03-02 05:15:00,5355.15,5359.05,5349.69,5358.82,1868.0
2026-03-02 05:20:00,5358.84,5359.54,5354.52,5357.09,1794.0
2026-03-02 05:25:00,5356.97,5358.95,5354.33,5355.63,2288.0
2026-03-02 05:30:00,5355.63,5360.39,5353.61,5358.67,1803.0
2026-03-02 05:35:00,5358.67,5365.0,5357.4,5363.89,1539.0
2026-03-02 05:40:00,5363.92,5364.41,5358.91,5362.06,1553.0
2026-03-02 05:45:00,5362.16,5364.37,5359.76,5362.53,1292.0
2026-03-02 05:50:00,5362.57,5364.11,5360.63,5363.41,1046.0
2026-03-02 05:55:00,5363.39,5366.91,5362.23,5366.49,1343.0
2026-03-02 06:00:00,5366.49,5367.23,5360.1,5360.17,1480.0
2026-03-02 06:05:00,5360.17,5363.79,5355.61,5357.13,1779.0
2026-03-02 06:10:00,5357.13,5362.31,5355.84,5356.06,1257.0
2026-03-02 06:15:00,5356.06,5365.03,5355.87,5364.64,1247.0
2026-03-02 06:20:00,5364.64,5366.07,5362.62,5364.02,1431.0
2026-03-02 06:25:00,5364.02,5365.62,5362.83,5363.43,1017.0
2026-03-02 06:30:00,5363.43,5364.5,5358.71,5360.93,1121.0
2026-03-02 06:35:00,5360.92,5361.13,5345.23,5350.4,1837.0
2026-03-02 06:40:00,5350.39,5355.17,5346.9,5354.17,2054.0
2026-03-02 06:45:00,5354.16,5355.41,5350.8,5353.74,1182.0
2026-03-02 06:50:00,5353.74,5358.45,5352.67,5358.32,1232.0
2026-03-02 06:55:00,5358.32,5358.34,5355.38,5355.96,1171.0
2026-03-02 07:00:00,5355.96,5356.08,5349.42,5351.03,1788.0
2026-03-02 07:05:00,5350.97,5351.47,5347.09,5347.42,1671.0
2026-03-02 07:10:00,5347.41,5354.84,5345.66,5350.15,1959.0
2026-03-02 07:15:00,5350.15,5350.34,5340.62,5349.3,1705.0
2026-03-02 07:20:00,5349.29,5351.82,5348.19,5349.99,1280.0
2026-03-02 07:25:00,5349.99,5354.23,5349.65,5350.86,1452.0
2026-03-02 07:30:00,5350.86,5358.4,5348.85,5355.04,2412.0
2026-03-02 07:35:00,5355.04,5359.32,5353.31,5358.61,2155.0
2026-03-02 07:40:00,5358.6,5363.7,5356.62,5360.6,2155.0
2026-03-02 07:45:00,5360.78,5365.21,5359.31,5363.5,1913.0
2026-03-02 07:50:00,5363.5,5366.16,5362.7,5363.1,1881.0
2026-03-02 07:55:00,5363.1,5366.33,5361.58,5366.11,1822.0
2026-03-02 08:00:00,5366.11,5366.65,5363.5,5365.28,1527.0
2026-03-02 08:05:00,5365.28,5379.96,5364.4,5376.16,2092.0
2026-03-02 08:10:00,5376.15,5380.06,5373.67,5375.11,1971.0
2026-03-02 08:15:00,5375.11,5378.69,5373.71,5377.77,2310.0
2026-03-02 08:20:00,5377.77,5379.57,5377.01,5378.94,1831.0
2026-03-02 08:25:00,5378.94,5381.41,5377.22,5380.71,1844.0
2026-03-02 08:30:00,5380.71,5382.42,5374.87,5378.63,2205.0
2026-03-02 08:35:00,5378.62,5383.0,5374.87,5377.99,1998.0
2026-03-02 08:40:00,5377.99,5378.93,5374.28,5375.66,1971.0
2026-03-02 08:45:00,5375.65,5387.27,5375.64,5384.58,2156.0
2026-03-02 08:50:00,5384.58,5387.54,5382.13,5386.14,1793.0
2026-03-02 08:55:00,5386.14,5389.88,5384.7,5387.57,1568.0
2026-03-02 09:00:00,5387.57,5390.35,5384.93,5388.56,1294.0
2026-03-02 09:05:00,5388.56,5400.95,5388.09,5400.82,2264.0
2026-03-02 09:10:00,5400.82,5406.9,5396.15,5406.03,2414.0
2026-03-02 09:15:00,5406.03,5418.73,5404.44,5417.54,2559.0
2026-03-02 09:20:00,5417.54,5419.26,5413.38,5413.62,2249.0
2026-03-02 09:25:00,5413.62,5417.41,5408.6,5408.6,1674.0
2026-03-02 09:30:00,5408.6,5411.33,5407.13,5409.2,2021.0
2026-03-02 09:35:00,5409.2,5411.71,5403.31,5405.64,2024.0
2026-03-02 09:40:00,5405.64,5407.79,5402.16,5403.03,1670.0
2026-03-02 09:45:00,5402.88,5414.48,5402.74,5411.45,1959.0
2026-03-02 09:50:00,5411.2,5411.69,5405.15,5407.6,1615.0
2026-03-02 09:55:00,5407.6,5408.48,5402.46,5408.12,1813.0
2026-03-02 10:00:00,5408.12,5411.68,5402.61,5405.4,2490.0
2026-03-02 10:05:00,5405.4,5412.71,5403.68,5412.24,2059.0
2026-03-02 10:10:00,5412.24,5413.08,5406.77,5409.67,1847.0
2026-03-02 10:15:00,5409.67,5411.16,5402.27,5405.36,1886.0
2026-03-02 10:20:00,5405.36,5407.7,5402.46,5405.66,1625.0
2026-03-02 10:25:00,5405.66,5416.13,5404.87,5415.77,1699.0
2026-03-02 10:30:00,5415.77,5416.74,5409.29,5413.95,1959.0
2026-03-02 10:35:00,5413.95,5414.35,5408.47,5409.17,1381.0
2026-03-02 10:40:00,5409.17,5410.35,5396.47,5401.91,2446.0
2026-03-02 10:45:00,5401.91,5411.13,5399.52,5409.54,1738.0
2026-03-02 10:50:00,5409.55,5409.9,5399.76,5400.28,1926.0
2026-03-02 10:55:00,5400.23,5400.46,5391.14,5394.07,1852.0
2026-03-02 11:00:00,5394.07,5396.97,5390.73,5392.51,2272.0
2026-03-02 11:05:00,5392.52,5400.14,5392.34,5397.88,2365.0
2026-03-02 11:10:00,5397.88,5398.36,5389.62,5394.71,1957.0
2026-03-02 11:15:00,5394.71,5398.74,5391.3,5391.46,1649.0
2026-03-02 11:20:00,5391.46,5396.5,5386.1,5396.33,1719.0
2026-03-02 11:25:00,5396.33,5396.66,5392.12,5394.7,1249.0
2026-03-02 11:30:00,5394.7,5402.82,5394.25,5397.26,1697.0
2026-03-02 11:35:00,5397.26,5399.75,5394.57,5395.35,1286.0
2026-03-02 11:40:00,5395.35,5398.15,5394.56,5396.72,1372.0
2026-03-02 11:45:00,5396.72,5397.37,5388.37,5390.41,1943.0
2026-03-02 11:50:00,5390.41,5395.99,5387.29,5392.93,2013.0
2026-03-02 11:55:00,5392.88,5394.8,5390.68,5392.09,1442.0
2026-03-02 12:00:00,5392.18,5392.69,5383.46,5385.94,2095.0
2026-03-02 12:05:00,5385.94,5391.91,5379.2,5390.87,2171.0
2026-03-02 12:10:00,5390.87,5394.56,5387.82,5390.42,1739.0
2026-03-02 12:15:00,5390.46,5392.45,5388.36,5390.84,1381.0
2026-03-02 12:20:00,5390.84,5391.44,5386.28,5388.12,1400.0
2026-03-02 12:25:00,5388.12,5390.82,5383.69,5390.09,1561.0
2026-03-02 12:30:00,5390.09,5393.98,5387.04,5391.75,1953.0
2026-03-02 12:35:00,5391.75,5397.98,5391.01,5394.49,1813.0
2026-03-02 12:40:00,5394.49,5400.81,5392.41,5400.4,1486.0
2026-03-02 12:45:00,5400.4,5400.87,5394.88,5395.0,1338.0
2026-03-02 12:50:00,5395.0,5395.62,5383.12,5386.37,1679.0
2026-03-02 12:55:00,5386.37,5389.58,5381.57,5389.45,1753.0
2026-03-02 13:00:00,5389.45,5394.83,5387.83,5389.12,1374.0
2026-03-02 13:05:00,5389.12,5390.3,5384.39,5385.9,1399.0
2026-03-02 13:10:00,5385.9,5389.29,5382.37,5388.6,1106.0
2026-03-02 13:15:00,5388.6,5397.19,5388.02,5393.89,1631.0
2026-03-02 13:20:00,5393.89,5393.94,5387.65,5388.62,1451.0
2026-03-02 13:25:00,5388.62,5393.7,5388.61,5390.46,1208.0
2026-03-02 13:30:00,5390.46,5397.82,5389.71,5396.94,1340.0
2026-03-02 13:35:00,5396.94,5399.98,5394.13,5396.0,1353.0
2026-03-02 13:40:00,5396.0,5396.17,5388.98,5389.2,1131.0
2026-03-02 13:45:00,5389.2,5389.9,5375.51,5381.02,2861.0
2026-03-02 13:50:00,5381.02,5384.45,5378.4,5378.47,2032.0
2026-03-02 13:55:00,5378.47,5385.41,5378.36,5385.39,2273.0
2026-03-02 14:00:00,5385.33,5387.04,5378.88,5386.89,2669.0
2026-03-02 14:05:00,5386.89,5393.05,5386.85,5391.18,2270.0
2026-03-02 14:10:00,5391.18,5398.44,5390.7,5391.51,2334.0
2026-03-02 14:15:00,5391.52,5391.8,5384.77,5386.51,2142.0
2026-03-02 14:20:00,5386.51,5396.04,5385.88,5394.42,1752.0
2026-03-02 14:25:00,5394.42,5394.44,5390.14,5394.04,1275.0
2026-03-02 14:30:00,5394.04,5396.61,5393.11,5395.05,1340.0
2026-03-02 14:35:00,5395.05,5395.53,5388.79,5392.41,1603.0
2026-03-02 14:40:00,5392.41,5398.78,5392.36,5396.58,1624.0
2026-03-02 14:45:00,5396.55,5398.54,5393.52,5395.66,1684.0
2026-03-02 14:50:00,5395.66,5395.81,5390.65,5391.2,1374.0
2026-03-02 14:55:00,5391.2,5397.43,5385.56,5397.21,1918.0
2026-03-02 15:00:00,5397.21,5402.27,5389.64,5401.24,3754.0
2026-03-02 15:05:00,5401.24,5410.15,5395.21,5397.44,3944.0
2026-03-02 15:10:00,5397.44,5400.91,5382.07,5384.3,3999.0
2026-03-02 15:15:00,5384.3,5394.48,5382.61,5393.1,3557.0
2026-03-02 15:20:00,5393.1,5409.01,5391.41,5405.7,3279.0
2026-03-02 15:25:00,5405.75,5409.32,5397.48,5401.66,3885.0
2026-03-02 15:30:00,5401.74,5416.72,5400.54,5400.54,3858.0
2026-03-02 15:35:00,5400.76,5404.36,5396.59,5399.55,3451.0
2026-03-02 15:40:00,5399.55,5407.67,5392.32,5393.1,3285.0
2026-03-02 15:45:00,5393.1,5397.39,5390.9,5395.0,3508.0
2026-03-02 15:50:00,5395.04,5398.33,5389.42,5393.53,2843.0
2026-03-02 15:55:00,5393.53,5397.04,5392.06,5393.94,2146.0
2026-03-02 16:00:00,5393.94,5395.27,5376.85,5377.09,3655.0
2026-03-02 16:05:00,5377.09,5387.07,5371.28,5371.42,3186.0
2026-03-02 16:10:00,5371.42,5377.98,5363.59,5375.4,4497.0
2026-03-02 16:15:00,5375.4,5376.87,5361.14,5364.3,4044.0
2026-03-02 16:20:00,5364.3,5369.78,5344.3,5348.06,5321.0
2026-03-02 16:25:00,5348.16,5352.37,5307.27,5333.64,6448.0
2026-03-02 16:30:00,5333.6,5340.27,5306.94,5316.77,6688.0
2026-03-02 16:35:00,5316.8,5350.8,5311.16,5344.57,5770.0
2026-03-02 16:40:00,5344.57,5355.96,5344.57,5347.65,5520.0
2026-03-02 16:45:00,5347.65,5351.56,5332.52,5341.32,5881.0
2026-03-02 16:50:00,5341.32,5343.36,5320.95,5337.16,5924.0
2026-03-02 16:55:00,5337.03,5338.61,5327.81,5333.6,4538.0
2026-03-02 17:00:00,5333.6,5333.6,5318.07,5330.66,5325.0
2026-03-02 17:05:00,5330.66,5346.88,5311.29,5336.06,5807.0
2026-03-02 17:10:00,5336.05,5342.69,5324.62,5333.76,5593.0
2026-03-02 17:15:00,5333.76,5336.45,5317.59,5322.52,5281.0
2026-03-02 17:20:00,5322.52,5334.39,5320.52,5333.4,5359.0
2026-03-02 17:25:00,5333.4,5339.11,5327.24,5331.02,4454.0
2026-03-02 17:30:00,5331.01,5348.18,5329.97,5346.15,4076.0
2026-03-02 17:35:00,5346.15,5348.91,5336.01,5347.91,4204.0
2026-03-02 17:40:00,5347.85,5348.69,5337.41,5342.25,4033.0
2026-03-02 17:45:00,5342.25,5345.13,5325.91,5334.4,4818.0
2026-03-02 17:50:00,5334.4,5336.82,5326.51,5333.18,4395.0
2026-03-02 17:55:00,5333.19,5333.19,5308.32,5315.85,4964.0
2026-03-02 18:00:00,5315.55,5315.55,5260.77,5273.68,7549.0
2026-03-02 18:05:00,5273.68,5295.2,5273.38,5289.54,5868.0
2026-03-02 18:10:00,5289.55,5302.4,5283.95,5300.65,4613.0
2026-03-02 18:15:00,5300.65,5300.96,5282.8,5285.23,4795.0
2026-03-02 18:20:00,5285.23,5301.04,5282.31,5299.33,4078.0
2026-03-02 18:25:00,5299.5,5314.5,5299.5,5309.91,3902.0
2026-03-02 18:30:00,5309.92,5311.84,5293.8,5297.49,4200.0
2026-03-02 18:35:00,5297.49,5306.49,5282.37,5306.31,4828.0
2026-03-02 18:40:00,5306.31,5311.84,5297.57,5301.49,3621.0
2026-03-02 18:45:00,5301.49,5306.34,5294.16,5298.92,4227.0
2026-03-02 18:50:00,5298.95,5303.92,5290.54,5296.39,4241.0
2026-03-02 18:55:00,5296.41,5301.65,5289.55,5290.24,4073.0
2026-03-02 19:00:00,5290.24,5299.83,5287.04,5299.83,4427.0
2026-03-02 19:05:00,5299.83,5309.96,5299.74,5304.12,3867.0
2026-03-02 19:10:00,5304.12,5304.12,5293.59,5298.64,3378.0
2026-03-02 19:15:00,5298.64,5299.54,5292.0,5296.16,2921.0
2026-03-02 19:20:00,5296.16,5305.48,5295.49,5304.83,3139.0
2026-03-02 19:25:00,5305.02,5312.23,5302.83,5304.69,3591.0
2026-03-02 19:30:00,5304.85,5320.64,5304.48,5319.69,3084.0
2026-03-02 19:35:00,5319.69,5319.69,5309.41,5309.98,2753.0
2026-03-02 19:40:00,5309.98,5310.94,5303.42,5304.38,2847.0
2026-03-02 19:45:00,5304.38,5311.12,5302.53,5305.19,2704.0
2026-03-02 19:50:00,5305.09,5306.46,5298.06,5303.15,3140.0
2026-03-02 19:55:00,5303.15,5310.07,5302.62,5306.86,3126.0
2026-03-02 20:00:00,5306.91,5308.36,5298.37,5299.79,3327.0
2026-03-02 20:05:00,5299.79,5301.21,5291.66,5292.29,2714.0
2026-03-02 20:10:00,5292.39,5297.56,5289.61,5295.43,2681.0
2026-03-02 20:15:00,5295.43,5306.0,5294.85,5302.67,2693.0
2026-03-02 20:20:00,5302.67,5305.87,5295.61,5295.61,2780.0
2026-03-02 20:25:00,5295.72,5302.58,5293.84,5297.79,3060.0
2026-03-02 20:30:00,5297.79,5298.83,5293.42,5298.54,2292.0
2026-03-02 20:35:00,5298.54,5299.72,5291.06,5294.73,2079.0
2026-03-02 20:40:00,5294.73,5303.34,5294.41,5303.32,1723.0
2026-03-02 20:45:00,5303.32,5313.15,5302.2,5311.4,2225.0
2026-03-02 20:50:00,5311.4,5316.7,5307.71,5315.44,2519.0
2026-03-02 20:55:00,5315.44,5315.79,5311.29,5315.55,1636.0
2026-03-02 21:00:00,5315.54,5326.48,5313.88,5325.16,2470.0
2026-03-02 21:05:00,5325.16,5330.33,5322.11,5329.98,2387.0
2026-03-02 21:10:00,5329.9,5333.31,5326.72,5330.52,2068.0
2026-03-02 21:15:00,5330.61,5331.77,5318.79,5325.46,2536.0
2026-03-02 21:20:00,5325.46,5326.83,5320.94,5325.19,1422.0
2026-03-02 21:25:00,5325.21,5332.89,5325.1,5330.86,1574.0
2026-03-02 21:30:00,5330.86,5332.06,5326.08,5330.51,1393.0
2026-03-02 21:35:00,5330.48,5334.07,5329.15,5329.17,1467.0
2026-03-02 21:40:00,5329.17,5330.23,5324.6,5324.96,1712.0
2026-03-02 21:45:00,5324.96,5331.04,5323.94,5328.28,1635.0
2026-03-02 21:50:00,5328.28,5328.29,5322.92,5326.72,1108.0
2026-03-02 21:55:00,5326.72,5332.26,5326.33,5330.45,1343.0
2026-03-02 22:00:00,5330.45,5333.48,5328.39,5331.43,1972.0
2026-03-02 22:05:00,5331.44,5343.23,5330.7,5339.24,2739.0
2026-03-02 22:10:00,5339.24,5346.32,5337.41,5337.47,3530.0
2026-03-02 22:15:00,5337.44,5344.17,5328.59,5329.49,3489.0
2026-03-02 22:20:00,5329.49,5345.3,5329.13,5344.43,3439.0
2026-03-02 22:25:00,5344.39,5346.37,5329.91,5333.58,2906.0
2026-03-02 22:30:00,5333.58,5342.27,5332.31,5337.63,2829.0
2026-03-02 22:35:00,5337.63,5344.75,5337.08,5341.97,2266.0
2026-03-02 22:40:00,5341.93,5344.81,5341.25,5342.0,1962.0
2026-03-02 22:45:00,5342.0,5342.23,5334.9,5338.16,2405.0
2026-03-02 22:50:00,5338.33,5342.62,5335.08,5339.37,2820.0
2026-03-02 22:55:00,5339.37,5342.62,5331.35,5332.55,3239.0
2026-03-02 23:00:00,5332.55,5338.56,5331.43,5338.24,1399.0
2026-03-02 23:05:00,5338.24,5339.68,5336.34,5339.33,1074.0
2026-03-02 23:10:00,5339.33,5339.35,5334.34,5335.34,915.0
2026-03-02 23:15:00,5335.34,5340.54,5334.92,5338.78,739.0
2026-03-02 23:20:00,5338.78,5338.78,5334.09,5336.63,947.0
2026-03-02 23:25:00,5336.63,5337.34,5331.23,5332.38,659.0
2026-03-02 23:30:00,5332.31,5332.61,5325.72,5329.06,1511.0
2026-03-02 23:35:00,5329.06,5329.74,5326.85,5328.48,1705.0
2026-03-02 23:40:00,5328.48,5332.36,5326.82,5331.11,1375.0
2026-03-02 23:45:00,5330.96,5330.96,5323.58,5327.26,834.0
2026-03-02 23:50:00,5327.23,5328.43,5321.52,5324.29,699.0
2026-03-02 23:55:00,5324.29,5324.84,5320.72,5321.06,314.0
2026-03-03 01:00:00,5321.06,5345.42,5321.06,5344.58,1153.0
2026-03-03 01:05:00,5344.58,5347.17,5335.82,5337.44,1316.0
2026-03-03 01:10:00,5337.44,5340.36,5332.99,5338.73,1319.0
2026-03-03 01:15:00,5338.73,5341.86,5337.26,5337.75,761.0
2026-03-03 01:20:00,5337.7,5338.08,5329.38,5335.98,1222.0
2026-03-03 01:25:00,5335.98,5337.77,5334.83,5336.76,579.0
2026-03-03 01:30:00,5336.76,5336.91,5331.18,5333.97,904.0
2026-03-03 01:35:00,5333.97,5335.24,5330.93,5331.23,897.0
2026-03-03 01:40:00,5331.23,5334.9,5330.53,5330.91,943.0
2026-03-03 01:45:00,5330.92,5337.65,5330.28,5336.89,1498.0
2026-03-03 01:50:00,5336.89,5345.24,5336.7,5341.49,1739.0
2026-03-03 01:55:00,5341.49,5346.74,5339.94,5346.02,1028.0
2026-03-03 02:00:00,5346.02,5346.61,5336.95,5341.98,1664.0
2026-03-03 02:05:00,5341.98,5345.91,5340.59,5342.86,1260.0
2026-03-03 02:10:00,5342.86,5349.73,5342.28,5348.53,1089.0
2026-03-03 02:15:00,5348.53,5359.12,5348.23,5356.06,2089.0
2026-03-03 02:20:00,5356.05,5358.15,5351.93,5356.91,1451.0
2026-03-03 02:25:00,5356.91,5358.18,5354.14,5357.98,1165.0
2026-03-03 02:30:00,5357.98,5362.19,5355.2,5356.23,2120.0
2026-03-03 02:35:00,5356.24,5356.27,5348.36,5351.36,1441.0
2026-03-03 02:40:00,5351.36,5357.8,5350.58,5355.04,1146.0
2026-03-03 02:45:00,5355.05,5359.41,5348.55,5353.63,1845.0
2026-03-03 02:50:00,5353.52,5355.23,5346.6,5350.08,1844.0
2026-03-03 02:55:00,5350.08,5353.31,5349.13,5350.32,1572.0
2026-03-03 03:00:00,5350.32,5363.34,5347.23,5362.97,3826.0
2026-03-03 03:05:00,5362.97,5372.13,5361.99,5368.33,2840.0
2026-03-03 03:10:00,5368.33,5369.82,5361.87,5368.28,2763.0
2026-03-03 03:15:00,5368.28,5373.68,5365.86,5371.88,2832.0
2026-03-03 03:20:00,5371.88,5379.85,5371.1,5378.21,2715.0
2026-03-03 03:25:00,5378.21,5379.88,5374.9,5377.3,1926.0
2026-03-03 03:30:00,5377.31,5378.74,5370.4,5375.79,2744.0
2026-03-03 03:35:00,5375.79,5377.61,5368.05,5373.32,2563.0
2026-03-03 03:40:00,5373.32,5373.88,5364.17,5364.17,2236.0
2026-03-03 03:45:00,5363.19,5365.43,5344.46,5352.19,3636.0
2026-03-03 03:50:00,5352.19,5362.47,5350.53,5353.14,3335.0
2026-03-03 03:55:00,5353.14,5353.28,5337.97,5339.35,4894.0
2026-03-03 04:00:00,5339.35,5349.5,5333.06,5347.95,4381.0
2026-03-03 04:05:00,5347.97,5357.19,5341.2,5351.9,3363.0
2026-03-03 04:10:00,5351.89,5352.9,5343.66,5350.01,3186.0
2026-03-03 04:15:00,5350.02,5354.75,5344.31,5349.08,3192.0
2026-03-03 04:20:00,5349.08,5355.74,5348.31,5354.13,2736.0
2026-03-03 04:25:00,5354.13,5359.57,5351.86,5359.01,2316.0
2026-03-03 04:30:00,5359.03,5365.35,5355.95,5359.25,2993.0
2026-03-03 04:35:00,5359.25,5364.26,5355.85,5358.73,2554.0
2026-03-03 04:40:00,5358.78,5362.79,5355.59,5360.97,2400.0
2026-03-03 04:45:00,5360.97,5367.53,5359.58,5363.98,2271.0
2026-03-03 04:50:00,5363.98,5365.45,5359.02,5364.05,2362.0
2026-03-03 04:55:00,5364.06,5368.09,5364.06,5366.91,1707.0
2026-03-03 05:00:00,5366.91,5371.6,5366.55,5369.11,2067.0
2026-03-03 05:05:00,5369.12,5371.29,5367.66,5370.44,1856.0
2026-03-03 05:10:00,5370.39,5371.34,5365.04,5366.79,2125.0
2026-03-03 05:15:00,5366.85,5369.53,5364.27,5367.23,1918.0
2026-03-03 05:20:00,5367.25,5373.57,5366.12,5371.42,1996.0
2026-03-03 05:25:00,5371.42,5371.61,5366.14,5367.4,2288.0
2026-03-03 05:30:00,5367.42,5369.65,5366.02,5368.9,1490.0
2026-03-03 05:35:00,5368.9,5369.03,5365.9,5366.67,1552.0
2026-03-03 05:40:00,5366.68,5370.74,5365.49,5369.16,1483.0
2026-03-03 05:45:00,5369.16,5369.89,5364.49,5367.07,1311.0
2026-03-03 05:50:00,5367.09,5367.67,5359.18,5362.62,1649.0
2026-03-03 05:55:00,5362.62,5367.5,5361.87,5367.28,1478.0
2026-03-03 06:00:00,5367.3,5367.88,5361.88,5364.81,1221.0
2026-03-03 06:05:00,5364.82,5366.79,5362.44,5364.98,1244.0
2026-03-03 06:10:00,5364.98,5364.98,5359.48,5361.73,1518.0
2026-03-03 06:15:00,5361.73,5367.18,5359.82,5367.17,1400.0
2026-03-03 06:20:00,5367.17,5372.19,5367.16,5369.71,1593.0
2026-03-03 06:25:00,5369.73,5375.6,5369.72,5371.95,1800.0
2026-03-03 06:30:00,5371.95,5375.46,5371.38,5371.78,1860.0
2026-03-03 06:35:00,5371.78,5372.39,5367.33,5368.94,1370.0
2026-03-03 06:40:00,5368.98,5372.26,5368.52,5369.64,1094.0
2026-03-03 06:45:00,5369.63,5370.2,5363.55,5363.94,1596.0
2026-03-03 06:50:00,5363.94,5367.22,5362.23,5364.53,1783.0
2026-03-03 06:55:00,5364.58,5367.72,5361.02,5361.22,1928.0
2026-03-03 07:00:00,5361.23,5366.29,5355.07,5362.17,2370.0
2026-03-03 07:05:00,5362.17,5365.93,5359.14,5365.93,2419.0
2026-03-03 07:10:00,5365.93,5367.28,5361.18,5362.29,2329.0
2026-03-03 07:15:00,5362.29,5364.25,5352.95,5359.09,2515.0
2026-03-03 07:20:00,5359.09,5360.42,5356.04,5358.86,1786.0
2026-03-03 07:25:00,5358.88,5361.87,5357.8,5358.86,1468.0
2026-03-03 07:30:00,5358.86,5359.56,5342.75,5348.51,3691.0
2026-03-03 07:35:00,5348.51,5348.51,5334.43,5337.62,3769.0
2026-03-03 07:40:00,5337.62,5346.52,5334.51,5345.42,3208.0
2026-03-03 07:45:00,5345.42,5346.86,5321.98,5326.31,3951.0
2026-03-03 07:50:00,5326.83,5329.42,5308.2,5317.09,4858.0
2026-03-03 07:55:00,5317.09,5320.27,5305.41,5319.19,4653.0
2026-03-03 08:00:00,5319.17,5323.09,5314.05,5316.42,3587.0
2026-03-03 08:05:00,5316.42,5322.58,5303.34,5309.38,4224.0
2026-03-03 08:10:00,5309.38,5314.43,5278.99,5289.88,5182.0
2026-03-03 08:15:00,5289.88,5305.35,5288.21,5302.98,4175.0
2026-03-03 08:20:00,5302.96,5315.34,5302.92,5308.29,3259.0
2026-03-03 08:25:00,5308.29,5319.61,5306.92,5316.82,3093.0
2026-03-03 08:30:00,5316.75,5319.31,5313.01,5314.06,2870.0
2026-03-03 08:35:00,5314.08,5315.82,5295.84,5307.14,4162.0
2026-03-03 08:40:00,5307.14,5315.25,5307.14,5310.4,3230.0
2026-03-03 08:45:00,5310.4,5315.41,5303.3,5304.19,3472.0
2026-03-03 08:50:00,5304.21,5306.94,5290.89,5302.95,3491.0
2026-03-03 08:55:00,5302.84,5312.71,5301.88,5310.65,2589.0
2026-03-03 09:00:00,5310.66,5315.88,5306.05,5314.14,2335.0
2026-03-03 09:05:00,5314.13,5318.55,5312.9,5313.58,2190.0
2026-03-03 09:10:00,5313.58,5315.82,5309.35,5314.95,2141.0
2026-03-03 09:15:00,5314.93,5320.14,5310.3,5317.15,1846.0
2026-03-03 09:20:00,5317.15,5318.06,5311.36,5312.79,2203.0
2026-03-03 09:25:00,5312.78,5318.76,5311.45,5313.51,1716.0
2026-03-03 09:30:00,5313.51,5320.73,5313.51,5320.68,1862.0
2026-03-03 09:35:00,5320.68,5326.15,5315.85,5325.47,2117.0
2026-03-03 09:40:00,5325.48,5328.47,5321.13,5326.57,2402.0
2026-03-03 09:45:00,5326.57,5329.39,5323.65,5324.68,2214.0
2026-03-03 09:50:00,5324.68,5331.1,5324.57,5329.6,2200.0
2026-03-03 09:55:00,5329.63,5331.23,5324.93,5327.77,2331.0
2026-03-03 10:00:00,5327.77,5333.23,5325.28,5332.26,2394.0
2026-03-03 10:05:00,5332.22,5335.93,5324.57,5326.28,2897.0
2026-03-03 10:10:00,5326.23,5327.39,5319.93,5319.93,2739.0
2026-03-03 10:15:00,5319.97,5327.8,5317.29,5327.71,2682.0
2026-03-03 10:20:00,5327.71,5328.68,5313.35,5316.28,2336.0
2026-03-03 10:25:00,5316.28,5319.51,5310.97,5312.21,2577.0
2026-03-03 10:30:00,5312.34,5313.48,5301.85,5303.7,3044.0
2026-03-03 10:35:00,5303.7,5312.02,5299.55,5300.01,2727.0
2026-03-03 10:40:00,5300.01,5308.14,5296.0,5305.19,3033.0
2026-03-03 10:45:00,5305.19,5311.02,5304.92,5310.34,2639.0
2026-03-03 10:50:00,5310.34,5311.47,5300.08,5302.63,2867.0
2026-03-03 10:55:00,5302.63,5302.63,5290.33,5295.82,3172.0
2026-03-03 11:00:00,5295.82,5303.92,5289.28,5289.28,3536.0
2026-03-03 11:05:00,5289.28,5297.7,5284.49,5295.47,3910.0
2026-03-03 11:10:00,5295.47,5303.61,5293.68,5296.31,3644.0
2026-03-03 11:15:00,5296.31,5302.65,5292.62,5295.28,3690.0
2026-03-03 11:20:00,5295.28,5299.82,5281.27,5285.63,3300.0
2026-03-03 11:25:00,5285.62,5285.9,5226.29,5242.24,6441.0
2026-03-03 11:30:00,5242.34,5270.72,5240.63,5266.64,5157.0
2026-03-03 11:35:00,5266.64,5270.94,5262.86,5266.15,3740.0
2026-03-03 11:40:00,5266.15,5269.73,5259.39,5263.99,3744.0
2026-03-03 11:45:00,5264.03,5270.95,5259.84,5263.89,3712.0
2026-03-03 11:50:00,5263.89,5279.8,5262.71,5279.06,3573.0
2026-03-03 11:55:00,5279.06,5280.96,5269.42,5275.08,2808.0
2026-03-03 12:00:00,5275.08,5288.13,5269.01,5283.65,3189.0
2026-03-03 12:05:00,5283.65,5286.04,5269.65,5275.45,3265.0
2026-03-03 12:10:00,5275.45,5280.43,5271.76,5273.1,2554.0
2026-03-03 12:15:00,5273.1,5274.52,5265.75,5269.4,2950.0
2026-03-03 12:20:00,5269.53,5277.05,5268.73,5275.63,2447.0
2026-03-03 12:25:00,5275.63,5281.32,5271.49,5276.82,2421.0
2026-03-03 12:30:00,5276.82,5276.95,5265.5,5269.16,3074.0
2026-03-03 12:35:00,5269.16,5271.84,5247.79,5252.48,3707.0
2026-03-03 12:40:00,5252.71,5268.17,5252.71,5260.84,3492.0
2026-03-03 12:45:00,5260.91,5260.96,5246.8,5249.55,3452.0
2026-03-03 12:50:00,5249.55,5256.19,5240.07,5245.06,4242.0
2026-03-03 12:55:00,5245.06,5254.89,5238.57,5248.27,3915.0
2026-03-03 13:00:00,5248.29,5264.1,5245.03,5250.58,3746.0
2026-03-03 13:05:00,5250.58,5252.18,5160.09,5170.9,5655.0
2026-03-03 13:10:00,5170.86,5210.59,5162.48,5198.42,4941.0
2026-03-03 13:15:00,5198.42,5204.74,5177.18,5204.07,3609.0
2026-03-03 13:20:00,5204.07,5209.54,5185.15,5187.56,4040.0
2026-03-03 13:25:00,5187.56,5193.52,5113.51,5126.71,4759.0
2026-03-03 13:30:00,5126.71,5139.65,5075.28,5117.64,4956.0
2026-03-03 13:35:00,5117.64,5143.7,5111.45,5134.17,4206.0
2026-03-03 13:40:00,5134.17,5136.0,5104.37,5124.71,3827.0
2026-03-03 13:45:00,5124.69,5149.95,5122.95,5142.85,4046.0
2026-03-03 13:50:00,5142.54,5152.85,5137.27,5152.85,4564.0
2026-03-03 13:55:00,5152.85,5157.84,5141.56,5144.56,4270.0
2026-03-03 14:00:00,5144.56,5154.29,5138.46,5154.28,4595.0
2026-03-03 14:05:00,5154.18,5179.74,5154.05,5177.04,4394.0
2026-03-03 14:10:00,5177.04,5193.26,5177.04,5192.85,4674.0
2026-03-03 14:15:00,5192.85,5195.06,5181.35,5191.74,3608.0
2026-03-03 14:20:00,5191.76,5199.1,5182.12,5198.91,3798.0
2026-03-03 14:25:00,5198.91,5208.95,5192.61,5204.4,3813.0
2026-03-03 14:30:00,5204.4,5212.23,5188.67,5199.59,3743.0
2026-03-03 14:35:00,5199.59,5207.92,5193.54,5206.12,3009.0
2026-03-03 14:40:00,5206.13,5211.8,5201.45,5202.92,2795.0
2026-03-03 14:45:00,5202.91,5205.57,5197.61,5202.42,2693.0
2026-03-03 14:50:00,5202.42,5209.85,5196.4,5208.9,3031.0
2026-03-03 14:55:00,5208.84,5226.77,5208.82,5224.47,3528.0
2026-03-03 15:00:00,5224.47,5224.62,5174.94,5174.98,6317.0
2026-03-03 15:05:00,5174.98,5183.42,5148.21,5152.7,6065.0
2026-03-03 15:10:00,5152.7,5177.15,5146.54,5164.21,5067.0
2026-03-03 15:15:00,5164.21,5176.68,5159.98,5174.94,4844.0
2026-03-03 15:20:00,5174.85,5184.73,5159.85,5171.54,4624.0
2026-03-03 15:25:00,5171.54,5180.75,5165.36,5178.04,4347.0
2026-03-03 15:30:00,5178.03,5186.34,5169.62,5179.43,4585.0
2026-03-03 15:35:00,5179.45,5179.65,5155.57,5158.44,4749.0
2026-03-03 15:40:00,5158.44,5160.17,5147.51,5156.69,4742.0
2026-03-03 15:45:00,5156.7,5156.7,5127.39,5151.95,5293.0
2026-03-03 15:50:00,5151.95,5152.39,5133.18,5142.99,4863.0
2026-03-03 15:55:00,5142.99,5159.36,5140.68,5156.73,4537.0
2026-03-03 16:00:00,5156.73,5168.02,5150.15,5159.43,5401.0
2026-03-03 16:05:00,5159.43,5175.6,5157.54,5166.84,4655.0
2026-03-03 16:10:00,5166.84,5172.93,5163.88,5165.05,4160.0
2026-03-03 16:15:00,5165.02,5166.63,5141.07,5141.21,4611.0
2026-03-03 16:20:00,5141.21,5143.92,5125.11,5125.33,4522.0
2026-03-03 16:25:00,5125.33,5147.5,5125.0,5146.09,4388.0
2026-03-03 16:30:00,5146.09,5146.09,5113.79,5120.64,5024.0
2026-03-03 16:35:00,5120.64,5133.36,5102.23,5125.12,6330.0
2026-03-03 16:40:00,5125.14,5126.37,5061.89,5071.63,6175.0
2026-03-03 16:45:00,5071.61,5076.34,5050.99,5056.99,4917.0
2026-03-03 16:50:00,5056.99,5058.15,5015.84,5048.4,5454.0
2026-03-03 16:55:00,5048.4,5063.42,5035.04,5038.4,5137.0
2026-03-03 17:00:00,5038.4,5070.11,5031.31,5033.03,4702.0
2026-03-03 17:05:00,5033.03,5064.45,5025.89,5045.63,4803.0
2026-03-03 17:10:00,5045.63,5053.43,5025.48,5039.87,4661.0
2026-03-03 17:15:00,5039.87,5045.11,4995.97,5024.3,4540.0
2026-03-03 17:20:00,5024.3,5046.6,5019.09,5040.0,4176.0
2026-03-03 17:25:00,5039.98,5053.26,5037.54,5044.13,5719.0
2026-03-03 17:30:00,5044.0,5062.03,5037.15,5057.28,4191.0
2026-03-03 17:35:00,5057.28,5069.82,5051.01,5067.63,5504.0
2026-03-03 17:40:00,5067.63,5070.57,5055.94,5061.7,5600.0
2026-03-03 17:45:00,5061.7,5077.06,5054.27,5073.21,5871.0
2026-03-03 17:50:00,5073.09,5085.69,5061.91,5081.18,5543.0
2026-03-03 17:55:00,5081.15,5097.01,5075.73,5095.54,5649.0
2026-03-03 18:00:00,5095.49,5110.78,5090.62,5108.63,5361.0
2026-03-03 18:05:00,5108.63,5122.77,5107.57,5112.51,4578.0
2026-03-03 18:10:00,5112.51,5115.08,5100.4,5108.16,4877.0
2026-03-03 18:15:00,5108.14,5113.94,5099.8,5107.2,4997.0
2026-03-03 18:20:00,5107.21,5126.11,5104.5,5121.45,5078.0
2026-03-03 18:25:00,5121.44,5125.69,5112.73,5112.73,5038.0
2026-03-03 18:30:00,5112.73,5117.35,5107.58,5112.0,4280.0
2026-03-03 18:35:00,5111.51,5134.82,5111.24,5123.83,4982.0
2026-03-03 18:40:00,5123.75,5126.17,5107.19,5111.53,5451.0
2026-03-03 18:45:00,5111.53,5115.87,5100.58,5110.15,5365.0
2026-03-03 18:50:00,5110.16,5113.75,5102.18,5111.13,5020.0
2026-03-03 18:55:00,5111.14,5111.71,5098.12,5106.95,4707.0
2026-03-03 19:00:00,5107.19,5107.37,5081.91,5087.06,5428.0
2026-03-03 19:05:00,5087.06,5094.06,5081.02,5092.57,4831.0
2026-03-03 19:10:00,5092.57,5099.54,5088.54,5098.3,4126.0
2026-03-03 19:15:00,5098.3,5109.87,5097.75,5106.34,4361.0
2026-03-03 19:20:00,5106.33,5107.71,5093.22,5095.97,4590.0
2026-03-03 19:25:00,5096.06,5098.13,5081.91,5083.29,4622.0
2026-03-03 19:30:00,5083.15,5086.11,5071.56,5074.96,5451.0
2026-03-03 19:35:00,5074.96,5078.28,5065.32,5075.24,4794.0
2026-03-03 19:40:00,5075.24,5085.77,5071.67,5078.91,5534.0
2026-03-03 19:45:00,5078.88,5084.56,5077.28,5082.17,5238.0
2026-03-03 19:50:00,5082.09,5082.1,5068.49,5073.16,4541.0
2026-03-03 19:55:00,5073.16,5082.37,5067.66,5079.25,5021.0
2026-03-03 20:00:00,5079.25,5094.33,5079.25,5092.1,5503.0
2026-03-03 20:05:00,5092.1,5101.83,5090.57,5098.48,4725.0
2026-03-03 20:10:00,5098.48,5103.96,5096.15,5103.49,3557.0
2026-03-03 20:15:00,5103.49,5105.22,5097.39,5100.13,2949.0
2026-03-03 20:20:00,5100.13,5101.06,5093.62,5098.03,4093.0
2026-03-03 20:25:00,5098.0,5117.25,5097.5,5112.41,4371.0
2026-03-03 20:30:00,5112.32,5118.64,5107.17,5116.34,3730.0
2026-03-03 20:35:00,5116.32,5133.34,5112.65,5132.96,3571.0
2026-03-03 20:40:00,5132.96,5137.31,5130.17,5133.39,3507.0
2026-03-03 20:45:00,5133.39,5136.17,5127.23,5133.45,2884.0
2026-03-03 20:50:00,5133.45,5138.23,5132.42,5136.8,3052.0
2026-03-03 20:55:00,5136.8,5138.12,5130.9,5136.06,3397.0
2026-03-03 21:00:00,5136.02,5149.04,5134.17,5140.21,3736.0
2026-03-03 21:05:00,5140.21,5142.05,5127.31,5127.9,3957.0
2026-03-03 21:10:00,5127.9,5128.13,5110.03,5112.43,3950.0
2026-03-03 21:15:00,5112.43,5121.2,5102.06,5113.98,3964.0
2026-03-03 21:20:00,5113.98,5121.27,5112.29,5116.99,3033.0
2026-03-03 21:25:00,5116.96,5117.07,5102.56,5106.72,3519.0
2026-03-03 21:30:00,5106.76,5112.64,5100.45,5101.92,3336.0
2026-03-03 21:35:00,5101.89,5114.4,5099.42,5111.58,4657.0
2026-03-03 21:40:00,5111.62,5119.07,5108.39,5119.01,4125.0
2026-03-03 21:45:00,5119.01,5128.47,5117.01,5123.42,3815.0
2026-03-03 21:50:00,5123.42,5126.13,5113.34,5120.72,3817.0
2026-03-03 21:55:00,5120.72,5121.2,5107.22,5113.34,3943.0
2026-03-03 22:00:00,5113.34,5126.97,5113.2,5116.5,3771.0
2026-03-03 22:05:00,5116.54,5120.27,5112.13,5114.98,3311.0
2026-03-03 22:10:00,5115.14,5123.24,5114.96,5119.08,3701.0
2026-03-03 22:15:00,5119.08,5121.52,5114.08,5115.57,3596.0
2026-03-03 22:20:00,5115.57,5130.34,5115.57,5129.66,2994.0
2026-03-03 22:25:00,5129.66,5130.41,5122.44,5122.7,2388.0
2026-03-03 22:30:00,5122.7,5126.48,5110.69,5115.62,2925.0
2026-03-03 22:35:00,5115.62,5122.05,5107.37,5109.65,2823.0
2026-03-03 22:40:00,5110.68,5113.24,5102.49,5111.63,3486.0
2026-03-03 22:45:00,5111.64,5113.38,5100.78,5104.7,3436.0
2026-03-03 22:50:00,5104.64,5106.11,5086.02,5095.69,4920.0
2026-03-03 22:55:00,5095.75,5102.22,5094.26,5097.25,4352.0
2026-03-03 23:00:00,5097.45,5106.82,5094.33,5105.23,1619.0
2026-03-03 23:05:00,5105.22,5110.34,5101.01,5101.25,1125.0
2026-03-03 23:10:00,5101.25,5104.57,5097.89,5098.71,944.0
2026-03-03 23:15:00,5098.71,5100.76,5089.46,5094.07,1436.0
2026-03-03 23:20:00,5094.07,5099.65,5093.89,5099.55,1492.0
2026-03-03 23:25:00,5099.55,5101.22,5089.43,5089.48,1374.0
2026-03-03 23:30:00,5089.39,5092.52,5083.92,5092.45,1217.0
2026-03-03 23:35:00,5092.54,5094.33,5085.53,5089.31,846.0
2026-03-03 23:40:00,5089.18,5096.1,5087.97,5091.58,904.0
2026-03-03 23:45:00,5091.58,5093.3,5084.04,5086.96,1538.0
2026-03-03 23:50:00,5086.96,5090.71,5082.96,5087.7,1577.0
2026-03-03 23:55:00,5087.7,5093.29,5086.29,5087.98,742.0
2026-03-04 01:00:00,5087.98,5113.72,5084.39,5111.42,1762.0
2026-03-04 01:05:00,5111.35,5116.47,5104.94,5105.64,1404.0
2026-03-04 01:10:00,5105.75,5118.59,5105.72,5117.65,1537.0
2026-03-04 01:15:00,5117.65,5128.51,5116.45,5121.85,2400.0
2026-03-04 01:20:00,5121.85,5127.63,5118.79,5124.34,2037.0
2026-03-04 01:25:00,5124.34,5126.88,5120.15,5126.69,1351.0
2026-03-04 01:30:00,5126.69,5127.7,5121.83,5127.01,1980.0
2026-03-04 01:35:00,5127.0,5128.43,5117.06,5117.69,1447.0
2026-03-04 01:40:00,5117.75,5125.81,5116.7,5125.71,1861.0
2026-03-04 01:45:00,5125.72,5129.83,5124.5,5126.58,1562.0
2026-03-04 01:50:00,5126.58,5126.74,5120.18,5124.48,1277.0
2026-03-04 01:55:00,5124.48,5127.57,5122.6,5125.39,1103.0
2026-03-04 02:00:00,5125.39,5126.42,5105.97,5114.94,2484.0
2026-03-04 02:05:00,5114.94,5116.71,5107.18,5116.66,2356.0
2026-03-04 02:10:00,5116.66,5120.52,5112.62,5116.05,1659.0
2026-03-04 02:15:00,5116.05,5127.04,5113.29,5126.14,1978.0
2026-03-04 02:20:00,5126.14,5128.92,5115.32,5119.42,2397.0
2026-03-04 02:25:00,5119.42,5127.72,5116.7,5125.22,1524.0
2026-03-04 02:30:00,5125.22,5130.37,5123.21,5124.83,1932.0
2026-03-04 02:35:00,5124.83,5126.66,5122.57,5123.77,1728.0
2026-03-04 02:40:00,5123.77,5137.7,5123.45,5132.35,2229.0
2026-03-04 02:45:00,5132.28,5140.0,5131.69,5139.85,2493.0
2026-03-04 02:50:00,5139.85,5140.42,5127.83,5129.51,2066.0
2026-03-04 02:55:00,5129.51,5139.33,5128.29,5138.7,1831.0
2026-03-04 03:00:00,5138.7,5158.51,5138.65,5154.72,5003.0
2026-03-04 03:05:00,5154.72,5156.32,5147.72,5152.6,3281.0
2026-03-04 03:10:00,5152.6,5162.69,5152.6,5159.54,3358.0
2026-03-04 03:15:00,5159.53,5164.43,5154.42,5162.86,3123.0
2026-03-04 03:20:00,5162.86,5164.08,5153.0,5159.0,3605.0
2026-03-04 03:25:00,5159.0,5161.49,5146.63,5146.72,3555.0
2026-03-04 03:30:00,5146.72,5154.21,5142.44,5145.2,4448.0
2026-03-04 03:35:00,5145.2,5158.63,5145.2,5153.12,4003.0
2026-03-04 03:40:00,5153.15,5163.63,5151.67,5163.16,3453.0
2026-03-04 03:45:00,5163.16,5174.33,5158.33,5173.8,3660.0
2026-03-04 03:50:00,5173.8,5178.62,5168.65,5171.95,3688.0
2026-03-04 03:55:00,5171.95,5176.86,5169.26,5175.1,3258.0
2026-03-04 04:00:00,5175.1,5177.86,5168.16,5170.7,3248.0
2026-03-04 04:05:00,5170.83,5185.2,5169.39,5184.55,3204.0
2026-03-04 04:10:00,5184.77,5191.09,5182.16,5190.07,3256.0
2026-03-04 04:15:00,5190.07,5190.07,5179.37,5183.96,2540.0
2026-03-04 04:20:00,5183.96,5185.22,5177.39,5178.84,2701.0
2026-03-04 04:25:00,5178.84,5181.9,5176.06,5177.79,2440.0
2026-03-04 04:30:00,5177.79,5180.04,5168.62,5170.09,3607.0
2026-03-04 04:35:00,5170.09,5172.25,5163.97,5171.83,2777.0
2026-03-04 04:40:00,5171.79,5180.36,5171.45,5180.36,2434.0
2026-03-04 04:45:00,5180.36,5181.05,5163.24,5165.57,2937.0
2026-03-04 04:50:00,5165.57,5172.06,5162.28,5163.34,3406.0
2026-03-04 04:55:00,5163.35,5166.22,5153.9,5156.39,3216.0
2026-03-04 05:00:00,5156.41,5160.27,5141.77,5143.11,3175.0
2026-03-04 05:05:00,5143.11,5153.37,5141.03,5152.53,2891.0
2026-03-04 05:10:00,5152.52,5157.01,5151.6,5156.01,2343.0
2026-03-04 05:15:00,5156.01,5162.2,5151.5,5160.86,2731.0
2026-03-04 05:20:00,5160.86,5166.52,5160.3,5165.8,2743.0
2026-03-04 05:25:00,5165.79,5168.29,5158.54,5162.66,3428.0
2026-03-04 05:30:00,5162.62,5167.84,5156.61,5156.9,2817.0
2026-03-04 05:35:00,5157.05,5161.61,5154.01,5160.46,2635.0
2026-03-04 05:40:00,5160.46,5164.67,5160.26,5162.99,2571.0
2026-03-04 05:45:00,5162.81,5167.82,5159.51,5166.72,2059.0
2026-03-04 05:50:00,5166.72,5172.24,5165.48,5169.36,2355.0
2026-03-04 05:55:00,5169.36,5177.53,5167.14,5174.44,1908.0
2026-03-04 06:00:00,5174.51,5177.79,5171.86,5174.74,2102.0
2026-03-04 06:05:00,5174.9,5178.93,5173.19,5174.28,2496.0
2026-03-04 06:10:00,5174.28,5181.03,5172.11,5174.12,1861.0
2026-03-04 06:15:00,5174.09,5174.27,5166.85,5168.99,2300.0
2026-03-04 06:20:00,5169.0,5170.62,5164.06,5165.06,1790.0
2026-03-04 06:25:00,5165.05,5171.67,5162.96,5168.02,1912.0
2026-03-04 06:30:00,5168.06,5170.76,5163.04,5170.65,2176.0
2026-03-04 06:35:00,5170.64,5170.7,5162.27,5164.73,1685.0
2026-03-04 06:40:00,5164.73,5164.74,5152.13,5161.71,2550.0
2026-03-04 06:45:00,5161.71,5165.13,5155.31,5155.31,1971.0
2026-03-04 06:50:00,5155.31,5160.5,5155.28,5158.1,1704.0
2026-03-04 06:55:00,5158.1,5160.23,5154.78,5156.94,1583.0
2026-03-04 07:00:00,5156.94,5160.71,5152.84,5154.06,2515.0
2026-03-04 07:05:00,5154.06,5162.4,5152.15,5158.45,2365.0
2026-03-04 07:10:00,5158.47,5166.3,5158.33,5161.14,2419.0
2026-03-04 07:15:00,5161.14,5165.98,5158.26,5158.71,2455.0
2026-03-04 07:20:00,5158.71,5159.76,5153.01,5153.73,2065.0
2026-03-04 07:25:00,5153.73,5157.06,5153.01,5156.66,2000.0
2026-03-04 07:30:00,5156.63,5165.83,5155.28,5165.27,2919.0
2026-03-04 07:35:00,5165.27,5166.31,5158.52,5161.58,2498.0
2026-03-04 07:40:00,5161.55,5167.67,5156.08,5160.31,2936.0
2026-03-04 07:45:00,5160.31,5167.73,5154.27,5166.35,3327.0
2026-03-04 07:50:00,5166.35,5168.32,5157.67,5158.2,2366.0
2026-03-04 07:55:00,5158.2,5162.42,5154.01,5160.07,2981.0
2026-03-04 08:00:00,5160.07,5160.07,5141.57,5142.05,3281.0
2026-03-04 08:05:00,5142.16,5144.07,5122.39,5142.32,3250.0
2026-03-04 08:10:00,5142.3,5148.74,5138.44,5142.09,3589.0
2026-03-04 08:15:00,5141.76,5150.52,5140.17,5144.64,3393.0
2026-03-04 08:20:00,5144.64,5145.28,5128.91,5134.62,3512.0
2026-03-04 08:25:00,5135.11,5140.37,5133.97,5134.51,2506.0
2026-03-04 08:30:00,5134.51,5153.26,5132.7,5151.58,3389.0
2026-03-04 08:35:00,5151.65,5156.13,5148.89,5148.89,3327.0
2026-03-04 08:40:00,5148.9,5153.73,5145.84,5148.74,2217.0
2026-03-04 08:45:00,5148.74,5153.46,5146.75,5149.58,2395.0
2026-03-04 08:50:00,5148.53,5158.11,5147.84,5151.25,2518.0
2026-03-04 08:55:00,5151.25,5160.82,5150.97,5160.82,2484.0
2026-03-04 09:00:00,5160.59,5170.68,5158.44,5167.17,3021.0
2026-03-04 09:05:00,5167.32,5175.13,5166.13,5174.88,2366.0
2026-03-04 09:10:00,5174.88,5175.98,5165.57,5167.66,2518.0
2026-03-04 09:15:00,5167.66,5169.82,5163.42,5165.65,2475.0
2026-03-04 09:20:00,5165.65,5172.97,5165.1,5171.48,1850.0
2026-03-04 09:25:00,5171.48,5174.63,5167.48,5167.65,2155.0
2026-03-04 09:30:00,5167.64,5170.47,5163.68,5167.44,2067.0
2026-03-04 09:35:00,5167.44,5173.24,5165.45,5172.07,1734.0
2026-03-04 09:40:00,5172.07,5172.56,5163.82,5169.59,1613.0
2026-03-04 09:45:00,5169.59,5175.91,5168.67,5175.47,1824.0
2026-03-04 09:50:00,5175.46,5175.46,5171.05,5171.53,1594.0
2026-03-04 09:55:00,5171.52,5172.09,5168.29,5168.29,1728.0
2026-03-04 10:00:00,5168.29,5172.24,5156.64,5156.64,2687.0
2026-03-04 10:05:00,5156.6,5160.55,5147.91,5148.85,4527.0
2026-03-04 10:10:00,5148.9,5157.91,5148.75,5157.29,2504.0
2026-03-04 10:15:00,5157.29,5161.43,5152.36,5154.59,1923.0
2026-03-04 10:20:00,5154.59,5168.81,5152.53,5164.05,1858.0
2026-03-04 10:25:00,5164.05,5164.97,5157.14,5162.8,1727.0
2026-03-04 10:30:00,5162.8,5167.88,5161.92,5165.36,2422.0
2026-03-04 10:35:00,5165.36,5170.52,5164.2,5170.45,1761.0
2026-03-04 10:40:00,5170.45,5176.18,5168.8,5175.77,2052.0
2026-03-04 10:45:00,5175.77,5181.55,5175.16,5181.0,1798.0
2026-03-04 10:50:00,5181.0,5182.22,5172.57,5174.58,1570.0
2026-03-04 10:55:00,5174.76,5174.9,5166.31,5167.63,2254.0
2026-03-04 11:00:00,5167.63,5169.59,5160.79,5164.99,2725.0
2026-03-04 11:05:00,5164.99,5168.54,5159.24,5165.74,2512.0
2026-03-04 11:10:00,5165.73,5171.42,5162.89,5164.12,2183.0
2026-03-04 11:15:00,5164.12,5175.47,5162.46,5174.97,2292.0
2026-03-04 11:20:00,5175.05,5178.52,5173.5,5176.9,1686.0
2026-03-04 11:25:00,5176.9,5177.22,5169.92,5170.9,1366.0
2026-03-04 11:30:00,5170.9,5174.72,5168.98,5173.47,1344.0
2026-03-04 11:35:00,5173.52,5185.02,5173.46,5183.56,1702.0
2026-03-04 11:40:00,5183.56,5183.77,5178.95,5182.56,1694.0
2026-03-04 11:45:00,5182.56,5184.99,5179.66,5182.57,1898.0
2026-03-04 11:50:00,5182.47,5183.82,5179.12,5179.59,1787.0
2026-03-04 11:55:00,5179.59,5182.53,5175.96,5182.34,1676.0
2026-03-04 12:00:00,5182.34,5186.49,5182.34,5185.52,1766.0
2026-03-04 12:05:00,5185.52,5194.83,5185.3,5194.73,2529.0
2026-03-04 12:10:00,5194.73,5198.1,5189.49,5198.1,3335.0
2026-03-04 12:15:00,5198.39,5202.58,5191.65,5192.77,3373.0
2026-03-04 12:20:00,5192.77,5193.42,5186.85,5188.92,2112.0
2026-03-04 12:25:00,5188.89,5192.92,5186.94,5188.18,2267.0
2026-03-04 12:30:00,5188.18,5189.89,5182.77,5187.24,2166.0
2026-03-04 12:35:00,5187.24,5188.27,5179.59,5188.1,1967.0
2026-03-04 12:40:00,5188.09,5191.28,5184.3,5185.51,1625.0
2026-03-04 12:45:00,5185.51,5187.46,5181.55,5187.43,1450.0
2026-03-04 12:50:00,5187.43,5188.44,5183.59,5187.96,1567.0
2026-03-04 12:55:00,5187.96,5193.84,5186.13,5189.87,1286.0
2026-03-04 13:00:00,5189.87,5193.16,5189.17,5191.29,1467.0
2026-03-04 13:05:00,5191.29,5192.11,5187.75,5191.39,1146.0
2026-03-04 13:10:00,5191.39,5196.56,5190.95,5195.14,1574.0
2026-03-04 13:15:00,5195.14,5195.72,5190.3,5191.71,1265.0
2026-03-04 13:20:00,5191.7,5197.4,5190.41,5196.39,1323.0
2026-03-04 13:25:00,5196.39,5197.67,5194.17,5194.96,1255.0
2026-03-04 13:30:00,5194.95,5198.35,5193.97,5198.09,1641.0
2026-03-04 13:35:00,5198.09,5200.77,5196.01,5197.01,1912.0
2026-03-04 13:40:00,5197.01,5197.15,5190.98,5192.99,1705.0
2026-03-04 13:45:00,5192.99,5194.45,5190.39,5192.02,1331.0
2026-03-04 13:50:00,5192.02,5193.0,5187.74,5191.04,1338.0
2026-03-04 13:55:00,5191.08,5194.4,5189.76,5192.23,1729.0
2026-03-04 14:00:00,5192.23,5206.14,5192.2,5201.47,2286.0
2026-03-04 14:05:00,5201.47,5202.28,5198.44,5199.91,2061.0
2026-03-04 14:10:00,5199.91,5200.51,5197.17,5197.51,1406.0
2026-03-04 14:15:00,5197.51,5197.76,5177.63,5183.88,2757.0
2026-03-04 14:20:00,5183.88,5184.47,5179.28,5179.3,2363.0
2026-03-04 14:25:00,5179.3,5182.22,5174.21,5178.43,2528.0
2026-03-04 14:30:00,5178.43,5178.54,5168.73,5172.05,4532.0
2026-03-04 14:35:00,5172.05,5174.91,5165.5,5167.59,2837.0
2026-03-04 14:40:00,5167.59,5167.87,5156.27,5167.02,3882.0
2026-03-04 14:45:00,5167.02,5173.18,5163.77,5171.93,1993.0
2026-03-04 14:50:00,5171.93,5173.3,5167.77,5168.3,1720.0
2026-03-04 14:55:00,5168.3,5171.7,5159.7,5171.19,2182.0
2026-03-04 15:00:00,5171.19,5181.8,5171.0,5176.1,3853.0
2026-03-04 15:05:00,5176.1,5188.8,5175.22,5188.43,3291.0
2026-03-04 15:10:00,5188.44,5196.32,5187.21,5193.43,2675.0
2026-03-04 15:15:00,5193.43,5195.48,5186.73,5188.02,2938.0
2026-03-04 15:20:00,5188.19,5189.76,5179.25,5186.3,3157.0
2026-03-04 15:25:00,5186.3,5195.26,5186.3,5192.33,2935.0
2026-03-04 15:30:00,5192.33,5192.95,5183.99,5188.31,2995.0
2026-03-04 15:35:00,5188.31,5191.04,5185.1,5186.0,2935.0
2026-03-04 15:40:00,5186.07,5190.57,5181.96,5188.39,2677.0
2026-03-04 15:45:00,5188.39,5192.32,5187.9,5189.62,2137.0
2026-03-04 15:50:00,5189.62,5189.85,5179.36,5182.21,2922.0
2026-03-04 15:55:00,5182.21,5182.62,5167.48,5167.96,3499.0
2026-03-04 16:00:00,5167.96,5180.79,5167.19,5173.51,3311.0
2026-03-04 16:05:00,5173.42,5179.67,5171.75,5174.13,3147.0
2026-03-04 16:10:00,5174.13,5174.23,5164.03,5165.25,3664.0
2026-03-04 16:15:00,5165.26,5174.19,5163.13,5174.03,4283.0
2026-03-04 16:20:00,5174.03,5175.25,5161.9,5163.17,4215.0
2026-03-04 16:25:00,5163.16,5169.47,5160.03,5166.33,3784.0
2026-03-04 16:30:00,5166.33,5185.18,5163.16,5179.55,5208.0
2026-03-04 16:35:00,5179.64,5184.8,5168.01,5174.01,6085.0
2026-03-04 16:40:00,5174.01,5181.05,5167.52,5171.76,5324.0
2026-03-04 16:45:00,5171.76,5179.7,5143.62,5155.82,6459.0
2026-03-04 16:50:00,5155.83,5161.64,5145.01,5152.27,6054.0
2026-03-04 16:55:00,5152.27,5152.28,5138.74,5146.48,5493.0
2026-03-04 17:00:00,5145.48,5162.93,5143.44,5159.64,5866.0
2026-03-04 17:05:00,5159.64,5161.76,5140.28,5151.27,5969.0
2026-03-04 17:10:00,5151.28,5153.67,5131.3,5134.48,5931.0
2026-03-04 17:15:00,5134.45,5146.19,5132.74,5141.9,5704.0
2026-03-04 17:20:00,5141.91,5152.0,5141.38,5149.08,4786.0
2026-03-04 17:25:00,5149.03,5159.97,5148.5,5156.3,4435.0
2026-03-04 17:30:00,5156.23,5162.18,5156.19,5161.51,5032.0
2026-03-04 17:35:00,5161.51,5167.13,5152.31,5153.09,4704.0
2026-03-04 17:40:00,5153.09,5154.95,5137.64,5143.95,5537.0
2026-03-04 17:45:00,5143.95,5144.25,5133.46,5140.86,4455.0
2026-03-04 17:50:00,5140.9,5152.17,5138.35,5148.85,3870.0
2026-03-04 17:55:00,5148.78,5153.06,5146.61,5151.44,3492.0
2026-03-04 18:00:00,5151.46,5162.57,5151.42,5157.68,4127.0
2026-03-04 18:05:00,5157.68,5158.71,5148.9,5149.57,4036.0
2026-03-04 18:10:00,5149.57,5153.27,5143.45,5148.55,4350.0
2026-03-04 18:15:00,5148.56,5149.78,5142.96,5147.84,3803.0
2026-03-04 18:20:00,5147.84,5155.98,5138.31,5141.02,3709.0
2026-03-04 18:25:00,5141.01,5153.36,5140.78,5146.21,3798.0
2026-03-04 18:30:00,5146.21,5155.29,5144.11,5153.36,3726.0
2026-03-04 18:35:00,5153.36,5156.25,5149.27,5151.06,3117.0
2026-03-04 18:40:00,5151.06,5159.21,5146.68,5146.81,3499.0
2026-03-04 18:45:00,5146.81,5152.85,5142.93,5148.09,3161.0
2026-03-04 18:50:00,5148.09,5151.38,5144.36,5148.15,2853.0
2026-03-04 18:55:00,5148.14,5150.4,5145.56,5149.8,2358.0
2026-03-04 19:00:00,5149.8,5151.92,5145.01,5149.72,2634.0
2026-03-04 19:05:00,5149.7,5153.08,5146.85,5147.4,3125.0
2026-03-04 19:10:00,5147.58,5149.74,5143.05,5147.39,2458.0
2026-03-04 19:15:00,5147.39,5149.65,5145.87,5147.02,2109.0
2026-03-04 19:20:00,5147.02,5147.4,5120.33,5128.27,4079.0
2026-03-04 19:25:00,5128.27,5139.86,5128.15,5133.67,4162.0
2026-03-04 19:30:00,5133.67,5138.41,5128.32,5136.37,3992.0
2026-03-04 19:35:00,5136.37,5138.32,5132.44,5134.4,2966.0
2026-03-04 19:40:00,5134.4,5139.3,5132.41,5137.57,2609.0
2026-03-04 19:45:00,5137.59,5141.1,5135.67,5140.26,2953.0
2026-03-04 19:50:00,5140.26,5145.67,5139.06,5143.09,2470.0
2026-03-04 19:55:00,5143.09,5147.66,5139.05,5141.12,3072.0
2026-03-04 20:00:00,5141.12,5143.55,5132.1,5133.86,3766.0
2026-03-04 20:05:00,5133.79,5137.27,5129.42,5131.31,3415.0
2026-03-04 20:10:00,5131.31,5131.31,5117.5,5124.73,4632.0
2026-03-04 20:15:00,5124.73,5126.15,5117.37,5118.77,3178.0
2026-03-04 20:20:00,5118.8,5128.17,5111.39,5125.62,4515.0
2026-03-04 20:25:00,5125.62,5128.04,5120.85,5124.01,3299.0
2026-03-04 20:30:00,5124.01,5129.81,5120.36,5125.98,2693.0
2026-03-04 20:35:00,5125.98,5130.07,5117.31,5118.23,2445.0
2026-03-04 20:40:00,5118.22,5126.7,5108.83,5125.26,3006.0
2026-03-04 20:45:00,5125.26,5132.73,5123.8,5132.27,2514.0
2026-03-04 20:50:00,5132.26,5134.36,5129.95,5130.53,2252.0
2026-03-04 20:55:00,5130.59,5134.87,5129.26,5134.01,1699.0
2026-03-04 21:00:00,5134.01,5136.8,5128.86,5130.77,1958.0
2026-03-04 21:05:00,5130.75,5133.81,5130.11,5133.09,1275.0
2026-03-04 21:10:00,5133.12,5133.43,5126.24,5131.26,1575.0
2026-03-04 21:15:00,5131.26,5133.29,5126.89,5127.32,1795.0
2026-03-04 21:20:00,5127.31,5129.32,5125.98,5127.02,1650.0
2026-03-04 21:25:00,5127.02,5128.42,5124.59,5124.7,1753.0
2026-03-04 21:30:00,5124.7,5130.64,5123.37,5127.53,1830.0
2026-03-04 21:35:00,5127.49,5129.66,5125.41,5127.43,1941.0
2026-03-04 21:40:00,5127.43,5132.23,5126.88,5130.96,2154.0
2026-03-04 21:45:00,5130.96,5135.63,5129.72,5133.43,2146.0
2026-03-04 21:50:00,5133.43,5136.65,5131.97,5135.67,1790.0
2026-03-04 21:55:00,5135.62,5139.67,5135.13,5137.94,1864.0
2026-03-04 22:00:00,5137.85,5138.91,5133.78,5134.32,2139.0
2026-03-04 22:05:00,5134.29,5135.21,5129.78,5130.64,2429.0
2026-03-04 22:10:00,5130.64,5131.92,5126.93,5130.02,1838.0
2026-03-04 22:15:00,5130.05,5130.06,5123.78,5128.17,2012.0
2026-03-04 22:20:00,5128.15,5132.78,5127.7,5131.75,2390.0
2026-03-04 22:25:00,5131.75,5138.47,5131.69,5137.28,1650.0
2026-03-04 22:30:00,5137.29,5140.49,5137.29,5137.99,2016.0
2026-03-04 22:35:00,5137.98,5142.85,5137.01,5141.06,1758.0
2026-03-04 22:40:00,5141.07,5146.78,5140.59,5144.07,1610.0
2026-03-04 22:45:00,5144.15,5144.65,5136.72,5140.03,1837.0
2026-03-04 22:50:00,5139.95,5139.95,5133.76,5134.89,2754.0
2026-03-04 22:55:00,5134.88,5138.2,5132.94,5134.79,2474.0
2026-03-04 23:00:00,5134.81,5141.76,5133.85,5140.66,1327.0
2026-03-04 23:05:00,5140.66,5142.09,5137.63,5140.82,833.0
2026-03-04 23:10:00,5140.81,5144.08,5138.31,5140.45,702.0
2026-03-04 23:15:00,5140.39,5141.13,5139.68,5140.85,527.0
2026-03-04 23:20:00,5140.85,5141.47,5136.18,5137.7,675.0
2026-03-04 23:25:00,5137.7,5141.45,5136.28,5141.25,955.0
2026-03-04 23:30:00,5141.32,5141.8,5129.52,5129.72,962.0
2026-03-04 23:35:00,5129.72,5137.56,5129.67,5137.33,1060.0
2026-03-04 23:40:00,5137.32,5137.32,5134.64,5135.56,683.0
2026-03-04 23:45:00,5135.57,5137.62,5134.92,5135.79,775.0
2026-03-04 23:50:00,5135.79,5142.1,5134.93,5141.93,775.0
2026-03-04 23:55:00,5141.93,5141.93,5138.64,5140.02,387.0
2026-03-05 01:00:00,5140.17,5154.17,5140.17,5152.14,846.0
2026-03-05 01:05:00,5152.14,5154.8,5147.37,5152.87,1049.0
2026-03-05 01:10:00,5152.87,5154.9,5144.76,5146.99,756.0
2026-03-05 01:15:00,5146.99,5155.75,5146.51,5154.12,727.0
2026-03-05 01:20:00,5154.12,5155.55,5151.76,5155.12,588.0
2026-03-05 01:25:00,5155.12,5156.88,5151.97,5154.78,811.0
2026-03-05 01:30:00,5154.78,5156.42,5152.99,5153.46,514.0
2026-03-05 01:35:00,5153.46,5154.12,5148.8,5152.08,840.0
2026-03-05 01:40:00,5152.09,5156.31,5151.77,5155.76,911.0
2026-03-05 01:45:00,5155.76,5163.0,5155.0,5159.15,1684.0
2026-03-05 01:50:00,5159.15,5162.09,5156.89,5160.22,1408.0
2026-03-05 01:55:00,5160.22,5166.19,5160.11,5165.18,943.0
2026-03-05 02:00:00,5165.18,5166.39,5159.5,5165.26,1417.0
2026-03-05 02:05:00,5165.2,5168.25,5163.76,5167.3,1241.0
2026-03-05 02:10:00,5167.3,5172.83,5167.28,5171.12,1514.0
2026-03-05 02:15:00,5171.12,5177.97,5170.76,5177.75,766.0
2026-03-05 02:20:00,5177.75,5179.88,5176.04,5177.06,1235.0
2026-03-05 02:25:00,5177.06,5177.8,5172.25,5173.48,1326.0
2026-03-05 02:30:00,5173.48,5173.65,5170.07,5171.86,973.0
2026-03-05 02:35:00,5171.86,5171.91,5168.36,5170.3,904.0
2026-03-05 02:40:00,5170.3,5176.87,5170.29,5171.54,909.0
2026-03-05 02:45:00,5171.54,5177.21,5166.39,5176.69,1069.0
2026-03-05 02:50:00,5176.69,5177.32,5170.26,5170.32,1431.0
2026-03-05 02:55:00,5170.32,5172.75,5166.54,5172.62,1487.0
2026-03-05 03:00:00,5172.62,5178.29,5169.77,5174.13,3240.0
2026-03-05 03:05:00,5174.13,5181.55,5174.13,5180.83,2250.0
2026-03-05 03:10:00,5180.83,5186.54,5176.19,5176.52,2492.0
2026-03-05 03:15:00,5176.52,5182.47,5175.61,5179.71,2322.0
2026-03-05 03:20:00,5179.71,5179.71,5173.6,5173.98,2654.0
2026-03-05 03:25:00,5173.98,5178.9,5172.6,5177.56,2230.0
2026-03-05 03:30:00,5177.56,5179.06,5172.95,5176.05,2955.0
2026-03-05 03:35:00,5176.05,5176.08,5170.23,5174.83,2300.0
2026-03-05 03:40:00,5174.83,5177.37,5167.56,5172.72,3246.0
2026-03-05 03:45:00,5172.71,5176.7,5170.1,5175.58,2453.0
2026-03-05 03:50:00,5175.56,5180.14,5173.82,5174.49,2472.0
2026-03-05 03:55:00,5174.49,5174.96,5169.42,5172.73,2530.0
2026-03-05 04:00:00,5172.69,5178.39,5171.73,5177.32,2867.0
2026-03-05 04:05:00,5177.31,5181.83,5172.94,5174.9,2195.0
2026-03-05 04:10:00,5174.9,5179.49,5172.83,5178.66,2680.0
2026-03-05 04:15:00,5178.66,5182.98,5176.58,5181.96,1551.0
2026-03-05 04:20:00,5181.94,5188.24,5178.18,5181.64,1688.0
2026-03-05 04:25:00,5181.56,5185.81,5180.98,5184.16,1758.0
2026-03-05 04:30:00,5184.18,5187.24,5181.43,5184.55,2369.0
2026-03-05 04:35:00,5184.44,5184.52,5176.64,5179.63,2261.0
2026-03-05 04:40:00,5179.63,5182.81,5174.7,5175.57,2120.0
2026-03-05 04:45:00,5175.64,5181.69,5174.33,5180.93,2158.0
2026-03-05 04:50:00,5180.98,5189.98,5180.11,5187.59,2145.0
2026-03-05 04:55:00,5187.59,5192.5,5186.24,5192.05,1927.0
2026-03-05 05:00:00,5192.05,5193.74,5189.68,5192.74,2180.0
2026-03-05 05:05:00,5192.69,5195.01,5188.1,5188.26,2187.0
2026-03-05 05:10:00,5188.25,5188.95,5184.0,5185.87,1672.0
2026-03-05 05:15:00,5185.89,5191.2,5185.21,5188.21,1436.0
2026-03-05 05:20:00,5188.21,5189.6,5185.97,5187.08,1508.0
2026-03-05 05:25:00,5187.07,5187.38,5184.63,5185.09,1592.0
2026-03-05 05:30:00,5185.08,5188.43,5181.38,5187.22,1313.0
2026-03-05 05:35:00,5187.2,5190.9,5184.78,5187.57,1248.0
2026-03-05 05:40:00,5187.57,5189.66,5187.57,5188.62,1058.0
2026-03-05 05:45:00,5188.62,5191.11,5183.94,5183.97,1241.0
2026-03-05 05:50:00,5183.97,5186.31,5182.92,5183.4,1067.0
2026-03-05 05:55:00,5183.4,5184.64,5178.31,5180.27,1353.0
2026-03-05 06:00:00,5180.26,5183.73,5176.83,5182.24,1247.0
2026-03-05 06:05:00,5182.24,5185.49,5182.13,5184.01,977.0
2026-03-05 06:10:00,5184.01,5185.81,5182.07,5183.72,745.0
2026-03-05 06:15:00,5183.71,5186.67,5180.8,5182.39,1146.0
2026-03-05 06:20:00,5182.39,5184.98,5181.98,5183.1,898.0
2026-03-05 06:25:00,5183.1,5183.62,5174.83,5178.41,1259.0
2026-03-05 06:30:00,5178.41,5180.27,5177.37,5177.67,1042.0
2026-03-05 06:35:00,5177.68,5179.29,5176.69,5176.69,1088.0
2026-03-05 06:40:00,5176.69,5177.51,5173.79,5174.45,768.0
2026-03-05 06:45:00,5174.45,5175.76,5169.02,5170.03,1159.0
2026-03-05 06:50:00,5170.03,5170.74,5166.39,5168.43,1287.0
2026-03-05 06:55:00,5168.43,5172.86,5166.35,5171.72,1109.0
2026-03-05 07:00:00,5171.72,5175.08,5169.18,5173.93,1364.0
2026-03-05 07:05:00,5173.93,5176.41,5173.7,5175.61,995.0
2026-03-05 07:10:00,5175.61,5176.82,5173.82,5175.59,899.0
2026-03-05 07:15:00,5175.59,5176.71,5170.59,5171.07,1276.0
2026-03-05 07:20:00,5171.07,5172.93,5169.94,5172.53,850.0
2026-03-05 07:25:00,5172.51,5174.07,5172.13,5172.49,951.0
2026-03-05 07:30:00,5172.49,5174.38,5164.48,5167.73,2351.0
2026-03-05 07:35:00,5167.73,5170.77,5161.94,5164.87,2348.0
2026-03-05 07:40:00,5164.87,5168.32,5164.2,5166.45,1665.0
2026-03-05 07:45:00,5166.45,5169.46,5162.04,5166.19,1880.0
2026-03-05 07:50:00,5166.16,5166.16,5156.14,5158.03,2337.0
2026-03-05 07:55:00,5158.04,5160.07,5148.4,5148.62,2218.0
2026-03-05 08:00:00,5148.62,5155.37,5145.33,5154.74,2785.0
2026-03-05 08:05:00,5154.72,5155.37,5133.23,5139.71,3861.0
2026-03-05 08:10:00,5139.77,5139.77,5120.65,5132.64,4772.0
2026-03-05 08:15:00,5132.82,5136.54,5124.54,5135.46,3408.0
2026-03-05 08:20:00,5135.47,5143.03,5133.47,5142.16,2530.0
2026-03-05 08:25:00,5142.16,5143.92,5139.93,5143.05,2328.0
2026-03-05 08:30:00,5143.04,5148.29,5140.06,5147.53,2364.0
2026-03-05 08:35:00,5147.53,5153.7,5142.36,5151.43,2239.0
2026-03-05 08:40:00,5151.43,5156.75,5146.95,5150.89,1994.0
2026-03-05 08:45:00,5150.89,5158.83,5149.12,5158.82,1809.0
2026-03-05 08:50:00,5158.82,5160.48,5155.87,5156.16,2227.0
2026-03-05 08:55:00,5156.16,5168.81,5156.16,5167.66,2548.0
2026-03-05 09:00:00,5167.66,5172.78,5165.19,5170.62,2204.0
2026-03-05 09:05:00,5170.62,5172.61,5162.91,5164.9,2167.0
2026-03-05 09:10:00,5164.9,5167.86,5161.44,5162.1,1836.0
2026-03-05 09:15:00,5162.1,5168.09,5160.03,5165.31,2202.0
2026-03-05 09:20:00,5165.31,5166.95,5162.72,5165.48,2169.0
2026-03-05 09:25:00,5165.48,5167.0,5163.07,5166.31,1673.0
2026-03-05 09:30:00,5166.3,5167.15,5161.06,5161.36,2449.0
2026-03-05 09:35:00,5161.36,5163.97,5159.71,5161.07,2888.0
2026-03-05 09:40:00,5161.08,5165.66,5160.22,5160.39,2328.0
2026-03-05 09:45:00,5160.39,5166.16,5158.99,5163.59,1861.0
2026-03-05 09:50:00,5163.59,5164.62,5159.51,5159.85,1874.0
2026-03-05 09:55:00,5159.85,5163.46,5159.19,5162.29,1892.0
2026-03-05 10:00:00,5162.29,5162.62,5154.85,5156.34,2738.0
2026-03-05 10:05:00,5156.32,5157.62,5147.47,5148.85,2619.0
2026-03-05 10:10:00,5148.86,5150.34,5141.9,5141.91,2330.0
2026-03-05 10:15:00,5141.91,5144.27,5139.31,5139.84,2306.0
2026-03-05 10:20:00,5139.84,5148.68,5137.79,5145.64,2233.0
2026-03-05 10:25:00,5145.65,5147.25,5142.23,5144.65,2271.0
2026-03-05 10:30:00,5144.65,5153.47,5143.73,5150.23,2326.0
2026-03-05 10:35:00,5150.23,5162.28,5150.19,5160.25,2362.0
2026-03-05 10:40:00,5160.25,5163.56,5158.55,5161.28,1820.0
2026-03-05 10:45:00,5161.28,5168.86,5161.28,5168.21,2148.0
2026-03-05 10:50:00,5168.31,5168.48,5163.69,5167.2,1982.0
2026-03-05 10:55:00,5167.68,5170.21,5163.24,5165.7,2347.0
2026-03-05 11:00:00,5165.68,5167.73,5161.48,5164.46,3013.0
2026-03-05 11:05:00,5164.46,5180.5,5163.49,5176.7,4231.0
2026-03-05 11:10:00,5176.72,5180.28,5173.01,5179.54,4201.0
2026-03-05 11:15:00,5179.54,5180.61,5171.82,5174.52,2823.0
2026-03-05 11:20:00,5174.5,5177.33,5171.31,5171.99,2448.0
2026-03-05 11:25:00,5171.99,5173.14,5167.09,5169.69,1911.0
2026-03-05 11:30:00,5169.67,5169.8,5162.73,5165.85,2027.0
2026-03-05 11:35:00,5165.85,5168.46,5153.66,5156.34,2356.0
2026-03-05 11:40:00,5156.37,5166.43,5153.95,5162.6,2251.0
2026-03-05 11:45:00,5162.6,5165.36,5157.21,5164.66,2141.0
2026-03-05 11:50:00,5164.66,5164.87,5161.28,5162.16,1635.0
2026-03-05 11:55:00,5162.16,5163.46,5160.68,5161.03,1629.0
2026-03-05 12:00:00,5160.96,5161.0,5149.27,5150.04,1881.0
2026-03-05 12:05:00,5150.04,5152.57,5146.35,5151.06,2149.0
2026-03-05 12:10:00,5151.03,5155.16,5149.99,5154.4,1681.0
2026-03-05 12:15:00,5154.4,5156.06,5153.63,5153.93,1505.0
2026-03-05 12:20:00,5153.93,5155.11,5151.65,5154.24,1680.0
2026-03-05 12:25:00,5154.24,5158.65,5152.6,5156.24,1746.0
2026-03-05 12:30:00,5156.15,5158.85,5152.97,5153.66,1928.0
2026-03-05 12:35:00,5153.66,5158.23,5147.64,5156.29,1695.0
2026-03-05 12:40:00,5156.29,5157.98,5154.71,5157.12,1211.0
2026-03-05 12:45:00,5157.13,5162.17,5156.4,5160.31,1753.0
2026-03-05 12:50:00,5160.33,5166.5,5160.33,5166.27,1622.0
2026-03-05 12:55:00,5166.19,5167.63,5164.6,5164.66,1498.0
2026-03-05 13:00:00,5164.66,5168.02,5164.06,5165.33,1454.0
2026-03-05 13:05:00,5165.33,5167.23,5161.59,5163.59,1603.0
2026-03-05 13:10:00,5163.59,5164.91,5162.45,5164.6,1121.0
2026-03-05 13:15:00,5164.6,5166.95,5163.34,5164.53,1423.0
2026-03-05 13:20:00,5164.53,5166.01,5162.36,5164.63,986.0
2026-03-05 13:25:00,5164.63,5165.4,5161.05,5163.09,977.0
2026-03-05 13:30:00,5163.09,5164.76,5160.44,5162.31,860.0
2026-03-05 13:35:00,5162.31,5162.86,5157.08,5157.28,1305.0
2026-03-05 13:40:00,5157.28,5161.88,5156.97,5160.99,1579.0
2026-03-05 13:45:00,5160.99,5163.28,5160.5,5163.14,865.0
2026-03-05 13:50:00,5163.14,5165.11,5162.06,5162.82,1091.0
2026-03-05 13:55:00,5162.82,5164.16,5160.43,5163.79,1189.0
2026-03-05 14:00:00,5163.8,5166.72,5163.17,5166.7,1332.0
2026-03-05 14:05:00,5166.7,5171.05,5165.84,5168.81,1486.0
2026-03-05 14:10:00,5168.81,5171.53,5167.54,5168.59,1394.0
2026-03-05 14:15:00,5168.59,5170.4,5163.88,5170.31,1342.0
2026-03-05 14:20:00,5170.31,5170.59,5163.59,5164.44,1712.0
2026-03-05 14:25:00,5164.44,5167.21,5161.92,5161.95,1218.0
2026-03-05 14:30:00,5161.95,5166.37,5160.93,5166.37,1211.0
2026-03-05 14:35:00,5166.37,5167.84,5164.34,5165.68,1151.0
2026-03-05 14:40:00,5165.72,5166.75,5162.49,5162.54,1525.0
2026-03-05 14:45:00,5162.53,5164.7,5160.97,5162.06,1297.0
2026-03-05 14:50:00,5162.06,5166.2,5161.69,5164.97,1525.0
2026-03-05 14:55:00,5164.98,5165.62,5161.55,5162.68,1345.0
2026-03-05 15:00:00,5162.68,5164.16,5151.71,5154.39,3207.0
2026-03-05 15:05:00,5154.39,5160.0,5149.21,5149.21,2766.0
2026-03-05 15:10:00,5149.21,5156.33,5146.57,5155.93,2341.0
2026-03-05 15:15:00,5155.93,5160.13,5127.04,5131.34,4739.0
2026-03-05 15:20:00,5131.34,5132.96,5083.3,5104.64,6411.0
2026-03-05 15:25:00,5104.64,5127.62,5099.72,5122.3,4560.0
2026-03-05 15:30:00,5122.29,5130.37,5114.97,5129.25,2976.0
2026-03-05 15:35:00,5129.17,5135.38,5126.05,5128.24,3316.0
2026-03-05 15:40:00,5128.24,5138.01,5125.59,5131.4,3168.0
2026-03-05 15:45:00,5131.45,5132.14,5114.82,5119.75,3416.0
2026-03-05 15:50:00,5119.75,5128.78,5119.3,5121.95,3295.0
2026-03-05 15:55:00,5121.97,5122.12,5109.91,5118.07,3543.0
2026-03-05 16:00:00,5118.07,5129.75,5110.3,5128.99,3622.0
2026-03-05 16:05:00,5128.99,5130.06,5118.95,5121.17,2966.0
2026-03-05 16:10:00,5121.17,5124.02,5111.86,5112.95,2920.0
2026-03-05 16:15:00,5112.95,5116.48,5102.93,5108.77,3751.0
2026-03-05 16:20:00,5108.77,5114.7,5103.24,5112.37,3250.0
2026-03-05 16:25:00,5112.37,5120.97,5111.2,5120.35,2769.0
2026-03-05 16:30:00,5120.34,5123.41,5105.24,5122.84,5068.0
2026-03-05 16:35:00,5122.66,5123.81,5090.9,5097.91,5111.0
2026-03-05 16:40:00,5097.97,5109.02,5090.91,5097.51,5864.0
2026-03-05 16:45:00,5097.53,5107.54,5091.43,5097.47,5679.0
2026-03-05 16:50:00,5097.47,5106.28,5094.25,5102.53,5188.0
2026-03-05 16:55:00,5102.58,5111.11,5097.6,5102.23,5502.0
2026-03-05 17:00:00,5102.23,5119.98,5095.91,5096.53,4900.0
2026-03-05 17:05:00,5096.87,5105.97,5060.45,5070.52,6133.0
2026-03-05 17:10:00,5070.52,5087.84,5064.18,5085.41,5563.0
2026-03-05 17:15:00,5085.4,5094.05,5081.71,5087.38,4936.0
2026-03-05 17:20:00,5087.38,5089.05,5078.44,5078.99,5164.0
2026-03-05 17:25:00,5079.0,5087.2,5071.97,5086.52,5425.0
2026-03-05 17:30:00,5086.52,5093.0,5082.0,5092.95,4611.0
2026-03-05 17:35:00,5092.95,5093.84,5079.75,5083.78,5390.0
2026-03-05 17:40:00,5083.78,5089.2,5077.78,5080.53,4492.0
2026-03-05 17:45:00,5080.53,5092.11,5079.55,5088.25,4179.0
2026-03-05 17:50:00,5088.25,5098.31,5086.99,5097.73,3869.0
2026-03-05 17:55:00,5097.58,5103.15,5091.94,5102.56,3562.0
2026-03-05 18:00:00,5102.59,5104.65,5093.71,5093.98,3572.0
2026-03-05 18:05:00,5093.96,5094.51,5076.15,5077.14,3805.0
2026-03-05 18:10:00,5077.14,5083.84,5074.26,5083.13,3419.0
2026-03-05 18:15:00,5083.13,5085.3,5072.54,5078.15,3443.0
2026-03-05 18:20:00,5078.15,5079.75,5063.65,5064.41,3583.0
2026-03-05 18:25:00,5064.41,5074.22,5060.2,5063.86,4453.0
2026-03-05 18:30:00,5063.86,5068.51,5054.36,5063.97,5146.0
2026-03-05 18:35:00,5063.84,5070.22,5058.25,5066.74,4561.0
2026-03-05 18:40:00,5066.74,5072.76,5061.87,5070.93,4123.0
2026-03-05 18:45:00,5070.94,5079.33,5070.94,5079.13,3397.0
2026-03-05 18:50:00,5079.13,5081.35,5070.32,5078.48,3396.0
2026-03-05 18:55:00,5078.48,5080.55,5073.54,5077.73,3107.0
2026-03-05 19:00:00,5077.73,5086.51,5074.12,5086.32,3548.0
2026-03-05 19:05:00,5086.32,5088.55,5081.87,5087.09,3148.0
2026-03-05 19:10:00,5087.09,5089.58,5082.76,5086.44,2827.0
2026-03-05 19:15:00,5086.56,5088.8,5082.06,5084.72,3444.0
2026-03-05 19:20:00,5084.72,5086.45,5079.51,5084.1,2995.0
2026-03-05 19:25:00,5084.1,5086.51,5074.92,5075.18,2990.0
2026-03-05 19:30:00,5075.24,5077.32,5066.78,5069.17,3796.0
2026-03-05 19:35:00,5069.3,5069.32,5055.02,5067.46,4718.0
2026-03-05 19:40:00,5067.46,5070.51,5058.43,5063.62,3595.0
2026-03-05 19:45:00,5063.62,5069.27,5060.02,5066.77,3484.0
2026-03-05 19:50:00,5066.73,5068.46,5058.47,5059.13,4040.0
2026-03-05 19:55:00,5059.28,5065.63,5055.74,5062.95,4076.0
2026-03-05 20:00:00,5062.93,5065.82,5050.88,5065.82,5715.0
2026-03-05 20:05:00,5065.82,5071.87,5063.43,5068.89,3518.0
2026-03-05 20:10:00,5068.89,5073.6,5068.38,5071.94,3297.0
2026-03-05 20:15:00,5071.92,5076.06,5070.21,5071.14,3548.0
2026-03-05 20:20:00,5071.15,5076.05,5064.36,5066.27,3927.0
2026-03-05 20:25:00,5066.29,5072.21,5061.51,5071.27,4093.0
2026-03-05 20:30:00,5071.26,5079.38,5070.7,5074.79,3327.0
2026-03-05 20:35:00,5074.96,5081.62,5071.29,5080.89,2865.0
2026-03-05 20:40:00,5080.84,5085.5,5080.22,5083.14,2526.0
2026-03-05 20:45:00,5083.25,5083.7,5077.12,5079.05,2705.0
2026-03-05 20:50:00,5079.05,5079.05,5067.21,5072.72,2665.0
2026-03-05 20:55:00,5072.72,5074.35,5067.76,5069.5,2300.0
2026-03-05 21:00:00,5069.51,5078.94,5067.59,5078.52,2810.0
2026-03-05 21:05:00,5078.52,5081.37,5075.26,5076.57,2657.0
2026-03-05 21:10:00,5076.57,5077.45,5073.01,5073.49,2403.0
2026-03-05 21:15:00,5073.49,5073.52,5062.15,5070.25,2912.0
2026-03-05 21:20:00,5070.25,5072.32,5063.81,5070.1,2883.0
2026-03-05 21:25:00,5070.1,5070.88,5063.43,5066.9,2543.0
2026-03-05 21:30:00,5066.9,5067.04,5057.85,5060.74,3037.0
2026-03-05 21:35:00,5060.74,5063.74,5055.78,5060.66,3079.0
2026-03-05 21:40:00,5060.74,5067.25,5060.38,5065.76,3075.0
2026-03-05 21:45:00,5065.76,5069.99,5063.63,5067.39,2765.0
2026-03-05 21:50:00,5067.38,5070.58,5063.86,5065.86,3122.0
2026-03-05 21:55:00,5065.45,5068.02,5062.26,5066.11,3048.0
2026-03-05 22:00:00,5066.11,5069.5,5063.88,5068.08,2981.0
2026-03-05 22:05:00,5067.96,5070.69,5061.61,5067.23,3002.0
2026-03-05 22:10:00,5067.26,5079.87,5066.83,5079.04,3326.0
2026-03-05 22:15:00,5079.12,5094.8,5079.02,5090.81,3386.0
2026-03-05 22:20:00,5090.81,5092.38,5078.21,5080.67,2988.0
2026-03-05 22:25:00,5080.67,5086.54,5076.15,5080.66,2905.0
2026-03-05 22:30:00,5080.68,5082.55,5075.74,5076.68,3103.0
2026-03-05 22:35:00,5076.68,5081.52,5074.27,5078.58,2447.0
2026-03-05 22:40:00,5078.58,5082.03,5075.81,5080.66,2462.0
2026-03-05 22:45:00,5080.66,5081.75,5072.87,5079.63,2578.0
2026-03-05 22:50:00,5079.7,5081.46,5073.87,5076.92,3375.0
2026-03-05 22:55:00,5076.92,5081.38,5075.34,5076.71,3256.0
2026-03-05 23:00:00,5076.71,5080.66,5075.69,5079.51,1078.0
2026-03-05 23:05:00,5079.51,5084.22,5077.53,5078.19,843.0
2026-03-05 23:10:00,5078.16,5078.51,5071.93,5076.38,1038.0
2026-03-05 23:15:00,5076.39,5080.05,5075.48,5077.61,769.0
2026-03-05 23:20:00,5077.61,5079.89,5077.56,5079.81,572.0
2026-03-05 23:25:00,5079.81,5081.27,5077.82,5080.55,575.0
2026-03-05 23:30:00,5080.64,5082.46,5078.66,5082.19,677.0
2026-03-05 23:35:00,5082.06,5082.06,5072.73,5076.31,876.0
2026-03-05 23:40:00,5076.31,5076.31,5072.46,5075.32,711.0
2026-03-05 23:45:00,5075.32,5077.89,5074.4,5077.26,693.0
2026-03-05 23:50:00,5077.26,5084.82,5076.99,5084.59,586.0
2026-03-05 23:55:00,5084.7,5084.7,5079.66,5081.55,424.0
2026-03-06 01:00:00,5081.57,5091.2,5074.42,5089.7,886.0
2026-03-06 01:05:00,5090.54,5091.99,5082.62,5085.66,985.0
2026-03-06 01:10:00,5085.85,5088.8,5082.1,5086.38,580.0
2026-03-06 01:15:00,5086.38,5096.81,5083.05,5095.96,1311.0
2026-03-06 01:20:00,5095.96,5096.62,5092.29,5092.64,1043.0
2026-03-06 01:25:00,5092.64,5095.62,5089.88,5091.36,1032.0
2026-03-06 01:30:00,5091.17,5092.6,5087.42,5088.08,738.0
2026-03-06 01:35:00,5088.08,5096.0,5087.84,5095.95,810.0
2026-03-06 01:40:00,5095.95,5102.01,5095.14,5101.01,888.0
2026-03-06 01:45:00,5101.01,5101.01,5096.14,5099.16,996.0
2026-03-06 01:50:00,5099.14,5099.64,5085.5,5089.61,1641.0
2026-03-06 01:55:00,5089.6,5091.98,5084.7,5086.23,1154.0
2026-03-06 02:00:00,5086.25,5086.87,5074.2,5084.21,2181.0
2026-03-06 02:05:00,5084.23,5091.55,5083.03,5090.56,1298.0
2026-03-06 02:10:00,5090.56,5090.91,5083.65,5085.16,1256.0
2026-03-06 02:15:00,5085.16,5090.5,5078.27,5090.5,1886.0
2026-03-06 02:20:00,5090.51,5091.74,5087.19,5087.75,1281.0
2026-03-06 02:25:00,5087.75,5092.36,5086.26,5090.75,957.0
2026-03-06 02:30:00,5090.75,5092.25,5087.68,5088.13,850.0
2026-03-06 02:35:00,5088.13,5088.49,5083.48,5083.63,1032.0
2026-03-06 02:40:00,5083.63,5084.2,5075.31,5083.7,1477.0
2026-03-06 02:45:00,5083.7,5088.35,5079.67,5080.26,1242.0
2026-03-06 02:50:00,5080.26,5089.95,5076.89,5089.64,1666.0
2026-03-06 02:55:00,5089.64,5089.68,5081.94,5084.62,1438.0
2026-03-06 03:00:00,5084.62,5085.03,5066.5,5075.55,4399.0
2026-03-06 03:05:00,5075.46,5082.0,5074.73,5079.3,2429.0
2026-03-06 03:10:00,5079.31,5086.34,5072.97,5077.15,2715.0
2026-03-06 03:15:00,5077.14,5085.37,5075.36,5084.9,2896.0
2026-03-06 03:20:00,5084.92,5089.12,5079.56,5080.4,2608.0
2026-03-06 03:25:00,5080.4,5088.72,5079.72,5085.82,2537.0
2026-03-06 03:30:00,5085.82,5099.75,5085.63,5099.16,2556.0
2026-03-06 03:35:00,5099.17,5109.47,5097.62,5108.7,2586.0
2026-03-06 03:40:00,5108.7,5120.39,5108.4,5118.42,3042.0
2026-03-06 03:45:00,5118.42,5121.37,5117.6,5121.16,2378.0
2026-03-06 03:50:00,5121.16,5141.37,5121.14,5140.05,3037.0
2026-03-06 03:55:00,5140.05,5143.94,5134.37,5134.76,2972.0
2026-03-06 04:00:00,5134.75,5138.55,5129.2,5130.96,2881.0
2026-03-06 04:05:00,5130.96,5133.1,5126.32,5129.78,1908.0
2026-03-06 04:10:00,5129.78,5135.32,5125.45,5130.47,1960.0
2026-03-06 04:15:00,5130.3,5134.49,5127.87,5129.71,1218.0
2026-03-06 04:20:00,5129.71,5132.72,5127.97,5129.33,990.0
2026-03-06 04:25:00,5129.33,5132.75,5128.04,5128.76,1055.0
2026-03-06 04:30:00,5128.76,5131.98,5126.07,5127.2,1628.0
2026-03-06 04:35:00,5127.2,5130.52,5125.25,5128.2,1369.0
2026-03-06 04:40:00,5128.19,5128.41,5122.16,5124.41,1314.0
2026-03-06 04:45:00,5124.41,5129.26,5123.19,5124.31,1212.0
2026-03-06 04:50:00,5124.31,5128.82,5122.96,5124.86,1149.0
2026-03-06 04:55:00,5124.89,5127.7,5123.79,5126.43,1424.0
2026-03-06 05:00:00,5126.4,5130.78,5124.26,5129.75,1578.0
2026-03-06 05:05:00,5129.75,5133.09,5126.42,5131.04,1325.0
2026-03-06 05:10:00,5131.04,5134.94,5129.94,5133.07,1174.0
2026-03-06 05:15:00,5133.07,5139.1,5130.9,5138.82,1592.0
2026-03-06 05:20:00,5138.82,5141.53,5134.7,5140.8,1842.0
2026-03-06 05:25:00,5140.8,5141.49,5134.66,5136.58,1359.0
2026-03-06 05:30:00,5136.58,5138.09,5132.26,5132.84,1330.0
2026-03-06 05:35:00,5132.84,5136.28,5129.63,5129.75,1079.0
2026-03-06 05:40:00,5129.75,5132.65,5129.1,5132.42,717.0
2026-03-06 05:45:00,5132.42,5134.71,5130.38,5133.84,926.0
2026-03-06 05:50:00,5133.84,5133.85,5131.1,5131.31,488.0
2026-03-06 05:55:00,5131.31,5132.32,5129.87,5131.05,770.0
2026-03-06 06:00:00,5131.05,5134.9,5130.57,5134.26,978.0
2026-03-06 06:05:00,5134.26,5135.58,5131.55,5134.45,1125.0
2026-03-06 06:10:00,5134.45,5136.07,5132.88,5135.16,812.0
2026-03-06 06:15:00,5135.16,5136.4,5132.86,5133.3,622.0
2026-03-06 06:20:00,5133.3,5133.49,5130.7,5130.71,601.0
2026-03-06 06:25:00,5130.71,5130.71,5127.6,5129.7,851.0
2026-03-06 06:30:00,5129.69,5133.52,5129.65,5129.86,872.0
2026-03-06 06:35:00,5129.85,5130.97,5128.36,5130.54,472.0
2026-03-06 06:40:00,5130.54,5133.11,5129.99,5132.58,677.0
2026-03-06 06:45:00,5132.58,5133.9,5131.0,5133.58,577.0
2026-03-06 06:50:00,5133.58,5135.9,5133.11,5133.11,797.0
2026-03-06 06:55:00,5133.11,5133.29,5126.28,5127.56,830.0
2026-03-06 07:00:00,5127.56,5129.99,5123.71,5128.73,1197.0
2026-03-06 07:05:00,5128.73,5129.88,5122.91,5122.94,872.0
2026-03-06 07:10:00,5122.94,5128.11,5122.91,5126.74,863.0
2026-03-06 07:15:00,5126.74,5129.24,5125.81,5128.6,893.0
2026-03-06 07:20:00,5128.6,5128.9,5122.98,5127.92,1052.0
2026-03-06 07:25:00,5127.92,5130.1,5126.0,5129.88,969.0
2026-03-06 07:30:00,5129.88,5130.18,5121.63,5124.81,1947.0
2026-03-06 07:35:00,5124.79,5127.91,5119.21,5121.59,1745.0
2026-03-06 07:40:00,5121.59,5123.05,5119.18,5121.19,1648.0
2026-03-06 07:45:00,5121.19,5123.53,5115.13,5116.04,1793.0
2026-03-06 07:50:00,5116.04,5120.74,5114.39,5118.42,1496.0
2026-03-06 07:55:00,5118.42,5120.23,5114.91,5117.4,1384.0
2026-03-06 08:00:00,5117.4,5117.62,5109.26,5113.77,1708.0
2026-03-06 08:05:00,5113.77,5121.69,5113.38,5117.42,1422.0
2026-03-06 08:10:00,5117.42,5118.04,5112.35,5116.44,1316.0
2026-03-06 08:15:00,5116.44,5119.46,5114.62,5118.88,1406.0
2026-03-06 08:20:00,5118.89,5122.91,5118.44,5122.83,1396.0
2026-03-06 08:25:00,5122.83,5122.99,5118.59,5120.27,1184.0
2026-03-06 08:30:00,5120.27,5122.08,5118.18,5118.67,1275.0
2026-03-06 08:35:00,5118.67,5121.78,5116.58,5118.46,1222.0
2026-03-06 08:40:00,5118.46,5122.94,5118.01,5121.34,1088.0
2026-03-06 08:45:00,5121.34,5121.39,5118.01,5118.98,959.0
2026-03-06 08:50:00,5118.89,5122.53,5116.58,5120.37,1114.0
2026-03-06 08:55:00,5120.37,5120.78,5115.23,5115.75,1046.0
2026-03-06 09:00:00,5115.75,5117.63,5112.03,5112.23,1059.0
2026-03-06 09:05:00,5112.23,5112.28,5105.86,5108.41,1324.0
2026-03-06 09:10:00,5108.41,5112.99,5107.44,5111.47,985.0
2026-03-06 09:15:00,5111.47,5114.82,5110.71,5114.51,1018.0
2026-03-06 09:20:00,5114.51,5117.5,5111.87,5114.95,1104.0
2026-03-06 09:25:00,5114.95,5119.78,5112.42,5114.68,1528.0
2026-03-06 09:30:00,5114.68,5114.89,5107.72,5113.8,1310.0
2026-03-06 09:35:00,5113.8,5114.2,5110.57,5112.42,1333.0
2026-03-06 09:40:00,5112.42,5116.46,5112.19,5114.23,1057.0
2026-03-06 09:45:00,5114.23,5116.99,5112.56,5116.52,1231.0
2026-03-06 09:50:00,5116.52,5118.9,5115.85,5117.63,856.0
2026-03-06 09:55:00,5117.63,5120.85,5117.26,5119.68,1286.0
2026-03-06 10:00:00,5119.74,5121.83,5115.31,5118.32,1944.0
2026-03-06 10:05:00,5118.32,5123.25,5115.72,5116.64,1721.0
2026-03-06 10:10:00,5116.64,5117.13,5110.85,5115.49,1596.0
2026-03-06 10:15:00,5115.44,5117.69,5112.36,5115.31,1623.0
2026-03-06 10:20:00,5115.29,5115.37,5106.16,5110.31,1680.0
2026-03-06 10:25:00,5110.31,5110.31,5099.39,5100.63,1953.0
2026-03-06 10:30:00,5100.6,5106.11,5096.35,5105.92,1849.0
2026-03-06 10:35:00,5105.92,5108.45,5103.43,5108.21,1414.0
2026-03-06 10:40:00,5108.22,5108.69,5105.5,5107.44,887.0
2026-03-06 10:45:00,5107.44,5113.62,5106.96,5108.69,1193.0
2026-03-06 10:50:00,5108.69,5111.8,5108.42,5111.52,1069.0
2026-03-06 10:55:00,5111.52,5111.81,5107.6,5108.71,1376.0
2026-03-06 11:00:00,5108.71,5109.65,5102.07,5102.72,1885.0
2026-03-06 11:05:00,5102.72,5106.44,5097.84,5099.94,1685.0
2026-03-06 11:10:00,5099.94,5102.14,5094.62,5095.81,1753.0
2026-03-06 11:15:00,5095.82,5102.01,5094.17,5101.46,1959.0
2026-03-06 11:20:00,5101.46,5102.56,5091.94,5095.77,1874.0
2026-03-06 11:25:00,5095.77,5099.92,5095.27,5099.08,1535.0
2026-03-06 11:30:00,5099.08,5103.85,5097.5,5100.89,1722.0
2026-03-06 11:35:00,5100.9,5101.82,5087.81,5091.35,2508.0
2026-03-06 11:40:00,5091.35,5097.51,5091.35,5096.26,1645.0
2026-03-06 11:45:00,5096.26,5097.37,5087.9,5091.34,1778.0
2026-03-06 11:50:00,5091.34,5093.18,5084.75,5089.99,2162.0
2026-03-06 11:55:00,5089.99,5093.57,5083.39,5085.8,1897.0
2026-03-06 12:00:00,5085.8,5087.63,5078.55,5081.16,2042.0
2026-03-06 12:05:00,5081.16,5086.36,5075.72,5086.34,2234.0
2026-03-06 12:10:00,5086.34,5090.65,5082.16,5082.69,2150.0
2026-03-06 12:15:00,5082.69,5085.33,5081.05,5082.42,1360.0
2026-03-06 12:20:00,5082.42,5086.28,5079.88,5084.92,1631.0
2026-03-06 12:25:00,5084.92,5093.04,5083.32,5087.45,1777.0
2026-03-06 12:30:00,5087.4,5091.75,5085.66,5085.85,1980.0
2026-03-06 12:35:00,5085.85,5089.31,5085.22,5088.72,1363.0
2026-03-06 12:40:00,5088.72,5089.18,5080.9,5081.66,1367.0
2026-03-06 12:45:00,5081.66,5090.27,5081.66,5088.58,1764.0
2026-03-06 12:50:00,5088.68,5090.67,5085.97,5090.59,1705.0
2026-03-06 12:55:00,5090.59,5092.89,5086.23,5091.09,1612.0
2026-03-06 13:00:00,5091.09,5091.61,5084.0,5084.95,1457.0
2026-03-06 13:05:00,5084.95,5088.2,5081.48,5087.81,1934.0
2026-03-06 13:10:00,5087.81,5088.07,5080.6,5086.21,2097.0
2026-03-06 13:15:00,5086.21,5090.58,5085.69,5089.3,1517.0
2026-03-06 13:20:00,5089.3,5098.31,5089.3,5095.83,1430.0
2026-03-06 13:25:00,5095.83,5096.46,5094.14,5094.65,1315.0
2026-03-06 13:30:00,5094.65,5099.82,5090.25,5093.4,1722.0
2026-03-06 13:35:00,5093.39,5093.4,5089.8,5092.41,1436.0
2026-03-06 13:40:00,5092.41,5092.54,5080.98,5081.23,2478.0
2026-03-06 13:45:00,5081.23,5087.2,5080.91,5084.81,1789.0
2026-03-06 13:50:00,5084.81,5086.08,5077.22,5078.6,2069.0
2026-03-06 13:55:00,5078.6,5080.92,5062.82,5077.2,3744.0
2026-03-06 14:00:00,5077.2,5085.49,5076.35,5082.41,2994.0
2026-03-06 14:05:00,5082.41,5087.31,5079.78,5086.62,2387.0
2026-03-06 14:10:00,5086.62,5091.23,5086.33,5089.99,2435.0
2026-03-06 14:15:00,5089.99,5096.2,5088.72,5095.86,1826.0
2026-03-06 14:20:00,5095.87,5096.67,5089.03,5089.52,2148.0
2026-03-06 14:25:00,5089.52,5090.86,5086.21,5088.63,1772.0
2026-03-06 14:30:00,5088.63,5092.26,5085.44,5091.37,2228.0
2026-03-06 14:35:00,5091.37,5095.98,5088.14,5095.97,2164.0
2026-03-06 14:40:00,5095.97,5096.69,5090.65,5096.4,2468.0
2026-03-06 14:45:00,5096.38,5096.78,5088.5,5089.84,1692.0
2026-03-06 14:50:00,5089.85,5091.95,5085.16,5085.85,1718.0
2026-03-06 14:55:00,5085.85,5091.94,5081.44,5083.44,2489.0
2026-03-06 15:00:00,5083.44,5083.63,5071.56,5076.17,4848.0
2026-03-06 15:05:00,5076.16,5076.16,5065.61,5070.43,3705.0
2026-03-06 15:10:00,5070.43,5075.66,5067.28,5073.22,3333.0
2026-03-06 15:15:00,5073.22,5078.31,5072.64,5077.11,2896.0
2026-03-06 15:20:00,5077.12,5084.75,5075.11,5084.46,3234.0
2026-03-06 15:25:00,5084.46,5088.81,5080.5,5082.62,2692.0
2026-03-06 15:30:00,5082.62,5126.56,5082.62,5123.75,5523.0
2026-03-06 15:35:00,5123.75,5131.07,5119.24,5124.27,4540.0
2026-03-06 15:40:00,5124.26,5125.74,5112.85,5121.88,3730.0
2026-03-06 15:45:00,5121.88,5122.48,5111.68,5117.46,4325.0
2026-03-06 15:50:00,5117.46,5121.73,5101.18,5102.19,4665.0
2026-03-06 15:55:00,5102.19,5102.3,5073.97,5085.19,4631.0
2026-03-06 16:00:00,5085.19,5102.83,5080.99,5089.4,4462.0
2026-03-06 16:05:00,5089.41,5091.64,5084.86,5088.32,3587.0
2026-03-06 16:10:00,5088.32,5099.69,5084.84,5096.96,3615.0
2026-03-06 16:15:00,5097.0,5098.17,5088.21,5098.07,3652.0
2026-03-06 16:20:00,5097.92,5107.34,5092.59,5107.34,3619.0
2026-03-06 16:25:00,5107.34,5109.42,5102.55,5104.49,2814.0
2026-03-06 16:30:00,5104.49,5115.29,5100.38,5107.21,5422.0
2026-03-06 16:35:00,5107.23,5108.49,5086.85,5088.78,5961.0
2026-03-06 16:40:00,5088.7,5096.31,5084.3,5089.48,6075.0
2026-03-06 16:45:00,5089.48,5100.11,5087.65,5090.62,6110.0
2026-03-06 16:50:00,5090.74,5105.8,5090.57,5104.06,5160.0
2026-03-06 16:55:00,5104.06,5132.0,5103.33,5130.32,4752.0
2026-03-06 17:00:00,5130.32,5158.87,5128.1,5147.85,6109.0
2026-03-06 17:05:00,5147.85,5159.27,5145.05,5150.79,5737.0
2026-03-06 17:10:00,5150.79,5157.06,5137.73,5149.22,5663.0
2026-03-06 17:15:00,5149.22,5152.87,5144.41,5149.97,4712.0
2026-03-06 17:20:00,5149.97,5168.25,5149.87,5166.11,4653.0
2026-03-06 17:25:00,5166.11,5171.78,5156.98,5161.74,4985.0
2026-03-06 17:30:00,5161.74,5166.6,5153.68,5154.8,4255.0
2026-03-06 17:35:00,5154.74,5162.65,5153.56,5156.55,3715.0
2026-03-06 17:40:00,5156.55,5160.63,5149.6,5154.01,4001.0
2026-03-06 17:45:00,5154.01,5157.5,5144.19,5146.43,3937.0
2026-03-06 17:50:00,5146.63,5147.24,5134.52,5142.28,3606.0
2026-03-06 17:55:00,5142.28,5148.3,5138.61,5141.88,4024.0
2026-03-06 18:00:00,5141.8,5150.81,5140.73,5149.68,3668.0
2026-03-06 18:05:00,5149.68,5150.09,5142.28,5145.01,3451.0
2026-03-06 18:10:00,5145.04,5145.59,5136.21,5143.77,3498.0
2026-03-06 18:15:00,5143.79,5153.21,5143.43,5149.38,3411.0
2026-03-06 18:20:00,5149.57,5151.22,5138.96,5140.45,3270.0
2026-03-06 18:25:00,5140.45,5142.81,5136.4,5142.36,3041.0
2026-03-06 18:30:00,5142.43,5146.17,5133.32,5137.16,3236.0
2026-03-06 18:35:00,5137.16,5140.9,5130.08,5130.21,3766.0
2026-03-06 18:40:00,5130.21,5142.48,5126.04,5142.08,2969.0
2026-03-06 18:45:00,5142.08,5148.16,5141.25,5141.95,3058.0
2026-03-06 18:50:00,5141.95,5147.72,5140.25,5140.25,3617.0
2026-03-06 18:55:00,5140.25,5143.78,5129.99,5139.88,3633.0
2026-03-06 19:00:00,5139.88,5142.44,5133.24,5133.4,3234.0
2026-03-06 19:05:00,5133.47,5137.13,5128.98,5135.97,3295.0
2026-03-06 19:10:00,5135.97,5139.77,5134.51,5136.67,3313.0
2026-03-06 19:15:00,5136.67,5143.47,5133.2,5143.33,3069.0
2026-03-06 19:20:00,5143.33,5145.36,5138.4,5143.88,3003.0
2026-03-06 19:25:00,5143.88,5144.66,5136.84,5142.17,2902.0
2026-03-06 19:30:00,5142.17,5151.18,5140.44,5150.69,2802.0
2026-03-06 19:35:00,5150.69,5152.53,5143.77,5145.26,2643.0
2026-03-06 19:40:00,5145.26,5145.77,5136.69,5137.51,2802.0
2026-03-06 19:45:00,5137.51,5140.47,5134.49,5138.22,2576.0
2026-03-06 19:50:00,5138.25,5140.73,5133.38,5134.35,2196.0
2026-03-06 19:55:00,5134.35,5140.85,5132.89,5140.76,2057.0
2026-03-06 20:00:00,5140.76,5145.51,5138.68,5141.68,2614.0
2026-03-06 20:05:00,5141.69,5147.39,5140.47,5144.47,2361.0
2026-03-06 20:10:00,5144.46,5147.17,5141.69,5145.43,2608.0
2026-03-06 20:15:00,5145.43,5145.69,5143.04,5143.67,2207.0
2026-03-06 20:20:00,5143.67,5149.41,5143.67,5147.48,2920.0
2026-03-06 20:25:00,5147.48,5151.03,5147.13,5150.37,2972.0
2026-03-06 20:30:00,5150.38,5152.65,5148.82,5152.22,2200.0
2026-03-06 20:35:00,5152.22,5157.81,5149.55,5156.38,1992.0
2026-03-06 20:40:00,5156.38,5165.35,5153.83,5165.2,2010.0
2026-03-06 20:45:00,5165.21,5167.73,5160.76,5161.64,2220.0
2026-03-06 20:50:00,5161.64,5162.46,5156.66,5157.43,1789.0
2026-03-06 20:55:00,5157.43,5163.9,5157.29,5161.13,1613.0
2026-03-06 21:00:00,5161.09,5166.35,5160.6,5164.58,2339.0
2026-03-06 21:05:00,5164.58,5168.68,5160.58,5167.6,2424.0
2026-03-06 21:10:00,5167.65,5171.32,5166.34,5171.27,1778.0
2026-03-06 21:15:00,5171.27,5174.64,5170.07,5174.15,1714.0
2026-03-06 21:20:00,5174.15,5174.32,5165.31,5168.03,2258.0
2026-03-06 21:25:00,5168.03,5169.3,5164.43,5165.23,1727.0
2026-03-06 21:30:00,5165.23,5168.11,5163.71,5165.37,1714.0
2026-03-06 21:35:00,5165.37,5166.61,5157.7,5159.38,1991.0
2026-03-06 21:40:00,5159.38,5162.61,5158.02,5158.17,2139.0
2026-03-06 21:45:00,5158.17,5161.23,5156.64,5160.44,2152.0
2026-03-06 21:50:00,5160.44,5163.96,5160.12,5162.45,1563.0
2026-03-06 21:55:00,5162.53,5162.94,5159.23,5159.84,1663.0
2026-03-06 22:00:00,5159.8,5162.68,5155.8,5156.43,1945.0
2026-03-06 22:05:00,5156.43,5161.42,5156.36,5159.13,1686.0
2026-03-06 22:10:00,5159.13,5159.13,5153.83,5155.32,2184.0
2026-03-06 22:15:00,5155.32,5158.16,5154.36,5154.96,1857.0
2026-03-06 22:20:00,5154.96,5159.07,5152.54,5158.41,1524.0
2026-03-06 22:25:00,5158.41,5160.62,5152.97,5153.75,1723.0
2026-03-06 22:30:00,5153.78,5156.56,5151.06,5151.24,1888.0
2026-03-06 22:35:00,5151.24,5155.96,5149.45,5155.47,1737.0
2026-03-06 22:40:00,5155.47,5161.64,5153.11,5157.61,2719.0
2026-03-06 22:45:00,5157.6,5159.59,5156.18,5159.49,1754.0
2026-03-06 22:50:00,5159.37,5160.52,5153.49,5156.4,1819.0
2026-03-06 22:55:00,5156.4,5156.42,5150.75,5153.36,2549.0
2026-03-06 23:00:00,5153.33,5161.49,5150.9,5160.95,1178.0
2026-03-06 23:05:00,5160.95,5167.28,5160.94,5162.68,1101.0
2026-03-06 23:10:00,5162.68,5167.46,5162.27,5165.17,866.0
2026-03-06 23:15:00,5165.18,5170.28,5164.59,5169.52,818.0
2026-03-06 23:20:00,5169.52,5170.48,5168.39,5168.39,318.0
2026-03-06 23:25:00,5168.39,5170.21,5165.35,5168.23,429.0
2026-03-06 23:30:00,5168.02,5171.05,5166.09,5170.91,480.0
2026-03-06 23:35:00,5170.91,5171.71,5169.15,5170.54,414.0
2026-03-06 23:40:00,5170.44,5171.25,5168.18,5170.21,605.0
2026-03-06 23:45:00,5170.21,5171.75,5168.97,5170.83,710.0
2026-03-06 23:50:00,5170.83,5172.03,5169.82,5171.05,826.0
2026-03-06 23:55:00,5171.05,5176.07,5169.99,5171.92,412.0
2026-03-09 01:00:00,5129.95,5135.55,5109.3,5117.65,2536.0
2026-03-09 01:05:00,5117.8,5121.28,5107.5,5114.48,2292.0
2026-03-09 01:10:00,5114.48,5114.89,5093.15,5101.85,2432.0
2026-03-09 01:15:00,5101.86,5106.86,5097.91,5098.49,1601.0
2026-03-09 01:20:00,5098.49,5105.54,5095.2,5099.59,1610.0
2026-03-09 01:25:00,5099.62,5104.75,5095.29,5104.57,1747.0
2026-03-09 01:30:00,5104.63,5105.05,5094.48,5094.93,1653.0
2026-03-09 01:35:00,5094.93,5094.93,5065.69,5070.07,2373.0
2026-03-09 01:40:00,5070.32,5075.2,5044.37,5073.06,2583.0
2026-03-09 01:45:00,5072.98,5077.35,5054.25,5065.69,2681.0
2026-03-09 01:50:00,5066.32,5073.93,5059.78,5065.22,2185.0
2026-03-09 01:55:00,5065.22,5079.78,5062.19,5076.1,2135.0
2026-03-09 02:00:00,5076.1,5080.11,5058.74,5066.0,2523.0
2026-03-09 02:05:00,5066.0,5066.2,5050.13,5052.97,2187.0
2026-03-09 02:10:00,5052.97,5055.02,5028.44,5036.28,3018.0
2026-03-09 02:15:00,5036.28,5043.65,5032.75,5036.58,2508.0
2026-03-09 02:20:00,5036.58,5053.07,5033.75,5047.71,2471.0
2026-03-09 02:25:00,5047.71,5048.51,5040.97,5045.99,2279.0
2026-03-09 02:30:00,5046.15,5058.51,5044.07,5051.1,2213.0
2026-03-09 02:35:00,5051.1,5060.41,5050.8,5056.3,2000.0
2026-03-09 02:40:00,5056.3,5056.55,5048.24,5052.91,2126.0
2026-03-09 02:45:00,5052.9,5057.66,5033.64,5043.0,2853.0
2026-03-09 02:50:00,5043.4,5046.08,5037.79,5043.29,2512.0
2026-03-09 02:55:00,5043.29,5050.51,5039.21,5049.95,2369.0
2026-03-09 03:00:00,5049.95,5049.95,5014.71,5034.49,3840.0
2026-03-09 03:05:00,5034.49,5060.02,5031.55,5051.96,3229.0
2026-03-09 03:10:00,5052.31,5074.47,5047.64,5072.37,2972.0
2026-03-09 03:15:00,5072.37,5085.89,5069.92,5078.96,2995.0
2026-03-09 03:20:00,5078.96,5087.61,5075.29,5084.64,2779.0
2026-03-09 03:25:00,5084.63,5085.01,5070.34,5072.05,1991.0
2026-03-09 03:30:00,5072.05,5086.19,5071.72,5080.9,2478.0
2026-03-09 03:35:00,5080.94,5082.18,5072.57,5073.35,2443.0
2026-03-09 03:40:00,5073.35,5081.82,5071.6,5080.43,2440.0
2026-03-09 03:45:00,5080.33,5082.51,5072.16,5081.21,2302.0
2026-03-09 03:50:00,5081.21,5082.41,5064.69,5074.1,2563.0
2026-03-09 03:55:00,5074.09,5076.83,5069.91,5070.1,2307.0
2026-03-09 04:00:00,5070.1,5070.61,5055.43,5064.15,2506.0
2026-03-09 04:05:00,5064.15,5082.3,5063.19,5080.72,2509.0
2026-03-09 04:10:00,5080.6,5095.22,5080.59,5094.41,2513.0
2026-03-09 04:15:00,5094.45,5094.58,5077.48,5078.72,2315.0
2026-03-09 04:20:00,5078.72,5081.01,5072.84,5079.39,2079.0
2026-03-09 04:25:00,5079.39,5079.87,5074.21,5077.81,1839.0
2026-03-09 04:30:00,5077.76,5088.81,5076.8,5081.72,2904.0
2026-03-09 04:35:00,5081.72,5091.55,5080.77,5091.04,2488.0
2026-03-09 04:40:00,5091.04,5093.95,5085.65,5092.67,2278.0
2026-03-09 04:45:00,5092.67,5094.81,5088.68,5092.47,2187.0
2026-03-09 04:50:00,5092.47,5093.63,5085.77,5092.73,2040.0
2026-03-09 04:55:00,5092.89,5099.28,5091.28,5094.7,1859.0
2026-03-09 05:00:00,5094.7,5099.72,5091.15,5092.36,2207.0
2026-03-09 05:05:00,5092.29,5094.93,5088.79,5090.29,1983.0
2026-03-09 05:10:00,5090.24,5092.1,5084.23,5087.22,2565.0
2026-03-09 05:15:00,5087.22,5096.28,5086.56,5093.79,2034.0
2026-03-09 05:20:00,5093.79,5097.92,5092.24,5093.01,1807.0
2026-03-09 05:25:00,5092.92,5102.45,5084.02,5084.02,2425.0
2026-03-09 05:30:00,5084.02,5092.59,5083.94,5090.82,2253.0
2026-03-09 05:35:00,5090.83,5094.12,5084.1,5085.64,2023.0
2026-03-09 05:40:00,5085.64,5087.97,5081.73,5087.08,1735.0
2026-03-09 05:45:00,5087.08,5093.35,5087.01,5092.3,1478.0
2026-03-09 05:50:00,5092.3,5093.58,5090.59,5091.36,1370.0
2026-03-09 05:55:00,5091.36,5093.08,5089.85,5091.49,1105.0
2026-03-09 06:00:00,5091.49,5091.66,5087.24,5089.71,1426.0
2026-03-09 06:05:00,5089.71,5097.28,5087.11,5093.6,1573.0
2026-03-09 06:10:00,5093.6,5095.9,5090.73,5090.93,1480.0
2026-03-09 06:15:00,5091.07,5093.24,5089.39,5091.28,1092.0
2026-03-09 06:20:00,5091.28,5093.34,5089.39,5089.97,940.0
2026-03-09 06:25:00,5089.99,5094.7,5088.31,5089.38,1124.0
2026-03-09 06:30:00,5089.48,5092.9,5087.39,5092.59,1358.0
2026-03-09 06:35:00,5092.59,5093.12,5090.02,5090.86,1248.0
2026-03-09 06:40:00,5090.86,5091.73,5088.04,5090.44,1198.0
2026-03-09 06:45:00,5090.45,5090.5,5085.5,5089.62,1270.0
2026-03-09 06:50:00,5089.62,5090.44,5085.4,5085.51,1079.0
2026-03-09 06:55:00,5085.51,5091.44,5085.51,5090.29,1076.0
2026-03-09 07:00:00,5090.29,5095.96,5080.94,5095.05,2040.0
2026-03-09 07:05:00,5094.97,5102.14,5092.92,5095.94,2176.0
2026-03-09 07:10:00,5095.96,5099.61,5093.95,5096.64,1388.0
2026-03-09 07:15:00,5096.53,5097.84,5087.43,5088.52,1693.0
2026-03-09 07:20:00,5088.52,5104.16,5087.65,5094.89,3255.0
2026-03-09 07:25:00,5094.89,5099.58,5092.68,5095.48,2708.0
2026-03-09 07:30:00,5095.48,5108.37,5092.0,5106.41,3662.0
2026-03-09 07:35:00,5106.4,5113.19,5104.78,5105.84,3022.0
2026-03-09 07:40:00,5105.84,5121.36,5105.58,5120.85,3205.0
2026-03-09 07:45:00,5120.85,5140.61,5119.54,5136.73,4010.0
2026-03-09 07:50:00,5136.73,5140.03,5126.21,5126.36,3828.0
2026-03-09 07:55:00,5126.36,5127.22,5119.56,5124.35,3248.0
2026-03-09 08:00:00,5124.35,5130.2,5119.16,5123.51,3447.0
2026-03-09 08:05:00,5123.51,5133.42,5122.68,5129.87,3740.0
2026-03-09 08:10:00,5129.87,5134.13,5126.48,5127.79,3002.0
2026-03-09 08:15:00,5127.79,5131.35,5126.67,5127.61,2614.0
2026-03-09 08:20:00,5127.61,5129.92,5124.49,5126.3,2502.0
2026-03-09 08:25:00,5126.3,5129.24,5123.25,5126.48,2039.0
2026-03-09 08:30:00,5126.48,5129.81,5124.07,5124.51,2526.0
2026-03-09 08:35:00,5124.51,5125.45,5114.58,5117.94,2806.0
2026-03-09 08:40:00,5117.95,5118.92,5104.87,5107.01,2923.0
2026-03-09 08:45:00,5107.02,5111.41,5101.68,5106.19,2719.0
2026-03-09 08:50:00,5106.21,5108.54,5097.09,5100.37,2392.0
2026-03-09 08:55:00,5100.37,5104.61,5097.5,5097.71,2002.0
2026-03-09 09:00:00,5097.71,5098.77,5088.63,5094.03,3080.0
2026-03-09 09:05:00,5094.13,5098.57,5089.24,5097.99,2470.0
2026-03-09 09:10:00,5098.0,5102.13,5096.07,5096.96,1757.0
2026-03-09 09:15:00,5096.96,5101.63,5095.32,5098.21,2037.0
2026-03-09 09:20:00,5098.52,5105.54,5096.9,5105.07,1788.0
2026-03-09 09:25:00,5105.07,5107.03,5101.06,5106.71,1640.0
2026-03-09 09:30:00,5106.71,5107.92,5099.88,5102.52,1745.0
2026-03-09 09:35:00,5102.5,5105.71,5101.03,5103.74,1952.0
2026-03-09 09:40:00,5103.74,5107.55,5101.14,5101.16,1532.0
2026-03-09 09:45:00,5101.15,5101.52,5093.67,5097.15,1919.0
2026-03-09 09:50:00,5097.15,5100.48,5094.19,5096.72,1540.0
2026-03-09 09:55:00,5096.72,5100.65,5094.59,5099.12,1432.0
2026-03-09 10:00:00,5099.11,5110.88,5098.93,5109.53,2843.0
2026-03-09 10:05:00,5109.53,5110.02,5099.61,5102.68,2540.0
2026-03-09 10:10:00,5102.68,5104.78,5099.24,5099.96,2428.0
2026-03-09 10:15:00,5099.96,5106.58,5094.9,5100.94,2648.0
2026-03-09 10:20:00,5100.94,5101.12,5095.19,5098.23,2065.0
2026-03-09 10:25:00,5098.23,5099.79,5090.83,5091.66,1740.0
2026-03-09 10:30:00,5091.66,5096.47,5087.1,5095.91,2400.0
2026-03-09 10:35:00,5095.95,5096.83,5091.41,5094.43,1796.0
2026-03-09 10:40:00,5094.53,5096.11,5089.12,5090.16,1770.0
2026-03-09 10:45:00,5090.16,5100.91,5087.25,5100.88,2208.0
2026-03-09 10:50:00,5100.88,5102.6,5095.25,5096.33,2067.0
2026-03-09 10:55:00,5096.33,5099.91,5092.54,5096.62,1677.0
2026-03-09 11:00:00,5096.56,5104.54,5095.24,5096.54,1917.0
2026-03-09 11:05:00,5096.54,5111.69,5095.15,5109.3,2561.0
2026-03-09 11:10:00,5109.3,5116.83,5109.29,5112.78,2127.0
2026-03-09 11:15:00,5112.78,5119.45,5112.34,5117.46,2021.0
2026-03-09 11:20:00,5117.46,5122.61,5114.77,5118.43,2189.0
2026-03-09 11:25:00,5118.43,5127.0,5116.41,5125.32,2883.0
2026-03-09 11:30:00,5125.35,5132.61,5124.63,5128.64,3045.0
2026-03-09 11:35:00,5128.72,5131.07,5118.05,5118.45,3690.0
2026-03-09 11:40:00,5118.44,5120.06,5102.85,5102.86,2979.0
2026-03-09 11:45:00,5102.86,5106.01,5096.54,5101.04,2870.0
2026-03-09 11:50:00,5101.04,5107.57,5100.9,5105.21,2318.0
2026-03-09 11:55:00,5105.2,5106.04,5101.67,5105.3,1591.0
2026-03-09 12:00:00,5105.3,5108.54,5102.85,5106.86,2181.0
2026-03-09 12:05:00,5106.86,5109.7,5105.42,5108.83,1968.0
2026-03-09 12:10:00,5108.83,5111.13,5107.78,5109.22,1436.0
2026-03-09 12:15:00,5109.22,5110.44,5104.07,5104.22,1465.0
2026-03-09 12:20:00,5104.22,5105.94,5101.97,5102.41,1721.0
2026-03-09 12:25:00,5102.41,5105.8,5098.28,5099.75,1325.0
2026-03-09 12:30:00,5099.75,5099.75,5090.5,5093.35,2633.0
2026-03-09 12:35:00,5093.35,5095.2,5089.02,5093.92,2123.0
2026-03-09 12:40:00,5093.92,5100.22,5093.7,5095.83,2028.0
2026-03-09 12:45:00,5095.83,5096.48,5089.69,5091.21,1823.0
2026-03-09 12:50:00,5091.22,5096.39,5084.26,5096.38,2321.0
2026-03-09 12:55:00,5096.38,5096.66,5087.22,5087.23,1776.0
2026-03-09 13:00:00,5087.23,5096.87,5087.23,5096.31,2127.0
2026-03-09 13:05:00,5096.32,5097.38,5091.23,5093.01,1982.0
2026-03-09 13:10:00,5093.01,5094.63,5090.42,5090.46,1642.0
2026-03-09 13:15:00,5090.46,5092.48,5086.32,5088.49,1736.0
2026-03-09 13:20:00,5088.49,5089.42,5079.84,5084.47,2026.0
2026-03-09 13:25:00,5084.47,5087.43,5080.04,5085.85,1975.0
2026-03-09 13:30:00,5085.85,5090.38,5082.15,5086.17,1645.0
2026-03-09 13:35:00,5086.09,5093.16,5085.34,5091.04,1742.0
2026-03-09 13:40:00,5091.04,5091.22,5083.92,5085.83,1891.0
2026-03-09 13:45:00,5085.83,5090.23,5084.44,5085.92,1684.0
2026-03-09 13:50:00,5085.92,5092.97,5084.11,5092.32,1600.0
2026-03-09 13:55:00,5092.32,5094.64,5087.88,5088.07,1559.0
2026-03-09 14:00:00,5088.07,5098.75,5088.07,5097.29,2304.0
2026-03-09 14:05:00,5097.29,5099.24,5094.29,5098.0,1744.0
2026-03-09 14:10:00,5098.0,5099.82,5094.32,5096.4,1562.0
2026-03-09 14:15:00,5096.4,5099.98,5094.52,5098.94,1902.0
2026-03-09 14:20:00,5098.89,5106.33,5098.2,5104.39,1931.0
2026-03-09 14:25:00,5104.42,5110.06,5102.42,5109.4,1604.0
2026-03-09 14:30:00,5109.4,5112.14,5108.77,5109.31,1976.0
2026-03-09 14:35:00,5109.31,5110.43,5107.25,5109.51,1924.0
2026-03-09 14:40:00,5109.51,5110.93,5103.86,5106.95,1591.0
2026-03-09 14:45:00,5106.97,5107.09,5100.46,5100.66,1704.0
2026-03-09 14:50:00,5100.5,5100.93,5094.73,5095.35,2082.0
2026-03-09 14:55:00,5095.38,5098.23,5093.41,5094.92,1955.0
2026-03-09 15:00:00,5094.92,5099.32,5089.35,5097.82,3363.0
2026-03-09 15:05:00,5097.82,5098.66,5088.12,5091.82,2626.0
2026-03-09 15:10:00,5091.82,5095.37,5090.1,5092.61,2336.0
2026-03-09 15:15:00,5092.61,5098.37,5090.79,5093.21,2685.0
2026-03-09 15:20:00,5093.21,5093.22,5084.6,5087.2,2745.0
2026-03-09 15:25:00,5087.25,5095.99,5086.99,5094.8,2554.0
2026-03-09 15:30:00,5094.8,5109.4,5092.15,5109.2,4323.0
2026-03-09 15:35:00,5109.2,5111.31,5096.22,5098.26,4511.0
2026-03-09 15:40:00,5098.24,5098.64,5074.35,5076.09,4489.0
2026-03-09 15:45:00,5076.09,5084.69,5068.91,5081.75,4216.0
2026-03-09 15:50:00,5081.75,5082.76,5070.43,5074.33,4448.0
2026-03-09 15:55:00,5074.33,5081.24,5067.36,5074.14,4767.0
2026-03-09 16:00:00,5074.14,5088.44,5073.54,5086.14,4521.0
2026-03-09 16:05:00,5086.16,5088.32,5068.62,5074.67,4611.0
2026-03-09 16:10:00,5074.67,5076.43,5061.04,5071.4,4485.0
2026-03-09 16:15:00,5071.4,5078.92,5064.82,5076.03,4399.0
2026-03-09 16:20:00,5076.03,5080.51,5070.82,5080.22,3871.0
2026-03-09 16:25:00,5080.22,5084.35,5077.12,5081.76,4383.0
2026-03-09 16:30:00,5081.7,5091.07,5080.14,5088.6,3851.0
2026-03-09 16:35:00,5088.59,5096.76,5086.76,5094.4,3798.0
2026-03-09 16:40:00,5094.51,5114.77,5094.09,5112.49,3931.0
2026-03-09 16:45:00,5112.49,5116.12,5099.29,5099.56,3285.0
2026-03-09 16:50:00,5099.48,5104.11,5089.96,5092.55,3574.0
2026-03-09 16:55:00,5092.51,5096.28,5086.02,5093.97,3481.0
2026-03-09 17:00:00,5093.97,5094.68,5084.21,5086.92,3558.0
2026-03-09 17:05:00,5086.92,5088.72,5079.67,5081.56,3110.0
2026-03-09 17:10:00,5081.56,5091.8,5079.66,5091.61,3191.0
2026-03-09 17:15:00,5091.62,5094.3,5082.02,5084.1,3070.0
2026-03-09 17:20:00,5084.1,5097.79,5083.07,5097.7,2690.0
2026-03-09 17:25:00,5097.7,5100.33,5095.98,5099.64,2166.0
2026-03-09 17:30:00,5099.64,5102.59,5096.57,5099.16,2558.0
2026-03-09 17:35:00,5099.19,5100.52,5093.38,5094.41,2467.0
2026-03-09 17:40:00,5094.41,5099.23,5093.06,5094.97,2358.0
2026-03-09 17:45:00,5094.97,5098.14,5094.18,5096.02,2497.0
2026-03-09 17:50:00,5096.24,5102.96,5095.97,5100.22,2332.0
2026-03-09 17:55:00,5100.22,5103.47,5099.64,5099.64,2146.0
2026-03-09 18:00:00,5099.74,5106.79,5096.93,5106.47,2288.0
2026-03-09 18:05:00,5106.47,5107.78,5103.79,5106.15,2680.0
2026-03-09 18:10:00,5106.15,5109.48,5103.1,5103.45,2050.0
2026-03-09 18:15:00,5103.45,5104.31,5095.63,5095.91,2255.0
2026-03-09 18:20:00,5095.91,5098.62,5094.69,5098.48,2379.0
2026-03-09 18:25:00,5098.48,5105.36,5098.46,5103.82,2062.0
2026-03-09 18:30:00,5103.97,5109.0,5103.79,5104.32,2188.0
2026-03-09 18:35:00,5104.32,5106.91,5102.79,5106.75,1622.0
2026-03-09 18:40:00,5106.75,5110.73,5106.13,5107.27,1565.0
2026-03-09 18:45:00,5107.27,5108.76,5104.58,5105.28,1614.0
2026-03-09 18:50:00,5105.28,5108.08,5103.88,5104.95,2046.0
2026-03-09 18:55:00,5104.95,5106.74,5103.05,5104.68,1737.0
2026-03-09 19:00:00,5104.68,5106.92,5102.86,5104.79,1950.0
2026-03-09 19:05:00,5104.79,5104.79,5099.93,5102.6,1792.0
2026-03-09 19:10:00,5102.6,5103.65,5098.29,5099.8,1589.0
2026-03-09 19:15:00,5099.8,5102.31,5097.45,5097.56,1478.0
2026-03-09 19:20:00,5097.56,5098.25,5091.08,5093.69,2455.0
2026-03-09 19:25:00,5093.69,5097.42,5091.83,5095.04,2306.0
2026-03-09 19:30:00,5095.05,5097.97,5089.3,5093.67,2021.0
2026-03-09 19:35:00,5093.67,5096.47,5092.95,5093.46,1921.0
2026-03-09 19:40:00,5093.46,5093.73,5089.13,5090.84,1912.0
2026-03-09 19:45:00,5090.84,5096.47,5090.78,5093.46,1899.0
2026-03-09 19:50:00,5093.46,5099.27,5092.11,5098.87,1861.0
2026-03-09 19:55:00,5098.88,5099.56,5095.67,5096.03,1317.0
2026-03-09 20:00:00,5096.03,5098.12,5092.84,5092.89,1335.0
2026-03-09 20:05:00,5092.91,5095.69,5092.55,5093.11,1562.0
2026-03-09 20:10:00,5093.11,5097.64,5092.53,5097.6,1552.0
2026-03-09 20:15:00,5097.6,5103.7,5096.7,5103.69,1513.0
2026-03-09 20:20:00,5103.69,5106.96,5101.94,5105.92,1670.0
2026-03-09 20:25:00,5105.92,5107.07,5104.39,5105.15,1779.0
2026-03-09 20:30:00,5105.1,5109.94,5104.25,5109.88,1770.0
2026-03-09 20:35:00,5109.88,5117.26,5109.39,5114.73,1698.0
2026-03-09 20:40:00,5114.74,5120.31,5114.62,5118.12,1771.0
2026-03-09 20:45:00,5118.12,5118.64,5115.55,5116.51,1031.0
2026-03-09 20:50:00,5116.24,5125.57,5115.96,5124.69,1522.0
2026-03-09 20:55:00,5124.69,5126.49,5122.43,5123.33,2159.0
2026-03-09 21:00:00,5123.33,5130.6,5122.91,5126.49,2148.0
2026-03-09 21:05:00,5126.49,5126.86,5118.55,5121.51,2000.0
2026-03-09 21:10:00,5121.51,5124.78,5121.21,5122.86,1507.0
2026-03-09 21:15:00,5122.86,5134.3,5118.51,5134.27,2039.0
2026-03-09 21:20:00,5134.27,5143.68,5134.1,5139.47,3557.0
2026-03-09 21:25:00,5139.47,5141.54,5136.31,5139.89,2988.0
2026-03-09 21:30:00,5139.89,5139.97,5129.15,5131.12,2717.0
2026-03-09 21:35:00,5131.1,5133.36,5125.02,5129.95,2987.0
2026-03-09 21:40:00,5129.95,5137.6,5128.68,5135.32,3031.0
2026-03-09 21:45:00,5135.26,5136.69,5129.05,5133.9,2555.0
2026-03-09 21:50:00,5133.92,5137.23,5132.49,5136.51,2333.0
2026-03-09 21:55:00,5136.51,5144.11,5133.8,5141.02,3039.0
2026-03-09 22:00:00,5141.02,5145.77,5138.32,5139.8,1776.0
2026-03-09 22:05:00,5139.76,5148.16,5139.63,5142.31,1573.0
2026-03-09 22:10:00,5142.31,5143.5,5137.84,5139.82,1350.0
2026-03-09 22:15:00,5139.83,5140.42,5137.6,5139.72,943.0
2026-03-09 22:20:00,5139.73,5139.98,5136.68,5137.22,927.0
2026-03-09 22:25:00,5137.22,5139.78,5134.4,5139.38,878.0
2026-03-09 22:30:00,5139.38,5139.38,5136.15,5137.1,677.0
2026-03-09 22:35:00,5137.1,5138.86,5136.07,5137.64,673.0
2026-03-09 22:40:00,5137.64,5139.76,5134.94,5139.3,734.0
2026-03-09 22:45:00,5139.27,5140.76,5137.1,5138.63,1019.0
2026-03-09 22:50:00,5138.56,5140.36,5134.75,5135.18,893.0
2026-03-09 22:55:00,5135.18,5138.38,5133.82,5138.19,647.0
2026-03-09 23:00:00,5138.19,5138.19,5138.19,5138.19,1.0
2026-03-10 01:00:00,5153.02,5154.63,5139.57,5142.46,1546.0
2026-03-10 01:05:00,5142.43,5145.86,5138.65,5145.52,1336.0
2026-03-10 01:10:00,5145.52,5150.16,5145.36,5146.22,1428.0
2026-03-10 01:15:00,5146.2,5156.09,5144.78,5154.55,1246.0
2026-03-10 01:20:00,5154.55,5155.76,5145.25,5146.14,1194.0
2026-03-10 01:25:00,5146.15,5149.98,5142.68,5144.85,1219.0
2026-03-10 01:30:00,5144.85,5146.91,5141.5,5143.05,837.0
2026-03-10 01:35:00,5143.05,5148.54,5141.55,5148.21,1277.0
2026-03-10 01:40:00,5148.21,5149.65,5135.81,5137.29,1276.0
2026-03-10 01:45:00,5137.29,5141.73,5136.99,5141.67,1261.0
2026-03-10 01:50:00,5141.68,5143.36,5137.74,5141.62,746.0
2026-03-10 01:55:00,5141.62,5143.2,5138.45,5139.7,777.0
2026-03-10 02:00:00,5139.7,5141.3,5130.97,5134.17,1854.0
2026-03-10 02:05:00,5134.17,5140.24,5133.23,5139.18,1109.0
2026-03-10 02:10:00,5139.18,5141.25,5136.6,5136.84,1358.0
2026-03-10 02:15:00,5136.85,5137.67,5132.25,5133.27,1370.0
2026-03-10 02:20:00,5133.3,5137.85,5129.2,5131.14,1498.0
2026-03-10 02:25:00,5131.15,5133.82,5129.05,5130.48,1362.0
2026-03-10 02:30:00,5130.48,5132.83,5124.82,5129.01,1678.0
2026-03-10 02:35:00,5129.01,5137.0,5128.26,5133.0,1594.0
2026-03-10 02:40:00,5133.0,5137.82,5132.76,5137.47,1023.0
2026-03-10 02:45:00,5137.47,5139.22,5130.98,5130.98,1605.0
2026-03-10 02:50:00,5130.98,5133.29,5130.33,5130.63,1166.0
2026-03-10 02:55:00,5130.63,5134.46,5128.12,5131.04,1817.0
2026-03-10 03:00:00,5131.06,5146.16,5124.65,5145.22,3484.0
2026-03-10 03:05:00,5145.22,5153.61,5139.64,5143.8,2836.0
2026-03-10 03:10:00,5143.78,5148.99,5139.34,5143.51,2273.0
2026-03-10 03:15:00,5143.51,5151.1,5142.12,5150.72,2575.0
2026-03-10 03:20:00,5150.73,5161.63,5150.04,5158.86,2794.0
2026-03-10 03:25:00,5158.86,5167.86,5156.84,5157.94,3125.0
2026-03-10 03:30:00,5157.93,5163.75,5152.86,5163.41,2822.0
2026-03-10 03:35:00,5163.41,5167.03,5159.98,5161.3,2743.0
2026-03-10 03:40:00,5161.2,5168.92,5160.59,5166.21,2255.0
2026-03-10 03:45:00,5166.21,5171.24,5164.32,5170.77,2250.0
2026-03-10 03:50:00,5170.76,5175.2,5165.63,5174.26,2305.0
2026-03-10 03:55:00,5174.26,5186.26,5173.52,5184.35,2486.0
2026-03-10 04:00:00,5184.34,5187.08,5176.38,5176.64,2390.0
2026-03-10 04:05:00,5176.6,5177.74,5170.55,5174.36,2247.0
2026-03-10 04:10:00,5174.36,5175.43,5171.06,5175.43,2202.0
2026-03-10 04:15:00,5175.43,5180.02,5172.58,5177.94,1634.0
2026-03-10 04:20:00,5177.94,5179.53,5176.13,5177.0,1312.0
2026-03-10 04:25:00,5176.93,5181.19,5175.02,5179.99,1606.0
2026-03-10 04:30:00,5179.97,5183.74,5177.99,5178.84,2534.0
2026-03-10 04:35:00,5178.85,5180.53,5175.84,5179.29,1943.0
2026-03-10 04:40:00,5179.29,5184.72,5178.23,5182.29,1988.0
2026-03-10 04:45:00,5182.29,5185.81,5178.62,5179.37,1990.0
2026-03-10 04:50:00,5179.36,5179.7,5172.19,5174.56,1976.0
2026-03-10 04:55:00,5174.56,5174.89,5163.88,5165.99,2379.0
2026-03-10 05:00:00,5165.97,5173.06,5165.2,5169.59,1857.0
2026-03-10 05:05:00,5169.59,5173.5,5167.96,5170.18,1536.0
2026-03-10 05:10:00,5170.18,5172.79,5165.24,5166.51,1839.0
2026-03-10 05:15:00,5166.51,5170.64,5164.49,5165.68,1811.0
2026-03-10 05:20:00,5165.67,5170.24,5165.28,5167.12,1561.0
2026-03-10 05:25:00,5167.12,5169.0,5161.78,5166.76,1737.0
2026-03-10 05:30:00,5166.75,5167.97,5162.58,5163.85,1584.0
2026-03-10 05:35:00,5163.83,5165.29,5160.08,5163.07,1361.0
2026-03-10 05:40:00,5163.06,5163.38,5161.04,5162.61,1352.0
2026-03-10 05:45:00,5162.65,5163.07,5156.89,5158.8,1382.0
2026-03-10 05:50:00,5158.9,5159.9,5155.84,5159.29,1277.0
2026-03-10 05:55:00,5159.29,5160.83,5156.93,5157.9,1005.0
2026-03-10 06:00:00,5157.52,5159.48,5154.6,5155.68,1361.0
2026-03-10 06:05:00,5155.7,5159.44,5154.37,5157.86,1316.0
2026-03-10 06:10:00,5157.86,5165.2,5156.28,5164.39,1508.0
2026-03-10 06:15:00,5164.39,5165.69,5161.43,5163.21,1255.0
2026-03-10 06:20:00,5163.21,5166.62,5162.23,5162.32,847.0
2026-03-10 06:25:00,5162.31,5163.81,5161.43,5162.49,926.0
2026-03-10 06:30:00,5162.48,5163.9,5161.45,5163.8,1055.0
2026-03-10 06:35:00,5163.87,5165.58,5162.98,5164.12,779.0
2026-03-10 06:40:00,5164.12,5164.58,5161.55,5162.06,942.0
2026-03-10 06:45:00,5162.03,5164.44,5161.58,5164.43,896.0
2026-03-10 06:50:00,5164.43,5165.46,5162.94,5163.91,763.0
2026-03-10 06:55:00,5163.91,5164.14,5163.46,5163.87,513.0
2026-03-10 07:00:00,5163.89,5170.3,5163.84,5168.74,1534.0
2026-03-10 07:05:00,5168.74,5171.16,5167.64,5167.66,1172.0
2026-03-10 07:10:00,5167.71,5173.41,5166.65,5173.0,1396.0
2026-03-10 07:15:00,5173.0,5174.42,5169.85,5170.33,1133.0
2026-03-10 07:20:00,5170.33,5171.14,5169.13,5169.27,731.0
2026-03-10 07:25:00,5169.27,5171.77,5169.07,5171.73,831.0
2026-03-10 07:30:00,5171.73,5174.35,5167.39,5168.46,1886.0
2026-03-10 07:35:00,5168.46,5170.06,5167.47,5169.23,1265.0
2026-03-10 07:40:00,5169.23,5171.88,5168.58,5168.75,1270.0
2026-03-10 07:45:00,5168.7,5173.96,5166.92,5173.23,1087.0
2026-03-10 07:50:00,5173.23,5176.49,5173.04,5175.69,1499.0
2026-03-10 07:55:00,5175.65,5179.33,5174.81,5178.01,1701.0
2026-03-10 08:00:00,5178.04,5180.87,5176.35,5177.75,1696.0
2026-03-10 08:05:00,5177.75,5178.55,5174.13,5175.72,1562.0
2026-03-10 08:10:00,5175.72,5180.94,5174.84,5179.55,1750.0
2026-03-10 08:15:00,5179.55,5179.69,5176.27,5177.14,1157.0
2026-03-10 08:20:00,5177.21,5177.71,5174.91,5177.3,1374.0
2026-03-10 08:25:00,5177.31,5177.62,5171.85,5176.19,1600.0
2026-03-10 08:30:00,5176.19,5179.15,5174.36,5175.72,1521.0
2026-03-10 08:35:00,5175.72,5178.49,5173.6,5178.46,1407.0
2026-03-10 08:40:00,5178.46,5178.77,5174.22,5175.86,1439.0
2026-03-10 08:45:00,5175.81,5177.37,5174.2,5175.97,1474.0
2026-03-10 08:50:00,5175.97,5177.07,5175.23,5176.29,1381.0
2026-03-10 08:55:00,5176.29,5176.76,5173.35,5175.34,1613.0
2026-03-10 09:00:00,5175.34,5178.11,5170.81,5177.4,1822.0
2026-03-10 09:05:00,5177.41,5179.0,5171.41,5172.75,1628.0
2026-03-10 09:10:00,5172.75,5176.84,5171.86,5174.75,1276.0
2026-03-10 09:15:00,5174.75,5177.58,5168.52,5168.94,1425.0
2026-03-10 09:20:00,5168.96,5169.19,5158.58,5159.79,1979.0
2026-03-10 09:25:00,5159.79,5169.58,5159.79,5169.45,1853.0
2026-03-10 09:30:00,5169.39,5170.13,5165.56,5167.68,1645.0
2026-03-10 09:35:00,5167.68,5174.04,5167.65,5172.9,1168.0
2026-03-10 09:40:00,5172.89,5178.37,5172.76,5176.14,1462.0
2026-03-10 09:45:00,5176.16,5179.23,5175.04,5178.57,1507.0
2026-03-10 09:50:00,5178.57,5179.53,5176.04,5177.85,1577.0
2026-03-10 09:55:00,5177.85,5181.29,5177.62,5181.05,1548.0
2026-03-10 10:00:00,5181.05,5185.35,5177.6,5177.66,2250.0
2026-03-10 10:05:00,5177.66,5182.52,5175.0,5182.36,1970.0
2026-03-10 10:10:00,5182.36,5184.29,5179.8,5179.81,2176.0
2026-03-10 10:15:00,5179.84,5180.87,5177.93,5179.88,1382.0
2026-03-10 10:20:00,5179.88,5181.06,5175.48,5178.76,1408.0
2026-03-10 10:25:00,5178.74,5184.22,5178.4,5184.14,1419.0
2026-03-10 10:30:00,5184.11,5189.18,5183.24,5184.94,1918.0
2026-03-10 10:35:00,5184.94,5190.58,5183.04,5190.53,1826.0
2026-03-10 10:40:00,5190.49,5194.11,5188.84,5189.84,1790.0
2026-03-10 10:45:00,5189.97,5195.15,5189.41,5194.42,1455.0
2026-03-10 10:50:00,5194.42,5194.97,5187.47,5188.76,1551.0
2026-03-10 10:55:00,5188.77,5189.57,5182.85,5183.32,1651.0
2026-03-10 11:00:00,5183.46,5186.45,5180.66,5185.88,1569.0
2026-03-10 11:05:00,5185.89,5187.69,5184.01,5184.08,1229.0
2026-03-10 11:10:00,5184.08,5189.41,5184.07,5187.91,1011.0
2026-03-10 11:15:00,5187.91,5189.3,5181.67,5181.78,1370.0
2026-03-10 11:20:00,5181.78,5184.81,5180.8,5183.99,1370.0
2026-03-10 11:25:00,5183.99,5187.67,5182.76,5186.91,1532.0
2026-03-10 11:30:00,5186.91,5188.24,5183.74,5186.15,1555.0
2026-03-10 11:35:00,5186.16,5186.31,5181.92,5183.71,1431.0
2026-03-10 11:40:00,5183.72,5187.71,5182.81,5187.66,1226.0
2026-03-10 11:45:00,5187.66,5189.16,5184.81,5185.2,1389.0
2026-03-10 11:50:00,5185.2,5186.44,5183.26,5184.59,1182.0
2026-03-10 11:55:00,5184.64,5186.66,5182.58,5182.58,1099.0
2026-03-10 12:00:00,5182.59,5182.98,5177.31,5178.37,1365.0
2026-03-10 12:05:00,5178.37,5182.57,5175.87,5182.26,1604.0
2026-03-10 12:10:00,5182.26,5184.0,5177.87,5181.38,1712.0
2026-03-10 12:15:00,5181.38,5182.06,5174.6,5178.22,1810.0
2026-03-10 12:20:00,5178.22,5182.1,5178.2,5179.75,1664.0
2026-03-10 12:25:00,5179.74,5180.07,5173.03,5173.8,1749.0
2026-03-10 12:30:00,5173.93,5176.64,5165.79,5169.86,2144.0
2026-03-10 12:35:00,5169.86,5170.29,5156.55,5157.68,2092.0
2026-03-10 12:40:00,5157.68,5169.34,5156.69,5169.19,2382.0
2026-03-10 12:45:00,5169.18,5172.64,5168.94,5172.45,1712.0
2026-03-10 12:50:00,5172.44,5177.32,5171.44,5173.27,1479.0
2026-03-10 12:55:00,5173.27,5178.2,5172.38,5177.21,1674.0
2026-03-10 13:00:00,5177.21,5184.25,5176.59,5181.71,1908.0
2026-03-10 13:05:00,5181.71,5190.66,5181.4,5190.62,2464.0
2026-03-10 13:10:00,5190.62,5191.94,5186.9,5187.23,2192.0
2026-03-10 13:15:00,5187.22,5187.45,5180.7,5184.58,1819.0
2026-03-10 13:20:00,5184.58,5190.04,5182.64,5184.4,1874.0
2026-03-10 13:25:00,5184.4,5186.43,5179.82,5182.99,1617.0
2026-03-10 13:30:00,5183.0,5184.08,5176.71,5180.43,1515.0
2026-03-10 13:35:00,5180.43,5185.13,5179.43,5181.45,1396.0
2026-03-10 13:40:00,5180.66,5181.24,5173.8,5174.37,1755.0
2026-03-10 13:45:00,5174.37,5174.67,5171.81,5172.49,1804.0
2026-03-10 13:50:00,5172.52,5179.6,5172.52,5177.65,1488.0
2026-03-10 13:55:00,5177.65,5178.77,5172.48,5175.14,1738.0
2026-03-10 14:00:00,5175.14,5176.68,5167.37,5167.87,2171.0
2026-03-10 14:05:00,5167.87,5169.57,5162.44,5165.68,2635.0
2026-03-10 14:10:00,5165.68,5171.91,5165.24,5171.35,1963.0
2026-03-10 14:15:00,5171.34,5173.33,5165.71,5173.04,1645.0
2026-03-10 14:20:00,5173.04,5177.92,5171.91,5176.71,2093.0
2026-03-10 14:25:00,5176.71,5180.67,5176.19,5179.69,1745.0
2026-03-10 14:30:00,5179.7,5181.73,5178.46,5180.57,1887.0
2026-03-10 14:35:00,5180.51,5183.02,5179.11,5180.65,1737.0
2026-03-10 14:40:00,5180.63,5185.58,5180.11,5185.42,1563.0
2026-03-10 14:45:00,5185.42,5189.46,5185.32,5186.38,2121.0
2026-03-10 14:50:00,5186.38,5187.57,5180.45,5182.44,1686.0
2026-03-10 14:55:00,5182.44,5187.24,5182.09,5187.02,1540.0
2026-03-10 15:00:00,5187.02,5200.7,5186.01,5195.66,3377.0
2026-03-10 15:05:00,5195.66,5201.53,5192.73,5200.45,2583.0
2026-03-10 15:10:00,5200.45,5202.63,5198.51,5200.67,2390.0
2026-03-10 15:15:00,5200.71,5215.61,5199.08,5214.45,2936.0
2026-03-10 15:20:00,5214.45,5223.09,5212.48,5221.68,2997.0
2026-03-10 15:25:00,5221.78,5228.68,5220.3,5221.62,2980.0
2026-03-10 15:30:00,5221.62,5222.4,5209.52,5213.12,3904.0
2026-03-10 15:35:00,5213.12,5214.52,5207.3,5213.03,3663.0
2026-03-10 15:40:00,5213.03,5216.92,5209.27,5209.27,3447.0
2026-03-10 15:45:00,5209.27,5209.83,5196.21,5205.12,3302.0
2026-03-10 15:50:00,5205.12,5210.56,5203.07,5208.97,3178.0
2026-03-10 15:55:00,5208.97,5215.6,5203.26,5205.61,3406.0
2026-03-10 16:00:00,5205.61,5208.69,5200.54,5201.55,3036.0
2026-03-10 16:05:00,5201.55,5205.49,5188.32,5193.2,3733.0
2026-03-10 16:10:00,5193.22,5196.93,5185.41,5195.3,3284.0
2026-03-10 16:15:00,5195.33,5212.53,5194.37,5212.41,2917.0
2026-03-10 16:20:00,5212.4,5214.42,5209.36,5211.19,2750.0
2026-03-10 16:25:00,5211.16,5211.24,5207.34,5209.02,2912.0
2026-03-10 16:30:00,5209.03,5213.55,5206.31,5207.37,3005.0
2026-03-10 16:35:00,5207.31,5213.23,5202.79,5210.64,2828.0
2026-03-10 16:40:00,5210.64,5211.05,5203.44,5206.1,2799.0
2026-03-10 16:45:00,5206.1,5210.57,5204.72,5206.94,2166.0
2026-03-10 16:50:00,5206.94,5212.19,5205.31,5211.26,2646.0
2026-03-10 16:55:00,5211.26,5212.09,5206.3,5206.78,1838.0
2026-03-10 17:00:00,5206.74,5215.94,5203.24,5213.54,2762.0
2026-03-10 17:05:00,5213.69,5217.28,5210.16,5216.81,2383.0
2026-03-10 17:10:00,5216.81,5226.42,5216.45,5223.52,2935.0
2026-03-10 17:15:00,5223.55,5226.44,5221.69,5226.41,2288.0
2026-03-10 17:20:00,5226.41,5228.66,5224.91,5225.42,2657.0
2026-03-10 17:25:00,5225.47,5227.52,5223.47,5225.83,2132.0
2026-03-10 17:30:00,5225.81,5236.58,5225.26,5233.68,2561.0
2026-03-10 17:35:00,5233.71,5236.15,5228.51,5234.23,2720.0
2026-03-10 17:40:00,5234.23,5235.85,5228.55,5235.85,2275.0
2026-03-10 17:45:00,5235.85,5238.55,5230.56,5232.47,2449.0
2026-03-10 17:50:00,5232.45,5235.09,5226.99,5227.91,2471.0
2026-03-10 17:55:00,5227.91,5231.37,5227.18,5228.62,2092.0
2026-03-10 18:00:00,5228.65,5230.48,5223.75,5226.56,2036.0
2026-03-10 18:05:00,5226.54,5228.61,5224.49,5226.58,1882.0
2026-03-10 18:10:00,5226.53,5228.29,5222.64,5223.56,2180.0
2026-03-10 18:15:00,5223.56,5230.21,5222.72,5228.16,1846.0
2026-03-10 18:20:00,5228.15,5233.01,5227.5,5233.01,1708.0
2026-03-10 18:25:00,5233.0,5235.58,5231.44,5232.25,2296.0
2026-03-10 18:30:00,5232.46,5233.88,5230.11,5233.28,2074.0
2026-03-10 18:35:00,5233.28,5234.62,5230.52,5232.1,1627.0
2026-03-10 18:40:00,5232.1,5232.62,5227.26,5228.61,1687.0
2026-03-10 18:45:00,5228.61,5232.07,5227.65,5227.65,1993.0
2026-03-10 18:50:00,5227.65,5229.74,5226.01,5227.74,1937.0
2026-03-10 18:55:00,5227.71,5229.48,5226.19,5227.65,1445.0
2026-03-10 19:00:00,5227.68,5229.63,5226.95,5229.18,1627.0
2026-03-10 19:05:00,5229.18,5233.59,5228.78,5232.56,1558.0
2026-03-10 19:10:00,5232.56,5235.46,5230.45,5234.15,2016.0
2026-03-10 19:15:00,5234.34,5234.45,5223.61,5225.93,2751.0
2026-03-10 19:20:00,5225.71,5229.3,5224.47,5228.61,2390.0
2026-03-10 19:25:00,5228.61,5234.16,5226.72,5233.21,2365.0
2026-03-10 19:30:00,5233.28,5234.76,5228.97,5230.97,2069.0
2026-03-10 19:35:00,5230.99,5232.4,5227.69,5230.12,2638.0
2026-03-10 19:40:00,5230.04,5231.62,5227.53,5228.11,1926.0
2026-03-10 19:45:00,5228.1,5230.91,5226.42,5229.4,1839.0
2026-03-10 19:50:00,5229.32,5232.84,5228.41,5230.46,1644.0
2026-03-10 19:55:00,5230.45,5230.49,5227.16,5227.6,1613.0
2026-03-10 20:00:00,5227.6,5228.12,5217.7,5221.53,2131.0
2026-03-10 20:05:00,5221.54,5225.03,5218.44,5221.52,1951.0
2026-03-10 20:10:00,5221.52,5227.3,5215.44,5216.03,2388.0
2026-03-10 20:15:00,5216.03,5218.52,5160.75,5172.55,5494.0
2026-03-10 20:20:00,5172.81,5195.27,5170.47,5192.61,4887.0
2026-03-10 20:25:00,5192.61,5206.05,5190.89,5202.94,4194.0
2026-03-10 20:30:00,5202.94,5208.06,5196.56,5201.54,3148.0
2026-03-10 20:35:00,5201.54,5203.11,5189.96,5190.59,3409.0
2026-03-10 20:40:00,5190.72,5198.25,5190.39,5195.51,3139.0
2026-03-10 20:45:00,5195.1,5205.06,5193.51,5201.32,2657.0
2026-03-10 20:50:00,5201.29,5204.72,5199.19,5201.34,2364.0
2026-03-10 20:55:00,5201.41,5202.85,5190.92,5191.78,2248.0
2026-03-10 21:00:00,5191.78,5197.18,5184.25,5195.46,2955.0
2026-03-10 21:05:00,5195.46,5199.79,5193.36,5197.02,2324.0
2026-03-10 21:10:00,5197.02,5199.3,5193.08,5198.26,2152.0
2026-03-10 21:15:00,5198.29,5204.63,5198.15,5204.44,1994.0
2026-03-10 21:20:00,5204.44,5207.68,5202.32,5205.82,2334.0
2026-03-10 21:25:00,5205.83,5205.88,5200.54,5200.92,2027.0
2026-03-10 21:30:00,5200.92,5200.92,5181.77,5186.28,2565.0
2026-03-10 21:35:00,5186.28,5194.63,5179.92,5192.9,2563.0
2026-03-10 21:40:00,5192.9,5194.83,5184.45,5187.79,3113.0
2026-03-10 21:45:00,5187.8,5192.65,5187.69,5189.48,2558.0
2026-03-10 21:50:00,5189.49,5196.89,5188.43,5196.89,2594.0
2026-03-10 21:55:00,5196.88,5199.83,5195.47,5198.87,2484.0
2026-03-10 22:00:00,5198.86,5199.07,5193.53,5196.84,994.0
2026-03-10 22:05:00,5196.84,5199.09,5195.98,5196.61,718.0
2026-03-10 22:10:00,5196.61,5198.59,5195.03,5197.85,678.0
2026-03-10 22:15:00,5197.85,5198.65,5193.29,5193.56,624.0
2026-03-10 22:20:00,5193.44,5197.91,5191.69,5197.57,829.0
2026-03-10 22:25:00,5197.57,5198.65,5194.68,5195.01,837.0
2026-03-10 22:30:00,5194.96,5195.17,5193.66,5194.28,483.0
2026-03-10 22:35:00,5194.26,5196.13,5193.16,5195.61,509.0
2026-03-10 22:40:00,5195.62,5198.02,5194.55,5197.95,553.0
2026-03-10 22:45:00,5197.98,5198.96,5194.18,5195.7,716.0
2026-03-10 22:50:00,5195.75,5196.56,5193.07,5194.68,656.0
2026-03-10 22:55:00,5194.68,5194.85,5191.24,5191.41,744.0
2026-03-10 23:00:00,5191.41,5191.41,5191.41,5191.41,1.0
2026-03-11 01:00:00,5189.2,5192.81,5188.52,5190.52,643.0
2026-03-11 01:05:00,5190.52,5196.66,5190.47,5195.96,794.0
2026-03-11 01:10:00,5195.96,5196.58,5191.11,5191.76,776.0
2026-03-11 01:15:00,5191.75,5192.8,5187.69,5192.42,665.0
2026-03-11 01:20:00,5192.42,5197.52,5192.41,5193.92,816.0
2026-03-11 01:25:00,5193.92,5194.19,5191.81,5193.73,636.0
2026-03-11 01:30:00,5193.73,5195.41,5192.88,5195.41,598.0
2026-03-11 01:35:00,5195.45,5195.96,5192.99,5193.02,639.0
2026-03-11 01:40:00,5193.02,5193.43,5190.6,5191.23,494.0
2026-03-11 01:45:00,5191.22,5191.8,5187.98,5190.56,954.0
2026-03-11 01:50:00,5190.56,5193.87,5189.31,5193.77,635.0
2026-03-11 01:55:00,5193.77,5197.32,5192.82,5197.32,765.0
2026-03-11 02:00:00,5197.31,5198.33,5189.18,5190.31,1325.0
2026-03-11 02:05:00,5190.31,5192.07,5186.83,5187.95,1513.0
2026-03-11 02:10:00,5187.95,5192.85,5186.85,5192.54,1370.0
2026-03-11 02:15:00,5192.54,5203.65,5191.4,5202.8,1736.0
2026-03-11 02:20:00,5202.8,5211.35,5202.19,5210.32,1799.0
2026-03-11 02:25:00,5210.32,5215.61,5208.62,5212.46,1645.0
2026-03-11 02:30:00,5212.44,5212.51,5206.03,5209.48,1550.0
2026-03-11 02:35:00,5209.48,5212.15,5209.41,5209.99,909.0
2026-03-11 02:40:00,5209.99,5211.87,5207.36,5211.38,866.0
2026-03-11 02:45:00,5211.38,5217.33,5211.26,5215.85,1557.0
2026-03-11 02:50:00,5215.73,5219.14,5213.03,5218.15,1330.0
2026-03-11 02:55:00,5218.19,5219.4,5215.39,5215.47,1300.0
2026-03-11 03:00:00,5215.47,5223.29,5213.77,5218.29,2631.0
2026-03-11 03:05:00,5218.27,5219.97,5212.58,5213.55,2097.0
2026-03-11 03:10:00,5213.55,5219.73,5212.24,5215.43,2097.0
2026-03-11 03:15:00,5215.37,5220.45,5213.92,5219.97,1681.0
2026-03-11 03:20:00,5219.97,5223.07,5212.59,5214.9,1866.0
2026-03-11 03:25:00,5214.92,5217.59,5210.72,5214.83,1993.0
2026-03-11 03:30:00,5214.84,5219.82,5214.6,5219.71,1790.0
2026-03-11 03:35:00,5219.69,5219.97,5214.46,5216.12,1635.0
2026-03-11 03:40:00,5216.11,5216.16,5212.73,5214.48,1553.0
2026-03-11 03:45:00,5214.48,5217.91,5214.33,5214.73,1504.0
2026-03-11 03:50:00,5214.73,5215.97,5209.91,5212.72,1635.0
2026-03-11 03:55:00,5212.73,5214.66,5208.52,5208.54,1594.0
2026-03-11 04:00:00,5208.54,5209.7,5199.12,5202.35,2307.0
2026-03-11 04:05:00,5202.35,5203.09,5196.89,5197.44,1995.0
2026-03-11 04:10:00,5197.44,5201.98,5194.22,5201.52,1672.0
2026-03-11 04:15:00,5201.52,5204.82,5200.51,5204.63,1277.0
2026-03-11 04:20:00,5204.63,5206.06,5202.24,5204.34,1162.0
2026-03-11 04:25:00,5204.34,5206.69,5202.33,5204.24,1303.0
2026-03-11 04:30:00,5204.26,5206.69,5202.0,5205.94,1704.0
2026-03-11 04:35:00,5205.94,5206.99,5205.18,5205.22,1323.0
2026-03-11 04:40:00,5205.23,5209.93,5204.78,5207.71,1511.0
2026-03-11 04:45:00,5207.68,5213.59,5207.68,5213.29,1525.0
2026-03-11 04:50:00,5213.29,5220.52,5213.17,5219.85,1722.0
2026-03-11 04:55:00,5219.85,5219.89,5214.9,5217.37,1352.0
2026-03-11 05:00:00,5217.4,5220.44,5217.02,5218.7,1578.0
2026-03-11 05:05:00,5218.7,5218.94,5213.37,5213.38,1380.0
2026-03-11 05:10:00,5213.38,5215.34,5211.9,5213.87,1353.0
2026-03-11 05:15:00,5213.86,5214.82,5212.77,5213.39,1094.0
2026-03-11 05:20:00,5213.39,5213.89,5208.07,5208.92,1461.0
2026-03-11 05:25:00,5208.92,5209.72,5204.59,5204.72,1552.0
2026-03-11 05:30:00,5204.72,5208.73,5203.75,5208.51,1069.0
2026-03-11 05:35:00,5208.51,5209.55,5207.33,5207.79,842.0
2026-03-11 05:40:00,5207.8,5209.08,5206.09,5208.09,730.0
2026-03-11 05:45:00,5208.08,5208.64,5202.58,5202.88,799.0
2026-03-11 05:50:00,5202.88,5203.53,5199.28,5200.39,1151.0
2026-03-11 05:55:00,5200.39,5203.9,5199.38,5203.36,1049.0
2026-03-11 06:00:00,5203.36,5204.62,5199.48,5203.04,710.0
2026-03-11 06:05:00,5203.04,5205.19,5202.77,5205.13,794.0
2026-03-11 06:10:00,5205.13,5206.34,5203.02,5205.84,827.0
2026-03-11 06:15:00,5205.82,5208.58,5204.58,5205.62,723.0
2026-03-11 06:20:00,5205.6,5207.54,5205.1,5207.52,734.0
2026-03-11 06:25:00,5207.53,5208.13,5207.05,5207.37,660.0
2026-03-11 06:30:00,5207.37,5207.72,5204.13,5205.75,583.0
2026-03-11 06:35:00,5205.77,5208.35,5205.77,5207.63,577.0
2026-03-11 06:40:00,5207.63,5208.42,5206.28,5206.66,629.0
2026-03-11 06:45:00,5206.67,5206.67,5202.79,5204.56,1040.0
2026-03-11 06:50:00,5204.56,5205.53,5201.89,5203.76,878.0
2026-03-11 06:55:00,5203.8,5205.04,5201.95,5204.49,664.0
2026-03-11 07:00:00,5204.51,5206.22,5203.55,5205.16,1024.0
2026-03-11 07:05:00,5205.15,5208.28,5204.27,5206.62,912.0
2026-03-11 07:10:00,5206.61,5207.53,5203.6,5204.4,940.0
2026-03-11 07:15:00,5204.4,5206.32,5203.27,5205.42,945.0
2026-03-11 07:20:00,5205.41,5205.63,5200.6,5202.69,973.0
2026-03-11 07:25:00,5202.69,5203.75,5200.28,5200.46,958.0
2026-03-11 07:30:00,5200.46,5200.57,5190.63,5198.04,2740.0
2026-03-11 07:35:00,5198.04,5202.79,5197.68,5200.54,1812.0
2026-03-11 07:40:00,5200.73,5204.77,5197.48,5201.02,1700.0
2026-03-11 07:45:00,5201.02,5201.07,5195.6,5197.94,1486.0
2026-03-11 07:50:00,5197.92,5201.78,5197.78,5199.28,1503.0
2026-03-11 07:55:00,5199.28,5200.32,5197.71,5199.72,1159.0
2026-03-11 08:00:00,5199.72,5200.67,5196.36,5199.57,1786.0
2026-03-11 08:05:00,5199.57,5204.22,5199.05,5203.48,1524.0
2026-03-11 08:10:00,5203.48,5210.35,5202.6,5209.43,1612.0
2026-03-11 08:15:00,5209.43,5210.82,5204.14,5204.8,1715.0
2026-03-11 08:20:00,5204.8,5207.02,5203.16,5203.79,1171.0
2026-03-11 08:25:00,5203.8,5207.34,5203.18,5206.57,1288.0
2026-03-11 08:30:00,5206.58,5206.75,5202.27,5202.27,1080.0
2026-03-11 08:35:00,5202.27,5204.27,5200.66,5202.63,1100.0
2026-03-11 08:40:00,5202.63,5202.73,5191.59,5194.85,1720.0
2026-03-11 08:45:00,5194.85,5195.67,5192.33,5195.15,1789.0
2026-03-11 08:50:00,5195.15,5198.51,5194.5,5197.66,1683.0
2026-03-11 08:55:00,5197.66,5199.21,5195.86,5197.59,1257.0
2026-03-11 09:00:00,5197.59,5201.66,5195.54,5200.46,1539.0
2026-03-11 09:05:00,5200.46,5202.17,5196.33,5197.95,1589.0
2026-03-11 09:10:00,5198.0,5199.39,5197.11,5198.98,1219.0
2026-03-11 09:15:00,5198.98,5200.02,5195.61,5196.71,1600.0
2026-03-11 09:20:00,5196.71,5198.35,5195.62,5198.3,1175.0
2026-03-11 09:25:00,5198.3,5198.54,5195.64,5197.97,1185.0
2026-03-11 09:30:00,5197.97,5198.48,5190.09,5191.92,1728.0
2026-03-11 09:35:00,5191.92,5194.25,5185.25,5186.79,1834.0
2026-03-11 09:40:00,5186.72,5192.08,5184.58,5191.54,1809.0
2026-03-11 09:45:00,5191.54,5194.86,5189.92,5194.66,1475.0
2026-03-11 09:50:00,5194.66,5197.89,5193.6,5195.7,1725.0
2026-03-11 09:55:00,5195.7,5196.23,5193.45,5195.76,1039.0
2026-03-11 10:00:00,5195.76,5196.62,5188.09,5195.1,1789.0
2026-03-11 10:05:00,5195.1,5197.29,5193.53,5195.17,1633.0
2026-03-11 10:10:00,5195.17,5198.66,5193.2,5198.47,1536.0
2026-03-11 10:15:00,5198.47,5198.52,5190.21,5192.43,1195.0
2026-03-11 10:20:00,5192.43,5192.5,5186.36,5186.84,1326.0
2026-03-11 10:25:00,5186.84,5188.6,5181.12,5184.89,1684.0
2026-03-11 10:30:00,5184.89,5187.54,5182.44,5184.98,1572.0
2026-03-11 10:35:00,5185.21,5186.57,5175.44,5183.58,1816.0
2026-03-11 10:40:00,5183.58,5186.62,5180.62,5181.61,1532.0
2026-03-11 10:45:00,5181.61,5185.76,5179.47,5184.99,1339.0
2026-03-11 10:50:00,5184.99,5188.29,5183.46,5185.75,1218.0
2026-03-11 10:55:00,5185.74,5188.76,5184.65,5187.63,1548.0
2026-03-11 11:00:00,5187.63,5188.28,5183.35,5183.65,1554.0
2026-03-11 11:05:00,5183.65,5184.54,5179.62,5184.49,1718.0
2026-03-11 11:10:00,5184.52,5188.25,5183.85,5184.05,1260.0
2026-03-11 11:15:00,5184.05,5188.16,5183.55,5186.3,1359.0
2026-03-11 11:20:00,5186.3,5190.56,5185.39,5187.66,1406.0
2026-03-11 11:25:00,5187.67,5189.1,5186.87,5187.61,1479.0
2026-03-11 11:30:00,5187.61,5195.5,5187.22,5193.97,1632.0
2026-03-11 11:35:00,5193.97,5196.67,5193.25,5196.09,1152.0
2026-03-11 11:40:00,5196.08,5197.26,5191.65,5191.65,1165.0
2026-03-11 11:45:00,5191.65,5194.53,5191.23,5192.22,1229.0
2026-03-11 11:50:00,5192.12,5192.19,5187.92,5191.52,1452.0
2026-03-11 11:55:00,5191.52,5192.23,5186.67,5187.78,1472.0
2026-03-11 12:00:00,5187.79,5189.76,5186.48,5189.14,1394.0
2026-03-11 12:05:00,5189.19,5193.8,5187.83,5193.29,1041.0
2026-03-11 12:10:00,5193.28,5195.36,5192.33,5193.46,1125.0
2026-03-11 12:15:00,5193.48,5195.23,5192.44,5194.04,1191.0
2026-03-11 12:20:00,5194.04,5195.25,5190.72,5190.95,1062.0
2026-03-11 12:25:00,5190.95,5192.88,5189.4,5191.85,1091.0
2026-03-11 12:30:00,5191.83,5191.99,5183.36,5184.35,1479.0
2026-03-11 12:35:00,5184.35,5185.26,5181.38,5184.58,1353.0
2026-03-11 12:40:00,5184.04,5184.97,5177.21,5179.22,1766.0
2026-03-11 12:45:00,5179.38,5187.69,5177.56,5187.4,1824.0
2026-03-11 12:50:00,5187.37,5191.09,5187.22,5188.84,1538.0
2026-03-11 12:55:00,5188.84,5189.91,5184.87,5186.04,1199.0
2026-03-11 13:00:00,5186.04,5193.37,5186.02,5193.14,1261.0
2026-03-11 13:05:00,5193.12,5193.63,5187.17,5187.17,1263.0
2026-03-11 13:10:00,5187.17,5188.1,5184.39,5187.61,1141.0
2026-03-11 13:15:00,5187.61,5189.99,5181.55,5181.71,1520.0
2026-03-11 13:20:00,5181.71,5184.2,5180.11,5181.48,1479.0
2026-03-11 13:25:00,5181.47,5183.97,5179.61,5181.1,1256.0
2026-03-11 13:30:00,5181.12,5186.09,5179.89,5185.43,1203.0
2026-03-11 13:35:00,5185.43,5189.54,5183.96,5185.69,1445.0
2026-03-11 13:40:00,5185.69,5190.73,5184.76,5184.94,1683.0
2026-03-11 13:45:00,5184.94,5188.23,5182.71,5185.4,1785.0
2026-03-11 13:50:00,5185.29,5188.54,5182.26,5183.37,1994.0
2026-03-11 13:55:00,5183.26,5183.26,5175.65,5181.23,1852.0
2026-03-11 14:00:00,5181.23,5186.09,5177.67,5185.52,2288.0
2026-03-11 14:05:00,5185.52,5189.21,5184.51,5187.75,1579.0
2026-03-11 14:10:00,5187.76,5193.36,5187.76,5191.34,1743.0
2026-03-11 14:15:00,5191.34,5195.28,5190.49,5194.21,1886.0
2026-03-11 14:20:00,5194.21,5195.19,5189.96,5190.73,1823.0
2026-03-11 14:25:00,5190.73,5192.61,5187.85,5191.15,1588.0
2026-03-11 14:30:00,5191.15,5196.53,5179.13,5181.72,3367.0
2026-03-11 14:35:00,5181.72,5181.72,5173.1,5177.44,2988.0
2026-03-11 14:40:00,5177.44,5182.16,5175.02,5180.35,2667.0
2026-03-11 14:45:00,5180.3,5180.75,5168.58,5176.87,2796.0
2026-03-11 14:50:00,5176.87,5180.25,5172.8,5175.53,2297.0
2026-03-11 14:55:00,5175.53,5177.2,5166.7,5167.57,2557.0
2026-03-11 15:00:00,5167.57,5177.29,5162.19,5176.31,3759.0
2026-03-11 15:05:00,5176.29,5181.71,5174.49,5175.39,2720.0
2026-03-11 15:10:00,5175.39,5182.03,5174.89,5177.84,2638.0
2026-03-11 15:15:00,5177.84,5179.7,5176.15,5177.59,2039.0
2026-03-11 15:20:00,5177.59,5183.11,5176.94,5179.94,2367.0
2026-03-11 15:25:00,5179.94,5181.46,5176.65,5181.46,2190.0
2026-03-11 15:30:00,5181.68,5181.68,5169.03,5176.0,3877.0
2026-03-11 15:35:00,5176.0,5177.66,5168.13,5172.16,3516.0
2026-03-11 15:40:00,5172.16,5176.16,5165.32,5165.55,3637.0
2026-03-11 15:45:00,5165.55,5167.76,5158.38,5159.94,3641.0
2026-03-11 15:50:00,5159.94,5169.26,5149.28,5168.43,4188.0
2026-03-11 15:55:00,5168.45,5177.2,5167.13,5176.91,3412.0
2026-03-11 16:00:00,5176.91,5186.74,5175.05,5185.17,4199.0
2026-03-11 16:05:00,5185.16,5189.17,5178.77,5185.92,3886.0
2026-03-11 16:10:00,5185.92,5190.29,5180.37,5189.99,3452.0
2026-03-11 16:15:00,5189.99,5191.5,5186.69,5188.4,2828.0
2026-03-11 16:20:00,5188.41,5189.46,5186.07,5188.81,2646.0
2026-03-11 16:25:00,5188.81,5195.58,5182.19,5194.28,3087.0
2026-03-11 16:30:00,5194.26,5196.28,5184.36,5185.97,2808.0
2026-03-11 16:35:00,5185.97,5190.3,5182.63,5185.73,2915.0
2026-03-11 16:40:00,5185.73,5185.76,5174.5,5183.19,2884.0
2026-03-11 16:45:00,5183.19,5189.68,5180.49,5188.6,2654.0
2026-03-11 16:50:00,5188.66,5193.59,5186.17,5190.66,2724.0
2026-03-11 16:55:00,5190.66,5191.11,5181.84,5183.23,2644.0
2026-03-11 17:00:00,5183.23,5185.76,5178.63,5180.23,3202.0
2026-03-11 17:05:00,5180.23,5181.62,5173.86,5181.17,2749.0
2026-03-11 17:10:00,5181.14,5181.26,5170.62,5170.81,3039.0
2026-03-11 17:15:00,5170.81,5175.47,5168.52,5174.72,3274.0
2026-03-11 17:20:00,5174.72,5178.89,5174.32,5178.3,2572.0
2026-03-11 17:25:00,5178.34,5179.44,5171.68,5172.61,2273.0
2026-03-11 17:30:00,5172.61,5172.71,5167.54,5169.0,2690.0
2026-03-11 17:35:00,5169.01,5174.17,5167.65,5169.94,2931.0
2026-03-11 17:40:00,5169.94,5173.91,5166.45,5169.48,2433.0
2026-03-11 17:45:00,5169.48,5171.28,5164.08,5170.51,2442.0
2026-03-11 17:50:00,5170.51,5175.24,5168.55,5172.13,2403.0
2026-03-11 17:55:00,5172.13,5172.74,5165.98,5166.37,2273.0
2026-03-11 18:00:00,5166.37,5171.53,5164.56,5166.43,2450.0
2026-03-11 18:05:00,5166.41,5168.74,5163.61,5165.99,2480.0
2026-03-11 18:10:00,5166.0,5172.64,5165.53,5172.47,2299.0
2026-03-11 18:15:00,5172.47,5172.67,5165.34,5167.5,2296.0
2026-03-11 18:20:00,5167.52,5170.36,5165.35,5169.33,2481.0
2026-03-11 18:25:00,5169.33,5170.59,5164.37,5166.93,2118.0
2026-03-11 18:30:00,5166.94,5172.57,5166.05,5171.72,1822.0
2026-03-11 18:35:00,5171.69,5175.36,5170.15,5175.13,1942.0
2026-03-11 18:40:00,5175.13,5176.77,5173.42,5174.32,1782.0
2026-03-11 18:45:00,5174.32,5177.99,5171.21,5171.54,1837.0
2026-03-11 18:50:00,5171.54,5173.98,5170.34,5173.48,2318.0
2026-03-11 18:55:00,5173.49,5177.06,5171.18,5175.68,1908.0
2026-03-11 19:00:00,5175.68,5179.3,5174.79,5178.32,1918.0
2026-03-11 19:05:00,5178.32,5181.0,5177.9,5180.49,1922.0
2026-03-11 19:10:00,5180.49,5180.49,5174.73,5175.91,1720.0
2026-03-11 19:15:00,5175.91,5178.24,5170.17,5171.55,1972.0
2026-03-11 19:20:00,5171.55,5174.23,5170.06,5172.35,1925.0
2026-03-11 19:25:00,5172.35,5174.22,5169.78,5172.07,1887.0
2026-03-11 19:30:00,5172.09,5172.59,5165.96,5168.06,1897.0
2026-03-11 19:35:00,5168.06,5168.64,5158.38,5158.95,3090.0
2026-03-11 19:40:00,5158.95,5163.27,5154.94,5163.2,2619.0
2026-03-11 19:45:00,5163.2,5166.45,5161.32,5166.38,1748.0
2026-03-11 19:50:00,5166.31,5168.51,5165.93,5167.68,1773.0
2026-03-11 19:55:00,5167.68,5170.07,5164.64,5169.87,1807.0
2026-03-11 20:00:00,5169.86,5171.63,5169.27,5171.16,1757.0
2026-03-11 20:05:00,5171.16,5175.3,5169.97,5172.65,1739.0
2026-03-11 20:10:00,5172.65,5173.85,5170.75,5172.17,1734.0
2026-03-11 20:15:00,5172.17,5177.43,5171.98,5176.9,1560.0
2026-03-11 20:20:00,5176.9,5177.73,5174.93,5177.19,1707.0
2026-03-11 20:25:00,5177.18,5178.47,5176.32,5177.72,1592.0
2026-03-11 20:30:00,5177.72,5178.28,5176.74,5177.27,1149.0
2026-03-11 20:35:00,5177.29,5178.1,5176.91,5177.61,882.0
2026-03-11 20:40:00,5177.57,5178.35,5176.32,5177.3,895.0
2026-03-11 20:45:00,5177.29,5178.03,5175.96,5176.42,946.0
2026-03-11 20:50:00,5176.42,5177.7,5174.31,5174.54,1745.0
2026-03-11 20:55:00,5174.52,5175.12,5170.37,5172.56,2418.0
2026-03-11 21:00:00,5172.56,5173.06,5169.25,5171.54,1164.0
2026-03-11 21:05:00,5171.54,5173.71,5170.97,5173.19,1156.0
2026-03-11 21:10:00,5173.19,5174.38,5171.88,5172.45,1224.0
2026-03-11 21:15:00,5172.45,5176.02,5171.79,5175.81,1150.0
2026-03-11 21:20:00,5175.81,5177.14,5172.99,5174.84,1201.0
2026-03-11 21:25:00,5174.84,5177.78,5174.69,5177.14,1326.0
2026-03-11 21:30:00,5177.14,5178.33,5176.16,5178.23,1140.0
2026-03-11 21:35:00,5178.23,5178.6,5176.58,5177.88,991.0
2026-03-11 21:40:00,5177.86,5180.05,5177.32,5179.67,1171.0
2026-03-11 21:45:00,5179.67,5179.79,5176.84,5178.12,1067.0
2026-03-11 21:50:00,5178.12,5182.34,5177.51,5181.11,1380.0
2026-03-11 21:55:00,5181.14,5183.49,5178.97,5183.2,2115.0
2026-03-11 22:00:00,5183.18,5183.58,5178.05,5179.83,1211.0
2026-03-11 22:05:00,5179.83,5180.25,5177.89,5178.49,711.0
2026-03-11 22:10:00,5178.49,5178.98,5176.61,5177.74,358.0
2026-03-11 22:15:00,5177.74,5177.74,5175.71,5175.84,349.0
2026-03-11 22:20:00,5175.84,5179.04,5174.99,5178.44,501.0
2026-03-11 22:25:00,5178.44,5179.01,5177.36,5177.66,323.0
2026-03-11 22:30:00,5177.63,5177.99,5176.4,5176.49,308.0
2026-03-11 22:35:00,5176.49,5177.81,5175.85,5176.89,301.0
2026-03-11 22:40:00,5176.89,5177.59,5175.83,5176.24,325.0
2026-03-11 22:45:00,5176.1,5177.82,5175.48,5176.33,415.0
2026-03-11 22:50:00,5176.33,5178.27,5176.2,5177.54,345.0
2026-03-11 22:55:00,5177.54,5177.54,5174.96,5175.35,327.0
2026-03-12 00:00:00,5178.97,5183.57,5175.41,5178.01,599.0
2026-03-12 00:05:00,5178.02,5178.02,5169.04,5173.28,355.0
2026-03-12 00:10:00,5173.3,5176.13,5172.14,5175.2,316.0
2026-03-12 00:15:00,5175.15,5175.98,5174.16,5175.04,221.0
2026-03-12 00:20:00,5174.84,5177.23,5172.91,5172.91,279.0
2026-03-12 00:25:00,5172.66,5174.75,5165.53,5169.97,543.0
2026-03-12 00:30:00,5169.98,5170.23,5165.25,5165.35,518.0
2026-03-12 00:35:00,5165.37,5166.45,5158.39,5160.5,630.0
2026-03-12 00:40:00,5160.51,5162.82,5153.14,5158.85,592.0
2026-03-12 00:45:00,5158.66,5168.3,5158.66,5167.99,609.0
2026-03-12 00:50:00,5168.09,5168.58,5155.54,5156.22,605.0
2026-03-12 00:55:00,5156.25,5158.68,5129.99,5139.02,735.0
2026-03-12 01:00:00,5139.04,5149.11,5135.02,5147.47,1643.0
2026-03-12 01:05:00,5147.47,5151.32,5146.18,5147.82,1240.0
2026-03-12 01:10:00,5147.83,5153.96,5147.26,5152.0,1523.0
2026-03-12 01:15:00,5152.0,5155.39,5150.18,5153.51,973.0
2026-03-12 01:20:00,5153.51,5155.3,5151.05,5152.98,981.0
2026-03-12 01:25:00,5152.98,5156.96,5152.75,5155.96,779.0
2026-03-12 01:30:00,5155.89,5157.95,5150.31,5150.31,1392.0
2026-03-12 01:35:00,5150.31,5153.05,5145.97,5149.99,1925.0
2026-03-12 01:40:00,5149.99,5153.05,5146.47,5146.95,707.0
2026-03-12 01:45:00,5146.95,5147.31,5138.11,5143.17,1495.0
2026-03-12 01:50:00,5143.17,5143.7,5139.1,5141.74,717.0
2026-03-12 01:55:00,5141.74,5145.15,5132.98,5134.24,1142.0
2026-03-12 02:00:00,5134.24,5135.79,5125.77,5131.1,2380.0
2026-03-12 02:05:00,5131.1,5138.55,5125.61,5137.58,2222.0
2026-03-12 02:10:00,5137.58,5142.11,5135.77,5138.84,2123.0
2026-03-12 02:15:00,5138.84,5144.21,5138.84,5141.74,1621.0
2026-03-12 02:20:00,5141.74,5149.13,5140.85,5148.93,1549.0
2026-03-12 02:25:00,5148.93,5158.01,5148.93,5152.65,2264.0
2026-03-12 02:30:00,5152.65,5155.47,5151.31,5152.99,1311.0
2026-03-12 02:35:00,5152.99,5161.58,5152.12,5157.77,1396.0
2026-03-12 02:40:00,5157.77,5158.84,5154.13,5154.29,1064.0
2026-03-12 02:45:00,5154.32,5155.14,5150.14,5153.39,1256.0
2026-03-12 02:50:00,5153.39,5156.02,5152.69,5155.01,1282.0
2026-03-12 02:55:00,5155.02,5155.02,5151.8,5152.92,1044.0
2026-03-12 03:00:00,5152.93,5166.85,5152.01,5158.84,2810.0
2026-03-12 03:05:00,5158.84,5159.44,5152.28,5156.43,2389.0
2026-03-12 03:10:00,5156.43,5159.34,5153.87,5157.18,1937.0
2026-03-12 03:15:00,5157.18,5159.64,5151.51,5159.16,1998.0
2026-03-12 03:20:00,5159.16,5161.18,5155.3,5159.82,1562.0
2026-03-12 03:25:00,5159.81,5160.84,5154.71,5157.58,1577.0
2026-03-12 03:30:00,5157.58,5159.22,5154.73,5158.37,1812.0
2026-03-12 03:35:00,5158.36,5164.63,5156.35,5163.02,1629.0
2026-03-12 03:40:00,5163.02,5170.46,5161.45,5169.9,1446.0
2026-03-12 03:45:00,5169.93,5172.98,5167.74,5171.86,1643.0
2026-03-12 03:50:00,5171.86,5171.94,5167.02,5167.42,1520.0
2026-03-12 03:55:00,5167.42,5168.83,5164.35,5168.58,1621.0
2026-03-12 04:00:00,5168.58,5172.97,5167.38,5171.84,1332.0
2026-03-12 04:05:00,5171.84,5174.0,5169.18,5173.66,1225.0
2026-03-12 04:10:00,5173.67,5174.66,5171.3,5174.19,1316.0
2026-03-12 04:15:00,5174.19,5174.54,5170.73,5174.09,1251.0
2026-03-12 04:20:00,5174.09,5175.17,5168.66,5169.47,1232.0
2026-03-12 04:25:00,5169.47,5172.11,5167.3,5168.17,1044.0
2026-03-12 04:30:00,5168.17,5171.57,5164.18,5165.52,1469.0
2026-03-12 04:35:00,5165.52,5166.06,5159.59,5160.57,2228.0
2026-03-12 04:40:00,5160.54,5161.68,5155.61,5157.52,2162.0
2026-03-12 04:45:00,5157.52,5158.4,5148.7,5150.62,2607.0
2026-03-12 04:50:00,5150.63,5154.3,5145.76,5151.4,2345.0
2026-03-12 04:55:00,5151.37,5154.62,5150.35,5150.72,1582.0
2026-03-12 05:00:00,5150.72,5155.7,5148.53,5152.66,1675.0
2026-03-12 05:05:00,5152.66,5154.72,5150.68,5153.08,1537.0
2026-03-12 05:10:00,5153.1,5155.55,5152.11,5154.02,1442.0
2026-03-12 05:15:00,5154.02,5154.25,5147.3,5152.57,1304.0
2026-03-12 05:20:00,5152.57,5155.17,5151.22,5151.47,1423.0
2026-03-12 05:25:00,5151.47,5153.16,5149.09,5151.81,1520.0
2026-03-12 05:30:00,5151.81,5153.49,5148.18,5149.57,1020.0
2026-03-12 05:35:00,5149.55,5152.37,5148.1,5148.77,1019.0
2026-03-12 05:40:00,5148.77,5153.73,5148.75,5152.46,789.0
2026-03-12 05:45:00,5152.46,5153.86,5151.24,5153.53,932.0
2026-03-12 05:50:00,5153.53,5154.23,5152.4,5152.75,550.0
2026-03-12 05:55:00,5152.75,5154.58,5152.17,5153.2,440.0
2026-03-12 06:00:00,5153.2,5153.4,5149.88,5152.82,422.0
2026-03-12 06:05:00,5152.82,5153.17,5151.96,5152.84,541.0
2026-03-12 06:10:00,5152.84,5153.14,5151.68,5152.14,444.0
2026-03-12 06:15:00,5152.16,5153.96,5151.78,5153.74,396.0
2026-03-12 06:20:00,5153.74,5153.83,5150.54,5150.82,582.0
2026-03-12 06:25:00,5150.82,5153.27,5150.25,5152.6,604.0
2026-03-12 06:30:00,5152.6,5152.6,5148.19,5148.32,683.0
2026-03-12 06:35:00,5148.32,5149.79,5144.42,5145.44,1069.0
2026-03-12 06:40:00,5145.44,5146.82,5143.83,5143.91,797.0
2026-03-12 06:45:00,5143.91,5146.67,5143.02,5145.5,926.0
2026-03-12 06:50:00,5145.5,5146.15,5142.24,5142.9,779.0
2026-03-12 06:55:00,5142.9,5143.17,5140.43,5142.62,965.0
2026-03-12 07:00:00,5142.64,5146.09,5142.45,5145.13,1327.0
2026-03-12 07:05:00,5145.13,5147.12,5141.56,5146.76,1424.0
2026-03-12 07:10:00,5146.76,5149.17,5145.41,5146.31,826.0
2026-03-12 07:15:00,5146.32,5148.89,5145.2,5147.2,1098.0
2026-03-12 07:20:00,5147.2,5147.21,5141.42,5141.43,1127.0
2026-03-12 07:25:00,5141.43,5143.23,5137.19,5142.96,1201.0
2026-03-12 07:30:00,5142.96,5149.78,5141.16,5147.36,1817.0
2026-03-12 07:35:00,5147.36,5152.5,5146.94,5149.4,1498.0
2026-03-12 07:40:00,5149.4,5154.51,5148.59,5153.42,1497.0
2026-03-12 07:45:00,5153.42,5156.93,5153.03,5156.71,1431.0
2026-03-12 07:50:00,5156.71,5156.75,5151.76,5153.32,1187.0
2026-03-12 07:55:00,5153.32,5157.85,5152.05,5154.58,1125.0
2026-03-12 08:00:00,5154.57,5157.65,5154.54,5155.21,1142.0
2026-03-12 08:05:00,5155.21,5155.42,5152.25,5154.45,1205.0
2026-03-12 08:10:00,5154.45,5155.93,5151.64,5154.45,1469.0
2026-03-12 08:15:00,5154.45,5154.55,5150.53,5150.74,955.0
2026-03-12 08:20:00,5150.74,5156.15,5147.24,5155.74,1101.0
2026-03-12 08:25:00,5155.74,5157.74,5155.71,5156.65,1207.0
2026-03-12 08:30:00,5156.64,5162.29,5156.05,5161.35,1037.0
2026-03-12 08:35:00,5161.35,5164.75,5159.88,5164.71,1039.0
2026-03-12 08:40:00,5164.71,5169.99,5163.52,5168.61,1676.0
2026-03-12 08:45:00,5168.66,5170.11,5167.28,5168.24,1636.0
2026-03-12 08:50:00,5168.24,5170.35,5166.53,5168.34,1390.0
2026-03-12 08:55:00,5168.34,5168.61,5165.24,5166.1,1064.0
2026-03-12 09:00:00,5166.1,5167.65,5164.47,5166.51,1140.0
2026-03-12 09:05:00,5166.56,5168.09,5165.61,5166.37,792.0
2026-03-12 09:10:00,5166.37,5170.45,5166.13,5170.14,1034.0
2026-03-12 09:15:00,5170.13,5170.6,5166.51,5167.46,841.0
2026-03-12 09:20:00,5167.46,5168.79,5166.01,5168.69,777.0
2026-03-12 09:25:00,5168.69,5169.57,5166.33,5169.07,753.0
2026-03-12 09:30:00,5169.07,5173.32,5168.37,5170.19,1019.0
2026-03-12 09:35:00,5170.17,5171.02,5168.29,5168.29,705.0
2026-03-12 09:40:00,5168.32,5179.87,5168.15,5178.88,1411.0
2026-03-12 09:45:00,5178.88,5185.4,5178.67,5179.3,1460.0
2026-03-12 09:50:00,5179.3,5180.41,5175.95,5178.84,1077.0
2026-03-12 09:55:00,5178.84,5182.58,5177.03,5182.0,1195.0
2026-03-12 10:00:00,5182.48,5189.75,5181.59,5184.8,1978.0
2026-03-12 10:05:00,5184.8,5185.85,5181.97,5183.81,1708.0
2026-03-12 10:10:00,5183.81,5188.53,5180.83,5181.62,1401.0
2026-03-12 10:15:00,5181.62,5184.52,5181.05,5181.78,948.0
2026-03-12 10:20:00,5181.78,5181.91,5178.33,5178.34,965.0
2026-03-12 10:25:00,5178.34,5180.41,5177.11,5177.43,1094.0
2026-03-12 10:30:00,5177.43,5181.28,5177.38,5180.73,1044.0
2026-03-12 10:35:00,5180.73,5181.76,5179.87,5180.42,921.0
2026-03-12 10:40:00,5180.42,5181.71,5178.26,5181.23,856.0
2026-03-12 10:45:00,5181.23,5182.92,5175.96,5179.71,1149.0
2026-03-12 10:50:00,5179.71,5180.53,5175.76,5178.97,1140.0
2026-03-12 10:55:00,5178.97,5180.41,5177.84,5178.13,965.0
2026-03-12 11:00:00,5178.13,5180.37,5177.22,5177.54,1240.0
2026-03-12 11:05:00,5177.54,5181.26,5175.63,5179.8,1035.0
2026-03-12 11:10:00,5179.8,5179.89,5175.81,5176.51,771.0
2026-03-12 11:15:00,5176.51,5179.0,5175.68,5176.97,826.0
2026-03-12 11:20:00,5176.97,5177.4,5174.4,5176.14,855.0
2026-03-12 11:25:00,5176.12,5181.41,5175.82,5180.16,1032.0
2026-03-12 11:30:00,5180.16,5185.76,5180.16,5184.27,1361.0
2026-03-12 11:35:00,5184.27,5186.72,5182.57,5184.98,1142.0
2026-03-12 11:40:00,5184.98,5187.33,5183.46,5184.66,1375.0
2026-03-12 11:45:00,5184.66,5186.45,5183.42,5183.88,1037.0
2026-03-12 11:50:00,5183.88,5186.82,5183.32,5183.82,1278.0
2026-03-12 11:55:00,5183.82,5190.36,5182.67,5188.23,1360.0
2026-03-12 12:00:00,5188.23,5191.62,5186.83,5188.35,1327.0
2026-03-12 12:05:00,5188.35,5191.7,5187.93,5188.01,1313.0
2026-03-12 12:10:00,5187.99,5190.75,5186.92,5187.12,941.0
2026-03-12 12:15:00,5187.12,5187.28,5183.19,5185.17,1218.0
2026-03-12 12:20:00,5185.17,5186.09,5183.29,5184.87,747.0
2026-03-12 12:25:00,5184.87,5184.98,5179.95,5180.31,901.0
2026-03-12 12:30:00,5180.31,5182.79,5178.59,5181.55,1455.0
2026-03-12 12:35:00,5181.55,5181.72,5176.23,5179.84,940.0
2026-03-12 12:40:00,5179.84,5183.11,5179.09,5181.98,918.0
2026-03-12 12:45:00,5181.98,5184.04,5181.25,5182.55,969.0
2026-03-12 12:50:00,5182.55,5183.08,5178.75,5180.16,1120.0
2026-03-12 12:55:00,5180.15,5182.62,5179.89,5182.38,911.0
2026-03-12 13:00:00,5182.39,5183.88,5180.16,5181.04,925.0
2026-03-12 13:05:00,5181.04,5182.27,5180.55,5181.81,690.0
2026-03-12 13:10:00,5181.81,5181.99,5178.81,5178.9,830.0
2026-03-12 13:15:00,5178.9,5179.31,5174.31,5174.32,1218.0
2026-03-12 13:20:00,5174.32,5179.18,5172.69,5178.95,1178.0
2026-03-12 13:25:00,5178.95,5179.52,5176.27,5176.35,984.0
2026-03-12 13:30:00,5176.43,5179.86,5176.36,5177.22,1341.0
2026-03-12 13:35:00,5177.22,5180.19,5175.4,5179.65,1197.0
2026-03-12 13:40:00,5179.65,5180.86,5177.45,5180.86,1162.0
2026-03-12 13:45:00,5180.86,5181.42,5177.67,5178.32,1318.0
2026-03-12 13:50:00,5178.32,5179.33,5176.55,5176.9,1227.0
2026-03-12 13:55:00,5176.9,5181.34,5176.69,5179.09,1245.0
2026-03-12 14:00:00,5179.09,5180.61,5174.5,5174.5,1778.0
2026-03-12 14:05:00,5174.47,5175.06,5167.36,5169.62,2176.0
2026-03-12 14:10:00,5169.62,5172.1,5167.51,5168.78,1849.0
2026-03-12 14:15:00,5168.78,5170.88,5165.72,5168.24,1657.0
2026-03-12 14:20:00,5168.24,5171.24,5163.85,5170.85,2153.0
2026-03-12 14:25:00,5170.86,5172.8,5168.89,5172.23,1437.0
2026-03-12 14:30:00,5172.23,5176.38,5170.02,5172.8,1868.0
2026-03-12 14:35:00,5172.69,5175.26,5169.85,5170.09,1774.0
2026-03-12 14:40:00,5170.1,5174.46,5168.48,5174.01,1752.0
2026-03-12 14:45:00,5174.01,5181.71,5173.97,5181.54,1778.0
2026-03-12 14:50:00,5181.54,5185.5,5181.36,5183.82,2217.0
2026-03-12 14:55:00,5183.81,5185.6,5178.42,5181.42,1652.0
2026-03-12 15:00:00,5181.42,5186.15,5179.8,5179.88,2828.0
2026-03-12 15:05:00,5179.88,5185.78,5178.87,5182.95,1906.0
2026-03-12 15:10:00,5182.92,5184.75,5181.64,5184.5,2110.0
2026-03-12 15:15:00,5184.51,5184.51,5172.96,5174.0,3007.0
2026-03-12 15:20:00,5174.1,5174.69,5159.5,5172.02,3360.0
2026-03-12 15:25:00,5172.02,5173.24,5168.14,5171.36,2867.0
2026-03-12 15:30:00,5171.36,5171.39,5160.64,5166.48,4187.0
2026-03-12 15:35:00,5166.48,5168.26,5158.53,5161.65,3594.0
2026-03-12 15:40:00,5161.65,5162.63,5155.69,5159.24,3770.0
2026-03-12 15:45:00,5159.24,5159.24,5151.69,5151.72,3646.0
2026-03-12 15:50:00,5151.72,5159.9,5147.68,5150.94,3984.0
2026-03-12 15:55:00,5150.92,5154.54,5146.09,5151.24,3314.0
2026-03-12 16:00:00,5151.24,5163.68,5150.09,5162.25,3267.0
2026-03-12 16:05:00,5162.24,5162.98,5155.81,5156.97,2916.0
2026-03-12 16:10:00,5156.97,5161.46,5154.98,5161.07,3050.0
2026-03-12 16:15:00,5161.24,5163.2,5152.41,5154.77,3141.0
2026-03-12 16:20:00,5154.77,5157.39,5149.81,5153.26,3058.0
2026-03-12 16:25:00,5153.26,5155.34,5150.46,5152.07,2722.0
2026-03-12 16:30:00,5152.07,5153.7,5143.68,5146.69,2909.0
2026-03-12 16:35:00,5146.69,5151.47,5139.74,5144.92,3255.0
2026-03-12 16:40:00,5144.92,5148.84,5139.89,5148.8,2887.0
2026-03-12 16:45:00,5148.8,5153.7,5138.34,5142.36,3367.0
2026-03-12 16:50:00,5142.35,5143.85,5139.29,5141.84,3007.0
2026-03-12 16:55:00,5141.84,5144.66,5139.47,5142.87,2735.0
2026-03-12 17:00:00,5142.87,5144.88,5130.67,5131.97,3637.0
2026-03-12 17:05:00,5131.97,5136.57,5127.33,5130.39,3207.0
2026-03-12 17:10:00,5130.39,5130.86,5109.91,5124.8,3956.0
2026-03-12 17:15:00,5124.77,5127.92,5118.03,5125.89,3112.0
2026-03-12 17:20:00,5125.88,5130.56,5125.54,5129.45,2534.0
2026-03-12 17:25:00,5129.45,5132.44,5127.91,5129.33,2617.0
2026-03-12 17:30:00,5129.29,5129.41,5123.19,5125.01,2198.0
2026-03-12 17:35:00,5125.01,5132.55,5118.42,5132.15,2864.0
2026-03-12 17:40:00,5132.14,5134.59,5125.56,5131.05,3468.0
2026-03-12 17:45:00,5131.04,5131.95,5125.46,5130.4,2821.0
2026-03-12 17:50:00,5130.4,5135.28,5127.58,5133.4,2818.0
2026-03-12 17:55:00,5133.4,5134.13,5128.85,5132.38,2294.0
2026-03-12 18:00:00,5132.38,5134.94,5130.89,5133.91,2493.0
2026-03-12 18:05:00,5133.91,5134.95,5122.37,5124.53,2446.0
2026-03-12 18:10:00,5124.53,5129.09,5121.24,5128.54,2423.0
2026-03-12 18:15:00,5128.54,5131.81,5127.89,5131.72,2219.0
2026-03-12 18:20:00,5131.39,5138.07,5130.98,5133.99,2281.0
2026-03-12 18:25:00,5133.96,5135.54,5131.31,5131.82,1844.0
2026-03-12 18:30:00,5131.82,5131.82,5124.95,5128.7,2134.0
2026-03-12 18:35:00,5128.7,5133.66,5128.01,5131.29,2060.0
2026-03-12 18:40:00,5131.29,5137.69,5130.89,5134.97,2214.0
2026-03-12 18:45:00,5134.95,5135.6,5128.63,5133.69,2391.0
2026-03-12 18:50:00,5133.69,5133.87,5124.63,5125.08,2481.0
2026-03-12 18:55:00,5125.17,5126.32,5121.58,5123.59,2155.0
2026-03-12 19:00:00,5123.44,5127.0,5122.73,5126.63,1985.0
2026-03-12 19:05:00,5126.54,5129.67,5123.77,5125.1,2488.0
2026-03-12 19:10:00,5125.07,5125.97,5120.8,5121.52,2421.0
2026-03-12 19:15:00,5121.52,5121.74,5113.57,5118.19,2796.0
2026-03-12 19:20:00,5118.19,5122.74,5117.12,5120.29,2826.0
2026-03-12 19:25:00,5120.3,5122.13,5117.34,5118.88,2819.0
2026-03-12 19:30:00,5118.89,5120.02,5111.18,5111.97,2410.0
2026-03-12 19:35:00,5112.07,5115.81,5109.24,5112.97,2819.0
2026-03-12 19:40:00,5112.97,5113.66,5105.16,5110.63,2555.0
2026-03-12 19:45:00,5110.64,5112.33,5106.52,5107.65,2339.0
2026-03-12 19:50:00,5107.65,5109.65,5105.8,5107.27,2045.0
2026-03-12 19:55:00,5107.27,5108.42,5102.53,5105.37,2642.0
2026-03-12 20:00:00,5105.37,5112.51,5104.99,5108.49,2468.0
2026-03-12 20:05:00,5108.49,5112.61,5105.41,5107.18,2202.0
2026-03-12 20:10:00,5107.16,5109.61,5105.35,5107.22,1850.0
2026-03-12 20:15:00,5107.22,5110.52,5106.22,5106.69,1713.0
2026-03-12 20:20:00,5106.69,5107.06,5101.1,5102.94,2693.0
2026-03-12 20:25:00,5102.99,5105.98,5102.57,5104.5,1863.0
2026-03-12 20:30:00,5104.5,5104.5,5099.85,5100.38,1786.0
2026-03-12 20:35:00,5100.41,5103.63,5099.05,5100.24,2164.0
2026-03-12 20:40:00,5100.25,5100.54,5098.62,5098.74,1768.0
2026-03-12 20:45:00,5098.74,5099.16,5092.12,5092.37,2364.0
2026-03-12 20:50:00,5092.37,5099.47,5090.67,5098.61,2228.0
2026-03-12 20:55:00,5098.61,5099.36,5093.86,5094.45,1799.0
2026-03-12 21:00:00,5094.36,5095.07,5079.62,5087.26,2974.0
2026-03-12 21:05:00,5087.26,5093.83,5087.26,5092.75,1889.0
2026-03-12 21:10:00,5092.75,5092.93,5083.24,5084.89,1744.0
2026-03-12 21:15:00,5084.89,5088.46,5081.2,5086.55,1792.0
2026-03-12 21:20:00,5086.55,5093.69,5084.43,5092.84,1782.0
2026-03-12 21:25:00,5092.87,5095.6,5089.07,5093.58,1888.0
2026-03-12 21:30:00,5093.58,5096.86,5093.13,5094.73,1635.0
2026-03-12 21:35:00,5094.57,5096.27,5092.1,5094.89,1763.0
2026-03-12 21:40:00,5094.89,5095.62,5090.49,5091.9,1581.0
2026-03-12 21:45:00,5091.9,5095.74,5089.7,5094.94,1943.0
2026-03-12 21:50:00,5094.8,5096.3,5092.21,5094.22,1856.0
2026-03-12 21:55:00,5094.24,5094.24,5081.27,5084.71,3667.0
2026-03-12 22:00:00,5084.66,5090.24,5083.53,5088.94,1214.0
2026-03-12 22:05:00,5088.94,5090.57,5087.34,5089.05,721.0
2026-03-12 22:10:00,5089.03,5090.03,5085.19,5085.29,942.0
2026-03-12 22:15:00,5085.29,5089.0,5083.79,5085.22,1189.0
2026-03-12 22:20:00,5085.22,5085.22,5077.18,5081.73,1963.0
2026-03-12 22:25:00,5081.73,5082.2,5071.37,5071.87,1535.0
2026-03-12 22:30:00,5071.89,5072.02,5055.0,5071.29,3630.0
2026-03-12 22:35:00,5071.29,5072.97,5066.11,5070.42,1303.0
2026-03-12 22:40:00,5070.43,5072.97,5067.74,5072.37,1155.0
2026-03-12 22:45:00,5072.37,5081.4,5071.99,5080.83,1054.0
2026-03-12 22:50:00,5080.83,5081.07,5076.12,5078.47,988.0
2026-03-12 22:55:00,5078.47,5080.18,5076.64,5079.21,700.0
2026-03-13 00:00:00,5077.33,5083.92,5073.02,5083.83,794.0
2026-03-13 00:05:00,5083.83,5086.66,5079.04,5081.48,522.0
2026-03-13 00:10:00,5081.47,5085.99,5079.37,5081.67,419.0
2026-03-13 00:15:00,5081.54,5090.97,5081.0,5089.56,606.0
2026-03-13 00:20:00,5089.56,5095.04,5088.52,5093.77,513.0
2026-03-13 00:25:00,5093.9,5095.12,5089.95,5092.58,509.0
2026-03-13 00:30:00,5092.57,5092.65,5089.91,5090.19,440.0
2026-03-13 00:35:00,5090.21,5090.21,5085.3,5086.44,419.0
2026-03-13 00:40:00,5086.49,5090.43,5085.99,5089.61,410.0
2026-03-13 00:45:00,5089.8,5092.72,5088.16,5088.32,409.0
2026-03-13 00:50:00,5088.34,5092.73,5088.29,5092.41,378.0
2026-03-13 00:55:00,5092.29,5096.4,5092.29,5095.61,351.0
2026-03-13 01:00:00,5095.85,5096.06,5089.05,5092.9,1018.0
2026-03-13 01:05:00,5092.9,5096.18,5092.88,5093.89,1107.0
2026-03-13 01:10:00,5093.89,5095.19,5089.65,5090.69,1065.0
2026-03-13 01:15:00,5090.69,5095.28,5090.48,5094.11,970.0
2026-03-13 01:20:00,5094.11,5099.22,5092.99,5096.53,899.0
2026-03-13 01:25:00,5096.53,5099.53,5093.23,5094.13,1080.0
2026-03-13 01:30:00,5094.13,5097.88,5091.97,5095.38,1307.0
2026-03-13 01:35:00,5095.38,5097.58,5093.09,5097.5,973.0
2026-03-13 01:40:00,5097.5,5098.39,5094.18,5094.83,886.0
2026-03-13 01:45:00,5094.83,5099.51,5094.7,5098.76,1017.0
2026-03-13 01:50:00,5098.76,5100.89,5097.21,5099.54,731.0
2026-03-13 01:55:00,5099.47,5101.28,5097.98,5098.04,846.0
2026-03-13 02:00:00,5098.04,5103.88,5097.35,5099.05,1349.0
2026-03-13 02:05:00,5099.05,5104.36,5099.04,5103.7,1136.0
2026-03-13 02:10:00,5103.71,5108.2,5102.49,5105.95,1065.0
2026-03-13 02:15:00,5105.95,5108.07,5104.94,5104.94,890.0
2026-03-13 02:20:00,5104.94,5108.4,5104.77,5106.08,759.0
2026-03-13 02:25:00,5106.08,5106.72,5104.19,5106.35,624.0
2026-03-13 02:30:00,5106.35,5110.59,5106.04,5109.23,1095.0
2026-03-13 02:35:00,5109.23,5109.81,5107.86,5108.49,800.0
2026-03-13 02:40:00,5108.49,5109.81,5107.0,5107.87,799.0
2026-03-13 02:45:00,5107.87,5109.72,5107.26,5107.9,735.0
2026-03-13 02:50:00,5107.9,5113.08,5107.54,5111.6,1029.0
2026-03-13 02:55:00,5111.61,5115.38,5110.82,5113.74,912.0
2026-03-13 03:00:00,5113.74,5120.63,5113.48,5118.73,1996.0
2026-03-13 03:05:00,5118.72,5120.78,5117.12,5118.89,1556.0
2026-03-13 03:10:00,5118.92,5120.85,5115.57,5119.6,1616.0
2026-03-13 03:15:00,5119.6,5120.57,5114.13,5116.02,1501.0
2026-03-13 03:20:00,5116.02,5119.44,5114.46,5116.53,1665.0
2026-03-13 03:25:00,5116.55,5120.79,5116.26,5119.0,1136.0
2026-03-13 03:30:00,5119.0,5121.35,5118.43,5120.87,1395.0
2026-03-13 03:35:00,5120.93,5121.44,5114.93,5118.63,1846.0
2026-03-13 03:40:00,5118.63,5119.07,5111.69,5112.32,1794.0
2026-03-13 03:45:00,5112.32,5115.03,5108.86,5112.58,2335.0
2026-03-13 03:50:00,5112.58,5115.89,5110.15,5113.81,2044.0
2026-03-13 03:55:00,5113.81,5124.29,5113.81,5124.2,1768.0
2026-03-13 04:00:00,5124.2,5128.53,5123.67,5126.89,2104.0
2026-03-13 04:05:00,5126.89,5127.42,5122.68,5124.87,1258.0
2026-03-13 04:10:00,5124.9,5126.58,5123.05,5123.24,1323.0
2026-03-13 04:15:00,5123.24,5123.24,5119.72,5120.69,1035.0
2026-03-13 04:20:00,5120.69,5123.13,5114.99,5118.36,1334.0
2026-03-13 04:25:00,5118.36,5122.32,5118.12,5121.51,761.0
2026-03-13 04:30:00,5121.51,5121.84,5118.67,5119.98,1027.0
2026-03-13 04:35:00,5119.98,5121.33,5117.37,5117.66,1097.0
2026-03-13 04:40:00,5117.66,5120.8,5115.67,5117.95,1268.0
2026-03-13 04:45:00,5117.95,5118.59,5112.72,5113.72,1285.0
2026-03-13 04:50:00,5113.72,5115.33,5111.83,5115.25,1219.0
2026-03-13 04:55:00,5115.25,5115.82,5110.45,5112.06,1324.0
2026-03-13 05:00:00,5112.06,5114.26,5109.17,5112.38,1677.0
2026-03-13 05:05:00,5112.38,5115.9,5111.86,5113.57,1283.0
2026-03-13 05:10:00,5113.57,5115.75,5109.92,5110.75,1368.0
2026-03-13 05:15:00,5110.75,5112.94,5109.74,5110.78,1082.0
2026-03-13 05:20:00,5110.78,5114.0,5110.05,5112.45,1013.0
2026-03-13 05:25:00,5112.45,5113.7,5108.29,5110.41,1082.0
2026-03-13 05:30:00,5110.41,5112.39,5108.78,5110.52,941.0
2026-03-13 05:35:00,5110.5,5111.73,5106.24,5109.13,827.0
2026-03-13 05:40:00,5109.13,5111.66,5108.61,5110.77,665.0
2026-03-13 05:45:00,5110.77,5116.71,5110.45,5115.26,922.0
2026-03-13 05:50:00,5115.26,5115.82,5113.85,5114.5,577.0
2026-03-13 05:55:00,5114.56,5116.39,5114.52,5115.64,634.0
2026-03-13 06:00:00,5115.65,5117.92,5115.34,5115.78,736.0
2026-03-13 06:05:00,5115.78,5117.52,5113.29,5115.3,603.0
2026-03-13 06:10:00,5115.3,5116.18,5112.5,5114.26,630.0
2026-03-13 06:15:00,5114.26,5114.43,5110.88,5111.38,720.0
2026-03-13 06:20:00,5111.38,5112.1,5103.76,5105.0,1128.0
2026-03-13 06:25:00,5105.0,5107.79,5104.93,5105.51,784.0
2026-03-13 06:30:00,5105.51,5107.15,5104.68,5105.56,926.0
2026-03-13 06:35:00,5105.55,5106.3,5102.71,5104.5,938.0
2026-03-13 06:40:00,5104.5,5105.81,5103.47,5104.48,835.0
2026-03-13 06:45:00,5104.47,5106.2,5103.15,5105.74,911.0
2026-03-13 06:50:00,5105.77,5106.77,5104.56,5105.4,609.0
2026-03-13 06:55:00,5105.4,5105.59,5103.15,5104.24,517.0
2026-03-13 07:00:00,5104.25,5106.54,5103.84,5104.29,732.0
2026-03-13 07:05:00,5104.29,5106.68,5102.68,5105.79,743.0
2026-03-13 07:10:00,5105.79,5109.48,5105.29,5109.13,838.0
2026-03-13 07:15:00,5109.11,5110.24,5108.12,5108.88,678.0
2026-03-13 07:20:00,5108.88,5109.88,5107.35,5108.5,655.0
2026-03-13 07:25:00,5108.5,5109.91,5104.91,5106.02,726.0
2026-03-13 07:30:00,5106.02,5111.15,5103.98,5108.66,1762.0
2026-03-13 07:35:00,5108.66,5109.35,5105.47,5107.68,1435.0
2026-03-13 07:40:00,5107.68,5109.18,5099.91,5100.65,1663.0
2026-03-13 07:45:00,5100.65,5104.21,5098.41,5103.37,1539.0
2026-03-13 07:50:00,5103.37,5105.41,5098.68,5099.37,1666.0
2026-03-13 07:55:00,5099.37,5105.62,5098.43,5103.21,1813.0
2026-03-13 08:00:00,5103.21,5107.22,5101.64,5106.13,1710.0
2026-03-13 08:05:00,5106.12,5107.91,5104.54,5105.49,1483.0
2026-03-13 08:10:00,5105.49,5107.1,5102.96,5104.0,1318.0
2026-03-13 08:15:00,5104.0,5104.18,5098.66,5099.95,1143.0
2026-03-13 08:20:00,5099.95,5100.67,5094.87,5096.56,1917.0
2026-03-13 08:25:00,5096.5,5097.32,5088.9,5095.78,2271.0
2026-03-13 08:30:00,5095.79,5098.35,5091.89,5092.88,1844.0
2026-03-13 08:35:00,5092.88,5097.3,5087.9,5093.96,1958.0
2026-03-13 08:40:00,5093.96,5094.83,5089.65,5091.83,1928.0
2026-03-13 08:45:00,5091.83,5094.8,5088.79,5091.83,2072.0
2026-03-13 08:50:00,5091.83,5092.38,5085.75,5088.27,1988.0
2026-03-13 08:55:00,5088.27,5090.76,5086.77,5088.39,1953.0
2026-03-13 09:00:00,5088.39,5090.51,5083.75,5089.83,1789.0
2026-03-13 09:05:00,5089.82,5093.3,5088.53,5090.68,1567.0
2026-03-13 09:10:00,5090.68,5094.2,5089.77,5090.29,1217.0
2026-03-13 09:15:00,5090.29,5090.41,5075.32,5078.19,2097.0
2026-03-13 09:20:00,5078.19,5078.71,5071.73,5077.07,1858.0
2026-03-13 09:25:00,5077.07,5085.33,5076.27,5084.84,1366.0
2026-03-13 09:30:00,5084.84,5091.0,5083.91,5090.88,1381.0
2026-03-13 09:35:00,5090.88,5092.96,5088.06,5088.06,1332.0
2026-03-13 09:40:00,5088.06,5092.66,5087.32,5089.32,1337.0
2026-03-13 09:45:00,5089.36,5092.73,5084.38,5085.36,1316.0
2026-03-13 09:50:00,5085.36,5086.85,5083.9,5084.37,995.0
2026-03-13 09:55:00,5084.37,5085.47,5082.34,5085.23,1202.0
2026-03-13 10:00:00,5085.23,5085.23,5068.38,5068.42,2761.0
2026-03-13 10:05:00,5068.46,5075.26,5066.58,5072.59,1949.0
2026-03-13 10:10:00,5072.64,5078.57,5071.17,5078.07,1849.0
2026-03-13 10:15:00,5077.97,5079.11,5072.25,5073.63,1757.0
2026-03-13 10:20:00,5073.67,5074.07,5061.53,5067.02,2336.0
2026-03-13 10:25:00,5067.02,5071.4,5065.75,5070.83,1788.0
2026-03-13 10:30:00,5070.83,5078.55,5070.4,5077.76,1339.0
2026-03-13 10:35:00,5077.76,5082.95,5076.77,5081.55,1500.0
2026-03-13 10:40:00,5081.55,5084.44,5076.05,5076.16,1426.0
2026-03-13 10:45:00,5076.16,5083.87,5075.94,5083.87,1291.0
2026-03-13 10:50:00,5083.86,5087.18,5082.04,5082.12,1421.0
2026-03-13 10:55:00,5082.12,5087.96,5081.95,5087.37,1222.0
2026-03-13 11:00:00,5087.36,5093.92,5085.99,5093.8,1853.0
2026-03-13 11:05:00,5093.8,5097.11,5092.03,5092.21,1278.0
2026-03-13 11:10:00,5092.21,5096.41,5090.4,5092.43,1478.0
2026-03-13 11:15:00,5092.43,5093.12,5086.45,5089.57,1403.0
2026-03-13 11:20:00,5089.53,5089.92,5084.2,5085.25,1186.0
2026-03-13 11:25:00,5085.55,5092.22,5085.21,5091.8,1610.0
2026-03-13 11:30:00,5091.8,5092.76,5088.76,5089.77,1149.0
2026-03-13 11:35:00,5089.77,5090.46,5087.0,5089.04,1147.0
2026-03-13 11:40:00,5089.04,5089.08,5083.32,5085.52,1279.0
2026-03-13 11:45:00,5085.52,5089.37,5084.97,5088.97,1230.0
2026-03-13 11:50:00,5088.97,5094.25,5088.77,5090.12,1278.0
2026-03-13 11:55:00,5090.12,5093.45,5089.44,5089.61,1028.0
2026-03-13 12:00:00,5089.61,5089.84,5085.99,5088.31,1926.0
2026-03-13 12:05:00,5088.31,5091.4,5087.11,5088.98,1114.0
2026-03-13 12:10:00,5088.98,5093.57,5087.15,5093.39,1117.0
2026-03-13 12:15:00,5093.39,5096.78,5091.82,5092.47,1133.0
2026-03-13 12:20:00,5092.47,5093.89,5090.62,5092.13,1012.0
2026-03-13 12:25:00,5092.13,5093.27,5088.79,5089.26,1065.0
2026-03-13 12:30:00,5089.26,5089.53,5079.88,5082.66,1697.0
2026-03-13 12:35:00,5082.66,5087.79,5082.16,5087.77,973.0
2026-03-13 12:40:00,5087.77,5089.09,5086.65,5087.66,763.0
2026-03-13 12:45:00,5087.66,5094.61,5084.62,5094.6,1429.0
2026-03-13 12:50:00,5094.6,5098.42,5094.55,5096.76,1438.0
2026-03-13 12:55:00,5096.72,5097.52,5093.42,5094.91,1223.0
2026-03-13 13:00:00,5094.91,5097.6,5091.46,5094.98,1486.0
2026-03-13 13:05:00,5094.98,5095.62,5087.8,5089.42,1657.0
2026-03-13 13:10:00,5089.42,5091.3,5086.26,5090.47,1427.0
2026-03-13 13:15:00,5090.47,5096.15,5089.08,5094.77,1110.0
2026-03-13 13:20:00,5094.77,5095.09,5092.71,5094.67,1146.0
2026-03-13 13:25:00,5094.69,5097.45,5093.77,5095.43,1233.0
2026-03-13 13:30:00,5095.43,5095.61,5092.02,5093.7,1048.0
2026-03-13 13:35:00,5093.7,5095.79,5092.21,5094.8,1326.0
2026-03-13 13:40:00,5094.8,5096.63,5093.28,5094.87,1056.0
2026-03-13 13:45:00,5094.87,5097.81,5092.13,5094.18,1680.0
2026-03-13 13:50:00,5094.18,5096.46,5093.67,5095.2,1145.0
2026-03-13 13:55:00,5095.2,5107.82,5095.11,5107.65,1693.0
2026-03-13 14:00:00,5107.53,5118.89,5107.32,5114.14,2619.0
2026-03-13 14:05:00,5114.14,5117.07,5109.77,5110.21,2201.0
2026-03-13 14:10:00,5110.21,5111.57,5107.49,5108.48,2020.0
2026-03-13 14:15:00,5108.48,5109.22,5104.43,5106.91,1676.0
2026-03-13 14:20:00,5106.91,5114.14,5105.33,5113.58,1902.0
2026-03-13 14:25:00,5113.58,5115.56,5111.13,5114.0,1648.0
2026-03-13 14:30:00,5114.02,5116.5,5112.27,5114.41,2768.0
2026-03-13 14:35:00,5114.41,5116.17,5111.02,5113.73,2020.0
2026-03-13 14:40:00,5113.67,5115.99,5108.16,5112.29,1883.0
2026-03-13 14:45:00,5112.3,5121.84,5111.12,5121.23,2846.0
2026-03-13 14:50:00,5121.23,5121.32,5115.29,5117.71,1898.0
2026-03-13 14:55:00,5117.71,5120.74,5116.13,5118.27,1639.0
2026-03-13 15:00:00,5118.27,5121.2,5114.19,5120.59,2952.0
2026-03-13 15:05:00,5120.59,5121.29,5113.31,5114.47,2470.0
2026-03-13 15:10:00,5114.47,5114.83,5110.17,5112.79,2398.0
2026-03-13 15:15:00,5112.79,5115.1,5109.77,5112.23,2007.0
2026-03-13 15:20:00,5112.23,5115.52,5111.77,5113.52,1527.0
2026-03-13 15:25:00,5113.52,5113.92,5107.34,5108.81,1632.0
2026-03-13 15:30:00,5108.81,5109.49,5100.45,5102.11,3447.0
2026-03-13 15:35:00,5102.11,5108.79,5096.54,5106.76,3136.0
2026-03-13 15:40:00,5106.75,5112.49,5103.18,5112.22,2592.0
2026-03-13 15:45:00,5112.22,5116.87,5109.93,5110.89,2585.0
2026-03-13 15:50:00,5110.89,5111.69,5106.23,5108.63,2352.0
2026-03-13 15:55:00,5108.63,5108.7,5099.33,5101.74,2419.0
2026-03-13 16:00:00,5101.74,5106.12,5096.06,5105.51,2844.0
2026-03-13 16:05:00,5105.51,5108.03,5099.43,5100.39,3227.0
2026-03-13 16:10:00,5100.39,5101.23,5090.84,5090.88,3323.0
2026-03-13 16:15:00,5090.8,5094.47,5082.77,5089.68,3740.0
2026-03-13 16:20:00,5089.72,5092.24,5087.39,5091.0,3193.0
2026-03-13 16:25:00,5091.0,5092.88,5085.39,5089.08,3064.0
2026-03-13 16:30:00,5089.08,5091.93,5084.18,5090.21,3285.0
2026-03-13 16:35:00,5090.21,5090.44,5082.38,5083.29,2805.0
2026-03-13 16:40:00,5083.29,5083.3,5074.73,5079.43,3282.0
2026-03-13 16:45:00,5079.43,5079.43,5072.54,5077.96,3627.0
2026-03-13 16:50:00,5077.89,5078.48,5057.96,5064.4,4159.0
2026-03-13 16:55:00,5064.36,5064.36,5035.97,5041.75,5402.0
2026-03-13 17:00:00,5041.78,5051.14,5038.3,5049.84,4445.0
2026-03-13 17:05:00,5049.84,5064.98,5049.09,5064.72,3284.0
2026-03-13 17:10:00,5064.71,5071.45,5059.87,5069.22,2920.0
2026-03-13 17:15:00,5069.2,5071.36,5062.38,5062.71,2826.0
2026-03-13 17:20:00,5062.71,5069.22,5058.42,5059.43,2661.0
2026-03-13 17:25:00,5059.43,5067.19,5056.89,5063.23,2990.0
2026-03-13 17:30:00,5063.23,5068.33,5059.83,5064.67,3076.0
2026-03-13 17:35:00,5064.67,5066.26,5056.68,5056.88,3025.0
2026-03-13 17:40:00,5056.95,5058.93,5041.89,5046.69,2755.0
2026-03-13 17:45:00,5046.69,5057.39,5042.56,5049.19,3611.0
2026-03-13 17:50:00,5049.19,5054.18,5036.34,5037.1,3850.0
2026-03-13 17:55:00,5037.1,5044.82,5031.93,5034.73,3505.0
2026-03-13 18:00:00,5034.73,5038.09,5024.9,5027.87,4150.0
2026-03-13 18:05:00,5027.87,5037.28,5019.04,5037.28,3679.0
2026-03-13 18:10:00,5037.28,5040.67,5024.41,5031.98,3103.0
2026-03-13 18:15:00,5031.98,5037.83,5030.61,5031.3,2869.0
2026-03-13 18:20:00,5031.3,5039.63,5030.64,5039.42,3033.0
2026-03-13 18:25:00,5039.42,5041.67,5034.08,5040.99,2852.0
2026-03-13 18:30:00,5040.99,5049.59,5040.17,5044.6,2787.0
2026-03-13 18:35:00,5044.6,5053.01,5044.59,5045.49,2947.0
2026-03-13 18:40:00,5045.49,5049.8,5043.09,5044.45,2530.0
2026-03-13 18:45:00,5044.6,5045.6,5041.64,5043.59,2327.0
2026-03-13 18:50:00,5043.59,5051.72,5042.64,5049.3,2296.0
2026-03-13 18:55:00,5049.24,5051.08,5044.49,5046.0,2102.0
2026-03-13 19:00:00,5046.0,5050.53,5043.51,5045.03,2212.0
2026-03-13 19:05:00,5045.13,5050.69,5044.02,5049.1,2001.0
2026-03-13 19:10:00,5049.1,5057.01,5047.06,5057.0,2379.0
2026-03-13 19:15:00,5056.92,5062.17,5056.08,5061.35,2296.0
2026-03-13 19:20:00,5061.35,5061.55,5054.87,5055.03,2124.0
2026-03-13 19:25:00,5055.03,5059.46,5052.27,5056.4,2225.0
2026-03-13 19:30:00,5056.4,5059.39,5053.41,5058.99,2244.0
2026-03-13 19:35:00,5058.99,5063.88,5058.06,5059.55,2270.0
2026-03-13 19:40:00,5059.55,5059.72,5051.14,5053.57,2337.0
2026-03-13 19:45:00,5053.57,5055.38,5045.98,5046.4,2234.0
2026-03-13 19:50:00,5046.4,5048.58,5044.49,5045.8,1968.0
2026-03-13 19:55:00,5045.8,5047.6,5043.51,5046.47,1868.0
2026-03-13 20:00:00,5046.47,5049.6,5044.78,5049.08,1783.0
2026-03-13 20:05:00,5049.08,5051.82,5046.84,5047.86,1797.0
2026-03-13 20:10:00,5047.86,5048.78,5040.66,5042.39,1956.0
2026-03-13 20:15:00,5042.41,5046.21,5040.67,5043.41,2005.0
2026-03-13 20:20:00,5043.37,5044.94,5037.11,5040.45,2184.0
2026-03-13 20:25:00,5040.51,5042.44,5036.07,5041.89,2080.0
2026-03-13 20:30:00,5041.87,5049.39,5040.49,5045.37,1853.0
2026-03-13 20:35:00,5045.33,5047.45,5042.1,5042.25,1675.0
2026-03-13 20:40:00,5042.27,5046.75,5041.64,5044.21,1387.0
2026-03-13 20:45:00,5044.21,5045.35,5041.2,5042.09,1256.0
2026-03-13 20:50:00,5042.07,5044.97,5041.39,5044.34,1329.0
2026-03-13 20:55:00,5044.34,5046.56,5043.38,5046.49,1588.0
2026-03-13 21:00:00,5046.53,5049.81,5046.53,5047.49,1768.0
2026-03-13 21:05:00,5047.49,5048.05,5040.38,5043.68,1476.0
2026-03-13 21:10:00,5043.68,5044.44,5033.95,5039.97,1664.0
2026-03-13 21:15:00,5040.0,5040.36,5032.88,5036.11,1618.0
2026-03-13 21:20:00,5036.11,5040.42,5035.37,5040.41,1844.0
2026-03-13 21:25:00,5040.41,5040.41,5032.35,5035.06,1923.0
2026-03-13 21:30:00,5035.06,5037.02,5031.66,5032.49,1920.0
2026-03-13 21:35:00,5032.43,5034.12,5028.99,5029.52,1781.0
2026-03-13 21:40:00,5029.51,5029.87,5023.08,5025.45,1982.0
2026-03-13 21:45:00,5025.45,5025.92,5013.1,5015.6,2414.0
2026-03-13 21:50:00,5015.62,5017.31,5009.66,5016.09,2464.0
2026-03-13 21:55:00,5016.09,5023.5,5013.91,5016.44,3032.0
2026-03-13 22:00:00,5016.61,5021.26,5016.38,5020.27,1253.0
2026-03-13 22:05:00,5020.27,5020.51,5012.32,5016.55,1158.0
2026-03-13 22:10:00,5016.55,5017.87,5014.34,5016.66,872.0
2026-03-13 22:15:00,5016.66,5021.55,5014.83,5015.64,1141.0
2026-03-13 22:20:00,5015.64,5016.28,5012.3,5014.12,855.0
2026-03-13 22:25:00,5014.12,5015.57,5013.19,5014.01,681.0
2026-03-13 22:30:00,5013.97,5018.93,5013.1,5015.5,716.0
2026-03-13 22:35:00,5015.5,5020.11,5014.83,5018.84,511.0
2026-03-13 22:40:00,5018.84,5025.45,5016.49,5024.77,1212.0
2026-03-13 22:45:00,5024.77,5024.79,5018.38,5018.78,1333.0
2026-03-13 22:50:00,5018.78,5022.21,5016.91,5021.58,1583.0
2026-03-13 22:55:00,5021.58,5021.82,5017.38,5018.98,785.0
2026-03-16 00:00:00,5016.23,5021.61,5008.55,5015.6,970.0
2026-03-16 00:05:00,5015.6,5030.27,5015.55,5024.67,989.0
2026-03-16 00:10:00,5024.71,5025.87,5019.52,5023.46,891.0
2026-03-16 00:15:00,5020.65,5021.96,5006.77,5008.59,731.0
2026-03-16 00:20:00,5008.63,5014.72,5000.88,5009.34,844.0
2026-03-16 00:25:00,5009.36,5013.92,5007.51,5013.4,600.0
2026-03-16 00:30:00,5013.16,5018.26,5010.57,5016.0,784.0
2026-03-16 00:35:00,5015.97,5017.64,5011.39,5013.35,672.0
2026-03-16 00:40:00,5013.38,5014.68,5008.29,5010.7,680.0
2026-03-16 00:45:00,5010.68,5021.33,5010.48,5020.87,720.0
2026-03-16 00:50:00,5020.72,5023.69,5018.2,5022.03,694.0
2026-03-16 00:55:00,5022.04,5025.96,5022.0,5025.22,646.0
2026-03-16 01:00:00,5024.91,5026.13,5005.92,5006.09,1086.0
2026-03-16 01:05:00,5006.09,5011.88,5002.28,5007.1,2014.0
2026-03-16 01:10:00,5007.1,5009.69,5004.23,5007.13,1684.0
2026-03-16 01:15:00,5007.13,5007.96,5002.08,5002.1,1394.0
2026-03-16 01:20:00,5002.1,5002.82,4967.62,4985.09,3745.0
2026-03-16 01:25:00,4985.12,4990.62,4983.01,4989.67,3147.0
2026-03-16 01:30:00,4989.66,4992.53,4978.95,4981.79,3527.0
2026-03-16 01:35:00,4981.79,4989.55,4981.79,4987.04,3129.0
2026-03-16 01:40:00,4986.28,4987.33,4979.8,4983.76,3241.0
2026-03-16 01:45:00,4983.76,4984.53,4972.24,4974.81,3497.0
2026-03-16 01:50:00,4974.81,4987.18,4974.81,4985.78,2539.0
2026-03-16 01:55:00,4985.78,4998.73,4985.77,4997.61,2462.0
2026-03-16 02:00:00,4997.61,5023.38,4996.79,5022.25,3390.0
2026-03-16 02:05:00,5022.29,5028.67,5019.62,5019.95,2819.0
2026-03-16 02:10:00,5019.93,5026.4,5017.83,5022.59,2210.0
2026-03-16 02:15:00,5022.59,5023.76,5015.16,5019.17,2195.0
2026-03-16 02:20:00,5019.17,5021.38,5016.97,5021.29,1556.0
2026-03-16 02:25:00,5021.29,5022.09,5015.05,5016.82,1355.0
2026-03-16 02:30:00,5016.82,5031.05,5014.98,5030.64,1886.0
2026-03-16 02:35:00,5030.64,5030.75,5022.26,5026.81,1713.0
2026-03-16 02:40:00,5026.8,5028.48,5023.1,5027.7,1637.0
2026-03-16 02:45:00,5027.77,5030.1,5025.48,5027.37,1735.0
2026-03-16 02:50:00,5027.37,5027.41,5017.08,5022.2,1750.0
2026-03-16 02:55:00,5022.2,5028.49,5020.07,5025.72,1588.0
2026-03-16 03:00:00,5025.83,5026.53,5011.66,5017.25,3763.0
2026-03-16 03:05:00,5017.26,5023.17,5012.35,5013.92,2851.0
2026-03-16 03:10:00,5013.92,5018.56,4986.39,4986.51,3659.0
2026-03-16 03:15:00,4986.51,5005.41,4984.02,5002.01,3916.0
2026-03-16 03:20:00,5002.05,5005.65,4990.99,4995.18,2917.0
2026-03-16 03:25:00,4995.18,4997.41,4986.11,4987.93,2843.0
2026-03-16 03:30:00,4987.94,4991.9,4982.63,4989.73,3295.0
2026-03-16 03:35:00,4989.72,4997.62,4985.25,4996.84,3271.0
2026-03-16 03:40:00,4996.84,5004.3,4996.06,5003.95,2580.0
2026-03-16 03:45:00,5004.05,5009.4,5002.92,5003.88,2459.0
2026-03-16 03:50:00,5003.88,5009.87,5002.57,5009.43,2301.0
2026-03-16 03:55:00,5009.43,5016.45,5009.38,5016.03,2215.0
2026-03-16 04:00:00,5016.03,5018.89,5012.25,5014.56,2524.0
2026-03-16 04:05:00,5014.56,5016.76,5010.68,5013.65,2202.0
2026-03-16 04:10:00,5013.66,5015.63,5010.77,5015.34,2107.0
2026-03-16 04:15:00,5015.34,5017.92,5012.49,5017.38,1581.0
2026-03-16 04:20:00,5017.38,5018.59,5012.62,5012.68,1372.0
2026-03-16 04:25:00,5012.68,5014.11,5010.54,5013.04,1428.0
2026-03-16 04:30:00,5013.04,5014.58,5005.8,5009.14,2377.0
2026-03-16 04:35:00,5009.14,5010.22,5002.6,5003.63,2192.0
2026-03-16 04:40:00,5003.63,5008.53,5003.02,5006.02,2137.0
2026-03-16 04:45:00,5006.02,5008.65,4997.92,5000.97,2280.0
2026-03-16 04:50:00,5000.97,5003.22,4999.37,5002.68,2116.0
2026-03-16 04:55:00,5002.68,5006.27,5001.77,5003.6,1575.0
2026-03-16 05:00:00,5003.61,5005.33,5000.75,5003.28,1398.0
2026-03-16 05:05:00,5003.28,5005.44,5001.31,5002.98,1652.0
2026-03-16 05:10:00,5002.98,5006.92,4998.21,4999.46,1926.0
2026-03-16 05:15:00,4999.46,5001.49,4998.61,5000.67,1589.0
2026-03-16 05:20:00,5000.67,5004.54,5000.03,5003.91,1572.0
2026-03-16 05:25:00,5003.91,5011.65,5003.88,5011.19,1530.0
2026-03-16 05:30:00,5011.19,5014.14,5010.22,5013.48,1334.0
2026-03-16 05:35:00,5013.48,5015.67,5011.69,5013.79,1074.0
2026-03-16 05:40:00,5013.79,5019.01,5011.52,5018.87,1071.0
2026-03-16 05:45:00,5018.87,5020.18,5016.05,5019.26,1117.0
2026-03-16 05:50:00,5019.33,5020.51,5017.06,5020.11,1048.0
2026-03-16 05:55:00,5020.11,5020.77,5018.33,5019.14,871.0
2026-03-16 06:00:00,5019.14,5026.05,5019.04,5023.81,1043.0
2026-03-16 06:05:00,5023.81,5024.04,5019.99,5023.4,878.0
2026-03-16 06:10:00,5023.4,5025.37,5022.18,5024.33,865.0
2026-03-16 06:15:00,5024.31,5026.29,5023.16,5023.82,865.0
2026-03-16 06:20:00,5023.82,5026.29,5021.3,5021.54,850.0
2026-03-16 06:25:00,5021.54,5023.47,5020.77,5021.55,718.0
2026-03-16 06:30:00,5021.55,5024.81,5018.97,5022.25,942.0
2026-03-16 06:35:00,5022.25,5022.29,5018.14,5018.69,858.0
2026-03-16 06:40:00,5018.69,5018.81,5014.61,5016.98,952.0
2026-03-16 06:45:00,5016.98,5017.05,5014.61,5014.7,748.0
2026-03-16 06:50:00,5014.7,5016.12,5013.93,5014.88,603.0
2026-03-16 06:55:00,5014.88,5015.31,5012.33,5012.81,607.0
2026-03-16 07:00:00,5012.81,5015.77,5012.22,5013.61,1074.0
2026-03-16 07:05:00,5013.61,5015.27,5011.15,5012.7,921.0
2026-03-16 07:10:00,5012.7,5014.83,5011.93,5012.67,1055.0
2026-03-16 07:15:00,5012.67,5013.01,5008.02,5010.12,979.0
2026-03-16 07:20:00,5010.12,5012.8,5008.65,5011.91,818.0
2026-03-16 07:25:00,5012.61,5013.17,5008.82,5010.93,798.0
2026-03-16 07:30:00,5010.93,5010.93,5003.97,5004.0,1494.0
2026-03-16 07:35:00,5003.99,5012.1,5003.28,5012.1,1836.0
2026-03-16 07:40:00,5012.1,5017.38,5010.87,5016.33,1520.0
2026-03-16 07:45:00,5016.33,5017.89,5015.9,5016.25,1317.0
2026-03-16 07:50:00,5016.25,5019.97,5015.44,5019.83,1541.0
2026-03-16 07:55:00,5020.06,5020.08,5015.89,5017.51,1527.0
2026-03-16 08:00:00,5017.51,5018.89,5013.04,5016.7,1858.0
2026-03-16 08:05:00,5016.7,5022.23,5016.08,5021.87,1437.0
2026-03-16 08:10:00,5021.87,5027.83,5020.71,5027.29,1557.0
2026-03-16 08:15:00,5027.29,5036.17,5026.09,5033.86,1965.0
2026-03-16 08:20:00,5033.86,5034.8,5027.75,5027.85,1754.0
2026-03-16 08:25:00,5027.85,5030.34,5025.59,5027.73,1605.0
2026-03-16 08:30:00,5027.74,5029.56,5024.97,5024.97,1234.0
2026-03-16 08:35:00,5025.0,5026.75,5023.48,5025.47,1325.0
2026-03-16 08:40:00,5025.47,5025.53,5020.97,5022.49,1416.0
2026-03-16 08:45:00,5022.49,5022.99,5009.45,5012.67,2082.0
2026-03-16 08:50:00,5012.67,5013.97,5005.48,5009.51,2126.0
2026-03-16 08:55:00,5009.51,5015.01,5008.91,5012.16,1746.0
2026-03-16 09:00:00,5012.16,5015.74,5010.04,5015.46,1300.0
2026-03-16 09:05:00,5015.46,5016.47,5009.66,5015.33,1390.0
2026-03-16 09:10:00,5015.33,5015.4,5009.72,5009.92,1241.0
2026-03-16 09:15:00,5009.96,5009.96,5000.97,5007.16,2341.0
2026-03-16 09:20:00,5007.14,5008.02,5001.85,5003.42,1621.0
2026-03-16 09:25:00,5003.42,5005.77,4998.22,5002.43,1524.0
2026-03-16 09:30:00,5002.43,5007.32,5002.38,5004.56,1819.0
2026-03-16 09:35:00,5004.56,5005.31,4991.95,4998.41,2676.0
2026-03-16 09:40:00,4998.41,4998.41,4991.92,4992.74,1296.0
2026-03-16 09:45:00,4992.76,5000.12,4992.76,4996.52,1328.0
2026-03-16 09:50:00,4996.52,4999.56,4993.62,4993.78,1279.0
2026-03-16 09:55:00,4993.78,4998.06,4993.45,4995.39,1295.0
2026-03-16 10:00:00,4995.39,4999.48,4992.32,4996.87,2146.0
2026-03-16 10:05:00,4996.87,4999.22,4993.63,4996.68,1643.0
2026-03-16 10:10:00,4996.68,5000.49,4988.57,4988.74,2194.0
2026-03-16 10:15:00,4988.74,4993.56,4987.91,4990.62,2077.0
2026-03-16 10:20:00,4990.62,5003.2,4989.45,5001.54,1995.0
2026-03-16 10:25:00,5001.74,5003.46,4994.98,4997.0,2314.0
2026-03-16 10:30:00,4997.0,4998.6,4992.1,4992.89,1784.0
2026-03-16 10:35:00,4992.89,4995.38,4985.73,4989.54,1469.0
2026-03-16 10:40:00,4989.54,4990.45,4984.98,4987.26,1757.0
2026-03-16 10:45:00,4987.26,4993.58,4985.75,4992.85,1754.0
2026-03-16 10:50:00,4992.85,4997.79,4991.22,4995.57,1454.0
2026-03-16 10:55:00,4995.56,4996.04,4989.98,4991.12,1267.0
2026-03-16 11:00:00,4991.12,4991.42,4983.56,4985.99,1831.0
2026-03-16 11:05:00,4985.98,4986.42,4979.89,4984.6,1884.0
2026-03-16 11:10:00,4984.6,4987.12,4983.56,4985.3,1711.0
2026-03-16 11:15:00,4985.3,4988.75,4984.6,4987.52,1506.0
2026-03-16 11:20:00,4987.62,4988.58,4986.09,4986.4,985.0
2026-03-16 11:25:00,4986.4,4990.74,4983.83,4989.0,1108.0
2026-03-16 11:30:00,4989.0,4991.66,4984.43,4988.43,1201.0
2026-03-16 11:35:00,4988.47,4989.63,4982.77,4983.73,1152.0
2026-03-16 11:40:00,4983.73,4986.44,4981.19,4981.49,1573.0
2026-03-16 11:45:00,4981.49,4983.38,4973.17,4980.19,1869.0
2026-03-16 11:50:00,4980.19,4985.46,4976.77,4977.08,1754.0
2026-03-16 11:55:00,4977.08,4979.77,4972.74,4975.36,1541.0
2026-03-16 12:00:00,4975.36,4976.24,4970.11,4974.49,2040.0
2026-03-16 12:05:00,4974.49,4980.27,4973.46,4979.67,1399.0
2026-03-16 12:10:00,4979.67,4980.18,4975.33,4976.82,1557.0
2026-03-16 12:15:00,4976.81,4981.15,4976.62,4979.44,1585.0
2026-03-16 12:20:00,4979.46,4985.76,4979.11,4984.47,1625.0
2026-03-16 12:25:00,4984.47,4991.05,4983.98,4986.78,1914.0
2026-03-16 12:30:00,4986.78,4988.13,4985.13,4986.7,1587.0
2026-03-16 12:35:00,4986.7,4987.7,4981.06,4981.78,1340.0
2026-03-16 12:40:00,4981.78,4985.62,4980.53,4985.54,1652.0
2026-03-16 12:45:00,4985.54,4994.77,4984.01,4994.74,1915.0
2026-03-16 12:50:00,4994.72,4999.12,4992.25,4995.85,2054.0
2026-03-16 12:55:00,4995.84,4999.46,4995.68,4998.81,1548.0
2026-03-16 13:00:00,4998.74,5000.94,4995.79,4996.22,1630.0
2026-03-16 13:05:00,4996.22,4999.62,4995.72,4998.68,1560.0
2026-03-16 13:10:00,4998.68,5006.38,4998.41,5002.29,1575.0
2026-03-16 13:15:00,5002.29,5013.84,5002.29,5012.95,1754.0
2026-03-16 13:20:00,5012.96,5020.5,5011.78,5020.12,1816.0
2026-03-16 13:25:00,5020.12,5022.63,5017.56,5019.21,1535.0
2026-03-16 13:30:00,5019.21,5020.01,5016.4,5018.07,1430.0
2026-03-16 13:35:00,5018.07,5019.54,5015.5,5018.45,987.0
2026-03-16 13:40:00,5018.45,5019.29,5013.85,5015.58,1094.0
2026-03-16 13:45:00,5015.58,5018.08,5010.5,5011.42,1461.0
2026-03-16 13:50:00,5011.42,5011.7,4996.23,4998.95,2056.0
2026-03-16 13:55:00,4998.95,5000.02,4992.84,4997.0,1886.0
2026-03-16 14:00:00,4997.0,5001.61,4994.38,5000.42,1964.0
2026-03-16 14:05:00,5000.42,5004.56,4998.67,4998.67,1351.0
2026-03-16 14:10:00,4998.67,5006.66,4998.67,5005.57,1527.0
2026-03-16 14:15:00,5005.57,5014.0,5002.75,5013.4,1727.0
2026-03-16 14:20:00,5013.4,5019.38,5012.37,5013.69,1858.0
2026-03-16 14:25:00,5013.74,5024.76,5013.63,5023.01,1978.0
2026-03-16 14:30:00,5023.01,5025.16,5019.02,5022.37,1943.0
2026-03-16 14:35:00,5022.39,5024.28,5018.93,5023.43,1723.0
2026-03-16 14:40:00,5023.43,5024.62,5019.21,5021.88,1641.0
2026-03-16 14:45:00,5021.86,5022.26,5016.72,5017.59,1571.0
2026-03-16 14:50:00,5017.59,5019.11,5012.23,5018.64,1920.0
2026-03-16 14:55:00,5018.55,5021.62,5015.56,5019.92,1393.0
2026-03-16 15:00:00,5019.92,5021.49,5013.9,5015.68,2292.0
2026-03-16 15:05:00,5015.68,5021.07,5015.68,5020.68,1493.0
2026-03-16 15:10:00,5020.68,5023.6,5019.49,5022.47,1484.0
2026-03-16 15:15:00,5022.47,5030.2,5022.34,5026.69,2237.0
2026-03-16 15:20:00,5026.69,5027.0,5023.3,5026.52,1638.0
2026-03-16 15:25:00,5026.52,5028.03,5018.45,5021.33,1736.0
2026-03-16 15:30:00,5021.31,5029.82,5018.25,5028.57,3207.0
2026-03-16 15:35:00,5028.57,5034.43,5026.6,5027.66,3072.0
2026-03-16 15:40:00,5027.66,5033.57,5022.47,5031.51,2638.0
2026-03-16 15:45:00,5031.51,5033.59,5023.95,5028.63,3005.0
2026-03-16 15:50:00,5028.63,5029.72,5024.06,5028.74,2338.0
2026-03-16 15:55:00,5028.74,5030.93,5023.15,5029.85,2374.0
2026-03-16 16:00:00,5029.85,5034.29,5027.1,5030.72,2754.0
2026-03-16 16:05:00,5030.72,5038.06,5030.01,5032.77,2190.0
2026-03-16 16:10:00,5032.74,5037.57,5027.38,5028.15,2348.0
2026-03-16 16:15:00,5028.13,5029.95,5024.14,5024.48,2680.0
2026-03-16 16:20:00,5024.49,5028.02,5019.55,5021.48,2086.0
2026-03-16 16:25:00,5021.48,5021.79,5014.64,5014.83,2430.0
2026-03-16 16:30:00,5014.83,5015.16,5007.19,5010.93,2744.0
2026-03-16 16:35:00,5010.93,5013.6,5006.29,5006.36,1989.0
2026-03-16 16:40:00,5006.36,5009.7,5000.42,5000.93,2513.0
2026-03-16 16:45:00,5000.95,5002.48,4987.99,4999.27,3118.0
2026-03-16 16:50:00,4999.27,4999.91,4991.33,4995.7,2344.0
2026-03-16 16:55:00,4995.65,5000.84,4991.81,4995.92,2383.0
2026-03-16 17:00:00,4995.89,5002.44,4992.33,4998.94,3123.0
2026-03-16 17:05:00,4998.94,4999.45,4993.2,4997.04,2429.0
2026-03-16 17:10:00,4997.04,4998.64,4990.44,4998.47,2424.0
2026-03-16 17:15:00,4998.47,5004.69,4997.78,5004.69,2405.0
2026-03-16 17:20:00,5004.68,5005.74,5000.97,5001.22,1556.0
2026-03-16 17:25:00,5001.15,5001.46,4984.53,4991.88,2414.0
2026-03-16 17:30:00,4991.88,4995.85,4990.47,4995.27,2098.0
2026-03-16 17:35:00,4995.27,5002.21,4995.26,5000.21,2063.0
2026-03-16 17:40:00,5000.2,5003.4,4996.7,4996.72,1779.0
2026-03-16 17:45:00,4996.76,4999.17,4993.32,4995.18,1727.0
2026-03-16 17:50:00,4995.18,4995.18,4986.13,4988.8,2210.0
2026-03-16 17:55:00,4988.83,4990.3,4983.92,4987.04,2111.0
2026-03-16 18:00:00,4987.04,4992.46,4985.6,4988.53,2481.0
2026-03-16 18:05:00,4988.53,4996.45,4988.09,4992.78,2126.0
2026-03-16 18:10:00,4992.78,4998.83,4992.78,4996.46,2223.0
2026-03-16 18:15:00,4996.46,4998.13,4992.64,4993.02,1833.0
2026-03-16 18:20:00,4993.02,4994.01,4987.21,4987.41,2443.0
2026-03-16 18:25:00,4987.4,4987.98,4978.1,4979.82,2748.0
2026-03-16 18:30:00,4979.81,4982.58,4975.82,4976.33,2525.0
2026-03-16 18:35:00,4976.33,4984.3,4974.03,4983.9,2629.0
2026-03-16 18:40:00,4983.89,4989.67,4983.39,4987.09,1777.0
2026-03-16 18:45:00,4987.06,4990.56,4983.16,4989.73,2104.0
2026-03-16 18:50:00,4989.71,4992.89,4989.51,4992.16,2214.0
2026-03-16 18:55:00,4992.16,4992.79,4988.99,4990.61,1533.0
2026-03-16 19:00:00,4992.27,4997.09,4990.49,4993.54,2230.0
2026-03-16 19:05:00,4993.54,4997.18,4993.54,4996.41,1427.0
2026-03-16 19:10:00,4996.41,5003.88,4996.1,5001.99,1884.0
2026-03-16 19:15:00,5001.99,5002.99,4999.95,5001.15,1855.0
2026-03-16 19:20:00,5001.13,5001.74,4996.62,4997.61,1538.0
2026-03-16 19:25:00,4997.6,5001.84,4994.79,4996.0,2135.0
2026-03-16 19:30:00,4995.99,4996.53,4988.79,4989.93,2318.0
2026-03-16 19:35:00,4989.93,4990.28,4986.33,4986.44,1673.0
2026-03-16 19:40:00,4986.44,4989.1,4985.73,4987.7,1638.0
2026-03-16 19:45:00,4987.7,4992.85,4985.21,4986.22,1461.0
2026-03-16 19:50:00,4986.22,4989.4,4983.96,4988.24,1476.0
2026-03-16 19:55:00,4988.24,4991.7,4987.5,4991.29,1371.0
2026-03-16 20:00:00,4991.29,4995.96,4991.29,4992.95,1765.0
2026-03-16 20:05:00,4992.95,4999.91,4989.99,4999.76,1715.0
2026-03-16 20:10:00,4999.76,5000.95,4997.73,4998.9,1504.0
2026-03-16 20:15:00,4998.93,5000.53,4997.34,4997.41,1233.0
2026-03-16 20:20:00,4997.41,5000.63,4997.21,4999.29,1464.0
2026-03-16 20:25:00,4999.29,5008.05,4998.9,5006.31,1940.0
2026-03-16 20:30:00,5006.4,5011.41,5005.35,5010.62,1598.0
2026-03-16 20:35:00,5010.61,5014.42,5008.61,5013.98,2027.0
2026-03-16 20:40:00,5013.98,5015.72,5011.77,5014.62,1655.0
2026-03-16 20:45:00,5014.62,5017.68,5013.84,5015.54,1551.0
2026-03-16 20:50:00,5015.54,5017.91,5013.6,5014.21,1430.0
2026-03-16 20:55:00,5014.21,5014.21,5011.8,5012.75,1251.0
2026-03-16 21:00:00,5012.75,5017.17,5011.11,5012.23,1524.0
2026-03-16 21:05:00,5012.23,5017.3,5008.78,5017.22,1363.0
2026-03-16 21:10:00,5017.22,5020.27,5010.66,5011.81,1700.0
2026-03-16 21:15:00,5011.81,5015.55,5011.2,5012.42,1281.0
2026-03-16 21:20:00,5012.42,5014.72,5011.07,5012.6,1396.0
2026-03-16 21:25:00,5012.6,5012.61,5009.61,5010.44,1452.0
2026-03-16 21:30:00,5010.44,5011.42,5008.1,5009.34,1327.0
2026-03-16 21:35:00,5009.38,5014.32,5008.76,5013.13,1573.0
2026-03-16 21:40:00,5013.13,5014.71,5009.67,5010.17,1139.0
2026-03-16 21:45:00,5010.17,5011.79,5008.39,5010.88,1274.0
2026-03-16 21:50:00,5010.88,5016.07,5009.86,5013.9,1424.0
2026-03-16 21:55:00,5013.9,5015.74,5011.75,5012.9,1569.0
2026-03-16 22:00:00,5012.92,5014.08,5008.0,5011.12,861.0
2026-03-16 22:05:00,5011.12,5020.68,5011.04,5018.61,697.0
2026-03-16 22:10:00,5018.61,5021.61,5016.74,5016.84,654.0
2026-03-16 22:15:00,5016.84,5017.69,5014.82,5015.05,449.0
2026-03-16 22:20:00,5015.05,5016.44,5014.69,5016.03,377.0
2026-03-16 22:25:00,5016.03,5017.14,5014.11,5014.2,447.0
2026-03-16 22:30:00,5014.2,5014.2,5008.93,5010.56,455.0
2026-03-16 22:35:00,5010.54,5010.89,5007.7,5009.23,531.0
2026-03-16 22:40:00,5009.23,5010.53,5007.9,5008.87,448.0
2026-03-16 22:45:00,5008.88,5010.29,5007.19,5009.45,694.0
2026-03-16 22:50:00,5009.5,5009.89,5004.71,5006.28,512.0
2026-03-16 22:55:00,5006.28,5008.38,5004.66,5005.73,449.0
2026-03-17 00:00:00,5008.08,5015.82,5007.44,5011.17,669.0
2026-03-17 00:05:00,5011.17,5016.18,5006.49,5006.77,293.0
2026-03-17 00:10:00,5006.77,5008.76,5001.08,5004.02,590.0
2026-03-17 00:15:00,5004.05,5008.04,5004.05,5006.28,516.0
2026-03-17 00:20:00,5006.35,5006.35,4999.03,4999.86,597.0
2026-03-17 00:25:00,4999.86,5002.02,4999.42,5001.77,494.0
2026-03-17 00:30:00,5001.77,5004.36,4998.66,5003.74,561.0
2026-03-17 00:35:00,5003.75,5004.74,5001.4,5001.42,486.0
2026-03-17 00:40:00,5001.68,5002.81,5000.12,5001.53,463.0
2026-03-17 00:45:00,5001.59,5005.99,5000.81,5005.41,498.0
2026-03-17 00:50:00,5005.38,5006.1,5003.57,5004.03,413.0
2026-03-17 00:55:00,5004.01,5004.01,5000.57,5002.28,442.0
2026-03-17 01:00:00,5002.27,5006.11,5001.85,5005.24,394.0
2026-03-17 01:05:00,5005.24,5006.23,5002.88,5005.67,452.0
2026-03-17 01:10:00,5005.68,5006.37,5004.81,5006.1,400.0
2026-03-17 01:15:00,5006.1,5006.57,5005.65,5005.95,376.0
2026-03-17 01:20:00,5005.95,5009.12,5005.42,5007.75,396.0
2026-03-17 01:25:00,5007.75,5009.93,5007.68,5009.43,452.0
2026-03-17 01:30:00,5009.43,5012.98,5009.24,5012.73,790.0
2026-03-17 01:35:00,5012.73,5013.88,5010.26,5011.98,651.0
2026-03-17 01:40:00,5011.98,5014.34,5008.57,5008.57,463.0
2026-03-17 01:45:00,5008.57,5010.57,5006.89,5010.44,872.0
2026-03-17 01:50:00,5010.44,5014.22,5010.41,5014.01,723.0
2026-03-17 01:55:00,5014.01,5015.51,5011.43,5012.87,703.0
2026-03-17 02:00:00,5012.87,5014.15,5005.48,5006.77,1231.0
2026-03-17 02:05:00,5006.75,5011.76,5002.42,5004.54,1324.0
2026-03-17 02:10:00,5004.54,5007.74,5004.15,5006.69,884.0
2026-03-17 02:15:00,5006.69,5010.6,5005.7,5007.58,704.0
2026-03-17 02:20:00,5007.58,5007.91,5004.47,5004.54,773.0
2026-03-17 02:25:00,5004.54,5005.77,5000.11,5003.5,1165.0
2026-03-17 02:30:00,5003.5,5006.03,5001.73,5002.24,667.0
2026-03-17 02:35:00,5002.28,5007.07,5002.24,5003.29,1026.0
2026-03-17 02:40:00,5003.29,5004.04,4998.42,5001.81,985.0
2026-03-17 02:45:00,5001.83,5004.04,4999.85,5000.37,1227.0
2026-03-17 02:50:00,5000.37,5004.49,4998.22,5004.39,2063.0
2026-03-17 02:55:00,5004.42,5006.29,5002.3,5002.95,1306.0
2026-03-17 03:00:00,5002.95,5006.82,4994.71,5002.96,3068.0
2026-03-17 03:05:00,5002.96,5009.3,5001.78,5009.23,2160.0
2026-03-17 03:10:00,5009.22,5012.5,5006.28,5010.26,1949.0
2026-03-17 03:15:00,5010.25,5014.11,5008.77,5008.8,1453.0
2026-03-17 03:20:00,5008.81,5009.7,5007.8,5008.93,1399.0
2026-03-17 03:25:00,5008.93,5014.59,5007.54,5013.55,1707.0
2026-03-17 03:30:00,5013.52,5016.35,5011.32,5012.81,1480.0
2026-03-17 03:35:00,5012.85,5019.79,5012.56,5016.5,1693.0
2026-03-17 03:40:00,5016.5,5019.77,5016.39,5017.92,1572.0
2026-03-17 03:45:00,5017.92,5021.42,5016.76,5020.69,1390.0
2026-03-17 03:50:00,5020.69,5026.46,5020.41,5025.5,1404.0
2026-03-17 03:55:00,5025.5,5027.97,5025.04,5027.91,1886.0
2026-03-17 04:00:00,5027.88,5029.68,5023.22,5023.42,1578.0
2026-03-17 04:05:00,5023.43,5026.52,5021.36,5022.2,1231.0
2026-03-17 04:10:00,5022.2,5024.39,5020.96,5021.49,1165.0
2026-03-17 04:15:00,5021.49,5023.39,5020.69,5021.07,805.0
2026-03-17 04:20:00,5021.07,5023.56,5019.94,5021.96,760.0
2026-03-17 04:25:00,5021.96,5025.65,5021.96,5025.4,1003.0
2026-03-17 04:30:00,5025.4,5027.58,5023.69,5024.09,1116.0
2026-03-17 04:35:00,5024.09,5025.58,5022.06,5025.25,1148.0
2026-03-17 04:40:00,5025.25,5029.38,5024.85,5029.08,1377.0
2026-03-17 04:45:00,5029.08,5029.45,5024.28,5024.87,996.0
2026-03-17 04:50:00,5024.87,5026.7,5021.65,5026.4,1208.0
2026-03-17 04:55:00,5026.4,5026.86,5022.14,5022.7,1268.0
2026-03-17 05:00:00,5022.7,5025.5,5020.61,5024.55,1136.0
2026-03-17 05:05:00,5024.55,5025.69,5022.11,5022.26,888.0
2026-03-17 05:10:00,5022.26,5023.44,5021.93,5022.91,649.0
2026-03-17 05:15:00,5022.91,5027.32,5022.58,5027.2,959.0
2026-03-17 05:20:00,5027.2,5030.67,5027.2,5030.47,1023.0
2026-03-17 05:25:00,5030.47,5032.81,5029.67,5032.56,1067.0
2026-03-17 05:30:00,5032.56,5033.67,5029.61,5029.86,1237.0
2026-03-17 05:35:00,5029.86,5031.37,5027.52,5027.92,1055.0
2026-03-17 05:40:00,5027.92,5029.05,5027.49,5028.74,658.0
2026-03-17 05:45:00,5028.74,5028.74,5025.94,5026.75,878.0
2026-03-17 05:50:00,5026.74,5030.15,5026.66,5028.88,709.0
2026-03-17 05:55:00,5028.87,5029.08,5026.23,5027.53,597.0
2026-03-17 06:00:00,5027.53,5029.31,5026.38,5028.05,729.0
2026-03-17 06:05:00,5028.05,5029.84,5027.54,5029.64,672.0
2026-03-17 06:10:00,5029.64,5030.49,5028.03,5029.16,537.0
2026-03-17 06:15:00,5029.16,5029.52,5026.82,5027.62,519.0
2026-03-17 06:20:00,5027.62,5030.22,5026.73,5029.59,604.0
2026-03-17 06:25:00,5029.6,5032.93,5026.37,5032.55,803.0
2026-03-17 06:30:00,5032.55,5034.14,5032.23,5033.38,943.0
2026-03-17 06:35:00,5033.38,5034.43,5033.1,5033.82,578.0
2026-03-17 06:40:00,5033.8,5041.54,5033.77,5039.74,900.0
2026-03-17 06:45:00,5039.74,5041.85,5037.78,5039.15,1772.0
2026-03-17 06:50:00,5039.15,5041.92,5037.64,5037.75,941.0
2026-03-17 06:55:00,5037.75,5039.71,5036.96,5037.92,793.0
2026-03-17 07:00:00,5037.92,5038.47,5034.57,5035.63,840.0
2026-03-17 07:05:00,5035.63,5037.51,5033.87,5034.37,978.0
2026-03-17 07:10:00,5034.37,5040.89,5032.58,5040.56,1236.0
2026-03-17 07:15:00,5040.56,5044.53,5037.33,5037.62,1665.0
2026-03-17 07:20:00,5037.62,5038.13,5036.11,5036.38,872.0
2026-03-17 07:25:00,5036.38,5036.91,5033.42,5035.33,938.0
2026-03-17 07:30:00,5035.37,5039.44,5034.51,5035.96,1732.0
2026-03-17 07:35:00,5035.96,5036.75,5033.79,5034.63,1276.0
2026-03-17 07:40:00,5034.62,5035.58,5031.52,5032.23,1268.0
2026-03-17 07:45:00,5032.23,5033.26,5027.36,5030.41,1447.0
2026-03-17 07:50:00,5030.41,5030.7,5022.98,5026.77,1324.0
2026-03-17 07:55:00,5026.77,5028.12,5020.16,5020.76,1772.0
2026-03-17 08:00:00,5020.83,5022.83,5009.65,5018.52,2784.0
2026-03-17 08:05:00,5018.52,5019.39,5007.5,5008.44,2255.0
2026-03-17 08:10:00,5008.44,5013.61,5006.93,5012.84,1965.0
2026-03-17 08:15:00,5012.84,5013.61,5007.22,5012.33,1690.0
2026-03-17 08:20:00,5012.33,5014.29,5005.34,5007.68,1844.0
2026-03-17 08:25:00,5007.68,5013.04,5006.97,5011.94,1599.0
2026-03-17 08:30:00,5011.94,5015.34,5010.18,5013.9,1307.0
2026-03-17 08:35:00,5014.0,5015.23,5011.99,5014.13,1529.0
2026-03-17 08:40:00,5014.13,5017.17,5013.21,5015.02,1128.0
2026-03-17 08:45:00,5015.04,5015.7,5010.07,5011.05,1172.0
2026-03-17 08:50:00,5011.05,5011.89,5009.56,5010.2,763.0
2026-03-17 08:55:00,5010.2,5012.07,5008.45,5010.09,1240.0
2026-03-17 09:00:00,5010.09,5014.91,5009.41,5013.14,1330.0
2026-03-17 09:05:00,5013.26,5017.01,5012.3,5012.36,1090.0
2026-03-17 09:10:00,5012.36,5015.3,5011.33,5014.39,840.0
2026-03-17 09:15:00,5014.39,5014.98,5010.52,5011.78,642.0
2026-03-17 09:20:00,5011.78,5014.19,5008.98,5013.99,884.0
2026-03-17 09:25:00,5013.99,5018.82,5013.19,5015.91,1012.0
2026-03-17 09:30:00,5015.9,5024.41,5015.9,5024.34,1212.0
2026-03-17 09:35:00,5024.34,5027.43,5023.35,5026.83,1087.0
2026-03-17 09:40:00,5026.83,5028.04,5021.87,5023.21,1106.0
2026-03-17 09:45:00,5023.21,5025.35,5021.94,5023.1,907.0
2026-03-17 09:50:00,5023.14,5023.43,5017.12,5020.02,968.0
2026-03-17 09:55:00,5020.02,5023.16,5019.75,5021.28,797.0
2026-03-17 10:00:00,5021.28,5025.19,5020.21,5024.2,1176.0
2026-03-17 10:05:00,5024.2,5026.27,5019.03,5021.62,1166.0
2026-03-17 10:10:00,5021.62,5024.44,5019.9,5021.97,1226.0
2026-03-17 10:15:00,5021.97,5026.32,5021.07,5026.11,1175.0
2026-03-17 10:20:00,5026.11,5029.65,5020.35,5021.04,1338.0
2026-03-17 10:25:00,5021.04,5025.09,5019.08,5021.1,1312.0
2026-03-17 10:30:00,5021.1,5023.29,5019.2,5022.21,769.0
2026-03-17 10:35:00,5022.21,5022.91,5019.06,5022.36,994.0
2026-03-17 10:40:00,5022.36,5025.27,5019.87,5022.08,1017.0
2026-03-17 10:45:00,5022.08,5024.16,5018.38,5023.3,991.0
2026-03-17 10:50:00,5023.36,5024.55,5020.76,5023.61,1206.0
2026-03-17 10:55:00,5023.61,5025.48,5021.31,5024.81,1223.0
2026-03-17 11:00:00,5024.81,5025.98,5018.95,5019.86,1131.0
2026-03-17 11:05:00,5019.85,5021.11,5015.92,5018.56,1216.0
2026-03-17 11:10:00,5018.56,5019.01,5013.29,5013.84,1608.0
2026-03-17 11:15:00,5013.84,5017.62,5012.77,5014.56,1179.0
2026-03-17 11:20:00,5014.56,5018.36,5013.8,5015.75,1319.0
2026-03-17 11:25:00,5015.75,5019.69,5015.53,5017.67,1105.0
2026-03-17 11:30:00,5017.68,5018.22,5013.38,5015.08,1078.0
2026-03-17 11:35:00,5015.08,5016.67,5012.6,5014.8,1062.0
2026-03-17 11:40:00,5014.79,5015.13,5011.08,5014.35,1237.0
2026-03-17 11:45:00,5014.32,5015.91,5013.16,5013.71,889.0
2026-03-17 11:50:00,5013.71,5014.15,5012.74,5013.4,675.0
2026-03-17 11:55:00,5013.43,5014.15,5009.9,5010.52,899.0
2026-03-17 12:00:00,5010.52,5016.42,5007.06,5009.14,1238.0
2026-03-17 12:05:00,5009.14,5010.82,5001.1,5001.61,1512.0
2026-03-17 12:10:00,5001.61,5005.86,5001.61,5004.05,904.0
2026-03-17 12:15:00,5004.05,5006.94,5003.45,5005.8,807.0
2026-03-17 12:20:00,5005.8,5008.04,5004.65,5007.89,916.0
2026-03-17 12:25:00,5007.89,5009.21,5001.7,5003.72,908.0
2026-03-17 12:30:00,5003.72,5009.45,5001.94,5004.12,1188.0
2026-03-17 12:35:00,5004.12,5005.52,4999.01,4999.01,805.0
2026-03-17 12:40:00,4999.02,5000.47,4992.0,4999.23,1238.0
2026-03-17 12:45:00,4999.23,5001.23,4996.8,4998.06,978.0
2026-03-17 12:50:00,4998.06,5004.77,4998.06,5003.3,994.0
2026-03-17 12:55:00,5003.3,5004.25,4998.98,5000.25,920.0
2026-03-17 13:00:00,5000.19,5002.11,4996.79,5001.64,1188.0
2026-03-17 13:05:00,5001.63,5004.29,4999.73,5003.47,830.0
2026-03-17 13:10:00,5003.47,5006.0,5002.82,5004.85,803.0
2026-03-17 13:15:00,5004.85,5010.13,5004.85,5007.84,898.0
2026-03-17 13:20:00,5007.84,5009.58,5006.36,5009.36,552.0
2026-03-17 13:25:00,5009.36,5009.56,5006.64,5006.97,594.0
2026-03-17 13:30:00,5006.97,5008.2,5004.07,5004.35,521.0
2026-03-17 13:35:00,5004.52,5008.65,5004.22,5008.25,593.0
2026-03-17 13:40:00,5008.25,5009.92,5007.15,5009.33,529.0
2026-03-17 13:45:00,5009.33,5011.48,5009.13,5009.65,706.0
2026-03-17 13:50:00,5009.65,5009.71,5006.37,5006.59,640.0
2026-03-17 13:55:00,5006.6,5007.35,5002.08,5003.29,866.0
2026-03-17 14:00:00,5003.25,5004.79,4999.41,5004.62,1038.0
2026-03-17 14:05:00,5004.62,5007.92,5001.54,5007.3,863.0
2026-03-17 14:10:00,5007.3,5010.31,5007.21,5008.44,840.0
2026-03-17 14:15:00,5008.44,5013.36,5008.32,5013.02,796.0
2026-03-17 14:20:00,5013.02,5017.7,5012.56,5015.95,1053.0
2026-03-17 14:25:00,5016.0,5020.49,5015.37,5020.07,1196.0
2026-03-17 14:30:00,5020.07,5022.71,5019.06,5021.37,1229.0
2026-03-17 14:35:00,5021.37,5023.85,5016.07,5017.29,1008.0
2026-03-17 14:40:00,5017.29,5018.21,5016.47,5017.63,890.0
2026-03-17 14:45:00,5017.63,5017.66,5009.94,5011.8,1186.0
2026-03-17 14:50:00,5011.8,5014.04,5009.63,5012.54,1089.0
2026-03-17 14:55:00,5012.54,5013.47,5010.99,5011.67,1122.0
2026-03-17 15:00:00,5011.67,5017.09,5009.96,5016.99,2216.0
2026-03-17 15:05:00,5016.99,5017.81,5013.37,5014.1,1339.0
2026-03-17 15:10:00,5014.14,5017.98,5012.21,5016.73,1426.0
2026-03-17 15:15:00,5016.73,5019.49,5014.04,5017.88,1227.0
2026-03-17 15:20:00,5017.88,5018.3,5012.51,5013.73,1476.0
2026-03-17 15:25:00,5013.73,5014.82,5010.5,5012.77,1290.0
2026-03-17 15:30:00,5012.74,5026.92,5011.12,5024.36,2388.0
2026-03-17 15:35:00,5024.36,5025.6,5017.96,5025.53,1926.0
2026-03-17 15:40:00,5025.53,5031.46,5023.29,5027.01,2440.0
2026-03-17 15:45:00,5027.01,5027.63,5022.56,5024.36,2443.0
2026-03-17 15:50:00,5024.37,5024.64,5005.44,5012.69,2226.0
2026-03-17 15:55:00,5012.69,5017.72,5012.29,5016.62,2019.0
2026-03-17 16:00:00,5016.62,5017.74,5009.54,5010.56,2049.0
2026-03-17 16:05:00,5010.56,5020.56,5010.1,5017.06,2336.0
2026-03-17 16:10:00,5017.06,5020.26,5015.08,5018.14,1832.0
2026-03-17 16:15:00,5018.18,5018.44,5011.46,5012.64,2021.0
2026-03-17 16:20:00,5012.73,5014.58,5009.07,5009.71,1941.0
2026-03-17 16:25:00,5009.56,5011.83,5006.84,5008.42,1939.0
2026-03-17 16:30:00,5008.4,5009.69,5002.85,5008.86,1950.0
2026-03-17 16:35:00,5008.86,5013.15,5007.31,5009.64,1790.0
2026-03-17 16:40:00,5009.64,5014.49,5008.07,5013.45,1723.0
2026-03-17 16:45:00,5013.45,5019.12,5012.55,5018.4,1650.0
2026-03-17 16:50:00,5018.4,5019.42,5008.62,5010.58,1485.0
2026-03-17 16:55:00,5010.58,5011.48,5007.24,5007.69,1772.0
2026-03-17 17:00:00,5007.69,5017.22,5006.32,5015.34,1993.0
2026-03-17 17:05:00,5015.34,5017.58,5008.31,5009.88,1665.0
2026-03-17 17:10:00,5009.92,5011.93,5007.5,5008.24,1658.0
2026-03-17 17:15:00,5008.35,5014.88,5008.31,5011.54,1739.0
2026-03-17 17:20:00,5011.54,5014.23,5005.52,5007.56,2003.0
2026-03-17 17:25:00,5007.56,5009.47,4993.74,4994.76,2285.0
2026-03-17 17:30:00,4994.76,5000.48,4992.12,4993.67,2347.0
2026-03-17 17:35:00,4993.67,4995.6,4981.67,4982.21,2816.0
2026-03-17 17:40:00,4982.21,4985.22,4973.51,4984.53,2834.0
2026-03-17 17:45:00,4984.53,4994.33,4983.85,4991.16,2096.0
2026-03-17 17:50:00,4991.16,4997.41,4990.98,4995.35,1904.0
2026-03-17 17:55:00,4995.35,4999.1,4994.27,4997.85,1882.0
2026-03-17 18:00:00,4997.85,4999.35,4992.46,4994.19,2069.0
2026-03-17 18:05:00,4994.19,4997.99,4991.61,4993.63,1767.0
2026-03-17 18:10:00,4993.63,4998.81,4993.42,4994.49,1809.0
2026-03-17 18:15:00,4994.5,5002.9,4992.99,5000.66,1926.0
2026-03-17 18:20:00,5000.66,5002.5,4998.56,5001.97,1589.0
2026-03-17 18:25:00,5001.97,5005.45,5001.82,5004.14,1614.0
2026-03-17 18:30:00,5004.14,5005.82,5001.79,5003.13,1298.0
2026-03-17 18:35:00,5003.13,5004.27,5000.49,5001.09,1462.0
2026-03-17 18:40:00,5001.09,5002.25,4999.68,5002.15,1339.0
2026-03-17 18:45:00,5002.14,5003.15,4998.66,4999.14,1529.0
2026-03-17 18:50:00,4999.1,5001.8,4997.63,5000.47,1331.0
2026-03-17 18:55:00,5000.47,5003.61,4999.78,5002.02,1230.0
2026-03-17 19:00:00,5001.95,5006.57,5001.37,5004.92,1397.0
2026-03-17 19:05:00,5004.92,5005.97,5002.88,5005.48,1271.0
2026-03-17 19:10:00,5005.48,5006.05,5002.94,5003.34,1250.0
2026-03-17 19:15:00,5003.48,5004.41,5002.09,5004.29,1317.0
2026-03-17 19:20:00,5004.29,5008.77,5003.62,5006.32,1441.0
2026-03-17 19:25:00,5006.32,5008.35,5001.25,5002.75,1395.0
2026-03-17 19:30:00,5002.75,5004.88,5001.67,5004.07,1342.0
2026-03-17 19:35:00,5004.07,5006.43,5003.08,5003.1,1023.0
2026-03-17 19:40:00,5003.1,5004.05,4997.53,4997.69,1155.0
2026-03-17 19:45:00,4997.69,4999.95,4996.45,4999.75,1035.0
2026-03-17 19:50:00,4999.77,5002.49,4999.42,5001.61,886.0
2026-03-17 19:55:00,5001.61,5003.73,5001.24,5002.48,722.0
2026-03-17 20:00:00,5002.48,5006.15,5000.84,5006.0,872.0
2026-03-17 20:05:00,5006.0,5007.43,5005.23,5005.61,867.0
2026-03-17 20:10:00,5005.65,5007.68,5004.91,5006.29,649.0
2026-03-17 20:15:00,5006.29,5008.26,5005.92,5007.61,717.0
2026-03-17 20:20:00,5007.61,5009.07,5006.18,5006.66,948.0
2026-03-17 20:25:00,5006.66,5007.14,5003.91,5003.91,1092.0
2026-03-17 20:30:00,5003.96,5004.12,4999.74,5003.16,1054.0
2026-03-17 20:35:00,5003.16,5004.59,5002.07,5002.17,702.0
2026-03-17 20:40:00,5002.17,5003.75,5001.57,5003.41,671.0
2026-03-17 20:45:00,5003.41,5007.86,5002.85,5007.07,1023.0
2026-03-17 20:50:00,5007.07,5008.39,5005.94,5007.12,1086.0
2026-03-17 20:55:00,5007.12,5007.12,5003.44,5003.76,864.0
2026-03-17 21:00:00,5003.76,5005.6,5000.91,5005.49,986.0
2026-03-17 21:05:00,5005.49,5005.55,5002.02,5003.73,752.0
2026-03-17 21:10:00,5003.73,5003.85,5000.38,5001.66,646.0
2026-03-17 21:15:00,5001.67,5002.51,5000.2,5000.65,860.0
2026-03-17 21:20:00,5000.65,5001.12,4998.97,5000.48,900.0
2026-03-17 21:25:00,5000.49,5000.95,4998.07,4999.8,917.0
2026-03-17 21:30:00,4999.8,5000.69,4996.42,4999.05,1020.0
2026-03-17 21:35:00,4999.05,5001.79,4999.05,5000.52,1204.0
2026-03-17 21:40:00,5000.52,5003.71,5000.0,5001.9,1087.0
2026-03-17 21:45:00,5001.9,5003.22,4998.88,5001.62,1267.0
2026-03-17 21:50:00,5001.62,5002.14,4999.33,5001.61,1442.0
2026-03-17 21:55:00,5001.64,5001.64,4998.05,5000.23,1457.0
2026-03-17 22:00:00,5000.2,5003.8,4999.88,5003.74,557.0
2026-03-17 22:05:00,5003.74,5006.37,5003.18,5005.54,543.0
2026-03-17 22:10:00,5005.54,5005.69,5003.34,5003.72,365.0
2026-03-17 22:15:00,5003.72,5004.79,5002.86,5004.56,259.0
2026-03-17 22:20:00,5004.56,5004.56,5002.02,5002.27,263.0
2026-03-17 22:25:00,5002.27,5003.84,5002.06,5003.84,215.0
2026-03-17 22:30:00,5003.7,5005.21,5003.64,5004.27,282.0
2026-03-17 22:35:00,5004.27,5004.27,5002.72,5003.55,822.0
2026-03-17 22:40:00,5003.55,5003.86,5002.87,5003.69,414.0
2026-03-17 22:45:00,5003.65,5005.3,5002.48,5003.02,355.0
2026-03-17 22:50:00,5003.25,5003.85,5001.31,5001.71,323.0
2026-03-17 22:55:00,5001.71,5005.89,5001.07,5005.87,472.0
2026-03-18 00:00:00,5005.63,5005.77,5000.05,5001.04,460.0
2026-03-18 00:05:00,5001.0,5001.96,4997.77,5001.1,224.0
2026-03-18 00:10:00,5001.09,5003.8,5000.43,5002.63,283.0
2026-03-18 00:15:00,5002.61,5004.93,5000.16,5000.76,298.0
2026-03-18 00:20:00,5000.77,5002.46,5000.7,5001.44,284.0
2026-03-18 00:25:00,5001.48,5002.61,5001.37,5001.91,139.0
2026-03-18 00:30:00,5001.88,5001.93,4997.28,4997.62,392.0
2026-03-18 00:35:00,4997.61,4999.8,4997.15,4999.18,202.0
2026-03-18 00:40:00,4999.03,4999.62,4995.77,4996.33,222.0
2026-03-18 00:45:00,4996.24,5000.73,4993.32,4999.92,505.0
2026-03-18 00:50:00,4999.91,5003.44,4998.87,4999.03,388.0
2026-03-18 00:55:00,4999.04,5000.56,4998.48,4999.9,273.0
2026-03-18 01:00:00,4999.8,5002.37,4999.53,5001.72,473.0
2026-03-18 01:05:00,5001.72,5003.03,4999.22,5000.46,375.0
2026-03-18 01:10:00,5000.46,5000.92,4998.85,4999.11,310.0
2026-03-18 01:15:00,4999.11,5001.53,4999.11,5000.64,410.0
2026-03-18 01:20:00,5000.64,5001.4,5000.29,5000.37,220.0
2026-03-18 01:25:00,5000.37,5001.14,4999.21,5000.13,390.0
2026-03-18 01:30:00,5000.13,5003.76,4999.89,5002.79,487.0
2026-03-18 01:35:00,5002.79,5002.79,5001.47,5001.47,272.0
2026-03-18 01:40:00,5001.47,5003.02,5001.47,5002.27,176.0
2026-03-18 01:45:00,5002.27,5002.73,5001.39,5001.78,272.0
2026-03-18 01:50:00,5001.78,5003.03,5001.7,5002.82,264.0
2026-03-18 01:55:00,5002.82,5002.97,5002.15,5002.91,323.0
2026-03-18 02:00:00,5002.92,5007.4,5001.23,5006.65,867.0
2026-03-18 02:05:00,5006.61,5012.28,5006.61,5012.28,1207.0
2026-03-18 02:10:00,5012.29,5012.29,5009.34,5009.92,653.0
2026-03-18 02:15:00,5009.92,5011.89,5005.64,5005.81,751.0
2026-03-18 02:20:00,5005.81,5007.14,5004.51,5005.73,675.0
2026-03-18 02:25:00,5005.69,5005.7,5002.7,5002.79,540.0
2026-03-18 02:30:00,5002.79,5003.46,5000.66,5001.13,672.0
2026-03-18 02:35:00,5001.2,5001.97,5000.39,5001.02,533.0
2026-03-18 02:40:00,5001.02,5004.59,5000.25,5004.18,622.0
2026-03-18 02:45:00,5004.18,5005.91,5001.26,5005.1,821.0
2026-03-18 02:50:00,5005.1,5008.06,5004.63,5005.64,724.0
2026-03-18 02:55:00,5005.64,5005.64,5003.0,5004.27,524.0
2026-03-18 03:00:00,5004.27,5008.53,4997.88,5008.29,1662.0
2026-03-18 03:05:00,5008.29,5012.44,5007.87,5012.04,1585.0
2026-03-18 03:10:00,5012.04,5015.77,5011.16,5011.44,1259.0
2026-03-18 03:15:00,5011.42,5014.71,5011.18,5012.68,942.0
2026-03-18 03:20:00,5012.68,5015.99,5011.52,5012.12,975.0
2026-03-18 03:25:00,5012.12,5012.12,5007.99,5008.04,814.0
2026-03-18 03:30:00,5008.04,5009.44,5005.76,5005.86,1055.0
2026-03-18 03:35:00,5005.86,5006.26,5001.49,5005.5,1276.0
2026-03-18 03:40:00,5005.49,5005.52,5001.67,5001.67,1071.0
2026-03-18 03:45:00,5001.67,5001.79,4996.25,4998.93,1375.0
2026-03-18 03:50:00,4998.93,4999.11,4991.25,4998.59,1666.0
2026-03-18 03:55:00,4998.59,5000.2,4995.18,4998.66,1332.0
2026-03-18 04:00:00,4998.92,5002.46,4998.11,4998.15,1490.0
2026-03-18 04:05:00,4998.0,5000.72,4996.48,5000.1,1564.0
2026-03-18 04:10:00,5000.14,5001.33,4998.73,4999.69,1260.0
2026-03-18 04:15:00,4999.69,5004.44,4999.0,5003.16,897.0
2026-03-18 04:20:00,5003.16,5007.0,5002.03,5002.03,1002.0
2026-03-18 04:25:00,5002.01,5004.21,5001.78,5002.31,511.0
2026-03-18 04:30:00,5002.31,5003.47,4999.93,5003.04,1407.0
2026-03-18 04:35:00,5003.03,5003.73,5000.42,5001.46,1233.0
2026-03-18 04:40:00,5001.47,5001.96,5000.59,5001.22,793.0
2026-03-18 04:45:00,5001.21,5004.09,5001.21,5001.89,1086.0
2026-03-18 04:50:00,5001.88,5003.18,4994.81,4995.94,1217.0
2026-03-18 04:55:00,4995.94,4995.94,4990.44,4991.84,1445.0
2026-03-18 05:00:00,4991.84,4992.53,4986.04,4989.52,1372.0
2026-03-18 05:05:00,4989.52,4993.6,4987.0,4991.78,1162.0
2026-03-18 05:10:00,4991.78,4996.22,4991.35,4994.13,822.0
2026-03-18 05:15:00,4994.13,4995.85,4993.56,4995.59,737.0
2026-03-18 05:20:00,4995.61,4996.79,4994.84,4996.28,705.0
2026-03-18 05:25:00,4996.28,4996.84,4994.56,4996.26,643.0
2026-03-18 05:30:00,4996.26,4997.02,4994.97,4995.66,610.0
2026-03-18 05:35:00,4995.66,4997.59,4995.06,4995.66,623.0
2026-03-18 05:40:00,4995.66,4997.48,4994.02,4994.89,555.0
2026-03-18 05:45:00,4994.89,4995.39,4993.38,4994.06,583.0
2026-03-18 05:50:00,4994.06,4994.33,4992.26,4992.3,687.0
2026-03-18 05:55:00,4992.3,4992.91,4989.47,4991.26,859.0
2026-03-18 06:00:00,4991.26,4992.84,4989.58,4991.18,670.0
2026-03-18 06:05:00,4991.18,4992.53,4990.62,4991.56,404.0
2026-03-18 06:10:00,4991.56,4992.1,4989.59,4990.61,397.0
2026-03-18 06:15:00,4990.61,4992.57,4990.54,4992.26,482.0
2026-03-18 06:20:00,4992.26,4993.46,4990.93,4992.18,510.0
2026-03-18 06:25:00,4992.18,4992.71,4990.62,4990.7,373.0
2026-03-18 06:30:00,4990.7,4991.03,4985.89,4988.33,659.0
2026-03-18 06:35:00,4988.33,4988.7,4982.61,4983.21,1107.0
2026-03-18 06:40:00,4983.21,4985.62,4981.79,4984.41,998.0
2026-03-18 06:45:00,4984.41,4986.49,4984.24,4985.18,508.0
2026-03-18 06:50:00,4985.18,4986.23,4983.32,4983.32,519.0
2026-03-18 06:55:00,4983.32,4987.2,4982.46,4987.07,727.0
2026-03-18 07:00:00,4987.07,4987.6,4984.68,4985.06,764.0
2026-03-18 07:05:00,4985.06,4991.07,4984.71,4990.54,930.0
2026-03-18 07:10:00,4990.54,4992.13,4989.44,4990.21,718.0
2026-03-18 07:15:00,4990.22,4990.52,4985.54,4986.37,455.0
2026-03-18 07:20:00,4986.37,4992.78,4986.21,4992.07,733.0
2026-03-18 07:25:00,4992.07,4992.08,4988.54,4990.87,763.0
2026-03-18 07:30:00,4990.87,4993.48,4987.65,4993.48,1696.0
2026-03-18 07:35:00,4993.59,5001.34,4992.73,4997.35,1427.0
2026-03-18 07:40:00,4997.33,5001.17,4995.9,4999.37,1217.0
2026-03-18 07:45:00,4999.35,5002.63,4998.07,4998.09,1110.0
2026-03-18 07:50:00,4998.09,5001.29,4997.72,5000.93,1002.0
2026-03-18 07:55:00,5000.87,5001.15,4994.74,4997.63,857.0
2026-03-18 08:00:00,4997.63,5000.98,4997.32,4999.44,824.0
2026-03-18 08:05:00,4999.44,5002.86,4996.35,5002.73,915.0
2026-03-18 08:10:00,5002.73,5009.27,5001.84,5009.27,1178.0
2026-03-18 08:15:00,5009.27,5010.83,5007.18,5009.11,1175.0
2026-03-18 08:20:00,5009.11,5009.95,5006.82,5009.63,966.0
2026-03-18 08:25:00,5009.63,5009.93,5008.14,5008.7,835.0
2026-03-18 08:30:00,5008.7,5013.4,5008.66,5013.4,1043.0
2026-03-18 08:35:00,5013.38,5016.3,5011.77,5012.18,1107.0
2026-03-18 08:40:00,5012.18,5013.59,5010.79,5011.26,840.0
2026-03-18 08:45:00,5011.26,5014.62,5010.66,5013.17,885.0
2026-03-18 08:50:00,5013.17,5014.0,5008.54,5010.52,839.0
2026-03-18 08:55:00,5010.52,5011.34,5008.48,5009.39,846.0
2026-03-18 09:00:00,5009.39,5012.69,5009.39,5012.33,669.0
2026-03-18 09:05:00,5012.32,5014.96,5011.4,5011.41,873.0
2026-03-18 09:10:00,5011.41,5011.99,5009.71,5009.73,743.0
2026-03-18 09:15:00,5009.73,5010.02,5006.47,5006.57,656.0
2026-03-18 09:20:00,5006.57,5008.59,5006.39,5008.59,663.0
2026-03-18 09:25:00,5008.59,5009.25,5006.24,5009.25,756.0
2026-03-18 09:30:00,5009.05,5009.65,5007.25,5007.55,540.0
2026-03-18 09:35:00,5007.55,5007.55,5004.8,5006.5,838.0
2026-03-18 09:40:00,5006.5,5007.25,5001.35,5001.97,500.0
2026-03-18 09:45:00,5001.97,5002.32,4995.29,4995.74,1125.0
2026-03-18 09:50:00,4995.74,4996.49,4990.42,4991.3,1249.0
2026-03-18 09:55:00,4991.3,4996.24,4990.69,4994.97,1142.0
2026-03-18 10:00:00,4994.97,4996.81,4992.56,4994.62,1217.0
2026-03-18 10:05:00,4994.62,4994.88,4987.51,4992.18,1121.0
2026-03-18 10:10:00,4992.18,4994.96,4991.8,4993.06,964.0
2026-03-18 10:15:00,4993.06,4995.7,4990.24,4990.77,876.0
2026-03-18 10:20:00,4990.77,4991.52,4983.59,4985.47,1328.0
2026-03-18 10:25:00,4985.48,4989.25,4984.23,4989.16,1107.0
2026-03-18 10:30:00,4989.16,4991.69,4988.51,4991.54,862.0
2026-03-18 10:35:00,4991.54,4992.05,4987.16,4987.58,933.0
2026-03-18 10:40:00,4987.58,4989.58,4984.15,4985.37,1125.0
2026-03-18 10:45:00,4985.37,4990.29,4977.17,4988.44,1747.0
2026-03-18 10:50:00,4988.44,4989.17,4986.5,4987.21,743.0
2026-03-18 10:55:00,4987.21,4988.95,4986.4,4987.58,849.0
2026-03-18 11:00:00,4987.61,4990.67,4986.38,4990.32,1005.0
2026-03-18 11:05:00,4990.32,4991.02,4989.29,4989.85,821.0
2026-03-18 11:10:00,4989.85,4989.98,4986.33,4986.34,678.0
2026-03-18 11:15:00,4986.34,4989.11,4984.85,4988.4,715.0
2026-03-18 11:20:00,4988.4,4994.36,4988.28,4991.59,1288.0
2026-03-18 11:25:00,4991.59,4994.27,4990.19,4992.38,891.0
2026-03-18 11:30:00,4992.38,4994.63,4991.99,4992.89,573.0
2026-03-18 11:35:00,4992.89,4995.58,4992.87,4993.52,838.0
2026-03-18 11:40:00,4993.6,4993.82,4992.13,4993.09,605.0
2026-03-18 11:45:00,4993.09,4993.57,4991.49,4991.65,576.0
2026-03-18 11:50:00,4991.65,4995.15,4991.65,4992.69,598.0
2026-03-18 11:55:00,4992.69,4993.3,4990.81,4992.12,758.0
2026-03-18 12:00:00,4992.12,4992.14,4988.88,4989.07,718.0
2026-03-18 12:05:00,4989.07,4991.35,4987.22,4990.1,787.0
2026-03-18 12:10:00,4990.1,4991.55,4988.18,4988.76,595.0
2026-03-18 12:15:00,4988.76,4990.03,4986.45,4989.41,691.0
2026-03-18 12:20:00,4989.41,4990.93,4987.85,4988.84,681.0
2026-03-18 12:25:00,4988.84,4988.84,4980.86,4982.44,907.0
2026-03-18 12:30:00,4982.44,4987.42,4979.2,4980.59,1232.0
2026-03-18 12:35:00,4980.59,4980.72,4960.62,4977.14,2471.0
2026-03-18 12:40:00,4977.14,4979.79,4973.31,4977.9,1516.0
2026-03-18 12:45:00,4977.81,4980.27,4975.63,4976.84,1076.0
2026-03-18 12:50:00,4976.84,4976.88,4972.14,4972.86,951.0
2026-03-18 12:55:00,4972.86,4973.11,4958.88,4967.86,1885.0
2026-03-18 13:00:00,4967.86,4969.84,4957.17,4958.58,1737.0
2026-03-18 13:05:00,4958.58,4958.99,4950.17,4957.42,2237.0
2026-03-18 13:10:00,4957.42,4970.58,4955.77,4970.2,1860.0
2026-03-18 13:15:00,4970.2,4972.54,4968.46,4971.95,1466.0
2026-03-18 13:20:00,4971.95,4973.97,4964.94,4966.0,1196.0
2026-03-18 13:25:00,4966.0,4966.15,4946.36,4948.38,2627.0
2026-03-18 13:30:00,4948.38,4961.98,4946.17,4956.5,2180.0
2026-03-18 13:35:00,4956.5,4957.02,4946.39,4947.6,1950.0
2026-03-18 13:40:00,4947.6,4947.63,4934.73,4939.15,2299.0
2026-03-18 13:45:00,4939.15,4944.95,4929.78,4938.91,2475.0
2026-03-18 13:50:00,4938.91,4940.22,4931.54,4932.22,1943.0
2026-03-18 13:55:00,4932.2,4934.86,4925.05,4930.21,2282.0
2026-03-18 14:00:00,4930.21,4931.07,4921.55,4929.94,2350.0
2026-03-18 14:05:00,4929.94,4932.46,4912.81,4913.48,2581.0
2026-03-18 14:10:00,4913.47,4919.36,4905.4,4908.42,2663.0
2026-03-18 14:15:00,4908.42,4912.52,4898.39,4905.21,2847.0
2026-03-18 14:20:00,4905.21,4908.34,4897.38,4899.25,2575.0
2026-03-18 14:25:00,4899.34,4904.87,4895.48,4901.36,2549.0
2026-03-18 14:30:00,4901.29,4901.49,4884.69,4887.92,3736.0
2026-03-18 14:35:00,4887.92,4889.31,4878.46,4883.47,2799.0
2026-03-18 14:40:00,4883.47,4889.79,4874.02,4878.36,2929.0
2026-03-18 14:45:00,4878.36,4879.59,4873.2,4874.09,2542.0
2026-03-18 14:50:00,4874.09,4891.58,4870.73,4887.25,2768.0
2026-03-18 14:55:00,4887.25,4887.91,4877.61,4881.51,2529.0
2026-03-18 15:00:00,4881.51,4881.51,4852.98,4860.89,4098.0
2026-03-18 15:05:00,4860.89,4867.57,4855.74,4861.72,3157.0
2026-03-18 15:10:00,4861.72,4865.65,4849.56,4858.6,2814.0
2026-03-18 15:15:00,4858.6,4858.6,4834.17,4851.08,3641.0
2026-03-18 15:20:00,4851.08,4863.19,4849.91,4858.02,2693.0
2026-03-18 15:25:00,4858.02,4865.93,4857.37,4861.4,2581.0
2026-03-18 15:30:00,4861.4,4863.13,4850.55,4857.91,3260.0
2026-03-18 15:35:00,4857.91,4869.61,4853.76,4867.94,3258.0
2026-03-18 15:40:00,4867.94,4885.49,4865.85,4873.2,3144.0
2026-03-18 15:45:00,4873.19,4879.42,4867.01,4871.12,3188.0
2026-03-18 15:50:00,4871.12,4872.09,4860.61,4871.64,2976.0
2026-03-18 15:55:00,4871.64,4880.48,4867.32,4878.2,2737.0
2026-03-18 16:00:00,4878.2,4886.65,4872.12,4883.92,2876.0
2026-03-18 16:05:00,4883.92,4894.62,4883.92,4892.55,2586.0
2026-03-18 16:10:00,4892.62,4893.5,4880.19,4881.08,2605.0
2026-03-18 16:15:00,4881.08,4883.48,4872.63,4872.84,2453.0
2026-03-18 16:20:00,4872.84,4873.5,4863.77,4867.08,2383.0
2026-03-18 16:25:00,4867.08,4867.08,4859.31,4860.83,2579.0
2026-03-18 16:30:00,4860.83,4865.12,4856.77,4861.69,2351.0
2026-03-18 16:35:00,4861.69,4865.13,4856.72,4859.83,2238.0
2026-03-18 16:40:00,4859.83,4863.87,4857.56,4861.02,2349.0
2026-03-18 16:45:00,4860.87,4870.96,4860.71,4865.87,2241.0
2026-03-18 16:50:00,4865.87,4869.74,4860.85,4863.79,2369.0
2026-03-18 16:55:00,4863.79,4872.59,4863.64,4869.61,2636.0
2026-03-18 17:00:00,4869.59,4875.47,4865.83,4869.44,2397.0
2026-03-18 17:05:00,4869.44,4878.17,4869.17,4877.77,2022.0
2026-03-18 17:10:00,4877.77,4877.84,4869.95,4875.37,2150.0
2026-03-18 17:15:00,4875.37,4880.07,4873.82,4875.76,1939.0
2026-03-18 17:20:00,4875.83,4877.04,4867.13,4874.13,2080.0
2026-03-18 17:25:00,4874.13,4874.41,4868.57,4872.07,1782.0
2026-03-18 17:30:00,4872.07,4874.62,4870.87,4873.38,1618.0
2026-03-18 17:35:00,4873.38,4875.4,4872.12,4873.2,1385.0
2026-03-18 17:40:00,4873.2,4874.3,4864.22,4864.57,1757.0
2026-03-18 17:45:00,4864.57,4866.67,4861.1,4863.08,1840.0
2026-03-18 17:50:00,4863.08,4866.25,4861.87,4864.88,1644.0
2026-03-18 17:55:00,4864.88,4866.45,4861.93,4862.51,1440.0
2026-03-18 18:00:00,4862.43,4869.75,4860.86,4865.7,1628.0
2026-03-18 18:05:00,4865.7,4870.6,4865.47,4868.92,1277.0
2026-03-18 18:10:00,4868.92,4879.29,4868.92,4878.02,1510.0
2026-03-18 18:15:00,4878.02,4878.36,4873.86,4876.83,1491.0
2026-03-18 18:20:00,4876.83,4879.26,4875.13,4877.92,1354.0
2026-03-18 18:25:00,4877.92,4883.0,4876.34,4882.31,1721.0
2026-03-18 18:30:00,4882.31,4882.77,4875.75,4878.31,1770.0
2026-03-18 18:35:00,4878.31,4879.88,4873.25,4879.87,1562.0
2026-03-18 18:40:00,4879.87,4882.7,4876.94,4882.62,1525.0
2026-03-18 18:45:00,4882.62,4885.06,4880.69,4882.08,1429.0
2026-03-18 18:50:00,4882.08,4889.02,4880.01,4887.52,1559.0
2026-03-18 18:55:00,4887.52,4890.31,4885.86,4886.93,1507.0
2026-03-18 19:00:00,4886.86,4889.83,4884.52,4889.18,1730.0
2026-03-18 19:05:00,4889.18,4890.05,4886.05,4887.51,1206.0
2026-03-18 19:10:00,4887.51,4888.16,4883.85,4886.95,1339.0
2026-03-18 19:15:00,4886.99,4889.98,4885.39,4889.66,1336.0
2026-03-18 19:20:00,4889.66,4897.14,4887.67,4896.7,1681.0
2026-03-18 19:25:00,4896.7,4898.14,4890.76,4891.06,1762.0
2026-03-18 19:30:00,4891.06,4894.63,4887.21,4894.63,1709.0
2026-03-18 19:35:00,4894.63,4898.97,4894.4,4898.38,1427.0
2026-03-18 19:40:00,4898.36,4898.36,4890.04,4894.62,1527.0
2026-03-18 19:45:00,4894.62,4895.89,4890.19,4891.46,1378.0
2026-03-18 19:50:00,4891.46,4893.58,4888.96,4890.65,1420.0
2026-03-18 19:55:00,4890.65,4892.76,4889.67,4890.44,1203.0
2026-03-18 20:00:00,4890.36,4899.12,4883.09,4889.3,3197.0
2026-03-18 20:05:00,4889.3,4889.44,4880.89,4883.36,2541.0
2026-03-18 20:10:00,4883.36,4889.8,4881.3,4887.48,2322.0
2026-03-18 20:15:00,4887.48,4889.57,4878.79,4884.68,2880.0
2026-03-18 20:20:00,4884.7,4887.11,4880.05,4880.88,2235.0
2026-03-18 20:25:00,4880.87,4886.65,4876.88,4885.67,1798.0
2026-03-18 20:30:00,4885.67,4888.03,4872.49,4877.0,2541.0
2026-03-18 20:35:00,4877.0,4887.28,4874.7,4875.94,3225.0
2026-03-18 20:40:00,4875.94,4883.08,4875.66,4878.35,2544.0
2026-03-18 20:45:00,4878.32,4878.72,4867.64,4868.81,2341.0
2026-03-18 20:50:00,4868.75,4870.38,4862.53,4864.46,2395.0
2026-03-18 20:55:00,4864.46,4866.18,4852.27,4853.03,2609.0
2026-03-18 21:00:00,4853.03,4857.28,4843.36,4856.7,2786.0
2026-03-18 21:05:00,4856.7,4858.85,4852.23,4857.4,1797.0
2026-03-18 21:10:00,4857.4,4861.3,4850.14,4857.07,2065.0
2026-03-18 21:15:00,4857.07,4865.31,4856.55,4861.86,1957.0
2026-03-18 21:20:00,4861.86,4862.81,4844.59,4847.08,2247.0
2026-03-18 21:25:00,4847.07,4850.52,4843.85,4848.9,1907.0
2026-03-18 21:30:00,4848.9,4857.0,4848.52,4856.7,2004.0
2026-03-18 21:35:00,4856.7,4860.16,4854.99,4856.64,1766.0
2026-03-18 21:40:00,4856.56,4858.26,4846.16,4850.58,1798.0
2026-03-18 21:45:00,4850.58,4851.23,4842.7,4844.34,1805.0
2026-03-18 21:50:00,4844.34,4846.28,4838.37,4843.62,2318.0
2026-03-18 21:55:00,4843.62,4845.94,4839.9,4843.06,2239.0
2026-03-18 22:00:00,4843.06,4848.55,4841.59,4846.35,1197.0
2026-03-18 22:05:00,4846.47,4847.15,4836.57,4837.24,1163.0
2026-03-18 22:10:00,4837.24,4842.54,4823.7,4825.8,1959.0
2026-03-18 22:15:00,4825.8,4825.85,4819.73,4822.26,1804.0
2026-03-18 22:20:00,4822.26,4828.33,4819.82,4821.84,1350.0
2026-03-18 22:25:00,4821.84,4825.61,4808.85,4811.3,1736.0
2026-03-18 22:30:00,4811.3,4814.66,4806.64,4811.85,1688.0
2026-03-18 22:35:00,4811.85,4820.16,4811.68,4815.86,1622.0
2026-03-18 22:40:00,4815.86,4821.39,4815.78,4820.89,1215.0
2026-03-18 22:45:00,4820.91,4826.67,4817.96,4825.43,1156.0
2026-03-18 22:50:00,4825.43,4826.52,4816.64,4817.41,1045.0
2026-03-18 22:55:00,4817.41,4820.01,4816.23,4817.91,728.0
2026-03-19 00:00:00,4829.37,4837.13,4824.26,4825.67,1197.0
2026-03-19 00:05:00,4825.64,4832.15,4820.51,4827.26,502.0
2026-03-19 00:10:00,4827.27,4827.93,4815.94,4818.74,612.0
2026-03-19 00:15:00,4818.75,4821.21,4809.61,4821.21,813.0
2026-03-19 00:20:00,4821.31,4821.68,4805.23,4821.62,814.0
2026-03-19 00:25:00,4821.65,4825.53,4816.04,4816.04,701.0
2026-03-19 00:30:00,4815.75,4818.5,4809.0,4817.94,725.0
2026-03-19 00:35:00,4817.87,4829.21,4817.67,4823.74,721.0
2026-03-19 00:40:00,4823.69,4829.07,4823.69,4828.32,606.0
2026-03-19 00:45:00,4828.33,4838.82,4826.34,4833.64,734.0
2026-03-19 00:50:00,4833.83,4839.05,4830.22,4832.94,734.0
2026-03-19 00:55:00,4832.94,4834.72,4829.4,4834.7,526.0
2026-03-19 01:00:00,4834.68,4836.93,4829.37,4833.6,1292.0
2026-03-19 01:05:00,4833.6,4836.17,4831.54,4834.1,929.0
2026-03-19 01:10:00,4834.12,4836.67,4832.48,4834.33,1004.0
2026-03-19 01:15:00,4834.34,4835.75,4828.23,4830.09,823.0
2026-03-19 01:20:00,4830.09,4835.39,4830.04,4835.37,875.0
2026-03-19 01:25:00,4835.37,4840.82,4834.92,4836.84,1107.0
2026-03-19 01:30:00,4836.84,4840.43,4834.27,4836.08,1097.0
2026-03-19 01:35:00,4836.08,4838.49,4834.46,4838.43,848.0
2026-03-19 01:40:00,4838.43,4842.54,4833.87,4834.16,1113.0
2026-03-19 01:45:00,4834.13,4837.61,4829.83,4836.5,1490.0
2026-03-19 01:50:00,4836.5,4836.5,4830.24,4835.72,913.0
2026-03-19 01:55:00,4835.73,4838.4,4833.55,4836.87,1091.0
2026-03-19 02:00:00,4836.87,4846.5,4835.54,4845.62,1261.0
2026-03-19 02:05:00,4845.63,4848.18,4842.16,4842.36,1776.0
2026-03-19 02:10:00,4842.36,4845.73,4836.47,4843.29,1426.0
2026-03-19 02:15:00,4843.29,4844.21,4838.79,4840.38,807.0
2026-03-19 02:20:00,4840.38,4843.56,4838.77,4842.7,1091.0
2026-03-19 02:25:00,4842.7,4842.83,4836.87,4842.01,922.0
2026-03-19 02:30:00,4842.09,4847.06,4839.64,4844.79,1455.0
2026-03-19 02:35:00,4844.79,4848.75,4842.97,4843.94,1336.0
2026-03-19 02:40:00,4843.94,4845.77,4838.35,4840.74,1171.0
2026-03-19 02:45:00,4840.74,4846.05,4837.85,4843.81,1241.0
2026-03-19 02:50:00,4843.81,4844.58,4838.65,4840.75,1258.0
2026-03-19 02:55:00,4840.77,4843.22,4839.24,4841.26,1520.0
2026-03-19 03:00:00,4841.26,4853.4,4840.36,4842.44,2564.0
2026-03-19 03:05:00,4842.44,4842.44,4832.74,4841.21,2371.0
2026-03-19 03:10:00,4841.21,4842.28,4835.05,4837.99,1904.0
2026-03-19 03:15:00,4837.99,4841.04,4836.0,4837.58,1750.0
2026-03-19 03:20:00,4837.62,4839.43,4833.67,4837.23,1370.0
2026-03-19 03:25:00,4837.23,4845.74,4835.02,4845.47,1464.0
2026-03-19 03:30:00,4845.47,4849.97,4842.87,4848.0,1756.0
2026-03-19 03:35:00,4848.0,4862.06,4847.83,4862.06,2134.0
2026-03-19 03:40:00,4862.06,4866.95,4861.22,4865.63,1711.0
2026-03-19 03:45:00,4865.63,4865.63,4853.63,4857.54,1707.0
2026-03-19 03:50:00,4857.54,4858.22,4851.7,4857.28,1399.0
2026-03-19 03:55:00,4857.28,4859.11,4849.2,4849.93,1445.0
2026-03-19 04:00:00,4849.96,4851.87,4845.73,4846.07,1821.0
2026-03-19 04:05:00,4846.07,4848.86,4841.55,4847.23,1942.0
2026-03-19 04:10:00,4847.23,4850.15,4846.31,4849.27,1662.0
2026-03-19 04:15:00,4849.27,4853.44,4847.96,4850.64,1409.0
2026-03-19 04:20:00,4850.64,4857.35,4850.3,4857.14,1357.0
2026-03-19 04:25:00,4857.14,4858.17,4855.95,4857.21,653.0
2026-03-19 04:30:00,4857.21,4858.04,4853.98,4856.94,1903.0
2026-03-19 04:35:00,4856.94,4860.11,4855.41,4856.63,1949.0
2026-03-19 04:40:00,4856.63,4861.7,4856.02,4861.25,1561.0
2026-03-19 04:45:00,4861.25,4861.78,4855.94,4857.65,1694.0
2026-03-19 04:50:00,4857.65,4861.68,4853.71,4861.18,1476.0
2026-03-19 04:55:00,4861.18,4862.09,4854.67,4858.75,1500.0
2026-03-19 05:00:00,4858.75,4861.55,4854.91,4860.11,1244.0
2026-03-19 05:05:00,4860.11,4863.92,4855.15,4863.54,1277.0
2026-03-19 05:10:00,4863.54,4865.03,4861.26,4864.36,1319.0
2026-03-19 05:15:00,4864.27,4865.93,4863.24,4864.66,1218.0
2026-03-19 05:20:00,4864.66,4864.88,4857.37,4857.73,1140.0
2026-03-19 05:25:00,4857.73,4860.43,4856.77,4859.99,1387.0
2026-03-19 05:30:00,4859.99,4860.28,4854.36,4855.87,1190.0
2026-03-19 05:35:00,4855.87,4855.93,4852.37,4855.22,925.0
2026-03-19 05:40:00,4855.22,4857.55,4854.41,4856.25,618.0
2026-03-19 05:45:00,4856.07,4857.2,4854.32,4855.72,718.0
2026-03-19 05:50:00,4855.72,4855.73,4851.6,4852.77,874.0
2026-03-19 05:55:00,4852.77,4852.84,4850.84,4850.86,627.0
2026-03-19 06:00:00,4850.86,4851.56,4848.8,4849.58,846.0
2026-03-19 06:05:00,4849.58,4850.37,4847.24,4849.75,1144.0
2026-03-19 06:10:00,4849.65,4851.74,4848.22,4851.09,913.0
2026-03-19 06:15:00,4851.09,4851.7,4850.34,4851.02,879.0
2026-03-19 06:20:00,4851.02,4852.89,4849.84,4852.45,714.0
2026-03-19 06:25:00,4852.45,4853.66,4850.23,4850.39,660.0
2026-03-19 06:30:00,4850.39,4851.92,4848.28,4851.01,709.0
2026-03-19 06:35:00,4851.01,4852.78,4849.53,4849.94,561.0
2026-03-19 06:40:00,4849.94,4851.46,4849.45,4849.48,527.0
2026-03-19 06:45:00,4849.48,4849.72,4845.73,4846.3,733.0
2026-03-19 06:50:00,4846.3,4849.92,4846.12,4849.53,803.0
2026-03-19 06:55:00,4849.5,4850.29,4848.44,4849.83,910.0
2026-03-19 07:00:00,4849.85,4852.96,4847.08,4852.92,923.0
2026-03-19 07:05:00,4852.92,4853.68,4848.71,4848.72,964.0
2026-03-19 07:10:00,4848.72,4851.31,4846.62,4850.62,855.0
2026-03-19 07:15:00,4850.62,4853.59,4850.51,4853.09,839.0
2026-03-19 07:20:00,4853.09,4853.81,4849.2,4851.0,850.0
2026-03-19 07:25:00,4851.0,4851.35,4846.5,4846.75,727.0
2026-03-19 07:30:00,4846.75,4846.76,4839.18,4840.66,2316.0
2026-03-19 07:35:00,4840.66,4841.87,4832.43,4833.0,1474.0
2026-03-19 07:40:00,4833.0,4836.3,4832.66,4833.82,1584.0
2026-03-19 07:45:00,4833.77,4838.98,4829.32,4837.53,1624.0
2026-03-19 07:50:00,4837.53,4840.22,4834.81,4835.12,1533.0
2026-03-19 07:55:00,4835.12,4835.38,4826.82,4827.52,1478.0
2026-03-19 08:00:00,4827.47,4842.21,4826.96,4837.14,1972.0
2026-03-19 08:05:00,4837.14,4839.91,4831.05,4833.43,1957.0
2026-03-19 08:10:00,4833.43,4835.91,4831.54,4833.13,1246.0
2026-03-19 08:15:00,4832.99,4833.67,4821.59,4821.96,1974.0
2026-03-19 08:20:00,4821.96,4826.48,4816.37,4819.53,1828.0
2026-03-19 08:25:00,4819.53,4823.69,4813.38,4813.62,1921.0
2026-03-19 08:30:00,4813.73,4819.95,4807.57,4808.11,1927.0
2026-03-19 08:35:00,4808.11,4808.61,4791.3,4795.93,3044.0
2026-03-19 08:40:00,4795.99,4796.46,4780.07,4786.21,2763.0
2026-03-19 08:45:00,4786.21,4788.53,4759.39,4767.29,3243.0
2026-03-19 08:50:00,4767.24,4767.64,4747.7,4754.39,3216.0
2026-03-19 08:55:00,4754.71,4770.35,4748.46,4763.57,2964.0
2026-03-19 09:00:00,4763.55,4773.04,4762.81,4768.59,2558.0
2026-03-19 09:05:00,4768.42,4783.03,4764.33,4780.47,2246.0
2026-03-19 09:10:00,4780.46,4784.3,4776.51,4778.1,2105.0
2026-03-19 09:15:00,4778.1,4781.97,4773.24,4774.31,1663.0
2026-03-19 09:20:00,4774.31,4776.21,4762.51,4766.47,1815.0
2026-03-19 09:25:00,4766.22,4770.8,4756.94,4770.8,2317.0
2026-03-19 09:30:00,4770.8,4771.04,4757.21,4764.67,1704.0
2026-03-19 09:35:00,4764.67,4771.65,4762.94,4766.96,1924.0
2026-03-19 09:40:00,4766.96,4769.06,4735.75,4739.59,2480.0
2026-03-19 09:45:00,4739.59,4752.65,4738.81,4750.8,1972.0
2026-03-19 09:50:00,4750.8,4754.94,4745.96,4753.82,1440.0
2026-03-19 09:55:00,4753.86,4754.3,4727.14,4727.85,2295.0
2026-03-19 10:00:00,4727.85,4740.47,4727.16,4736.73,2222.0
2026-03-19 10:05:00,4736.73,4737.48,4713.71,4715.12,2920.0
2026-03-19 10:10:00,4714.98,4721.31,4701.21,4714.48,3088.0
2026-03-19 10:15:00,4714.51,4733.16,4713.11,4729.39,2184.0
2026-03-19 10:20:00,4729.4,4736.52,4727.35,4730.67,2207.0
2026-03-19 10:25:00,4730.67,4731.84,4713.61,4718.82,2360.0
2026-03-19 10:30:00,4718.82,4722.2,4696.91,4703.37,2661.0
2026-03-19 10:35:00,4703.37,4720.43,4702.61,4710.72,2218.0
2026-03-19 10:40:00,4710.71,4710.71,4686.85,4688.51,3116.0
2026-03-19 10:45:00,4688.48,4719.64,4687.0,4711.08,2298.0
2026-03-19 10:50:00,4711.08,4718.55,4706.46,4707.13,2079.0
2026-03-19 10:55:00,4707.13,4710.89,4703.16,4709.31,2169.0
2026-03-19 11:00:00,4709.31,4721.11,4709.16,4713.06,2371.0
2026-03-19 11:05:00,4713.01,4717.81,4695.15,4702.31,2153.0
2026-03-19 11:10:00,4702.31,4705.45,4687.81,4695.03,2397.0
2026-03-19 11:15:00,4695.03,4715.97,4693.52,4713.39,2601.0
2026-03-19 11:20:00,4713.39,4722.48,4709.97,4710.47,2323.0
2026-03-19 11:25:00,4710.56,4715.66,4702.9,4709.16,2739.0
2026-03-19 11:30:00,4709.16,4725.85,4708.22,4720.07,2436.0
2026-03-19 11:35:00,4720.05,4721.71,4709.82,4712.48,2449.0
2026-03-19 11:40:00,4712.48,4717.79,4702.82,4705.3,2168.0
2026-03-19 11:45:00,4705.29,4716.79,4704.5,4714.34,2230.0
2026-03-19 11:50:00,4714.34,4716.86,4697.84,4705.95,2475.0
2026-03-19 11:55:00,4705.98,4709.93,4696.2,4699.01,2160.0
2026-03-19 12:00:00,4699.01,4711.45,4698.06,4711.45,1893.0
2026-03-19 12:05:00,4711.45,4719.84,4707.93,4712.71,1955.0
2026-03-19 12:10:00,4712.71,4712.71,4699.24,4704.34,1869.0
2026-03-19 12:15:00,4704.34,4705.45,4688.54,4693.83,2235.0
2026-03-19 12:20:00,4693.83,4694.31,4671.01,4679.07,2321.0
2026-03-19 12:25:00,4679.06,4689.93,4678.66,4683.56,2066.0
2026-03-19 12:30:00,4683.56,4700.58,4674.23,4698.64,2875.0
2026-03-19 12:35:00,4698.64,4698.69,4686.92,4690.18,1936.0
2026-03-19 12:40:00,4690.18,4692.45,4681.92,4683.51,1858.0
2026-03-19 12:45:00,4683.51,4684.75,4676.19,4682.82,1814.0
2026-03-19 12:50:00,4682.73,4688.83,4668.54,4677.88,2438.0
2026-03-19 12:55:00,4677.88,4680.57,4666.56,4679.02,2126.0
2026-03-19 13:00:00,4679.03,4699.78,4678.95,4688.25,2395.0
2026-03-19 13:05:00,4688.25,4691.44,4683.81,4687.23,1743.0
2026-03-19 13:10:00,4687.23,4695.54,4685.37,4686.06,1945.0
2026-03-19 13:15:00,4686.05,4688.45,4676.6,4686.74,2104.0
2026-03-19 13:20:00,4686.74,4692.45,4685.79,4688.16,1529.0
2026-03-19 13:25:00,4688.16,4689.62,4679.03,4686.33,1637.0
2026-03-19 13:30:00,4686.33,4695.46,4681.28,4683.42,1775.0
2026-03-19 13:35:00,4683.42,4683.6,4671.99,4680.08,2124.0
2026-03-19 13:40:00,4680.08,4681.05,4658.1,4664.24,2464.0
2026-03-19 13:45:00,4664.26,4668.05,4656.76,4661.33,2369.0
2026-03-19 13:50:00,4661.33,4662.12,4650.81,4652.7,2259.0
2026-03-19 13:55:00,4652.7,4659.94,4651.27,4651.5,1789.0
2026-03-19 14:00:00,4651.5,4653.77,4626.21,4630.4,3264.0
2026-03-19 14:05:00,4630.4,4639.77,4623.58,4629.38,3181.0
2026-03-19 14:10:00,4629.38,4630.23,4609.85,4619.2,3336.0
2026-03-19 14:15:00,4619.2,4630.89,4612.3,4616.62,2691.0
2026-03-19 14:20:00,4617.0,4620.25,4604.15,4605.27,2723.0
2026-03-19 14:25:00,4605.27,4608.92,4602.66,4606.89,2381.0
2026-03-19 14:30:00,4606.85,4617.6,4599.6,4604.07,2756.0
2026-03-19 14:35:00,4604.07,4617.61,4603.03,4605.69,2857.0
2026-03-19 14:40:00,4605.69,4605.69,4559.9,4563.41,4092.0
2026-03-19 14:45:00,4563.41,4565.05,4531.25,4557.24,5390.0
2026-03-19 14:50:00,4557.29,4575.64,4552.92,4573.35,4370.0
2026-03-19 14:55:00,4573.35,4585.68,4571.27,4574.48,3277.0
2026-03-19 15:00:00,4574.48,4574.48,4502.57,4550.15,4998.0
2026-03-19 15:05:00,4550.15,4565.87,4527.58,4535.95,4460.0
2026-03-19 15:10:00,4535.95,4545.68,4524.57,4538.83,3776.0
2026-03-19 15:15:00,4538.83,4569.09,4523.65,4562.89,3683.0
2026-03-19 15:20:00,4562.89,4577.46,4560.75,4562.14,3569.0
2026-03-19 15:25:00,4562.14,4581.26,4553.73,4576.37,3710.0
2026-03-19 15:30:00,4576.37,4583.01,4557.89,4580.9,3759.0
2026-03-19 15:35:00,4580.9,4581.33,4552.73,4563.91,4022.0
2026-03-19 15:40:00,4563.91,4571.44,4546.31,4558.95,3918.0
2026-03-19 15:45:00,4558.95,4569.45,4538.81,4561.14,4140.0
2026-03-19 15:50:00,4561.14,4598.77,4560.13,4597.59,3801.0
2026-03-19 15:55:00,4597.59,4621.71,4596.87,4621.6,3651.0
2026-03-19 16:00:00,4621.6,4643.14,4620.78,4626.32,4326.0
2026-03-19 16:05:00,4626.32,4639.58,4618.78,4625.44,4062.0
2026-03-19 16:10:00,4625.44,4649.16,4621.98,4630.95,3668.0
2026-03-19 16:15:00,4630.95,4635.53,4604.36,4614.46,3917.0
2026-03-19 16:20:00,4614.46,4615.84,4600.57,4612.49,3664.0
2026-03-19 16:25:00,4612.49,4616.58,4584.3,4585.7,3280.0
2026-03-19 16:30:00,4585.7,4606.58,4581.06,4606.18,3379.0
2026-03-19 16:35:00,4606.17,4621.17,4605.73,4618.2,3097.0
2026-03-19 16:40:00,4618.2,4622.48,4609.17,4613.05,3022.0
2026-03-19 16:45:00,4613.05,4617.72,4602.98,4614.6,3117.0
2026-03-19 16:50:00,4614.6,4627.81,4610.98,4623.2,3002.0
2026-03-19 16:55:00,4623.56,4623.56,4598.06,4601.58,3446.0
2026-03-19 17:00:00,4601.63,4615.94,4593.39,4615.63,3031.0
2026-03-19 17:05:00,4615.63,4639.03,4614.77,4617.29,3142.0
2026-03-19 17:10:00,4617.29,4629.16,4610.43,4627.46,3369.0
2026-03-19 17:15:00,4627.45,4629.34,4603.31,4609.59,3418.0
2026-03-19 17:20:00,4609.58,4614.73,4603.62,4607.42,3111.0
2026-03-19 17:25:00,4607.45,4611.48,4596.32,4602.9,3292.0
2026-03-19 17:30:00,4602.89,4602.96,4574.11,4579.56,3324.0
2026-03-19 17:35:00,4579.56,4584.01,4570.47,4577.17,3087.0
2026-03-19 17:40:00,4577.15,4582.28,4569.99,4571.67,3143.0
2026-03-19 17:45:00,4571.71,4585.93,4566.23,4583.69,3448.0
2026-03-19 17:50:00,4583.69,4595.11,4581.84,4591.67,2763.0
2026-03-19 17:55:00,4591.67,4611.39,4587.03,4596.52,2907.0
2026-03-19 18:00:00,4596.52,4618.82,4593.06,4613.49,2636.0
2026-03-19 18:05:00,4613.49,4626.47,4611.13,4616.73,2964.0
2026-03-19 18:10:00,4616.73,4618.15,4603.05,4604.96,2826.0
2026-03-19 18:15:00,4604.96,4608.8,4593.83,4608.26,2860.0
2026-03-19 18:20:00,4608.23,4617.03,4606.07,4609.05,2800.0
2026-03-19 18:25:00,4609.31,4612.69,4599.31,4599.38,2548.0
2026-03-19 18:30:00,4599.38,4602.63,4587.95,4593.69,2839.0
2026-03-19 18:35:00,4593.69,4595.9,4584.16,4594.17,2690.0
2026-03-19 18:40:00,4594.17,4608.28,4592.83,4593.19,2489.0
2026-03-19 18:45:00,4593.22,4598.67,4591.23,4592.54,2517.0
2026-03-19 18:50:00,4592.63,4596.62,4576.78,4586.82,3186.0
2026-03-19 18:55:00,4586.82,4592.06,4582.53,4584.83,2399.0
2026-03-19 19:00:00,4584.83,4594.39,4581.39,4591.23,2266.0
2026-03-19 19:05:00,4591.23,4596.12,4576.09,4577.95,2638.0
2026-03-19 19:10:00,4577.95,4584.96,4574.04,4579.44,2601.0
2026-03-19 19:15:00,4579.44,4598.84,4574.05,4597.25,3378.0
2026-03-19 19:20:00,4597.25,4611.23,4596.67,4610.76,2723.0
2026-03-19 19:25:00,4610.76,4613.69,4599.5,4603.53,2734.0
2026-03-19 19:30:00,4603.53,4618.68,4603.03,4606.52,2687.0
2026-03-19 19:35:00,4606.52,4608.24,4599.7,4606.13,2237.0
2026-03-19 19:40:00,4606.13,4610.22,4602.6,4605.04,2282.0
2026-03-19 19:45:00,4605.04,4613.09,4605.04,4610.49,2103.0
2026-03-19 19:50:00,4610.46,4629.88,4609.41,4624.71,2701.0
2026-03-19 19:55:00,4624.79,4625.32,4614.42,4616.01,2233.0
2026-03-19 20:00:00,4616.01,4619.01,4604.59,4610.64,2414.0
2026-03-19 20:05:00,4610.64,4612.73,4601.02,4610.62,2255.0
2026-03-19 20:10:00,4610.62,4616.99,4609.72,4614.79,2342.0
2026-03-19 20:15:00,4614.79,4617.45,4607.09,4608.9,2191.0
2026-03-19 20:20:00,4608.91,4611.68,4604.45,4607.43,2094.0
2026-03-19 20:25:00,4607.43,4614.69,4607.38,4609.42,2361.0
2026-03-19 20:30:00,4609.38,4611.22,4601.49,4603.45,2088.0
2026-03-19 20:35:00,4603.45,4606.64,4596.4,4606.38,2056.0
2026-03-19 20:40:00,4606.41,4610.44,4604.98,4608.95,1631.0
2026-03-19 20:45:00,4608.95,4614.21,4607.2,4607.78,1694.0
2026-03-19 20:50:00,4607.78,4608.88,4604.7,4607.09,1657.0
2026-03-19 20:55:00,4607.09,4622.9,4604.66,4622.88,2197.0
2026-03-19 21:00:00,4622.88,4648.5,4622.88,4635.29,3257.0
2026-03-19 21:05:00,4635.28,4658.2,4633.18,4650.0,3555.0
2026-03-19 21:10:00,4650.0,4663.38,4641.8,4657.03,3632.0
2026-03-19 21:15:00,4657.03,4661.74,4647.03,4658.0,3232.0
2026-03-19 21:20:00,4658.0,4658.5,4643.12,4643.96,3139.0
2026-03-19 21:25:00,4643.96,4646.57,4633.17,4644.37,2818.0
2026-03-19 21:30:00,4644.37,4649.44,4637.04,4646.31,2578.0
2026-03-19 21:35:00,4646.31,4647.24,4632.96,4640.76,2701.0
2026-03-19 21:40:00,4640.75,4643.77,4636.98,4638.66,2486.0
2026-03-19 21:45:00,4638.66,4639.78,4634.16,4635.38,3016.0
2026-03-19 21:50:00,4635.38,4642.26,4632.04,4640.31,3032.0
2026-03-19 21:55:00,4640.31,4649.95,4639.34,4643.72,2485.0
2026-03-19 22:00:00,4643.74,4654.58,4642.65,4650.08,1991.0
2026-03-19 22:05:00,4650.08,4657.32,4649.4,4655.76,1284.0
2026-03-19 22:10:00,4655.76,4658.28,4652.31,4654.07,1207.0
2026-03-19 22:15:00,4654.09,4658.76,4649.99,4655.66,1225.0
2026-03-19 22:20:00,4655.52,4660.84,4655.04,4658.76,1095.0
2026-03-19 22:25:00,4658.76,4660.42,4655.8,4657.26,986.0
2026-03-19 22:30:00,4657.17,4659.38,4654.75,4656.67,949.0
2026-03-19 22:35:00,4656.67,4659.31,4654.4,4657.15,846.0
2026-03-19 22:40:00,4657.15,4658.68,4653.56,4654.4,795.0
2026-03-19 22:45:00,4655.04,4657.83,4651.85,4657.71,854.0
2026-03-19 22:50:00,4657.72,4661.77,4653.67,4657.52,1297.0
2026-03-19 22:55:00,4657.52,4658.79,4648.4,4648.73,761.0
2026-03-20 00:00:00,4654.32,4662.58,4650.27,4659.24,807.0
2026-03-20 00:05:00,4658.2,4666.89,4657.61,4665.98,443.0
2026-03-20 00:10:00,4665.78,4671.93,4663.84,4671.09,515.0
2026-03-20 00:15:00,4670.99,4677.23,4667.76,4671.37,762.0
2026-03-20 00:20:00,4671.4,4671.4,4660.44,4661.77,708.0
2026-03-20 00:25:00,4661.82,4670.59,4661.08,4666.41,670.0
2026-03-20 00:30:00,4666.37,4666.37,4649.26,4650.74,702.0
2026-03-20 00:35:00,4651.03,4658.46,4650.73,4656.74,677.0
2026-03-20 00:40:00,4656.7,4656.85,4646.29,4646.66,695.0
2026-03-20 00:45:00,4646.75,4650.19,4644.34,4646.77,673.0
2026-03-20 00:50:00,4646.1,4648.44,4640.89,4648.32,708.0
2026-03-20 00:55:00,4648.29,4649.45,4636.27,4636.48,682.0
2026-03-20 01:00:00,4636.47,4647.74,4636.18,4644.12,1401.0
2026-03-20 01:05:00,4644.12,4644.77,4641.15,4643.95,832.0
2026-03-20 01:10:00,4643.96,4644.39,4638.53,4638.74,974.0
2026-03-20 01:15:00,4638.7,4646.23,4638.41,4645.42,1012.0
2026-03-20 01:20:00,4645.42,4647.05,4640.31,4640.82,936.0
2026-03-20 01:25:00,4640.83,4645.26,4640.25,4643.93,897.0
2026-03-20 01:30:00,4643.93,4647.73,4638.34,4638.46,1051.0
2026-03-20 01:35:00,4638.44,4640.72,4637.12,4639.82,1078.0
2026-03-20 01:40:00,4639.82,4639.83,4634.19,4635.66,1267.0
2026-03-20 01:45:00,4635.66,4644.85,4635.39,4644.41,1120.0
2026-03-20 01:50:00,4644.41,4646.74,4643.26,4646.42,1207.0
2026-03-20 01:55:00,4646.42,4646.84,4641.82,4643.62,890.0
2026-03-20 02:00:00,4643.63,4653.03,4642.89,4651.8,1446.0
2026-03-20 02:05:00,4651.8,4658.06,4649.91,4656.95,1345.0
2026-03-20 02:10:00,4656.95,4662.82,4654.56,4662.13,1510.0
2026-03-20 02:15:00,4662.12,4664.96,4660.34,4660.81,1152.0
2026-03-20 02:20:00,4660.81,4660.98,4642.1,4647.63,1772.0
2026-03-20 02:25:00,4647.63,4650.11,4644.72,4649.41,1716.0
2026-03-20 02:30:00,4649.41,4651.7,4644.78,4648.77,1428.0
2026-03-20 02:35:00,4648.77,4653.15,4646.27,4653.12,1237.0
2026-03-20 02:40:00,4653.12,4656.49,4653.11,4655.91,1061.0
2026-03-20 02:45:00,4655.91,4659.1,4654.6,4657.59,1021.0
2026-03-20 02:50:00,4657.59,4660.41,4654.27,4656.96,1181.0
2026-03-20 02:55:00,4656.96,4656.96,4647.18,4648.71,1492.0
2026-03-20 03:00:00,4648.71,4669.62,4639.42,4669.31,3398.0
2026-03-20 03:05:00,4669.41,4680.4,4666.0,4666.72,3017.0
2026-03-20 03:10:00,4666.73,4669.43,4651.64,4651.93,2559.0
2026-03-20 03:15:00,4651.93,4659.52,4648.51,4652.4,2665.0
2026-03-20 03:20:00,4652.4,4655.94,4648.36,4653.39,2124.0
2026-03-20 03:25:00,4653.39,4661.97,4650.86,4661.97,2038.0
2026-03-20 03:30:00,4661.97,4676.59,4661.2,4676.51,2221.0
2026-03-20 03:35:00,4676.51,4678.09,4671.7,4675.68,2185.0
2026-03-20 03:40:00,4675.68,4688.9,4674.36,4686.68,2139.0
2026-03-20 03:45:00,4686.68,4699.22,4682.19,4685.28,2219.0
2026-03-20 03:50:00,4685.28,4686.22,4678.07,4679.9,2092.0
2026-03-20 03:55:00,4679.9,4679.99,4672.41,4677.32,1915.0
2026-03-20 04:00:00,4677.34,4682.9,4672.32,4672.39,2049.0
2026-03-20 04:05:00,4672.39,4684.78,4670.19,4684.62,1866.0
2026-03-20 04:10:00,4684.62,4689.29,4684.41,4685.52,1552.0
2026-03-20 04:15:00,4685.63,4690.14,4684.27,4688.48,1323.0
2026-03-20 04:20:00,4688.48,4690.02,4682.78,4684.92,1262.0
2026-03-20 04:25:00,4684.92,4685.98,4680.87,4683.75,1012.0
2026-03-20 04:30:00,4683.7,4690.03,4679.34,4689.87,1814.0
2026-03-20 04:35:00,4689.87,4691.35,4679.1,4684.23,1704.0
2026-03-20 04:40:00,4684.26,4686.51,4681.58,4685.22,1614.0
2026-03-20 04:45:00,4685.22,4700.4,4682.83,4699.74,1488.0
2026-03-20 04:50:00,4699.74,4703.52,4694.33,4698.23,1777.0
2026-03-20 04:55:00,4698.23,4701.39,4695.14,4698.18,1629.0
2026-03-20 05:00:00,4698.23,4707.3,4693.17,4707.18,1778.0
2026-03-20 05:05:00,4707.19,4718.76,4705.61,4716.2,1956.0
2026-03-20 05:10:00,4716.18,4723.5,4714.67,4717.44,1903.0
2026-03-20 05:15:00,4717.44,4735.46,4716.47,4732.87,2065.0
2026-03-20 05:20:00,4732.84,4735.18,4728.19,4731.82,1828.0
2026-03-20 05:25:00,4731.8,4735.84,4730.05,4733.65,1606.0
2026-03-20 05:30:00,4733.68,4735.72,4728.14,4733.95,1251.0
2026-03-20 05:35:00,4733.95,4734.0,4728.08,4731.91,1372.0
2026-03-20 05:40:00,4731.91,4734.66,4729.41,4730.32,1193.0
2026-03-20 05:45:00,4730.32,4730.34,4724.19,4724.46,1482.0
2026-03-20 05:50:00,4724.46,4727.74,4721.66,4724.97,1312.0
2026-03-20 05:55:00,4724.85,4728.06,4724.13,4725.64,1116.0
2026-03-20 06:00:00,4725.65,4727.5,4723.02,4723.59,866.0
2026-03-20 06:05:00,4723.59,4724.41,4717.62,4718.19,1014.0
2026-03-20 06:10:00,4718.19,4720.63,4716.72,4719.02,995.0
2026-03-20 06:15:00,4719.02,4722.16,4718.69,4719.05,1166.0
2026-03-20 06:20:00,4719.01,4722.35,4718.35,4720.7,863.0
2026-03-20 06:25:00,4720.7,4724.16,4720.59,4723.42,1088.0
2026-03-20 06:30:00,4723.45,4726.01,4722.83,4724.81,929.0
2026-03-20 06:35:00,4724.81,4726.71,4723.91,4726.11,650.0
2026-03-20 06:40:00,4726.09,4726.83,4718.21,4719.9,1091.0
2026-03-20 06:45:00,4719.92,4719.92,4715.4,4718.17,942.0
2026-03-20 06:50:00,4718.17,4722.76,4717.8,4722.38,838.0
2026-03-20 06:55:00,4722.38,4722.67,4719.57,4721.57,902.0
2026-03-20 07:00:00,4721.59,4721.95,4710.67,4712.54,1440.0
2026-03-20 07:05:00,4712.54,4714.41,4710.5,4713.19,1219.0
2026-03-20 07:10:00,4713.2,4718.64,4712.02,4718.56,1304.0
2026-03-20 07:15:00,4718.56,4722.51,4717.47,4720.74,1337.0
2026-03-20 07:20:00,4720.75,4723.72,4719.52,4721.61,1290.0
2026-03-20 07:25:00,4721.76,4722.41,4718.96,4719.82,976.0
2026-03-20 07:30:00,4719.81,4720.26,4702.15,4702.83,2514.0
2026-03-20 07:35:00,4702.81,4714.56,4702.06,4713.16,1705.0
2026-03-20 07:40:00,4713.16,4717.56,4705.44,4709.53,1620.0
2026-03-20 07:45:00,4709.53,4710.75,4698.08,4701.11,1998.0
2026-03-20 07:50:00,4701.12,4706.9,4694.22,4694.39,2029.0
2026-03-20 07:55:00,4694.39,4699.11,4685.86,4688.34,1996.0
2026-03-20 08:00:00,4688.35,4701.14,4687.56,4695.01,2044.0
2026-03-20 08:05:00,4695.01,4697.32,4689.43,4689.65,1585.0
2026-03-20 08:10:00,4689.65,4694.53,4684.99,4691.41,1909.0
2026-03-20 08:15:00,4691.41,4695.88,4686.74,4688.31,2007.0
2026-03-20 08:20:00,4688.31,4693.15,4684.11,4690.16,1765.0
2026-03-20 08:25:00,4690.13,4690.62,4679.98,4687.81,1687.0
2026-03-20 08:30:00,4687.81,4689.58,4678.0,4685.44,1851.0
2026-03-20 08:35:00,4685.42,4685.62,4667.56,4668.14,1989.0
2026-03-20 08:40:00,4668.14,4670.19,4661.5,4665.95,2387.0
2026-03-20 08:45:00,4665.96,4676.06,4662.5,4667.93,2126.0
2026-03-20 08:50:00,4667.93,4672.56,4667.08,4668.07,1793.0
2026-03-20 08:55:00,4668.07,4670.21,4665.59,4669.35,1634.0
2026-03-20 09:00:00,4669.35,4677.88,4668.17,4674.63,1836.0
2026-03-20 09:05:00,4674.64,4684.04,4670.77,4682.15,1664.0
2026-03-20 09:10:00,4682.15,4682.16,4675.74,4679.44,1620.0
2026-03-20 09:15:00,4679.44,4682.18,4676.46,4680.12,1329.0
2026-03-20 09:20:00,4680.12,4686.91,4679.92,4684.86,1390.0
2026-03-20 09:25:00,4684.86,4688.83,4684.38,4688.38,1262.0
2026-03-20 09:30:00,4688.38,4689.29,4685.33,4686.88,1318.0
2026-03-20 09:35:00,4686.88,4694.79,4686.27,4693.3,1342.0
2026-03-20 09:40:00,4693.34,4698.24,4693.13,4694.29,1606.0
2026-03-20 09:45:00,4694.29,4699.96,4694.29,4697.92,1258.0
2026-03-20 09:50:00,4697.91,4700.82,4696.17,4697.4,1232.0
2026-03-20 09:55:00,4697.43,4707.86,4697.43,4706.34,1351.0
2026-03-20 10:00:00,4706.4,4706.66,4702.08,4704.61,1565.0
2026-03-20 10:05:00,4704.61,4710.59,4704.04,4708.33,1546.0
2026-03-20 10:10:00,4708.33,4717.56,4708.11,4716.17,1761.0
2026-03-20 10:15:00,4716.17,4725.69,4715.55,4724.92,1728.0
2026-03-20 10:20:00,4724.9,4732.29,4723.14,4730.67,1810.0
2026-03-20 10:25:00,4730.67,4734.87,4722.08,4722.83,1935.0
2026-03-20 10:30:00,4722.82,4722.94,4701.08,4708.35,2175.0
2026-03-20 10:35:00,4708.35,4709.32,4699.19,4704.06,1906.0
2026-03-20 10:40:00,4704.06,4709.62,4703.01,4707.39,1615.0
2026-03-20 10:45:00,4707.39,4708.42,4692.22,4696.01,1984.0
2026-03-20 10:50:00,4696.01,4699.57,4688.04,4692.24,1884.0
2026-03-20 10:55:00,4692.24,4695.28,4685.08,4693.62,1774.0
2026-03-20 11:00:00,4693.62,4696.36,4685.6,4687.2,1704.0
2026-03-20 11:05:00,4687.2,4695.25,4684.19,4693.33,1615.0
2026-03-20 11:10:00,4693.33,4700.35,4693.33,4693.93,1668.0
2026-03-20 11:15:00,4693.93,4697.4,4687.62,4687.62,1413.0
2026-03-20 11:20:00,4687.62,4689.62,4684.23,4686.98,1560.0
2026-03-20 11:25:00,4686.98,4693.07,4686.97,4691.89,1328.0
2026-03-20 11:30:00,4691.89,4692.38,4677.66,4678.24,1706.0
2026-03-20 11:35:00,4678.24,4683.63,4677.1,4681.06,1522.0
2026-03-20 11:40:00,4681.06,4681.27,4671.11,4673.41,1773.0
2026-03-20 11:45:00,4673.41,4674.76,4665.72,4672.73,2093.0
2026-03-20 11:50:00,4672.73,4677.25,4662.77,4662.8,1903.0
2026-03-20 11:55:00,4662.8,4669.51,4659.88,4667.59,1962.0
2026-03-20 12:00:00,4667.6,4670.05,4652.1,4653.09,2556.0
2026-03-20 12:05:00,4653.09,4667.73,4653.09,4655.07,2126.0
2026-03-20 12:10:00,4655.07,4664.06,4650.11,4662.97,2048.0
2026-03-20 12:15:00,4663.04,4666.49,4655.74,4656.1,1945.0
2026-03-20 12:20:00,4656.1,4656.11,4645.96,4653.9,2126.0
2026-03-20 12:25:00,4653.9,4660.63,4653.9,4658.14,1629.0
2026-03-20 12:30:00,4658.14,4661.6,4649.44,4650.67,1899.0
2026-03-20 12:35:00,4650.67,4669.44,4650.15,4668.71,1723.0
2026-03-20 12:40:00,4668.71,4669.86,4656.31,4659.79,2234.0
2026-03-20 12:45:00,4659.79,4660.32,4652.78,4654.67,1920.0
2026-03-20 12:50:00,4654.67,4655.97,4645.02,4649.55,2370.0
2026-03-20 12:55:00,4649.54,4650.4,4638.17,4645.37,2383.0
2026-03-20 13:00:00,4645.37,4659.78,4637.22,4654.35,2514.0
2026-03-20 13:05:00,4654.35,4664.9,4653.56,4663.98,2070.0
2026-03-20 13:10:00,4663.98,4666.55,4655.26,4662.66,2214.0
2026-03-20 13:15:00,4662.67,4666.43,4658.81,4665.32,1536.0
2026-03-20 13:20:00,4665.32,4668.54,4660.16,4662.72,1800.0
2026-03-20 13:25:00,4662.72,4665.64,4659.17,4665.28,1611.0
2026-03-20 13:30:00,4665.27,4670.93,4663.57,4666.96,1926.0
2026-03-20 13:35:00,4666.9,4667.86,4661.66,4666.92,1594.0
2026-03-20 13:40:00,4666.92,4674.32,4666.7,4669.43,1777.0
2026-03-20 13:45:00,4669.43,4672.21,4664.93,4665.5,1429.0
2026-03-20 13:50:00,4665.5,4665.98,4657.63,4662.73,1944.0
2026-03-20 13:55:00,4662.73,4672.19,4662.02,4671.65,1702.0
2026-03-20 14:00:00,4671.65,4682.79,4671.65,4679.48,2515.0
2026-03-20 14:05:00,4679.48,4688.17,4679.25,4687.87,2122.0
2026-03-20 14:10:00,4687.87,4695.44,4683.0,4685.51,2378.0
2026-03-20 14:15:00,4685.48,4691.73,4678.73,4691.13,2134.0
2026-03-20 14:20:00,4691.13,4691.99,4679.64,4681.11,2316.0
2026-03-20 14:25:00,4681.14,4682.8,4677.79,4678.23,2279.0
2026-03-20 14:30:00,4678.26,4682.1,4670.01,4673.36,2575.0
2026-03-20 14:35:00,4673.36,4677.84,4663.6,4665.7,2306.0
2026-03-20 14:40:00,4665.7,4670.4,4662.09,4670.24,2363.0
2026-03-20 14:45:00,4670.23,4675.32,4665.97,4671.23,1969.0
2026-03-20 14:50:00,4671.23,4681.67,4671.01,4677.42,2018.0
2026-03-20 14:55:00,4677.41,4680.52,4677.29,4678.39,1865.0
2026-03-20 15:00:00,4678.39,4679.65,4667.51,4670.51,2477.0
2026-03-20 15:05:00,4670.51,4672.77,4659.08,4664.85,2659.0
2026-03-20 15:10:00,4664.83,4666.27,4653.66,4662.06,2842.0
2026-03-20 15:15:00,4662.09,4665.48,4655.68,4664.9,2567.0
2026-03-20 15:20:00,4664.78,4670.39,4661.54,4662.42,2364.0
2026-03-20 15:25:00,4662.55,4665.23,4659.51,4660.28,2530.0
2026-03-20 15:30:00,4660.28,4665.97,4641.95,4645.86,3772.0
2026-03-20 15:35:00,4645.86,4660.42,4636.61,4654.44,3554.0
2026-03-20 15:40:00,4654.44,4665.45,4647.04,4662.67,3351.0
2026-03-20 15:45:00,4662.65,4665.42,4650.99,4651.97,3522.0
2026-03-20 15:50:00,4651.97,4653.25,4620.12,4621.97,3788.0
2026-03-20 15:55:00,4621.96,4627.23,4612.66,4616.45,3369.0
2026-03-20 16:00:00,4616.41,4622.04,4608.06,4615.54,3583.0
2026-03-20 16:05:00,4615.54,4622.58,4600.55,4608.91,3682.0
2026-03-20 16:10:00,4608.99,4618.4,4585.94,4587.3,3763.0
2026-03-20 16:15:00,4587.3,4588.67,4562.95,4575.33,3669.0
2026-03-20 16:20:00,4575.33,4579.52,4560.47,4568.96,3657.0
2026-03-20 16:25:00,4568.96,4569.39,4551.41,4558.27,3964.0
2026-03-20 16:30:00,4558.27,4580.6,4557.43,4580.18,4023.0
2026-03-20 16:35:00,4580.18,4585.31,4572.7,4574.46,3825.0
2026-03-20 16:40:00,4574.46,4578.47,4570.15,4575.87,3751.0
2026-03-20 16:45:00,4575.81,4582.23,4562.72,4565.53,3862.0
2026-03-20 16:50:00,4565.53,4571.24,4552.31,4554.75,3294.0
2026-03-20 16:55:00,4554.75,4570.16,4547.79,4564.14,3627.0
2026-03-20 17:00:00,4563.94,4580.07,4563.72,4571.52,3774.0
2026-03-20 17:05:00,4571.52,4575.73,4560.11,4564.26,3255.0
2026-03-20 17:10:00,4564.26,4578.44,4562.87,4575.9,2805.0
2026-03-20 17:15:00,4576.13,4576.74,4558.22,4562.65,3163.0
2026-03-20 17:20:00,4562.65,4575.16,4557.73,4561.26,3344.0
2026-03-20 17:25:00,4561.26,4564.27,4540.53,4562.89,4505.0
2026-03-20 17:30:00,4562.89,4575.99,4557.81,4568.04,3678.0
2026-03-20 17:35:00,4568.04,4568.35,4560.1,4560.92,3649.0
2026-03-20 17:40:00,4560.92,4566.34,4556.74,4562.7,3218.0
2026-03-20 17:45:00,4562.68,4562.77,4544.21,4549.27,3068.0
2026-03-20 17:50:00,4549.27,4560.15,4544.86,4558.36,2735.0
2026-03-20 17:55:00,4558.36,4558.36,4551.56,4553.31,2683.0
2026-03-20 18:00:00,4553.37,4576.9,4551.96,4574.32,2690.0
2026-03-20 18:05:00,4574.32,4580.86,4570.1,4571.76,2360.0
2026-03-20 18:10:00,4571.72,4588.47,4568.97,4588.3,2789.0
2026-03-20 18:15:00,4588.3,4601.89,4583.66,4601.88,3020.0
2026-03-20 18:20:00,4601.88,4613.58,4595.18,4596.63,2748.0
2026-03-20 18:25:00,4596.63,4596.66,4583.52,4584.64,3065.0
2026-03-20 18:30:00,4584.64,4585.59,4570.43,4581.02,3137.0
2026-03-20 18:35:00,4581.07,4592.59,4581.07,4589.89,2513.0
2026-03-20 18:40:00,4589.89,4592.28,4579.2,4581.19,2343.0
2026-03-20 18:45:00,4581.19,4581.84,4568.25,4576.8,2803.0
2026-03-20 18:50:00,4576.8,4581.66,4572.14,4581.3,2410.0
2026-03-20 18:55:00,4581.3,4588.44,4580.86,4583.29,2168.0
2026-03-20 19:00:00,4583.29,4591.9,4580.5,4589.53,2182.0
2026-03-20 19:05:00,4589.49,4600.7,4573.46,4591.02,2833.0
2026-03-20 19:10:00,4591.01,4593.48,4581.28,4582.03,2395.0
2026-03-20 19:15:00,4582.08,4582.9,4573.12,4574.63,2621.0
2026-03-20 19:20:00,4574.63,4579.81,4568.65,4570.09,2768.0
2026-03-20 19:25:00,4570.03,4576.6,4569.22,4572.06,2495.0
2026-03-20 19:30:00,4572.06,4574.49,4559.12,4561.82,2593.0
2026-03-20 19:35:00,4561.82,4565.58,4554.12,4562.21,2824.0
2026-03-20 19:40:00,4562.21,4566.37,4558.93,4565.9,2216.0
2026-03-20 19:45:00,4565.9,4568.98,4562.79,4563.98,2251.0
2026-03-20 19:50:00,4563.98,4576.53,4562.8,4576.52,1886.0
2026-03-20 19:55:00,4576.52,4577.12,4571.37,4573.34,1954.0
2026-03-20 20:00:00,4573.35,4578.35,4569.97,4570.28,2134.0
2026-03-20 20:05:00,4570.28,4575.92,4567.14,4567.64,2067.0
2026-03-20 20:10:00,4567.64,4575.42,4561.02,4563.12,2648.0
2026-03-20 20:15:00,4563.12,4566.14,4559.76,4565.68,2157.0
2026-03-20 20:20:00,4565.68,4568.18,4536.33,4546.56,3594.0
2026-03-20 20:25:00,4546.76,4558.47,4546.55,4554.41,3046.0
2026-03-20 20:30:00,4554.41,4557.18,4544.05,4545.86,2847.0
2026-03-20 20:35:00,4545.86,4548.28,4538.5,4544.43,2726.0
2026-03-20 20:40:00,4544.4,4546.11,4524.54,4526.15,3261.0
2026-03-20 20:45:00,4526.15,4529.51,4510.44,4511.01,2922.0
2026-03-20 20:50:00,4511.01,4518.38,4500.85,4502.55,3879.0
2026-03-20 20:55:00,4502.55,4503.06,4477.27,4499.67,4011.0
2026-03-20 21:00:00,4499.68,4516.29,4498.96,4500.53,3315.0
2026-03-20 21:05:00,4500.53,4503.68,4485.53,4502.63,3581.0
2026-03-20 21:10:00,4502.63,4505.9,4487.21,4500.48,3717.0
2026-03-20 21:15:00,4500.48,4507.86,4492.98,4501.42,3663.0
2026-03-20 21:20:00,4501.42,4501.51,4485.91,4487.91,2901.0
2026-03-20 21:25:00,4487.91,4499.02,4485.51,4498.53,3011.0
2026-03-20 21:30:00,4498.53,4509.91,4496.54,4497.89,3627.0
2026-03-20 21:35:00,4497.89,4509.78,4492.21,4509.29,3214.0
2026-03-20 21:40:00,4509.29,4516.77,4503.98,4514.38,2450.0
2026-03-20 21:45:00,4514.38,4514.48,4506.99,4507.89,2158.0
2026-03-20 21:50:00,4507.89,4516.01,4505.95,4515.57,2554.0
2026-03-20 21:55:00,4515.5,4515.64,4496.87,4501.72,3498.0
2026-03-20 22:00:00,4501.57,4507.48,4496.62,4502.94,2183.0
2026-03-20 22:05:00,4502.94,4503.09,4493.5,4502.0,2004.0
2026-03-20 22:10:00,4501.97,4507.07,4501.05,4504.77,1787.0
2026-03-20 22:15:00,4504.75,4513.26,4500.69,4509.97,1728.0
2026-03-20 22:20:00,4509.97,4514.44,4507.81,4509.7,1430.0
2026-03-20 22:25:00,4509.74,4510.84,4500.81,4501.26,1547.0
2026-03-20 22:30:00,4501.27,4504.45,4499.75,4500.28,1676.0
2026-03-20 22:35:00,4500.19,4504.24,4497.39,4502.72,1410.0
2026-03-20 22:40:00,4502.76,4504.32,4496.94,4503.06,1486.0
2026-03-20 22:45:00,4503.06,4503.56,4494.26,4497.45,1550.0
2026-03-20 22:50:00,4497.45,4504.16,4496.3,4497.39,1620.0
2026-03-20 22:55:00,4497.38,4499.84,4493.01,4493.01,720.0
2026-03-23 00:00:00,4487.25,4488.83,4449.59,4475.77,1402.0
2026-03-23 00:05:00,4475.7,4516.29,4472.63,4511.16,1472.0
2026-03-23 00:10:00,4511.24,4515.14,4490.6,4508.22,1403.0
2026-03-23 00:15:00,4507.53,4520.92,4503.92,4514.33,694.0
2026-03-23 00:20:00,4513.82,4531.79,4513.2,4527.93,747.0
2026-03-23 00:25:00,4527.53,4536.29,4521.11,4524.39,723.0
2026-03-23 00:30:00,4524.39,4526.69,4507.54,4512.92,756.0
2026-03-23 00:35:00,4513.13,4517.02,4505.11,4515.47,674.0
2026-03-23 00:40:00,4515.66,4515.8,4505.37,4507.12,669.0
2026-03-23 00:45:00,4507.17,4515.31,4504.8,4506.57,608.0
2026-03-23 00:50:00,4506.54,4511.24,4505.65,4505.69,574.0
2026-03-23 00:55:00,4504.73,4505.05,4490.23,4498.4,676.0
2026-03-23 01:00:00,4498.05,4510.94,4494.25,4499.27,2062.0
2026-03-23 01:05:00,4499.27,4506.06,4487.62,4495.2,1970.0
2026-03-23 01:10:00,4495.2,4499.8,4485.14,4490.2,2052.0
2026-03-23 01:15:00,4490.19,4500.03,4489.77,4490.38,1828.0
2026-03-23 01:20:00,4490.38,4492.61,4485.45,4489.65,1728.0
2026-03-23 01:25:00,4489.65,4492.24,4482.44,4485.34,1855.0
2026-03-23 01:30:00,4485.34,4488.64,4479.79,4482.36,1896.0
2026-03-23 01:35:00,4482.36,4485.53,4472.39,4478.84,1877.0
2026-03-23 01:40:00,4478.84,4490.86,4477.91,4488.51,1714.0
2026-03-23 01:45:00,4488.51,4493.59,4459.65,4462.94,2398.0
2026-03-23 01:50:00,4462.93,4470.87,4452.4,4458.67,2330.0
2026-03-23 01:55:00,4458.67,4469.92,4458.33,4464.56,2080.0
2026-03-23 02:00:00,4464.56,4473.32,4435.15,4440.31,3092.0
2026-03-23 02:05:00,4440.31,4453.39,4425.55,4439.89,2910.0
2026-03-23 02:10:00,4439.89,4448.95,4435.36,4436.74,2263.0
2026-03-23 02:15:00,4436.74,4437.17,4404.47,4424.94,2750.0
2026-03-23 02:20:00,4424.94,4440.93,4420.6,4439.94,2450.0
2026-03-23 02:25:00,4439.93,4445.55,4424.01,4427.03,2373.0
2026-03-23 02:30:00,4427.03,4436.67,4399.49,4401.07,2646.0
2026-03-23 02:35:00,4401.07,4401.42,4330.22,4349.85,4076.0
2026-03-23 02:40:00,4349.83,4365.31,4344.1,4362.01,2832.0
2026-03-23 02:45:00,4362.83,4367.44,4344.71,4345.54,2943.0
2026-03-23 02:50:00,4345.54,4360.46,4319.97,4335.71,2819.0
2026-03-23 02:55:00,4335.73,4370.75,4329.39,4354.26,2781.0
2026-03-23 03:00:00,4354.21,4380.71,4330.12,4377.18,3591.0
2026-03-23 03:05:00,4377.18,4416.2,4376.52,4401.21,3281.0
2026-03-23 03:10:00,4401.21,4422.71,4394.94,4408.11,3099.0
2026-03-23 03:15:00,4408.48,4436.49,4407.28,4428.9,2843.0
2026-03-23 03:20:00,4428.9,4443.63,4421.59,4432.25,2627.0
2026-03-23 03:25:00,4432.31,4434.38,4420.73,4422.25,2513.0
2026-03-23 03:30:00,4422.25,4454.05,4416.57,4441.4,3400.0
2026-03-23 03:35:00,4441.4,4449.84,4432.59,4444.81,2899.0
2026-03-23 03:40:00,4444.96,4445.26,4428.18,4435.45,2962.0
2026-03-23 03:45:00,4435.45,4436.6,4411.06,4412.87,2731.0
2026-03-23 03:50:00,4412.87,4415.14,4404.34,4407.44,2532.0
2026-03-23 03:55:00,4407.48,4411.07,4381.31,4387.63,2782.0
2026-03-23 04:00:00,4387.63,4420.18,4383.18,4417.21,3074.0
2026-03-23 04:05:00,4417.21,4422.07,4406.61,4406.66,2489.0
2026-03-23 04:10:00,4406.63,4413.31,4390.13,4395.71,2675.0
2026-03-23 04:15:00,4395.71,4416.9,4394.03,4403.72,2140.0
2026-03-23 04:20:00,4403.72,4413.89,4403.25,4404.49,2056.0
2026-03-23 04:25:00,4404.49,4414.23,4397.04,4399.23,2126.0
2026-03-23 04:30:00,4399.23,4400.7,4381.34,4388.27,2824.0
2026-03-23 04:35:00,4388.26,4391.64,4370.57,4374.24,3189.0
2026-03-23 04:40:00,4374.24,4385.54,4369.51,4384.74,2433.0
2026-03-23 04:45:00,4384.74,4384.74,4369.68,4373.5,2785.0
2026-03-23 04:50:00,4373.53,4379.8,4354.89,4359.93,2967.0
2026-03-23 04:55:00,4359.93,4369.94,4357.22,4360.57,3015.0
2026-03-23 05:00:00,4360.57,4378.05,4360.17,4367.2,2559.0
2026-03-23 05:05:00,4367.2,4373.84,4354.28,4356.13,2341.0
2026-03-23 05:10:00,4356.13,4357.42,4347.95,4349.67,2483.0
2026-03-23 05:15:00,4349.66,4361.61,4349.38,4353.69,2132.0
2026-03-23 05:20:00,4353.69,4365.7,4351.89,4355.09,2248.0
2026-03-23 05:25:00,4355.14,4357.33,4347.1,4351.18,2354.0
2026-03-23 05:30:00,4351.19,4364.56,4350.94,4359.26,2226.0
2026-03-23 05:35:00,4359.39,4360.19,4345.25,4345.8,2258.0
2026-03-23 05:40:00,4345.81,4347.98,4335.18,4341.97,2796.0
2026-03-23 05:45:00,4341.97,4351.64,4336.93,4351.49,2076.0
2026-03-23 05:50:00,4351.49,4360.14,4348.09,4350.7,1927.0
2026-03-23 05:55:00,4350.69,4354.73,4348.42,4352.89,1456.0
2026-03-23 06:00:00,4352.89,4370.1,4352.89,4362.54,2180.0
2026-03-23 06:05:00,4362.54,4370.48,4361.81,4368.95,1971.0
2026-03-23 06:10:00,4368.96,4369.67,4361.79,4363.77,1694.0
2026-03-23 06:15:00,4363.77,4370.51,4361.2,4368.72,1589.0
2026-03-23 06:20:00,4368.72,4370.09,4366.11,4370.07,1300.0
2026-03-23 06:25:00,4370.07,4370.73,4365.88,4368.56,1371.0
2026-03-23 06:30:00,4368.56,4368.56,4360.22,4366.12,1847.0
2026-03-23 06:35:00,4366.12,4381.65,4365.67,4373.79,2205.0
2026-03-23 06:40:00,4373.79,4377.84,4370.0,4375.27,1348.0
2026-03-23 06:45:00,4375.29,4376.49,4368.08,4369.15,1414.0
2026-03-23 06:50:00,4369.15,4369.17,4350.32,4354.26,2069.0
2026-03-23 06:55:00,4354.22,4367.56,4352.5,4367.38,1756.0
2026-03-23 07:00:00,4367.38,4379.99,4365.94,4372.62,1950.0
2026-03-23 07:05:00,4372.69,4379.58,4371.72,4374.21,1634.0
2026-03-23 07:10:00,4374.57,4376.7,4369.54,4372.6,1742.0
2026-03-23 07:15:00,4372.6,4374.07,4363.56,4368.55,1703.0
2026-03-23 07:20:00,4368.55,4368.55,4354.24,4354.42,1773.0
2026-03-23 07:25:00,4354.42,4359.19,4351.7,4356.11,1705.0
2026-03-23 07:30:00,4356.11,4356.11,4321.44,4333.08,3459.0
2026-03-23 07:35:00,4333.08,4340.26,4322.35,4326.65,2957.0
2026-03-23 07:40:00,4326.65,4329.28,4320.14,4322.16,2631.0
2026-03-23 07:45:00,4322.16,4326.65,4319.32,4320.72,2464.0
2026-03-23 07:50:00,4320.72,4324.24,4303.84,4303.88,2822.0
2026-03-23 07:55:00,4303.88,4322.34,4302.35,4310.34,2832.0
2026-03-23 08:00:00,4310.34,4310.38,4285.96,4286.82,3466.0
2026-03-23 08:05:00,4286.82,4286.82,4270.64,4275.35,3663.0
2026-03-23 08:10:00,4275.35,4295.65,4271.49,4294.57,3046.0
2026-03-23 08:15:00,4294.53,4309.98,4277.41,4285.35,3542.0
2026-03-23 08:20:00,4285.37,4285.42,4271.68,4275.25,2776.0
2026-03-23 08:25:00,4275.21,4282.79,4239.47,4244.01,3860.0
2026-03-23 08:30:00,4244.01,4249.87,4222.37,4237.35,3843.0
2026-03-23 08:35:00,4237.35,4243.02,4215.54,4234.42,3260.0
2026-03-23 08:40:00,4234.42,4244.06,4182.45,4183.01,3648.0
2026-03-23 08:45:00,4183.01,4206.97,4162.83,4206.94,4461.0
2026-03-23 08:50:00,4206.94,4230.38,4203.98,4212.68,3291.0
2026-03-23 08:55:00,4212.68,4228.78,4206.96,4220.24,3013.0
2026-03-23 09:00:00,4220.24,4222.1,4180.04,4180.32,3795.0
2026-03-23 09:05:00,4180.32,4180.54,4132.03,4157.93,4410.0
2026-03-23 09:10:00,4158.03,4170.81,4126.55,4130.4,3416.0
2026-03-23 09:15:00,4130.4,4160.0,4113.51,4117.02,3157.0
2026-03-23 09:20:00,4117.02,4145.95,4098.53,4130.67,3587.0
2026-03-23 09:25:00,4130.67,4139.5,4112.93,4135.69,3413.0
2026-03-23 09:30:00,4135.69,4165.08,4129.48,4155.98,3000.0
2026-03-23 09:35:00,4155.98,4199.76,4151.9,4180.36,3062.0
2026-03-23 09:40:00,4180.36,4216.32,4172.15,4215.26,3207.0
2026-03-23 09:45:00,4215.26,4232.51,4205.72,4214.79,3668.0
2026-03-23 09:50:00,4214.79,4221.6,4188.49,4198.55,2837.0
2026-03-23 09:55:00,4198.56,4205.03,4186.51,4204.24,2722.0
2026-03-23 10:00:00,4204.24,4228.42,4203.28,4219.68,4566.0
2026-03-23 10:05:00,4219.63,4242.12,4214.41,4233.5,3330.0
2026-03-23 10:10:00,4233.5,4255.74,4224.35,4253.14,3137.0
2026-03-23 10:15:00,4253.17,4256.14,4212.37,4219.74,3282.0
2026-03-23 10:20:00,4219.74,4229.03,4211.35,4220.8,3261.0
2026-03-23 10:25:00,4220.75,4234.35,4212.56,4226.85,2811.0
2026-03-23 10:30:00,4226.79,4263.59,4222.59,4263.23,3165.0
2026-03-23 10:35:00,4263.23,4270.44,4234.29,4238.12,3187.0
2026-03-23 10:40:00,4238.11,4258.73,4237.38,4257.42,2946.0
2026-03-23 10:45:00,4257.42,4269.59,4240.97,4241.82,3235.0
2026-03-23 10:50:00,4241.82,4241.82,4225.81,4228.86,3198.0
2026-03-23 10:55:00,4228.86,4253.24,4219.71,4251.14,3388.0
2026-03-23 11:00:00,4251.14,4260.2,4246.31,4253.67,2640.0
2026-03-23 11:05:00,4253.69,4257.53,4250.32,4254.43,2391.0
2026-03-23 11:10:00,4254.43,4269.16,4252.89,4268.97,3104.0
2026-03-23 11:15:00,4268.97,4291.52,4267.6,4288.92,2650.0
2026-03-23 11:20:00,4288.92,4301.29,4283.82,4288.91,2510.0
2026-03-23 11:25:00,4288.91,4304.02,4287.87,4303.98,2606.0
2026-03-23 11:30:00,4303.98,4308.28,4280.35,4281.89,2859.0
2026-03-23 11:35:00,4281.66,4284.78,4239.62,4240.71,3898.0
2026-03-23 11:40:00,4240.71,4249.49,4225.06,4225.9,3492.0
2026-03-23 11:45:00,4225.9,4245.65,4223.64,4237.65,2621.0
2026-03-23 11:50:00,4237.65,4248.71,4235.5,4239.01,2136.0
2026-03-23 11:55:00,4239.01,4257.08,4236.89,4253.66,2583.0
2026-03-23 12:00:00,4254.0,4261.31,4243.82,4256.96,2495.0
2026-03-23 12:05:00,4256.96,4264.86,4253.95,4261.81,2286.0
2026-03-23 12:10:00,4261.81,4272.47,4255.46,4263.86,3027.0
2026-03-23 12:15:00,4263.87,4274.84,4262.31,4269.55,2132.0
2026-03-23 12:20:00,4269.53,4274.91,4256.29,4273.46,2223.0
2026-03-23 12:25:00,4273.46,4274.24,4265.46,4268.88,1710.0
2026-03-23 12:30:00,4268.88,4269.46,4261.64,4262.15,2084.0
2026-03-23 12:35:00,4262.15,4268.52,4241.25,4246.69,2536.0
2026-03-23 12:40:00,4246.69,4262.13,4243.3,4257.1,2254.0
2026-03-23 12:45:00,4257.07,4261.15,4249.9,4260.93,2194.0
2026-03-23 12:50:00,4260.93,4281.82,4260.15,4262.71,2929.0
2026-03-23 12:55:00,4262.71,4270.55,4250.95,4269.03,2600.0
2026-03-23 13:00:00,4269.03,4295.47,4269.03,4282.43,2940.0
2026-03-23 13:05:00,4282.6,4420.82,4281.45,4406.96,4719.0
2026-03-23 13:10:00,4406.81,4462.75,4396.54,4456.9,3894.0
2026-03-23 13:15:00,4456.9,4461.22,4379.77,4395.1,3092.0
2026-03-23 13:20:00,4395.69,4406.42,4355.08,4376.8,3139.0
2026-03-23 13:25:00,4376.8,4403.62,4372.37,4399.51,3053.0
2026-03-23 13:30:00,4399.69,4426.45,4395.38,4421.87,2801.0
2026-03-23 13:35:00,4421.87,4432.22,4392.89,4405.18,3178.0
2026-03-23 13:40:00,4405.18,4415.4,4383.76,4412.53,2623.0
2026-03-23 13:45:00,4412.53,4417.24,4375.47,4393.8,3135.0
2026-03-23 13:50:00,4393.79,4414.97,4378.24,4403.93,3177.0
2026-03-23 13:55:00,4403.93,4403.93,4361.5,4378.97,3336.0
2026-03-23 14:00:00,4378.97,4380.43,4351.28,4357.57,3196.0
2026-03-23 14:05:00,4357.51,4368.92,4336.87,4368.9,3195.0
2026-03-23 14:10:00,4368.9,4375.36,4349.77,4353.02,3033.0
2026-03-23 14:15:00,4353.02,4399.39,4352.58,4399.39,3221.0
2026-03-23 14:20:00,4399.39,4405.23,4388.65,4389.93,3250.0
2026-03-23 14:25:00,4389.93,4400.7,4387.35,4390.15,2813.0
2026-03-23 14:30:00,4390.15,4410.81,4374.57,4407.07,3044.0
2026-03-23 14:35:00,4406.9,4416.1,4400.65,4409.99,3170.0
2026-03-23 14:40:00,4409.99,4441.98,4404.2,4441.48,3502.0
2026-03-23 14:45:00,4441.46,4463.42,4433.31,4461.13,3622.0
2026-03-23 14:50:00,4461.13,4482.28,4459.2,4467.7,3138.0
2026-03-23 14:55:00,4467.7,4492.43,4463.88,4478.25,3242.0
2026-03-23 15:00:00,4478.24,4485.42,4438.55,4453.58,4351.0
2026-03-23 15:05:00,4453.58,4455.73,4431.76,4447.14,3172.0
2026-03-23 15:10:00,4447.26,4459.98,4440.1,4446.51,2821.0
2026-03-23 15:15:00,4446.51,4452.69,4423.15,4423.59,2664.0
2026-03-23 15:20:00,4423.59,4435.4,4415.74,4419.22,3339.0
2026-03-23 15:25:00,4419.22,4426.03,4404.88,4409.72,2991.0
2026-03-23 15:30:00,4409.72,4421.88,4401.63,4417.3,4157.0
2026-03-23 15:35:00,4417.3,4440.63,4415.79,4431.84,4143.0
2026-03-23 15:40:00,4431.84,4450.09,4422.16,4422.18,4303.0
2026-03-23 15:45:00,4422.18,4449.15,4419.83,4442.65,3686.0
2026-03-23 15:50:00,4442.56,4466.79,4440.38,4451.45,3896.0
2026-03-23 15:55:00,4451.45,4455.23,4438.37,4454.48,3346.0
2026-03-23 16:00:00,4454.48,4479.28,4454.36,4464.41,3650.0
2026-03-23 16:05:00,4464.42,4470.65,4453.78,4461.59,3848.0
2026-03-23 16:10:00,4461.59,4471.64,4453.5,4464.39,3808.0
2026-03-23 16:15:00,4464.39,4495.67,4461.03,4490.1,3621.0
2026-03-23 16:20:00,4490.1,4504.96,4485.39,4503.83,3642.0
2026-03-23 16:25:00,4504.15,4512.81,4481.55,4486.32,3808.0
2026-03-23 16:30:00,4486.33,4504.37,4474.1,4493.24,4048.0
2026-03-23 16:35:00,4493.24,4501.57,4477.02,4480.94,3724.0
2026-03-23 16:40:00,4480.94,4486.79,4469.9,4479.48,4008.0
2026-03-23 16:45:00,4479.48,4485.99,4468.23,4479.27,3697.0
2026-03-23 16:50:00,4479.27,4479.34,4456.8,4464.11,3384.0
2026-03-23 16:55:00,4464.11,4476.38,4461.31,4461.66,3482.0
2026-03-23 17:00:00,4461.73,4477.71,4454.72,4469.79,3801.0
2026-03-23 17:05:00,4469.79,4486.89,4469.31,4485.69,3320.0
2026-03-23 17:10:00,4485.69,4485.69,4462.09,4464.88,3392.0
2026-03-23 17:15:00,4464.88,4468.28,4427.91,4441.12,4372.0
2026-03-23 17:20:00,4441.12,4459.85,4431.53,4456.71,3313.0
2026-03-23 17:25:00,4456.71,4458.06,4440.31,4447.37,2979.0
2026-03-23 17:30:00,4447.45,4455.94,4431.44,4433.31,3211.0
2026-03-23 17:35:00,4433.31,4433.31,4416.08,4420.08,3994.0
2026-03-23 17:40:00,4420.08,4423.17,4405.97,4408.06,3648.0
2026-03-23 17:45:00,4408.06,4413.84,4395.53,4402.32,4024.0
2026-03-23 17:50:00,4402.32,4406.8,4384.75,4396.57,4007.0
2026-03-23 17:55:00,4396.57,4398.22,4350.99,4363.78,4268.0
2026-03-23 18:00:00,4363.78,4380.34,4359.3,4362.99,3587.0
2026-03-23 18:05:00,4362.99,4379.4,4352.94,4372.76,3724.0
2026-03-23 18:10:00,4372.62,4390.15,4366.88,4384.14,3307.0
2026-03-23 18:15:00,4383.89,4389.41,4365.46,4370.43,3319.0
2026-03-23 18:20:00,4370.43,4381.22,4360.55,4371.95,3751.0
2026-03-23 18:25:00,4371.95,4372.06,4352.55,4354.82,3572.0
2026-03-23 18:30:00,4354.91,4376.99,4353.57,4376.09,3365.0
2026-03-23 18:35:00,4376.09,4387.93,4374.81,4376.13,3354.0
2026-03-23 18:40:00,4376.13,4387.29,4372.63,4385.95,3119.0
2026-03-23 18:45:00,4385.96,4391.26,4373.44,4384.01,3838.0
2026-03-23 18:50:00,4384.01,4391.53,4378.41,4388.16,3221.0
2026-03-23 18:55:00,4388.16,4389.84,4371.43,4375.37,3037.0
2026-03-23 19:00:00,4375.37,4386.95,4374.34,4375.78,2782.0
2026-03-23 19:05:00,4375.82,4402.69,4370.75,4396.54,2885.0
2026-03-23 19:10:00,4396.54,4405.69,4393.79,4397.27,3027.0
2026-03-23 19:15:00,4397.27,4401.01,4388.71,4397.91,2975.0
2026-03-23 19:20:00,4397.97,4402.88,4388.6,4399.26,2822.0
2026-03-23 19:25:00,4399.26,4413.81,4398.37,4405.51,3349.0
2026-03-23 19:30:00,4405.51,4431.16,4404.11,4428.74,3387.0
2026-03-23 19:35:00,4428.74,4438.86,4428.01,4431.2,2998.0
2026-03-23 19:40:00,4431.2,4431.24,4419.01,4420.43,2753.0
2026-03-23 19:45:00,4420.37,4422.19,4404.46,4408.41,2735.0
2026-03-23 19:50:00,4408.45,4424.89,4406.83,4424.5,2547.0
2026-03-23 19:55:00,4424.5,4429.91,4419.73,4426.23,2350.0
2026-03-23 20:00:00,4426.22,4426.92,4418.04,4423.76,2451.0
2026-03-23 20:05:00,4423.76,4429.1,4402.41,4417.3,3286.0
2026-03-23 20:10:00,4417.3,4429.06,4417.01,4421.42,2565.0
2026-03-23 20:15:00,4421.42,4421.84,4409.59,4415.01,2907.0
2026-03-23 20:20:00,4415.01,4417.1,4410.28,4414.54,2279.0
2026-03-23 20:25:00,4414.54,4430.91,4414.42,4426.07,2609.0
2026-03-23 20:30:00,4426.07,4444.59,4425.69,4443.77,2883.0
2026-03-23 20:35:00,4443.77,4454.85,4442.1,4447.62,3041.0
2026-03-23 20:40:00,4447.63,4462.14,4446.23,4461.73,2680.0
2026-03-23 20:45:00,4461.73,4466.95,4456.97,4466.41,2379.0
2026-03-23 20:50:00,4466.41,4466.42,4446.37,4454.45,2613.0
2026-03-23 20:55:00,4454.45,4457.06,4448.39,4449.03,2003.0
2026-03-23 21:00:00,4449.03,4450.59,4435.78,4436.5,2458.0
2026-03-23 21:05:00,4436.5,4440.1,4429.66,4437.64,2305.0
2026-03-23 21:10:00,4437.64,4437.89,4402.93,4406.79,3197.0
2026-03-23 21:15:00,4406.79,4411.31,4396.44,4405.01,3059.0
2026-03-23 21:20:00,4405.01,4405.12,4392.97,4402.58,2637.0
2026-03-23 21:25:00,4402.58,4414.94,4400.16,4410.66,2412.0
2026-03-23 21:30:00,4410.66,4415.54,4403.32,4409.82,2284.0
2026-03-23 21:35:00,4409.8,4413.96,4405.43,4410.06,2112.0
2026-03-23 21:40:00,4410.06,4416.63,4402.39,4416.63,2103.0
2026-03-23 21:45:00,4416.63,4427.69,4415.4,4418.51,2212.0
2026-03-23 21:50:00,4418.51,4419.0,4403.67,4409.2,2476.0
2026-03-23 21:55:00,4409.2,4409.26,4397.35,4397.79,2822.0
2026-03-23 22:00:00,4397.79,4400.3,4383.04,4392.72,2890.0
2026-03-23 22:05:00,4392.72,4399.53,4390.85,4399.44,1449.0
2026-03-23 22:10:00,4399.44,4408.39,4397.04,4403.75,1519.0
2026-03-23 22:15:00,4403.75,4413.19,4403.71,4405.1,1213.0
2026-03-23 22:20:00,4405.08,4409.24,4405.08,4408.05,839.0
2026-03-23 22:25:00,4408.05,4409.52,4403.71,4407.06,816.0
2026-03-23 22:30:00,4407.07,4407.36,4400.85,4403.03,803.0
2026-03-23 22:35:00,4403.03,4406.22,4395.79,4404.61,923.0
2026-03-23 22:40:00,4404.57,4411.13,4400.71,4410.59,993.0
2026-03-23 22:45:00,4410.73,4412.66,4410.05,4412.24,938.0
2026-03-23 22:50:00,4412.24,4412.63,4405.61,4407.75,865.0
2026-03-23 22:55:00,4407.75,4408.01,4404.39,4405.77,526.0
2026-03-24 00:00:00,4416.51,4420.7,4382.4,4382.95,1122.0
2026-03-24 00:05:00,4380.31,4386.26,4361.27,4384.31,739.0
2026-03-24 00:10:00,4383.77,4402.59,4377.65,4398.22,590.0
2026-03-24 00:15:00,4397.43,4404.53,4389.5,4403.29,689.0
2026-03-24 00:20:00,4403.05,4408.25,4396.44,4399.09,769.0
2026-03-24 00:25:00,4399.0,4415.16,4398.52,4414.51,747.0
2026-03-24 00:30:00,4414.51,4415.6,4398.42,4403.46,715.0
2026-03-24 00:35:00,4403.51,4417.0,4403.19,4412.28,705.0
2026-03-24 00:40:00,4412.13,4412.13,4405.8,4409.11,547.0
2026-03-24 00:45:00,4409.05,4414.17,4406.51,4413.8,517.0
2026-03-24 00:50:00,4413.8,4431.36,4412.57,4429.79,783.0
2026-03-24 00:55:00,4430.12,4430.22,4421.1,4426.9,657.0
2026-03-24 01:00:00,4426.84,4429.69,4423.57,4426.48,1177.0
2026-03-24 01:05:00,4426.48,4437.29,4425.35,4432.9,1344.0
2026-03-24 01:10:00,4432.9,4437.6,4430.02,4435.88,1290.0
2026-03-24 01:15:00,4435.88,4444.65,4435.57,4436.99,1261.0
2026-03-24 01:20:00,4437.0,4444.23,4433.71,4444.13,1116.0
2026-03-24 01:25:00,4444.12,4448.36,4440.69,4441.98,1445.0
2026-03-24 01:30:00,4441.98,4444.45,4437.86,4444.04,890.0
2026-03-24 01:35:00,4444.04,4444.56,4426.79,4428.32,1430.0
2026-03-24 01:40:00,4428.32,4432.05,4421.73,4430.66,1847.0
2026-03-24 01:45:00,4430.66,4440.08,4422.05,4439.52,2213.0
2026-03-24 01:50:00,4439.55,4446.07,4438.13,4443.88,1493.0
2026-03-24 01:55:00,4443.87,4444.25,4434.95,4440.98,1519.0
2026-03-24 02:00:00,4441.0,4446.51,4427.32,4430.27,2216.0
2026-03-24 02:05:00,4430.27,4436.14,4428.12,4433.46,2164.0
2026-03-24 02:10:00,4433.46,4436.26,4420.3,4422.11,2058.0
2026-03-24 02:15:00,4422.11,4423.41,4401.61,4411.7,2711.0
2026-03-24 02:20:00,4411.7,4411.98,4403.14,4406.17,2194.0
2026-03-24 02:25:00,4406.17,4409.24,4368.79,4378.05,2709.0
2026-03-24 02:30:00,4378.13,4387.35,4356.36,4371.42,2917.0
2026-03-24 02:35:00,4371.46,4377.01,4337.38,4350.19,2740.0
2026-03-24 02:40:00,4352.46,4353.49,4331.49,4344.32,3170.0
2026-03-24 02:45:00,4344.43,4370.09,4343.09,4366.53,2959.0
2026-03-24 02:50:00,4366.65,4386.6,4365.53,4381.44,2403.0
2026-03-24 02:55:00,4381.44,4386.06,4363.21,4364.61,2500.0
2026-03-24 03:00:00,4364.61,4374.17,4354.11,4356.23,3549.0
2026-03-24 03:05:00,4356.23,4364.76,4342.4,4343.2,3675.0
2026-03-24 03:10:00,4343.2,4362.37,4328.39,4330.98,3420.0
2026-03-24 03:15:00,4331.0,4348.63,4330.96,4346.51,3239.0
2026-03-24 03:20:00,4346.51,4362.14,4346.49,4360.48,2827.0
2026-03-24 03:25:00,4360.48,4369.01,4353.39,4354.92,2527.0
2026-03-24 03:30:00,4354.92,4361.44,4350.22,4360.49,3097.0
2026-03-24 03:35:00,4360.49,4368.25,4350.18,4351.05,2941.0
2026-03-24 03:40:00,4351.05,4352.9,4321.4,4321.79,2924.0
2026-03-24 03:45:00,4321.79,4328.17,4308.03,4314.5,3037.0
2026-03-24 03:50:00,4314.5,4331.93,4313.89,4326.22,2658.0
2026-03-24 03:55:00,4326.25,4331.19,4319.83,4322.36,3005.0
2026-03-24 04:00:00,4322.38,4336.96,4314.33,4333.44,2668.0
2026-03-24 04:05:00,4333.44,4333.44,4319.01,4322.06,2580.0
2026-03-24 04:10:00,4322.05,4323.53,4305.89,4312.19,2952.0
2026-03-24 04:15:00,4312.23,4320.96,4309.46,4314.12,2211.0
2026-03-24 04:20:00,4314.12,4349.37,4312.8,4336.2,2789.0
2026-03-24 04:25:00,4336.2,4353.7,4334.59,4351.92,2200.0
2026-03-24 04:30:00,4351.93,4371.36,4344.67,4370.4,2827.0
2026-03-24 04:35:00,4370.38,4373.5,4359.75,4361.57,2328.0
2026-03-24 04:40:00,4361.55,4369.39,4352.75,4366.72,2529.0
2026-03-24 04:45:00,4366.72,4379.28,4363.35,4363.8,2381.0
2026-03-24 04:50:00,4363.8,4363.91,4352.13,4359.24,2655.0
2026-03-24 04:55:00,4359.24,4366.9,4356.07,4366.16,2317.0
2026-03-24 05:00:00,4366.16,4368.22,4350.12,4351.84,2203.0
2026-03-24 05:05:00,4351.84,4361.43,4350.31,4352.47,2141.0
2026-03-24 05:10:00,4352.47,4361.77,4352.19,4358.55,1887.0
2026-03-24 05:15:00,4358.55,4366.11,4357.96,4358.7,2111.0
2026-03-24 05:20:00,4358.7,4368.37,4358.25,4362.32,1957.0
2026-03-24 05:25:00,4362.34,4367.32,4355.72,4364.79,1974.0
2026-03-24 05:30:00,4364.69,4365.1,4346.5,4346.6,2413.0
2026-03-24 05:35:00,4346.6,4351.96,4338.42,4342.08,2140.0
2026-03-24 05:40:00,4342.09,4346.57,4338.5,4341.49,1822.0
2026-03-24 05:45:00,4341.49,4343.4,4335.05,4340.17,1740.0
2026-03-24 05:50:00,4340.17,4344.03,4336.84,4341.53,1942.0
2026-03-24 05:55:00,4341.53,4349.56,4337.31,4347.27,1900.0
2026-03-24 06:00:00,4347.27,4353.46,4346.5,4352.26,1834.0
2026-03-24 06:05:00,4352.26,4357.08,4347.74,4352.13,1621.0
2026-03-24 06:10:00,4352.13,4353.09,4347.87,4350.16,1509.0
2026-03-24 06:15:00,4350.16,4350.74,4330.17,4330.26,1910.0
2026-03-24 06:20:00,4330.36,4335.36,4326.69,4331.8,1940.0
2026-03-24 06:25:00,4331.8,4341.74,4331.15,4339.44,1961.0
2026-03-24 06:30:00,4339.45,4343.89,4335.88,4342.81,1824.0
2026-03-24 06:35:00,4342.81,4345.68,4338.63,4343.24,1481.0
2026-03-24 06:40:00,4343.24,4348.01,4340.62,4340.94,1328.0
2026-03-24 06:45:00,4340.94,4349.41,4340.15,4346.53,1293.0
2026-03-24 06:50:00,4346.53,4348.63,4343.7,4348.25,1397.0
2026-03-24 06:55:00,4348.28,4348.28,4332.1,4333.5,1868.0
2026-03-24 07:00:00,4333.5,4338.12,4327.75,4327.9,1782.0
2026-03-24 07:05:00,4327.9,4327.91,4319.88,4326.02,2399.0
2026-03-24 07:10:00,4326.02,4345.47,4324.48,4335.38,2772.0
2026-03-24 07:15:00,4335.38,4346.93,4334.97,4342.29,2313.0
2026-03-24 07:20:00,4342.29,4346.51,4338.99,4339.97,2683.0
2026-03-24 07:25:00,4339.97,4342.86,4334.03,4335.54,2031.0
2026-03-24 07:30:00,4335.51,4336.93,4321.39,4332.53,3340.0
2026-03-24 07:35:00,4332.53,4344.8,4331.11,4338.58,2827.0
2026-03-24 07:40:00,4338.51,4374.13,4338.27,4358.45,2905.0
2026-03-24 07:45:00,4358.4,4368.71,4354.04,4363.36,2298.0
2026-03-24 07:50:00,4363.36,4369.09,4351.98,4351.98,2282.0
2026-03-24 07:55:00,4351.87,4355.56,4343.87,4347.29,2242.0
2026-03-24 08:00:00,4347.29,4361.78,4342.95,4357.8,2616.0
2026-03-24 08:05:00,4357.8,4370.54,4354.33,4369.03,2655.0
2026-03-24 08:10:00,4368.95,4375.46,4362.89,4366.65,2612.0
2026-03-24 08:15:00,4366.65,4375.3,4359.11,4373.66,2275.0
2026-03-24 08:20:00,4373.66,4391.63,4366.24,4385.53,2525.0
2026-03-24 08:25:00,4385.53,4396.85,4382.41,4386.81,2557.0
2026-03-24 08:30:00,4386.81,4393.31,4381.57,4385.12,2486.0
2026-03-24 08:35:00,4385.12,4392.07,4378.56,4392.05,2574.0
2026-03-24 08:40:00,4392.05,4397.14,4374.55,4377.51,2738.0
2026-03-24 08:45:00,4377.49,4381.26,4373.4,4378.0,2245.0
2026-03-24 08:50:00,4378.0,4391.11,4377.04,4389.83,2122.0
2026-03-24 08:55:00,4389.83,4404.9,4388.34,4402.0,2647.0
2026-03-24 09:00:00,4402.0,4414.53,4399.63,4408.35,2988.0
2026-03-24 09:05:00,4408.35,4415.79,4406.6,4415.25,2362.0
2026-03-24 09:10:00,4415.14,4425.63,4414.9,4424.61,2694.0
2026-03-24 09:15:00,4424.61,4425.18,4419.41,4422.67,2494.0
2026-03-24 09:20:00,4422.67,4424.26,4408.67,4412.19,2225.0
2026-03-24 09:25:00,4412.19,4416.38,4405.97,4412.49,2065.0
2026-03-24 09:30:00,4412.49,4412.49,4401.86,4409.93,2272.0
2026-03-24 09:35:00,4409.94,4411.68,4401.08,4408.9,1887.0
2026-03-24 09:40:00,4408.9,4411.2,4399.73,4408.54,1868.0
2026-03-24 09:45:00,4408.3,4425.37,4401.71,4422.32,2381.0
2026-03-24 09:50:00,4422.28,4432.68,4419.64,4421.36,2679.0
2026-03-24 09:55:00,4421.36,4425.66,4415.1,4417.22,2242.0
2026-03-24 10:00:00,4417.22,4417.45,4402.22,4407.22,2957.0
2026-03-24 10:05:00,4407.21,4418.09,4406.21,4412.42,3042.0
2026-03-24 10:10:00,4412.42,4420.76,4409.77,4414.47,2506.0
2026-03-24 10:15:00,4414.47,4417.52,4402.02,4404.96,2246.0
2026-03-24 10:20:00,4404.96,4406.68,4394.17,4394.57,2572.0
2026-03-24 10:25:00,4394.57,4398.06,4391.11,4396.47,2296.0
2026-03-24 10:30:00,4396.47,4404.73,4391.58,4398.58,2166.0
2026-03-24 10:35:00,4398.58,4404.96,4396.81,4397.42,2009.0
2026-03-24 10:40:00,4397.41,4405.73,4396.28,4400.38,2059.0
2026-03-24 10:45:00,4400.39,4410.88,4398.36,4409.53,2124.0
2026-03-24 10:50:00,4409.53,4414.21,4400.61,4412.22,2653.0
2026-03-24 10:55:00,4412.22,4414.5,4403.69,4412.13,2234.0
2026-03-24 11:00:00,4412.12,4419.13,4407.93,4412.94,2212.0
2026-03-24 11:05:00,4412.94,4414.64,4402.39,4404.61,2349.0
2026-03-24 11:10:00,4404.61,4408.58,4397.32,4398.94,2314.0
2026-03-24 11:15:00,4398.94,4415.15,4396.02,4413.76,2232.0
2026-03-24 11:20:00,4413.67,4415.08,4408.19,4409.57,2136.0
2026-03-24 11:25:00,4409.56,4410.8,4406.43,4407.19,1818.0
2026-03-24 11:30:00,4407.21,4412.73,4405.04,4411.21,1992.0
2026-03-24 11:35:00,4411.21,4418.02,4410.14,4417.96,1893.0
2026-03-24 11:40:00,4417.96,4421.22,4415.28,4416.05,2013.0
2026-03-24 11:45:00,4416.07,4420.7,4414.72,4417.25,1585.0
2026-03-24 11:50:00,4417.29,4418.43,4412.29,4417.67,1579.0
2026-03-24 11:55:00,4417.67,4430.92,4416.98,4426.45,1842.0
2026-03-24 12:00:00,4426.45,4428.78,4415.48,4421.74,1945.0
2026-03-24 12:05:00,4421.74,4429.13,4418.31,4428.05,1979.0
2026-03-24 12:10:00,4428.05,4431.14,4423.63,4426.18,1698.0
2026-03-24 12:15:00,4426.18,4432.83,4425.62,4429.69,1866.0
2026-03-24 12:20:00,4429.69,4431.82,4424.23,4426.22,1868.0
2026-03-24 12:25:00,4426.22,4427.08,4421.45,4422.12,1798.0
2026-03-24 12:30:00,4422.15,4422.23,4415.1,4416.57,1889.0
2026-03-24 12:35:00,4416.57,4425.47,4414.66,4424.36,1741.0
2026-03-24 12:40:00,4424.36,4428.04,4421.73,4427.52,1597.0
2026-03-24 12:45:00,4427.73,4429.58,4418.74,4419.7,1632.0
2026-03-24 12:50:00,4419.73,4432.36,4419.38,4429.18,1694.0
2026-03-24 12:55:00,4429.23,4441.83,4425.9,4438.77,2375.0
2026-03-24 13:00:00,4438.77,4442.08,4374.64,4409.28,3536.0
2026-03-24 13:05:00,4409.24,4418.67,4399.78,4413.25,2680.0
2026-03-24 13:10:00,4413.25,4421.73,4406.61,4419.48,2323.0
2026-03-24 13:15:00,4419.42,4420.53,4403.45,4414.97,2490.0
2026-03-24 13:20:00,4414.97,4420.48,4412.05,4415.95,2204.0
2026-03-24 13:25:00,4415.95,4415.97,4407.83,4413.12,1917.0
2026-03-24 13:30:00,4413.12,4427.69,4411.35,4427.65,1876.0
2026-03-24 13:35:00,4427.65,4431.58,4422.86,4425.02,2212.0
2026-03-24 13:40:00,4425.02,4426.71,4421.17,4421.99,2015.0
2026-03-24 13:45:00,4421.99,4427.79,4418.66,4424.43,1906.0
2026-03-24 13:50:00,4424.43,4424.51,4390.59,4400.6,3279.0
2026-03-24 13:55:00,4400.71,4409.09,4397.13,4407.88,2708.0
2026-03-24 14:00:00,4407.88,4417.18,4404.98,4406.71,2663.0
2026-03-24 14:05:00,4406.71,4413.23,4405.01,4412.53,2262.0
2026-03-24 14:10:00,4412.53,4422.47,4408.63,4420.57,2224.0
2026-03-24 14:15:00,4420.5,4427.3,4417.92,4425.11,2283.0
2026-03-24 14:20:00,4425.11,4425.11,4398.63,4401.2,2662.0
2026-03-24 14:25:00,4401.2,4409.28,4395.94,4402.41,2681.0
2026-03-24 14:30:00,4402.41,4406.51,4374.25,4383.04,3279.0
2026-03-24 14:35:00,4383.04,4389.5,4363.3,4365.05,3198.0
2026-03-24 14:40:00,4365.05,4375.8,4362.38,4369.83,2873.0
2026-03-24 14:45:00,4369.83,4387.51,4369.14,4383.49,2633.0
2026-03-24 14:50:00,4383.45,4390.51,4376.64,4383.47,2815.0
2026-03-24 14:55:00,4383.47,4389.04,4377.91,4379.15,2444.0
2026-03-24 15:00:00,4379.15,4390.02,4370.17,4382.34,3418.0
2026-03-24 15:05:00,4382.34,4384.92,4364.41,4368.79,3072.0
2026-03-24 15:10:00,4368.79,4382.39,4364.12,4378.26,2966.0
2026-03-24 15:15:00,4378.26,4384.31,4370.2,4373.04,2846.0
2026-03-24 15:20:00,4373.04,4379.63,4370.5,4372.63,2722.0
2026-03-24 15:25:00,4372.63,4378.81,4356.64,4356.73,2831.0
2026-03-24 15:30:00,4356.61,4370.69,4352.96,4360.07,4078.0
2026-03-24 15:35:00,4360.07,4364.34,4352.0,4355.65,3686.0
2026-03-24 15:40:00,4355.66,4362.48,4351.52,4356.69,3102.0
2026-03-24 15:45:00,4356.72,4365.91,4351.76,4354.89,3172.0
2026-03-24 15:50:00,4354.89,4378.37,4353.92,4367.13,3654.0
2026-03-24 15:55:00,4367.13,4383.6,4367.08,4381.54,3284.0
2026-03-24 16:00:00,4381.54,4396.77,4380.8,4396.77,3443.0
2026-03-24 16:05:00,4396.77,4397.68,4386.09,4397.68,2814.0
2026-03-24 16:10:00,4397.68,4404.63,4384.43,4395.13,3229.0
2026-03-24 16:15:00,4395.13,4400.42,4388.96,4398.43,2890.0
2026-03-24 16:20:00,4398.43,4408.74,4397.41,4406.89,3020.0
2026-03-24 16:25:00,4406.89,4415.06,4402.06,4409.04,3125.0
2026-03-24 16:30:00,4409.04,4417.23,4400.28,4415.53,3171.0
2026-03-24 16:35:00,4415.51,4417.49,4404.45,4407.9,3011.0
2026-03-24 16:40:00,4407.73,4420.7,4406.62,4412.46,2992.0
2026-03-24 16:45:00,4412.39,4420.77,4403.77,4404.24,3060.0
2026-03-24 16:50:00,4404.24,4433.89,4401.18,4425.33,3671.0
2026-03-24 16:55:00,4425.33,4428.77,4405.88,4415.66,3490.0
2026-03-24 17:00:00,4415.66,4420.52,4404.12,4411.2,3395.0
2026-03-24 17:05:00,4411.2,4414.32,4401.77,4402.8,3772.0
2026-03-24 17:10:00,4402.8,4412.64,4396.38,4411.53,3020.0
2026-03-24 17:15:00,4411.53,4415.22,4405.77,4409.03,2790.0
2026-03-24 17:20:00,4409.03,4414.9,4403.31,4414.27,3111.0
2026-03-24 17:25:00,4414.27,4420.44,4411.59,4413.13,2333.0
2026-03-24 17:30:00,4413.13,4418.88,4409.97,4416.45,2672.0
2026-03-24 17:35:00,4416.42,4427.51,4414.56,4423.67,2627.0
2026-03-24 17:40:00,4423.67,4429.06,4422.33,4424.42,2514.0
2026-03-24 17:45:00,4424.42,4430.93,4420.04,4429.21,2691.0
2026-03-24 17:50:00,4429.21,4430.48,4418.53,4419.02,2420.0
2026-03-24 17:55:00,4419.02,4419.49,4409.29,4411.58,3160.0
2026-03-24 18:00:00,4411.58,4413.82,4404.52,4406.77,3490.0
2026-03-24 18:05:00,4406.77,4413.35,4402.47,4412.61,2735.0
2026-03-24 18:10:00,4412.61,4414.47,4407.64,4414.33,2413.0
2026-03-24 18:15:00,4414.33,4425.5,4411.68,4424.48,2585.0
2026-03-24 18:20:00,4424.49,4424.67,4419.46,4423.63,2166.0
2026-03-24 18:25:00,4423.63,4425.71,4419.29,4421.18,2237.0
2026-03-24 18:30:00,4421.18,4424.13,4416.22,4418.86,2086.0
2026-03-24 18:35:00,4418.86,4419.26,4408.74,4409.73,2516.0
2026-03-24 18:40:00,4409.73,4424.58,4408.69,4424.55,2369.0
2026-03-24 18:45:00,4424.55,4427.65,4418.67,4423.01,2298.0
2026-03-24 18:50:00,4423.01,4426.51,4420.42,4420.47,2206.0
2026-03-24 18:55:00,4420.62,4424.29,4418.5,4421.28,2270.0
2026-03-24 19:00:00,4421.28,4426.3,4408.11,4408.74,2515.0
2026-03-24 19:05:00,4408.54,4408.54,4390.34,4391.96,3676.0
2026-03-24 19:10:00,4391.9,4398.81,4388.14,4397.53,3170.0
2026-03-24 19:15:00,4397.52,4402.19,4394.11,4399.73,2940.0
2026-03-24 19:20:00,4399.73,4405.43,4397.79,4401.14,2558.0
2026-03-24 19:25:00,4401.11,4405.83,4398.79,4399.91,2547.0
2026-03-24 19:30:00,4399.91,4399.91,4381.61,4382.89,3021.0
2026-03-24 19:35:00,4382.89,4385.9,4375.33,4382.58,2935.0
2026-03-24 19:40:00,4382.6,4387.12,4374.95,4378.13,2788.0
2026-03-24 19:45:00,4378.13,4387.65,4372.15,4384.78,2626.0
2026-03-24 19:50:00,4384.78,4389.17,4381.37,4385.27,2401.0
2026-03-24 19:55:00,4385.27,4394.81,4382.85,4388.55,3213.0
2026-03-24 20:00:00,4388.55,4392.86,4383.97,4389.51,2882.0
2026-03-24 20:05:00,4389.51,4392.57,4385.83,4386.14,2315.0
2026-03-24 20:10:00,4386.14,4394.08,4384.27,4389.55,2441.0
2026-03-24 20:15:00,4389.57,4399.45,4387.37,4398.11,2445.0
2026-03-24 20:20:00,4398.11,4406.21,4397.3,4405.98,2303.0
2026-03-24 20:25:00,4405.98,4409.92,4404.92,4407.32,2247.0
2026-03-24 20:30:00,4407.32,4423.4,4407.22,4414.48,2506.0
2026-03-24 20:35:00,4414.49,4422.62,4413.83,4419.98,2514.0
2026-03-24 20:40:00,4420.0,4420.52,4394.79,4400.13,2904.0
2026-03-24 20:45:00,4400.13,4401.34,4391.41,4396.44,2398.0
2026-03-24 20:50:00,4396.44,4401.95,4395.06,4399.66,2186.0
2026-03-24 20:55:00,4399.66,4399.66,4384.05,4389.45,2328.0
2026-03-24 21:00:00,4389.45,4400.01,4388.55,4399.2,2058.0
2026-03-24 21:05:00,4399.2,4405.15,4396.35,4404.58,1822.0
2026-03-24 21:10:00,4404.58,4406.07,4402.75,4404.37,1637.0
2026-03-24 21:15:00,4404.37,4408.42,4400.01,4407.8,1794.0
2026-03-24 21:20:00,4407.8,4409.11,4405.1,4408.11,1835.0
2026-03-24 21:25:00,4408.1,4411.34,4406.67,4407.37,1748.0
2026-03-24 21:30:00,4407.44,4407.53,4401.33,4402.69,1926.0
2026-03-24 21:35:00,4402.76,4403.31,4396.65,4397.83,1900.0
2026-03-24 21:40:00,4397.79,4403.86,4395.09,4401.37,1896.0
2026-03-24 21:45:00,4401.37,4401.83,4397.95,4399.78,1732.0
2026-03-24 21:50:00,4399.77,4404.53,4396.61,4402.1,1893.0
2026-03-24 21:55:00,4402.1,4403.52,4397.8,4400.38,2314.0
2026-03-24 22:00:00,4400.38,4404.32,4398.83,4399.48,1491.0
2026-03-24 22:05:00,4399.48,4401.19,4397.32,4399.06,895.0
2026-03-24 22:10:00,4399.06,4402.06,4397.61,4400.77,1055.0
2026-03-24 22:15:00,4400.77,4410.08,4399.06,4409.71,1089.0
2026-03-24 22:20:00,4409.71,4466.64,4409.15,4463.64,3694.0
2026-03-24 22:25:00,4463.64,4484.04,4449.29,4455.64,4073.0
2026-03-24 22:30:00,4455.64,4466.04,4447.41,4458.33,4478.0
2026-03-24 22:35:00,4458.31,4472.79,4454.71,4472.15,3941.0
2026-03-24 22:40:00,4472.15,4472.58,4447.38,4460.06,4041.0
2026-03-24 22:45:00,4459.84,4466.97,4456.18,4465.6,3230.0
2026-03-24 22:50:00,4465.6,4481.44,4464.01,4480.57,2625.0
2026-03-24 22:55:00,4480.57,4480.66,4472.4,4474.85,1186.0
2026-03-25 00:00:00,4479.7,4481.34,4468.18,4479.45,620.0
2026-03-25 00:05:00,4479.53,4485.76,4475.36,4484.54,589.0
2026-03-25 00:10:00,4484.58,4484.94,4478.58,4483.52,562.0
2026-03-25 00:15:00,4483.5,4484.53,4476.32,4483.41,702.0
2026-03-25 00:20:00,4483.42,4485.08,4477.81,4478.67,522.0
2026-03-25 00:25:00,4478.59,4478.82,4468.46,4470.24,764.0
2026-03-25 00:30:00,4470.26,4470.45,4455.97,4463.03,818.0
2026-03-25 00:35:00,4463.29,4470.22,4462.24,4464.84,640.0
2026-03-25 00:40:00,4464.74,4471.31,4464.65,4468.85,543.0
2026-03-25 00:45:00,4468.83,4479.55,4467.03,4476.27,678.0
2026-03-25 00:50:00,4476.26,4476.43,4469.25,4471.71,567.0
2026-03-25 00:55:00,4471.61,4484.54,4470.85,4484.54,603.0
2026-03-25 01:00:00,4484.48,4484.97,4472.38,4474.68,1543.0
2026-03-25 01:05:00,4474.72,4484.5,4474.63,4480.38,1327.0
2026-03-25 01:10:00,4480.45,4485.01,4479.59,4484.71,1126.0
2026-03-25 01:15:00,4484.71,4499.6,4483.2,4498.33,1685.0
2026-03-25 01:20:00,4498.33,4502.71,4495.85,4502.3,1545.0
2026-03-25 01:25:00,4502.3,4510.07,4499.64,4509.99,1581.0
2026-03-25 01:30:00,4509.99,4512.05,4505.12,4506.08,1851.0
2026-03-25 01:35:00,4506.08,4546.09,4504.42,4545.78,2366.0
2026-03-25 01:40:00,4545.78,4546.05,4531.72,4539.61,2102.0
2026-03-25 01:45:00,4539.61,4549.89,4532.04,4549.85,2239.0
2026-03-25 01:50:00,4549.85,4551.33,4536.25,4543.66,1807.0
2026-03-25 01:55:00,4543.65,4550.58,4542.12,4546.65,1884.0
2026-03-25 02:00:00,4546.65,4553.78,4537.34,4553.31,2364.0
2026-03-25 02:05:00,4553.31,4554.63,4541.46,4548.72,1979.0
2026-03-25 02:10:00,4548.72,4555.02,4548.04,4550.24,1979.0
2026-03-25 02:15:00,4550.24,4551.59,4538.72,4546.07,2049.0
2026-03-25 02:20:00,4546.08,4547.85,4540.62,4542.74,1946.0
2026-03-25 02:25:00,4542.74,4556.84,4541.76,4553.53,2154.0
2026-03-25 02:30:00,4553.53,4561.2,4546.76,4559.91,1981.0
2026-03-25 02:35:00,4559.91,4567.1,4559.32,4566.32,1754.0
2026-03-25 02:40:00,4566.32,4569.97,4565.15,4567.7,1589.0
2026-03-25 02:45:00,4567.7,4571.97,4563.65,4565.69,1667.0
2026-03-25 02:50:00,4565.69,4569.87,4561.86,4569.18,1485.0
2026-03-25 02:55:00,4569.19,4569.19,4562.11,4563.23,1454.0
2026-03-25 03:00:00,4563.24,4570.34,4552.25,4564.39,2892.0
2026-03-25 03:05:00,4564.33,4576.53,4563.62,4576.34,1843.0
2026-03-25 03:10:00,4576.43,4578.94,4569.9,4570.8,1774.0
2026-03-25 03:15:00,4570.8,4575.86,4568.3,4575.63,1870.0
2026-03-25 03:20:00,4575.65,4578.83,4571.6,4574.46,1749.0
2026-03-25 03:25:00,4574.44,4578.25,4572.88,4575.64,1809.0
2026-03-25 03:30:00,4575.64,4585.34,4574.38,4584.61,2028.0
2026-03-25 03:35:00,4584.61,4590.34,4583.86,4588.36,1837.0
2026-03-25 03:40:00,4588.36,4591.16,4584.14,4585.0,1917.0
2026-03-25 03:45:00,4585.0,4596.92,4583.53,4596.49,1870.0
2026-03-25 03:50:00,4596.49,4601.04,4593.73,4598.43,1930.0
2026-03-25 03:55:00,4598.46,4600.79,4594.57,4594.92,1921.0
2026-03-25 04:00:00,4594.92,4596.27,4585.78,4589.16,2317.0
2026-03-25 04:05:00,4589.16,4592.68,4581.57,4581.69,2046.0
2026-03-25 04:10:00,4581.69,4587.77,4579.95,4585.7,1873.0
2026-03-25 04:15:00,4585.7,4588.42,4584.68,4587.39,1320.0
2026-03-25 04:20:00,4587.39,4591.81,4585.23,4586.74,1317.0
2026-03-25 04:25:00,4586.74,4592.62,4585.54,4587.15,1463.0
2026-03-25 04:30:00,4587.15,4588.33,4581.52,4587.22,1666.0
2026-03-25 04:35:00,4587.22,4597.19,4586.01,4592.22,1530.0
2026-03-25 04:40:00,4592.22,4597.24,4591.01,4593.32,1462.0
2026-03-25 04:45:00,4593.32,4602.46,4589.88,4590.62,1922.0
2026-03-25 04:50:00,4590.51,4592.81,4584.24,4586.63,1692.0
2026-03-25 04:55:00,4586.63,4587.36,4581.89,4583.81,1443.0
2026-03-25 05:00:00,4583.81,4586.4,4573.71,4575.84,1613.0
2026-03-25 05:05:00,4575.84,4582.57,4574.45,4575.67,1755.0
2026-03-25 05:10:00,4575.67,4580.6,4573.56,4576.73,1788.0
2026-03-25 05:15:00,4576.76,4578.72,4572.09,4576.52,1464.0
2026-03-25 05:20:00,4576.52,4577.8,4573.05,4577.2,1540.0
2026-03-25 05:25:00,4577.2,4579.68,4575.29,4575.54,1365.0
2026-03-25 05:30:00,4575.52,4577.16,4571.14,4573.54,1316.0
2026-03-25 05:35:00,4573.54,4578.05,4571.86,4574.0,1207.0
2026-03-25 05:40:00,4574.0,4574.04,4569.83,4569.99,1209.0
2026-03-25 05:45:00,4569.99,4573.78,4568.3,4569.59,1222.0
2026-03-25 05:50:00,4569.53,4574.29,4567.82,4573.27,1198.0
2026-03-25 05:55:00,4573.27,4573.77,4567.75,4570.23,1103.0
2026-03-25 06:00:00,4570.23,4574.25,4565.76,4573.44,1274.0
2026-03-25 06:05:00,4573.44,4574.63,4568.5,4571.54,836.0
2026-03-25 06:10:00,4571.54,4574.23,4569.6,4573.92,850.0
2026-03-25 06:15:00,4573.92,4574.47,4572.99,4574.02,865.0
2026-03-25 06:20:00,4574.02,4574.61,4571.1,4572.68,1070.0
2026-03-25 06:25:00,4572.63,4574.46,4572.51,4574.37,759.0
2026-03-25 06:30:00,4574.32,4574.54,4571.14,4571.45,822.0
2026-03-25 06:35:00,4571.45,4574.44,4566.41,4572.05,1089.0
2026-03-25 06:40:00,4572.05,4573.39,4569.31,4569.55,870.0
2026-03-25 06:45:00,4569.55,4571.24,4568.19,4570.07,982.0
2026-03-25 06:50:00,4570.07,4572.06,4569.59,4570.23,783.0
2026-03-25 06:55:00,4570.23,4574.03,4570.23,4572.61,802.0
2026-03-25 07:00:00,4572.64,4573.13,4567.63,4569.42,1133.0
2026-03-25 07:05:00,4569.42,4573.45,4566.92,4571.92,1128.0
2026-03-25 07:10:00,4571.92,4572.24,4568.4,4571.63,874.0
2026-03-25 07:15:00,4571.63,4571.82,4563.92,4564.64,1119.0
2026-03-25 07:20:00,4564.63,4565.4,4560.75,4562.95,1247.0
2026-03-25 07:25:00,4562.95,4563.05,4554.05,4554.91,1438.0
2026-03-25 07:30:00,4554.91,4559.03,4549.38,4553.26,2198.0
2026-03-25 07:35:00,4553.26,4560.04,4551.72,4559.15,1880.0
2026-03-25 07:40:00,4559.15,4566.89,4557.22,4566.79,1678.0
2026-03-25 07:45:00,4566.79,4566.92,4559.46,4559.51,1600.0
2026-03-25 07:50:00,4559.51,4564.64,4555.61,4559.23,1567.0
2026-03-25 07:55:00,4559.23,4559.23,4553.84,4555.69,1736.0
2026-03-25 08:00:00,4555.69,4556.91,4546.6,4550.26,1654.0
2026-03-25 08:05:00,4550.22,4551.7,4539.22,4540.92,1864.0
2026-03-25 08:10:00,4540.92,4547.04,4533.26,4534.64,2065.0
2026-03-25 08:15:00,4534.64,4550.21,4534.47,4549.44,1711.0
2026-03-25 08:20:00,4549.44,4552.84,4547.7,4551.48,1607.0
2026-03-25 08:25:00,4551.48,4552.37,4548.25,4550.43,1525.0
2026-03-25 08:30:00,4550.43,4556.77,4550.25,4553.56,1476.0
2026-03-25 08:35:00,4553.56,4553.73,4546.38,4546.6,1313.0
2026-03-25 08:40:00,4546.6,4548.96,4544.28,4546.81,1636.0
2026-03-25 08:45:00,4546.81,4550.71,4543.75,4547.56,1319.0
2026-03-25 08:50:00,4547.63,4550.09,4546.56,4547.79,1379.0
2026-03-25 08:55:00,4547.79,4549.59,4543.3,4545.43,1306.0
2026-03-25 09:00:00,4545.42,4550.37,4544.84,4548.78,1450.0
2026-03-25 09:05:00,4548.78,4552.26,4548.07,4551.08,1151.0
2026-03-25 09:10:00,4551.08,4559.07,4549.71,4556.77,1405.0
2026-03-25 09:15:00,4556.78,4562.51,4556.56,4562.25,1330.0
2026-03-25 09:20:00,4562.25,4563.29,4556.04,4557.13,1457.0
2026-03-25 09:25:00,4557.14,4562.81,4556.21,4561.16,1514.0
2026-03-25 09:30:00,4561.16,4561.21,4553.82,4555.1,1468.0
2026-03-25 09:35:00,4555.1,4555.25,4542.8,4547.02,1673.0
2026-03-25 09:40:00,4547.01,4552.49,4545.89,4546.95,1638.0
2026-03-25 09:45:00,4546.95,4550.09,4539.76,4544.86,1732.0
2026-03-25 09:50:00,4544.86,4546.26,4542.45,4544.74,1434.0
2026-03-25 09:55:00,4544.74,4545.22,4537.12,4539.41,1604.0
2026-03-25 10:00:00,4539.41,4549.7,4535.85,4545.59,2240.0
2026-03-25 10:05:00,4545.61,4554.88,4543.9,4551.61,2453.0
2026-03-25 10:10:00,4551.61,4559.03,4549.97,4558.43,2306.0
2026-03-25 10:15:00,4558.43,4564.56,4557.17,4563.29,2238.0
2026-03-25 10:20:00,4563.29,4567.86,4562.12,4562.63,2070.0
2026-03-25 10:25:00,4562.63,4567.31,4561.23,4565.59,1940.0
2026-03-25 10:30:00,4565.59,4567.41,4563.15,4566.31,1715.0
2026-03-25 10:35:00,4566.31,4566.31,4553.22,4563.38,2630.0
2026-03-25 10:40:00,4563.26,4567.46,4562.51,4565.19,1893.0
2026-03-25 10:45:00,4565.19,4567.03,4562.19,4564.89,1942.0
2026-03-25 10:50:00,4564.88,4567.06,4558.85,4559.04,2067.0
2026-03-25 10:55:00,4559.07,4561.34,4555.01,4556.07,1784.0
2026-03-25 11:00:00,4556.07,4565.23,4554.1,4563.0,1831.0
2026-03-25 11:05:00,4563.0,4567.51,4560.6,4562.63,1548.0
2026-03-25 11:10:00,4562.63,4566.07,4558.96,4562.16,1399.0
2026-03-25 11:15:00,4562.19,4565.47,4561.62,4563.7,1455.0
2026-03-25 11:20:00,4563.7,4566.06,4555.05,4555.83,1590.0
2026-03-25 11:25:00,4555.83,4560.64,4554.81,4558.47,1849.0
2026-03-25 11:30:00,4558.47,4560.4,4555.38,4556.52,1483.0
2026-03-25 11:35:00,4556.52,4559.35,4550.96,4555.4,1933.0
2026-03-25 11:40:00,4555.4,4557.83,4549.39,4550.83,1852.0
2026-03-25 11:45:00,4550.83,4551.37,4527.8,4537.94,2517.0
2026-03-25 11:50:00,4537.94,4548.54,4537.45,4548.42,1864.0
2026-03-25 11:55:00,4548.42,4555.56,4545.2,4551.98,2219.0
2026-03-25 12:00:00,4551.98,4560.9,4551.33,4559.04,2108.0
2026-03-25 12:05:00,4559.04,4560.02,4556.49,4557.15,1760.0
2026-03-25 12:10:00,4557.15,4558.73,4553.97,4555.12,1550.0
2026-03-25 12:15:00,4555.12,4558.1,4551.64,4556.63,1457.0
2026-03-25 12:20:00,4556.63,4558.3,4553.31,4553.9,1468.0
2026-03-25 12:25:00,4553.9,4558.08,4553.14,4555.4,1546.0
2026-03-25 12:30:00,4555.4,4557.17,4552.91,4553.62,1567.0
2026-03-25 12:35:00,4553.62,4558.91,4551.16,4556.2,1570.0
2026-03-25 12:40:00,4556.2,4558.26,4551.69,4552.27,1409.0
2026-03-25 12:45:00,4552.27,4557.95,4551.81,4557.59,1457.0
2026-03-25 12:50:00,4557.59,4562.49,4556.75,4561.48,1829.0
2026-03-25 12:55:00,4561.48,4561.74,4558.07,4558.91,1297.0
2026-03-25 13:00:00,4558.91,4566.3,4556.19,4566.27,1288.0
2026-03-25 13:05:00,4566.27,4569.06,4566.13,4567.88,1506.0
2026-03-25 13:10:00,4567.9,4569.0,4562.32,4567.75,1712.0
2026-03-25 13:15:00,4567.75,4568.8,4564.51,4567.58,1309.0
2026-03-25 13:20:00,4567.58,4583.08,4566.78,4582.07,2238.0
2026-03-25 13:25:00,4582.07,4582.84,4576.97,4579.89,1809.0
2026-03-25 13:30:00,4579.89,4584.66,4579.89,4582.79,1450.0
2026-03-25 13:35:00,4582.79,4585.66,4581.76,4583.32,1476.0
2026-03-25 13:40:00,4583.32,4584.82,4581.08,4583.41,1614.0
2026-03-25 13:45:00,4583.41,4583.75,4573.27,4577.41,2106.0
2026-03-25 13:50:00,4577.41,4578.46,4572.58,4577.54,2127.0
2026-03-25 13:55:00,4577.54,4579.42,4575.59,4578.85,1696.0
2026-03-25 14:00:00,4578.85,4583.42,4578.5,4578.63,2027.0
2026-03-25 14:05:00,4578.62,4583.71,4573.13,4581.14,1896.0
2026-03-25 14:10:00,4581.14,4583.52,4577.36,4577.77,1808.0
2026-03-25 14:15:00,4577.77,4579.2,4562.6,4562.86,3107.0
2026-03-25 14:20:00,4562.86,4568.32,4553.15,4556.17,3078.0
2026-03-25 14:25:00,4556.17,4560.3,4540.22,4545.47,3178.0
2026-03-25 14:30:00,4544.93,4548.13,4521.94,4537.92,3192.0
2026-03-25 14:35:00,4537.93,4554.66,4537.93,4553.89,2489.0
2026-03-25 14:40:00,4553.89,4554.29,4547.13,4547.22,2398.0
2026-03-25 14:45:00,4547.22,4547.26,4536.31,4543.8,2706.0
2026-03-25 14:50:00,4543.8,4548.02,4539.6,4546.75,2209.0
2026-03-25 14:55:00,4546.69,4552.43,4543.89,4544.0,2174.0
2026-03-25 15:00:00,4544.0,4571.37,4541.25,4567.69,3481.0
2026-03-25 15:05:00,4567.69,4568.63,4559.66,4561.3,2654.0
2026-03-25 15:10:00,4561.28,4565.69,4557.25,4559.35,2169.0
2026-03-25 15:15:00,4559.35,4563.56,4555.28,4560.04,1965.0
2026-03-25 15:20:00,4560.04,4561.62,4551.49,4558.55,2499.0
2026-03-25 15:25:00,4558.71,4570.39,4557.03,4568.96,2193.0
2026-03-25 15:30:00,4569.05,4576.44,4562.49,4568.59,3194.0
2026-03-25 15:35:00,4568.59,4570.83,4557.48,4558.16,3228.0
2026-03-25 15:40:00,4558.49,4569.78,4556.61,4561.18,3237.0
2026-03-25 15:45:00,4561.18,4563.68,4551.66,4552.25,2985.0
2026-03-25 15:50:00,4552.25,4552.25,4541.12,4546.5,3050.0
2026-03-25 15:55:00,4546.5,4553.54,4540.91,4544.65,3046.0
2026-03-25 16:00:00,4544.65,4550.14,4532.99,4545.34,3387.0
2026-03-25 16:05:00,4545.34,4551.99,4539.92,4551.01,3370.0
2026-03-25 16:10:00,4551.01,4555.2,4548.4,4553.52,2638.0
2026-03-25 16:15:00,4553.52,4562.27,4553.45,4557.26,2546.0
2026-03-25 16:20:00,4557.26,4559.72,4546.13,4547.75,2917.0
2026-03-25 16:25:00,4547.75,4562.67,4547.11,4562.67,3395.0
2026-03-25 16:30:00,4562.67,4566.41,4557.48,4565.74,2891.0
2026-03-25 16:35:00,4565.73,4566.66,4561.78,4564.77,2522.0
2026-03-25 16:40:00,4564.96,4569.11,4561.84,4565.48,2812.0
2026-03-25 16:45:00,4565.48,4574.23,4565.47,4572.67,2546.0
2026-03-25 16:50:00,4572.67,4579.26,4567.16,4568.14,2283.0
2026-03-25 16:55:00,4568.14,4570.19,4563.88,4567.11,2262.0
2026-03-25 17:00:00,4567.15,4568.96,4562.03,4564.37,2509.0
2026-03-25 17:05:00,4564.37,4565.33,4549.65,4549.79,2747.0
2026-03-25 17:10:00,4549.79,4556.0,4549.73,4549.84,2610.0
2026-03-25 17:15:00,4549.82,4551.64,4525.13,4546.28,3537.0
2026-03-25 17:20:00,4546.28,4561.91,4545.78,4556.49,2911.0
2026-03-25 17:25:00,4556.49,4560.86,4553.03,4560.76,2418.0
2026-03-25 17:30:00,4560.76,4564.99,4560.69,4562.61,2359.0
2026-03-25 17:35:00,4562.61,4565.04,4558.36,4558.44,2455.0
2026-03-25 17:40:00,4558.44,4561.01,4555.29,4557.11,2285.0
2026-03-25 17:45:00,4557.11,4558.37,4553.64,4557.21,2389.0
2026-03-25 17:50:00,4557.21,4562.91,4557.11,4561.93,2361.0
2026-03-25 17:55:00,4561.93,4565.76,4558.82,4558.98,2100.0
2026-03-25 18:00:00,4558.98,4564.78,4557.08,4558.79,2775.0
2026-03-25 18:05:00,4558.8,4562.09,4553.36,4560.35,2520.0
2026-03-25 18:10:00,4560.35,4561.0,4552.55,4553.62,2257.0
2026-03-25 18:15:00,4553.77,4555.15,4546.12,4549.47,2303.0
2026-03-25 18:20:00,4549.47,4556.9,4545.24,4556.76,2275.0
2026-03-25 18:25:00,4556.53,4560.51,4552.78,4555.55,2970.0
2026-03-25 18:30:00,4555.55,4556.78,4551.21,4552.89,2233.0
2026-03-25 18:35:00,4552.89,4560.27,4551.26,4559.37,2260.0
2026-03-25 18:40:00,4559.37,4560.92,4554.33,4555.93,2039.0
2026-03-25 18:45:00,4555.94,4556.17,4551.23,4552.12,1806.0
2026-03-25 18:50:00,4552.12,4559.23,4549.8,4557.95,2057.0
2026-03-25 18:55:00,4558.0,4558.38,4555.08,4555.34,1933.0
2026-03-25 19:00:00,4555.35,4557.86,4550.72,4553.45,1891.0
2026-03-25 19:05:00,4553.45,4554.03,4545.5,4546.12,2207.0
2026-03-25 19:10:00,4546.12,4554.07,4543.4,4551.04,2229.0
2026-03-25 19:15:00,4551.04,4552.15,4542.56,4545.98,1973.0
2026-03-25 19:20:00,4545.98,4555.77,4545.63,4551.83,2100.0
2026-03-25 19:25:00,4551.83,4558.34,4551.52,4553.45,2179.0
2026-03-25 19:30:00,4553.75,4563.27,4550.3,4562.69,1886.0
2026-03-25 19:35:00,4562.69,4563.97,4560.35,4561.81,1737.0
2026-03-25 19:40:00,4561.81,4561.91,4557.42,4560.48,1845.0
2026-03-25 19:45:00,4560.46,4561.98,4557.87,4558.95,1737.0
2026-03-25 19:50:00,4558.95,4558.95,4546.87,4547.84,1972.0
2026-03-25 19:55:00,4547.84,4555.12,4545.64,4550.64,2031.0
2026-03-25 20:00:00,4550.64,4568.94,4545.44,4552.21,3485.0
2026-03-25 20:05:00,4552.21,4560.37,4551.12,4551.91,2112.0
2026-03-25 20:10:00,4551.71,4553.19,4547.87,4551.43,1953.0
2026-03-25 20:15:00,4551.43,4552.04,4546.37,4548.87,2156.0
2026-03-25 20:20:00,4548.93,4555.34,4548.88,4555.34,2062.0
2026-03-25 20:25:00,4555.34,4556.57,4551.21,4552.03,1741.0
2026-03-25 20:30:00,4552.03,4557.83,4551.8,4556.7,1662.0
2026-03-25 20:35:00,4556.7,4557.21,4549.85,4550.16,1432.0
2026-03-25 20:40:00,4550.21,4550.73,4547.01,4549.34,1537.0
2026-03-25 20:45:00,4549.34,4549.66,4542.92,4544.04,1606.0
2026-03-25 20:50:00,4544.41,4545.75,4538.86,4541.68,1787.0
2026-03-25 20:55:00,4541.7,4541.8,4530.94,4538.26,2547.0
2026-03-25 21:00:00,4538.26,4539.54,4529.67,4533.36,2238.0
2026-03-25 21:05:00,4533.36,4535.49,4502.72,4503.84,2988.0
2026-03-25 21:10:00,4503.84,4510.19,4486.99,4509.11,3549.0
2026-03-25 21:15:00,4509.11,4516.2,4502.74,4510.0,2940.0
2026-03-25 21:20:00,4510.02,4514.53,4505.36,4513.86,2398.0
2026-03-25 21:25:00,4513.98,4518.55,4510.68,4512.97,2254.0
2026-03-25 21:30:00,4512.97,4518.42,4512.05,4516.28,2015.0
2026-03-25 21:35:00,4516.28,4517.75,4506.25,4511.8,2256.0
2026-03-25 21:40:00,4511.81,4527.04,4511.17,4522.47,2034.0
2026-03-25 21:45:00,4522.47,4523.76,4513.72,4514.8,1932.0
2026-03-25 21:50:00,4514.8,4520.28,4514.04,4518.25,2149.0
2026-03-25 21:55:00,4518.25,4533.63,4517.63,4530.88,2249.0
2026-03-25 22:00:00,4530.88,4542.01,4529.95,4535.59,1862.0
2026-03-25 22:05:00,4535.59,4536.88,4526.62,4527.13,1351.0
2026-03-25 22:10:00,4527.13,4529.86,4522.84,4529.28,1362.0
2026-03-25 22:15:00,4529.39,4534.03,4529.28,4530.87,782.0
2026-03-25 22:20:00,4530.87,4531.02,4522.28,4523.98,783.0
2026-03-25 22:25:00,4523.98,4526.24,4522.45,4523.53,785.0
2026-03-25 22:30:00,4523.53,4524.81,4519.12,4520.79,1071.0
2026-03-25 22:35:00,4520.72,4520.98,4502.99,4503.69,2131.0
2026-03-25 22:40:00,4503.69,4506.42,4494.73,4504.49,2192.0
2026-03-25 22:45:00,4504.49,4506.8,4501.76,4505.85,1151.0
2026-03-25 22:50:00,4505.82,4507.3,4501.46,4504.0,880.0
2026-03-25 22:55:00,4503.56,4506.96,4502.34,4505.77,637.0
2026-03-26 00:00:00,4517.4,4524.8,4511.43,4524.08,694.0
2026-03-26 00:05:00,4521.27,4532.34,4508.92,4509.47,562.0
2026-03-26 00:10:00,4509.45,4517.84,4509.28,4512.31,501.0
2026-03-26 00:15:00,4512.58,4513.81,4505.85,4508.27,521.0
2026-03-26 00:20:00,4508.28,4517.39,4507.29,4517.21,560.0
2026-03-26 00:25:00,4517.21,4519.8,4509.56,4511.87,510.0
2026-03-26 00:30:00,4511.84,4521.13,4508.36,4520.3,495.0
2026-03-26 00:35:00,4520.42,4526.7,4516.98,4525.97,549.0
2026-03-26 00:40:00,4526.0,4534.75,4522.82,4532.34,586.0
2026-03-26 00:45:00,4532.3,4533.48,4517.74,4518.65,665.0
2026-03-26 00:50:00,4518.55,4524.71,4515.7,4516.94,666.0
2026-03-26 00:55:00,4516.93,4520.28,4512.62,4517.65,667.0
2026-03-26 01:00:00,4517.69,4518.25,4503.92,4504.51,1361.0
2026-03-26 01:05:00,4504.51,4513.32,4497.96,4507.49,1538.0
2026-03-26 01:10:00,4507.49,4514.41,4506.13,4508.89,1121.0
2026-03-26 01:15:00,4508.89,4513.01,4506.26,4506.88,1221.0
2026-03-26 01:20:00,4506.88,4506.98,4498.73,4503.31,1248.0
2026-03-26 01:25:00,4503.31,4506.14,4497.25,4505.57,1242.0
2026-03-26 01:30:00,4505.57,4511.16,4504.16,4506.1,1018.0
2026-03-26 01:35:00,4506.1,4506.38,4490.02,4494.12,1397.0
2026-03-26 01:40:00,4494.12,4498.08,4489.03,4494.9,1329.0
2026-03-26 01:45:00,4494.9,4498.53,4491.53,4492.46,1349.0
2026-03-26 01:50:00,4492.44,4498.56,4491.59,4495.63,1367.0
2026-03-26 01:55:00,4495.63,4499.99,4494.61,4498.35,1137.0
2026-03-26 02:00:00,4498.35,4513.33,4498.32,4510.21,1516.0
2026-03-26 02:05:00,4510.21,4520.88,4508.42,4513.98,1761.0
2026-03-26 02:10:00,4513.98,4527.84,4508.93,4527.7,2097.0
2026-03-26 02:15:00,4527.7,4535.45,4524.38,4527.61,2026.0
2026-03-26 02:20:00,4527.61,4532.27,4525.11,4527.13,1511.0
2026-03-26 02:25:00,4527.17,4530.32,4524.29,4525.52,1539.0
2026-03-26 02:30:00,4525.52,4532.1,4524.9,4525.2,1397.0
2026-03-26 02:35:00,4525.21,4529.77,4524.79,4526.54,1224.0
2026-03-26 02:40:00,4526.67,4532.43,4526.67,4527.83,1347.0
2026-03-26 02:45:00,4527.83,4536.58,4527.32,4535.03,1281.0
2026-03-26 02:50:00,4534.97,4539.26,4528.0,4528.27,1670.0
2026-03-26 02:55:00,4528.35,4536.12,4528.01,4535.65,1708.0
2026-03-26 03:00:00,4535.65,4544.42,4531.24,4538.06,2582.0
2026-03-26 03:05:00,4538.06,4540.74,4533.92,4538.6,2138.0
2026-03-26 03:10:00,4538.63,4540.06,4533.53,4538.21,1845.0
2026-03-26 03:15:00,4538.36,4538.54,4526.79,4530.09,2184.0
2026-03-26 03:20:00,4530.09,4537.22,4529.17,4531.5,1679.0
2026-03-26 03:25:00,4531.5,4536.52,4529.05,4534.41,1849.0
2026-03-26 03:30:00,4534.41,4537.82,4529.14,4530.54,1822.0
2026-03-26 03:35:00,4530.54,4533.4,4526.09,4530.64,1932.0
2026-03-26 03:40:00,4530.61,4536.49,4527.92,4530.32,1812.0
2026-03-26 03:45:00,4530.32,4531.87,4523.71,4524.8,1739.0
2026-03-26 03:50:00,4524.8,4534.66,4522.39,4530.3,1652.0
2026-03-26 03:55:00,4530.29,4536.16,4528.93,4535.79,1762.0
2026-03-26 04:00:00,4535.79,4535.95,4527.66,4533.6,1521.0
2026-03-26 04:05:00,4533.59,4534.19,4528.33,4529.42,1680.0
2026-03-26 04:10:00,4529.42,4534.14,4528.83,4531.39,1517.0
2026-03-26 04:15:00,4531.39,4533.05,4525.21,4528.35,1422.0
2026-03-26 04:20:00,4528.35,4531.38,4524.97,4525.29,1401.0
2026-03-26 04:25:00,4525.29,4529.72,4525.29,4528.28,1448.0
2026-03-26 04:30:00,4528.28,4530.61,4520.23,4523.54,1779.0
2026-03-26 04:35:00,4523.54,4524.2,4511.9,4514.55,2011.0
2026-03-26 04:40:00,4514.55,4520.99,4514.22,4519.66,1671.0
2026-03-26 04:45:00,4519.66,4521.13,4515.26,4516.71,1674.0
2026-03-26 04:50:00,4516.71,4517.84,4512.31,4515.6,1376.0
2026-03-26 04:55:00,4515.62,4516.0,4505.71,4508.95,1720.0
2026-03-26 05:00:00,4508.95,4509.87,4502.0,4504.83,1974.0
2026-03-26 05:05:00,4504.83,4509.67,4504.22,4504.32,1624.0
2026-03-26 05:10:00,4504.32,4511.9,4503.23,4511.27,1626.0
2026-03-26 05:15:00,4511.27,4513.66,4505.79,4507.38,1614.0
2026-03-26 05:20:00,4507.38,4507.88,4499.96,4504.48,1627.0
2026-03-26 05:25:00,4504.48,4509.37,4503.96,4506.64,1556.0
2026-03-26 05:30:00,4506.64,4516.81,4506.45,4516.32,1268.0
2026-03-26 05:35:00,4516.32,4518.26,4515.1,4517.42,1500.0
2026-03-26 05:40:00,4517.42,4518.83,4515.08,4515.69,1166.0
2026-03-26 05:45:00,4515.69,4516.22,4513.92,4515.4,1294.0
2026-03-26 05:50:00,4515.41,4515.41,4510.55,4510.9,1431.0
2026-03-26 05:55:00,4510.9,4516.97,4510.57,4516.65,1194.0
2026-03-26 06:00:00,4516.65,4517.75,4512.61,4512.98,1277.0
2026-03-26 06:05:00,4512.98,4517.24,4511.46,4517.19,964.0
2026-03-26 06:10:00,4517.19,4519.18,4516.51,4518.55,793.0
2026-03-26 06:15:00,4518.55,4519.87,4516.77,4517.16,605.0
2026-03-26 06:20:00,4517.16,4520.34,4516.27,4518.63,903.0
2026-03-26 06:25:00,4518.63,4522.04,4518.57,4520.83,918.0
2026-03-26 06:30:00,4520.83,4522.44,4519.09,4519.87,690.0
2026-03-26 06:35:00,4519.87,4520.03,4517.46,4517.57,662.0
2026-03-26 06:40:00,4517.58,4519.68,4516.57,4517.96,1114.0
2026-03-26 06:45:00,4517.96,4524.33,4517.87,4522.05,1180.0
2026-03-26 06:50:00,4522.15,4522.33,4519.26,4520.4,1130.0
2026-03-26 06:55:00,4520.4,4521.58,4519.58,4520.48,995.0
2026-03-26 07:00:00,4520.5,4522.27,4518.17,4518.35,1016.0
2026-03-26 07:05:00,4518.35,4518.84,4511.65,4511.94,1349.0
2026-03-26 07:10:00,4511.86,4512.67,4507.85,4508.79,1689.0
2026-03-26 07:15:00,4508.79,4510.48,4505.98,4510.27,1312.0
2026-03-26 07:20:00,4510.27,4511.29,4501.59,4505.15,1497.0
2026-03-26 07:25:00,4505.15,4505.32,4489.04,4493.63,2052.0
2026-03-26 07:30:00,4493.63,4494.13,4480.16,4493.78,2771.0
2026-03-26 07:35:00,4493.78,4495.72,4485.96,4490.07,2085.0
2026-03-26 07:40:00,4490.07,4495.16,4483.08,4483.08,1930.0
2026-03-26 07:45:00,4483.08,4484.3,4467.94,4473.27,2661.0
2026-03-26 07:50:00,4473.27,4476.28,4460.21,4462.29,2544.0
2026-03-26 07:55:00,4462.32,4463.32,4438.97,4439.09,2964.0
2026-03-26 08:00:00,4439.1,4450.75,4427.9,4442.06,2931.0
2026-03-26 08:05:00,4442.06,4443.59,4423.38,4438.26,2786.0
2026-03-26 08:10:00,4438.26,4442.12,4418.44,4421.12,3393.0
2026-03-26 08:15:00,4421.12,4435.55,4415.89,4430.22,2938.0
2026-03-26 08:20:00,4430.22,4435.99,4428.67,4432.14,2208.0
2026-03-26 08:25:00,4432.14,4441.43,4428.0,4440.25,2464.0
2026-03-26 08:30:00,4440.24,4440.58,4435.7,4436.89,2078.0
2026-03-26 08:35:00,4436.89,4444.02,4430.81,4442.93,2225.0
2026-03-26 08:40:00,4442.93,4447.64,4439.23,4447.64,1989.0
2026-03-26 08:45:00,4447.64,4457.36,4446.05,4449.28,2252.0
2026-03-26 08:50:00,4449.27,4455.68,4444.25,4453.8,2152.0
2026-03-26 08:55:00,4453.8,4459.36,4451.97,4456.39,1916.0
2026-03-26 09:00:00,4456.39,4460.63,4451.41,4455.4,2016.0
2026-03-26 09:05:00,4455.4,4455.4,4444.98,4450.64,2461.0
2026-03-26 09:10:00,4450.64,4451.05,4442.84,4447.75,1862.0
2026-03-26 09:15:00,4447.75,4449.67,4444.38,4448.28,1721.0
2026-03-26 09:20:00,4448.28,4451.8,4439.05,4447.08,2305.0
2026-03-26 09:25:00,4447.08,4449.3,4443.2,4448.67,1517.0
2026-03-26 09:30:00,4448.67,4459.86,4447.76,4457.34,1789.0
2026-03-26 09:35:00,4457.34,4459.07,4449.04,4458.27,1698.0
2026-03-26 09:40:00,4458.27,4463.8,4452.2,4460.39,1773.0
2026-03-26 09:45:00,4460.39,4463.07,4453.64,4458.62,1715.0
2026-03-26 09:50:00,4458.62,4459.99,4452.2,4453.8,1627.0
2026-03-26 09:55:00,4453.5,4458.21,4450.46,4452.65,1951.0
2026-03-26 10:00:00,4452.63,4459.21,4449.58,4454.6,2451.0
2026-03-26 10:05:00,4454.58,4457.18,4450.05,4452.87,2195.0
2026-03-26 10:10:00,4452.7,4457.32,4440.38,4445.21,2237.0
2026-03-26 10:15:00,4445.25,4447.4,4434.4,4445.41,2516.0
2026-03-26 10:20:00,4445.41,4446.72,4430.05,4432.19,2218.0
2026-03-26 10:25:00,4432.19,4441.55,4425.25,4428.38,2610.0
2026-03-26 10:30:00,4428.35,4438.19,4424.91,4438.1,2388.0
2026-03-26 10:35:00,4438.1,4438.1,4427.19,4433.68,2187.0
2026-03-26 10:40:00,4433.68,4437.5,4412.5,4419.75,2555.0
2026-03-26 10:45:00,4419.8,4432.85,4418.5,4424.03,2355.0
2026-03-26 10:50:00,4424.12,4437.3,4423.91,4436.72,2331.0
2026-03-26 10:55:00,4436.72,4440.1,4427.13,4427.62,1955.0
2026-03-26 11:00:00,4427.59,4434.77,4422.48,4423.35,2308.0
2026-03-26 11:05:00,4423.36,4433.13,4418.39,4427.75,2445.0
2026-03-26 11:10:00,4427.75,4432.25,4423.86,4430.78,2044.0
2026-03-26 11:15:00,4430.78,4431.75,4425.11,4427.86,1861.0
2026-03-26 11:20:00,4427.86,4437.02,4426.74,4431.13,1797.0
2026-03-26 11:25:00,4431.14,4432.59,4427.57,4432.28,1667.0
2026-03-26 11:30:00,4432.28,4432.28,4414.56,4422.49,2596.0
2026-03-26 11:35:00,4422.49,4428.05,4417.69,4428.05,2257.0
2026-03-26 11:40:00,4428.05,4431.55,4424.07,4424.16,2176.0
2026-03-26 11:45:00,4424.16,4426.41,4418.51,4419.41,1912.0
2026-03-26 11:50:00,4419.36,4427.4,4416.88,4425.35,2009.0
2026-03-26 11:55:00,4425.35,4427.98,4419.99,4423.75,1614.0
2026-03-26 12:00:00,4423.75,4425.34,4417.2,4421.11,1885.0
2026-03-26 12:05:00,4421.11,4428.93,4418.26,4422.4,1805.0
2026-03-26 12:10:00,4422.39,4426.25,4421.38,4425.01,1663.0
2026-03-26 12:15:00,4425.01,4436.09,4424.65,4434.55,1778.0
2026-03-26 12:20:00,4434.55,4443.89,4431.47,4441.21,1706.0
2026-03-26 12:25:00,4441.21,4448.25,4439.42,4441.86,1846.0
2026-03-26 12:30:00,4441.86,4443.81,4437.62,4439.57,1872.0
2026-03-26 12:35:00,4439.57,4444.37,4430.0,4431.04,1922.0
2026-03-26 12:40:00,4431.04,4437.33,4423.51,4428.64,2547.0
2026-03-26 12:45:00,4428.64,4441.13,4425.26,4441.13,2014.0
2026-03-26 12:50:00,4441.13,4447.46,4437.8,4439.92,2060.0
2026-03-26 12:55:00,4439.92,4446.86,4438.51,4443.83,1591.0
2026-03-26 13:00:00,4443.83,4448.51,4440.17,4445.97,2116.0
2026-03-26 13:05:00,4445.96,4446.83,4441.2,4442.22,1398.0
2026-03-26 13:10:00,4442.24,4444.87,4440.34,4441.85,1434.0
2026-03-26 13:15:00,4441.85,4449.04,4439.53,4447.45,1638.0
2026-03-26 13:20:00,4447.45,4456.64,4445.91,4447.56,1803.0
2026-03-26 13:25:00,4447.56,4448.68,4440.76,4443.37,1819.0
2026-03-26 13:30:00,4443.37,4451.01,4442.22,4448.55,1597.0
2026-03-26 13:35:00,4448.55,4449.6,4445.02,4449.33,1539.0
2026-03-26 13:40:00,4449.33,4451.95,4438.08,4440.87,2134.0
2026-03-26 13:45:00,4440.87,4442.51,4425.67,4426.32,2276.0
2026-03-26 13:50:00,4426.32,4428.58,4420.85,4427.45,2409.0
2026-03-26 13:55:00,4427.45,4432.52,4419.02,4423.11,2056.0
2026-03-26 14:00:00,4423.11,4428.35,4416.38,4425.45,2384.0
2026-03-26 14:05:00,4425.45,4440.11,4422.78,4439.75,2508.0
2026-03-26 14:10:00,4439.76,4445.66,4438.17,4442.05,2610.0
2026-03-26 14:15:00,4442.05,4445.29,4434.04,4436.61,2365.0
2026-03-26 14:20:00,4436.61,4441.46,4433.71,4438.39,1937.0
2026-03-26 14:25:00,4438.39,4443.01,4435.11,4437.73,1690.0
2026-03-26 14:30:00,4437.68,4444.19,4431.71,4435.57,2452.0
2026-03-26 14:35:00,4435.57,4444.81,4433.18,4444.81,2257.0
2026-03-26 14:40:00,4444.81,4444.93,4435.5,4435.92,2034.0
2026-03-26 14:45:00,4436.11,4443.25,4432.37,4435.37,2197.0
2026-03-26 14:50:00,4435.37,4438.19,4431.94,4432.56,2329.0
2026-03-26 14:55:00,4432.56,4434.3,4428.34,4429.48,2398.0
2026-03-26 15:00:00,4429.25,4439.38,4420.23,4437.69,3586.0
2026-03-26 15:05:00,4437.72,4441.61,4435.47,4439.87,2787.0
2026-03-26 15:10:00,4439.87,4445.54,4437.95,4438.57,2179.0
2026-03-26 15:15:00,4438.57,4442.48,4434.37,4440.57,2082.0
2026-03-26 15:20:00,4440.57,4453.92,4439.78,4450.66,2490.0
2026-03-26 15:25:00,4450.66,4452.17,4443.75,4448.19,2625.0
2026-03-26 15:30:00,4448.12,4451.4,4434.93,4442.69,3445.0
2026-03-26 15:35:00,4442.69,4446.91,4434.1,4434.67,3249.0
2026-03-26 15:40:00,4434.67,4453.7,4429.27,4453.67,3383.0
2026-03-26 15:45:00,4453.67,4460.47,4450.24,4452.4,3153.0
2026-03-26 15:50:00,4452.4,4459.96,4449.04,4456.31,3465.0
2026-03-26 15:55:00,4456.31,4457.06,4436.82,4452.67,3254.0
2026-03-26 16:00:00,4452.67,4456.36,4445.88,4450.07,3160.0
2026-03-26 16:05:00,4449.98,4450.47,4443.05,4447.1,3646.0
2026-03-26 16:10:00,4447.1,4449.08,4437.22,4446.53,2881.0
2026-03-26 16:15:00,4446.54,4460.88,4444.26,4455.12,3677.0
2026-03-26 16:20:00,4455.12,4469.7,4451.97,4458.68,3065.0
2026-03-26 16:25:00,4458.68,4466.15,4451.09,4459.08,3258.0
2026-03-26 16:30:00,4459.08,4475.87,4458.31,4475.18,3031.0
2026-03-26 16:35:00,4475.18,4478.91,4463.55,4468.59,3456.0
2026-03-26 16:40:00,4468.59,4479.38,4458.72,4460.33,3892.0
2026-03-26 16:45:00,4460.09,4469.45,4456.87,4461.8,3271.0
2026-03-26 16:50:00,4461.8,4468.48,4448.93,4449.41,3150.0
2026-03-26 16:55:00,4449.41,4467.67,4445.91,4465.06,3028.0
2026-03-26 17:00:00,4465.06,4469.12,4458.35,4459.67,2803.0
2026-03-26 17:05:00,4459.67,4463.89,4450.85,4454.37,3194.0
2026-03-26 17:10:00,4454.37,4461.0,4454.15,4455.52,2582.0
2026-03-26 17:15:00,4455.52,4458.31,4449.01,4455.51,3185.0
2026-03-26 17:20:00,4455.51,4457.62,4449.48,4453.62,2565.0
2026-03-26 17:25:00,4453.62,4458.42,4450.59,4454.48,2299.0
2026-03-26 17:30:00,4454.48,4454.48,4438.35,4442.53,2914.0
2026-03-26 17:35:00,4442.52,4445.95,4436.6,4440.18,2413.0
2026-03-26 17:40:00,4440.18,4444.17,4437.94,4440.13,2528.0
2026-03-26 17:45:00,4440.13,4446.7,4439.24,4443.57,2759.0
2026-03-26 17:50:00,4443.57,4446.81,4442.38,4445.57,2534.0
2026-03-26 17:55:00,4445.57,4445.66,4433.86,4438.29,2632.0
2026-03-26 18:00:00,4438.29,4438.75,4425.95,4436.98,2460.0
2026-03-26 18:05:00,4436.98,4442.31,4434.59,4439.7,1907.0
2026-03-26 18:10:00,4439.7,4442.71,4434.77,4440.02,1729.0
2026-03-26 18:15:00,4440.02,4440.02,4420.83,4426.61,2648.0
2026-03-26 18:20:00,4426.68,4428.57,4390.0,4400.98,4380.0
2026-03-26 18:25:00,4400.98,4401.14,4386.81,4396.64,3154.0
2026-03-26 18:30:00,4396.64,4396.64,4376.15,4393.06,3755.0
2026-03-26 18:35:00,4393.06,4393.53,4366.77,4375.8,4014.0
2026-03-26 18:40:00,4375.8,4387.53,4373.73,4381.43,3202.0
2026-03-26 18:45:00,4381.44,4390.46,4379.09,4385.86,2702.0
2026-03-26 18:50:00,4385.86,4390.5,4380.58,4389.11,2416.0
2026-03-26 18:55:00,4389.11,4392.57,4387.16,4389.33,2169.0
2026-03-26 19:00:00,4389.32,4397.52,4385.08,4391.31,2486.0
2026-03-26 19:05:00,4391.31,4402.55,4390.9,4398.24,2870.0
2026-03-26 19:10:00,4398.26,4399.42,4388.77,4394.84,2454.0
2026-03-26 19:15:00,4394.84,4397.22,4386.13,4395.9,2638.0
2026-03-26 19:20:00,4395.92,4397.39,4384.2,4386.37,2693.0
2026-03-26 19:25:00,4386.37,4386.37,4377.45,4383.27,3043.0
2026-03-26 19:30:00,4383.27,4388.38,4377.65,4386.06,2379.0
2026-03-26 19:35:00,4386.06,4393.02,4383.43,4388.41,2094.0
2026-03-26 19:40:00,4388.41,4388.41,4380.9,4385.79,2033.0
2026-03-26 19:45:00,4385.79,4391.25,4383.42,4385.96,1812.0
2026-03-26 19:50:00,4385.96,4388.48,4381.55,4384.3,1896.0
2026-03-26 19:55:00,4384.3,4386.27,4379.56,4381.47,2165.0
2026-03-26 20:00:00,4381.44,4386.72,4380.09,4381.16,1996.0
2026-03-26 20:05:00,4381.15,4390.7,4380.54,4386.95,2079.0
2026-03-26 20:10:00,4386.95,4389.63,4381.4,4388.36,2086.0
2026-03-26 20:15:00,4388.36,4388.36,4378.94,4382.0,1961.0
2026-03-26 20:20:00,4382.0,4382.0,4367.79,4376.51,2487.0
2026-03-26 20:25:00,4376.51,4378.37,4369.41,4374.16,2196.0
2026-03-26 20:30:00,4374.16,4382.92,4373.38,4381.94,2095.0
2026-03-26 20:35:00,4381.93,4389.76,4380.56,4389.61,2078.0
2026-03-26 20:40:00,4389.61,4395.71,4389.61,4393.35,1751.0
2026-03-26 20:45:00,4393.35,4397.86,4390.75,4395.32,1974.0
2026-03-26 20:50:00,4395.32,4397.72,4393.12,4394.16,1728.0
2026-03-26 20:55:00,4394.18,4396.44,4391.68,4394.56,1747.0
2026-03-26 21:00:00,4394.55,4399.41,4389.97,4390.1,1961.0
2026-03-26 21:05:00,4390.1,4393.89,4384.71,4385.73,1966.0
2026-03-26 21:10:00,4385.92,4388.68,4382.16,4388.02,1795.0
2026-03-26 21:15:00,4388.02,4391.86,4386.74,4390.37,1814.0
2026-03-26 21:20:00,4390.37,4392.31,4388.03,4389.15,1626.0
2026-03-26 21:25:00,4389.15,4390.3,4378.45,4380.64,1839.0
2026-03-26 21:30:00,4380.88,4384.78,4375.13,4381.49,1805.0
2026-03-26 21:35:00,4381.48,4388.34,4380.0,4383.37,1845.0
2026-03-26 21:40:00,4383.37,4384.74,4378.23,4378.94,1709.0
2026-03-26 21:45:00,4378.94,4380.03,4373.43,4375.92,1729.0
2026-03-26 21:50:00,4375.92,4376.0,4363.58,4364.4,2295.0
2026-03-26 21:55:00,4364.4,4367.44,4359.1,4364.03,3103.0
2026-03-26 22:00:00,4364.0,4365.02,4353.18,4353.65,2146.0
2026-03-26 22:05:00,4353.64,4357.43,4350.93,4355.8,2269.0
2026-03-26 22:10:00,4355.8,4413.78,4354.71,4396.92,3705.0
2026-03-26 22:15:00,4396.92,4404.28,4380.29,4396.91,3293.0
2026-03-26 22:20:00,4396.91,4416.1,4391.43,4399.99,2913.0
2026-03-26 22:25:00,4399.99,4405.98,4394.13,4404.51,2160.0
2026-03-26 22:30:00,4404.51,4408.86,4399.45,4401.18,2066.0
2026-03-26 22:35:00,4401.06,4420.29,4397.63,4419.7,2262.0
2026-03-26 22:40:00,4419.7,4419.7,4405.23,4405.81,2233.0
2026-03-26 22:45:00,4405.81,4409.79,4397.61,4401.52,2025.0
2026-03-26 22:50:00,4401.52,4403.51,4372.73,4375.63,3855.0
2026-03-26 22:55:00,4375.63,4380.96,4373.0,4376.21,1258.0
2026-03-27 00:00:00,4383.99,4391.25,4376.27,4386.87,781.0
2026-03-27 00:05:00,4386.97,4400.77,4386.97,4394.99,594.0
2026-03-27 00:10:00,4395.07,4404.36,4392.26,4401.12,595.0
2026-03-27 00:15:00,4401.02,4408.46,4400.85,4406.8,574.0
2026-03-27 00:20:00,4406.77,4406.93,4398.5,4400.54,471.0
2026-03-27 00:25:00,4400.66,4400.89,4394.7,4398.46,403.0
2026-03-27 00:30:00,4398.5,4411.0,4395.24,4406.34,541.0
2026-03-27 00:35:00,4406.33,4410.13,4405.5,4409.03,371.0
2026-03-27 00:40:00,4408.91,4415.05,4407.35,4407.35,443.0
2026-03-27 00:45:00,4406.5,4408.46,4400.46,4408.21,479.0
2026-03-27 00:50:00,4408.14,4412.4,4406.8,4406.99,350.0
2026-03-27 00:55:00,4407.04,4413.32,4404.47,4411.39,394.0
2026-03-27 01:00:00,4411.42,4414.37,4402.18,4402.44,935.0
2026-03-27 01:05:00,4402.44,4403.15,4391.29,4391.91,855.0
2026-03-27 01:10:00,4391.91,4397.19,4390.17,4393.26,848.0
2026-03-27 01:15:00,4393.09,4401.38,4391.7,4400.84,652.0
2026-03-27 01:20:00,4400.84,4400.89,4393.76,4397.34,694.0
2026-03-27 01:25:00,4397.34,4399.49,4394.11,4399.44,620.0
2026-03-27 01:30:00,4399.44,4402.79,4396.36,4399.98,919.0
2026-03-27 01:35:00,4399.98,4408.3,4399.75,4405.61,1424.0
2026-03-27 01:40:00,4405.61,4406.5,4396.39,4400.26,838.0
2026-03-27 01:45:00,4400.27,4403.44,4396.65,4397.54,763.0
2026-03-27 01:50:00,4397.54,4405.79,4397.48,4405.33,661.0
2026-03-27 01:55:00,4405.33,4405.78,4402.48,4405.18,541.0
2026-03-27 02:00:00,4405.2,4411.1,4405.11,4408.93,904.0
2026-03-27 02:05:00,4408.93,4409.67,4404.17,4408.56,1065.0
2026-03-27 02:10:00,4408.56,4409.12,4403.38,4404.1,906.0
2026-03-27 02:15:00,4404.08,4404.85,4395.96,4397.29,1163.0
2026-03-27 02:20:00,4397.29,4397.72,4382.8,4389.76,1895.0
2026-03-27 02:25:00,4389.76,4391.93,4386.14,4391.22,1420.0
2026-03-27 02:30:00,4391.22,4396.44,4391.21,4395.39,1434.0
2026-03-27 02:35:00,4395.39,4395.39,4387.19,4390.07,1498.0
2026-03-27 02:40:00,4390.07,4391.84,4387.55,4390.9,1499.0
2026-03-27 02:45:00,4390.89,4391.05,4384.02,4384.39,1743.0
2026-03-27 02:50:00,4384.39,4385.18,4378.55,4382.11,1611.0
2026-03-27 02:55:00,4382.11,4383.46,4375.38,4378.45,1393.0
2026-03-27 03:00:00,4378.45,4389.57,4377.31,4388.69,2502.0
2026-03-27 03:05:00,4388.7,4393.2,4387.62,4392.74,1781.0
2026-03-27 03:10:00,4392.72,4399.32,4391.7,4393.97,1691.0
2026-03-27 03:15:00,4393.97,4399.01,4391.44,4391.45,1753.0
2026-03-27 03:20:00,4391.43,4402.69,4391.26,4402.15,1685.0
2026-03-27 03:25:00,4402.18,4406.38,4398.79,4406.36,1496.0
2026-03-27 03:30:00,4406.36,4417.41,4403.64,4411.44,2004.0
2026-03-27 03:35:00,4411.44,4417.08,4409.96,4417.08,1479.0
2026-03-27 03:40:00,4417.08,4420.17,4416.46,4419.28,1721.0
2026-03-27 03:45:00,4419.28,4419.46,4411.91,4412.81,1723.0
2026-03-27 03:50:00,4412.79,4415.75,4412.09,4414.66,1552.0
2026-03-27 03:55:00,4414.65,4420.49,4413.67,4417.49,1594.0
2026-03-27 04:00:00,4417.49,4434.07,4417.29,4430.55,1961.0
2026-03-27 04:05:00,4430.5,4437.57,4425.47,4435.86,1822.0
2026-03-27 04:10:00,4435.86,4439.53,4431.01,4435.02,1849.0
2026-03-27 04:15:00,4435.02,4436.15,4428.94,4429.65,1338.0
2026-03-27 04:20:00,4429.6,4431.69,4426.23,4428.99,1187.0
2026-03-27 04:25:00,4428.99,4434.7,4426.98,4430.94,1235.0
2026-03-27 04:30:00,4430.94,4434.19,4424.88,4431.77,1812.0
2026-03-27 04:35:00,4431.79,4433.23,4426.36,4429.74,1559.0
2026-03-27 04:40:00,4429.74,4431.94,4426.38,4429.61,1857.0
2026-03-27 04:45:00,4429.61,4440.48,4428.16,4430.19,1582.0
2026-03-27 04:50:00,4430.17,4434.98,4429.27,4430.92,1406.0
2026-03-27 04:55:00,4430.92,4432.33,4429.52,4432.03,1323.0
2026-03-27 05:00:00,4432.04,4435.65,4425.66,4425.95,1463.0
2026-03-27 05:05:00,4425.95,4429.86,4421.1,4424.66,1729.0
2026-03-27 05:10:00,4424.79,4430.96,4422.45,4429.37,1316.0
2026-03-27 05:15:00,4429.49,4431.27,4427.98,4429.72,1406.0
2026-03-27 05:20:00,4429.72,4434.09,4429.26,4430.36,1109.0
2026-03-27 05:25:00,4430.36,4436.81,4428.36,4435.22,1566.0
2026-03-27 05:30:00,4435.21,4438.38,4430.93,4434.01,1229.0
2026-03-27 05:35:00,4434.01,4444.14,4433.39,4444.14,1545.0
2026-03-27 05:40:00,4444.14,4446.01,4436.03,4436.04,1298.0
2026-03-27 05:45:00,4436.04,4436.32,4433.27,4434.75,924.0
2026-03-27 05:50:00,4434.75,4438.45,4432.78,4437.74,1140.0
2026-03-27 05:55:00,4437.74,4437.86,4436.2,4437.49,751.0
2026-03-27 06:00:00,4437.49,4439.79,4435.49,4437.32,985.0
2026-03-27 06:05:00,4437.32,4437.44,4432.46,4434.09,1006.0
2026-03-27 06:10:00,4434.09,4436.16,4433.65,4433.68,749.0
2026-03-27 06:15:00,4433.68,4434.24,4431.26,4433.03,781.0
2026-03-27 06:20:00,4433.03,4437.2,4433.0,4435.62,921.0
2026-03-27 06:25:00,4435.58,4436.13,4432.99,4434.13,778.0
2026-03-27 06:30:00,4434.13,4440.67,4434.05,4439.71,791.0
2026-03-27 06:35:00,4439.71,4442.03,4437.19,4440.04,946.0
2026-03-27 06:40:00,4440.03,4441.67,4438.91,4441.48,559.0
2026-03-27 06:45:00,4441.48,4443.55,4440.54,4442.93,716.0
2026-03-27 06:50:00,4442.92,4445.74,4442.33,4445.59,1037.0
2026-03-27 06:55:00,4445.59,4449.46,4444.85,4446.13,1469.0
2026-03-27 07:00:00,4446.13,4446.23,4442.32,4442.98,1007.0
2026-03-27 07:05:00,4442.98,4447.59,4442.17,4444.33,1213.0
2026-03-27 07:10:00,4444.33,4446.43,4442.17,4443.99,940.0
2026-03-27 07:15:00,4443.99,4446.86,4443.66,4445.21,1001.0
2026-03-27 07:20:00,4445.21,4445.51,4442.7,4443.86,1036.0
2026-03-27 07:25:00,4443.89,4444.75,4440.37,4443.27,1199.0
2026-03-27 07:30:00,4443.27,4459.9,4442.54,4459.31,2160.0
2026-03-27 07:35:00,4459.31,4474.58,4458.4,4474.0,2392.0
2026-03-27 07:40:00,4474.01,4475.17,4465.63,4465.69,2017.0
2026-03-27 07:45:00,4465.58,4468.66,4462.56,4462.59,1725.0
2026-03-27 07:50:00,4462.59,4464.08,4458.53,4461.51,1508.0
2026-03-27 07:55:00,4461.67,4461.67,4453.54,4454.46,1667.0
2026-03-27 08:00:00,4454.25,4461.25,4453.84,4455.57,1671.0
2026-03-27 08:05:00,4455.57,4463.1,4451.65,4461.88,1783.0
2026-03-27 08:10:00,4461.87,4473.06,4460.07,4471.45,2350.0
2026-03-27 08:15:00,4471.45,4471.53,4463.33,4465.25,1897.0
2026-03-27 08:20:00,4465.25,4465.35,4456.74,4462.19,1871.0
2026-03-27 08:25:00,4462.17,4465.48,4460.75,4463.4,1486.0
2026-03-27 08:30:00,4463.4,4468.01,4460.46,4463.11,1660.0
2026-03-27 08:35:00,4463.11,4468.45,4462.69,4466.32,1364.0
2026-03-27 08:40:00,4466.32,4468.49,4464.89,4464.92,1074.0
2026-03-27 08:45:00,4464.91,4465.41,4459.59,4460.4,1353.0
2026-03-27 08:50:00,4460.4,4464.13,4454.46,4462.86,1391.0
2026-03-27 08:55:00,4462.86,4464.92,4457.3,4459.39,1299.0
2026-03-27 09:00:00,4459.39,4462.96,4450.18,4451.28,1505.0
2026-03-27 09:05:00,4451.36,4456.49,4447.6,4455.75,1626.0
2026-03-27 09:10:00,4455.75,4458.33,4452.65,4454.95,1262.0
2026-03-27 09:15:00,4455.09,4455.24,4451.31,4452.83,988.0
2026-03-27 09:20:00,4452.93,4457.0,4452.79,4454.91,1192.0
2026-03-27 09:25:00,4454.91,4457.16,4450.25,4452.24,1409.0
2026-03-27 09:30:00,4452.24,4452.25,4448.59,4451.55,1454.0
2026-03-27 09:35:00,4451.55,4455.83,4450.87,4453.29,1133.0
2026-03-27 09:40:00,4453.29,4453.29,4446.56,4448.4,1259.0
2026-03-27 09:45:00,4448.4,4453.36,4447.59,4451.4,1304.0
2026-03-27 09:50:00,4451.42,4451.71,4442.85,4443.81,1190.0
2026-03-27 09:55:00,4443.81,4448.2,4443.81,4447.64,1478.0
2026-03-27 10:00:00,4447.64,4451.06,4442.85,4444.23,1715.0
2026-03-27 10:05:00,4444.23,4449.62,4443.17,4446.11,1676.0
2026-03-27 10:10:00,4446.11,4447.9,4443.8,4447.07,1434.0
2026-03-27 10:15:00,4447.07,4447.26,4438.82,4440.46,1665.0
2026-03-27 10:20:00,4440.46,4443.54,4435.99,4437.19,1648.0
2026-03-27 10:25:00,4437.2,4437.65,4430.58,4433.95,1835.0
2026-03-27 10:30:00,4433.95,4437.43,4430.32,4431.14,1445.0
2026-03-27 10:35:00,4431.14,4435.7,4428.95,4433.71,1913.0
2026-03-27 10:40:00,4433.71,4439.9,4433.24,4435.1,1728.0
2026-03-27 10:45:00,4435.1,4438.75,4432.44,4434.41,1444.0
2026-03-27 10:50:00,4434.41,4438.49,4427.61,4432.13,1611.0
2026-03-27 10:55:00,4432.13,4432.62,4423.78,4424.25,1598.0
2026-03-27 11:00:00,4424.16,4430.84,4424.06,4426.61,1653.0
2026-03-27 11:05:00,4426.61,4429.71,4422.25,4423.19,1732.0
2026-03-27 11:10:00,4423.19,4431.05,4420.66,4429.7,1668.0
2026-03-27 11:15:00,4429.79,4435.7,4428.69,4433.07,1691.0
2026-03-27 11:20:00,4433.07,4434.48,4430.03,4431.89,1614.0
2026-03-27 11:25:00,4431.89,4436.18,4430.99,4434.36,1378.0
2026-03-27 11:30:00,4434.44,4438.25,4433.02,4433.96,1523.0
2026-03-27 11:35:00,4433.96,4436.55,4431.21,4433.5,1307.0
2026-03-27 11:40:00,4433.5,4433.81,4429.97,4432.88,1211.0
2026-03-27 11:45:00,4432.87,4432.87,4428.52,4430.96,1481.0
2026-03-27 11:50:00,4430.96,4432.87,4428.77,4429.47,1453.0
2026-03-27 11:55:00,4429.47,4430.47,4427.16,4428.82,1438.0
2026-03-27 12:00:00,4428.82,4432.96,4426.22,4427.39,1498.0
2026-03-27 12:05:00,4427.39,4432.16,4426.91,4429.54,1639.0
2026-03-27 12:10:00,4429.54,4429.57,4424.11,4425.87,1275.0
2026-03-27 12:15:00,4425.87,4428.79,4423.82,4426.94,1325.0
2026-03-27 12:20:00,4426.94,4429.51,4423.93,4428.53,1197.0
2026-03-27 12:25:00,4428.52,4431.38,4426.87,4429.03,1447.0
2026-03-27 12:30:00,4429.03,4430.4,4424.9,4426.95,1623.0
2026-03-27 12:35:00,4426.94,4427.91,4421.29,4422.21,1587.0
2026-03-27 12:40:00,4422.21,4423.04,4412.57,4415.91,1584.0
2026-03-27 12:45:00,4415.91,4417.52,4411.43,4415.95,1551.0
2026-03-27 12:50:00,4415.99,4419.09,4410.98,4417.52,1562.0
2026-03-27 12:55:00,4417.52,4417.73,4411.29,4414.91,1689.0
2026-03-27 13:00:00,4414.9,4417.34,4409.14,4409.72,1713.0
2026-03-27 13:05:00,4409.72,4412.0,4404.09,4410.19,1539.0
2026-03-27 13:10:00,4410.19,4414.69,4409.1,4412.98,2020.0
2026-03-27 13:15:00,4412.98,4417.22,4407.73,4410.47,1873.0
2026-03-27 13:20:00,4410.47,4413.56,4408.69,4411.71,1329.0
2026-03-27 13:25:00,4411.71,4416.22,4410.8,4415.23,1462.0
2026-03-27 13:30:00,4415.23,4415.99,4413.79,4415.81,1440.0
2026-03-27 13:35:00,4415.78,4419.54,4413.67,4416.65,1287.0
2026-03-27 13:40:00,4416.65,4421.63,4413.94,4421.63,1416.0
2026-03-27 13:45:00,4421.56,4425.25,4418.76,4423.3,1726.0
2026-03-27 13:50:00,4423.3,4425.61,4418.39,4424.94,1378.0
2026-03-27 13:55:00,4424.94,4426.29,4415.7,4420.32,1735.0
2026-03-27 14:00:00,4420.32,4424.14,4419.1,4422.57,1999.0
2026-03-27 14:05:00,4422.57,4422.83,4412.62,4418.41,1680.0
2026-03-27 14:10:00,4418.41,4426.78,4417.38,4424.76,1649.0
2026-03-27 14:15:00,4424.76,4434.38,4424.76,4425.38,1666.0
2026-03-27 14:20:00,4425.38,4425.38,4416.95,4422.57,1859.0
2026-03-27 14:25:00,4422.57,4430.04,4422.09,4429.61,1611.0
2026-03-27 14:30:00,4429.61,4430.58,4424.52,4426.51,1631.0
2026-03-27 14:35:00,4426.52,4436.48,4424.68,4433.78,1822.0
2026-03-27 14:40:00,4433.78,4437.29,4432.68,4433.76,1521.0
2026-03-27 14:45:00,4433.76,4439.79,4433.76,4439.76,1798.0
2026-03-27 14:50:00,4439.76,4445.29,4439.43,4439.53,1784.0
2026-03-27 14:55:00,4439.53,4442.08,4437.4,4437.99,1452.0
2026-03-27 15:00:00,4437.99,4443.92,4431.23,4433.65,2289.0
2026-03-27 15:05:00,4433.65,4435.81,4428.91,4429.11,2062.0
2026-03-27 15:10:00,4429.11,4431.33,4423.67,4428.82,2089.0
2026-03-27 15:15:00,4428.82,4440.85,4428.45,4439.0,2035.0
2026-03-27 15:20:00,4439.0,4441.79,4427.41,4427.5,1903.0
2026-03-27 15:25:00,4427.5,4432.59,4418.57,4422.29,2255.0
2026-03-27 15:30:00,4422.29,4426.58,4413.65,4418.43,2715.0
2026-03-27 15:35:00,4418.43,4428.01,4414.94,4427.33,2313.0
2026-03-27 15:40:00,4427.44,4431.19,4424.33,4428.83,2441.0
2026-03-27 15:45:00,4428.83,4442.08,4428.83,4433.83,2788.0
2026-03-27 15:50:00,4433.83,4434.77,4425.61,4426.31,2151.0
2026-03-27 15:55:00,4426.31,4433.96,4421.2,4431.46,1781.0
2026-03-27 16:00:00,4431.46,4458.4,4430.92,4457.78,2535.0
2026-03-27 16:05:00,4457.78,4463.44,4448.84,4449.43,2836.0
2026-03-27 16:10:00,4449.43,4462.8,4444.81,4459.94,3004.0
2026-03-27 16:15:00,4459.94,4469.86,4457.61,4465.96,2786.0
2026-03-27 16:20:00,4465.96,4469.83,4457.16,4464.2,2823.0
2026-03-27 16:25:00,4463.73,4465.99,4451.95,4455.44,3018.0
2026-03-27 16:30:00,4455.44,4463.73,4451.93,4463.15,2521.0
2026-03-27 16:35:00,4463.15,4463.97,4455.38,4459.95,2364.0
2026-03-27 16:40:00,4459.95,4464.04,4456.65,4463.99,2285.0
2026-03-27 16:45:00,4463.99,4476.33,4463.79,4473.56,2423.0
2026-03-27 16:50:00,4473.56,4499.71,4472.66,4489.23,2787.0
2026-03-27 16:55:00,4489.23,4514.74,4489.23,4509.75,2755.0
2026-03-27 17:00:00,4509.75,4516.43,4501.59,4515.35,2816.0
2026-03-27 17:05:00,4515.23,4515.97,4505.24,4514.36,2501.0
2026-03-27 17:10:00,4514.36,4533.83,4509.37,4525.26,2634.0
2026-03-27 17:15:00,4525.26,4538.35,4520.96,4532.63,2626.0
2026-03-27 17:20:00,4532.63,4555.26,4532.19,4544.89,2906.0
2026-03-27 17:25:00,4544.88,4550.17,4542.12,4543.5,2894.0
2026-03-27 17:30:00,4543.5,4552.71,4538.23,4543.89,3078.0
2026-03-27 17:35:00,4543.89,4544.89,4533.41,4534.98,2417.0
2026-03-27 17:40:00,4534.98,4535.57,4526.47,4531.86,2401.0
2026-03-27 17:45:00,4531.86,4536.32,4525.12,4533.98,2114.0
2026-03-27 17:50:00,4533.98,4534.89,4525.7,4526.74,2060.0
2026-03-27 17:55:00,4526.74,4529.43,4520.52,4523.89,2227.0
2026-03-27 18:00:00,4524.11,4530.82,4517.96,4530.05,2340.0
2026-03-27 18:05:00,4530.05,4531.84,4525.76,4530.62,2102.0
2026-03-27 18:10:00,4530.56,4532.95,4522.54,4528.29,1796.0
2026-03-27 18:15:00,4528.29,4532.68,4524.7,4528.02,2027.0
2026-03-27 18:20:00,4528.02,4533.73,4527.48,4530.95,1871.0
2026-03-27 18:25:00,4530.95,4531.07,4525.54,4528.39,1776.0
2026-03-27 18:30:00,4528.37,4528.82,4512.55,4518.15,2307.0
2026-03-27 18:35:00,4518.15,4518.15,4510.88,4511.38,1963.0
2026-03-27 18:40:00,4511.39,4512.53,4505.58,4511.26,2117.0
2026-03-27 18:45:00,4511.26,4520.83,4507.18,4520.15,1938.0
2026-03-27 18:50:00,4520.15,4521.36,4510.91,4512.32,1812.0
2026-03-27 18:55:00,4512.28,4516.94,4510.99,4516.2,1733.0
2026-03-27 19:00:00,4516.2,4516.27,4506.21,4511.26,2046.0
2026-03-27 19:05:00,4511.28,4522.03,4508.83,4513.74,2420.0
2026-03-27 19:10:00,4513.74,4514.91,4510.16,4511.03,2183.0
2026-03-27 19:15:00,4511.03,4511.69,4497.65,4500.87,2461.0
2026-03-27 19:20:00,4500.87,4501.88,4494.74,4497.91,2225.0
2026-03-27 19:25:00,4497.93,4498.57,4486.66,4494.13,2427.0
2026-03-27 19:30:00,4494.13,4497.94,4489.32,4497.8,2066.0
2026-03-27 19:35:00,4497.81,4500.09,4489.39,4491.27,1948.0
2026-03-27 19:40:00,4491.17,4493.41,4486.4,4490.39,2071.0
2026-03-27 19:45:00,4490.39,4497.34,4488.38,4494.98,1872.0
2026-03-27 19:50:00,4494.98,4499.51,4492.47,4494.57,1731.0
2026-03-27 19:55:00,4494.57,4494.85,4486.54,4486.65,1797.0
2026-03-27 20:00:00,4486.65,4497.91,4486.62,4493.79,2064.0
2026-03-27 20:05:00,4493.81,4496.51,4488.77,4495.18,1747.0
2026-03-27 20:10:00,4495.18,4498.76,4490.79,4498.49,1750.0
2026-03-27 20:15:00,4498.49,4510.49,4498.47,4509.36,2673.0
2026-03-27 20:20:00,4509.36,4511.35,4503.06,4504.3,2236.0
2026-03-27 20:25:00,4504.3,4510.38,4503.86,4509.37,1886.0
2026-03-27 20:30:00,4509.37,4515.1,4508.7,4514.03,1815.0
2026-03-27 20:35:00,4514.11,4528.75,4512.83,4518.55,2087.0
2026-03-27 20:40:00,4518.55,4527.35,4515.49,4525.75,2019.0
2026-03-27 20:45:00,4525.76,4525.96,4517.43,4519.24,1640.0
2026-03-27 20:50:00,4519.24,4521.41,4517.18,4517.67,1357.0
2026-03-27 20:55:00,4517.67,4517.75,4513.66,4516.94,1550.0
2026-03-27 21:00:00,4516.93,4519.33,4508.99,4509.04,1875.0
2026-03-27 21:05:00,4508.99,4511.87,4507.31,4509.33,1543.0
2026-03-27 21:10:00,4509.33,4514.45,4507.69,4511.24,1685.0
2026-03-27 21:15:00,4511.21,4521.98,4510.13,4521.23,1518.0
2026-03-27 21:20:00,4521.23,4524.17,4519.92,4521.48,1478.0
2026-03-27 21:25:00,4521.48,4523.09,4518.18,4523.09,1483.0
2026-03-27 21:30:00,4523.1,4526.49,4519.88,4521.53,1591.0
2026-03-27 21:35:00,4521.53,4521.93,4511.37,4511.9,1607.0
2026-03-27 21:40:00,4511.91,4512.25,4500.89,4510.09,2179.0
2026-03-27 21:45:00,4510.09,4510.28,4503.16,4509.45,1978.0
2026-03-27 21:50:00,4509.45,4516.19,4506.74,4515.72,2034.0
2026-03-27 21:55:00,4515.72,4522.45,4512.07,4514.41,2027.0
2026-03-27 22:00:00,4514.37,4520.46,4512.33,4513.44,1671.0
2026-03-27 22:05:00,4513.43,4513.43,4506.65,4510.71,1232.0
2026-03-27 22:10:00,4510.73,4512.26,4508.55,4510.1,953.0
2026-03-27 22:15:00,4510.09,4510.61,4504.93,4508.17,911.0
2026-03-27 22:20:00,4508.2,4509.11,4504.9,4506.78,940.0
2026-03-27 22:25:00,4506.78,4508.08,4504.4,4506.71,927.0
2026-03-27 22:30:00,4506.71,4508.3,4502.23,4506.08,803.0
2026-03-27 22:35:00,4506.08,4510.12,4502.73,4509.92,817.0
2026-03-27 22:40:00,4509.92,4512.79,4498.56,4505.58,1267.0
2026-03-27 22:45:00,4505.58,4505.58,4497.16,4498.63,1231.0
2026-03-27 22:50:00,4498.63,4499.24,4491.04,4495.41,992.0
2026-03-27 22:55:00,4495.41,4497.89,4492.46,4493.19,738.0
2026-03-30 01:00:00,4471.23,4513.98,4468.39,4511.47,1398.0
2026-03-30 01:05:00,4511.47,4512.72,4480.42,4486.46,2711.0
2026-03-30 01:10:00,4485.69,4500.76,4480.56,4496.55,2326.0
2026-03-30 01:15:00,4496.55,4506.22,4491.05,4506.01,2060.0
2026-03-30 01:20:00,4506.01,4512.14,4501.55,4506.26,1921.0
2026-03-30 01:25:00,4506.26,4511.92,4500.87,4509.13,1574.0
2026-03-30 01:30:00,4509.13,4513.17,4503.73,4507.61,1574.0
2026-03-30 01:35:00,4507.62,4512.53,4501.58,4502.57,1178.0
2026-03-30 01:40:00,4502.57,4505.78,4490.75,4493.5,1261.0
2026-03-30 01:45:00,4493.5,4496.99,4487.59,4489.87,973.0
2026-03-30 01:50:00,4489.77,4495.56,4486.75,4489.8,1431.0
2026-03-30 01:55:00,4489.8,4490.88,4480.52,4485.05,1477.0
2026-03-30 02:00:00,4485.05,4492.98,4483.68,4488.75,1472.0
2026-03-30 02:05:00,4488.61,4489.27,4465.05,4477.87,1797.0
2026-03-30 02:10:00,4477.87,4479.65,4472.27,4478.68,1181.0
2026-03-30 02:15:00,4478.68,4484.67,4475.42,4475.61,1230.0
2026-03-30 02:20:00,4475.53,4479.52,4472.02,4474.14,1221.0
2026-03-30 02:25:00,4474.14,4481.18,4472.18,4472.3,1178.0
2026-03-30 02:30:00,4472.24,4472.34,4451.45,4459.2,2091.0
2026-03-30 02:35:00,4459.2,4460.39,4445.64,4452.11,2274.0
2026-03-30 02:40:00,4452.11,4455.43,4450.92,4452.17,1471.0
2026-03-30 02:45:00,4452.17,4455.87,4444.21,4444.89,1895.0
2026-03-30 02:50:00,4444.89,4452.3,4443.94,4449.56,1735.0
2026-03-30 02:55:00,4449.56,4452.57,4444.39,4448.73,1701.0
2026-03-30 03:00:00,4448.73,4451.46,4432.55,4435.23,2340.0
2026-03-30 03:05:00,4435.26,4441.14,4424.71,4429.09,2357.0
2026-03-30 03:10:00,4429.07,4432.07,4419.53,4426.06,1969.0
2026-03-30 03:15:00,4426.06,4445.35,4422.96,4445.35,2112.0
2026-03-30 03:20:00,4445.35,4464.08,4443.1,4461.94,2674.0
2026-03-30 03:25:00,4461.94,4466.73,4445.66,4449.19,2420.0
2026-03-30 03:30:00,4449.18,4459.03,4445.8,4452.26,2066.0
2026-03-30 03:35:00,4452.26,4452.86,4445.57,4447.54,1846.0
2026-03-30 03:40:00,4447.54,4448.92,4435.51,4438.41,1980.0
2026-03-30 03:45:00,4438.41,4441.29,4432.89,4440.77,1673.0
2026-03-30 03:50:00,4440.77,4442.6,4431.9,4434.51,1770.0
2026-03-30 03:55:00,4434.33,4436.95,4430.45,4432.24,1640.0
2026-03-30 04:00:00,4432.22,4451.84,4431.92,4442.02,2713.0
2026-03-30 04:05:00,4442.02,4457.48,4440.55,4456.3,2355.0
2026-03-30 04:10:00,4456.41,4461.64,4454.36,4459.83,2441.0
2026-03-30 04:15:00,4459.89,4459.89,4449.66,4455.48,2708.0
2026-03-30 04:20:00,4455.48,4466.39,4454.0,4454.06,2485.0
2026-03-30 04:25:00,4454.06,4459.57,4445.46,4448.48,2068.0
2026-03-30 04:30:00,4448.48,4469.29,4444.99,4467.67,2324.0
2026-03-30 04:35:00,4467.72,4475.62,4465.97,4467.4,2251.0
2026-03-30 04:40:00,4467.39,4474.22,4462.44,4471.17,2238.0
2026-03-30 04:45:00,4471.17,4475.06,4470.87,4473.96,1929.0
2026-03-30 04:50:00,4473.97,4473.99,4461.59,4463.96,1810.0
2026-03-30 04:55:00,4463.96,4471.93,4463.93,4469.39,1691.0
2026-03-30 05:00:00,4469.43,4474.37,4467.28,4468.94,1963.0
2026-03-30 05:05:00,4468.95,4474.21,4465.93,4468.63,1975.0
2026-03-30 05:10:00,4468.63,4473.24,4465.36,4472.6,1702.0
2026-03-30 05:15:00,4472.6,4474.09,4466.3,4468.05,1418.0
2026-03-30 05:20:00,4468.05,4473.67,4466.53,4470.87,1518.0
2026-03-30 05:25:00,4470.87,4473.33,4469.2,4472.73,1333.0
2026-03-30 05:30:00,4472.77,4475.55,4458.7,4464.29,1898.0
2026-03-30 05:35:00,4464.28,4471.23,4461.24,4470.49,1769.0
2026-03-30 05:40:00,4470.5,4499.26,4470.32,4494.71,2210.0
2026-03-30 05:45:00,4494.71,4496.23,4489.29,4491.52,1939.0
2026-03-30 05:50:00,4491.58,4492.55,4483.65,4483.65,1796.0
2026-03-30 05:55:00,4483.65,4485.97,4478.73,4481.1,1883.0
2026-03-30 06:00:00,4481.1,4495.12,4478.58,4494.65,1902.0
2026-03-30 06:05:00,4494.65,4507.52,4493.63,4506.21,2200.0
2026-03-30 06:10:00,4506.21,4508.7,4501.98,4504.5,1757.0
2026-03-30 06:15:00,4504.49,4509.26,4503.75,4506.27,1682.0
2026-03-30 06:20:00,4506.27,4517.26,4505.94,4511.44,1933.0
2026-03-30 06:25:00,4511.47,4512.58,4506.19,4506.94,1812.0
2026-03-30 06:30:00,4506.94,4507.5,4503.82,4505.25,1418.0
2026-03-30 06:35:00,4505.25,4505.7,4502.4,4503.23,1151.0
2026-03-30 06:40:00,4503.23,4505.05,4499.61,4503.38,1383.0
2026-03-30 06:45:00,4503.38,4507.33,4500.18,4505.47,1393.0
2026-03-30 06:50:00,4505.47,4506.29,4502.61,4503.78,1015.0
2026-03-30 06:55:00,4503.81,4504.0,4494.54,4495.96,1296.0
2026-03-30 07:00:00,4495.96,4498.6,4494.26,4494.47,1458.0
2026-03-30 07:05:00,4494.47,4494.78,4489.23,4490.44,1418.0
2026-03-30 07:10:00,4490.44,4491.18,4486.66,4487.6,1218.0
2026-03-30 07:15:00,4487.6,4491.13,4487.4,4488.11,868.0
2026-03-30 07:20:00,4488.11,4495.39,4487.24,4494.3,1045.0
2026-03-30 07:25:00,4494.2,4494.32,4490.32,4490.55,1259.0
2026-03-30 07:30:00,4490.55,4491.15,4486.93,4487.66,1212.0
2026-03-30 07:35:00,4487.66,4490.09,4486.51,4487.82,874.0
2026-03-30 07:40:00,4487.82,4489.48,4486.21,4488.12,861.0
2026-03-30 07:45:00,4488.12,4491.23,4486.83,4488.44,929.0
2026-03-30 07:50:00,4488.44,4492.0,4488.05,4491.72,1016.0
2026-03-30 07:55:00,4491.72,4498.59,4491.72,4496.75,1304.0
2026-03-30 08:00:00,4496.77,4501.13,4496.77,4499.34,1272.0
2026-03-30 08:05:00,4499.34,4505.29,4498.44,4504.64,1282.0
2026-03-30 08:10:00,4504.62,4507.93,4503.58,4504.72,1354.0
2026-03-30 08:15:00,4504.72,4513.29,4504.65,4511.46,1403.0
2026-03-30 08:20:00,4511.46,4515.71,4510.82,4514.51,1240.0
2026-03-30 08:25:00,4514.51,4514.57,4504.03,4505.36,1371.0
2026-03-30 08:30:00,4505.36,4512.63,4503.46,4511.67,1966.0
2026-03-30 08:35:00,4511.67,4515.17,4506.17,4506.17,1710.0
2026-03-30 08:40:00,4506.17,4510.62,4504.64,4510.42,1563.0
2026-03-30 08:45:00,4510.47,4521.31,4510.19,4520.49,1687.0
2026-03-30 08:50:00,4520.53,4528.5,4518.03,4526.44,1847.0
2026-03-30 08:55:00,4526.43,4527.35,4521.44,4522.48,2093.0
2026-03-30 09:00:00,4522.46,4526.81,4516.95,4526.48,2433.0
2026-03-30 09:05:00,4526.38,4533.15,4523.16,4528.92,1786.0
2026-03-30 09:10:00,4528.92,4534.36,4526.75,4530.47,1893.0
2026-03-30 09:15:00,4530.47,4535.37,4526.85,4532.56,2197.0
2026-03-30 09:20:00,4532.56,4533.17,4527.02,4532.72,1853.0
2026-03-30 09:25:00,4532.72,4533.52,4527.85,4528.52,1814.0
2026-03-30 09:30:00,4528.52,4536.43,4526.24,4534.97,1743.0
2026-03-30 09:35:00,4534.97,4541.59,4532.1,4536.52,1731.0
2026-03-30 09:40:00,4536.52,4541.94,4535.79,4540.3,1374.0
2026-03-30 09:45:00,4540.34,4550.61,4539.76,4546.24,1850.0
2026-03-30 09:50:00,4546.24,4546.54,4535.73,4536.14,1810.0
2026-03-30 09:55:00,4536.16,4537.72,4531.31,4532.4,1841.0
2026-03-30 10:00:00,4532.42,4533.58,4523.9,4524.43,1876.0
2026-03-30 10:05:00,4524.43,4533.32,4523.86,4532.68,1662.0
2026-03-30 10:10:00,4532.68,4534.72,4529.31,4534.29,1511.0
2026-03-30 10:15:00,4534.29,4534.95,4526.96,4529.95,1525.0
2026-03-30 10:20:00,4529.95,4532.57,4526.06,4528.24,1806.0
2026-03-30 10:25:00,4528.28,4528.56,4520.65,4522.9,1783.0
2026-03-30 10:30:00,4522.9,4526.04,4516.09,4517.36,1939.0
2026-03-30 10:35:00,4517.24,4524.17,4516.19,4523.42,1682.0
2026-03-30 10:40:00,4523.42,4524.57,4517.6,4521.34,1680.0
2026-03-30 10:45:00,4521.34,4522.08,4519.22,4520.47,1446.0
2026-03-30 10:50:00,4520.47,4526.36,4519.28,4524.96,1322.0
2026-03-30 10:55:00,4524.96,4528.05,4524.48,4527.38,1363.0
2026-03-30 11:00:00,4527.41,4530.8,4524.98,4527.81,1520.0
2026-03-30 11:05:00,4527.81,4535.88,4526.86,4535.17,1683.0
2026-03-30 11:10:00,4534.78,4537.11,4531.83,4533.95,1433.0
2026-03-30 11:15:00,4533.95,4534.11,4531.58,4532.68,1371.0
2026-03-30 11:20:00,4532.68,4536.02,4525.94,4530.24,1680.0
2026-03-30 11:25:00,4530.24,4532.59,4526.51,4528.87,1414.0
2026-03-30 11:30:00,4528.87,4538.18,4528.62,4532.94,1544.0
2026-03-30 11:35:00,4532.94,4537.28,4530.54,4536.82,1218.0
2026-03-30 11:40:00,4536.82,4536.87,4531.75,4532.94,1134.0
2026-03-30 11:45:00,4532.94,4537.44,4532.7,4535.9,1454.0
2026-03-30 11:50:00,4535.9,4540.57,4534.07,4538.94,1499.0
2026-03-30 11:55:00,4538.93,4540.53,4534.75,4538.32,1268.0
2026-03-30 12:00:00,4538.32,4540.78,4536.23,4539.57,1251.0
2026-03-30 12:05:00,4539.57,4540.5,4530.76,4533.41,1485.0
2026-03-30 12:10:00,4533.42,4534.41,4527.98,4529.58,1544.0
2026-03-30 12:15:00,4529.56,4530.28,4523.6,4528.42,1866.0
2026-03-30 12:20:00,4528.42,4536.66,4527.75,4531.45,1573.0
2026-03-30 12:25:00,4531.45,4532.44,4527.14,4527.72,1407.0
2026-03-30 12:30:00,4527.72,4529.75,4523.78,4526.37,1534.0
2026-03-30 12:35:00,4526.38,4534.83,4525.86,4533.81,1640.0
2026-03-30 12:40:00,4533.81,4538.18,4532.77,4537.27,1521.0
2026-03-30 12:45:00,4537.29,4538.56,4533.14,4533.42,1447.0
2026-03-30 12:50:00,4533.42,4535.11,4528.8,4532.8,1321.0
2026-03-30 12:55:00,4532.8,4533.52,4529.7,4532.39,1194.0
2026-03-30 13:00:00,4532.64,4534.4,4529.33,4534.04,1251.0
2026-03-30 13:05:00,4534.04,4535.41,4532.4,4533.39,1220.0
2026-03-30 13:10:00,4533.39,4536.49,4531.75,4533.0,1269.0
2026-03-30 13:15:00,4533.0,4539.06,4530.65,4537.26,1290.0
2026-03-30 13:20:00,4537.26,4540.09,4531.4,4531.76,1382.0
2026-03-30 13:25:00,4531.76,4532.71,4527.78,4531.35,1335.0
2026-03-30 13:30:00,4531.36,4533.52,4528.21,4530.31,1309.0
2026-03-30 13:35:00,4530.31,4533.75,4530.2,4531.25,1121.0
2026-03-30 13:40:00,4531.25,4534.14,4529.79,4533.42,1045.0
2026-03-30 13:45:00,4533.42,4534.89,4528.67,4532.12,1336.0
2026-03-30 13:50:00,4532.12,4535.61,4529.88,4533.44,1239.0
2026-03-30 13:55:00,4533.63,4533.74,4528.72,4532.36,1115.0
2026-03-30 14:00:00,4532.35,4534.0,4525.44,4527.21,1532.0
2026-03-30 14:05:00,4527.21,4536.22,4526.92,4534.93,1479.0
2026-03-30 14:10:00,4534.93,4540.65,4534.69,4538.57,1690.0
2026-03-30 14:15:00,4538.57,4545.57,4537.94,4544.61,1576.0
2026-03-30 14:20:00,4544.61,4544.83,4535.06,4542.6,1562.0
2026-03-30 14:25:00,4542.6,4547.84,4536.19,4543.47,2680.0
2026-03-30 14:30:00,4543.69,4546.15,4540.15,4542.96,2505.0
2026-03-30 14:35:00,4542.96,4545.73,4538.64,4541.41,2589.0
2026-03-30 14:40:00,4541.4,4565.91,4540.61,4565.91,2549.0
2026-03-30 14:45:00,4565.91,4573.53,4564.44,4570.46,2453.0
2026-03-30 14:50:00,4570.47,4580.6,4569.2,4569.46,2764.0
2026-03-30 14:55:00,4569.46,4569.62,4556.08,4559.55,1972.0
2026-03-30 15:00:00,4559.55,4560.05,4545.39,4555.18,2280.0
2026-03-30 15:05:00,4555.18,4560.45,4555.01,4557.51,1704.0
2026-03-30 15:10:00,4557.51,4561.35,4555.91,4556.43,1868.0
2026-03-30 15:15:00,4556.43,4567.41,4555.92,4566.85,1983.0
2026-03-30 15:20:00,4566.85,4567.72,4562.93,4564.02,1696.0
2026-03-30 15:25:00,4564.02,4568.26,4561.09,4566.11,1761.0
2026-03-30 15:30:00,4566.11,4573.57,4564.39,4571.11,2043.0
2026-03-30 15:35:00,4571.11,4575.45,4568.98,4572.1,1659.0
2026-03-30 15:40:00,4572.1,4577.99,4571.88,4573.95,1552.0
2026-03-30 15:45:00,4573.95,4574.21,4564.6,4570.91,1771.0
2026-03-30 15:50:00,4570.91,4570.91,4563.79,4567.84,1709.0
2026-03-30 15:55:00,4567.84,4573.68,4566.62,4569.39,1710.0
2026-03-30 16:00:00,4569.39,4578.73,4569.23,4570.66,2298.0
2026-03-30 16:05:00,4570.66,4572.54,4561.43,4568.02,2621.0
2026-03-30 16:10:00,4568.02,4570.02,4564.24,4565.81,2096.0
2026-03-30 16:15:00,4565.81,4568.35,4564.3,4567.75,2012.0
2026-03-30 16:20:00,4567.75,4569.08,4559.04,4563.92,2188.0
2026-03-30 16:25:00,4563.92,4571.34,4561.92,4567.47,1884.0
2026-03-30 16:30:00,4567.51,4573.81,4556.7,4557.63,2406.0
2026-03-30 16:35:00,4557.63,4560.84,4549.87,4559.9,3672.0
2026-03-30 16:40:00,4559.91,4560.11,4543.08,4544.2,3786.0
2026-03-30 16:45:00,4544.19,4547.9,4531.83,4534.57,3351.0
2026-03-30 16:50:00,4534.57,4537.65,4529.42,4532.77,3467.0
2026-03-30 16:55:00,4532.77,4534.0,4516.69,4523.17,3742.0
2026-03-30 17:00:00,4523.17,4535.69,4522.29,4529.19,3550.0
2026-03-30 17:05:00,4529.19,4530.58,4517.9,4526.11,3098.0
2026-03-30 17:10:00,4526.11,4535.13,4521.68,4533.65,2645.0
2026-03-30 17:15:00,4533.65,4534.64,4519.93,4523.35,2607.0
2026-03-30 17:20:00,4523.35,4525.72,4512.29,4522.51,3025.0
2026-03-30 17:25:00,4522.51,4523.39,4517.3,4518.92,3437.0
2026-03-30 17:30:00,4518.92,4525.78,4517.34,4525.2,3042.0
2026-03-30 17:35:00,4525.2,4532.56,4521.75,4528.04,2941.0
2026-03-30 17:40:00,4528.05,4533.63,4520.91,4522.75,2617.0
2026-03-30 17:45:00,4522.75,4540.52,4521.24,4531.73,3090.0
2026-03-30 17:50:00,4531.73,4540.98,4530.31,4538.22,3093.0
2026-03-30 17:55:00,4538.22,4541.45,4533.53,4538.6,2537.0
2026-03-30 18:00:00,4538.6,4543.49,4535.6,4539.31,2315.0
2026-03-30 18:05:00,4539.3,4540.78,4532.18,4534.41,2464.0
2026-03-30 18:10:00,4534.42,4538.67,4532.76,4532.76,2287.0
2026-03-30 18:15:00,4532.76,4533.99,4525.54,4530.29,2743.0
2026-03-30 18:20:00,4530.31,4533.77,4524.82,4530.06,2151.0
2026-03-30 18:25:00,4530.06,4533.75,4529.1,4531.51,1976.0
2026-03-30 18:30:00,4531.51,4542.05,4527.51,4541.5,2159.0
2026-03-30 18:35:00,4541.48,4549.55,4541.15,4548.95,2265.0
2026-03-30 18:40:00,4548.93,4553.86,4548.12,4551.8,1664.0
2026-03-30 18:45:00,4551.8,4556.34,4550.71,4552.41,1988.0
2026-03-30 18:50:00,4552.41,4555.34,4545.32,4554.44,2252.0
2026-03-30 18:55:00,4554.44,4556.82,4547.28,4548.31,2254.0
2026-03-30 19:00:00,4548.31,4549.7,4538.7,4539.93,2127.0
2026-03-30 19:05:00,4539.93,4544.43,4538.01,4541.12,2262.0
2026-03-30 19:10:00,4541.12,4546.83,4540.49,4544.42,1985.0
2026-03-30 19:15:00,4544.42,4548.89,4541.86,4545.16,2046.0
2026-03-30 19:20:00,4545.16,4547.57,4542.49,4543.3,1835.0
2026-03-30 19:25:00,4543.3,4543.3,4536.65,4536.87,1816.0
2026-03-30 19:30:00,4536.87,4541.86,4532.32,4538.8,1792.0
2026-03-30 19:35:00,4538.8,4543.21,4538.69,4541.77,1710.0
2026-03-30 19:40:00,4541.77,4548.35,4541.57,4548.23,1564.0
2026-03-30 19:45:00,4548.23,4548.82,4540.68,4541.7,1752.0
2026-03-30 19:50:00,4541.7,4543.9,4540.01,4542.3,1709.0
2026-03-30 19:55:00,4542.3,4542.98,4536.61,4539.84,2049.0
2026-03-30 20:00:00,4539.82,4542.22,4532.51,4532.62,1937.0
2026-03-30 20:05:00,4532.62,4535.48,4531.91,4534.88,1942.0
2026-03-30 20:10:00,4534.88,4535.64,4519.45,4522.71,2069.0
2026-03-30 20:15:00,4522.71,4525.94,4520.14,4523.74,2167.0
2026-03-30 20:20:00,4523.74,4529.27,4522.3,4529.17,1785.0
2026-03-30 20:25:00,4529.17,4530.67,4526.9,4527.68,1722.0
2026-03-30 20:30:00,4527.68,4527.68,4515.16,4516.78,2296.0
2026-03-30 20:35:00,4516.78,4519.66,4514.89,4517.31,2147.0
2026-03-30 20:40:00,4517.31,4525.82,4515.97,4524.36,2054.0
2026-03-30 20:45:00,4524.36,4528.65,4517.11,4517.41,1989.0
2026-03-30 20:50:00,4517.41,4520.65,4514.43,4517.01,1536.0
2026-03-30 20:55:00,4517.01,4518.01,4511.25,4515.1,1872.0
2026-03-30 21:00:00,4515.1,4523.11,4514.47,4517.81,1839.0
2026-03-30 21:05:00,4517.81,4520.02,4513.13,4518.01,1822.0
2026-03-30 21:10:00,4518.01,4521.24,4516.01,4518.88,1661.0
2026-03-30 21:15:00,4518.88,4519.74,4515.57,4519.5,1640.0
2026-03-30 21:20:00,4519.5,4521.38,4514.6,4515.55,1696.0
2026-03-30 21:25:00,4515.55,4516.18,4511.46,4513.84,1583.0
2026-03-30 21:30:00,4513.84,4517.95,4512.37,4513.45,1568.0
2026-03-30 21:35:00,4513.45,4519.49,4513.36,4513.41,1554.0
2026-03-30 21:40:00,4513.41,4517.07,4513.02,4515.38,1222.0
2026-03-30 21:45:00,4515.37,4518.74,4515.26,4517.8,1327.0
2026-03-30 21:50:00,4517.8,4518.4,4506.99,4507.13,1919.0
2026-03-30 21:55:00,4507.13,4508.08,4498.31,4498.97,2193.0
2026-03-30 22:00:00,4498.97,4502.89,4495.24,4499.95,2564.0
2026-03-30 22:05:00,4499.95,4504.97,4497.69,4499.78,1987.0
2026-03-30 22:10:00,4499.78,4500.1,4493.36,4497.74,2227.0
2026-03-30 22:15:00,4497.74,4501.75,4495.54,4495.88,1913.0
2026-03-30 22:20:00,4495.88,4501.13,4493.05,4498.27,1948.0
2026-03-30 22:25:00,4498.27,4504.26,4497.03,4501.73,1767.0
2026-03-30 22:30:00,4501.73,4510.41,4498.1,4508.93,1999.0
2026-03-30 22:35:00,4508.93,4512.96,4504.19,4505.36,2007.0
2026-03-30 22:40:00,4505.36,4506.35,4501.53,4504.96,1777.0
2026-03-30 22:45:00,4504.95,4510.5,4503.97,4507.19,1570.0
2026-03-30 22:50:00,4507.19,4509.36,4504.62,4505.67,1812.0
2026-03-30 22:55:00,4505.72,4518.39,4505.7,4513.61,1798.0
2026-03-31 01:00:00,4510.33,4523.0,4510.2,4516.85,990.0
2026-03-31 01:05:00,4517.29,4517.7,4509.79,4511.6,571.0
2026-03-31 01:10:00,4511.83,4515.69,4507.59,4508.51,932.0
2026-03-31 01:15:00,4508.51,4511.98,4504.96,4506.26,979.0
2026-03-31 01:20:00,4506.26,4507.01,4505.58,4506.66,532.0
2026-03-31 01:25:00,4506.66,4514.73,4502.22,4514.43,949.0
2026-03-31 01:30:00,4514.43,4518.86,4511.67,4512.92,1014.0
2026-03-31 01:35:00,4512.92,4513.87,4511.17,4511.57,593.0
2026-03-31 01:40:00,4511.57,4512.26,4508.38,4508.83,433.0
2026-03-31 01:45:00,4508.82,4512.58,4508.48,4511.99,623.0
2026-03-31 01:50:00,4511.99,4513.81,4511.67,4512.88,631.0
2026-03-31 01:55:00,4512.88,4515.15,4510.86,4510.87,767.0
2026-03-31 02:00:00,4510.87,4510.87,4498.66,4502.35,1447.0
2026-03-31 02:05:00,4502.35,4506.65,4494.68,4494.89,1700.0
2026-03-31 02:10:00,4494.91,4499.92,4492.32,4498.79,1328.0
2026-03-31 02:15:00,4498.79,4507.23,4497.78,4506.51,1331.0
2026-03-31 02:20:00,4506.51,4510.07,4505.44,4506.97,1089.0
2026-03-31 02:25:00,4506.97,4506.99,4504.18,4505.28,892.0
2026-03-31 02:30:00,4505.28,4508.73,4503.91,4506.9,886.0
2026-03-31 02:35:00,4506.9,4515.18,4504.13,4511.05,1206.0
2026-03-31 02:40:00,4511.05,4519.43,4509.54,4518.37,1156.0
2026-03-31 02:45:00,4518.37,4519.37,4514.9,4518.35,1004.0
2026-03-31 02:50:00,4518.35,4521.22,4513.53,4513.53,1029.0
2026-03-31 02:55:00,4513.53,4513.78,4507.69,4513.74,1275.0
2026-03-31 03:00:00,4513.74,4528.38,4510.65,4528.15,1945.0
2026-03-31 03:05:00,4528.15,4528.16,4519.46,4519.48,1760.0
2026-03-31 03:10:00,4519.48,4523.34,4514.37,4516.16,1690.0
2026-03-31 03:15:00,4516.16,4518.35,4495.41,4496.33,2030.0
2026-03-31 03:20:00,4496.3,4498.02,4482.59,4493.69,2310.0
2026-03-31 03:25:00,4493.69,4513.44,4490.25,4512.0,1988.0
2026-03-31 03:30:00,4512.0,4516.02,4506.68,4511.37,1616.0
2026-03-31 03:35:00,4511.43,4531.48,4511.43,4530.39,2274.0
2026-03-31 03:40:00,4530.34,4537.55,4524.99,4536.72,2447.0
2026-03-31 03:45:00,4536.65,4546.98,4535.46,4538.47,2650.0
2026-03-31 03:50:00,4538.47,4542.52,4535.33,4542.4,2189.0
2026-03-31 03:55:00,4542.48,4548.25,4539.72,4547.74,2371.0
2026-03-31 04:00:00,4547.74,4550.79,4540.35,4541.25,2657.0
2026-03-31 04:05:00,4541.25,4541.64,4532.03,4539.02,2249.0
2026-03-31 04:10:00,4539.02,4545.33,4533.41,4543.82,2335.0
2026-03-31 04:15:00,4543.86,4570.58,4543.48,4569.09,2374.0
2026-03-31 04:20:00,4569.09,4585.5,4565.3,4585.16,2405.0
2026-03-31 04:25:00,4585.16,4585.72,4575.89,4581.45,2376.0
2026-03-31 04:30:00,4581.5,4591.68,4580.4,4581.96,2252.0
2026-03-31 04:35:00,4581.96,4589.02,4577.76,4588.73,2499.0
2026-03-31 04:40:00,4588.9,4619.05,4588.42,4617.8,2623.0
2026-03-31 04:45:00,4617.8,4619.5,4599.74,4603.42,2781.0
2026-03-31 04:50:00,4603.42,4614.73,4596.12,4610.56,2435.0
2026-03-31 04:55:00,4610.56,4614.79,4600.62,4605.02,2052.0
2026-03-31 05:00:00,4605.02,4607.26,4588.74,4593.8,2373.0
2026-03-31 05:05:00,4593.8,4600.11,4590.3,4597.19,2152.0
2026-03-31 05:10:00,4596.96,4599.73,4588.78,4589.97,1835.0
2026-03-31 05:15:00,4589.97,4592.66,4583.99,4587.88,1831.0
2026-03-31 05:20:00,4587.89,4589.08,4582.33,4585.0,1761.0
2026-03-31 05:25:00,4585.0,4585.5,4578.79,4582.65,1645.0
2026-03-31 05:30:00,4582.65,4586.69,4579.43,4580.86,1972.0
2026-03-31 05:35:00,4580.86,4588.38,4579.01,4586.01,1886.0
2026-03-31 05:40:00,4585.99,4587.2,4579.15,4587.0,1842.0
2026-03-31 05:45:00,4586.96,4588.0,4568.89,4570.85,2097.0
2026-03-31 05:50:00,4570.85,4579.72,4568.96,4570.68,2034.0
2026-03-31 05:55:00,4570.67,4574.29,4565.59,4568.18,2079.0
2026-03-31 06:00:00,4568.2,4572.95,4565.97,4570.15,1845.0
2026-03-31 06:05:00,4570.15,4576.9,4566.87,4569.77,1982.0
2026-03-31 06:10:00,4569.77,4573.9,4567.83,4569.85,1600.0
2026-03-31 06:15:00,4569.84,4571.14,4563.61,4563.79,1928.0
2026-03-31 06:20:00,4563.79,4567.04,4556.1,4557.73,1692.0
2026-03-31 06:25:00,4557.73,4563.79,4557.02,4561.57,1538.0
2026-03-31 06:30:00,4561.57,4565.8,4560.66,4565.12,1347.0
2026-03-31 06:35:00,4565.12,4565.64,4556.71,4557.42,1499.0
2026-03-31 06:40:00,4557.42,4559.1,4550.63,4552.39,1243.0
2026-03-31 06:45:00,4552.39,4553.74,4550.26,4552.81,1268.0
2026-03-31 06:50:00,4552.81,4557.38,4551.85,4555.16,1304.0
2026-03-31 06:55:00,4555.16,4557.11,4553.61,4557.03,1061.0
2026-03-31 07:00:00,4557.03,4560.73,4557.03,4559.87,958.0
2026-03-31 07:05:00,4559.87,4565.92,4557.31,4560.04,1464.0
2026-03-31 07:10:00,4560.03,4563.27,4557.32,4557.57,1118.0
2026-03-31 07:15:00,4557.57,4565.29,4557.15,4563.33,1153.0
2026-03-31 07:20:00,4563.33,4569.45,4559.04,4559.52,1452.0
2026-03-31 07:25:00,4559.52,4562.39,4558.66,4561.43,1177.0
2026-03-31 07:30:00,4561.43,4565.18,4561.04,4563.98,1247.0
2026-03-31 07:35:00,4564.02,4564.02,4559.99,4561.95,1078.0
2026-03-31 07:40:00,4561.95,4564.37,4560.19,4564.06,1083.0
2026-03-31 07:45:00,4564.06,4565.34,4561.1,4561.41,1289.0
2026-03-31 07:50:00,4561.37,4566.43,4561.08,4565.74,1225.0
2026-03-31 07:55:00,4565.74,4569.01,4564.68,4564.87,1143.0
2026-03-31 08:00:00,4564.89,4569.2,4563.95,4568.96,1416.0
2026-03-31 08:05:00,4568.96,4570.65,4561.66,4561.76,1216.0
2026-03-31 08:10:00,4561.76,4562.22,4547.84,4550.36,1813.0
2026-03-31 08:15:00,4550.39,4559.08,4550.08,4558.06,1393.0
2026-03-31 08:20:00,4558.06,4563.68,4556.39,4563.4,1208.0
2026-03-31 08:25:00,4563.4,4568.02,4560.48,4561.41,1211.0
2026-03-31 08:30:00,4561.44,4576.31,4558.74,4575.59,2131.0
2026-03-31 08:35:00,4575.59,4579.92,4574.14,4577.59,1731.0
2026-03-31 08:40:00,4577.59,4579.11,4573.05,4577.01,1684.0
2026-03-31 08:45:00,4577.01,4581.81,4576.49,4579.73,1607.0
2026-03-31 08:50:00,4579.8,4580.85,4572.89,4573.76,1796.0
2026-03-31 08:55:00,4573.76,4574.74,4567.05,4568.95,1873.0
2026-03-31 09:00:00,4568.95,4569.17,4558.93,4564.31,2177.0
2026-03-31 09:05:00,4564.31,4565.21,4558.93,4558.95,1728.0
2026-03-31 09:10:00,4558.95,4561.87,4556.47,4559.3,1847.0
2026-03-31 09:15:00,4559.42,4561.15,4554.04,4554.98,1905.0
2026-03-31 09:20:00,4554.98,4562.68,4553.27,4560.44,2122.0
2026-03-31 09:25:00,4560.44,4564.55,4559.26,4560.76,1731.0
2026-03-31 09:30:00,4560.76,4565.76,4559.44,4564.4,1584.0
2026-03-31 09:35:00,4564.4,4564.99,4559.84,4561.11,1611.0
2026-03-31 09:40:00,4561.11,4561.67,4556.08,4558.86,1538.0
2026-03-31 09:45:00,4558.86,4561.23,4554.3,4556.16,1315.0
2026-03-31 09:50:00,4556.16,4559.34,4556.08,4558.3,1385.0
2026-03-31 09:55:00,4558.3,4561.64,4556.81,4557.16,1493.0
2026-03-31 10:00:00,4557.16,4563.91,4554.83,4559.42,1882.0
2026-03-31 10:05:00,4559.42,4561.78,4556.28,4556.63,1559.0
2026-03-31 10:10:00,4556.63,4557.35,4550.09,4552.6,1627.0
2026-03-31 10:15:00,4552.6,4554.54,4543.24,4546.71,1778.0
2026-03-31 10:20:00,4546.71,4554.17,4546.7,4550.86,1781.0
2026-03-31 10:25:00,4550.86,4556.63,4549.49,4552.22,1816.0
2026-03-31 10:30:00,4552.22,4557.38,4551.93,4557.14,1388.0
2026-03-31 10:35:00,4557.14,4561.21,4554.19,4554.31,1556.0
2026-03-31 10:40:00,4554.31,4560.76,4554.04,4559.68,1591.0
2026-03-31 10:45:00,4559.68,4562.75,4557.65,4558.45,1642.0
2026-03-31 10:50:00,4558.45,4562.33,4556.87,4559.42,1591.0
2026-03-31 10:55:00,4559.42,4565.64,4558.06,4564.43,1695.0
2026-03-31 11:00:00,4564.43,4568.28,4560.4,4568.28,2395.0
2026-03-31 11:05:00,4568.28,4573.37,4566.5,4567.37,1957.0
2026-03-31 11:10:00,4567.44,4568.98,4563.87,4565.95,1629.0
2026-03-31 11:15:00,4565.95,4569.22,4564.72,4568.68,1558.0
2026-03-31 11:20:00,4568.67,4570.85,4565.24,4568.71,1662.0
2026-03-31 11:25:00,4568.73,4572.67,4566.98,4572.27,1624.0
2026-03-31 11:30:00,4572.32,4572.91,4567.65,4568.85,1635.0
2026-03-31 11:35:00,4568.85,4575.21,4568.83,4570.23,1698.0
2026-03-31 11:40:00,4570.23,4573.42,4568.95,4571.38,1277.0
2026-03-31 11:45:00,4571.39,4574.21,4569.54,4571.95,1311.0
2026-03-31 11:50:00,4572.02,4573.19,4567.76,4571.37,1639.0
2026-03-31 11:55:00,4571.37,4571.65,4567.07,4568.56,1458.0
2026-03-31 12:00:00,4568.56,4572.37,4562.96,4571.25,1516.0
2026-03-31 12:05:00,4571.25,4572.19,4566.53,4568.96,1411.0
2026-03-31 12:10:00,4568.96,4570.63,4566.88,4567.57,1270.0
2026-03-31 12:15:00,4567.55,4570.54,4564.17,4567.37,1414.0
2026-03-31 12:20:00,4567.37,4569.2,4565.22,4567.4,1399.0
2026-03-31 12:25:00,4567.4,4567.86,4561.25,4562.05,1553.0
2026-03-31 12:30:00,4562.11,4562.31,4553.54,4557.07,2266.0
2026-03-31 12:35:00,4557.07,4558.73,4551.02,4551.02,1962.0
2026-03-31 12:40:00,4551.02,4555.87,4550.19,4555.53,1686.0
2026-03-31 12:45:00,4555.59,4559.4,4555.48,4558.6,1498.0
2026-03-31 12:50:00,4558.6,4562.49,4556.44,4556.55,1466.0
2026-03-31 12:55:00,4556.55,4556.64,4551.62,4555.59,1837.0
2026-03-31 13:00:00,4555.59,4560.35,4555.16,4560.25,1625.0
2026-03-31 13:05:00,4560.25,4561.29,4558.68,4560.52,1588.0
2026-03-31 13:10:00,4560.52,4561.81,4556.81,4556.94,1259.0
2026-03-31 13:15:00,4556.94,4559.45,4555.69,4558.37,1179.0
2026-03-31 13:20:00,4558.37,4560.53,4556.09,4558.7,1286.0
2026-03-31 13:25:00,4558.7,4561.09,4557.62,4560.49,1222.0
2026-03-31 13:30:00,4560.48,4560.79,4554.53,4554.96,1260.0
2026-03-31 13:35:00,4554.96,4556.36,4532.69,4534.09,2414.0
2026-03-31 13:40:00,4534.06,4544.84,4529.49,4541.09,2893.0
2026-03-31 13:45:00,4541.11,4543.49,4540.24,4541.72,1902.0
2026-03-31 13:50:00,4541.72,4548.69,4541.55,4548.51,1993.0
2026-03-31 13:55:00,4548.53,4552.77,4544.3,4546.96,1782.0
2026-03-31 14:00:00,4546.94,4550.21,4544.11,4547.28,2221.0
2026-03-31 14:05:00,4547.28,4548.73,4543.09,4545.19,1535.0
2026-03-31 14:10:00,4545.19,4563.22,4541.01,4551.45,3254.0
2026-03-31 14:15:00,4551.45,4568.78,4549.49,4566.5,2869.0
2026-03-31 14:20:00,4566.5,4576.81,4564.59,4575.82,2753.0
2026-03-31 14:25:00,4575.82,4583.38,4575.12,4575.31,2401.0
2026-03-31 14:30:00,4575.31,4578.97,4568.77,4577.81,2283.0
2026-03-31 14:35:00,4577.81,4593.23,4574.17,4589.62,2422.0
2026-03-31 14:40:00,4589.62,4592.7,4583.26,4591.96,2147.0
2026-03-31 14:45:00,4591.96,4593.05,4582.55,4584.86,2542.0
2026-03-31 14:50:00,4584.86,4586.72,4578.81,4581.11,2341.0
2026-03-31 14:55:00,4581.11,4582.59,4576.72,4582.26,2122.0
2026-03-31 15:00:00,4582.26,4588.25,4581.16,4585.31,2089.0
2026-03-31 15:05:00,4585.31,4597.56,4584.65,4591.67,2226.0
2026-03-31 15:10:00,4591.67,4592.01,4574.62,4575.64,2917.0
2026-03-31 15:15:00,4575.64,4581.21,4571.33,4580.86,3179.0
2026-03-31 15:20:00,4580.88,4582.4,4574.67,4577.77,2483.0
2026-03-31 15:25:00,4577.8,4582.78,4572.39,4579.33,2218.0
2026-03-31 15:30:00,4579.33,4583.08,4577.55,4583.03,2236.0
2026-03-31 15:35:00,4583.03,4589.95,4582.46,4584.65,1905.0
2026-03-31 15:40:00,4584.63,4586.18,4577.72,4579.17,1980.0
2026-03-31 15:45:00,4579.19,4581.53,4569.15,4573.26,1902.0
2026-03-31 15:50:00,4573.26,4575.46,4569.27,4574.3,2142.0
2026-03-31 15:55:00,4574.27,4577.79,4571.22,4574.74,1773.0
2026-03-31 16:00:00,4574.74,4579.4,4567.85,4570.1,2628.0
2026-03-31 16:05:00,4570.1,4581.23,4567.84,4581.18,2338.0
2026-03-31 16:10:00,4581.18,4583.5,4576.98,4581.32,2321.0
2026-03-31 16:15:00,4581.32,4586.68,4580.63,4583.5,1979.0
2026-03-31 16:20:00,4583.5,4587.91,4582.39,4583.74,1714.0
2026-03-31 16:25:00,4583.74,4583.74,4573.15,4573.27,2203.0
2026-03-31 16:30:00,4573.27,4580.26,4568.43,4578.43,2908.0
2026-03-31 16:35:00,4578.43,4585.71,4572.72,4583.57,2837.0
2026-03-31 16:40:00,4583.57,4589.46,4583.34,4587.78,2087.0
2026-03-31 16:45:00,4587.78,4589.94,4585.15,4589.71,2183.0
2026-03-31 16:50:00,4589.71,4609.93,4585.3,4606.78,3057.0
2026-03-31 16:55:00,4606.78,4609.36,4593.03,4607.11,2679.0
2026-03-31 17:00:00,4607.03,4625.32,4604.91,4614.0,2964.0
2026-03-31 17:05:00,4614.0,4615.81,4604.64,4605.18,3004.0
2026-03-31 17:10:00,4605.34,4615.77,4603.8,4615.24,2993.0
2026-03-31 17:15:00,4615.24,4615.24,4607.35,4611.61,2901.0
2026-03-31 17:20:00,4611.61,4615.4,4602.78,4612.91,2784.0
2026-03-31 17:25:00,4612.91,4619.38,4606.02,4618.98,2691.0
2026-03-31 17:30:00,4618.98,4630.13,4615.19,4620.74,2863.0
2026-03-31 17:35:00,4620.74,4622.52,4608.18,4608.93,2803.0
2026-03-31 17:40:00,4608.93,4611.98,4604.18,4608.02,2771.0
2026-03-31 17:45:00,4608.01,4611.13,4600.71,4601.72,2779.0
2026-03-31 17:50:00,4601.72,4607.64,4601.24,4605.98,2764.0
2026-03-31 17:55:00,4605.83,4605.83,4594.99,4599.04,2768.0
2026-03-31 18:00:00,4599.04,4614.99,4599.04,4613.5,2691.0
2026-03-31 18:05:00,4613.5,4618.88,4612.23,4614.51,2560.0
2026-03-31 18:10:00,4614.51,4623.99,4613.78,4622.93,2373.0
2026-03-31 18:15:00,4622.94,4625.46,4615.82,4619.77,2348.0
2026-03-31 18:20:00,4619.77,4619.88,4613.36,4619.23,2696.0
2026-03-31 18:25:00,4619.26,4619.4,4607.75,4610.15,2511.0
2026-03-31 18:30:00,4610.15,4614.33,4607.16,4614.33,2404.0
2026-03-31 18:35:00,4614.33,4619.8,4614.08,4619.53,2577.0
2026-03-31 18:40:00,4619.53,4621.44,4616.56,4620.92,2515.0
2026-03-31 18:45:00,4620.92,4622.21,4615.84,4615.84,2320.0
2026-03-31 18:50:00,4615.84,4623.75,4614.96,4618.21,2467.0
2026-03-31 18:55:00,4618.21,4619.18,4608.13,4609.5,2292.0
2026-03-31 19:00:00,4609.5,4618.59,4608.01,4614.2,2039.0
2026-03-31 19:05:00,4614.2,4619.64,4613.28,4619.44,1895.0
2026-03-31 19:10:00,4619.44,4619.96,4606.95,4611.99,2310.0
2026-03-31 19:15:00,4611.99,4618.72,4611.89,4614.88,1828.0
2026-03-31 19:20:00,4614.88,4618.28,4609.32,4617.94,1732.0
2026-03-31 19:25:00,4617.94,4618.57,4614.9,4617.85,1852.0
2026-03-31 19:30:00,4617.85,4619.21,4615.92,4617.0,1804.0
2026-03-31 19:35:00,4617.0,4633.49,4615.13,4633.03,2168.0
2026-03-31 19:40:00,4633.03,4651.65,4632.25,4641.69,4508.0
2026-03-31 19:45:00,4641.69,4646.27,4630.98,4641.2,3876.0
2026-03-31 19:50:00,4641.2,4650.38,4635.2,4637.14,3705.0
2026-03-31 19:55:00,4637.21,4643.46,4635.37,4638.14,3288.0
2026-03-31 20:00:00,4638.21,4655.78,4638.14,4647.91,3522.0
2026-03-31 20:05:00,4647.91,4649.47,4637.11,4639.16,2927.0
2026-03-31 20:10:00,4639.16,4645.34,4636.36,4642.92,2783.0
2026-03-31 20:15:00,4642.92,4648.96,4640.71,4648.02,2458.0
2026-03-31 20:20:00,4648.02,4658.15,4644.15,4650.42,2661.0
2026-03-31 20:25:00,4650.42,4651.94,4642.65,4648.82,2364.0
2026-03-31 20:30:00,4648.82,4658.89,4648.19,4658.85,2637.0
2026-03-31 20:35:00,4658.85,4661.03,4645.55,4651.15,2836.0
2026-03-31 20:40:00,4651.15,4663.66,4650.81,4660.42,2766.0
2026-03-31 20:45:00,4660.42,4666.3,4658.46,4662.65,2532.0
2026-03-31 20:50:00,4662.65,4667.28,4659.79,4661.93,2467.0
2026-03-31 20:55:00,4661.93,4662.02,4653.38,4654.99,2483.0
2026-03-31 21:00:00,4654.6,4660.98,4653.59,4654.67,2217.0
2026-03-31 21:05:00,4654.67,4668.3,4653.64,4665.16,2215.0
2026-03-31 21:10:00,4665.16,4668.94,4660.56,4665.81,2135.0
2026-03-31 21:15:00,4665.77,4668.84,4663.82,4666.16,1883.0
2026-03-31 21:20:00,4666.16,4668.63,4663.17,4663.93,1904.0
2026-03-31 21:25:00,4663.93,4666.92,4659.91,4664.49,2397.0
2026-03-31 21:30:00,4664.49,4666.75,4661.48,4661.56,2106.0
2026-03-31 21:35:00,4661.62,4671.12,4660.0,4670.26,1962.0
2026-03-31 21:40:00,4670.23,4670.41,4664.43,4667.63,1806.0
2026-03-31 21:45:00,4667.61,4670.47,4663.68,4665.54,1654.0
2026-03-31 21:50:00,4665.54,4669.58,4665.49,4669.08,1636.0
2026-03-31 21:55:00,4669.08,4670.66,4666.7,4667.47,1816.0
2026-03-31 22:00:00,4667.47,4676.15,4667.43,4670.46,2345.0
2026-03-31 22:05:00,4670.46,4672.57,4661.83,4662.44,2140.0
2026-03-31 22:10:00,4662.44,4671.96,4662.08,4671.22,2069.0
2026-03-31 22:15:00,4671.22,4675.35,4668.59,4672.98,1889.0
2026-03-31 22:20:00,4672.98,4681.24,4672.84,4675.24,1890.0
2026-03-31 22:25:00,4675.24,4677.08,4671.09,4672.7,1704.0
2026-03-31 22:30:00,4672.76,4679.29,4672.25,4677.01,1831.0
2026-03-31 22:35:00,4677.01,4682.86,4676.83,4682.6,1795.0
2026-03-31 22:40:00,4682.6,4683.5,4676.34,4680.83,1707.0
2026-03-31 22:45:00,4680.83,4684.2,4679.84,4683.22,1619.0
2026-03-31 22:50:00,4683.22,4685.67,4679.5,4684.37,2274.0
2026-03-31 22:55:00,4684.37,4685.48,4680.72,4682.65,2142.0
