time,open,high,low,close,volume
2025-03-03 01:00:00,2857.88,2874.68,2857.88,2872.97,821.0
2025-03-03 01:05:00,2872.9,2874.19,2869.27,2873.89,401.0
2025-03-03 01:10:00,2873.85,2876.88,2871.95,2872.96,344.0
2025-03-03 01:15:00,2872.76,2873.81,2870.75,2873.81,311.0
2025-03-03 01:20:00,2873.76,2874.12,2870.27,2870.28,339.0
2025-03-03 01:25:00,2870.34,2871.84,2870.07,2871.06,280.0
2025-03-03 01:30:00,2871.05,2872.27,2869.87,2872.12,236.0
2025-03-03 01:35:00,2872.1,2872.51,2871.42,2871.9,245.0
2025-03-03 01:40:00,2871.98,2872.68,2870.69,2871.52,221.0
2025-03-03 01:45:00,2871.5,2872.09,2863.16,2864.7,343.0
2025-03-03 01:50:00,2864.18,2867.54,2863.83,2867.22,247.0
2025-03-03 01:55:00,2867.22,2871.13,2866.41,2870.81,201.0
2025-03-03 02:00:00,2871.17,2871.17,2867.14,2869.22,269.0
2025-03-03 02:05:00,2869.4,2869.62,2866.17,2868.31,265.0
2025-03-03 02:10:00,2868.3,2870.37,2868.22,2870.19,218.0
2025-03-03 02:15:00,2870.3,2871.05,2868.78,2870.64,272.0
2025-03-03 02:20:00,2870.53,2870.53,2867.78,2868.86,272.0
2025-03-03 02:25:00,2868.89,2870.05,2867.93,2869.62,236.0
2025-03-03 02:30:00,2869.69,2870.05,2867.65,2867.65,271.0
2025-03-03 02:35:00,2867.71,2869.43,2867.43,2867.74,281.0
2025-03-03 02:40:00,2867.73,2869.67,2867.67,2868.48,235.0
2025-03-03 02:45:00,2868.5,2868.96,2867.47,2867.77,232.0
2025-03-03 02:50:00,2867.96,2868.25,2866.59,2867.7,281.0
2025-03-03 02:55:00,2867.9,2868.05,2865.37,2865.82,292.0
2025-03-03 03:00:00,2865.79,2868.75,2864.14,2867.86,491.0
2025-03-03 03:05:00,2867.79,2868.72,2866.6,2866.71,372.0
2025-03-03 03:10:00,2866.61,2869.14,2866.45,2867.92,335.0
2025-03-03 03:15:00,2867.93,2869.44,2866.19,2868.84,329.0
2025-03-03 03:20:00,2868.84,2869.86,2868.11,2869.14,356.0
2025-03-03 03:25:00,2869.14,2871.09,2867.67,2871.05,418.0
2025-03-03 03:30:00,2871.05,2871.82,2870.47,2870.77,430.0
2025-03-03 03:35:00,2870.8,2870.99,2869.12,2869.49,424.0
2025-03-03 03:40:00,2869.48,2870.14,2868.76,2869.04,354.0
2025-03-03 03:45:00,2869.19,2869.87,2868.52,2869.48,339.0
2025-03-03 03:50:00,2869.49,2871.68,2869.31,2871.24,351.0
2025-03-03 03:55:00,2871.3,2871.92,2870.35,2870.85,388.0
2025-03-03 04:00:00,2870.85,2871.13,2869.89,2870.46,396.0
2025-03-03 04:05:00,2870.52,2871.58,2870.12,2870.54,408.0
2025-03-03 04:10:00,2870.52,2871.15,2870.02,2870.13,338.0
2025-03-03 04:15:00,2870.12,2871.88,2869.64,2871.77,313.0
2025-03-03 04:20:00,2871.7,2871.95,2870.88,2871.18,365.0
2025-03-03 04:25:00,2871.1,2871.54,2869.69,2870.17,304.0
2025-03-03 04:30:00,2870.03,2870.42,2869.14,2870.19,340.0
2025-03-03 04:35:00,2870.19,2870.59,2869.53,2870.18,365.0
2025-03-03 04:40:00,2870.17,2870.45,2869.48,2870.07,290.0
2025-03-03 04:45:00,2870.06,2870.3,2868.33,2868.62,256.0
2025-03-03 04:50:00,2868.49,2870.18,2868.43,2869.29,345.0
2025-03-03 04:55:00,2869.25,2869.49,2867.89,2868.27,385.0
2025-03-03 05:00:00,2867.99,2868.05,2866.06,2866.73,361.0
2025-03-03 05:05:00,2866.72,2866.84,2863.85,2864.38,382.0
2025-03-03 05:10:00,2864.4,2864.4,2861.91,2862.87,429.0
2025-03-03 05:15:00,2862.87,2863.45,2861.67,2862.96,430.0
2025-03-03 05:20:00,2863.04,2863.54,2859.3,2862.2,396.0
2025-03-03 05:25:00,2862.27,2862.75,2860.98,2861.93,363.0
2025-03-03 05:30:00,2861.95,2863.71,2861.62,2863.43,420.0
2025-03-03 05:35:00,2863.42,2864.86,2863.32,2864.73,402.0
2025-03-03 05:40:00,2864.8,2865.37,2864.39,2864.86,367.0
2025-03-03 05:45:00,2864.87,2864.95,2864.07,2864.19,270.0
2025-03-03 05:50:00,2864.22,2866.3,2864.22,2865.49,336.0
2025-03-03 05:55:00,2865.49,2865.49,2863.87,2864.82,327.0
2025-03-03 06:00:00,2864.85,2865.2,2863.7,2864.05,261.0
2025-03-03 06:05:00,2864.05,2864.1,2863.1,2863.8,207.0
2025-03-03 06:10:00,2863.82,2864.27,2863.39,2864.27,187.0
2025-03-03 06:15:00,2864.28,2864.34,2863.45,2863.86,117.0
2025-03-03 06:20:00,2863.81,2864.42,2863.71,2863.89,177.0
2025-03-03 06:25:00,2863.89,2864.43,2863.64,2864.3,149.0
2025-03-03 06:30:00,2864.31,2866.16,2863.79,2865.81,248.0
2025-03-03 06:35:00,2865.83,2866.73,2865.81,2866.61,223.0
2025-03-03 06:40:00,2866.72,2867.85,2866.44,2867.77,283.0
2025-03-03 06:45:00,2867.77,2868.43,2867.26,2867.98,282.0
2025-03-03 06:50:00,2867.88,2868.3,2867.64,2867.79,217.0
2025-03-03 06:55:00,2867.75,2868.03,2867.32,2867.41,170.0
2025-03-03 07:00:00,2867.26,2867.29,2866.09,2866.37,256.0
2025-03-03 07:05:00,2866.36,2866.64,2865.75,2865.85,220.0
2025-03-03 07:10:00,2865.93,2867.1,2865.91,2867.01,266.0
2025-03-03 07:15:00,2867.01,2867.28,2866.72,2867.04,225.0
2025-03-03 07:20:00,2867.03,2867.31,2866.12,2866.59,300.0
2025-03-03 07:25:00,2866.58,2866.78,2865.49,2865.81,285.0
2025-03-03 07:30:00,2865.84,2866.39,2862.31,2863.05,392.0
2025-03-03 07:35:00,2863.02,2864.37,2862.39,2862.67,339.0
2025-03-03 07:40:00,2862.66,2863.11,2862.19,2862.61,291.0
2025-03-03 07:45:00,2862.61,2862.86,2861.34,2862.72,281.0
2025-03-03 07:50:00,2862.75,2863.13,2861.99,2863.11,331.0
2025-03-03 07:55:00,2863.32,2863.96,2863.32,2863.83,285.0
2025-03-03 08:00:00,2863.72,2865.26,2863.48,2865.09,307.0
2025-03-03 08:05:00,2865.19,2865.55,2862.91,2864.07,413.0
2025-03-03 08:10:00,2864.08,2866.05,2863.83,2865.24,385.0
2025-03-03 08:15:00,2865.25,2865.29,2863.9,2863.91,320.0
2025-03-03 08:20:00,2863.89,2863.98,2862.79,2863.55,347.0
2025-03-03 08:25:00,2863.53,2863.83,2863.19,2863.31,311.0
2025-03-03 08:30:00,2863.43,2863.84,2861.82,2862.33,330.0
2025-03-03 08:35:00,2862.33,2863.14,2862.26,2862.54,322.0
2025-03-03 08:40:00,2862.44,2863.36,2862.3,2863.02,306.0
2025-03-03 08:45:00,2862.98,2864.26,2862.86,2863.8,322.0
2025-03-03 08:50:00,2863.76,2865.74,2863.76,2865.59,351.0
2025-03-03 08:55:00,2865.65,2865.81,2864.97,2865.59,299.0
2025-03-03 09:00:00,2865.91,2866.24,2864.99,2865.11,355.0
2025-03-03 09:05:00,2865.03,2865.61,2864.13,2864.16,336.0
2025-03-03 09:10:00,2864.17,2864.94,2862.63,2863.43,390.0
2025-03-03 09:15:00,2863.49,2863.69,2861.4,2862.51,363.0
2025-03-03 09:20:00,2862.54,2863.14,2861.96,2862.54,299.0
2025-03-03 09:25:00,2862.54,2862.82,2860.72,2861.46,317.0
2025-03-03 09:30:00,2861.33,2863.31,2861.08,2862.39,303.0
2025-03-03 09:35:00,2862.37,2862.4,2861.02,2861.87,277.0
2025-03-03 09:40:00,2862.1,2862.13,2861.11,2861.38,250.0
2025-03-03 09:45:00,2861.38,2861.5,2860.11,2860.85,251.0
2025-03-03 09:50:00,2860.81,2863.27,2860.45,2862.27,353.0
2025-03-03 09:55:00,2862.3,2863.42,2862.1,2863.33,328.0
2025-03-03 10:00:00,2863.48,2863.85,2861.95,2863.16,416.0
2025-03-03 10:05:00,2863.15,2863.67,2861.86,2863.67,427.0
2025-03-03 10:10:00,2863.66,2865.0,2863.17,2864.13,405.0
2025-03-03 10:15:00,2864.16,2864.57,2862.54,2863.33,350.0
2025-03-03 10:20:00,2863.29,2863.31,2860.34,2860.69,436.0
2025-03-03 10:25:00,2860.68,2860.8,2858.83,2860.13,385.0
2025-03-03 10:30:00,2859.94,2861.74,2859.11,2861.58,356.0
2025-03-03 10:35:00,2861.52,2865.84,2861.41,2865.26,437.0
2025-03-03 10:40:00,2865.19,2865.5,2863.89,2864.8,385.0
2025-03-03 10:45:00,2864.91,2867.26,2864.91,2866.39,406.0
2025-03-03 10:50:00,2866.41,2868.63,2866.21,2868.3,372.0
2025-03-03 10:55:00,2868.31,2868.77,2866.94,2868.56,426.0
2025-03-03 11:00:00,2868.72,2869.5,2867.09,2869.11,449.0
2025-03-03 11:05:00,2869.09,2869.81,2868.24,2869.02,407.0
2025-03-03 11:10:00,2869.13,2869.92,2868.1,2869.21,431.0
2025-03-03 11:15:00,2869.26,2871.05,2869.1,2869.81,383.0
2025-03-03 11:20:00,2869.66,2871.43,2869.45,2870.2,369.0
2025-03-03 11:25:00,2870.2,2870.81,2869.41,2869.56,317.0
2025-03-03 11:30:00,2869.55,2869.81,2867.89,2868.69,301.0
2025-03-03 11:35:00,2868.67,2869.42,2867.63,2868.09,336.0
2025-03-03 11:40:00,2867.96,2868.75,2864.28,2864.53,398.0
2025-03-03 11:45:00,2864.53,2867.64,2864.42,2866.49,459.0
2025-03-03 11:50:00,2866.44,2869.73,2866.21,2869.24,345.0
2025-03-03 11:55:00,2869.07,2869.86,2867.16,2867.45,272.0
2025-03-03 12:00:00,2867.46,2869.05,2867.46,2868.29,314.0
2025-03-03 12:05:00,2868.31,2868.43,2867.27,2867.81,287.0
2025-03-03 12:10:00,2867.76,2868.49,2867.24,2868.34,327.0
2025-03-03 12:15:00,2868.33,2868.94,2868.01,2868.53,331.0
2025-03-03 12:20:00,2868.54,2870.8,2868.54,2869.84,327.0
2025-03-03 12:25:00,2869.83,2869.85,2868.96,2869.07,257.0
2025-03-03 12:30:00,2869.21,2869.82,2868.57,2869.04,346.0
2025-03-03 12:35:00,2869.05,2870.18,2868.56,2869.57,264.0
2025-03-03 12:40:00,2869.61,2871.59,2868.76,2871.39,313.0
2025-03-03 12:45:00,2871.39,2872.12,2871.1,2871.81,260.0
2025-03-03 12:50:00,2871.85,2873.42,2871.29,2873.32,310.0
2025-03-03 12:55:00,2873.36,2873.57,2871.55,2871.93,297.0
2025-03-03 13:00:00,2871.93,2872.62,2871.25,2872.45,301.0
2025-03-03 13:05:00,2872.47,2874.15,2872.22,2873.47,285.0
2025-03-03 13:10:00,2873.48,2875.43,2873.4,2874.66,262.0
2025-03-03 13:15:00,2874.66,2874.69,2871.99,2871.99,309.0
2025-03-03 13:20:00,2871.99,2873.19,2871.76,2872.95,236.0
2025-03-03 13:25:00,2872.88,2873.32,2872.61,2873.25,162.0
2025-03-03 13:30:00,2873.25,2873.45,2871.85,2873.0,190.0
2025-03-03 13:35:00,2872.95,2873.43,2872.69,2873.1,246.0
2025-03-03 13:40:00,2873.1,2873.53,2872.51,2872.67,209.0
2025-03-03 13:45:00,2872.67,2874.37,2872.52,2874.23,213.0
2025-03-03 13:50:00,2874.32,2874.82,2873.82,2874.47,336.0
2025-03-03 13:55:00,2874.51,2875.23,2874.36,2874.36,216.0
2025-03-03 14:00:00,2874.24,2876.32,2874.24,2876.01,311.0
2025-03-03 14:05:00,2876.01,2876.38,2874.05,2875.24,277.0
2025-03-03 14:10:00,2875.24,2875.46,2873.95,2874.3,403.0
2025-03-03 14:15:00,2874.28,2875.11,2874.24,2874.76,235.0
2025-03-03 14:20:00,2874.77,2875.27,2874.24,2874.8,224.0
2025-03-03 14:25:00,2874.85,2876.2,2874.66,2876.19,250.0
2025-03-03 14:30:00,2876.21,2877.32,2876.02,2877.12,294.0
2025-03-03 14:35:00,2877.12,2877.65,2875.49,2876.61,404.0
2025-03-03 14:40:00,2876.64,2876.64,2874.44,2876.64,340.0
2025-03-03 14:45:00,2876.76,2877.36,2875.84,2876.21,271.0
2025-03-03 14:50:00,2876.21,2877.25,2875.9,2876.5,222.0
2025-03-03 14:55:00,2876.5,2876.89,2875.45,2875.63,290.0
2025-03-03 15:00:00,2875.57,2876.25,2874.21,2874.35,492.0
2025-03-03 15:05:00,2874.35,2874.9,2870.31,2871.09,426.0
2025-03-03 15:10:00,2871.04,2874.96,2868.72,2874.81,439.0
2025-03-03 15:15:00,2874.81,2875.3,2871.37,2871.67,439.0
2025-03-03 15:20:00,2871.36,2872.05,2870.68,2871.18,410.0
2025-03-03 15:25:00,2871.18,2872.31,2869.42,2871.07,429.0
2025-03-03 15:30:00,2870.85,2874.22,2870.29,2873.99,450.0
2025-03-03 15:35:00,2873.98,2874.97,2873.44,2873.72,356.0
2025-03-03 15:40:00,2873.99,2874.34,2871.86,2873.03,372.0
2025-03-03 15:45:00,2873.22,2873.47,2871.3,2872.58,313.0
2025-03-03 15:50:00,2872.58,2873.57,2872.16,2872.68,290.0
2025-03-03 15:55:00,2872.66,2873.34,2872.05,2872.63,334.0
2025-03-03 16:00:00,2872.63,2873.85,2871.29,2873.57,364.0
2025-03-03 16:05:00,2873.62,2875.28,2873.41,2873.65,370.0
2025-03-03 16:10:00,2873.65,2873.65,2871.43,2873.21,447.0
2025-03-03 16:15:00,2873.33,2874.4,2873.33,2873.9,383.0
2025-03-03 16:20:00,2873.85,2874.62,2873.53,2874.27,332.0
2025-03-03 16:25:00,2874.16,2874.32,2872.48,2873.81,322.0
2025-03-03 16:30:00,2873.7,2879.17,2873.7,2878.86,508.0
2025-03-03 16:35:00,2878.9,2882.8,2878.85,2881.87,538.0
2025-03-03 16:40:00,2881.81,2882.97,2877.82,2878.31,470.0
2025-03-03 16:45:00,2877.03,2879.32,2874.68,2878.35,496.0
2025-03-03 16:50:00,2878.09,2878.9,2876.39,2877.72,361.0
2025-03-03 16:55:00,2877.74,2878.66,2876.25,2876.68,371.0
2025-03-03 17:00:00,2875.65,2879.92,2873.82,2879.1,532.0
2025-03-03 17:05:00,2879.68,2881.84,2878.63,2879.24,485.0
2025-03-03 17:10:00,2878.96,2881.75,2878.3,2880.38,464.0
2025-03-03 17:15:00,2880.37,2883.21,2880.14,2882.79,447.0
2025-03-03 17:20:00,2882.46,2887.09,2882.43,2886.51,505.0
2025-03-03 17:25:00,2886.54,2889.61,2885.3,2889.19,520.0
2025-03-03 17:30:00,2889.47,2890.45,2886.44,2888.03,551.0
2025-03-03 17:35:00,2887.78,2887.89,2884.16,2886.05,478.0
2025-03-03 17:40:00,2886.03,2887.42,2885.53,2887.38,468.0
2025-03-03 17:45:00,2887.25,2887.26,2885.32,2886.41,459.0
2025-03-03 17:50:00,2886.36,2886.99,2884.73,2886.94,391.0
2025-03-03 17:55:00,2886.93,2888.33,2885.57,2887.85,446.0
2025-03-03 18:00:00,2887.92,2888.77,2887.21,2888.41,359.0
2025-03-03 18:05:00,2888.43,2889.19,2886.99,2887.73,333.0
2025-03-03 18:10:00,2887.69,2887.92,2886.15,2887.4,321.0
2025-03-03 18:15:00,2887.4,2888.74,2886.86,2887.83,322.0
2025-03-03 18:20:00,2887.8,2890.16,2886.69,2889.45,355.0
2025-03-03 18:25:00,2889.44,2889.44,2887.85,2888.88,324.0
2025-03-03 18:30:00,2888.75,2889.58,2888.32,2888.97,418.0
2025-03-03 18:35:00,2888.96,2890.98,2888.71,2890.58,457.0
2025-03-03 18:40:00,2890.57,2892.45,2890.5,2892.4,440.0
2025-03-03 18:45:00,2892.41,2893.09,2891.19,2891.92,418.0
2025-03-03 18:50:00,2891.86,2892.44,2891.22,2891.59,386.0
2025-03-03 18:55:00,2891.59,2892.49,2891.17,2891.42,394.0
2025-03-03 19:00:00,2891.42,2891.9,2891.06,2891.06,370.0
2025-03-03 19:05:00,2891.14,2892.86,2890.67,2891.17,314.0
2025-03-03 19:10:00,2891.22,2892.44,2890.71,2892.18,365.0
2025-03-03 19:15:00,2892.17,2892.17,2890.26,2890.94,374.0
2025-03-03 19:20:00,2891.08,2891.43,2888.45,2888.47,387.0
2025-03-03 19:25:00,2888.48,2889.53,2887.33,2889.53,400.0
2025-03-03 19:30:00,2889.42,2891.61,2888.07,2890.61,428.0
2025-03-03 19:35:00,2890.63,2891.47,2890.28,2890.68,381.0
2025-03-03 19:40:00,2890.67,2892.79,2890.36,2892.75,351.0
2025-03-03 19:45:00,2892.75,2892.92,2890.67,2890.78,356.0
2025-03-03 19:50:00,2890.73,2891.15,2890.01,2890.61,358.0
2025-03-03 19:55:00,2890.44,2890.97,2889.85,2890.82,411.0
2025-03-03 20:00:00,2890.8,2891.69,2890.18,2890.76,387.0
2025-03-03 20:05:00,2890.59,2890.99,2889.11,2890.78,367.0
2025-03-03 20:10:00,2890.76,2891.32,2889.49,2889.7,396.0
2025-03-03 20:15:00,2889.76,2891.49,2889.63,2891.23,435.0
2025-03-03 20:20:00,2891.22,2892.42,2890.5,2892.22,449.0
2025-03-03 20:25:00,2891.95,2892.14,2889.93,2890.52,412.0
2025-03-03 20:30:00,2890.58,2891.59,2888.69,2888.7,412.0
2025-03-03 20:35:00,2888.78,2888.95,2886.76,2887.28,420.0
2025-03-03 20:40:00,2887.26,2888.2,2886.72,2887.46,384.0
2025-03-03 20:45:00,2887.43,2891.79,2886.99,2889.43,446.0
2025-03-03 20:50:00,2889.39,2890.79,2888.63,2889.67,397.0
2025-03-03 20:55:00,2889.65,2890.0,2888.51,2889.96,363.0
2025-03-03 21:00:00,2889.91,2891.31,2889.83,2889.83,379.0
2025-03-03 21:05:00,2889.72,2889.95,2888.68,2889.79,383.0
2025-03-03 21:10:00,2889.78,2889.84,2888.51,2888.82,356.0
2025-03-03 21:15:00,2888.89,2889.07,2887.48,2888.05,355.0
2025-03-03 21:20:00,2888.05,2889.45,2887.95,2888.81,332.0
2025-03-03 21:25:00,2888.78,2888.88,2887.7,2888.44,342.0
2025-03-03 21:30:00,2888.42,2890.17,2888.33,2889.32,382.0
2025-03-03 21:35:00,2889.32,2889.46,2888.18,2888.54,324.0
2025-03-03 21:40:00,2888.45,2889.54,2887.12,2887.67,375.0
2025-03-03 21:45:00,2887.61,2887.61,2886.54,2886.99,363.0
2025-03-03 21:50:00,2886.96,2887.15,2882.28,2882.97,508.0
2025-03-03 21:55:00,2883.05,2883.44,2879.74,2881.59,494.0
2025-03-03 22:00:00,2881.55,2882.62,2878.41,2882.41,460.0
2025-03-03 22:05:00,2882.43,2885.16,2882.4,2883.54,431.0
2025-03-03 22:10:00,2883.54,2884.15,2881.23,2883.5,462.0
2025-03-03 22:15:00,2883.48,2886.37,2883.48,2885.36,411.0
2025-03-03 22:20:00,2885.52,2885.86,2883.04,2883.2,429.0
2025-03-03 22:25:00,2883.24,2883.68,2882.4,2883.24,452.0
2025-03-03 22:30:00,2883.24,2886.72,2883.24,2885.43,452.0
2025-03-03 22:35:00,2885.4,2885.8,2884.49,2885.01,440.0
2025-03-03 22:40:00,2884.98,2885.44,2884.19,2885.02,441.0
2025-03-03 22:45:00,2885.22,2888.39,2885.2,2888.34,457.0
2025-03-03 22:50:00,2888.06,2890.03,2887.83,2888.6,445.0
2025-03-03 22:55:00,2888.6,2891.49,2888.13,2890.45,414.0
2025-03-03 23:00:00,2890.62,2892.58,2890.4,2890.78,258.0
2025-03-03 23:05:00,2890.79,2891.03,2890.23,2891.01,180.0
2025-03-03 23:10:00,2891.05,2892.4,2890.97,2891.78,211.0
2025-03-03 23:15:00,2891.77,2892.37,2890.81,2891.94,173.0
2025-03-03 23:20:00,2892.12,2893.74,2892.12,2893.01,223.0
2025-03-03 23:25:00,2893.01,2895.16,2892.86,2894.73,149.0
2025-03-03 23:30:00,2894.73,2895.29,2894.04,2894.17,179.0
2025-03-03 23:35:00,2894.16,2894.17,2892.87,2893.25,199.0
2025-03-03 23:40:00,2893.07,2894.64,2892.89,2894.08,134.0
2025-03-03 23:45:00,2894.07,2894.66,2893.92,2893.96,128.0
2025-03-03 23:50:00,2893.87,2893.88,2892.85,2893.22,123.0
2025-03-03 23:55:00,2893.22,2893.44,2892.85,2892.99,103.0
2025-03-04 01:00:00,2892.44,2892.77,2891.5,2892.72,185.0
2025-03-04 01:05:00,2892.4,2893.12,2891.9,2892.14,109.0
2025-03-04 01:10:00,2891.98,2893.36,2891.97,2892.74,104.0
2025-03-04 01:15:00,2892.78,2893.4,2891.82,2892.26,85.0
2025-03-04 01:20:00,2892.35,2893.05,2892.07,2892.87,91.0
2025-03-04 01:25:00,2892.69,2893.09,2891.81,2892.29,89.0
2025-03-04 01:30:00,2892.29,2892.84,2891.6,2891.99,73.0
2025-03-04 01:35:00,2892.09,2892.09,2891.03,2891.66,95.0
2025-03-04 01:40:00,2891.68,2892.48,2891.07,2892.04,95.0
2025-03-04 01:45:00,2892.04,2892.15,2891.33,2891.44,95.0
2025-03-04 01:50:00,2891.81,2892.53,2890.92,2891.61,109.0
2025-03-04 01:55:00,2891.59,2891.65,2890.56,2890.96,186.0
2025-03-04 02:00:00,2890.97,2891.34,2890.38,2891.26,174.0
2025-03-04 02:05:00,2891.29,2891.98,2890.81,2891.28,117.0
2025-03-04 02:10:00,2891.28,2893.31,2891.26,2893.29,153.0
2025-03-04 02:15:00,2893.3,2893.82,2891.38,2891.53,215.0
2025-03-04 02:20:00,2891.54,2892.25,2891.39,2891.39,99.0
2025-03-04 02:25:00,2891.41,2891.46,2889.92,2890.52,184.0
2025-03-04 02:30:00,2890.49,2891.19,2889.95,2890.3,154.0
2025-03-04 02:35:00,2890.31,2891.8,2890.3,2891.8,147.0
2025-03-04 02:40:00,2891.83,2892.48,2891.1,2891.17,148.0
2025-03-04 02:45:00,2891.04,2891.68,2890.47,2890.73,141.0
2025-03-04 02:50:00,2890.72,2891.53,2890.28,2891.28,190.0
2025-03-04 02:55:00,2891.29,2892.48,2891.29,2891.8,296.0
2025-03-04 03:00:00,2891.86,2893.03,2889.27,2890.28,255.0
2025-03-04 03:05:00,2890.2,2890.37,2884.41,2884.49,341.0
2025-03-04 03:10:00,2884.49,2886.04,2883.04,2884.43,325.0
2025-03-04 03:15:00,2884.4,2885.46,2883.65,2884.24,372.0
2025-03-04 03:20:00,2884.61,2884.76,2883.39,2883.39,322.0
2025-03-04 03:25:00,2883.36,2884.16,2881.99,2884.02,352.0
2025-03-04 03:30:00,2884.06,2889.14,2883.5,2888.86,517.0
2025-03-04 03:35:00,2888.79,2888.87,2885.84,2885.93,436.0
2025-03-04 03:40:00,2885.89,2887.68,2885.44,2887.3,294.0
2025-03-04 03:45:00,2887.15,2888.5,2886.53,2887.93,376.0
2025-03-04 03:50:00,2887.88,2888.21,2886.46,2887.84,416.0
2025-03-04 03:55:00,2887.77,2889.23,2887.59,2888.34,378.0
2025-03-04 04:00:00,2888.29,2889.45,2887.04,2887.39,375.0
2025-03-04 04:05:00,2887.36,2887.93,2885.92,2887.56,354.0
2025-03-04 04:10:00,2887.56,2888.0,2886.98,2887.11,319.0
2025-03-04 04:15:00,2887.13,2887.28,2886.1,2886.56,384.0
2025-03-04 04:20:00,2886.62,2886.78,2886.07,2886.18,352.0
2025-03-04 04:25:00,2886.19,2886.19,2885.32,2885.76,332.0
2025-03-04 04:30:00,2885.77,2886.18,2884.71,2886.14,393.0
2025-03-04 04:35:00,2886.13,2888.13,2886.13,2887.02,328.0
2025-03-04 04:40:00,2887.01,2887.93,2886.91,2887.93,257.0
2025-03-04 04:45:00,2888.24,2889.01,2887.54,2887.92,256.0
2025-03-04 04:50:00,2887.92,2887.94,2886.65,2886.69,238.0
2025-03-04 04:55:00,2886.68,2886.75,2884.94,2885.5,315.0
2025-03-04 05:00:00,2885.43,2886.62,2884.91,2886.12,282.0
2025-03-04 05:05:00,2886.19,2887.46,2886.19,2887.16,196.0
2025-03-04 05:10:00,2887.32,2888.49,2887.02,2888.02,265.0
2025-03-04 05:15:00,2888.1,2892.74,2887.77,2891.98,349.0
2025-03-04 05:20:00,2891.96,2892.29,2889.84,2891.06,416.0
2025-03-04 05:25:00,2890.88,2892.16,2890.08,2891.9,344.0
2025-03-04 05:30:00,2891.95,2892.62,2890.78,2892.55,220.0
2025-03-04 05:35:00,2892.66,2892.92,2890.56,2890.64,232.0
2025-03-04 05:40:00,2890.66,2891.02,2889.23,2890.12,316.0
2025-03-04 05:45:00,2890.04,2890.75,2889.75,2890.44,151.0
2025-03-04 05:50:00,2890.45,2890.45,2888.56,2889.11,201.0
2025-03-04 05:55:00,2889.1,2889.52,2888.54,2888.67,202.0
2025-03-04 06:00:00,2888.52,2888.61,2886.88,2886.91,260.0
2025-03-04 06:05:00,2886.89,2887.87,2886.84,2887.25,277.0
2025-03-04 06:10:00,2887.2,2887.95,2887.06,2887.46,195.0
2025-03-04 06:15:00,2887.46,2888.26,2887.26,2888.16,236.0
2025-03-04 06:20:00,2888.07,2889.27,2888.02,2888.61,226.0
2025-03-04 06:25:00,2888.58,2889.67,2888.46,2889.28,168.0
2025-03-04 06:30:00,2889.29,2889.99,2888.98,2889.99,203.0
2025-03-04 06:35:00,2889.91,2890.23,2889.27,2889.92,197.0
2025-03-04 06:40:00,2889.9,2891.98,2889.86,2891.98,281.0
2025-03-04 06:45:00,2892.01,2892.8,2891.56,2892.53,248.0
2025-03-04 06:50:00,2892.51,2892.74,2891.52,2891.81,260.0
2025-03-04 06:55:00,2891.8,2892.34,2891.33,2891.34,280.0
2025-03-04 07:00:00,2891.34,2892.08,2890.56,2891.88,479.0
2025-03-04 07:05:00,2891.75,2892.65,2891.34,2892.13,370.0
2025-03-04 07:10:00,2892.13,2892.96,2891.84,2892.65,303.0
2025-03-04 07:15:00,2892.62,2893.1,2892.14,2892.64,316.0
2025-03-04 07:20:00,2892.68,2894.45,2892.08,2893.64,305.0
2025-03-04 07:25:00,2893.55,2893.61,2892.31,2892.47,242.0
2025-03-04 07:30:00,2892.47,2893.35,2891.78,2892.63,300.0
2025-03-04 07:35:00,2892.64,2892.76,2891.1,2891.2,204.0
2025-03-04 07:40:00,2891.31,2892.22,2891.01,2892.22,233.0
2025-03-04 07:45:00,2892.05,2892.12,2889.33,2889.83,242.0
2025-03-04 07:50:00,2889.83,2890.48,2888.46,2889.15,244.0
2025-03-04 07:55:00,2889.16,2889.92,2888.6,2889.7,194.0
2025-03-04 08:00:00,2889.68,2889.72,2888.67,2888.92,191.0
2025-03-04 08:05:00,2888.93,2889.96,2888.36,2889.17,234.0
2025-03-04 08:10:00,2889.1,2889.1,2888.01,2888.08,220.0
2025-03-04 08:15:00,2888.09,2888.63,2886.69,2888.3,345.0
2025-03-04 08:20:00,2888.3,2888.89,2887.8,2888.27,219.0
2025-03-04 08:25:00,2888.19,2888.28,2886.85,2887.8,258.0
2025-03-04 08:30:00,2887.81,2888.01,2887.24,2887.6,254.0
2025-03-04 08:35:00,2887.52,2887.95,2885.56,2885.89,313.0
2025-03-04 08:40:00,2885.87,2886.4,2884.89,2886.17,294.0
2025-03-04 08:45:00,2886.18,2886.46,2885.32,2886.2,261.0
2025-03-04 08:50:00,2886.19,2886.19,2884.29,2885.43,290.0
2025-03-04 08:55:00,2885.34,2887.91,2884.54,2887.26,326.0
2025-03-04 09:00:00,2887.42,2888.34,2887.06,2887.72,289.0
2025-03-04 09:05:00,2887.82,2889.97,2887.47,2889.75,442.0
2025-03-04 09:10:00,2889.81,2891.96,2889.65,2891.37,361.0
2025-03-04 09:15:00,2891.38,2893.59,2891.29,2893.34,275.0
2025-03-04 09:20:00,2893.33,2894.54,2893.25,2893.91,285.0
2025-03-04 09:25:00,2893.86,2901.13,2893.46,2899.24,313.0
2025-03-04 09:30:00,2899.33,2900.56,2896.39,2897.06,341.0
2025-03-04 09:35:00,2897.04,2898.94,2896.32,2898.52,317.0
2025-03-04 09:40:00,2898.39,2898.57,2896.86,2898.51,246.0
2025-03-04 09:45:00,2898.52,2898.92,2896.74,2897.73,240.0
2025-03-04 09:50:00,2897.72,2898.98,2897.33,2898.31,269.0
2025-03-04 09:55:00,2898.29,2900.31,2897.92,2899.98,322.0
2025-03-04 10:00:00,2899.66,2899.73,2896.77,2897.44,466.0
2025-03-04 10:05:00,2897.45,2901.1,2897.32,2900.48,450.0
2025-03-04 10:10:00,2900.48,2906.51,2900.12,2905.47,456.0
2025-03-04 10:15:00,2905.54,2910.19,2905.41,2910.03,441.0
2025-03-04 10:20:00,2910.11,2910.13,2906.61,2907.43,415.0
2025-03-04 10:25:00,2907.36,2913.9,2907.31,2913.81,412.0
2025-03-04 10:30:00,2913.86,2915.65,2912.57,2914.09,428.0
2025-03-04 10:35:00,2914.16,2918.79,2913.07,2918.04,436.0
2025-03-04 10:40:00,2918.18,2918.27,2912.86,2913.74,428.0
2025-03-04 10:45:00,2913.53,2913.63,2911.32,2912.58,368.0
2025-03-04 10:50:00,2912.54,2912.88,2910.41,2911.89,345.0
2025-03-04 10:55:00,2911.86,2914.14,2910.63,2913.96,399.0
2025-03-04 11:00:00,2914.39,2915.14,2912.71,2914.19,302.0
2025-03-04 11:05:00,2914.21,2915.1,2912.52,2913.81,257.0
2025-03-04 11:10:00,2913.83,2916.36,2913.83,2915.34,276.0
2025-03-04 11:15:00,2915.34,2916.83,2915.05,2916.68,309.0
2025-03-04 11:20:00,2916.68,2919.0,2916.19,2917.69,306.0
2025-03-04 11:25:00,2917.69,2920.59,2917.59,2919.92,331.0
2025-03-04 11:30:00,2919.91,2921.35,2919.91,2920.49,333.0
2025-03-04 11:35:00,2920.44,2920.48,2917.2,2918.29,395.0
2025-03-04 11:40:00,2918.28,2919.81,2916.82,2919.48,282.0
2025-03-04 11:45:00,2919.58,2920.8,2919.43,2919.74,288.0
2025-03-04 11:50:00,2919.75,2920.61,2918.23,2920.27,249.0
2025-03-04 11:55:00,2920.22,2920.42,2917.74,2918.09,278.0
2025-03-04 12:00:00,2917.98,2918.19,2913.71,2913.86,396.0
2025-03-04 12:05:00,2913.78,2916.83,2912.5,2916.31,333.0
2025-03-04 12:10:00,2916.31,2916.31,2913.43,2915.75,234.0
2025-03-04 12:15:00,2915.74,2916.51,2914.69,2916.17,249.0
2025-03-04 12:20:00,2916.18,2916.81,2914.98,2915.52,302.0
2025-03-04 12:25:00,2915.43,2915.59,2914.2,2915.09,291.0
2025-03-04 12:30:00,2915.18,2915.19,2912.07,2914.37,336.0
2025-03-04 12:35:00,2914.36,2914.61,2912.48,2913.66,287.0
2025-03-04 12:40:00,2913.69,2916.21,2913.66,2914.56,310.0
2025-03-04 12:45:00,2914.56,2915.2,2914.19,2914.36,278.0
2025-03-04 12:50:00,2914.34,2915.13,2914.25,2914.44,247.0
2025-03-04 12:55:00,2914.41,2915.14,2913.84,2914.7,236.0
2025-03-04 13:00:00,2914.69,2915.93,2913.03,2915.93,302.0
2025-03-04 13:05:00,2916.05,2917.6,2915.78,2917.53,266.0
2025-03-04 13:10:00,2917.52,2917.71,2916.63,2917.18,234.0
2025-03-04 13:15:00,2917.21,2917.57,2917.01,2917.18,279.0
2025-03-04 13:20:00,2917.12,2917.36,2916.16,2917.04,267.0
2025-03-04 13:25:00,2917.13,2917.67,2916.72,2917.2,269.0
2025-03-04 13:30:00,2917.03,2917.58,2916.19,2917.56,282.0
2025-03-04 13:35:00,2917.55,2919.48,2917.39,2919.16,304.0
2025-03-04 13:40:00,2919.23,2919.99,2917.99,2918.9,277.0
2025-03-04 13:45:00,2918.94,2919.49,2917.84,2918.15,325.0
2025-03-04 13:50:00,2918.2,2921.68,2918.2,2920.38,338.0
2025-03-04 13:55:00,2920.4,2920.76,2918.77,2920.08,398.0
2025-03-04 14:00:00,2920.03,2920.19,2919.14,2919.65,338.0
2025-03-04 14:05:00,2919.68,2920.83,2919.39,2920.48,231.0
2025-03-04 14:10:00,2920.48,2921.09,2919.84,2920.99,306.0
2025-03-04 14:15:00,2920.99,2921.24,2918.73,2920.98,357.0
2025-03-04 14:20:00,2920.99,2922.21,2920.76,2921.89,343.0
2025-03-04 14:25:00,2921.92,2923.77,2921.92,2922.68,328.0
2025-03-04 14:30:00,2922.69,2922.95,2919.64,2919.72,380.0
2025-03-04 14:35:00,2919.74,2920.6,2919.25,2919.81,338.0
2025-03-04 14:40:00,2919.8,2924.39,2919.8,2923.65,393.0
2025-03-04 14:45:00,2923.64,2923.8,2922.37,2923.25,324.0
2025-03-04 14:50:00,2923.29,2924.42,2922.96,2924.1,331.0
2025-03-04 14:55:00,2923.95,2925.42,2923.56,2924.8,309.0
2025-03-04 15:00:00,2925.03,2926.23,2923.32,2925.98,519.0
2025-03-04 15:05:00,2926.03,2927.76,2925.66,2927.35,462.0
2025-03-04 15:10:00,2927.35,2927.67,2924.4,2926.59,489.0
2025-03-04 15:15:00,2926.55,2926.64,2925.15,2926.13,463.0
2025-03-04 15:20:00,2925.73,2926.98,2923.58,2924.09,503.0
2025-03-04 15:25:00,2924.07,2925.45,2921.08,2921.67,488.0
2025-03-04 15:30:00,2921.71,2925.7,2921.71,2924.63,469.0
2025-03-04 15:35:00,2924.65,2925.35,2923.99,2924.81,433.0
2025-03-04 15:40:00,2924.51,2926.19,2920.26,2921.53,479.0
2025-03-04 15:45:00,2921.52,2923.36,2919.88,2922.3,514.0
2025-03-04 15:50:00,2922.29,2923.69,2920.48,2922.64,472.0
2025-03-04 15:55:00,2922.66,2923.02,2921.86,2922.59,414.0
2025-03-04 16:00:00,2922.73,2923.12,2920.82,2922.13,386.0
2025-03-04 16:05:00,2922.14,2922.4,2919.71,2921.2,498.0
2025-03-04 16:10:00,2920.37,2921.12,2917.99,2918.17,480.0
2025-03-04 16:15:00,2918.42,2918.59,2915.52,2916.98,525.0
2025-03-04 16:20:00,2917.06,2917.3,2914.32,2916.62,508.0
2025-03-04 16:25:00,2916.65,2917.02,2914.58,2916.38,454.0
2025-03-04 16:30:00,2916.39,2919.05,2913.87,2913.87,530.0
2025-03-04 16:35:00,2914.15,2914.72,2910.61,2912.97,514.0
2025-03-04 16:40:00,2912.87,2914.75,2907.93,2911.47,517.0
2025-03-04 16:45:00,2911.77,2912.06,2907.35,2909.68,528.0
2025-03-04 16:50:00,2909.73,2912.21,2908.92,2910.0,523.0
2025-03-04 16:55:00,2909.94,2910.48,2903.29,2903.46,539.0
2025-03-04 17:00:00,2903.02,2908.88,2900.34,2906.85,558.0
2025-03-04 17:05:00,2906.87,2911.11,2906.47,2910.99,525.0
2025-03-04 17:10:00,2911.02,2912.16,2910.09,2911.1,527.0
2025-03-04 17:15:00,2911.1,2911.5,2904.32,2905.6,520.0
2025-03-04 17:20:00,2905.36,2906.38,2902.01,2905.98,512.0
2025-03-04 17:25:00,2906.09,2907.42,2903.98,2906.88,512.0
2025-03-04 17:30:00,2906.66,2909.87,2906.0,2908.7,488.0
2025-03-04 17:35:00,2908.63,2910.54,2907.41,2908.14,477.0
2025-03-04 17:40:00,2908.11,2910.36,2907.86,2909.31,503.0
2025-03-04 17:45:00,2909.29,2910.17,2905.53,2906.46,533.0
2025-03-04 17:50:00,2906.52,2907.61,2904.0,2904.51,527.0
2025-03-04 17:55:00,2904.43,2906.77,2904.12,2906.03,495.0
2025-03-04 18:00:00,2906.01,2907.6,2905.85,2906.27,488.0
2025-03-04 18:05:00,2906.03,2907.45,2903.82,2904.36,459.0
2025-03-04 18:10:00,2904.57,2909.43,2904.08,2909.37,492.0
2025-03-04 18:15:00,2909.32,2909.6,2907.44,2909.02,469.0
2025-03-04 18:20:00,2909.07,2910.01,2908.09,2909.15,446.0
2025-03-04 18:25:00,2909.12,2909.46,2906.96,2908.02,424.0
2025-03-04 18:30:00,2908.25,2909.41,2907.44,2908.13,437.0
2025-03-04 18:35:00,2908.36,2910.54,2907.96,2909.94,440.0
2025-03-04 18:40:00,2909.88,2910.91,2908.67,2910.71,426.0
2025-03-04 18:45:00,2910.7,2913.22,2909.33,2912.43,450.0
2025-03-04 18:50:00,2912.35,2914.18,2912.07,2914.0,425.0
2025-03-04 18:55:00,2914.0,2915.87,2913.94,2915.19,448.0
2025-03-04 19:00:00,2915.27,2916.37,2914.29,2915.75,401.0
2025-03-04 19:05:00,2915.68,2916.03,2914.66,2915.06,376.0
2025-03-04 19:10:00,2915.04,2916.38,2914.37,2914.6,400.0
2025-03-04 19:15:00,2914.59,2914.84,2914.01,2914.3,359.0
2025-03-04 19:20:00,2914.27,2915.41,2913.71,2913.77,373.0
2025-03-04 19:25:00,2913.75,2914.63,2913.1,2914.55,392.0
2025-03-04 19:30:00,2914.22,2914.74,2912.71,2914.42,375.0
2025-03-04 19:35:00,2914.47,2914.47,2913.42,2913.74,359.0
2025-03-04 19:40:00,2913.75,2914.2,2912.36,2913.81,422.0
2025-03-04 19:45:00,2913.79,2915.59,2913.58,2914.15,356.0
2025-03-04 19:50:00,2914.17,2914.17,2912.65,2912.67,409.0
2025-03-04 19:55:00,2912.77,2913.05,2911.09,2911.63,375.0
2025-03-04 20:00:00,2911.57,2912.3,2911.24,2911.63,333.0
2025-03-04 20:05:00,2911.58,2912.87,2911.02,2912.23,399.0
2025-03-04 20:10:00,2912.15,2914.25,2912.06,2913.82,395.0
2025-03-04 20:15:00,2913.9,2915.16,2913.72,2914.56,384.0
2025-03-04 20:20:00,2914.59,2914.76,2911.17,2911.59,376.0
2025-03-04 20:25:00,2911.41,2911.41,2909.33,2909.95,408.0
2025-03-04 20:30:00,2910.0,2910.15,2908.32,2909.47,362.0
2025-03-04 20:35:00,2909.53,2910.01,2908.6,2909.73,354.0
2025-03-04 20:40:00,2909.78,2909.98,2908.63,2908.84,343.0
2025-03-04 20:45:00,2908.76,2909.66,2908.5,2908.69,259.0
2025-03-04 20:50:00,2908.8,2910.06,2908.38,2909.72,260.0
2025-03-04 20:55:00,2909.68,2911.29,2909.65,2911.19,324.0
2025-03-04 21:00:00,2911.11,2913.94,2911.11,2913.3,415.0
2025-03-04 21:05:00,2913.31,2915.14,2913.03,2914.15,374.0
2025-03-04 21:10:00,2914.31,2914.41,2912.07,2912.35,371.0
2025-03-04 21:15:00,2912.33,2912.86,2911.85,2912.64,372.0
2025-03-04 21:20:00,2912.7,2914.35,2912.67,2913.58,279.0
2025-03-04 21:25:00,2913.56,2914.15,2912.07,2912.54,338.0
2025-03-04 21:30:00,2912.7,2914.4,2912.64,2913.27,342.0
2025-03-04 21:35:00,2913.26,2914.45,2912.99,2914.16,287.0
2025-03-04 21:40:00,2914.06,2914.46,2913.49,2914.29,307.0
2025-03-04 21:45:00,2914.29,2915.78,2914.25,2915.2,297.0
2025-03-04 21:50:00,2915.2,2916.0,2915.08,2915.78,276.0
2025-03-04 21:55:00,2915.74,2916.51,2915.67,2916.1,312.0
2025-03-04 22:00:00,2915.92,2917.07,2915.74,2915.85,365.0
2025-03-04 22:05:00,2916.01,2917.74,2915.58,2917.74,330.0
2025-03-04 22:10:00,2917.73,2918.68,2917.07,2918.55,366.0
2025-03-04 22:15:00,2918.54,2919.89,2917.85,2919.87,334.0
2025-03-04 22:20:00,2920.02,2920.52,2919.0,2919.02,343.0
2025-03-04 22:25:00,2919.01,2920.02,2918.45,2918.6,388.0
2025-03-04 22:30:00,2918.62,2918.64,2915.58,2916.92,440.0
2025-03-04 22:35:00,2916.93,2916.93,2915.61,2915.63,387.0
2025-03-04 22:40:00,2915.5,2916.3,2914.37,2916.3,409.0
2025-03-04 22:45:00,2916.47,2917.31,2915.71,2917.0,394.0
2025-03-04 22:50:00,2916.73,2917.01,2914.53,2916.38,434.0
2025-03-04 22:55:00,2916.65,2917.75,2916.3,2917.17,418.0
2025-03-04 23:00:00,2917.47,2918.43,2917.45,2917.76,257.0
2025-03-04 23:05:00,2917.62,2917.67,2916.54,2916.75,183.0
2025-03-04 23:10:00,2916.82,2916.95,2915.21,2915.37,263.0
2025-03-04 23:15:00,2915.36,2915.68,2914.44,2914.7,211.0
2025-03-04 23:20:00,2914.37,2914.67,2913.2,2914.19,240.0
2025-03-04 23:25:00,2914.19,2915.13,2913.88,2915.06,202.0
2025-03-04 23:30:00,2915.06,2915.43,2914.41,2914.53,182.0
2025-03-04 23:35:00,2914.48,2914.58,2913.9,2914.56,172.0
2025-03-04 23:40:00,2914.54,2916.18,2914.2,2916.18,137.0
2025-03-04 23:45:00,2916.07,2917.85,2915.32,2917.55,151.0
2025-03-04 23:50:00,2917.42,2917.46,2916.41,2916.96,128.0
2025-03-04 23:55:00,2917.36,2917.97,2917.35,2917.7,150.0
2025-03-05 01:00:00,2918.13,2918.27,2917.06,2917.78,271.0
2025-03-05 01:05:00,2917.78,2917.78,2916.69,2916.69,81.0
2025-03-05 01:10:00,2916.55,2917.28,2916.45,2916.9,93.0
2025-03-05 01:15:00,2916.88,2917.02,2916.37,2916.64,92.0
2025-03-05 01:20:00,2916.67,2916.67,2915.76,2915.8,81.0
2025-03-05 01:25:00,2915.79,2916.49,2915.51,2916.17,91.0
2025-03-05 01:30:00,2916.44,2916.44,2914.83,2915.01,95.0
2025-03-05 01:35:00,2914.94,2915.78,2913.39,2915.35,85.0
2025-03-05 01:40:00,2915.18,2915.92,2915.05,2915.05,90.0
2025-03-05 01:45:00,2915.08,2915.2,2914.33,2914.81,97.0
2025-03-05 01:50:00,2914.82,2915.57,2914.46,2915.31,100.0
2025-03-05 01:55:00,2915.17,2915.26,2914.22,2914.33,72.0
2025-03-05 02:00:00,2914.29,2914.45,2912.39,2913.29,167.0
2025-03-05 02:05:00,2913.23,2914.3,2912.24,2914.19,255.0
2025-03-05 02:10:00,2914.17,2915.0,2913.8,2914.23,201.0
2025-03-05 02:15:00,2914.24,2915.45,2913.79,2915.32,201.0
2025-03-05 02:20:00,2915.32,2915.87,2914.9,2915.45,186.0
2025-03-05 02:25:00,2915.45,2916.88,2915.37,2916.5,170.0
2025-03-05 02:30:00,2916.51,2916.87,2915.18,2915.22,235.0
2025-03-05 02:35:00,2915.07,2915.27,2914.33,2915.07,210.0
2025-03-05 02:40:00,2914.99,2915.53,2914.47,2914.53,133.0
2025-03-05 02:45:00,2914.53,2915.04,2914.26,2914.8,127.0
2025-03-05 02:50:00,2914.8,2915.08,2913.62,2914.57,107.0
2025-03-05 02:55:00,2914.63,2914.86,2913.78,2914.05,91.0
2025-03-05 03:00:00,2914.21,2915.03,2913.43,2914.24,442.0
2025-03-05 03:05:00,2914.12,2914.25,2912.59,2913.21,415.0
2025-03-05 03:10:00,2913.19,2913.56,2904.47,2908.23,424.0
2025-03-05 03:15:00,2908.13,2909.84,2904.05,2904.09,369.0
2025-03-05 03:20:00,2904.09,2909.26,2903.59,2908.04,341.0
2025-03-05 03:25:00,2908.07,2910.68,2906.89,2910.68,394.0
2025-03-05 03:30:00,2910.57,2911.16,2908.36,2910.19,471.0
2025-03-05 03:35:00,2910.23,2911.32,2908.51,2909.24,401.0
2025-03-05 03:40:00,2909.26,2910.71,2908.64,2910.61,291.0
2025-03-05 03:45:00,2910.51,2910.73,2908.99,2909.3,304.0
2025-03-05 03:50:00,2909.29,2910.56,2908.57,2909.4,335.0
2025-03-05 03:55:00,2909.35,2909.5,2906.79,2907.15,247.0
2025-03-05 04:00:00,2907.22,2909.12,2905.78,2908.34,395.0
2025-03-05 04:05:00,2908.58,2911.02,2908.45,2910.91,483.0
2025-03-05 04:10:00,2910.92,2911.36,2910.07,2911.2,312.0
2025-03-05 04:15:00,2911.21,2914.51,2910.87,2914.26,299.0
2025-03-05 04:20:00,2914.27,2914.29,2912.3,2912.66,297.0
2025-03-05 04:25:00,2912.67,2912.7,2907.05,2907.05,453.0
2025-03-05 04:30:00,2907.6,2908.92,2903.82,2905.52,450.0
2025-03-05 04:35:00,2905.44,2907.0,2902.16,2906.82,423.0
2025-03-05 04:40:00,2906.91,2908.31,2906.55,2907.61,408.0
2025-03-05 04:45:00,2907.64,2908.39,2906.8,2906.91,310.0
2025-03-05 04:50:00,2906.83,2907.1,2905.03,2906.79,244.0
2025-03-05 04:55:00,2906.61,2906.83,2902.19,2904.31,331.0
2025-03-05 05:00:00,2904.36,2908.72,2903.37,2907.96,416.0
2025-03-05 05:05:00,2907.96,2908.84,2904.36,2906.25,357.0
2025-03-05 05:10:00,2906.28,2908.85,2905.76,2908.75,409.0
2025-03-05 05:15:00,2908.77,2910.09,2908.08,2908.36,323.0
2025-03-05 05:20:00,2908.65,2909.79,2907.94,2909.54,233.0
2025-03-05 05:25:00,2909.53,2910.67,2908.97,2910.54,241.0
2025-03-05 05:30:00,2910.61,2910.69,2908.39,2908.75,313.0
2025-03-05 05:35:00,2908.77,2910.61,2908.03,2910.37,229.0
2025-03-05 05:40:00,2910.39,2911.32,2909.77,2910.78,193.0
2025-03-05 05:45:00,2910.68,2913.4,2910.59,2912.99,239.0
2025-03-05 05:50:00,2912.99,2913.07,2909.33,2909.52,245.0
2025-03-05 05:55:00,2909.54,2910.94,2908.69,2908.72,359.0
2025-03-05 06:00:00,2908.69,2911.0,2908.56,2910.34,367.0
2025-03-05 06:05:00,2910.33,2911.52,2909.91,2910.91,226.0
2025-03-05 06:10:00,2910.9,2911.85,2910.81,2911.27,168.0
2025-03-05 06:15:00,2911.29,2911.38,2910.32,2910.74,113.0
2025-03-05 06:20:00,2910.61,2912.22,2910.34,2911.55,136.0
2025-03-05 06:25:00,2911.53,2912.47,2911.49,2912.01,152.0
2025-03-05 06:30:00,2912.0,2912.0,2911.02,2911.5,222.0
2025-03-05 06:35:00,2911.5,2912.63,2911.34,2912.49,145.0
2025-03-05 06:40:00,2912.48,2912.56,2911.92,2912.16,157.0
2025-03-05 06:45:00,2912.21,2912.36,2911.57,2911.8,199.0
2025-03-05 06:50:00,2911.81,2912.24,2911.29,2911.61,198.0
2025-03-05 06:55:00,2911.62,2911.7,2909.75,2910.5,241.0
2025-03-05 07:00:00,2910.47,2911.29,2910.02,2911.16,323.0
2025-03-05 07:05:00,2911.15,2911.69,2911.02,2911.3,150.0
2025-03-05 07:10:00,2911.31,2911.63,2910.87,2911.37,123.0
2025-03-05 07:15:00,2911.57,2911.59,2910.34,2910.53,192.0
2025-03-05 07:20:00,2910.46,2911.82,2910.36,2911.2,205.0
2025-03-05 07:25:00,2911.22,2912.87,2911.1,2912.01,344.0
2025-03-05 07:30:00,2911.98,2913.02,2911.5,2911.98,391.0
2025-03-05 07:35:00,2912.03,2913.01,2911.17,2911.92,270.0
2025-03-05 07:40:00,2911.97,2913.29,2911.97,2913.16,357.0
2025-03-05 07:45:00,2913.12,2915.52,2912.92,2915.01,300.0
2025-03-05 07:50:00,2915.04,2917.16,2914.87,2916.98,279.0
2025-03-05 07:55:00,2917.0,2918.74,2916.62,2918.74,223.0
2025-03-05 08:00:00,2918.66,2919.4,2917.44,2918.06,295.0
2025-03-05 08:05:00,2918.13,2918.85,2917.75,2918.43,216.0
2025-03-05 08:10:00,2918.43,2919.61,2918.28,2919.33,206.0
2025-03-05 08:15:00,2919.38,2921.63,2919.17,2920.27,333.0
2025-03-05 08:20:00,2920.26,2920.26,2916.78,2918.7,389.0
2025-03-05 08:25:00,2918.78,2918.82,2916.91,2918.58,384.0
2025-03-05 08:30:00,2918.51,2919.2,2918.13,2919.15,409.0
2025-03-05 08:35:00,2919.17,2919.64,2915.58,2915.65,338.0
2025-03-05 08:40:00,2915.72,2917.9,2913.58,2917.61,402.0
2025-03-05 08:45:00,2917.61,2917.97,2915.71,2915.82,327.0
2025-03-05 08:50:00,2915.77,2916.67,2915.49,2916.25,213.0
2025-03-05 08:55:00,2916.1,2917.19,2915.64,2916.96,201.0
2025-03-05 09:00:00,2917.04,2918.91,2917.04,2918.84,420.0
2025-03-05 09:05:00,2918.84,2919.8,2918.35,2918.57,361.0
2025-03-05 09:10:00,2918.52,2918.63,2917.27,2917.63,305.0
2025-03-05 09:15:00,2917.62,2918.13,2916.15,2917.37,424.0
2025-03-05 09:20:00,2917.37,2917.94,2914.94,2915.13,422.0
2025-03-05 09:25:00,2915.45,2916.66,2915.45,2915.77,335.0
2025-03-05 09:30:00,2916.03,2916.25,2914.68,2914.97,339.0
2025-03-05 09:35:00,2914.96,2916.76,2914.57,2916.34,424.0
2025-03-05 09:40:00,2916.33,2917.69,2915.1,2915.84,378.0
2025-03-05 09:45:00,2915.83,2916.28,2914.28,2914.28,388.0
2025-03-05 09:50:00,2914.05,2916.28,2913.08,2914.78,431.0
2025-03-05 09:55:00,2914.75,2918.01,2914.62,2918.01,405.0
2025-03-05 10:00:00,2917.7,2919.5,2916.75,2918.86,462.0
2025-03-05 10:05:00,2918.85,2921.14,2918.32,2918.9,442.0
2025-03-05 10:10:00,2918.8,2921.59,2918.43,2921.3,452.0
2025-03-05 10:15:00,2921.28,2922.02,2920.18,2921.23,500.0
2025-03-05 10:20:00,2921.21,2921.69,2919.43,2919.62,429.0
2025-03-05 10:25:00,2919.52,2920.51,2919.09,2919.86,363.0
2025-03-05 10:30:00,2919.85,2920.23,2917.23,2919.29,449.0
2025-03-05 10:35:00,2919.29,2920.65,2919.09,2919.57,359.0
2025-03-05 10:40:00,2919.55,2920.33,2918.61,2919.34,392.0
2025-03-05 10:45:00,2919.35,2920.13,2918.48,2919.77,379.0
2025-03-05 10:50:00,2919.76,2920.92,2919.52,2920.19,307.0
2025-03-05 10:55:00,2920.26,2920.53,2919.01,2919.92,379.0
2025-03-05 11:00:00,2919.95,2922.53,2919.43,2921.26,426.0
2025-03-05 11:05:00,2921.26,2922.16,2919.09,2919.12,350.0
2025-03-05 11:10:00,2919.04,2919.45,2918.08,2919.19,385.0
2025-03-05 11:15:00,2919.28,2919.74,2917.81,2918.0,399.0
2025-03-05 11:20:00,2918.0,2918.27,2916.21,2916.38,456.0
2025-03-05 11:25:00,2916.35,2916.66,2915.04,2916.41,299.0
2025-03-05 11:30:00,2916.41,2916.41,2914.7,2915.14,333.0
2025-03-05 11:35:00,2915.13,2916.64,2913.25,2916.39,391.0
2025-03-05 11:40:00,2916.41,2918.23,2916.35,2918.02,306.0
2025-03-05 11:45:00,2918.13,2918.51,2916.78,2917.19,391.0
2025-03-05 11:50:00,2917.27,2919.35,2916.91,2918.35,367.0
2025-03-05 11:55:00,2918.34,2919.4,2918.01,2918.81,321.0
2025-03-05 12:00:00,2918.76,2919.1,2916.85,2917.03,388.0
2025-03-05 12:05:00,2916.98,2918.02,2916.62,2917.82,366.0
2025-03-05 12:10:00,2917.72,2917.88,2916.9,2916.95,331.0
2025-03-05 12:15:00,2917.33,2917.76,2916.62,2917.24,339.0
2025-03-05 12:20:00,2917.23,2917.45,2914.09,2914.45,372.0
2025-03-05 12:25:00,2914.45,2917.74,2914.45,2917.3,355.0
2025-03-05 12:30:00,2917.38,2918.3,2916.58,2917.14,338.0
2025-03-05 12:35:00,2917.21,2917.91,2915.12,2915.65,395.0
2025-03-05 12:40:00,2915.61,2916.23,2914.74,2915.19,358.0
2025-03-05 12:45:00,2915.34,2915.6,2914.59,2915.14,300.0
2025-03-05 12:50:00,2915.14,2915.45,2913.67,2914.38,362.0
2025-03-05 12:55:00,2914.42,2914.47,2909.07,2913.37,478.0
2025-03-05 13:00:00,2913.25,2915.42,2913.08,2914.82,413.0
2025-03-05 13:05:00,2914.82,2915.03,2913.0,2914.68,397.0
2025-03-05 13:10:00,2914.69,2914.92,2914.0,2914.33,250.0
2025-03-05 13:15:00,2914.31,2915.05,2913.86,2914.66,293.0
2025-03-05 13:20:00,2914.66,2914.87,2913.91,2914.28,297.0
2025-03-05 13:25:00,2914.28,2914.31,2913.29,2913.57,267.0
2025-03-05 13:30:00,2913.8,2913.92,2912.58,2913.92,351.0
2025-03-05 13:35:00,2913.8,2915.21,2913.53,2914.89,326.0
2025-03-05 13:40:00,2914.98,2916.66,2914.96,2915.28,288.0
2025-03-05 13:45:00,2915.33,2917.23,2914.41,2914.41,359.0
2025-03-05 13:50:00,2914.29,2914.48,2912.72,2913.54,365.0
2025-03-05 13:55:00,2913.42,2913.94,2911.97,2913.2,355.0
2025-03-05 14:00:00,2913.33,2916.06,2912.27,2915.96,379.0
2025-03-05 14:05:00,2916.05,2917.37,2915.4,2915.61,384.0
2025-03-05 14:10:00,2915.26,2917.92,2915.26,2917.84,367.0
2025-03-05 14:15:00,2917.83,2918.9,2917.08,2917.12,389.0
2025-03-05 14:20:00,2917.13,2918.16,2916.16,2918.12,441.0
2025-03-05 14:25:00,2918.23,2919.27,2917.84,2918.45,351.0
2025-03-05 14:30:00,2918.44,2918.83,2916.42,2916.72,361.0
2025-03-05 14:35:00,2916.72,2918.04,2916.32,2916.52,378.0
2025-03-05 14:40:00,2916.53,2916.8,2914.28,2915.66,422.0
2025-03-05 14:45:00,2915.66,2915.89,2914.19,2915.21,373.0
2025-03-05 14:50:00,2915.2,2917.27,2914.48,2917.01,373.0
2025-03-05 14:55:00,2917.04,2917.28,2916.03,2916.1,350.0
2025-03-05 15:00:00,2915.95,2915.99,2913.56,2914.67,523.0
2025-03-05 15:05:00,2914.44,2915.39,2912.02,2912.39,452.0
2025-03-05 15:10:00,2912.35,2914.28,2912.12,2913.67,285.0
2025-03-05 15:15:00,2914.58,2916.41,2912.28,2913.31,461.0
2025-03-05 15:20:00,2913.35,2914.76,2911.34,2912.74,469.0
2025-03-05 15:25:00,2912.86,2914.77,2912.22,2913.05,476.0
2025-03-05 15:30:00,2913.13,2913.83,2906.85,2908.81,499.0
2025-03-05 15:35:00,2908.82,2911.36,2907.27,2909.85,453.0
2025-03-05 15:40:00,2909.84,2910.26,2898.21,2899.86,500.0
2025-03-05 15:45:00,2899.86,2903.94,2895.45,2896.28,542.0
2025-03-05 15:50:00,2896.39,2898.71,2894.3,2896.91,552.0
2025-03-05 15:55:00,2897.08,2900.57,2896.81,2899.92,526.0
2025-03-05 16:00:00,2899.64,2905.16,2899.35,2904.97,520.0
2025-03-05 16:05:00,2905.07,2906.48,2901.99,2902.08,519.0
2025-03-05 16:10:00,2902.05,2905.28,2901.83,2902.18,496.0
2025-03-05 16:15:00,2901.93,2902.33,2897.67,2901.75,503.0
2025-03-05 16:20:00,2901.63,2903.88,2901.56,2903.39,487.0
2025-03-05 16:25:00,2903.15,2905.38,2903.15,2904.95,470.0
2025-03-05 16:30:00,2905.24,2909.51,2905.14,2908.59,527.0
2025-03-05 16:35:00,2908.88,2915.11,2908.88,2914.78,531.0
2025-03-05 16:40:00,2914.7,2917.15,2912.14,2914.54,533.0
2025-03-05 16:45:00,2914.45,2916.67,2912.52,2914.4,538.0
2025-03-05 16:50:00,2914.36,2916.12,2912.37,2915.13,499.0
2025-03-05 16:55:00,2914.9,2915.83,2910.16,2911.45,515.0
2025-03-05 17:00:00,2908.76,2915.76,2908.14,2914.77,561.0
2025-03-05 17:05:00,2915.12,2921.64,2915.06,2917.87,553.0
2025-03-05 17:10:00,2917.75,2918.25,2914.2,2916.88,547.0
2025-03-05 17:15:00,2916.87,2918.45,2915.61,2917.38,519.0
2025-03-05 17:20:00,2917.42,2919.89,2917.4,2919.4,531.0
2025-03-05 17:25:00,2919.38,2919.74,2917.62,2918.29,532.0
2025-03-05 17:30:00,2918.39,2922.76,2917.56,2920.1,522.0
2025-03-05 17:35:00,2919.99,2923.72,2919.88,2922.9,512.0
2025-03-05 17:40:00,2922.89,2923.07,2917.89,2919.64,545.0
2025-03-05 17:45:00,2919.69,2920.98,2918.43,2920.11,510.0
2025-03-05 17:50:00,2920.05,2920.41,2917.4,2917.76,507.0
2025-03-05 17:55:00,2917.86,2919.54,2915.92,2917.05,503.0
2025-03-05 18:00:00,2917.0,2919.27,2915.2,2918.78,470.0
2025-03-05 18:05:00,2918.67,2922.0,2918.56,2921.81,463.0
2025-03-05 18:10:00,2921.78,2924.61,2921.24,2923.13,478.0
2025-03-05 18:15:00,2923.1,2926.85,2922.8,2926.17,503.0
2025-03-05 18:20:00,2926.21,2929.59,2926.21,2929.26,498.0
2025-03-05 18:25:00,2929.51,2929.58,2927.42,2928.53,489.0
2025-03-05 18:30:00,2928.53,2929.58,2925.88,2926.17,467.0
2025-03-05 18:35:00,2926.08,2928.48,2926.05,2927.98,468.0
2025-03-05 18:40:00,2927.8,2930.06,2926.37,2928.17,468.0
2025-03-05 18:45:00,2927.98,2928.7,2926.94,2927.57,425.0
2025-03-05 18:50:00,2927.11,2929.02,2926.07,2928.71,433.0
2025-03-05 18:55:00,2928.72,2928.94,2922.67,2923.73,479.0
2025-03-05 19:00:00,2923.78,2925.25,2921.41,2922.68,483.0
2025-03-05 19:05:00,2922.95,2922.95,2921.16,2922.29,459.0
2025-03-05 19:10:00,2922.39,2922.41,2919.3,2921.36,495.0
2025-03-05 19:15:00,2921.26,2921.76,2919.0,2919.08,472.0
2025-03-05 19:20:00,2919.09,2920.89,2917.56,2918.05,445.0
2025-03-05 19:25:00,2918.06,2918.81,2917.28,2918.23,411.0
2025-03-05 19:30:00,2918.38,2918.39,2917.2,2917.85,406.0
2025-03-05 19:35:00,2917.83,2917.98,2916.05,2917.33,378.0
2025-03-05 19:40:00,2917.28,2917.67,2916.24,2916.86,365.0
2025-03-05 19:45:00,2916.87,2917.85,2915.69,2916.91,389.0
2025-03-05 19:50:00,2916.92,2917.69,2915.31,2915.31,373.0
2025-03-05 19:55:00,2915.31,2916.1,2913.78,2916.07,397.0
2025-03-05 20:00:00,2916.05,2918.93,2915.66,2916.11,441.0
2025-03-05 20:05:00,2915.76,2916.86,2911.23,2916.14,477.0
2025-03-05 20:10:00,2916.13,2917.67,2915.84,2916.91,436.0
2025-03-05 20:15:00,2916.91,2919.77,2916.91,2919.62,390.0
2025-03-05 20:20:00,2919.66,2920.29,2919.0,2919.53,401.0
2025-03-05 20:25:00,2919.52,2920.6,2916.37,2916.42,432.0
2025-03-05 20:30:00,2916.48,2917.5,2914.35,2916.62,408.0
2025-03-05 20:35:00,2916.82,2916.92,2913.99,2915.07,417.0
2025-03-05 20:40:00,2915.13,2915.83,2913.52,2915.03,398.0
2025-03-05 20:45:00,2915.25,2918.33,2915.18,2916.16,395.0
2025-03-05 20:50:00,2916.46,2917.97,2916.46,2917.75,371.0
2025-03-05 20:55:00,2917.82,2918.08,2916.56,2917.48,329.0
2025-03-05 21:00:00,2917.55,2918.43,2916.71,2918.25,369.0
2025-03-05 21:05:00,2918.24,2918.25,2916.72,2917.73,406.0
2025-03-05 21:10:00,2917.66,2917.81,2916.33,2917.35,379.0
2025-03-05 21:15:00,2917.35,2918.96,2916.89,2918.04,401.0
2025-03-05 21:20:00,2918.14,2919.03,2917.62,2918.74,383.0
2025-03-05 21:25:00,2918.84,2918.89,2918.23,2918.51,379.0
2025-03-05 21:30:00,2918.56,2919.1,2917.79,2918.51,339.0
2025-03-05 21:35:00,2918.46,2919.43,2918.05,2919.01,310.0
2025-03-05 21:40:00,2919.03,2919.43,2918.29,2918.49,332.0
2025-03-05 21:45:00,2918.5,2920.07,2918.45,2920.07,297.0
2025-03-05 21:50:00,2920.03,2920.64,2919.51,2920.38,301.0
2025-03-05 21:55:00,2920.4,2921.41,2920.19,2920.56,279.0
2025-03-05 22:00:00,2920.58,2920.95,2919.93,2920.18,334.0
2025-03-05 22:05:00,2919.94,2921.32,2919.94,2920.91,357.0
2025-03-05 22:10:00,2920.84,2921.23,2920.42,2921.23,308.0
2025-03-05 22:15:00,2921.19,2921.3,2919.68,2920.19,326.0
2025-03-05 22:20:00,2920.2,2921.88,2920.13,2921.72,269.0
2025-03-05 22:25:00,2921.71,2922.59,2921.44,2922.17,413.0
2025-03-05 22:30:00,2922.09,2922.75,2921.68,2922.0,375.0
2025-03-05 22:35:00,2922.1,2922.44,2921.85,2922.0,382.0
2025-03-05 22:40:00,2922.02,2922.73,2921.38,2922.62,381.0
2025-03-05 22:45:00,2922.62,2922.8,2921.98,2922.66,354.0
2025-03-05 22:50:00,2922.56,2923.06,2922.01,2922.87,392.0
2025-03-05 22:55:00,2922.58,2923.05,2922.13,2922.13,369.0
2025-03-05 23:00:00,2922.02,2922.28,2920.54,2920.7,145.0
2025-03-05 23:05:00,2920.7,2920.7,2919.42,2919.47,129.0
2025-03-05 23:10:00,2919.51,2919.87,2918.97,2919.26,79.0
2025-03-05 23:15:00,2919.0,2919.12,2918.09,2918.38,150.0
2025-03-05 23:20:00,2918.37,2919.71,2918.27,2919.36,135.0
2025-03-05 23:25:00,2919.36,2919.92,2919.3,2919.7,114.0
2025-03-05 23:30:00,2919.58,2919.74,2918.9,2918.92,109.0
2025-03-05 23:35:00,2918.92,2919.47,2918.4,2918.7,81.0
2025-03-05 23:40:00,2918.76,2919.14,2918.07,2918.07,57.0
2025-03-05 23:45:00,2918.33,2918.9,2917.79,2918.67,92.0
2025-03-05 23:50:00,2918.67,2919.29,2918.46,2919.28,71.0
2025-03-05 23:55:00,2919.27,2919.69,2919.08,2919.13,103.0
2025-03-06 01:00:00,2919.67,2919.67,2917.52,2918.67,196.0
2025-03-06 01:05:00,2918.67,2918.88,2918.12,2918.58,61.0
2025-03-06 01:10:00,2918.58,2918.58,2917.54,2917.73,79.0
2025-03-06 01:15:00,2917.72,2917.97,2916.97,2916.97,97.0
2025-03-06 01:20:00,2916.94,2917.49,2916.75,2916.75,67.0
2025-03-06 01:25:00,2916.78,2917.61,2916.7,2917.61,54.0
2025-03-06 01:30:00,2917.53,2918.17,2917.03,2917.85,93.0
2025-03-06 01:35:00,2917.88,2918.03,2917.04,2917.55,82.0
2025-03-06 01:40:00,2917.59,2918.57,2917.59,2918.55,47.0
2025-03-06 01:45:00,2918.47,2918.5,2917.74,2917.88,53.0
2025-03-06 01:50:00,2917.85,2918.17,2917.53,2918.03,60.0
2025-03-06 01:55:00,2918.1,2918.37,2918.03,2918.28,65.0
2025-03-06 02:00:00,2918.22,2919.37,2917.58,2919.27,135.0
2025-03-06 02:05:00,2919.23,2919.29,2918.29,2918.3,59.0
2025-03-06 02:10:00,2918.31,2919.36,2918.1,2919.28,77.0
2025-03-06 02:15:00,2919.51,2920.29,2918.85,2918.85,161.0
2025-03-06 02:20:00,2918.78,2919.21,2917.77,2918.16,163.0
2025-03-06 02:25:00,2918.17,2919.1,2917.53,2918.84,268.0
2025-03-06 02:30:00,2918.83,2918.84,2918.08,2918.42,83.0
2025-03-06 02:35:00,2918.35,2918.47,2917.85,2918.38,78.0
2025-03-06 02:40:00,2918.4,2918.7,2917.98,2917.98,59.0
2025-03-06 02:45:00,2917.89,2918.03,2917.34,2917.64,125.0
2025-03-06 02:50:00,2917.67,2917.93,2917.45,2917.72,238.0
2025-03-06 02:55:00,2917.67,2917.89,2916.66,2916.81,249.0
2025-03-06 03:00:00,2916.8,2918.1,2915.98,2917.55,453.0
2025-03-06 03:05:00,2917.55,2917.67,2916.16,2917.06,382.0
2025-03-06 03:10:00,2917.08,2919.42,2917.05,2918.72,451.0
2025-03-06 03:15:00,2918.8,2919.04,2918.19,2918.36,354.0
2025-03-06 03:20:00,2918.35,2919.12,2918.17,2918.33,367.0
2025-03-06 03:25:00,2918.3,2919.18,2918.27,2918.9,241.0
2025-03-06 03:30:00,2918.89,2920.22,2918.89,2919.72,287.0
2025-03-06 03:35:00,2919.72,2921.61,2919.6,2921.47,355.0
2025-03-06 03:40:00,2921.53,2922.92,2921.49,2922.57,298.0
2025-03-06 03:45:00,2922.57,2923.43,2922.02,2923.03,388.0
2025-03-06 03:50:00,2923.16,2925.24,2922.65,2925.24,384.0
2025-03-06 03:55:00,2925.23,2925.63,2924.08,2924.62,267.0
2025-03-06 04:00:00,2924.82,2926.05,2924.2,2926.04,282.0
2025-03-06 04:05:00,2926.13,2926.52,2924.84,2925.96,326.0
2025-03-06 04:10:00,2925.92,2926.28,2924.22,2924.64,399.0
2025-03-06 04:15:00,2924.62,2924.77,2923.43,2923.91,378.0
2025-03-06 04:20:00,2923.9,2924.05,2923.23,2923.51,273.0
2025-03-06 04:25:00,2923.51,2924.1,2923.28,2923.43,166.0
2025-03-06 04:30:00,2923.39,2923.71,2923.18,2923.25,246.0
2025-03-06 04:35:00,2923.28,2923.72,2922.96,2923.55,229.0
2025-03-06 04:40:00,2923.56,2923.78,2923.17,2923.41,241.0
2025-03-06 04:45:00,2923.41,2923.91,2923.21,2923.21,228.0
2025-03-06 04:50:00,2923.32,2924.95,2923.12,2924.19,256.0
2025-03-06 04:55:00,2924.19,2925.61,2924.08,2925.61,318.0
2025-03-06 05:00:00,2925.61,2925.61,2923.83,2924.51,268.0
2025-03-06 05:05:00,2924.5,2924.53,2922.21,2923.03,308.0
2025-03-06 05:10:00,2923.02,2923.91,2923.0,2923.36,220.0
2025-03-06 05:15:00,2923.39,2923.99,2922.88,2922.98,236.0
2025-03-06 05:20:00,2922.94,2923.16,2922.25,2923.1,184.0
2025-03-06 05:25:00,2923.28,2924.61,2922.98,2923.14,304.0
2025-03-06 05:30:00,2923.11,2923.63,2922.58,2922.61,129.0
2025-03-06 05:35:00,2922.84,2922.96,2921.1,2921.3,98.0
2025-03-06 05:40:00,2921.29,2921.75,2920.29,2920.81,302.0
2025-03-06 05:45:00,2920.82,2921.16,2920.34,2920.4,269.0
2025-03-06 05:50:00,2920.47,2921.09,2920.19,2921.09,186.0
2025-03-06 05:55:00,2921.15,2921.48,2920.72,2921.26,142.0
2025-03-06 06:00:00,2921.26,2921.59,2919.75,2920.29,180.0
2025-03-06 06:05:00,2920.36,2920.36,2918.09,2918.84,290.0
2025-03-06 06:10:00,2919.11,2919.47,2918.1,2919.15,219.0
2025-03-06 06:15:00,2919.14,2919.14,2918.38,2918.7,147.0
2025-03-06 06:20:00,2918.76,2918.76,2917.25,2917.25,196.0
2025-03-06 06:25:00,2917.33,2917.87,2916.83,2917.24,268.0
2025-03-06 06:30:00,2917.12,2917.88,2917.04,2917.53,164.0
2025-03-06 06:35:00,2917.47,2917.93,2916.65,2916.77,174.0
2025-03-06 06:40:00,2916.77,2917.17,2916.38,2916.58,142.0
2025-03-06 06:45:00,2916.58,2917.13,2916.41,2916.71,89.0
2025-03-06 06:50:00,2916.74,2917.82,2916.58,2917.82,155.0
2025-03-06 06:55:00,2917.72,2918.07,2917.35,2917.36,134.0
2025-03-06 07:00:00,2917.32,2917.39,2915.57,2917.25,262.0
2025-03-06 07:05:00,2917.21,2917.43,2915.72,2916.0,251.0
2025-03-06 07:10:00,2916.04,2916.14,2915.37,2915.87,231.0
2025-03-06 07:15:00,2915.79,2916.52,2915.61,2916.32,145.0
2025-03-06 07:20:00,2916.34,2916.5,2915.04,2915.34,184.0
2025-03-06 07:25:00,2915.41,2916.34,2914.53,2916.08,241.0
2025-03-06 07:30:00,2916.26,2919.57,2915.91,2919.39,330.0
2025-03-06 07:35:00,2919.39,2919.52,2918.12,2918.35,205.0
2025-03-06 07:40:00,2918.35,2919.01,2918.03,2918.88,200.0
2025-03-06 07:45:00,2918.92,2918.97,2916.23,2916.73,387.0
2025-03-06 07:50:00,2916.76,2917.41,2915.42,2916.99,311.0
2025-03-06 07:55:00,2917.01,2920.68,2916.97,2919.77,233.0
2025-03-06 08:00:00,2919.81,2922.83,2919.81,2920.78,305.0
2025-03-06 08:05:00,2920.81,2921.85,2920.79,2921.74,273.0
2025-03-06 08:10:00,2921.72,2922.26,2921.16,2922.16,248.0
2025-03-06 08:15:00,2922.15,2922.27,2920.49,2921.44,282.0
2025-03-06 08:20:00,2921.45,2922.01,2920.86,2921.52,230.0
2025-03-06 08:25:00,2921.54,2921.64,2920.74,2921.44,276.0
2025-03-06 08:30:00,2921.27,2921.74,2920.62,2921.01,285.0
2025-03-06 08:35:00,2920.99,2921.22,2919.96,2920.71,312.0
2025-03-06 08:40:00,2920.7,2921.63,2919.9,2921.63,226.0
2025-03-06 08:45:00,2921.68,2921.68,2920.53,2921.52,219.0
2025-03-06 08:50:00,2921.65,2923.06,2921.61,2921.7,336.0
2025-03-06 08:55:00,2921.72,2921.8,2920.02,2920.63,319.0
2025-03-06 09:00:00,2920.6,2922.57,2920.13,2920.37,360.0
2025-03-06 09:05:00,2920.3,2921.92,2919.39,2920.83,446.0
2025-03-06 09:10:00,2920.85,2921.76,2920.34,2921.64,340.0
2025-03-06 09:15:00,2921.62,2921.65,2919.4,2919.75,425.0
2025-03-06 09:20:00,2919.6,2919.61,2915.94,2917.45,438.0
2025-03-06 09:25:00,2917.43,2918.17,2915.54,2916.26,347.0
2025-03-06 09:30:00,2916.13,2917.24,2913.68,2914.96,367.0
2025-03-06 09:35:00,2914.96,2915.24,2911.46,2914.59,416.0
2025-03-06 09:40:00,2914.59,2916.33,2913.34,2915.18,335.0
2025-03-06 09:45:00,2915.19,2916.35,2914.32,2915.81,304.0
2025-03-06 09:50:00,2915.78,2916.06,2912.08,2912.42,370.0
2025-03-06 09:55:00,2912.41,2912.8,2909.8,2910.18,423.0
2025-03-06 10:00:00,2910.23,2911.37,2906.47,2908.15,504.0
2025-03-06 10:05:00,2908.22,2910.99,2908.22,2909.87,384.0
2025-03-06 10:10:00,2909.87,2910.79,2904.75,2907.35,465.0
2025-03-06 10:15:00,2907.33,2908.18,2905.2,2907.94,407.0
2025-03-06 10:20:00,2907.93,2908.79,2906.02,2906.11,373.0
2025-03-06 10:25:00,2905.95,2908.39,2905.8,2908.01,401.0
2025-03-06 10:30:00,2908.12,2908.12,2904.83,2905.43,417.0
2025-03-06 10:35:00,2905.62,2905.77,2903.27,2905.26,457.0
2025-03-06 10:40:00,2905.19,2905.97,2904.09,2904.55,353.0
2025-03-06 10:45:00,2904.55,2905.16,2902.16,2902.48,387.0
2025-03-06 10:50:00,2902.39,2904.65,2901.07,2904.29,509.0
2025-03-06 10:55:00,2904.21,2905.42,2903.38,2904.78,425.0
2025-03-06 11:00:00,2904.45,2905.16,2899.57,2900.63,485.0
2025-03-06 11:05:00,2900.62,2903.53,2900.61,2903.09,420.0
2025-03-06 11:10:00,2903.09,2905.24,2902.78,2904.57,372.0
2025-03-06 11:15:00,2904.57,2904.78,2901.88,2901.93,398.0
2025-03-06 11:20:00,2901.87,2902.65,2900.73,2901.39,469.0
2025-03-06 11:25:00,2901.4,2901.52,2899.33,2899.96,351.0
2025-03-06 11:30:00,2900.04,2900.85,2898.59,2898.92,372.0
2025-03-06 11:35:00,2898.93,2898.97,2896.33,2897.57,478.0
2025-03-06 11:40:00,2897.59,2898.87,2895.63,2898.74,436.0
2025-03-06 11:45:00,2898.93,2899.14,2895.95,2896.65,439.0
2025-03-06 11:50:00,2896.71,2897.82,2894.03,2894.08,404.0
2025-03-06 11:55:00,2894.03,2894.26,2891.12,2894.17,412.0
2025-03-06 12:00:00,2894.19,2896.78,2893.22,2893.32,449.0
2025-03-06 12:05:00,2893.32,2894.42,2891.93,2893.0,410.0
2025-03-06 12:10:00,2892.97,2894.56,2892.4,2894.5,363.0
2025-03-06 12:15:00,2894.5,2897.27,2894.41,2897.17,410.0
2025-03-06 12:20:00,2897.24,2899.54,2897.21,2898.03,483.0
2025-03-06 12:25:00,2898.06,2899.5,2897.88,2899.5,360.0
2025-03-06 12:30:00,2899.3,2901.17,2899.1,2900.79,376.0
2025-03-06 12:35:00,2900.96,2905.2,2900.79,2903.06,400.0
2025-03-06 12:40:00,2902.55,2904.06,2902.03,2902.23,352.0
2025-03-06 12:45:00,2901.98,2903.28,2901.09,2901.71,401.0
2025-03-06 12:50:00,2901.73,2905.1,2901.44,2901.45,463.0
2025-03-06 12:55:00,2901.33,2902.37,2898.84,2899.23,449.0
2025-03-06 13:00:00,2899.03,2902.16,2898.6,2902.12,376.0
2025-03-06 13:05:00,2902.14,2904.55,2901.87,2902.39,383.0
2025-03-06 13:10:00,2902.23,2902.32,2899.42,2899.81,374.0
2025-03-06 13:15:00,2899.76,2901.83,2899.17,2901.77,295.0
2025-03-06 13:20:00,2901.76,2903.54,2901.47,2903.11,306.0
2025-03-06 13:25:00,2903.0,2904.98,2902.8,2903.59,272.0
2025-03-06 13:30:00,2903.65,2907.62,2903.44,2906.99,417.0
2025-03-06 13:35:00,2906.87,2907.31,2905.08,2905.61,246.0
2025-03-06 13:40:00,2905.69,2906.8,2902.89,2906.48,427.0
2025-03-06 13:45:00,2906.45,2906.47,2904.86,2905.23,316.0
2025-03-06 13:50:00,2905.23,2905.23,2903.79,2904.45,349.0
2025-03-06 13:55:00,2904.46,2906.03,2904.4,2905.79,444.0
2025-03-06 14:00:00,2905.82,2906.03,2904.46,2904.74,407.0
2025-03-06 14:05:00,2904.7,2905.7,2903.72,2904.78,383.0
2025-03-06 14:10:00,2904.79,2905.18,2903.35,2903.87,299.0
2025-03-06 14:15:00,2903.72,2904.17,2902.9,2903.84,322.0
2025-03-06 14:20:00,2903.85,2905.61,2903.46,2905.56,329.0
2025-03-06 14:25:00,2905.68,2907.14,2903.36,2903.72,419.0
2025-03-06 14:30:00,2903.45,2904.03,2899.21,2901.16,473.0
2025-03-06 14:35:00,2901.17,2904.28,2900.7,2902.98,409.0
2025-03-06 14:40:00,2902.9,2903.5,2899.5,2902.06,379.0
2025-03-06 14:45:00,2901.58,2904.08,2900.84,2902.35,378.0
2025-03-06 14:50:00,2902.4,2902.94,2899.44,2900.26,368.0
2025-03-06 14:55:00,2899.96,2903.52,2899.96,2903.12,336.0
2025-03-06 15:00:00,2903.09,2904.15,2901.03,2903.38,488.0
2025-03-06 15:05:00,2903.41,2906.36,2902.11,2905.78,468.0
2025-03-06 15:10:00,2905.71,2907.24,2905.28,2907.11,383.0
2025-03-06 15:15:00,2907.17,2909.43,2904.63,2905.47,523.0
2025-03-06 15:20:00,2905.32,2905.33,2901.11,2902.83,527.0
2025-03-06 15:25:00,2902.89,2906.01,2902.58,2904.62,400.0
2025-03-06 15:30:00,2903.33,2906.63,2900.92,2906.24,463.0
2025-03-06 15:35:00,2906.55,2907.55,2901.87,2904.29,471.0
2025-03-06 15:40:00,2904.31,2905.24,2902.33,2904.0,387.0
2025-03-06 15:45:00,2903.95,2905.64,2901.87,2905.32,428.0
2025-03-06 15:50:00,2905.39,2905.74,2903.96,2905.05,421.0
2025-03-06 15:55:00,2905.04,2905.59,2903.47,2904.48,472.0
2025-03-06 16:00:00,2904.38,2908.15,2903.45,2906.39,381.0
2025-03-06 16:05:00,2906.55,2911.24,2904.98,2909.6,402.0
2025-03-06 16:10:00,2909.62,2910.96,2906.43,2908.93,401.0
2025-03-06 16:15:00,2908.9,2911.38,2908.42,2908.98,390.0
2025-03-06 16:20:00,2909.01,2910.49,2906.37,2906.85,317.0
2025-03-06 16:25:00,2906.83,2909.5,2906.64,2908.84,353.0
2025-03-06 16:30:00,2908.67,2912.78,2908.67,2912.5,508.0
2025-03-06 16:35:00,2912.22,2913.06,2909.56,2911.47,558.0
2025-03-06 16:40:00,2911.54,2914.18,2911.44,2912.71,518.0
2025-03-06 16:45:00,2912.64,2914.93,2910.77,2914.49,549.0
2025-03-06 16:50:00,2914.57,2915.94,2914.3,2915.33,531.0
2025-03-06 16:55:00,2915.16,2916.56,2913.57,2915.03,463.0
2025-03-06 17:00:00,2915.19,2922.67,2914.94,2920.16,533.0
2025-03-06 17:05:00,2920.24,2920.53,2917.34,2920.13,511.0
2025-03-06 17:10:00,2920.09,2920.87,2915.88,2916.82,518.0
2025-03-06 17:15:00,2916.64,2918.06,2915.89,2917.3,493.0
2025-03-06 17:20:00,2917.79,2918.11,2910.52,2911.07,544.0
2025-03-06 17:25:00,2910.99,2913.51,2909.32,2913.38,526.0
2025-03-06 17:30:00,2913.38,2913.78,2910.69,2911.0,535.0
2025-03-06 17:35:00,2910.92,2911.5,2909.02,2911.11,527.0
2025-03-06 17:40:00,2911.1,2913.73,2910.91,2913.73,492.0
2025-03-06 17:45:00,2913.71,2916.2,2912.77,2915.57,521.0
2025-03-06 17:50:00,2915.48,2915.49,2912.59,2914.51,452.0
2025-03-06 17:55:00,2914.67,2915.27,2912.95,2914.47,413.0
2025-03-06 18:00:00,2914.64,2916.43,2914.47,2915.5,369.0
2025-03-06 18:05:00,2915.49,2915.8,2912.55,2913.03,431.0
2025-03-06 18:10:00,2912.99,2915.9,2912.71,2914.27,472.0
2025-03-06 18:15:00,2914.0,2916.6,2913.89,2915.83,428.0
2025-03-06 18:20:00,2915.85,2918.31,2915.63,2917.95,398.0
2025-03-06 18:25:00,2918.1,2918.24,2916.0,2917.22,438.0
2025-03-06 18:30:00,2917.01,2917.85,2915.09,2915.99,450.0
2025-03-06 18:35:00,2915.97,2917.63,2915.75,2917.35,452.0
2025-03-06 18:40:00,2917.26,2918.09,2916.31,2917.83,380.0
2025-03-06 18:45:00,2917.71,2918.44,2917.37,2917.97,354.0
2025-03-06 18:50:00,2917.83,2918.08,2916.15,2916.55,349.0
2025-03-06 18:55:00,2916.48,2918.32,2916.42,2917.19,385.0
2025-03-06 19:00:00,2917.24,2917.54,2915.53,2916.07,382.0
2025-03-06 19:05:00,2916.0,2917.39,2915.71,2916.65,400.0
2025-03-06 19:10:00,2916.67,2920.11,2916.67,2919.79,396.0
2025-03-06 19:15:00,2919.87,2920.49,2916.65,2916.85,372.0
2025-03-06 19:20:00,2916.84,2919.02,2916.81,2918.7,372.0
2025-03-06 19:25:00,2918.69,2920.27,2918.5,2920.22,332.0
2025-03-06 19:30:00,2920.21,2921.38,2919.84,2920.4,368.0
2025-03-06 19:35:00,2920.39,2920.46,2918.21,2919.0,339.0
2025-03-06 19:40:00,2918.99,2919.93,2918.78,2918.97,345.0
2025-03-06 19:45:00,2919.0,2919.29,2917.93,2918.39,378.0
2025-03-06 19:50:00,2918.35,2918.47,2914.4,2916.7,395.0
2025-03-06 19:55:00,2916.72,2917.2,2915.0,2915.34,394.0
2025-03-06 20:00:00,2915.59,2919.19,2915.34,2919.19,394.0
2025-03-06 20:05:00,2919.33,2919.49,2917.9,2919.08,360.0
2025-03-06 20:10:00,2919.09,2920.01,2918.64,2919.77,320.0
2025-03-06 20:15:00,2919.67,2920.32,2919.38,2919.95,349.0
2025-03-06 20:20:00,2919.8,2920.58,2919.7,2919.97,323.0
2025-03-06 20:25:00,2919.96,2920.59,2918.16,2918.47,405.0
2025-03-06 20:30:00,2918.53,2919.42,2917.84,2919.26,371.0
2025-03-06 20:35:00,2919.21,2919.81,2918.14,2918.36,273.0
2025-03-06 20:40:00,2918.38,2918.38,2913.98,2914.05,346.0
2025-03-06 20:45:00,2914.07,2916.53,2913.82,2916.15,379.0
2025-03-06 20:50:00,2915.89,2916.69,2915.35,2916.01,338.0
2025-03-06 20:55:00,2916.03,2916.35,2915.27,2916.26,269.0
2025-03-06 21:00:00,2916.27,2917.25,2915.56,2916.05,319.0
2025-03-06 21:05:00,2916.08,2916.08,2914.61,2915.58,365.0
2025-03-06 21:10:00,2915.56,2917.37,2915.29,2917.1,303.0
2025-03-06 21:15:00,2917.08,2917.5,2914.55,2914.64,341.0
2025-03-06 21:20:00,2914.62,2915.04,2913.34,2914.57,330.0
2025-03-06 21:25:00,2914.47,2914.64,2912.32,2913.56,339.0
2025-03-06 21:30:00,2913.55,2914.16,2912.66,2913.78,321.0
2025-03-06 21:35:00,2913.78,2914.57,2913.38,2913.95,315.0
2025-03-06 21:40:00,2913.78,2915.02,2912.84,2914.19,335.0
2025-03-06 21:45:00,2913.94,2916.06,2913.34,2915.94,356.0
2025-03-06 21:50:00,2915.96,2917.73,2915.71,2915.93,344.0
2025-03-06 21:55:00,2915.91,2917.38,2913.91,2914.03,416.0
2025-03-06 22:00:00,2913.73,2915.29,2913.08,2914.94,379.0
2025-03-06 22:05:00,2914.81,2915.61,2914.52,2915.47,351.0
2025-03-06 22:10:00,2915.41,2916.53,2915.39,2915.49,313.0
2025-03-06 22:15:00,2915.16,2916.18,2914.87,2915.68,372.0
2025-03-06 22:20:00,2915.68,2916.56,2914.35,2914.62,317.0
2025-03-06 22:25:00,2914.61,2914.87,2913.93,2914.72,292.0
2025-03-06 22:30:00,2914.63,2914.83,2913.25,2913.77,317.0
2025-03-06 22:35:00,2913.65,2914.26,2913.35,2913.82,291.0
2025-03-06 22:40:00,2913.81,2913.93,2912.96,2913.2,359.0
2025-03-06 22:45:00,2913.22,2913.69,2912.41,2912.9,377.0
2025-03-06 22:50:00,2912.98,2913.22,2911.78,2912.23,387.0
2025-03-06 22:55:00,2912.49,2912.6,2908.31,2908.58,464.0
2025-03-06 23:00:00,2908.66,2911.42,2908.66,2910.48,156.0
2025-03-06 23:05:00,2910.46,2911.06,2910.07,2910.33,142.0
2025-03-06 23:10:00,2910.33,2911.09,2910.32,2910.78,81.0
2025-03-06 23:15:00,2910.66,2911.0,2909.71,2909.96,115.0
2025-03-06 23:20:00,2909.96,2910.05,2908.68,2908.97,128.0
2025-03-06 23:25:00,2908.74,2909.99,2908.34,2909.86,132.0
2025-03-06 23:30:00,2909.86,2910.09,2909.2,2910.01,121.0
2025-03-06 23:35:00,2910.0,2911.11,2910.0,2910.63,129.0
2025-03-06 23:40:00,2910.65,2910.65,2910.06,2910.46,80.0
2025-03-06 23:45:00,2910.62,2911.16,2910.27,2910.64,119.0
2025-03-06 23:50:00,2910.54,2911.47,2910.42,2911.45,89.0
2025-03-06 23:55:00,2911.23,2911.41,2910.68,2910.74,85.0
2025-03-07 01:00:00,2911.04,2913.13,2911.04,2912.65,140.0
2025-03-07 01:05:00,2912.65,2912.69,2910.99,2910.99,53.0
2025-03-07 01:10:00,2911.09,2911.35,2910.36,2911.1,152.0
2025-03-07 01:15:00,2911.16,2912.43,2910.81,2912.26,139.0
2025-03-07 01:20:00,2912.17,2912.98,2912.05,2912.95,91.0
2025-03-07 01:25:00,2912.92,2913.36,2912.37,2912.55,115.0
2025-03-07 01:30:00,2912.54,2913.57,2912.54,2913.4,112.0
2025-03-07 01:35:00,2913.42,2913.49,2912.48,2912.66,98.0
2025-03-07 01:40:00,2912.7,2912.78,2911.43,2911.5,120.0
2025-03-07 01:45:00,2911.39,2911.6,2910.9,2911.16,205.0
2025-03-07 01:50:00,2911.11,2911.32,2910.35,2910.5,162.0
2025-03-07 01:55:00,2910.49,2910.96,2909.95,2910.25,194.0
2025-03-07 02:00:00,2910.09,2910.25,2908.7,2908.83,314.0
2025-03-07 02:05:00,2908.85,2909.19,2901.03,2903.05,302.0
2025-03-07 02:10:00,2903.03,2903.12,2894.8,2899.65,394.0
2025-03-07 02:15:00,2899.7,2905.04,2898.19,2904.9,296.0
2025-03-07 02:20:00,2904.9,2905.53,2902.62,2903.82,198.0
2025-03-07 02:25:00,2903.83,2904.99,2901.94,2902.4,262.0
2025-03-07 02:30:00,2902.41,2905.16,2902.41,2904.95,245.0
2025-03-07 02:35:00,2905.01,2905.37,2903.3,2905.37,184.0
2025-03-07 02:40:00,2905.42,2906.04,2905.05,2905.15,189.0
2025-03-07 02:45:00,2905.09,2905.11,2902.09,2902.42,184.0
2025-03-07 02:50:00,2902.42,2903.68,2902.41,2903.64,111.0
2025-03-07 02:55:00,2903.64,2906.29,2903.59,2904.79,306.0
2025-03-07 03:00:00,2904.98,2906.44,2902.31,2903.25,502.0
2025-03-07 03:05:00,2903.25,2905.66,2902.68,2904.62,453.0
2025-03-07 03:10:00,2904.69,2905.29,2903.32,2903.48,429.0
2025-03-07 03:15:00,2903.42,2904.24,2901.6,2901.88,415.0
2025-03-07 03:20:00,2901.8,2904.24,2901.56,2903.12,367.0
2025-03-07 03:25:00,2903.09,2904.09,2902.79,2902.93,300.0
2025-03-07 03:30:00,2902.93,2903.27,2901.57,2902.78,356.0
2025-03-07 03:35:00,2902.74,2905.99,2902.41,2905.52,418.0
2025-03-07 03:40:00,2905.59,2910.0,2905.3,2909.97,392.0
2025-03-07 03:45:00,2910.04,2910.22,2907.65,2908.33,298.0
2025-03-07 03:50:00,2908.32,2908.82,2906.71,2907.03,335.0
2025-03-07 03:55:00,2906.99,2907.59,2905.75,2906.71,407.0
2025-03-07 04:00:00,2906.71,2907.46,2905.97,2906.03,370.0
2025-03-07 04:05:00,2905.91,2906.18,2901.46,2901.76,486.0
2025-03-07 04:10:00,2901.74,2904.24,2901.2,2903.88,412.0
2025-03-07 04:15:00,2903.79,2905.47,2903.22,2904.59,485.0
2025-03-07 04:20:00,2904.63,2906.26,2903.74,2905.85,466.0
2025-03-07 04:25:00,2905.82,2906.73,2905.1,2906.24,338.0
2025-03-07 04:30:00,2906.42,2906.63,2904.28,2904.63,366.0
2025-03-07 04:35:00,2904.69,2907.62,2904.4,2907.3,383.0
2025-03-07 04:40:00,2907.34,2907.96,2906.89,2907.35,373.0
2025-03-07 04:45:00,2907.36,2909.22,2907.15,2907.93,389.0
2025-03-07 04:50:00,2907.94,2908.71,2907.69,2908.56,279.0
2025-03-07 04:55:00,2908.56,2908.94,2907.83,2908.17,298.0
2025-03-07 05:00:00,2908.06,2908.93,2907.4,2907.58,264.0
2025-03-07 05:05:00,2907.3,2907.9,2906.3,2907.42,376.0
2025-03-07 05:10:00,2907.42,2907.61,2904.75,2905.06,419.0
2025-03-07 05:15:00,2905.05,2906.43,2904.41,2904.94,441.0
2025-03-07 05:20:00,2904.72,2905.71,2904.16,2905.26,413.0
2025-03-07 05:25:00,2905.07,2906.0,2904.36,2905.92,369.0
2025-03-07 05:30:00,2906.08,2906.11,2904.5,2905.54,239.0
2025-03-07 05:35:00,2905.54,2906.65,2905.53,2906.52,232.0
2025-03-07 05:40:00,2906.58,2906.62,2904.76,2904.95,241.0
2025-03-07 05:45:00,2904.95,2905.46,2904.13,2904.49,212.0
2025-03-07 05:50:00,2904.54,2904.8,2904.0,2904.76,213.0
2025-03-07 05:55:00,2904.85,2906.07,2904.71,2905.33,230.0
2025-03-07 06:00:00,2905.28,2906.07,2904.69,2905.4,287.0
2025-03-07 06:05:00,2905.43,2907.24,2905.21,2907.04,315.0
2025-03-07 06:10:00,2907.11,2907.74,2906.63,2907.03,355.0
2025-03-07 06:15:00,2906.97,2906.97,2905.5,2905.55,220.0
2025-03-07 06:20:00,2905.51,2906.03,2905.21,2905.94,165.0
2025-03-07 06:25:00,2905.91,2906.95,2905.66,2906.56,245.0
2025-03-07 06:30:00,2906.56,2907.15,2905.73,2906.48,272.0
2025-03-07 06:35:00,2906.53,2907.0,2905.75,2905.88,235.0
2025-03-07 06:40:00,2905.74,2907.21,2905.74,2907.21,151.0
2025-03-07 06:45:00,2907.21,2908.32,2906.85,2907.4,226.0
2025-03-07 06:50:00,2907.31,2907.53,2906.81,2907.19,123.0
2025-03-07 06:55:00,2907.17,2907.17,2906.33,2906.61,180.0
2025-03-07 07:00:00,2906.61,2907.55,2906.42,2907.41,231.0
2025-03-07 07:05:00,2907.41,2909.03,2907.41,2908.93,337.0
2025-03-07 07:10:00,2908.85,2909.7,2908.25,2908.61,239.0
2025-03-07 07:15:00,2908.6,2910.11,2908.59,2910.06,356.0
2025-03-07 07:20:00,2910.07,2911.75,2910.02,2911.35,416.0
2025-03-07 07:25:00,2911.29,2911.79,2911.11,2911.4,328.0
2025-03-07 07:30:00,2911.62,2912.58,2910.81,2911.79,489.0
2025-03-07 07:35:00,2911.82,2912.44,2910.1,2910.77,385.0
2025-03-07 07:40:00,2910.72,2910.97,2909.97,2910.66,362.0
2025-03-07 07:45:00,2910.7,2911.64,2910.33,2910.5,368.0
2025-03-07 07:50:00,2910.53,2910.67,2910.02,2910.58,370.0
2025-03-07 07:55:00,2910.59,2910.64,2908.9,2909.53,363.0
2025-03-07 08:00:00,2909.41,2909.78,2908.24,2909.07,382.0
2025-03-07 08:05:00,2908.73,2909.24,2908.01,2908.11,278.0
2025-03-07 08:10:00,2908.09,2910.29,2907.73,2909.88,348.0
2025-03-07 08:15:00,2909.57,2911.15,2909.44,2911.14,248.0
2025-03-07 08:20:00,2911.14,2911.99,2910.83,2911.24,353.0
2025-03-07 08:25:00,2911.32,2911.91,2910.85,2911.52,351.0
2025-03-07 08:30:00,2911.61,2914.83,2911.59,2913.33,405.0
2025-03-07 08:35:00,2913.31,2913.53,2912.51,2913.05,222.0
2025-03-07 08:40:00,2912.97,2914.08,2912.91,2913.63,262.0
2025-03-07 08:45:00,2913.72,2913.72,2911.51,2911.8,353.0
2025-03-07 08:50:00,2911.79,2912.23,2910.91,2912.16,340.0
2025-03-07 08:55:00,2912.27,2913.73,2912.08,2913.48,296.0
2025-03-07 09:00:00,2913.37,2914.63,2912.51,2914.24,325.0
2025-03-07 09:05:00,2914.22,2914.65,2912.0,2913.35,438.0
2025-03-07 09:10:00,2913.33,2914.01,2911.7,2913.85,365.0
2025-03-07 09:15:00,2913.85,2914.59,2913.38,2913.9,300.0
2025-03-07 09:20:00,2913.91,2914.29,2912.45,2912.71,232.0
2025-03-07 09:25:00,2912.72,2913.31,2912.13,2912.14,275.0
2025-03-07 09:30:00,2912.02,2912.69,2911.66,2911.98,246.0
2025-03-07 09:35:00,2912.17,2914.35,2912.09,2913.99,302.0
2025-03-07 09:40:00,2914.05,2915.29,2913.92,2914.97,261.0
2025-03-07 09:45:00,2915.07,2915.97,2914.77,2915.5,350.0
2025-03-07 09:50:00,2915.43,2917.01,2914.97,2915.82,354.0
2025-03-07 09:55:00,2916.12,2917.24,2916.0,2917.13,273.0
2025-03-07 10:00:00,2917.17,2918.03,2916.39,2917.48,400.0
2025-03-07 10:05:00,2917.48,2919.36,2917.18,2917.29,421.0
2025-03-07 10:10:00,2917.12,2918.07,2915.32,2916.63,470.0
2025-03-07 10:15:00,2916.61,2918.67,2916.55,2918.5,386.0
2025-03-07 10:20:00,2918.55,2919.8,2917.72,2919.78,362.0
2025-03-07 10:25:00,2919.8,2920.48,2919.44,2920.05,312.0
2025-03-07 10:30:00,2920.05,2920.75,2919.23,2919.81,294.0
2025-03-07 10:35:00,2919.77,2920.64,2919.52,2920.11,295.0
2025-03-07 10:40:00,2920.11,2921.09,2919.75,2920.9,319.0
2025-03-07 10:45:00,2920.88,2922.4,2920.71,2921.61,337.0
2025-03-07 10:50:00,2921.78,2922.96,2920.91,2922.76,283.0
2025-03-07 10:55:00,2922.75,2922.97,2921.81,2922.44,344.0
2025-03-07 11:00:00,2922.37,2923.02,2921.68,2922.88,294.0
2025-03-07 11:05:00,2922.86,2922.86,2921.32,2921.78,432.0
2025-03-07 11:10:00,2921.92,2922.73,2921.83,2922.34,439.0
2025-03-07 11:15:00,2922.38,2922.73,2921.69,2922.1,290.0
2025-03-07 11:20:00,2922.04,2922.16,2921.13,2921.66,407.0
2025-03-07 11:25:00,2921.67,2922.41,2921.42,2922.37,350.0
2025-03-07 11:30:00,2922.35,2922.57,2921.27,2921.74,318.0
2025-03-07 11:35:00,2921.77,2922.53,2921.12,2922.3,366.0
2025-03-07 11:40:00,2922.3,2922.57,2921.9,2922.02,284.0
2025-03-07 11:45:00,2922.08,2922.58,2921.68,2922.08,335.0
2025-03-07 11:50:00,2922.08,2922.3,2920.19,2921.15,385.0
2025-03-07 11:55:00,2921.16,2922.76,2921.11,2921.59,252.0
2025-03-07 12:00:00,2921.57,2921.81,2919.97,2920.28,245.0
2025-03-07 12:05:00,2920.29,2920.94,2918.92,2920.68,406.0
2025-03-07 12:10:00,2920.68,2921.41,2920.19,2920.52,354.0
2025-03-07 12:15:00,2920.51,2920.54,2918.35,2918.42,401.0
2025-03-07 12:20:00,2918.41,2919.59,2917.18,2917.78,432.0
2025-03-07 12:25:00,2917.72,2919.46,2917.35,2919.12,371.0
2025-03-07 12:30:00,2918.8,2919.31,2917.8,2918.53,412.0
2025-03-07 12:35:00,2918.47,2919.73,2918.14,2919.69,392.0
2025-03-07 12:40:00,2919.68,2921.36,2919.6,2919.87,415.0
2025-03-07 12:45:00,2919.87,2919.88,2917.37,2918.93,428.0
2025-03-07 12:50:00,2918.84,2919.45,2917.85,2918.07,326.0
2025-03-07 12:55:00,2918.23,2918.4,2917.07,2918.0,285.0
2025-03-07 13:00:00,2917.97,2918.63,2917.18,2918.02,380.0
2025-03-07 13:05:00,2918.12,2920.31,2917.11,2920.31,382.0
2025-03-07 13:10:00,2920.28,2921.66,2919.97,2921.51,384.0
2025-03-07 13:15:00,2921.55,2922.14,2920.11,2920.57,340.0
2025-03-07 13:20:00,2920.6,2920.93,2919.23,2920.72,303.0
2025-03-07 13:25:00,2920.7,2920.77,2919.52,2920.19,349.0
2025-03-07 13:30:00,2920.2,2921.31,2919.65,2920.74,378.0
2025-03-07 13:35:00,2920.64,2921.05,2918.89,2919.14,401.0
2025-03-07 13:40:00,2919.12,2919.54,2918.61,2919.54,371.0
2025-03-07 13:45:00,2919.45,2919.53,2917.92,2917.92,375.0
2025-03-07 13:50:00,2917.84,2918.56,2916.73,2918.36,449.0
2025-03-07 13:55:00,2918.25,2919.41,2918.23,2918.75,367.0
2025-03-07 14:00:00,2918.88,2919.63,2918.04,2919.01,416.0
2025-03-07 14:05:00,2918.99,2919.55,2918.8,2919.19,356.0
2025-03-07 14:10:00,2919.18,2919.61,2918.93,2919.61,330.0
2025-03-07 14:15:00,2919.67,2920.03,2918.14,2918.61,380.0
2025-03-07 14:20:00,2918.62,2921.42,2918.46,2921.3,401.0
2025-03-07 14:25:00,2921.31,2922.63,2920.31,2921.41,411.0
2025-03-07 14:30:00,2921.69,2921.9,2920.93,2921.57,394.0
2025-03-07 14:35:00,2921.59,2922.78,2921.33,2922.5,421.0
2025-03-07 14:40:00,2922.55,2922.81,2921.29,2921.79,346.0
2025-03-07 14:45:00,2921.68,2922.02,2920.33,2921.85,434.0
2025-03-07 14:50:00,2921.91,2922.04,2919.37,2919.37,430.0
2025-03-07 14:55:00,2919.38,2921.61,2918.71,2918.73,488.0
2025-03-07 15:00:00,2918.54,2919.6,2916.82,2917.68,513.0
2025-03-07 15:05:00,2917.76,2920.22,2917.24,2919.66,490.0
2025-03-07 15:10:00,2919.52,2920.48,2917.59,2917.88,447.0
2025-03-07 15:15:00,2918.03,2918.04,2914.66,2914.76,482.0
2025-03-07 15:20:00,2914.76,2915.06,2911.5,2911.5,509.0
2025-03-07 15:25:00,2911.44,2912.99,2910.37,2911.64,418.0
2025-03-07 15:30:00,2918.18,2921.17,2911.85,2919.4,621.0
2025-03-07 15:35:00,2919.3,2926.37,2917.52,2918.12,569.0
2025-03-07 15:40:00,2918.16,2924.15,2918.1,2922.85,543.0
2025-03-07 15:45:00,2922.27,2922.45,2919.13,2920.38,476.0
2025-03-07 15:50:00,2920.34,2921.83,2916.25,2916.6,498.0
2025-03-07 15:55:00,2916.68,2916.88,2912.82,2913.87,552.0
2025-03-07 16:00:00,2913.7,2914.09,2903.5,2909.49,564.0
2025-03-07 16:05:00,2909.56,2915.0,2908.79,2913.17,503.0
2025-03-07 16:10:00,2913.1,2914.37,2911.73,2913.81,476.0
2025-03-07 16:15:00,2913.6,2917.2,2912.14,2916.78,479.0
2025-03-07 16:20:00,2916.94,2918.61,2915.72,2917.41,444.0
2025-03-07 16:25:00,2917.32,2918.14,2916.05,2916.91,390.0
2025-03-07 16:30:00,2916.71,2919.34,2916.71,2917.56,487.0
2025-03-07 16:35:00,2917.54,2922.12,2917.3,2920.85,498.0
2025-03-07 16:40:00,2921.18,2921.7,2918.97,2919.76,505.0
2025-03-07 16:45:00,2919.63,2923.44,2918.1,2920.5,519.0
2025-03-07 16:50:00,2920.3,2925.03,2920.21,2925.03,499.0
2025-03-07 16:55:00,2925.23,2928.87,2925.19,2926.68,528.0
2025-03-07 17:00:00,2926.52,2930.07,2926.52,2929.8,544.0
2025-03-07 17:05:00,2929.96,2930.33,2927.78,2928.94,474.0
2025-03-07 17:10:00,2928.92,2930.11,2926.07,2927.32,506.0
2025-03-07 17:15:00,2927.16,2928.73,2925.61,2927.07,490.0
2025-03-07 17:20:00,2927.18,2927.65,2923.52,2926.28,460.0
2025-03-07 17:25:00,2926.24,2926.5,2922.54,2924.99,465.0
2025-03-07 17:30:00,2924.87,2926.2,2922.96,2923.07,461.0
2025-03-07 17:35:00,2922.9,2923.24,2917.61,2920.03,511.0
2025-03-07 17:40:00,2919.98,2919.98,2912.64,2914.41,537.0
2025-03-07 17:45:00,2913.93,2917.11,2908.52,2911.55,518.0
2025-03-07 17:50:00,2911.02,2917.05,2910.53,2915.93,544.0
2025-03-07 17:55:00,2915.97,2917.74,2914.83,2915.78,491.0
2025-03-07 18:00:00,2915.58,2917.16,2914.51,2915.12,477.0
2025-03-07 18:05:00,2915.12,2916.32,2911.68,2914.83,496.0
2025-03-07 18:10:00,2914.83,2917.45,2914.8,2915.98,462.0
2025-03-07 18:15:00,2916.15,2919.47,2916.15,2918.74,424.0
2025-03-07 18:20:00,2918.74,2918.78,2916.23,2916.72,445.0
2025-03-07 18:25:00,2916.7,2918.8,2916.7,2916.86,378.0
2025-03-07 18:30:00,2916.98,2917.32,2913.07,2915.34,511.0
2025-03-07 18:35:00,2915.47,2916.56,2913.61,2914.34,501.0
2025-03-07 18:40:00,2914.24,2915.64,2913.59,2913.61,440.0
2025-03-07 18:45:00,2914.19,2918.01,2912.37,2917.99,442.0
2025-03-07 18:50:00,2918.3,2919.15,2914.1,2914.29,457.0
2025-03-07 18:55:00,2914.28,2914.64,2912.68,2913.97,399.0
2025-03-07 19:00:00,2914.23,2914.85,2913.17,2914.12,459.0
2025-03-07 19:05:00,2914.29,2916.1,2914.29,2914.75,500.0
2025-03-07 19:10:00,2914.87,2914.91,2907.98,2910.99,456.0
2025-03-07 19:15:00,2911.04,2911.07,2905.57,2905.89,445.0
2025-03-07 19:20:00,2905.8,2908.72,2905.14,2906.94,432.0
2025-03-07 19:25:00,2907.02,2909.37,2906.28,2908.83,440.0
2025-03-07 19:30:00,2908.88,2909.7,2906.77,2909.69,425.0
2025-03-07 19:35:00,2909.71,2910.28,2908.12,2908.32,411.0
2025-03-07 19:40:00,2908.34,2908.34,2906.02,2907.47,408.0
2025-03-07 19:45:00,2907.44,2908.23,2906.16,2907.16,449.0
2025-03-07 19:50:00,2907.11,2909.33,2905.98,2908.89,389.0
2025-03-07 19:55:00,2908.84,2909.17,2907.36,2908.22,475.0
2025-03-07 20:00:00,2907.74,2908.32,2906.99,2907.69,412.0
2025-03-07 20:05:00,2907.5,2908.78,2906.84,2906.85,430.0
2025-03-07 20:10:00,2906.86,2906.92,2905.53,2906.11,422.0
2025-03-07 20:15:00,2906.09,2906.53,2903.92,2905.61,448.0
2025-03-07 20:20:00,2905.49,2906.05,2903.55,2903.58,454.0
2025-03-07 20:25:00,2903.62,2906.44,2902.0,2906.09,493.0
2025-03-07 20:30:00,2906.3,2908.11,2906.21,2907.35,458.0
2025-03-07 20:35:00,2907.22,2907.36,2904.76,2906.06,389.0
2025-03-07 20:40:00,2906.08,2907.14,2905.55,2906.05,408.0
2025-03-07 20:45:00,2906.03,2907.9,2906.0,2907.79,391.0
2025-03-07 20:50:00,2907.85,2908.07,2906.73,2906.75,382.0
2025-03-07 20:55:00,2906.75,2906.96,2905.58,2906.63,358.0
2025-03-07 21:00:00,2906.57,2907.07,2905.54,2906.18,402.0
2025-03-07 21:05:00,2906.16,2906.19,2904.65,2905.07,346.0
2025-03-07 21:10:00,2905.25,2906.16,2904.66,2905.74,323.0
2025-03-07 21:15:00,2905.71,2907.83,2905.43,2906.7,368.0
2025-03-07 21:20:00,2906.73,2909.48,2906.53,2909.38,353.0
2025-03-07 21:25:00,2909.48,2909.48,2905.87,2906.07,416.0
2025-03-07 21:30:00,2906.48,2907.88,2905.72,2907.81,374.0
2025-03-07 21:35:00,2907.71,2908.21,2907.45,2907.87,337.0
2025-03-07 21:40:00,2907.9,2908.48,2906.73,2906.78,289.0
2025-03-07 21:45:00,2906.87,2907.83,2905.67,2905.67,416.0
2025-03-07 21:50:00,2905.74,2906.96,2905.42,2906.4,433.0
2025-03-07 21:55:00,2906.34,2906.59,2904.46,2905.18,383.0
2025-03-07 22:00:00,2905.23,2907.28,2904.76,2906.71,398.0
2025-03-07 22:05:00,2906.84,2908.07,2906.21,2907.82,327.0
2025-03-07 22:10:00,2907.86,2907.86,2905.86,2906.84,408.0
2025-03-07 22:15:00,2906.82,2908.51,2906.36,2908.27,330.0
2025-03-07 22:20:00,2908.26,2908.43,2906.97,2907.04,343.0
2025-03-07 22:25:00,2906.96,2907.48,2906.46,2907.37,311.0
2025-03-07 22:30:00,2907.4,2909.2,2907.23,2909.16,348.0
2025-03-07 22:35:00,2909.15,2910.64,2908.87,2910.35,365.0
2025-03-07 22:40:00,2910.34,2911.18,2909.62,2909.63,354.0
2025-03-07 22:45:00,2909.62,2909.89,2908.07,2908.22,376.0
2025-03-07 22:50:00,2907.82,2909.42,2907.32,2908.36,396.0
2025-03-07 22:55:00,2908.28,2910.31,2907.43,2909.65,444.0
2025-03-07 23:00:00,2909.65,2909.9,2908.39,2909.41,169.0
2025-03-07 23:05:00,2909.4,2910.4,2909.4,2910.39,119.0
2025-03-07 23:10:00,2910.37,2910.95,2910.33,2910.45,92.0
2025-03-07 23:15:00,2910.41,2910.98,2910.22,2910.82,105.0
2025-03-07 23:20:00,2910.73,2911.53,2909.81,2911.42,121.0
2025-03-07 23:25:00,2911.41,2911.74,2911.07,2911.12,110.0
2025-03-07 23:30:00,2911.12,2911.29,2910.97,2911.16,63.0
2025-03-07 23:35:00,2911.16,2911.52,2910.88,2911.46,70.0
2025-03-07 23:40:00,2911.46,2911.46,2910.75,2911.18,59.0
2025-03-07 23:45:00,2911.18,2911.73,2910.73,2911.5,93.0
2025-03-07 23:50:00,2911.46,2912.41,2910.69,2912.14,112.0
2025-03-07 23:55:00,2911.96,2912.35,2911.86,2911.94,38.0
2025-03-10 00:00:00,2912.72,2913.14,2910.48,2912.42,267.0
2025-03-10 00:05:00,2912.42,2915.14,2912.42,2913.99,254.0
2025-03-10 00:10:00,2913.67,2914.85,2912.67,2913.47,428.0
2025-03-10 00:15:00,2913.47,2913.47,2909.77,2910.11,279.0
2025-03-10 00:20:00,2910.12,2911.69,2909.83,2911.33,223.0
2025-03-10 00:25:00,2911.32,2912.64,2911.21,2912.05,173.0
2025-03-10 00:30:00,2912.02,2913.88,2911.94,2913.47,217.0
2025-03-10 00:35:00,2913.56,2913.98,2913.32,2913.63,160.0
2025-03-10 00:40:00,2913.65,2913.68,2911.71,2911.9,108.0
2025-03-10 00:45:00,2911.9,2912.61,2911.76,2911.87,69.0
2025-03-10 00:50:00,2911.87,2912.1,2911.3,2912.1,69.0
2025-03-10 00:55:00,2912.09,2912.74,2911.55,2912.01,114.0
2025-03-10 01:00:00,2912.12,2912.83,2911.42,2912.71,193.0
2025-03-10 01:05:00,2912.72,2913.76,2912.44,2912.58,214.0
2025-03-10 01:10:00,2912.57,2914.62,2911.73,2914.58,175.0
2025-03-10 01:15:00,2914.57,2915.82,2914.46,2915.44,204.0
2025-03-10 01:20:00,2915.44,2916.5,2915.11,2915.3,181.0
2025-03-10 01:25:00,2915.26,2916.03,2915.21,2915.38,112.0
2025-03-10 01:30:00,2915.02,2916.07,2914.57,2915.3,195.0
2025-03-10 01:35:00,2915.39,2915.47,2914.37,2915.05,111.0
2025-03-10 01:40:00,2915.03,2915.96,2914.89,2915.96,44.0
2025-03-10 01:45:00,2915.96,2916.8,2915.91,2916.69,104.0
2025-03-10 01:50:00,2916.7,2916.85,2915.67,2916.4,86.0
2025-03-10 01:55:00,2916.34,2916.93,2916.26,2916.28,159.0
2025-03-10 02:00:00,2916.57,2916.91,2914.87,2916.71,261.0
2025-03-10 02:05:00,2916.73,2917.74,2916.3,2917.56,217.0
2025-03-10 02:10:00,2917.56,2918.01,2915.82,2916.29,218.0
2025-03-10 02:15:00,2916.29,2916.94,2915.63,2915.93,203.0
2025-03-10 02:20:00,2915.93,2916.43,2914.86,2915.38,124.0
2025-03-10 02:25:00,2915.39,2915.52,2913.73,2914.77,102.0
2025-03-10 02:30:00,2914.78,2916.04,2913.95,2915.6,252.0
2025-03-10 02:35:00,2915.46,2915.68,2913.76,2914.95,282.0
2025-03-10 02:40:00,2915.01,2915.01,2914.14,2914.82,342.0
2025-03-10 02:45:00,2914.8,2915.35,2914.02,2914.78,228.0
2025-03-10 02:50:00,2914.86,2914.94,2913.01,2914.07,234.0
2025-03-10 02:55:00,2914.11,2914.71,2913.41,2913.79,280.0
2025-03-10 03:00:00,2913.86,2916.67,2913.68,2916.53,381.0
2025-03-10 03:05:00,2916.53,2918.03,2916.07,2916.77,362.0
2025-03-10 03:10:00,2916.72,2918.22,2916.72,2917.2,297.0
2025-03-10 03:15:00,2917.36,2917.97,2914.96,2915.27,309.0
2025-03-10 03:20:00,2915.34,2916.45,2915.17,2915.86,218.0
2025-03-10 03:25:00,2915.84,2915.96,2913.94,2914.11,304.0
2025-03-10 03:30:00,2913.67,2915.05,2912.67,2914.97,213.0
2025-03-10 03:35:00,2914.95,2915.92,2914.36,2915.65,295.0
2025-03-10 03:40:00,2915.63,2916.38,2914.62,2915.36,280.0
2025-03-10 03:45:00,2915.33,2915.41,2912.68,2913.73,338.0
2025-03-10 03:50:00,2913.63,2914.01,2912.85,2913.02,295.0
2025-03-10 03:55:00,2913.11,2913.11,2911.31,2912.16,267.0
2025-03-10 04:00:00,2912.18,2914.13,2911.34,2913.9,330.0
2025-03-10 04:05:00,2913.92,2914.08,2912.55,2913.21,304.0
2025-03-10 04:10:00,2913.3,2913.38,2909.89,2910.71,342.0
2025-03-10 04:15:00,2910.66,2911.18,2910.08,2911.05,164.0
2025-03-10 04:20:00,2911.07,2911.58,2910.51,2911.26,172.0
2025-03-10 04:25:00,2911.27,2911.3,2909.49,2910.58,192.0
2025-03-10 04:30:00,2910.8,2911.9,2910.49,2911.68,192.0
2025-03-10 04:35:00,2911.68,2913.99,2911.63,2913.55,249.0
2025-03-10 04:40:00,2913.4,2914.52,2911.91,2912.09,241.0
2025-03-10 04:45:00,2912.06,2912.19,2910.96,2911.36,330.0
2025-03-10 04:50:00,2911.27,2912.56,2911.1,2912.4,252.0
2025-03-10 04:55:00,2912.49,2912.71,2910.89,2911.56,294.0
2025-03-10 05:00:00,2911.48,2912.44,2911.1,2911.92,217.0
2025-03-10 05:05:00,2911.9,2913.17,2911.67,2912.77,299.0
2025-03-10 05:10:00,2912.8,2913.15,2912.01,2912.32,240.0
2025-03-10 05:15:00,2912.38,2913.63,2912.11,2913.07,295.0
2025-03-10 05:20:00,2913.09,2913.09,2911.95,2912.63,280.0
2025-03-10 05:25:00,2912.69,2913.35,2912.03,2912.03,250.0
2025-03-10 05:30:00,2912.02,2912.24,2911.17,2911.17,231.0
2025-03-10 05:35:00,2911.16,2911.16,2908.16,2909.18,197.0
2025-03-10 05:40:00,2909.16,2910.52,2908.36,2910.24,306.0
2025-03-10 05:45:00,2910.26,2910.6,2909.71,2910.53,180.0
2025-03-10 05:50:00,2910.44,2912.84,2910.07,2912.53,231.0
2025-03-10 05:55:00,2912.4,2912.55,2910.38,2911.02,259.0
2025-03-10 06:00:00,2911.0,2912.37,2910.54,2911.64,255.0
2025-03-10 06:05:00,2911.64,2911.69,2910.71,2910.91,165.0
2025-03-10 06:10:00,2910.91,2911.37,2910.57,2910.92,125.0
2025-03-10 06:15:00,2910.92,2911.66,2910.59,2911.05,98.0
2025-03-10 06:20:00,2911.02,2911.24,2910.78,2911.24,126.0
2025-03-10 06:25:00,2911.28,2911.96,2911.22,2911.6,115.0
2025-03-10 06:30:00,2911.6,2912.41,2911.55,2911.93,187.0
2025-03-10 06:35:00,2911.95,2911.98,2911.16,2911.69,209.0
2025-03-10 06:40:00,2911.74,2912.29,2911.72,2911.98,170.0
2025-03-10 06:45:00,2911.92,2912.63,2911.81,2912.25,174.0
2025-03-10 06:50:00,2912.25,2912.26,2911.47,2911.47,187.0
2025-03-10 06:55:00,2911.46,2911.46,2910.26,2910.99,231.0
2025-03-10 07:00:00,2910.9,2911.12,2909.33,2909.44,240.0
2025-03-10 07:05:00,2909.43,2910.66,2909.11,2910.44,121.0
2025-03-10 07:10:00,2910.41,2911.76,2910.37,2911.52,255.0
2025-03-10 07:15:00,2911.5,2911.95,2909.71,2909.71,265.0
2025-03-10 07:20:00,2909.51,2909.52,2908.04,2908.73,215.0
2025-03-10 07:25:00,2908.72,2908.78,2906.97,2907.57,267.0
2025-03-10 07:30:00,2907.55,2908.81,2907.07,2908.14,337.0
2025-03-10 07:35:00,2908.17,2909.85,2907.76,2909.77,279.0
2025-03-10 07:40:00,2909.84,2909.9,2908.62,2909.42,260.0
2025-03-10 07:45:00,2909.39,2909.86,2909.17,2909.32,241.0
2025-03-10 07:50:00,2909.24,2909.26,2907.94,2909.18,225.0
2025-03-10 07:55:00,2909.24,2910.07,2909.01,2909.89,285.0
2025-03-10 08:00:00,2909.92,2911.21,2909.89,2911.2,238.0
2025-03-10 08:05:00,2911.2,2912.77,2911.2,2912.72,280.0
2025-03-10 08:10:00,2912.73,2913.25,2910.38,2910.78,248.0
2025-03-10 08:15:00,2910.71,2911.74,2909.49,2909.49,260.0
2025-03-10 08:20:00,2909.56,2911.08,2909.24,2910.66,310.0
2025-03-10 08:25:00,2910.6,2912.62,2910.6,2912.08,296.0
2025-03-10 08:30:00,2912.12,2912.51,2911.0,2912.51,209.0
2025-03-10 08:35:00,2912.51,2913.88,2912.07,2912.15,237.0
2025-03-10 08:40:00,2912.16,2912.87,2911.74,2912.82,218.0
2025-03-10 08:45:00,2912.83,2912.96,2912.13,2912.75,316.0
2025-03-10 08:50:00,2912.78,2913.1,2912.26,2912.63,293.0
2025-03-10 08:55:00,2912.65,2914.54,2912.6,2914.39,254.0
2025-03-10 09:00:00,2914.68,2915.11,2913.52,2913.97,287.0
2025-03-10 09:05:00,2913.97,2914.83,2913.53,2913.72,333.0
2025-03-10 09:10:00,2913.65,2914.48,2912.78,2913.02,328.0
2025-03-10 09:15:00,2913.21,2913.77,2912.46,2913.04,328.0
2025-03-10 09:20:00,2913.07,2914.0,2912.01,2913.47,309.0
2025-03-10 09:25:00,2913.41,2915.06,2913.08,2915.04,283.0
2025-03-10 09:30:00,2915.09,2915.37,2914.11,2915.06,310.0
2025-03-10 09:35:00,2914.9,2915.36,2913.9,2913.92,279.0
2025-03-10 09:40:00,2913.85,2914.44,2912.71,2913.37,342.0
2025-03-10 09:45:00,2913.34,2913.95,2909.51,2910.06,335.0
2025-03-10 09:50:00,2910.17,2911.26,2905.96,2907.07,387.0
2025-03-10 09:55:00,2907.32,2910.82,2904.37,2908.36,380.0
2025-03-10 10:00:00,2907.99,2910.64,2907.05,2909.48,353.0
2025-03-10 10:05:00,2909.48,2910.24,2908.29,2910.24,279.0
2025-03-10 10:10:00,2910.23,2910.33,2905.97,2906.83,387.0
2025-03-10 10:15:00,2906.9,2907.09,2905.47,2905.75,347.0
2025-03-10 10:20:00,2905.63,2906.46,2904.54,2905.33,337.0
2025-03-10 10:25:00,2905.39,2905.75,2902.13,2903.64,382.0
2025-03-10 10:30:00,2903.56,2904.22,2901.62,2902.35,366.0
2025-03-10 10:35:00,2902.35,2903.76,2901.78,2903.76,342.0
2025-03-10 10:40:00,2903.75,2904.53,2900.25,2900.44,377.0
2025-03-10 10:45:00,2900.43,2900.43,2897.87,2899.58,399.0
2025-03-10 10:50:00,2899.64,2900.14,2898.34,2899.05,284.0
2025-03-10 10:55:00,2899.05,2899.89,2897.54,2897.8,324.0
2025-03-10 11:00:00,2897.67,2902.0,2896.81,2902.0,405.0
2025-03-10 11:05:00,2902.09,2906.05,2901.32,2904.47,314.0
2025-03-10 11:10:00,2904.39,2909.03,2903.69,2908.46,325.0
2025-03-10 11:15:00,2908.83,2913.08,2907.45,2910.78,392.0
2025-03-10 11:20:00,2911.27,2912.95,2910.84,2912.21,327.0
2025-03-10 11:25:00,2912.21,2913.35,2911.39,2912.63,354.0
2025-03-10 11:30:00,2912.51,2914.16,2912.43,2913.07,330.0
2025-03-10 11:35:00,2913.06,2914.96,2912.89,2914.05,319.0
2025-03-10 11:40:00,2914.16,2915.32,2913.06,2913.21,277.0
2025-03-10 11:45:00,2913.16,2915.31,2912.79,2914.69,324.0
2025-03-10 11:50:00,2914.69,2915.29,2913.34,2913.9,282.0
2025-03-10 11:55:00,2913.88,2914.62,2911.08,2911.23,306.0
2025-03-10 12:00:00,2911.19,2911.26,2906.49,2909.34,358.0
2025-03-10 12:05:00,2908.92,2910.34,2908.16,2908.59,294.0
2025-03-10 12:10:00,2908.57,2909.89,2907.58,2909.24,268.0
2025-03-10 12:15:00,2909.27,2909.95,2905.22,2905.97,253.0
2025-03-10 12:20:00,2905.71,2906.39,2904.43,2905.77,330.0
2025-03-10 12:25:00,2905.87,2905.87,2902.5,2902.99,350.0
2025-03-10 12:30:00,2903.05,2903.36,2898.31,2901.41,405.0
2025-03-10 12:35:00,2901.53,2902.1,2899.55,2900.95,352.0
2025-03-10 12:40:00,2900.86,2902.45,2899.98,2900.25,312.0
2025-03-10 12:45:00,2900.19,2902.0,2899.75,2901.92,271.0
2025-03-10 12:50:00,2902.0,2904.48,2901.82,2902.49,261.0
2025-03-10 12:55:00,2902.47,2904.37,2902.32,2902.87,304.0
2025-03-10 13:00:00,2902.89,2903.15,2900.3,2900.3,310.0
2025-03-10 13:05:00,2900.43,2901.51,2899.45,2901.29,352.0
2025-03-10 13:10:00,2901.25,2902.55,2899.57,2901.29,270.0
2025-03-10 13:15:00,2901.28,2901.6,2898.93,2900.21,288.0
2025-03-10 13:20:00,2900.27,2902.55,2897.77,2901.07,348.0
2025-03-10 13:25:00,2901.07,2902.17,2900.06,2900.59,323.0
2025-03-10 13:30:00,2900.62,2900.62,2897.5,2899.59,356.0
2025-03-10 13:35:00,2899.61,2900.17,2896.81,2896.86,300.0
2025-03-10 13:40:00,2896.9,2898.16,2895.7,2897.35,318.0
2025-03-10 13:45:00,2897.36,2898.65,2896.47,2898.32,289.0
2025-03-10 13:50:00,2898.4,2903.85,2898.4,2903.23,390.0
2025-03-10 13:55:00,2902.7,2904.65,2902.13,2903.97,386.0
2025-03-10 14:00:00,2903.75,2905.36,2903.55,2904.77,398.0
2025-03-10 14:05:00,2904.78,2906.86,2904.52,2906.07,399.0
2025-03-10 14:10:00,2905.87,2906.59,2903.23,2904.24,406.0
2025-03-10 14:15:00,2904.36,2905.31,2903.23,2904.72,381.0
2025-03-10 14:20:00,2904.63,2904.91,2900.4,2902.71,404.0
2025-03-10 14:25:00,2902.9,2906.76,2901.57,2906.48,406.0
2025-03-10 14:30:00,2906.47,2907.41,2904.51,2905.51,412.0
2025-03-10 14:35:00,2905.55,2906.99,2904.82,2905.88,350.0
2025-03-10 14:40:00,2905.86,2907.56,2905.38,2906.6,369.0
2025-03-10 14:45:00,2906.59,2907.02,2903.89,2904.86,347.0
2025-03-10 14:50:00,2904.75,2905.03,2903.24,2904.18,335.0
2025-03-10 14:55:00,2904.21,2907.56,2903.8,2906.56,356.0
2025-03-10 15:00:00,2906.72,2907.99,2906.08,2906.7,338.0
2025-03-10 15:05:00,2906.62,2908.08,2905.4,2906.72,327.0
2025-03-10 15:10:00,2906.74,2908.64,2905.86,2906.62,365.0
2025-03-10 15:15:00,2906.61,2907.51,2905.18,2906.15,371.0
2025-03-10 15:20:00,2906.13,2907.04,2903.57,2903.87,378.0
2025-03-10 15:25:00,2903.52,2903.71,2901.21,2901.56,409.0
2025-03-10 15:30:00,2901.22,2902.96,2899.79,2900.18,455.0
2025-03-10 15:35:00,2900.31,2901.72,2898.84,2900.29,428.0
2025-03-10 15:40:00,2900.31,2902.49,2900.15,2902.16,414.0
2025-03-10 15:45:00,2902.21,2902.28,2897.68,2900.0,437.0
2025-03-10 15:50:00,2900.07,2902.25,2898.38,2901.56,447.0
2025-03-10 15:55:00,2901.62,2904.44,2900.64,2903.77,430.0
2025-03-10 16:00:00,2903.4,2904.61,2900.99,2901.05,443.0
2025-03-10 16:05:00,2901.38,2905.45,2901.14,2904.83,450.0
2025-03-10 16:10:00,2905.13,2908.78,2903.66,2907.99,440.0
2025-03-10 16:15:00,2908.28,2909.09,2906.29,2907.45,425.0
2025-03-10 16:20:00,2907.61,2908.07,2904.96,2906.44,433.0
2025-03-10 16:25:00,2906.65,2908.3,2903.74,2903.88,440.0
2025-03-10 16:30:00,2903.94,2906.07,2901.93,2901.96,427.0
2025-03-10 16:35:00,2901.97,2904.95,2901.85,2904.94,437.0
2025-03-10 16:40:00,2904.4,2907.42,2904.19,2906.91,437.0
2025-03-10 16:45:00,2906.94,2907.34,2904.23,2904.73,429.0
2025-03-10 16:50:00,2904.83,2906.37,2904.59,2904.72,402.0
2025-03-10 16:55:00,2904.83,2908.93,2904.46,2908.07,428.0
2025-03-10 17:00:00,2908.36,2910.52,2905.79,2905.79,439.0
2025-03-10 17:05:00,2905.84,2907.06,2902.61,2903.69,416.0
2025-03-10 17:10:00,2903.63,2904.67,2903.07,2903.25,400.0
2025-03-10 17:15:00,2903.15,2904.96,2900.61,2904.04,420.0
2025-03-10 17:20:00,2904.52,2906.74,2904.02,2905.95,401.0
2025-03-10 17:25:00,2905.83,2908.36,2905.72,2908.05,314.0
2025-03-10 17:30:00,2908.09,2908.35,2905.98,2907.32,350.0
2025-03-10 17:35:00,2907.33,2908.0,2906.36,2906.71,366.0
2025-03-10 17:40:00,2906.65,2907.57,2904.6,2905.22,406.0
2025-03-10 17:45:00,2905.23,2906.75,2904.16,2905.21,383.0
2025-03-10 17:50:00,2905.14,2906.07,2904.15,2904.75,392.0
2025-03-10 17:55:00,2904.74,2905.74,2903.35,2904.52,415.0
2025-03-10 18:00:00,2904.36,2906.16,2903.3,2905.95,401.0
2025-03-10 18:05:00,2905.94,2906.79,2904.42,2905.06,367.0
2025-03-10 18:10:00,2904.99,2905.56,2904.77,2905.48,297.0
2025-03-10 18:15:00,2905.34,2905.98,2903.2,2903.61,343.0
2025-03-10 18:20:00,2903.56,2904.18,2902.34,2903.09,355.0
2025-03-10 18:25:00,2903.17,2903.8,2902.33,2903.17,370.0
2025-03-10 18:30:00,2903.41,2903.58,2901.89,2902.58,353.0
2025-03-10 18:35:00,2902.54,2902.91,2901.14,2902.35,355.0
2025-03-10 18:40:00,2902.39,2902.7,2900.57,2900.92,351.0
2025-03-10 18:45:00,2900.86,2901.02,2895.94,2899.22,406.0
2025-03-10 18:50:00,2899.21,2899.79,2897.61,2899.43,358.0
2025-03-10 18:55:00,2899.43,2899.43,2895.88,2895.9,378.0
2025-03-10 19:00:00,2895.88,2896.08,2893.44,2894.77,419.0
2025-03-10 19:05:00,2894.76,2895.98,2893.99,2894.03,384.0
2025-03-10 19:10:00,2894.0,2894.21,2890.68,2894.07,422.0
2025-03-10 19:15:00,2894.19,2895.81,2891.6,2892.17,388.0
2025-03-10 19:20:00,2892.02,2893.6,2891.63,2892.94,410.0
2025-03-10 19:25:00,2892.85,2895.21,2890.77,2894.63,399.0
2025-03-10 19:30:00,2895.03,2895.32,2891.0,2892.51,414.0
2025-03-10 19:35:00,2892.46,2892.63,2887.17,2888.03,389.0
2025-03-10 19:40:00,2888.03,2888.26,2882.95,2886.25,410.0
2025-03-10 19:45:00,2886.29,2886.43,2883.23,2884.32,389.0
2025-03-10 19:50:00,2884.34,2887.09,2884.26,2885.03,354.0
2025-03-10 19:55:00,2885.01,2886.5,2882.71,2886.07,391.0
2025-03-10 20:00:00,2886.06,2886.06,2881.77,2881.89,400.0
2025-03-10 20:05:00,2881.94,2883.4,2880.3,2883.36,398.0
2025-03-10 20:10:00,2883.54,2885.53,2882.7,2883.99,394.0
2025-03-10 20:15:00,2884.05,2884.29,2882.23,2882.42,361.0
2025-03-10 20:20:00,2882.5,2884.23,2882.0,2883.52,312.0
2025-03-10 20:25:00,2883.42,2884.19,2883.08,2883.41,363.0
2025-03-10 20:30:00,2883.64,2885.44,2883.0,2885.08,327.0
2025-03-10 20:35:00,2885.07,2886.92,2884.77,2886.71,331.0
2025-03-10 20:40:00,2886.72,2887.85,2886.45,2886.6,346.0
2025-03-10 20:45:00,2886.62,2889.47,2886.04,2889.17,331.0
2025-03-10 20:50:00,2888.63,2888.63,2886.69,2887.01,278.0
2025-03-10 20:55:00,2886.96,2886.96,2884.85,2885.54,315.0
2025-03-10 21:00:00,2885.21,2885.67,2883.28,2883.54,317.0
2025-03-10 21:05:00,2883.3,2883.77,2880.28,2883.08,389.0
2025-03-10 21:10:00,2883.06,2884.56,2881.02,2884.56,386.0
2025-03-10 21:15:00,2884.64,2886.59,2883.34,2886.45,356.0
2025-03-10 21:20:00,2886.44,2890.15,2885.83,2890.02,351.0
2025-03-10 21:25:00,2890.05,2890.93,2888.14,2888.15,381.0
2025-03-10 21:30:00,2888.18,2889.88,2888.17,2889.6,394.0
2025-03-10 21:35:00,2889.61,2890.88,2885.39,2885.42,362.0
2025-03-10 21:40:00,2885.45,2887.75,2884.98,2887.15,330.0
2025-03-10 21:45:00,2887.15,2888.24,2885.56,2887.52,324.0
2025-03-10 21:50:00,2887.76,2888.45,2885.81,2886.16,374.0
2025-03-10 21:55:00,2886.16,2886.53,2884.1,2885.22,380.0
2025-03-10 22:00:00,2885.23,2887.88,2884.18,2887.11,200.0
2025-03-10 22:05:00,2887.22,2888.24,2887.19,2887.8,171.0
2025-03-10 22:10:00,2887.88,2888.32,2887.19,2887.31,152.0
2025-03-10 22:15:00,2887.25,2887.93,2886.4,2886.42,155.0
2025-03-10 22:20:00,2886.39,2886.73,2885.82,2886.23,128.0
2025-03-10 22:25:00,2886.29,2886.91,2885.63,2886.71,103.0
2025-03-10 22:30:00,2886.71,2887.1,2885.4,2886.76,102.0
2025-03-10 22:35:00,2886.84,2888.79,2886.46,2888.34,142.0
2025-03-10 22:40:00,2888.34,2888.61,2888.1,2888.31,88.0
2025-03-10 22:45:00,2888.42,2889.12,2888.26,2888.4,104.0
2025-03-10 22:50:00,2888.4,2888.75,2887.57,2887.9,93.0
2025-03-10 22:55:00,2888.58,2889.43,2888.16,2889.24,134.0
2025-03-11 00:00:00,2888.27,2890.17,2888.26,2889.39,189.0
2025-03-11 00:05:00,2889.39,2889.69,2887.68,2887.78,127.0
2025-03-11 00:10:00,2887.84,2888.16,2887.04,2887.73,115.0
2025-03-11 00:15:00,2887.75,2888.08,2887.21,2887.23,144.0
2025-03-11 00:20:00,2887.13,2887.59,2886.29,2886.31,160.0
2025-03-11 00:25:00,2886.34,2886.68,2885.09,2885.09,83.0
2025-03-11 00:30:00,2885.21,2885.81,2884.28,2884.4,56.0
2025-03-11 00:35:00,2884.39,2885.19,2884.04,2885.06,153.0
2025-03-11 00:40:00,2885.01,2886.01,2884.74,2885.99,106.0
2025-03-11 00:45:00,2886.02,2886.05,2884.79,2885.3,69.0
2025-03-11 00:50:00,2885.3,2886.19,2885.08,2885.2,81.0
2025-03-11 00:55:00,2884.94,2884.94,2884.18,2884.75,132.0
2025-03-11 01:00:00,2884.76,2885.3,2884.48,2885.22,113.0
2025-03-11 01:05:00,2885.27,2885.82,2884.97,2885.79,98.0
2025-03-11 01:10:00,2885.81,2885.81,2884.39,2885.03,77.0
2025-03-11 01:15:00,2885.02,2885.35,2884.25,2884.29,85.0
2025-03-11 01:20:00,2884.25,2884.93,2884.25,2884.75,81.0
2025-03-11 01:25:00,2884.91,2884.91,2884.17,2884.28,97.0
2025-03-11 01:30:00,2884.21,2884.29,2882.77,2883.07,155.0
2025-03-11 01:35:00,2883.13,2883.38,2882.9,2883.24,108.0
2025-03-11 01:40:00,2883.32,2883.65,2882.92,2883.3,66.0
2025-03-11 01:45:00,2883.29,2884.3,2882.4,2884.0,137.0
2025-03-11 01:50:00,2883.9,2884.74,2883.69,2884.16,115.0
2025-03-11 01:55:00,2884.17,2884.92,2884.08,2884.55,94.0
2025-03-11 02:00:00,2884.53,2885.95,2884.53,2884.62,162.0
2025-03-11 02:05:00,2884.59,2885.84,2884.16,2885.17,317.0
2025-03-11 02:10:00,2885.11,2887.37,2884.75,2887.12,171.0
2025-03-11 02:15:00,2887.12,2888.65,2887.04,2887.09,336.0
2025-03-11 02:20:00,2887.07,2888.15,2886.9,2887.02,298.0
2025-03-11 02:25:00,2887.08,2887.65,2885.3,2887.28,282.0
2025-03-11 02:30:00,2887.28,2888.12,2887.03,2887.35,290.0
2025-03-11 02:35:00,2887.38,2887.81,2886.14,2886.54,258.0
2025-03-11 02:40:00,2886.35,2888.05,2885.2,2885.67,203.0
2025-03-11 02:45:00,2885.66,2886.19,2884.85,2884.87,123.0
2025-03-11 02:50:00,2884.87,2887.37,2884.74,2887.18,173.0
2025-03-11 02:55:00,2887.16,2888.14,2886.7,2887.31,155.0
2025-03-11 03:00:00,2887.44,2888.53,2880.26,2883.67,309.0
2025-03-11 03:05:00,2883.87,2888.54,2883.59,2884.44,365.0
2025-03-11 03:10:00,2884.49,2886.09,2882.01,2885.56,321.0
2025-03-11 03:15:00,2885.57,2887.98,2885.41,2887.79,306.0
2025-03-11 03:20:00,2887.76,2889.98,2887.56,2889.11,292.0
2025-03-11 03:25:00,2889.15,2890.1,2887.0,2889.59,271.0
2025-03-11 03:30:00,2889.59,2890.13,2887.15,2888.87,326.0
2025-03-11 03:35:00,2888.85,2890.36,2888.38,2889.67,259.0
2025-03-11 03:40:00,2889.66,2890.51,2889.21,2890.18,235.0
2025-03-11 03:45:00,2890.19,2890.51,2889.44,2890.41,235.0
2025-03-11 03:50:00,2890.53,2890.97,2889.67,2890.22,236.0
2025-03-11 03:55:00,2890.22,2890.97,2890.12,2890.65,224.0
2025-03-11 04:00:00,2890.63,2890.98,2890.1,2890.54,203.0
2025-03-11 04:05:00,2890.58,2892.2,2889.93,2891.56,269.0
2025-03-11 04:10:00,2891.55,2893.97,2891.35,2893.96,335.0
2025-03-11 04:15:00,2894.23,2895.61,2893.24,2895.15,283.0
2025-03-11 04:20:00,2895.15,2897.51,2894.43,2897.11,299.0
2025-03-11 04:25:00,2897.09,2899.32,2896.56,2897.87,253.0
2025-03-11 04:30:00,2897.86,2898.52,2896.86,2897.98,280.0
2025-03-11 04:35:00,2898.05,2898.82,2897.44,2897.65,265.0
2025-03-11 04:40:00,2897.57,2898.73,2896.34,2897.57,297.0
2025-03-11 04:45:00,2897.59,2897.67,2895.95,2896.8,239.0
2025-03-11 04:50:00,2896.88,2898.83,2896.62,2898.77,287.0
2025-03-11 04:55:00,2898.87,2900.49,2898.52,2899.02,283.0
2025-03-11 05:00:00,2899.05,2899.34,2898.39,2898.83,255.0
2025-03-11 05:05:00,2898.82,2899.17,2897.59,2897.91,241.0
2025-03-11 05:10:00,2897.85,2899.24,2897.83,2898.36,186.0
2025-03-11 05:15:00,2898.57,2898.77,2897.35,2897.44,326.0
2025-03-11 05:20:00,2897.17,2897.56,2896.22,2897.27,269.0
2025-03-11 05:25:00,2897.27,2897.27,2895.21,2895.89,234.0
2025-03-11 05:30:00,2895.9,2896.32,2895.16,2895.86,150.0
2025-03-11 05:35:00,2895.87,2896.79,2895.71,2895.76,142.0
2025-03-11 05:40:00,2895.75,2897.04,2895.59,2896.97,232.0
2025-03-11 05:45:00,2896.96,2896.99,2895.93,2896.35,155.0
2025-03-11 05:50:00,2896.53,2896.83,2896.19,2896.67,146.0
2025-03-11 05:55:00,2896.7,2897.27,2896.06,2896.97,224.0
2025-03-11 06:00:00,2896.95,2897.16,2895.94,2896.17,175.0
2025-03-11 06:05:00,2895.83,2896.65,2895.69,2896.44,129.0
2025-03-11 06:10:00,2896.59,2897.58,2896.15,2897.39,179.0
2025-03-11 06:15:00,2897.56,2897.77,2896.5,2896.83,194.0
2025-03-11 06:20:00,2896.92,2896.98,2896.19,2896.79,134.0
2025-03-11 06:25:00,2896.78,2897.61,2896.72,2897.5,127.0
2025-03-11 06:30:00,2897.61,2898.16,2897.2,2897.29,205.0
2025-03-11 06:35:00,2897.29,2898.02,2897.28,2897.63,141.0
2025-03-11 06:40:00,2897.67,2898.24,2897.58,2898.0,96.0
2025-03-11 06:45:00,2898.0,2898.22,2896.97,2897.06,102.0
2025-03-11 06:50:00,2897.07,2897.78,2897.07,2897.58,77.0
2025-03-11 06:55:00,2897.57,2898.62,2897.33,2897.74,130.0
2025-03-11 07:00:00,2897.73,2898.77,2897.73,2897.8,232.0
2025-03-11 07:05:00,2897.9,2898.04,2897.12,2897.39,182.0
2025-03-11 07:10:00,2897.29,2897.95,2896.96,2897.77,172.0
2025-03-11 07:15:00,2897.9,2898.59,2897.59,2898.39,227.0
2025-03-11 07:20:00,2898.3,2898.52,2897.96,2898.28,128.0
2025-03-11 07:25:00,2898.22,2898.47,2897.58,2897.58,137.0
2025-03-11 07:30:00,2897.35,2898.75,2897.35,2898.49,257.0
2025-03-11 07:35:00,2898.5,2899.08,2897.79,2897.81,164.0
2025-03-11 07:40:00,2897.88,2898.35,2895.76,2895.89,306.0
2025-03-11 07:45:00,2895.89,2896.22,2893.85,2895.17,335.0
2025-03-11 07:50:00,2895.2,2895.2,2894.25,2894.47,151.0
2025-03-11 07:55:00,2894.49,2895.87,2892.81,2895.69,281.0
2025-03-11 08:00:00,2895.93,2896.74,2895.12,2895.58,172.0
2025-03-11 08:05:00,2895.8,2897.14,2895.56,2896.05,240.0
2025-03-11 08:10:00,2896.17,2896.34,2894.61,2895.34,162.0
2025-03-11 08:15:00,2895.35,2895.55,2894.11,2894.46,210.0
2025-03-11 08:20:00,2894.4,2895.25,2893.5,2894.88,327.0
2025-03-11 08:25:00,2894.87,2897.91,2894.87,2897.91,353.0
2025-03-11 08:30:00,2897.88,2902.02,2897.35,2900.79,367.0
2025-03-11 08:35:00,2900.83,2900.89,2898.67,2899.42,207.0
2025-03-11 08:40:00,2899.78,2900.66,2899.43,2900.13,218.0
2025-03-11 08:45:00,2900.14,2901.74,2899.8,2901.53,262.0
2025-03-11 08:50:00,2901.6,2902.72,2901.04,2902.39,244.0
2025-03-11 08:55:00,2902.51,2902.8,2901.55,2902.26,203.0
2025-03-11 09:00:00,2902.26,2902.26,2900.65,2901.03,206.0
2025-03-11 09:05:00,2901.11,2903.49,2900.96,2901.58,195.0
2025-03-11 09:10:00,2901.67,2902.15,2899.92,2899.92,234.0
2025-03-11 09:15:00,2899.89,2899.89,2897.98,2898.77,238.0
2025-03-11 09:20:00,2898.79,2900.76,2898.05,2900.56,307.0
2025-03-11 09:25:00,2900.57,2900.86,2899.54,2900.19,181.0
2025-03-11 09:30:00,2900.22,2901.18,2898.86,2898.94,273.0
2025-03-11 09:35:00,2898.94,2900.02,2897.56,2899.33,208.0
2025-03-11 09:40:00,2899.31,2900.75,2898.99,2899.73,227.0
2025-03-11 09:45:00,2899.74,2901.9,2899.63,2900.62,330.0
2025-03-11 09:50:00,2900.11,2900.76,2899.26,2900.44,343.0
2025-03-11 09:55:00,2900.45,2901.63,2900.33,2900.99,278.0
2025-03-11 10:00:00,2901.22,2901.96,2900.41,2901.89,349.0
2025-03-11 10:05:00,2901.9,2903.31,2901.02,2901.95,370.0
2025-03-11 10:10:00,2901.81,2904.21,2901.18,2904.18,304.0
2025-03-11 10:15:00,2904.19,2905.52,2903.98,2904.98,238.0
2025-03-11 10:20:00,2904.99,2906.19,2904.98,2905.58,167.0
2025-03-11 10:25:00,2905.58,2907.39,2905.43,2907.3,220.0
2025-03-11 10:30:00,2907.34,2908.17,2906.82,2907.62,199.0
2025-03-11 10:35:00,2907.62,2907.71,2906.49,2906.81,203.0
2025-03-11 10:40:00,2906.86,2909.26,2906.51,2909.24,234.0
2025-03-11 10:45:00,2909.18,2910.1,2907.34,2909.52,303.0
2025-03-11 10:50:00,2909.43,2910.28,2908.4,2909.95,258.0
2025-03-11 10:55:00,2909.95,2910.24,2909.16,2909.96,263.0
2025-03-11 11:00:00,2909.97,2910.88,2909.28,2909.37,273.0
2025-03-11 11:05:00,2909.37,2911.61,2909.04,2910.21,317.0
2025-03-11 11:10:00,2910.2,2910.22,2909.0,2910.21,216.0
2025-03-11 11:15:00,2910.04,2910.8,2910.02,2910.24,303.0
2025-03-11 11:20:00,2910.22,2910.73,2909.22,2910.51,284.0
2025-03-11 11:25:00,2910.49,2910.97,2910.02,2910.97,312.0
2025-03-11 11:30:00,2911.38,2911.38,2909.16,2909.46,342.0
2025-03-11 11:35:00,2909.4,2909.76,2908.69,2909.33,368.0
2025-03-11 11:40:00,2909.25,2910.55,2909.06,2910.52,245.0
2025-03-11 11:45:00,2910.52,2912.19,2909.84,2910.42,331.0
2025-03-11 11:50:00,2910.35,2912.07,2910.05,2911.59,239.0
2025-03-11 11:55:00,2911.7,2912.35,2911.54,2911.75,229.0
2025-03-11 12:00:00,2911.77,2912.8,2910.95,2912.27,221.0
2025-03-11 12:05:00,2912.28,2912.55,2911.47,2911.5,217.0
2025-03-11 12:10:00,2911.49,2912.49,2910.94,2911.5,247.0
2025-03-11 12:15:00,2911.47,2912.88,2911.28,2912.62,274.0
2025-03-11 12:20:00,2912.59,2913.56,2911.76,2913.56,275.0
2025-03-11 12:25:00,2913.51,2914.2,2912.45,2912.76,197.0
2025-03-11 12:30:00,2912.77,2913.45,2911.7,2911.92,194.0
2025-03-11 12:35:00,2912.25,2913.21,2911.0,2913.2,299.0
2025-03-11 12:40:00,2913.23,2914.34,2912.86,2914.28,321.0
2025-03-11 12:45:00,2914.26,2914.43,2913.87,2913.98,176.0
2025-03-11 12:50:00,2914.02,2914.22,2912.91,2913.01,250.0
2025-03-11 12:55:00,2912.97,2913.08,2911.92,2911.94,337.0
2025-03-11 13:00:00,2911.95,2912.6,2911.27,2911.31,331.0
2025-03-11 13:05:00,2911.26,2913.09,2910.73,2912.79,297.0
2025-03-11 13:10:00,2912.84,2913.43,2912.28,2912.5,266.0
2025-03-11 13:15:00,2912.51,2913.29,2912.09,2912.68,253.0
2025-03-11 13:20:00,2912.7,2913.35,2911.75,2912.56,257.0
2025-03-11 13:25:00,2912.3,2913.63,2912.08,2913.53,208.0
2025-03-11 13:30:00,2913.51,2915.13,2913.51,2913.69,259.0
2025-03-11 13:35:00,2913.61,2913.93,2912.36,2913.13,313.0
2025-03-11 13:40:00,2913.2,2914.89,2913.16,2914.73,227.0
2025-03-11 13:45:00,2914.67,2915.3,2914.04,2914.29,195.0
2025-03-11 13:50:00,2914.14,2914.4,2913.19,2913.24,204.0
2025-03-11 13:55:00,2913.34,2914.02,2912.85,2913.68,217.0
2025-03-11 14:00:00,2913.61,2913.9,2912.49,2913.68,272.0
2025-03-11 14:05:00,2913.69,2913.88,2913.07,2913.19,196.0
2025-03-11 14:10:00,2913.19,2914.07,2912.59,2912.64,328.0
2025-03-11 14:15:00,2912.63,2912.63,2910.53,2910.53,347.0
2025-03-11 14:20:00,2910.54,2912.26,2910.54,2911.59,354.0
2025-03-11 14:25:00,2911.65,2914.12,2911.48,2912.84,344.0
2025-03-11 14:30:00,2912.8,2914.17,2912.25,2913.15,270.0
2025-03-11 14:35:00,2913.1,2914.48,2912.49,2914.09,278.0
2025-03-11 14:40:00,2914.3,2915.91,2913.99,2915.56,365.0
2025-03-11 14:45:00,2915.47,2915.67,2913.42,2914.18,281.0
2025-03-11 14:50:00,2914.08,2914.33,2912.37,2913.75,303.0
2025-03-11 14:55:00,2913.71,2913.77,2911.31,2913.08,333.0
2025-03-11 15:00:00,2913.11,2913.78,2910.1,2910.22,322.0
2025-03-11 15:05:00,2910.32,2910.55,2907.86,2909.27,394.0
2025-03-11 15:10:00,2909.49,2911.11,2907.55,2907.81,338.0
2025-03-11 15:15:00,2907.82,2909.49,2906.95,2908.79,294.0
2025-03-11 15:20:00,2908.88,2911.91,2908.39,2911.67,344.0
2025-03-11 15:25:00,2911.63,2912.37,2909.84,2911.3,291.0
2025-03-11 15:30:00,2911.56,2915.14,2910.65,2914.85,405.0
2025-03-11 15:35:00,2914.87,2920.35,2914.78,2919.02,448.0
2025-03-11 15:40:00,2918.97,2920.72,2917.28,2919.7,452.0
2025-03-11 15:45:00,2919.64,2922.03,2917.78,2919.8,452.0
2025-03-11 15:50:00,2919.77,2919.84,2916.78,2917.82,391.0
2025-03-11 15:55:00,2917.82,2918.21,2916.37,2917.53,347.0
2025-03-11 16:00:00,2916.58,2918.0,2915.37,2915.71,408.0
2025-03-11 16:05:00,2915.68,2920.17,2915.62,2919.88,418.0
2025-03-11 16:10:00,2919.89,2920.54,2918.72,2918.96,429.0
2025-03-11 16:15:00,2919.05,2920.92,2917.39,2917.83,378.0
2025-03-11 16:20:00,2917.85,2919.31,2915.3,2916.06,344.0
2025-03-11 16:25:00,2915.93,2918.17,2915.11,2916.01,383.0
2025-03-11 16:30:00,2916.31,2916.64,2913.39,2913.89,345.0
2025-03-11 16:35:00,2913.68,2915.16,2912.66,2913.34,376.0
2025-03-11 16:40:00,2913.77,2915.36,2911.97,2915.34,383.0
2025-03-11 16:45:00,2915.36,2915.99,2914.26,2914.39,366.0
2025-03-11 16:50:00,2914.35,2915.77,2913.89,2915.31,322.0
2025-03-11 16:55:00,2915.25,2915.56,2913.4,2914.05,343.0
2025-03-11 17:00:00,2914.07,2917.72,2913.93,2917.03,402.0
2025-03-11 17:05:00,2917.03,2919.81,2916.55,2919.43,428.0
2025-03-11 17:10:00,2919.44,2919.82,2918.34,2919.49,391.0
2025-03-11 17:15:00,2919.43,2919.51,2917.8,2918.61,369.0
2025-03-11 17:20:00,2918.69,2918.8,2914.66,2915.76,367.0
2025-03-11 17:25:00,2915.76,2916.16,2914.28,2915.43,311.0
2025-03-11 17:30:00,2915.23,2919.0,2915.04,2916.97,308.0
2025-03-11 17:35:00,2916.86,2918.26,2914.63,2918.15,273.0
2025-03-11 17:40:00,2918.15,2919.71,2917.7,2918.23,308.0
2025-03-11 17:45:00,2918.28,2918.28,2917.06,2917.45,302.0
2025-03-11 17:50:00,2917.45,2918.85,2917.33,2917.69,316.0
2025-03-11 17:55:00,2917.73,2917.99,2916.24,2916.88,309.0
2025-03-11 18:00:00,2916.82,2917.65,2916.08,2917.41,330.0
2025-03-11 18:05:00,2917.28,2917.44,2915.69,2916.35,205.0
2025-03-11 18:10:00,2916.35,2917.18,2915.85,2916.12,263.0
2025-03-11 18:15:00,2916.12,2917.3,2915.78,2916.55,266.0
2025-03-11 18:20:00,2916.62,2917.9,2916.52,2917.09,233.0
2025-03-11 18:25:00,2917.06,2917.57,2916.08,2916.59,227.0
2025-03-11 18:30:00,2916.57,2917.17,2915.54,2915.54,315.0
2025-03-11 18:35:00,2915.54,2917.35,2915.13,2916.95,292.0
2025-03-11 18:40:00,2916.96,2918.13,2915.73,2916.39,324.0
2025-03-11 18:45:00,2916.38,2917.24,2915.75,2916.62,334.0
2025-03-11 18:50:00,2916.58,2917.26,2916.05,2916.28,318.0
2025-03-11 18:55:00,2916.29,2917.62,2916.27,2916.98,341.0
2025-03-11 19:00:00,2917.04,2917.75,2915.86,2915.97,344.0
2025-03-11 19:05:00,2915.92,2918.18,2915.83,2918.12,339.0
2025-03-11 19:10:00,2918.09,2920.45,2918.09,2919.15,299.0
2025-03-11 19:15:00,2919.2,2920.04,2918.5,2918.65,287.0
2025-03-11 19:20:00,2918.6,2918.85,2915.73,2915.84,335.0
2025-03-11 19:25:00,2915.87,2916.2,2914.02,2915.63,353.0
2025-03-11 19:30:00,2915.7,2917.97,2915.41,2917.4,359.0
2025-03-11 19:35:00,2917.45,2918.0,2916.58,2917.5,298.0
2025-03-11 19:40:00,2917.44,2918.23,2916.92,2917.14,283.0
2025-03-11 19:45:00,2917.16,2918.68,2916.85,2918.44,282.0
2025-03-11 19:50:00,2918.49,2918.85,2918.07,2918.73,210.0
2025-03-11 19:55:00,2918.75,2919.17,2917.53,2917.8,232.0
2025-03-11 20:00:00,2917.76,2918.54,2916.73,2916.9,265.0
2025-03-11 20:05:00,2916.95,2916.95,2915.15,2915.95,238.0
2025-03-11 20:10:00,2915.97,2917.89,2915.96,2917.39,253.0
2025-03-11 20:15:00,2917.47,2917.48,2915.65,2915.85,221.0
2025-03-11 20:20:00,2915.8,2917.53,2915.56,2916.71,260.0
2025-03-11 20:25:00,2916.67,2916.98,2915.75,2916.82,257.0
2025-03-11 20:30:00,2916.83,2917.39,2916.2,2917.0,286.0
2025-03-11 20:35:00,2916.97,2917.88,2916.54,2917.23,241.0
2025-03-11 20:40:00,2917.23,2918.81,2917.01,2918.35,284.0
2025-03-11 20:45:00,2918.39,2918.9,2917.37,2918.88,260.0
2025-03-11 20:50:00,2918.89,2919.57,2918.46,2918.62,242.0
2025-03-11 20:55:00,2918.55,2919.06,2917.94,2918.27,221.0
2025-03-11 21:00:00,2918.29,2918.97,2917.51,2918.3,258.0
2025-03-11 21:05:00,2918.31,2919.79,2918.31,2919.11,290.0
2025-03-11 21:10:00,2919.09,2919.79,2918.68,2919.18,244.0
2025-03-11 21:15:00,2919.15,2920.56,2918.77,2920.47,259.0
2025-03-11 21:20:00,2920.68,2920.89,2920.1,2920.28,289.0
2025-03-11 21:25:00,2920.29,2920.82,2920.05,2920.17,290.0
2025-03-11 21:30:00,2920.18,2921.16,2920.07,2920.86,259.0
2025-03-11 21:35:00,2920.88,2921.11,2920.29,2920.41,277.0
2025-03-11 21:40:00,2920.23,2921.34,2919.94,2921.25,280.0
2025-03-11 21:45:00,2921.26,2921.26,2920.41,2920.51,271.0
2025-03-11 21:50:00,2920.35,2920.67,2918.98,2919.58,271.0
2025-03-11 21:55:00,2919.59,2919.74,2918.18,2918.34,312.0
2025-03-11 22:00:00,2918.19,2918.92,2918.13,2918.31,122.0
2025-03-11 22:05:00,2918.31,2918.31,2917.04,2917.55,127.0
2025-03-11 22:10:00,2917.57,2917.61,2915.5,2915.63,175.0
2025-03-11 22:15:00,2915.63,2917.16,2915.55,2916.6,153.0
2025-03-11 22:20:00,2916.43,2916.55,2915.85,2915.95,124.0
2025-03-11 22:25:00,2915.95,2916.68,2915.92,2916.15,78.0
2025-03-11 22:30:00,2916.14,2916.32,2915.94,2916.28,82.0
2025-03-11 22:35:00,2916.28,2916.43,2916.05,2916.38,90.0
2025-03-11 22:40:00,2916.45,2916.86,2916.17,2916.7,112.0
2025-03-11 22:45:00,2916.67,2916.67,2915.93,2916.12,108.0
2025-03-11 22:50:00,2916.02,2916.33,2915.15,2915.45,144.0
2025-03-11 22:55:00,2915.7,2916.1,2915.44,2915.5,114.0
2025-03-12 00:00:00,2915.81,2915.99,2915.32,2915.32,93.0
2025-03-12 00:05:00,2915.05,2915.29,2914.43,2914.63,81.0
2025-03-12 00:10:00,2914.7,2917.12,2914.7,2917.12,100.0
2025-03-12 00:15:00,2917.07,2917.15,2916.02,2916.48,94.0
2025-03-12 00:20:00,2916.42,2916.83,2916.06,2916.71,97.0
2025-03-12 00:25:00,2916.72,2917.61,2916.48,2916.49,100.0
2025-03-12 00:30:00,2916.56,2917.48,2915.63,2915.65,148.0
2025-03-12 00:35:00,2915.69,2915.89,2914.51,2914.99,150.0
2025-03-12 00:40:00,2915.13,2915.42,2914.87,2915.38,103.0
2025-03-12 00:45:00,2915.43,2916.78,2915.32,2915.4,137.0
2025-03-12 00:50:00,2915.41,2917.15,2915.0,2916.48,189.0
2025-03-12 00:55:00,2916.4,2918.13,2915.83,2917.62,131.0
2025-03-12 01:00:00,2917.65,2918.51,2917.01,2918.36,111.0
2025-03-12 01:05:00,2918.35,2919.51,2917.89,2919.45,130.0
2025-03-12 01:10:00,2919.45,2919.58,2917.39,2917.59,156.0
2025-03-12 01:15:00,2917.7,2917.7,2916.17,2916.77,118.0
2025-03-12 01:20:00,2916.77,2917.08,2916.46,2916.95,61.0
2025-03-12 01:25:00,2916.94,2917.63,2916.89,2917.42,31.0
2025-03-12 01:30:00,2917.42,2917.96,2917.42,2917.85,62.0
2025-03-12 01:35:00,2917.9,2918.09,2917.0,2917.29,37.0
2025-03-12 01:40:00,2917.24,2917.29,2916.57,2916.76,58.0
2025-03-12 01:45:00,2916.77,2916.81,2916.06,2916.37,46.0
2025-03-12 01:50:00,2916.38,2916.41,2915.62,2915.81,59.0
2025-03-12 01:55:00,2915.76,2916.11,2915.5,2915.53,66.0
2025-03-12 02:00:00,2915.57,2915.57,2914.21,2914.65,240.0
2025-03-12 02:05:00,2914.64,2914.73,2914.09,2914.13,246.0
2025-03-12 02:10:00,2914.14,2914.58,2913.52,2913.72,135.0
2025-03-12 02:15:00,2913.73,2914.3,2913.73,2913.74,70.0
2025-03-12 02:20:00,2913.72,2914.17,2913.58,2913.9,102.0
2025-03-12 02:25:00,2913.88,2914.8,2913.88,2914.35,124.0
2025-03-12 02:30:00,2914.29,2914.63,2914.06,2914.61,113.0
2025-03-12 02:35:00,2914.6,2914.64,2912.88,2912.91,100.0
2025-03-12 02:40:00,2912.85,2913.45,2912.16,2913.41,150.0
2025-03-12 02:45:00,2913.4,2913.61,2912.48,2913.25,202.0
2025-03-12 02:50:00,2913.31,2913.86,2912.86,2913.45,199.0
2025-03-12 02:55:00,2913.47,2914.42,2913.29,2914.22,271.0
2025-03-12 03:00:00,2914.15,2914.15,2911.94,2912.03,350.0
2025-03-12 03:05:00,2911.94,2912.57,2911.48,2912.06,285.0
2025-03-12 03:10:00,2912.1,2912.18,2910.88,2911.54,252.0
2025-03-12 03:15:00,2911.68,2913.23,2911.5,2912.71,367.0
2025-03-12 03:20:00,2912.78,2914.41,2912.3,2914.33,330.0
2025-03-12 03:25:00,2914.33,2915.18,2913.87,2914.63,306.0
2025-03-12 03:30:00,2914.62,2916.48,2914.46,2916.06,328.0
2025-03-12 03:35:00,2916.06,2917.28,2915.64,2916.47,325.0
2025-03-12 03:40:00,2916.46,2916.65,2914.86,2915.89,284.0
2025-03-12 03:45:00,2915.75,2916.88,2915.43,2916.56,263.0
2025-03-12 03:50:00,2916.59,2916.71,2914.42,2914.92,222.0
2025-03-12 03:55:00,2914.92,2915.44,2914.5,2914.92,230.0
2025-03-12 04:00:00,2914.75,2915.18,2914.0,2914.48,281.0
2025-03-12 04:05:00,2914.43,2915.78,2914.3,2914.96,247.0
2025-03-12 04:10:00,2914.96,2915.58,2914.82,2915.24,212.0
2025-03-12 04:15:00,2915.11,2916.33,2914.93,2916.1,266.0
2025-03-12 04:20:00,2915.72,2915.85,2914.77,2914.93,199.0
2025-03-12 04:25:00,2914.91,2916.1,2914.85,2915.82,227.0
2025-03-12 04:30:00,2915.83,2918.22,2915.7,2916.81,334.0
2025-03-12 04:35:00,2916.66,2917.33,2916.47,2916.59,193.0
2025-03-12 04:40:00,2916.59,2917.03,2915.42,2916.51,213.0
2025-03-12 04:45:00,2916.52,2917.56,2916.12,2916.96,267.0
2025-03-12 04:50:00,2916.97,2917.24,2916.0,2916.2,254.0
2025-03-12 04:55:00,2916.17,2916.53,2915.33,2916.23,273.0
2025-03-12 05:00:00,2916.24,2919.47,2916.21,2918.58,202.0
2025-03-12 05:05:00,2918.59,2919.03,2917.23,2918.32,228.0
2025-03-12 05:10:00,2918.32,2918.86,2918.01,2918.49,141.0
2025-03-12 05:15:00,2918.47,2919.24,2917.47,2917.47,243.0
2025-03-12 05:20:00,2917.43,2918.63,2917.23,2917.57,227.0
2025-03-12 05:25:00,2917.56,2919.84,2917.51,2919.03,302.0
2025-03-12 05:30:00,2918.98,2919.35,2918.09,2918.29,227.0
2025-03-12 05:35:00,2918.29,2918.74,2918.27,2918.7,86.0
2025-03-12 05:40:00,2918.84,2918.84,2917.72,2917.96,168.0
2025-03-12 05:45:00,2917.85,2918.38,2917.05,2917.19,172.0
2025-03-12 05:50:00,2917.19,2917.19,2916.14,2916.68,188.0
2025-03-12 05:55:00,2916.67,2916.89,2914.89,2914.99,220.0
2025-03-12 06:00:00,2915.07,2915.35,2914.26,2915.03,242.0
2025-03-12 06:05:00,2914.9,2914.99,2913.79,2914.65,206.0
2025-03-12 06:10:00,2914.64,2915.01,2914.03,2914.03,121.0
2025-03-12 06:15:00,2913.99,2914.64,2912.72,2912.8,162.0
2025-03-12 06:20:00,2912.79,2915.39,2912.57,2914.86,280.0
2025-03-12 06:25:00,2914.84,2915.63,2914.67,2915.48,146.0
2025-03-12 06:30:00,2915.5,2915.5,2914.25,2914.9,145.0
2025-03-12 06:35:00,2914.89,2915.66,2914.65,2915.47,122.0
2025-03-12 06:40:00,2915.48,2915.65,2915.17,2915.21,95.0
2025-03-12 06:45:00,2915.21,2916.07,2914.87,2915.82,149.0
2025-03-12 06:50:00,2915.64,2916.05,2915.14,2915.64,188.0
2025-03-12 06:55:00,2915.63,2915.77,2914.83,2914.98,127.0
2025-03-12 07:00:00,2915.01,2915.28,2913.52,2913.79,289.0
2025-03-12 07:05:00,2913.77,2914.37,2913.27,2913.29,333.0
2025-03-12 07:10:00,2913.3,2914.18,2913.24,2914.17,307.0
2025-03-12 07:15:00,2914.17,2914.22,2913.32,2913.91,208.0
2025-03-12 07:20:00,2913.86,2913.96,2912.76,2913.07,239.0
2025-03-12 07:25:00,2913.1,2913.38,2912.1,2913.07,216.0
2025-03-12 07:30:00,2913.07,2914.15,2912.05,2913.78,305.0
2025-03-12 07:35:00,2913.77,2914.69,2913.23,2914.18,259.0
2025-03-12 07:40:00,2914.24,2914.95,2913.82,2914.88,191.0
2025-03-12 07:45:00,2914.64,2915.67,2914.5,2915.53,248.0
2025-03-12 07:50:00,2915.57,2916.34,2914.94,2915.69,270.0
2025-03-12 07:55:00,2915.68,2916.57,2915.61,2916.03,180.0
2025-03-12 08:00:00,2916.11,2918.01,2915.84,2917.78,195.0
2025-03-12 08:05:00,2917.69,2920.21,2917.67,2920.19,261.0
2025-03-12 08:10:00,2920.2,2921.14,2919.22,2920.08,278.0
2025-03-12 08:15:00,2920.11,2920.88,2918.64,2919.99,234.0
2025-03-12 08:20:00,2919.98,2920.04,2917.3,2917.37,267.0
2025-03-12 08:25:00,2917.35,2918.69,2916.06,2916.12,276.0
2025-03-12 08:30:00,2916.11,2917.19,2914.96,2915.47,212.0
2025-03-12 08:35:00,2915.46,2915.52,2912.95,2913.11,253.0
2025-03-12 08:40:00,2913.33,2914.07,2912.66,2912.9,329.0
2025-03-12 08:45:00,2912.91,2913.41,2911.92,2912.83,322.0
2025-03-12 08:50:00,2912.83,2915.24,2912.42,2914.02,359.0
2025-03-12 08:55:00,2914.06,2914.42,2911.35,2911.88,306.0
2025-03-12 09:00:00,2911.88,2912.02,2910.67,2910.96,380.0
2025-03-12 09:05:00,2910.98,2912.41,2910.49,2911.93,315.0
2025-03-12 09:10:00,2911.96,2912.8,2911.58,2911.59,325.0
2025-03-12 09:15:00,2911.52,2911.96,2910.53,2910.76,289.0
2025-03-12 09:20:00,2910.66,2911.92,2909.02,2911.86,368.0
2025-03-12 09:25:00,2911.93,2912.49,2911.02,2911.15,316.0
2025-03-12 09:30:00,2911.01,2913.77,2911.01,2913.62,326.0
2025-03-12 09:35:00,2913.63,2914.57,2911.38,2912.15,289.0
2025-03-12 09:40:00,2912.23,2913.65,2912.23,2912.57,273.0
2025-03-12 09:45:00,2912.4,2913.07,2912.36,2912.52,257.0
2025-03-12 09:50:00,2912.43,2914.27,2912.43,2913.02,284.0
2025-03-12 09:55:00,2913.06,2915.63,2912.88,2914.42,346.0
2025-03-12 10:00:00,2914.37,2916.07,2914.06,2915.64,407.0
2025-03-12 10:05:00,2915.65,2917.0,2915.01,2916.88,354.0
2025-03-12 10:10:00,2916.88,2916.99,2915.53,2916.23,348.0
2025-03-12 10:15:00,2916.16,2917.16,2916.15,2916.92,343.0
2025-03-12 10:20:00,2916.92,2917.76,2916.26,2917.69,263.0
2025-03-12 10:25:00,2917.7,2918.72,2917.01,2917.51,258.0
2025-03-12 10:30:00,2917.49,2919.38,2916.86,2918.78,323.0
2025-03-12 10:35:00,2918.95,2919.61,2917.62,2919.08,341.0
2025-03-12 10:40:00,2919.04,2919.99,2918.58,2919.16,291.0
2025-03-12 10:45:00,2919.17,2920.25,2918.08,2920.11,355.0
2025-03-12 10:50:00,2920.16,2921.27,2919.71,2920.19,381.0
2025-03-12 10:55:00,2920.2,2922.18,2920.2,2922.1,310.0
2025-03-12 11:00:00,2922.33,2925.47,2921.04,2921.2,425.0
2025-03-12 11:05:00,2921.18,2922.65,2919.61,2921.72,331.0
2025-03-12 11:10:00,2921.71,2921.71,2918.3,2919.51,359.0
2025-03-12 11:15:00,2919.51,2920.54,2918.43,2920.12,318.0
2025-03-12 11:20:00,2920.19,2920.97,2919.74,2920.01,262.0
2025-03-12 11:25:00,2919.98,2920.09,2918.92,2919.98,277.0
2025-03-12 11:30:00,2919.99,2920.18,2919.35,2920.07,256.0
2025-03-12 11:35:00,2920.08,2920.14,2917.23,2917.72,271.0
2025-03-12 11:40:00,2917.73,2917.99,2915.37,2915.37,319.0
2025-03-12 11:45:00,2915.39,2916.24,2914.29,2915.4,355.0
2025-03-12 11:50:00,2915.39,2915.66,2913.72,2914.01,297.0
2025-03-12 11:55:00,2914.0,2916.0,2914.0,2914.82,346.0
2025-03-12 12:00:00,2914.48,2915.76,2914.07,2915.6,301.0
2025-03-12 12:05:00,2915.47,2917.0,2915.22,2916.53,328.0
2025-03-12 12:10:00,2916.55,2916.95,2915.24,2915.26,270.0
2025-03-12 12:15:00,2915.23,2915.59,2913.12,2914.07,305.0
2025-03-12 12:20:00,2914.1,2915.05,2914.06,2914.26,257.0
2025-03-12 12:25:00,2914.26,2914.69,2913.38,2913.44,270.0
2025-03-12 12:30:00,2913.44,2914.6,2913.0,2914.24,312.0
2025-03-12 12:35:00,2914.09,2914.25,2912.78,2913.52,289.0
2025-03-12 12:40:00,2913.52,2914.72,2913.25,2914.18,181.0
2025-03-12 12:45:00,2914.14,2915.28,2913.45,2913.6,255.0
2025-03-12 12:50:00,2913.56,2915.1,2913.46,2914.95,279.0
2025-03-12 12:55:00,2914.8,2915.19,2914.18,2914.34,225.0
2025-03-12 13:00:00,2914.26,2914.88,2913.87,2914.54,237.0
2025-03-12 13:05:00,2914.55,2915.91,2914.36,2915.16,296.0
2025-03-12 13:10:00,2915.18,2915.76,2914.44,2914.72,291.0
2025-03-12 13:15:00,2914.86,2915.89,2914.71,2914.95,303.0
2025-03-12 13:20:00,2914.96,2915.42,2913.79,2913.82,257.0
2025-03-12 13:25:00,2913.79,2914.0,2913.04,2913.34,337.0
2025-03-12 13:30:00,2913.2,2915.29,2912.65,2914.87,302.0
2025-03-12 13:35:00,2914.86,2916.33,2914.75,2914.83,264.0
2025-03-12 13:40:00,2914.89,2915.76,2914.29,2915.01,195.0
2025-03-12 13:45:00,2914.86,2916.62,2914.61,2916.17,289.0
2025-03-12 13:50:00,2916.15,2916.63,2915.78,2916.39,241.0
2025-03-12 13:55:00,2916.38,2916.38,2915.05,2915.3,281.0
2025-03-12 14:00:00,2915.17,2915.52,2914.12,2914.22,349.0
2025-03-12 14:05:00,2914.1,2914.19,2912.23,2912.91,324.0
2025-03-12 14:10:00,2912.8,2913.79,2912.2,2913.58,267.0
2025-03-12 14:15:00,2913.66,2914.09,2912.87,2912.98,243.0
2025-03-12 14:20:00,2912.78,2914.68,2912.51,2914.16,335.0
2025-03-12 14:25:00,2914.13,2915.17,2913.31,2913.76,270.0
2025-03-12 14:30:00,2918.85,2923.12,2916.28,2920.74,463.0
2025-03-12 14:35:00,2920.84,2921.94,2916.61,2919.65,453.0
2025-03-12 14:40:00,2919.81,2921.93,2918.24,2918.91,412.0
2025-03-12 14:45:00,2918.84,2919.47,2917.51,2918.49,370.0
2025-03-12 14:50:00,2918.49,2919.15,2917.25,2918.22,360.0
2025-03-12 14:55:00,2918.23,2919.13,2916.66,2917.49,391.0
2025-03-12 15:00:00,2917.17,2918.75,2915.03,2917.45,438.0
2025-03-12 15:05:00,2917.46,2918.45,2915.86,2916.61,395.0
2025-03-12 15:10:00,2916.68,2917.68,2915.43,2916.83,390.0
2025-03-12 15:15:00,2916.83,2916.83,2910.16,2910.82,435.0
2025-03-12 15:20:00,2910.6,2911.79,2907.39,2907.94,455.0
2025-03-12 15:25:00,2907.82,2910.9,2905.97,2910.87,428.0
2025-03-12 15:30:00,2910.93,2912.73,2910.22,2911.51,426.0
2025-03-12 15:35:00,2911.51,2913.14,2909.81,2911.19,442.0
2025-03-12 15:40:00,2911.21,2912.88,2909.99,2912.23,369.0
2025-03-12 15:45:00,2912.19,2915.76,2911.89,2915.02,430.0
2025-03-12 15:50:00,2915.08,2916.97,2914.86,2916.89,419.0
2025-03-12 15:55:00,2916.86,2917.62,2914.7,2915.61,415.0
2025-03-12 16:00:00,2915.61,2916.97,2914.27,2916.7,398.0
2025-03-12 16:05:00,2916.85,2918.05,2915.31,2915.85,432.0
2025-03-12 16:10:00,2915.87,2917.63,2914.74,2915.9,394.0
2025-03-12 16:15:00,2916.0,2917.55,2915.65,2916.7,388.0
2025-03-12 16:20:00,2916.3,2917.98,2915.8,2916.1,409.0
2025-03-12 16:25:00,2916.11,2916.77,2915.48,2916.24,337.0
2025-03-12 16:30:00,2916.57,2918.27,2916.46,2917.91,410.0
2025-03-12 16:35:00,2917.9,2919.33,2917.23,2917.42,416.0
2025-03-12 16:40:00,2917.42,2919.43,2916.56,2919.35,392.0
2025-03-12 16:45:00,2919.36,2920.12,2917.94,2918.44,355.0
2025-03-12 16:50:00,2918.49,2920.91,2918.12,2920.69,368.0
2025-03-12 16:55:00,2920.72,2922.43,2919.59,2921.85,408.0
2025-03-12 17:00:00,2921.9,2925.22,2921.42,2924.21,446.0
2025-03-12 17:05:00,2924.25,2925.41,2923.45,2925.09,419.0
2025-03-12 17:10:00,2925.17,2928.04,2925.08,2928.04,437.0
2025-03-12 17:15:00,2928.04,2928.04,2924.27,2925.13,406.0
2025-03-12 17:20:00,2925.22,2925.51,2923.19,2924.87,410.0
2025-03-12 17:25:00,2924.75,2925.86,2923.66,2923.96,364.0
2025-03-12 17:30:00,2923.88,2926.36,2923.41,2925.84,354.0
2025-03-12 17:35:00,2925.83,2926.71,2925.32,2926.27,328.0
2025-03-12 17:40:00,2926.3,2927.51,2926.05,2927.16,347.0
2025-03-12 17:45:00,2927.23,2927.96,2926.41,2927.76,337.0
2025-03-12 17:50:00,2927.76,2928.75,2927.5,2928.58,358.0
2025-03-12 17:55:00,2928.57,2929.36,2927.36,2928.26,376.0
2025-03-12 18:00:00,2928.35,2929.72,2928.02,2928.3,364.0
2025-03-12 18:05:00,2928.29,2936.79,2927.92,2935.38,388.0
2025-03-12 18:10:00,2935.7,2936.28,2932.68,2933.64,452.0
2025-03-12 18:15:00,2933.82,2934.15,2932.44,2933.53,404.0
2025-03-12 18:20:00,2933.5,2936.55,2933.5,2936.49,402.0
2025-03-12 18:25:00,2936.53,2938.1,2935.77,2937.7,397.0
2025-03-12 18:30:00,2937.76,2939.12,2934.86,2937.02,407.0
2025-03-12 18:35:00,2937.03,2937.72,2935.06,2935.92,372.0
2025-03-12 18:40:00,2935.89,2936.24,2934.65,2935.24,376.0
2025-03-12 18:45:00,2935.16,2935.65,2934.15,2934.59,382.0
2025-03-12 18:50:00,2934.68,2935.21,2933.95,2935.17,365.0
2025-03-12 18:55:00,2935.2,2936.64,2935.2,2936.54,304.0
2025-03-12 19:00:00,2936.21,2937.64,2936.18,2937.02,320.0
2025-03-12 19:05:00,2936.98,2939.1,2936.89,2937.07,361.0
2025-03-12 19:10:00,2937.15,2938.78,2937.0,2937.98,347.0
2025-03-12 19:15:00,2937.89,2939.22,2936.89,2937.15,334.0
2025-03-12 19:20:00,2937.12,2939.01,2937.03,2938.33,360.0
2025-03-12 19:25:00,2938.31,2939.74,2937.62,2937.92,379.0
2025-03-12 19:30:00,2937.4,2939.7,2937.4,2939.5,333.0
2025-03-12 19:35:00,2939.52,2939.96,2938.67,2939.45,311.0
2025-03-12 19:40:00,2939.33,2939.81,2938.64,2939.58,301.0
2025-03-12 19:45:00,2939.49,2940.63,2939.14,2939.47,274.0
2025-03-12 19:50:00,2939.45,2939.8,2937.46,2937.59,299.0
2025-03-12 19:55:00,2937.58,2937.83,2935.85,2936.05,332.0
2025-03-12 20:00:00,2935.99,2937.45,2935.61,2937.13,282.0
2025-03-12 20:05:00,2937.08,2937.17,2935.24,2936.69,286.0
2025-03-12 20:10:00,2936.76,2936.88,2935.18,2935.3,355.0
2025-03-12 20:15:00,2935.3,2935.38,2933.91,2934.51,303.0
2025-03-12 20:20:00,2934.56,2935.59,2933.77,2935.59,294.0
2025-03-12 20:25:00,2935.56,2935.84,2935.13,2935.68,274.0
2025-03-12 20:30:00,2935.6,2936.88,2935.6,2936.21,282.0
2025-03-12 20:35:00,2936.26,2937.28,2934.9,2934.98,294.0
2025-03-12 20:40:00,2935.01,2935.55,2934.48,2934.93,320.0
2025-03-12 20:45:00,2934.98,2935.34,2934.31,2934.73,310.0
2025-03-12 20:50:00,2934.72,2935.5,2934.44,2935.5,272.0
2025-03-12 20:55:00,2935.44,2935.78,2934.93,2935.25,262.0
2025-03-12 21:00:00,2935.16,2935.72,2934.62,2934.87,307.0
2025-03-12 21:05:00,2934.63,2935.42,2934.3,2935.05,278.0
2025-03-12 21:10:00,2935.03,2935.62,2934.36,2934.66,275.0
2025-03-12 21:15:00,2934.64,2935.39,2933.5,2934.93,350.0
2025-03-12 21:20:00,2934.93,2935.48,2933.66,2933.73,353.0
2025-03-12 21:25:00,2933.7,2935.14,2932.51,2934.69,338.0
2025-03-12 21:30:00,2934.46,2934.82,2933.35,2933.83,314.0
2025-03-12 21:35:00,2933.87,2934.06,2932.81,2933.01,363.0
2025-03-12 21:40:00,2933.0,2933.76,2933.0,2933.19,352.0
2025-03-12 21:45:00,2933.15,2933.85,2932.76,2933.25,356.0
2025-03-12 21:50:00,2933.01,2933.67,2932.28,2932.91,347.0
2025-03-12 21:55:00,2932.76,2932.83,2930.96,2931.33,376.0
2025-03-12 22:00:00,2931.19,2932.13,2931.19,2931.97,172.0
2025-03-12 22:05:00,2931.97,2933.3,2931.97,2933.04,141.0
2025-03-12 22:10:00,2932.88,2933.25,2931.88,2932.04,74.0
2025-03-12 22:15:00,2932.02,2932.32,2931.8,2932.28,77.0
2025-03-12 22:20:00,2932.18,2932.28,2930.7,2932.12,105.0
2025-03-12 22:25:00,2932.17,2932.51,2931.06,2931.95,105.0
2025-03-12 22:30:00,2931.96,2933.12,2931.96,2932.74,86.0
2025-03-12 22:35:00,2932.74,2934.23,2931.82,2933.86,139.0
2025-03-12 22:40:00,2933.57,2934.16,2933.35,2933.36,114.0
2025-03-12 22:45:00,2933.29,2933.69,2932.99,2932.99,130.0
2025-03-12 22:50:00,2932.99,2932.99,2931.63,2932.85,117.0
2025-03-12 22:55:00,2933.7,2934.04,2933.0,2933.31,138.0
2025-03-13 00:00:00,2934.46,2934.97,2933.51,2934.88,207.0
2025-03-13 00:05:00,2935.18,2935.6,2934.97,2935.5,101.0
2025-03-13 00:10:00,2935.51,2935.85,2934.83,2935.34,96.0
2025-03-13 00:15:00,2935.34,2935.54,2935.01,2935.06,91.0
2025-03-13 00:20:00,2934.89,2935.35,2934.27,2934.76,131.0
2025-03-13 00:25:00,2934.76,2935.41,2934.41,2934.45,140.0
2025-03-13 00:30:00,2934.47,2934.53,2934.05,2934.09,93.0
2025-03-13 00:35:00,2934.09,2934.24,2933.83,2934.17,70.0
2025-03-13 00:40:00,2934.2,2934.7,2934.06,2934.7,66.0
2025-03-13 00:45:00,2934.7,2937.84,2934.7,2937.55,111.0
2025-03-13 00:50:00,2937.55,2938.6,2937.0,2938.11,139.0
2025-03-13 00:55:00,2938.25,2938.89,2937.66,2938.0,111.0
2025-03-13 01:00:00,2938.06,2939.31,2937.77,2938.48,120.0
2025-03-13 01:05:00,2938.55,2939.1,2937.31,2937.33,102.0
2025-03-13 01:10:00,2937.33,2937.65,2936.69,2936.69,155.0
2025-03-13 01:15:00,2936.71,2936.84,2934.79,2935.38,170.0
2025-03-13 01:20:00,2935.42,2935.6,2934.66,2934.83,101.0
2025-03-13 01:25:00,2934.84,2935.56,2934.66,2935.11,95.0
2025-03-13 01:30:00,2935.13,2936.37,2935.01,2936.25,112.0
2025-03-13 01:35:00,2936.24,2938.66,2936.24,2938.65,177.0
2025-03-13 01:40:00,2938.66,2938.87,2938.14,2938.17,209.0
2025-03-13 01:45:00,2938.16,2938.16,2937.29,2937.67,148.0
2025-03-13 01:50:00,2937.53,2938.2,2937.48,2938.08,88.0
2025-03-13 01:55:00,2938.05,2938.16,2937.55,2938.07,99.0
2025-03-13 02:00:00,2938.02,2938.79,2938.02,2938.05,148.0
2025-03-13 02:05:00,2938.06,2938.19,2937.67,2937.98,114.0
2025-03-13 02:10:00,2937.99,2938.33,2937.62,2938.16,103.0
2025-03-13 02:15:00,2938.09,2938.44,2937.58,2938.43,150.0
2025-03-13 02:20:00,2938.42,2939.29,2938.34,2938.49,94.0
2025-03-13 02:25:00,2938.42,2939.0,2938.37,2938.62,67.0
2025-03-13 02:30:00,2938.64,2938.74,2938.15,2938.47,84.0
2025-03-13 02:35:00,2938.53,2939.19,2938.34,2938.52,90.0
2025-03-13 02:40:00,2938.52,2938.55,2937.74,2937.85,115.0
2025-03-13 02:45:00,2937.86,2938.45,2937.73,2938.41,125.0
2025-03-13 02:50:00,2938.42,2938.56,2937.59,2938.13,187.0
2025-03-13 02:55:00,2938.15,2938.88,2938.06,2938.56,124.0
2025-03-13 03:00:00,2938.66,2941.55,2938.48,2941.12,369.0
2025-03-13 03:05:00,2941.16,2941.16,2939.63,2939.81,260.0
2025-03-13 03:10:00,2939.81,2941.29,2939.61,2940.91,274.0
2025-03-13 03:15:00,2940.8,2940.99,2939.93,2940.3,164.0
2025-03-13 03:20:00,2940.3,2940.41,2938.75,2938.93,214.0
2025-03-13 03:25:00,2938.93,2939.21,2937.58,2938.68,273.0
2025-03-13 03:30:00,2938.68,2939.26,2937.65,2937.66,276.0
2025-03-13 03:35:00,2937.65,2937.93,2936.73,2937.24,278.0
2025-03-13 03:40:00,2937.57,2937.72,2936.89,2937.47,174.0
2025-03-13 03:45:00,2937.56,2937.61,2936.7,2936.85,202.0
2025-03-13 03:50:00,2936.85,2939.4,2936.47,2938.52,281.0
2025-03-13 03:55:00,2938.51,2939.08,2937.72,2937.89,181.0
2025-03-13 04:00:00,2937.89,2939.12,2937.54,2939.12,169.0
2025-03-13 04:05:00,2939.12,2940.17,2939.0,2939.78,219.0
2025-03-13 04:10:00,2939.76,2941.23,2939.72,2941.23,286.0
2025-03-13 04:15:00,2941.36,2941.56,2939.51,2940.19,318.0
2025-03-13 04:20:00,2940.28,2940.63,2938.94,2939.62,207.0
2025-03-13 04:25:00,2939.55,2940.22,2939.49,2939.92,158.0
2025-03-13 04:30:00,2939.59,2940.37,2939.41,2939.55,202.0
2025-03-13 04:35:00,2939.54,2941.57,2939.4,2941.29,211.0
2025-03-13 04:40:00,2941.37,2942.34,2940.83,2941.97,241.0
2025-03-13 04:45:00,2941.95,2943.63,2941.42,2943.22,269.0
2025-03-13 04:50:00,2943.14,2944.55,2942.52,2944.36,196.0
2025-03-13 04:55:00,2944.36,2946.04,2944.15,2944.23,268.0
2025-03-13 05:00:00,2944.28,2944.37,2943.03,2944.07,284.0
2025-03-13 05:05:00,2944.06,2945.09,2943.62,2944.6,162.0
2025-03-13 05:10:00,2944.57,2945.28,2944.27,2944.35,149.0
2025-03-13 05:15:00,2944.35,2944.91,2944.01,2944.6,228.0
2025-03-13 05:20:00,2944.61,2945.91,2944.58,2945.78,238.0
2025-03-13 05:25:00,2945.79,2945.79,2943.96,2944.33,248.0
2025-03-13 05:30:00,2944.42,2944.42,2943.5,2944.0,204.0
2025-03-13 05:35:00,2944.03,2945.35,2943.62,2945.04,209.0
2025-03-13 05:40:00,2944.96,2945.15,2944.51,2944.94,125.0
2025-03-13 05:45:00,2944.93,2945.71,2944.41,2945.54,134.0
2025-03-13 05:50:00,2945.54,2947.13,2945.35,2945.99,236.0
2025-03-13 05:55:00,2945.99,2946.33,2945.53,2945.63,116.0
2025-03-13 06:00:00,2945.47,2945.5,2944.1,2944.78,221.0
2025-03-13 06:05:00,2944.74,2944.94,2943.99,2944.73,148.0
2025-03-13 06:10:00,2945.13,2946.18,2944.62,2945.39,157.0
2025-03-13 06:15:00,2945.36,2945.48,2944.48,2944.49,84.0
2025-03-13 06:20:00,2944.89,2945.2,2944.22,2944.67,107.0
2025-03-13 06:25:00,2944.6,2944.86,2944.32,2944.5,107.0
2025-03-13 06:30:00,2944.5,2944.5,2943.47,2943.85,140.0
2025-03-13 06:35:00,2943.82,2944.95,2943.8,2943.94,204.0
2025-03-13 06:40:00,2943.95,2944.56,2943.63,2944.56,172.0
2025-03-13 06:45:00,2944.57,2945.02,2944.42,2944.92,266.0
2025-03-13 06:50:00,2944.96,2945.11,2944.57,2944.82,144.0
2025-03-13 06:55:00,2945.17,2945.24,2944.51,2944.7,189.0
2025-03-13 07:00:00,2944.72,2945.15,2944.45,2944.6,251.0
2025-03-13 07:05:00,2944.55,2944.9,2944.35,2944.67,226.0
2025-03-13 07:10:00,2944.72,2944.9,2943.5,2943.5,221.0
2025-03-13 07:15:00,2943.51,2943.77,2942.81,2943.0,217.0
2025-03-13 07:20:00,2943.03,2943.44,2942.71,2943.18,262.0
2025-03-13 07:25:00,2943.19,2943.19,2939.74,2940.52,262.0
2025-03-13 07:30:00,2940.6,2941.02,2938.31,2939.21,299.0
2025-03-13 07:35:00,2939.19,2941.76,2938.95,2941.3,292.0
2025-03-13 07:40:00,2941.16,2941.59,2939.86,2939.89,199.0
2025-03-13 07:45:00,2939.89,2940.09,2938.88,2939.5,249.0
2025-03-13 07:50:00,2939.51,2940.14,2938.24,2939.88,231.0
2025-03-13 07:55:00,2939.85,2940.53,2939.59,2940.03,220.0
2025-03-13 08:00:00,2940.03,2940.28,2938.33,2938.59,269.0
2025-03-13 08:05:00,2938.75,2938.82,2935.49,2935.52,322.0
2025-03-13 08:10:00,2935.51,2938.42,2935.36,2938.38,272.0
2025-03-13 08:15:00,2938.34,2939.1,2938.02,2939.03,288.0
2025-03-13 08:20:00,2939.04,2939.65,2938.35,2938.35,320.0
2025-03-13 08:25:00,2938.35,2938.69,2937.24,2938.33,260.0
2025-03-13 08:30:00,2938.32,2938.74,2937.25,2938.15,249.0
2025-03-13 08:35:00,2938.14,2938.58,2937.76,2938.42,169.0
2025-03-13 08:40:00,2938.1,2938.98,2937.14,2938.71,275.0
2025-03-13 08:45:00,2938.71,2939.23,2937.89,2938.17,217.0
2025-03-13 08:50:00,2938.18,2939.13,2937.68,2938.94,219.0
2025-03-13 08:55:00,2938.86,2938.9,2936.43,2937.02,291.0
2025-03-13 09:00:00,2937.0,2938.05,2936.16,2936.49,290.0
2025-03-13 09:05:00,2936.4,2936.72,2935.87,2936.7,269.0
2025-03-13 09:10:00,2936.69,2936.72,2934.8,2936.17,223.0
2025-03-13 09:15:00,2936.03,2936.85,2935.02,2935.16,251.0
2025-03-13 09:20:00,2935.17,2935.67,2934.71,2935.28,234.0
2025-03-13 09:25:00,2935.31,2935.81,2934.53,2935.34,247.0
2025-03-13 09:30:00,2935.32,2935.34,2934.37,2934.78,212.0
2025-03-13 09:35:00,2934.82,2934.97,2934.21,2934.24,227.0
2025-03-13 09:40:00,2934.22,2934.86,2933.52,2933.83,285.0
2025-03-13 09:45:00,2933.83,2934.48,2933.0,2933.88,260.0
2025-03-13 09:50:00,2934.03,2934.79,2932.99,2933.43,283.0
2025-03-13 09:55:00,2933.4,2936.02,2933.35,2935.24,335.0
2025-03-13 10:00:00,2935.2,2936.57,2934.81,2935.55,377.0
2025-03-13 10:05:00,2935.53,2937.86,2935.42,2937.33,315.0
2025-03-13 10:10:00,2937.32,2941.64,2936.99,2941.4,310.0
2025-03-13 10:15:00,2941.36,2943.31,2940.81,2941.96,304.0
2025-03-13 10:20:00,2941.8,2942.37,2941.06,2941.24,234.0
2025-03-13 10:25:00,2941.24,2942.58,2941.04,2941.83,249.0
2025-03-13 10:30:00,2941.83,2943.95,2941.65,2943.78,291.0
2025-03-13 10:35:00,2943.78,2944.99,2943.13,2943.38,282.0
2025-03-13 10:40:00,2943.38,2943.77,2942.9,2943.35,212.0
2025-03-13 10:45:00,2943.32,2943.6,2942.34,2942.48,267.0
2025-03-13 10:50:00,2942.53,2944.04,2942.28,2942.45,244.0
2025-03-13 10:55:00,2942.47,2942.47,2941.25,2941.57,285.0
2025-03-13 11:00:00,2941.39,2942.62,2941.02,2942.38,319.0
2025-03-13 11:05:00,2942.39,2943.41,2941.86,2942.65,248.0
2025-03-13 11:10:00,2942.65,2943.87,2941.99,2942.48,287.0
2025-03-13 11:15:00,2942.29,2945.08,2942.06,2945.06,312.0
2025-03-13 11:20:00,2945.03,2947.7,2944.84,2946.77,310.0
2025-03-13 11:25:00,2946.59,2946.79,2945.58,2946.0,221.0
2025-03-13 11:30:00,2946.03,2947.95,2945.9,2947.59,272.0
2025-03-13 11:35:00,2947.59,2947.98,2947.34,2947.71,208.0
2025-03-13 11:40:00,2947.69,2948.11,2947.54,2947.88,196.0
2025-03-13 11:45:00,2947.87,2948.83,2947.29,2947.51,268.0
2025-03-13 11:50:00,2947.48,2948.56,2947.31,2947.37,281.0
2025-03-13 11:55:00,2947.38,2948.11,2946.85,2947.77,215.0
2025-03-13 12:00:00,2947.79,2948.52,2947.42,2948.28,231.0
2025-03-13 12:05:00,2948.29,2948.39,2945.86,2946.37,342.0
2025-03-13 12:10:00,2946.37,2946.86,2944.69,2944.73,322.0
2025-03-13 12:15:00,2944.71,2944.71,2942.89,2944.19,327.0
2025-03-13 12:20:00,2944.19,2944.61,2942.56,2943.51,272.0
2025-03-13 12:25:00,2943.51,2944.24,2942.96,2943.87,225.0
2025-03-13 12:30:00,2943.86,2945.0,2943.36,2944.38,261.0
2025-03-13 12:35:00,2944.38,2944.48,2942.35,2943.51,241.0
2025-03-13 12:40:00,2943.55,2944.1,2942.15,2942.75,308.0
2025-03-13 12:45:00,2942.75,2944.32,2942.75,2944.32,242.0
2025-03-13 12:50:00,2944.39,2944.78,2943.44,2943.95,270.0
2025-03-13 12:55:00,2943.93,2944.3,2943.27,2944.03,240.0
2025-03-13 13:00:00,2944.03,2945.99,2944.03,2945.86,326.0
2025-03-13 13:05:00,2945.86,2946.81,2945.12,2946.71,305.0
2025-03-13 13:10:00,2946.78,2947.31,2945.58,2945.81,292.0
2025-03-13 13:15:00,2945.86,2946.67,2945.34,2945.93,266.0
2025-03-13 13:20:00,2945.89,2945.92,2944.3,2945.41,325.0
2025-03-13 13:25:00,2945.64,2946.46,2945.25,2945.41,324.0
2025-03-13 13:30:00,2945.34,2947.0,2945.28,2946.17,294.0
2025-03-13 13:35:00,2946.16,2946.9,2945.36,2946.22,208.0
2025-03-13 13:40:00,2946.22,2948.49,2946.15,2947.71,268.0
2025-03-13 13:45:00,2947.76,2947.85,2946.11,2947.03,256.0
2025-03-13 13:50:00,2947.02,2947.26,2946.6,2947.09,236.0
2025-03-13 13:55:00,2947.08,2947.11,2945.73,2946.3,272.0
2025-03-13 14:00:00,2946.31,2949.01,2946.2,2948.43,362.0
2025-03-13 14:05:00,2948.43,2949.17,2947.4,2947.4,300.0
2025-03-13 14:10:00,2947.43,2948.57,2945.98,2945.98,320.0
2025-03-13 14:15:00,2946.1,2948.08,2945.83,2947.83,292.0
2025-03-13 14:20:00,2947.88,2948.62,2944.37,2944.49,332.0
2025-03-13 14:25:00,2944.52,2944.63,2942.12,2942.76,330.0
2025-03-13 14:30:00,2947.1,2948.08,2942.84,2943.06,410.0
2025-03-13 14:35:00,2943.19,2945.73,2941.54,2945.62,397.0
2025-03-13 14:40:00,2945.62,2947.89,2945.62,2946.24,411.0
2025-03-13 14:45:00,2946.3,2947.39,2945.13,2945.44,353.0
2025-03-13 14:50:00,2945.31,2947.66,2943.73,2943.98,341.0
2025-03-13 14:55:00,2943.92,2944.13,2941.04,2942.31,411.0
2025-03-13 15:00:00,2942.1,2942.82,2939.27,2942.33,422.0
2025-03-13 15:05:00,2942.47,2945.43,2942.47,2944.65,371.0
2025-03-13 15:10:00,2944.48,2945.74,2942.55,2942.56,386.0
2025-03-13 15:15:00,2942.56,2944.72,2942.1,2944.72,372.0
2025-03-13 15:20:00,2944.7,2945.21,2943.68,2944.28,325.0
2025-03-13 15:25:00,2944.11,2945.26,2942.61,2945.0,351.0
2025-03-13 15:30:00,2945.02,2947.36,2944.86,2947.19,384.0
2025-03-13 15:35:00,2947.19,2950.57,2947.01,2949.87,433.0
2025-03-13 15:40:00,2949.97,2952.2,2949.04,2951.98,436.0
2025-03-13 15:45:00,2952.12,2952.35,2948.15,2948.39,433.0
2025-03-13 15:50:00,2948.4,2950.46,2947.67,2949.95,409.0
2025-03-13 15:55:00,2949.92,2950.69,2949.48,2950.35,390.0
2025-03-13 16:00:00,2950.32,2952.74,2949.73,2952.41,427.0
2025-03-13 16:05:00,2952.49,2953.43,2951.84,2953.24,380.0
2025-03-13 16:10:00,2953.24,2953.46,2951.06,2952.97,364.0
2025-03-13 16:15:00,2952.96,2953.82,2951.85,2953.6,362.0
2025-03-13 16:20:00,2953.8,2954.09,2952.74,2953.83,338.0
2025-03-13 16:25:00,2953.83,2954.03,2952.95,2953.58,366.0
2025-03-13 16:30:00,2953.56,2955.06,2952.55,2954.54,422.0
2025-03-13 16:35:00,2954.54,2958.26,2954.51,2957.91,401.0
2025-03-13 16:40:00,2957.85,2966.1,2956.85,2964.98,441.0
2025-03-13 16:45:00,2964.81,2970.27,2963.26,2969.24,444.0
2025-03-13 16:50:00,2969.26,2971.11,2966.26,2967.06,462.0
2025-03-13 16:55:00,2967.11,2970.43,2966.41,2969.85,431.0
2025-03-13 17:00:00,2970.15,2973.12,2967.11,2970.51,451.0
2025-03-13 17:05:00,2970.53,2971.21,2966.46,2968.08,444.0
2025-03-13 17:10:00,2968.25,2973.7,2968.16,2972.54,412.0
2025-03-13 17:15:00,2972.58,2974.09,2971.1,2972.15,427.0
2025-03-13 17:20:00,2972.16,2974.36,2971.35,2973.92,403.0
2025-03-13 17:25:00,2973.89,2974.65,2970.95,2971.83,408.0
2025-03-13 17:30:00,2971.72,2975.02,2971.26,2974.39,385.0
2025-03-13 17:35:00,2974.31,2977.67,2972.51,2976.55,406.0
2025-03-13 17:40:00,2976.58,2977.33,2973.85,2974.1,431.0
2025-03-13 17:45:00,2973.95,2974.61,2969.32,2972.86,455.0
2025-03-13 17:50:00,2973.19,2977.27,2972.66,2976.72,428.0
2025-03-13 17:55:00,2976.58,2978.47,2975.79,2977.75,427.0
2025-03-13 18:00:00,2977.9,2978.93,2977.16,2977.49,427.0
2025-03-13 18:05:00,2977.47,2979.65,2976.74,2979.53,392.0
2025-03-13 18:10:00,2979.46,2980.12,2977.92,2978.87,386.0
2025-03-13 18:15:00,2978.83,2979.3,2976.96,2978.72,400.0
2025-03-13 18:20:00,2978.68,2979.56,2977.2,2978.16,376.0
2025-03-13 18:25:00,2978.19,2979.71,2977.41,2979.25,381.0
2025-03-13 18:30:00,2979.2,2982.5,2978.49,2981.77,394.0
2025-03-13 18:35:00,2981.74,2983.09,2980.56,2982.69,400.0
2025-03-13 18:40:00,2982.51,2985.25,2982.17,2984.74,392.0
2025-03-13 18:45:00,2984.94,2985.18,2980.01,2981.91,419.0
2025-03-13 18:50:00,2981.89,2982.6,2980.33,2980.79,400.0
2025-03-13 18:55:00,2981.03,2981.03,2977.55,2980.1,391.0
2025-03-13 19:00:00,2980.2,2980.63,2978.13,2978.86,387.0
2025-03-13 19:05:00,2978.96,2979.54,2977.41,2977.53,369.0
2025-03-13 19:10:00,2977.28,2978.86,2976.78,2977.04,384.0
2025-03-13 19:15:00,2976.96,2979.5,2976.38,2978.08,379.0
2025-03-13 19:20:00,2977.99,2980.17,2977.1,2979.59,390.0
2025-03-13 19:25:00,2979.67,2980.53,2978.64,2979.92,370.0
2025-03-13 19:30:00,2979.97,2982.19,2979.94,2980.53,356.0
2025-03-13 19:35:00,2980.4,2981.73,2979.71,2980.19,325.0
2025-03-13 19:40:00,2980.21,2981.81,2980.18,2981.3,314.0
2025-03-13 19:45:00,2981.29,2982.15,2980.91,2981.45,302.0
2025-03-13 19:50:00,2981.56,2981.86,2979.47,2979.72,335.0
2025-03-13 19:55:00,2979.66,2980.71,2979.45,2979.49,333.0
2025-03-13 20:00:00,2979.26,2982.39,2979.12,2982.19,343.0
2025-03-13 20:05:00,2982.22,2983.9,2981.6,2983.85,332.0
2025-03-13 20:10:00,2983.85,2984.41,2982.25,2983.64,314.0
2025-03-13 20:15:00,2983.66,2983.75,2980.51,2980.76,335.0
2025-03-13 20:20:00,2980.7,2981.1,2979.46,2979.81,291.0
2025-03-13 20:25:00,2979.74,2981.77,2979.33,2981.46,308.0
2025-03-13 20:30:00,2981.54,2982.62,2981.1,2982.33,250.0
2025-03-13 20:35:00,2982.31,2983.25,2980.66,2981.02,230.0
2025-03-13 20:40:00,2980.94,2981.48,2980.51,2981.41,235.0
2025-03-13 20:45:00,2981.39,2982.65,2981.1,2981.97,250.0
2025-03-13 20:50:00,2981.99,2982.73,2980.86,2981.98,284.0
2025-03-13 20:55:00,2981.95,2983.5,2981.83,2983.3,273.0
2025-03-13 21:00:00,2983.27,2984.1,2982.99,2984.05,305.0
2025-03-13 21:05:00,2984.05,2984.3,2982.26,2982.89,230.0
2025-03-13 21:10:00,2982.74,2983.99,2982.55,2983.31,253.0
2025-03-13 21:15:00,2983.39,2984.36,2983.18,2983.18,276.0
2025-03-13 21:20:00,2983.23,2983.42,2982.45,2983.12,298.0
2025-03-13 21:25:00,2983.13,2983.45,2982.58,2983.18,303.0
2025-03-13 21:30:00,2983.17,2983.53,2982.95,2983.38,217.0
2025-03-13 21:35:00,2983.34,2984.66,2982.95,2984.66,279.0
2025-03-13 21:40:00,2984.62,2985.46,2980.58,2981.59,361.0
2025-03-13 21:45:00,2981.46,2983.83,2981.42,2982.93,346.0
2025-03-13 21:50:00,2982.79,2984.95,2982.47,2984.56,338.0
2025-03-13 21:55:00,2984.39,2984.91,2982.78,2982.83,366.0
2025-03-13 22:00:00,2982.93,2983.95,2982.16,2982.91,211.0
2025-03-13 22:05:00,2982.84,2983.39,2982.64,2982.97,152.0
2025-03-13 22:10:00,2982.95,2982.97,2981.83,2982.16,133.0
2025-03-13 22:15:00,2982.14,2982.17,2981.17,2981.87,141.0
2025-03-13 22:20:00,2981.88,2982.36,2981.65,2981.83,125.0
2025-03-13 22:25:00,2981.81,2984.49,2981.81,2984.29,162.0
2025-03-13 22:30:00,2984.32,2985.65,2984.1,2985.62,153.0
2025-03-13 22:35:00,2985.53,2986.35,2985.24,2985.69,126.0
2025-03-13 22:40:00,2985.73,2986.72,2985.69,2986.68,129.0
2025-03-13 22:45:00,2986.68,2988.39,2986.41,2988.21,142.0
2025-03-13 22:50:00,2988.22,2988.59,2987.45,2988.07,155.0
2025-03-13 22:55:00,2988.18,2989.1,2988.17,2988.8,167.0
2025-03-14 00:00:00,2989.38,2989.49,2983.03,2984.21,408.0
2025-03-14 00:05:00,2984.21,2984.9,2983.2,2983.42,108.0
2025-03-14 00:10:00,2983.49,2983.98,2983.38,2983.76,82.0
2025-03-14 00:15:00,2983.78,2984.97,2983.78,2984.52,119.0
2025-03-14 00:20:00,2984.53,2986.2,2983.94,2985.98,104.0
2025-03-14 00:25:00,2985.97,2986.58,2985.82,2986.33,95.0
2025-03-14 00:30:00,2986.34,2988.45,2986.29,2988.0,127.0
2025-03-14 00:35:00,2988.14,2989.78,2986.8,2989.46,197.0
2025-03-14 00:40:00,2989.12,2989.12,2985.89,2986.38,144.0
2025-03-14 00:45:00,2986.39,2988.07,2986.3,2987.02,121.0
2025-03-14 00:50:00,2987.04,2987.41,2986.49,2987.11,91.0
2025-03-14 00:55:00,2987.11,2987.36,2986.62,2987.26,85.0
2025-03-14 01:00:00,2987.26,2987.29,2986.41,2986.45,86.0
2025-03-14 01:05:00,2986.35,2987.15,2985.85,2987.15,106.0
2025-03-14 01:10:00,2987.15,2987.15,2986.21,2986.36,108.0
2025-03-14 01:15:00,2986.29,2986.76,2986.08,2986.64,166.0
2025-03-14 01:20:00,2986.57,2987.82,2986.39,2987.07,111.0
2025-03-14 01:25:00,2987.06,2989.26,2986.85,2988.98,131.0
2025-03-14 01:30:00,2988.81,2989.22,2987.6,2987.87,154.0
2025-03-14 01:35:00,2987.82,2988.57,2987.65,2988.55,116.0
2025-03-14 01:40:00,2988.58,2988.71,2987.71,2988.39,98.0
2025-03-14 01:45:00,2988.39,2988.95,2986.56,2987.96,150.0
2025-03-14 01:50:00,2987.96,2987.97,2985.73,2985.99,152.0
2025-03-14 01:55:00,2985.69,2986.77,2985.39,2986.45,190.0
2025-03-14 02:00:00,2986.06,2987.07,2985.76,2986.28,226.0
2025-03-14 02:05:00,2986.25,2986.5,2985.72,2985.86,132.0
2025-03-14 02:10:00,2985.93,2986.66,2985.76,2986.59,104.0
2025-03-14 02:15:00,2986.6,2987.23,2986.06,2987.11,121.0
2025-03-14 02:20:00,2987.11,2987.15,2986.14,2986.16,139.0
2025-03-14 02:25:00,2986.16,2986.41,2984.94,2985.06,151.0
2025-03-14 02:30:00,2985.07,2986.73,2985.07,2985.88,201.0
2025-03-14 02:35:00,2985.87,2985.96,2985.07,2985.47,137.0
2025-03-14 02:40:00,2985.44,2986.14,2984.88,2985.29,152.0
2025-03-14 02:45:00,2985.3,2986.82,2984.94,2986.62,324.0
2025-03-14 02:50:00,2986.62,2987.65,2986.14,2987.65,311.0
2025-03-14 02:55:00,2987.78,2988.7,2986.06,2986.73,368.0
2025-03-14 03:00:00,2986.8,2988.53,2985.8,2986.46,413.0
2025-03-14 03:05:00,2986.41,2989.76,2986.11,2987.27,427.0
2025-03-14 03:10:00,2987.22,2990.2,2987.13,2989.84,375.0
2025-03-14 03:15:00,2989.86,2989.99,2986.43,2987.98,319.0
2025-03-14 03:20:00,2987.98,2988.71,2986.14,2987.42,346.0
2025-03-14 03:25:00,2987.37,2987.77,2983.72,2984.12,408.0
2025-03-14 03:30:00,2984.07,2984.35,2981.69,2983.32,397.0
2025-03-14 03:35:00,2983.43,2987.19,2982.62,2986.07,417.0
2025-03-14 03:40:00,2986.12,2988.07,2986.12,2987.57,341.0
2025-03-14 03:45:00,2987.66,2988.47,2986.13,2986.8,311.0
2025-03-14 03:50:00,2986.8,2987.82,2986.48,2987.56,335.0
2025-03-14 03:55:00,2987.92,2988.13,2987.24,2987.88,335.0
2025-03-14 04:00:00,2987.92,2988.01,2986.09,2987.22,325.0
2025-03-14 04:05:00,2987.22,2988.08,2986.75,2987.76,328.0
2025-03-14 04:10:00,2987.8,2988.14,2986.59,2987.81,302.0
2025-03-14 04:15:00,2987.81,2987.81,2986.23,2986.81,227.0
2025-03-14 04:20:00,2986.79,2987.76,2986.25,2987.07,230.0
2025-03-14 04:25:00,2987.08,2987.87,2986.46,2987.05,247.0
2025-03-14 04:30:00,2987.19,2987.54,2985.9,2985.9,323.0
2025-03-14 04:35:00,2985.9,2986.53,2985.4,2985.73,294.0
2025-03-14 04:40:00,2985.69,2987.62,2985.12,2986.7,289.0
2025-03-14 04:45:00,2986.65,2987.26,2986.14,2986.81,232.0
2025-03-14 04:50:00,2986.8,2986.9,2985.45,2986.0,293.0
2025-03-14 04:55:00,2986.0,2986.58,2983.95,2984.18,294.0
2025-03-14 05:00:00,2984.19,2984.98,2983.96,2984.62,325.0
2025-03-14 05:05:00,2984.57,2985.78,2984.57,2985.69,265.0
2025-03-14 05:10:00,2985.68,2986.79,2985.28,2985.75,293.0
2025-03-14 05:15:00,2985.68,2987.23,2985.11,2987.09,282.0
2025-03-14 05:20:00,2987.04,2988.26,2986.85,2987.6,232.0
2025-03-14 05:25:00,2987.49,2987.79,2987.05,2987.37,216.0
2025-03-14 05:30:00,2987.38,2987.6,2986.68,2987.18,164.0
2025-03-14 05:35:00,2987.19,2988.17,2987.15,2988.13,207.0
2025-03-14 05:40:00,2988.14,2988.18,2987.51,2988.0,216.0
2025-03-14 05:45:00,2988.03,2989.65,2987.74,2989.61,311.0
2025-03-14 05:50:00,2989.66,2991.09,2989.54,2991.02,251.0
2025-03-14 05:55:00,2991.02,2992.94,2990.91,2992.62,273.0
2025-03-14 06:00:00,2992.78,2993.91,2992.68,2992.85,288.0
2025-03-14 06:05:00,2992.94,2993.31,2991.91,2992.01,275.0
2025-03-14 06:10:00,2991.92,2992.89,2991.79,2992.63,275.0
2025-03-14 06:15:00,2992.64,2993.3,2992.42,2993.09,181.0
2025-03-14 06:20:00,2993.09,2993.8,2993.09,2993.31,140.0
2025-03-14 06:25:00,2993.3,2993.32,2991.36,2991.39,178.0
2025-03-14 06:30:00,2991.39,2991.39,2989.45,2989.7,211.0
2025-03-14 06:35:00,2989.69,2990.44,2988.23,2988.23,273.0
2025-03-14 06:40:00,2988.19,2989.35,2988.18,2988.89,199.0
2025-03-14 06:45:00,2988.9,2988.9,2987.9,2988.23,161.0
2025-03-14 06:50:00,2988.21,2988.29,2986.15,2986.45,280.0
2025-03-14 06:55:00,2986.44,2986.73,2984.37,2985.48,309.0
2025-03-14 07:00:00,2985.43,2985.91,2984.79,2985.24,253.0
2025-03-14 07:05:00,2985.25,2985.35,2984.41,2984.81,199.0
2025-03-14 07:10:00,2984.95,2985.3,2984.32,2984.73,226.0
2025-03-14 07:15:00,2984.59,2985.24,2984.38,2984.74,222.0
2025-03-14 07:20:00,2984.78,2985.26,2984.07,2984.72,239.0
2025-03-14 07:25:00,2984.73,2984.81,2981.91,2983.62,323.0
2025-03-14 07:30:00,2983.65,2984.38,2982.37,2983.09,364.0
2025-03-14 07:35:00,2983.14,2986.03,2983.04,2984.7,334.0
2025-03-14 07:40:00,2984.7,2985.74,2984.49,2984.59,259.0
2025-03-14 07:45:00,2984.62,2985.31,2983.09,2983.76,293.0
2025-03-14 07:50:00,2983.77,2985.7,2981.96,2984.87,334.0
2025-03-14 07:55:00,2984.86,2986.57,2984.46,2986.29,322.0
2025-03-14 08:00:00,2986.29,2986.29,2985.35,2985.49,217.0
2025-03-14 08:05:00,2985.63,2985.75,2983.87,2984.25,317.0
2025-03-14 08:10:00,2984.22,2984.49,2983.54,2983.96,345.0
2025-03-14 08:15:00,2983.97,2984.45,2982.17,2982.2,357.0
2025-03-14 08:20:00,2982.23,2983.48,2981.25,2982.8,319.0
2025-03-14 08:25:00,2982.89,2983.03,2981.8,2982.16,310.0
2025-03-14 08:30:00,2982.28,2982.6,2981.26,2981.98,328.0
2025-03-14 08:35:00,2981.99,2984.0,2981.22,2983.68,359.0
2025-03-14 08:40:00,2983.66,2984.78,2983.31,2984.72,270.0
2025-03-14 08:45:00,2984.69,2987.48,2984.65,2987.19,318.0
2025-03-14 08:50:00,2987.2,2987.24,2985.74,2985.82,275.0
2025-03-14 08:55:00,2985.83,2986.05,2985.18,2985.62,219.0
2025-03-14 09:00:00,2985.16,2985.99,2984.23,2985.35,269.0
2025-03-14 09:05:00,2985.35,2985.35,2982.57,2982.57,306.0
2025-03-14 09:10:00,2982.66,2984.18,2981.89,2983.61,316.0
2025-03-14 09:15:00,2983.57,2984.05,2982.65,2983.0,293.0
2025-03-14 09:20:00,2982.98,2983.61,2980.97,2980.99,403.0
2025-03-14 09:25:00,2980.92,2983.8,2980.84,2983.8,274.0
2025-03-14 09:30:00,2983.58,2984.86,2983.34,2984.33,267.0
2025-03-14 09:35:00,2984.34,2985.58,2983.85,2985.12,296.0
2025-03-14 09:40:00,2985.11,2985.29,2983.74,2984.15,307.0
2025-03-14 09:45:00,2984.0,2984.79,2983.62,2983.9,258.0
2025-03-14 09:50:00,2984.18,2985.45,2983.72,2985.19,310.0
2025-03-14 09:55:00,2985.19,2987.02,2985.08,2986.96,314.0
2025-03-14 10:00:00,2986.72,2986.72,2985.18,2986.43,339.0
2025-03-14 10:05:00,2986.45,2989.57,2986.43,2989.41,368.0
2025-03-14 10:10:00,2989.4,2989.9,2988.4,2989.79,314.0
2025-03-14 10:15:00,2989.86,2989.99,2989.06,2989.66,265.0
2025-03-14 10:20:00,2989.62,2991.68,2989.23,2991.6,372.0
2025-03-14 10:25:00,2991.59,2992.93,2991.56,2992.38,320.0
2025-03-14 10:30:00,2992.36,2992.75,2989.47,2989.94,388.0
2025-03-14 10:35:00,2989.94,2990.73,2989.75,2990.3,251.0
2025-03-14 10:40:00,2990.26,2991.21,2990.12,2990.61,257.0
2025-03-14 10:45:00,2990.61,2991.05,2990.4,2990.51,164.0
2025-03-14 10:50:00,2990.51,2990.83,2990.42,2990.81,187.0
2025-03-14 10:55:00,2990.88,2993.2,2990.74,2992.9,265.0
2025-03-14 11:00:00,2992.89,2993.67,2992.69,2993.65,271.0
2025-03-14 11:05:00,2993.65,2994.47,2993.44,2994.14,293.0
2025-03-14 11:10:00,2994.14,2995.72,2993.98,2995.26,343.0
2025-03-14 11:15:00,2995.24,2996.49,2995.14,2996.43,315.0
2025-03-14 11:20:00,2996.48,2996.79,2995.4,2995.98,348.0
2025-03-14 11:25:00,2996.01,2996.13,2994.77,2994.88,289.0
2025-03-14 11:30:00,2994.92,2997.26,2994.64,2996.54,307.0
2025-03-14 11:35:00,2996.51,2998.09,2996.36,2998.06,346.0
2025-03-14 11:40:00,2998.06,2999.15,2997.46,2998.9,332.0
2025-03-14 11:45:00,2998.91,2999.35,2998.91,2999.22,327.0
2025-03-14 11:50:00,2999.22,2999.45,2998.83,2999.2,299.0
2025-03-14 11:55:00,2999.2,2999.45,2998.46,2998.81,275.0
2025-03-14 12:00:00,2998.81,2998.95,2997.56,2998.93,305.0
2025-03-14 12:05:00,2998.94,2999.32,2998.08,2998.96,312.0
2025-03-14 12:10:00,2998.95,3001.24,2998.84,3000.89,305.0
2025-03-14 12:15:00,3000.88,3004.85,3000.81,3004.52,344.0
2025-03-14 12:20:00,3004.52,3004.6,3001.37,3002.44,360.0
2025-03-14 12:25:00,3002.58,3003.73,3001.7,3002.49,267.0
2025-03-14 12:30:00,3002.56,3002.88,2999.03,2999.48,354.0
2025-03-14 12:35:00,2999.37,2999.66,2989.99,2990.02,391.0
2025-03-14 12:40:00,2990.1,2994.07,2987.55,2990.21,417.0
2025-03-14 12:45:00,2990.21,2992.45,2986.59,2988.02,351.0
2025-03-14 12:50:00,2987.95,2994.68,2987.88,2992.98,382.0
2025-03-14 12:55:00,2992.75,2994.54,2992.21,2993.25,312.0
2025-03-14 13:00:00,2993.25,2997.99,2993.25,2997.91,292.0
2025-03-14 13:05:00,2998.03,2998.03,2995.15,2996.82,341.0
2025-03-14 13:10:00,2996.92,2998.46,2996.59,2997.77,311.0
2025-03-14 13:15:00,2997.75,2998.27,2996.48,2997.67,300.0
2025-03-14 13:20:00,2997.75,2998.31,2996.28,2997.34,219.0
2025-03-14 13:25:00,2997.44,2998.07,2996.23,2996.75,339.0
2025-03-14 13:30:00,2996.74,2997.57,2994.83,2996.52,374.0
2025-03-14 13:35:00,2996.58,2999.09,2996.46,2997.21,356.0
2025-03-14 13:40:00,2997.19,2997.66,2996.3,2996.43,369.0
2025-03-14 13:45:00,2996.41,2997.8,2995.67,2996.35,376.0
2025-03-14 13:50:00,2996.42,2998.32,2996.42,2996.97,334.0
2025-03-14 13:55:00,2996.85,2997.37,2993.27,2993.42,391.0
2025-03-14 14:00:00,2993.88,2996.75,2993.37,2996.42,411.0
2025-03-14 14:05:00,2996.44,2997.52,2996.33,2997.13,318.0
2025-03-14 14:10:00,2997.11,2999.02,2996.93,2997.96,326.0
2025-03-14 14:15:00,2997.95,2999.22,2997.5,2998.63,320.0
2025-03-14 14:20:00,2998.85,2998.85,2996.66,2997.97,369.0
2025-03-14 14:25:00,2998.08,2998.28,2995.49,2996.31,409.0
2025-03-14 14:30:00,2996.13,2998.67,2995.69,2998.2,362.0
2025-03-14 14:35:00,2998.23,2999.62,2997.24,2998.13,343.0
2025-03-14 14:40:00,2997.98,2999.45,2997.35,2998.57,329.0
2025-03-14 14:45:00,2998.6,2998.68,2995.11,2995.15,390.0
2025-03-14 14:50:00,2995.14,2995.82,2993.79,2995.31,379.0
2025-03-14 14:55:00,2995.39,2995.72,2993.63,2993.76,365.0
2025-03-14 15:00:00,2993.78,2994.9,2992.23,2993.83,436.0
2025-03-14 15:05:00,2993.77,2994.2,2991.87,2992.7,413.0
2025-03-14 15:10:00,2992.74,2994.39,2992.15,2992.97,426.0
2025-03-14 15:15:00,2993.02,2995.54,2992.69,2994.36,371.0
2025-03-14 15:20:00,2994.15,2995.98,2993.78,2995.87,367.0
2025-03-14 15:25:00,2996.01,2996.03,2993.79,2995.56,423.0
2025-03-14 15:30:00,2995.54,2995.85,2988.48,2989.2,462.0
2025-03-14 15:35:00,2989.26,2990.15,2983.39,2989.65,474.0
2025-03-14 15:40:00,2989.69,2991.57,2986.76,2988.18,454.0
2025-03-14 15:45:00,2988.13,2991.73,2988.09,2991.65,401.0
2025-03-14 15:50:00,2991.54,2992.02,2987.94,2988.1,378.0
2025-03-14 15:55:00,2988.2,2988.34,2983.76,2985.35,433.0
2025-03-14 16:00:00,2985.97,2987.81,2983.96,2986.38,465.0
2025-03-14 16:05:00,2986.56,2991.53,2986.56,2991.34,453.0
2025-03-14 16:10:00,2991.5,2993.23,2990.75,2990.93,446.0
2025-03-14 16:15:00,2990.48,2993.39,2989.78,2990.27,412.0
2025-03-14 16:20:00,2989.95,2991.82,2988.45,2989.03,402.0
2025-03-14 16:25:00,2989.13,2989.13,2982.04,2983.2,399.0
2025-03-14 16:30:00,2983.08,2985.42,2982.81,2983.19,414.0
2025-03-14 16:35:00,2983.31,2986.37,2982.79,2985.9,415.0
2025-03-14 16:40:00,2985.96,2986.75,2984.91,2985.31,388.0
2025-03-14 16:45:00,2985.4,2986.6,2983.34,2984.4,392.0
2025-03-14 16:50:00,2984.34,2985.61,2982.61,2985.19,413.0
2025-03-14 16:55:00,2985.12,2986.53,2985.06,2985.28,402.0
2025-03-14 17:00:00,2985.37,2986.3,2979.96,2982.39,467.0
2025-03-14 17:05:00,2982.37,2985.76,2981.81,2984.5,395.0
2025-03-14 17:10:00,2984.49,2984.74,2980.29,2981.35,366.0
2025-03-14 17:15:00,2981.48,2982.35,2979.64,2980.31,354.0
2025-03-14 17:20:00,2980.58,2981.83,2978.45,2981.83,377.0
2025-03-14 17:25:00,2982.08,2982.08,2979.69,2981.12,386.0
2025-03-14 17:30:00,2981.22,2982.82,2979.96,2981.61,373.0
2025-03-14 17:35:00,2981.6,2984.31,2980.68,2982.38,385.0
2025-03-14 17:40:00,2982.39,2983.38,2980.73,2983.29,336.0
2025-03-14 17:45:00,2983.21,2984.38,2982.11,2983.05,306.0
2025-03-14 17:50:00,2982.93,2984.52,2982.26,2983.95,267.0
2025-03-14 17:55:00,2983.96,2984.83,2983.29,2984.6,285.0
2025-03-14 18:00:00,2984.46,2984.96,2982.99,2984.28,335.0
2025-03-14 18:05:00,2984.28,2986.55,2983.56,2986.39,330.0
2025-03-14 18:10:00,2986.37,2988.47,2985.82,2988.29,299.0
2025-03-14 18:15:00,2988.37,2988.45,2986.87,2988.02,372.0
2025-03-14 18:20:00,2988.07,2989.33,2987.79,2988.16,378.0
2025-03-14 18:25:00,2988.15,2988.39,2987.09,2987.15,350.0
2025-03-14 18:30:00,2987.16,2987.95,2986.31,2986.84,309.0
2025-03-14 18:35:00,2986.68,2988.06,2986.68,2987.89,327.0
2025-03-14 18:40:00,2987.83,2989.32,2987.5,2987.71,338.0
2025-03-14 18:45:00,2987.67,2989.45,2987.54,2989.04,345.0
2025-03-14 18:50:00,2989.11,2989.95,2988.84,2989.34,323.0
2025-03-14 18:55:00,2989.36,2989.94,2988.91,2989.75,327.0
2025-03-14 19:00:00,2989.67,2989.91,2987.67,2989.23,342.0
2025-03-14 19:05:00,2989.48,2989.79,2988.68,2989.19,303.0
2025-03-14 19:10:00,2989.19,2989.65,2988.65,2989.65,304.0
2025-03-14 19:15:00,2989.67,2990.12,2989.3,2989.88,313.0
2025-03-14 19:20:00,2989.79,2990.32,2988.62,2988.92,369.0
2025-03-14 19:25:00,2988.9,2990.37,2987.43,2990.11,354.0
2025-03-14 19:30:00,2990.21,2990.38,2988.79,2989.39,332.0
2025-03-14 19:35:00,2989.39,2990.08,2988.4,2988.68,296.0
2025-03-14 19:40:00,2988.7,2988.74,2987.82,2988.72,280.0
2025-03-14 19:45:00,2988.72,2988.74,2987.83,2988.25,276.0
2025-03-14 19:50:00,2988.21,2989.21,2987.87,2988.92,281.0
2025-03-14 19:55:00,2988.95,2989.07,2986.36,2986.56,258.0
2025-03-14 20:00:00,2986.68,2987.0,2985.99,2986.94,270.0
2025-03-14 20:05:00,2986.85,2986.85,2985.43,2985.75,301.0
2025-03-14 20:10:00,2985.7,2986.55,2985.55,2985.55,271.0
2025-03-14 20:15:00,2985.54,2986.55,2985.49,2985.91,301.0
2025-03-14 20:20:00,2985.93,2986.48,2985.18,2985.65,321.0
2025-03-14 20:25:00,2985.63,2985.75,2984.51,2985.05,253.0
2025-03-14 20:30:00,2985.04,2985.48,2983.91,2985.02,283.0
2025-03-14 20:35:00,2985.02,2985.32,2984.3,2984.92,216.0
2025-03-14 20:40:00,2984.92,2985.0,2983.7,2984.43,294.0
2025-03-14 20:45:00,2984.44,2985.61,2984.18,2984.63,274.0
2025-03-14 20:50:00,2984.6,2984.71,2983.7,2983.91,264.0
2025-03-14 20:55:00,2983.92,2984.34,2983.27,2983.54,284.0
2025-03-14 21:00:00,2983.5,2985.33,2983.05,2985.16,310.0
2025-03-14 21:05:00,2985.1,2986.05,2985.01,2985.44,214.0
2025-03-14 21:10:00,2985.47,2985.61,2984.73,2985.02,227.0
2025-03-14 21:15:00,2984.94,2985.1,2983.01,2983.11,237.0
2025-03-14 21:20:00,2983.1,2983.9,2982.84,2983.19,296.0
2025-03-14 21:25:00,2983.18,2984.47,2983.01,2984.45,215.0
2025-03-14 21:30:00,2984.46,2984.46,2982.46,2982.48,257.0
2025-03-14 21:35:00,2982.69,2983.02,2982.3,2982.42,269.0
2025-03-14 21:40:00,2982.4,2983.39,2982.32,2983.22,264.0
2025-03-14 21:45:00,2983.22,2983.25,2982.3,2982.36,293.0
2025-03-14 21:50:00,2982.28,2983.83,2982.28,2983.81,310.0
2025-03-14 21:55:00,2983.78,2984.18,2983.34,2984.0,324.0
2025-03-14 22:00:00,2984.0,2984.13,2981.67,2982.63,146.0
2025-03-14 22:05:00,2982.68,2983.41,2982.59,2983.22,106.0
2025-03-14 22:10:00,2983.22,2983.51,2982.66,2983.37,94.0
2025-03-14 22:15:00,2983.36,2983.7,2982.79,2983.14,90.0
2025-03-14 22:20:00,2983.13,2983.18,2982.61,2982.75,86.0
2025-03-14 22:25:00,2982.83,2983.09,2982.26,2982.99,117.0
2025-03-14 22:30:00,2982.99,2983.14,2982.49,2983.09,107.0
2025-03-14 22:35:00,2983.08,2986.32,2983.08,2986.1,165.0
2025-03-14 22:40:00,2986.13,2988.15,2986.13,2988.11,110.0
2025-03-14 22:45:00,2987.8,2988.85,2987.29,2987.66,148.0
2025-03-14 22:50:00,2987.73,2988.58,2987.37,2988.1,144.0
2025-03-14 22:55:00,2987.89,2988.0,2985.62,2986.24,54.0
2025-03-17 00:00:00,2983.84,2988.59,2983.84,2987.76,433.0
2025-03-17 00:05:00,2987.76,2987.85,2986.29,2987.04,333.0
2025-03-17 00:10:00,2987.04,2990.3,2986.62,2989.71,322.0
2025-03-17 00:15:00,2989.71,2990.44,2989.06,2990.1,91.0
2025-03-17 00:20:00,2990.11,2990.41,2987.75,2988.21,89.0
2025-03-17 00:25:00,2988.2,2988.8,2988.04,2988.38,106.0
2025-03-17 00:30:00,2988.39,2988.39,2987.75,2987.86,115.0
2025-03-17 00:35:00,2987.89,2988.43,2987.1,2988.22,122.0
2025-03-17 00:40:00,2988.26,2990.23,2988.13,2990.16,127.0
2025-03-17 00:45:00,2990.13,2990.48,2988.76,2989.17,115.0
2025-03-17 00:50:00,2989.17,2990.18,2988.9,2989.91,148.0
2025-03-17 00:55:00,2989.94,2990.61,2988.74,2989.04,175.0
2025-03-17 01:00:00,2989.11,2989.39,2988.29,2989.36,162.0
2025-03-17 01:05:00,2989.34,2990.08,2988.64,2989.62,94.0
2025-03-17 01:10:00,2989.64,2990.86,2989.6,2990.83,68.0
2025-03-17 01:15:00,2990.74,2991.8,2990.74,2991.68,103.0
2025-03-17 01:20:00,2991.76,2992.99,2991.75,2992.87,99.0
2025-03-17 01:25:00,2992.87,2993.88,2992.49,2993.85,120.0
2025-03-17 01:30:00,2993.9,2994.02,2992.88,2993.04,127.0
2025-03-17 01:35:00,2993.03,2993.11,2991.37,2991.81,132.0
2025-03-17 01:40:00,2991.81,2992.08,2991.48,2992.04,69.0
2025-03-17 01:45:00,2991.93,2992.17,2991.31,2991.61,79.0
2025-03-17 01:50:00,2991.92,2991.96,2991.12,2991.23,113.0
2025-03-17 01:55:00,2991.23,2991.76,2989.62,2990.05,124.0
2025-03-17 02:00:00,2990.06,2990.64,2988.71,2989.78,160.0
2025-03-17 02:05:00,2989.86,2990.31,2988.86,2989.8,102.0
2025-03-17 02:10:00,2989.53,2989.79,2988.29,2988.29,123.0
2025-03-17 02:15:00,2988.29,2988.81,2986.41,2987.74,155.0
2025-03-17 02:20:00,2987.73,2989.34,2987.73,2988.57,175.0
2025-03-17 02:25:00,2988.58,2989.49,2987.15,2989.29,206.0
2025-03-17 02:30:00,2989.32,2991.08,2989.13,2990.3,150.0
2025-03-17 02:35:00,2990.31,2990.32,2989.16,2989.57,123.0
2025-03-17 02:40:00,2989.5,2990.19,2988.47,2989.5,131.0
2025-03-17 02:45:00,2989.5,2989.69,2989.08,2989.48,76.0
2025-03-17 02:50:00,2989.21,2989.62,2988.54,2989.62,91.0
2025-03-17 02:55:00,2989.62,2990.95,2989.62,2990.8,222.0
2025-03-17 03:00:00,2990.79,2992.75,2989.97,2990.05,355.0
2025-03-17 03:05:00,2989.98,2991.98,2988.67,2991.41,347.0
2025-03-17 03:10:00,2991.34,2992.54,2990.91,2991.02,280.0
2025-03-17 03:15:00,2991.02,2991.23,2989.83,2990.45,297.0
2025-03-17 03:20:00,2990.35,2993.01,2989.54,2992.81,310.0
2025-03-17 03:25:00,2992.93,2993.05,2991.03,2991.85,191.0
2025-03-17 03:30:00,2991.86,2992.03,2990.36,2991.36,205.0
2025-03-17 03:35:00,2991.36,2992.13,2990.41,2991.02,237.0
2025-03-17 03:40:00,2991.29,2991.89,2991.19,2991.5,252.0
2025-03-17 03:45:00,2991.51,2992.14,2991.15,2991.72,291.0
2025-03-17 03:50:00,2991.73,2992.91,2991.38,2991.75,247.0
2025-03-17 03:55:00,2991.74,2991.84,2990.57,2990.8,197.0
2025-03-17 04:00:00,2990.73,2991.9,2990.25,2990.94,271.0
2025-03-17 04:05:00,2991.01,2991.14,2989.9,2990.07,234.0
2025-03-17 04:10:00,2990.04,2990.19,2989.29,2989.9,223.0
2025-03-17 04:15:00,2989.88,2989.88,2989.02,2989.4,176.0
2025-03-17 04:20:00,2989.4,2989.4,2988.32,2988.92,146.0
2025-03-17 04:25:00,2988.89,2989.08,2988.33,2988.87,143.0
2025-03-17 04:30:00,2988.84,2988.84,2987.61,2988.1,261.0
2025-03-17 04:35:00,2988.09,2988.4,2987.64,2988.09,223.0
2025-03-17 04:40:00,2988.11,2988.63,2987.17,2988.34,251.0
2025-03-17 04:45:00,2988.31,2988.99,2987.51,2987.7,203.0
2025-03-17 04:50:00,2987.69,2988.17,2987.05,2988.17,179.0
2025-03-17 04:55:00,2988.17,2988.36,2987.64,2988.21,164.0
2025-03-17 05:00:00,2988.2,2988.55,2986.76,2986.87,230.0
2025-03-17 05:05:00,2986.84,2987.27,2986.42,2986.9,187.0
2025-03-17 05:10:00,2986.8,2987.45,2986.18,2987.21,134.0
2025-03-17 05:15:00,2987.22,2987.33,2986.52,2986.66,149.0
2025-03-17 05:20:00,2986.66,2987.43,2986.47,2986.6,234.0
2025-03-17 05:25:00,2986.48,2986.52,2986.07,2986.42,174.0
2025-03-17 05:30:00,2986.45,2986.92,2986.01,2986.92,150.0
2025-03-17 05:35:00,2986.85,2988.66,2986.75,2986.94,246.0
2025-03-17 05:40:00,2986.95,2987.18,2985.29,2986.38,207.0
2025-03-17 05:45:00,2986.38,2987.26,2986.38,2986.69,161.0
2025-03-17 05:50:00,2986.7,2986.95,2986.06,2986.93,147.0
2025-03-17 05:55:00,2986.91,2987.13,2986.59,2986.9,155.0
2025-03-17 06:00:00,2986.93,2987.91,2986.88,2987.0,155.0
2025-03-17 06:05:00,2987.02,2987.43,2986.21,2986.55,176.0
2025-03-17 06:10:00,2986.41,2986.41,2985.54,2985.68,169.0
2025-03-17 06:15:00,2985.7,2985.82,2985.03,2985.13,176.0
2025-03-17 06:20:00,2985.12,2985.67,2984.73,2984.73,135.0
2025-03-17 06:25:00,2984.78,2984.83,2983.54,2984.01,122.0
2025-03-17 06:30:00,2984.01,2984.05,2983.38,2983.94,134.0
2025-03-17 06:35:00,2983.95,2984.9,2983.95,2984.46,180.0
2025-03-17 06:40:00,2984.46,2984.82,2983.51,2983.97,152.0
2025-03-17 06:45:00,2983.92,2984.02,2982.75,2983.27,155.0
2025-03-17 06:50:00,2983.27,2983.37,2982.6,2983.32,146.0
2025-03-17 06:55:00,2983.32,2983.4,2982.37,2982.58,163.0
2025-03-17 07:00:00,2982.82,2983.29,2982.73,2982.98,135.0
2025-03-17 07:05:00,2982.97,2983.75,2982.93,2983.71,115.0
2025-03-17 07:10:00,2983.71,2983.76,2982.22,2982.58,166.0
2025-03-17 07:15:00,2982.58,2983.67,2982.58,2983.23,146.0
2025-03-17 07:20:00,2983.34,2985.33,2982.88,2985.28,207.0
2025-03-17 07:25:00,2985.32,2985.7,2984.18,2984.29,133.0
2025-03-17 07:30:00,2984.14,2984.57,2983.81,2983.85,163.0
2025-03-17 07:35:00,2983.85,2984.66,2983.15,2984.45,165.0
2025-03-17 07:40:00,2984.44,2985.39,2984.26,2984.88,189.0
2025-03-17 07:45:00,2984.79,2985.24,2984.5,2984.77,231.0
2025-03-17 07:50:00,2984.76,2985.54,2984.48,2985.18,146.0
2025-03-17 07:55:00,2985.35,2986.17,2985.23,2986.04,148.0
2025-03-17 08:00:00,2986.09,2986.87,2985.92,2986.13,159.0
2025-03-17 08:05:00,2986.13,2986.42,2985.38,2985.95,172.0
2025-03-17 08:10:00,2985.95,2986.45,2985.78,2986.35,138.0
2025-03-17 08:15:00,2986.34,2987.66,2986.02,2986.76,241.0
2025-03-17 08:20:00,2986.79,2988.83,2986.56,2988.07,247.0
2025-03-17 08:25:00,2988.1,2990.22,2987.97,2990.08,211.0
2025-03-17 08:30:00,2990.12,2990.27,2988.12,2990.05,233.0
2025-03-17 08:35:00,2990.08,2990.56,2989.22,2990.12,206.0
2025-03-17 08:40:00,2990.18,2990.72,2989.74,2990.25,176.0
2025-03-17 08:45:00,2990.23,2990.5,2989.63,2989.79,162.0
2025-03-17 08:50:00,2989.77,2989.82,2988.89,2989.57,223.0
2025-03-17 08:55:00,2989.52,2990.21,2989.15,2989.84,211.0
2025-03-17 09:00:00,2989.55,2990.05,2988.35,2988.74,329.0
2025-03-17 09:05:00,2988.72,2989.11,2988.5,2988.73,184.0
2025-03-17 09:10:00,2988.74,2988.99,2988.41,2988.79,166.0
2025-03-17 09:15:00,2988.79,2988.96,2988.26,2988.96,188.0
2025-03-17 09:20:00,2988.89,2989.06,2988.11,2988.83,164.0
2025-03-17 09:25:00,2988.88,2988.98,2987.63,2988.17,164.0
2025-03-17 09:30:00,2988.22,2988.37,2986.8,2987.53,263.0
2025-03-17 09:35:00,2987.55,2987.91,2987.36,2987.37,223.0
2025-03-17 09:40:00,2987.36,2987.73,2986.45,2986.52,229.0
2025-03-17 09:45:00,2986.54,2986.65,2984.46,2984.73,236.0
2025-03-17 09:50:00,2984.73,2985.07,2984.04,2984.19,212.0
2025-03-17 09:55:00,2984.22,2985.92,2984.21,2985.47,251.0
2025-03-17 10:00:00,2985.32,2986.22,2985.19,2986.08,256.0
2025-03-17 10:05:00,2986.09,2986.67,2985.74,2986.4,185.0
2025-03-17 10:10:00,2986.42,2986.48,2984.45,2984.56,178.0
2025-03-17 10:15:00,2984.53,2984.53,2983.04,2983.81,271.0
2025-03-17 10:20:00,2984.09,2985.87,2984.01,2985.73,288.0
2025-03-17 10:25:00,2985.67,2986.66,2985.11,2985.49,224.0
2025-03-17 10:30:00,2985.27,2985.67,2985.06,2985.35,207.0
2025-03-17 10:35:00,2985.34,2987.3,2984.89,2986.86,237.0
2025-03-17 10:40:00,2986.87,2987.96,2986.67,2987.63,223.0
2025-03-17 10:45:00,2987.64,2987.71,2986.8,2987.01,168.0
2025-03-17 10:50:00,2987.05,2987.05,2986.28,2986.79,168.0
2025-03-17 10:55:00,2986.79,2988.38,2986.78,2988.38,223.0
2025-03-17 11:00:00,2988.39,2989.36,2987.57,2989.34,207.0
2025-03-17 11:05:00,2989.31,2990.02,2988.86,2988.97,198.0
2025-03-17 11:10:00,2989.01,2990.85,2988.93,2990.7,247.0
2025-03-17 11:15:00,2990.67,2991.32,2990.35,2991.29,257.0
2025-03-17 11:20:00,2991.28,2992.28,2990.93,2991.78,266.0
2025-03-17 11:25:00,2991.72,2993.03,2991.72,2992.71,281.0
2025-03-17 11:30:00,2992.62,2993.45,2991.63,2993.07,258.0
2025-03-17 11:35:00,2993.07,2994.67,2992.85,2994.46,225.0
2025-03-17 11:40:00,2994.5,2995.4,2994.15,2995.32,260.0
2025-03-17 11:45:00,2995.34,2996.63,2995.01,2996.09,260.0
2025-03-17 11:50:00,2996.08,2996.84,2995.88,2996.3,210.0
2025-03-17 11:55:00,2996.33,2996.33,2994.73,2995.67,255.0
2025-03-17 12:00:00,2995.66,2996.88,2995.66,2996.88,246.0
2025-03-17 12:05:00,2996.88,2997.23,2996.32,2996.54,255.0
2025-03-17 12:10:00,2996.56,2996.79,2996.09,2996.7,192.0
2025-03-17 12:15:00,2996.74,2997.28,2996.24,2997.08,229.0
2025-03-17 12:20:00,2997.07,2997.38,2995.4,2995.43,199.0
2025-03-17 12:25:00,2995.46,2996.92,2995.31,2995.32,249.0
2025-03-17 12:30:00,2995.34,2997.28,2994.79,2996.67,216.0
2025-03-17 12:35:00,2996.69,2997.42,2996.25,2996.7,221.0
2025-03-17 12:40:00,2996.7,2998.38,2996.7,2997.27,206.0
2025-03-17 12:45:00,2997.28,2998.37,2997.13,2998.23,166.0
2025-03-17 12:50:00,2998.23,2998.98,2997.16,2998.92,165.0
2025-03-17 12:55:00,2998.92,2999.49,2998.12,2999.01,233.0
2025-03-17 13:00:00,2999.01,2999.89,2998.97,2999.37,229.0
2025-03-17 13:05:00,2999.36,2999.79,2999.04,2999.18,213.0
2025-03-17 13:10:00,2999.17,3000.44,2999.03,3000.37,235.0
2025-03-17 13:15:00,3000.36,3000.59,2999.62,2999.79,179.0
2025-03-17 13:20:00,2999.78,3001.12,2999.68,3000.19,191.0
2025-03-17 13:25:00,3000.18,3000.5,3000.01,3000.29,148.0
2025-03-17 13:30:00,3000.3,3000.8,2999.4,2999.69,194.0
2025-03-17 13:35:00,2999.73,3000.6,2999.29,2999.29,241.0
2025-03-17 13:40:00,2999.33,3000.28,2997.66,3000.16,287.0
2025-03-17 13:45:00,3000.11,3001.19,2999.95,3000.03,252.0
2025-03-17 13:50:00,3000.03,3000.03,2996.61,2997.75,269.0
2025-03-17 13:55:00,2997.77,2999.12,2997.04,2997.39,265.0
2025-03-17 14:00:00,2997.44,2997.86,2995.94,2996.84,295.0
2025-03-17 14:05:00,2996.78,2996.84,2991.73,2993.32,326.0
2025-03-17 14:10:00,2993.19,2994.0,2989.81,2990.72,307.0
2025-03-17 14:15:00,2990.77,2991.63,2986.35,2988.79,375.0
2025-03-17 14:20:00,2988.57,2988.57,2985.03,2988.04,389.0
2025-03-17 14:25:00,2988.25,2994.56,2988.23,2992.62,345.0
2025-03-17 14:30:00,2993.28,2994.09,2989.77,2991.2,378.0
2025-03-17 14:35:00,2991.11,2993.36,2990.38,2992.97,353.0
2025-03-17 14:40:00,2992.96,2993.95,2990.74,2991.24,326.0
2025-03-17 14:45:00,2991.23,2992.38,2985.25,2987.92,333.0
2025-03-17 14:50:00,2987.53,2988.46,2985.29,2985.44,378.0
2025-03-17 14:55:00,2985.39,2988.05,2984.8,2987.17,378.0
2025-03-17 15:00:00,2987.18,2989.08,2986.04,2988.61,422.0
2025-03-17 15:05:00,2988.49,2989.31,2986.9,2988.69,391.0
2025-03-17 15:10:00,2988.72,2990.67,2988.03,2988.85,331.0
2025-03-17 15:15:00,2988.98,2989.32,2987.17,2988.82,314.0
2025-03-17 15:20:00,2989.1,2990.11,2988.04,2988.37,305.0
2025-03-17 15:25:00,2988.34,2988.77,2986.44,2987.35,335.0
2025-03-17 15:30:00,2987.38,2990.98,2987.38,2988.02,411.0
2025-03-17 15:35:00,2988.09,2989.58,2986.23,2987.24,415.0
2025-03-17 15:40:00,2987.17,2990.18,2987.03,2989.27,383.0
2025-03-17 15:45:00,2989.49,2990.29,2987.23,2988.92,403.0
2025-03-17 15:50:00,2988.9,2991.4,2988.47,2989.83,365.0
2025-03-17 15:55:00,2989.73,2990.16,2988.35,2988.35,325.0
2025-03-17 16:00:00,2988.21,2991.28,2987.16,2991.23,369.0
2025-03-17 16:05:00,2991.28,2992.69,2991.0,2992.2,386.0
2025-03-17 16:10:00,2992.19,2993.48,2990.39,2993.24,369.0
2025-03-17 16:15:00,2993.14,2993.97,2992.81,2993.6,358.0
2025-03-17 16:20:00,2993.61,2995.96,2993.14,2995.69,381.0
2025-03-17 16:25:00,2995.7,2998.08,2995.1,2997.91,382.0
2025-03-17 16:30:00,2997.99,2998.66,2996.16,2996.9,374.0
2025-03-17 16:35:00,2996.88,2999.32,2996.29,2999.19,390.0
2025-03-17 16:40:00,2999.23,3000.37,2998.19,2999.97,360.0
2025-03-17 16:45:00,2999.77,3000.59,2998.21,2999.69,397.0
2025-03-17 16:50:00,2999.61,3000.18,2998.57,2999.72,353.0
2025-03-17 16:55:00,2999.48,2999.56,2998.25,2998.7,382.0
2025-03-17 17:00:00,2998.62,2999.34,2995.93,2997.8,362.0
2025-03-17 17:05:00,2997.73,2998.89,2994.77,2995.41,368.0
2025-03-17 17:10:00,2995.39,2995.82,2994.53,2995.79,307.0
2025-03-17 17:15:00,2995.96,2996.81,2993.05,2993.6,335.0
2025-03-17 17:20:00,2993.62,2995.14,2992.92,2994.71,312.0
2025-03-17 17:25:00,2994.72,2996.63,2994.62,2995.93,303.0
2025-03-17 17:30:00,2995.85,2996.09,2994.58,2994.58,284.0
2025-03-17 17:35:00,2994.59,2998.0,2994.48,2995.9,320.0
2025-03-17 17:40:00,2995.85,2996.82,2995.39,2996.48,256.0
2025-03-17 17:45:00,2996.49,2996.83,2996.1,2996.68,225.0
2025-03-17 17:50:00,2996.67,2998.38,2996.66,2998.29,291.0
2025-03-17 17:55:00,2998.3,2998.57,2996.57,2997.14,292.0
2025-03-17 18:00:00,2997.15,2997.3,2994.56,2995.49,358.0
2025-03-17 18:05:00,2995.47,2997.03,2995.05,2996.84,309.0
2025-03-17 18:10:00,2996.9,2997.69,2996.28,2997.04,290.0
2025-03-17 18:15:00,2997.06,2997.64,2996.41,2997.24,286.0
2025-03-17 18:20:00,2997.08,2997.34,2995.07,2995.37,322.0
2025-03-17 18:25:00,2995.39,2996.76,2995.38,2996.63,319.0
2025-03-17 18:30:00,2996.63,2997.14,2995.01,2996.03,259.0
2025-03-17 18:35:00,2995.85,2995.97,2993.71,2993.74,258.0
2025-03-17 18:40:00,2993.68,2994.92,2992.95,2994.29,294.0
2025-03-17 18:45:00,2994.26,2994.66,2993.54,2993.74,280.0
2025-03-17 18:50:00,2993.75,2995.38,2993.72,2994.94,302.0
2025-03-17 18:55:00,2994.91,2994.91,2993.87,2994.44,303.0
2025-03-17 19:00:00,2994.55,2996.02,2994.55,2995.33,313.0
2025-03-17 19:05:00,2995.45,2997.48,2995.45,2996.99,278.0
2025-03-17 19:10:00,2996.96,2997.46,2996.57,2997.13,277.0
2025-03-17 19:15:00,2997.09,2997.78,2997.06,2997.63,242.0
2025-03-17 19:20:00,2997.76,2998.45,2997.47,2997.78,270.0
2025-03-17 19:25:00,2997.78,2998.6,2997.59,2998.24,259.0
2025-03-17 19:30:00,2998.21,2998.79,2997.9,2998.2,278.0
2025-03-17 19:35:00,2998.19,2998.48,2997.77,2997.97,248.0
2025-03-17 19:40:00,2997.96,2998.52,2997.74,2998.2,179.0
2025-03-17 19:45:00,2998.19,2999.41,2998.09,2999.16,237.0
2025-03-17 19:50:00,2999.17,2999.27,2998.71,2998.81,209.0
2025-03-17 19:55:00,2998.86,2999.18,2997.63,2997.76,221.0
2025-03-17 20:00:00,2997.76,2998.2,2996.83,2997.48,294.0
2025-03-17 20:05:00,2997.47,2998.78,2996.85,2998.58,295.0
2025-03-17 20:10:00,2998.56,2998.75,2997.73,2998.43,313.0
2025-03-17 20:15:00,2998.42,2999.54,2998.4,2999.41,276.0
2025-03-17 20:20:00,2999.39,3000.24,2998.76,2999.8,304.0
2025-03-17 20:25:00,2999.8,3000.22,2999.32,2999.71,294.0
2025-03-17 20:30:00,2999.75,3000.19,2999.45,3000.07,220.0
2025-03-17 20:35:00,3000.04,3000.31,2999.64,3000.0,228.0
2025-03-17 20:40:00,2999.98,2999.98,2998.8,2998.81,224.0
2025-03-17 20:45:00,2998.81,2999.59,2998.48,2999.3,253.0
2025-03-17 20:50:00,2999.33,3000.04,2999.25,2999.86,257.0
2025-03-17 20:55:00,2999.87,3000.21,2999.01,2999.36,287.0
2025-03-17 21:00:00,2999.34,2999.97,2998.31,2998.43,295.0
2025-03-17 21:05:00,2998.45,2999.17,2998.44,2998.79,195.0
2025-03-17 21:10:00,2998.78,2999.04,2998.63,2998.72,234.0
2025-03-17 21:15:00,2998.73,2998.89,2998.49,2998.67,169.0
2025-03-17 21:20:00,2998.67,3000.11,2998.46,2999.86,249.0
2025-03-17 21:25:00,2999.78,3000.16,2999.12,2999.19,237.0
2025-03-17 21:30:00,2999.26,3000.22,2998.09,2999.23,270.0
2025-03-17 21:35:00,2999.29,2999.3,2997.84,2997.86,201.0
2025-03-17 21:40:00,2997.84,2998.52,2997.7,2998.52,242.0
2025-03-17 21:45:00,2998.62,2999.3,2998.62,2999.17,170.0
2025-03-17 21:50:00,2999.23,3000.21,2999.23,2999.91,222.0
2025-03-17 21:55:00,2999.96,3000.83,2999.87,3000.26,294.0
2025-03-17 22:00:00,3000.21,3001.23,3000.11,3000.73,113.0
2025-03-17 22:05:00,3000.73,3001.18,3000.34,3000.94,125.0
2025-03-17 22:10:00,3000.94,3001.11,3000.65,3001.11,100.0
2025-03-17 22:15:00,3001.13,3001.42,3000.93,3001.3,90.0
2025-03-17 22:20:00,3001.3,3001.3,3000.63,3000.73,58.0
2025-03-17 22:25:00,3000.53,3001.18,3000.44,3001.11,65.0
2025-03-17 22:30:00,3001.11,3001.24,3001.03,3001.05,39.0
2025-03-17 22:35:00,3001.05,3001.36,3001.0,3001.28,116.0
2025-03-17 22:40:00,3001.28,3001.55,3000.96,3001.37,108.0
2025-03-17 22:45:00,3001.37,3001.99,3001.2,3001.35,108.0
2025-03-17 22:50:00,3001.3,3001.51,3000.83,3000.93,149.0
2025-03-17 22:55:00,3001.0,3001.48,3000.94,3001.02,115.0
2025-03-18 00:00:00,3000.79,3002.01,3000.74,3001.19,155.0
2025-03-18 00:05:00,3001.19,3001.19,3000.54,3000.89,51.0
2025-03-18 00:10:00,3000.9,3000.9,3000.27,3000.33,63.0
2025-03-18 00:15:00,3000.37,3000.37,2999.94,3000.08,87.0
2025-03-18 00:20:00,3000.08,3000.71,3000.02,3000.68,76.0
2025-03-18 00:25:00,3000.68,3001.03,3000.02,3000.02,84.0
2025-03-18 00:30:00,3000.03,3000.51,3000.03,3000.4,50.0
2025-03-18 00:35:00,3000.41,3000.71,3000.41,3000.53,46.0
2025-03-18 00:40:00,3000.53,3000.66,3000.17,3000.17,52.0
2025-03-18 00:45:00,3000.17,3000.42,3000.08,3000.18,42.0
2025-03-18 00:50:00,3000.18,3000.64,2999.97,3000.11,55.0
2025-03-18 00:55:00,3000.11,3000.24,3000.08,3000.2,32.0
2025-03-18 01:00:00,3000.2,3000.72,3000.02,3000.65,62.0
2025-03-18 01:05:00,3000.79,3001.07,3000.79,3001.02,62.0
2025-03-18 01:10:00,3001.04,3001.22,3000.8,3000.9,66.0
2025-03-18 01:15:00,3000.91,3002.4,3000.88,3001.99,88.0
2025-03-18 01:20:00,3001.99,3002.29,3001.8,3002.01,54.0
2025-03-18 01:25:00,3002.05,3002.3,3001.47,3001.47,65.0
2025-03-18 01:30:00,3001.48,3001.83,3001.38,3001.72,56.0
2025-03-18 01:35:00,3001.73,3002.32,3001.51,3002.19,77.0
2025-03-18 01:40:00,3002.23,3002.73,3002.15,3002.36,83.0
2025-03-18 01:45:00,3002.36,3002.36,3001.5,3001.92,125.0
2025-03-18 01:50:00,3001.91,3001.92,3001.15,3001.15,93.0
2025-03-18 01:55:00,3001.15,3001.15,2999.7,2999.7,125.0
2025-03-18 02:00:00,2999.89,3000.82,2999.73,3000.8,152.0
2025-03-18 02:05:00,3000.81,3002.25,3000.69,3001.21,189.0
2025-03-18 02:10:00,3001.22,3001.71,3000.83,3000.83,152.0
2025-03-18 02:15:00,3000.84,3000.89,2999.65,3000.45,167.0
2025-03-18 02:20:00,3000.44,3002.71,3000.42,3002.52,138.0
2025-03-18 02:25:00,3002.54,3002.97,3001.74,3002.33,194.0
2025-03-18 02:30:00,3002.31,3003.51,3002.31,3002.69,187.0
2025-03-18 02:35:00,3002.66,3002.66,3001.27,3002.19,187.0
2025-03-18 02:40:00,3002.21,3002.37,3001.54,3001.78,166.0
2025-03-18 02:45:00,3001.76,3001.77,2999.89,3000.05,221.0
2025-03-18 02:50:00,3000.07,3001.55,3000.01,3001.1,226.0
2025-03-18 02:55:00,3001.1,3001.68,3000.39,3001.58,182.0
2025-03-18 03:00:00,3001.57,3001.78,2999.56,3001.23,401.0
2025-03-18 03:05:00,3001.24,3001.74,3000.07,3000.42,305.0
2025-03-18 03:10:00,3000.44,3001.67,2999.82,3001.38,297.0
2025-03-18 03:15:00,3001.34,3002.18,3000.66,3001.96,381.0
2025-03-18 03:20:00,3002.0,3003.69,3001.41,3003.34,383.0
2025-03-18 03:25:00,3003.53,3005.22,3003.1,3004.04,333.0
2025-03-18 03:30:00,3004.18,3005.16,3003.19,3004.41,366.0
2025-03-18 03:35:00,3004.41,3004.68,3001.96,3002.91,333.0
2025-03-18 03:40:00,3003.0,3005.14,3002.87,3004.25,288.0
2025-03-18 03:45:00,3004.26,3004.77,3003.82,3004.41,230.0
2025-03-18 03:50:00,3004.4,3004.43,3002.77,3004.29,312.0
2025-03-18 03:55:00,3004.33,3008.35,3004.25,3005.64,396.0
2025-03-18 04:00:00,3005.64,3006.42,3002.87,3004.76,381.0
2025-03-18 04:05:00,3004.76,3006.32,3004.57,3005.89,308.0
2025-03-18 04:10:00,3005.96,3006.49,3005.16,3006.04,264.0
2025-03-18 04:15:00,3006.0,3006.81,3005.71,3006.32,209.0
2025-03-18 04:20:00,3006.31,3007.65,3006.29,3007.13,245.0
2025-03-18 04:25:00,3007.12,3007.6,3006.74,3006.79,189.0
2025-03-18 04:30:00,3006.78,3007.8,3006.25,3007.41,260.0
2025-03-18 04:35:00,3007.4,3007.42,3006.49,3006.57,218.0
2025-03-18 04:40:00,3006.54,3007.45,3006.25,3007.18,210.0
2025-03-18 04:45:00,3007.16,3009.87,3007.12,3009.06,293.0
2025-03-18 04:50:00,3009.07,3012.16,3009.07,3011.88,244.0
2025-03-18 04:55:00,3011.82,3012.05,3010.62,3010.92,266.0
2025-03-18 05:00:00,3010.86,3012.11,3009.7,3011.94,261.0
2025-03-18 05:05:00,3011.93,3011.93,3010.58,3010.98,278.0
2025-03-18 05:10:00,3010.98,3013.43,3010.91,3013.34,302.0
2025-03-18 05:15:00,3013.37,3013.98,3010.75,3013.76,355.0
2025-03-18 05:20:00,3013.78,3015.04,3013.4,3014.32,339.0
2025-03-18 05:25:00,3014.3,3014.3,3012.86,3012.89,257.0
2025-03-18 05:30:00,3012.89,3012.89,3011.3,3011.95,261.0
2025-03-18 05:35:00,3011.91,3012.16,3010.9,3011.1,206.0
2025-03-18 05:40:00,3011.1,3011.11,3010.19,3010.68,161.0
2025-03-18 05:45:00,3010.67,3012.48,3010.54,3011.47,198.0
2025-03-18 05:50:00,3011.47,3012.12,3011.2,3012.0,149.0
2025-03-18 05:55:00,3012.04,3012.16,3010.83,3011.34,206.0
2025-03-18 06:00:00,3011.33,3012.3,3011.3,3011.79,141.0
2025-03-18 06:05:00,3011.82,3012.12,3011.23,3011.44,133.0
2025-03-18 06:10:00,3011.45,3012.07,3011.38,3011.94,90.0
2025-03-18 06:15:00,3011.89,3012.79,3011.42,3012.68,146.0
2025-03-18 06:20:00,3012.65,3013.48,3012.56,3012.82,180.0
2025-03-18 06:25:00,3012.84,3013.67,3012.79,3013.59,189.0
2025-03-18 06:30:00,3013.61,3014.47,3013.48,3014.43,146.0
2025-03-18 06:35:00,3014.41,3015.03,3014.12,3014.43,235.0
2025-03-18 06:40:00,3014.44,3014.44,3013.03,3014.02,223.0
2025-03-18 06:45:00,3013.99,3015.17,3013.79,3014.82,218.0
2025-03-18 06:50:00,3014.86,3017.08,3014.65,3015.33,282.0
2025-03-18 06:55:00,3015.33,3015.96,3014.53,3014.53,217.0
2025-03-18 07:00:00,3014.45,3014.8,3013.44,3013.44,283.0
2025-03-18 07:05:00,3013.39,3013.39,3011.66,3011.97,216.0
2025-03-18 07:10:00,3011.96,3012.22,3011.56,3011.88,137.0
2025-03-18 07:15:00,3011.86,3012.04,3009.48,3009.56,244.0
2025-03-18 07:20:00,3009.57,3010.32,3007.28,3007.36,292.0
2025-03-18 07:25:00,3007.36,3008.18,3006.12,3007.58,307.0
2025-03-18 07:30:00,3007.49,3011.97,3007.03,3011.97,394.0
2025-03-18 07:35:00,3012.03,3012.64,3010.75,3010.97,278.0
2025-03-18 07:40:00,3010.98,3013.46,3010.42,3013.32,239.0
2025-03-18 07:45:00,3013.32,3014.1,3012.58,3012.82,237.0
2025-03-18 07:50:00,3012.89,3013.47,3012.18,3012.69,256.0
2025-03-18 07:55:00,3012.61,3013.03,3011.55,3012.03,272.0
2025-03-18 08:00:00,3012.06,3015.96,3011.34,3015.96,320.0
2025-03-18 08:05:00,3015.78,3017.16,3014.53,3016.32,324.0
2025-03-18 08:10:00,3016.25,3016.95,3015.09,3015.34,274.0
2025-03-18 08:15:00,3015.24,3016.23,3014.31,3014.31,243.0
2025-03-18 08:20:00,3014.29,3014.42,3010.97,3011.63,314.0
2025-03-18 08:25:00,3011.64,3012.11,3010.7,3011.86,375.0
2025-03-18 08:30:00,3011.82,3013.13,3011.7,3012.51,245.0
2025-03-18 08:35:00,3012.44,3013.74,3012.29,3013.14,195.0
2025-03-18 08:40:00,3013.14,3013.69,3012.73,3013.61,157.0
2025-03-18 08:45:00,3013.6,3016.83,3013.41,3016.64,332.0
2025-03-18 08:50:00,3016.68,3017.65,3015.68,3017.1,316.0
2025-03-18 08:55:00,3017.1,3017.16,3015.03,3015.64,320.0
2025-03-18 09:00:00,3015.55,3016.11,3014.44,3015.29,329.0
2025-03-18 09:05:00,3015.27,3017.05,3015.27,3016.14,185.0
2025-03-18 09:10:00,3016.24,3018.63,3015.99,3018.18,285.0
2025-03-18 09:15:00,3018.13,3018.87,3016.98,3018.46,226.0
2025-03-18 09:20:00,3018.45,3018.53,3015.44,3015.61,324.0
2025-03-18 09:25:00,3015.61,3017.0,3014.91,3016.7,302.0
2025-03-18 09:30:00,3016.81,3018.19,3016.32,3016.84,278.0
2025-03-18 09:35:00,3016.8,3018.07,3016.61,3017.74,231.0
2025-03-18 09:40:00,3017.74,3018.33,3016.88,3017.92,200.0
2025-03-18 09:45:00,3017.94,3017.98,3016.46,3016.51,262.0
2025-03-18 09:50:00,3016.51,3017.33,3015.38,3015.69,260.0
2025-03-18 09:55:00,3015.65,3016.85,3015.65,3016.45,269.0
2025-03-18 10:00:00,3016.41,3018.65,3016.38,3018.5,337.0
2025-03-18 10:05:00,3018.51,3019.66,3018.42,3018.86,377.0
2025-03-18 10:10:00,3018.88,3019.69,3018.44,3019.65,320.0
2025-03-18 10:15:00,3019.67,3020.89,3019.56,3020.37,260.0
2025-03-18 10:20:00,3020.41,3022.52,3019.98,3022.04,400.0
2025-03-18 10:25:00,3022.03,3025.35,3021.98,3024.46,372.0
2025-03-18 10:30:00,3024.37,3027.09,3024.37,3025.22,376.0
2025-03-18 10:35:00,3025.39,3025.55,3023.89,3024.86,345.0
2025-03-18 10:40:00,3024.76,3027.28,3024.76,3026.7,308.0
2025-03-18 10:45:00,3026.69,3026.76,3025.6,3026.38,241.0
2025-03-18 10:50:00,3026.39,3026.39,3025.06,3026.23,252.0
2025-03-18 10:55:00,3026.24,3027.3,3026.18,3026.49,249.0
2025-03-18 11:00:00,3026.92,3028.48,3026.42,3027.43,303.0
2025-03-18 11:05:00,3027.44,3027.52,3026.41,3026.5,320.0
2025-03-18 11:10:00,3026.47,3026.5,3024.41,3024.59,345.0
2025-03-18 11:15:00,3024.59,3025.49,3023.81,3024.02,318.0
2025-03-18 11:20:00,3023.8,3024.85,3023.69,3024.12,251.0
2025-03-18 11:25:00,3024.19,3024.2,3022.97,3023.17,276.0
2025-03-18 11:30:00,3023.19,3023.69,3019.68,3021.82,334.0
2025-03-18 11:35:00,3021.86,3022.78,3020.39,3020.47,339.0
2025-03-18 11:40:00,3020.45,3021.75,3020.45,3021.38,370.0
2025-03-18 11:45:00,3021.38,3022.33,3020.95,3021.67,258.0
2025-03-18 11:50:00,3021.67,3021.84,3018.11,3018.47,361.0
2025-03-18 11:55:00,3018.57,3020.31,3018.55,3020.21,326.0
2025-03-18 12:00:00,3019.92,3022.53,3019.48,3022.31,321.0
2025-03-18 12:05:00,3022.34,3023.9,3021.42,3023.53,339.0
2025-03-18 12:10:00,3023.53,3025.09,3023.53,3025.09,337.0
2025-03-18 12:15:00,3025.09,3025.74,3023.68,3024.15,325.0
2025-03-18 12:20:00,3024.15,3025.1,3023.49,3024.22,294.0
2025-03-18 12:25:00,3024.27,3025.41,3024.01,3024.07,301.0
2025-03-18 12:30:00,3023.97,3024.68,3021.61,3022.29,369.0
2025-03-18 12:35:00,3022.29,3022.55,3020.97,3021.8,279.0
2025-03-18 12:40:00,3021.8,3023.4,3020.67,3023.37,362.0
2025-03-18 12:45:00,3023.41,3023.9,3023.1,3023.65,311.0
2025-03-18 12:50:00,3023.66,3025.4,3023.66,3024.36,280.0
2025-03-18 12:55:00,3024.37,3024.71,3023.27,3023.9,256.0
2025-03-18 13:00:00,3023.92,3024.11,3022.92,3023.0,278.0
2025-03-18 13:05:00,3022.98,3024.65,3022.9,3023.58,269.0
2025-03-18 13:10:00,3023.58,3024.59,3022.42,3022.43,280.0
2025-03-18 13:15:00,3022.41,3025.13,3022.41,3024.47,297.0
2025-03-18 13:20:00,3024.38,3026.29,3024.06,3025.19,259.0
2025-03-18 13:25:00,3025.18,3026.14,3023.93,3024.53,264.0
2025-03-18 13:30:00,3024.53,3026.05,3024.3,3025.97,243.0
2025-03-18 13:35:00,3025.98,3027.62,3025.87,3027.62,265.0
2025-03-18 13:40:00,3027.56,3029.45,3027.39,3027.77,348.0
2025-03-18 13:45:00,3027.75,3027.75,3026.17,3026.29,286.0
2025-03-18 13:50:00,3026.29,3026.45,3024.7,3024.7,289.0
2025-03-18 13:55:00,3024.75,3026.81,3024.08,3026.81,300.0
2025-03-18 14:00:00,3026.77,3030.16,3026.77,3029.18,391.0
2025-03-18 14:05:00,3029.18,3030.6,3027.76,3030.55,336.0
2025-03-18 14:10:00,3030.41,3031.17,3029.76,3030.15,369.0
2025-03-18 14:15:00,3030.13,3031.35,3029.91,3030.69,400.0
2025-03-18 14:20:00,3031.17,3031.36,3026.8,3028.15,411.0
2025-03-18 14:25:00,3028.16,3029.85,3028.0,3028.58,327.0
2025-03-18 14:30:00,3028.55,3031.78,3027.75,3030.45,340.0
2025-03-18 14:35:00,3030.3,3032.73,3028.78,3032.46,379.0
2025-03-18 14:40:00,3032.52,3034.64,3031.65,3033.63,378.0
2025-03-18 14:45:00,3033.63,3035.16,3033.58,3034.27,301.0
2025-03-18 14:50:00,3034.28,3035.75,3034.22,3035.04,340.0
2025-03-18 14:55:00,3035.13,3035.24,3033.59,3034.3,361.0
2025-03-18 15:00:00,3034.36,3036.58,3033.99,3035.11,451.0
2025-03-18 15:05:00,3035.1,3036.13,3033.33,3034.85,420.0
2025-03-18 15:10:00,3034.82,3035.49,3033.67,3034.29,370.0
2025-03-18 15:15:00,3034.41,3036.51,3033.51,3036.42,363.0
2025-03-18 15:20:00,3036.42,3037.48,3035.05,3037.36,326.0
2025-03-18 15:25:00,3037.3,3037.39,3035.48,3035.51,385.0
2025-03-18 15:30:00,3035.62,3038.26,3033.25,3033.94,493.0
2025-03-18 15:35:00,3034.29,3034.3,3027.73,3027.75,505.0
2025-03-18 15:40:00,3028.02,3030.26,3026.28,3027.81,509.0
2025-03-18 15:45:00,3028.2,3035.62,3027.56,3034.57,511.0
2025-03-18 15:50:00,3034.85,3037.65,3034.52,3035.6,467.0
2025-03-18 15:55:00,3036.01,3037.31,3033.23,3033.23,452.0
2025-03-18 16:00:00,3032.72,3032.72,3028.55,3030.4,441.0
2025-03-18 16:05:00,3030.43,3033.05,3028.71,3029.95,467.0
2025-03-18 16:10:00,3029.95,3029.95,3025.26,3026.09,497.0
2025-03-18 16:15:00,3026.08,3028.47,3025.25,3026.87,491.0
2025-03-18 16:20:00,3026.96,3028.77,3024.85,3027.62,470.0
2025-03-18 16:25:00,3027.51,3029.75,3027.29,3029.14,436.0
2025-03-18 16:30:00,3029.11,3030.39,3027.46,3029.56,456.0
2025-03-18 16:35:00,3029.61,3030.83,3028.41,3028.62,417.0
2025-03-18 16:40:00,3028.62,3030.3,3028.09,3028.67,424.0
2025-03-18 16:45:00,3028.68,3028.68,3025.76,3026.03,435.0
2025-03-18 16:50:00,3026.07,3029.84,3025.67,3029.8,417.0
2025-03-18 16:55:00,3029.8,3030.44,3027.59,3027.9,434.0
2025-03-18 17:00:00,3027.93,3029.37,3025.24,3026.73,466.0
2025-03-18 17:05:00,3026.74,3029.3,3026.19,3029.14,428.0
2025-03-18 17:10:00,3029.18,3029.35,3026.64,3029.03,420.0
2025-03-18 17:15:00,3028.98,3029.62,3026.82,3028.67,411.0
2025-03-18 17:20:00,3028.61,3031.33,3028.52,3031.22,413.0
2025-03-18 17:25:00,3031.2,3032.09,3031.2,3031.41,411.0
2025-03-18 17:30:00,3031.48,3031.95,3030.47,3031.32,415.0
2025-03-18 17:35:00,3031.36,3031.47,3030.12,3031.36,392.0
2025-03-18 17:40:00,3031.38,3031.82,3029.97,3031.77,395.0
2025-03-18 17:45:00,3031.45,3032.0,3030.2,3030.42,314.0
2025-03-18 17:50:00,3030.42,3032.03,3029.8,3031.85,334.0
2025-03-18 17:55:00,3031.86,3032.57,3031.3,3031.7,368.0
2025-03-18 18:00:00,3031.66,3031.88,3030.47,3030.98,358.0
2025-03-18 18:05:00,3030.84,3032.35,3030.82,3031.92,322.0
2025-03-18 18:10:00,3031.9,3033.33,3031.72,3033.14,349.0
2025-03-18 18:15:00,3033.16,3034.06,3032.12,3033.88,377.0
2025-03-18 18:20:00,3033.68,3035.33,3033.47,3034.35,374.0
2025-03-18 18:25:00,3034.38,3035.52,3034.34,3035.39,322.0
2025-03-18 18:30:00,3035.39,3036.6,3034.39,3034.88,395.0
2025-03-18 18:35:00,3034.85,3035.25,3034.13,3034.64,382.0
2025-03-18 18:40:00,3034.63,3035.64,3034.16,3035.39,315.0
2025-03-18 18:45:00,3035.33,3035.67,3033.82,3035.67,348.0
2025-03-18 18:50:00,3035.53,3036.66,3035.19,3036.66,375.0
2025-03-18 18:55:00,3036.62,3036.93,3035.91,3036.01,375.0
2025-03-18 19:00:00,3036.08,3036.26,3034.92,3035.3,330.0
2025-03-18 19:05:00,3035.3,3036.08,3034.81,3035.69,321.0
2025-03-18 19:10:00,3035.63,3036.34,3034.77,3034.77,298.0
2025-03-18 19:15:00,3034.77,3034.98,3033.33,3034.38,329.0
2025-03-18 19:20:00,3034.48,3035.24,3032.88,3033.83,396.0
2025-03-18 19:25:00,3034.05,3034.13,3030.8,3032.76,359.0
2025-03-18 19:30:00,3032.51,3032.95,3029.93,3030.57,392.0
2025-03-18 19:35:00,3030.65,3031.96,3029.76,3031.85,305.0
2025-03-18 19:40:00,3031.85,3032.79,3031.51,3032.42,301.0
2025-03-18 19:45:00,3032.41,3033.45,3032.41,3032.78,277.0
2025-03-18 19:50:00,3032.78,3033.31,3032.37,3032.49,246.0
2025-03-18 19:55:00,3032.48,3033.15,3032.4,3032.57,283.0
2025-03-18 20:00:00,3032.63,3033.41,3032.45,3032.68,279.0
2025-03-18 20:05:00,3032.7,3033.45,3032.45,3033.41,282.0
2025-03-18 20:10:00,3033.19,3033.44,3032.81,3033.36,273.0
2025-03-18 20:15:00,3033.37,3033.45,3032.48,3033.04,283.0
2025-03-18 20:20:00,3033.01,3033.23,3032.58,3032.6,244.0
2025-03-18 20:25:00,3032.63,3033.36,3032.59,3033.26,303.0
2025-03-18 20:30:00,3033.37,3035.66,3033.37,3035.41,297.0
2025-03-18 20:35:00,3035.44,3035.97,3034.89,3035.31,327.0
2025-03-18 20:40:00,3035.24,3036.29,3034.97,3035.39,292.0
2025-03-18 20:45:00,3035.38,3036.08,3035.31,3035.74,291.0
2025-03-18 20:50:00,3035.75,3036.16,3035.63,3036.07,240.0
2025-03-18 20:55:00,3036.07,3036.09,3035.33,3035.8,216.0
2025-03-18 21:00:00,3035.56,3036.68,3035.42,3036.27,190.0
2025-03-18 21:05:00,3036.28,3036.78,3036.0,3036.31,224.0
2025-03-18 21:10:00,3036.33,3036.68,3036.15,3036.53,204.0
2025-03-18 21:15:00,3036.51,3037.89,3035.68,3037.84,276.0
2025-03-18 21:20:00,3037.84,3037.89,3036.79,3037.28,252.0
2025-03-18 21:25:00,3037.31,3037.68,3036.8,3037.09,258.0
2025-03-18 21:30:00,3037.12,3037.72,3037.07,3037.27,300.0
2025-03-18 21:35:00,3037.2,3037.74,3037.09,3037.41,295.0
2025-03-18 21:40:00,3037.52,3037.72,3037.08,3037.13,305.0
2025-03-18 21:45:00,3037.16,3037.38,3036.2,3036.58,283.0
2025-03-18 21:50:00,3036.63,3037.49,3036.08,3037.29,351.0
2025-03-18 21:55:00,3037.17,3037.45,3035.16,3035.54,340.0
2025-03-18 22:00:00,3035.58,3035.9,3035.37,3035.67,142.0
2025-03-18 22:05:00,3035.65,3035.87,3034.43,3034.67,116.0
2025-03-18 22:10:00,3034.66,3035.0,3034.36,3034.81,78.0
2025-03-18 22:15:00,3034.81,3034.91,3033.99,3034.68,89.0
2025-03-18 22:20:00,3034.69,3034.69,3033.86,3034.19,84.0
2025-03-18 22:25:00,3034.2,3034.98,3034.16,3034.73,80.0
2025-03-18 22:30:00,3034.78,3035.22,3033.93,3034.78,126.0
2025-03-18 22:35:00,3034.7,3034.75,3033.38,3034.33,120.0
2025-03-18 22:40:00,3034.32,3034.42,3033.91,3033.93,88.0
2025-03-18 22:45:00,3033.84,3034.78,3033.58,3034.2,115.0
2025-03-18 22:50:00,3034.19,3034.67,3033.96,3034.67,97.0
2025-03-18 22:55:00,3034.38,3034.58,3033.72,3033.76,74.0
2025-03-19 00:00:00,3033.98,3034.2,3033.54,3033.91,175.0
2025-03-19 00:05:00,3033.91,3033.92,3033.26,3033.31,56.0
2025-03-19 00:10:00,3033.31,3033.35,3032.71,3032.73,63.0
2025-03-19 00:15:00,3032.93,3033.35,3032.64,3032.85,79.0
2025-03-19 00:20:00,3032.81,3033.97,3032.81,3033.58,72.0
2025-03-19 00:25:00,3033.57,3033.89,3033.57,3033.8,61.0
2025-03-19 00:30:00,3033.79,3034.1,3033.68,3034.05,42.0
2025-03-19 00:35:00,3034.07,3034.12,3033.31,3033.48,73.0
2025-03-19 00:40:00,3033.49,3033.58,3033.27,3033.35,57.0
2025-03-19 00:45:00,3033.46,3034.02,3033.35,3033.97,59.0
2025-03-19 00:50:00,3033.96,3034.73,3033.96,3034.3,65.0
2025-03-19 00:55:00,3034.24,3034.56,3034.22,3034.53,46.0
2025-03-19 01:00:00,3034.56,3035.03,3034.53,3034.7,95.0
2025-03-19 01:05:00,3034.7,3035.17,3034.52,3034.67,76.0
2025-03-19 01:10:00,3034.66,3034.66,3033.74,3033.76,80.0
2025-03-19 01:15:00,3033.7,3033.82,3032.46,3032.6,119.0
2025-03-19 01:20:00,3032.51,3032.79,3032.02,3032.58,122.0
2025-03-19 01:25:00,3032.58,3033.46,3032.35,3032.54,94.0
2025-03-19 01:30:00,3032.5,3032.81,3032.15,3032.52,55.0
2025-03-19 01:35:00,3032.47,3033.3,3032.47,3033.29,61.0
2025-03-19 01:40:00,3033.29,3033.66,3033.12,3033.59,75.0
2025-03-19 01:45:00,3033.63,3033.75,3033.23,3033.24,66.0
2025-03-19 01:50:00,3033.34,3033.35,3032.43,3032.66,109.0
2025-03-19 01:55:00,3032.73,3032.83,3031.57,3031.82,130.0
2025-03-19 02:00:00,3031.77,3031.85,3030.52,3031.4,187.0
2025-03-19 02:05:00,3031.44,3031.8,3031.14,3031.28,127.0
2025-03-19 02:10:00,3031.31,3031.53,3030.81,3031.14,107.0
2025-03-19 02:15:00,3031.09,3031.17,3030.61,3031.1,150.0
2025-03-19 02:20:00,3031.07,3032.03,3030.67,3031.83,118.0
2025-03-19 02:25:00,3031.84,3033.9,3031.78,3033.54,137.0
2025-03-19 02:30:00,3033.56,3033.99,3032.19,3032.87,118.0
2025-03-19 02:35:00,3032.91,3033.32,3032.54,3032.85,109.0
2025-03-19 02:40:00,3032.83,3033.1,3032.47,3032.93,54.0
2025-03-19 02:45:00,3032.86,3033.16,3031.57,3031.88,87.0
2025-03-19 02:50:00,3031.87,3032.05,3031.31,3031.86,108.0
2025-03-19 02:55:00,3031.87,3032.21,3031.34,3031.42,92.0
2025-03-19 03:00:00,3031.61,3032.69,3029.94,3030.0,203.0
2025-03-19 03:05:00,3030.01,3031.58,3029.45,3031.09,241.0
2025-03-19 03:10:00,3031.08,3031.58,3029.33,3029.37,217.0
2025-03-19 03:15:00,3029.24,3029.38,3028.19,3028.48,178.0
2025-03-19 03:20:00,3028.47,3029.65,3028.08,3029.1,134.0
2025-03-19 03:25:00,3028.97,3029.98,3028.96,3029.76,90.0
2025-03-19 03:30:00,3029.75,3029.75,3028.53,3028.72,194.0
2025-03-19 03:35:00,3028.71,3029.75,3028.58,3028.64,169.0
2025-03-19 03:40:00,3028.67,3028.68,3027.72,3027.99,263.0
2025-03-19 03:45:00,3027.94,3028.81,3027.51,3028.57,283.0
2025-03-19 03:50:00,3028.62,3028.68,3027.75,3027.83,228.0
2025-03-19 03:55:00,3027.8,3029.56,3027.4,3029.41,241.0
2025-03-19 04:00:00,3029.36,3030.15,3029.01,3029.83,269.0
2025-03-19 04:05:00,3029.85,3030.89,3029.58,3029.92,245.0
2025-03-19 04:10:00,3029.97,3032.37,3029.94,3031.38,290.0
2025-03-19 04:15:00,3031.36,3031.81,3030.69,3031.44,182.0
2025-03-19 04:20:00,3031.44,3031.61,3030.37,3030.49,184.0
2025-03-19 04:25:00,3030.38,3030.67,3029.72,3029.72,188.0
2025-03-19 04:30:00,3029.82,3032.87,3029.67,3031.59,308.0
2025-03-19 04:35:00,3031.72,3032.69,3031.0,3032.6,266.0
2025-03-19 04:40:00,3032.63,3033.26,3032.28,3032.65,251.0
2025-03-19 04:45:00,3032.78,3033.77,3032.42,3032.96,279.0
2025-03-19 04:50:00,3033.02,3033.32,3032.47,3032.78,197.0
2025-03-19 04:55:00,3032.93,3033.44,3032.56,3033.38,182.0
2025-03-19 05:00:00,3033.42,3033.7,3032.41,3033.03,238.0
2025-03-19 05:05:00,3033.03,3034.47,3032.9,3034.01,219.0
2025-03-19 05:10:00,3034.08,3035.54,3033.82,3034.86,235.0
2025-03-19 05:15:00,3034.75,3035.69,3034.06,3035.48,204.0
2025-03-19 05:20:00,3035.5,3035.57,3034.98,3035.4,215.0
2025-03-19 05:25:00,3035.29,3035.39,3034.38,3034.52,203.0
2025-03-19 05:30:00,3034.53,3035.37,3033.99,3035.23,150.0
2025-03-19 05:35:00,3035.28,3035.72,3034.7,3035.2,146.0
2025-03-19 05:40:00,3035.37,3036.12,3034.87,3035.42,179.0
2025-03-19 05:45:00,3035.39,3036.91,3035.35,3036.11,247.0
2025-03-19 05:50:00,3036.09,3037.96,3036.07,3037.58,248.0
2025-03-19 05:55:00,3037.57,3038.89,3036.27,3036.35,253.0
2025-03-19 06:00:00,3036.13,3036.29,3035.04,3035.34,257.0
2025-03-19 06:05:00,3035.36,3035.42,3034.24,3035.11,224.0
2025-03-19 06:10:00,3035.12,3035.66,3034.75,3035.13,155.0
2025-03-19 06:15:00,3035.13,3037.11,3034.9,3036.93,234.0
2025-03-19 06:20:00,3036.93,3037.1,3036.06,3036.6,158.0
2025-03-19 06:25:00,3036.57,3037.58,3036.47,3036.97,141.0
2025-03-19 06:30:00,3036.89,3037.03,3036.27,3036.27,77.0
2025-03-19 06:35:00,3036.27,3036.91,3036.1,3036.1,169.0
2025-03-19 06:40:00,3036.09,3036.49,3035.71,3036.25,160.0
2025-03-19 06:45:00,3036.37,3036.38,3035.69,3035.97,160.0
2025-03-19 06:50:00,3035.96,3036.81,3035.95,3036.55,137.0
2025-03-19 06:55:00,3036.54,3036.58,3034.76,3036.43,205.0
2025-03-19 07:00:00,3036.49,3037.66,3036.49,3037.29,247.0
2025-03-19 07:05:00,3037.31,3037.91,3037.02,3037.5,214.0
2025-03-19 07:10:00,3037.48,3038.76,3037.35,3038.47,267.0
2025-03-19 07:15:00,3038.44,3039.33,3038.03,3038.23,181.0
2025-03-19 07:20:00,3038.36,3038.63,3037.19,3038.59,197.0
2025-03-19 07:25:00,3038.63,3038.63,3037.13,3037.54,185.0
2025-03-19 07:30:00,3037.19,3039.81,3037.19,3039.72,290.0
2025-03-19 07:35:00,3039.73,3043.04,3039.62,3041.38,303.0
2025-03-19 07:40:00,3041.5,3042.59,3040.81,3041.51,292.0
2025-03-19 07:45:00,3041.53,3042.71,3041.43,3042.08,308.0
2025-03-19 07:50:00,3042.05,3042.81,3041.51,3042.8,226.0
2025-03-19 07:55:00,3042.79,3045.32,3042.79,3044.5,302.0
2025-03-19 08:00:00,3044.51,3044.55,3043.18,3043.85,254.0
2025-03-19 08:05:00,3043.83,3044.74,3042.83,3042.99,304.0
2025-03-19 08:10:00,3042.98,3042.98,3037.03,3038.5,355.0
2025-03-19 08:15:00,3038.36,3040.99,3037.6,3037.71,371.0
2025-03-19 08:20:00,3037.54,3038.53,3034.52,3037.5,341.0
2025-03-19 08:25:00,3037.51,3038.74,3036.3,3036.73,278.0
2025-03-19 08:30:00,3036.72,3036.92,3034.66,3036.46,338.0
2025-03-19 08:35:00,3036.48,3038.51,3036.45,3037.67,287.0
2025-03-19 08:40:00,3037.81,3040.22,3037.01,3039.99,269.0
2025-03-19 08:45:00,3039.99,3042.09,3039.84,3041.72,307.0
2025-03-19 08:50:00,3041.72,3043.79,3041.51,3043.75,299.0
2025-03-19 08:55:00,3043.67,3043.91,3040.88,3042.02,311.0
2025-03-19 09:00:00,3042.0,3042.9,3040.81,3040.87,331.0
2025-03-19 09:05:00,3040.88,3041.75,3040.28,3041.51,300.0
2025-03-19 09:10:00,3041.53,3042.18,3039.33,3039.93,277.0
2025-03-19 09:15:00,3039.89,3040.26,3038.78,3039.71,224.0
2025-03-19 09:20:00,3039.53,3040.29,3037.95,3039.16,293.0
2025-03-19 09:25:00,3039.17,3040.75,3038.96,3040.23,310.0
2025-03-19 09:30:00,3040.23,3041.91,3040.19,3041.74,339.0
2025-03-19 09:35:00,3041.69,3041.94,3038.36,3038.95,331.0
2025-03-19 09:40:00,3038.93,3040.01,3038.7,3039.63,312.0
2025-03-19 09:45:00,3039.46,3039.46,3035.64,3037.02,341.0
2025-03-19 09:50:00,3036.94,3038.13,3036.19,3037.22,310.0
2025-03-19 09:55:00,3037.25,3037.26,3035.79,3035.86,300.0
2025-03-19 10:00:00,3035.82,3037.01,3034.94,3035.87,353.0
2025-03-19 10:05:00,3035.94,3036.07,3033.45,3033.49,305.0
2025-03-19 10:10:00,3033.51,3033.53,3031.46,3032.53,320.0
2025-03-19 10:15:00,3032.54,3034.39,3032.11,3034.35,274.0
2025-03-19 10:20:00,3034.33,3034.77,3033.43,3033.43,257.0
2025-03-19 10:25:00,3033.46,3034.13,3032.55,3033.33,237.0
2025-03-19 10:30:00,3033.44,3033.93,3031.54,3031.87,279.0
2025-03-19 10:35:00,3031.89,3032.53,3028.18,3029.33,342.0
2025-03-19 10:40:00,3029.47,3030.31,3027.38,3028.02,284.0
2025-03-19 10:45:00,3028.17,3029.09,3027.83,3028.33,262.0
2025-03-19 10:50:00,3028.33,3028.34,3026.4,3027.16,254.0
2025-03-19 10:55:00,3027.19,3027.9,3024.75,3025.14,259.0
2025-03-19 11:00:00,3025.08,3027.37,3024.41,3024.41,332.0
2025-03-19 11:05:00,3024.38,3027.0,3022.89,3026.12,312.0
2025-03-19 11:10:00,3026.3,3026.93,3025.48,3025.82,232.0
2025-03-19 11:15:00,3026.0,3026.76,3025.6,3026.68,223.0
2025-03-19 11:20:00,3026.48,3028.32,3026.43,3027.95,240.0
2025-03-19 11:25:00,3027.93,3028.42,3027.65,3028.01,220.0
2025-03-19 11:30:00,3028.01,3028.97,3027.81,3028.14,207.0
2025-03-19 11:35:00,3028.14,3029.3,3027.5,3029.19,281.0
2025-03-19 11:40:00,3029.24,3030.08,3029.11,3029.9,234.0
2025-03-19 11:45:00,3030.0,3030.09,3029.13,3029.5,169.0
2025-03-19 11:50:00,3029.49,3031.4,3029.48,3030.81,241.0
2025-03-19 11:55:00,3030.81,3030.81,3029.33,3030.35,193.0
2025-03-19 12:00:00,3030.38,3030.43,3028.36,3029.04,233.0
2025-03-19 12:05:00,3029.06,3029.73,3028.68,3029.33,171.0
2025-03-19 12:10:00,3029.32,3029.75,3028.42,3029.42,166.0
2025-03-19 12:15:00,3029.42,3033.73,3029.42,3033.73,223.0
2025-03-19 12:20:00,3033.72,3035.47,3033.18,3034.92,278.0
2025-03-19 12:25:00,3034.87,3036.42,3034.42,3035.54,230.0
2025-03-19 12:30:00,3035.57,3036.08,3034.2,3035.65,247.0
2025-03-19 12:35:00,3035.64,3037.37,3035.5,3037.23,210.0
2025-03-19 12:40:00,3037.24,3037.86,3036.09,3037.53,235.0
2025-03-19 12:45:00,3037.53,3037.69,3035.35,3036.3,259.0
2025-03-19 12:50:00,3036.36,3036.38,3034.51,3034.54,216.0
2025-03-19 12:55:00,3034.41,3035.16,3033.82,3034.54,205.0
2025-03-19 13:00:00,3034.49,3035.35,3033.79,3035.3,183.0
2025-03-19 13:05:00,3035.14,3035.43,3034.31,3034.81,183.0
2025-03-19 13:10:00,3034.86,3036.38,3034.64,3036.34,205.0
2025-03-19 13:15:00,3036.4,3037.51,3035.65,3037.44,209.0
2025-03-19 13:20:00,3037.36,3038.07,3036.6,3038.07,235.0
2025-03-19 13:25:00,3038.07,3039.33,3037.87,3039.33,195.0
2025-03-19 13:30:00,3039.33,3039.84,3038.26,3039.35,211.0
2025-03-19 13:35:00,3039.36,3039.66,3037.93,3039.06,198.0
2025-03-19 13:40:00,3038.96,3039.86,3038.61,3039.7,201.0
2025-03-19 13:45:00,3039.81,3040.01,3038.51,3039.38,192.0
2025-03-19 13:50:00,3039.38,3039.72,3038.21,3039.05,211.0
2025-03-19 13:55:00,3039.04,3039.9,3038.44,3038.82,221.0
2025-03-19 14:00:00,3038.8,3039.77,3038.29,3039.26,239.0
2025-03-19 14:05:00,3039.25,3040.16,3038.06,3038.17,201.0
2025-03-19 14:10:00,3038.17,3040.0,3038.17,3039.51,203.0
2025-03-19 14:15:00,3039.46,3039.83,3038.29,3038.95,184.0
2025-03-19 14:20:00,3039.35,3039.5,3036.92,3037.85,306.0
2025-03-19 14:25:00,3037.9,3038.88,3037.0,3037.12,261.0
2025-03-19 14:30:00,3037.08,3039.02,3036.54,3039.02,288.0
2025-03-19 14:35:00,3039.06,3040.22,3038.52,3039.99,285.0
2025-03-19 14:40:00,3040.02,3040.18,3038.77,3039.64,298.0
2025-03-19 14:45:00,3039.66,3041.15,3039.22,3039.53,275.0
2025-03-19 14:50:00,3039.36,3039.36,3037.51,3037.51,270.0
2025-03-19 14:55:00,3037.51,3038.03,3037.0,3037.15,278.0
2025-03-19 15:00:00,3037.2,3038.14,3036.01,3037.76,366.0
2025-03-19 15:05:00,3037.77,3038.25,3035.93,3036.44,354.0
2025-03-19 15:10:00,3036.44,3036.8,3034.43,3034.57,371.0
2025-03-19 15:15:00,3034.39,3035.89,3033.02,3035.89,375.0
2025-03-19 15:20:00,3035.97,3036.36,3033.43,3034.83,343.0
2025-03-19 15:25:00,3034.69,3035.25,3033.82,3034.06,316.0
2025-03-19 15:30:00,3034.28,3034.79,3029.1,3029.8,433.0
2025-03-19 15:35:00,3029.62,3030.99,3027.67,3028.64,443.0
2025-03-19 15:40:00,3028.49,3031.02,3028.32,3029.41,420.0
2025-03-19 15:45:00,3029.63,3030.47,3028.06,3030.47,418.0
2025-03-19 15:50:00,3030.56,3032.42,3030.12,3031.94,389.0
2025-03-19 15:55:00,3031.77,3034.7,3031.15,3033.26,397.0
2025-03-19 16:00:00,3032.98,3032.98,3029.36,3029.9,394.0
2025-03-19 16:05:00,3029.89,3030.23,3027.5,3027.9,428.0
2025-03-19 16:10:00,3027.86,3028.72,3027.11,3028.31,378.0
2025-03-19 16:15:00,3028.32,3029.72,3027.51,3027.6,336.0
2025-03-19 16:20:00,3027.67,3029.43,3025.98,3029.05,374.0
2025-03-19 16:25:00,3029.16,3030.34,3028.12,3030.26,369.0
2025-03-19 16:30:00,3030.31,3032.02,3028.01,3029.5,379.0
2025-03-19 16:35:00,3029.64,3031.22,3029.52,3031.22,341.0
2025-03-19 16:40:00,3031.16,3031.49,3029.71,3029.9,351.0
2025-03-19 16:45:00,3029.87,3030.81,3028.35,3028.62,351.0
2025-03-19 16:50:00,3028.6,3028.7,3027.02,3027.32,367.0
2025-03-19 16:55:00,3027.31,3028.29,3026.79,3027.59,334.0
2025-03-19 17:00:00,3027.52,3029.71,3026.89,3028.99,359.0
2025-03-19 17:05:00,3028.87,3032.41,3028.6,3031.68,330.0
2025-03-19 17:10:00,3031.68,3032.17,3030.73,3031.4,337.0
2025-03-19 17:15:00,3031.53,3032.51,3030.01,3030.97,301.0
2025-03-19 17:20:00,3030.89,3032.59,3030.44,3032.23,270.0
2025-03-19 17:25:00,3032.27,3032.83,3031.24,3032.08,284.0
2025-03-19 17:30:00,3032.11,3032.11,3030.89,3031.26,264.0
2025-03-19 17:35:00,3031.45,3032.24,3030.69,3031.51,261.0
2025-03-19 17:40:00,3031.48,3031.85,3029.41,3029.72,312.0
2025-03-19 17:45:00,3029.86,3032.2,3029.86,3031.93,326.0
2025-03-19 17:50:00,3031.91,3032.57,3031.42,3031.69,269.0
2025-03-19 17:55:00,3031.69,3031.81,3030.83,3031.48,295.0
2025-03-19 18:00:00,3031.51,3034.55,3031.34,3034.5,371.0
2025-03-19 18:05:00,3034.51,3035.1,3034.31,3034.41,309.0
2025-03-19 18:10:00,3034.46,3035.69,3034.25,3034.54,312.0
2025-03-19 18:15:00,3034.54,3037.08,3034.5,3036.59,342.0
2025-03-19 18:20:00,3036.63,3038.14,3036.36,3037.79,263.0
2025-03-19 18:25:00,3037.79,3038.27,3036.39,3036.42,308.0
2025-03-19 18:30:00,3036.35,3037.15,3035.31,3035.82,262.0
2025-03-19 18:35:00,3035.81,3035.81,3034.09,3034.81,264.0
2025-03-19 18:40:00,3034.67,3035.09,3034.22,3034.44,243.0
2025-03-19 18:45:00,3034.45,3035.47,3034.08,3034.08,270.0
2025-03-19 18:50:00,3034.04,3034.24,3031.4,3032.4,317.0
2025-03-19 18:55:00,3032.44,3033.42,3031.93,3033.04,289.0
2025-03-19 19:00:00,3033.13,3033.72,3031.56,3033.72,264.0
2025-03-19 19:05:00,3033.73,3034.09,3032.05,3032.84,284.0
2025-03-19 19:10:00,3032.74,3033.59,3032.17,3032.53,248.0
2025-03-19 19:15:00,3032.57,3032.83,3031.12,3031.49,266.0
2025-03-19 19:20:00,3031.6,3032.86,3031.11,3032.45,307.0
2025-03-19 19:25:00,3032.53,3034.02,3032.32,3033.01,318.0
2025-03-19 19:30:00,3032.96,3033.5,3032.3,3032.56,294.0
2025-03-19 19:35:00,3032.56,3032.63,3031.01,3031.6,282.0
2025-03-19 19:40:00,3031.66,3031.67,3029.93,3030.63,314.0
2025-03-19 19:45:00,3030.63,3030.8,3029.6,3030.11,282.0
2025-03-19 19:50:00,3030.11,3030.58,3029.47,3029.7,327.0
2025-03-19 19:55:00,3029.65,3030.98,3029.65,3030.56,290.0
2025-03-19 20:00:00,3029.6,3037.39,3028.93,3036.19,413.0
2025-03-19 20:05:00,3035.92,3038.32,3033.77,3037.53,404.0
2025-03-19 20:10:00,3037.55,3039.69,3035.91,3038.59,395.0
2025-03-19 20:15:00,3038.36,3040.39,3037.78,3039.26,374.0
2025-03-19 20:20:00,3039.23,3041.22,3038.44,3040.51,360.0
2025-03-19 20:25:00,3040.42,3040.62,3036.97,3037.56,385.0
2025-03-19 20:30:00,3037.52,3040.48,3037.52,3040.39,372.0
2025-03-19 20:35:00,3040.39,3045.31,3040.28,3043.89,419.0
2025-03-19 20:40:00,3043.89,3048.34,3042.88,3047.86,418.0
2025-03-19 20:45:00,3048.09,3048.35,3044.25,3044.8,381.0
2025-03-19 20:50:00,3044.66,3045.58,3042.39,3045.43,377.0
2025-03-19 20:55:00,3045.5,3048.13,3044.8,3046.75,377.0
2025-03-19 21:00:00,3047.16,3048.28,3045.98,3047.84,353.0
2025-03-19 21:05:00,3047.73,3048.98,3046.03,3048.84,383.0
2025-03-19 21:10:00,3048.7,3051.84,3045.92,3047.19,396.0
2025-03-19 21:15:00,3047.39,3048.21,3044.69,3044.94,351.0
2025-03-19 21:20:00,3045.05,3045.12,3041.07,3044.51,397.0
2025-03-19 21:25:00,3044.52,3044.55,3041.94,3042.23,392.0
2025-03-19 21:30:00,3042.2,3045.92,3042.05,3045.45,345.0
2025-03-19 21:35:00,3045.46,3047.67,3045.42,3047.15,320.0
2025-03-19 21:40:00,3047.16,3047.56,3046.29,3046.94,323.0
2025-03-19 21:45:00,3047.03,3047.22,3045.85,3046.65,316.0
2025-03-19 21:50:00,3046.5,3048.06,3046.12,3047.8,353.0
2025-03-19 21:55:00,3047.93,3048.52,3047.15,3047.95,364.0
2025-03-19 22:00:00,3047.62,3048.12,3046.74,3046.79,199.0
2025-03-19 22:05:00,3046.54,3046.54,3044.45,3044.9,181.0
2025-03-19 22:10:00,3044.9,3046.52,3044.9,3046.2,119.0
2025-03-19 22:15:00,3046.18,3046.27,3045.28,3046.24,169.0
2025-03-19 22:20:00,3046.25,3046.31,3045.55,3045.83,101.0
2025-03-19 22:25:00,3045.71,3046.13,3045.66,3045.83,118.0
2025-03-19 22:30:00,3045.96,3046.05,3044.04,3044.17,150.0
2025-03-19 22:35:00,3044.36,3045.54,3044.17,3044.98,154.0
2025-03-19 22:40:00,3044.99,3045.45,3044.77,3044.97,116.0
2025-03-19 22:45:00,3044.9,3046.88,3044.8,3046.78,114.0
2025-03-19 22:50:00,3046.79,3047.98,3046.79,3047.04,111.0
2025-03-19 22:55:00,3047.01,3047.54,3046.62,3047.16,82.0
2025-03-20 00:00:00,3048.35,3049.65,3046.94,3048.66,388.0
2025-03-20 00:05:00,3048.66,3050.53,3047.6,3050.31,157.0
2025-03-20 00:10:00,3050.32,3050.32,3049.1,3049.76,100.0
2025-03-20 00:15:00,3049.76,3050.15,3048.36,3048.74,158.0
2025-03-20 00:20:00,3048.66,3048.7,3047.32,3048.23,167.0
2025-03-20 00:25:00,3048.22,3049.23,3048.21,3049.16,82.0
2025-03-20 00:30:00,3049.17,3049.81,3048.83,3049.63,71.0
2025-03-20 00:35:00,3049.6,3049.93,3048.78,3048.89,76.0
2025-03-20 00:40:00,3048.9,3049.2,3048.72,3048.87,53.0
2025-03-20 00:45:00,3048.92,3049.37,3048.92,3049.35,54.0
2025-03-20 00:50:00,3049.36,3049.92,3049.36,3049.92,60.0
2025-03-20 00:55:00,3050.32,3050.35,3050.0,3050.2,43.0
2025-03-20 01:00:00,3050.2,3050.2,3049.02,3049.26,90.0
2025-03-20 01:05:00,3049.24,3049.65,3048.78,3049.63,102.0
2025-03-20 01:10:00,3049.69,3049.82,3049.48,3049.66,66.0
2025-03-20 01:15:00,3049.66,3050.11,3049.31,3050.08,110.0
2025-03-20 01:20:00,3050.08,3050.35,3049.96,3050.35,85.0
2025-03-20 01:25:00,3050.47,3050.47,3050.09,3050.12,81.0
2025-03-20 01:30:00,3050.32,3050.39,3049.32,3049.54,91.0
2025-03-20 01:35:00,3049.52,3049.57,3049.08,3049.25,102.0
2025-03-20 01:40:00,3049.26,3049.79,3049.16,3049.66,116.0
2025-03-20 01:45:00,3049.69,3050.12,3049.58,3050.05,105.0
2025-03-20 01:50:00,3050.09,3051.33,3050.02,3050.13,111.0
2025-03-20 01:55:00,3050.13,3050.3,3049.85,3050.1,82.0
2025-03-20 02:00:00,3050.11,3053.43,3050.11,3052.92,215.0
2025-03-20 02:05:00,3052.84,3054.43,3052.65,3054.27,235.0
2025-03-20 02:10:00,3054.31,3054.4,3051.06,3052.13,208.0
2025-03-20 02:15:00,3052.14,3053.21,3050.91,3053.05,246.0
2025-03-20 02:20:00,3053.11,3055.41,3052.71,3055.22,206.0
2025-03-20 02:25:00,3055.25,3055.29,3052.48,3053.68,194.0
2025-03-20 02:30:00,3053.64,3053.7,3052.44,3052.72,225.0
2025-03-20 02:35:00,3052.69,3053.82,3051.27,3051.27,209.0
2025-03-20 02:40:00,3051.34,3053.27,3051.03,3052.8,244.0
2025-03-20 02:45:00,3052.8,3053.59,3051.87,3052.47,246.0
2025-03-20 02:50:00,3052.49,3053.24,3051.39,3052.94,286.0
2025-03-20 02:55:00,3052.99,3053.6,3052.6,3053.27,253.0
2025-03-20 03:00:00,3053.26,3055.33,3053.09,3053.84,426.0
2025-03-20 03:05:00,3053.81,3054.25,3050.42,3052.05,371.0
2025-03-20 03:10:00,3052.03,3054.95,3051.55,3054.7,332.0
2025-03-20 03:15:00,3054.83,3055.75,3053.34,3055.66,336.0
2025-03-20 03:20:00,3055.62,3056.03,3054.05,3054.97,324.0
2025-03-20 03:25:00,3054.99,3055.33,3053.56,3054.25,300.0
2025-03-20 03:30:00,3054.12,3054.92,3053.44,3054.61,352.0
2025-03-20 03:35:00,3054.62,3055.45,3053.99,3054.42,287.0
2025-03-20 03:40:00,3054.4,3054.4,3052.52,3053.42,318.0
2025-03-20 03:45:00,3053.4,3053.75,3051.65,3053.22,324.0
2025-03-20 03:50:00,3053.22,3053.45,3050.99,3050.99,312.0
2025-03-20 03:55:00,3050.95,3051.63,3049.5,3049.68,346.0
2025-03-20 04:00:00,3049.59,3050.81,3048.46,3050.48,320.0
2025-03-20 04:05:00,3050.56,3051.38,3050.0,3050.24,266.0
2025-03-20 04:10:00,3050.1,3052.09,3049.82,3051.26,339.0
2025-03-20 04:15:00,3051.26,3051.94,3050.72,3051.7,265.0
2025-03-20 04:20:00,3051.71,3052.14,3050.92,3051.6,247.0
2025-03-20 04:25:00,3051.66,3052.09,3050.36,3050.84,248.0
2025-03-20 04:30:00,3050.77,3051.43,3049.46,3049.46,287.0
2025-03-20 04:35:00,3049.44,3049.49,3046.96,3047.59,327.0
2025-03-20 04:40:00,3047.85,3048.89,3047.54,3047.77,287.0
2025-03-20 04:45:00,3047.71,3047.83,3046.01,3046.01,279.0
2025-03-20 04:50:00,3045.85,3046.88,3045.19,3045.87,343.0
2025-03-20 04:55:00,3045.84,3046.46,3045.04,3045.66,260.0
2025-03-20 05:00:00,3045.8,3047.6,3045.52,3047.04,326.0
2025-03-20 05:05:00,3047.18,3047.24,3045.43,3045.68,283.0
2025-03-20 05:10:00,3045.7,3048.42,3045.67,3048.42,302.0
2025-03-20 05:15:00,3048.45,3049.36,3048.08,3048.24,315.0
2025-03-20 05:20:00,3048.22,3048.77,3047.32,3048.48,236.0
2025-03-20 05:25:00,3048.47,3049.54,3048.22,3048.55,287.0
2025-03-20 05:30:00,3048.46,3050.21,3048.24,3050.21,229.0
2025-03-20 05:35:00,3050.24,3050.26,3048.65,3048.65,196.0
2025-03-20 05:40:00,3048.66,3049.08,3048.19,3048.24,157.0
2025-03-20 05:45:00,3048.2,3048.96,3047.97,3048.73,212.0
2025-03-20 05:50:00,3048.83,3049.98,3048.62,3049.94,203.0
2025-03-20 05:55:00,3049.95,3050.43,3049.22,3050.05,253.0
2025-03-20 06:00:00,3050.06,3050.16,3048.64,3048.65,195.0
2025-03-20 06:05:00,3048.64,3049.43,3048.22,3049.22,156.0
2025-03-20 06:10:00,3049.23,3049.71,3049.17,3049.63,107.0
2025-03-20 06:15:00,3049.64,3049.82,3049.2,3049.82,123.0
2025-03-20 06:20:00,3049.88,3052.06,3049.66,3051.71,239.0
2025-03-20 06:25:00,3051.76,3053.53,3051.61,3053.45,289.0
2025-03-20 06:30:00,3053.57,3055.41,3053.31,3055.24,276.0
2025-03-20 06:35:00,3055.26,3056.17,3054.69,3055.81,242.0
2025-03-20 06:40:00,3055.93,3057.24,3055.59,3056.85,232.0
2025-03-20 06:45:00,3056.84,3057.26,3055.52,3056.19,249.0
2025-03-20 06:50:00,3056.16,3056.47,3054.74,3055.02,231.0
2025-03-20 06:55:00,3055.02,3055.02,3052.2,3052.52,289.0
2025-03-20 07:00:00,3052.52,3053.56,3051.79,3052.47,283.0
2025-03-20 07:05:00,3052.48,3052.49,3050.83,3052.01,300.0
2025-03-20 07:10:00,3052.05,3052.67,3051.73,3052.09,194.0
2025-03-20 07:15:00,3052.11,3052.99,3050.96,3051.25,314.0
2025-03-20 07:20:00,3051.16,3051.18,3048.84,3048.85,302.0
2025-03-20 07:25:00,3048.82,3049.28,3046.86,3048.87,318.0
2025-03-20 07:30:00,3048.86,3048.89,3046.38,3047.28,333.0
2025-03-20 07:35:00,3047.38,3047.38,3045.62,3045.97,329.0
2025-03-20 07:40:00,3045.91,3046.95,3044.91,3046.75,287.0
2025-03-20 07:45:00,3046.69,3047.26,3046.16,3046.52,238.0
2025-03-20 07:50:00,3046.6,3046.73,3044.91,3045.58,316.0
2025-03-20 07:55:00,3045.81,3047.08,3045.38,3046.71,255.0
2025-03-20 08:00:00,3046.85,3047.25,3045.64,3046.72,258.0
2025-03-20 08:05:00,3046.76,3048.75,3046.74,3048.71,315.0
2025-03-20 08:10:00,3048.72,3049.46,3048.38,3049.07,279.0
2025-03-20 08:15:00,3049.1,3049.71,3048.64,3049.29,281.0
2025-03-20 08:20:00,3049.31,3051.48,3048.49,3050.8,298.0
2025-03-20 08:25:00,3050.82,3051.28,3048.65,3049.65,277.0
2025-03-20 08:30:00,3049.61,3049.61,3047.86,3048.06,279.0
2025-03-20 08:35:00,3048.04,3048.11,3045.75,3048.11,357.0
2025-03-20 08:40:00,3048.11,3050.63,3048.11,3050.28,293.0
2025-03-20 08:45:00,3050.24,3050.36,3048.92,3049.43,241.0
2025-03-20 08:50:00,3049.43,3049.76,3048.79,3049.76,237.0
2025-03-20 08:55:00,3049.6,3050.13,3048.5,3049.04,236.0
2025-03-20 09:00:00,3048.96,3048.96,3045.22,3046.9,294.0
2025-03-20 09:05:00,3046.74,3047.76,3045.91,3046.73,259.0
2025-03-20 09:10:00,3046.71,3047.11,3045.77,3046.63,188.0
2025-03-20 09:15:00,3046.64,3046.84,3045.25,3045.48,250.0
2025-03-20 09:20:00,3045.48,3046.41,3044.34,3045.96,262.0
2025-03-20 09:25:00,3046.13,3046.97,3045.32,3046.86,277.0
2025-03-20 09:30:00,3046.86,3047.81,3046.13,3046.13,211.0
2025-03-20 09:35:00,3046.02,3046.32,3044.72,3045.54,292.0
2025-03-20 09:40:00,3045.4,3046.08,3044.68,3045.05,337.0
2025-03-20 09:45:00,3045.18,3045.18,3042.66,3043.22,362.0
2025-03-20 09:50:00,3043.16,3044.16,3042.85,3043.07,249.0
2025-03-20 09:55:00,3042.88,3043.28,3041.8,3042.28,302.0
2025-03-20 10:00:00,3042.23,3044.01,3041.96,3042.5,300.0
2025-03-20 10:05:00,3042.53,3042.67,3040.85,3040.91,262.0
2025-03-20 10:10:00,3040.82,3042.94,3040.55,3042.45,289.0
2025-03-20 10:15:00,3042.49,3042.55,3040.84,3041.3,304.0
2025-03-20 10:20:00,3041.24,3041.43,3040.05,3040.21,317.0
2025-03-20 10:25:00,3040.21,3040.62,3038.52,3040.12,344.0
2025-03-20 10:30:00,3039.96,3042.06,3039.81,3041.11,318.0
2025-03-20 10:35:00,3041.18,3042.46,3041.09,3042.37,313.0
2025-03-20 10:40:00,3042.37,3042.37,3039.77,3040.11,294.0
2025-03-20 10:45:00,3040.14,3041.7,3039.01,3041.61,345.0
2025-03-20 10:50:00,3041.6,3043.28,3041.11,3042.92,347.0
2025-03-20 10:55:00,3042.95,3043.09,3041.53,3041.78,293.0
2025-03-20 11:00:00,3041.58,3042.31,3040.91,3041.93,294.0
2025-03-20 11:05:00,3041.86,3043.72,3041.78,3043.12,277.0
2025-03-20 11:10:00,3043.11,3044.18,3042.66,3043.14,272.0
2025-03-20 11:15:00,3043.15,3044.65,3043.14,3043.44,274.0
2025-03-20 11:20:00,3043.48,3045.68,3043.4,3045.18,271.0
2025-03-20 11:25:00,3045.31,3045.79,3044.03,3044.69,322.0
2025-03-20 11:30:00,3044.68,3045.37,3044.25,3045.17,303.0
2025-03-20 11:35:00,3045.23,3045.54,3044.47,3045.48,230.0
2025-03-20 11:40:00,3045.43,3046.25,3044.0,3044.69,316.0
2025-03-20 11:45:00,3044.73,3044.73,3042.47,3043.02,358.0
2025-03-20 11:50:00,3043.14,3043.63,3040.7,3041.03,340.0
2025-03-20 11:55:00,3041.11,3043.09,3041.11,3041.49,322.0
2025-03-20 12:00:00,3041.49,3041.49,3038.9,3039.47,321.0
2025-03-20 12:05:00,3039.47,3039.94,3035.94,3036.72,389.0
2025-03-20 12:10:00,3036.73,3036.99,3034.33,3034.71,331.0
2025-03-20 12:15:00,3034.65,3034.65,3030.75,3031.92,373.0
2025-03-20 12:20:00,3031.94,3034.13,3031.4,3033.02,387.0
2025-03-20 12:25:00,3032.66,3032.9,3030.06,3030.22,366.0
2025-03-20 12:30:00,3030.04,3030.04,3025.52,3028.26,397.0
2025-03-20 12:35:00,3028.13,3028.98,3025.65,3026.47,371.0
2025-03-20 12:40:00,3026.46,3028.62,3025.95,3028.32,365.0
2025-03-20 12:45:00,3028.34,3033.37,3028.2,3033.1,388.0
2025-03-20 12:50:00,3032.91,3032.91,3030.46,3032.23,356.0
2025-03-20 12:55:00,3032.07,3035.54,3032.07,3034.18,349.0
2025-03-20 13:00:00,3034.15,3034.68,3032.02,3032.53,303.0
2025-03-20 13:05:00,3032.51,3033.39,3031.53,3032.27,301.0
2025-03-20 13:10:00,3032.29,3032.35,3029.96,3031.53,360.0
2025-03-20 13:15:00,3031.53,3032.86,3029.38,3032.74,313.0
2025-03-20 13:20:00,3032.74,3033.53,3031.53,3032.11,288.0
2025-03-20 13:25:00,3032.11,3032.95,3031.93,3032.55,293.0
2025-03-20 13:30:00,3032.66,3032.66,3030.25,3031.24,286.0
2025-03-20 13:35:00,3031.15,3032.63,3029.36,3032.29,350.0
2025-03-20 13:40:00,3032.23,3033.19,3030.72,3030.79,374.0
2025-03-20 13:45:00,3030.79,3032.71,3030.51,3032.67,318.0
2025-03-20 13:50:00,3032.73,3035.08,3032.68,3034.9,368.0
2025-03-20 13:55:00,3034.76,3034.86,3034.13,3034.42,264.0
2025-03-20 14:00:00,3034.46,3034.97,3034.17,3034.6,322.0
2025-03-20 14:05:00,3034.58,3035.97,3033.39,3035.66,347.0
2025-03-20 14:10:00,3035.69,3036.39,3034.91,3036.08,333.0
2025-03-20 14:15:00,3036.12,3037.0,3035.35,3036.87,290.0
2025-03-20 14:20:00,3037.25,3038.04,3035.1,3036.83,415.0
2025-03-20 14:25:00,3036.82,3037.52,3035.88,3036.18,357.0
2025-03-20 14:30:00,3036.41,3037.61,3035.09,3036.79,287.0
2025-03-20 14:35:00,3036.96,3040.39,3036.96,3039.23,382.0
2025-03-20 14:40:00,3039.21,3041.79,3038.9,3040.68,341.0
2025-03-20 14:45:00,3040.63,3042.11,3040.29,3041.15,386.0
2025-03-20 14:50:00,3041.15,3042.32,3040.09,3040.6,387.0
2025-03-20 14:55:00,3040.48,3041.35,3039.78,3040.89,353.0
2025-03-20 15:00:00,3040.85,3041.07,3036.51,3036.74,431.0
2025-03-20 15:05:00,3036.73,3037.89,3033.3,3034.69,408.0
2025-03-20 15:10:00,3034.82,3035.02,3031.73,3033.39,397.0
2025-03-20 15:15:00,3033.4,3034.1,3031.42,3033.22,420.0
2025-03-20 15:20:00,3033.06,3033.09,3030.54,3031.65,427.0
2025-03-20 15:25:00,3031.54,3032.28,3029.99,3030.89,358.0
2025-03-20 15:30:00,3030.75,3035.7,3030.22,3035.29,450.0
2025-03-20 15:35:00,3035.31,3037.52,3033.88,3037.2,419.0
2025-03-20 15:40:00,3037.27,3037.27,3033.26,3034.83,419.0
2025-03-20 15:45:00,3034.74,3036.82,3034.32,3034.47,387.0
2025-03-20 15:50:00,3034.25,3035.32,3033.46,3034.16,416.0
2025-03-20 15:55:00,3034.18,3034.73,3031.73,3032.52,411.0
2025-03-20 16:00:00,3032.27,3036.01,3032.24,3033.39,382.0
2025-03-20 16:05:00,3033.95,3033.95,3030.63,3032.97,447.0
2025-03-20 16:10:00,3032.99,3035.34,3030.69,3035.11,428.0
2025-03-20 16:15:00,3035.12,3036.66,3034.22,3035.26,424.0
2025-03-20 16:20:00,3035.12,3035.34,3031.86,3032.73,420.0
2025-03-20 16:25:00,3032.72,3034.16,3031.92,3032.87,397.0
2025-03-20 16:30:00,3032.82,3034.19,3032.28,3033.82,404.0
2025-03-20 16:35:00,3033.84,3037.09,3033.78,3036.43,392.0
2025-03-20 16:40:00,3036.4,3038.5,3035.95,3038.26,353.0
2025-03-20 16:45:00,3038.38,3040.13,3038.38,3039.87,380.0
2025-03-20 16:50:00,3039.89,3039.9,3036.45,3038.18,380.0
2025-03-20 16:55:00,3038.23,3040.84,3038.14,3040.21,402.0
2025-03-20 17:00:00,3040.17,3040.17,3037.69,3039.13,407.0
2025-03-20 17:05:00,3039.21,3040.7,3038.62,3040.48,381.0
2025-03-20 17:10:00,3040.49,3041.86,3037.94,3039.55,372.0
2025-03-20 17:15:00,3039.54,3040.25,3039.39,3039.59,338.0
2025-03-20 17:20:00,3039.61,3041.03,3039.09,3040.26,342.0
2025-03-20 17:25:00,3040.07,3040.31,3038.29,3040.29,343.0
2025-03-20 17:30:00,3040.44,3040.61,3037.82,3038.16,395.0
2025-03-20 17:35:00,3038.27,3039.44,3037.62,3039.35,343.0
2025-03-20 17:40:00,3039.37,3039.63,3038.26,3039.33,314.0
2025-03-20 17:45:00,3039.34,3041.12,3039.33,3039.92,334.0
2025-03-20 17:50:00,3039.92,3041.57,3039.38,3041.57,319.0
2025-03-20 17:55:00,3041.57,3041.85,3040.61,3040.74,342.0
2025-03-20 18:00:00,3040.74,3041.8,3040.13,3041.38,357.0
2025-03-20 18:05:00,3041.39,3041.57,3039.19,3039.23,378.0
2025-03-20 18:10:00,3039.12,3041.89,3038.99,3041.83,391.0
2025-03-20 18:15:00,3041.84,3042.98,3039.58,3039.68,382.0
2025-03-20 18:20:00,3039.75,3040.42,3038.62,3039.39,299.0
2025-03-20 18:25:00,3039.42,3040.07,3038.46,3038.65,312.0
2025-03-20 18:30:00,3038.59,3039.01,3034.52,3034.78,355.0
2025-03-20 18:35:00,3034.62,3035.97,3034.04,3035.03,330.0
2025-03-20 18:40:00,3035.1,3036.54,3034.14,3034.89,355.0
2025-03-20 18:45:00,3034.96,3036.51,3034.96,3035.68,319.0
2025-03-20 18:50:00,3035.63,3038.25,3035.6,3038.21,290.0
2025-03-20 18:55:00,3038.22,3039.15,3037.87,3038.32,289.0
2025-03-20 19:00:00,3038.33,3039.49,3037.83,3039.38,276.0
2025-03-20 19:05:00,3039.42,3040.07,3038.91,3038.91,239.0
2025-03-20 19:10:00,3038.89,3038.91,3036.18,3037.21,327.0
2025-03-20 19:15:00,3037.21,3037.95,3036.99,3037.69,295.0
2025-03-20 19:20:00,3037.65,3039.53,3037.33,3037.4,310.0
2025-03-20 19:25:00,3037.23,3037.26,3034.88,3035.81,321.0
2025-03-20 19:30:00,3035.79,3036.68,3035.6,3036.08,334.0
2025-03-20 19:35:00,3036.09,3038.97,3035.86,3038.63,307.0
2025-03-20 19:40:00,3038.64,3039.5,3038.63,3039.39,274.0
2025-03-20 19:45:00,3039.44,3039.64,3038.68,3039.18,244.0
2025-03-20 19:50:00,3039.21,3040.25,3038.61,3039.81,287.0
2025-03-20 19:55:00,3039.78,3041.88,3039.69,3041.73,298.0
2025-03-20 20:00:00,3041.73,3042.58,3041.2,3042.45,356.0
2025-03-20 20:05:00,3042.52,3043.18,3041.08,3042.46,306.0
2025-03-20 20:10:00,3042.41,3045.2,3042.39,3045.11,289.0
2025-03-20 20:15:00,3045.09,3045.21,3042.96,3043.78,288.0
2025-03-20 20:20:00,3043.7,3044.84,3043.25,3044.73,305.0
2025-03-20 20:25:00,3044.8,3045.37,3044.51,3044.62,294.0
2025-03-20 20:30:00,3044.71,3044.71,3041.78,3041.99,291.0
2025-03-20 20:35:00,3041.99,3042.38,3040.96,3041.94,282.0
2025-03-20 20:40:00,3041.89,3042.85,3041.8,3042.58,257.0
2025-03-20 20:45:00,3042.5,3043.31,3042.42,3042.99,267.0
2025-03-20 20:50:00,3043.02,3044.99,3042.95,3043.54,271.0
2025-03-20 20:55:00,3043.55,3043.64,3042.96,3043.28,284.0
2025-03-20 21:00:00,3043.24,3044.6,3043.24,3044.19,292.0
2025-03-20 21:05:00,3044.18,3044.6,3043.41,3043.75,248.0
2025-03-20 21:10:00,3043.66,3044.36,3043.38,3044.07,267.0
2025-03-20 21:15:00,3044.08,3044.89,3043.59,3044.81,265.0
2025-03-20 21:20:00,3044.8,3045.47,3044.56,3045.08,252.0
2025-03-20 21:25:00,3044.97,3045.77,3044.97,3045.07,261.0
2025-03-20 21:30:00,3045.12,3045.59,3044.49,3045.57,270.0
2025-03-20 21:35:00,3045.44,3045.83,3045.44,3045.67,207.0
2025-03-20 21:40:00,3045.68,3045.87,3045.35,3045.43,247.0
2025-03-20 21:45:00,3045.47,3046.05,3045.26,3045.71,304.0
2025-03-20 21:50:00,3045.71,3045.71,3044.72,3045.09,308.0
2025-03-20 21:55:00,3045.06,3045.67,3044.56,3044.56,337.0
2025-03-20 22:00:00,3044.73,3045.52,3044.72,3045.37,155.0
2025-03-20 22:05:00,3045.35,3045.64,3044.75,3045.37,128.0
2025-03-20 22:10:00,3045.41,3045.41,3044.94,3045.25,139.0
2025-03-20 22:15:00,3045.24,3045.24,3044.22,3044.22,84.0
2025-03-20 22:20:00,3044.22,3044.81,3044.2,3044.29,112.0
2025-03-20 22:25:00,3044.34,3045.13,3044.23,3044.68,95.0
2025-03-20 22:30:00,3044.64,3045.38,3044.5,3045.18,146.0
2025-03-20 22:35:00,3045.22,3045.75,3045.04,3045.2,134.0
2025-03-20 22:40:00,3045.2,3045.37,3044.93,3045.23,119.0
2025-03-20 22:45:00,3044.96,3045.22,3044.45,3044.45,83.0
2025-03-20 22:50:00,3044.52,3044.95,3044.42,3044.6,102.0
2025-03-20 22:55:00,3044.07,3044.52,3044.07,3044.47,76.0
2025-03-21 00:00:00,3044.36,3045.09,3044.36,3044.75,116.0
2025-03-21 00:05:00,3044.75,3044.86,3043.71,3044.23,55.0
2025-03-21 00:10:00,3044.26,3044.59,3043.93,3044.34,55.0
2025-03-21 00:15:00,3044.34,3044.41,3043.89,3043.93,40.0
2025-03-21 00:20:00,3043.82,3044.07,3043.62,3044.04,35.0
2025-03-21 00:25:00,3044.01,3044.84,3044.01,3044.33,57.0
2025-03-21 00:30:00,3044.32,3044.5,3043.96,3044.09,39.0
2025-03-21 00:35:00,3044.09,3044.12,3043.97,3044.03,26.0
2025-03-21 00:40:00,3044.08,3044.2,3043.88,3044.12,39.0
2025-03-21 00:45:00,3044.02,3044.91,3043.48,3044.91,47.0
2025-03-21 00:50:00,3044.91,3045.72,3044.82,3045.57,61.0
2025-03-21 00:55:00,3045.59,3045.97,3045.5,3045.75,50.0
2025-03-21 01:00:00,3045.7,3045.96,3045.09,3045.87,59.0
2025-03-21 01:05:00,3045.88,3045.88,3045.01,3045.11,53.0
2025-03-21 01:10:00,3045.01,3045.97,3045.0,3045.93,59.0
2025-03-21 01:15:00,3045.9,3045.9,3045.26,3045.57,72.0
2025-03-21 01:20:00,3045.58,3045.58,3045.03,3045.03,43.0
2025-03-21 01:25:00,3044.98,3045.25,3044.6,3044.6,38.0
2025-03-21 01:30:00,3044.46,3045.01,3044.37,3044.61,83.0
2025-03-21 01:35:00,3044.62,3045.38,3044.6,3045.29,67.0
2025-03-21 01:40:00,3045.25,3045.49,3045.08,3045.1,55.0
2025-03-21 01:45:00,3045.17,3045.85,3045.11,3045.85,107.0
2025-03-21 01:50:00,3045.76,3045.98,3045.43,3045.96,110.0
2025-03-21 01:55:00,3045.85,3046.58,3045.8,3046.28,95.0
2025-03-21 02:00:00,3046.34,3047.39,3046.34,3046.61,152.0
2025-03-21 02:05:00,3046.6,3047.01,3045.66,3045.75,123.0
2025-03-21 02:10:00,3045.76,3045.86,3044.49,3044.57,141.0
2025-03-21 02:15:00,3044.56,3044.56,3042.73,3042.88,200.0
2025-03-21 02:20:00,3042.88,3043.89,3042.35,3043.64,143.0
2025-03-21 02:25:00,3043.64,3044.16,3043.41,3043.74,131.0
2025-03-21 02:30:00,3043.78,3044.69,3043.78,3044.19,113.0
2025-03-21 02:35:00,3044.18,3044.27,3042.97,3043.12,85.0
2025-03-21 02:40:00,3043.15,3044.42,3042.77,3043.69,149.0
2025-03-21 02:45:00,3043.68,3043.7,3042.84,3042.96,185.0
2025-03-21 02:50:00,3042.91,3043.61,3042.89,3043.29,182.0
2025-03-21 02:55:00,3043.47,3043.8,3042.56,3042.83,216.0
2025-03-21 03:00:00,3042.87,3044.6,3042.36,3043.89,338.0
2025-03-21 03:05:00,3043.92,3044.19,3041.99,3042.09,251.0
2025-03-21 03:10:00,3041.98,3043.56,3041.94,3042.65,250.0
2025-03-21 03:15:00,3042.66,3042.92,3040.77,3042.87,245.0
2025-03-21 03:20:00,3042.93,3043.86,3042.6,3042.79,295.0
2025-03-21 03:25:00,3042.79,3043.17,3041.8,3042.08,195.0
2025-03-21 03:30:00,3042.18,3042.59,3041.04,3042.41,264.0
2025-03-21 03:35:00,3042.38,3043.3,3042.0,3042.51,267.0
2025-03-21 03:40:00,3042.5,3042.84,3038.76,3038.76,292.0
2025-03-21 03:45:00,3038.76,3039.08,3036.45,3037.31,359.0
2025-03-21 03:50:00,3037.29,3037.99,3036.98,3037.16,301.0
2025-03-21 03:55:00,3037.04,3038.03,3035.94,3035.94,297.0
2025-03-21 04:00:00,3036.2,3036.99,3034.75,3036.29,334.0
2025-03-21 04:05:00,3036.28,3036.99,3035.58,3036.33,241.0
2025-03-21 04:10:00,3036.32,3036.67,3034.95,3035.5,299.0
2025-03-21 04:15:00,3035.44,3035.7,3034.3,3035.32,250.0
2025-03-21 04:20:00,3035.28,3035.54,3034.22,3034.65,185.0
2025-03-21 04:25:00,3034.66,3035.54,3034.48,3035.04,190.0
2025-03-21 04:30:00,3034.87,3035.32,3033.87,3034.51,251.0
2025-03-21 04:35:00,3034.44,3034.88,3033.86,3034.43,229.0
2025-03-21 04:40:00,3034.25,3034.88,3033.95,3034.44,200.0
2025-03-21 04:45:00,3034.47,3035.62,3033.86,3034.3,266.0
2025-03-21 04:50:00,3034.3,3034.7,3033.95,3034.61,193.0
2025-03-21 04:55:00,3034.59,3035.79,3034.43,3034.7,253.0
2025-03-21 05:00:00,3034.71,3034.71,3032.72,3033.79,282.0
2025-03-21 05:05:00,3033.81,3033.86,3031.31,3031.76,314.0
2025-03-21 05:10:00,3031.77,3032.09,3031.19,3031.65,272.0
2025-03-21 05:15:00,3031.73,3032.15,3031.04,3031.64,252.0
2025-03-21 05:20:00,3031.55,3032.32,3031.37,3031.68,231.0
2025-03-21 05:25:00,3031.69,3031.69,3030.34,3030.56,280.0
2025-03-21 05:30:00,3030.46,3031.13,3030.28,3030.66,236.0
2025-03-21 05:35:00,3030.63,3031.09,3030.01,3030.54,256.0
2025-03-21 05:40:00,3030.56,3031.78,3030.45,3030.85,159.0
2025-03-21 05:45:00,3030.84,3032.45,3030.83,3031.77,196.0
2025-03-21 05:50:00,3031.74,3032.77,3031.23,3031.29,211.0
2025-03-21 05:55:00,3031.25,3031.71,3030.31,3030.53,208.0
2025-03-21 06:00:00,3030.49,3030.72,3029.24,3030.34,291.0
2025-03-21 06:05:00,3030.34,3031.93,3030.13,3031.9,204.0
2025-03-21 06:10:00,3031.88,3032.0,3030.75,3031.29,188.0
2025-03-21 06:15:00,3031.29,3031.53,3030.02,3030.09,217.0
2025-03-21 06:20:00,3030.14,3030.42,3029.92,3029.97,168.0
2025-03-21 06:25:00,3030.02,3030.61,3029.87,3030.56,159.0
2025-03-21 06:30:00,3030.6,3031.31,3030.24,3031.08,204.0
2025-03-21 06:35:00,3031.09,3031.4,3030.67,3031.36,152.0
2025-03-21 06:40:00,3031.39,3031.67,3031.14,3031.52,115.0
2025-03-21 06:45:00,3031.51,3031.8,3030.74,3031.16,128.0
2025-03-21 06:50:00,3031.13,3031.16,3027.95,3029.32,272.0
2025-03-21 06:55:00,3029.43,3030.57,3029.41,3029.81,203.0
2025-03-21 07:00:00,3029.83,3030.41,3029.52,3029.66,164.0
2025-03-21 07:05:00,3029.59,3029.59,3028.2,3028.21,152.0
2025-03-21 07:10:00,3028.21,3028.45,3027.19,3027.48,232.0
2025-03-21 07:15:00,3027.46,3027.89,3026.97,3027.25,180.0
2025-03-21 07:20:00,3027.29,3028.08,3027.09,3027.22,215.0
2025-03-21 07:25:00,3027.21,3027.43,3026.65,3027.17,173.0
2025-03-21 07:30:00,3027.21,3027.65,3025.81,3026.46,320.0
2025-03-21 07:35:00,3026.42,3027.06,3025.77,3026.11,223.0
2025-03-21 07:40:00,3026.01,3026.44,3021.59,3025.04,365.0
2025-03-21 07:45:00,3024.82,3026.17,3024.06,3024.89,341.0
2025-03-21 07:50:00,3024.81,3027.4,3024.65,3026.45,271.0
2025-03-21 07:55:00,3026.51,3029.41,3026.51,3028.01,328.0
2025-03-21 08:00:00,3028.02,3030.26,3027.48,3030.15,311.0
2025-03-21 08:05:00,3029.99,3031.83,3029.93,3031.75,308.0
2025-03-21 08:10:00,3031.85,3032.67,3030.14,3031.03,257.0
2025-03-21 08:15:00,3031.04,3031.85,3030.59,3031.64,210.0
2025-03-21 08:20:00,3031.64,3031.94,3030.84,3031.41,185.0
2025-03-21 08:25:00,3031.42,3031.91,3031.04,3031.37,179.0
2025-03-21 08:30:00,3031.24,3033.04,3031.14,3033.01,296.0
2025-03-21 08:35:00,3033.11,3033.25,3032.61,3033.02,274.0
2025-03-21 08:40:00,3033.05,3033.97,3031.57,3032.4,267.0
2025-03-21 08:45:00,3032.55,3032.55,3028.16,3029.4,322.0
2025-03-21 08:50:00,3029.43,3030.09,3028.43,3028.46,290.0
2025-03-21 08:55:00,3028.47,3030.0,3028.41,3029.82,211.0
2025-03-21 09:00:00,3029.85,3029.85,3028.09,3028.72,233.0
2025-03-21 09:05:00,3028.73,3031.25,3028.72,3031.17,224.0
2025-03-21 09:10:00,3031.17,3032.47,3030.99,3031.49,261.0
2025-03-21 09:15:00,3031.46,3032.07,3029.91,3030.18,321.0
2025-03-21 09:20:00,3029.87,3031.35,3029.71,3031.22,250.0
2025-03-21 09:25:00,3031.26,3032.34,3030.71,3032.08,286.0
2025-03-21 09:30:00,3032.09,3033.39,3030.79,3031.74,234.0
2025-03-21 09:35:00,3031.74,3032.51,3031.3,3032.12,219.0
2025-03-21 09:40:00,3032.03,3032.04,3030.15,3031.26,252.0
2025-03-21 09:45:00,3031.09,3031.99,3030.45,3030.75,282.0
2025-03-21 09:50:00,3030.71,3030.95,3029.61,3030.29,191.0
2025-03-21 09:55:00,3030.29,3031.91,3029.54,3031.9,251.0
2025-03-21 10:00:00,3031.97,3034.22,3031.35,3033.63,314.0
2025-03-21 10:05:00,3033.76,3034.72,3033.08,3033.94,264.0
2025-03-21 10:10:00,3033.95,3033.95,3029.6,3030.11,290.0
2025-03-21 10:15:00,3030.1,3030.21,3027.33,3028.68,274.0
2025-03-21 10:20:00,3028.79,3029.91,3027.69,3028.94,301.0
2025-03-21 10:25:00,3028.89,3029.25,3027.23,3028.77,304.0
2025-03-21 10:30:00,3028.84,3031.79,3028.17,3031.55,367.0
2025-03-21 10:35:00,3031.58,3033.08,3031.58,3032.22,296.0
2025-03-21 10:40:00,3032.21,3033.61,3032.08,3033.43,217.0
2025-03-21 10:45:00,3033.38,3034.02,3032.52,3033.94,279.0
2025-03-21 10:50:00,3033.95,3034.17,3033.23,3033.98,290.0
2025-03-21 10:55:00,3033.92,3034.5,3032.87,3033.05,248.0
2025-03-21 11:00:00,3032.76,3033.12,3031.04,3031.59,269.0
2025-03-21 11:05:00,3031.52,3032.74,3031.17,3031.17,282.0
2025-03-21 11:10:00,3031.15,3031.15,3027.88,3030.05,264.0
2025-03-21 11:15:00,3030.1,3030.64,3029.13,3030.0,260.0
2025-03-21 11:20:00,3030.1,3030.75,3029.29,3030.11,267.0
2025-03-21 11:25:00,3030.13,3031.4,3029.25,3030.61,214.0
2025-03-21 11:30:00,3030.59,3030.87,3029.1,3029.5,284.0
2025-03-21 11:35:00,3029.47,3029.92,3028.56,3029.32,275.0
2025-03-21 11:40:00,3029.17,3029.56,3028.55,3028.96,256.0
2025-03-21 11:45:00,3028.96,3030.29,3028.58,3028.61,236.0
2025-03-21 11:50:00,3028.61,3030.22,3028.45,3030.07,192.0
2025-03-21 11:55:00,3030.07,3030.18,3029.14,3029.67,246.0
2025-03-21 12:00:00,3029.59,3031.88,3029.59,3031.33,268.0
2025-03-21 12:05:00,3031.32,3032.89,3031.01,3032.66,258.0
2025-03-21 12:10:00,3032.67,3033.32,3032.22,3033.04,226.0
2025-03-21 12:15:00,3032.74,3033.15,3032.11,3032.62,190.0
2025-03-21 12:20:00,3032.23,3033.32,3031.93,3033.06,181.0
2025-03-21 12:25:00,3033.07,3033.18,3032.05,3032.13,221.0
2025-03-21 12:30:00,3032.02,3032.25,3030.53,3031.16,256.0
2025-03-21 12:35:00,3031.19,3031.81,3030.92,3031.03,159.0
2025-03-21 12:40:00,3031.03,3032.94,3030.87,3032.1,211.0
2025-03-21 12:45:00,3032.09,3033.26,3032.07,3032.35,202.0
2025-03-21 12:50:00,3032.37,3033.35,3032.24,3033.2,219.0
2025-03-21 12:55:00,3033.19,3033.21,3030.79,3030.83,242.0
2025-03-21 13:00:00,3030.84,3030.84,3028.92,3029.5,277.0
2025-03-21 13:05:00,3029.49,3031.05,3029.49,3030.98,227.0
2025-03-21 13:10:00,3030.9,3032.13,3030.87,3032.13,234.0
2025-03-21 13:15:00,3032.07,3032.32,3030.04,3030.42,241.0
2025-03-21 13:20:00,3030.63,3031.54,3030.31,3030.62,211.0
2025-03-21 13:25:00,3030.61,3031.87,3030.61,3031.4,275.0
2025-03-21 13:30:00,3031.38,3031.83,3030.05,3031.61,292.0
2025-03-21 13:35:00,3031.61,3033.82,3031.61,3033.32,316.0
2025-03-21 13:40:00,3033.45,3034.96,3033.43,3034.96,286.0
2025-03-21 13:45:00,3034.93,3037.57,3034.4,3037.22,282.0
2025-03-21 13:50:00,3037.27,3037.37,3032.8,3033.27,309.0
2025-03-21 13:55:00,3033.34,3035.83,3033.28,3034.24,269.0
2025-03-21 14:00:00,3034.24,3036.26,3034.03,3035.8,312.0
2025-03-21 14:05:00,3035.71,3037.24,3035.68,3037.03,341.0
2025-03-21 14:10:00,3037.1,3038.02,3035.26,3035.53,351.0
2025-03-21 14:15:00,3035.4,3035.95,3033.92,3035.45,308.0
2025-03-21 14:20:00,3035.62,3036.05,3033.93,3035.63,290.0
2025-03-21 14:25:00,3035.62,3035.86,3033.89,3035.22,233.0
2025-03-21 14:30:00,3035.24,3035.54,3033.52,3034.51,281.0
2025-03-21 14:35:00,3034.49,3035.17,3033.52,3034.25,269.0
2025-03-21 14:40:00,3034.25,3035.99,3033.97,3034.75,349.0
2025-03-21 14:45:00,3034.76,3037.5,3034.27,3037.4,369.0
2025-03-21 14:50:00,3037.44,3038.08,3035.83,3035.92,329.0
2025-03-21 14:55:00,3035.95,3035.99,3033.95,3034.04,316.0
2025-03-21 15:00:00,3033.9,3036.2,3033.17,3036.12,357.0
2025-03-21 15:05:00,3036.13,3036.79,3034.68,3034.72,327.0
2025-03-21 15:10:00,3034.66,3036.05,3034.66,3035.84,282.0
2025-03-21 15:15:00,3035.9,3036.38,3034.58,3034.58,326.0
2025-03-21 15:20:00,3034.55,3034.93,3030.79,3030.96,366.0
2025-03-21 15:25:00,3030.95,3032.39,3029.59,3029.86,391.0
2025-03-21 15:30:00,3029.34,3029.88,3024.5,3026.2,452.0
2025-03-21 15:35:00,3026.24,3026.24,3013.72,3016.82,474.0
2025-03-21 15:40:00,3016.67,3019.17,3013.96,3014.88,460.0
2025-03-21 15:45:00,3014.98,3016.23,3010.51,3010.57,466.0
2025-03-21 15:50:00,3010.71,3013.96,3008.49,3011.59,453.0
2025-03-21 15:55:00,3011.31,3012.25,3004.2,3006.66,455.0
2025-03-21 16:00:00,3006.68,3007.31,3003.45,3005.41,464.0
2025-03-21 16:05:00,3005.25,3006.24,2999.74,2999.74,449.0
2025-03-21 16:10:00,2999.7,3006.03,2999.55,3003.89,457.0
2025-03-21 16:15:00,3003.59,3005.64,3000.31,3004.42,445.0
2025-03-21 16:20:00,3004.64,3009.45,3004.64,3006.25,441.0
2025-03-21 16:25:00,3006.35,3009.5,3006.26,3008.14,411.0
2025-03-21 16:30:00,3007.94,3008.47,3005.58,3006.96,413.0
2025-03-21 16:35:00,3006.99,3008.08,3005.71,3006.98,397.0
2025-03-21 16:40:00,3007.04,3010.95,3006.52,3009.49,406.0
2025-03-21 16:45:00,3009.74,3013.98,3009.5,3012.78,408.0
2025-03-21 16:50:00,3012.82,3015.58,3012.7,3014.15,406.0
2025-03-21 16:55:00,3014.11,3016.74,3013.97,3015.77,392.0
2025-03-21 17:00:00,3015.91,3017.35,3013.99,3016.93,390.0
2025-03-21 17:05:00,3016.94,3017.89,3015.17,3015.81,401.0
2025-03-21 17:10:00,3015.81,3016.85,3013.53,3013.87,382.0
2025-03-21 17:15:00,3013.85,3016.94,3013.57,3014.88,346.0
2025-03-21 17:20:00,3014.99,3015.27,3012.94,3014.17,343.0
2025-03-21 17:25:00,3014.6,3014.75,3013.12,3014.03,341.0
2025-03-21 17:30:00,3014.01,3014.41,3010.47,3010.91,370.0
2025-03-21 17:35:00,3010.88,3014.35,3009.99,3012.93,370.0
2025-03-21 17:40:00,3012.93,3013.35,3011.47,3013.28,327.0
2025-03-21 17:45:00,3013.2,3014.03,3011.79,3013.27,334.0
2025-03-21 17:50:00,3013.27,3013.49,3010.61,3010.61,372.0
2025-03-21 17:55:00,3010.8,3012.85,3010.7,3011.02,349.0
2025-03-21 18:00:00,3010.89,3012.69,3010.62,3012.42,378.0
2025-03-21 18:05:00,3012.36,3015.48,3012.36,3013.49,380.0
2025-03-21 18:10:00,3013.4,3015.55,3013.4,3014.05,368.0
2025-03-21 18:15:00,3014.1,3014.37,3013.07,3014.02,328.0
2025-03-21 18:20:00,3014.24,3016.12,3014.21,3015.32,332.0
2025-03-21 18:25:00,3015.29,3015.82,3014.19,3014.85,303.0
2025-03-21 18:30:00,3014.44,3016.78,3014.38,3016.61,338.0
2025-03-21 18:35:00,3016.63,3016.74,3013.17,3013.35,288.0
2025-03-21 18:40:00,3013.33,3014.18,3013.05,3013.51,302.0
2025-03-21 18:45:00,3013.63,3014.91,3013.41,3013.97,303.0
2025-03-21 18:50:00,3013.95,3015.52,3013.84,3015.4,262.0
2025-03-21 18:55:00,3015.4,3016.38,3014.14,3015.13,311.0
2025-03-21 19:00:00,3015.13,3015.91,3014.59,3015.37,319.0
2025-03-21 19:05:00,3015.38,3016.44,3015.23,3016.28,322.0
2025-03-21 19:10:00,3016.25,3017.86,3016.02,3016.91,312.0
2025-03-21 19:15:00,3016.91,3018.23,3016.43,3016.43,337.0
2025-03-21 19:20:00,3016.35,3017.18,3015.29,3016.07,274.0
2025-03-21 19:25:00,3016.04,3016.07,3014.87,3015.53,270.0
2025-03-21 19:30:00,3015.56,3016.04,3015.3,3015.42,208.0
2025-03-21 19:35:00,3015.41,3015.95,3014.93,3015.36,228.0
2025-03-21 19:40:00,3015.36,3015.86,3014.88,3015.02,298.0
2025-03-21 19:45:00,3014.91,3015.43,3012.92,3015.15,298.0
2025-03-21 19:50:00,3015.27,3016.0,3013.45,3014.57,265.0
2025-03-21 19:55:00,3014.59,3015.13,3013.3,3013.68,293.0
2025-03-21 20:00:00,3013.7,3015.0,3013.7,3013.83,256.0
2025-03-21 20:05:00,3013.83,3014.73,3013.5,3014.72,188.0
2025-03-21 20:10:00,3014.73,3015.91,3014.33,3015.66,201.0
2025-03-21 20:15:00,3015.7,3017.41,3015.26,3017.18,231.0
2025-03-21 20:20:00,3017.07,3018.2,3016.65,3017.23,306.0
2025-03-21 20:25:00,3017.23,3019.49,3017.13,3019.07,265.0
2025-03-21 20:30:00,3018.97,3020.21,3018.97,3020.09,245.0
2025-03-21 20:35:00,3020.09,3020.99,3020.05,3020.64,230.0
2025-03-21 20:40:00,3020.66,3021.59,3020.28,3020.53,243.0
2025-03-21 20:45:00,3020.54,3021.29,3019.77,3020.13,267.0
2025-03-21 20:50:00,3020.03,3020.03,3017.7,3017.74,264.0
2025-03-21 20:55:00,3017.73,3019.1,3017.27,3017.47,277.0
2025-03-21 21:00:00,3017.38,3017.54,3015.92,3016.38,295.0
2025-03-21 21:05:00,3016.38,3019.85,3016.2,3019.75,300.0
2025-03-21 21:10:00,3019.89,3021.31,3019.55,3020.93,211.0
2025-03-21 21:15:00,3020.94,3021.19,3019.78,3021.11,260.0
2025-03-21 21:20:00,3021.05,3021.93,3020.58,3021.44,291.0
2025-03-21 21:25:00,3021.49,3021.72,3020.4,3020.57,272.0
2025-03-21 21:30:00,3020.63,3021.37,3020.43,3020.73,303.0
2025-03-21 21:35:00,3020.84,3021.54,3019.86,3019.97,298.0
2025-03-21 21:40:00,3020.01,3020.69,3019.85,3020.54,266.0
2025-03-21 21:45:00,3020.48,3020.91,3020.2,3020.28,281.0
2025-03-21 21:50:00,3020.29,3020.51,3019.77,3020.07,294.0
2025-03-21 21:55:00,3019.95,3020.52,3019.62,3020.02,352.0
2025-03-21 22:00:00,3020.13,3021.43,3019.97,3021.28,197.0
2025-03-21 22:05:00,3021.29,3021.45,3020.76,3021.03,101.0
2025-03-21 22:10:00,3021.01,3021.26,3020.76,3021.17,139.0
2025-03-21 22:15:00,3021.17,3021.74,3021.01,3021.29,111.0
2025-03-21 22:20:00,3021.38,3022.54,3021.22,3022.54,144.0
2025-03-21 22:25:00,3022.55,3023.25,3022.24,3023.06,162.0
2025-03-21 22:30:00,3023.06,3023.94,3023.04,3023.48,136.0
2025-03-21 22:35:00,3023.48,3024.02,3022.93,3023.26,111.0
2025-03-21 22:40:00,3023.38,3023.53,3022.95,3023.12,110.0
2025-03-21 22:45:00,3022.97,3024.2,3022.62,3023.08,142.0
2025-03-21 22:50:00,3022.9,3023.68,3022.64,3022.84,142.0
2025-03-21 22:55:00,3022.61,3023.7,3022.46,3022.94,73.0
2025-03-24 00:00:00,3023.36,3025.01,3022.69,3023.4,311.0
2025-03-24 00:05:00,3023.4,3024.02,3022.43,3024.02,171.0
2025-03-24 00:10:00,3023.64,3024.44,3023.45,3024.19,323.0
2025-03-24 00:15:00,3024.2,3025.88,3024.14,3025.68,142.0
2025-03-24 00:20:00,3025.71,3025.9,3024.54,3024.9,134.0
2025-03-24 00:25:00,3024.9,3024.9,3023.87,3024.31,133.0
2025-03-24 00:30:00,3024.2,3024.2,3022.43,3022.84,173.0
2025-03-24 00:35:00,3022.83,3023.73,3022.55,3023.05,104.0
2025-03-24 00:40:00,3023.05,3024.54,3023.05,3024.4,85.0
2025-03-24 00:45:00,3024.41,3025.67,3024.36,3025.16,100.0
2025-03-24 00:50:00,3025.05,3025.7,3024.71,3025.26,128.0
2025-03-24 00:55:00,3025.29,3026.05,3025.13,3025.54,119.0
2025-03-24 01:00:00,3025.49,3025.49,3024.14,3024.44,144.0
2025-03-24 01:05:00,3024.45,3024.62,3023.21,3024.59,165.0
2025-03-24 01:10:00,3024.61,3025.02,3024.53,3024.81,119.0
2025-03-24 01:15:00,3024.8,3026.15,3024.8,3025.88,96.0
2025-03-24 01:20:00,3025.87,3026.13,3025.48,3025.84,77.0
2025-03-24 01:25:00,3025.86,3025.86,3024.79,3024.89,72.0
2025-03-24 01:30:00,3024.88,3024.95,3024.29,3024.63,122.0
2025-03-24 01:35:00,3024.58,3025.32,3024.56,3025.11,92.0
2025-03-24 01:40:00,3025.22,3025.66,3024.85,3025.66,68.0
2025-03-24 01:45:00,3025.66,3025.78,3025.39,3025.69,104.0
2025-03-24 01:50:00,3025.7,3026.04,3025.54,3025.6,122.0
2025-03-24 01:55:00,3025.58,3025.76,3024.69,3024.69,155.0
2025-03-24 02:00:00,3024.44,3025.25,3023.13,3025.23,246.0
2025-03-24 02:05:00,3025.17,3025.47,3024.95,3025.33,226.0
2025-03-24 02:10:00,3025.24,3025.47,3023.55,3024.0,180.0
2025-03-24 02:15:00,3024.01,3024.03,3022.6,3023.54,145.0
2025-03-24 02:20:00,3023.55,3023.55,3022.32,3022.44,168.0
2025-03-24 02:25:00,3022.47,3023.37,3022.47,3022.79,150.0
2025-03-24 02:30:00,3022.7,3023.02,3022.14,3022.69,225.0
2025-03-24 02:35:00,3022.8,3023.31,3022.22,3022.52,169.0
2025-03-24 02:40:00,3022.72,3022.79,3021.1,3021.38,257.0
2025-03-24 02:45:00,3021.37,3021.55,3019.84,3020.2,338.0
2025-03-24 02:50:00,3020.2,3020.44,3018.15,3018.38,292.0
2025-03-24 02:55:00,3018.35,3018.95,3017.19,3018.57,311.0
2025-03-24 03:00:00,3018.47,3020.47,3018.42,3020.46,365.0
2025-03-24 03:05:00,3020.44,3022.69,3020.42,3022.25,361.0
2025-03-24 03:10:00,3022.29,3023.49,3021.88,3023.19,332.0
2025-03-24 03:15:00,3023.22,3023.61,3021.35,3022.11,349.0
2025-03-24 03:20:00,3022.1,3022.12,3020.37,3021.32,317.0
2025-03-24 03:25:00,3021.32,3021.82,3020.47,3020.91,341.0
2025-03-24 03:30:00,3021.18,3024.12,3020.75,3023.87,381.0
2025-03-24 03:35:00,3023.9,3025.12,3022.72,3024.99,319.0
2025-03-24 03:40:00,3024.98,3025.66,3023.83,3023.86,276.0
2025-03-24 03:45:00,3023.85,3024.1,3021.51,3022.37,307.0
2025-03-24 03:50:00,3022.41,3022.95,3021.59,3022.22,309.0
2025-03-24 03:55:00,3022.24,3022.33,3020.69,3020.84,304.0
2025-03-24 04:00:00,3021.04,3023.37,3020.74,3023.34,295.0
2025-03-24 04:05:00,3023.47,3024.47,3022.28,3022.95,296.0
2025-03-24 04:10:00,3022.94,3023.81,3022.05,3023.09,277.0
2025-03-24 04:15:00,3023.05,3023.37,3022.48,3022.76,173.0
2025-03-24 04:20:00,3022.77,3023.66,3022.42,3022.71,204.0
2025-03-24 04:25:00,3022.6,3023.37,3022.53,3023.21,249.0
2025-03-24 04:30:00,3023.09,3023.41,3022.05,3022.1,290.0
2025-03-24 04:35:00,3022.12,3022.44,3020.43,3020.82,252.0
2025-03-24 04:40:00,3020.64,3020.64,3017.13,3017.82,280.0
2025-03-24 04:45:00,3017.75,3017.76,3013.62,3017.46,362.0
2025-03-24 04:50:00,3017.54,3018.55,3016.17,3017.58,293.0
2025-03-24 04:55:00,3017.56,3017.75,3016.16,3016.31,205.0
2025-03-24 05:00:00,3016.2,3018.07,3016.18,3017.19,223.0
2025-03-24 05:05:00,3017.22,3017.43,3016.29,3016.68,196.0
2025-03-24 05:10:00,3016.66,3017.39,3016.36,3017.24,190.0
2025-03-24 05:15:00,3017.24,3018.03,3016.91,3017.68,212.0
2025-03-24 05:20:00,3017.76,3019.81,3017.76,3019.66,257.0
2025-03-24 05:25:00,3019.67,3019.69,3017.88,3018.05,279.0
2025-03-24 05:30:00,3017.97,3018.32,3017.0,3017.18,240.0
2025-03-24 05:35:00,3017.17,3018.34,3015.71,3018.2,291.0
2025-03-24 05:40:00,3018.22,3018.56,3017.1,3018.1,211.0
2025-03-24 05:45:00,3018.1,3018.57,3016.95,3017.02,151.0
2025-03-24 05:50:00,3016.99,3018.05,3016.89,3017.61,149.0
2025-03-24 05:55:00,3017.62,3017.97,3016.59,3016.99,177.0
2025-03-24 06:00:00,3017.05,3017.64,3016.5,3017.53,153.0
2025-03-24 06:05:00,3017.53,3018.53,3017.14,3018.13,119.0
2025-03-24 06:10:00,3018.12,3018.24,3017.44,3018.05,220.0
2025-03-24 06:15:00,3018.06,3019.1,3017.48,3019.07,190.0
2025-03-24 06:20:00,3019.14,3019.45,3017.63,3017.73,172.0
2025-03-24 06:25:00,3017.72,3018.2,3017.42,3017.97,115.0
2025-03-24 06:30:00,3017.97,3018.43,3017.46,3017.5,130.0
2025-03-24 06:35:00,3017.57,3018.36,3017.33,3018.06,102.0
2025-03-24 06:40:00,3018.06,3018.3,3017.54,3018.17,124.0
2025-03-24 06:45:00,3018.17,3018.5,3017.87,3018.04,158.0
2025-03-24 06:50:00,3018.02,3019.52,3017.82,3019.41,152.0
2025-03-24 06:55:00,3019.41,3020.11,3018.92,3019.49,228.0
2025-03-24 07:00:00,3019.48,3019.98,3018.96,3019.11,270.0
2025-03-24 07:05:00,3019.12,3022.32,3019.12,3021.87,171.0
2025-03-24 07:10:00,3021.88,3023.06,3021.88,3022.56,182.0
2025-03-24 07:15:00,3022.56,3022.81,3022.16,3022.32,146.0
2025-03-24 07:20:00,3022.32,3022.92,3022.23,3022.42,119.0
2025-03-24 07:25:00,3022.41,3023.17,3022.14,3022.79,223.0
2025-03-24 07:30:00,3022.76,3023.01,3021.49,3021.91,320.0
2025-03-24 07:35:00,3021.96,3021.97,3021.26,3021.56,279.0
2025-03-24 07:40:00,3021.56,3022.18,3021.24,3021.31,302.0
2025-03-24 07:45:00,3021.28,3021.33,3020.35,3020.69,294.0
2025-03-24 07:50:00,3020.69,3021.06,3020.29,3020.81,203.0
2025-03-24 07:55:00,3020.86,3022.65,3020.86,3022.12,266.0
2025-03-24 08:00:00,3021.99,3022.5,3021.22,3022.19,246.0
2025-03-24 08:05:00,3022.18,3022.74,3020.59,3020.81,283.0
2025-03-24 08:10:00,3020.73,3020.77,3017.85,3018.46,324.0
2025-03-24 08:15:00,3018.44,3020.37,3017.31,3020.26,272.0
2025-03-24 08:20:00,3020.27,3022.13,3019.97,3021.61,199.0
2025-03-24 08:25:00,3021.48,3022.47,3021.47,3022.37,171.0
2025-03-24 08:30:00,3022.37,3023.26,3021.96,3022.17,195.0
2025-03-24 08:35:00,3022.18,3023.39,3021.71,3023.24,285.0
2025-03-24 08:40:00,3023.29,3024.85,3022.81,3024.73,329.0
2025-03-24 08:45:00,3024.74,3025.3,3024.62,3025.11,190.0
2025-03-24 08:50:00,3025.16,3025.63,3024.62,3025.22,216.0
2025-03-24 08:55:00,3025.18,3025.41,3024.75,3025.1,192.0
2025-03-24 09:00:00,3024.87,3025.44,3024.13,3024.13,325.0
2025-03-24 09:05:00,3024.13,3026.52,3023.96,3025.91,296.0
2025-03-24 09:10:00,3025.83,3026.15,3025.24,3025.54,276.0
2025-03-24 09:15:00,3025.54,3026.34,3024.82,3026.33,262.0
2025-03-24 09:20:00,3026.34,3028.9,3026.32,3026.45,301.0
2025-03-24 09:25:00,3026.44,3027.26,3024.42,3025.02,348.0
2025-03-24 09:30:00,3025.2,3025.2,3023.17,3023.17,266.0
2025-03-24 09:35:00,3023.16,3023.16,3021.47,3022.12,289.0
2025-03-24 09:40:00,3022.03,3022.76,3021.56,3022.62,287.0
2025-03-24 09:45:00,3022.65,3022.78,3021.54,3021.71,295.0
2025-03-24 09:50:00,3021.64,3022.48,3021.03,3022.04,278.0
2025-03-24 09:55:00,3022.04,3023.13,3021.16,3022.37,326.0
2025-03-24 10:00:00,3022.23,3023.02,3021.86,3022.72,330.0
2025-03-24 10:05:00,3022.73,3025.31,3022.73,3024.19,329.0
2025-03-24 10:10:00,3024.13,3025.22,3024.13,3024.7,303.0
2025-03-24 10:15:00,3024.73,3024.77,3023.51,3023.9,345.0
2025-03-24 10:20:00,3023.89,3024.8,3023.02,3024.39,270.0
2025-03-24 10:25:00,3024.42,3024.79,3022.31,3023.36,333.0
2025-03-24 10:30:00,3023.52,3026.57,3022.62,3025.56,373.0
2025-03-24 10:35:00,3025.52,3026.29,3024.77,3025.4,304.0
2025-03-24 10:40:00,3025.41,3027.69,3025.31,3027.1,346.0
2025-03-24 10:45:00,3027.08,3028.19,3026.9,3028.07,339.0
2025-03-24 10:50:00,3027.97,3028.93,3027.73,3028.6,323.0
2025-03-24 10:55:00,3028.6,3028.94,3027.99,3028.77,355.0
2025-03-24 11:00:00,3029.13,3029.84,3028.53,3029.69,341.0
2025-03-24 11:05:00,3029.78,3030.83,3029.01,3029.97,342.0
2025-03-24 11:10:00,3030.01,3031.03,3029.9,3030.33,306.0
2025-03-24 11:15:00,3030.4,3030.75,3028.33,3029.31,336.0
2025-03-24 11:20:00,3029.32,3030.1,3028.63,3030.01,257.0
2025-03-24 11:25:00,3029.98,3030.65,3028.26,3029.25,338.0
2025-03-24 11:30:00,3029.27,3029.63,3028.46,3029.23,275.0
2025-03-24 11:35:00,3029.24,3029.24,3026.29,3026.35,312.0
2025-03-24 11:40:00,3026.32,3026.52,3023.88,3024.88,334.0
2025-03-24 11:45:00,3024.88,3024.95,3023.47,3023.84,351.0
2025-03-24 11:50:00,3023.83,3023.9,3022.71,3023.06,290.0
2025-03-24 11:55:00,3023.06,3024.31,3022.74,3023.61,305.0
2025-03-24 12:00:00,3023.72,3025.47,3023.47,3025.02,317.0
2025-03-24 12:05:00,3025.01,3025.99,3024.77,3025.38,299.0
2025-03-24 12:10:00,3025.37,3027.78,3024.93,3027.78,364.0
2025-03-24 12:15:00,3027.81,3029.73,3026.93,3029.6,352.0
2025-03-24 12:20:00,3029.61,3031.24,3027.86,3030.79,350.0
2025-03-24 12:25:00,3030.85,3032.98,3030.82,3032.67,351.0
2025-03-24 12:30:00,3032.64,3033.22,3029.77,3030.21,376.0
2025-03-24 12:35:00,3030.22,3030.22,3028.51,3028.77,341.0
2025-03-24 12:40:00,3028.73,3029.54,3028.1,3029.52,332.0
2025-03-24 12:45:00,3029.46,3029.52,3027.78,3028.43,328.0
2025-03-24 12:50:00,3028.42,3029.8,3028.23,3029.74,232.0
2025-03-24 12:55:00,3029.81,3029.85,3028.09,3028.15,311.0
2025-03-24 13:00:00,3028.05,3028.92,3027.29,3028.92,334.0
2025-03-24 13:05:00,3029.05,3029.22,3026.84,3027.03,296.0
2025-03-24 13:10:00,3027.04,3027.7,3026.96,3027.13,273.0
2025-03-24 13:15:00,3027.16,3027.55,3026.63,3027.17,288.0
2025-03-24 13:20:00,3027.21,3027.96,3026.96,3027.39,255.0
2025-03-24 13:25:00,3027.41,3027.64,3026.65,3027.13,234.0
2025-03-24 13:30:00,3027.14,3027.35,3026.16,3026.82,258.0
2025-03-24 13:35:00,3026.84,3026.97,3026.24,3026.66,214.0
2025-03-24 13:40:00,3026.61,3026.77,3024.39,3025.33,318.0
2025-03-24 13:45:00,3025.3,3026.23,3025.13,3025.64,270.0
2025-03-24 13:50:00,3025.65,3026.02,3024.87,3025.77,234.0
2025-03-24 13:55:00,3025.75,3025.82,3024.37,3024.61,210.0
2025-03-24 14:00:00,3024.51,3025.97,3024.51,3025.28,330.0
2025-03-24 14:05:00,3025.28,3026.32,3024.24,3024.63,301.0
2025-03-24 14:10:00,3024.63,3026.23,3024.27,3026.23,267.0
2025-03-24 14:15:00,3026.33,3028.21,3026.24,3026.86,335.0
2025-03-24 14:20:00,3026.85,3028.65,3026.77,3027.33,302.0
2025-03-24 14:25:00,3027.33,3028.55,3026.61,3026.61,256.0
2025-03-24 14:30:00,3026.47,3026.9,3025.01,3026.46,284.0
2025-03-24 14:35:00,3026.45,3027.56,3026.4,3026.55,296.0
2025-03-24 14:40:00,3026.54,3027.08,3025.45,3026.35,247.0
2025-03-24 14:45:00,3026.31,3026.32,3023.74,3024.37,338.0
2025-03-24 14:50:00,3024.28,3024.65,3022.71,3024.56,335.0
2025-03-24 14:55:00,3024.5,3025.13,3022.47,3024.25,359.0
2025-03-24 15:00:00,3024.2,3025.95,3023.77,3025.73,406.0
2025-03-24 15:05:00,3025.8,3026.26,3024.65,3025.35,371.0
2025-03-24 15:10:00,3025.38,3027.61,3025.38,3027.38,330.0
2025-03-24 15:15:00,3027.38,3028.27,3026.54,3026.97,312.0
2025-03-24 15:20:00,3026.93,3027.02,3024.56,3025.8,376.0
2025-03-24 15:25:00,3025.7,3026.05,3023.37,3024.49,345.0
2025-03-24 15:30:00,3024.62,3026.04,3024.24,3024.3,393.0
2025-03-24 15:35:00,3024.28,3024.41,3020.97,3023.18,404.0
2025-03-24 15:40:00,3023.24,3023.69,3021.96,3022.08,355.0
2025-03-24 15:45:00,3019.94,3022.62,3019.14,3022.05,419.0
2025-03-24 15:50:00,3021.92,3025.17,3021.74,3024.97,414.0
2025-03-24 15:55:00,3024.89,3026.05,3021.82,3022.79,440.0
2025-03-24 16:00:00,3022.37,3022.9,3020.07,3021.44,406.0
2025-03-24 16:05:00,3021.56,3022.65,3020.93,3021.52,376.0
2025-03-24 16:10:00,3021.42,3024.04,3021.32,3023.42,382.0
2025-03-24 16:15:00,3023.41,3023.69,3021.7,3022.56,367.0
2025-03-24 16:20:00,3022.37,3023.57,3017.89,3019.37,393.0
2025-03-24 16:25:00,3019.39,3019.54,3015.55,3016.61,387.0
2025-03-24 16:30:00,3016.59,3016.93,3010.0,3010.73,440.0
2025-03-24 16:35:00,3010.82,3013.76,3009.2,3010.52,448.0
2025-03-24 16:40:00,3010.67,3012.15,3009.71,3010.65,420.0
2025-03-24 16:45:00,3010.62,3010.94,3007.99,3010.26,418.0
2025-03-24 16:50:00,3010.28,3014.18,3010.28,3012.57,413.0
2025-03-24 16:55:00,3012.56,3012.62,3010.96,3012.12,369.0
2025-03-24 17:00:00,3012.27,3012.27,3007.62,3007.97,422.0
2025-03-24 17:05:00,3007.79,3008.66,3005.79,3007.77,424.0
2025-03-24 17:10:00,3007.69,3011.87,3007.66,3010.87,413.0
2025-03-24 17:15:00,3010.82,3012.91,3010.08,3012.14,412.0
2025-03-24 17:20:00,3012.1,3012.49,3010.4,3011.84,374.0
2025-03-24 17:25:00,3011.83,3012.02,3009.18,3009.77,355.0
2025-03-24 17:30:00,3009.79,3012.09,3009.73,3011.36,367.0
2025-03-24 17:35:00,3011.36,3014.13,3011.04,3013.98,401.0
2025-03-24 17:40:00,3013.93,3015.32,3013.65,3014.71,386.0
2025-03-24 17:45:00,3014.66,3015.14,3012.55,3014.09,350.0
2025-03-24 17:50:00,3014.08,3015.23,3013.68,3014.76,341.0
2025-03-24 17:55:00,3014.81,3014.93,3013.59,3014.05,355.0
2025-03-24 18:00:00,3014.04,3015.48,3014.04,3015.24,341.0
2025-03-24 18:05:00,3015.24,3015.64,3013.77,3014.17,311.0
2025-03-24 18:10:00,3014.2,3014.6,3012.64,3012.85,315.0
2025-03-24 18:15:00,3012.81,3013.22,3011.1,3011.4,338.0
2025-03-24 18:20:00,3011.42,3011.9,3009.8,3010.3,363.0
2025-03-24 18:25:00,3010.36,3011.92,3010.36,3011.53,342.0
2025-03-24 18:30:00,3011.55,3012.05,3009.98,3010.69,271.0
2025-03-24 18:35:00,3010.72,3011.01,3009.46,3009.95,290.0
2025-03-24 18:40:00,3009.93,3010.42,3008.04,3009.2,359.0
2025-03-24 18:45:00,3009.24,3010.6,3009.1,3010.56,321.0
2025-03-24 18:50:00,3010.48,3011.17,3010.03,3010.34,294.0
2025-03-24 18:55:00,3010.32,3010.34,3009.3,3009.76,353.0
2025-03-24 19:00:00,3009.74,3009.76,3007.12,3009.43,368.0
2025-03-24 19:05:00,3009.61,3009.82,3008.44,3009.19,329.0
2025-03-24 19:10:00,3009.2,3009.71,3007.81,3008.76,302.0
2025-03-24 19:15:00,3008.85,3008.86,3006.7,3007.05,298.0
2025-03-24 19:20:00,3007.16,3009.48,3006.85,3008.81,290.0
2025-03-24 19:25:00,3008.76,3009.85,3007.77,3009.56,324.0
2025-03-24 19:30:00,3009.38,3009.53,3007.57,3007.84,292.0
2025-03-24 19:35:00,3007.84,3008.18,3006.58,3007.54,306.0
2025-03-24 19:40:00,3007.5,3007.99,3006.6,3007.55,275.0
2025-03-24 19:45:00,3007.53,3007.97,3006.65,3007.69,298.0
2025-03-24 19:50:00,3007.78,3007.78,3006.44,3006.87,302.0
2025-03-24 19:55:00,3006.86,3007.09,3005.82,3007.0,330.0
2025-03-24 20:00:00,3006.98,3007.78,3005.74,3005.93,297.0
2025-03-24 20:05:00,3005.92,3006.81,3003.24,3003.99,340.0
2025-03-24 20:10:00,3004.12,3004.18,3002.46,3003.61,298.0
2025-03-24 20:15:00,3003.61,3004.5,3003.4,3003.97,269.0
2025-03-24 20:20:00,3004.04,3005.11,3003.61,3004.1,302.0
2025-03-24 20:25:00,3003.97,3004.45,3003.83,3004.33,339.0
2025-03-24 20:30:00,3004.38,3006.18,3004.0,3005.7,272.0
2025-03-24 20:35:00,3005.53,3006.28,3004.46,3005.78,272.0
2025-03-24 20:40:00,3005.76,3007.66,3005.55,3007.56,285.0
2025-03-24 20:45:00,3007.58,3008.07,3006.8,3007.3,301.0
2025-03-24 20:50:00,3007.3,3007.57,3006.28,3006.86,278.0
2025-03-24 20:55:00,3006.87,3007.34,3006.59,3006.75,283.0
2025-03-24 21:00:00,3006.8,3007.27,3005.82,3006.29,261.0
2025-03-24 21:05:00,3006.32,3007.98,3006.32,3007.95,229.0
2025-03-24 21:10:00,3007.94,3008.0,3006.69,3007.07,226.0
2025-03-24 21:15:00,3007.05,3008.13,3006.82,3007.95,253.0
2025-03-24 21:20:00,3007.83,3007.83,3005.85,3006.21,267.0
2025-03-24 21:25:00,3006.21,3006.31,3005.28,3005.38,238.0
2025-03-24 21:30:00,3005.36,3006.02,3005.07,3005.31,256.0
2025-03-24 21:35:00,3005.3,3006.1,3005.15,3005.85,270.0
2025-03-24 21:40:00,3005.81,3006.73,3005.62,3006.5,264.0
2025-03-24 21:45:00,3006.54,3006.54,3005.84,3006.15,261.0
2025-03-24 21:50:00,3005.95,3006.52,3004.99,3005.39,308.0
2025-03-24 21:55:00,3005.42,3006.77,3005.29,3006.05,308.0
2025-03-24 22:00:00,3006.04,3006.44,3005.54,3006.35,124.0
2025-03-24 22:05:00,3006.35,3007.16,3006.26,3006.94,64.0
2025-03-24 22:10:00,3007.21,3007.66,3007.18,3007.32,85.0
2025-03-24 22:15:00,3007.34,3009.58,3007.13,3009.55,127.0
2025-03-24 22:20:00,3009.45,3012.11,3009.45,3012.11,178.0
2025-03-24 22:25:00,3012.1,3012.1,3010.89,3011.44,133.0
2025-03-24 22:30:00,3011.44,3011.92,3011.28,3011.87,94.0
2025-03-24 22:35:00,3011.84,3013.06,3011.69,3012.93,129.0
2025-03-24 22:40:00,3012.92,3013.33,3012.76,3012.84,139.0
2025-03-24 22:45:00,3012.85,3014.57,3012.76,3014.14,153.0
2025-03-24 22:50:00,3014.02,3014.23,3012.62,3012.64,124.0
2025-03-24 22:55:00,3012.5,3012.8,3011.5,3011.96,68.0
2025-03-25 00:00:00,3011.96,3012.4,3011.49,3011.67,134.0
2025-03-25 00:05:00,3011.17,3011.17,3010.46,3010.71,71.0
2025-03-25 00:10:00,3010.68,3011.33,3010.4,3011.1,100.0
2025-03-25 00:15:00,3011.21,3011.81,3011.14,3011.77,157.0
2025-03-25 00:20:00,3011.82,3012.15,3011.76,3011.96,168.0
2025-03-25 00:25:00,3012.02,3012.15,3011.06,3011.06,184.0
2025-03-25 00:30:00,3010.95,3011.03,3010.44,3010.54,127.0
2025-03-25 00:35:00,3010.5,3010.71,3009.92,3009.98,132.0
2025-03-25 00:40:00,3009.99,3010.38,3009.74,3009.74,66.0
2025-03-25 00:45:00,3009.74,3010.29,3009.03,3010.1,100.0
2025-03-25 00:50:00,3010.1,3012.35,3009.79,3011.72,145.0
2025-03-25 00:55:00,3011.71,3011.98,3011.28,3011.52,65.0
2025-03-25 01:00:00,3011.53,3012.06,3011.42,3011.82,55.0
2025-03-25 01:05:00,3011.85,3012.35,3011.77,3011.97,68.0
2025-03-25 01:10:00,3011.98,3011.98,3011.31,3011.45,47.0
2025-03-25 01:15:00,3011.46,3011.52,3011.0,3011.0,63.0
2025-03-25 01:20:00,3011.01,3011.66,3010.73,3011.59,121.0
2025-03-25 01:25:00,3011.58,3012.18,3011.13,3011.96,110.0
2025-03-25 01:30:00,3012.03,3012.26,3011.1,3011.3,98.0
2025-03-25 01:35:00,3011.3,3011.3,3010.09,3010.39,109.0
2025-03-25 01:40:00,3010.33,3010.47,3009.44,3009.5,98.0
2025-03-25 01:45:00,3009.53,3010.49,3009.4,3010.18,127.0
2025-03-25 01:50:00,3010.2,3010.53,3009.63,3009.7,70.0
2025-03-25 01:55:00,3009.72,3009.95,3009.66,3009.9,75.0
2025-03-25 02:00:00,3010.17,3010.17,3008.99,3009.58,193.0
2025-03-25 02:05:00,3009.56,3010.89,3009.56,3010.8,142.0
2025-03-25 02:10:00,3010.8,3011.61,3010.61,3011.38,160.0
2025-03-25 02:15:00,3011.3,3011.38,3010.08,3011.0,234.0
2025-03-25 02:20:00,3011.01,3011.9,3011.0,3011.55,206.0
2025-03-25 02:25:00,3011.49,3011.55,3010.46,3010.46,203.0
2025-03-25 02:30:00,3010.62,3012.19,3010.61,3011.89,231.0
2025-03-25 02:35:00,3011.88,3012.03,3011.42,3011.69,102.0
2025-03-25 02:40:00,3011.7,3012.05,3010.95,3011.14,90.0
2025-03-25 02:45:00,3011.04,3011.75,3011.02,3011.57,61.0
2025-03-25 02:50:00,3011.61,3014.85,3011.52,3014.48,186.0
2025-03-25 02:55:00,3014.46,3014.55,3013.73,3014.12,135.0
2025-03-25 03:00:00,3014.11,3014.55,3012.76,3014.02,388.0
2025-03-25 03:05:00,3014.04,3014.53,3013.23,3013.53,309.0
2025-03-25 03:10:00,3013.54,3013.6,3012.66,3012.76,241.0
2025-03-25 03:15:00,3012.76,3013.47,3011.53,3011.62,252.0
2025-03-25 03:20:00,3011.62,3012.04,3010.79,3011.22,204.0
2025-03-25 03:25:00,3011.11,3012.59,3010.52,3012.26,290.0
2025-03-25 03:30:00,3012.37,3013.58,3012.31,3013.48,276.0
2025-03-25 03:35:00,3013.51,3013.96,3012.42,3013.73,256.0
2025-03-25 03:40:00,3013.76,3014.51,3012.72,3014.19,399.0
2025-03-25 03:45:00,3014.26,3014.54,3012.58,3013.05,308.0
2025-03-25 03:50:00,3013.04,3013.51,3012.4,3012.4,213.0
2025-03-25 03:55:00,3012.42,3012.43,3011.36,3011.86,197.0
2025-03-25 04:00:00,3011.87,3011.87,3010.04,3010.04,217.0
2025-03-25 04:05:00,3010.05,3010.89,3008.74,3010.5,251.0
2025-03-25 04:10:00,3010.52,3011.59,3009.47,3011.25,280.0
2025-03-25 04:15:00,3011.27,3012.32,3011.21,3011.89,176.0
2025-03-25 04:20:00,3011.89,3012.2,3010.6,3010.77,186.0
2025-03-25 04:25:00,3010.78,3010.79,3009.69,3010.11,218.0
2025-03-25 04:30:00,3010.11,3010.44,3009.71,3010.4,234.0
2025-03-25 04:35:00,3010.42,3011.6,3010.29,3010.99,255.0
2025-03-25 04:40:00,3010.98,3011.07,3009.64,3010.68,275.0
2025-03-25 04:45:00,3010.65,3010.96,3008.37,3008.55,324.0
2025-03-25 04:50:00,3008.33,3009.04,3007.64,3008.79,308.0
2025-03-25 04:55:00,3008.79,3009.43,3008.31,3009.15,238.0
2025-03-25 05:00:00,3009.19,3010.1,3008.62,3010.03,227.0
2025-03-25 05:05:00,3010.06,3011.59,3009.92,3011.4,316.0
2025-03-25 05:10:00,3011.4,3012.6,3010.88,3012.45,247.0
2025-03-25 05:15:00,3012.45,3013.42,3012.23,3013.27,216.0
2025-03-25 05:20:00,3013.28,3014.92,3013.14,3014.37,374.0
2025-03-25 05:25:00,3014.38,3014.73,3013.88,3014.46,341.0
2025-03-25 05:30:00,3014.44,3015.59,3014.32,3014.49,255.0
2025-03-25 05:35:00,3014.48,3015.05,3014.47,3015.04,179.0
2025-03-25 05:40:00,3015.04,3016.26,3014.76,3016.03,263.0
2025-03-25 05:45:00,3016.02,3016.02,3015.02,3015.21,158.0
2025-03-25 05:50:00,3015.22,3015.58,3014.98,3015.43,159.0
2025-03-25 05:55:00,3015.43,3016.0,3015.18,3015.35,297.0
2025-03-25 06:00:00,3015.45,3015.79,3014.85,3014.99,279.0
2025-03-25 06:05:00,3014.97,3016.45,3014.79,3015.78,254.0
2025-03-25 06:10:00,3015.79,3015.93,3015.35,3015.49,192.0
2025-03-25 06:15:00,3015.51,3015.54,3014.78,3015.26,191.0
2025-03-25 06:20:00,3015.26,3015.67,3014.82,3015.64,138.0
2025-03-25 06:25:00,3015.53,3015.72,3015.23,3015.5,123.0
2025-03-25 06:30:00,3015.56,3016.15,3015.47,3015.69,100.0
2025-03-25 06:35:00,3015.67,3016.31,3015.51,3015.89,169.0
2025-03-25 06:40:00,3015.9,3016.07,3015.29,3015.29,156.0
2025-03-25 06:45:00,3015.29,3015.97,3015.27,3015.69,163.0
2025-03-25 06:50:00,3015.7,3016.42,3015.6,3016.01,198.0
2025-03-25 06:55:00,3015.96,3016.17,3015.19,3015.26,219.0
2025-03-25 07:00:00,3015.23,3017.21,3014.33,3017.2,333.0
2025-03-25 07:05:00,3017.2,3017.59,3016.93,3017.49,179.0
2025-03-25 07:10:00,3017.53,3019.02,3017.48,3018.54,300.0
2025-03-25 07:15:00,3018.5,3019.08,3017.86,3018.08,211.0
2025-03-25 07:20:00,3018.05,3019.97,3017.88,3019.78,262.0
2025-03-25 07:25:00,3019.81,3020.97,3019.61,3020.04,288.0
2025-03-25 07:30:00,3020.03,3020.04,3018.58,3018.76,293.0
2025-03-25 07:35:00,3018.9,3019.44,3018.69,3018.75,211.0
2025-03-25 07:40:00,3018.74,3018.75,3017.93,3018.45,249.0
2025-03-25 07:45:00,3018.5,3019.35,3017.93,3018.07,245.0
2025-03-25 07:50:00,3018.05,3018.07,3016.75,3016.89,274.0
2025-03-25 07:55:00,3016.88,3018.29,3016.73,3018.29,245.0
2025-03-25 08:00:00,3018.35,3018.65,3017.49,3017.68,152.0
2025-03-25 08:05:00,3017.68,3017.77,3016.18,3016.22,185.0
2025-03-25 08:10:00,3016.28,3016.84,3015.46,3016.63,275.0
2025-03-25 08:15:00,3016.64,3016.81,3015.92,3016.09,198.0
2025-03-25 08:20:00,3016.04,3016.85,3015.47,3016.33,256.0
2025-03-25 08:25:00,3016.34,3017.24,3015.94,3016.69,225.0
2025-03-25 08:30:00,3016.67,3017.15,3016.19,3016.79,175.0
2025-03-25 08:35:00,3016.79,3017.32,3015.79,3015.89,194.0
2025-03-25 08:40:00,3015.87,3016.29,3015.37,3015.6,245.0
2025-03-25 08:45:00,3015.58,3015.85,3014.81,3015.35,209.0
2025-03-25 08:50:00,3015.38,3017.18,3015.36,3017.14,305.0
2025-03-25 08:55:00,3017.2,3018.5,3017.11,3017.73,320.0
2025-03-25 09:00:00,3017.72,3017.92,3016.48,3016.56,192.0
2025-03-25 09:05:00,3016.58,3016.99,3015.5,3016.95,225.0
2025-03-25 09:10:00,3016.93,3017.47,3016.71,3017.17,193.0
2025-03-25 09:15:00,3017.17,3017.31,3015.01,3015.2,209.0
2025-03-25 09:20:00,3015.18,3015.41,3013.09,3013.32,329.0
2025-03-25 09:25:00,3013.34,3015.13,3013.22,3014.7,250.0
2025-03-25 09:30:00,3014.98,3016.48,3014.89,3015.77,305.0
2025-03-25 09:35:00,3015.76,3015.76,3013.86,3013.86,208.0
2025-03-25 09:40:00,3013.86,3014.06,3012.71,3013.11,166.0
2025-03-25 09:45:00,3013.12,3013.5,3012.7,3012.72,189.0
2025-03-25 09:50:00,3012.72,3013.17,3012.41,3012.72,204.0
2025-03-25 09:55:00,3012.71,3012.81,3010.54,3011.07,383.0
2025-03-25 10:00:00,3011.09,3012.54,3011.09,3011.54,353.0
2025-03-25 10:05:00,3011.53,3012.46,3010.7,3012.2,326.0
2025-03-25 10:10:00,3012.19,3015.22,3011.89,3013.53,336.0
2025-03-25 10:15:00,3013.5,3014.02,3012.94,3013.88,201.0
2025-03-25 10:20:00,3013.76,3016.63,3013.43,3016.34,322.0
2025-03-25 10:25:00,3016.33,3018.08,3016.12,3017.98,345.0
2025-03-25 10:30:00,3018.0,3020.24,3017.71,3019.14,365.0
2025-03-25 10:35:00,3019.14,3020.38,3018.77,3020.26,341.0
2025-03-25 10:40:00,3020.23,3020.32,3018.35,3019.99,332.0
2025-03-25 10:45:00,3020.0,3021.25,3019.83,3020.72,373.0
2025-03-25 10:50:00,3020.75,3021.62,3020.75,3021.53,284.0
2025-03-25 10:55:00,3021.52,3021.91,3020.46,3021.38,245.0
2025-03-25 11:00:00,3021.27,3021.53,3020.86,3021.14,247.0
2025-03-25 11:05:00,3021.15,3021.3,3019.77,3020.48,273.0
2025-03-25 11:10:00,3020.48,3021.36,3020.46,3021.22,315.0
2025-03-25 11:15:00,3021.2,3021.67,3020.54,3020.7,327.0
2025-03-25 11:20:00,3020.71,3021.74,3020.1,3021.64,274.0
2025-03-25 11:25:00,3021.69,3021.73,3020.89,3021.2,206.0
2025-03-25 11:30:00,3021.33,3021.45,3019.04,3020.09,244.0
2025-03-25 11:35:00,3020.01,3021.04,3019.56,3020.83,296.0
2025-03-25 11:40:00,3020.83,3021.14,3020.11,3021.12,183.0
2025-03-25 11:45:00,3021.11,3023.01,3020.98,3022.69,259.0
2025-03-25 11:50:00,3022.69,3023.51,3022.18,3022.25,275.0
2025-03-25 11:55:00,3022.26,3023.4,3021.97,3023.2,241.0
2025-03-25 12:00:00,3023.27,3023.6,3022.87,3023.09,226.0
2025-03-25 12:05:00,3023.07,3023.91,3022.87,3023.37,214.0
2025-03-25 12:10:00,3023.38,3024.79,3023.33,3023.95,300.0
2025-03-25 12:15:00,3023.85,3024.4,3023.7,3024.29,277.0
2025-03-25 12:20:00,3024.33,3024.33,3022.13,3022.68,335.0
2025-03-25 12:25:00,3022.68,3023.04,3021.27,3021.36,312.0
2025-03-25 12:30:00,3021.37,3022.2,3020.68,3021.48,247.0
2025-03-25 12:35:00,3021.72,3023.87,3021.65,3023.53,283.0
2025-03-25 12:40:00,3023.47,3023.74,3022.57,3023.23,233.0
2025-03-25 12:45:00,3023.21,3024.31,3022.69,3023.95,275.0
2025-03-25 12:50:00,3023.94,3024.4,3022.95,3022.95,363.0
2025-03-25 12:55:00,3022.93,3023.89,3022.88,3023.59,230.0
2025-03-25 13:00:00,3023.61,3024.45,3023.49,3024.34,224.0
2025-03-25 13:05:00,3024.33,3024.74,3023.25,3024.66,261.0
2025-03-25 13:10:00,3024.68,3024.77,3023.96,3024.23,237.0
2025-03-25 13:15:00,3024.25,3025.16,3024.24,3024.56,273.0
2025-03-25 13:20:00,3024.58,3025.4,3023.39,3023.66,253.0
2025-03-25 13:25:00,3023.62,3025.15,3023.51,3025.11,251.0
2025-03-25 13:30:00,3025.12,3026.36,3024.9,3025.04,310.0
2025-03-25 13:35:00,3025.05,3025.54,3024.34,3024.34,254.0
2025-03-25 13:40:00,3024.33,3024.75,3022.77,3023.46,330.0
2025-03-25 13:45:00,3023.46,3023.69,3021.95,3022.53,253.0
2025-03-25 13:50:00,3022.42,3023.04,3021.32,3022.17,300.0
2025-03-25 13:55:00,3022.17,3022.17,3020.41,3020.72,321.0
2025-03-25 14:00:00,3021.37,3021.9,3018.62,3018.65,338.0
2025-03-25 14:05:00,3018.69,3019.1,3016.83,3017.07,408.0
2025-03-25 14:10:00,3017.03,3018.09,3015.64,3018.04,434.0
2025-03-25 14:15:00,3018.12,3018.7,3016.29,3016.37,406.0
2025-03-25 14:20:00,3016.01,3017.01,3014.13,3016.14,375.0
2025-03-25 14:25:00,3016.41,3017.15,3016.02,3016.6,355.0
2025-03-25 14:30:00,3016.73,3019.74,3016.73,3018.31,361.0
2025-03-25 14:35:00,3018.33,3020.13,3017.2,3017.2,409.0
2025-03-25 14:40:00,3016.96,3019.47,3016.96,3018.73,336.0
2025-03-25 14:45:00,3018.7,3020.08,3018.44,3019.83,274.0
2025-03-25 14:50:00,3019.86,3020.97,3018.89,3020.91,291.0
2025-03-25 14:55:00,3020.92,3023.12,3020.25,3021.72,308.0
2025-03-25 15:00:00,3021.72,3023.05,3020.9,3022.42,380.0
2025-03-25 15:05:00,3022.31,3023.69,3021.83,3022.85,372.0
2025-03-25 15:10:00,3022.79,3025.08,3022.79,3024.21,410.0
2025-03-25 15:15:00,3024.35,3024.66,3021.03,3021.68,465.0
2025-03-25 15:20:00,3021.66,3023.38,3021.5,3023.18,328.0
2025-03-25 15:25:00,3023.26,3024.09,3022.44,3023.29,356.0
2025-03-25 15:30:00,3023.26,3025.28,3023.26,3025.21,472.0
2025-03-25 15:35:00,3025.08,3028.94,3024.99,3027.84,506.0
2025-03-25 15:40:00,3027.9,3030.58,3027.4,3027.68,501.0
2025-03-25 15:45:00,3027.67,3029.99,3026.41,3028.56,452.0
2025-03-25 15:50:00,3028.69,3030.3,3028.26,3028.57,461.0
2025-03-25 15:55:00,3028.58,3029.35,3027.33,3028.45,385.0
2025-03-25 16:00:00,3028.4,3033.91,3027.61,3033.75,480.0
2025-03-25 16:05:00,3033.92,3035.95,3033.87,3034.69,474.0
2025-03-25 16:10:00,3034.69,3034.92,3030.97,3032.34,431.0
2025-03-25 16:15:00,3032.29,3033.82,3029.09,3030.86,462.0
2025-03-25 16:20:00,3030.91,3031.08,3027.33,3028.05,455.0
2025-03-25 16:25:00,3028.04,3029.29,3027.53,3028.06,456.0
2025-03-25 16:30:00,3027.98,3029.69,3025.53,3028.1,480.0
2025-03-25 16:35:00,3027.92,3030.08,3026.97,3030.03,424.0
2025-03-25 16:40:00,3030.07,3030.76,3029.71,3030.3,416.0
2025-03-25 16:45:00,3030.32,3030.67,3028.34,3028.34,386.0
2025-03-25 16:50:00,3028.49,3028.49,3025.79,3028.07,388.0
2025-03-25 16:55:00,3028.06,3028.78,3025.06,3025.06,445.0
2025-03-25 17:00:00,3025.06,3028.05,3024.71,3025.67,449.0
2025-03-25 17:05:00,3025.66,3026.55,3024.58,3024.76,387.0
2025-03-25 17:10:00,3024.7,3025.05,3021.17,3023.01,443.0
2025-03-25 17:15:00,3023.02,3023.63,3020.85,3020.97,405.0
2025-03-25 17:20:00,3020.97,3022.53,3020.84,3022.2,392.0
2025-03-25 17:25:00,3022.22,3023.36,3021.58,3022.67,391.0
2025-03-25 17:30:00,3022.75,3024.13,3018.09,3024.04,457.0
2025-03-25 17:35:00,3024.05,3025.03,3022.25,3022.39,383.0
2025-03-25 17:40:00,3022.39,3023.36,3020.9,3023.14,336.0
2025-03-25 17:45:00,3023.21,3023.21,3021.92,3022.36,259.0
2025-03-25 17:50:00,3022.34,3022.67,3021.51,3021.85,242.0
2025-03-25 17:55:00,3021.56,3022.03,3021.07,3021.51,332.0
2025-03-25 18:00:00,3021.5,3022.98,3021.39,3022.77,360.0
2025-03-25 18:05:00,3022.78,3023.88,3021.5,3023.61,281.0
2025-03-25 18:10:00,3023.78,3024.29,3023.22,3023.98,261.0
2025-03-25 18:15:00,3023.96,3024.1,3022.22,3022.23,295.0
2025-03-25 18:20:00,3022.26,3024.22,3022.22,3023.52,269.0
2025-03-25 18:25:00,3023.57,3023.69,3022.23,3022.49,263.0
2025-03-25 18:30:00,3022.49,3023.74,3022.26,3023.57,335.0
2025-03-25 18:35:00,3023.73,3024.33,3023.1,3023.78,362.0
2025-03-25 18:40:00,3023.83,3024.64,3023.22,3023.92,321.0
2025-03-25 18:45:00,3023.97,3025.55,3023.88,3024.71,375.0
2025-03-25 18:50:00,3024.8,3025.36,3024.36,3025.08,353.0
2025-03-25 18:55:00,3025.16,3025.18,3023.1,3023.17,331.0
2025-03-25 19:00:00,3023.28,3023.28,3021.39,3022.38,384.0
2025-03-25 19:05:00,3022.4,3023.29,3022.3,3023.1,293.0
2025-03-25 19:10:00,3023.11,3023.17,3021.89,3022.07,284.0
2025-03-25 19:15:00,3022.06,3022.79,3021.93,3022.78,275.0
2025-03-25 19:20:00,3022.73,3023.13,3020.76,3022.0,365.0
2025-03-25 19:25:00,3021.93,3022.29,3019.81,3021.35,390.0
2025-03-25 19:30:00,3021.48,3021.99,3019.94,3020.76,271.0
2025-03-25 19:35:00,3020.77,3022.36,3020.67,3021.88,311.0
2025-03-25 19:40:00,3021.84,3022.68,3021.84,3022.12,302.0
2025-03-25 19:45:00,3022.12,3022.14,3020.82,3021.37,244.0
2025-03-25 19:50:00,3021.28,3022.48,3021.25,3022.12,253.0
2025-03-25 19:55:00,3022.15,3022.94,3021.91,3022.69,249.0
2025-03-25 20:00:00,3022.68,3022.76,3021.69,3021.89,201.0
2025-03-25 20:05:00,3021.93,3022.34,3021.12,3022.2,201.0
2025-03-25 20:10:00,3022.2,3022.77,3022.12,3022.23,215.0
2025-03-25 20:15:00,3022.23,3022.42,3020.17,3020.22,251.0
2025-03-25 20:20:00,3020.17,3020.17,3019.08,3019.36,348.0
2025-03-25 20:25:00,3019.37,3019.46,3018.38,3018.83,320.0
2025-03-25 20:30:00,3018.82,3019.5,3018.09,3018.11,317.0
2025-03-25 20:35:00,3018.13,3018.48,3017.89,3018.31,294.0
2025-03-25 20:40:00,3018.31,3018.7,3017.89,3018.69,281.0
2025-03-25 20:45:00,3018.67,3018.96,3017.78,3018.12,226.0
2025-03-25 20:50:00,3018.0,3019.13,3017.79,3018.98,217.0
2025-03-25 20:55:00,3018.98,3019.0,3018.29,3018.47,281.0
2025-03-25 21:00:00,3018.45,3019.16,3017.78,3019.03,207.0
2025-03-25 21:05:00,3019.04,3019.34,3018.87,3019.27,193.0
2025-03-25 21:10:00,3019.04,3019.58,3018.82,3019.55,226.0
2025-03-25 21:15:00,3019.49,3019.59,3019.04,3019.1,216.0
2025-03-25 21:20:00,3019.09,3019.59,3018.75,3019.1,274.0
2025-03-25 21:25:00,3019.1,3019.14,3018.68,3018.83,175.0
2025-03-25 21:30:00,3018.83,3019.71,3018.79,3019.65,228.0
2025-03-25 21:35:00,3019.67,3019.85,3018.94,3019.25,311.0
2025-03-25 21:40:00,3019.26,3020.16,3019.21,3020.04,242.0
2025-03-25 21:45:00,3020.07,3020.68,3019.92,3020.46,212.0
2025-03-25 21:50:00,3020.47,3020.47,3018.92,3019.05,253.0
2025-03-25 21:55:00,3019.06,3019.72,3018.7,3019.65,324.0
2025-03-25 22:00:00,3019.56,3019.59,3019.23,3019.45,103.0
2025-03-25 22:05:00,3019.43,3020.03,3018.77,3019.71,99.0
2025-03-25 22:10:00,3019.76,3020.24,3019.68,3020.07,105.0
2025-03-25 22:15:00,3020.07,3020.7,3020.02,3020.51,74.0
2025-03-25 22:20:00,3020.46,3020.58,3020.15,3020.46,83.0
2025-03-25 22:25:00,3020.45,3020.5,3019.86,3019.87,69.0
2025-03-25 22:30:00,3019.84,3020.41,3019.84,3020.39,78.0
2025-03-25 22:35:00,3020.39,3020.42,3019.9,3020.17,61.0
2025-03-25 22:40:00,3020.11,3020.36,3020.09,3020.29,72.0
2025-03-25 22:45:00,3020.1,3020.73,3019.92,3020.56,86.0
2025-03-25 22:50:00,3020.54,3020.54,3019.78,3019.87,98.0
2025-03-25 22:55:00,3019.81,3020.44,3019.81,3019.81,70.0
2025-03-26 00:00:00,3019.69,3021.19,3019.56,3021.15,176.0
2025-03-26 00:05:00,3021.15,3022.54,3020.85,3021.93,113.0
2025-03-26 00:10:00,3021.81,3022.32,3021.78,3021.93,69.0
2025-03-26 00:15:00,3021.92,3022.08,3020.73,3020.73,113.0
2025-03-26 00:20:00,3020.67,3021.01,3020.41,3020.67,100.0
2025-03-26 00:25:00,3020.66,3021.45,3020.66,3021.41,55.0
2025-03-26 00:30:00,3021.4,3021.4,3020.33,3020.34,45.0
2025-03-26 00:35:00,3020.38,3021.03,3020.38,3021.02,57.0
2025-03-26 00:40:00,3021.02,3021.42,3020.91,3020.91,70.0
2025-03-26 00:45:00,3020.86,3020.89,3020.69,3020.73,57.0
2025-03-26 00:50:00,3020.74,3021.25,3020.73,3020.99,60.0
2025-03-26 00:55:00,3020.99,3021.44,3020.99,3021.29,70.0
2025-03-26 01:00:00,3021.28,3021.51,3020.99,3021.3,66.0
2025-03-26 01:05:00,3021.3,3021.62,3021.13,3021.47,87.0
2025-03-26 01:10:00,3021.48,3021.48,3020.95,3021.05,62.0
2025-03-26 01:15:00,3021.06,3021.36,3020.74,3020.95,47.0
2025-03-26 01:20:00,3020.95,3021.56,3020.73,3021.42,63.0
2025-03-26 01:25:00,3021.45,3021.59,3021.11,3021.17,65.0
2025-03-26 01:30:00,3021.16,3021.68,3020.8,3021.64,88.0
2025-03-26 01:35:00,3021.63,3021.85,3021.29,3021.5,50.0
2025-03-26 01:40:00,3021.49,3021.52,3021.16,3021.25,31.0
2025-03-26 01:45:00,3021.23,3021.3,3020.55,3020.9,73.0
2025-03-26 01:50:00,3020.92,3021.67,3020.72,3021.51,65.0
2025-03-26 01:55:00,3021.56,3021.56,3020.76,3021.01,108.0
2025-03-26 02:00:00,3021.01,3021.64,3020.88,3021.22,155.0
2025-03-26 02:05:00,3021.15,3021.4,3020.96,3021.23,82.0
2025-03-26 02:10:00,3021.24,3021.33,3020.88,3021.3,90.0
2025-03-26 02:15:00,3021.29,3021.63,3021.18,3021.56,99.0
2025-03-26 02:20:00,3021.56,3022.14,3021.44,3021.77,155.0
2025-03-26 02:25:00,3021.68,3021.68,3020.56,3020.56,142.0
2025-03-26 02:30:00,3020.42,3021.24,3020.14,3020.44,175.0
2025-03-26 02:35:00,3020.43,3020.43,3018.07,3018.39,213.0
2025-03-26 02:40:00,3018.41,3018.79,3017.94,3018.08,186.0
2025-03-26 02:45:00,3018.07,3018.77,3017.89,3018.42,172.0
2025-03-26 02:50:00,3018.46,3019.04,3017.9,3018.04,176.0
2025-03-26 02:55:00,3018.03,3018.31,3017.82,3018.11,197.0
2025-03-26 03:00:00,3018.16,3018.16,3016.44,3016.85,407.0
2025-03-26 03:05:00,3016.74,3017.59,3016.44,3016.9,305.0
2025-03-26 03:10:00,3016.83,3018.9,3016.49,3018.65,332.0
2025-03-26 03:15:00,3018.68,3020.3,3018.68,3018.87,390.0
2025-03-26 03:20:00,3018.88,3018.98,3017.68,3018.24,359.0
2025-03-26 03:25:00,3018.33,3019.56,3018.32,3018.48,368.0
2025-03-26 03:30:00,3018.6,3020.3,3018.17,3019.79,404.0
2025-03-26 03:35:00,3019.9,3020.97,3019.79,3020.27,312.0
2025-03-26 03:40:00,3020.28,3022.62,3019.99,3022.61,332.0
2025-03-26 03:45:00,3022.61,3023.38,3021.93,3022.5,310.0
2025-03-26 03:50:00,3022.46,3024.47,3022.16,3024.1,275.0
2025-03-26 03:55:00,3024.11,3025.45,3024.08,3024.86,312.0
2025-03-26 04:00:00,3024.84,3025.92,3023.83,3024.67,345.0
2025-03-26 04:05:00,3024.65,3026.07,3024.52,3024.95,299.0
2025-03-26 04:10:00,3025.01,3025.95,3024.72,3025.21,272.0
2025-03-26 04:15:00,3025.18,3025.84,3024.77,3025.48,247.0
2025-03-26 04:20:00,3025.47,3026.25,3025.18,3025.4,244.0
2025-03-26 04:25:00,3025.24,3026.27,3024.75,3026.24,201.0
2025-03-26 04:30:00,3026.11,3026.11,3024.91,3025.62,275.0
2025-03-26 04:35:00,3025.64,3027.15,3025.6,3026.27,321.0
2025-03-26 04:40:00,3026.28,3026.65,3023.45,3023.45,316.0
2025-03-26 04:45:00,3023.45,3024.76,3023.07,3023.79,287.0
2025-03-26 04:50:00,3023.85,3024.12,3022.87,3023.33,220.0
2025-03-26 04:55:00,3023.3,3024.35,3023.01,3024.24,340.0
2025-03-26 05:00:00,3024.12,3024.13,3022.49,3022.99,308.0
2025-03-26 05:05:00,3022.95,3023.04,3022.18,3022.39,185.0
2025-03-26 05:10:00,3022.28,3022.71,3020.86,3020.86,303.0
2025-03-26 05:15:00,3020.87,3021.15,3019.87,3020.38,338.0
2025-03-26 05:20:00,3020.39,3020.96,3019.35,3019.35,298.0
2025-03-26 05:25:00,3019.35,3020.02,3018.74,3018.74,349.0
2025-03-26 05:30:00,3018.51,3019.36,3018.21,3018.44,335.0
2025-03-26 05:35:00,3018.46,3018.73,3017.45,3017.48,244.0
2025-03-26 05:40:00,3017.52,3019.29,3016.66,3018.78,339.0
2025-03-26 05:45:00,3018.77,3018.93,3016.99,3017.07,274.0
2025-03-26 05:50:00,3017.34,3017.7,3016.53,3016.54,342.0
2025-03-26 05:55:00,3016.59,3017.6,3016.45,3017.6,239.0
2025-03-26 06:00:00,3017.59,3017.59,3016.49,3016.9,177.0
2025-03-26 06:05:00,3016.88,3016.94,3015.95,3016.5,179.0
2025-03-26 06:10:00,3016.49,3016.98,3016.46,3016.87,145.0
2025-03-26 06:15:00,3016.87,3017.63,3016.48,3016.85,246.0
2025-03-26 06:20:00,3016.81,3016.86,3016.16,3016.61,218.0
2025-03-26 06:25:00,3016.5,3016.5,3015.57,3015.65,195.0
2025-03-26 06:30:00,3015.64,3015.66,3015.09,3015.51,138.0
2025-03-26 06:35:00,3015.52,3015.66,3014.9,3015.23,133.0
2025-03-26 06:40:00,3015.23,3015.4,3014.79,3014.95,137.0
2025-03-26 06:45:00,3014.96,3015.3,3014.77,3015.19,136.0
2025-03-26 06:50:00,3015.2,3015.56,3014.72,3014.77,254.0
2025-03-26 06:55:00,3014.76,3015.25,3014.3,3015.25,166.0
2025-03-26 07:00:00,3015.27,3015.72,3014.29,3015.55,255.0
2025-03-26 07:05:00,3015.59,3016.57,3013.57,3013.99,299.0
2025-03-26 07:10:00,3014.0,3014.93,3013.26,3014.93,208.0
2025-03-26 07:15:00,3015.01,3015.95,3014.89,3015.65,234.0
2025-03-26 07:20:00,3015.7,3015.95,3015.11,3015.18,156.0
2025-03-26 07:25:00,3015.16,3016.02,3014.9,3016.02,197.0
2025-03-26 07:30:00,3015.78,3017.76,3015.48,3017.17,373.0
2025-03-26 07:35:00,3017.16,3018.71,3016.99,3018.13,305.0
2025-03-26 07:40:00,3018.12,3019.42,3018.09,3019.42,241.0
2025-03-26 07:45:00,3019.53,3020.64,3018.86,3020.36,330.0
2025-03-26 07:50:00,3020.35,3021.9,3019.87,3021.78,298.0
2025-03-26 07:55:00,3021.86,3023.96,3021.77,3022.83,442.0
2025-03-26 08:00:00,3022.74,3024.25,3022.13,3023.62,402.0
2025-03-26 08:05:00,3023.63,3025.26,3023.54,3024.5,391.0
2025-03-26 08:10:00,3024.49,3025.24,3023.71,3024.85,363.0
2025-03-26 08:15:00,3024.72,3024.93,3023.28,3023.43,319.0
2025-03-26 08:20:00,3023.25,3024.84,3023.25,3024.69,316.0
2025-03-26 08:25:00,3024.71,3025.71,3024.6,3025.14,304.0
2025-03-26 08:30:00,3025.06,3025.6,3024.81,3025.19,274.0
2025-03-26 08:35:00,3025.26,3025.91,3024.54,3024.64,302.0
2025-03-26 08:40:00,3024.65,3025.77,3024.29,3024.97,274.0
2025-03-26 08:45:00,3024.97,3025.5,3024.81,3025.4,243.0
2025-03-26 08:50:00,3025.44,3026.07,3024.95,3025.7,248.0
2025-03-26 08:55:00,3025.7,3026.29,3025.66,3026.14,247.0
2025-03-26 09:00:00,3026.03,3026.58,3024.97,3026.04,291.0
2025-03-26 09:05:00,3026.01,3027.58,3025.9,3026.8,292.0
2025-03-26 09:10:00,3026.98,3027.09,3026.03,3026.46,239.0
2025-03-26 09:15:00,3026.45,3026.79,3025.74,3026.31,282.0
2025-03-26 09:20:00,3026.18,3026.84,3025.35,3025.93,299.0
2025-03-26 09:25:00,3025.89,3027.19,3025.65,3026.31,258.0
2025-03-26 09:30:00,3026.24,3028.23,3026.24,3027.93,317.0
2025-03-26 09:35:00,3027.91,3028.65,3027.29,3027.71,266.0
2025-03-26 09:40:00,3027.67,3029.01,3027.65,3028.84,251.0
2025-03-26 09:45:00,3028.87,3029.72,3028.66,3029.72,352.0
2025-03-26 09:50:00,3029.74,3030.39,3029.06,3029.5,292.0
2025-03-26 09:55:00,3029.51,3030.75,3029.09,3030.51,315.0
2025-03-26 10:00:00,3030.68,3032.04,3030.55,3030.58,317.0
2025-03-26 10:05:00,3030.6,3031.38,3030.37,3031.28,278.0
2025-03-26 10:10:00,3031.27,3031.57,3028.9,3029.01,300.0
2025-03-26 10:15:00,3028.96,3028.97,3027.76,3028.62,397.0
2025-03-26 10:20:00,3028.61,3028.68,3026.27,3026.36,395.0
2025-03-26 10:25:00,3026.31,3027.95,3026.31,3027.68,277.0
2025-03-26 10:30:00,3027.55,3027.95,3027.13,3027.94,181.0
2025-03-26 10:35:00,3027.93,3027.93,3026.31,3026.37,278.0
2025-03-26 10:40:00,3026.36,3027.07,3026.2,3026.72,269.0
2025-03-26 10:45:00,3026.71,3026.71,3025.66,3025.85,279.0
2025-03-26 10:50:00,3025.86,3025.87,3023.61,3023.92,309.0
2025-03-26 10:55:00,3023.92,3025.01,3023.66,3023.98,297.0
2025-03-26 11:00:00,3024.13,3024.13,3022.67,3023.61,363.0
2025-03-26 11:05:00,3023.51,3023.84,3022.24,3022.68,377.0
2025-03-26 11:10:00,3022.64,3023.57,3021.19,3021.48,332.0
2025-03-26 11:15:00,3021.51,3021.59,3020.01,3020.45,339.0
2025-03-26 11:20:00,3020.46,3020.98,3020.03,3020.25,274.0
2025-03-26 11:25:00,3020.23,3020.6,3019.71,3019.8,305.0
2025-03-26 11:30:00,3019.79,3020.04,3017.53,3018.75,338.0
2025-03-26 11:35:00,3018.59,3019.94,3017.97,3018.86,350.0
2025-03-26 11:40:00,3018.72,3019.49,3017.89,3019.33,324.0
2025-03-26 11:45:00,3019.34,3019.53,3017.7,3019.0,314.0
2025-03-26 11:50:00,3019.04,3019.92,3018.82,3019.72,263.0
2025-03-26 11:55:00,3019.75,3020.23,3018.59,3018.69,291.0
2025-03-26 12:00:00,3018.44,3019.11,3017.64,3018.98,283.0
2025-03-26 12:05:00,3019.02,3020.23,3018.3,3018.42,310.0
2025-03-26 12:10:00,3018.43,3018.91,3016.95,3018.27,306.0
2025-03-26 12:15:00,3018.26,3020.96,3018.26,3020.96,231.0
2025-03-26 12:20:00,3020.96,3022.93,3020.71,3022.79,408.0
2025-03-26 12:25:00,3022.86,3023.8,3022.73,3022.86,336.0
2025-03-26 12:30:00,3022.85,3022.95,3021.88,3022.03,252.0
2025-03-26 12:35:00,3022.03,3022.87,3021.41,3022.86,234.0
2025-03-26 12:40:00,3022.91,3024.21,3022.65,3022.85,335.0
2025-03-26 12:45:00,3022.8,3023.06,3021.56,3021.69,285.0
2025-03-26 12:50:00,3021.5,3024.09,3021.1,3023.88,339.0
2025-03-26 12:55:00,3023.89,3024.96,3023.32,3023.32,242.0
2025-03-26 13:00:00,3023.3,3024.17,3023.3,3023.77,200.0
2025-03-26 13:05:00,3023.76,3024.87,3023.76,3024.74,247.0
2025-03-26 13:10:00,3024.79,3026.23,3024.64,3026.2,317.0
2025-03-26 13:15:00,3026.19,3027.09,3025.99,3026.73,310.0
2025-03-26 13:20:00,3026.73,3028.49,3026.7,3027.84,276.0
2025-03-26 13:25:00,3027.85,3028.75,3026.87,3028.25,338.0
2025-03-26 13:30:00,3028.26,3028.9,3027.74,3028.29,241.0
2025-03-26 13:35:00,3028.3,3030.21,3028.26,3029.48,326.0
2025-03-26 13:40:00,3029.5,3030.41,3028.73,3029.19,281.0
2025-03-26 13:45:00,3029.23,3029.97,3027.98,3028.31,326.0
2025-03-26 13:50:00,3028.26,3029.36,3028.01,3028.11,297.0
2025-03-26 13:55:00,3028.18,3028.62,3026.53,3027.62,340.0
2025-03-26 14:00:00,3027.61,3028.68,3026.95,3028.26,365.0
2025-03-26 14:05:00,3028.23,3028.39,3025.68,3026.12,351.0
2025-03-26 14:10:00,3026.19,3027.85,3025.61,3027.43,327.0
2025-03-26 14:15:00,3027.45,3027.97,3026.74,3027.38,255.0
2025-03-26 14:20:00,3027.12,3027.56,3025.48,3026.52,364.0
2025-03-26 14:25:00,3026.5,3027.34,3025.62,3025.62,262.0
2025-03-26 14:30:00,3025.7,3028.02,3025.21,3027.48,380.0
2025-03-26 14:35:00,3027.22,3028.04,3025.51,3026.77,360.0
2025-03-26 14:40:00,3026.77,3028.83,3026.39,3028.71,360.0
2025-03-26 14:45:00,3028.84,3029.95,3028.36,3029.05,346.0
2025-03-26 14:50:00,3029.05,3029.05,3027.26,3028.24,364.0
2025-03-26 14:55:00,3028.18,3028.35,3026.55,3027.11,406.0
2025-03-26 15:00:00,3027.28,3027.28,3024.17,3024.98,440.0
2025-03-26 15:05:00,3024.79,3025.66,3023.96,3024.87,387.0
2025-03-26 15:10:00,3024.83,3025.5,3023.95,3025.5,352.0
2025-03-26 15:15:00,3025.49,3025.82,3022.25,3022.91,399.0
2025-03-26 15:20:00,3023.15,3024.07,3021.59,3023.44,393.0
2025-03-26 15:25:00,3023.43,3025.76,3023.33,3024.68,351.0
2025-03-26 15:30:00,3024.71,3025.6,3023.06,3023.1,424.0
2025-03-26 15:35:00,3023.1,3023.45,3020.87,3020.94,434.0
2025-03-26 15:40:00,3020.95,3022.66,3019.75,3022.13,400.0
2025-03-26 15:45:00,3022.13,3022.63,3019.13,3019.22,451.0
2025-03-26 15:50:00,3019.13,3019.82,3017.86,3019.56,415.0
2025-03-26 15:55:00,3019.51,3019.53,3016.0,3016.74,465.0
2025-03-26 16:00:00,3016.74,3018.22,3014.97,3015.94,464.0
2025-03-26 16:05:00,3016.05,3019.54,3015.27,3018.17,483.0
2025-03-26 16:10:00,3018.16,3019.17,3017.4,3018.02,396.0
2025-03-26 16:15:00,3018.11,3018.43,3016.07,3016.46,390.0
2025-03-26 16:20:00,3016.49,3017.01,3015.36,3016.35,384.0
2025-03-26 16:25:00,3016.42,3016.95,3015.02,3015.58,328.0
2025-03-26 16:30:00,3015.5,3017.39,3015.06,3016.78,396.0
2025-03-26 16:35:00,3016.88,3019.08,3016.88,3018.87,422.0
2025-03-26 16:40:00,3018.84,3020.02,3018.74,3019.44,378.0
2025-03-26 16:45:00,3019.37,3021.7,3019.37,3019.62,407.0
2025-03-26 16:50:00,3019.61,3019.74,3016.48,3018.13,384.0
2025-03-26 16:55:00,3018.1,3019.46,3017.45,3017.51,356.0
2025-03-26 17:00:00,3017.6,3017.6,3012.45,3013.53,495.0
2025-03-26 17:05:00,3013.54,3016.79,3012.64,3016.32,463.0
2025-03-26 17:10:00,3016.18,3017.59,3015.99,3017.48,381.0
2025-03-26 17:15:00,3017.48,3018.91,3016.51,3017.06,398.0
2025-03-26 17:20:00,3017.09,3017.95,3015.41,3015.47,368.0
2025-03-26 17:25:00,3015.5,3017.17,3015.2,3016.24,332.0
2025-03-26 17:30:00,3016.36,3017.94,3016.05,3017.1,259.0
2025-03-26 17:35:00,3017.1,3018.81,3017.03,3017.85,305.0
2025-03-26 17:40:00,3017.81,3018.13,3015.95,3016.67,277.0
2025-03-26 17:45:00,3016.63,3017.91,3016.5,3017.38,294.0
2025-03-26 17:50:00,3017.4,3017.4,3015.54,3015.65,329.0
2025-03-26 17:55:00,3015.6,3016.23,3014.99,3015.85,385.0
2025-03-26 18:00:00,3015.96,3017.48,3015.85,3017.04,379.0
2025-03-26 18:05:00,3017.08,3017.64,3015.54,3016.26,329.0
2025-03-26 18:10:00,3016.2,3017.52,3015.76,3017.52,280.0
2025-03-26 18:15:00,3017.43,3018.56,3017.31,3018.24,335.0
2025-03-26 18:20:00,3018.26,3019.49,3017.14,3019.45,316.0
2025-03-26 18:25:00,3019.55,3020.0,3018.9,3019.1,336.0
2025-03-26 18:30:00,3018.95,3019.7,3018.01,3018.33,270.0
2025-03-26 18:35:00,3018.35,3019.04,3017.21,3017.21,299.0
2025-03-26 18:40:00,3017.17,3017.84,3015.5,3015.76,307.0
2025-03-26 18:45:00,3015.57,3017.19,3015.57,3016.47,339.0
2025-03-26 18:50:00,3016.45,3017.29,3016.32,3016.52,316.0
2025-03-26 18:55:00,3016.51,3016.57,3015.2,3015.58,328.0
2025-03-26 19:00:00,3015.57,3016.14,3015.29,3015.34,311.0
2025-03-26 19:05:00,3015.35,3016.27,3015.21,3016.09,244.0
2025-03-26 19:10:00,3016.1,3016.92,3015.92,3016.9,291.0
2025-03-26 19:15:00,3016.9,3017.94,3016.38,3016.9,334.0
2025-03-26 19:20:00,3016.95,3017.99,3016.95,3017.99,368.0
2025-03-26 19:25:00,3018.02,3018.09,3016.69,3016.77,359.0
2025-03-26 19:30:00,3016.85,3016.85,3015.58,3016.6,317.0
2025-03-26 19:35:00,3016.61,3018.95,3016.25,3018.61,290.0
2025-03-26 19:40:00,3018.58,3019.01,3017.69,3018.01,324.0
2025-03-26 19:45:00,3018.01,3018.09,3016.7,3017.13,270.0
2025-03-26 19:50:00,3017.13,3017.55,3016.54,3017.23,297.0
2025-03-26 19:55:00,3017.22,3018.81,3017.19,3018.72,230.0
2025-03-26 20:00:00,3018.84,3020.06,3018.7,3019.95,274.0
2025-03-26 20:05:00,3019.94,3020.84,3019.27,3020.32,297.0
2025-03-26 20:10:00,3020.36,3020.36,3019.43,3019.8,297.0
2025-03-26 20:15:00,3019.81,3020.47,3019.42,3019.77,285.0
2025-03-26 20:20:00,3019.75,3020.37,3019.49,3020.18,302.0
2025-03-26 20:25:00,3020.19,3020.74,3019.95,3020.59,278.0
2025-03-26 20:30:00,3020.59,3020.75,3019.23,3019.28,298.0
2025-03-26 20:35:00,3019.29,3019.82,3018.99,3019.01,255.0
2025-03-26 20:40:00,3019.01,3020.27,3019.01,3019.91,212.0
2025-03-26 20:45:00,3019.92,3020.03,3018.89,3019.05,216.0
2025-03-26 20:50:00,3019.04,3019.13,3018.12,3019.12,284.0
2025-03-26 20:55:00,3019.11,3019.12,3018.16,3018.3,271.0
2025-03-26 21:00:00,3018.28,3019.03,3017.69,3017.86,266.0
2025-03-26 21:05:00,3017.84,3017.96,3016.96,3017.28,264.0
2025-03-26 21:10:00,3017.25,3017.36,3015.76,3016.89,299.0
2025-03-26 21:15:00,3016.94,3017.19,3016.36,3016.88,325.0
2025-03-26 21:20:00,3016.91,3018.36,3016.91,3017.59,280.0
2025-03-26 21:25:00,3017.59,3017.72,3017.04,3017.31,301.0
2025-03-26 21:30:00,3017.29,3017.7,3016.42,3017.05,270.0
2025-03-26 21:35:00,3017.07,3017.56,3016.04,3016.3,294.0
2025-03-26 21:40:00,3016.28,3016.85,3015.99,3016.64,263.0
2025-03-26 21:45:00,3016.72,3017.27,3016.68,3017.09,289.0
2025-03-26 21:50:00,3017.04,3017.78,3016.36,3017.78,348.0
2025-03-26 21:55:00,3017.63,3018.21,3017.1,3017.3,343.0
2025-03-26 22:00:00,3017.3,3018.62,3017.18,3018.4,149.0
2025-03-26 22:05:00,3018.41,3018.76,3018.31,3018.59,109.0
2025-03-26 22:10:00,3018.59,3020.17,3018.35,3019.84,134.0
2025-03-26 22:15:00,3019.85,3020.36,3019.43,3019.6,142.0
2025-03-26 22:20:00,3019.66,3020.43,3019.28,3019.41,131.0
2025-03-26 22:25:00,3019.38,3019.92,3019.34,3019.61,77.0
2025-03-26 22:30:00,3019.6,3019.91,3019.45,3019.74,69.0
2025-03-26 22:35:00,3019.62,3021.64,3018.9,3021.14,144.0
2025-03-26 22:40:00,3021.13,3021.79,3020.09,3020.26,165.0
2025-03-26 22:45:00,3020.26,3021.04,3020.05,3020.16,116.0
2025-03-26 22:50:00,3020.16,3020.37,3019.25,3019.39,102.0
2025-03-26 22:55:00,3019.26,3019.44,3018.58,3018.85,194.0
2025-03-27 00:00:00,3019.04,3020.49,3017.6,3020.03,490.0
2025-03-27 00:05:00,3020.02,3020.4,3018.4,3018.4,128.0
2025-03-27 00:10:00,3018.66,3019.76,3018.47,3018.52,137.0
2025-03-27 00:15:00,3018.35,3021.04,3018.04,3020.84,189.0
2025-03-27 00:20:00,3020.84,3020.98,3020.33,3020.57,121.0
2025-03-27 00:25:00,3020.62,3020.98,3020.34,3020.55,115.0
2025-03-27 00:30:00,3020.55,3020.56,3020.01,3020.26,140.0
2025-03-27 00:35:00,3020.21,3020.43,3019.56,3019.69,130.0
2025-03-27 00:40:00,3019.65,3020.84,3018.53,3019.53,138.0
2025-03-27 00:45:00,3019.61,3020.27,3019.18,3020.0,103.0
2025-03-27 00:50:00,3019.97,3020.09,3019.07,3019.65,81.0
2025-03-27 00:55:00,3019.67,3019.72,3018.87,3019.44,78.0
2025-03-27 01:00:00,3019.49,3019.57,3018.48,3018.71,111.0
2025-03-27 01:05:00,3018.71,3019.64,3017.6,3019.64,196.0
2025-03-27 01:10:00,3019.66,3020.45,3019.37,3019.49,161.0
2025-03-27 01:15:00,3019.47,3019.5,3018.59,3018.73,120.0
2025-03-27 01:20:00,3018.71,3019.96,3018.32,3019.68,152.0
2025-03-27 01:25:00,3019.62,3020.65,3018.99,3020.63,175.0
2025-03-27 01:30:00,3020.61,3021.07,3020.29,3020.74,149.0
2025-03-27 01:35:00,3020.71,3021.17,3019.8,3019.94,192.0
2025-03-27 01:40:00,3019.91,3020.45,3019.72,3020.36,100.0
2025-03-27 01:45:00,3020.41,3021.56,3020.41,3021.54,149.0
2025-03-27 01:50:00,3021.53,3021.69,3021.26,3021.38,121.0
2025-03-27 01:55:00,3021.4,3021.72,3021.17,3021.71,122.0
2025-03-27 02:00:00,3021.69,3023.98,3021.64,3023.87,265.0
2025-03-27 02:05:00,3023.97,3025.13,3022.66,3022.72,292.0
2025-03-27 02:10:00,3022.74,3023.54,3022.52,3023.35,238.0
2025-03-27 02:15:00,3023.3,3023.3,3022.45,3022.65,143.0
2025-03-27 02:20:00,3022.65,3023.68,3022.42,3023.55,141.0
2025-03-27 02:25:00,3023.58,3023.66,3022.7,3023.36,187.0
2025-03-27 02:30:00,3023.34,3023.74,3022.11,3022.14,149.0
2025-03-27 02:35:00,3022.14,3022.29,3021.71,3021.9,171.0
2025-03-27 02:40:00,3021.77,3023.31,3021.77,3023.18,152.0
2025-03-27 02:45:00,3023.18,3024.01,3023.06,3023.76,165.0
2025-03-27 02:50:00,3023.76,3024.9,3023.7,3024.84,160.0
2025-03-27 02:55:00,3024.84,3025.79,3024.48,3025.39,246.0
2025-03-27 03:00:00,3025.41,3027.17,3025.27,3026.47,373.0
2025-03-27 03:05:00,3026.47,3027.25,3025.73,3025.84,325.0
2025-03-27 03:10:00,3025.85,3026.45,3025.05,3025.59,326.0
2025-03-27 03:15:00,3025.65,3026.62,3024.98,3026.45,330.0
2025-03-27 03:20:00,3026.47,3027.82,3026.2,3027.35,328.0
2025-03-27 03:25:00,3027.36,3028.36,3026.7,3027.0,293.0
2025-03-27 03:30:00,3027.02,3027.44,3025.84,3025.84,274.0
2025-03-27 03:35:00,3025.8,3027.49,3025.34,3026.45,297.0
2025-03-27 03:40:00,3026.16,3027.03,3024.3,3024.66,367.0
2025-03-27 03:45:00,3024.62,3025.45,3023.39,3024.07,361.0
2025-03-27 03:50:00,3024.02,3024.27,3023.58,3024.03,312.0
2025-03-27 03:55:00,3024.02,3024.2,3022.97,3023.55,274.0
2025-03-27 04:00:00,3023.54,3024.92,3023.34,3024.84,288.0
2025-03-27 04:05:00,3024.87,3026.05,3024.8,3025.98,316.0
2025-03-27 04:10:00,3025.99,3026.61,3025.6,3026.16,275.0
2025-03-27 04:15:00,3026.16,3026.91,3026.06,3026.7,235.0
2025-03-27 04:20:00,3026.75,3027.61,3026.44,3027.34,247.0
2025-03-27 04:25:00,3027.31,3027.55,3026.6,3027.32,256.0
2025-03-27 04:30:00,3027.3,3028.74,3027.1,3028.66,319.0
2025-03-27 04:35:00,3028.67,3030.36,3028.67,3030.15,378.0
2025-03-27 04:40:00,3030.18,3032.84,3029.74,3031.35,393.0
2025-03-27 04:45:00,3031.35,3031.68,3029.53,3030.74,363.0
2025-03-27 04:50:00,3030.88,3031.88,3030.31,3031.73,329.0
2025-03-27 04:55:00,3031.74,3032.15,3031.1,3031.73,332.0
2025-03-27 05:00:00,3031.7,3031.97,3030.15,3030.26,314.0
2025-03-27 05:05:00,3030.18,3031.18,3029.75,3030.35,255.0
2025-03-27 05:10:00,3030.41,3031.74,3030.1,3031.34,279.0
2025-03-27 05:15:00,3031.38,3031.96,3030.86,3030.99,262.0
2025-03-27 05:20:00,3031.0,3032.28,3031.0,3031.45,260.0
2025-03-27 05:25:00,3031.35,3032.01,3031.0,3031.93,257.0
2025-03-27 05:30:00,3031.94,3032.55,3031.37,3031.38,165.0
2025-03-27 05:35:00,3031.42,3032.21,3030.99,3032.21,172.0
2025-03-27 05:40:00,3032.2,3033.48,3031.97,3032.58,229.0
2025-03-27 05:45:00,3032.6,3033.11,3032.23,3032.46,169.0
2025-03-27 05:50:00,3032.44,3033.2,3032.29,3033.12,128.0
2025-03-27 05:55:00,3033.18,3034.25,3033.04,3033.61,225.0
2025-03-27 06:00:00,3033.55,3033.9,3033.05,3033.8,185.0
2025-03-27 06:05:00,3033.8,3035.86,3033.52,3035.05,237.0
2025-03-27 06:10:00,3035.05,3035.6,3034.38,3035.07,221.0
2025-03-27 06:15:00,3035.13,3035.36,3034.41,3035.21,203.0
2025-03-27 06:20:00,3035.22,3035.9,3034.62,3035.9,218.0
2025-03-27 06:25:00,3035.9,3037.51,3035.8,3037.26,248.0
2025-03-27 06:30:00,3037.21,3037.75,3036.7,3037.32,278.0
2025-03-27 06:35:00,3037.33,3038.54,3035.84,3035.9,239.0
2025-03-27 06:40:00,3035.85,3035.96,3034.4,3034.62,304.0
2025-03-27 06:45:00,3034.48,3034.71,3032.23,3032.47,337.0
2025-03-27 06:50:00,3032.53,3033.7,3031.79,3033.51,233.0
2025-03-27 06:55:00,3033.53,3034.27,3033.33,3034.19,210.0
2025-03-27 07:00:00,3034.18,3034.74,3033.61,3033.61,203.0
2025-03-27 07:05:00,3033.61,3034.2,3032.15,3032.46,269.0
2025-03-27 07:10:00,3032.34,3033.8,3031.81,3033.79,242.0
2025-03-27 07:15:00,3033.78,3035.31,3033.67,3035.25,259.0
2025-03-27 07:20:00,3035.28,3035.82,3034.52,3034.52,233.0
2025-03-27 07:25:00,3034.5,3034.5,3032.51,3032.56,249.0
2025-03-27 07:30:00,3032.44,3033.6,3031.6,3033.47,255.0
2025-03-27 07:35:00,3033.48,3034.99,3032.34,3034.74,289.0
2025-03-27 07:40:00,3034.86,3035.48,3033.23,3033.24,338.0
2025-03-27 07:45:00,3033.22,3033.25,3031.51,3032.31,294.0
2025-03-27 07:50:00,3032.3,3032.66,3030.59,3030.88,328.0
2025-03-27 07:55:00,3030.94,3031.67,3029.35,3029.73,350.0
2025-03-27 08:00:00,3029.68,3031.99,3027.94,3031.9,387.0
2025-03-27 08:05:00,3031.96,3033.2,3029.19,3029.38,337.0
2025-03-27 08:10:00,3029.35,3030.55,3028.41,3030.19,305.0
2025-03-27 08:15:00,3030.18,3031.01,3029.23,3029.85,273.0
2025-03-27 08:20:00,3029.8,3030.18,3028.89,3028.93,294.0
2025-03-27 08:25:00,3028.96,3029.33,3027.48,3027.95,309.0
2025-03-27 08:30:00,3027.83,3028.67,3027.64,3028.13,308.0
2025-03-27 08:35:00,3028.19,3028.56,3027.41,3027.78,285.0
2025-03-27 08:40:00,3027.99,3028.25,3027.35,3027.78,290.0
2025-03-27 08:45:00,3027.65,3028.93,3026.81,3028.68,331.0
2025-03-27 08:50:00,3028.86,3030.11,3028.72,3030.03,324.0
2025-03-27 08:55:00,3029.96,3030.21,3028.3,3029.88,369.0
2025-03-27 09:00:00,3029.65,3031.58,3029.17,3030.95,393.0
2025-03-27 09:05:00,3031.03,3034.09,3031.03,3033.04,363.0
2025-03-27 09:10:00,3033.08,3033.58,3031.02,3031.63,347.0
2025-03-27 09:15:00,3031.62,3032.56,3031.05,3032.0,335.0
2025-03-27 09:20:00,3031.99,3032.46,3031.05,3031.51,296.0
2025-03-27 09:25:00,3031.41,3031.79,3030.9,3031.16,314.0
2025-03-27 09:30:00,3031.16,3031.34,3029.61,3030.31,320.0
2025-03-27 09:35:00,3030.23,3032.35,3030.23,3032.35,251.0
2025-03-27 09:40:00,3032.46,3033.69,3032.21,3033.5,306.0
2025-03-27 09:45:00,3033.51,3035.49,3032.54,3034.1,369.0
2025-03-27 09:50:00,3034.11,3036.7,3033.73,3036.06,413.0
2025-03-27 09:55:00,3035.9,3036.64,3035.57,3035.97,382.0
2025-03-27 10:00:00,3035.94,3036.56,3034.35,3036.55,431.0
2025-03-27 10:05:00,3036.52,3037.7,3035.72,3037.47,395.0
2025-03-27 10:10:00,3037.56,3037.87,3036.33,3037.71,365.0
2025-03-27 10:15:00,3037.61,3037.61,3036.46,3037.12,296.0
2025-03-27 10:20:00,3037.09,3038.0,3035.52,3036.49,366.0
2025-03-27 10:25:00,3036.5,3036.96,3035.44,3036.14,319.0
2025-03-27 10:30:00,3035.92,3036.7,3034.52,3034.66,311.0
2025-03-27 10:35:00,3034.66,3035.13,3033.86,3034.43,318.0
2025-03-27 10:40:00,3034.22,3034.74,3033.83,3033.96,266.0
2025-03-27 10:45:00,3033.89,3035.96,3033.66,3035.89,292.0
2025-03-27 10:50:00,3035.99,3037.49,3035.93,3037.08,370.0
2025-03-27 10:55:00,3037.07,3037.37,3035.58,3036.12,335.0
2025-03-27 11:00:00,3036.19,3038.29,3035.48,3037.12,335.0
2025-03-27 11:05:00,3037.08,3037.19,3035.95,3036.86,257.0
2025-03-27 11:10:00,3036.91,3037.25,3036.48,3036.6,232.0
2025-03-27 11:15:00,3036.48,3036.75,3035.5,3036.74,302.0
2025-03-27 11:20:00,3036.68,3036.98,3035.43,3035.52,301.0
2025-03-27 11:25:00,3035.49,3035.91,3034.66,3035.85,290.0
2025-03-27 11:30:00,3035.8,3036.05,3035.04,3035.95,284.0
2025-03-27 11:35:00,3035.96,3036.73,3035.95,3036.01,173.0
2025-03-27 11:40:00,3036.1,3036.6,3034.92,3035.66,208.0
2025-03-27 11:45:00,3035.64,3037.29,3035.05,3037.25,275.0
2025-03-27 11:50:00,3037.16,3038.37,3037.09,3038.01,217.0
2025-03-27 11:55:00,3038.01,3041.03,3037.93,3039.94,379.0
2025-03-27 12:00:00,3039.98,3043.25,3039.82,3041.63,381.0
2025-03-27 12:05:00,3041.6,3046.06,3041.57,3045.04,380.0
2025-03-27 12:10:00,3045.12,3046.56,3045.1,3046.02,367.0
2025-03-27 12:15:00,3046.02,3050.8,3046.02,3049.7,406.0
2025-03-27 12:20:00,3049.64,3050.94,3047.31,3050.86,411.0
2025-03-27 12:25:00,3050.6,3053.3,3050.52,3052.12,366.0
2025-03-27 12:30:00,3052.19,3054.47,3050.98,3053.0,409.0
2025-03-27 12:35:00,3053.07,3055.78,3052.42,3052.42,361.0
2025-03-27 12:40:00,3052.35,3054.42,3051.86,3052.45,363.0
2025-03-27 12:45:00,3052.48,3054.43,3051.46,3054.29,414.0
2025-03-27 12:50:00,3054.26,3054.67,3052.64,3052.86,356.0
2025-03-27 12:55:00,3052.83,3052.85,3051.33,3051.43,385.0
2025-03-27 13:00:00,3051.46,3052.96,3050.46,3052.03,380.0
2025-03-27 13:05:00,3052.04,3053.5,3051.61,3052.36,306.0
2025-03-27 13:10:00,3052.34,3054.17,3051.95,3053.24,370.0
2025-03-27 13:15:00,3053.23,3055.65,3051.94,3052.53,354.0
2025-03-27 13:20:00,3052.58,3052.58,3051.2,3051.42,300.0
2025-03-27 13:25:00,3051.37,3051.53,3048.81,3049.81,367.0
2025-03-27 13:30:00,3049.85,3052.76,3049.84,3052.42,332.0
2025-03-27 13:35:00,3052.41,3052.88,3051.05,3052.34,264.0
2025-03-27 13:40:00,3052.35,3053.4,3052.21,3052.54,222.0
2025-03-27 13:45:00,3052.54,3053.12,3051.94,3052.63,246.0
2025-03-27 13:50:00,3052.64,3054.65,3052.5,3054.02,336.0
2025-03-27 13:55:00,3054.06,3055.44,3053.23,3054.57,346.0
2025-03-27 14:00:00,3054.62,3055.91,3054.62,3054.77,305.0
2025-03-27 14:05:00,3054.78,3055.07,3053.78,3054.34,302.0
2025-03-27 14:10:00,3054.42,3054.63,3051.88,3053.41,335.0
2025-03-27 14:15:00,3053.47,3053.63,3051.51,3052.97,360.0
2025-03-27 14:20:00,3052.85,3054.27,3049.97,3050.1,394.0
2025-03-27 14:25:00,3050.03,3051.23,3049.28,3050.71,336.0
2025-03-27 14:30:00,3050.71,3052.04,3048.29,3050.99,395.0
2025-03-27 14:35:00,3050.96,3051.55,3047.1,3048.96,408.0
2025-03-27 14:40:00,3049.03,3049.68,3047.26,3049.66,369.0
2025-03-27 14:45:00,3049.82,3051.61,3049.26,3050.57,387.0
2025-03-27 14:50:00,3050.58,3050.75,3049.1,3049.53,350.0
2025-03-27 14:55:00,3049.32,3050.56,3048.82,3050.05,372.0
2025-03-27 15:00:00,3050.48,3051.22,3047.17,3051.12,502.0
2025-03-27 15:05:00,3050.93,3052.12,3047.55,3048.57,471.0
2025-03-27 15:10:00,3048.61,3048.64,3044.93,3046.07,470.0
2025-03-27 15:15:00,3046.09,3046.61,3041.31,3041.47,449.0
2025-03-27 15:20:00,3041.14,3042.51,3038.28,3039.5,498.0
2025-03-27 15:25:00,3039.54,3043.27,3039.34,3042.38,479.0
2025-03-27 15:30:00,3042.46,3043.17,3038.21,3038.69,484.0
2025-03-27 15:35:00,3038.62,3039.12,3034.93,3037.25,498.0
2025-03-27 15:40:00,3037.16,3037.88,3033.45,3037.12,494.0
2025-03-27 15:45:00,3036.96,3038.25,3034.39,3034.94,477.0
2025-03-27 15:50:00,3034.88,3039.04,3034.09,3038.83,485.0
2025-03-27 15:55:00,3038.83,3040.7,3037.86,3040.55,415.0
2025-03-27 16:00:00,3040.49,3044.95,3040.49,3044.95,470.0
2025-03-27 16:05:00,3045.25,3046.52,3042.33,3043.13,464.0
2025-03-27 16:10:00,3043.1,3047.29,3042.38,3047.18,474.0
2025-03-27 16:15:00,3047.29,3049.9,3046.27,3049.89,480.0
2025-03-27 16:20:00,3049.93,3050.72,3047.74,3049.54,401.0
2025-03-27 16:25:00,3049.41,3051.07,3048.75,3050.71,476.0
2025-03-27 16:30:00,3050.59,3051.98,3049.87,3051.24,429.0
2025-03-27 16:35:00,3051.25,3058.08,3050.31,3055.93,418.0
2025-03-27 16:40:00,3056.11,3056.53,3053.55,3055.11,490.0
2025-03-27 16:45:00,3055.1,3059.26,3054.22,3058.97,516.0
2025-03-27 16:50:00,3058.95,3059.56,3055.45,3058.08,477.0
2025-03-27 16:55:00,3058.15,3058.86,3056.16,3057.64,482.0
2025-03-27 17:00:00,3058.17,3058.57,3053.06,3053.75,479.0
2025-03-27 17:05:00,3053.8,3055.39,3053.4,3054.22,402.0
2025-03-27 17:10:00,3054.25,3056.27,3053.26,3055.83,434.0
2025-03-27 17:15:00,3055.82,3057.28,3055.3,3056.32,510.0
2025-03-27 17:20:00,3056.38,3057.23,3053.69,3053.91,437.0
2025-03-27 17:25:00,3053.99,3056.28,3053.29,3054.6,424.0
2025-03-27 17:30:00,3054.61,3057.23,3053.76,3057.09,467.0
2025-03-27 17:35:00,3057.12,3059.24,3056.5,3057.42,485.0
2025-03-27 17:40:00,3057.42,3058.78,3057.13,3058.11,458.0
2025-03-27 17:45:00,3057.93,3058.74,3057.23,3058.14,455.0
2025-03-27 17:50:00,3058.17,3058.8,3053.59,3054.45,453.0
2025-03-27 17:55:00,3054.36,3054.49,3051.5,3052.22,432.0
2025-03-27 18:00:00,3052.02,3052.47,3049.99,3051.72,443.0
2025-03-27 18:05:00,3051.72,3053.64,3051.44,3052.47,448.0
2025-03-27 18:10:00,3052.49,3053.18,3050.99,3052.11,408.0
2025-03-27 18:15:00,3052.14,3052.67,3050.89,3051.26,365.0
2025-03-27 18:20:00,3051.26,3053.29,3050.55,3052.92,423.0
2025-03-27 18:25:00,3052.95,3054.2,3052.68,3053.05,409.0
2025-03-27 18:30:00,3052.9,3053.01,3050.67,3050.93,399.0
2025-03-27 18:35:00,3050.81,3052.45,3050.63,3051.38,379.0
2025-03-27 18:40:00,3051.37,3051.39,3049.72,3051.31,402.0
2025-03-27 18:45:00,3051.34,3052.22,3049.69,3049.8,381.0
2025-03-27 18:50:00,3049.8,3050.43,3047.87,3049.8,432.0
2025-03-27 18:55:00,3049.85,3050.15,3048.27,3048.27,337.0
2025-03-27 19:00:00,3048.25,3051.11,3048.25,3050.77,392.0
2025-03-27 19:05:00,3050.74,3052.24,3049.99,3050.19,332.0
2025-03-27 19:10:00,3050.24,3051.99,3050.04,3050.94,347.0
2025-03-27 19:15:00,3050.96,3051.9,3050.67,3051.46,312.0
2025-03-27 19:20:00,3051.36,3051.47,3049.51,3050.47,305.0
2025-03-27 19:25:00,3050.52,3050.52,3048.27,3048.8,379.0
2025-03-27 19:30:00,3048.72,3050.49,3047.65,3049.68,368.0
2025-03-27 19:35:00,3049.62,3050.94,3049.62,3050.47,369.0
2025-03-27 19:40:00,3050.44,3050.54,3049.63,3049.75,307.0
2025-03-27 19:45:00,3049.81,3051.38,3049.52,3051.33,307.0
2025-03-27 19:50:00,3051.4,3053.07,3051.26,3052.5,352.0
2025-03-27 19:55:00,3052.54,3053.23,3052.37,3052.87,314.0
2025-03-27 20:00:00,3052.79,3053.44,3052.74,3053.04,254.0
2025-03-27 20:05:00,3053.01,3054.35,3052.94,3053.93,351.0
2025-03-27 20:10:00,3053.89,3054.97,3053.56,3054.52,279.0
2025-03-27 20:15:00,3054.53,3054.85,3053.82,3054.4,249.0
2025-03-27 20:20:00,3054.41,3054.5,3053.9,3054.22,271.0
2025-03-27 20:25:00,3054.37,3055.85,3054.17,3054.81,319.0
2025-03-27 20:30:00,3054.81,3056.16,3054.81,3056.07,300.0
2025-03-27 20:35:00,3056.0,3056.43,3055.57,3056.27,251.0
2025-03-27 20:40:00,3056.28,3057.35,3056.04,3057.34,300.0
2025-03-27 20:45:00,3057.4,3057.6,3056.02,3056.26,306.0
2025-03-27 20:50:00,3056.26,3057.1,3056.11,3056.89,267.0
2025-03-27 20:55:00,3056.88,3057.1,3055.84,3055.87,333.0
2025-03-27 21:00:00,3055.92,3055.92,3054.96,3055.76,298.0
2025-03-27 21:05:00,3055.6,3056.52,3055.6,3056.41,280.0
2025-03-27 21:10:00,3056.49,3057.32,3056.42,3057.1,292.0
2025-03-27 21:15:00,3057.11,3057.23,3056.58,3056.66,287.0
2025-03-27 21:20:00,3056.65,3057.25,3056.41,3057.11,301.0
2025-03-27 21:25:00,3057.05,3057.7,3056.99,3057.03,266.0
2025-03-27 21:30:00,3056.99,3057.21,3056.39,3057.14,259.0
2025-03-27 21:35:00,3056.87,3057.19,3056.42,3056.64,276.0
2025-03-27 21:40:00,3056.65,3057.48,3056.43,3057.08,327.0
2025-03-27 21:45:00,3057.02,3057.75,3056.94,3057.61,301.0
2025-03-27 21:50:00,3057.77,3057.81,3057.14,3057.47,313.0
2025-03-27 21:55:00,3057.42,3057.85,3057.14,3057.52,355.0
2025-03-27 22:00:00,3057.47,3057.53,3056.63,3057.13,132.0
2025-03-27 22:05:00,3057.16,3057.25,3055.82,3056.25,121.0
2025-03-27 22:10:00,3056.29,3056.7,3056.03,3056.52,111.0
2025-03-27 22:15:00,3056.52,3056.52,3055.09,3055.41,122.0
2025-03-27 22:20:00,3055.42,3056.5,3055.35,3056.37,109.0
2025-03-27 22:25:00,3056.37,3056.61,3056.16,3056.41,75.0
2025-03-27 22:30:00,3056.41,3056.62,3056.11,3056.28,86.0
2025-03-27 22:35:00,3056.21,3056.98,3056.21,3056.61,81.0
2025-03-27 22:40:00,3056.59,3056.62,3056.08,3056.28,92.0
2025-03-27 22:45:00,3056.12,3056.78,3055.91,3056.37,94.0
2025-03-27 22:50:00,3056.33,3057.06,3056.09,3056.95,124.0
2025-03-27 22:55:00,3056.33,3056.44,3056.08,3056.42,138.0
2025-03-28 00:00:00,3056.31,3056.34,3055.63,3055.81,204.0
2025-03-28 00:05:00,3055.79,3056.95,3055.79,3056.57,99.0
2025-03-28 00:10:00,3056.49,3056.49,3055.18,3055.24,77.0
2025-03-28 00:15:00,3055.16,3055.36,3054.59,3055.35,78.0
2025-03-28 00:20:00,3055.11,3055.81,3054.64,3055.65,66.0
2025-03-28 00:25:00,3055.65,3056.45,3055.48,3056.37,67.0
2025-03-28 00:30:00,3056.39,3056.73,3055.69,3056.5,106.0
2025-03-28 00:35:00,3056.49,3057.56,3056.42,3056.45,100.0
2025-03-28 00:40:00,3056.41,3057.1,3055.75,3055.75,122.0
2025-03-28 00:45:00,3055.79,3055.92,3055.31,3055.82,85.0
2025-03-28 00:50:00,3055.83,3056.31,3055.53,3055.69,79.0
2025-03-28 00:55:00,3055.65,3055.7,3053.75,3055.0,113.0
2025-03-28 01:00:00,3055.11,3055.14,3054.44,3054.46,101.0
2025-03-28 01:05:00,3054.4,3054.77,3054.24,3054.37,94.0
2025-03-28 01:10:00,3054.4,3054.63,3054.17,3054.47,69.0
2025-03-28 01:15:00,3054.49,3055.23,3054.46,3054.84,80.0
2025-03-28 01:20:00,3054.84,3054.93,3054.21,3054.59,95.0
2025-03-28 01:25:00,3054.61,3054.71,3054.3,3054.53,96.0
2025-03-28 01:30:00,3054.61,3054.99,3054.22,3054.53,91.0
2025-03-28 01:35:00,3054.59,3054.99,3054.41,3054.99,76.0
2025-03-28 01:40:00,3055.0,3055.22,3054.67,3055.22,92.0
2025-03-28 01:45:00,3055.19,3056.03,3055.05,3055.82,102.0
2025-03-28 01:50:00,3055.76,3055.76,3054.79,3055.57,103.0
2025-03-28 01:55:00,3055.57,3056.11,3055.48,3055.65,117.0
2025-03-28 02:00:00,3055.55,3056.92,3055.01,3056.92,143.0
2025-03-28 02:05:00,3057.27,3059.75,3057.09,3059.75,195.0
2025-03-28 02:10:00,3059.78,3061.94,3057.95,3058.26,272.0
2025-03-28 02:15:00,3058.21,3060.34,3058.06,3060.28,227.0
2025-03-28 02:20:00,3060.28,3062.84,3060.0,3062.68,219.0
2025-03-28 02:25:00,3062.67,3063.49,3062.04,3062.15,263.0
2025-03-28 02:30:00,3062.07,3062.9,3061.43,3062.36,260.0
2025-03-28 02:35:00,3062.4,3062.48,3060.74,3061.61,258.0
2025-03-28 02:40:00,3061.49,3061.89,3060.92,3061.59,176.0
2025-03-28 02:45:00,3061.61,3062.29,3061.15,3061.91,217.0
2025-03-28 02:50:00,3062.0,3063.01,3062.0,3062.17,197.0
2025-03-28 02:55:00,3062.13,3062.67,3061.83,3061.95,187.0
2025-03-28 03:00:00,3062.11,3064.1,3062.08,3063.92,405.0
2025-03-28 03:05:00,3064.34,3065.03,3063.08,3064.82,346.0
2025-03-28 03:10:00,3064.95,3066.31,3064.38,3066.31,231.0
2025-03-28 03:15:00,3066.05,3066.63,3065.28,3065.72,334.0
2025-03-28 03:20:00,3065.71,3066.05,3064.24,3065.75,322.0
2025-03-28 03:25:00,3065.76,3065.86,3064.85,3065.78,233.0
2025-03-28 03:30:00,3065.75,3068.91,3065.75,3066.57,349.0
2025-03-28 03:35:00,3066.62,3068.01,3066.34,3066.92,315.0
2025-03-28 03:40:00,3066.93,3069.3,3066.72,3068.72,302.0
2025-03-28 03:45:00,3068.72,3072.31,3068.28,3071.92,359.0
2025-03-28 03:50:00,3071.92,3072.79,3070.88,3072.34,337.0
2025-03-28 03:55:00,3072.51,3074.03,3071.64,3073.86,328.0
2025-03-28 04:00:00,3073.87,3075.54,3072.73,3075.07,281.0
2025-03-28 04:05:00,3075.04,3076.98,3074.59,3076.73,305.0
2025-03-28 04:10:00,3076.71,3077.36,3073.71,3073.84,349.0
2025-03-28 04:15:00,3073.85,3075.47,3073.59,3074.84,250.0
2025-03-28 04:20:00,3074.6,3075.87,3074.31,3075.75,248.0
2025-03-28 04:25:00,3075.85,3077.48,3074.92,3075.52,308.0
2025-03-28 04:30:00,3075.44,3075.58,3071.83,3072.16,358.0
2025-03-28 04:35:00,3072.05,3072.76,3071.04,3072.3,309.0
2025-03-28 04:40:00,3071.99,3072.18,3071.05,3071.21,237.0
2025-03-28 04:45:00,3071.22,3071.76,3070.13,3071.6,285.0
2025-03-28 04:50:00,3071.59,3071.97,3070.46,3071.56,247.0
2025-03-28 04:55:00,3071.65,3072.62,3071.27,3071.87,291.0
2025-03-28 05:00:00,3071.74,3072.42,3071.45,3071.53,285.0
2025-03-28 05:05:00,3071.52,3072.33,3070.43,3071.16,273.0
2025-03-28 05:10:00,3071.09,3071.98,3070.71,3071.1,276.0
2025-03-28 05:15:00,3071.11,3071.22,3069.97,3070.2,307.0
2025-03-28 05:20:00,3070.25,3072.24,3070.0,3072.11,276.0
2025-03-28 05:25:00,3072.12,3073.95,3072.09,3073.76,325.0
2025-03-28 05:30:00,3073.81,3074.16,3069.73,3071.11,284.0
2025-03-28 05:35:00,3071.13,3073.4,3070.42,3073.02,281.0
2025-03-28 05:40:00,3073.03,3073.04,3072.15,3072.35,217.0
2025-03-28 05:45:00,3072.57,3074.13,3072.31,3074.0,231.0
2025-03-28 05:50:00,3074.02,3074.52,3073.45,3074.31,242.0
2025-03-28 05:55:00,3074.29,3076.71,3074.1,3075.31,313.0
2025-03-28 06:00:00,3075.32,3075.39,3074.19,3074.35,241.0
2025-03-28 06:05:00,3074.03,3074.25,3073.4,3073.66,236.0
2025-03-28 06:10:00,3073.59,3073.61,3072.6,3072.84,207.0
2025-03-28 06:15:00,3072.79,3073.96,3072.74,3073.8,175.0
2025-03-28 06:20:00,3073.83,3073.86,3073.14,3073.67,170.0
2025-03-28 06:25:00,3073.68,3074.13,3073.47,3073.98,184.0
2025-03-28 06:30:00,3073.99,3074.25,3073.12,3073.35,139.0
2025-03-28 06:35:00,3073.38,3074.39,3073.38,3074.17,157.0
2025-03-28 06:40:00,3074.16,3075.32,3073.54,3073.63,247.0
2025-03-28 06:45:00,3073.73,3073.87,3072.98,3073.31,175.0
2025-03-28 06:50:00,3073.28,3073.59,3072.8,3073.24,125.0
2025-03-28 06:55:00,3073.19,3073.94,3072.79,3073.9,146.0
2025-03-28 07:00:00,3073.89,3074.47,3073.78,3074.15,151.0
2025-03-28 07:05:00,3074.15,3074.52,3073.79,3074.01,134.0
2025-03-28 07:10:00,3073.99,3073.99,3072.5,3072.9,272.0
2025-03-28 07:15:00,3072.9,3074.38,3072.87,3074.24,248.0
2025-03-28 07:20:00,3074.26,3075.76,3073.98,3075.63,247.0
2025-03-28 07:25:00,3075.65,3076.72,3075.1,3076.37,266.0
2025-03-28 07:30:00,3076.41,3077.92,3075.95,3077.76,326.0
2025-03-28 07:35:00,3077.76,3077.97,3077.1,3077.14,208.0
2025-03-28 07:40:00,3077.15,3079.23,3076.91,3077.95,272.0
2025-03-28 07:45:00,3077.96,3079.69,3077.08,3077.52,319.0
2025-03-28 07:50:00,3077.5,3079.89,3077.2,3079.5,335.0
2025-03-28 07:55:00,3079.5,3081.92,3077.82,3077.82,352.0
2025-03-28 08:00:00,3077.12,3079.86,3076.71,3079.86,359.0
2025-03-28 08:05:00,3079.71,3082.76,3079.49,3081.3,343.0
2025-03-28 08:10:00,3081.18,3081.78,3080.15,3080.43,280.0
2025-03-28 08:15:00,3080.41,3080.84,3079.31,3079.7,314.0
2025-03-28 08:20:00,3079.65,3080.72,3079.33,3080.43,269.0
2025-03-28 08:25:00,3080.5,3081.98,3080.16,3081.96,285.0
2025-03-28 08:30:00,3081.86,3083.3,3080.79,3081.38,339.0
2025-03-28 08:35:00,3081.34,3082.19,3080.3,3081.53,327.0
2025-03-28 08:40:00,3081.5,3082.79,3081.37,3082.26,307.0
2025-03-28 08:45:00,3082.26,3084.66,3082.19,3083.83,338.0
2025-03-28 08:50:00,3083.83,3084.88,3083.54,3084.24,256.0
2025-03-28 08:55:00,3084.26,3084.61,3083.48,3084.61,280.0
2025-03-28 09:00:00,3084.46,3084.78,3083.39,3084.41,287.0
2025-03-28 09:05:00,3084.1,3085.96,3083.41,3083.74,324.0
2025-03-28 09:10:00,3083.78,3084.65,3082.7,3083.41,299.0
2025-03-28 09:15:00,3083.36,3084.6,3082.61,3084.44,303.0
2025-03-28 09:20:00,3084.46,3085.65,3083.69,3084.53,295.0
2025-03-28 09:25:00,3084.63,3084.78,3082.17,3083.11,292.0
2025-03-28 09:30:00,3083.11,3083.2,3080.62,3080.72,303.0
2025-03-28 09:35:00,3080.65,3081.77,3080.22,3080.43,297.0
2025-03-28 09:40:00,3080.5,3082.27,3080.13,3082.1,312.0
2025-03-28 09:45:00,3082.25,3082.54,3079.11,3079.17,289.0
2025-03-28 09:50:00,3079.17,3080.62,3077.86,3080.35,279.0
2025-03-28 09:55:00,3080.32,3080.44,3078.53,3079.18,272.0
2025-03-28 10:00:00,3079.06,3081.2,3078.63,3079.12,303.0
2025-03-28 10:05:00,3078.97,3078.98,3075.69,3076.52,300.0
2025-03-28 10:10:00,3076.51,3076.53,3074.07,3075.03,293.0
2025-03-28 10:15:00,3075.06,3075.09,3072.04,3073.12,309.0
2025-03-28 10:20:00,3073.13,3074.19,3070.38,3071.06,288.0
2025-03-28 10:25:00,3071.1,3071.1,3066.23,3066.4,358.0
2025-03-28 10:30:00,3066.25,3069.66,3066.21,3069.1,312.0
2025-03-28 10:35:00,3069.12,3071.18,3069.02,3070.74,309.0
2025-03-28 10:40:00,3070.79,3071.54,3070.53,3071.21,295.0
2025-03-28 10:45:00,3071.21,3071.82,3070.33,3071.32,259.0
2025-03-28 10:50:00,3071.36,3072.3,3071.21,3072.24,239.0
2025-03-28 10:55:00,3072.21,3074.05,3072.14,3072.99,271.0
2025-03-28 11:00:00,3073.04,3073.64,3071.51,3071.67,260.0
2025-03-28 11:05:00,3071.65,3071.97,3070.17,3070.19,259.0
2025-03-28 11:10:00,3070.2,3072.17,3069.68,3072.02,271.0
2025-03-28 11:15:00,3072.06,3073.6,3071.53,3071.67,301.0
2025-03-28 11:20:00,3071.72,3072.67,3071.24,3072.26,293.0
2025-03-28 11:25:00,3072.2,3073.94,3072.11,3073.9,277.0
2025-03-28 11:30:00,3073.84,3073.9,3072.01,3073.35,267.0
2025-03-28 11:35:00,3073.31,3074.17,3072.76,3073.37,247.0
2025-03-28 11:40:00,3073.36,3076.08,3072.85,3075.06,299.0
2025-03-28 11:45:00,3075.1,3075.15,3072.76,3073.76,306.0
2025-03-28 11:50:00,3073.69,3073.69,3072.04,3072.58,245.0
2025-03-28 11:55:00,3072.54,3073.12,3072.44,3072.87,191.0
2025-03-28 12:00:00,3072.87,3074.2,3072.59,3073.36,250.0
2025-03-28 12:05:00,3073.25,3073.25,3071.06,3071.07,266.0
2025-03-28 12:10:00,3070.99,3072.05,3070.32,3072.05,255.0
2025-03-28 12:15:00,3072.07,3072.42,3069.5,3069.66,297.0
2025-03-28 12:20:00,3069.73,3070.62,3067.01,3069.59,354.0
2025-03-28 12:25:00,3069.64,3071.78,3069.63,3070.27,342.0
2025-03-28 12:30:00,3070.22,3071.17,3069.74,3070.72,238.0
2025-03-28 12:35:00,3070.64,3073.33,3070.36,3072.95,294.0
2025-03-28 12:40:00,3072.97,3074.59,3072.97,3073.71,283.0
2025-03-28 12:45:00,3073.68,3074.13,3073.47,3073.58,278.0
2025-03-28 12:50:00,3073.76,3074.52,3073.65,3074.3,295.0
2025-03-28 12:55:00,3074.21,3074.32,3073.59,3074.28,294.0
2025-03-28 13:00:00,3074.24,3075.94,3074.03,3075.8,314.0
2025-03-28 13:05:00,3075.79,3076.72,3074.56,3075.55,309.0
2025-03-28 13:10:00,3075.65,3076.8,3075.45,3076.76,259.0
2025-03-28 13:15:00,3076.79,3078.04,3076.36,3078.0,294.0
2025-03-28 13:20:00,3078.1,3078.31,3077.11,3078.09,307.0
2025-03-28 13:25:00,3078.13,3079.15,3077.99,3078.51,268.0
2025-03-28 13:30:00,3078.49,3079.19,3078.29,3078.83,218.0
2025-03-28 13:35:00,3078.8,3079.87,3077.38,3078.98,275.0
2025-03-28 13:40:00,3078.82,3079.19,3077.49,3077.78,238.0
2025-03-28 13:45:00,3077.77,3078.4,3077.19,3077.59,239.0
2025-03-28 13:50:00,3077.64,3078.62,3077.51,3077.96,240.0
2025-03-28 13:55:00,3078.04,3078.04,3076.12,3076.39,229.0
2025-03-28 14:00:00,3076.42,3076.45,3074.46,3074.86,274.0
2025-03-28 14:05:00,3074.85,3074.87,3073.63,3074.1,246.0
2025-03-28 14:10:00,3074.29,3076.81,3074.15,3076.37,316.0
2025-03-28 14:15:00,3076.24,3076.24,3074.48,3074.57,290.0
2025-03-28 14:20:00,3074.66,3075.94,3072.53,3075.71,325.0
2025-03-28 14:25:00,3075.85,3076.77,3075.09,3075.95,318.0
2025-03-28 14:30:00,3074.83,3078.38,3073.9,3078.12,364.0
2025-03-28 14:35:00,3078.11,3081.12,3078.11,3080.49,393.0
2025-03-28 14:40:00,3080.42,3080.6,3078.5,3080.13,346.0
2025-03-28 14:45:00,3080.14,3080.92,3078.86,3079.42,349.0
2025-03-28 14:50:00,3079.42,3081.86,3078.92,3080.87,366.0
2025-03-28 14:55:00,3080.9,3080.93,3077.15,3077.44,391.0
2025-03-28 15:00:00,3077.37,3078.94,3075.04,3077.62,428.0
2025-03-28 15:05:00,3077.41,3079.78,3074.47,3074.68,380.0
2025-03-28 15:10:00,3074.2,3075.94,3071.36,3073.77,420.0
2025-03-28 15:15:00,3073.68,3074.41,3070.8,3074.41,420.0
2025-03-28 15:20:00,3074.25,3074.97,3071.44,3073.49,385.0
2025-03-28 15:25:00,3073.36,3077.2,3073.08,3076.77,389.0
2025-03-28 15:30:00,3076.7,3079.39,3073.41,3075.2,444.0
2025-03-28 15:35:00,3074.85,3076.93,3071.35,3072.05,424.0
2025-03-28 15:40:00,3071.99,3078.64,3071.99,3075.76,430.0
2025-03-28 15:45:00,3075.47,3079.36,3074.57,3078.68,435.0
2025-03-28 15:50:00,3078.73,3082.98,3078.72,3082.56,433.0
2025-03-28 15:55:00,3082.54,3084.06,3081.01,3083.27,363.0
2025-03-28 16:00:00,3083.08,3086.06,3082.79,3084.92,411.0
2025-03-28 16:05:00,3084.99,3086.77,3081.17,3082.11,433.0
2025-03-28 16:10:00,3082.14,3084.31,3080.11,3080.57,436.0
2025-03-28 16:15:00,3080.43,3081.69,3077.96,3081.54,425.0
2025-03-28 16:20:00,3081.75,3084.15,3080.69,3082.16,423.0
2025-03-28 16:25:00,3081.99,3082.42,3075.54,3075.9,419.0
2025-03-28 16:30:00,3075.95,3076.39,3070.35,3073.44,466.0
2025-03-28 16:35:00,3073.81,3075.4,3068.03,3071.08,461.0
2025-03-28 16:40:00,3071.27,3074.72,3068.65,3074.03,435.0
2025-03-28 16:45:00,3074.2,3074.79,3070.06,3072.79,441.0
2025-03-28 16:50:00,3072.96,3074.1,3069.69,3070.95,424.0
2025-03-28 16:55:00,3070.82,3072.3,3068.15,3069.82,438.0
2025-03-28 17:00:00,3069.58,3072.73,3067.24,3072.09,436.0
2025-03-28 17:05:00,3072.05,3075.84,3070.33,3074.91,410.0
2025-03-28 17:10:00,3074.8,3075.64,3073.33,3074.81,389.0
2025-03-28 17:15:00,3074.69,3078.24,3074.63,3077.7,374.0
2025-03-28 17:20:00,3077.59,3080.24,3077.59,3079.74,369.0
2025-03-28 17:25:00,3079.67,3081.19,3079.19,3079.89,392.0
2025-03-28 17:30:00,3079.96,3081.49,3078.93,3079.93,355.0
2025-03-28 17:35:00,3079.86,3083.38,3079.86,3082.81,370.0
2025-03-28 17:40:00,3082.92,3083.61,3081.97,3083.53,379.0
2025-03-28 17:45:00,3083.48,3084.76,3082.72,3083.15,366.0
2025-03-28 17:50:00,3083.33,3084.44,3082.12,3083.8,361.0
2025-03-28 17:55:00,3083.81,3085.68,3083.53,3083.77,351.0
2025-03-28 18:00:00,3083.55,3086.68,3082.85,3085.9,326.0
2025-03-28 18:05:00,3085.61,3085.77,3083.24,3083.79,331.0
2025-03-28 18:10:00,3083.7,3084.07,3081.72,3083.9,369.0
2025-03-28 18:15:00,3083.56,3084.02,3082.74,3083.21,326.0
2025-03-28 18:20:00,3083.26,3084.3,3083.06,3084.04,308.0
2025-03-28 18:25:00,3083.89,3083.9,3080.46,3081.5,350.0
2025-03-28 18:30:00,3081.5,3084.7,3081.43,3083.75,318.0
2025-03-28 18:35:00,3083.72,3084.87,3082.85,3082.96,314.0
2025-03-28 18:40:00,3082.82,3084.48,3082.42,3082.92,325.0
2025-03-28 18:45:00,3082.96,3083.89,3081.47,3083.66,344.0
2025-03-28 18:50:00,3083.37,3084.94,3083.26,3083.92,299.0
2025-03-28 18:55:00,3083.94,3084.34,3082.55,3083.89,331.0
2025-03-28 19:00:00,3083.88,3085.52,3082.95,3085.01,317.0
2025-03-28 19:05:00,3084.91,3085.89,3084.71,3085.32,310.0
2025-03-28 19:10:00,3085.31,3085.74,3082.91,3083.07,257.0
2025-03-28 19:15:00,3083.09,3083.94,3082.0,3083.59,311.0
2025-03-28 19:20:00,3083.58,3085.67,3083.42,3084.31,297.0
2025-03-28 19:25:00,3084.29,3084.3,3080.52,3080.87,352.0
2025-03-28 19:30:00,3080.96,3082.34,3079.99,3082.32,312.0
2025-03-28 19:35:00,3082.47,3082.47,3079.77,3079.92,322.0
2025-03-28 19:40:00,3080.0,3080.99,3078.45,3078.55,321.0
2025-03-28 19:45:00,3078.51,3078.51,3076.08,3076.47,310.0
2025-03-28 19:50:00,3076.5,3077.91,3076.14,3076.99,298.0
2025-03-28 19:55:00,3076.95,3078.09,3076.6,3077.39,279.0
2025-03-28 20:00:00,3077.47,3079.04,3077.4,3077.97,292.0
2025-03-28 20:05:00,3078.35,3078.78,3077.66,3078.77,283.0
2025-03-28 20:10:00,3078.77,3079.86,3078.45,3079.76,267.0
2025-03-28 20:15:00,3079.73,3080.4,3078.91,3080.07,291.0
2025-03-28 20:20:00,3080.07,3080.4,3079.49,3079.9,242.0
2025-03-28 20:25:00,3079.88,3079.9,3078.51,3078.89,241.0
2025-03-28 20:30:00,3079.07,3079.68,3077.61,3077.61,240.0
2025-03-28 20:35:00,3077.57,3077.62,3074.43,3074.51,279.0
2025-03-28 20:40:00,3074.5,3076.2,3073.56,3075.6,278.0
2025-03-28 20:45:00,3075.63,3077.83,3075.63,3077.57,255.0
2025-03-28 20:50:00,3077.6,3079.56,3077.22,3079.21,269.0
2025-03-28 20:55:00,3079.17,3080.34,3079.17,3079.74,255.0
2025-03-28 21:00:00,3079.73,3081.14,3079.44,3081.0,330.0
2025-03-28 21:05:00,3080.99,3081.72,3080.64,3080.77,259.0
2025-03-28 21:10:00,3080.65,3081.1,3079.87,3080.11,278.0
2025-03-28 21:15:00,3080.09,3080.54,3079.78,3080.32,207.0
2025-03-28 21:20:00,3080.23,3080.44,3079.73,3080.28,250.0
2025-03-28 21:25:00,3080.26,3081.1,3079.84,3080.77,248.0
2025-03-28 21:30:00,3080.79,3081.48,3080.04,3080.85,282.0
2025-03-28 21:35:00,3080.86,3081.57,3080.73,3081.38,304.0
2025-03-28 21:40:00,3081.42,3081.85,3081.08,3081.18,290.0
2025-03-28 21:45:00,3081.24,3081.78,3080.26,3081.46,302.0
2025-03-28 21:50:00,3081.49,3081.55,3080.43,3081.48,314.0
2025-03-28 21:55:00,3081.3,3081.57,3080.57,3080.87,340.0
2025-03-28 22:00:00,3080.9,3082.16,3080.9,3081.77,172.0
2025-03-28 22:05:00,3082.01,3082.86,3081.33,3082.61,141.0
2025-03-28 22:10:00,3082.61,3083.17,3082.2,3083.06,116.0
2025-03-28 22:15:00,3083.08,3083.62,3082.22,3082.54,137.0
2025-03-28 22:20:00,3082.54,3082.91,3082.0,3082.58,137.0
2025-03-28 22:25:00,3082.58,3082.73,3081.98,3082.55,126.0
2025-03-28 22:30:00,3082.64,3085.15,3082.43,3084.45,149.0
2025-03-28 22:35:00,3084.52,3084.52,3081.7,3082.42,147.0
2025-03-28 22:40:00,3082.49,3083.61,3082.4,3083.39,85.0
2025-03-28 22:45:00,3083.36,3085.93,3083.17,3085.63,129.0
2025-03-28 22:50:00,3085.52,3085.88,3083.64,3084.01,159.0
2025-03-28 22:55:00,3084.32,3084.41,3083.36,3084.2,42.0
2025-03-31 01:00:00,3086.59,3093.42,3086.59,3092.49,733.0
2025-03-31 01:05:00,3092.49,3097.77,3091.5,3095.81,305.0
2025-03-31 01:10:00,3095.61,3095.62,3090.12,3090.66,314.0
2025-03-31 01:15:00,3090.75,3090.75,3089.12,3090.16,270.0
2025-03-31 01:20:00,3090.36,3091.76,3090.06,3090.94,208.0
2025-03-31 01:25:00,3090.87,3090.91,3089.29,3089.33,144.0
2025-03-31 01:30:00,3089.13,3089.75,3088.59,3089.04,209.0
2025-03-31 01:35:00,3088.94,3090.63,3088.93,3089.72,133.0
2025-03-31 01:40:00,3089.76,3090.0,3088.81,3089.39,120.0
2025-03-31 01:45:00,3089.29,3090.01,3089.02,3089.41,111.0
2025-03-31 01:50:00,3089.4,3089.98,3089.29,3089.84,108.0
2025-03-31 01:55:00,3089.86,3090.56,3089.52,3090.01,130.0
2025-03-31 02:00:00,3090.01,3090.76,3088.39,3088.72,216.0
2025-03-31 02:05:00,3088.62,3088.83,3087.96,3088.42,158.0
2025-03-31 02:10:00,3088.79,3090.48,3088.72,3089.91,154.0
2025-03-31 02:15:00,3090.03,3090.28,3089.17,3089.18,130.0
2025-03-31 02:20:00,3089.23,3089.84,3088.97,3089.82,94.0
2025-03-31 02:25:00,3089.8,3090.67,3089.06,3089.58,168.0
2025-03-31 02:30:00,3089.57,3089.87,3088.57,3088.91,166.0
2025-03-31 02:35:00,3088.94,3089.53,3087.8,3088.77,217.0
2025-03-31 02:40:00,3088.69,3088.88,3088.28,3088.81,213.0
2025-03-31 02:45:00,3088.76,3089.19,3088.3,3088.97,120.0
2025-03-31 02:50:00,3089.0,3089.35,3088.25,3089.24,151.0
2025-03-31 02:55:00,3089.17,3089.73,3088.64,3089.18,278.0
2025-03-31 03:00:00,3089.2,3089.71,3085.28,3085.56,273.0
2025-03-31 03:05:00,3085.72,3086.21,3084.65,3086.08,255.0
2025-03-31 03:10:00,3086.2,3087.53,3086.07,3087.27,194.0
2025-03-31 03:15:00,3087.28,3088.46,3086.5,3086.68,293.0
2025-03-31 03:20:00,3086.74,3086.89,3085.73,3085.91,213.0
2025-03-31 03:25:00,3085.95,3086.54,3082.66,3084.23,252.0
2025-03-31 03:30:00,3084.26,3084.51,3082.94,3082.98,276.0
2025-03-31 03:35:00,3083.0,3084.03,3083.0,3083.97,231.0
2025-03-31 03:40:00,3083.97,3084.29,3083.28,3083.86,211.0
2025-03-31 03:45:00,3083.86,3084.46,3083.12,3083.9,221.0
2025-03-31 03:50:00,3083.93,3083.97,3080.23,3080.35,289.0
2025-03-31 03:55:00,3080.31,3080.45,3077.49,3079.07,322.0
2025-03-31 04:00:00,3078.89,3080.13,3076.72,3079.83,409.0
2025-03-31 04:05:00,3079.87,3083.56,3079.74,3081.54,400.0
2025-03-31 04:10:00,3081.5,3081.8,3079.07,3080.93,337.0
2025-03-31 04:15:00,3080.56,3082.26,3078.91,3082.25,368.0
2025-03-31 04:20:00,3082.34,3089.38,3082.34,3088.65,375.0
2025-03-31 04:25:00,3088.9,3091.7,3088.08,3091.5,332.0
2025-03-31 04:30:00,3091.66,3095.34,3090.35,3094.76,385.0
2025-03-31 04:35:00,3094.91,3095.08,3089.9,3092.05,372.0
2025-03-31 04:40:00,3091.96,3092.71,3090.66,3091.98,313.0
2025-03-31 04:45:00,3091.97,3092.7,3090.25,3092.21,320.0
2025-03-31 04:50:00,3092.21,3093.62,3090.75,3092.71,291.0
2025-03-31 04:55:00,3092.69,3094.84,3091.6,3094.76,344.0
2025-03-31 05:00:00,3094.43,3097.92,3093.86,3096.26,337.0
2025-03-31 05:05:00,3096.24,3099.05,3095.68,3098.67,331.0
2025-03-31 05:10:00,3098.7,3099.44,3097.56,3098.82,302.0
2025-03-31 05:15:00,3098.73,3099.84,3097.04,3099.13,275.0
2025-03-31 05:20:00,3099.13,3106.8,3097.69,3097.7,404.0
2025-03-31 05:25:00,3097.51,3102.71,3096.27,3098.55,402.0
2025-03-31 05:30:00,3098.52,3107.0,3098.02,3106.39,428.0
2025-03-31 05:35:00,3106.59,3107.05,3103.74,3104.56,359.0
2025-03-31 05:40:00,3104.51,3106.99,3103.78,3104.02,329.0
2025-03-31 05:45:00,3104.43,3105.34,3102.55,3102.55,322.0
2025-03-31 05:50:00,3102.59,3105.79,3099.57,3104.09,359.0
2025-03-31 05:55:00,3104.11,3107.05,3103.56,3106.5,314.0
2025-03-31 06:00:00,3106.67,3107.58,3105.74,3106.97,336.0
2025-03-31 06:05:00,3107.15,3111.08,3106.77,3109.65,356.0
2025-03-31 06:10:00,3109.69,3111.58,3108.31,3109.0,320.0
2025-03-31 06:15:00,3108.66,3111.25,3108.04,3108.88,314.0
2025-03-31 06:20:00,3108.9,3109.79,3105.26,3106.82,314.0
2025-03-31 06:25:00,3106.81,3108.6,3106.71,3108.06,274.0
2025-03-31 06:30:00,3108.23,3110.91,3106.38,3107.36,251.0
2025-03-31 06:35:00,3107.15,3109.29,3105.9,3107.75,285.0
2025-03-31 06:40:00,3107.48,3108.13,3106.82,3107.38,199.0
2025-03-31 06:45:00,3107.46,3108.16,3107.28,3107.46,174.0
2025-03-31 06:50:00,3107.45,3108.15,3106.65,3108.15,218.0
2025-03-31 06:55:00,3108.15,3108.72,3106.48,3107.08,176.0
2025-03-31 07:00:00,3106.9,3107.41,3106.04,3106.87,162.0
2025-03-31 07:05:00,3106.96,3109.0,3106.01,3108.69,206.0
2025-03-31 07:10:00,3108.7,3109.38,3106.23,3109.23,179.0
2025-03-31 07:15:00,3109.32,3109.69,3108.94,3109.38,190.0
2025-03-31 07:20:00,3109.61,3110.59,3108.98,3110.2,169.0
2025-03-31 07:25:00,3110.2,3111.12,3108.99,3110.65,218.0
2025-03-31 07:30:00,3110.61,3112.01,3110.43,3111.48,232.0
2025-03-31 07:35:00,3111.15,3112.28,3110.57,3112.1,157.0
2025-03-31 07:40:00,3112.12,3112.47,3110.98,3111.58,170.0
2025-03-31 07:45:00,3111.53,3112.38,3111.32,3112.35,142.0
2025-03-31 07:50:00,3112.28,3115.94,3111.97,3113.76,241.0
2025-03-31 07:55:00,3113.76,3114.01,3112.9,3113.33,188.0
2025-03-31 08:00:00,3113.31,3113.43,3108.14,3108.34,287.0
2025-03-31 08:05:00,3108.33,3111.0,3107.9,3109.45,231.0
2025-03-31 08:10:00,3109.06,3110.35,3107.49,3109.66,236.0
2025-03-31 08:15:00,3109.55,3110.62,3109.53,3110.46,167.0
2025-03-31 08:20:00,3110.56,3111.95,3110.55,3111.47,174.0
2025-03-31 08:25:00,3111.48,3113.1,3111.1,3112.17,217.0
2025-03-31 08:30:00,3111.99,3112.83,3110.41,3110.82,271.0
2025-03-31 08:35:00,3110.59,3113.81,3110.59,3113.6,231.0
2025-03-31 08:40:00,3113.67,3114.62,3113.19,3113.64,248.0
2025-03-31 08:45:00,3113.63,3114.33,3111.97,3113.09,247.0
2025-03-31 08:50:00,3113.12,3119.5,3111.6,3119.42,313.0
2025-03-31 08:55:00,3119.44,3119.75,3115.46,3116.54,313.0
2025-03-31 09:00:00,3116.28,3118.7,3114.07,3117.5,363.0
2025-03-31 09:05:00,3117.57,3121.05,3117.3,3120.82,348.0
2025-03-31 09:10:00,3120.83,3127.94,3120.77,3124.96,392.0
2025-03-31 09:15:00,3124.95,3124.99,3120.74,3120.76,322.0
2025-03-31 09:20:00,3120.75,3122.15,3118.69,3119.3,344.0
2025-03-31 09:25:00,3119.21,3119.84,3117.48,3119.64,345.0
2025-03-31 09:30:00,3119.65,3120.99,3115.68,3116.83,381.0
2025-03-31 09:35:00,3116.82,3118.85,3116.24,3117.08,324.0
2025-03-31 09:40:00,3116.99,3117.67,3115.17,3115.48,309.0
2025-03-31 09:45:00,3115.67,3116.51,3113.57,3115.5,407.0
2025-03-31 09:50:00,3115.35,3117.26,3114.95,3115.37,337.0
2025-03-31 09:55:00,3115.37,3119.33,3115.37,3119.19,351.0
2025-03-31 10:00:00,3119.33,3124.45,3118.69,3124.01,370.0
2025-03-31 10:05:00,3123.9,3124.58,3120.46,3121.73,374.0
2025-03-31 10:10:00,3121.69,3122.01,3119.24,3121.62,358.0
2025-03-31 10:15:00,3121.73,3125.01,3121.34,3123.69,361.0
2025-03-31 10:20:00,3123.73,3125.25,3121.32,3124.86,366.0
2025-03-31 10:25:00,3124.87,3125.39,3121.96,3122.12,329.0
2025-03-31 10:30:00,3122.02,3122.65,3119.86,3119.97,311.0
2025-03-31 10:35:00,3119.95,3120.12,3118.59,3119.03,297.0
2025-03-31 10:40:00,3119.05,3119.58,3118.8,3119.1,259.0
2025-03-31 10:45:00,3119.09,3120.5,3119.07,3120.23,263.0
2025-03-31 10:50:00,3120.28,3122.76,3120.26,3122.24,352.0
2025-03-31 10:55:00,3122.23,3124.74,3122.12,3124.52,364.0
2025-03-31 11:00:00,3123.88,3125.88,3123.41,3125.12,386.0
2025-03-31 11:05:00,3125.15,3127.11,3124.4,3126.65,353.0
2025-03-31 11:10:00,3126.61,3126.76,3123.93,3124.82,356.0
2025-03-31 11:15:00,3124.92,3125.2,3121.27,3121.33,337.0
2025-03-31 11:20:00,3121.25,3122.81,3121.07,3122.56,277.0
2025-03-31 11:25:00,3122.55,3123.2,3122.01,3122.82,280.0
2025-03-31 11:30:00,3122.86,3123.29,3122.27,3123.17,249.0
2025-03-31 11:35:00,3123.23,3123.3,3121.67,3122.99,280.0
2025-03-31 11:40:00,3123.0,3123.0,3121.56,3121.59,303.0
2025-03-31 11:45:00,3121.68,3122.88,3121.56,3122.32,292.0
2025-03-31 11:50:00,3122.31,3123.44,3121.22,3122.96,296.0
2025-03-31 11:55:00,3122.97,3124.33,3122.22,3122.24,255.0
2025-03-31 12:00:00,3122.06,3123.01,3121.47,3121.9,238.0
2025-03-31 12:05:00,3121.91,3122.12,3120.95,3121.52,270.0
2025-03-31 12:10:00,3121.59,3123.29,3121.02,3122.74,255.0
2025-03-31 12:15:00,3122.92,3123.19,3121.08,3121.12,303.0
2025-03-31 12:20:00,3120.83,3122.53,3119.4,3119.4,251.0
2025-03-31 12:25:00,3119.38,3121.27,3119.04,3120.28,268.0
2025-03-31 12:30:00,3120.37,3121.27,3118.14,3118.44,334.0
2025-03-31 12:35:00,3118.48,3118.48,3115.79,3116.1,312.0
2025-03-31 12:40:00,3116.1,3116.44,3114.79,3115.39,246.0
2025-03-31 12:45:00,3115.37,3116.16,3112.6,3113.18,310.0
2025-03-31 12:50:00,3113.11,3113.62,3112.02,3113.09,289.0
2025-03-31 12:55:00,3113.24,3115.07,3112.48,3114.94,302.0
2025-03-31 13:00:00,3114.91,3114.96,3112.81,3114.04,301.0
2025-03-31 13:05:00,3113.84,3114.32,3112.55,3112.69,281.0
2025-03-31 13:10:00,3112.61,3115.67,3111.9,3114.98,330.0
2025-03-31 13:15:00,3114.99,3115.38,3113.86,3114.6,227.0
2025-03-31 13:20:00,3114.63,3117.08,3114.39,3116.63,266.0
2025-03-31 13:25:00,3116.64,3118.8,3115.52,3117.63,268.0
2025-03-31 13:30:00,3117.69,3122.18,3117.3,3121.15,315.0
2025-03-31 13:35:00,3121.14,3122.5,3120.38,3121.73,309.0
2025-03-31 13:40:00,3121.73,3122.68,3119.87,3119.98,310.0
2025-03-31 13:45:00,3119.97,3120.47,3119.0,3119.47,280.0
2025-03-31 13:50:00,3119.54,3123.57,3118.14,3118.93,363.0
2025-03-31 13:55:00,3118.91,3120.14,3118.21,3118.44,281.0
2025-03-31 14:00:00,3118.46,3119.32,3117.34,3117.74,259.0
2025-03-31 14:05:00,3117.75,3119.16,3117.51,3117.95,246.0
2025-03-31 14:10:00,3118.03,3118.3,3116.24,3117.8,298.0
2025-03-31 14:15:00,3117.82,3119.6,3117.74,3118.95,294.0
2025-03-31 14:20:00,3118.98,3119.51,3116.61,3116.8,273.0
2025-03-31 14:25:00,3116.78,3117.23,3114.75,3115.98,304.0
2025-03-31 14:30:00,3115.99,3116.06,3113.39,3113.89,320.0
2025-03-31 14:35:00,3113.89,3117.79,3113.89,3117.68,289.0
2025-03-31 14:40:00,3117.74,3118.94,3117.28,3117.98,324.0
2025-03-31 14:45:00,3118.11,3118.25,3116.52,3117.7,276.0
2025-03-31 14:50:00,3117.71,3118.18,3117.03,3117.31,236.0
2025-03-31 14:55:00,3117.2,3119.58,3116.61,3119.48,210.0
2025-03-31 15:00:00,3119.47,3120.89,3118.1,3120.77,299.0
2025-03-31 15:05:00,3120.76,3121.27,3119.68,3120.58,314.0
2025-03-31 15:10:00,3120.59,3123.33,3120.56,3122.69,351.0
2025-03-31 15:15:00,3122.66,3123.79,3119.74,3122.64,365.0
2025-03-31 15:20:00,3122.63,3123.84,3121.39,3123.18,365.0
2025-03-31 15:25:00,3123.23,3125.42,3122.2,3125.08,337.0
2025-03-31 15:30:00,3125.13,3126.36,3121.26,3121.49,374.0
2025-03-31 15:35:00,3121.45,3124.49,3121.17,3123.5,318.0
2025-03-31 15:40:00,3123.37,3125.1,3123.07,3124.21,350.0
2025-03-31 15:45:00,3124.17,3124.69,3122.17,3123.93,374.0
2025-03-31 15:50:00,3123.97,3125.67,3122.42,3122.53,371.0
2025-03-31 15:55:00,3122.56,3126.73,3121.83,3124.58,349.0
2025-03-31 16:00:00,3124.14,3124.72,3117.33,3117.53,426.0
2025-03-31 16:05:00,3117.47,3118.6,3114.1,3117.44,428.0
2025-03-31 16:10:00,3117.51,3120.13,3117.26,3118.8,403.0
2025-03-31 16:15:00,3118.54,3120.9,3118.07,3120.54,393.0
2025-03-31 16:20:00,3120.45,3121.77,3118.54,3119.42,382.0
2025-03-31 16:25:00,3119.38,3120.28,3117.33,3118.0,385.0
2025-03-31 16:30:00,3118.37,3119.02,3110.33,3112.42,461.0
2025-03-31 16:35:00,3111.77,3112.54,3108.74,3108.74,462.0
2025-03-31 16:40:00,3108.56,3108.84,3103.78,3104.17,440.0
2025-03-31 16:45:00,3103.83,3106.19,3099.94,3104.79,468.0
2025-03-31 16:50:00,3104.79,3111.67,3104.16,3111.02,452.0
2025-03-31 16:55:00,3110.48,3113.81,3110.32,3113.53,441.0
2025-03-31 17:00:00,3113.33,3114.36,3111.37,3113.03,447.0
2025-03-31 17:05:00,3113.02,3115.86,3112.04,3115.25,435.0
2025-03-31 17:10:00,3115.26,3116.57,3114.47,3115.01,415.0
2025-03-31 17:15:00,3114.82,3116.41,3112.06,3113.7,434.0
2025-03-31 17:20:00,3113.78,3114.69,3111.41,3111.92,427.0
2025-03-31 17:25:00,3111.94,3114.13,3110.93,3112.73,407.0
2025-03-31 17:30:00,3112.52,3119.36,3111.1,3118.39,443.0
2025-03-31 17:35:00,3118.36,3121.18,3117.75,3119.88,440.0
2025-03-31 17:40:00,3119.9,3121.96,3118.58,3119.53,415.0
2025-03-31 17:45:00,3119.27,3122.24,3119.27,3121.15,411.0
2025-03-31 17:50:00,3121.38,3123.37,3119.9,3120.85,398.0
2025-03-31 17:55:00,3121.12,3123.65,3120.37,3123.15,413.0
2025-03-31 18:00:00,3123.42,3124.03,3122.26,3123.16,411.0
2025-03-31 18:05:00,3123.12,3123.22,3120.06,3122.9,409.0
2025-03-31 18:10:00,3122.83,3127.17,3122.82,3124.95,404.0
2025-03-31 18:15:00,3124.92,3126.04,3123.38,3123.42,388.0
2025-03-31 18:20:00,3123.39,3125.3,3122.67,3124.04,375.0
2025-03-31 18:25:00,3123.75,3124.6,3120.52,3121.04,407.0
2025-03-31 18:30:00,3121.0,3121.13,3118.68,3119.52,348.0
2025-03-31 18:35:00,3119.4,3119.75,3115.39,3116.74,373.0
2025-03-31 18:40:00,3116.9,3117.23,3114.4,3115.7,349.0
2025-03-31 18:45:00,3115.69,3116.57,3115.23,3116.43,333.0
2025-03-31 18:50:00,3116.43,3116.86,3112.9,3115.31,370.0
2025-03-31 18:55:00,3115.24,3115.77,3113.72,3113.81,373.0
2025-03-31 19:00:00,3113.83,3117.04,3113.77,3116.65,337.0
2025-03-31 19:05:00,3116.6,3116.76,3114.12,3114.27,285.0
2025-03-31 19:10:00,3114.12,3114.87,3111.59,3113.9,340.0
2025-03-31 19:15:00,3113.92,3113.92,3112.17,3113.67,310.0
2025-03-31 19:20:00,3113.58,3115.04,3113.03,3114.67,318.0
2025-03-31 19:25:00,3114.68,3116.15,3114.56,3115.64,309.0
2025-03-31 19:30:00,3115.62,3117.5,3114.97,3117.27,292.0
2025-03-31 19:35:00,3117.53,3119.25,3117.23,3119.12,276.0
2025-03-31 19:40:00,3119.11,3119.74,3117.82,3119.51,304.0
2025-03-31 19:45:00,3119.33,3120.6,3119.24,3120.04,302.0
2025-03-31 19:50:00,3120.02,3120.52,3118.84,3118.9,299.0
2025-03-31 19:55:00,3118.88,3120.09,3117.56,3117.56,330.0
2025-03-31 20:00:00,3117.25,3119.23,3117.19,3119.07,314.0
2025-03-31 20:05:00,3119.08,3119.54,3118.22,3119.11,316.0
2025-03-31 20:10:00,3119.14,3120.36,3118.67,3119.36,291.0
2025-03-31 20:15:00,3119.4,3119.93,3118.9,3119.43,291.0
2025-03-31 20:20:00,3119.44,3119.58,3116.87,3117.37,379.0
2025-03-31 20:25:00,3117.45,3118.98,3116.7,3117.78,364.0
2025-03-31 20:30:00,3117.87,3117.87,3115.99,3116.63,328.0
2025-03-31 20:35:00,3116.68,3117.65,3116.17,3117.22,299.0
2025-03-31 20:40:00,3117.21,3117.63,3116.61,3117.07,336.0
2025-03-31 20:45:00,3117.03,3118.06,3116.5,3117.97,315.0
2025-03-31 20:50:00,3117.95,3118.56,3116.98,3118.49,282.0
2025-03-31 20:55:00,3118.5,3118.69,3117.61,3117.9,284.0
2025-03-31 21:00:00,3117.75,3118.83,3117.38,3118.68,336.0
2025-03-31 21:05:00,3118.65,3119.96,3118.09,3119.5,309.0
2025-03-31 21:10:00,3119.46,3120.52,3119.17,3119.81,291.0
2025-03-31 21:15:00,3119.75,3120.78,3119.06,3120.72,291.0
2025-03-31 21:20:00,3120.66,3123.31,3120.66,3122.74,288.0
2025-03-31 21:25:00,3122.75,3123.25,3121.08,3121.96,305.0
2025-03-31 21:30:00,3121.89,3122.32,3121.38,3121.86,286.0
2025-03-31 21:35:00,3121.87,3122.75,3121.32,3121.32,268.0
2025-03-31 21:40:00,3121.3,3122.26,3121.23,3122.03,244.0
2025-03-31 21:45:00,3122.02,3122.03,3120.61,3121.4,275.0
2025-03-31 21:50:00,3121.42,3123.16,3121.37,3122.72,226.0
2025-03-31 21:55:00,3122.49,3123.41,3120.86,3121.46,289.0
2025-03-31 22:00:00,3121.44,3122.24,3121.28,3121.82,246.0
2025-03-31 22:05:00,3121.89,3123.86,3121.88,3123.52,224.0
2025-03-31 22:10:00,3123.4,3123.84,3122.56,3122.8,282.0
2025-03-31 22:15:00,3122.77,3123.73,3122.69,3123.22,314.0
2025-03-31 22:20:00,3123.37,3124.06,3122.09,3123.22,264.0
2025-03-31 22:25:00,3123.17,3123.41,3121.26,3122.0,296.0
2025-03-31 22:30:00,3122.0,3123.41,3121.74,3122.9,285.0
2025-03-31 22:35:00,3122.89,3123.24,3121.62,3122.2,279.0
2025-03-31 22:40:00,3122.29,3122.79,3121.01,3121.06,296.0
2025-03-31 22:45:00,3121.07,3123.27,3120.9,3122.6,274.0
2025-03-31 22:50:00,3122.81,3123.49,3122.2,3123.48,313.0
2025-03-31 22:55:00,3123.49,3124.63,3123.3,3124.43,320.0
2025-03-31 23:00:00,3124.38,3124.73,3123.53,3124.36,193.0
2025-03-31 23:05:00,3124.38,3124.51,3123.61,3123.73,96.0
2025-03-31 23:10:00,3123.73,3124.23,3123.27,3123.75,113.0
2025-03-31 23:15:00,3123.87,3124.12,3122.88,3123.0,96.0
2025-03-31 23:20:00,3123.0,3123.42,3122.98,3123.32,94.0
2025-03-31 23:25:00,3123.26,3124.01,3123.2,3123.8,142.0
2025-03-31 23:30:00,3123.74,3123.93,3123.37,3123.59,105.0
2025-03-31 23:35:00,3123.59,3124.1,3123.01,3124.0,146.0
2025-03-31 23:40:00,3123.97,3124.48,3123.8,3124.42,112.0
2025-03-31 23:45:00,3124.43,3124.43,3123.67,3123.82,130.0
2025-03-31 23:50:00,3123.83,3124.35,3123.68,3123.98,83.0
2025-03-31 23:55:00,3123.52,3124.3,3123.36,3123.96,107.0
