time,open,high,low,close,volume
2024-12-03 19:35:00,2644.35,2645.68,2643.37,2644.88,347.0
2024-12-03 19:40:00,2644.77,2645.06,2643.76,2644.26,334.0
2024-12-03 19:45:00,2644.26,2646.16,2643.83,2646.15,328.0
2024-12-03 19:50:00,2646.16,2647.38,2645.51,2647.02,310.0
2024-12-03 19:55:00,2646.99,2647.94,2646.59,2647.0,354.0
2024-12-03 20:00:00,2647.02,2649.11,2646.94,2648.49,335.0
2024-12-03 20:05:00,2648.5,2648.5,2645.51,2646.03,327.0
2024-12-03 20:10:00,2646.01,2646.66,2645.2,2645.44,295.0
2024-12-03 20:15:00,2645.37,2645.46,2643.85,2645.46,308.0
2024-12-03 20:20:00,2645.46,2646.15,2644.78,2645.59,337.0
2024-12-03 20:25:00,2645.55,2645.88,2644.54,2645.15,325.0
2024-12-03 20:30:00,2645.19,2645.47,2644.37,2644.97,272.0
2024-12-03 20:35:00,2644.93,2645.33,2644.05,2644.43,260.0
2024-12-03 20:40:00,2644.44,2644.62,2643.23,2643.42,256.0
2024-12-03 20:45:00,2643.4,2645.63,2643.15,2645.61,247.0
2024-12-03 20:50:00,2645.54,2646.3,2645.08,2645.95,260.0
2024-12-03 20:55:00,2645.92,2646.49,2645.5,2645.78,285.0
2024-12-03 21:00:00,2645.92,2646.11,2645.2,2645.73,276.0
2024-12-03 21:05:00,2645.72,2646.27,2645.0,2645.26,307.0
2024-12-03 21:10:00,2645.26,2645.36,2643.14,2643.43,283.0
2024-12-03 21:15:00,2643.33,2643.57,2642.41,2643.38,305.0
2024-12-03 21:20:00,2643.37,2643.54,2641.46,2641.59,279.0
2024-12-03 21:25:00,2641.59,2641.87,2640.88,2641.08,288.0
2024-12-03 21:30:00,2641.06,2642.35,2640.87,2641.57,326.0
2024-12-03 21:35:00,2641.59,2641.98,2641.06,2641.47,225.0
2024-12-03 21:40:00,2641.45,2641.87,2640.9,2641.66,197.0
2024-12-03 21:45:00,2641.73,2641.87,2641.24,2641.53,215.0
2024-12-03 21:50:00,2641.63,2642.02,2640.86,2641.07,244.0
2024-12-03 21:55:00,2641.23,2641.3,2640.26,2640.95,330.0
2024-12-03 22:00:00,2640.95,2642.88,2640.68,2642.73,303.0
2024-12-03 22:05:00,2642.69,2644.16,2642.62,2643.98,236.0
2024-12-03 22:10:00,2643.97,2644.17,2643.21,2643.34,241.0
2024-12-03 22:15:00,2643.43,2643.57,2642.45,2642.45,233.0
2024-12-03 22:20:00,2642.52,2643.61,2642.34,2643.26,201.0
2024-12-03 22:25:00,2643.18,2643.37,2642.56,2642.9,224.0
2024-12-03 22:30:00,2642.88,2642.88,2641.95,2642.63,252.0
2024-12-03 22:35:00,2642.61,2642.95,2642.26,2642.71,223.0
2024-12-03 22:40:00,2642.66,2643.37,2642.31,2642.72,221.0
2024-12-03 22:45:00,2642.72,2642.77,2641.89,2642.18,213.0
2024-12-03 22:50:00,2642.2,2642.64,2641.95,2642.17,252.0
2024-12-03 22:55:00,2642.18,2642.28,2641.73,2642.07,265.0
2024-12-03 23:00:00,2642.04,2643.25,2642.04,2642.5,174.0
2024-12-03 23:05:00,2642.49,2642.98,2642.24,2642.37,99.0
2024-12-03 23:10:00,2642.42,2642.67,2642.17,2642.17,58.0
2024-12-03 23:15:00,2642.36,2642.42,2641.95,2642.0,88.0
2024-12-03 23:20:00,2642.0,2642.81,2641.99,2642.8,81.0
2024-12-03 23:25:00,2642.81,2643.4,2642.59,2643.19,85.0
2024-12-03 23:30:00,2643.04,2643.98,2642.98,2643.77,70.0
2024-12-03 23:35:00,2643.8,2643.83,2643.34,2643.65,78.0
2024-12-03 23:40:00,2643.73,2643.8,2643.48,2643.54,72.0
2024-12-03 23:45:00,2643.54,2643.78,2643.37,2643.47,69.0
2024-12-03 23:50:00,2643.54,2643.87,2643.46,2643.75,85.0
2024-12-03 23:55:00,2643.64,2643.74,2643.36,2643.5,63.0
2024-12-04 01:00:00,2643.29,2643.29,2642.23,2642.54,131.0
2024-12-04 01:05:00,2642.52,2642.69,2641.95,2641.98,80.0
2024-12-04 01:10:00,2641.99,2642.09,2641.16,2641.59,103.0
2024-12-04 01:15:00,2641.59,2642.15,2641.57,2642.04,130.0
2024-12-04 01:20:00,2642.1,2642.27,2641.72,2641.99,120.0
2024-12-04 01:25:00,2641.95,2642.01,2641.29,2641.38,114.0
2024-12-04 01:30:00,2641.39,2642.29,2641.14,2641.8,181.0
2024-12-04 01:35:00,2641.81,2642.54,2641.77,2642.46,160.0
2024-12-04 01:40:00,2642.45,2642.75,2642.04,2642.37,146.0
2024-12-04 01:45:00,2642.39,2642.7,2642.17,2642.35,135.0
2024-12-04 01:50:00,2642.3,2642.56,2642.3,2642.47,131.0
2024-12-04 01:55:00,2642.48,2643.17,2642.48,2642.78,149.0
2024-12-04 02:00:00,2642.77,2643.35,2642.72,2643.21,178.0
2024-12-04 02:05:00,2643.22,2643.57,2643.03,2643.13,207.0
2024-12-04 02:10:00,2643.27,2643.35,2642.38,2642.39,199.0
2024-12-04 02:15:00,2642.37,2642.55,2642.08,2642.33,144.0
2024-12-04 02:20:00,2642.34,2642.93,2642.25,2642.25,131.0
2024-12-04 02:25:00,2642.25,2642.71,2642.13,2642.53,108.0
2024-12-04 02:30:00,2642.52,2642.7,2641.94,2642.16,184.0
2024-12-04 02:35:00,2642.16,2642.47,2640.81,2640.85,285.0
2024-12-04 02:40:00,2640.86,2641.34,2640.59,2640.76,239.0
2024-12-04 02:45:00,2640.77,2641.14,2639.82,2639.93,227.0
2024-12-04 02:50:00,2639.98,2640.77,2639.54,2640.47,240.0
2024-12-04 02:55:00,2640.46,2640.9,2640.1,2640.57,277.0
2024-12-04 03:00:00,2640.46,2640.46,2637.76,2639.48,441.0
2024-12-04 03:05:00,2639.51,2640.37,2638.6,2639.0,446.0
2024-12-04 03:10:00,2638.98,2639.85,2638.67,2639.39,412.0
2024-12-04 03:15:00,2639.39,2641.09,2638.88,2640.83,455.0
2024-12-04 03:20:00,2640.76,2641.87,2639.06,2639.42,454.0
2024-12-04 03:25:00,2639.42,2640.17,2638.77,2639.72,428.0
2024-12-04 03:30:00,2639.66,2642.16,2639.66,2640.21,439.0
2024-12-04 03:35:00,2640.1,2641.0,2639.62,2640.53,424.0
2024-12-04 03:40:00,2640.55,2640.98,2639.24,2640.06,384.0
2024-12-04 03:45:00,2639.71,2640.33,2639.28,2639.94,359.0
2024-12-04 03:50:00,2639.87,2642.29,2639.82,2641.94,377.0
2024-12-04 03:55:00,2641.97,2643.28,2641.58,2642.24,423.0
2024-12-04 04:00:00,2642.11,2646.66,2642.0,2646.39,450.0
2024-12-04 04:05:00,2646.37,2648.07,2645.54,2645.92,472.0
2024-12-04 04:10:00,2645.9,2646.02,2644.06,2645.01,422.0
2024-12-04 04:15:00,2645.05,2645.18,2644.37,2645.05,337.0
2024-12-04 04:20:00,2645.05,2645.41,2643.56,2644.02,347.0
2024-12-04 04:25:00,2644.05,2644.77,2642.94,2643.86,302.0
2024-12-04 04:30:00,2643.87,2645.2,2643.38,2644.85,407.0
2024-12-04 04:35:00,2644.79,2645.54,2643.99,2645.2,403.0
2024-12-04 04:40:00,2645.22,2645.27,2643.09,2643.67,380.0
2024-12-04 04:45:00,2643.68,2644.24,2642.88,2643.84,361.0
2024-12-04 04:50:00,2643.84,2644.31,2643.12,2643.87,371.0
2024-12-04 04:55:00,2643.86,2646.35,2643.84,2645.85,395.0
2024-12-04 05:00:00,2645.84,2647.73,2645.63,2647.4,453.0
2024-12-04 05:05:00,2647.38,2647.85,2645.99,2646.35,384.0
2024-12-04 05:10:00,2646.35,2646.85,2645.49,2645.74,388.0
2024-12-04 05:15:00,2645.68,2645.86,2644.5,2644.99,373.0
2024-12-04 05:20:00,2644.98,2645.03,2644.25,2644.59,354.0
2024-12-04 05:25:00,2644.58,2644.59,2643.17,2643.28,377.0
2024-12-04 05:30:00,2643.32,2644.25,2643.31,2644.19,262.0
2024-12-04 05:35:00,2644.2,2645.25,2644.08,2644.93,265.0
2024-12-04 05:40:00,2644.94,2645.49,2644.59,2645.27,266.0
2024-12-04 05:45:00,2645.28,2646.43,2645.06,2645.42,275.0
2024-12-04 05:50:00,2645.43,2645.8,2644.44,2645.03,284.0
2024-12-04 05:55:00,2645.04,2645.07,2644.12,2644.52,254.0
2024-12-04 06:00:00,2644.49,2644.8,2643.75,2644.08,288.0
2024-12-04 06:05:00,2644.08,2645.78,2644.08,2645.27,267.0
2024-12-04 06:10:00,2645.34,2645.73,2645.08,2645.43,235.0
2024-12-04 06:15:00,2645.44,2646.04,2645.44,2645.64,232.0
2024-12-04 06:20:00,2645.87,2646.54,2645.76,2646.5,193.0
2024-12-04 06:25:00,2646.51,2646.59,2645.58,2645.66,183.0
2024-12-04 06:30:00,2645.66,2646.02,2645.51,2645.89,186.0
2024-12-04 06:35:00,2645.75,2645.92,2645.28,2645.92,211.0
2024-12-04 06:40:00,2645.93,2647.14,2645.9,2646.84,186.0
2024-12-04 06:45:00,2646.88,2647.35,2646.48,2646.64,239.0
2024-12-04 06:50:00,2646.63,2647.29,2646.25,2646.51,274.0
2024-12-04 06:55:00,2646.57,2648.61,2646.56,2648.41,286.0
2024-12-04 07:00:00,2648.42,2648.75,2648.02,2648.75,313.0
2024-12-04 07:05:00,2648.75,2649.36,2648.34,2648.56,286.0
2024-12-04 07:10:00,2648.5,2649.43,2648.09,2648.69,324.0
2024-12-04 07:15:00,2648.69,2649.51,2648.61,2649.13,297.0
2024-12-04 07:20:00,2649.11,2649.6,2648.68,2649.15,280.0
2024-12-04 07:25:00,2649.13,2649.93,2649.02,2649.57,311.0
2024-12-04 07:30:00,2649.68,2651.15,2649.43,2649.95,429.0
2024-12-04 07:35:00,2649.97,2650.68,2648.76,2648.77,431.0
2024-12-04 07:40:00,2648.77,2649.1,2647.55,2648.42,387.0
2024-12-04 07:45:00,2648.33,2649.81,2647.76,2649.16,368.0
2024-12-04 07:50:00,2649.21,2650.35,2649.17,2649.75,307.0
2024-12-04 07:55:00,2649.67,2649.89,2648.62,2649.75,354.0
2024-12-04 08:00:00,2649.78,2650.66,2649.61,2650.43,378.0
2024-12-04 08:05:00,2650.44,2650.67,2649.72,2650.19,381.0
2024-12-04 08:10:00,2650.19,2650.19,2648.21,2648.4,350.0
2024-12-04 08:15:00,2648.39,2648.75,2647.65,2647.99,386.0
2024-12-04 08:20:00,2647.99,2649.12,2647.42,2648.88,400.0
2024-12-04 08:25:00,2648.87,2649.52,2648.1,2649.52,411.0
2024-12-04 08:30:00,2649.56,2650.12,2648.83,2650.06,383.0
2024-12-04 08:35:00,2650.05,2650.45,2649.66,2650.37,346.0
2024-12-04 08:40:00,2650.35,2650.44,2649.23,2649.5,341.0
2024-12-04 08:45:00,2649.56,2651.37,2649.2,2650.73,387.0
2024-12-04 08:50:00,2650.74,2650.98,2649.19,2649.38,381.0
2024-12-04 08:55:00,2649.37,2649.75,2648.68,2649.23,371.0
2024-12-04 09:00:00,2649.24,2649.24,2647.75,2648.73,365.0
2024-12-04 09:05:00,2648.68,2648.72,2647.88,2648.26,303.0
2024-12-04 09:10:00,2648.24,2648.68,2646.73,2646.83,305.0
2024-12-04 09:15:00,2646.71,2647.04,2646.4,2646.76,358.0
2024-12-04 09:20:00,2646.63,2646.63,2644.15,2644.69,367.0
2024-12-04 09:25:00,2644.69,2645.16,2644.15,2644.9,362.0
2024-12-04 09:30:00,2644.88,2644.93,2643.11,2643.32,357.0
2024-12-04 09:35:00,2643.31,2644.02,2642.36,2643.92,355.0
2024-12-04 09:40:00,2643.9,2643.9,2640.44,2641.04,400.0
2024-12-04 09:45:00,2641.04,2642.13,2640.81,2641.53,319.0
2024-12-04 09:50:00,2641.51,2641.94,2640.41,2640.52,362.0
2024-12-04 09:55:00,2640.53,2642.0,2640.34,2641.41,396.0
2024-12-04 10:00:00,2641.32,2641.89,2640.98,2641.71,387.0
2024-12-04 10:05:00,2641.78,2642.17,2640.11,2640.63,392.0
2024-12-04 10:10:00,2640.59,2641.34,2639.52,2639.72,359.0
2024-12-04 10:15:00,2639.66,2640.88,2639.66,2640.53,319.0
2024-12-04 10:20:00,2640.52,2640.6,2637.81,2638.54,393.0
2024-12-04 10:25:00,2638.47,2639.71,2638.47,2638.88,417.0
2024-12-04 10:30:00,2638.9,2639.06,2637.79,2638.22,371.0
2024-12-04 10:35:00,2638.27,2639.1,2636.66,2639.1,382.0
2024-12-04 10:40:00,2639.1,2640.49,2638.5,2640.26,383.0
2024-12-04 10:45:00,2640.38,2642.16,2639.38,2641.95,393.0
2024-12-04 10:50:00,2641.96,2642.03,2640.84,2641.16,359.0
2024-12-04 10:55:00,2641.16,2642.13,2640.48,2641.23,342.0
2024-12-04 11:00:00,2641.05,2642.36,2638.63,2639.53,468.0
2024-12-04 11:05:00,2639.57,2642.06,2639.3,2641.43,417.0
2024-12-04 11:10:00,2641.37,2642.51,2641.17,2642.1,339.0
2024-12-04 11:15:00,2642.09,2642.33,2640.29,2640.29,354.0
2024-12-04 11:20:00,2640.19,2641.81,2640.02,2641.57,324.0
2024-12-04 11:25:00,2641.56,2642.61,2641.26,2642.48,265.0
2024-12-04 11:30:00,2642.5,2642.66,2641.11,2641.32,303.0
2024-12-04 11:35:00,2641.32,2641.97,2640.75,2641.63,304.0
2024-12-04 11:40:00,2641.62,2642.76,2640.62,2641.03,356.0
2024-12-04 11:45:00,2641.02,2641.35,2639.13,2640.27,346.0
2024-12-04 11:50:00,2640.27,2640.99,2639.85,2640.35,281.0
2024-12-04 11:55:00,2640.28,2640.92,2640.02,2640.88,300.0
2024-12-04 12:00:00,2640.97,2642.06,2640.3,2640.69,439.0
2024-12-04 12:05:00,2640.7,2642.01,2640.51,2641.38,332.0
2024-12-04 12:10:00,2641.37,2642.02,2640.27,2641.57,275.0
2024-12-04 12:15:00,2641.57,2642.34,2640.69,2640.9,314.0
2024-12-04 12:20:00,2640.94,2641.56,2640.64,2641.1,256.0
2024-12-04 12:25:00,2641.08,2642.3,2640.86,2641.83,284.0
2024-12-04 12:30:00,2641.91,2642.6,2641.28,2641.99,299.0
2024-12-04 12:35:00,2641.99,2643.1,2641.56,2641.56,324.0
2024-12-04 12:40:00,2641.57,2641.9,2640.46,2641.58,348.0
2024-12-04 12:45:00,2641.62,2642.74,2641.44,2641.93,306.0
2024-12-04 12:50:00,2641.94,2644.02,2641.94,2643.64,354.0
2024-12-04 12:55:00,2643.59,2644.54,2643.54,2644.4,328.0
2024-12-04 13:00:00,2644.41,2645.7,2644.34,2645.46,292.0
2024-12-04 13:05:00,2645.47,2646.04,2645.04,2645.17,342.0
2024-12-04 13:10:00,2645.06,2645.45,2644.37,2645.15,332.0
2024-12-04 13:15:00,2645.15,2645.4,2644.61,2644.78,300.0
2024-12-04 13:20:00,2644.76,2645.43,2644.33,2644.85,268.0
2024-12-04 13:25:00,2644.85,2647.17,2644.76,2646.77,373.0
2024-12-04 13:30:00,2646.78,2647.08,2646.0,2646.43,334.0
2024-12-04 13:35:00,2646.3,2647.67,2646.17,2646.95,283.0
2024-12-04 13:40:00,2647.08,2647.08,2644.81,2645.53,362.0
2024-12-04 13:45:00,2645.54,2645.85,2643.81,2644.69,327.0
2024-12-04 13:50:00,2644.56,2646.29,2643.41,2645.37,346.0
2024-12-04 13:55:00,2645.33,2646.49,2645.28,2646.24,227.0
2024-12-04 14:00:00,2646.24,2646.53,2645.4,2645.51,288.0
2024-12-04 14:05:00,2645.5,2645.85,2644.58,2644.68,325.0
2024-12-04 14:10:00,2644.69,2646.24,2644.69,2645.08,338.0
2024-12-04 14:15:00,2645.11,2645.16,2643.59,2643.67,278.0
2024-12-04 14:20:00,2643.69,2644.42,2642.41,2644.18,280.0
2024-12-04 14:25:00,2644.18,2644.19,2641.59,2643.27,399.0
2024-12-04 14:30:00,2643.29,2644.17,2642.42,2642.59,378.0
2024-12-04 14:35:00,2642.6,2643.57,2641.79,2642.11,355.0
2024-12-04 14:40:00,2642.14,2643.3,2641.93,2643.22,341.0
2024-12-04 14:45:00,2643.21,2644.13,2639.46,2639.52,449.0
2024-12-04 14:50:00,2639.53,2640.49,2636.28,2637.83,450.0
2024-12-04 14:55:00,2637.82,2638.4,2636.98,2637.1,430.0
2024-12-04 15:00:00,2636.65,2638.64,2632.31,2632.85,449.0
2024-12-04 15:05:00,2633.23,2638.58,2633.02,2637.69,481.0
2024-12-04 15:10:00,2637.78,2637.82,2633.65,2633.88,374.0
2024-12-04 15:15:00,2634.49,2639.94,2634.49,2638.9,480.0
2024-12-04 15:20:00,2638.89,2644.66,2638.24,2643.26,521.0
2024-12-04 15:25:00,2643.34,2645.76,2643.34,2645.19,487.0
2024-12-04 15:30:00,2645.16,2648.03,2643.0,2643.29,513.0
2024-12-04 15:35:00,2643.29,2647.17,2642.09,2646.0,507.0
2024-12-04 15:40:00,2645.95,2646.31,2641.64,2644.84,520.0
2024-12-04 15:45:00,2644.81,2646.6,2643.35,2646.6,474.0
2024-12-04 15:50:00,2646.89,2648.67,2646.08,2647.9,507.0
2024-12-04 15:55:00,2647.8,2649.19,2646.42,2648.46,507.0
2024-12-04 16:00:00,2648.48,2650.07,2647.51,2649.94,457.0
2024-12-04 16:05:00,2649.96,2650.18,2647.89,2649.18,456.0
2024-12-04 16:10:00,2649.27,2649.35,2647.66,2648.86,449.0
2024-12-04 16:15:00,2648.48,2649.33,2646.01,2646.22,459.0
2024-12-04 16:20:00,2646.2,2650.23,2645.02,2649.94,499.0
2024-12-04 16:25:00,2649.9,2653.18,2649.58,2652.15,478.0
2024-12-04 16:30:00,2652.82,2653.47,2651.24,2651.77,521.0
2024-12-04 16:35:00,2651.79,2652.27,2649.64,2650.83,531.0
2024-12-04 16:40:00,2650.75,2652.6,2650.49,2651.22,494.0
2024-12-04 16:45:00,2651.24,2652.69,2650.47,2650.87,505.0
2024-12-04 16:50:00,2650.89,2652.28,2649.12,2649.32,497.0
2024-12-04 16:55:00,2649.34,2651.02,2648.64,2648.81,438.0
2024-12-04 17:00:00,2651.0,2652.56,2647.99,2649.89,578.0
2024-12-04 17:05:00,2650.27,2652.25,2649.46,2651.27,512.0
2024-12-04 17:10:00,2651.22,2652.37,2650.13,2650.7,456.0
2024-12-04 17:15:00,2650.64,2652.14,2649.18,2652.11,472.0
2024-12-04 17:20:00,2652.11,2652.34,2650.88,2651.72,448.0
2024-12-04 17:25:00,2651.75,2655.82,2651.75,2653.81,554.0
2024-12-04 17:30:00,2654.01,2655.99,2653.75,2654.97,558.0
2024-12-04 17:35:00,2655.2,2656.06,2653.16,2654.04,515.0
2024-12-04 17:40:00,2654.12,2656.99,2653.17,2655.62,525.0
2024-12-04 17:45:00,2655.61,2656.38,2651.62,2652.04,531.0
2024-12-04 17:50:00,2652.03,2653.46,2651.96,2652.99,498.0
2024-12-04 17:55:00,2653.05,2655.24,2652.43,2655.05,508.0
2024-12-04 18:00:00,2655.05,2655.57,2654.36,2654.67,478.0
2024-12-04 18:05:00,2654.97,2655.24,2653.48,2654.41,499.0
2024-12-04 18:10:00,2654.41,2655.07,2653.42,2654.05,490.0
2024-12-04 18:15:00,2653.97,2654.64,2651.28,2651.84,461.0
2024-12-04 18:20:00,2651.47,2652.94,2651.47,2652.11,458.0
2024-12-04 18:25:00,2652.01,2654.49,2651.68,2654.28,457.0
2024-12-04 18:30:00,2654.38,2655.12,2652.41,2652.66,383.0
2024-12-04 18:35:00,2652.65,2652.9,2650.91,2652.1,421.0
2024-12-04 18:40:00,2652.06,2652.06,2649.88,2650.42,420.0
2024-12-04 18:45:00,2650.47,2650.47,2646.98,2648.04,496.0
2024-12-04 18:50:00,2647.92,2649.74,2647.41,2648.69,436.0
2024-12-04 18:55:00,2648.65,2649.97,2648.45,2649.73,388.0
2024-12-04 19:00:00,2649.28,2650.11,2648.36,2649.67,428.0
2024-12-04 19:05:00,2649.65,2650.53,2649.26,2650.07,368.0
2024-12-04 19:10:00,2650.29,2651.06,2649.57,2650.84,376.0
2024-12-04 19:15:00,2650.86,2652.52,2650.86,2651.41,367.0
2024-12-04 19:20:00,2651.43,2652.87,2651.13,2652.27,396.0
2024-12-04 19:25:00,2652.15,2652.96,2650.88,2651.12,371.0
2024-12-04 19:30:00,2651.05,2651.24,2649.99,2650.53,349.0
2024-12-04 19:35:00,2650.5,2651.51,2650.13,2650.62,337.0
2024-12-04 19:40:00,2650.62,2650.83,2649.3,2650.16,368.0
2024-12-04 19:45:00,2650.15,2652.07,2650.06,2652.07,329.0
2024-12-04 19:50:00,2652.08,2652.35,2651.6,2652.1,328.0
2024-12-04 19:55:00,2652.1,2652.44,2650.87,2651.38,367.0
2024-12-04 20:00:00,2651.39,2651.86,2650.55,2650.68,369.0
2024-12-04 20:05:00,2650.78,2652.45,2650.71,2651.82,342.0
2024-12-04 20:10:00,2651.85,2652.15,2650.18,2650.57,332.0
2024-12-04 20:15:00,2650.5,2651.8,2650.28,2651.66,341.0
2024-12-04 20:20:00,2651.66,2652.92,2651.58,2652.24,311.0
2024-12-04 20:25:00,2652.27,2652.91,2651.55,2651.74,348.0
2024-12-04 20:30:00,2651.75,2651.83,2649.84,2650.21,317.0
2024-12-04 20:35:00,2650.21,2650.86,2649.68,2650.06,266.0
2024-12-04 20:40:00,2650.0,2650.66,2649.49,2650.66,232.0
2024-12-04 20:45:00,2650.69,2652.23,2650.65,2651.85,179.0
2024-12-04 20:50:00,2651.85,2651.95,2650.76,2650.78,343.0
2024-12-04 20:55:00,2650.77,2651.26,2648.82,2649.03,314.0
2024-12-04 21:00:00,2648.9,2649.68,2646.84,2649.28,448.0
2024-12-04 21:05:00,2649.28,2651.35,2649.27,2651.24,324.0
2024-12-04 21:10:00,2651.26,2653.41,2651.17,2653.41,308.0
2024-12-04 21:15:00,2653.44,2655.41,2652.87,2653.04,348.0
2024-12-04 21:20:00,2653.02,2653.02,2650.88,2651.05,338.0
2024-12-04 21:25:00,2650.99,2651.45,2650.42,2651.15,379.0
2024-12-04 21:30:00,2651.19,2652.94,2651.04,2651.97,361.0
2024-12-04 21:35:00,2651.91,2652.82,2651.48,2652.01,382.0
2024-12-04 21:40:00,2651.98,2652.57,2651.16,2651.8,301.0
2024-12-04 21:45:00,2651.83,2652.04,2650.76,2651.13,280.0
2024-12-04 21:50:00,2651.18,2653.09,2651.01,2652.78,289.0
2024-12-04 21:55:00,2652.78,2652.81,2651.63,2651.64,313.0
2024-12-04 22:00:00,2651.58,2651.88,2651.04,2651.06,346.0
2024-12-04 22:05:00,2651.05,2651.75,2650.67,2650.82,269.0
2024-12-04 22:10:00,2650.81,2651.04,2649.7,2649.71,260.0
2024-12-04 22:15:00,2649.68,2650.04,2648.9,2649.83,262.0
2024-12-04 22:20:00,2649.84,2650.02,2648.06,2648.18,315.0
2024-12-04 22:25:00,2648.18,2649.29,2648.07,2648.99,265.0
2024-12-04 22:30:00,2649.04,2649.35,2648.74,2649.32,282.0
2024-12-04 22:35:00,2649.29,2649.95,2649.17,2649.43,259.0
2024-12-04 22:40:00,2649.5,2649.58,2648.33,2648.79,214.0
2024-12-04 22:45:00,2648.86,2649.84,2648.7,2649.04,269.0
2024-12-04 22:50:00,2649.03,2650.48,2649.03,2650.25,366.0
2024-12-04 22:55:00,2650.3,2650.69,2649.76,2650.05,386.0
2024-12-04 23:00:00,2650.34,2650.34,2649.67,2650.01,143.0
2024-12-04 23:05:00,2650.02,2651.26,2649.83,2650.87,126.0
2024-12-04 23:10:00,2651.03,2651.16,2649.94,2649.95,112.0
2024-12-04 23:15:00,2649.94,2650.86,2649.93,2650.77,96.0
2024-12-04 23:20:00,2650.75,2650.75,2649.17,2649.98,72.0
2024-12-04 23:25:00,2649.96,2649.96,2648.97,2649.29,105.0
2024-12-04 23:30:00,2649.28,2649.69,2649.19,2649.47,110.0
2024-12-04 23:35:00,2649.39,2649.75,2649.24,2649.7,82.0
2024-12-04 23:40:00,2649.7,2650.05,2649.5,2649.63,92.0
2024-12-04 23:45:00,2649.62,2650.11,2649.35,2649.99,121.0
2024-12-04 23:50:00,2649.94,2650.02,2649.57,2649.74,75.0
2024-12-04 23:55:00,2649.6,2649.98,2649.58,2649.88,112.0
2024-12-05 01:00:00,2649.6,2649.76,2647.74,2649.2,207.0
2024-12-05 01:05:00,2648.23,2649.46,2648.23,2648.99,63.0
2024-12-05 01:10:00,2648.99,2649.56,2648.82,2649.28,79.0
2024-12-05 01:15:00,2649.31,2650.13,2649.31,2649.93,69.0
2024-12-05 01:20:00,2649.88,2650.9,2649.85,2650.63,114.0
2024-12-05 01:25:00,2650.59,2650.89,2650.57,2650.71,96.0
2024-12-05 01:30:00,2650.69,2651.67,2650.69,2651.46,145.0
2024-12-05 01:35:00,2651.47,2651.54,2650.78,2650.78,126.0
2024-12-05 01:40:00,2650.81,2651.23,2650.56,2650.6,96.0
2024-12-05 01:45:00,2650.61,2651.2,2650.54,2651.0,133.0
2024-12-05 01:50:00,2651.0,2651.13,2650.44,2650.73,127.0
2024-12-05 01:55:00,2650.72,2650.92,2650.26,2650.41,130.0
2024-12-05 02:00:00,2650.43,2650.48,2649.05,2649.7,195.0
2024-12-05 02:05:00,2649.73,2649.85,2648.68,2648.97,231.0
2024-12-05 02:10:00,2648.98,2649.32,2648.7,2648.95,196.0
2024-12-05 02:15:00,2648.94,2649.29,2648.84,2649.17,153.0
2024-12-05 02:20:00,2649.18,2649.69,2648.98,2649.41,144.0
2024-12-05 02:25:00,2649.42,2649.43,2648.23,2648.53,176.0
2024-12-05 02:30:00,2648.52,2649.2,2648.32,2649.17,252.0
2024-12-05 02:35:00,2649.13,2649.26,2648.67,2649.26,147.0
2024-12-05 02:40:00,2649.26,2649.71,2649.16,2649.31,164.0
2024-12-05 02:45:00,2649.32,2649.49,2649.17,2649.3,163.0
2024-12-05 02:50:00,2649.3,2649.62,2647.78,2647.85,274.0
2024-12-05 02:55:00,2647.89,2648.57,2647.85,2648.45,306.0
2024-12-05 03:00:00,2648.47,2648.63,2647.63,2648.03,451.0
2024-12-05 03:05:00,2648.01,2648.85,2647.43,2648.58,387.0
2024-12-05 03:10:00,2648.56,2650.68,2648.34,2650.08,369.0
2024-12-05 03:15:00,2650.08,2650.53,2648.62,2649.36,374.0
2024-12-05 03:20:00,2649.35,2649.7,2648.83,2649.01,332.0
2024-12-05 03:25:00,2649.01,2650.18,2648.64,2649.69,325.0
2024-12-05 03:30:00,2649.68,2650.07,2648.7,2649.34,421.0
2024-12-05 03:35:00,2649.29,2650.67,2648.99,2649.43,415.0
2024-12-05 03:40:00,2649.49,2649.62,2646.82,2647.77,434.0
2024-12-05 03:45:00,2647.78,2647.78,2646.24,2646.6,436.0
2024-12-05 03:50:00,2646.61,2647.57,2646.61,2646.76,365.0
2024-12-05 03:55:00,2646.77,2647.59,2646.64,2647.07,405.0
2024-12-05 04:00:00,2647.1,2647.47,2646.46,2646.59,405.0
2024-12-05 04:05:00,2646.57,2646.88,2645.36,2645.55,415.0
2024-12-05 04:10:00,2645.55,2647.33,2645.28,2647.28,380.0
2024-12-05 04:15:00,2647.29,2647.38,2646.6,2647.04,237.0
2024-12-05 04:20:00,2647.05,2647.45,2646.41,2646.45,210.0
2024-12-05 04:25:00,2646.38,2646.39,2645.39,2645.95,311.0
2024-12-05 04:30:00,2645.92,2647.33,2645.69,2647.08,370.0
2024-12-05 04:35:00,2647.15,2648.78,2647.0,2648.65,372.0
2024-12-05 04:40:00,2648.66,2649.71,2648.3,2648.82,378.0
2024-12-05 04:45:00,2648.81,2649.3,2646.92,2647.15,371.0
2024-12-05 04:50:00,2647.17,2647.64,2646.57,2647.33,365.0
2024-12-05 04:55:00,2647.3,2647.3,2646.56,2646.56,351.0
2024-12-05 05:00:00,2646.52,2646.87,2644.69,2645.39,390.0
2024-12-05 05:05:00,2645.38,2647.14,2645.37,2647.04,329.0
2024-12-05 05:10:00,2647.04,2648.34,2646.95,2647.91,372.0
2024-12-05 05:15:00,2648.0,2648.3,2647.16,2648.13,323.0
2024-12-05 05:20:00,2648.12,2648.23,2647.28,2647.54,263.0
2024-12-05 05:25:00,2647.54,2647.84,2647.03,2647.84,282.0
2024-12-05 05:30:00,2647.87,2648.0,2647.02,2647.15,174.0
2024-12-05 05:35:00,2647.14,2647.4,2646.96,2647.25,152.0
2024-12-05 05:40:00,2647.2,2647.87,2646.65,2647.61,183.0
2024-12-05 05:45:00,2647.6,2648.01,2647.26,2647.53,148.0
2024-12-05 05:50:00,2647.53,2648.6,2647.41,2648.41,248.0
2024-12-05 05:55:00,2648.4,2649.33,2648.35,2648.93,218.0
2024-12-05 06:00:00,2648.88,2649.63,2648.72,2648.94,203.0
2024-12-05 06:05:00,2648.95,2649.14,2648.33,2648.58,133.0
2024-12-05 06:10:00,2648.58,2649.19,2648.51,2649.0,149.0
2024-12-05 06:15:00,2649.0,2649.05,2648.31,2648.38,172.0
2024-12-05 06:20:00,2648.35,2649.12,2648.03,2648.09,161.0
2024-12-05 06:25:00,2648.07,2648.11,2647.34,2647.85,164.0
2024-12-05 06:30:00,2647.84,2648.52,2647.34,2647.41,175.0
2024-12-05 06:35:00,2647.44,2647.64,2646.91,2647.0,186.0
2024-12-05 06:40:00,2646.99,2647.04,2645.8,2646.72,278.0
2024-12-05 06:45:00,2646.69,2647.25,2646.54,2646.86,183.0
2024-12-05 06:50:00,2646.86,2647.51,2646.86,2647.21,185.0
2024-12-05 06:55:00,2647.18,2647.55,2646.18,2646.33,225.0
2024-12-05 07:00:00,2646.27,2646.83,2645.59,2646.74,269.0
2024-12-05 07:05:00,2646.73,2647.34,2646.5,2647.2,176.0
2024-12-05 07:10:00,2647.2,2647.83,2646.79,2647.03,258.0
2024-12-05 07:15:00,2647.02,2648.87,2646.95,2648.87,267.0
2024-12-05 07:20:00,2648.89,2649.43,2648.51,2648.65,296.0
2024-12-05 07:25:00,2648.67,2649.32,2648.48,2648.68,242.0
2024-12-05 07:30:00,2648.68,2652.03,2648.52,2651.9,413.0
2024-12-05 07:35:00,2651.85,2654.36,2651.68,2651.95,465.0
2024-12-05 07:40:00,2651.95,2652.76,2651.83,2652.65,422.0
2024-12-05 07:45:00,2652.74,2654.54,2652.69,2654.27,412.0
2024-12-05 07:50:00,2654.28,2655.54,2653.5,2654.69,386.0
2024-12-05 07:55:00,2654.68,2654.91,2652.97,2653.14,399.0
2024-12-05 08:00:00,2653.04,2654.11,2651.93,2652.03,383.0
2024-12-05 08:05:00,2652.06,2652.73,2651.2,2652.01,353.0
2024-12-05 08:10:00,2652.04,2652.36,2650.52,2650.88,349.0
2024-12-05 08:15:00,2650.86,2651.45,2650.25,2650.27,358.0
2024-12-05 08:20:00,2650.26,2651.13,2649.67,2649.93,399.0
2024-12-05 08:25:00,2649.94,2650.64,2649.33,2650.56,405.0
2024-12-05 08:30:00,2650.59,2651.13,2648.35,2648.74,431.0
2024-12-05 08:35:00,2648.78,2649.74,2647.93,2648.59,400.0
2024-12-05 08:40:00,2648.59,2649.16,2647.73,2648.04,392.0
2024-12-05 08:45:00,2648.05,2648.61,2647.02,2648.01,360.0
2024-12-05 08:50:00,2648.03,2648.45,2647.3,2647.74,298.0
2024-12-05 08:55:00,2647.74,2648.12,2646.63,2646.87,327.0
2024-12-05 09:00:00,2646.9,2647.55,2645.44,2646.92,286.0
2024-12-05 09:05:00,2646.94,2647.48,2646.23,2647.43,258.0
2024-12-05 09:10:00,2647.43,2648.05,2647.08,2647.74,292.0
2024-12-05 09:15:00,2647.73,2649.58,2647.49,2649.54,330.0
2024-12-05 09:20:00,2649.55,2650.41,2647.79,2648.26,304.0
2024-12-05 09:25:00,2648.27,2648.34,2647.47,2647.56,318.0
2024-12-05 09:30:00,2647.61,2649.01,2647.06,2648.75,297.0
2024-12-05 09:35:00,2648.76,2650.88,2648.76,2650.88,382.0
2024-12-05 09:40:00,2650.87,2650.94,2648.29,2648.53,381.0
2024-12-05 09:45:00,2648.5,2648.81,2647.71,2648.09,301.0
2024-12-05 09:50:00,2648.12,2649.05,2648.12,2648.36,238.0
2024-12-05 09:55:00,2648.26,2648.75,2647.53,2648.72,298.0
2024-12-05 10:00:00,2648.82,2650.19,2648.61,2649.58,381.0
2024-12-05 10:05:00,2649.54,2649.66,2646.82,2647.47,353.0
2024-12-05 10:10:00,2647.45,2647.77,2646.37,2646.43,378.0
2024-12-05 10:15:00,2646.39,2647.02,2644.6,2645.35,396.0
2024-12-05 10:20:00,2645.36,2646.3,2644.99,2644.99,278.0
2024-12-05 10:25:00,2644.99,2645.95,2643.82,2644.77,361.0
2024-12-05 10:30:00,2644.75,2645.5,2644.39,2645.02,340.0
2024-12-05 10:35:00,2645.02,2645.94,2644.35,2645.56,312.0
2024-12-05 10:40:00,2645.57,2646.8,2645.44,2646.2,319.0
2024-12-05 10:45:00,2646.19,2646.43,2644.6,2644.61,291.0
2024-12-05 10:50:00,2644.62,2645.62,2642.84,2643.09,325.0
2024-12-05 10:55:00,2643.1,2643.93,2642.02,2643.2,380.0
2024-12-05 11:00:00,2643.22,2645.68,2642.71,2645.6,389.0
2024-12-05 11:05:00,2645.57,2646.2,2644.17,2644.68,320.0
2024-12-05 11:10:00,2644.71,2645.08,2643.12,2643.26,339.0
2024-12-05 11:15:00,2643.22,2644.5,2643.12,2643.84,281.0
2024-12-05 11:20:00,2643.84,2644.07,2642.37,2642.82,339.0
2024-12-05 11:25:00,2642.85,2643.56,2641.89,2642.61,316.0
2024-12-05 11:30:00,2642.22,2643.35,2641.87,2642.11,323.0
2024-12-05 11:35:00,2642.21,2645.35,2642.05,2645.28,301.0
2024-12-05 11:40:00,2645.25,2645.88,2644.77,2645.76,264.0
2024-12-05 11:45:00,2645.75,2645.98,2644.72,2644.77,332.0
2024-12-05 11:50:00,2644.76,2645.95,2644.76,2645.95,316.0
2024-12-05 11:55:00,2645.75,2645.8,2644.68,2644.82,222.0
2024-12-05 12:00:00,2644.78,2646.15,2644.71,2645.85,300.0
2024-12-05 12:05:00,2645.84,2647.45,2645.8,2647.22,316.0
2024-12-05 12:10:00,2647.2,2648.72,2647.16,2647.59,334.0
2024-12-05 12:15:00,2647.8,2648.15,2647.07,2647.88,299.0
2024-12-05 12:20:00,2647.88,2648.3,2647.15,2648.3,257.0
2024-12-05 12:25:00,2648.4,2648.88,2647.73,2648.74,234.0
2024-12-05 12:30:00,2648.77,2650.21,2648.51,2650.07,285.0
2024-12-05 12:35:00,2650.07,2650.07,2648.39,2649.15,269.0
2024-12-05 12:40:00,2649.12,2650.33,2649.06,2649.81,293.0
2024-12-05 12:45:00,2649.8,2649.92,2648.56,2648.6,326.0
2024-12-05 12:50:00,2648.62,2649.34,2648.23,2648.38,308.0
2024-12-05 12:55:00,2648.38,2649.16,2647.87,2648.74,288.0
2024-12-05 13:00:00,2648.74,2649.32,2648.29,2648.95,242.0
2024-12-05 13:05:00,2649.0,2649.35,2648.35,2648.51,213.0
2024-12-05 13:10:00,2648.52,2649.24,2648.45,2648.94,195.0
2024-12-05 13:15:00,2648.96,2649.66,2648.52,2648.76,163.0
2024-12-05 13:20:00,2648.75,2649.33,2648.19,2648.9,259.0
2024-12-05 13:25:00,2648.9,2650.09,2648.46,2648.76,297.0
2024-12-05 13:30:00,2648.69,2650.97,2648.54,2649.62,351.0
2024-12-05 13:35:00,2649.38,2649.96,2649.21,2649.49,234.0
2024-12-05 13:40:00,2649.49,2649.99,2648.62,2649.73,328.0
2024-12-05 13:45:00,2649.74,2650.62,2649.2,2650.61,301.0
2024-12-05 13:50:00,2650.6,2652.57,2650.6,2652.15,329.0
2024-12-05 13:55:00,2652.08,2652.66,2650.98,2651.25,329.0
2024-12-05 14:00:00,2651.35,2651.8,2650.62,2651.08,322.0
2024-12-05 14:05:00,2651.07,2651.42,2650.51,2650.88,312.0
2024-12-05 14:10:00,2650.85,2651.13,2649.81,2650.42,312.0
2024-12-05 14:15:00,2650.39,2651.13,2649.94,2650.01,274.0
2024-12-05 14:20:00,2650.02,2650.2,2649.22,2649.67,310.0
2024-12-05 14:25:00,2649.67,2649.9,2648.58,2649.05,317.0
2024-12-05 14:30:00,2649.21,2649.31,2647.52,2647.81,420.0
2024-12-05 14:35:00,2647.84,2649.71,2647.79,2648.77,371.0
2024-12-05 14:40:00,2648.81,2651.06,2648.77,2650.93,345.0
2024-12-05 14:45:00,2650.88,2651.07,2650.44,2650.92,327.0
2024-12-05 14:50:00,2650.93,2651.16,2650.2,2650.8,326.0
2024-12-05 14:55:00,2650.79,2653.33,2650.73,2653.25,385.0
2024-12-05 15:00:00,2653.24,2654.49,2651.54,2651.98,502.0
2024-12-05 15:05:00,2651.96,2652.43,2651.15,2651.24,445.0
2024-12-05 15:10:00,2651.35,2653.24,2650.73,2652.35,448.0
2024-12-05 15:15:00,2652.38,2652.54,2650.86,2651.31,421.0
2024-12-05 15:20:00,2651.42,2651.91,2647.49,2647.79,508.0
2024-12-05 15:25:00,2647.73,2647.83,2645.97,2646.44,408.0
2024-12-05 15:30:00,2647.76,2650.57,2646.57,2647.4,514.0
2024-12-05 15:35:00,2647.46,2649.18,2646.76,2646.76,447.0
2024-12-05 15:40:00,2646.74,2646.74,2644.34,2644.84,506.0
2024-12-05 15:45:00,2644.91,2647.7,2644.34,2647.17,481.0
2024-12-05 15:50:00,2647.18,2649.82,2646.71,2649.75,479.0
2024-12-05 15:55:00,2649.76,2649.85,2647.64,2648.91,467.0
2024-12-05 16:00:00,2648.9,2650.2,2646.8,2647.19,484.0
2024-12-05 16:05:00,2647.21,2648.55,2646.24,2648.55,442.0
2024-12-05 16:10:00,2648.56,2648.78,2646.6,2648.53,381.0
2024-12-05 16:15:00,2648.59,2648.85,2646.51,2646.9,440.0
2024-12-05 16:20:00,2646.85,2647.51,2644.69,2645.17,418.0
2024-12-05 16:25:00,2645.36,2647.19,2645.2,2645.64,440.0
2024-12-05 16:30:00,2645.62,2647.79,2644.81,2646.67,516.0
2024-12-05 16:35:00,2646.8,2647.82,2645.02,2646.12,484.0
2024-12-05 16:40:00,2646.47,2647.73,2645.96,2647.09,467.0
2024-12-05 16:45:00,2647.25,2647.47,2642.96,2644.69,497.0
2024-12-05 16:50:00,2644.7,2646.67,2643.68,2645.11,494.0
2024-12-05 16:55:00,2645.22,2645.85,2639.63,2640.4,492.0
2024-12-05 17:00:00,2640.27,2641.55,2638.16,2638.92,521.0
2024-12-05 17:05:00,2639.06,2641.27,2636.62,2637.22,516.0
2024-12-05 17:10:00,2637.12,2639.14,2635.06,2636.18,508.0
2024-12-05 17:15:00,2636.38,2638.56,2635.55,2637.11,505.0
2024-12-05 17:20:00,2637.06,2639.42,2635.49,2635.71,497.0
2024-12-05 17:25:00,2635.79,2636.72,2633.27,2634.16,490.0
2024-12-05 17:30:00,2633.78,2635.94,2633.21,2634.74,498.0
2024-12-05 17:35:00,2634.69,2636.37,2633.81,2634.33,464.0
2024-12-05 17:40:00,2634.33,2634.38,2631.84,2633.61,504.0
2024-12-05 17:45:00,2633.9,2635.72,2633.9,2635.62,483.0
2024-12-05 17:50:00,2635.67,2641.14,2635.67,2640.01,517.0
2024-12-05 17:55:00,2639.94,2641.92,2639.87,2640.23,506.0
2024-12-05 18:00:00,2640.23,2642.69,2640.22,2642.23,485.0
2024-12-05 18:05:00,2642.16,2643.38,2642.04,2642.71,427.0
2024-12-05 18:10:00,2642.67,2642.78,2639.85,2640.79,482.0
2024-12-05 18:15:00,2640.81,2643.41,2640.27,2642.22,461.0
2024-12-05 18:20:00,2642.19,2642.29,2639.91,2640.31,449.0
2024-12-05 18:25:00,2640.32,2640.4,2636.84,2637.42,443.0
2024-12-05 18:30:00,2637.65,2639.65,2636.67,2636.98,420.0
2024-12-05 18:35:00,2636.99,2638.6,2636.57,2638.6,384.0
2024-12-05 18:40:00,2638.64,2639.16,2636.88,2637.88,352.0
2024-12-05 18:45:00,2637.88,2638.09,2636.13,2636.65,383.0
2024-12-05 18:50:00,2636.53,2636.53,2632.85,2633.73,437.0
2024-12-05 18:55:00,2633.73,2635.45,2632.99,2635.15,405.0
2024-12-05 19:00:00,2635.15,2635.4,2633.97,2634.97,322.0
2024-12-05 19:05:00,2634.96,2635.95,2633.35,2633.36,377.0
2024-12-05 19:10:00,2633.36,2633.38,2627.04,2627.65,455.0
2024-12-05 19:15:00,2627.63,2629.9,2627.35,2628.11,447.0
2024-12-05 19:20:00,2628.13,2628.45,2625.84,2627.83,412.0
2024-12-05 19:25:00,2627.87,2627.87,2624.36,2626.57,460.0
2024-12-05 19:30:00,2626.69,2627.71,2625.33,2626.96,437.0
2024-12-05 19:35:00,2627.16,2627.79,2625.09,2626.51,434.0
2024-12-05 19:40:00,2626.53,2627.12,2623.7,2625.19,420.0
2024-12-05 19:45:00,2625.22,2628.37,2624.98,2628.14,380.0
2024-12-05 19:50:00,2628.15,2629.07,2626.36,2627.13,408.0
2024-12-05 19:55:00,2627.08,2628.42,2626.76,2628.01,379.0
2024-12-05 20:00:00,2627.98,2628.89,2627.35,2627.53,374.0
2024-12-05 20:05:00,2627.55,2628.28,2626.69,2627.65,346.0
2024-12-05 20:10:00,2627.79,2627.94,2625.7,2626.42,389.0
2024-12-05 20:15:00,2626.34,2627.1,2624.92,2625.28,400.0
2024-12-05 20:20:00,2625.28,2626.09,2624.68,2624.79,442.0
2024-12-05 20:25:00,2624.86,2625.91,2623.52,2624.99,426.0
2024-12-05 20:30:00,2625.02,2627.08,2624.93,2626.84,334.0
2024-12-05 20:35:00,2626.85,2628.88,2626.38,2628.75,320.0
2024-12-05 20:40:00,2628.72,2629.21,2628.04,2628.21,287.0
2024-12-05 20:45:00,2628.19,2629.11,2627.36,2627.77,305.0
2024-12-05 20:50:00,2627.76,2629.18,2627.76,2628.55,266.0
2024-12-05 20:55:00,2628.57,2629.64,2628.3,2629.59,286.0
2024-12-05 21:00:00,2629.63,2631.47,2629.61,2630.16,390.0
2024-12-05 21:05:00,2630.0,2630.89,2629.71,2630.77,306.0
2024-12-05 21:10:00,2630.8,2630.8,2629.28,2630.56,274.0
2024-12-05 21:15:00,2630.51,2630.55,2628.62,2629.54,283.0
2024-12-05 21:20:00,2629.53,2630.2,2629.13,2629.28,251.0
2024-12-05 21:25:00,2629.34,2630.21,2629.15,2629.65,285.0
2024-12-05 21:30:00,2629.76,2630.11,2628.89,2629.12,268.0
2024-12-05 21:35:00,2629.11,2631.13,2629.1,2631.06,250.0
2024-12-05 21:40:00,2631.08,2631.13,2630.3,2630.98,248.0
2024-12-05 21:45:00,2630.99,2631.66,2630.48,2631.3,264.0
2024-12-05 21:50:00,2631.26,2631.68,2630.76,2631.02,232.0
2024-12-05 21:55:00,2631.09,2631.28,2629.79,2629.8,329.0
2024-12-05 22:00:00,2629.77,2631.29,2629.77,2631.26,259.0
2024-12-05 22:05:00,2631.27,2631.72,2630.08,2630.36,269.0
2024-12-05 22:10:00,2630.36,2630.37,2628.59,2629.21,271.0
2024-12-05 22:15:00,2629.24,2629.75,2628.95,2629.3,220.0
2024-12-05 22:20:00,2629.25,2629.44,2628.51,2629.17,210.0
2024-12-05 22:25:00,2629.09,2629.25,2628.45,2628.66,230.0
2024-12-05 22:30:00,2628.62,2629.48,2627.97,2628.87,262.0
2024-12-05 22:35:00,2628.88,2630.21,2628.26,2630.11,242.0
2024-12-05 22:40:00,2630.2,2631.02,2629.89,2630.48,216.0
2024-12-05 22:45:00,2630.56,2631.31,2630.12,2630.62,200.0
2024-12-05 22:50:00,2630.68,2630.96,2630.14,2630.39,265.0
2024-12-05 22:55:00,2630.39,2631.69,2630.29,2631.25,344.0
2024-12-05 23:00:00,2631.38,2632.38,2631.22,2632.08,159.0
2024-12-05 23:05:00,2631.92,2632.28,2631.49,2631.94,120.0
2024-12-05 23:10:00,2631.9,2632.39,2631.2,2631.2,104.0
2024-12-05 23:15:00,2631.2,2631.34,2630.89,2631.08,84.0
2024-12-05 23:20:00,2631.1,2631.65,2631.09,2631.39,80.0
2024-12-05 23:25:00,2631.38,2631.83,2631.18,2631.18,70.0
2024-12-05 23:30:00,2631.17,2631.36,2631.03,2631.14,84.0
2024-12-05 23:35:00,2631.16,2631.47,2631.04,2631.06,60.0
2024-12-05 23:40:00,2631.04,2631.42,2631.03,2631.38,55.0
2024-12-05 23:45:00,2631.26,2632.25,2631.14,2632.03,82.0
2024-12-05 23:50:00,2632.01,2632.4,2631.82,2632.23,103.0
2024-12-05 23:55:00,2631.8,2631.91,2631.6,2631.66,53.0
2024-12-06 01:00:00,2631.76,2632.07,2631.67,2631.93,145.0
2024-12-06 01:05:00,2631.78,2631.81,2631.44,2631.44,83.0
2024-12-06 01:10:00,2631.44,2632.05,2631.42,2631.79,79.0
2024-12-06 01:15:00,2631.81,2633.22,2631.79,2632.8,165.0
2024-12-06 01:20:00,2632.61,2633.24,2632.25,2632.48,130.0
2024-12-06 01:25:00,2632.61,2633.05,2632.48,2632.8,110.0
2024-12-06 01:30:00,2632.81,2633.44,2632.72,2633.33,104.0
2024-12-06 01:35:00,2633.36,2633.54,2633.0,2633.22,126.0
2024-12-06 01:40:00,2633.19,2633.21,2632.68,2632.97,109.0
2024-12-06 01:45:00,2632.97,2633.69,2632.68,2633.6,145.0
2024-12-06 01:50:00,2633.61,2633.82,2633.31,2633.36,78.0
2024-12-06 01:55:00,2633.35,2633.75,2633.35,2633.75,99.0
2024-12-06 02:00:00,2633.76,2633.76,2632.6,2633.13,200.0
2024-12-06 02:05:00,2633.02,2633.05,2632.08,2632.09,277.0
2024-12-06 02:10:00,2632.1,2632.11,2631.63,2631.94,201.0
2024-12-06 02:15:00,2631.93,2632.06,2631.4,2631.87,162.0
2024-12-06 02:20:00,2631.85,2632.13,2631.77,2631.82,145.0
2024-12-06 02:25:00,2631.83,2631.83,2631.22,2631.66,141.0
2024-12-06 02:30:00,2631.65,2632.86,2631.65,2632.54,220.0
2024-12-06 02:35:00,2632.41,2632.6,2631.54,2631.76,236.0
2024-12-06 02:40:00,2631.73,2632.31,2631.73,2631.91,187.0
2024-12-06 02:45:00,2632.01,2632.27,2631.41,2631.98,186.0
2024-12-06 02:50:00,2631.99,2631.99,2630.8,2630.8,283.0
2024-12-06 02:55:00,2630.84,2631.05,2628.16,2628.42,281.0
2024-12-06 03:00:00,2628.46,2630.46,2628.12,2628.5,502.0
2024-12-06 03:05:00,2628.45,2628.63,2618.12,2619.22,509.0
2024-12-06 03:10:00,2618.97,2620.12,2612.32,2615.41,530.0
2024-12-06 03:15:00,2615.66,2617.92,2614.41,2617.48,462.0
2024-12-06 03:20:00,2617.54,2619.43,2615.92,2618.61,404.0
2024-12-06 03:25:00,2618.74,2619.78,2617.67,2618.5,435.0
2024-12-06 03:30:00,2618.49,2621.9,2618.23,2620.24,452.0
2024-12-06 03:35:00,2620.09,2624.1,2620.09,2624.04,479.0
2024-12-06 03:40:00,2624.04,2624.18,2620.47,2620.94,451.0
2024-12-06 03:45:00,2620.91,2621.03,2616.58,2619.42,496.0
2024-12-06 03:50:00,2619.44,2619.86,2617.92,2618.82,473.0
2024-12-06 03:55:00,2618.81,2619.84,2617.61,2617.61,469.0
2024-12-06 04:00:00,2617.61,2619.53,2616.94,2619.25,440.0
2024-12-06 04:05:00,2619.22,2620.91,2618.48,2620.73,392.0
2024-12-06 04:10:00,2620.71,2622.39,2620.16,2620.56,390.0
2024-12-06 04:15:00,2620.51,2620.51,2619.14,2619.48,345.0
2024-12-06 04:20:00,2619.42,2620.51,2619.08,2620.43,318.0
2024-12-06 04:25:00,2620.44,2622.06,2620.41,2621.71,285.0
2024-12-06 04:30:00,2621.76,2623.61,2621.36,2622.75,420.0
2024-12-06 04:35:00,2622.77,2623.07,2622.19,2623.04,388.0
2024-12-06 04:40:00,2623.05,2625.12,2623.05,2624.48,443.0
2024-12-06 04:45:00,2624.44,2624.81,2623.61,2624.16,454.0
2024-12-06 04:50:00,2624.15,2624.67,2623.83,2624.2,398.0
2024-12-06 04:55:00,2624.05,2625.41,2624.05,2625.29,396.0
2024-12-06 05:00:00,2625.28,2626.45,2625.05,2625.87,403.0
2024-12-06 05:05:00,2625.87,2627.16,2625.62,2626.6,424.0
2024-12-06 05:10:00,2626.6,2629.21,2626.59,2628.63,379.0
2024-12-06 05:15:00,2628.64,2629.8,2628.06,2629.49,359.0
2024-12-06 05:20:00,2629.42,2634.09,2629.42,2633.93,394.0
2024-12-06 05:25:00,2633.97,2638.02,2633.97,2636.26,473.0
2024-12-06 05:30:00,2636.34,2637.41,2634.22,2636.94,349.0
2024-12-06 05:35:00,2636.91,2639.77,2636.91,2639.13,380.0
2024-12-06 05:40:00,2638.52,2640.07,2637.99,2639.54,319.0
2024-12-06 05:45:00,2639.66,2639.99,2638.3,2639.12,272.0
2024-12-06 05:50:00,2639.22,2642.08,2638.95,2640.07,276.0
2024-12-06 05:55:00,2640.04,2642.43,2640.04,2640.7,294.0
2024-12-06 06:00:00,2640.67,2642.96,2640.02,2642.31,323.0
2024-12-06 06:05:00,2642.24,2642.64,2641.3,2642.05,227.0
2024-12-06 06:10:00,2642.06,2642.32,2641.8,2642.14,201.0
2024-12-06 06:15:00,2642.15,2642.38,2640.97,2640.97,293.0
2024-12-06 06:20:00,2640.96,2642.35,2640.5,2642.17,195.0
2024-12-06 06:25:00,2642.17,2644.35,2641.95,2642.04,293.0
2024-12-06 06:30:00,2642.08,2642.5,2641.68,2641.88,223.0
2024-12-06 06:35:00,2641.88,2642.53,2641.59,2642.0,167.0
2024-12-06 06:40:00,2642.0,2643.73,2642.0,2642.61,213.0
2024-12-06 06:45:00,2642.58,2642.63,2641.46,2641.96,201.0
2024-12-06 06:50:00,2641.87,2642.98,2641.87,2642.18,202.0
2024-12-06 06:55:00,2642.17,2642.32,2641.39,2642.18,176.0
2024-12-06 07:00:00,2642.15,2642.15,2641.41,2641.85,245.0
2024-12-06 07:05:00,2641.87,2642.23,2641.6,2642.07,194.0
2024-12-06 07:10:00,2642.07,2642.2,2641.8,2642.12,146.0
2024-12-06 07:15:00,2642.13,2642.3,2642.06,2642.06,128.0
2024-12-06 07:20:00,2642.05,2642.3,2641.96,2642.09,136.0
2024-12-06 07:25:00,2642.09,2642.2,2641.8,2641.8,133.0
2024-12-06 07:30:00,2641.8,2642.59,2639.45,2639.52,460.0
2024-12-06 07:35:00,2639.54,2640.81,2638.57,2638.58,401.0
2024-12-06 07:40:00,2638.59,2639.11,2636.18,2636.77,387.0
2024-12-06 07:45:00,2636.77,2637.59,2635.53,2635.75,376.0
2024-12-06 07:50:00,2635.74,2638.68,2635.25,2637.82,407.0
2024-12-06 07:55:00,2637.84,2638.71,2637.83,2638.02,369.0
2024-12-06 08:00:00,2637.98,2638.24,2637.04,2638.01,317.0
2024-12-06 08:05:00,2638.0,2638.23,2636.28,2637.1,348.0
2024-12-06 08:10:00,2637.11,2638.85,2636.75,2638.27,339.0
2024-12-06 08:15:00,2638.2,2638.91,2637.97,2638.25,287.0
2024-12-06 08:20:00,2638.4,2639.04,2638.15,2638.74,352.0
2024-12-06 08:25:00,2638.78,2640.66,2638.41,2640.34,340.0
2024-12-06 08:30:00,2640.36,2642.29,2640.16,2640.16,363.0
2024-12-06 08:35:00,2640.07,2641.08,2636.49,2637.34,420.0
2024-12-06 08:40:00,2637.3,2638.68,2637.29,2638.28,313.0
2024-12-06 08:45:00,2638.25,2639.75,2638.19,2639.4,312.0
2024-12-06 08:50:00,2639.4,2640.07,2638.99,2639.38,283.0
2024-12-06 08:55:00,2639.3,2639.86,2639.01,2639.24,340.0
2024-12-06 09:00:00,2639.24,2639.24,2637.02,2639.15,408.0
2024-12-06 09:05:00,2639.06,2639.09,2637.52,2638.24,389.0
2024-12-06 09:10:00,2638.28,2638.41,2637.52,2638.26,328.0
2024-12-06 09:15:00,2638.27,2638.84,2638.03,2638.62,296.0
2024-12-06 09:20:00,2638.61,2639.6,2637.3,2637.33,331.0
2024-12-06 09:25:00,2637.33,2637.49,2636.04,2636.55,387.0
2024-12-06 09:30:00,2636.56,2637.95,2636.5,2636.68,315.0
2024-12-06 09:35:00,2636.68,2637.68,2636.43,2636.94,302.0
2024-12-06 09:40:00,2636.9,2637.19,2636.53,2636.6,246.0
2024-12-06 09:45:00,2636.61,2637.72,2636.57,2637.45,259.0
2024-12-06 09:50:00,2637.47,2639.14,2636.72,2639.04,323.0
2024-12-06 09:55:00,2639.04,2640.15,2638.99,2639.74,336.0
2024-12-06 10:00:00,2639.9,2640.98,2639.14,2639.2,342.0
2024-12-06 10:05:00,2639.19,2640.87,2638.74,2640.84,395.0
2024-12-06 10:10:00,2640.86,2641.5,2640.33,2640.56,346.0
2024-12-06 10:15:00,2640.57,2640.74,2639.06,2639.16,305.0
2024-12-06 10:20:00,2639.08,2639.89,2638.42,2639.52,312.0
2024-12-06 10:25:00,2639.52,2640.38,2638.62,2638.65,305.0
2024-12-06 10:30:00,2638.66,2639.68,2637.74,2638.59,347.0
2024-12-06 10:35:00,2638.59,2641.31,2638.4,2641.3,317.0
2024-12-06 10:40:00,2641.28,2642.07,2640.94,2641.92,333.0
2024-12-06 10:45:00,2641.92,2643.47,2641.13,2642.14,390.0
2024-12-06 10:50:00,2642.24,2642.29,2641.24,2641.82,361.0
2024-12-06 10:55:00,2641.82,2645.2,2641.66,2644.26,361.0
2024-12-06 11:00:00,2644.27,2645.0,2643.47,2643.83,403.0
2024-12-06 11:05:00,2643.83,2645.6,2643.03,2644.78,390.0
2024-12-06 11:10:00,2644.77,2645.15,2642.82,2643.16,379.0
2024-12-06 11:15:00,2643.16,2643.72,2641.0,2641.09,361.0
2024-12-06 11:20:00,2641.03,2642.47,2640.98,2641.63,367.0
2024-12-06 11:25:00,2641.64,2642.76,2640.78,2642.33,372.0
2024-12-06 11:30:00,2642.45,2642.49,2639.91,2640.18,302.0
2024-12-06 11:35:00,2640.17,2642.26,2639.82,2641.9,364.0
2024-12-06 11:40:00,2641.94,2642.75,2641.06,2642.59,348.0
2024-12-06 11:45:00,2642.56,2643.37,2640.85,2640.9,378.0
2024-12-06 11:50:00,2640.9,2641.74,2640.61,2641.66,262.0
2024-12-06 11:55:00,2641.63,2641.83,2640.17,2640.68,246.0
2024-12-06 12:00:00,2640.74,2640.83,2639.98,2640.37,238.0
2024-12-06 12:05:00,2640.37,2640.66,2639.05,2639.25,334.0
2024-12-06 12:10:00,2639.25,2639.71,2638.17,2638.61,284.0
2024-12-06 12:15:00,2638.7,2639.75,2638.08,2639.65,302.0
2024-12-06 12:20:00,2639.64,2640.06,2638.15,2638.75,287.0
2024-12-06 12:25:00,2638.76,2638.78,2636.79,2637.41,314.0
2024-12-06 12:30:00,2637.42,2637.6,2636.49,2636.95,326.0
2024-12-06 12:35:00,2636.97,2637.29,2635.77,2635.79,305.0
2024-12-06 12:40:00,2635.79,2636.24,2634.45,2634.74,350.0
2024-12-06 12:45:00,2634.73,2634.89,2633.55,2634.8,378.0
2024-12-06 12:50:00,2634.54,2636.34,2634.52,2635.75,377.0
2024-12-06 12:55:00,2635.75,2635.79,2634.04,2634.15,363.0
2024-12-06 13:00:00,2634.1,2635.28,2632.46,2635.09,398.0
2024-12-06 13:05:00,2634.96,2635.88,2634.96,2635.59,299.0
2024-12-06 13:10:00,2635.61,2636.45,2635.44,2636.25,256.0
2024-12-06 13:15:00,2636.24,2637.42,2636.12,2637.22,291.0
2024-12-06 13:20:00,2637.27,2637.88,2637.04,2637.79,275.0
2024-12-06 13:25:00,2637.8,2638.41,2637.22,2637.76,268.0
2024-12-06 13:30:00,2637.73,2639.05,2637.5,2638.05,250.0
2024-12-06 13:35:00,2638.1,2639.26,2637.93,2638.49,258.0
2024-12-06 13:40:00,2638.59,2638.59,2636.65,2637.42,317.0
2024-12-06 13:45:00,2637.42,2638.3,2636.9,2637.78,313.0
2024-12-06 13:50:00,2637.79,2639.08,2637.61,2638.97,279.0
2024-12-06 13:55:00,2638.98,2639.25,2638.17,2638.47,297.0
2024-12-06 14:00:00,2638.32,2638.45,2635.73,2637.84,419.0
2024-12-06 14:05:00,2637.83,2637.9,2636.29,2637.15,380.0
2024-12-06 14:10:00,2637.15,2639.56,2636.99,2639.56,340.0
2024-12-06 14:15:00,2639.56,2641.08,2638.53,2640.8,369.0
2024-12-06 14:20:00,2640.79,2640.92,2639.05,2639.31,353.0
2024-12-06 14:25:00,2639.33,2639.63,2638.7,2639.32,349.0
2024-12-06 14:30:00,2639.48,2640.01,2638.9,2639.5,337.0
2024-12-06 14:35:00,2639.52,2640.95,2639.15,2640.77,358.0
2024-12-06 14:40:00,2640.77,2641.5,2639.67,2640.75,331.0
2024-12-06 14:45:00,2640.75,2640.76,2638.73,2638.76,351.0
2024-12-06 14:50:00,2638.76,2639.9,2637.45,2638.41,402.0
2024-12-06 14:55:00,2638.42,2638.78,2637.19,2638.45,394.0
2024-12-06 15:00:00,2638.52,2639.66,2635.86,2636.57,546.0
2024-12-06 15:05:00,2636.66,2637.58,2636.04,2636.36,381.0
2024-12-06 15:10:00,2636.18,2637.6,2635.27,2636.34,438.0
2024-12-06 15:15:00,2636.35,2636.95,2634.08,2634.17,443.0
2024-12-06 15:20:00,2634.37,2637.76,2634.14,2637.54,482.0
2024-12-06 15:25:00,2637.69,2637.99,2634.62,2635.0,347.0
2024-12-06 15:30:00,2640.38,2643.2,2631.01,2636.91,590.0
2024-12-06 15:35:00,2636.96,2643.34,2634.91,2642.07,573.0
2024-12-06 15:40:00,2642.34,2642.34,2635.27,2635.76,561.0
2024-12-06 15:45:00,2635.8,2637.42,2632.45,2632.76,557.0
2024-12-06 15:50:00,2632.58,2636.61,2631.84,2636.47,545.0
2024-12-06 15:55:00,2636.46,2637.61,2634.84,2635.61,521.0
2024-12-06 16:00:00,2635.57,2638.8,2634.53,2635.54,542.0
2024-12-06 16:05:00,2635.53,2635.57,2626.93,2628.03,556.0
2024-12-06 16:10:00,2628.01,2629.3,2624.03,2628.16,557.0
2024-12-06 16:15:00,2628.19,2631.13,2627.26,2628.37,541.0
2024-12-06 16:20:00,2628.48,2631.59,2626.95,2631.45,402.0
2024-12-06 16:25:00,2631.25,2632.6,2629.33,2629.69,530.0
2024-12-06 16:30:00,2629.59,2632.35,2627.94,2630.1,564.0
2024-12-06 16:35:00,2629.82,2630.93,2627.17,2629.77,553.0
2024-12-06 16:40:00,2629.7,2630.17,2625.88,2629.29,559.0
2024-12-06 16:45:00,2629.7,2633.35,2629.41,2632.89,540.0
2024-12-06 16:50:00,2632.94,2635.86,2632.42,2634.16,534.0
2024-12-06 16:55:00,2634.09,2635.41,2632.75,2635.07,480.0
2024-12-06 17:00:00,2635.47,2638.66,2632.5,2637.86,532.0
2024-12-06 17:05:00,2637.94,2639.68,2637.12,2638.43,517.0
2024-12-06 17:10:00,2638.44,2640.49,2636.4,2637.0,516.0
2024-12-06 17:15:00,2637.01,2637.86,2635.7,2637.51,515.0
2024-12-06 17:20:00,2637.39,2637.87,2634.6,2636.81,502.0
2024-12-06 17:25:00,2636.86,2639.64,2636.86,2638.14,504.0
2024-12-06 17:30:00,2638.2,2640.04,2637.77,2639.38,495.0
2024-12-06 17:35:00,2639.45,2639.53,2635.47,2636.1,499.0
2024-12-06 17:40:00,2635.98,2637.03,2633.39,2634.37,531.0
2024-12-06 17:45:00,2634.31,2636.17,2633.72,2635.12,496.0
2024-12-06 17:50:00,2635.11,2636.38,2634.1,2636.25,476.0
2024-12-06 17:55:00,2636.3,2637.63,2635.56,2637.51,479.0
2024-12-06 18:00:00,2637.59,2638.97,2636.99,2638.11,454.0
2024-12-06 18:05:00,2638.09,2638.41,2635.4,2637.33,487.0
2024-12-06 18:10:00,2637.4,2637.93,2636.19,2636.96,479.0
2024-12-06 18:15:00,2636.95,2638.77,2636.41,2638.76,472.0
2024-12-06 18:20:00,2638.72,2640.6,2638.54,2639.85,458.0
2024-12-06 18:25:00,2639.83,2639.87,2638.62,2639.06,435.0
2024-12-06 18:30:00,2639.13,2641.2,2638.48,2640.31,434.0
2024-12-06 18:35:00,2640.3,2641.62,2639.79,2639.79,411.0
2024-12-06 18:40:00,2639.79,2640.48,2639.15,2640.14,353.0
2024-12-06 18:45:00,2640.14,2640.42,2639.13,2639.44,374.0
2024-12-06 18:50:00,2639.39,2640.24,2639.08,2640.01,342.0
2024-12-06 18:55:00,2639.97,2640.59,2639.46,2640.41,356.0
2024-12-06 19:00:00,2640.22,2640.61,2635.57,2635.74,468.0
2024-12-06 19:05:00,2635.71,2639.64,2635.46,2639.52,390.0
2024-12-06 19:10:00,2639.47,2639.9,2638.56,2639.49,293.0
2024-12-06 19:15:00,2639.45,2640.14,2637.78,2637.99,327.0
2024-12-06 19:20:00,2637.97,2638.16,2636.83,2637.35,312.0
2024-12-06 19:25:00,2637.28,2638.14,2636.36,2637.29,328.0
2024-12-06 19:30:00,2637.22,2637.65,2635.55,2635.73,332.0
2024-12-06 19:35:00,2635.78,2636.85,2635.67,2636.31,329.0
2024-12-06 19:40:00,2636.31,2636.35,2634.48,2635.01,369.0
2024-12-06 19:45:00,2634.97,2635.15,2634.17,2634.17,351.0
2024-12-06 19:50:00,2634.27,2635.95,2634.17,2635.84,355.0
2024-12-06 19:55:00,2635.86,2635.87,2634.56,2635.0,399.0
2024-12-06 20:00:00,2634.86,2635.94,2634.09,2634.84,381.0
2024-12-06 20:05:00,2634.83,2636.36,2634.76,2636.36,373.0
2024-12-06 20:10:00,2636.36,2637.25,2636.24,2636.92,398.0
2024-12-06 20:15:00,2636.94,2638.36,2636.93,2637.83,332.0
2024-12-06 20:20:00,2637.82,2638.75,2637.72,2638.56,271.0
2024-12-06 20:25:00,2638.47,2639.0,2637.29,2637.65,326.0
2024-12-06 20:30:00,2637.82,2637.82,2635.48,2635.72,340.0
2024-12-06 20:35:00,2635.75,2636.93,2635.75,2636.44,250.0
2024-12-06 20:40:00,2636.47,2637.01,2636.09,2636.72,244.0
2024-12-06 20:45:00,2636.64,2636.92,2635.93,2636.42,200.0
2024-12-06 20:50:00,2636.49,2637.0,2635.86,2636.78,205.0
2024-12-06 20:55:00,2636.85,2637.24,2636.62,2637.17,258.0
2024-12-06 21:00:00,2637.3,2637.41,2636.27,2636.41,277.0
2024-12-06 21:05:00,2636.41,2636.51,2635.24,2635.25,258.0
2024-12-06 21:10:00,2635.29,2635.3,2634.5,2634.89,270.0
2024-12-06 21:15:00,2634.78,2634.89,2634.15,2634.49,272.0
2024-12-06 21:20:00,2634.54,2635.1,2634.1,2634.69,272.0
2024-12-06 21:25:00,2634.69,2634.82,2633.45,2633.86,266.0
2024-12-06 21:30:00,2633.83,2634.32,2633.29,2634.02,279.0
2024-12-06 21:35:00,2634.03,2635.03,2633.82,2634.25,272.0
2024-12-06 21:40:00,2634.06,2634.13,2633.4,2633.98,244.0
2024-12-06 21:45:00,2634.03,2634.21,2633.01,2633.11,270.0
2024-12-06 21:50:00,2633.08,2634.43,2633.06,2634.1,284.0
2024-12-06 21:55:00,2634.1,2635.23,2633.78,2634.86,307.0
2024-12-06 22:00:00,2634.97,2635.53,2633.35,2634.91,317.0
2024-12-06 22:05:00,2634.72,2635.73,2634.66,2635.27,196.0
2024-12-06 22:10:00,2635.34,2635.48,2634.01,2634.46,181.0
2024-12-06 22:15:00,2634.51,2635.55,2634.13,2635.53,212.0
2024-12-06 22:20:00,2635.54,2636.34,2635.34,2636.02,270.0
2024-12-06 22:25:00,2635.99,2636.34,2635.24,2635.58,267.0
2024-12-06 22:30:00,2635.42,2635.93,2634.74,2635.47,234.0
2024-12-06 22:35:00,2635.46,2635.53,2634.84,2635.16,201.0
2024-12-06 22:40:00,2635.07,2635.11,2633.94,2634.53,216.0
2024-12-06 22:45:00,2634.49,2635.09,2633.76,2633.89,177.0
2024-12-06 22:50:00,2633.76,2634.21,2632.98,2633.28,259.0
2024-12-06 22:55:00,2633.28,2633.39,2631.49,2631.96,293.0
2024-12-06 23:00:00,2631.88,2632.67,2631.88,2632.21,169.0
2024-12-06 23:05:00,2632.22,2633.17,2632.22,2632.89,117.0
2024-12-06 23:10:00,2632.87,2632.97,2632.27,2632.32,62.0
2024-12-06 23:15:00,2632.36,2632.48,2632.03,2632.13,80.0
2024-12-06 23:20:00,2632.27,2632.36,2631.56,2631.77,87.0
2024-12-06 23:25:00,2631.64,2631.69,2631.07,2631.58,94.0
2024-12-06 23:30:00,2631.63,2631.78,2631.37,2631.74,82.0
2024-12-06 23:35:00,2631.76,2632.72,2631.72,2632.57,83.0
2024-12-06 23:40:00,2632.57,2633.02,2632.57,2632.82,39.0
2024-12-06 23:45:00,2632.82,2633.03,2632.3,2632.85,117.0
2024-12-06 23:50:00,2632.85,2633.71,2632.62,2632.81,128.0
2024-12-06 23:55:00,2632.97,2632.97,2632.39,2632.67,82.0
2024-12-09 01:00:00,2643.88,2648.12,2641.04,2643.23,1112.0
2024-12-09 01:05:00,2643.23,2648.18,2642.68,2643.67,357.0
2024-12-09 01:10:00,2643.69,2646.47,2642.24,2642.54,301.0
2024-12-09 01:15:00,2642.67,2644.72,2640.87,2643.71,297.0
2024-12-09 01:20:00,2643.7,2643.89,2641.6,2642.45,219.0
2024-12-09 01:25:00,2642.43,2642.81,2636.63,2637.92,314.0
2024-12-09 01:30:00,2637.26,2639.56,2636.17,2638.11,306.0
2024-12-09 01:35:00,2638.08,2639.45,2637.34,2638.85,191.0
2024-12-09 01:40:00,2638.85,2639.04,2637.48,2637.97,160.0
2024-12-09 01:45:00,2638.01,2638.01,2636.73,2637.81,189.0
2024-12-09 01:50:00,2637.89,2638.53,2637.22,2637.63,126.0
2024-12-09 01:55:00,2637.64,2640.07,2637.52,2640.03,165.0
2024-12-09 02:00:00,2640.03,2640.03,2634.44,2635.11,394.0
2024-12-09 02:05:00,2635.14,2637.11,2634.12,2636.03,350.0
2024-12-09 02:10:00,2636.05,2637.02,2635.65,2636.45,279.0
2024-12-09 02:15:00,2636.42,2636.49,2634.69,2635.13,335.0
2024-12-09 02:20:00,2635.19,2635.73,2633.64,2633.83,302.0
2024-12-09 02:25:00,2633.83,2634.4,2630.82,2631.08,374.0
2024-12-09 02:30:00,2630.95,2631.02,2628.26,2628.27,400.0
2024-12-09 02:35:00,2628.34,2630.12,2627.57,2628.16,326.0
2024-12-09 02:40:00,2628.22,2629.42,2627.74,2628.43,303.0
2024-12-09 02:45:00,2628.37,2629.92,2628.05,2629.91,317.0
2024-12-09 02:50:00,2629.91,2630.66,2629.14,2629.77,310.0
2024-12-09 02:55:00,2629.77,2631.15,2628.23,2631.0,329.0
2024-12-09 03:00:00,2631.0,2635.89,2630.93,2635.34,532.0
2024-12-09 03:05:00,2635.04,2637.91,2633.56,2637.64,514.0
2024-12-09 03:10:00,2637.7,2643.59,2637.69,2642.87,531.0
2024-12-09 03:15:00,2642.78,2646.34,2642.3,2646.22,497.0
2024-12-09 03:20:00,2646.34,2649.21,2646.21,2648.17,530.0
2024-12-09 03:25:00,2648.15,2650.49,2647.9,2648.98,464.0
2024-12-09 03:30:00,2649.1,2649.42,2646.41,2647.81,481.0
2024-12-09 03:35:00,2647.85,2649.08,2646.45,2646.54,457.0
2024-12-09 03:40:00,2646.52,2646.96,2645.13,2646.84,458.0
2024-12-09 03:45:00,2646.84,2646.84,2644.29,2645.46,470.0
2024-12-09 03:50:00,2645.44,2646.62,2644.5,2645.39,410.0
2024-12-09 03:55:00,2645.38,2647.35,2644.81,2646.72,430.0
2024-12-09 04:00:00,2646.7,2647.96,2645.55,2646.38,442.0
2024-12-09 04:05:00,2646.23,2647.62,2645.87,2646.43,429.0
2024-12-09 04:10:00,2646.44,2648.66,2645.85,2645.95,399.0
2024-12-09 04:15:00,2645.92,2646.39,2644.47,2644.98,245.0
2024-12-09 04:20:00,2644.93,2647.22,2644.86,2646.8,294.0
2024-12-09 04:25:00,2646.76,2647.58,2646.2,2647.52,265.0
2024-12-09 04:30:00,2647.51,2648.51,2646.62,2646.67,407.0
2024-12-09 04:35:00,2646.67,2646.72,2643.89,2643.97,468.0
2024-12-09 04:40:00,2643.83,2643.83,2640.94,2642.66,486.0
2024-12-09 04:45:00,2642.51,2643.98,2642.51,2643.75,398.0
2024-12-09 04:50:00,2643.84,2644.79,2642.87,2643.6,385.0
2024-12-09 04:55:00,2643.6,2646.45,2643.48,2646.09,420.0
2024-12-09 05:00:00,2646.11,2646.59,2644.44,2644.8,410.0
2024-12-09 05:05:00,2644.81,2644.99,2641.7,2641.9,423.0
2024-12-09 05:10:00,2641.94,2643.35,2641.73,2642.67,430.0
2024-12-09 05:15:00,2642.73,2645.73,2642.66,2645.13,428.0
2024-12-09 05:20:00,2645.1,2645.15,2641.62,2642.36,400.0
2024-12-09 05:25:00,2642.36,2642.58,2640.38,2641.78,446.0
2024-12-09 05:30:00,2641.89,2643.33,2641.68,2642.55,323.0
2024-12-09 05:35:00,2642.59,2643.01,2642.14,2642.33,279.0
2024-12-09 05:40:00,2642.34,2643.29,2642.09,2643.2,285.0
2024-12-09 05:45:00,2643.25,2643.25,2642.12,2642.29,282.0
2024-12-09 05:50:00,2642.3,2642.3,2640.44,2640.44,286.0
2024-12-09 05:55:00,2640.41,2640.64,2638.32,2638.84,327.0
2024-12-09 06:00:00,2638.8,2639.31,2636.75,2637.8,319.0
2024-12-09 06:05:00,2637.82,2638.99,2637.0,2637.51,345.0
2024-12-09 06:10:00,2637.61,2638.66,2637.38,2637.81,278.0
2024-12-09 06:15:00,2637.82,2638.91,2637.79,2638.26,232.0
2024-12-09 06:20:00,2638.27,2638.27,2636.68,2636.93,303.0
2024-12-09 06:25:00,2636.92,2637.87,2636.01,2636.34,285.0
2024-12-09 06:30:00,2636.33,2638.88,2635.67,2637.75,399.0
2024-12-09 06:35:00,2637.61,2638.1,2635.14,2635.28,342.0
2024-12-09 06:40:00,2635.28,2636.16,2634.92,2635.27,332.0
2024-12-09 06:45:00,2635.23,2636.15,2634.59,2635.36,316.0
2024-12-09 06:50:00,2635.34,2637.13,2635.06,2636.95,293.0
2024-12-09 06:55:00,2636.91,2637.42,2635.17,2635.95,288.0
2024-12-09 07:00:00,2635.94,2637.13,2635.92,2636.47,258.0
2024-12-09 07:05:00,2636.45,2637.35,2635.89,2637.16,303.0
2024-12-09 07:10:00,2637.13,2638.26,2637.06,2637.22,274.0
2024-12-09 07:15:00,2637.23,2638.73,2637.12,2638.66,250.0
2024-12-09 07:20:00,2638.62,2639.3,2638.21,2639.02,260.0
2024-12-09 07:25:00,2638.94,2639.12,2637.62,2638.04,299.0
2024-12-09 07:30:00,2638.12,2638.24,2635.97,2637.35,409.0
2024-12-09 07:35:00,2637.3,2639.45,2637.02,2639.32,382.0
2024-12-09 07:40:00,2639.35,2640.23,2638.13,2639.04,334.0
2024-12-09 07:45:00,2638.98,2639.93,2638.82,2639.8,294.0
2024-12-09 07:50:00,2639.81,2640.37,2638.93,2639.23,370.0
2024-12-09 07:55:00,2639.22,2639.26,2637.26,2638.37,398.0
2024-12-09 08:00:00,2638.35,2640.28,2638.23,2640.12,410.0
2024-12-09 08:05:00,2640.26,2641.54,2639.6,2641.0,365.0
2024-12-09 08:10:00,2641.06,2641.98,2640.5,2641.54,424.0
2024-12-09 08:15:00,2641.6,2642.48,2640.91,2641.92,372.0
2024-12-09 08:20:00,2641.95,2642.47,2640.65,2641.33,376.0
2024-12-09 08:25:00,2641.33,2642.64,2640.85,2642.33,386.0
2024-12-09 08:30:00,2642.34,2642.88,2641.98,2642.39,348.0
2024-12-09 08:35:00,2642.39,2643.7,2641.98,2643.27,393.0
2024-12-09 08:40:00,2643.27,2643.38,2641.28,2642.15,426.0
2024-12-09 08:45:00,2642.23,2644.02,2642.1,2643.48,355.0
2024-12-09 08:50:00,2643.48,2644.38,2643.37,2644.03,289.0
2024-12-09 08:55:00,2644.07,2644.48,2643.61,2643.88,288.0
2024-12-09 09:00:00,2643.71,2645.0,2643.53,2643.66,295.0
2024-12-09 09:05:00,2643.64,2644.92,2643.06,2644.21,274.0
2024-12-09 09:10:00,2644.19,2644.56,2643.66,2644.02,241.0
2024-12-09 09:15:00,2644.02,2645.04,2643.84,2644.23,254.0
2024-12-09 09:20:00,2644.22,2646.34,2644.14,2646.22,399.0
2024-12-09 09:25:00,2646.21,2647.39,2645.92,2647.31,432.0
2024-12-09 09:30:00,2647.25,2650.69,2647.19,2650.04,462.0
2024-12-09 09:35:00,2650.03,2650.49,2647.04,2647.27,470.0
2024-12-09 09:40:00,2647.2,2648.59,2646.55,2648.59,390.0
2024-12-09 09:45:00,2648.61,2649.55,2647.65,2648.83,365.0
2024-12-09 09:50:00,2648.93,2650.18,2648.45,2650.04,366.0
2024-12-09 09:55:00,2649.95,2651.15,2649.52,2650.55,357.0
2024-12-09 10:00:00,2650.76,2651.04,2649.48,2650.3,375.0
2024-12-09 10:05:00,2650.31,2650.44,2649.23,2649.71,355.0
2024-12-09 10:10:00,2649.5,2650.34,2649.44,2649.6,369.0
2024-12-09 10:15:00,2649.6,2649.7,2647.85,2647.98,389.0
2024-12-09 10:20:00,2647.97,2650.0,2647.78,2648.49,364.0
2024-12-09 10:25:00,2648.52,2648.89,2647.75,2647.85,384.0
2024-12-09 10:30:00,2647.85,2648.96,2646.6,2647.08,350.0
2024-12-09 10:35:00,2647.08,2649.14,2646.1,2648.49,399.0
2024-12-09 10:40:00,2648.49,2648.74,2647.06,2647.92,307.0
2024-12-09 10:45:00,2647.92,2649.1,2647.65,2648.98,351.0
2024-12-09 10:50:00,2648.98,2650.45,2648.66,2648.72,355.0
2024-12-09 10:55:00,2648.72,2649.47,2646.97,2649.34,422.0
2024-12-09 11:00:00,2649.31,2650.89,2649.01,2650.77,371.0
2024-12-09 11:05:00,2650.8,2650.86,2648.78,2650.33,336.0
2024-12-09 11:10:00,2650.34,2652.23,2650.34,2652.23,317.0
2024-12-09 11:15:00,2652.34,2653.38,2651.27,2653.28,346.0
2024-12-09 11:20:00,2653.26,2654.19,2652.01,2652.99,383.0
2024-12-09 11:25:00,2653.02,2653.9,2652.38,2653.16,373.0
2024-12-09 11:30:00,2652.93,2653.8,2652.33,2653.31,329.0
2024-12-09 11:35:00,2653.26,2654.36,2653.09,2654.33,322.0
2024-12-09 11:40:00,2654.34,2654.75,2653.25,2653.56,306.0
2024-12-09 11:45:00,2653.44,2656.17,2653.44,2656.04,356.0
2024-12-09 11:50:00,2656.06,2657.47,2655.07,2655.35,408.0
2024-12-09 11:55:00,2655.37,2655.82,2654.79,2655.64,321.0
2024-12-09 12:00:00,2655.71,2657.31,2655.71,2657.08,372.0
2024-12-09 12:05:00,2657.09,2657.34,2656.26,2656.94,373.0
2024-12-09 12:10:00,2656.9,2657.32,2655.72,2656.48,367.0
2024-12-09 12:15:00,2656.49,2658.27,2656.49,2657.64,347.0
2024-12-09 12:20:00,2657.64,2658.3,2656.97,2658.12,359.0
2024-12-09 12:25:00,2658.12,2658.38,2657.48,2657.77,284.0
2024-12-09 12:30:00,2657.78,2658.21,2655.34,2655.59,405.0
2024-12-09 12:35:00,2655.59,2656.01,2653.52,2654.74,374.0
2024-12-09 12:40:00,2654.69,2656.27,2654.41,2655.99,383.0
2024-12-09 12:45:00,2655.99,2657.13,2655.3,2656.16,299.0
2024-12-09 12:50:00,2656.17,2657.1,2656.09,2657.01,273.0
2024-12-09 12:55:00,2656.99,2657.72,2656.4,2657.48,323.0
2024-12-09 13:00:00,2657.45,2658.16,2657.05,2657.47,360.0
2024-12-09 13:05:00,2657.43,2658.19,2656.65,2657.84,291.0
2024-12-09 13:10:00,2657.83,2658.36,2657.62,2658.11,259.0
2024-12-09 13:15:00,2658.1,2658.1,2657.25,2657.66,280.0
2024-12-09 13:20:00,2657.81,2659.28,2657.15,2659.15,315.0
2024-12-09 13:25:00,2659.16,2660.35,2656.17,2656.31,439.0
2024-12-09 13:30:00,2656.41,2657.68,2654.71,2657.21,412.0
2024-12-09 13:35:00,2657.22,2657.36,2656.21,2656.7,270.0
2024-12-09 13:40:00,2656.72,2657.96,2653.71,2653.78,331.0
2024-12-09 13:45:00,2653.76,2656.56,2653.38,2656.34,343.0
2024-12-09 13:50:00,2656.31,2656.94,2655.39,2655.59,331.0
2024-12-09 13:55:00,2655.59,2656.35,2654.66,2656.29,348.0
2024-12-09 14:00:00,2656.32,2658.3,2656.0,2656.36,349.0
2024-12-09 14:05:00,2656.4,2656.61,2654.95,2656.36,363.0
2024-12-09 14:10:00,2656.44,2657.57,2656.27,2657.5,357.0
2024-12-09 14:15:00,2657.36,2657.6,2656.05,2656.08,291.0
2024-12-09 14:20:00,2656.1,2656.55,2655.21,2655.61,264.0
2024-12-09 14:25:00,2655.61,2657.25,2655.61,2656.06,210.0
2024-12-09 14:30:00,2656.23,2657.09,2656.02,2656.86,321.0
2024-12-09 14:35:00,2656.92,2656.95,2655.86,2656.49,275.0
2024-12-09 14:40:00,2656.47,2656.49,2655.11,2655.63,342.0
2024-12-09 14:45:00,2655.44,2655.71,2653.42,2653.8,354.0
2024-12-09 14:50:00,2653.8,2654.96,2653.42,2654.96,297.0
2024-12-09 14:55:00,2654.99,2656.6,2654.61,2656.22,388.0
2024-12-09 15:00:00,2656.18,2658.1,2654.93,2657.92,531.0
2024-12-09 15:05:00,2657.85,2658.6,2655.09,2655.66,500.0
2024-12-09 15:10:00,2655.65,2657.06,2655.23,2655.81,472.0
2024-12-09 15:15:00,2656.03,2658.12,2655.03,2656.57,481.0
2024-12-09 15:20:00,2656.6,2658.04,2655.64,2656.33,492.0
2024-12-09 15:25:00,2656.41,2657.01,2654.7,2656.46,491.0
2024-12-09 15:30:00,2656.34,2660.7,2656.34,2660.48,480.0
2024-12-09 15:35:00,2660.47,2662.09,2659.89,2661.91,486.0
2024-12-09 15:40:00,2662.08,2662.72,2661.1,2661.45,502.0
2024-12-09 15:45:00,2661.39,2664.53,2661.38,2664.28,487.0
2024-12-09 15:50:00,2664.19,2664.89,2663.17,2663.88,501.0
2024-12-09 15:55:00,2663.96,2666.26,2663.66,2665.54,478.0
2024-12-09 16:00:00,2665.72,2666.49,2664.15,2664.7,510.0
2024-12-09 16:05:00,2664.67,2665.99,2662.68,2665.99,513.0
2024-12-09 16:10:00,2665.96,2666.62,2664.38,2666.31,466.0
2024-12-09 16:15:00,2666.11,2666.98,2664.72,2664.88,482.0
2024-12-09 16:20:00,2664.84,2665.82,2663.74,2665.71,482.0
2024-12-09 16:25:00,2665.81,2669.17,2665.81,2668.14,467.0
2024-12-09 16:30:00,2668.16,2670.73,2667.19,2668.85,543.0
2024-12-09 16:35:00,2668.97,2669.38,2666.33,2668.99,536.0
2024-12-09 16:40:00,2668.87,2672.54,2668.82,2672.38,509.0
2024-12-09 16:45:00,2672.4,2673.67,2670.63,2672.83,527.0
2024-12-09 16:50:00,2672.92,2674.11,2672.34,2673.78,480.0
2024-12-09 16:55:00,2673.86,2675.19,2672.72,2673.84,516.0
2024-12-09 17:00:00,2674.02,2674.71,2671.35,2674.63,512.0
2024-12-09 17:05:00,2674.58,2674.69,2672.79,2674.19,510.0
2024-12-09 17:10:00,2674.15,2676.2,2673.29,2676.05,524.0
2024-12-09 17:15:00,2675.93,2676.32,2673.57,2674.6,501.0
2024-12-09 17:20:00,2674.56,2675.38,2673.11,2674.4,480.0
2024-12-09 17:25:00,2674.35,2674.77,2671.29,2672.22,497.0
2024-12-09 17:30:00,2672.22,2672.6,2670.0,2670.46,537.0
2024-12-09 17:35:00,2670.49,2672.15,2670.35,2671.81,513.0
2024-12-09 17:40:00,2671.71,2673.86,2670.86,2672.32,496.0
2024-12-09 17:45:00,2672.39,2672.39,2668.25,2668.85,517.0
2024-12-09 17:50:00,2668.78,2671.1,2667.48,2667.48,513.0
2024-12-09 17:55:00,2667.51,2668.94,2666.68,2668.32,494.0
2024-12-09 18:00:00,2668.28,2668.99,2667.27,2668.83,479.0
2024-12-09 18:05:00,2668.79,2669.71,2667.89,2668.63,465.0
2024-12-09 18:10:00,2668.65,2669.51,2667.24,2667.91,467.0
2024-12-09 18:15:00,2667.78,2669.99,2666.92,2669.43,467.0
2024-12-09 18:20:00,2669.37,2670.39,2667.86,2670.3,471.0
2024-12-09 18:25:00,2670.26,2670.54,2668.48,2668.64,418.0
2024-12-09 18:30:00,2668.57,2669.12,2666.58,2667.0,444.0
2024-12-09 18:35:00,2666.9,2667.21,2665.94,2666.88,430.0
2024-12-09 18:40:00,2666.81,2669.39,2666.81,2668.7,397.0
2024-12-09 18:45:00,2668.62,2669.69,2667.27,2668.17,399.0
2024-12-09 18:50:00,2668.17,2668.55,2665.84,2666.04,371.0
2024-12-09 18:55:00,2666.05,2667.91,2665.57,2667.62,400.0
2024-12-09 19:00:00,2667.65,2669.25,2666.9,2666.93,372.0
2024-12-09 19:05:00,2666.93,2667.35,2666.04,2667.22,338.0
2024-12-09 19:10:00,2667.23,2668.04,2666.03,2667.48,332.0
2024-12-09 19:15:00,2667.51,2668.15,2666.82,2667.13,337.0
2024-12-09 19:20:00,2667.11,2667.11,2665.92,2666.39,301.0
2024-12-09 19:25:00,2666.5,2667.51,2666.03,2667.08,243.0
2024-12-09 19:30:00,2666.98,2667.78,2666.79,2667.22,312.0
2024-12-09 19:35:00,2667.18,2667.59,2666.02,2666.13,330.0
2024-12-09 19:40:00,2666.08,2666.66,2665.24,2665.53,323.0
2024-12-09 19:45:00,2665.52,2665.92,2664.02,2664.33,320.0
2024-12-09 19:50:00,2664.33,2665.64,2663.59,2665.54,327.0
2024-12-09 19:55:00,2665.54,2665.59,2663.85,2664.51,307.0
2024-12-09 20:00:00,2664.6,2664.6,2663.28,2663.69,366.0
2024-12-09 20:05:00,2663.67,2664.62,2663.13,2663.94,334.0
2024-12-09 20:10:00,2663.93,2663.95,2662.01,2662.35,340.0
2024-12-09 20:15:00,2662.49,2663.57,2662.04,2663.45,369.0
2024-12-09 20:20:00,2663.47,2663.74,2662.37,2662.64,303.0
2024-12-09 20:25:00,2662.62,2663.44,2662.29,2662.67,377.0
2024-12-09 20:30:00,2662.78,2663.46,2662.08,2662.33,328.0
2024-12-09 20:35:00,2662.33,2662.89,2661.66,2662.53,355.0
2024-12-09 20:40:00,2662.56,2664.11,2662.49,2663.8,312.0
2024-12-09 20:45:00,2663.73,2664.52,2663.3,2664.25,330.0
2024-12-09 20:50:00,2664.17,2664.49,2663.06,2663.17,293.0
2024-12-09 20:55:00,2663.21,2663.9,2662.94,2663.01,341.0
2024-12-09 21:00:00,2662.95,2663.31,2662.43,2663.21,286.0
2024-12-09 21:05:00,2663.13,2663.18,2662.09,2662.25,367.0
2024-12-09 21:10:00,2662.19,2662.46,2660.92,2661.0,320.0
2024-12-09 21:15:00,2661.03,2661.59,2660.68,2660.84,313.0
2024-12-09 21:20:00,2660.86,2661.18,2660.02,2660.39,224.0
2024-12-09 21:25:00,2660.39,2661.27,2659.96,2661.23,271.0
2024-12-09 21:30:00,2661.22,2661.65,2661.08,2661.26,264.0
2024-12-09 21:35:00,2661.29,2661.61,2660.59,2660.77,274.0
2024-12-09 21:40:00,2660.79,2660.85,2659.88,2660.2,298.0
2024-12-09 21:45:00,2660.14,2660.45,2659.64,2660.3,259.0
2024-12-09 21:50:00,2660.26,2660.34,2658.87,2659.78,305.0
2024-12-09 21:55:00,2659.77,2660.32,2659.25,2660.18,303.0
2024-12-09 22:00:00,2660.2,2660.2,2657.57,2658.65,324.0
2024-12-09 22:05:00,2658.58,2659.71,2658.58,2659.25,269.0
2024-12-09 22:10:00,2659.22,2659.41,2658.48,2659.08,281.0
2024-12-09 22:15:00,2659.07,2659.49,2658.28,2658.3,226.0
2024-12-09 22:20:00,2658.34,2658.82,2657.35,2657.35,273.0
2024-12-09 22:25:00,2657.35,2657.83,2656.68,2657.77,307.0
2024-12-09 22:30:00,2657.74,2658.88,2657.56,2658.5,252.0
2024-12-09 22:35:00,2658.58,2658.79,2657.93,2658.44,278.0
2024-12-09 22:40:00,2658.41,2658.66,2657.28,2657.91,243.0
2024-12-09 22:45:00,2657.9,2658.08,2657.2,2657.2,243.0
2024-12-09 22:50:00,2657.2,2658.29,2656.96,2657.99,268.0
2024-12-09 22:55:00,2658.0,2658.17,2657.42,2657.89,297.0
2024-12-09 23:00:00,2657.86,2658.88,2657.82,2658.74,149.0
2024-12-09 23:05:00,2658.73,2659.07,2658.5,2658.92,135.0
2024-12-09 23:10:00,2658.88,2659.6,2658.8,2659.53,112.0
2024-12-09 23:15:00,2659.53,2659.53,2658.22,2659.02,133.0
2024-12-09 23:20:00,2659.04,2659.73,2658.98,2659.45,125.0
2024-12-09 23:25:00,2659.45,2660.31,2659.45,2659.74,103.0
2024-12-09 23:30:00,2659.72,2660.31,2659.0,2660.17,170.0
2024-12-09 23:35:00,2660.17,2660.17,2659.63,2659.94,146.0
2024-12-09 23:40:00,2659.94,2660.1,2659.48,2659.53,159.0
2024-12-09 23:45:00,2659.53,2659.53,2658.46,2658.7,116.0
2024-12-09 23:50:00,2658.69,2660.92,2658.67,2659.64,150.0
2024-12-09 23:55:00,2659.67,2660.31,2659.64,2660.18,117.0
2024-12-10 01:00:00,2660.85,2661.16,2660.32,2660.86,147.0
2024-12-10 01:05:00,2660.75,2660.84,2660.31,2660.58,97.0
2024-12-10 01:10:00,2660.48,2660.71,2660.28,2660.55,78.0
2024-12-10 01:15:00,2660.55,2660.98,2660.41,2660.92,115.0
2024-12-10 01:20:00,2660.96,2661.48,2660.9,2661.07,146.0
2024-12-10 01:25:00,2661.01,2661.11,2660.35,2660.94,143.0
2024-12-10 01:30:00,2660.89,2661.51,2660.89,2661.48,153.0
2024-12-10 01:35:00,2661.5,2661.67,2659.8,2659.95,178.0
2024-12-10 01:40:00,2659.94,2661.24,2659.55,2661.16,184.0
2024-12-10 01:45:00,2661.16,2661.57,2660.81,2660.85,171.0
2024-12-10 01:50:00,2660.85,2661.27,2660.61,2660.85,172.0
2024-12-10 01:55:00,2660.87,2660.93,2659.98,2660.53,183.0
2024-12-10 02:00:00,2660.51,2660.72,2659.09,2659.69,259.0
2024-12-10 02:05:00,2659.73,2659.9,2657.98,2657.99,307.0
2024-12-10 02:10:00,2658.03,2659.46,2657.93,2659.23,223.0
2024-12-10 02:15:00,2659.24,2659.64,2658.83,2659.52,226.0
2024-12-10 02:20:00,2659.54,2660.06,2659.24,2659.57,177.0
2024-12-10 02:25:00,2659.54,2660.09,2658.91,2660.05,188.0
2024-12-10 02:30:00,2660.04,2660.7,2660.03,2660.26,200.0
2024-12-10 02:35:00,2660.24,2660.85,2660.03,2660.67,209.0
2024-12-10 02:40:00,2660.64,2661.5,2660.12,2661.34,201.0
2024-12-10 02:45:00,2661.17,2661.49,2660.34,2661.22,253.0
2024-12-10 02:50:00,2661.23,2662.53,2660.9,2662.48,242.0
2024-12-10 02:55:00,2662.52,2665.44,2662.41,2664.95,353.0
2024-12-10 03:00:00,2665.1,2666.57,2663.7,2663.79,513.0
2024-12-10 03:05:00,2663.95,2665.05,2663.41,2664.04,385.0
2024-12-10 03:10:00,2664.03,2664.58,2662.88,2664.12,392.0
2024-12-10 03:15:00,2664.04,2664.36,2663.26,2663.67,351.0
2024-12-10 03:20:00,2663.68,2665.52,2663.58,2664.32,435.0
2024-12-10 03:25:00,2664.33,2666.31,2664.28,2664.56,443.0
2024-12-10 03:30:00,2664.34,2665.0,2661.97,2662.1,500.0
2024-12-10 03:35:00,2662.02,2663.3,2661.48,2661.87,482.0
2024-12-10 03:40:00,2661.98,2663.79,2660.58,2663.41,473.0
2024-12-10 03:45:00,2663.42,2664.1,2662.62,2662.93,436.0
2024-12-10 03:50:00,2662.91,2663.86,2662.44,2663.2,405.0
2024-12-10 03:55:00,2663.2,2668.63,2663.2,2667.47,473.0
2024-12-10 04:00:00,2667.51,2669.19,2666.16,2668.75,471.0
2024-12-10 04:05:00,2668.77,2670.86,2668.18,2668.18,474.0
2024-12-10 04:10:00,2668.21,2669.63,2666.93,2668.28,447.0
2024-12-10 04:15:00,2668.26,2669.96,2668.16,2669.22,302.0
2024-12-10 04:20:00,2669.2,2669.39,2668.55,2668.69,297.0
2024-12-10 04:25:00,2668.69,2668.79,2666.79,2668.02,363.0
2024-12-10 04:30:00,2668.02,2669.89,2667.67,2669.89,453.0
2024-12-10 04:35:00,2669.9,2671.44,2668.66,2668.78,402.0
2024-12-10 04:40:00,2668.91,2670.83,2668.51,2670.7,365.0
2024-12-10 04:45:00,2670.69,2671.39,2669.89,2670.41,393.0
2024-12-10 04:50:00,2670.46,2670.88,2669.26,2669.65,432.0
2024-12-10 04:55:00,2669.58,2669.74,2668.69,2669.02,387.0
2024-12-10 05:00:00,2669.03,2669.2,2667.2,2667.42,456.0
2024-12-10 05:05:00,2667.44,2668.29,2667.4,2667.93,410.0
2024-12-10 05:10:00,2667.94,2668.53,2667.52,2667.71,371.0
2024-12-10 05:15:00,2667.63,2667.83,2665.44,2665.95,422.0
2024-12-10 05:20:00,2665.94,2668.62,2665.73,2667.32,385.0
2024-12-10 05:25:00,2667.27,2667.68,2666.06,2667.19,312.0
2024-12-10 05:30:00,2667.21,2668.51,2666.46,2668.4,379.0
2024-12-10 05:35:00,2668.4,2670.14,2668.24,2669.04,340.0
2024-12-10 05:40:00,2669.09,2670.37,2669.03,2670.21,300.0
2024-12-10 05:45:00,2670.15,2671.7,2669.68,2671.15,362.0
2024-12-10 05:50:00,2671.04,2671.08,2667.55,2668.25,347.0
2024-12-10 05:55:00,2668.23,2669.95,2667.56,2669.89,397.0
2024-12-10 06:00:00,2669.92,2671.3,2669.63,2670.99,305.0
2024-12-10 06:05:00,2671.03,2673.81,2671.0,2672.96,356.0
2024-12-10 06:10:00,2672.97,2673.43,2671.72,2672.15,295.0
2024-12-10 06:15:00,2672.29,2673.03,2671.27,2671.48,264.0
2024-12-10 06:20:00,2671.48,2673.67,2671.25,2672.62,323.0
2024-12-10 06:25:00,2672.62,2672.94,2671.35,2671.51,254.0
2024-12-10 06:30:00,2671.55,2672.81,2671.48,2672.36,254.0
2024-12-10 06:35:00,2672.35,2672.63,2671.59,2672.05,218.0
2024-12-10 06:40:00,2672.05,2672.48,2671.53,2671.88,271.0
2024-12-10 06:45:00,2671.86,2672.05,2670.83,2671.03,320.0
2024-12-10 06:50:00,2671.01,2671.1,2670.23,2670.54,297.0
2024-12-10 06:55:00,2670.44,2670.77,2670.03,2670.3,198.0
2024-12-10 07:00:00,2670.32,2670.65,2669.57,2670.43,286.0
2024-12-10 07:05:00,2670.44,2670.59,2669.98,2670.17,278.0
2024-12-10 07:10:00,2670.22,2670.22,2669.28,2669.59,358.0
2024-12-10 07:15:00,2669.58,2670.26,2669.5,2669.76,281.0
2024-12-10 07:20:00,2669.74,2669.93,2669.08,2669.21,222.0
2024-12-10 07:25:00,2669.11,2669.19,2668.41,2668.48,274.0
2024-12-10 07:30:00,2668.42,2669.77,2668.42,2669.47,395.0
2024-12-10 07:35:00,2669.51,2670.35,2669.35,2669.58,406.0
2024-12-10 07:40:00,2669.58,2671.64,2669.21,2671.16,450.0
2024-12-10 07:45:00,2671.19,2671.28,2670.31,2670.84,440.0
2024-12-10 07:50:00,2670.82,2671.01,2668.28,2669.81,396.0
2024-12-10 07:55:00,2669.79,2670.15,2668.55,2668.88,412.0
2024-12-10 08:00:00,2668.72,2669.16,2666.63,2667.09,434.0
2024-12-10 08:05:00,2667.1,2667.71,2666.28,2667.0,416.0
2024-12-10 08:10:00,2666.99,2668.0,2665.71,2667.69,333.0
2024-12-10 08:15:00,2667.73,2668.36,2667.4,2667.52,348.0
2024-12-10 08:20:00,2667.52,2669.19,2666.98,2669.19,335.0
2024-12-10 08:25:00,2669.19,2669.92,2668.59,2669.73,334.0
2024-12-10 08:30:00,2669.72,2669.8,2668.69,2668.84,323.0
2024-12-10 08:35:00,2668.83,2668.86,2667.82,2668.61,374.0
2024-12-10 08:40:00,2668.59,2668.81,2667.21,2667.64,378.0
2024-12-10 08:45:00,2667.62,2668.2,2667.52,2667.68,288.0
2024-12-10 08:50:00,2667.68,2669.92,2667.68,2669.84,352.0
2024-12-10 08:55:00,2669.84,2670.86,2669.8,2670.04,287.0
2024-12-10 09:00:00,2670.04,2670.79,2669.1,2669.11,276.0
2024-12-10 09:05:00,2669.08,2670.02,2668.89,2669.83,289.0
2024-12-10 09:10:00,2669.91,2670.35,2669.3,2669.43,287.0
2024-12-10 09:15:00,2669.44,2669.81,2667.88,2669.75,363.0
2024-12-10 09:20:00,2669.76,2670.36,2668.5,2669.19,324.0
2024-12-10 09:25:00,2669.16,2669.6,2668.49,2668.7,286.0
2024-12-10 09:30:00,2668.7,2669.78,2668.7,2669.46,278.0
2024-12-10 09:35:00,2669.53,2669.73,2669.11,2669.32,238.0
2024-12-10 09:40:00,2669.4,2669.4,2667.49,2667.49,290.0
2024-12-10 09:45:00,2667.46,2667.54,2666.26,2666.3,343.0
2024-12-10 09:50:00,2666.31,2666.52,2664.79,2665.2,336.0
2024-12-10 09:55:00,2665.13,2665.38,2663.69,2664.64,350.0
2024-12-10 10:00:00,2664.66,2665.24,2663.31,2663.31,386.0
2024-12-10 10:05:00,2663.39,2665.43,2662.84,2664.94,438.0
2024-12-10 10:10:00,2665.13,2665.57,2662.01,2662.23,413.0
2024-12-10 10:15:00,2662.22,2663.29,2661.63,2662.93,362.0
2024-12-10 10:20:00,2662.93,2663.23,2661.28,2661.82,359.0
2024-12-10 10:25:00,2661.82,2662.71,2661.49,2662.3,366.0
2024-12-10 10:30:00,2662.26,2663.33,2661.94,2663.18,356.0
2024-12-10 10:35:00,2663.2,2665.35,2663.13,2665.09,397.0
2024-12-10 10:40:00,2665.09,2665.44,2663.03,2663.31,374.0
2024-12-10 10:45:00,2663.29,2663.51,2662.02,2662.38,363.0
2024-12-10 10:50:00,2662.38,2663.39,2662.27,2663.12,296.0
2024-12-10 10:55:00,2663.12,2663.64,2661.51,2663.24,391.0
2024-12-10 11:00:00,2663.15,2663.39,2661.64,2662.21,403.0
2024-12-10 11:05:00,2662.2,2665.26,2661.79,2664.85,381.0
2024-12-10 11:10:00,2664.86,2665.89,2663.94,2664.17,332.0
2024-12-10 11:15:00,2664.12,2665.13,2663.79,2664.98,298.0
2024-12-10 11:20:00,2664.85,2665.82,2664.24,2665.02,357.0
2024-12-10 11:25:00,2665.02,2665.02,2663.39,2663.44,337.0
2024-12-10 11:30:00,2663.28,2664.75,2663.28,2664.63,313.0
2024-12-10 11:35:00,2664.7,2664.76,2662.73,2663.41,335.0
2024-12-10 11:40:00,2663.41,2665.35,2662.82,2665.33,353.0
2024-12-10 11:45:00,2665.33,2665.75,2664.19,2665.66,356.0
2024-12-10 11:50:00,2665.61,2666.97,2664.02,2664.32,407.0
2024-12-10 11:55:00,2664.29,2665.22,2663.03,2664.99,316.0
2024-12-10 12:00:00,2665.04,2666.28,2664.86,2665.85,332.0
2024-12-10 12:05:00,2665.75,2666.03,2664.44,2665.16,271.0
2024-12-10 12:10:00,2665.15,2666.35,2665.11,2665.92,263.0
2024-12-10 12:15:00,2665.81,2667.59,2665.76,2667.19,302.0
2024-12-10 12:20:00,2667.19,2667.64,2666.49,2667.15,269.0
2024-12-10 12:25:00,2667.16,2669.28,2666.8,2668.41,317.0
2024-12-10 12:30:00,2668.34,2670.48,2668.3,2669.27,397.0
2024-12-10 12:35:00,2669.31,2674.15,2668.61,2673.28,419.0
2024-12-10 12:40:00,2673.26,2675.51,2672.99,2673.79,423.0
2024-12-10 12:45:00,2673.79,2675.28,2673.62,2675.2,334.0
2024-12-10 12:50:00,2675.21,2676.73,2674.83,2675.1,404.0
2024-12-10 12:55:00,2675.1,2676.17,2674.59,2675.47,368.0
2024-12-10 13:00:00,2675.49,2675.49,2672.33,2673.32,430.0
2024-12-10 13:05:00,2673.32,2674.0,2672.49,2672.55,334.0
2024-12-10 13:10:00,2672.52,2673.13,2671.72,2672.72,340.0
2024-12-10 13:15:00,2672.81,2672.95,2670.04,2670.98,423.0
2024-12-10 13:20:00,2671.0,2671.93,2670.25,2670.38,315.0
2024-12-10 13:25:00,2670.38,2671.6,2669.77,2671.43,332.0
2024-12-10 13:30:00,2671.49,2672.72,2671.42,2671.77,339.0
2024-12-10 13:35:00,2671.75,2673.29,2671.35,2672.36,331.0
2024-12-10 13:40:00,2672.43,2673.33,2671.46,2672.29,351.0
2024-12-10 13:45:00,2672.39,2672.62,2671.91,2672.29,269.0
2024-12-10 13:50:00,2672.29,2673.26,2671.74,2673.0,314.0
2024-12-10 13:55:00,2673.06,2674.75,2672.45,2674.61,385.0
2024-12-10 14:00:00,2674.62,2675.46,2672.87,2675.19,401.0
2024-12-10 14:05:00,2675.19,2679.04,2675.19,2678.28,430.0
2024-12-10 14:10:00,2678.27,2678.8,2676.01,2677.94,412.0
2024-12-10 14:15:00,2677.94,2678.01,2676.03,2676.96,424.0
2024-12-10 14:20:00,2676.95,2677.51,2675.36,2676.84,362.0
2024-12-10 14:25:00,2676.85,2678.28,2676.49,2677.63,386.0
2024-12-10 14:30:00,2677.6,2678.26,2675.9,2676.01,396.0
2024-12-10 14:35:00,2676.09,2676.43,2673.92,2674.87,404.0
2024-12-10 14:40:00,2674.82,2675.63,2674.82,2675.38,372.0
2024-12-10 14:45:00,2675.33,2677.0,2675.16,2676.2,339.0
2024-12-10 14:50:00,2676.18,2678.65,2676.18,2677.84,350.0
2024-12-10 14:55:00,2677.82,2678.02,2676.75,2677.73,340.0
2024-12-10 15:00:00,2677.78,2677.78,2674.67,2676.28,505.0
2024-12-10 15:05:00,2676.13,2677.76,2675.87,2676.24,458.0
2024-12-10 15:10:00,2676.28,2676.72,2673.65,2673.7,461.0
2024-12-10 15:15:00,2673.69,2674.29,2672.31,2672.7,422.0
2024-12-10 15:20:00,2672.76,2676.58,2672.76,2674.99,442.0
2024-12-10 15:25:00,2675.05,2675.88,2673.84,2674.71,424.0
2024-12-10 15:30:00,2674.7,2676.03,2673.27,2673.74,473.0
2024-12-10 15:35:00,2673.76,2676.29,2673.14,2676.01,433.0
2024-12-10 15:40:00,2676.07,2677.7,2675.49,2677.54,425.0
2024-12-10 15:45:00,2677.55,2679.28,2676.86,2679.15,417.0
2024-12-10 15:50:00,2679.12,2680.26,2677.93,2679.97,448.0
2024-12-10 15:55:00,2679.73,2681.97,2679.36,2680.38,461.0
2024-12-10 16:00:00,2680.37,2681.74,2679.45,2681.06,449.0
2024-12-10 16:05:00,2681.0,2682.29,2679.95,2680.07,460.0
2024-12-10 16:10:00,2680.04,2682.38,2679.91,2682.24,467.0
2024-12-10 16:15:00,2682.27,2683.81,2681.04,2683.81,437.0
2024-12-10 16:20:00,2683.67,2684.42,2682.82,2683.74,479.0
2024-12-10 16:25:00,2683.78,2685.39,2683.19,2685.06,454.0
2024-12-10 16:30:00,2685.2,2688.05,2684.63,2688.03,523.0
2024-12-10 16:35:00,2688.09,2688.41,2686.21,2687.98,503.0
2024-12-10 16:40:00,2687.91,2689.88,2687.83,2689.39,485.0
2024-12-10 16:45:00,2689.36,2690.37,2687.96,2689.57,519.0
2024-12-10 16:50:00,2689.82,2691.14,2688.79,2691.09,496.0
2024-12-10 16:55:00,2691.1,2691.73,2688.53,2688.88,550.0
2024-12-10 17:00:00,2689.06,2689.84,2686.6,2687.49,499.0
2024-12-10 17:05:00,2687.49,2690.38,2686.94,2688.62,462.0
2024-12-10 17:10:00,2688.62,2688.71,2686.88,2688.43,436.0
2024-12-10 17:15:00,2688.31,2689.56,2687.9,2688.6,425.0
2024-12-10 17:20:00,2688.58,2688.7,2686.31,2687.04,449.0
2024-12-10 17:25:00,2687.06,2687.97,2686.15,2687.75,445.0
2024-12-10 17:30:00,2687.75,2688.43,2685.24,2685.89,451.0
2024-12-10 17:35:00,2685.88,2685.88,2684.3,2685.14,456.0
2024-12-10 17:40:00,2685.14,2685.95,2684.58,2685.73,454.0
2024-12-10 17:45:00,2685.63,2686.24,2685.11,2685.9,415.0
2024-12-10 17:50:00,2685.99,2686.17,2684.92,2685.8,430.0
2024-12-10 17:55:00,2685.77,2689.22,2685.69,2687.32,450.0
2024-12-10 18:00:00,2687.27,2689.27,2684.62,2688.88,483.0
2024-12-10 18:05:00,2688.93,2691.65,2688.68,2690.01,488.0
2024-12-10 18:10:00,2689.93,2691.15,2688.87,2689.31,464.0
2024-12-10 18:15:00,2689.34,2689.4,2687.03,2688.55,461.0
2024-12-10 18:20:00,2688.56,2689.55,2687.75,2688.03,426.0
2024-12-10 18:25:00,2688.11,2689.18,2687.18,2687.53,453.0
2024-12-10 18:30:00,2687.45,2688.43,2685.81,2687.41,439.0
2024-12-10 18:35:00,2687.35,2689.22,2686.99,2688.8,350.0
2024-12-10 18:40:00,2688.82,2689.88,2688.2,2689.82,386.0
2024-12-10 18:45:00,2689.91,2690.42,2688.58,2690.32,350.0
2024-12-10 18:50:00,2690.26,2690.84,2688.88,2689.56,344.0
2024-12-10 18:55:00,2689.58,2692.42,2689.39,2692.13,329.0
2024-12-10 19:00:00,2692.22,2693.26,2691.39,2691.5,345.0
2024-12-10 19:05:00,2691.59,2692.42,2691.29,2691.91,260.0
2024-12-10 19:10:00,2691.9,2693.29,2691.5,2693.28,299.0
2024-12-10 19:15:00,2693.34,2693.86,2692.59,2693.29,316.0
2024-12-10 19:20:00,2693.28,2693.89,2692.4,2692.43,347.0
2024-12-10 19:25:00,2692.43,2692.46,2690.48,2690.79,297.0
2024-12-10 19:30:00,2690.75,2692.13,2690.17,2692.1,346.0
2024-12-10 19:35:00,2692.09,2692.27,2690.97,2691.16,327.0
2024-12-10 19:40:00,2691.22,2694.02,2690.88,2693.96,320.0
2024-12-10 19:45:00,2693.99,2694.51,2693.55,2693.86,303.0
2024-12-10 19:50:00,2693.85,2695.37,2692.84,2695.33,317.0
2024-12-10 19:55:00,2695.35,2695.46,2693.74,2694.32,325.0
2024-12-10 20:00:00,2694.29,2694.79,2693.82,2694.31,283.0
2024-12-10 20:05:00,2694.14,2694.89,2693.75,2694.68,287.0
2024-12-10 20:10:00,2694.69,2695.13,2694.2,2694.54,311.0
2024-12-10 20:15:00,2694.51,2694.73,2693.2,2693.95,312.0
2024-12-10 20:20:00,2693.86,2695.08,2693.86,2694.24,300.0
2024-12-10 20:25:00,2694.24,2695.17,2692.34,2692.42,355.0
2024-12-10 20:30:00,2692.39,2693.17,2692.14,2692.89,303.0
2024-12-10 20:35:00,2692.83,2693.03,2691.87,2692.48,262.0
2024-12-10 20:40:00,2692.35,2693.36,2692.3,2692.63,308.0
2024-12-10 20:45:00,2692.63,2693.09,2692.19,2692.66,336.0
2024-12-10 20:50:00,2692.55,2693.41,2692.31,2692.72,335.0
2024-12-10 20:55:00,2692.74,2693.29,2692.21,2692.45,293.0
2024-12-10 21:00:00,2692.35,2692.63,2691.64,2692.31,257.0
2024-12-10 21:05:00,2692.31,2692.69,2691.48,2692.59,283.0
2024-12-10 21:10:00,2692.57,2692.92,2692.15,2692.92,267.0
2024-12-10 21:15:00,2692.74,2693.42,2692.05,2693.27,272.0
2024-12-10 21:20:00,2693.25,2694.55,2693.23,2694.15,274.0
2024-12-10 21:25:00,2694.15,2694.24,2692.1,2692.62,263.0
2024-12-10 21:30:00,2692.62,2692.62,2691.99,2692.12,242.0
2024-12-10 21:35:00,2692.12,2692.5,2691.96,2692.24,232.0
2024-12-10 21:40:00,2692.2,2692.33,2691.11,2691.43,244.0
2024-12-10 21:45:00,2691.42,2692.13,2691.11,2691.54,262.0
2024-12-10 21:50:00,2691.54,2692.27,2691.47,2692.18,226.0
2024-12-10 21:55:00,2692.16,2692.67,2691.84,2692.01,220.0
2024-12-10 22:00:00,2691.96,2692.05,2691.34,2691.52,237.0
2024-12-10 22:05:00,2691.55,2692.9,2691.55,2692.14,191.0
2024-12-10 22:10:00,2692.16,2692.16,2691.52,2691.96,218.0
2024-12-10 22:15:00,2691.97,2691.98,2690.91,2691.22,218.0
2024-12-10 22:20:00,2691.21,2691.57,2690.97,2691.48,231.0
2024-12-10 22:25:00,2691.5,2691.98,2691.2,2691.29,189.0
2024-12-10 22:30:00,2691.23,2691.75,2691.1,2691.53,232.0
2024-12-10 22:35:00,2691.52,2692.3,2691.41,2692.0,196.0
2024-12-10 22:40:00,2692.02,2693.01,2691.79,2692.31,214.0
2024-12-10 22:45:00,2692.29,2692.65,2692.08,2692.48,243.0
2024-12-10 22:50:00,2692.49,2692.73,2691.37,2691.55,311.0
2024-12-10 22:55:00,2691.56,2692.11,2691.26,2691.61,355.0
2024-12-10 23:00:00,2691.38,2691.99,2691.27,2691.86,103.0
2024-12-10 23:05:00,2691.86,2692.87,2691.84,2692.63,109.0
2024-12-10 23:10:00,2692.66,2692.91,2692.16,2692.21,117.0
2024-12-10 23:15:00,2692.21,2692.82,2692.01,2692.51,93.0
2024-12-10 23:20:00,2692.51,2692.74,2692.38,2692.6,60.0
2024-12-10 23:25:00,2692.6,2693.03,2692.37,2692.82,91.0
2024-12-10 23:30:00,2692.81,2693.37,2692.64,2693.16,132.0
2024-12-10 23:35:00,2693.2,2694.14,2692.03,2692.93,202.0
2024-12-10 23:40:00,2692.93,2693.52,2692.46,2692.86,145.0
2024-12-10 23:45:00,2692.87,2694.13,2692.85,2693.54,114.0
2024-12-10 23:50:00,2693.54,2694.26,2693.3,2693.56,81.0
2024-12-10 23:55:00,2693.61,2693.84,2693.4,2693.8,109.0
2024-12-11 01:00:00,2693.98,2695.21,2693.58,2695.12,150.0
2024-12-11 01:05:00,2695.05,2695.19,2694.14,2694.17,108.0
2024-12-11 01:10:00,2694.18,2695.25,2693.9,2694.72,111.0
2024-12-11 01:15:00,2694.72,2694.83,2693.99,2694.3,112.0
2024-12-11 01:20:00,2694.3,2695.16,2694.3,2694.81,159.0
2024-12-11 01:25:00,2694.81,2695.41,2694.45,2694.78,138.0
2024-12-11 01:30:00,2694.77,2695.29,2694.47,2695.09,165.0
2024-12-11 01:35:00,2695.15,2695.79,2695.05,2695.42,142.0
2024-12-11 01:40:00,2695.43,2696.17,2695.1,2696.14,169.0
2024-12-11 01:45:00,2696.15,2698.06,2695.55,2697.77,277.0
2024-12-11 01:50:00,2697.65,2698.26,2695.85,2697.14,243.0
2024-12-11 01:55:00,2697.07,2697.07,2694.68,2695.82,201.0
2024-12-11 02:00:00,2695.82,2695.82,2694.25,2694.48,226.0
2024-12-11 02:05:00,2694.48,2694.83,2693.62,2693.87,231.0
2024-12-11 02:10:00,2693.88,2694.67,2693.34,2694.67,171.0
2024-12-11 02:15:00,2694.8,2695.09,2694.3,2694.98,211.0
2024-12-11 02:20:00,2694.98,2697.57,2694.77,2696.51,311.0
2024-12-11 02:25:00,2696.52,2698.51,2696.18,2697.64,255.0
2024-12-11 02:30:00,2697.77,2699.77,2697.65,2698.87,305.0
2024-12-11 02:35:00,2698.72,2698.72,2697.19,2697.62,211.0
2024-12-11 02:40:00,2697.62,2700.42,2697.6,2700.22,300.0
2024-12-11 02:45:00,2700.18,2701.08,2699.78,2700.52,335.0
2024-12-11 02:50:00,2700.52,2701.67,2699.34,2700.18,405.0
2024-12-11 02:55:00,2700.56,2701.25,2699.65,2701.06,394.0
2024-12-11 03:00:00,2701.06,2701.06,2696.49,2698.83,534.0
2024-12-11 03:05:00,2698.7,2698.81,2696.83,2697.64,497.0
2024-12-11 03:10:00,2697.95,2700.39,2697.85,2700.21,472.0
2024-12-11 03:15:00,2700.14,2700.48,2699.54,2699.93,408.0
2024-12-11 03:20:00,2699.95,2703.6,2699.95,2701.02,452.0
2024-12-11 03:25:00,2701.01,2701.32,2700.01,2700.75,448.0
2024-12-11 03:30:00,2700.69,2702.09,2700.4,2701.52,458.0
2024-12-11 03:35:00,2701.53,2702.65,2700.33,2701.58,441.0
2024-12-11 03:40:00,2701.58,2701.79,2698.27,2700.66,487.0
2024-12-11 03:45:00,2700.67,2701.5,2700.29,2700.95,431.0
2024-12-11 03:50:00,2700.91,2701.33,2698.62,2699.52,443.0
2024-12-11 03:55:00,2699.55,2701.27,2699.21,2699.8,468.0
2024-12-11 04:00:00,2700.15,2700.84,2699.44,2699.94,425.0
2024-12-11 04:05:00,2700.03,2700.9,2699.73,2700.18,416.0
2024-12-11 04:10:00,2700.18,2700.46,2699.02,2699.83,348.0
2024-12-11 04:15:00,2699.9,2700.42,2699.44,2700.18,291.0
2024-12-11 04:20:00,2700.19,2702.89,2699.04,2701.69,444.0
2024-12-11 04:25:00,2701.71,2702.3,2700.71,2701.9,240.0
2024-12-11 04:30:00,2702.16,2704.06,2701.71,2701.91,491.0
2024-12-11 04:35:00,2701.81,2702.7,2700.72,2702.5,421.0
2024-12-11 04:40:00,2702.38,2702.69,2698.72,2699.86,438.0
2024-12-11 04:45:00,2699.1,2699.98,2698.25,2698.5,386.0
2024-12-11 04:50:00,2698.37,2700.56,2697.29,2700.52,434.0
2024-12-11 04:55:00,2700.58,2700.73,2697.88,2698.82,468.0
2024-12-11 05:00:00,2698.03,2700.27,2698.02,2698.95,296.0
2024-12-11 05:05:00,2698.81,2699.18,2697.89,2698.64,332.0
2024-12-11 05:10:00,2698.49,2700.23,2698.43,2699.59,321.0
2024-12-11 05:15:00,2699.57,2702.12,2699.16,2701.38,453.0
2024-12-11 05:20:00,2701.33,2701.4,2698.73,2700.15,482.0
2024-12-11 05:25:00,2699.98,2700.3,2698.58,2700.01,459.0
2024-12-11 05:30:00,2699.92,2700.07,2698.15,2698.76,212.0
2024-12-11 05:35:00,2698.25,2699.35,2697.47,2697.76,415.0
2024-12-11 05:40:00,2697.84,2698.07,2693.26,2693.26,113.0
2024-12-11 05:45:00,2693.46,2697.7,2693.46,2696.55,42.0
2024-12-11 05:50:00,2696.56,2696.86,2695.45,2695.98,135.0
2024-12-11 05:55:00,2695.97,2696.56,2694.65,2695.34,300.0
2024-12-11 06:00:00,2695.31,2695.64,2693.75,2694.34,383.0
2024-12-11 06:05:00,2694.05,2695.67,2694.0,2695.11,293.0
2024-12-11 06:10:00,2695.17,2695.37,2693.33,2695.31,331.0
2024-12-11 06:15:00,2695.26,2695.41,2693.62,2693.89,119.0
2024-12-11 06:20:00,2694.19,2696.16,2693.58,2695.59,172.0
2024-12-11 06:25:00,2695.57,2695.76,2693.32,2694.35,137.0
2024-12-11 06:30:00,2693.83,2693.99,2690.34,2690.47,170.0
2024-12-11 06:35:00,2689.34,2690.44,2684.8,2685.83,315.0
2024-12-11 06:40:00,2685.62,2686.85,2683.35,2683.53,162.0
2024-12-11 06:45:00,2683.81,2686.13,2683.59,2683.89,81.0
2024-12-11 06:50:00,2683.91,2684.97,2682.3,2683.36,271.0
2024-12-11 06:55:00,2683.36,2685.02,2683.04,2684.31,450.0
2024-12-11 07:00:00,2684.25,2684.53,2679.15,2679.24,322.0
2024-12-11 07:05:00,2678.99,2680.43,2674.94,2679.89,228.0
2024-12-11 07:10:00,2680.25,2681.68,2678.46,2679.1,35.0
2024-12-11 07:15:00,2679.96,2680.71,2676.9,2678.25,290.0
2024-12-11 07:20:00,2678.33,2681.07,2676.64,2678.95,88.0
2024-12-11 07:25:00,2678.95,2679.32,2677.48,2677.6,75.0
2024-12-11 07:30:00,2677.62,2678.9,2674.85,2678.73,481.0
2024-12-11 07:35:00,2678.73,2682.4,2676.82,2682.34,583.0
2024-12-11 07:40:00,2682.12,2685.4,2681.05,2685.4,124.0
2024-12-11 07:45:00,2685.85,2692.69,2685.6,2689.36,66.0
2024-12-11 07:50:00,2688.61,2688.78,2686.45,2686.45,242.0
2024-12-11 07:55:00,2686.78,2689.58,2686.36,2687.71,149.0
2024-12-11 08:00:00,2686.89,2695.31,2686.78,2689.24,154.0
2024-12-11 08:05:00,2690.95,2694.64,2689.64,2691.23,200.0
2024-12-11 08:10:00,2690.77,2692.86,2689.6,2691.37,51.0
2024-12-11 08:15:00,2692.96,2693.99,2691.6,2693.12,142.0
2024-12-11 08:20:00,2693.12,2697.84,2692.3,2695.59,308.0
2024-12-11 08:25:00,2695.65,2696.04,2693.11,2694.78,39.0
2024-12-11 08:30:00,2695.79,2695.8,2692.29,2692.78,40.0
2024-12-11 08:35:00,2694.25,2696.87,2692.95,2696.0,231.0
2024-12-11 08:40:00,2695.08,2695.49,2692.75,2692.76,32.0
2024-12-11 08:45:00,2694.68,2695.4,2693.27,2694.63,93.0
2024-12-11 08:50:00,2694.52,2695.17,2693.86,2694.08,20.0
2024-12-11 08:55:00,2693.74,2696.7,2693.69,2695.28,91.0
2024-12-11 09:00:00,2694.89,2695.95,2693.56,2693.84,21.0
2024-12-11 09:05:00,2693.36,2694.94,2690.15,2690.96,25.0
2024-12-11 09:10:00,2691.05,2692.33,2689.01,2691.08,344.0
2024-12-11 09:15:00,2690.56,2693.18,2690.43,2692.96,161.0
2024-12-11 09:20:00,2692.88,2693.27,2690.45,2690.58,219.0
2024-12-11 09:25:00,2690.18,2691.32,2686.98,2688.05,177.0
2024-12-11 09:30:00,2688.4,2691.96,2687.75,2690.79,299.0
2024-12-11 09:35:00,2690.72,2691.99,2689.97,2691.24,252.0
2024-12-11 09:40:00,2691.24,2691.61,2689.26,2691.58,266.0
2024-12-11 09:45:00,2691.55,2691.84,2690.11,2691.51,203.0
2024-12-11 09:50:00,2691.53,2691.86,2689.1,2689.1,109.0
2024-12-11 09:55:00,2689.11,2690.62,2688.78,2689.0,208.0
2024-12-11 10:00:00,2689.2,2689.9,2687.64,2689.35,315.0
2024-12-11 10:05:00,2689.5,2692.2,2689.38,2691.42,365.0
2024-12-11 10:10:00,2691.43,2692.6,2690.81,2692.07,392.0
2024-12-11 10:15:00,2692.07,2692.67,2691.57,2692.16,275.0
2024-12-11 10:20:00,2692.24,2693.19,2691.2,2692.89,456.0
2024-12-11 10:25:00,2692.98,2695.03,2692.89,2694.05,454.0
2024-12-11 10:30:00,2694.15,2695.76,2693.03,2694.5,426.0
2024-12-11 10:35:00,2693.85,2695.48,2693.79,2694.35,249.0
2024-12-11 10:40:00,2694.11,2694.83,2692.5,2692.93,401.0
2024-12-11 10:45:00,2692.95,2692.95,2690.15,2690.62,363.0
2024-12-11 10:50:00,2690.63,2692.11,2689.09,2691.59,389.0
2024-12-11 10:55:00,2691.57,2691.87,2690.55,2690.8,472.0
2024-12-11 11:00:00,2690.71,2690.82,2687.75,2689.18,639.0
2024-12-11 11:05:00,2689.03,2689.32,2685.94,2686.91,397.0
2024-12-11 11:10:00,2686.74,2689.21,2685.94,2687.92,377.0
2024-12-11 11:15:00,2687.94,2691.99,2687.16,2691.49,143.0
2024-12-11 11:20:00,2691.61,2691.8,2689.6,2690.31,151.0
2024-12-11 11:25:00,2690.22,2691.93,2689.27,2691.47,235.0
2024-12-11 11:30:00,2691.63,2693.96,2691.18,2693.15,501.0
2024-12-11 11:35:00,2693.16,2693.27,2691.68,2693.23,464.0
2024-12-11 11:40:00,2693.25,2694.19,2692.27,2693.33,488.0
2024-12-11 11:45:00,2693.32,2694.16,2692.31,2693.34,396.0
2024-12-11 11:50:00,2693.34,2694.69,2692.96,2694.3,475.0
2024-12-11 11:55:00,2694.3,2696.06,2693.56,2695.73,564.0
2024-12-11 12:00:00,2695.85,2695.86,2693.09,2694.98,534.0
2024-12-11 12:05:00,2695.2,2697.12,2693.19,2696.32,599.0
2024-12-11 12:10:00,2695.13,2698.93,2694.74,2698.52,593.0
2024-12-11 12:15:00,2698.51,2698.68,2696.35,2697.26,569.0
2024-12-11 12:20:00,2697.26,2698.43,2696.2,2698.41,509.0
2024-12-11 12:25:00,2698.46,2699.48,2696.56,2698.75,502.0
2024-12-11 12:30:00,2698.78,2698.78,2695.79,2696.68,513.0
2024-12-11 12:35:00,2696.76,2696.76,2692.59,2693.55,404.0
2024-12-11 12:40:00,2693.71,2693.86,2692.23,2692.52,412.0
2024-12-11 12:45:00,2692.43,2694.24,2692.11,2693.73,481.0
2024-12-11 12:50:00,2693.72,2695.04,2693.27,2694.93,480.0
2024-12-11 12:55:00,2694.92,2695.55,2694.21,2694.55,433.0
2024-12-11 13:00:00,2694.34,2694.74,2693.06,2693.83,458.0
2024-12-11 13:05:00,2693.7,2694.46,2692.71,2694.25,448.0
2024-12-11 13:10:00,2694.32,2695.06,2693.99,2694.49,449.0
2024-12-11 13:15:00,2694.48,2694.98,2693.44,2694.76,453.0
2024-12-11 13:20:00,2694.82,2696.79,2694.82,2696.07,429.0
2024-12-11 13:25:00,2696.15,2696.82,2695.24,2696.26,472.0
2024-12-11 13:30:00,2696.23,2696.55,2695.15,2695.84,448.0
2024-12-11 13:35:00,2695.78,2695.95,2694.76,2695.36,446.0
2024-12-11 13:40:00,2695.36,2695.96,2694.77,2695.52,422.0
2024-12-11 13:45:00,2695.51,2696.02,2693.97,2694.47,398.0
2024-12-11 13:50:00,2694.34,2697.21,2694.12,2696.46,431.0
2024-12-11 13:55:00,2696.31,2697.5,2696.28,2696.28,319.0
2024-12-11 14:00:00,2696.26,2697.55,2695.29,2695.45,395.0
2024-12-11 14:05:00,2695.43,2696.22,2694.04,2696.15,481.0
2024-12-11 14:10:00,2696.13,2696.65,2693.58,2696.5,482.0
2024-12-11 14:15:00,2696.44,2697.35,2695.43,2695.94,487.0
2024-12-11 14:20:00,2695.94,2696.51,2695.47,2695.98,461.0
2024-12-11 14:25:00,2696.19,2696.31,2694.73,2694.98,462.0
2024-12-11 14:30:00,2695.03,2695.59,2693.86,2695.38,484.0
2024-12-11 14:35:00,2695.38,2696.26,2695.29,2695.64,438.0
2024-12-11 14:40:00,2695.56,2696.45,2695.32,2696.15,386.0
2024-12-11 14:45:00,2696.18,2696.72,2695.38,2695.81,395.0
2024-12-11 14:50:00,2695.86,2696.25,2695.24,2695.79,375.0
2024-12-11 14:55:00,2695.84,2696.46,2695.17,2695.26,405.0
2024-12-11 15:00:00,2695.16,2697.94,2695.01,2697.13,523.0
2024-12-11 15:05:00,2697.09,2697.97,2696.13,2697.52,496.0
2024-12-11 15:10:00,2697.57,2697.92,2696.75,2697.06,474.0
2024-12-11 15:15:00,2697.1,2697.65,2695.8,2696.24,494.0
2024-12-11 15:20:00,2696.25,2696.35,2690.5,2691.89,530.0
2024-12-11 15:25:00,2691.83,2695.26,2691.35,2694.88,387.0
2024-12-11 15:30:00,2696.3,2700.68,2693.4,2699.76,531.0
2024-12-11 15:35:00,2699.67,2701.96,2697.82,2697.82,561.0
2024-12-11 15:40:00,2697.02,2701.22,2696.81,2700.45,533.0
2024-12-11 15:45:00,2700.44,2700.56,2697.84,2699.82,546.0
2024-12-11 15:50:00,2699.81,2702.15,2699.08,2701.57,526.0
2024-12-11 15:55:00,2701.66,2702.29,2700.15,2701.06,503.0
2024-12-11 16:00:00,2701.07,2703.99,2701.07,2703.01,549.0
2024-12-11 16:05:00,2703.15,2703.48,2698.64,2699.36,529.0
2024-12-11 16:10:00,2699.36,2702.63,2699.27,2702.14,521.0
2024-12-11 16:15:00,2702.21,2703.79,2701.72,2702.44,528.0
2024-12-11 16:20:00,2702.41,2702.67,2699.83,2700.42,515.0
2024-12-11 16:25:00,2700.4,2701.13,2699.59,2700.56,507.0
2024-12-11 16:30:00,2700.11,2701.19,2696.48,2699.72,547.0
2024-12-11 16:35:00,2699.73,2702.18,2699.06,2700.22,543.0
2024-12-11 16:40:00,2700.02,2701.9,2699.33,2700.81,497.0
2024-12-11 16:45:00,2701.12,2702.68,2699.73,2700.88,503.0
2024-12-11 16:50:00,2700.92,2704.69,2700.68,2704.49,521.0
2024-12-11 16:55:00,2704.64,2707.02,2704.56,2706.39,518.0
2024-12-11 17:00:00,2706.44,2710.66,2705.43,2709.55,550.0
2024-12-11 17:05:00,2709.52,2710.51,2706.39,2707.91,558.0
2024-12-11 17:10:00,2708.03,2713.33,2706.84,2712.54,552.0
2024-12-11 17:15:00,2712.62,2713.67,2710.12,2711.73,537.0
2024-12-11 17:20:00,2711.78,2711.92,2709.19,2710.93,532.0
2024-12-11 17:25:00,2710.9,2712.05,2709.04,2711.71,531.0
2024-12-11 17:30:00,2711.38,2713.69,2711.07,2713.51,536.0
2024-12-11 17:35:00,2713.49,2714.97,2711.5,2714.66,543.0
2024-12-11 17:40:00,2714.67,2716.12,2713.87,2715.0,520.0
2024-12-11 17:45:00,2715.04,2715.47,2712.59,2713.16,550.0
2024-12-11 17:50:00,2713.1,2715.12,2713.1,2714.4,540.0
2024-12-11 17:55:00,2714.16,2714.47,2712.21,2712.96,543.0
2024-12-11 18:00:00,2713.09,2714.29,2711.84,2713.99,558.0
2024-12-11 18:05:00,2713.79,2714.69,2711.16,2712.71,534.0
2024-12-11 18:10:00,2712.68,2716.04,2712.25,2715.83,541.0
2024-12-11 18:15:00,2715.89,2716.99,2713.94,2714.76,522.0
2024-12-11 18:20:00,2714.73,2715.99,2714.19,2714.99,525.0
2024-12-11 18:25:00,2714.93,2716.58,2714.79,2715.76,514.0
2024-12-11 18:30:00,2715.59,2718.52,2714.42,2714.48,524.0
2024-12-11 18:35:00,2714.38,2714.84,2712.61,2714.06,493.0
2024-12-11 18:40:00,2714.05,2714.61,2713.02,2714.26,515.0
2024-12-11 18:45:00,2714.3,2714.72,2712.12,2713.71,523.0
2024-12-11 18:50:00,2713.61,2715.83,2713.32,2715.46,479.0
2024-12-11 18:55:00,2715.46,2716.11,2714.4,2715.1,464.0
2024-12-11 19:00:00,2715.1,2718.41,2715.06,2718.17,453.0
2024-12-11 19:05:00,2718.36,2719.89,2717.43,2719.0,461.0
2024-12-11 19:10:00,2719.06,2719.6,2718.26,2718.86,428.0
2024-12-11 19:15:00,2718.84,2718.86,2716.31,2716.36,424.0
2024-12-11 19:20:00,2716.34,2718.09,2715.7,2718.07,386.0
2024-12-11 19:25:00,2718.07,2718.31,2716.86,2717.23,380.0
2024-12-11 19:30:00,2717.17,2717.59,2714.75,2714.75,438.0
2024-12-11 19:35:00,2714.77,2716.65,2714.27,2716.27,406.0
2024-12-11 19:40:00,2716.27,2718.21,2716.15,2717.97,415.0
2024-12-11 19:45:00,2717.96,2718.45,2716.99,2717.62,437.0
2024-12-11 19:50:00,2717.6,2718.16,2716.58,2717.51,448.0
2024-12-11 19:55:00,2718.08,2718.44,2717.08,2717.98,453.0
2024-12-11 20:00:00,2717.93,2719.87,2716.92,2719.56,472.0
2024-12-11 20:05:00,2719.53,2719.85,2718.83,2718.98,414.0
2024-12-11 20:10:00,2719.2,2719.99,2718.68,2719.25,412.0
2024-12-11 20:15:00,2719.32,2720.13,2718.58,2719.84,466.0
2024-12-11 20:20:00,2719.83,2720.94,2719.69,2720.71,492.0
2024-12-11 20:25:00,2720.64,2721.07,2719.24,2719.5,439.0
2024-12-11 20:30:00,2719.42,2720.19,2717.93,2718.05,363.0
2024-12-11 20:35:00,2717.98,2719.28,2717.97,2718.52,437.0
2024-12-11 20:40:00,2718.46,2718.62,2716.43,2716.71,463.0
2024-12-11 20:45:00,2716.58,2717.35,2715.08,2715.76,418.0
2024-12-11 20:50:00,2715.79,2715.8,2714.63,2715.06,440.0
2024-12-11 20:55:00,2715.07,2715.27,2713.77,2713.97,424.0
2024-12-11 21:00:00,2713.92,2715.19,2713.09,2714.83,445.0
2024-12-11 21:05:00,2714.93,2715.25,2713.96,2714.68,447.0
2024-12-11 21:10:00,2714.75,2716.0,2714.37,2716.0,429.0
2024-12-11 21:15:00,2715.92,2716.32,2715.1,2716.04,432.0
2024-12-11 21:20:00,2716.03,2716.44,2714.91,2715.17,374.0
2024-12-11 21:25:00,2715.2,2716.45,2714.79,2716.26,368.0
2024-12-11 21:30:00,2716.22,2717.93,2715.76,2717.81,432.0
2024-12-11 21:35:00,2717.81,2718.96,2717.81,2718.21,431.0
2024-12-11 21:40:00,2718.2,2719.27,2718.1,2719.27,412.0
2024-12-11 21:45:00,2719.28,2719.64,2718.64,2718.87,396.0
2024-12-11 21:50:00,2718.9,2718.99,2717.58,2717.97,431.0
2024-12-11 21:55:00,2718.12,2718.46,2717.49,2717.96,432.0
2024-12-11 22:00:00,2718.05,2719.07,2717.73,2718.87,406.0
2024-12-11 22:05:00,2718.98,2719.42,2718.8,2718.9,287.0
2024-12-11 22:10:00,2718.92,2719.89,2718.71,2719.74,330.0
2024-12-11 22:15:00,2719.85,2720.05,2719.02,2719.64,311.0
2024-12-11 22:20:00,2719.71,2719.91,2718.15,2718.3,334.0
2024-12-11 22:25:00,2718.22,2719.21,2718.09,2718.7,436.0
2024-12-11 22:30:00,2718.77,2718.83,2716.98,2717.06,368.0
2024-12-11 22:35:00,2717.07,2718.53,2716.52,2718.47,324.0
2024-12-11 22:40:00,2718.49,2718.49,2717.52,2717.52,302.0
2024-12-11 22:45:00,2717.62,2718.85,2717.6,2718.26,344.0
2024-12-11 22:50:00,2718.23,2718.61,2717.35,2717.46,389.0
2024-12-11 22:55:00,2717.41,2717.51,2716.26,2717.03,444.0
2024-12-11 23:00:00,2716.78,2716.87,2715.63,2715.85,132.0
2024-12-11 23:05:00,2715.84,2716.99,2715.77,2716.99,96.0
2024-12-11 23:10:00,2716.97,2718.06,2716.94,2717.83,122.0
2024-12-11 23:15:00,2717.81,2717.88,2717.2,2717.25,95.0
2024-12-11 23:20:00,2717.39,2717.56,2716.7,2717.02,102.0
2024-12-11 23:25:00,2717.03,2717.04,2715.84,2716.81,107.0
2024-12-11 23:30:00,2716.76,2718.48,2716.65,2717.45,109.0
2024-12-11 23:35:00,2717.44,2717.93,2717.04,2717.7,126.0
2024-12-11 23:40:00,2717.33,2718.3,2717.28,2717.8,142.0
2024-12-11 23:45:00,2717.79,2718.74,2717.74,2717.77,112.0
2024-12-11 23:50:00,2717.83,2718.3,2717.59,2717.61,88.0
2024-12-11 23:55:00,2717.95,2718.48,2717.83,2717.95,89.0
2024-12-12 01:00:00,2717.58,2719.06,2716.98,2717.61,233.0
2024-12-12 01:05:00,2716.35,2716.99,2716.16,2716.56,82.0
2024-12-12 01:10:00,2716.59,2718.3,2716.39,2717.15,77.0
2024-12-12 01:15:00,2717.17,2718.34,2716.8,2717.82,111.0
2024-12-12 01:20:00,2717.91,2718.14,2716.84,2717.73,167.0
2024-12-12 01:25:00,2717.58,2718.18,2717.47,2718.12,138.0
2024-12-12 01:30:00,2718.04,2718.45,2717.5,2718.45,70.0
2024-12-12 01:35:00,2718.45,2719.61,2718.32,2719.61,64.0
2024-12-12 01:40:00,2719.57,2719.97,2719.04,2719.32,89.0
2024-12-12 01:45:00,2719.32,2720.17,2719.32,2719.76,226.0
2024-12-12 01:50:00,2719.71,2720.35,2719.49,2720.05,167.0
2024-12-12 01:55:00,2720.05,2720.37,2719.35,2719.92,227.0
2024-12-12 02:00:00,2719.99,2720.28,2718.76,2719.68,327.0
2024-12-12 02:05:00,2719.67,2720.71,2719.46,2720.24,187.0
2024-12-12 02:10:00,2720.19,2721.12,2720.03,2720.92,155.0
2024-12-12 02:15:00,2720.92,2720.92,2719.94,2720.25,109.0
2024-12-12 02:20:00,2720.24,2720.92,2719.88,2720.11,103.0
2024-12-12 02:25:00,2720.13,2721.22,2720.07,2720.72,123.0
2024-12-12 02:30:00,2720.91,2721.49,2720.5,2721.03,312.0
2024-12-12 02:35:00,2721.04,2721.55,2720.33,2721.11,350.0
2024-12-12 02:40:00,2721.04,2721.44,2719.87,2721.16,336.0
2024-12-12 02:45:00,2721.33,2721.94,2721.01,2721.5,321.0
2024-12-12 02:50:00,2721.48,2722.28,2720.91,2721.98,354.0
2024-12-12 02:55:00,2721.97,2724.29,2721.58,2724.12,430.0
2024-12-12 03:00:00,2724.31,2726.15,2722.4,2722.8,548.0
2024-12-12 03:05:00,2722.87,2723.04,2719.35,2720.48,525.0
2024-12-12 03:10:00,2720.53,2720.53,2717.85,2718.3,517.0
2024-12-12 03:15:00,2718.15,2718.32,2714.97,2716.11,462.0
2024-12-12 03:20:00,2716.09,2717.58,2714.82,2715.09,322.0
2024-12-12 03:25:00,2714.94,2715.17,2712.82,2713.54,36.0
2024-12-12 03:30:00,2713.23,2713.23,2700.32,2710.54,322.0
2024-12-12 03:35:00,2710.73,2711.0,2708.65,2709.1,212.0
2024-12-12 03:40:00,2709.13,2711.06,2709.12,2710.66,150.0
2024-12-12 03:45:00,2710.66,2711.41,2710.09,2710.61,268.0
2024-12-12 03:50:00,2710.61,2710.64,2708.05,2709.58,246.0
2024-12-12 03:55:00,2709.57,2710.64,2709.57,2710.39,284.0
2024-12-12 04:00:00,2710.38,2710.87,2708.57,2708.95,291.0
2024-12-12 04:05:00,2708.97,2708.97,2704.79,2705.27,378.0
2024-12-12 04:10:00,2705.26,2708.82,2705.14,2708.66,371.0
2024-12-12 04:15:00,2708.56,2708.56,2706.78,2707.17,381.0
2024-12-12 04:20:00,2707.19,2708.59,2707.02,2707.05,335.0
2024-12-12 04:25:00,2707.03,2708.15,2706.47,2708.04,181.0
2024-12-12 04:30:00,2707.97,2708.67,2706.15,2706.15,462.0
2024-12-12 04:35:00,2706.08,2706.77,2705.13,2705.83,454.0
2024-12-12 04:40:00,2705.81,2706.11,2703.54,2705.01,384.0
2024-12-12 04:45:00,2705.02,2705.91,2704.65,2705.11,351.0
2024-12-12 04:50:00,2705.1,2705.63,2703.56,2703.58,289.0
2024-12-12 04:55:00,2703.58,2706.05,2703.58,2705.75,260.0
2024-12-12 05:00:00,2705.63,2706.51,2705.02,2706.41,261.0
2024-12-12 05:05:00,2706.28,2706.4,2704.93,2705.37,188.0
2024-12-12 05:10:00,2705.37,2706.02,2705.01,2705.92,194.0
2024-12-12 05:15:00,2705.93,2708.06,2705.93,2707.92,241.0
2024-12-12 05:20:00,2707.91,2707.92,2706.52,2706.89,283.0
2024-12-12 05:25:00,2706.89,2707.46,2706.01,2707.44,311.0
2024-12-12 05:30:00,2707.43,2708.31,2707.36,2707.85,359.0
2024-12-12 05:35:00,2707.83,2708.09,2707.17,2707.73,260.0
2024-12-12 05:40:00,2707.78,2708.92,2707.37,2707.37,151.0
2024-12-12 05:45:00,2707.29,2709.56,2707.15,2709.53,37.0
2024-12-12 05:50:00,2709.53,2709.64,2707.18,2707.35,267.0
2024-12-12 05:55:00,2707.29,2711.17,2707.27,2710.25,412.0
2024-12-12 06:00:00,2710.26,2710.66,2709.66,2709.91,270.0
2024-12-12 06:05:00,2709.91,2710.74,2708.99,2709.97,235.0
2024-12-12 06:10:00,2709.97,2710.62,2709.56,2710.24,250.0
2024-12-12 06:15:00,2710.25,2711.13,2710.15,2711.06,297.0
2024-12-12 06:20:00,2711.07,2711.93,2710.68,2711.28,300.0
2024-12-12 06:25:00,2711.29,2713.24,2711.21,2712.78,238.0
2024-12-12 06:30:00,2712.75,2714.93,2712.51,2712.51,69.0
2024-12-12 06:35:00,2712.37,2713.17,2712.0,2712.55,78.0
2024-12-12 06:40:00,2712.55,2712.63,2711.67,2711.98,74.0
2024-12-12 06:45:00,2712.44,2712.93,2711.26,2711.45,195.0
2024-12-12 06:50:00,2711.67,2711.88,2711.36,2711.81,147.0
2024-12-12 06:55:00,2711.81,2713.48,2711.77,2712.44,157.0
2024-12-12 07:00:00,2712.46,2712.59,2711.84,2711.86,149.0
2024-12-12 07:05:00,2711.86,2713.25,2711.45,2712.75,132.0
2024-12-12 07:10:00,2712.75,2713.44,2712.47,2713.33,203.0
2024-12-12 07:15:00,2713.33,2714.32,2713.23,2713.97,209.0
2024-12-12 07:20:00,2713.94,2714.07,2712.37,2712.47,151.0
2024-12-12 07:25:00,2712.5,2713.57,2712.5,2713.23,141.0
2024-12-12 07:30:00,2713.24,2714.11,2712.9,2713.76,345.0
2024-12-12 07:35:00,2713.75,2715.51,2713.63,2715.13,324.0
2024-12-12 07:40:00,2715.21,2715.27,2713.89,2713.97,408.0
2024-12-12 07:45:00,2713.98,2715.08,2713.27,2715.08,289.0
2024-12-12 07:50:00,2715.24,2716.24,2714.29,2714.48,391.0
2024-12-12 07:55:00,2714.48,2714.7,2713.06,2713.3,176.0
2024-12-12 08:00:00,2713.27,2713.34,2712.34,2712.8,371.0
2024-12-12 08:05:00,2712.82,2713.27,2712.3,2712.41,384.0
2024-12-12 08:10:00,2712.44,2713.1,2709.83,2709.87,437.0
2024-12-12 08:15:00,2709.89,2711.5,2709.89,2710.96,289.0
2024-12-12 08:20:00,2710.96,2712.66,2710.96,2711.67,172.0
2024-12-12 08:25:00,2711.64,2713.89,2711.38,2713.71,187.0
2024-12-12 08:30:00,2713.7,2714.48,2713.03,2713.27,202.0
2024-12-12 08:35:00,2713.28,2714.09,2712.96,2714.05,171.0
2024-12-12 08:40:00,2714.06,2715.11,2714.06,2714.9,349.0
2024-12-12 08:45:00,2714.89,2715.74,2714.71,2715.68,279.0
2024-12-12 08:50:00,2715.72,2716.56,2715.71,2716.35,204.0
2024-12-12 08:55:00,2716.39,2718.22,2716.37,2718.0,267.0
2024-12-12 09:00:00,2718.02,2719.42,2717.9,2718.82,274.0
2024-12-12 09:05:00,2718.81,2719.87,2718.52,2719.22,269.0
2024-12-12 09:10:00,2719.21,2720.21,2718.81,2720.13,265.0
2024-12-12 09:15:00,2720.04,2720.3,2719.44,2719.46,391.0
2024-12-12 09:20:00,2719.53,2719.68,2717.78,2719.31,361.0
2024-12-12 09:25:00,2719.3,2719.38,2718.08,2718.98,340.0
2024-12-12 09:30:00,2718.95,2719.43,2718.57,2718.85,250.0
2024-12-12 09:35:00,2718.77,2719.77,2718.75,2719.75,308.0
2024-12-12 09:40:00,2719.74,2719.77,2717.43,2717.55,380.0
2024-12-12 09:45:00,2717.55,2717.6,2716.49,2717.03,347.0
2024-12-12 09:50:00,2717.01,2717.04,2715.37,2715.66,400.0
2024-12-12 09:55:00,2715.74,2717.02,2715.23,2715.98,400.0
2024-12-12 10:00:00,2716.01,2717.87,2715.9,2717.34,478.0
2024-12-12 10:05:00,2717.3,2717.56,2715.43,2715.88,445.0
2024-12-12 10:10:00,2715.69,2716.63,2714.89,2715.93,463.0
2024-12-12 10:15:00,2716.0,2717.5,2715.67,2717.5,445.0
2024-12-12 10:20:00,2717.63,2719.52,2717.63,2717.79,453.0
2024-12-12 10:25:00,2718.13,2718.51,2717.58,2718.24,316.0
2024-12-12 10:30:00,2718.31,2718.55,2716.43,2718.13,339.0
2024-12-12 10:35:00,2718.16,2718.57,2716.91,2717.35,416.0
2024-12-12 10:40:00,2717.35,2717.53,2715.33,2716.1,369.0
2024-12-12 10:45:00,2716.07,2716.67,2715.71,2715.74,397.0
2024-12-12 10:50:00,2715.78,2717.16,2715.34,2716.63,397.0
2024-12-12 10:55:00,2716.79,2718.48,2716.27,2718.04,389.0
2024-12-12 11:00:00,2718.04,2718.75,2716.68,2717.5,460.0
2024-12-12 11:05:00,2717.5,2717.52,2714.97,2715.36,448.0
2024-12-12 11:10:00,2715.43,2716.42,2715.13,2715.52,427.0
2024-12-12 11:15:00,2715.49,2717.65,2714.98,2717.2,431.0
2024-12-12 11:20:00,2717.17,2717.99,2715.17,2715.5,417.0
2024-12-12 11:25:00,2715.45,2715.96,2713.81,2715.67,463.0
2024-12-12 11:30:00,2715.31,2717.09,2715.31,2716.42,378.0
2024-12-12 11:35:00,2716.52,2717.46,2714.45,2715.11,437.0
2024-12-12 11:40:00,2715.09,2715.8,2714.38,2715.39,465.0
2024-12-12 11:45:00,2715.37,2717.49,2714.9,2716.45,488.0
2024-12-12 11:50:00,2716.32,2716.7,2715.14,2715.77,369.0
2024-12-12 11:55:00,2715.72,2715.88,2714.62,2715.0,266.0
2024-12-12 12:00:00,2714.66,2714.91,2712.43,2714.0,401.0
2024-12-12 12:05:00,2714.02,2714.47,2710.47,2710.59,468.0
2024-12-12 12:10:00,2710.51,2713.59,2709.31,2713.56,440.0
2024-12-12 12:15:00,2713.59,2713.8,2711.95,2712.17,342.0
2024-12-12 12:20:00,2712.08,2712.93,2710.28,2712.19,432.0
2024-12-12 12:25:00,2712.31,2713.37,2712.19,2713.03,374.0
2024-12-12 12:30:00,2712.83,2714.45,2712.83,2714.31,410.0
2024-12-12 12:35:00,2714.35,2715.76,2714.06,2715.51,385.0
2024-12-12 12:40:00,2715.56,2715.79,2714.45,2715.25,310.0
2024-12-12 12:45:00,2715.25,2715.26,2712.13,2712.85,438.0
2024-12-12 12:50:00,2712.6,2712.92,2711.76,2711.95,428.0
2024-12-12 12:55:00,2712.0,2712.41,2711.23,2711.53,468.0
2024-12-12 13:00:00,2711.53,2711.53,2709.19,2710.34,496.0
2024-12-12 13:05:00,2710.37,2711.11,2707.67,2709.22,514.0
2024-12-12 13:10:00,2708.86,2709.72,2707.07,2707.76,504.0
2024-12-12 13:15:00,2707.74,2710.9,2707.72,2710.62,514.0
2024-12-12 13:20:00,2710.64,2712.11,2710.33,2710.77,470.0
2024-12-12 13:25:00,2710.83,2710.83,2709.09,2709.51,462.0
2024-12-12 13:30:00,2709.13,2712.44,2709.13,2711.06,496.0
2024-12-12 13:35:00,2711.19,2711.23,2709.19,2710.36,447.0
2024-12-12 13:40:00,2710.27,2712.88,2709.94,2712.84,451.0
2024-12-12 13:45:00,2712.91,2713.38,2709.94,2710.09,400.0
2024-12-12 13:50:00,2710.54,2711.69,2710.14,2711.08,422.0
2024-12-12 13:55:00,2711.23,2711.94,2710.3,2710.89,432.0
2024-12-12 14:00:00,2710.92,2711.77,2710.12,2710.64,418.0
2024-12-12 14:05:00,2710.57,2711.69,2710.38,2711.07,421.0
2024-12-12 14:10:00,2710.99,2712.36,2710.88,2711.99,418.0
2024-12-12 14:15:00,2711.98,2712.4,2711.23,2711.76,433.0
2024-12-12 14:20:00,2711.74,2711.75,2710.37,2710.84,436.0
2024-12-12 14:25:00,2710.85,2711.83,2710.36,2711.3,441.0
2024-12-12 14:30:00,2711.37,2711.63,2710.36,2711.23,420.0
2024-12-12 14:35:00,2711.29,2712.0,2709.51,2709.63,404.0
2024-12-12 14:40:00,2709.52,2710.02,2708.85,2708.91,342.0
2024-12-12 14:45:00,2708.95,2709.44,2708.24,2708.46,385.0
2024-12-12 14:50:00,2708.4,2708.69,2706.95,2707.69,502.0
2024-12-12 14:55:00,2707.66,2707.72,2705.82,2706.42,492.0
2024-12-12 15:00:00,2706.54,2709.09,2704.66,2705.5,557.0
2024-12-12 15:05:00,2705.48,2707.72,2704.33,2707.03,526.0
2024-12-12 15:10:00,2707.17,2707.69,2704.51,2704.55,491.0
2024-12-12 15:15:00,2704.56,2705.72,2700.99,2705.35,513.0
2024-12-12 15:20:00,2705.31,2708.73,2704.97,2706.92,514.0
2024-12-12 15:25:00,2706.92,2708.58,2706.38,2707.94,393.0
2024-12-12 15:30:00,2706.62,2710.95,2705.26,2707.54,491.0
2024-12-12 15:35:00,2707.44,2708.44,2705.0,2705.8,510.0
2024-12-12 15:40:00,2706.12,2707.18,2704.9,2706.17,516.0
2024-12-12 15:45:00,2706.09,2707.07,2702.31,2705.07,487.0
2024-12-12 15:50:00,2705.47,2705.83,2701.14,2701.47,486.0
2024-12-12 15:55:00,2701.76,2701.93,2697.18,2697.45,543.0
2024-12-12 16:00:00,2697.23,2699.54,2695.58,2699.02,558.0
2024-12-12 16:05:00,2699.03,2699.39,2695.93,2695.98,537.0
2024-12-12 16:10:00,2696.05,2696.35,2689.9,2690.82,545.0
2024-12-12 16:15:00,2690.7,2691.73,2688.17,2688.84,480.0
2024-12-12 16:20:00,2688.96,2688.97,2685.08,2686.73,559.0
2024-12-12 16:25:00,2686.95,2687.27,2682.35,2685.35,579.0
2024-12-12 16:30:00,2685.03,2686.61,2682.84,2683.0,577.0
2024-12-12 16:35:00,2683.11,2684.42,2680.81,2683.67,560.0
2024-12-12 16:40:00,2683.26,2684.45,2681.05,2681.63,574.0
2024-12-12 16:45:00,2681.63,2687.78,2681.47,2687.31,578.0
2024-12-12 16:50:00,2687.28,2689.63,2686.94,2688.01,561.0
2024-12-12 16:55:00,2687.95,2688.32,2685.06,2686.68,550.0
2024-12-12 17:00:00,2686.65,2688.24,2684.4,2686.32,565.0
2024-12-12 17:05:00,2686.28,2688.1,2682.79,2683.2,550.0
2024-12-12 17:10:00,2683.03,2685.48,2681.82,2682.16,566.0
2024-12-12 17:15:00,2682.05,2684.16,2680.86,2681.76,558.0
2024-12-12 17:20:00,2681.66,2687.27,2681.32,2685.53,546.0
2024-12-12 17:25:00,2685.59,2686.87,2684.9,2685.79,518.0
2024-12-12 17:30:00,2685.47,2686.04,2681.03,2681.13,557.0
2024-12-12 17:35:00,2681.44,2682.96,2679.93,2681.55,538.0
2024-12-12 17:40:00,2681.6,2682.11,2675.42,2676.45,538.0
2024-12-12 17:45:00,2676.31,2680.07,2676.08,2679.06,544.0
2024-12-12 17:50:00,2679.23,2680.92,2675.03,2679.33,556.0
2024-12-12 17:55:00,2679.29,2681.24,2679.17,2679.75,521.0
2024-12-12 18:00:00,2678.96,2682.49,2678.59,2680.36,508.0
2024-12-12 18:05:00,2680.41,2683.49,2680.39,2682.4,472.0
2024-12-12 18:10:00,2682.38,2682.76,2680.92,2681.85,469.0
2024-12-12 18:15:00,2681.79,2682.3,2680.22,2680.82,482.0
2024-12-12 18:20:00,2680.73,2681.25,2678.92,2679.9,467.0
2024-12-12 18:25:00,2680.11,2680.42,2677.01,2678.7,456.0
2024-12-12 18:30:00,2678.56,2681.26,2678.56,2681.06,430.0
2024-12-12 18:35:00,2681.1,2682.57,2679.98,2682.29,397.0
2024-12-12 18:40:00,2682.32,2682.5,2680.81,2682.07,436.0
2024-12-12 18:45:00,2682.07,2682.31,2680.79,2681.32,419.0
2024-12-12 18:50:00,2681.33,2682.06,2681.26,2681.63,402.0
2024-12-12 18:55:00,2681.56,2683.66,2681.27,2683.44,411.0
2024-12-12 19:00:00,2683.41,2684.79,2683.21,2683.64,430.0
2024-12-12 19:05:00,2683.62,2684.68,2682.58,2684.61,448.0
2024-12-12 19:10:00,2684.73,2685.24,2683.57,2684.23,418.0
2024-12-12 19:15:00,2684.25,2685.32,2683.8,2684.03,390.0
2024-12-12 19:20:00,2683.98,2683.99,2681.36,2681.89,412.0
2024-12-12 19:25:00,2682.07,2683.95,2681.81,2683.79,426.0
2024-12-12 19:30:00,2683.82,2685.92,2683.63,2684.66,376.0
2024-12-12 19:35:00,2684.38,2685.46,2683.86,2684.94,443.0
2024-12-12 19:40:00,2684.91,2685.47,2684.1,2684.62,429.0
2024-12-12 19:45:00,2684.65,2685.76,2684.65,2684.87,367.0
2024-12-12 19:50:00,2684.88,2684.89,2683.8,2684.64,433.0
2024-12-12 19:55:00,2684.61,2686.64,2684.52,2686.36,463.0
2024-12-12 20:00:00,2686.33,2687.01,2684.83,2684.87,428.0
2024-12-12 20:05:00,2684.83,2685.7,2683.71,2684.31,453.0
2024-12-12 20:10:00,2684.25,2684.81,2683.14,2683.5,422.0
2024-12-12 20:15:00,2683.59,2685.34,2683.32,2684.56,409.0
2024-12-12 20:20:00,2684.58,2684.59,2682.79,2684.26,391.0
2024-12-12 20:25:00,2684.22,2685.93,2684.22,2684.89,409.0
2024-12-12 20:30:00,2685.0,2686.04,2684.47,2684.96,376.0
2024-12-12 20:35:00,2685.02,2685.5,2684.61,2684.75,396.0
2024-12-12 20:40:00,2684.75,2686.0,2683.77,2686.0,346.0
2024-12-12 20:45:00,2685.95,2686.47,2684.91,2685.87,315.0
2024-12-12 20:50:00,2685.86,2686.06,2684.72,2685.47,348.0
2024-12-12 20:55:00,2685.39,2685.81,2683.87,2684.24,367.0
2024-12-12 21:00:00,2684.34,2685.38,2683.99,2685.06,337.0
2024-12-12 21:05:00,2685.06,2685.99,2685.05,2685.87,272.0
2024-12-12 21:10:00,2685.81,2686.13,2685.31,2685.5,250.0
2024-12-12 21:15:00,2685.52,2686.76,2685.33,2685.38,332.0
2024-12-12 21:20:00,2685.34,2685.59,2684.93,2685.24,347.0
2024-12-12 21:25:00,2685.26,2685.54,2684.86,2684.92,314.0
2024-12-12 21:30:00,2684.92,2684.96,2683.99,2684.31,292.0
2024-12-12 21:35:00,2684.3,2684.72,2683.42,2683.76,286.0
2024-12-12 21:40:00,2683.67,2683.78,2682.87,2683.48,327.0
2024-12-12 21:45:00,2683.48,2683.94,2683.22,2683.92,303.0
2024-12-12 21:50:00,2684.51,2684.72,2683.7,2683.96,274.0
2024-12-12 21:55:00,2683.97,2684.43,2682.7,2683.14,289.0
2024-12-12 22:00:00,2683.21,2683.71,2682.22,2682.45,313.0
2024-12-12 22:05:00,2682.26,2682.89,2682.0,2682.67,286.0
2024-12-12 22:10:00,2682.67,2682.92,2682.1,2682.37,310.0
2024-12-12 22:15:00,2682.36,2682.76,2682.16,2682.29,290.0
2024-12-12 22:20:00,2682.13,2682.13,2681.67,2681.82,239.0
2024-12-12 22:25:00,2681.83,2682.12,2681.62,2681.76,295.0
2024-12-12 22:30:00,2681.78,2683.49,2681.57,2683.38,319.0
2024-12-12 22:35:00,2683.49,2683.59,2682.09,2682.56,344.0
2024-12-12 22:40:00,2682.55,2682.81,2682.35,2682.7,336.0
2024-12-12 22:45:00,2682.8,2682.8,2681.64,2681.66,331.0
2024-12-12 22:50:00,2681.68,2681.77,2680.29,2680.51,339.0
2024-12-12 22:55:00,2680.66,2680.83,2679.59,2679.89,379.0
2024-12-12 23:00:00,2679.94,2680.22,2679.46,2679.96,228.0
2024-12-12 23:05:00,2679.99,2680.33,2679.67,2680.04,155.0
2024-12-12 23:10:00,2680.04,2680.72,2680.0,2680.37,159.0
2024-12-12 23:15:00,2680.42,2681.62,2680.42,2681.62,188.0
2024-12-12 23:20:00,2681.64,2682.8,2681.61,2682.38,136.0
2024-12-12 23:25:00,2682.55,2682.67,2681.66,2681.78,187.0
2024-12-12 23:30:00,2681.78,2681.94,2681.54,2681.84,116.0
2024-12-12 23:35:00,2681.84,2682.11,2681.3,2681.31,153.0
2024-12-12 23:40:00,2681.33,2681.35,2680.74,2680.86,121.0
2024-12-12 23:45:00,2680.87,2681.35,2680.2,2681.08,95.0
2024-12-12 23:50:00,2681.1,2681.31,2680.69,2681.0,102.0
2024-12-12 23:55:00,2681.24,2681.29,2680.42,2680.55,82.0
2024-12-13 01:00:00,2681.0,2681.13,2679.74,2680.6,172.0
2024-12-13 01:05:00,2680.58,2680.58,2679.44,2679.55,99.0
2024-12-13 01:10:00,2679.56,2680.51,2679.3,2680.29,73.0
2024-12-13 01:15:00,2680.18,2680.76,2679.95,2680.49,105.0
2024-12-13 01:20:00,2680.54,2681.41,2680.29,2681.35,145.0
2024-12-13 01:25:00,2681.35,2681.42,2680.34,2680.66,126.0
2024-12-13 01:30:00,2680.55,2680.84,2679.6,2679.89,107.0
2024-12-13 01:35:00,2679.88,2680.38,2679.58,2680.1,111.0
2024-12-13 01:40:00,2680.1,2680.45,2680.01,2680.43,96.0
2024-12-13 01:45:00,2680.42,2680.56,2679.98,2680.23,59.0
2024-12-13 01:50:00,2680.26,2680.61,2679.92,2680.37,73.0
2024-12-13 01:55:00,2680.6,2680.61,2680.35,2680.36,99.0
2024-12-13 02:00:00,2680.13,2680.23,2678.68,2679.11,205.0
2024-12-13 02:05:00,2679.11,2679.75,2678.42,2678.84,117.0
2024-12-13 02:10:00,2678.91,2681.06,2678.91,2680.48,141.0
2024-12-13 02:15:00,2680.48,2681.12,2679.39,2681.04,209.0
2024-12-13 02:20:00,2680.99,2681.3,2679.87,2680.64,210.0
2024-12-13 02:25:00,2680.62,2681.05,2680.5,2680.64,144.0
2024-12-13 02:30:00,2680.65,2681.23,2680.65,2681.19,178.0
2024-12-13 02:35:00,2681.24,2681.48,2680.66,2681.34,218.0
2024-12-13 02:40:00,2681.4,2681.86,2681.28,2681.74,137.0
2024-12-13 02:45:00,2681.73,2682.19,2681.47,2682.04,209.0
2024-12-13 02:50:00,2682.02,2683.23,2682.02,2683.22,287.0
2024-12-13 02:55:00,2683.26,2685.46,2683.06,2685.42,325.0
2024-12-13 03:00:00,2685.34,2687.23,2685.19,2687.19,477.0
2024-12-13 03:05:00,2687.19,2690.15,2686.74,2689.46,461.0
2024-12-13 03:10:00,2689.41,2690.82,2689.22,2689.42,490.0
2024-12-13 03:15:00,2689.36,2692.26,2689.09,2692.26,499.0
2024-12-13 03:20:00,2692.03,2692.77,2690.45,2691.07,492.0
2024-12-13 03:25:00,2691.07,2691.35,2688.5,2688.59,446.0
2024-12-13 03:30:00,2688.59,2692.08,2688.14,2691.13,469.0
2024-12-13 03:35:00,2691.1,2691.48,2689.2,2690.77,451.0
2024-12-13 03:40:00,2690.76,2691.5,2689.88,2690.02,395.0
2024-12-13 03:45:00,2690.03,2691.39,2688.73,2689.52,448.0
2024-12-13 03:50:00,2689.49,2690.21,2686.43,2686.57,452.0
2024-12-13 03:55:00,2686.43,2690.04,2686.36,2689.96,484.0
2024-12-13 04:00:00,2689.96,2690.17,2686.32,2686.67,522.0
2024-12-13 04:05:00,2686.51,2689.27,2686.44,2687.27,499.0
2024-12-13 04:10:00,2687.15,2688.5,2685.81,2686.4,440.0
2024-12-13 04:15:00,2686.36,2687.95,2684.37,2686.8,370.0
2024-12-13 04:20:00,2686.8,2688.35,2686.6,2688.14,305.0
2024-12-13 04:25:00,2688.13,2688.41,2687.36,2687.69,300.0
2024-12-13 04:30:00,2687.65,2689.18,2687.25,2689.18,396.0
2024-12-13 04:35:00,2689.37,2691.24,2685.75,2687.71,472.0
2024-12-13 04:40:00,2687.69,2688.32,2686.31,2686.95,326.0
2024-12-13 04:45:00,2686.93,2687.52,2686.14,2686.24,330.0
2024-12-13 04:50:00,2685.94,2687.43,2684.85,2687.39,407.0
2024-12-13 04:55:00,2687.38,2687.38,2685.83,2686.59,383.0
2024-12-13 05:00:00,2686.56,2687.3,2686.22,2686.75,367.0
2024-12-13 05:05:00,2686.47,2687.99,2686.15,2686.63,333.0
2024-12-13 05:10:00,2686.61,2687.22,2685.99,2687.13,310.0
2024-12-13 05:15:00,2686.93,2688.61,2686.93,2688.4,349.0
2024-12-13 05:20:00,2688.46,2688.81,2687.69,2688.43,392.0
2024-12-13 05:25:00,2688.44,2689.26,2687.96,2689.21,379.0
2024-12-13 05:30:00,2689.28,2690.35,2689.0,2690.01,266.0
2024-12-13 05:35:00,2690.01,2690.22,2689.2,2689.36,256.0
2024-12-13 05:40:00,2689.34,2690.8,2689.02,2690.24,302.0
2024-12-13 05:45:00,2690.2,2691.26,2688.58,2689.34,346.0
2024-12-13 05:50:00,2689.33,2689.53,2688.16,2688.89,292.0
2024-12-13 05:55:00,2688.9,2688.93,2687.67,2687.94,328.0
2024-12-13 06:00:00,2687.97,2688.18,2686.81,2687.76,280.0
2024-12-13 06:05:00,2687.73,2688.54,2687.0,2688.21,218.0
2024-12-13 06:10:00,2688.13,2688.75,2687.05,2687.54,288.0
2024-12-13 06:15:00,2687.52,2687.52,2685.99,2686.42,309.0
2024-12-13 06:20:00,2686.52,2687.28,2686.39,2686.88,328.0
2024-12-13 06:25:00,2686.83,2687.31,2686.03,2687.14,267.0
2024-12-13 06:30:00,2687.47,2687.48,2685.17,2686.07,228.0
2024-12-13 06:35:00,2685.95,2687.41,2685.8,2687.13,353.0
2024-12-13 06:40:00,2687.2,2687.2,2685.95,2686.34,180.0
2024-12-13 06:45:00,2686.35,2687.05,2686.21,2686.95,176.0
2024-12-13 06:50:00,2687.12,2687.55,2686.71,2687.36,272.0
2024-12-13 06:55:00,2687.47,2687.47,2686.56,2687.32,257.0
2024-12-13 07:00:00,2687.47,2687.59,2686.64,2687.05,208.0
2024-12-13 07:05:00,2686.99,2687.01,2686.09,2686.29,199.0
2024-12-13 07:10:00,2686.3,2686.55,2685.5,2685.92,266.0
2024-12-13 07:15:00,2685.88,2686.32,2685.5,2686.12,294.0
2024-12-13 07:20:00,2686.1,2686.73,2685.11,2686.73,360.0
2024-12-13 07:25:00,2686.74,2687.35,2686.33,2686.82,332.0
2024-12-13 07:30:00,2686.95,2687.6,2686.09,2687.1,402.0
2024-12-13 07:35:00,2687.02,2687.27,2685.58,2686.99,417.0
2024-12-13 07:40:00,2686.89,2689.29,2686.4,2688.54,398.0
2024-12-13 07:45:00,2688.43,2688.92,2687.85,2688.31,405.0
2024-12-13 07:50:00,2688.2,2688.98,2687.46,2688.86,386.0
2024-12-13 07:55:00,2688.78,2688.91,2687.78,2688.28,393.0
2024-12-13 08:00:00,2688.28,2688.99,2687.83,2688.14,420.0
2024-12-13 08:05:00,2688.11,2688.78,2686.6,2686.93,386.0
2024-12-13 08:10:00,2687.05,2687.42,2684.98,2686.96,401.0
2024-12-13 08:15:00,2687.01,2687.7,2686.88,2687.35,379.0
2024-12-13 08:20:00,2687.34,2687.42,2686.32,2686.67,314.0
2024-12-13 08:25:00,2686.86,2687.19,2684.71,2685.15,406.0
2024-12-13 08:30:00,2685.13,2685.7,2683.25,2685.7,431.0
2024-12-13 08:35:00,2685.7,2687.45,2685.21,2687.08,410.0
2024-12-13 08:40:00,2687.11,2688.67,2686.77,2688.32,368.0
2024-12-13 08:45:00,2688.19,2688.96,2687.96,2688.5,359.0
2024-12-13 08:50:00,2688.62,2689.91,2688.52,2689.32,356.0
2024-12-13 08:55:00,2689.33,2690.51,2689.22,2689.57,379.0
2024-12-13 09:00:00,2689.3,2690.17,2687.79,2690.04,368.0
2024-12-13 09:05:00,2690.02,2690.03,2687.79,2688.04,396.0
2024-12-13 09:10:00,2687.89,2688.26,2687.38,2687.99,315.0
2024-12-13 09:15:00,2688.05,2688.05,2686.02,2686.05,347.0
2024-12-13 09:20:00,2686.05,2686.31,2684.6,2684.65,335.0
2024-12-13 09:25:00,2684.64,2684.89,2682.58,2682.84,400.0
2024-12-13 09:30:00,2682.8,2683.22,2681.53,2682.29,425.0
2024-12-13 09:35:00,2682.23,2683.13,2680.87,2683.05,445.0
2024-12-13 09:40:00,2683.04,2684.83,2682.14,2682.14,396.0
2024-12-13 09:45:00,2682.12,2683.31,2681.84,2682.3,310.0
2024-12-13 09:50:00,2682.1,2684.24,2681.94,2684.04,342.0
2024-12-13 09:55:00,2684.09,2684.11,2682.98,2683.07,320.0
2024-12-13 10:00:00,2682.78,2682.78,2681.52,2682.32,421.0
2024-12-13 10:05:00,2682.27,2683.88,2682.04,2683.42,350.0
2024-12-13 10:10:00,2683.5,2684.01,2682.93,2683.9,380.0
2024-12-13 10:15:00,2684.02,2684.64,2683.3,2683.63,367.0
2024-12-13 10:20:00,2683.66,2684.36,2682.92,2683.88,385.0
2024-12-13 10:25:00,2683.91,2684.08,2683.0,2683.59,430.0
2024-12-13 10:30:00,2683.6,2683.6,2681.65,2683.03,441.0
2024-12-13 10:35:00,2682.97,2684.04,2682.58,2683.72,350.0
2024-12-13 10:40:00,2683.69,2684.71,2682.95,2682.95,327.0
2024-12-13 10:45:00,2682.9,2682.93,2679.88,2680.21,428.0
2024-12-13 10:50:00,2680.2,2680.92,2678.5,2678.5,436.0
2024-12-13 10:55:00,2678.31,2678.98,2674.54,2674.98,496.0
2024-12-13 11:00:00,2674.65,2676.94,2671.03,2672.26,516.0
2024-12-13 11:05:00,2672.34,2675.54,2672.25,2674.34,462.0
2024-12-13 11:10:00,2674.36,2674.58,2671.81,2672.87,419.0
2024-12-13 11:15:00,2673.07,2673.57,2671.22,2671.54,459.0
2024-12-13 11:20:00,2671.37,2672.41,2670.59,2672.28,462.0
2024-12-13 11:25:00,2672.16,2674.98,2672.16,2673.47,421.0
2024-12-13 11:30:00,2673.22,2673.66,2672.07,2673.09,430.0
2024-12-13 11:35:00,2672.97,2673.57,2672.27,2672.64,338.0
2024-12-13 11:40:00,2672.6,2672.73,2670.15,2670.48,358.0
2024-12-13 11:45:00,2670.37,2671.51,2669.69,2670.82,386.0
2024-12-13 11:50:00,2670.77,2671.43,2667.4,2667.79,459.0
2024-12-13 11:55:00,2667.7,2669.42,2667.68,2668.77,410.0
2024-12-13 12:00:00,2668.87,2669.43,2667.73,2668.12,375.0
2024-12-13 12:05:00,2668.1,2668.51,2666.62,2668.26,402.0
2024-12-13 12:10:00,2668.25,2669.54,2668.1,2669.47,414.0
2024-12-13 12:15:00,2669.48,2669.78,2668.88,2669.58,391.0
2024-12-13 12:20:00,2669.46,2669.78,2668.64,2668.84,390.0
2024-12-13 12:25:00,2668.83,2668.83,2667.52,2668.62,363.0
2024-12-13 12:30:00,2668.54,2669.74,2668.3,2669.16,383.0
2024-12-13 12:35:00,2669.15,2669.86,2668.47,2669.57,351.0
2024-12-13 12:40:00,2669.54,2669.96,2669.03,2669.32,380.0
2024-12-13 12:45:00,2669.11,2669.68,2668.48,2669.45,353.0
2024-12-13 12:50:00,2669.38,2669.57,2667.28,2667.62,330.0
2024-12-13 12:55:00,2667.67,2667.69,2665.11,2666.7,402.0
2024-12-13 13:00:00,2666.66,2669.46,2666.24,2668.83,398.0
2024-12-13 13:05:00,2668.64,2668.65,2666.92,2667.41,302.0
2024-12-13 13:10:00,2667.32,2667.48,2665.5,2665.82,388.0
2024-12-13 13:15:00,2666.09,2666.73,2664.79,2666.25,327.0
2024-12-13 13:20:00,2666.25,2666.65,2664.47,2664.93,367.0
2024-12-13 13:25:00,2664.93,2666.86,2664.75,2666.69,394.0
2024-12-13 13:30:00,2666.72,2667.12,2665.19,2666.55,367.0
2024-12-13 13:35:00,2666.64,2667.01,2665.44,2665.78,387.0
2024-12-13 13:40:00,2665.72,2666.89,2665.08,2666.52,338.0
2024-12-13 13:45:00,2666.4,2666.42,2664.6,2665.6,311.0
2024-12-13 13:50:00,2665.55,2665.77,2664.34,2664.48,343.0
2024-12-13 13:55:00,2664.47,2665.72,2664.42,2664.9,371.0
2024-12-13 14:00:00,2664.82,2665.2,2662.79,2665.19,456.0
2024-12-13 14:05:00,2665.18,2669.62,2665.15,2669.03,458.0
2024-12-13 14:10:00,2669.26,2669.69,2667.89,2668.48,418.0
2024-12-13 14:15:00,2668.47,2670.21,2667.6,2670.17,420.0
2024-12-13 14:20:00,2670.01,2671.25,2669.18,2670.28,370.0
2024-12-13 14:25:00,2670.19,2670.69,2669.63,2670.36,296.0
2024-12-13 14:30:00,2670.32,2671.27,2668.55,2669.15,392.0
2024-12-13 14:35:00,2669.21,2670.52,2668.73,2670.47,355.0
2024-12-13 14:40:00,2670.54,2672.31,2670.51,2672.24,381.0
2024-12-13 14:45:00,2672.18,2672.3,2670.63,2671.36,348.0
2024-12-13 14:50:00,2671.35,2671.35,2670.54,2670.87,299.0
2024-12-13 14:55:00,2670.89,2672.74,2670.51,2672.46,414.0
2024-12-13 15:00:00,2672.46,2672.92,2667.96,2669.89,530.0
2024-12-13 15:05:00,2669.78,2670.43,2667.63,2667.94,458.0
2024-12-13 15:10:00,2667.91,2668.32,2665.32,2665.98,511.0
2024-12-13 15:15:00,2666.02,2670.39,2665.27,2669.41,520.0
2024-12-13 15:20:00,2669.26,2670.76,2667.69,2669.7,507.0
2024-12-13 15:25:00,2669.95,2670.3,2665.26,2665.27,504.0
2024-12-13 15:30:00,2665.27,2665.75,2662.34,2664.72,543.0
2024-12-13 15:35:00,2664.52,2665.49,2662.45,2664.05,486.0
2024-12-13 15:40:00,2664.03,2665.41,2662.59,2663.05,488.0
2024-12-13 15:45:00,2663.0,2664.23,2661.01,2661.67,498.0
2024-12-13 15:50:00,2661.81,2662.87,2659.65,2662.37,513.0
2024-12-13 15:55:00,2662.37,2662.52,2660.92,2662.06,449.0
2024-12-13 16:00:00,2661.95,2662.54,2660.2,2661.25,493.0
2024-12-13 16:05:00,2661.18,2663.1,2660.12,2662.65,477.0
2024-12-13 16:10:00,2662.7,2664.02,2662.27,2663.5,440.0
2024-12-13 16:15:00,2663.5,2663.74,2659.31,2660.78,486.0
2024-12-13 16:20:00,2660.79,2661.12,2659.79,2660.95,435.0
2024-12-13 16:25:00,2660.99,2662.74,2658.72,2661.68,463.0
2024-12-13 16:30:00,2661.0,2662.5,2659.74,2660.27,523.0
2024-12-13 16:35:00,2660.09,2660.72,2657.37,2658.94,521.0
2024-12-13 16:40:00,2658.91,2659.15,2657.52,2657.79,503.0
2024-12-13 16:45:00,2657.82,2660.58,2657.56,2659.15,516.0
2024-12-13 16:50:00,2658.96,2660.49,2658.14,2659.88,506.0
2024-12-13 16:55:00,2659.92,2661.52,2659.42,2660.17,473.0
2024-12-13 17:00:00,2660.12,2660.87,2657.19,2658.89,537.0
2024-12-13 17:05:00,2658.73,2660.17,2658.41,2659.4,483.0
2024-12-13 17:10:00,2659.39,2660.01,2657.15,2657.48,509.0
2024-12-13 17:15:00,2657.48,2659.26,2657.07,2658.3,453.0
2024-12-13 17:20:00,2658.31,2658.92,2654.66,2655.79,490.0
2024-12-13 17:25:00,2655.65,2656.53,2654.49,2654.95,513.0
2024-12-13 17:30:00,2654.9,2657.44,2654.9,2657.43,500.0
2024-12-13 17:35:00,2657.39,2660.15,2656.0,2660.08,492.0
2024-12-13 17:40:00,2660.09,2661.87,2659.44,2660.72,466.0
2024-12-13 17:45:00,2660.69,2662.56,2659.89,2661.26,450.0
2024-12-13 17:50:00,2661.24,2661.75,2660.07,2660.42,391.0
2024-12-13 17:55:00,2660.42,2660.71,2658.62,2659.91,463.0
2024-12-13 18:00:00,2659.66,2661.31,2658.73,2660.63,476.0
2024-12-13 18:05:00,2660.69,2663.55,2660.32,2663.4,430.0
2024-12-13 18:10:00,2663.39,2663.73,2662.25,2662.47,392.0
2024-12-13 18:15:00,2662.48,2663.13,2660.42,2660.52,428.0
2024-12-13 18:20:00,2660.53,2661.01,2659.7,2660.04,423.0
2024-12-13 18:25:00,2660.03,2660.97,2658.83,2660.09,443.0
2024-12-13 18:30:00,2660.18,2661.77,2659.71,2661.36,369.0
2024-12-13 18:35:00,2661.48,2662.99,2660.48,2662.86,383.0
2024-12-13 18:40:00,2662.87,2664.61,2662.87,2663.73,389.0
2024-12-13 18:45:00,2663.63,2663.99,2662.11,2662.84,388.0
2024-12-13 18:50:00,2662.83,2663.69,2661.74,2662.54,385.0
2024-12-13 18:55:00,2662.59,2663.04,2661.48,2662.09,357.0
2024-12-13 19:00:00,2662.2,2662.25,2660.41,2660.78,337.0
2024-12-13 19:05:00,2660.77,2660.93,2659.57,2660.91,370.0
2024-12-13 19:10:00,2660.93,2660.93,2660.11,2660.29,313.0
2024-12-13 19:15:00,2660.33,2660.33,2659.49,2659.9,294.0
2024-12-13 19:20:00,2659.73,2660.59,2659.51,2660.09,326.0
2024-12-13 19:25:00,2660.11,2660.31,2658.08,2658.64,270.0
2024-12-13 19:30:00,2658.64,2659.18,2657.92,2658.94,295.0
2024-12-13 19:35:00,2658.84,2659.36,2658.03,2658.66,336.0
2024-12-13 19:40:00,2658.5,2658.7,2656.96,2657.45,388.0
2024-12-13 19:45:00,2657.47,2657.63,2656.32,2656.42,324.0
2024-12-13 19:50:00,2656.36,2657.03,2655.93,2656.74,310.0
2024-12-13 19:55:00,2656.73,2657.43,2655.71,2656.33,315.0
2024-12-13 20:00:00,2656.36,2657.09,2655.3,2655.46,348.0
2024-12-13 20:05:00,2655.41,2655.48,2654.3,2655.36,325.0
2024-12-13 20:10:00,2655.27,2656.52,2655.27,2655.53,292.0
2024-12-13 20:15:00,2655.58,2655.89,2654.43,2654.8,293.0
2024-12-13 20:20:00,2654.8,2655.38,2654.25,2655.19,298.0
2024-12-13 20:25:00,2655.18,2656.04,2654.74,2655.71,377.0
2024-12-13 20:30:00,2655.99,2656.78,2654.89,2655.0,356.0
2024-12-13 20:35:00,2655.0,2655.51,2654.73,2654.88,285.0
2024-12-13 20:40:00,2654.71,2654.92,2652.18,2652.93,343.0
2024-12-13 20:45:00,2652.93,2654.48,2652.83,2653.73,289.0
2024-12-13 20:50:00,2653.75,2654.62,2653.61,2654.15,244.0
2024-12-13 20:55:00,2654.15,2654.42,2653.44,2654.18,254.0
2024-12-13 21:00:00,2654.35,2654.86,2653.47,2653.56,225.0
2024-12-13 21:05:00,2653.61,2655.17,2653.42,2654.84,295.0
2024-12-13 21:10:00,2654.93,2655.3,2654.41,2655.12,233.0
2024-12-13 21:15:00,2655.17,2655.17,2653.69,2653.87,259.0
2024-12-13 21:20:00,2653.88,2654.05,2653.39,2653.53,241.0
2024-12-13 21:25:00,2653.53,2653.72,2652.47,2652.67,266.0
2024-12-13 21:30:00,2652.69,2654.18,2652.29,2654.09,308.0
2024-12-13 21:35:00,2654.08,2654.09,2653.29,2653.49,272.0
2024-12-13 21:40:00,2653.53,2654.09,2653.29,2653.45,234.0
2024-12-13 21:45:00,2653.49,2653.5,2652.55,2653.04,205.0
2024-12-13 21:50:00,2653.04,2653.4,2652.5,2652.87,239.0
2024-12-13 21:55:00,2652.77,2653.22,2652.5,2652.95,296.0
2024-12-13 22:00:00,2652.95,2653.45,2651.65,2651.89,334.0
2024-12-13 22:05:00,2651.97,2652.61,2651.76,2651.82,214.0
2024-12-13 22:10:00,2651.77,2651.91,2650.63,2651.13,271.0
2024-12-13 22:15:00,2651.18,2651.67,2650.72,2650.8,292.0
2024-12-13 22:20:00,2650.78,2651.25,2649.6,2649.76,317.0
2024-12-13 22:25:00,2649.72,2652.3,2649.66,2651.98,283.0
2024-12-13 22:30:00,2651.95,2652.09,2650.33,2650.33,298.0
2024-12-13 22:35:00,2650.36,2650.51,2649.6,2649.62,326.0
2024-12-13 22:40:00,2649.64,2650.16,2648.9,2649.38,326.0
2024-12-13 22:45:00,2649.49,2649.75,2648.56,2649.69,352.0
2024-12-13 22:50:00,2649.64,2650.15,2648.87,2649.12,325.0
2024-12-13 22:55:00,2649.13,2649.22,2646.39,2647.78,414.0
2024-12-13 23:00:00,2647.53,2648.58,2645.68,2647.88,303.0
2024-12-13 23:05:00,2647.89,2648.34,2646.89,2647.47,201.0
2024-12-13 23:10:00,2647.29,2648.88,2646.21,2648.87,191.0
2024-12-13 23:15:00,2648.57,2649.29,2647.87,2649.11,184.0
2024-12-13 23:20:00,2649.12,2649.78,2648.59,2649.4,186.0
2024-12-13 23:25:00,2649.4,2649.64,2648.76,2649.17,127.0
2024-12-13 23:30:00,2649.17,2649.35,2648.21,2648.82,224.0
2024-12-13 23:35:00,2648.79,2649.56,2648.17,2649.52,162.0
2024-12-13 23:40:00,2649.48,2649.75,2647.99,2649.74,216.0
2024-12-13 23:45:00,2649.78,2649.85,2648.4,2648.66,187.0
2024-12-13 23:50:00,2648.66,2649.26,2648.09,2648.79,150.0
2024-12-13 23:55:00,2648.7,2649.1,2648.22,2648.8,82.0
2024-12-16 01:00:00,2650.72,2650.72,2648.63,2648.86,408.0
2024-12-16 01:05:00,2649.37,2649.8,2648.64,2649.76,100.0
2024-12-16 01:10:00,2649.41,2649.81,2648.97,2649.71,99.0
2024-12-16 01:15:00,2649.76,2650.64,2648.83,2649.21,124.0
2024-12-16 01:20:00,2649.21,2649.84,2649.01,2649.3,78.0
2024-12-16 01:25:00,2649.23,2649.96,2649.2,2649.83,86.0
2024-12-16 01:30:00,2649.81,2649.86,2649.31,2649.77,112.0
2024-12-16 01:35:00,2649.76,2651.63,2649.65,2651.4,114.0
2024-12-16 01:40:00,2651.4,2652.01,2650.61,2650.82,176.0
2024-12-16 01:45:00,2650.84,2652.92,2650.66,2652.92,199.0
2024-12-16 01:50:00,2652.92,2653.04,2651.65,2652.06,123.0
2024-12-16 01:55:00,2652.16,2652.2,2651.09,2651.4,95.0
2024-12-16 02:00:00,2651.46,2651.65,2649.47,2650.51,214.0
2024-12-16 02:05:00,2650.6,2650.94,2650.33,2650.61,144.0
2024-12-16 02:10:00,2650.62,2651.34,2650.47,2651.24,124.0
2024-12-16 02:15:00,2651.24,2651.24,2649.48,2650.31,135.0
2024-12-16 02:20:00,2650.3,2650.6,2649.76,2650.6,128.0
2024-12-16 02:25:00,2650.57,2651.56,2650.48,2651.53,116.0
2024-12-16 02:30:00,2651.52,2651.54,2650.09,2650.25,149.0
2024-12-16 02:35:00,2650.23,2650.31,2648.59,2648.62,184.0
2024-12-16 02:40:00,2648.61,2649.28,2648.54,2649.05,136.0
2024-12-16 02:45:00,2649.06,2649.1,2645.99,2645.99,234.0
2024-12-16 02:50:00,2646.0,2646.11,2644.2,2644.73,313.0
2024-12-16 02:55:00,2644.7,2647.06,2643.52,2647.06,345.0
2024-12-16 03:00:00,2647.01,2651.21,2646.78,2650.1,461.0
2024-12-16 03:05:00,2650.19,2651.21,2648.89,2650.61,357.0
2024-12-16 03:10:00,2650.61,2651.64,2649.26,2650.29,321.0
2024-12-16 03:15:00,2650.29,2651.76,2649.78,2651.1,361.0
2024-12-16 03:20:00,2651.26,2654.2,2651.24,2653.9,393.0
2024-12-16 03:25:00,2653.77,2655.6,2653.77,2653.95,370.0
2024-12-16 03:30:00,2654.01,2654.07,2652.17,2653.51,310.0
2024-12-16 03:35:00,2653.79,2654.66,2653.02,2653.44,352.0
2024-12-16 03:40:00,2653.38,2654.07,2652.58,2652.92,344.0
2024-12-16 03:45:00,2652.92,2653.16,2651.92,2652.09,316.0
2024-12-16 03:50:00,2652.19,2653.15,2651.54,2652.5,344.0
2024-12-16 03:55:00,2652.52,2654.1,2652.15,2653.42,232.0
2024-12-16 04:00:00,2653.44,2653.7,2651.62,2653.58,294.0
2024-12-16 04:05:00,2653.58,2653.72,2651.54,2652.69,269.0
2024-12-16 04:10:00,2652.68,2653.38,2651.99,2652.95,323.0
2024-12-16 04:15:00,2652.9,2653.71,2651.7,2652.04,204.0
2024-12-16 04:20:00,2652.22,2652.83,2651.92,2652.26,166.0
2024-12-16 04:25:00,2652.27,2652.79,2652.01,2652.42,191.0
2024-12-16 04:30:00,2652.38,2652.74,2651.59,2652.29,327.0
2024-12-16 04:35:00,2652.41,2653.8,2652.41,2652.89,275.0
2024-12-16 04:40:00,2652.88,2653.63,2652.2,2653.46,309.0
2024-12-16 04:45:00,2653.48,2654.65,2653.04,2654.03,286.0
2024-12-16 04:50:00,2654.19,2654.28,2652.81,2653.26,320.0
2024-12-16 04:55:00,2653.27,2653.27,2650.47,2651.83,331.0
2024-12-16 05:00:00,2651.82,2653.15,2651.79,2652.31,374.0
2024-12-16 05:05:00,2652.31,2652.55,2651.59,2652.44,284.0
2024-12-16 05:10:00,2652.44,2653.35,2652.16,2653.21,237.0
2024-12-16 05:15:00,2653.23,2653.7,2652.85,2653.3,251.0
2024-12-16 05:20:00,2653.31,2654.43,2653.29,2654.11,267.0
2024-12-16 05:25:00,2654.12,2654.21,2652.59,2653.23,281.0
2024-12-16 05:30:00,2653.19,2654.11,2653.13,2654.0,163.0
2024-12-16 05:35:00,2654.04,2655.43,2654.04,2655.18,195.0
2024-12-16 05:40:00,2655.14,2655.14,2652.94,2653.77,185.0
2024-12-16 05:45:00,2653.77,2653.82,2652.72,2653.42,203.0
2024-12-16 05:50:00,2653.42,2654.17,2653.06,2653.87,210.0
2024-12-16 05:55:00,2653.87,2653.97,2653.46,2653.81,221.0
2024-12-16 06:00:00,2653.86,2653.89,2652.91,2653.88,174.0
2024-12-16 06:05:00,2653.87,2653.98,2653.08,2653.17,121.0
2024-12-16 06:10:00,2653.17,2653.74,2653.14,2653.54,172.0
2024-12-16 06:15:00,2653.54,2654.17,2653.42,2654.14,107.0
2024-12-16 06:20:00,2654.2,2654.49,2653.84,2654.47,150.0
2024-12-16 06:25:00,2654.45,2654.45,2653.17,2653.56,130.0
2024-12-16 06:30:00,2653.55,2654.08,2652.84,2653.09,75.0
2024-12-16 06:35:00,2653.09,2653.54,2652.57,2652.74,87.0
2024-12-16 06:40:00,2652.84,2653.39,2652.36,2652.69,153.0
2024-12-16 06:45:00,2652.69,2652.96,2651.99,2652.6,169.0
2024-12-16 06:50:00,2652.6,2652.97,2652.33,2652.48,148.0
2024-12-16 06:55:00,2652.48,2653.28,2651.99,2652.79,182.0
2024-12-16 07:00:00,2652.79,2653.23,2652.44,2653.09,207.0
2024-12-16 07:05:00,2653.09,2653.44,2652.27,2652.45,207.0
2024-12-16 07:10:00,2652.46,2652.46,2649.79,2650.66,275.0
2024-12-16 07:15:00,2650.67,2652.06,2649.58,2651.05,298.0
2024-12-16 07:20:00,2651.05,2651.88,2650.71,2651.58,214.0
2024-12-16 07:25:00,2651.64,2652.09,2650.72,2650.72,227.0
2024-12-16 07:30:00,2650.7,2651.35,2650.18,2650.52,267.0
2024-12-16 07:35:00,2650.54,2652.77,2650.54,2652.46,262.0
2024-12-16 07:40:00,2652.46,2653.27,2651.86,2651.98,247.0
2024-12-16 07:45:00,2651.98,2652.68,2651.41,2652.68,198.0
2024-12-16 07:50:00,2652.67,2652.8,2651.44,2652.15,234.0
2024-12-16 07:55:00,2652.18,2653.1,2652.02,2652.81,230.0
2024-12-16 08:00:00,2652.57,2653.94,2652.57,2653.76,207.0
2024-12-16 08:05:00,2653.75,2653.83,2652.74,2652.93,224.0
2024-12-16 08:10:00,2652.98,2653.08,2651.97,2652.32,228.0
2024-12-16 08:15:00,2652.33,2653.03,2652.15,2652.81,225.0
2024-12-16 08:20:00,2652.83,2653.96,2652.64,2653.14,215.0
2024-12-16 08:25:00,2653.14,2654.52,2653.14,2654.46,266.0
2024-12-16 08:30:00,2654.52,2654.7,2652.96,2653.87,254.0
2024-12-16 08:35:00,2653.87,2653.96,2652.53,2652.78,217.0
2024-12-16 08:40:00,2652.78,2653.28,2652.67,2652.97,227.0
2024-12-16 08:45:00,2652.96,2653.39,2652.54,2653.21,204.0
2024-12-16 08:50:00,2653.21,2653.48,2652.77,2653.44,222.0
2024-12-16 08:55:00,2653.44,2654.34,2653.37,2653.69,239.0
2024-12-16 09:00:00,2653.69,2653.89,2652.65,2652.65,209.0
2024-12-16 09:05:00,2652.65,2653.25,2651.69,2653.09,298.0
2024-12-16 09:10:00,2653.08,2653.1,2652.34,2652.79,184.0
2024-12-16 09:15:00,2652.77,2654.02,2652.49,2653.92,254.0
2024-12-16 09:20:00,2653.91,2654.88,2653.86,2654.58,268.0
2024-12-16 09:25:00,2654.6,2654.84,2653.33,2653.52,247.0
2024-12-16 09:30:00,2653.59,2653.63,2652.45,2652.64,244.0
2024-12-16 09:35:00,2652.64,2653.81,2652.54,2653.78,223.0
2024-12-16 09:40:00,2653.8,2655.76,2653.07,2655.34,238.0
2024-12-16 09:45:00,2655.33,2655.9,2654.89,2655.28,333.0
2024-12-16 09:50:00,2655.3,2655.3,2653.83,2653.91,294.0
2024-12-16 09:55:00,2653.92,2653.92,2653.02,2653.7,351.0
2024-12-16 10:00:00,2653.75,2654.4,2652.79,2653.33,372.0
2024-12-16 10:05:00,2653.33,2654.0,2652.29,2652.42,354.0
2024-12-16 10:10:00,2652.44,2655.27,2652.4,2655.25,326.0
2024-12-16 10:15:00,2655.22,2656.28,2654.6,2655.0,392.0
2024-12-16 10:20:00,2655.03,2658.19,2654.57,2658.03,351.0
2024-12-16 10:25:00,2658.08,2658.49,2657.42,2658.4,357.0
2024-12-16 10:30:00,2658.42,2660.71,2658.07,2660.51,397.0
2024-12-16 10:35:00,2660.53,2662.03,2659.28,2659.34,410.0
2024-12-16 10:40:00,2659.35,2659.7,2657.94,2658.46,391.0
2024-12-16 10:45:00,2658.45,2659.07,2657.8,2658.56,294.0
2024-12-16 10:50:00,2658.5,2659.81,2658.23,2659.77,340.0
2024-12-16 10:55:00,2659.74,2659.74,2657.87,2657.99,321.0
2024-12-16 11:00:00,2657.91,2659.59,2657.33,2658.68,362.0
2024-12-16 11:05:00,2658.67,2660.12,2657.83,2657.86,382.0
2024-12-16 11:10:00,2657.84,2658.58,2657.37,2658.55,273.0
2024-12-16 11:15:00,2658.52,2659.72,2657.62,2658.01,268.0
2024-12-16 11:20:00,2657.92,2658.1,2656.37,2657.04,255.0
2024-12-16 11:25:00,2657.04,2658.17,2656.17,2658.17,203.0
2024-12-16 11:30:00,2658.12,2658.19,2657.0,2657.7,248.0
2024-12-16 11:35:00,2657.68,2658.0,2656.29,2656.58,250.0
2024-12-16 11:40:00,2656.5,2657.41,2655.9,2656.88,265.0
2024-12-16 11:45:00,2656.84,2657.03,2655.76,2656.19,342.0
2024-12-16 11:50:00,2656.17,2658.57,2655.97,2658.57,282.0
2024-12-16 11:55:00,2658.58,2658.62,2657.65,2658.09,303.0
2024-12-16 12:00:00,2658.16,2659.84,2658.12,2659.13,294.0
2024-12-16 12:05:00,2659.22,2659.22,2658.01,2658.42,257.0
2024-12-16 12:10:00,2658.42,2659.24,2658.37,2658.61,167.0
2024-12-16 12:15:00,2658.55,2659.35,2658.18,2658.34,192.0
2024-12-16 12:20:00,2658.28,2659.66,2657.97,2659.56,256.0
2024-12-16 12:25:00,2659.65,2660.09,2659.39,2659.79,227.0
2024-12-16 12:30:00,2659.79,2660.56,2658.57,2658.68,326.0
2024-12-16 12:35:00,2658.76,2659.43,2658.07,2658.99,308.0
2024-12-16 12:40:00,2659.0,2659.54,2658.59,2659.45,189.0
2024-12-16 12:45:00,2659.39,2661.13,2659.39,2659.45,291.0
2024-12-16 12:50:00,2659.27,2659.93,2658.83,2659.93,339.0
2024-12-16 12:55:00,2659.92,2660.24,2658.53,2658.85,261.0
2024-12-16 13:00:00,2658.76,2658.92,2657.73,2658.54,311.0
2024-12-16 13:05:00,2658.53,2659.3,2658.04,2658.78,251.0
2024-12-16 13:10:00,2658.84,2660.28,2658.65,2659.67,286.0
2024-12-16 13:15:00,2659.67,2660.64,2659.55,2660.4,253.0
2024-12-16 13:20:00,2660.4,2661.82,2660.26,2661.55,304.0
2024-12-16 13:25:00,2661.6,2662.9,2660.84,2662.58,318.0
2024-12-16 13:30:00,2662.57,2664.15,2661.85,2661.86,333.0
2024-12-16 13:35:00,2661.85,2662.21,2661.21,2662.07,271.0
2024-12-16 13:40:00,2662.08,2662.73,2661.09,2662.58,269.0
2024-12-16 13:45:00,2662.73,2663.53,2661.45,2661.89,371.0
2024-12-16 13:50:00,2661.83,2662.38,2661.16,2662.25,290.0
2024-12-16 13:55:00,2662.24,2663.82,2662.18,2663.51,266.0
2024-12-16 14:00:00,2663.5,2663.76,2662.97,2663.57,235.0
2024-12-16 14:05:00,2663.57,2664.22,2663.29,2664.18,215.0
2024-12-16 14:10:00,2664.18,2664.22,2662.57,2662.92,246.0
2024-12-16 14:15:00,2662.91,2663.87,2662.54,2662.75,173.0
2024-12-16 14:20:00,2662.66,2663.57,2662.57,2662.93,242.0
2024-12-16 14:25:00,2662.86,2663.07,2661.42,2661.73,266.0
2024-12-16 14:30:00,2661.7,2661.9,2659.22,2660.0,332.0
2024-12-16 14:35:00,2660.0,2660.37,2657.4,2658.36,405.0
2024-12-16 14:40:00,2658.42,2660.32,2658.27,2660.08,382.0
2024-12-16 14:45:00,2660.07,2660.8,2659.01,2660.08,285.0
2024-12-16 14:50:00,2660.06,2660.64,2659.43,2660.05,303.0
2024-12-16 14:55:00,2660.03,2660.15,2659.49,2659.97,306.0
2024-12-16 15:00:00,2659.84,2663.11,2659.04,2663.07,488.0
2024-12-16 15:05:00,2663.07,2664.02,2662.24,2662.32,430.0
2024-12-16 15:10:00,2662.27,2664.0,2662.08,2662.94,363.0
2024-12-16 15:15:00,2662.92,2664.23,2661.99,2662.65,362.0
2024-12-16 15:20:00,2663.04,2663.04,2660.09,2660.63,455.0
2024-12-16 15:25:00,2660.55,2662.18,2660.41,2661.01,346.0
2024-12-16 15:30:00,2661.17,2662.96,2659.43,2660.48,416.0
2024-12-16 15:35:00,2660.84,2660.84,2659.29,2659.79,383.0
2024-12-16 15:40:00,2659.86,2661.8,2659.72,2659.92,382.0
2024-12-16 15:45:00,2659.92,2661.19,2658.94,2660.49,410.0
2024-12-16 15:50:00,2660.57,2662.81,2660.39,2661.62,392.0
2024-12-16 15:55:00,2661.8,2663.53,2661.66,2661.91,395.0
2024-12-16 16:00:00,2662.13,2663.03,2660.25,2660.96,447.0
2024-12-16 16:05:00,2660.95,2661.0,2659.5,2660.23,417.0
2024-12-16 16:10:00,2660.22,2661.44,2658.55,2658.72,432.0
2024-12-16 16:15:00,2658.66,2660.49,2657.47,2657.6,434.0
2024-12-16 16:20:00,2657.54,2658.15,2656.76,2657.99,466.0
2024-12-16 16:25:00,2658.21,2658.87,2657.01,2658.2,414.0
2024-12-16 16:30:00,2657.89,2660.0,2656.99,2659.89,479.0
2024-12-16 16:35:00,2659.97,2660.05,2656.98,2657.3,480.0
2024-12-16 16:40:00,2657.12,2657.79,2655.26,2655.57,394.0
2024-12-16 16:45:00,2653.79,2658.44,2653.79,2658.26,481.0
2024-12-16 16:50:00,2658.18,2658.41,2655.49,2656.32,474.0
2024-12-16 16:55:00,2656.28,2656.35,2654.64,2654.83,467.0
2024-12-16 17:00:00,2654.91,2655.81,2654.05,2655.15,473.0
2024-12-16 17:05:00,2655.17,2655.94,2653.93,2654.24,465.0
2024-12-16 17:10:00,2654.26,2654.28,2652.56,2653.07,459.0
2024-12-16 17:15:00,2653.08,2654.53,2652.2,2652.81,477.0
2024-12-16 17:20:00,2652.79,2652.79,2650.84,2651.37,463.0
2024-12-16 17:25:00,2651.23,2655.31,2651.23,2655.1,468.0
2024-12-16 17:30:00,2655.23,2656.74,2654.25,2655.95,442.0
2024-12-16 17:35:00,2655.86,2655.95,2654.66,2655.7,424.0
2024-12-16 17:40:00,2655.71,2656.91,2655.12,2655.51,399.0
2024-12-16 17:45:00,2655.56,2656.08,2655.1,2655.1,385.0
2024-12-16 17:50:00,2655.06,2655.4,2653.33,2655.27,388.0
2024-12-16 17:55:00,2655.28,2655.99,2654.15,2654.39,407.0
2024-12-16 18:00:00,2654.49,2655.04,2653.8,2654.33,385.0
2024-12-16 18:05:00,2654.33,2654.89,2653.59,2653.78,378.0
2024-12-16 18:10:00,2653.78,2655.76,2653.69,2655.02,407.0
2024-12-16 18:15:00,2654.98,2655.5,2654.01,2654.17,396.0
2024-12-16 18:20:00,2654.21,2654.84,2651.23,2651.4,414.0
2024-12-16 18:25:00,2651.46,2652.19,2649.58,2650.01,404.0
2024-12-16 18:30:00,2650.32,2651.68,2649.95,2651.12,432.0
2024-12-16 18:35:00,2651.05,2651.46,2648.57,2651.46,369.0
2024-12-16 18:40:00,2651.69,2652.07,2650.95,2651.64,307.0
2024-12-16 18:45:00,2651.65,2652.43,2651.44,2652.06,295.0
2024-12-16 18:50:00,2652.11,2653.15,2651.83,2652.99,274.0
2024-12-16 18:55:00,2652.94,2653.18,2651.8,2652.18,293.0
2024-12-16 19:00:00,2652.13,2652.83,2651.79,2652.58,300.0
2024-12-16 19:05:00,2652.6,2653.21,2652.26,2652.44,291.0
2024-12-16 19:10:00,2652.45,2652.71,2651.88,2652.58,246.0
2024-12-16 19:15:00,2652.58,2654.46,2652.37,2654.09,265.0
2024-12-16 19:20:00,2654.09,2655.18,2654.09,2654.92,253.0
2024-12-16 19:25:00,2654.93,2655.34,2654.07,2654.4,269.0
2024-12-16 19:30:00,2654.31,2654.67,2653.0,2653.42,253.0
2024-12-16 19:35:00,2653.38,2653.55,2652.84,2653.38,254.0
2024-12-16 19:40:00,2653.31,2653.99,2652.63,2653.43,263.0
2024-12-16 19:45:00,2653.42,2654.54,2653.4,2654.32,253.0
2024-12-16 19:50:00,2654.32,2654.32,2652.95,2652.95,247.0
2024-12-16 19:55:00,2652.95,2653.04,2651.83,2652.08,259.0
2024-12-16 20:00:00,2652.06,2652.38,2651.33,2651.92,284.0
2024-12-16 20:05:00,2652.11,2652.46,2651.34,2652.15,247.0
2024-12-16 20:10:00,2652.15,2653.24,2652.0,2653.14,224.0
2024-12-16 20:15:00,2653.12,2653.64,2652.82,2653.2,194.0
2024-12-16 20:20:00,2653.2,2653.2,2651.31,2653.06,312.0
2024-12-16 20:25:00,2653.03,2653.78,2652.42,2653.15,277.0
2024-12-16 20:30:00,2653.17,2654.09,2653.17,2653.79,215.0
2024-12-16 20:35:00,2653.81,2655.14,2653.81,2654.81,197.0
2024-12-16 20:40:00,2654.76,2654.87,2654.15,2654.4,178.0
2024-12-16 20:45:00,2654.4,2655.16,2654.13,2654.79,220.0
2024-12-16 20:50:00,2654.81,2655.64,2654.42,2655.51,222.0
2024-12-16 20:55:00,2655.33,2655.61,2655.03,2655.38,251.0
2024-12-16 21:00:00,2655.4,2655.79,2654.8,2655.03,239.0
2024-12-16 21:05:00,2655.02,2655.12,2654.6,2654.78,209.0
2024-12-16 21:10:00,2654.79,2655.4,2654.77,2655.39,223.0
2024-12-16 21:15:00,2655.39,2655.69,2654.62,2654.81,214.0
2024-12-16 21:20:00,2654.62,2655.17,2653.73,2653.98,242.0
2024-12-16 21:25:00,2653.99,2654.06,2652.51,2653.37,249.0
2024-12-16 21:30:00,2653.33,2653.47,2652.02,2652.49,233.0
2024-12-16 21:35:00,2652.58,2653.51,2652.17,2653.43,226.0
2024-12-16 21:40:00,2653.44,2654.28,2653.44,2654.21,182.0
2024-12-16 21:45:00,2654.19,2654.83,2653.81,2654.55,199.0
2024-12-16 21:50:00,2654.56,2654.74,2653.98,2654.0,208.0
2024-12-16 21:55:00,2654.02,2654.14,2653.28,2653.29,245.0
2024-12-16 22:00:00,2653.29,2653.29,2652.55,2652.94,245.0
2024-12-16 22:05:00,2652.93,2653.25,2652.42,2652.61,170.0
2024-12-16 22:10:00,2652.56,2652.88,2652.3,2652.54,207.0
2024-12-16 22:15:00,2652.56,2653.15,2652.05,2652.34,150.0
2024-12-16 22:20:00,2652.36,2653.08,2652.07,2652.23,188.0
2024-12-16 22:25:00,2652.23,2652.89,2651.98,2652.84,154.0
2024-12-16 22:30:00,2652.93,2653.28,2652.46,2652.75,199.0
2024-12-16 22:35:00,2652.75,2653.01,2652.57,2652.93,208.0
2024-12-16 22:40:00,2652.92,2653.13,2652.33,2652.53,263.0
2024-12-16 22:45:00,2652.52,2653.26,2652.51,2652.98,191.0
2024-12-16 22:50:00,2652.99,2653.45,2652.98,2653.2,259.0
2024-12-16 22:55:00,2653.22,2653.61,2652.7,2652.95,257.0
2024-12-16 23:00:00,2653.0,2653.13,2651.82,2651.91,106.0
2024-12-16 23:05:00,2651.91,2652.21,2651.66,2651.81,79.0
2024-12-16 23:10:00,2651.8,2652.1,2651.39,2651.67,101.0
2024-12-16 23:15:00,2651.72,2652.81,2651.67,2652.31,113.0
2024-12-16 23:20:00,2652.34,2652.58,2651.43,2651.63,93.0
2024-12-16 23:25:00,2651.64,2652.25,2651.52,2652.24,100.0
2024-12-16 23:30:00,2652.25,2652.89,2652.15,2652.83,51.0
2024-12-16 23:35:00,2652.84,2653.05,2652.28,2652.41,44.0
2024-12-16 23:40:00,2652.41,2652.81,2652.41,2652.66,67.0
2024-12-16 23:45:00,2652.66,2652.66,2652.02,2652.64,45.0
2024-12-16 23:50:00,2652.37,2652.69,2652.37,2652.47,51.0
2024-12-16 23:55:00,2652.46,2652.92,2652.44,2652.62,85.0
2024-12-17 01:00:00,2652.65,2652.67,2652.1,2652.1,110.0
2024-12-17 01:05:00,2652.11,2652.68,2651.7,2651.81,78.0
2024-12-17 01:10:00,2652.03,2652.16,2651.52,2651.86,61.0
2024-12-17 01:15:00,2652.06,2652.75,2651.91,2652.55,73.0
2024-12-17 01:20:00,2652.51,2653.02,2652.29,2652.71,82.0
2024-12-17 01:25:00,2652.74,2652.96,2652.62,2652.92,98.0
2024-12-17 01:30:00,2652.82,2652.9,2651.71,2651.93,111.0
2024-12-17 01:35:00,2651.91,2652.38,2651.8,2652.17,63.0
2024-12-17 01:40:00,2652.19,2652.33,2652.09,2652.14,97.0
2024-12-17 01:45:00,2652.14,2652.53,2651.88,2651.92,125.0
2024-12-17 01:50:00,2652.02,2652.15,2651.91,2651.96,112.0
2024-12-17 01:55:00,2651.99,2652.09,2651.65,2651.76,142.0
2024-12-17 02:00:00,2651.76,2653.29,2651.71,2652.71,188.0
2024-12-17 02:05:00,2652.75,2652.87,2652.31,2652.32,185.0
2024-12-17 02:10:00,2652.32,2652.47,2651.37,2651.44,144.0
2024-12-17 02:15:00,2651.43,2652.02,2651.25,2651.81,130.0
2024-12-17 02:20:00,2651.79,2652.65,2651.78,2652.47,90.0
2024-12-17 02:25:00,2652.44,2652.46,2652.08,2652.22,85.0
2024-12-17 02:30:00,2652.2,2652.92,2651.74,2651.99,201.0
2024-12-17 02:35:00,2652.0,2652.32,2651.15,2651.49,172.0
2024-12-17 02:40:00,2651.5,2651.91,2651.32,2651.82,160.0
2024-12-17 02:45:00,2651.82,2652.34,2651.5,2652.25,238.0
2024-12-17 02:50:00,2652.24,2654.19,2652.24,2654.13,322.0
2024-12-17 02:55:00,2654.21,2655.46,2653.86,2655.3,395.0
2024-12-17 03:00:00,2655.24,2656.3,2654.36,2655.3,426.0
2024-12-17 03:05:00,2655.34,2656.05,2654.5,2655.8,324.0
2024-12-17 03:10:00,2655.91,2657.37,2654.85,2657.35,351.0
2024-12-17 03:15:00,2657.37,2657.37,2655.51,2656.3,355.0
2024-12-17 03:20:00,2656.3,2657.24,2656.04,2656.65,290.0
2024-12-17 03:25:00,2656.65,2657.2,2655.72,2656.04,275.0
2024-12-17 03:30:00,2656.08,2656.8,2654.99,2656.2,408.0
2024-12-17 03:35:00,2656.23,2657.12,2655.43,2656.52,346.0
2024-12-17 03:40:00,2656.53,2657.2,2655.82,2656.48,310.0
2024-12-17 03:45:00,2656.49,2657.26,2656.24,2657.26,272.0
2024-12-17 03:50:00,2657.26,2658.04,2656.92,2657.78,323.0
2024-12-17 03:55:00,2657.8,2658.57,2657.33,2658.05,289.0
2024-12-17 04:00:00,2657.73,2658.03,2656.92,2657.6,311.0
2024-12-17 04:05:00,2657.6,2658.52,2657.14,2657.89,335.0
2024-12-17 04:10:00,2657.9,2658.48,2657.04,2658.26,294.0
2024-12-17 04:15:00,2658.27,2658.54,2657.9,2658.11,184.0
2024-12-17 04:20:00,2658.12,2658.35,2657.61,2657.62,217.0
2024-12-17 04:25:00,2657.51,2657.84,2656.75,2657.62,297.0
2024-12-17 04:30:00,2657.62,2657.62,2655.82,2656.21,401.0
2024-12-17 04:35:00,2656.2,2657.07,2655.88,2656.4,299.0
2024-12-17 04:40:00,2656.39,2656.81,2655.44,2655.96,266.0
2024-12-17 04:45:00,2655.97,2656.11,2654.48,2654.79,327.0
2024-12-17 04:50:00,2654.9,2655.34,2654.0,2654.5,325.0
2024-12-17 04:55:00,2654.5,2655.3,2654.03,2654.98,342.0
2024-12-17 05:00:00,2654.98,2655.46,2654.7,2654.89,298.0
2024-12-17 05:05:00,2654.87,2654.87,2653.33,2653.82,349.0
2024-12-17 05:10:00,2653.84,2653.94,2651.24,2652.49,408.0
2024-12-17 05:15:00,2652.65,2654.1,2652.65,2653.44,267.0
2024-12-17 05:20:00,2653.45,2654.47,2653.45,2653.87,211.0
2024-12-17 05:25:00,2653.87,2655.23,2653.72,2654.99,246.0
2024-12-17 05:30:00,2655.02,2656.11,2654.97,2655.37,203.0
2024-12-17 05:35:00,2655.38,2655.7,2655.11,2655.12,138.0
2024-12-17 05:40:00,2655.13,2655.25,2654.07,2654.29,206.0
2024-12-17 05:45:00,2654.3,2654.38,2653.18,2653.45,286.0
2024-12-17 05:50:00,2653.45,2653.75,2653.03,2653.3,212.0
2024-12-17 05:55:00,2653.32,2653.74,2653.26,2653.56,203.0
2024-12-17 06:00:00,2653.49,2653.63,2652.28,2652.39,191.0
2024-12-17 06:05:00,2652.39,2654.26,2652.37,2654.03,189.0
2024-12-17 06:10:00,2653.96,2654.44,2653.85,2654.44,135.0
2024-12-17 06:15:00,2654.29,2654.95,2654.29,2654.69,141.0
2024-12-17 06:20:00,2654.7,2655.26,2654.35,2654.76,127.0
2024-12-17 06:25:00,2654.75,2654.81,2654.37,2654.43,130.0
2024-12-17 06:30:00,2654.44,2654.46,2653.62,2653.79,177.0
2024-12-17 06:35:00,2653.77,2653.77,2652.56,2653.15,200.0
2024-12-17 06:40:00,2653.16,2653.37,2652.22,2652.46,176.0
2024-12-17 06:45:00,2652.46,2652.85,2651.51,2651.98,235.0
2024-12-17 06:50:00,2651.98,2652.1,2651.0,2651.58,234.0
2024-12-17 06:55:00,2651.61,2652.3,2651.49,2651.7,196.0
2024-12-17 07:00:00,2651.72,2651.76,2649.04,2649.9,316.0
2024-12-17 07:05:00,2649.92,2650.79,2649.49,2649.99,228.0
2024-12-17 07:10:00,2650.09,2651.65,2650.06,2651.16,206.0
2024-12-17 07:15:00,2651.16,2652.04,2651.12,2651.19,162.0
2024-12-17 07:20:00,2651.19,2651.35,2650.73,2650.81,167.0
2024-12-17 07:25:00,2650.79,2653.0,2650.74,2652.99,283.0
2024-12-17 07:30:00,2653.02,2654.62,2652.47,2652.68,465.0
2024-12-17 07:35:00,2652.68,2653.32,2651.64,2652.87,466.0
2024-12-17 07:40:00,2652.88,2654.8,2651.96,2654.18,418.0
2024-12-17 07:45:00,2654.25,2654.55,2653.16,2653.39,326.0
2024-12-17 07:50:00,2653.39,2654.18,2652.62,2653.96,306.0
2024-12-17 07:55:00,2653.94,2653.97,2652.77,2653.75,296.0
2024-12-17 08:00:00,2653.82,2654.62,2653.28,2654.3,316.0
2024-12-17 08:05:00,2654.31,2654.64,2653.12,2653.18,270.0
2024-12-17 08:10:00,2653.18,2653.45,2651.34,2651.34,299.0
2024-12-17 08:15:00,2651.26,2651.95,2650.98,2651.12,269.0
2024-12-17 08:20:00,2651.09,2651.09,2646.87,2648.46,385.0
2024-12-17 08:25:00,2648.53,2649.49,2647.19,2647.94,422.0
2024-12-17 08:30:00,2647.79,2649.09,2647.52,2648.83,330.0
2024-12-17 08:35:00,2648.84,2649.88,2648.66,2649.75,289.0
2024-12-17 08:40:00,2649.74,2650.26,2646.96,2647.2,327.0
2024-12-17 08:45:00,2647.22,2648.03,2646.46,2647.55,435.0
2024-12-17 08:50:00,2647.52,2648.58,2647.39,2647.65,283.0
2024-12-17 08:55:00,2647.61,2648.89,2647.29,2648.85,250.0
2024-12-17 09:00:00,2648.89,2649.92,2648.16,2649.74,252.0
2024-12-17 09:05:00,2649.73,2650.46,2649.47,2650.25,201.0
2024-12-17 09:10:00,2650.37,2652.56,2650.35,2652.18,287.0
2024-12-17 09:15:00,2652.19,2653.36,2651.95,2653.21,208.0
2024-12-17 09:20:00,2652.99,2654.78,2652.88,2654.63,261.0
2024-12-17 09:25:00,2654.63,2655.95,2654.24,2655.77,280.0
2024-12-17 09:30:00,2655.76,2655.93,2654.86,2655.61,348.0
2024-12-17 09:35:00,2655.59,2656.66,2654.96,2656.56,315.0
2024-12-17 09:40:00,2656.62,2657.1,2654.54,2654.58,426.0
2024-12-17 09:45:00,2654.56,2655.79,2654.47,2654.91,292.0
2024-12-17 09:50:00,2654.87,2654.9,2653.62,2654.22,222.0
2024-12-17 09:55:00,2654.09,2654.44,2653.3,2653.79,256.0
2024-12-17 10:00:00,2653.42,2653.69,2652.11,2653.12,387.0
2024-12-17 10:05:00,2653.11,2653.15,2651.8,2652.08,347.0
2024-12-17 10:10:00,2651.96,2652.5,2650.34,2650.47,344.0
2024-12-17 10:15:00,2650.47,2651.16,2649.67,2650.18,361.0
2024-12-17 10:20:00,2650.15,2651.95,2648.94,2648.95,393.0
2024-12-17 10:25:00,2648.95,2650.01,2646.84,2647.85,428.0
2024-12-17 10:30:00,2647.83,2649.13,2646.79,2647.78,396.0
2024-12-17 10:35:00,2647.97,2647.97,2645.72,2647.1,361.0
2024-12-17 10:40:00,2647.05,2648.52,2646.74,2648.4,344.0
2024-12-17 10:45:00,2648.41,2649.35,2647.5,2648.23,262.0
2024-12-17 10:50:00,2648.24,2649.03,2646.86,2647.91,357.0
2024-12-17 10:55:00,2648.0,2648.4,2641.13,2644.12,442.0
2024-12-17 11:00:00,2643.94,2646.05,2642.92,2643.65,475.0
2024-12-17 11:05:00,2643.66,2643.86,2641.33,2642.85,379.0
2024-12-17 11:10:00,2642.85,2644.96,2642.62,2643.87,384.0
2024-12-17 11:15:00,2643.84,2645.17,2643.46,2643.85,331.0
2024-12-17 11:20:00,2643.74,2643.87,2641.0,2641.58,388.0
2024-12-17 11:25:00,2641.6,2642.41,2641.27,2641.93,376.0
2024-12-17 11:30:00,2641.9,2642.97,2641.27,2641.5,339.0
2024-12-17 11:35:00,2641.67,2642.29,2638.86,2639.71,390.0
2024-12-17 11:40:00,2639.72,2639.92,2638.11,2639.2,421.0
2024-12-17 11:45:00,2639.23,2640.54,2638.1,2639.3,402.0
2024-12-17 11:50:00,2639.31,2641.05,2638.21,2640.78,445.0
2024-12-17 11:55:00,2640.85,2641.05,2639.25,2639.65,267.0
2024-12-17 12:00:00,2639.56,2640.93,2638.72,2640.74,318.0
2024-12-17 12:05:00,2640.86,2641.1,2639.58,2640.35,317.0
2024-12-17 12:10:00,2640.36,2640.67,2639.64,2640.07,315.0
2024-12-17 12:15:00,2640.07,2642.45,2639.85,2642.39,337.0
2024-12-17 12:20:00,2642.25,2642.95,2641.3,2641.34,391.0
2024-12-17 12:25:00,2641.33,2642.37,2640.97,2642.31,335.0
2024-12-17 12:30:00,2642.07,2643.16,2641.47,2642.76,325.0
2024-12-17 12:35:00,2642.76,2643.1,2641.05,2641.63,321.0
2024-12-17 12:40:00,2641.66,2641.79,2639.96,2640.5,277.0
2024-12-17 12:45:00,2640.53,2640.61,2638.13,2638.2,325.0
2024-12-17 12:50:00,2638.2,2639.61,2638.16,2639.25,338.0
2024-12-17 12:55:00,2639.23,2639.44,2638.19,2638.2,284.0
2024-12-17 13:00:00,2638.14,2638.4,2636.26,2638.05,427.0
2024-12-17 13:05:00,2638.07,2638.22,2637.1,2637.66,229.0
2024-12-17 13:10:00,2637.55,2639.27,2637.55,2638.76,356.0
2024-12-17 13:15:00,2638.8,2639.62,2638.08,2638.84,318.0
2024-12-17 13:20:00,2638.83,2639.93,2638.73,2639.08,278.0
2024-12-17 13:25:00,2639.11,2639.54,2638.93,2639.08,253.0
2024-12-17 13:30:00,2639.07,2640.65,2639.0,2639.56,311.0
2024-12-17 13:35:00,2639.58,2640.54,2639.06,2640.34,305.0
2024-12-17 13:40:00,2640.35,2640.8,2639.72,2639.92,362.0
2024-12-17 13:45:00,2639.91,2640.14,2639.18,2639.7,287.0
2024-12-17 13:50:00,2639.65,2641.52,2639.65,2641.35,310.0
2024-12-17 13:55:00,2641.31,2642.53,2640.78,2642.25,361.0
2024-12-17 14:00:00,2642.27,2644.17,2642.27,2642.35,383.0
2024-12-17 14:05:00,2642.42,2643.29,2641.2,2643.21,348.0
2024-12-17 14:10:00,2643.23,2643.36,2641.29,2641.41,339.0
2024-12-17 14:15:00,2641.43,2641.93,2641.12,2641.6,393.0
2024-12-17 14:20:00,2641.64,2642.0,2640.72,2641.66,322.0
2024-12-17 14:25:00,2641.75,2643.77,2641.55,2643.39,347.0
2024-12-17 14:30:00,2643.47,2643.96,2642.56,2642.85,301.0
2024-12-17 14:35:00,2642.88,2644.68,2642.88,2643.62,339.0
2024-12-17 14:40:00,2643.65,2645.55,2643.15,2643.26,362.0
2024-12-17 14:45:00,2643.27,2643.39,2641.9,2642.34,329.0
2024-12-17 14:50:00,2642.34,2643.25,2642.26,2642.97,256.0
2024-12-17 14:55:00,2642.98,2643.07,2642.29,2642.89,251.0
2024-12-17 15:00:00,2642.7,2644.88,2642.6,2644.64,492.0
2024-12-17 15:05:00,2644.65,2646.87,2644.62,2646.08,430.0
2024-12-17 15:10:00,2646.04,2646.09,2643.83,2644.08,358.0
2024-12-17 15:15:00,2644.03,2645.09,2643.59,2644.99,393.0
2024-12-17 15:20:00,2644.64,2644.64,2642.52,2643.22,495.0
2024-12-17 15:25:00,2643.2,2644.29,2642.04,2642.12,358.0
2024-12-17 15:30:00,2643.67,2644.64,2639.38,2640.44,389.0
2024-12-17 15:35:00,2640.39,2643.22,2638.72,2643.01,492.0
2024-12-17 15:40:00,2643.1,2644.21,2641.65,2642.08,418.0
2024-12-17 15:45:00,2642.43,2642.78,2639.94,2640.11,386.0
2024-12-17 15:50:00,2640.03,2640.28,2634.72,2635.08,494.0
2024-12-17 15:55:00,2634.9,2637.85,2634.9,2637.08,455.0
2024-12-17 16:00:00,2637.06,2639.81,2635.81,2639.05,511.0
2024-12-17 16:05:00,2639.03,2639.86,2636.98,2637.5,484.0
2024-12-17 16:10:00,2637.49,2637.67,2633.03,2634.8,461.0
2024-12-17 16:15:00,2634.64,2637.55,2634.16,2636.67,423.0
2024-12-17 16:20:00,2636.91,2639.73,2636.59,2638.88,429.0
2024-12-17 16:25:00,2638.9,2641.15,2638.9,2641.0,468.0
2024-12-17 16:30:00,2640.78,2642.02,2638.92,2639.0,545.0
2024-12-17 16:35:00,2638.83,2640.81,2638.45,2639.2,517.0
2024-12-17 16:40:00,2639.08,2640.67,2638.66,2639.22,472.0
2024-12-17 16:45:00,2638.99,2639.56,2637.68,2638.25,419.0
2024-12-17 16:50:00,2638.35,2639.23,2635.53,2635.85,489.0
2024-12-17 16:55:00,2635.94,2636.78,2634.64,2636.72,442.0
2024-12-17 17:00:00,2636.69,2637.7,2635.78,2636.76,405.0
2024-12-17 17:05:00,2636.79,2640.61,2636.34,2640.43,456.0
2024-12-17 17:10:00,2640.44,2641.42,2638.54,2640.01,470.0
2024-12-17 17:15:00,2640.05,2642.84,2639.82,2642.01,497.0
2024-12-17 17:20:00,2642.01,2642.86,2640.37,2641.44,455.0
2024-12-17 17:25:00,2641.36,2641.83,2640.46,2640.59,427.0
2024-12-17 17:30:00,2640.69,2642.71,2640.42,2641.55,449.0
2024-12-17 17:35:00,2641.59,2641.64,2638.41,2639.89,452.0
2024-12-17 17:40:00,2639.72,2639.91,2638.12,2638.26,464.0
2024-12-17 17:45:00,2638.08,2638.69,2636.87,2638.5,452.0
2024-12-17 17:50:00,2638.5,2640.22,2637.87,2640.19,383.0
2024-12-17 17:55:00,2640.21,2641.27,2639.38,2640.17,386.0
2024-12-17 18:00:00,2640.17,2640.3,2638.2,2638.62,422.0
2024-12-17 18:05:00,2638.65,2639.84,2637.82,2639.29,454.0
2024-12-17 18:10:00,2639.31,2639.88,2637.69,2638.42,453.0
2024-12-17 18:15:00,2638.41,2640.02,2638.35,2638.58,437.0
2024-12-17 18:20:00,2638.58,2638.96,2637.34,2637.91,416.0
2024-12-17 18:25:00,2637.85,2638.54,2637.4,2638.35,386.0
2024-12-17 18:30:00,2638.38,2638.44,2636.42,2637.41,393.0
2024-12-17 18:35:00,2637.44,2640.97,2637.42,2640.76,371.0
2024-12-17 18:40:00,2640.79,2640.81,2639.62,2639.83,321.0
2024-12-17 18:45:00,2639.69,2641.44,2639.69,2641.18,350.0
2024-12-17 18:50:00,2641.2,2641.27,2639.11,2639.21,317.0
2024-12-17 18:55:00,2639.2,2639.95,2638.8,2638.83,326.0
2024-12-17 19:00:00,2638.52,2639.36,2637.83,2639.36,344.0
2024-12-17 19:05:00,2639.32,2640.87,2639.03,2640.61,365.0
2024-12-17 19:10:00,2640.6,2640.67,2639.33,2640.48,351.0
2024-12-17 19:15:00,2640.48,2642.01,2640.42,2641.66,318.0
2024-12-17 19:20:00,2641.66,2642.74,2641.66,2642.24,306.0
2024-12-17 19:25:00,2642.04,2642.61,2641.37,2642.01,337.0
2024-12-17 19:30:00,2642.01,2643.3,2641.7,2642.79,315.0
2024-12-17 19:35:00,2642.75,2643.1,2642.32,2642.89,319.0
2024-12-17 19:40:00,2642.9,2644.08,2642.01,2643.63,313.0
2024-12-17 19:45:00,2643.7,2644.7,2643.34,2644.53,304.0
2024-12-17 19:50:00,2644.52,2645.29,2644.51,2645.02,319.0
2024-12-17 19:55:00,2645.03,2647.08,2644.8,2645.99,361.0
2024-12-17 20:00:00,2645.96,2646.43,2645.18,2646.32,359.0
2024-12-17 20:05:00,2646.34,2647.52,2645.87,2647.19,363.0
2024-12-17 20:10:00,2647.2,2647.44,2645.64,2646.12,323.0
2024-12-17 20:15:00,2646.08,2646.29,2645.49,2645.8,247.0
2024-12-17 20:20:00,2645.86,2645.86,2644.99,2645.39,338.0
2024-12-17 20:25:00,2645.39,2647.01,2645.37,2646.11,291.0
2024-12-17 20:30:00,2646.19,2647.91,2646.19,2647.75,251.0
2024-12-17 20:35:00,2647.65,2648.02,2646.78,2646.78,245.0
2024-12-17 20:40:00,2646.79,2648.62,2646.57,2648.57,268.0
2024-12-17 20:45:00,2648.57,2648.98,2647.01,2647.01,271.0
2024-12-17 20:50:00,2647.02,2647.2,2646.4,2646.52,266.0
2024-12-17 20:55:00,2646.58,2647.57,2646.46,2647.33,278.0
2024-12-17 21:00:00,2647.31,2648.17,2647.07,2647.7,276.0
2024-12-17 21:05:00,2647.7,2648.12,2647.13,2647.26,220.0
2024-12-17 21:10:00,2647.26,2647.29,2645.85,2646.22,249.0
2024-12-17 21:15:00,2646.26,2646.72,2645.71,2646.17,250.0
2024-12-17 21:20:00,2646.18,2646.68,2646.1,2646.42,227.0
2024-12-17 21:25:00,2646.43,2647.66,2646.15,2647.36,204.0
2024-12-17 21:30:00,2647.36,2647.4,2646.74,2647.16,247.0
2024-12-17 21:35:00,2647.15,2647.36,2646.19,2646.47,196.0
2024-12-17 21:40:00,2646.45,2647.01,2646.17,2646.17,211.0
2024-12-17 21:45:00,2646.39,2646.39,2645.28,2645.81,226.0
2024-12-17 21:50:00,2645.84,2646.5,2645.84,2646.06,229.0
2024-12-17 21:55:00,2645.94,2646.0,2645.24,2645.4,221.0
2024-12-17 22:00:00,2645.49,2645.82,2645.12,2645.6,215.0
2024-12-17 22:05:00,2645.59,2645.74,2644.75,2645.6,180.0
2024-12-17 22:10:00,2645.61,2646.41,2645.61,2646.03,166.0
2024-12-17 22:15:00,2646.03,2646.26,2645.43,2645.8,217.0
2024-12-17 22:20:00,2645.78,2646.18,2645.48,2645.93,211.0
2024-12-17 22:25:00,2645.9,2646.69,2645.78,2646.3,214.0
2024-12-17 22:30:00,2646.31,2646.75,2645.78,2646.63,236.0
2024-12-17 22:35:00,2646.6,2646.85,2645.52,2645.65,268.0
2024-12-17 22:40:00,2645.47,2646.09,2644.87,2644.95,284.0
2024-12-17 22:45:00,2644.86,2645.03,2644.34,2644.66,288.0
2024-12-17 22:50:00,2644.59,2644.86,2643.79,2643.96,357.0
2024-12-17 22:55:00,2643.95,2644.25,2643.1,2643.6,376.0
2024-12-17 23:00:00,2643.61,2644.26,2643.57,2643.93,125.0
2024-12-17 23:05:00,2644.06,2644.58,2643.62,2644.37,73.0
2024-12-17 23:10:00,2644.43,2644.87,2644.07,2644.19,67.0
2024-12-17 23:15:00,2644.17,2644.78,2643.87,2644.39,113.0
2024-12-17 23:20:00,2644.4,2644.47,2643.35,2643.97,101.0
2024-12-17 23:25:00,2644.17,2644.87,2644.14,2644.62,95.0
2024-12-17 23:30:00,2644.62,2645.44,2644.43,2645.13,95.0
2024-12-17 23:35:00,2645.14,2645.7,2645.14,2645.62,52.0
2024-12-17 23:40:00,2645.63,2645.97,2645.32,2645.91,66.0
2024-12-17 23:45:00,2645.9,2646.33,2645.43,2645.57,92.0
2024-12-17 23:50:00,2645.6,2645.77,2645.28,2645.36,53.0
2024-12-17 23:55:00,2645.42,2646.41,2645.42,2646.4,91.0
2024-12-18 01:00:00,2646.32,2647.41,2646.14,2646.89,163.0
2024-12-18 01:05:00,2646.74,2646.88,2645.93,2645.93,74.0
2024-12-18 01:10:00,2645.99,2646.78,2645.88,2646.1,61.0
2024-12-18 01:15:00,2646.04,2646.49,2646.04,2646.28,48.0
2024-12-18 01:20:00,2646.28,2646.56,2646.22,2646.28,36.0
2024-12-18 01:25:00,2646.33,2646.33,2646.03,2646.07,28.0
2024-12-18 01:30:00,2646.1,2646.1,2645.3,2645.3,48.0
2024-12-18 01:35:00,2645.37,2646.04,2645.25,2646.03,70.0
2024-12-18 01:40:00,2646.03,2646.03,2645.65,2645.72,36.0
2024-12-18 01:45:00,2645.71,2645.75,2644.77,2645.34,145.0
2024-12-18 01:50:00,2645.34,2647.1,2645.3,2647.04,102.0
2024-12-18 01:55:00,2646.83,2647.59,2646.69,2647.44,83.0
2024-12-18 02:00:00,2647.41,2647.45,2646.59,2646.93,129.0
2024-12-18 02:05:00,2646.97,2648.32,2646.95,2648.28,155.0
2024-12-18 02:10:00,2648.26,2648.91,2647.71,2647.78,142.0
2024-12-18 02:15:00,2647.76,2647.9,2646.98,2647.02,124.0
2024-12-18 02:20:00,2647.0,2647.38,2646.69,2646.69,104.0
2024-12-18 02:25:00,2646.7,2647.57,2646.59,2647.15,95.0
2024-12-18 02:30:00,2647.16,2648.21,2647.16,2647.55,106.0
2024-12-18 02:35:00,2647.64,2649.94,2647.64,2649.24,229.0
2024-12-18 02:40:00,2649.28,2649.97,2648.89,2649.51,213.0
2024-12-18 02:45:00,2649.45,2649.56,2648.73,2649.43,167.0
2024-12-18 02:50:00,2649.43,2650.03,2649.22,2649.33,192.0
2024-12-18 02:55:00,2649.38,2650.31,2649.19,2650.08,302.0
2024-12-18 03:00:00,2650.07,2650.81,2648.04,2648.99,435.0
2024-12-18 03:05:00,2648.95,2649.94,2648.56,2649.48,305.0
2024-12-18 03:10:00,2649.77,2651.11,2649.67,2650.16,306.0
2024-12-18 03:15:00,2650.18,2651.48,2649.8,2649.97,319.0
2024-12-18 03:20:00,2649.95,2650.31,2649.15,2649.96,293.0
2024-12-18 03:25:00,2649.97,2650.24,2649.13,2649.86,277.0
2024-12-18 03:30:00,2649.73,2651.11,2649.6,2650.69,328.0
2024-12-18 03:35:00,2650.8,2651.27,2649.82,2650.0,303.0
2024-12-18 03:40:00,2650.0,2651.07,2649.59,2651.05,305.0
2024-12-18 03:45:00,2651.03,2651.18,2649.02,2649.09,342.0
2024-12-18 03:50:00,2649.02,2650.33,2648.15,2649.49,372.0
2024-12-18 03:55:00,2649.49,2651.7,2649.45,2650.97,312.0
2024-12-18 04:00:00,2651.03,2651.04,2649.46,2649.51,362.0
2024-12-18 04:05:00,2649.43,2649.55,2648.6,2649.1,299.0
2024-12-18 04:10:00,2649.03,2650.06,2648.71,2650.0,292.0
2024-12-18 04:15:00,2650.02,2650.07,2649.35,2649.72,171.0
2024-12-18 04:20:00,2649.71,2649.71,2647.88,2648.03,261.0
2024-12-18 04:25:00,2648.06,2648.26,2647.3,2648.12,229.0
2024-12-18 04:30:00,2648.11,2648.69,2647.46,2647.94,331.0
2024-12-18 04:35:00,2647.91,2648.74,2647.84,2648.64,302.0
2024-12-18 04:40:00,2648.64,2648.65,2647.56,2647.86,304.0
2024-12-18 04:45:00,2647.87,2648.33,2646.99,2648.1,335.0
2024-12-18 04:50:00,2648.1,2648.44,2647.29,2648.13,282.0
2024-12-18 04:55:00,2648.13,2648.33,2647.43,2647.48,349.0
2024-12-18 05:00:00,2647.41,2647.54,2646.46,2646.62,382.0
2024-12-18 05:05:00,2646.62,2647.52,2646.39,2647.22,359.0
2024-12-18 05:10:00,2647.22,2648.47,2647.2,2648.17,311.0
2024-12-18 05:15:00,2648.17,2648.84,2647.23,2647.34,351.0
2024-12-18 05:20:00,2647.34,2647.47,2645.26,2646.33,346.0
2024-12-18 05:25:00,2646.33,2646.35,2645.57,2645.99,299.0
2024-12-18 05:30:00,2645.96,2645.99,2645.12,2645.59,216.0
2024-12-18 05:35:00,2645.5,2646.03,2645.12,2645.94,206.0
2024-12-18 05:40:00,2645.98,2647.02,2645.28,2645.28,198.0
2024-12-18 05:45:00,2645.3,2645.96,2645.1,2645.69,219.0
2024-12-18 05:50:00,2645.7,2646.44,2645.62,2646.02,163.0
2024-12-18 05:55:00,2646.02,2646.35,2645.53,2645.53,154.0
2024-12-18 06:00:00,2645.61,2645.61,2643.6,2644.76,256.0
2024-12-18 06:05:00,2644.75,2644.83,2643.8,2644.1,274.0
2024-12-18 06:10:00,2644.1,2644.2,2642.64,2642.91,271.0
2024-12-18 06:15:00,2642.91,2644.09,2642.72,2643.95,218.0
2024-12-18 06:20:00,2643.94,2644.24,2643.33,2643.54,164.0
2024-12-18 06:25:00,2643.58,2644.41,2643.46,2643.91,167.0
2024-12-18 06:30:00,2643.93,2644.47,2642.67,2643.69,190.0
2024-12-18 06:35:00,2643.76,2645.02,2642.93,2644.87,259.0
2024-12-18 06:40:00,2644.87,2645.92,2644.77,2645.73,175.0
2024-12-18 06:45:00,2645.74,2645.75,2644.96,2645.33,190.0
2024-12-18 06:50:00,2645.32,2645.79,2644.94,2645.57,194.0
2024-12-18 06:55:00,2645.59,2645.62,2644.9,2645.17,155.0
2024-12-18 07:00:00,2645.14,2645.14,2644.1,2644.65,184.0
2024-12-18 07:05:00,2644.64,2644.81,2643.96,2644.78,144.0
2024-12-18 07:10:00,2644.77,2646.2,2644.66,2646.14,256.0
2024-12-18 07:15:00,2646.14,2647.06,2646.14,2646.35,228.0
2024-12-18 07:20:00,2646.44,2647.63,2646.39,2647.32,262.0
2024-12-18 07:25:00,2647.41,2647.51,2647.01,2647.33,260.0
2024-12-18 07:30:00,2647.55,2648.44,2646.97,2648.4,393.0
2024-12-18 07:35:00,2648.42,2648.63,2647.18,2647.71,326.0
2024-12-18 07:40:00,2647.7,2648.02,2646.86,2648.01,323.0
2024-12-18 07:45:00,2648.0,2649.46,2648.0,2648.72,345.0
2024-12-18 07:50:00,2648.74,2648.75,2647.12,2647.84,271.0
2024-12-18 07:55:00,2647.87,2647.87,2646.71,2647.44,262.0
2024-12-18 08:00:00,2647.43,2647.91,2646.9,2647.08,276.0
2024-12-18 08:05:00,2647.04,2647.95,2646.63,2647.09,298.0
2024-12-18 08:10:00,2647.1,2647.34,2645.71,2645.94,269.0
2024-12-18 08:15:00,2645.86,2646.49,2644.62,2645.06,360.0
2024-12-18 08:20:00,2645.05,2646.3,2645.0,2645.68,346.0
2024-12-18 08:25:00,2645.64,2645.82,2644.88,2645.82,253.0
2024-12-18 08:30:00,2645.75,2646.43,2645.11,2645.25,300.0
2024-12-18 08:35:00,2645.29,2646.41,2644.52,2645.85,318.0
2024-12-18 08:40:00,2645.83,2646.86,2645.83,2646.5,299.0
2024-12-18 08:45:00,2646.48,2646.63,2644.88,2645.84,359.0
2024-12-18 08:50:00,2645.92,2646.68,2645.23,2646.41,272.0
2024-12-18 08:55:00,2646.36,2646.63,2645.89,2646.63,258.0
2024-12-18 09:00:00,2646.69,2647.12,2646.17,2646.48,274.0
2024-12-18 09:05:00,2646.51,2647.34,2646.49,2647.11,267.0
2024-12-18 09:10:00,2647.07,2647.17,2646.1,2646.44,191.0
2024-12-18 09:15:00,2646.39,2647.05,2644.58,2646.95,303.0
2024-12-18 09:20:00,2646.95,2647.29,2645.95,2646.15,250.0
2024-12-18 09:25:00,2646.24,2646.43,2645.53,2645.89,218.0
2024-12-18 09:30:00,2645.88,2645.88,2643.98,2644.78,289.0
2024-12-18 09:35:00,2644.91,2645.63,2644.27,2645.4,182.0
2024-12-18 09:40:00,2645.51,2645.51,2643.39,2643.98,274.0
2024-12-18 09:45:00,2643.96,2644.52,2643.65,2644.01,265.0
2024-12-18 09:50:00,2644.09,2645.22,2643.87,2643.89,255.0
2024-12-18 09:55:00,2643.87,2644.9,2643.48,2644.87,253.0
2024-12-18 10:00:00,2644.71,2644.77,2642.15,2642.63,351.0
2024-12-18 10:05:00,2642.63,2643.23,2642.26,2643.07,315.0
2024-12-18 10:10:00,2643.09,2643.38,2642.35,2642.88,243.0
2024-12-18 10:15:00,2642.88,2645.38,2642.86,2645.21,297.0
2024-12-18 10:20:00,2645.26,2647.8,2643.7,2643.71,387.0
2024-12-18 10:25:00,2643.71,2644.56,2643.07,2644.27,351.0
2024-12-18 10:30:00,2644.3,2647.23,2644.27,2646.87,347.0
2024-12-18 10:35:00,2646.9,2647.91,2646.59,2646.87,307.0
2024-12-18 10:40:00,2646.63,2648.33,2646.62,2647.73,293.0
2024-12-18 10:45:00,2647.74,2648.98,2647.48,2648.49,344.0
2024-12-18 10:50:00,2648.55,2649.12,2647.89,2648.74,325.0
2024-12-18 10:55:00,2648.76,2649.66,2647.91,2647.95,356.0
2024-12-18 11:00:00,2647.71,2648.52,2647.15,2648.34,360.0
2024-12-18 11:05:00,2648.36,2648.96,2647.85,2648.01,324.0
2024-12-18 11:10:00,2647.95,2648.1,2646.93,2647.78,294.0
2024-12-18 11:15:00,2647.74,2648.03,2646.51,2647.04,278.0
2024-12-18 11:20:00,2646.9,2648.84,2646.87,2648.45,320.0
2024-12-18 11:25:00,2648.44,2649.28,2648.0,2648.79,305.0
2024-12-18 11:30:00,2648.8,2649.35,2647.88,2648.76,288.0
2024-12-18 11:35:00,2648.86,2649.13,2647.79,2647.97,254.0
2024-12-18 11:40:00,2648.05,2648.72,2647.83,2648.33,215.0
2024-12-18 11:45:00,2648.31,2648.39,2647.43,2647.63,196.0
2024-12-18 11:50:00,2647.63,2648.29,2646.87,2646.87,237.0
2024-12-18 11:55:00,2646.85,2646.89,2645.56,2646.83,230.0
2024-12-18 12:00:00,2646.86,2647.24,2646.34,2646.72,185.0
2024-12-18 12:05:00,2646.7,2647.73,2646.24,2647.69,197.0
2024-12-18 12:10:00,2647.68,2649.17,2647.43,2648.88,240.0
2024-12-18 12:15:00,2648.93,2648.93,2647.84,2648.54,248.0
2024-12-18 12:20:00,2648.41,2648.87,2647.56,2648.62,193.0
2024-12-18 12:25:00,2648.61,2648.82,2647.92,2648.35,237.0
2024-12-18 12:30:00,2648.32,2648.39,2647.68,2647.96,179.0
2024-12-18 12:35:00,2647.95,2648.73,2647.41,2648.36,228.0
2024-12-18 12:40:00,2648.37,2648.68,2647.67,2648.13,186.0
2024-12-18 12:45:00,2648.09,2648.46,2647.71,2647.81,175.0
2024-12-18 12:50:00,2647.82,2649.38,2647.82,2649.34,249.0
2024-12-18 12:55:00,2649.35,2649.4,2648.19,2648.35,225.0
2024-12-18 13:00:00,2648.34,2648.87,2647.84,2648.48,240.0
2024-12-18 13:05:00,2648.48,2649.31,2648.46,2648.85,253.0
2024-12-18 13:10:00,2648.85,2649.14,2648.18,2648.92,181.0
2024-12-18 13:15:00,2648.93,2649.17,2648.42,2648.49,209.0
2024-12-18 13:20:00,2648.49,2648.52,2647.29,2647.5,301.0
2024-12-18 13:25:00,2647.51,2647.99,2646.78,2647.1,236.0
2024-12-18 13:30:00,2647.05,2648.23,2647.05,2647.54,246.0
2024-12-18 13:35:00,2647.54,2647.56,2646.71,2646.93,210.0
2024-12-18 13:40:00,2646.97,2647.31,2646.43,2646.67,270.0
2024-12-18 13:45:00,2646.67,2647.31,2646.47,2647.13,259.0
2024-12-18 13:50:00,2647.2,2647.22,2645.79,2646.01,290.0
2024-12-18 13:55:00,2646.0,2646.2,2645.71,2646.11,171.0
2024-12-18 14:00:00,2646.1,2646.11,2644.79,2644.95,294.0
2024-12-18 14:05:00,2644.99,2645.65,2644.65,2645.39,235.0
2024-12-18 14:10:00,2645.39,2646.48,2645.25,2646.17,186.0
2024-12-18 14:15:00,2646.21,2647.06,2646.14,2646.86,144.0
2024-12-18 14:20:00,2646.85,2647.75,2646.51,2646.79,273.0
2024-12-18 14:25:00,2646.8,2647.19,2646.48,2647.11,222.0
2024-12-18 14:30:00,2647.09,2647.46,2646.57,2647.39,160.0
2024-12-18 14:35:00,2647.39,2647.6,2646.86,2646.92,194.0
2024-12-18 14:40:00,2647.03,2647.14,2645.62,2645.65,204.0
2024-12-18 14:45:00,2645.48,2645.6,2644.33,2644.33,236.0
2024-12-18 14:50:00,2644.38,2645.05,2644.37,2644.61,172.0
2024-12-18 14:55:00,2644.58,2644.63,2643.47,2643.95,337.0
2024-12-18 15:00:00,2643.75,2644.04,2642.2,2642.68,483.0
2024-12-18 15:05:00,2642.69,2643.04,2640.88,2643.0,465.0
2024-12-18 15:10:00,2642.99,2643.61,2642.21,2643.23,369.0
2024-12-18 15:15:00,2643.01,2644.8,2642.99,2644.43,401.0
2024-12-18 15:20:00,2644.5,2647.25,2643.6,2647.24,460.0
2024-12-18 15:25:00,2647.2,2647.44,2645.65,2645.82,333.0
2024-12-18 15:30:00,2645.48,2646.13,2644.22,2644.62,377.0
2024-12-18 15:35:00,2644.38,2645.21,2643.59,2643.64,429.0
2024-12-18 15:40:00,2643.55,2644.03,2642.71,2643.65,456.0
2024-12-18 15:45:00,2643.62,2643.82,2641.8,2643.09,385.0
2024-12-18 15:50:00,2642.99,2646.05,2642.99,2645.9,383.0
2024-12-18 15:55:00,2645.77,2645.82,2643.5,2643.89,355.0
2024-12-18 16:00:00,2644.2,2644.95,2642.45,2643.73,435.0
2024-12-18 16:05:00,2643.74,2643.99,2641.5,2643.16,405.0
2024-12-18 16:10:00,2643.31,2643.65,2641.06,2641.49,445.0
2024-12-18 16:15:00,2641.66,2641.91,2639.64,2639.64,438.0
2024-12-18 16:20:00,2639.64,2640.56,2638.58,2639.16,466.0
2024-12-18 16:25:00,2639.15,2640.54,2638.56,2638.56,380.0
2024-12-18 16:30:00,2638.44,2639.62,2637.94,2638.43,475.0
2024-12-18 16:35:00,2638.63,2639.94,2637.57,2639.76,466.0
2024-12-18 16:40:00,2639.7,2639.93,2637.52,2638.79,474.0
2024-12-18 16:45:00,2638.7,2638.88,2637.0,2638.88,494.0
2024-12-18 16:50:00,2638.98,2639.79,2637.62,2637.97,459.0
2024-12-18 16:55:00,2638.14,2638.52,2637.56,2637.93,415.0
2024-12-18 17:00:00,2637.7,2637.7,2635.55,2636.57,494.0
2024-12-18 17:05:00,2636.64,2637.31,2634.27,2634.68,467.0
2024-12-18 17:10:00,2634.64,2637.31,2633.52,2636.63,419.0
2024-12-18 17:15:00,2636.67,2637.94,2636.47,2636.81,404.0
2024-12-18 17:20:00,2636.8,2637.1,2635.85,2636.21,372.0
2024-12-18 17:25:00,2636.24,2636.84,2635.22,2636.35,366.0
2024-12-18 17:30:00,2636.27,2637.62,2636.19,2636.24,364.0
2024-12-18 17:35:00,2636.25,2637.62,2635.97,2637.52,393.0
2024-12-18 17:40:00,2637.52,2637.74,2636.38,2637.01,360.0
2024-12-18 17:45:00,2636.99,2638.23,2636.37,2636.38,390.0
2024-12-18 17:50:00,2636.38,2637.12,2635.96,2636.97,353.0
2024-12-18 17:55:00,2636.88,2638.36,2636.79,2638.19,404.0
2024-12-18 18:00:00,2638.19,2638.28,2636.01,2636.79,361.0
2024-12-18 18:05:00,2636.84,2636.84,2635.92,2636.42,426.0
2024-12-18 18:10:00,2636.46,2638.98,2636.44,2638.84,389.0
2024-12-18 18:15:00,2638.92,2639.52,2638.14,2639.11,392.0
2024-12-18 18:20:00,2639.11,2639.33,2637.1,2637.18,395.0
2024-12-18 18:25:00,2637.18,2637.96,2636.99,2637.75,377.0
2024-12-18 18:30:00,2637.75,2638.02,2636.97,2637.94,296.0
2024-12-18 18:35:00,2637.95,2637.95,2636.94,2636.96,325.0
2024-12-18 18:40:00,2636.98,2637.2,2634.41,2634.64,322.0
2024-12-18 18:45:00,2634.62,2634.89,2632.92,2633.94,349.0
2024-12-18 18:50:00,2633.95,2634.99,2633.4,2634.74,322.0
2024-12-18 18:55:00,2634.67,2635.35,2633.73,2634.68,328.0
2024-12-18 19:00:00,2634.67,2635.48,2634.38,2635.37,307.0
2024-12-18 19:05:00,2635.32,2636.42,2634.94,2636.3,303.0
2024-12-18 19:10:00,2636.28,2637.02,2635.27,2635.6,171.0
2024-12-18 19:15:00,2635.58,2637.61,2635.15,2637.56,197.0
2024-12-18 19:20:00,2637.62,2638.89,2637.59,2638.51,268.0
2024-12-18 19:25:00,2638.58,2640.03,2637.88,2639.9,243.0
2024-12-18 19:30:00,2639.82,2639.9,2638.42,2638.9,276.0
2024-12-18 19:35:00,2639.1,2639.23,2637.82,2638.01,252.0
2024-12-18 19:40:00,2638.01,2638.42,2637.29,2637.46,301.0
2024-12-18 19:45:00,2637.46,2637.86,2637.04,2637.65,265.0
2024-12-18 19:50:00,2637.64,2637.64,2636.16,2636.3,243.0
2024-12-18 19:55:00,2636.27,2636.8,2635.87,2636.03,273.0
2024-12-18 20:00:00,2636.03,2637.56,2635.93,2637.42,240.0
2024-12-18 20:05:00,2637.42,2637.77,2636.45,2637.47,227.0
2024-12-18 20:10:00,2637.47,2637.62,2636.76,2637.38,240.0
2024-12-18 20:15:00,2637.38,2637.66,2636.83,2637.63,271.0
2024-12-18 20:20:00,2637.59,2637.99,2636.75,2637.99,266.0
2024-12-18 20:25:00,2638.05,2638.97,2637.52,2637.77,263.0
2024-12-18 20:30:00,2637.9,2638.59,2637.69,2638.15,266.0
2024-12-18 20:35:00,2638.17,2638.83,2636.71,2636.72,236.0
2024-12-18 20:40:00,2636.72,2636.75,2635.85,2636.37,242.0
2024-12-18 20:45:00,2636.26,2636.44,2635.87,2636.07,186.0
2024-12-18 20:50:00,2636.1,2636.44,2635.25,2636.26,255.0
2024-12-18 20:55:00,2636.24,2636.9,2635.77,2636.26,259.0
2024-12-18 21:00:00,2629.99,2633.86,2625.31,2625.83,579.0
2024-12-18 21:05:00,2625.5,2625.94,2615.49,2616.76,572.0
2024-12-18 21:10:00,2616.8,2619.59,2615.82,2616.62,524.0
2024-12-18 21:15:00,2616.63,2618.9,2615.43,2618.08,535.0
2024-12-18 21:20:00,2618.46,2623.31,2618.46,2622.6,491.0
2024-12-18 21:25:00,2622.52,2623.8,2619.75,2619.9,508.0
2024-12-18 21:30:00,2619.65,2624.46,2617.5,2622.29,548.0
2024-12-18 21:35:00,2622.62,2623.16,2613.9,2616.64,546.0
2024-12-18 21:40:00,2616.04,2622.78,2615.91,2618.2,528.0
2024-12-18 21:45:00,2618.21,2618.61,2609.56,2610.15,521.0
2024-12-18 21:50:00,2610.04,2613.14,2608.19,2608.5,533.0
2024-12-18 21:55:00,2608.39,2609.08,2604.14,2604.41,531.0
2024-12-18 22:00:00,2604.46,2609.27,2603.6,2604.94,536.0
2024-12-18 22:05:00,2605.22,2608.34,2604.0,2605.79,535.0
2024-12-18 22:10:00,2605.82,2607.19,2604.22,2606.94,497.0
2024-12-18 22:15:00,2606.94,2607.32,2602.78,2602.84,475.0
2024-12-18 22:20:00,2602.94,2605.66,2600.35,2603.97,499.0
2024-12-18 22:25:00,2603.97,2604.86,2595.79,2596.11,501.0
2024-12-18 22:30:00,2596.04,2596.83,2591.89,2591.98,517.0
2024-12-18 22:35:00,2591.96,2592.85,2588.52,2589.97,510.0
2024-12-18 22:40:00,2590.01,2592.26,2587.15,2589.43,539.0
2024-12-18 22:45:00,2589.67,2593.55,2587.7,2591.76,509.0
2024-12-18 22:50:00,2591.84,2593.63,2590.7,2593.0,526.0
2024-12-18 22:55:00,2592.9,2594.55,2590.68,2592.48,488.0
2024-12-18 23:00:00,2592.32,2595.24,2592.32,2593.76,354.0
2024-12-18 23:05:00,2593.78,2594.95,2591.24,2594.22,311.0
2024-12-18 23:10:00,2594.22,2595.01,2593.05,2594.8,269.0
2024-12-18 23:15:00,2594.88,2595.26,2591.76,2592.56,253.0
2024-12-18 23:20:00,2592.56,2593.26,2591.57,2592.04,226.0
2024-12-18 23:25:00,2591.89,2592.5,2589.13,2589.91,214.0
2024-12-18 23:30:00,2589.91,2589.92,2587.39,2587.98,288.0
2024-12-18 23:35:00,2587.98,2588.68,2586.37,2588.68,274.0
2024-12-18 23:40:00,2588.76,2589.32,2587.21,2587.39,244.0
2024-12-18 23:45:00,2587.45,2588.31,2586.52,2587.75,279.0
2024-12-18 23:50:00,2587.81,2587.88,2584.16,2584.46,240.0
2024-12-18 23:55:00,2585.06,2586.32,2583.62,2585.31,393.0
2024-12-19 01:00:00,2585.48,2587.53,2582.92,2587.32,521.0
2024-12-19 01:05:00,2587.46,2590.11,2586.95,2589.82,187.0
2024-12-19 01:10:00,2589.91,2590.14,2588.91,2589.69,134.0
2024-12-19 01:15:00,2589.7,2592.27,2589.3,2592.13,220.0
2024-12-19 01:20:00,2592.13,2592.16,2588.53,2589.15,185.0
2024-12-19 01:25:00,2589.16,2591.24,2589.1,2590.53,115.0
2024-12-19 01:30:00,2590.39,2591.42,2589.55,2591.24,177.0
2024-12-19 01:35:00,2591.05,2591.05,2588.98,2589.68,149.0
2024-12-19 01:40:00,2589.68,2589.81,2588.51,2588.95,213.0
2024-12-19 01:45:00,2588.95,2589.65,2586.42,2587.97,228.0
2024-12-19 01:50:00,2587.92,2589.58,2587.23,2588.5,202.0
2024-12-19 01:55:00,2588.5,2589.18,2587.83,2588.18,219.0
2024-12-19 02:00:00,2588.18,2589.69,2587.99,2588.46,294.0
2024-12-19 02:05:00,2588.43,2590.14,2588.43,2589.66,341.0
2024-12-19 02:10:00,2589.66,2590.37,2588.58,2588.59,216.0
2024-12-19 02:15:00,2588.6,2590.6,2588.4,2589.22,272.0
2024-12-19 02:20:00,2589.23,2590.69,2589.07,2590.58,204.0
2024-12-19 02:25:00,2590.6,2593.57,2590.6,2593.45,248.0
2024-12-19 02:30:00,2593.45,2593.99,2592.62,2593.6,226.0
2024-12-19 02:35:00,2593.59,2595.24,2593.04,2594.42,215.0
2024-12-19 02:40:00,2594.51,2596.2,2593.84,2594.28,212.0
2024-12-19 02:45:00,2594.31,2595.89,2594.31,2594.94,204.0
2024-12-19 02:50:00,2595.01,2595.83,2594.05,2595.37,208.0
2024-12-19 02:55:00,2595.32,2597.02,2593.5,2595.08,321.0
2024-12-19 03:00:00,2595.46,2597.39,2593.25,2597.1,514.0
2024-12-19 03:05:00,2597.17,2600.01,2596.7,2599.93,502.0
2024-12-19 03:10:00,2599.61,2601.85,2598.56,2601.6,466.0
2024-12-19 03:15:00,2601.23,2603.23,2599.76,2602.23,434.0
2024-12-19 03:20:00,2602.28,2603.95,2601.87,2603.74,406.0
2024-12-19 03:25:00,2603.74,2605.53,2603.5,2604.24,347.0
2024-12-19 03:30:00,2603.97,2607.86,2603.87,2607.43,426.0
2024-12-19 03:35:00,2607.25,2612.45,2607.25,2611.03,435.0
2024-12-19 03:40:00,2610.95,2615.52,2610.14,2614.15,436.0
2024-12-19 03:45:00,2614.18,2618.11,2613.26,2613.46,448.0
2024-12-19 03:50:00,2613.67,2617.44,2612.13,2616.2,401.0
2024-12-19 03:55:00,2616.23,2616.23,2610.9,2611.99,383.0
2024-12-19 04:00:00,2611.65,2613.38,2609.77,2610.61,419.0
2024-12-19 04:05:00,2610.73,2612.61,2610.39,2611.16,403.0
2024-12-19 04:10:00,2611.3,2612.67,2610.65,2610.66,301.0
2024-12-19 04:15:00,2610.97,2612.67,2609.92,2610.23,219.0
2024-12-19 04:20:00,2610.37,2611.91,2610.01,2611.19,203.0
2024-12-19 04:25:00,2611.06,2611.47,2609.29,2610.56,224.0
2024-12-19 04:30:00,2610.53,2610.69,2608.48,2609.14,284.0
2024-12-19 04:35:00,2609.08,2610.32,2606.94,2606.94,274.0
2024-12-19 04:40:00,2607.01,2608.19,2606.15,2606.49,326.0
2024-12-19 04:45:00,2606.47,2609.77,2606.47,2609.37,289.0
2024-12-19 04:50:00,2609.37,2610.03,2607.06,2608.51,384.0
2024-12-19 04:55:00,2608.39,2613.92,2608.39,2612.08,392.0
2024-12-19 05:00:00,2612.07,2613.37,2610.67,2610.95,260.0
2024-12-19 05:05:00,2610.93,2612.08,2610.09,2610.38,269.0
2024-12-19 05:10:00,2610.43,2611.5,2609.51,2609.86,256.0
2024-12-19 05:15:00,2609.89,2612.89,2609.64,2611.92,294.0
2024-12-19 05:20:00,2611.92,2612.05,2610.02,2610.29,265.0
2024-12-19 05:25:00,2610.3,2610.69,2607.6,2608.39,305.0
2024-12-19 05:30:00,2608.81,2610.27,2608.62,2610.14,220.0
2024-12-19 05:35:00,2610.24,2611.33,2609.83,2610.22,209.0
2024-12-19 05:40:00,2610.22,2610.66,2609.65,2610.41,155.0
2024-12-19 05:45:00,2610.2,2611.55,2610.04,2611.24,176.0
2024-12-19 05:50:00,2611.23,2611.95,2610.86,2611.75,197.0
2024-12-19 05:55:00,2611.76,2611.84,2609.99,2610.39,134.0
2024-12-19 06:00:00,2610.46,2611.11,2609.11,2609.55,157.0
2024-12-19 06:05:00,2609.42,2609.55,2608.42,2608.54,245.0
2024-12-19 06:10:00,2608.58,2609.31,2607.05,2608.2,222.0
2024-12-19 06:15:00,2608.18,2609.35,2607.78,2609.17,134.0
2024-12-19 06:20:00,2609.2,2610.36,2608.56,2610.24,139.0
2024-12-19 06:25:00,2610.02,2611.53,2608.22,2608.7,261.0
2024-12-19 06:30:00,2608.81,2608.81,2607.32,2608.08,191.0
2024-12-19 06:35:00,2608.18,2608.37,2606.68,2607.91,135.0
2024-12-19 06:40:00,2607.81,2608.58,2607.27,2607.99,106.0
2024-12-19 06:45:00,2607.79,2607.97,2606.94,2607.56,163.0
2024-12-19 06:50:00,2607.34,2608.35,2606.91,2608.1,161.0
2024-12-19 06:55:00,2608.07,2609.84,2607.34,2609.1,159.0
2024-12-19 07:00:00,2608.85,2609.7,2608.26,2608.32,164.0
2024-12-19 07:05:00,2608.38,2609.55,2608.3,2609.0,120.0
2024-12-19 07:10:00,2608.96,2609.35,2608.01,2609.05,108.0
2024-12-19 07:15:00,2608.97,2610.06,2608.97,2609.38,178.0
2024-12-19 07:20:00,2609.4,2610.38,2609.21,2609.89,139.0
2024-12-19 07:25:00,2609.68,2609.84,2608.86,2609.74,142.0
2024-12-19 07:30:00,2609.75,2610.29,2609.04,2609.07,254.0
2024-12-19 07:35:00,2609.0,2609.72,2608.38,2608.71,241.0
2024-12-19 07:40:00,2608.57,2610.33,2608.0,2609.86,256.0
2024-12-19 07:45:00,2609.61,2609.93,2608.48,2608.64,215.0
2024-12-19 07:50:00,2608.64,2609.62,2608.18,2608.86,260.0
2024-12-19 07:55:00,2608.89,2609.29,2606.5,2607.19,325.0
2024-12-19 08:00:00,2606.98,2608.1,2604.03,2604.46,290.0
2024-12-19 08:05:00,2604.48,2605.4,2603.27,2604.04,274.0
2024-12-19 08:10:00,2604.07,2605.58,2603.73,2605.24,249.0
2024-12-19 08:15:00,2605.26,2607.15,2605.16,2605.79,239.0
2024-12-19 08:20:00,2605.84,2608.42,2605.84,2608.34,301.0
2024-12-19 08:25:00,2608.28,2609.66,2607.11,2609.03,286.0
2024-12-19 08:30:00,2609.03,2610.56,2608.87,2610.15,280.0
2024-12-19 08:35:00,2610.1,2614.13,2610.1,2612.42,386.0
2024-12-19 08:40:00,2612.38,2614.06,2611.94,2613.69,297.0
2024-12-19 08:45:00,2613.7,2614.08,2612.5,2612.52,289.0
2024-12-19 08:50:00,2612.27,2613.55,2611.98,2612.99,300.0
2024-12-19 08:55:00,2612.81,2613.11,2612.23,2612.97,277.0
2024-12-19 09:00:00,2612.99,2613.54,2611.82,2613.06,292.0
2024-12-19 09:05:00,2613.07,2614.74,2612.4,2613.98,283.0
2024-12-19 09:10:00,2613.98,2614.95,2613.51,2614.53,323.0
2024-12-19 09:15:00,2614.58,2616.51,2613.83,2616.45,317.0
2024-12-19 09:20:00,2616.46,2618.48,2615.63,2618.05,358.0
2024-12-19 09:25:00,2618.04,2622.63,2617.37,2619.63,420.0
2024-12-19 09:30:00,2619.6,2621.99,2618.85,2620.78,413.0
2024-12-19 09:35:00,2620.71,2621.2,2615.65,2618.16,452.0
2024-12-19 09:40:00,2618.17,2618.67,2615.41,2615.96,313.0
2024-12-19 09:45:00,2615.95,2619.82,2615.71,2618.81,428.0
2024-12-19 09:50:00,2618.85,2618.85,2616.13,2616.34,303.0
2024-12-19 09:55:00,2616.29,2616.99,2615.34,2616.5,230.0
2024-12-19 10:00:00,2616.56,2616.56,2613.2,2613.96,319.0
2024-12-19 10:05:00,2613.96,2615.82,2613.3,2615.75,293.0
2024-12-19 10:10:00,2615.74,2616.35,2615.12,2615.53,293.0
2024-12-19 10:15:00,2615.49,2617.0,2615.14,2616.92,345.0
2024-12-19 10:20:00,2616.94,2618.15,2616.84,2617.76,289.0
2024-12-19 10:25:00,2617.82,2618.09,2616.72,2616.78,269.0
2024-12-19 10:30:00,2616.72,2617.33,2615.65,2615.9,329.0
2024-12-19 10:35:00,2615.9,2616.44,2615.29,2615.91,205.0
2024-12-19 10:40:00,2615.95,2616.41,2613.45,2613.59,370.0
2024-12-19 10:45:00,2614.07,2616.7,2613.88,2616.3,342.0
2024-12-19 10:50:00,2616.19,2618.92,2616.01,2618.32,277.0
2024-12-19 10:55:00,2618.33,2619.25,2617.05,2618.47,230.0
2024-12-19 11:00:00,2618.4,2621.3,2618.4,2619.79,382.0
2024-12-19 11:05:00,2619.58,2620.55,2618.38,2620.12,370.0
2024-12-19 11:10:00,2620.15,2620.87,2619.67,2620.59,407.0
2024-12-19 11:15:00,2620.58,2621.64,2619.42,2620.03,407.0
2024-12-19 11:20:00,2619.94,2621.31,2619.75,2621.3,343.0
2024-12-19 11:25:00,2621.3,2621.59,2619.71,2620.11,390.0
2024-12-19 11:30:00,2620.1,2621.89,2620.02,2621.0,366.0
2024-12-19 11:35:00,2620.98,2621.13,2619.8,2620.2,355.0
2024-12-19 11:40:00,2620.2,2622.9,2619.53,2621.21,378.0
2024-12-19 11:45:00,2621.24,2621.24,2619.41,2620.8,383.0
2024-12-19 11:50:00,2620.78,2622.06,2620.56,2621.08,282.0
2024-12-19 11:55:00,2621.08,2621.25,2619.92,2620.5,317.0
2024-12-19 12:00:00,2620.48,2620.59,2617.19,2617.93,313.0
2024-12-19 12:05:00,2617.93,2619.61,2617.28,2619.5,276.0
2024-12-19 12:10:00,2619.48,2621.91,2619.09,2621.67,336.0
2024-12-19 12:15:00,2621.55,2622.3,2620.95,2621.08,291.0
2024-12-19 12:20:00,2621.11,2621.98,2620.29,2621.93,302.0
2024-12-19 12:25:00,2621.91,2621.92,2620.14,2621.51,351.0
2024-12-19 12:30:00,2621.5,2621.5,2618.33,2619.87,366.0
2024-12-19 12:35:00,2619.87,2621.01,2619.47,2620.85,342.0
2024-12-19 12:40:00,2620.84,2622.65,2620.84,2622.62,326.0
2024-12-19 12:45:00,2622.64,2626.42,2622.53,2623.53,444.0
2024-12-19 12:50:00,2623.5,2623.78,2617.86,2618.7,475.0
2024-12-19 12:55:00,2618.5,2621.36,2618.07,2619.58,353.0
2024-12-19 13:00:00,2619.47,2621.29,2619.35,2621.12,262.0
2024-12-19 13:05:00,2621.09,2621.52,2620.56,2621.4,239.0
2024-12-19 13:10:00,2621.48,2621.94,2620.8,2621.21,199.0
2024-12-19 13:15:00,2621.55,2621.92,2620.69,2621.18,226.0
2024-12-19 13:20:00,2621.19,2621.4,2619.34,2620.33,341.0
2024-12-19 13:25:00,2620.27,2620.3,2618.73,2618.86,314.0
2024-12-19 13:30:00,2618.84,2618.84,2617.71,2618.29,291.0
2024-12-19 13:35:00,2618.29,2619.34,2617.16,2617.73,331.0
2024-12-19 13:40:00,2617.73,2617.73,2616.1,2616.79,331.0
2024-12-19 13:45:00,2616.78,2618.14,2616.55,2617.92,353.0
2024-12-19 13:50:00,2617.97,2618.83,2617.62,2617.79,320.0
2024-12-19 13:55:00,2617.77,2617.93,2616.57,2616.72,241.0
2024-12-19 14:00:00,2616.72,2616.72,2614.48,2615.78,384.0
2024-12-19 14:05:00,2615.99,2616.27,2615.21,2616.11,441.0
2024-12-19 14:10:00,2616.12,2616.5,2614.83,2614.9,357.0
2024-12-19 14:15:00,2614.88,2615.32,2612.87,2613.66,380.0
2024-12-19 14:20:00,2613.62,2614.0,2612.11,2613.16,392.0
2024-12-19 14:25:00,2613.15,2613.6,2612.07,2613.47,329.0
2024-12-19 14:30:00,2613.46,2614.12,2612.43,2614.04,398.0
2024-12-19 14:35:00,2614.03,2614.16,2611.51,2611.54,385.0
2024-12-19 14:40:00,2611.46,2611.55,2608.07,2608.54,437.0
2024-12-19 14:45:00,2608.63,2608.97,2607.37,2608.27,442.0
2024-12-19 14:50:00,2608.28,2608.63,2604.43,2604.95,425.0
2024-12-19 14:55:00,2604.96,2606.82,2604.26,2606.08,474.0
2024-12-19 15:00:00,2606.14,2606.14,2603.01,2604.43,534.0
2024-12-19 15:05:00,2604.38,2604.52,2602.76,2603.05,524.0
2024-12-19 15:10:00,2602.93,2605.13,2602.45,2602.61,485.0
2024-12-19 15:15:00,2602.48,2603.76,2600.81,2602.23,499.0
2024-12-19 15:20:00,2601.78,2605.42,2600.6,2602.33,511.0
2024-12-19 15:25:00,2602.26,2603.33,2601.85,2602.09,378.0
2024-12-19 15:30:00,2601.47,2602.52,2598.47,2599.33,488.0
2024-12-19 15:35:00,2599.21,2603.05,2597.82,2602.91,525.0
2024-12-19 15:40:00,2602.82,2604.24,2601.24,2601.46,533.0
2024-12-19 15:45:00,2601.39,2604.13,2600.01,2600.16,481.0
2024-12-19 15:50:00,2600.06,2600.26,2596.57,2596.89,497.0
2024-12-19 15:55:00,2596.8,2597.34,2595.28,2596.37,499.0
2024-12-19 16:00:00,2596.19,2597.4,2594.89,2595.8,518.0
2024-12-19 16:05:00,2595.78,2598.69,2595.78,2598.51,507.0
2024-12-19 16:10:00,2598.39,2599.96,2597.02,2599.16,499.0
2024-12-19 16:15:00,2599.06,2599.49,2594.92,2598.04,478.0
2024-12-19 16:20:00,2598.05,2598.2,2595.66,2596.94,422.0
2024-12-19 16:25:00,2596.98,2598.11,2595.89,2596.48,478.0
2024-12-19 16:30:00,2596.2,2599.11,2595.35,2598.58,543.0
2024-12-19 16:35:00,2598.7,2600.77,2597.04,2599.42,534.0
2024-12-19 16:40:00,2598.98,2599.5,2594.22,2594.88,549.0
2024-12-19 16:45:00,2594.93,2595.8,2593.48,2594.45,543.0
2024-12-19 16:50:00,2594.63,2595.67,2592.6,2594.34,511.0
2024-12-19 16:55:00,2594.34,2595.2,2591.93,2592.27,429.0
2024-12-19 17:00:00,2591.92,2593.2,2589.88,2592.45,522.0
2024-12-19 17:05:00,2592.88,2595.99,2592.22,2595.17,523.0
2024-12-19 17:10:00,2595.2,2595.66,2592.43,2592.66,521.0
2024-12-19 17:15:00,2592.52,2592.99,2591.28,2592.67,510.0
2024-12-19 17:20:00,2592.66,2593.09,2590.25,2591.4,496.0
2024-12-19 17:25:00,2591.36,2591.65,2590.14,2590.31,508.0
2024-12-19 17:30:00,2590.4,2591.97,2589.12,2589.12,494.0
2024-12-19 17:35:00,2589.07,2589.82,2587.28,2587.37,521.0
2024-12-19 17:40:00,2587.25,2590.36,2586.98,2590.02,489.0
2024-12-19 17:45:00,2590.07,2590.76,2589.67,2590.28,509.0
2024-12-19 17:50:00,2590.25,2592.14,2589.28,2589.61,501.0
2024-12-19 17:55:00,2589.66,2589.98,2588.27,2588.44,448.0
2024-12-19 18:00:00,2588.21,2589.26,2587.81,2588.08,442.0
2024-12-19 18:05:00,2588.08,2591.06,2587.21,2590.95,461.0
2024-12-19 18:10:00,2590.94,2591.49,2588.28,2588.33,479.0
2024-12-19 18:15:00,2588.35,2590.62,2588.11,2589.17,462.0
2024-12-19 18:20:00,2589.08,2591.96,2588.59,2591.96,463.0
2024-12-19 18:25:00,2591.75,2593.34,2591.28,2592.11,443.0
2024-12-19 18:30:00,2592.09,2593.78,2591.88,2593.28,432.0
2024-12-19 18:35:00,2593.28,2596.59,2591.94,2595.6,437.0
2024-12-19 18:40:00,2595.6,2596.12,2593.21,2593.77,414.0
2024-12-19 18:45:00,2593.61,2593.95,2591.93,2592.02,418.0
2024-12-19 18:50:00,2592.13,2593.04,2591.41,2591.59,405.0
2024-12-19 18:55:00,2591.42,2592.76,2591.06,2591.66,411.0
2024-12-19 19:00:00,2591.67,2593.81,2590.67,2593.33,381.0
2024-12-19 19:05:00,2593.33,2594.24,2593.04,2593.04,363.0
2024-12-19 19:10:00,2593.04,2593.35,2591.35,2591.51,312.0
2024-12-19 19:15:00,2591.59,2592.49,2591.49,2592.32,367.0
2024-12-19 19:20:00,2592.39,2592.45,2590.93,2591.76,373.0
2024-12-19 19:25:00,2591.75,2593.71,2591.75,2593.12,338.0
2024-12-19 19:30:00,2593.1,2593.32,2591.76,2592.46,378.0
2024-12-19 19:35:00,2592.47,2593.5,2591.9,2593.39,364.0
2024-12-19 19:40:00,2593.39,2593.86,2592.14,2592.18,327.0
2024-12-19 19:45:00,2592.06,2592.83,2591.3,2591.54,341.0
2024-12-19 19:50:00,2591.55,2592.17,2590.72,2591.03,334.0
2024-12-19 19:55:00,2591.02,2592.69,2590.96,2592.61,357.0
2024-12-19 20:00:00,2592.65,2593.86,2592.03,2592.41,405.0
2024-12-19 20:05:00,2592.41,2594.33,2591.86,2593.91,372.0
2024-12-19 20:10:00,2593.91,2595.41,2593.91,2595.25,387.0
2024-12-19 20:15:00,2595.26,2595.37,2594.04,2594.51,367.0
2024-12-19 20:20:00,2594.31,2594.81,2593.69,2593.87,377.0
2024-12-19 20:25:00,2593.8,2594.93,2592.9,2593.0,366.0
2024-12-19 20:30:00,2593.12,2595.2,2592.51,2595.04,323.0
2024-12-19 20:35:00,2594.86,2596.94,2594.86,2596.86,337.0
2024-12-19 20:40:00,2596.86,2599.4,2596.86,2599.05,375.0
2024-12-19 20:45:00,2599.05,2599.2,2597.56,2597.83,345.0
2024-12-19 20:50:00,2597.82,2598.74,2597.49,2598.54,363.0
2024-12-19 20:55:00,2598.54,2599.84,2598.4,2599.69,385.0
2024-12-19 21:00:00,2599.59,2600.89,2599.13,2599.38,327.0
2024-12-19 21:05:00,2599.43,2599.87,2598.04,2599.8,337.0
2024-12-19 21:10:00,2599.98,2600.53,2599.67,2600.07,309.0
2024-12-19 21:15:00,2600.07,2600.69,2599.11,2599.24,289.0
2024-12-19 21:20:00,2599.24,2599.61,2598.13,2599.18,350.0
2024-12-19 21:25:00,2599.2,2599.27,2597.2,2597.81,268.0
2024-12-19 21:30:00,2597.79,2598.82,2597.19,2598.59,279.0
2024-12-19 21:35:00,2598.63,2600.19,2598.23,2600.14,302.0
2024-12-19 21:40:00,2600.27,2601.01,2599.82,2600.1,262.0
2024-12-19 21:45:00,2600.1,2600.1,2598.03,2598.04,302.0
2024-12-19 21:50:00,2598.04,2598.73,2597.82,2598.31,244.0
2024-12-19 21:55:00,2598.31,2598.82,2596.65,2596.65,338.0
2024-12-19 22:00:00,2596.88,2597.86,2596.88,2597.16,290.0
2024-12-19 22:05:00,2597.15,2597.93,2596.93,2597.61,283.0
2024-12-19 22:10:00,2597.73,2597.86,2596.97,2597.29,302.0
2024-12-19 22:15:00,2597.27,2599.21,2597.17,2599.21,278.0
2024-12-19 22:20:00,2599.21,2599.59,2598.92,2599.42,262.0
2024-12-19 22:25:00,2599.42,2599.45,2597.86,2598.45,275.0
2024-12-19 22:30:00,2598.29,2598.99,2597.96,2598.37,302.0
2024-12-19 22:35:00,2598.4,2599.5,2598.25,2598.98,311.0
2024-12-19 22:40:00,2599.0,2600.39,2598.42,2598.43,358.0
2024-12-19 22:45:00,2598.44,2598.62,2597.8,2597.93,380.0
2024-12-19 22:50:00,2597.88,2597.88,2596.47,2597.29,361.0
2024-12-19 22:55:00,2597.29,2597.95,2596.46,2596.88,388.0
2024-12-19 23:00:00,2596.95,2596.95,2595.94,2596.56,135.0
2024-12-19 23:05:00,2596.56,2596.98,2595.97,2596.1,108.0
2024-12-19 23:10:00,2595.9,2596.19,2595.07,2595.16,90.0
2024-12-19 23:15:00,2595.11,2595.77,2594.45,2594.7,117.0
2024-12-19 23:20:00,2594.7,2594.83,2593.0,2593.53,122.0
2024-12-19 23:25:00,2593.53,2595.35,2593.44,2595.12,100.0
2024-12-19 23:30:00,2595.12,2595.82,2595.12,2595.43,75.0
2024-12-19 23:35:00,2595.43,2596.49,2595.43,2595.78,55.0
2024-12-19 23:40:00,2595.96,2596.78,2595.88,2596.23,92.0
2024-12-19 23:45:00,2596.22,2596.43,2593.73,2593.91,126.0
2024-12-19 23:50:00,2593.95,2594.19,2593.61,2593.79,75.0
2024-12-19 23:55:00,2594.18,2594.39,2593.71,2594.39,118.0
2024-12-20 01:00:00,2594.75,2594.97,2593.97,2594.06,157.0
2024-12-20 01:05:00,2594.09,2594.86,2594.02,2594.81,96.0
2024-12-20 01:10:00,2594.76,2595.26,2594.3,2595.26,104.0
2024-12-20 01:15:00,2595.33,2595.9,2595.22,2595.81,145.0
2024-12-20 01:20:00,2595.79,2595.82,2595.24,2595.33,99.0
2024-12-20 01:25:00,2595.33,2595.35,2594.41,2594.57,64.0
2024-12-20 01:30:00,2594.58,2595.17,2594.26,2594.26,103.0
2024-12-20 01:35:00,2594.3,2594.47,2594.2,2594.22,107.0
2024-12-20 01:40:00,2594.23,2594.23,2593.33,2593.52,115.0
2024-12-20 01:45:00,2593.51,2594.06,2593.22,2593.29,128.0
2024-12-20 01:50:00,2593.31,2593.75,2592.28,2593.14,157.0
2024-12-20 01:55:00,2593.14,2593.98,2592.54,2593.63,120.0
2024-12-20 02:00:00,2593.56,2594.5,2593.4,2593.41,175.0
2024-12-20 02:05:00,2593.4,2593.92,2592.81,2592.93,138.0
2024-12-20 02:10:00,2592.98,2593.57,2592.98,2593.55,133.0
2024-12-20 02:15:00,2593.34,2593.34,2592.62,2592.64,167.0
2024-12-20 02:20:00,2592.63,2593.92,2592.26,2593.46,135.0
2024-12-20 02:25:00,2593.45,2593.85,2592.96,2593.77,104.0
2024-12-20 02:30:00,2593.54,2595.1,2593.54,2594.83,117.0
2024-12-20 02:35:00,2594.83,2595.25,2593.97,2594.0,167.0
2024-12-20 02:40:00,2594.01,2594.01,2592.08,2592.11,254.0
2024-12-20 02:45:00,2592.13,2593.34,2592.08,2593.06,186.0
2024-12-20 02:50:00,2593.06,2593.07,2591.37,2591.84,252.0
2024-12-20 02:55:00,2591.91,2592.53,2590.63,2590.83,253.0
2024-12-20 03:00:00,2590.83,2591.48,2589.69,2591.31,456.0
2024-12-20 03:05:00,2591.31,2596.9,2590.97,2596.4,469.0
2024-12-20 03:10:00,2596.4,2599.4,2596.28,2598.78,456.0
2024-12-20 03:15:00,2598.82,2599.43,2597.37,2597.64,431.0
2024-12-20 03:20:00,2597.86,2599.21,2596.5,2599.0,448.0
2024-12-20 03:25:00,2598.98,2599.25,2597.17,2598.39,401.0
2024-12-20 03:30:00,2598.47,2600.34,2597.61,2599.57,441.0
2024-12-20 03:35:00,2599.6,2602.19,2599.47,2601.1,361.0
2024-12-20 03:40:00,2601.1,2602.22,2600.34,2601.05,357.0
2024-12-20 03:45:00,2601.0,2603.1,2599.79,2599.92,325.0
2024-12-20 03:50:00,2599.91,2601.59,2598.4,2601.24,480.0
2024-12-20 03:55:00,2601.19,2603.88,2600.77,2603.8,365.0
2024-12-20 04:00:00,2603.8,2603.99,2599.37,2600.16,490.0
2024-12-20 04:05:00,2600.21,2600.79,2596.9,2599.66,423.0
2024-12-20 04:10:00,2599.7,2599.96,2598.31,2598.82,310.0
2024-12-20 04:15:00,2598.82,2598.87,2597.26,2597.26,251.0
2024-12-20 04:20:00,2597.28,2599.2,2596.62,2599.13,306.0
2024-12-20 04:25:00,2599.16,2600.16,2595.57,2596.99,412.0
2024-12-20 04:30:00,2597.02,2598.52,2596.96,2597.22,379.0
2024-12-20 04:35:00,2597.25,2597.63,2595.91,2596.32,344.0
2024-12-20 04:40:00,2596.28,2597.69,2596.28,2596.5,247.0
2024-12-20 04:45:00,2596.39,2597.61,2596.29,2596.9,274.0
2024-12-20 04:50:00,2596.9,2597.9,2596.49,2596.61,266.0
2024-12-20 04:55:00,2596.61,2597.52,2595.9,2597.09,284.0
2024-12-20 05:00:00,2597.07,2597.74,2596.47,2596.77,254.0
2024-12-20 05:05:00,2596.78,2597.26,2596.21,2596.49,234.0
2024-12-20 05:10:00,2596.48,2597.59,2596.17,2596.57,224.0
2024-12-20 05:15:00,2596.57,2596.98,2596.07,2596.44,265.0
2024-12-20 05:20:00,2596.46,2597.18,2595.79,2596.87,268.0
2024-12-20 05:25:00,2596.87,2598.21,2596.64,2598.04,206.0
2024-12-20 05:30:00,2598.05,2598.87,2597.53,2598.67,209.0
2024-12-20 05:35:00,2598.67,2599.07,2597.8,2597.81,161.0
2024-12-20 05:40:00,2597.75,2597.87,2596.87,2597.5,191.0
2024-12-20 05:45:00,2597.52,2597.99,2596.77,2597.55,121.0
2024-12-20 05:50:00,2597.57,2597.8,2596.54,2597.8,173.0
2024-12-20 05:55:00,2597.87,2598.78,2597.87,2598.49,172.0
2024-12-20 06:00:00,2598.5,2599.46,2598.32,2599.43,155.0
2024-12-20 06:05:00,2599.46,2600.48,2599.37,2599.77,228.0
2024-12-20 06:10:00,2599.72,2600.6,2599.51,2599.52,237.0
2024-12-20 06:15:00,2599.54,2599.73,2598.58,2598.92,185.0
2024-12-20 06:20:00,2598.92,2599.65,2598.9,2599.48,204.0
2024-12-20 06:25:00,2599.46,2601.0,2599.28,2599.3,229.0
2024-12-20 06:30:00,2599.28,2599.32,2597.61,2599.15,194.0
2024-12-20 06:35:00,2599.15,2599.15,2598.26,2598.58,147.0
2024-12-20 06:40:00,2598.59,2599.0,2598.17,2598.34,129.0
2024-12-20 06:45:00,2598.34,2598.47,2597.51,2597.93,165.0
2024-12-20 06:50:00,2597.94,2598.55,2597.5,2597.88,219.0
2024-12-20 06:55:00,2597.9,2598.54,2597.8,2598.04,181.0
2024-12-20 07:00:00,2598.04,2598.09,2596.79,2597.42,198.0
2024-12-20 07:05:00,2597.41,2597.91,2596.96,2597.91,243.0
2024-12-20 07:10:00,2597.83,2598.29,2597.18,2598.05,236.0
2024-12-20 07:15:00,2598.01,2598.81,2597.82,2598.28,221.0
2024-12-20 07:20:00,2598.32,2598.71,2597.71,2597.84,254.0
2024-12-20 07:25:00,2597.82,2597.82,2596.46,2596.76,281.0
2024-12-20 07:30:00,2596.87,2598.52,2596.59,2598.51,308.0
2024-12-20 07:35:00,2598.51,2599.64,2598.42,2599.31,255.0
2024-12-20 07:40:00,2599.32,2600.74,2599.32,2600.54,258.0
2024-12-20 07:45:00,2600.57,2600.94,2600.2,2600.7,219.0
2024-12-20 07:50:00,2600.7,2601.3,2600.26,2600.43,230.0
2024-12-20 07:55:00,2600.34,2600.5,2599.75,2600.2,269.0
2024-12-20 08:00:00,2600.29,2600.73,2598.9,2600.58,260.0
2024-12-20 08:05:00,2600.51,2601.53,2600.23,2601.09,247.0
2024-12-20 08:10:00,2601.09,2602.77,2600.85,2601.53,371.0
2024-12-20 08:15:00,2601.54,2602.69,2600.97,2602.1,290.0
2024-12-20 08:20:00,2602.11,2603.37,2601.61,2602.67,263.0
2024-12-20 08:25:00,2602.77,2604.36,2602.19,2603.92,323.0
2024-12-20 08:30:00,2603.71,2604.23,2602.08,2602.27,318.0
2024-12-20 08:35:00,2602.29,2604.17,2602.26,2604.14,282.0
2024-12-20 08:40:00,2604.1,2605.36,2603.69,2604.57,285.0
2024-12-20 08:45:00,2604.55,2604.62,2603.64,2603.84,243.0
2024-12-20 08:50:00,2603.83,2604.6,2603.55,2604.13,221.0
2024-12-20 08:55:00,2604.11,2605.28,2603.98,2604.67,271.0
2024-12-20 09:00:00,2604.55,2606.41,2603.57,2606.28,294.0
2024-12-20 09:05:00,2606.3,2607.46,2606.15,2607.15,290.0
2024-12-20 09:10:00,2607.15,2607.21,2605.79,2606.11,246.0
2024-12-20 09:15:00,2605.98,2607.39,2605.14,2607.38,245.0
2024-12-20 09:20:00,2607.38,2607.5,2606.15,2606.26,232.0
2024-12-20 09:25:00,2606.21,2607.07,2605.83,2606.27,258.0
2024-12-20 09:30:00,2606.2,2606.23,2602.62,2603.42,370.0
2024-12-20 09:35:00,2603.43,2604.13,2602.36,2603.98,303.0
2024-12-20 09:40:00,2603.99,2605.74,2603.89,2605.51,255.0
2024-12-20 09:45:00,2605.47,2605.92,2603.98,2605.91,263.0
2024-12-20 09:50:00,2605.93,2606.1,2604.36,2605.12,239.0
2024-12-20 09:55:00,2605.12,2606.3,2604.47,2606.24,267.0
2024-12-20 10:00:00,2606.3,2607.54,2605.2,2605.61,365.0
2024-12-20 10:05:00,2605.52,2606.35,2604.44,2606.14,347.0
2024-12-20 10:10:00,2606.2,2607.59,2606.13,2606.71,366.0
2024-12-20 10:15:00,2606.64,2607.18,2605.34,2605.52,354.0
2024-12-20 10:20:00,2605.49,2607.7,2605.38,2606.66,391.0
2024-12-20 10:25:00,2606.71,2606.84,2605.59,2605.83,311.0
2024-12-20 10:30:00,2605.88,2607.59,2604.37,2606.9,379.0
2024-12-20 10:35:00,2606.88,2607.32,2605.65,2605.73,301.0
2024-12-20 10:40:00,2605.73,2607.14,2605.22,2606.56,310.0
2024-12-20 10:45:00,2606.65,2607.26,2605.24,2605.72,291.0
2024-12-20 10:50:00,2605.72,2607.28,2605.62,2606.2,296.0
2024-12-20 10:55:00,2606.16,2606.33,2605.21,2605.52,313.0
2024-12-20 11:00:00,2605.52,2606.36,2604.48,2605.02,387.0
2024-12-20 11:05:00,2605.03,2606.09,2604.54,2605.9,285.0
2024-12-20 11:10:00,2605.91,2606.29,2604.67,2605.24,338.0
2024-12-20 11:15:00,2605.29,2606.14,2605.08,2605.37,324.0
2024-12-20 11:20:00,2605.37,2606.36,2604.98,2605.0,279.0
2024-12-20 11:25:00,2604.97,2605.27,2603.65,2604.34,338.0
2024-12-20 11:30:00,2604.56,2604.69,2603.19,2603.61,324.0
2024-12-20 11:35:00,2603.69,2605.66,2602.88,2605.36,308.0
2024-12-20 11:40:00,2605.43,2605.86,2604.5,2605.17,358.0
2024-12-20 11:45:00,2605.18,2606.1,2604.76,2605.64,309.0
2024-12-20 11:50:00,2605.66,2606.69,2604.98,2605.79,297.0
2024-12-20 11:55:00,2605.75,2605.97,2604.96,2605.07,244.0
2024-12-20 12:00:00,2605.11,2605.2,2604.0,2604.8,224.0
2024-12-20 12:05:00,2604.8,2606.14,2604.77,2605.85,255.0
2024-12-20 12:10:00,2605.91,2606.26,2604.91,2605.13,282.0
2024-12-20 12:15:00,2605.17,2606.92,2605.12,2606.85,317.0
2024-12-20 12:20:00,2606.85,2606.91,2605.52,2605.62,289.0
2024-12-20 12:25:00,2605.61,2606.78,2605.49,2606.02,331.0
2024-12-20 12:30:00,2605.99,2606.45,2605.15,2605.19,294.0
2024-12-20 12:35:00,2605.18,2605.89,2604.85,2605.22,314.0
2024-12-20 12:40:00,2605.21,2605.83,2604.55,2605.35,266.0
2024-12-20 12:45:00,2605.35,2606.46,2605.33,2606.2,249.0
2024-12-20 12:50:00,2606.14,2606.14,2604.94,2605.18,319.0
2024-12-20 12:55:00,2605.01,2605.87,2604.08,2604.21,270.0
2024-12-20 13:00:00,2604.2,2604.42,2602.74,2603.91,306.0
2024-12-20 13:05:00,2604.14,2604.63,2603.36,2603.5,258.0
2024-12-20 13:10:00,2603.47,2603.57,2601.47,2602.09,311.0
2024-12-20 13:15:00,2602.05,2602.26,2600.5,2601.06,348.0
2024-12-20 13:20:00,2601.07,2601.31,2600.12,2600.95,319.0
2024-12-20 13:25:00,2600.95,2601.91,2600.78,2601.45,278.0
2024-12-20 13:30:00,2601.47,2603.53,2601.41,2603.33,300.0
2024-12-20 13:35:00,2603.33,2603.51,2601.34,2601.34,263.0
2024-12-20 13:40:00,2601.33,2603.25,2600.97,2602.81,277.0
2024-12-20 13:45:00,2602.75,2603.26,2601.97,2603.2,272.0
2024-12-20 13:50:00,2603.18,2603.88,2602.89,2603.68,233.0
2024-12-20 13:55:00,2603.7,2604.79,2603.66,2603.73,265.0
2024-12-20 14:00:00,2603.71,2604.07,2602.52,2603.46,382.0
2024-12-20 14:05:00,2603.44,2603.55,2602.2,2602.75,247.0
2024-12-20 14:10:00,2602.75,2603.48,2602.25,2603.43,309.0
2024-12-20 14:15:00,2603.42,2604.46,2603.36,2604.37,325.0
2024-12-20 14:20:00,2604.39,2605.68,2604.3,2605.2,237.0
2024-12-20 14:25:00,2605.2,2606.03,2604.49,2605.76,272.0
2024-12-20 14:30:00,2605.68,2606.2,2605.17,2605.46,347.0
2024-12-20 14:35:00,2605.47,2605.72,2603.3,2603.37,364.0
2024-12-20 14:40:00,2603.31,2605.58,2603.2,2603.55,353.0
2024-12-20 14:45:00,2603.55,2603.68,2602.61,2603.1,321.0
2024-12-20 14:50:00,2603.02,2603.93,2602.33,2602.69,297.0
2024-12-20 14:55:00,2602.7,2603.8,2602.52,2603.54,279.0
2024-12-20 15:00:00,2603.54,2604.96,2603.23,2604.28,411.0
2024-12-20 15:05:00,2604.28,2604.74,2603.04,2604.65,378.0
2024-12-20 15:10:00,2604.63,2605.2,2603.46,2603.46,357.0
2024-12-20 15:15:00,2603.57,2604.12,2603.18,2603.44,394.0
2024-12-20 15:20:00,2603.13,2603.43,2601.79,2603.07,384.0
2024-12-20 15:25:00,2602.97,2603.49,2600.15,2600.15,342.0
2024-12-20 15:30:00,2600.23,2609.56,2600.23,2606.44,545.0
2024-12-20 15:35:00,2606.56,2609.21,2605.69,2606.08,483.0
2024-12-20 15:40:00,2606.04,2610.24,2605.74,2608.78,483.0
2024-12-20 15:45:00,2608.79,2613.39,2608.12,2612.8,483.0
2024-12-20 15:50:00,2612.83,2614.15,2611.23,2611.78,454.0
2024-12-20 15:55:00,2611.83,2611.83,2608.68,2609.53,432.0
2024-12-20 16:00:00,2609.33,2611.17,2608.52,2610.67,441.0
2024-12-20 16:05:00,2610.86,2613.16,2610.46,2612.84,436.0
2024-12-20 16:10:00,2612.86,2615.01,2612.86,2614.12,445.0
2024-12-20 16:15:00,2614.1,2615.46,2612.97,2613.84,431.0
2024-12-20 16:20:00,2613.82,2615.65,2612.34,2615.56,420.0
2024-12-20 16:25:00,2615.51,2616.39,2614.43,2615.08,446.0
2024-12-20 16:30:00,2615.32,2617.69,2614.49,2617.35,511.0
2024-12-20 16:35:00,2617.39,2617.59,2613.81,2616.53,506.0
2024-12-20 16:40:00,2616.56,2617.26,2613.32,2614.1,484.0
2024-12-20 16:45:00,2614.1,2614.98,2612.79,2614.98,472.0
2024-12-20 16:50:00,2614.97,2617.95,2614.56,2617.57,492.0
2024-12-20 16:55:00,2617.53,2618.33,2616.13,2616.69,383.0
2024-12-20 17:00:00,2616.47,2619.03,2616.32,2618.27,485.0
2024-12-20 17:05:00,2618.31,2620.78,2618.18,2620.12,533.0
2024-12-20 17:10:00,2619.94,2622.75,2619.04,2622.17,487.0
2024-12-20 17:15:00,2622.23,2624.6,2621.55,2623.97,530.0
2024-12-20 17:20:00,2623.74,2625.87,2623.55,2624.96,490.0
2024-12-20 17:25:00,2624.93,2626.09,2623.32,2624.28,509.0
2024-12-20 17:30:00,2624.49,2628.0,2624.49,2627.54,495.0
2024-12-20 17:35:00,2627.54,2629.0,2626.25,2626.48,500.0
2024-12-20 17:40:00,2626.42,2628.28,2625.23,2628.1,492.0
2024-12-20 17:45:00,2628.16,2628.41,2626.12,2628.07,505.0
2024-12-20 17:50:00,2628.11,2629.62,2627.68,2629.5,477.0
2024-12-20 17:55:00,2629.53,2631.18,2629.36,2630.24,522.0
2024-12-20 18:00:00,2630.32,2631.82,2628.53,2628.9,514.0
2024-12-20 18:05:00,2628.63,2630.09,2627.54,2627.76,477.0
2024-12-20 18:10:00,2627.6,2628.61,2626.91,2627.33,440.0
2024-12-20 18:15:00,2626.98,2627.0,2624.83,2625.39,463.0
2024-12-20 18:20:00,2625.32,2625.81,2624.21,2624.87,444.0
2024-12-20 18:25:00,2624.93,2625.44,2622.7,2623.17,426.0
2024-12-20 18:30:00,2623.3,2624.64,2622.12,2623.2,415.0
2024-12-20 18:35:00,2623.3,2626.1,2623.3,2626.09,421.0
2024-12-20 18:40:00,2626.07,2626.71,2625.22,2625.65,446.0
2024-12-20 18:45:00,2625.48,2625.86,2624.42,2625.25,444.0
2024-12-20 18:50:00,2625.24,2625.99,2624.38,2624.56,380.0
2024-12-20 18:55:00,2624.63,2625.78,2623.92,2625.15,376.0
2024-12-20 19:00:00,2625.15,2625.7,2624.4,2625.61,414.0
2024-12-20 19:05:00,2625.62,2627.27,2625.37,2626.89,399.0
2024-12-20 19:10:00,2627.03,2627.5,2626.18,2626.6,414.0
2024-12-20 19:15:00,2626.33,2627.33,2626.08,2626.75,373.0
2024-12-20 19:20:00,2626.68,2627.34,2625.86,2626.69,348.0
2024-12-20 19:25:00,2626.64,2626.74,2625.2,2625.45,360.0
2024-12-20 19:30:00,2625.14,2625.3,2623.06,2623.39,307.0
2024-12-20 19:35:00,2623.24,2623.65,2622.2,2623.15,405.0
2024-12-20 19:40:00,2623.22,2626.97,2622.89,2626.87,330.0
2024-12-20 19:45:00,2626.87,2626.98,2625.78,2626.73,273.0
2024-12-20 19:50:00,2626.48,2626.59,2625.31,2625.84,327.0
2024-12-20 19:55:00,2625.83,2626.25,2625.43,2625.43,323.0
2024-12-20 20:00:00,2624.78,2625.74,2624.09,2624.42,371.0
2024-12-20 20:05:00,2624.41,2625.2,2623.63,2625.2,339.0
2024-12-20 20:10:00,2625.22,2625.61,2624.62,2625.25,299.0
2024-12-20 20:15:00,2625.39,2625.93,2624.68,2625.31,322.0
2024-12-20 20:20:00,2625.28,2626.47,2624.02,2626.13,386.0
2024-12-20 20:25:00,2625.96,2626.35,2624.6,2624.6,355.0
2024-12-20 20:30:00,2624.87,2625.04,2623.34,2623.77,342.0
2024-12-20 20:35:00,2623.66,2624.41,2623.37,2624.21,378.0
2024-12-20 20:40:00,2624.26,2626.21,2624.06,2625.4,381.0
2024-12-20 20:45:00,2625.39,2627.0,2624.78,2626.69,303.0
2024-12-20 20:50:00,2626.72,2627.3,2626.22,2626.32,319.0
2024-12-20 20:55:00,2626.25,2627.06,2625.67,2625.93,366.0
2024-12-20 21:00:00,2625.93,2627.29,2625.63,2626.46,281.0
2024-12-20 21:05:00,2626.44,2626.6,2624.77,2625.48,300.0
2024-12-20 21:10:00,2625.42,2626.73,2625.4,2626.48,275.0
2024-12-20 21:15:00,2626.49,2628.13,2626.44,2628.13,277.0
2024-12-20 21:20:00,2628.14,2628.34,2626.73,2627.68,338.0
2024-12-20 21:25:00,2627.76,2627.86,2626.84,2627.12,263.0
2024-12-20 21:30:00,2627.05,2627.62,2626.56,2627.44,327.0
2024-12-20 21:35:00,2627.46,2627.95,2626.99,2627.53,309.0
2024-12-20 21:40:00,2627.53,2629.27,2627.36,2628.91,305.0
2024-12-20 21:45:00,2628.94,2629.07,2627.48,2627.9,250.0
2024-12-20 21:50:00,2627.94,2628.59,2627.54,2627.75,323.0
2024-12-20 21:55:00,2627.74,2628.44,2627.51,2627.87,299.0
2024-12-20 22:00:00,2627.86,2628.07,2625.98,2626.64,273.0
2024-12-20 22:05:00,2626.75,2627.32,2625.95,2625.95,250.0
2024-12-20 22:10:00,2625.95,2626.86,2625.81,2626.65,191.0
2024-12-20 22:15:00,2626.65,2626.65,2625.77,2626.06,250.0
2024-12-20 22:20:00,2626.16,2626.91,2625.82,2626.33,278.0
2024-12-20 22:25:00,2626.21,2627.17,2625.91,2626.77,265.0
2024-12-20 22:30:00,2626.81,2626.81,2624.82,2625.22,346.0
2024-12-20 22:35:00,2625.22,2625.91,2624.64,2625.53,384.0
2024-12-20 22:40:00,2625.5,2625.69,2624.1,2624.41,406.0
2024-12-20 22:45:00,2624.52,2624.75,2623.09,2623.58,424.0
2024-12-20 22:50:00,2623.43,2623.48,2622.52,2623.06,395.0
2024-12-20 22:55:00,2623.07,2623.6,2622.11,2622.57,417.0
2024-12-20 23:00:00,2622.65,2623.37,2621.85,2622.92,197.0
2024-12-20 23:05:00,2622.92,2623.8,2622.51,2623.64,126.0
2024-12-20 23:10:00,2623.65,2623.9,2623.13,2623.53,128.0
2024-12-20 23:15:00,2623.46,2623.57,2622.45,2622.97,102.0
2024-12-20 23:20:00,2622.97,2623.08,2621.7,2622.53,116.0
2024-12-20 23:25:00,2621.97,2622.48,2620.07,2620.64,123.0
2024-12-20 23:30:00,2620.64,2621.18,2618.65,2621.15,176.0
2024-12-20 23:35:00,2621.47,2622.3,2620.55,2620.93,112.0
2024-12-20 23:40:00,2620.98,2621.88,2620.35,2621.41,130.0
2024-12-20 23:45:00,2621.09,2622.13,2620.65,2621.33,181.0
2024-12-20 23:50:00,2621.33,2622.64,2620.75,2622.64,131.0
2024-12-20 23:55:00,2622.37,2623.09,2622.24,2623.03,107.0
2024-12-23 01:00:00,2620.78,2626.27,2619.85,2622.55,426.0
2024-12-23 01:05:00,2622.82,2623.19,2621.72,2622.32,139.0
2024-12-23 01:10:00,2622.57,2622.79,2621.43,2622.31,119.0
2024-12-23 01:15:00,2621.74,2624.02,2621.74,2623.12,163.0
2024-12-23 01:20:00,2623.1,2623.35,2622.35,2623.24,99.0
2024-12-23 01:25:00,2623.24,2623.45,2621.85,2622.57,105.0
2024-12-23 01:30:00,2622.35,2623.82,2621.72,2623.64,150.0
2024-12-23 01:35:00,2623.63,2623.82,2622.78,2623.38,155.0
2024-12-23 01:40:00,2623.38,2624.18,2623.19,2623.49,106.0
2024-12-23 01:45:00,2623.58,2624.69,2623.14,2624.15,194.0
2024-12-23 01:50:00,2624.16,2624.62,2623.08,2624.61,159.0
2024-12-23 01:55:00,2624.53,2624.87,2623.59,2624.3,126.0
2024-12-23 02:00:00,2624.36,2625.01,2623.69,2624.65,186.0
2024-12-23 02:05:00,2624.65,2625.16,2624.3,2624.73,136.0
2024-12-23 02:10:00,2624.74,2625.16,2624.03,2624.58,147.0
2024-12-23 02:15:00,2624.49,2624.63,2623.33,2623.82,219.0
2024-12-23 02:20:00,2624.07,2624.13,2622.03,2622.25,143.0
2024-12-23 02:25:00,2622.12,2622.8,2621.98,2622.66,167.0
2024-12-23 02:30:00,2622.67,2623.1,2620.27,2620.42,229.0
2024-12-23 02:35:00,2620.42,2620.77,2618.29,2618.43,243.0
2024-12-23 02:40:00,2618.43,2620.64,2617.6,2620.38,235.0
2024-12-23 02:45:00,2620.33,2622.92,2620.15,2622.37,227.0
2024-12-23 02:50:00,2622.37,2622.62,2620.86,2621.11,299.0
2024-12-23 02:55:00,2621.13,2622.3,2620.95,2621.57,242.0
2024-12-23 03:00:00,2621.65,2624.17,2620.55,2620.55,482.0
2024-12-23 03:05:00,2620.54,2620.58,2618.87,2618.96,444.0
2024-12-23 03:10:00,2618.8,2620.34,2618.4,2619.15,388.0
2024-12-23 03:15:00,2619.24,2621.09,2619.15,2620.11,350.0
2024-12-23 03:20:00,2620.12,2621.11,2619.64,2619.98,286.0
2024-12-23 03:25:00,2619.93,2620.45,2618.75,2619.65,358.0
2024-12-23 03:30:00,2619.79,2620.48,2619.15,2619.87,333.0
2024-12-23 03:35:00,2619.87,2620.74,2619.07,2620.46,292.0
2024-12-23 03:40:00,2620.47,2621.48,2620.01,2620.7,283.0
2024-12-23 03:45:00,2620.75,2622.61,2620.69,2622.12,357.0
2024-12-23 03:50:00,2621.98,2622.49,2621.28,2621.59,350.0
2024-12-23 03:55:00,2621.56,2623.57,2620.8,2620.85,401.0
2024-12-23 04:00:00,2620.79,2621.89,2620.45,2621.59,303.0
2024-12-23 04:05:00,2621.58,2623.99,2621.23,2623.7,296.0
2024-12-23 04:10:00,2623.53,2626.3,2622.53,2625.54,347.0
2024-12-23 04:15:00,2625.52,2625.91,2623.85,2624.53,274.0
2024-12-23 04:20:00,2624.47,2624.47,2622.88,2623.78,192.0
2024-12-23 04:25:00,2623.79,2624.62,2623.5,2624.3,204.0
2024-12-23 04:30:00,2624.06,2625.99,2623.68,2625.47,310.0
2024-12-23 04:35:00,2625.66,2625.84,2624.43,2625.06,336.0
2024-12-23 04:40:00,2624.96,2625.96,2624.72,2625.95,279.0
2024-12-23 04:45:00,2625.9,2627.16,2625.72,2626.48,323.0
2024-12-23 04:50:00,2626.49,2627.35,2626.48,2626.93,296.0
2024-12-23 04:55:00,2626.92,2627.4,2625.92,2625.92,294.0
2024-12-23 05:00:00,2625.92,2626.59,2624.58,2625.02,371.0
2024-12-23 05:05:00,2624.93,2625.4,2624.46,2625.21,230.0
2024-12-23 05:10:00,2625.26,2626.9,2625.18,2626.63,257.0
2024-12-23 05:15:00,2626.64,2626.84,2623.74,2623.84,286.0
2024-12-23 05:20:00,2623.85,2624.7,2623.74,2624.25,296.0
2024-12-23 05:25:00,2624.19,2624.35,2623.44,2624.24,297.0
2024-12-23 05:30:00,2624.14,2624.15,2622.31,2622.81,308.0
2024-12-23 05:35:00,2622.76,2625.1,2622.48,2625.1,303.0
2024-12-23 05:40:00,2625.06,2625.69,2624.82,2624.91,170.0
2024-12-23 05:45:00,2624.9,2625.07,2624.2,2624.64,143.0
2024-12-23 05:50:00,2624.64,2624.94,2623.62,2623.77,151.0
2024-12-23 05:55:00,2623.77,2624.37,2623.27,2624.09,158.0
2024-12-23 06:00:00,2624.1,2625.15,2623.87,2624.42,202.0
2024-12-23 06:05:00,2624.42,2624.99,2624.09,2624.92,199.0
2024-12-23 06:10:00,2624.93,2625.36,2624.66,2625.03,186.0
2024-12-23 06:15:00,2625.03,2626.04,2624.83,2625.86,169.0
2024-12-23 06:20:00,2625.88,2626.27,2625.61,2625.66,203.0
2024-12-23 06:25:00,2625.64,2625.87,2624.99,2625.09,181.0
2024-12-23 06:30:00,2625.1,2626.12,2625.1,2625.38,142.0
2024-12-23 06:35:00,2625.37,2625.66,2624.46,2624.78,84.0
2024-12-23 06:40:00,2624.77,2625.34,2624.53,2624.81,135.0
2024-12-23 06:45:00,2624.91,2625.07,2624.75,2624.95,105.0
2024-12-23 06:50:00,2624.95,2626.07,2624.89,2625.63,192.0
2024-12-23 06:55:00,2625.63,2626.37,2625.3,2625.53,173.0
2024-12-23 07:00:00,2625.73,2625.75,2625.06,2625.68,178.0
2024-12-23 07:05:00,2625.64,2626.8,2625.64,2626.7,244.0
2024-12-23 07:10:00,2626.7,2626.89,2625.59,2625.78,238.0
2024-12-23 07:15:00,2625.56,2626.3,2625.46,2626.23,194.0
2024-12-23 07:20:00,2626.23,2627.26,2626.09,2627.13,203.0
2024-12-23 07:25:00,2627.19,2627.6,2626.69,2627.5,205.0
2024-12-23 07:30:00,2627.43,2629.24,2627.03,2628.21,363.0
2024-12-23 07:35:00,2628.27,2628.91,2627.03,2628.07,318.0
2024-12-23 07:40:00,2628.1,2628.3,2627.01,2627.67,249.0
2024-12-23 07:45:00,2627.61,2628.15,2626.63,2628.15,225.0
2024-12-23 07:50:00,2628.22,2628.63,2627.22,2627.59,224.0
2024-12-23 07:55:00,2627.54,2627.86,2626.59,2626.59,275.0
2024-12-23 08:00:00,2626.58,2627.29,2625.98,2626.37,284.0
2024-12-23 08:05:00,2626.16,2626.36,2624.85,2624.87,330.0
2024-12-23 08:10:00,2624.84,2626.9,2624.53,2626.85,277.0
2024-12-23 08:15:00,2626.84,2628.77,2626.54,2628.5,235.0
2024-12-23 08:20:00,2628.49,2629.2,2627.82,2628.78,247.0
2024-12-23 08:25:00,2628.77,2628.97,2628.18,2628.39,200.0
2024-12-23 08:30:00,2628.41,2631.05,2628.15,2630.98,311.0
2024-12-23 08:35:00,2630.99,2631.23,2630.09,2630.12,231.0
2024-12-23 08:40:00,2630.26,2632.64,2629.86,2632.39,311.0
2024-12-23 08:45:00,2632.34,2632.96,2630.56,2630.56,319.0
2024-12-23 08:50:00,2630.54,2631.22,2629.96,2630.28,336.0
2024-12-23 08:55:00,2630.29,2632.17,2630.11,2631.55,218.0
2024-12-23 09:00:00,2631.5,2631.5,2629.98,2631.15,229.0
2024-12-23 09:05:00,2631.17,2633.13,2630.75,2633.12,272.0
2024-12-23 09:10:00,2633.14,2633.22,2631.88,2632.11,290.0
2024-12-23 09:15:00,2632.19,2632.37,2630.53,2631.56,296.0
2024-12-23 09:20:00,2631.5,2631.65,2630.74,2631.21,202.0
2024-12-23 09:25:00,2631.11,2631.5,2630.48,2630.65,282.0
2024-12-23 09:30:00,2630.58,2632.28,2630.45,2631.8,222.0
2024-12-23 09:35:00,2631.82,2632.21,2631.19,2631.5,221.0
2024-12-23 09:40:00,2631.49,2631.96,2630.69,2631.48,272.0
2024-12-23 09:45:00,2631.44,2631.69,2630.47,2630.94,268.0
2024-12-23 09:50:00,2631.03,2631.6,2630.32,2630.6,312.0
2024-12-23 09:55:00,2630.61,2630.66,2629.39,2630.2,318.0
2024-12-23 10:00:00,2629.79,2629.79,2626.91,2627.9,407.0
2024-12-23 10:05:00,2627.9,2628.49,2625.98,2627.99,352.0
2024-12-23 10:10:00,2628.02,2629.33,2627.99,2628.9,286.0
2024-12-23 10:15:00,2628.9,2629.85,2628.46,2629.43,321.0
2024-12-23 10:20:00,2629.52,2629.85,2627.84,2629.28,283.0
2024-12-23 10:25:00,2629.29,2630.41,2628.46,2630.01,295.0
2024-12-23 10:30:00,2630.07,2630.47,2629.22,2629.26,281.0
2024-12-23 10:35:00,2629.0,2632.02,2629.0,2631.23,327.0
2024-12-23 10:40:00,2631.32,2631.66,2630.77,2631.23,253.0
2024-12-23 10:45:00,2631.22,2632.1,2630.31,2630.94,277.0
2024-12-23 10:50:00,2630.99,2630.99,2629.02,2629.23,353.0
2024-12-23 10:55:00,2629.25,2630.61,2629.04,2629.96,280.0
2024-12-23 11:00:00,2629.88,2630.59,2629.54,2629.72,250.0
2024-12-23 11:05:00,2629.94,2630.19,2629.08,2629.71,283.0
2024-12-23 11:10:00,2629.64,2630.71,2629.19,2630.21,239.0
2024-12-23 11:15:00,2630.16,2630.22,2629.16,2629.21,267.0
2024-12-23 11:20:00,2629.14,2629.75,2627.81,2627.97,268.0
2024-12-23 11:25:00,2627.98,2629.76,2627.63,2629.54,329.0
2024-12-23 11:30:00,2629.54,2629.87,2629.16,2629.28,303.0
2024-12-23 11:35:00,2629.27,2629.53,2628.41,2628.41,249.0
2024-12-23 11:40:00,2628.44,2629.92,2628.41,2628.74,273.0
2024-12-23 11:45:00,2628.74,2629.2,2628.41,2628.41,211.0
2024-12-23 11:50:00,2628.41,2628.41,2626.44,2627.04,283.0
2024-12-23 11:55:00,2627.02,2627.61,2626.02,2626.43,295.0
2024-12-23 12:00:00,2626.3,2626.62,2625.05,2625.53,342.0
2024-12-23 12:05:00,2625.55,2626.82,2625.51,2625.88,263.0
2024-12-23 12:10:00,2625.88,2626.2,2624.77,2625.18,325.0
2024-12-23 12:15:00,2625.1,2625.47,2623.2,2623.3,361.0
2024-12-23 12:20:00,2623.29,2624.03,2622.82,2623.47,319.0
2024-12-23 12:25:00,2623.48,2624.27,2623.09,2623.28,292.0
2024-12-23 12:30:00,2623.29,2623.91,2621.65,2623.65,348.0
2024-12-23 12:35:00,2623.64,2623.89,2621.53,2621.53,296.0
2024-12-23 12:40:00,2621.65,2622.01,2620.18,2620.99,378.0
2024-12-23 12:45:00,2620.99,2621.51,2619.12,2619.54,408.0
2024-12-23 12:50:00,2619.6,2620.88,2619.02,2620.65,357.0
2024-12-23 12:55:00,2620.64,2621.25,2619.03,2619.42,391.0
2024-12-23 13:00:00,2619.41,2619.6,2617.61,2617.99,365.0
2024-12-23 13:05:00,2618.06,2618.65,2616.93,2618.54,294.0
2024-12-23 13:10:00,2618.54,2619.69,2618.54,2619.47,306.0
2024-12-23 13:15:00,2619.6,2620.1,2617.65,2618.04,279.0
2024-12-23 13:20:00,2618.05,2618.49,2616.51,2616.82,290.0
2024-12-23 13:25:00,2616.7,2617.25,2616.22,2616.41,332.0
2024-12-23 13:30:00,2616.3,2616.49,2615.56,2616.08,347.0
2024-12-23 13:35:00,2616.08,2616.39,2614.97,2615.83,294.0
2024-12-23 13:40:00,2615.83,2616.2,2614.54,2614.84,308.0
2024-12-23 13:45:00,2614.74,2616.36,2613.01,2616.05,324.0
2024-12-23 13:50:00,2616.07,2616.91,2615.37,2615.52,341.0
2024-12-23 13:55:00,2615.51,2616.75,2615.41,2616.18,316.0
2024-12-23 14:00:00,2616.24,2617.21,2615.77,2616.92,340.0
2024-12-23 14:05:00,2616.99,2617.56,2616.29,2616.82,237.0
2024-12-23 14:10:00,2616.82,2618.68,2616.81,2618.49,312.0
2024-12-23 14:15:00,2618.48,2618.55,2616.57,2617.02,388.0
2024-12-23 14:20:00,2617.02,2618.09,2616.85,2617.37,366.0
2024-12-23 14:25:00,2617.37,2617.95,2616.75,2616.91,383.0
2024-12-23 14:30:00,2616.96,2616.98,2614.87,2615.14,386.0
2024-12-23 14:35:00,2615.11,2615.73,2614.36,2615.69,318.0
2024-12-23 14:40:00,2615.68,2615.98,2614.91,2615.53,281.0
2024-12-23 14:45:00,2615.4,2615.69,2614.03,2615.1,312.0
2024-12-23 14:50:00,2615.1,2616.02,2615.1,2615.41,243.0
2024-12-23 14:55:00,2615.43,2615.62,2614.63,2615.02,320.0
2024-12-23 15:00:00,2615.04,2615.73,2614.02,2615.09,459.0
2024-12-23 15:05:00,2615.06,2616.84,2614.07,2616.82,369.0
2024-12-23 15:10:00,2616.87,2617.93,2616.84,2617.61,413.0
2024-12-23 15:15:00,2617.49,2617.98,2616.84,2617.27,372.0
2024-12-23 15:20:00,2617.34,2617.34,2615.27,2615.34,392.0
2024-12-23 15:25:00,2615.23,2615.83,2614.29,2615.42,285.0
2024-12-23 15:30:00,2615.38,2617.13,2614.49,2617.07,327.0
2024-12-23 15:35:00,2617.15,2618.73,2617.13,2618.02,390.0
2024-12-23 15:40:00,2618.05,2619.62,2617.52,2618.99,385.0
2024-12-23 15:45:00,2618.99,2619.79,2618.53,2618.97,314.0
2024-12-23 15:50:00,2618.97,2619.48,2618.54,2618.88,269.0
2024-12-23 15:55:00,2618.83,2619.33,2616.89,2617.38,350.0
2024-12-23 16:00:00,2617.0,2618.29,2616.97,2618.22,386.0
2024-12-23 16:05:00,2618.21,2619.11,2617.78,2618.75,342.0
2024-12-23 16:10:00,2618.79,2619.82,2618.6,2618.88,330.0
2024-12-23 16:15:00,2618.88,2619.03,2617.82,2618.87,380.0
2024-12-23 16:20:00,2618.88,2619.33,2618.3,2618.3,265.0
2024-12-23 16:25:00,2618.42,2619.06,2617.32,2617.84,373.0
2024-12-23 16:30:00,2617.94,2618.71,2617.29,2617.29,452.0
2024-12-23 16:35:00,2617.1,2618.2,2616.88,2617.13,468.0
2024-12-23 16:40:00,2617.17,2618.24,2616.66,2616.8,409.0
2024-12-23 16:45:00,2616.75,2616.83,2613.72,2616.04,463.0
2024-12-23 16:50:00,2616.2,2617.08,2615.32,2615.89,451.0
2024-12-23 16:55:00,2615.88,2616.65,2614.79,2615.1,383.0
2024-12-23 17:00:00,2615.01,2616.25,2612.8,2612.95,462.0
2024-12-23 17:05:00,2612.88,2613.06,2610.47,2611.9,484.0
2024-12-23 17:10:00,2611.85,2612.9,2610.96,2612.28,436.0
2024-12-23 17:15:00,2612.2,2613.98,2612.14,2612.98,428.0
2024-12-23 17:20:00,2612.99,2614.28,2611.49,2611.5,435.0
2024-12-23 17:25:00,2611.49,2612.26,2609.89,2610.91,436.0
2024-12-23 17:30:00,2611.14,2612.55,2610.72,2612.47,377.0
2024-12-23 17:35:00,2612.47,2614.04,2612.16,2613.31,384.0
2024-12-23 17:40:00,2613.26,2613.94,2612.13,2612.31,401.0
2024-12-23 17:45:00,2612.32,2613.12,2611.91,2612.45,374.0
2024-12-23 17:50:00,2612.37,2612.62,2610.12,2610.28,403.0
2024-12-23 17:55:00,2610.29,2611.06,2609.28,2609.71,372.0
2024-12-23 18:00:00,2609.7,2611.75,2609.51,2609.8,373.0
2024-12-23 18:05:00,2609.81,2610.09,2608.78,2608.99,349.0
2024-12-23 18:10:00,2608.97,2609.53,2608.13,2608.95,436.0
2024-12-23 18:15:00,2609.11,2610.12,2608.2,2609.94,371.0
2024-12-23 18:20:00,2610.08,2612.68,2609.85,2612.58,355.0
2024-12-23 18:25:00,2612.49,2612.75,2611.6,2612.13,325.0
2024-12-23 18:30:00,2612.24,2613.13,2611.55,2612.74,336.0
2024-12-23 18:35:00,2612.76,2614.5,2612.38,2614.14,335.0
2024-12-23 18:40:00,2614.11,2615.96,2613.76,2615.8,358.0
2024-12-23 18:45:00,2615.85,2615.85,2613.8,2614.44,306.0
2024-12-23 18:50:00,2614.45,2615.64,2614.27,2615.62,292.0
2024-12-23 18:55:00,2615.63,2616.1,2614.81,2615.88,335.0
2024-12-23 19:00:00,2615.93,2616.63,2615.66,2615.8,325.0
2024-12-23 19:05:00,2615.79,2616.37,2615.03,2615.2,350.0
2024-12-23 19:10:00,2615.11,2615.36,2613.96,2614.46,344.0
2024-12-23 19:15:00,2614.46,2614.85,2612.92,2613.2,359.0
2024-12-23 19:20:00,2613.3,2613.56,2612.72,2613.22,307.0
2024-12-23 19:25:00,2613.21,2614.48,2613.21,2614.11,346.0
2024-12-23 19:30:00,2614.14,2614.31,2612.95,2613.24,303.0
2024-12-23 19:35:00,2613.24,2613.75,2612.86,2613.56,302.0
2024-12-23 19:40:00,2613.54,2613.55,2612.38,2612.54,341.0
2024-12-23 19:45:00,2612.31,2612.44,2611.42,2611.7,314.0
2024-12-23 19:50:00,2611.7,2611.92,2610.68,2611.43,343.0
2024-12-23 19:55:00,2611.45,2611.84,2610.94,2611.2,342.0
2024-12-23 20:00:00,2611.2,2612.84,2610.97,2611.95,358.0
2024-12-23 20:05:00,2612.08,2612.47,2611.44,2611.69,327.0
2024-12-23 20:10:00,2611.72,2611.98,2610.73,2611.15,307.0
2024-12-23 20:15:00,2611.11,2611.43,2610.26,2610.81,304.0
2024-12-23 20:20:00,2610.8,2611.42,2610.75,2610.77,334.0
2024-12-23 20:25:00,2610.8,2612.04,2610.72,2611.45,354.0
2024-12-23 20:30:00,2611.41,2612.42,2610.91,2611.9,333.0
2024-12-23 20:35:00,2611.9,2612.34,2610.58,2611.09,329.0
2024-12-23 20:40:00,2611.07,2611.79,2610.47,2610.6,279.0
2024-12-23 20:45:00,2610.6,2612.28,2610.47,2611.84,241.0
2024-12-23 20:50:00,2611.85,2611.89,2609.94,2610.0,166.0
2024-12-23 20:55:00,2610.01,2610.69,2609.98,2610.48,274.0
2024-12-23 21:00:00,2610.54,2611.29,2610.26,2610.86,257.0
2024-12-23 21:05:00,2610.85,2611.48,2610.38,2611.16,204.0
2024-12-23 21:10:00,2611.11,2611.48,2610.53,2611.45,248.0
2024-12-23 21:15:00,2611.44,2612.43,2611.16,2612.43,209.0
2024-12-23 21:20:00,2612.53,2612.53,2611.14,2611.3,247.0
2024-12-23 21:25:00,2611.31,2611.67,2610.3,2610.32,287.0
2024-12-23 21:30:00,2610.32,2611.43,2610.17,2610.82,223.0
2024-12-23 21:35:00,2610.83,2610.98,2610.34,2610.55,277.0
2024-12-23 21:40:00,2610.54,2611.25,2610.34,2610.56,221.0
2024-12-23 21:45:00,2610.57,2611.49,2610.01,2610.2,221.0
2024-12-23 21:50:00,2610.2,2611.14,2609.56,2610.74,279.0
2024-12-23 21:55:00,2610.75,2611.22,2610.36,2611.09,301.0
2024-12-23 22:00:00,2611.05,2612.47,2610.98,2612.42,265.0
2024-12-23 22:05:00,2612.46,2612.59,2611.58,2611.69,218.0
2024-12-23 22:10:00,2611.77,2611.95,2611.24,2611.74,244.0
2024-12-23 22:15:00,2611.77,2611.95,2611.05,2611.2,267.0
2024-12-23 22:20:00,2611.19,2611.41,2610.78,2610.82,236.0
2024-12-23 22:25:00,2610.81,2611.66,2610.81,2611.25,191.0
2024-12-23 22:30:00,2611.25,2611.68,2611.04,2611.44,226.0
2024-12-23 22:35:00,2611.4,2611.68,2610.27,2610.37,223.0
2024-12-23 22:40:00,2610.36,2611.33,2610.25,2610.7,231.0
2024-12-23 22:45:00,2610.67,2610.73,2609.14,2609.47,213.0
2024-12-23 22:50:00,2609.43,2610.31,2609.33,2609.59,267.0
2024-12-23 22:55:00,2609.86,2611.14,2609.86,2611.08,258.0
2024-12-23 23:00:00,2610.89,2611.27,2610.43,2611.16,89.0
2024-12-23 23:05:00,2611.16,2611.16,2609.93,2610.26,53.0
2024-12-23 23:10:00,2610.23,2610.71,2609.94,2610.59,71.0
2024-12-23 23:15:00,2610.67,2611.07,2610.46,2610.97,74.0
2024-12-23 23:20:00,2610.97,2611.79,2610.7,2611.77,62.0
2024-12-23 23:25:00,2611.7,2612.6,2611.31,2612.28,74.0
2024-12-23 23:30:00,2612.37,2613.3,2612.28,2613.3,54.0
2024-12-23 23:35:00,2613.3,2613.45,2612.9,2613.4,23.0
2024-12-23 23:40:00,2613.4,2613.68,2612.89,2613.06,58.0
2024-12-23 23:45:00,2613.05,2613.28,2612.59,2612.91,77.0
2024-12-23 23:50:00,2612.9,2613.27,2612.87,2613.04,78.0
2024-12-23 23:55:00,2613.16,2613.32,2612.72,2612.77,61.0
2024-12-24 01:00:00,2613.12,2615.07,2612.87,2614.68,221.0
2024-12-24 01:05:00,2614.6,2614.71,2613.83,2613.94,88.0
2024-12-24 01:10:00,2614.02,2614.43,2613.64,2614.42,63.0
2024-12-24 01:15:00,2614.3,2614.96,2614.23,2614.56,83.0
2024-12-24 01:20:00,2614.66,2614.89,2614.24,2614.35,61.0
2024-12-24 01:25:00,2614.36,2615.7,2614.31,2615.64,103.0
2024-12-24 01:30:00,2615.73,2616.81,2615.39,2616.8,105.0
2024-12-24 01:35:00,2616.76,2617.0,2615.85,2616.04,89.0
2024-12-24 01:40:00,2616.05,2616.05,2614.88,2614.93,71.0
2024-12-24 01:45:00,2614.91,2616.35,2614.33,2616.18,144.0
2024-12-24 01:50:00,2616.09,2616.49,2614.8,2615.44,164.0
2024-12-24 01:55:00,2615.44,2615.92,2615.44,2615.75,85.0
2024-12-24 02:00:00,2615.7,2616.11,2615.26,2615.55,99.0
2024-12-24 02:05:00,2615.56,2616.3,2615.52,2615.62,143.0
2024-12-24 02:10:00,2615.62,2615.9,2615.33,2615.45,81.0
2024-12-24 02:15:00,2615.51,2615.59,2614.73,2614.74,69.0
2024-12-24 02:20:00,2614.8,2615.23,2614.35,2614.95,130.0
2024-12-24 02:25:00,2614.94,2614.95,2614.07,2614.45,80.0
2024-12-24 02:30:00,2614.51,2614.9,2614.15,2614.67,140.0
2024-12-24 02:35:00,2614.69,2615.09,2613.8,2613.85,162.0
2024-12-24 02:40:00,2613.9,2614.53,2613.59,2614.26,147.0
2024-12-24 02:45:00,2614.26,2615.58,2614.14,2615.16,83.0
2024-12-24 02:50:00,2615.16,2615.95,2614.83,2615.79,124.0
2024-12-24 02:55:00,2615.8,2617.35,2615.77,2616.7,201.0
2024-12-24 03:00:00,2616.72,2618.02,2616.72,2617.22,419.0
2024-12-24 03:05:00,2617.11,2617.29,2615.16,2615.94,374.0
2024-12-24 03:10:00,2615.93,2616.64,2615.27,2615.55,326.0
2024-12-24 03:15:00,2615.54,2616.05,2614.79,2615.03,318.0
2024-12-24 03:20:00,2614.94,2615.45,2614.49,2615.27,296.0
2024-12-24 03:25:00,2615.33,2615.81,2614.87,2615.26,284.0
2024-12-24 03:30:00,2615.17,2616.61,2615.08,2616.34,332.0
2024-12-24 03:35:00,2616.36,2617.99,2616.31,2617.57,345.0
2024-12-24 03:40:00,2617.58,2617.75,2616.35,2616.78,253.0
2024-12-24 03:45:00,2616.78,2617.17,2615.64,2615.99,281.0
2024-12-24 03:50:00,2616.03,2616.71,2615.61,2616.39,329.0
2024-12-24 03:55:00,2616.39,2617.8,2615.79,2617.64,263.0
2024-12-24 04:00:00,2617.51,2618.59,2617.51,2617.74,337.0
2024-12-24 04:05:00,2617.72,2618.79,2617.41,2618.3,386.0
2024-12-24 04:10:00,2618.3,2618.98,2617.92,2618.3,279.0
2024-12-24 04:15:00,2618.38,2618.49,2617.75,2618.29,168.0
2024-12-24 04:20:00,2618.3,2618.42,2617.27,2617.82,226.0
2024-12-24 04:25:00,2617.85,2618.66,2617.85,2618.27,126.0
2024-12-24 04:30:00,2618.26,2619.21,2618.02,2618.81,260.0
2024-12-24 04:35:00,2618.8,2619.8,2618.47,2619.4,250.0
2024-12-24 04:40:00,2619.54,2619.88,2617.8,2617.8,257.0
2024-12-24 04:45:00,2617.83,2617.99,2617.02,2617.23,306.0
2024-12-24 04:50:00,2617.33,2618.18,2617.15,2617.31,298.0
2024-12-24 04:55:00,2617.32,2617.48,2616.67,2616.88,278.0
2024-12-24 05:00:00,2616.86,2617.91,2616.04,2617.02,292.0
2024-12-24 05:05:00,2617.02,2617.02,2615.65,2616.47,331.0
2024-12-24 05:10:00,2616.46,2617.15,2616.12,2616.77,260.0
2024-12-24 05:15:00,2616.78,2616.94,2616.13,2616.89,187.0
2024-12-24 05:20:00,2616.9,2617.63,2616.82,2617.47,244.0
2024-12-24 05:25:00,2617.41,2617.74,2616.79,2616.8,193.0
2024-12-24 05:30:00,2616.81,2617.45,2616.27,2617.3,166.0
2024-12-24 05:35:00,2617.3,2617.89,2617.08,2617.33,139.0
2024-12-24 05:40:00,2617.28,2617.69,2617.05,2617.52,143.0
2024-12-24 05:45:00,2617.53,2617.57,2616.38,2616.75,183.0
2024-12-24 05:50:00,2616.73,2618.02,2616.72,2618.01,133.0
2024-12-24 05:55:00,2618.11,2618.7,2617.69,2618.7,185.0
2024-12-24 06:00:00,2618.73,2619.49,2618.61,2618.8,248.0
2024-12-24 06:05:00,2618.86,2619.51,2618.4,2619.01,230.0
2024-12-24 06:10:00,2619.02,2619.27,2618.66,2618.66,171.0
2024-12-24 06:15:00,2618.72,2619.49,2618.72,2619.04,157.0
2024-12-24 06:20:00,2619.03,2619.67,2618.76,2618.86,156.0
2024-12-24 06:25:00,2618.85,2618.88,2618.31,2618.6,184.0
2024-12-24 06:30:00,2618.61,2618.87,2618.29,2618.66,141.0
2024-12-24 06:35:00,2618.69,2619.4,2618.52,2619.09,150.0
2024-12-24 06:40:00,2619.08,2619.62,2618.83,2619.5,104.0
2024-12-24 06:45:00,2619.63,2619.91,2619.37,2619.52,149.0
2024-12-24 06:50:00,2619.53,2620.38,2619.01,2619.18,197.0
2024-12-24 06:55:00,2619.21,2620.32,2619.21,2620.19,180.0
2024-12-24 07:00:00,2620.2,2621.37,2620.2,2621.03,178.0
2024-12-24 07:05:00,2621.03,2621.17,2620.74,2620.9,172.0
2024-12-24 07:10:00,2620.9,2621.41,2620.83,2621.31,158.0
2024-12-24 07:15:00,2621.31,2621.37,2620.27,2620.43,93.0
2024-12-24 07:20:00,2620.4,2620.63,2619.97,2620.24,133.0
2024-12-24 07:25:00,2620.26,2620.26,2618.84,2618.94,133.0
2024-12-24 07:30:00,2618.93,2619.82,2618.54,2619.4,340.0
2024-12-24 07:35:00,2619.39,2619.49,2618.49,2619.27,271.0
2024-12-24 07:40:00,2619.26,2620.15,2618.87,2619.65,257.0
2024-12-24 07:45:00,2619.67,2620.78,2619.45,2620.11,271.0
2024-12-24 07:50:00,2620.17,2620.57,2619.0,2619.72,258.0
2024-12-24 07:55:00,2619.73,2619.76,2618.36,2619.24,240.0
2024-12-24 08:00:00,2619.2,2619.37,2617.94,2618.02,309.0
2024-12-24 08:05:00,2618.01,2619.01,2617.78,2618.57,303.0
2024-12-24 08:10:00,2618.57,2618.92,2617.17,2617.71,295.0
2024-12-24 08:15:00,2617.71,2617.83,2616.38,2617.31,336.0
2024-12-24 08:20:00,2617.28,2617.75,2616.96,2617.41,260.0
2024-12-24 08:25:00,2617.41,2618.44,2617.31,2617.54,205.0
2024-12-24 08:30:00,2617.54,2617.88,2616.98,2617.77,218.0
2024-12-24 08:35:00,2617.8,2618.34,2617.66,2617.9,222.0
2024-12-24 08:40:00,2617.91,2618.36,2617.63,2618.08,223.0
2024-12-24 08:45:00,2618.1,2618.54,2617.43,2618.41,187.0
2024-12-24 08:50:00,2618.44,2619.77,2618.21,2619.27,242.0
2024-12-24 08:55:00,2619.27,2619.53,2618.41,2618.96,194.0
2024-12-24 09:00:00,2618.61,2620.38,2618.61,2620.38,234.0
2024-12-24 09:05:00,2620.39,2621.42,2620.12,2620.56,253.0
2024-12-24 09:10:00,2620.56,2621.46,2619.68,2619.74,206.0
2024-12-24 09:15:00,2619.74,2620.52,2619.16,2619.54,178.0
2024-12-24 09:20:00,2619.55,2620.17,2619.29,2620.13,170.0
2024-12-24 09:25:00,2620.08,2620.97,2620.03,2620.65,176.0
2024-12-24 09:30:00,2620.64,2620.9,2620.09,2620.44,179.0
2024-12-24 09:35:00,2620.49,2620.49,2618.56,2619.08,234.0
2024-12-24 09:40:00,2619.1,2619.93,2618.69,2619.93,170.0
2024-12-24 09:45:00,2619.91,2620.38,2619.18,2619.25,210.0
2024-12-24 09:50:00,2619.44,2619.73,2618.36,2618.84,217.0
2024-12-24 09:55:00,2618.89,2618.98,2618.06,2618.52,191.0
2024-12-24 10:00:00,2618.51,2618.72,2617.33,2618.13,301.0
2024-12-24 10:05:00,2618.13,2618.47,2617.52,2618.0,215.0
2024-12-24 10:10:00,2617.95,2618.9,2617.9,2618.57,192.0
2024-12-24 10:15:00,2618.47,2619.49,2618.31,2619.07,148.0
2024-12-24 10:20:00,2619.08,2619.87,2618.46,2618.95,209.0
2024-12-24 10:25:00,2618.98,2619.31,2618.44,2618.52,201.0
2024-12-24 10:30:00,2618.5,2619.33,2618.44,2619.33,216.0
2024-12-24 10:35:00,2619.37,2619.38,2617.89,2618.64,235.0
2024-12-24 10:40:00,2618.64,2619.37,2618.24,2618.85,325.0
2024-12-24 10:45:00,2618.85,2618.88,2617.24,2617.27,269.0
2024-12-24 10:50:00,2617.29,2617.92,2616.98,2617.92,285.0
2024-12-24 10:55:00,2617.91,2617.91,2616.87,2617.41,219.0
2024-12-24 11:00:00,2617.41,2618.29,2616.66,2618.17,356.0
2024-12-24 11:05:00,2618.13,2618.42,2617.1,2617.11,234.0
2024-12-24 11:10:00,2617.22,2617.22,2615.76,2615.95,218.0
2024-12-24 11:15:00,2615.94,2616.23,2613.96,2614.02,287.0
2024-12-24 11:20:00,2614.03,2615.61,2613.95,2615.54,245.0
2024-12-24 11:25:00,2615.59,2616.34,2614.93,2615.15,262.0
2024-12-24 11:30:00,2615.09,2615.62,2614.79,2615.16,188.0
2024-12-24 11:35:00,2615.0,2615.98,2614.3,2614.55,189.0
2024-12-24 11:40:00,2614.48,2615.14,2614.28,2614.6,174.0
2024-12-24 11:45:00,2614.59,2614.65,2613.37,2614.42,282.0
2024-12-24 11:50:00,2614.36,2614.83,2613.7,2614.13,189.0
2024-12-24 11:55:00,2614.12,2614.36,2613.49,2613.54,166.0
2024-12-24 12:00:00,2613.54,2614.71,2613.15,2614.34,249.0
2024-12-24 12:05:00,2614.34,2616.14,2614.24,2615.69,245.0
2024-12-24 12:10:00,2615.68,2616.45,2615.46,2616.12,219.0
2024-12-24 12:15:00,2616.12,2617.81,2616.08,2617.5,214.0
2024-12-24 12:20:00,2617.5,2617.86,2616.91,2617.35,155.0
2024-12-24 12:25:00,2617.32,2617.33,2616.54,2616.99,132.0
2024-12-24 12:30:00,2616.73,2616.94,2614.37,2615.08,283.0
2024-12-24 12:35:00,2615.2,2615.62,2614.69,2615.62,172.0
2024-12-24 12:40:00,2615.62,2615.85,2614.99,2615.84,146.0
2024-12-24 12:45:00,2615.86,2617.13,2615.86,2616.91,220.0
2024-12-24 12:50:00,2616.95,2617.18,2616.59,2616.92,221.0
2024-12-24 12:55:00,2616.93,2617.0,2615.42,2615.59,179.0
2024-12-24 13:00:00,2615.45,2615.73,2614.71,2614.76,175.0
2024-12-24 13:05:00,2614.76,2615.56,2614.55,2614.65,184.0
2024-12-24 13:10:00,2614.64,2615.89,2614.38,2615.83,242.0
2024-12-24 13:15:00,2615.82,2616.15,2614.68,2614.7,205.0
2024-12-24 13:20:00,2614.71,2614.99,2614.0,2614.35,256.0
2024-12-24 13:25:00,2614.33,2614.35,2612.82,2613.1,261.0
2024-12-24 13:30:00,2613.13,2613.54,2612.32,2613.54,244.0
2024-12-24 13:35:00,2613.55,2614.59,2613.46,2613.65,188.0
2024-12-24 13:40:00,2613.64,2614.67,2613.41,2614.28,150.0
2024-12-24 13:45:00,2614.31,2615.0,2614.19,2614.92,148.0
2024-12-24 13:50:00,2614.85,2616.15,2614.67,2615.98,222.0
2024-12-24 13:55:00,2616.08,2616.08,2614.77,2615.17,222.0
2024-12-24 14:00:00,2615.21,2615.43,2614.38,2615.17,221.0
2024-12-24 14:05:00,2615.16,2615.67,2613.97,2614.13,188.0
2024-12-24 14:10:00,2614.12,2615.16,2613.75,2614.95,241.0
2024-12-24 14:15:00,2615.02,2615.91,2614.74,2615.52,243.0
2024-12-24 14:20:00,2615.48,2616.31,2615.21,2615.65,229.0
2024-12-24 14:25:00,2615.58,2615.72,2614.07,2614.43,224.0
2024-12-24 14:30:00,2614.42,2615.01,2613.94,2614.21,201.0
2024-12-24 14:35:00,2614.21,2614.88,2613.49,2614.86,202.0
2024-12-24 14:40:00,2614.88,2615.35,2614.34,2614.74,265.0
2024-12-24 14:45:00,2614.74,2615.58,2614.5,2614.96,202.0
2024-12-24 14:50:00,2614.79,2614.94,2613.53,2613.58,190.0
2024-12-24 14:55:00,2613.38,2613.93,2612.52,2613.73,303.0
2024-12-24 15:00:00,2613.66,2614.26,2612.88,2614.26,393.0
2024-12-24 15:05:00,2614.24,2614.68,2613.02,2613.78,357.0
2024-12-24 15:10:00,2613.79,2614.73,2613.2,2613.93,367.0
2024-12-24 15:15:00,2613.93,2614.43,2613.39,2614.19,344.0
2024-12-24 15:20:00,2614.12,2614.21,2612.63,2613.32,365.0
2024-12-24 15:25:00,2613.21,2614.27,2612.81,2613.09,294.0
2024-12-24 15:30:00,2612.95,2613.33,2611.29,2611.89,380.0
2024-12-24 15:35:00,2611.89,2613.34,2611.43,2611.48,342.0
2024-12-24 15:40:00,2611.47,2613.19,2611.47,2612.78,267.0
2024-12-24 15:45:00,2612.78,2613.29,2611.79,2612.01,359.0
2024-12-24 15:50:00,2612.02,2613.82,2611.85,2613.82,326.0
2024-12-24 15:55:00,2613.8,2614.6,2613.22,2614.3,364.0
2024-12-24 16:00:00,2614.3,2615.5,2614.27,2614.31,384.0
2024-12-24 16:05:00,2614.31,2615.16,2613.68,2614.45,313.0
2024-12-24 16:10:00,2614.44,2615.38,2614.24,2614.34,373.0
2024-12-24 16:15:00,2614.34,2614.62,2613.7,2614.6,260.0
2024-12-24 16:20:00,2614.66,2615.22,2614.46,2615.15,311.0
2024-12-24 16:25:00,2615.24,2617.25,2615.24,2616.62,369.0
2024-12-24 16:30:00,2616.48,2617.05,2613.59,2614.09,459.0
2024-12-24 16:35:00,2613.89,2614.21,2612.66,2613.48,405.0
2024-12-24 16:40:00,2613.48,2614.31,2612.28,2614.2,414.0
2024-12-24 16:45:00,2614.28,2614.38,2611.29,2611.46,430.0
2024-12-24 16:50:00,2611.45,2611.71,2610.63,2610.63,387.0
2024-12-24 16:55:00,2610.68,2611.24,2610.12,2610.89,348.0
2024-12-24 17:00:00,2610.89,2612.12,2610.02,2611.89,427.0
2024-12-24 17:05:00,2611.9,2612.27,2610.82,2612.08,408.0
2024-12-24 17:10:00,2612.28,2612.76,2611.56,2612.76,419.0
2024-12-24 17:15:00,2612.79,2613.44,2611.95,2612.18,360.0
2024-12-24 17:20:00,2612.18,2612.2,2610.99,2611.12,357.0
2024-12-24 17:25:00,2611.14,2612.66,2611.09,2612.33,386.0
2024-12-24 17:30:00,2612.21,2613.11,2612.03,2612.56,327.0
2024-12-24 17:35:00,2612.62,2612.98,2611.75,2612.38,296.0
2024-12-24 17:40:00,2612.38,2612.48,2610.99,2611.3,280.0
2024-12-24 17:45:00,2611.3,2611.72,2610.26,2611.55,385.0
2024-12-24 17:50:00,2611.64,2611.76,2610.66,2610.73,338.0
2024-12-24 17:55:00,2610.72,2611.78,2610.6,2611.67,360.0
2024-12-24 18:00:00,2611.71,2612.92,2611.57,2612.36,367.0
2024-12-24 18:05:00,2612.39,2613.19,2612.25,2612.44,261.0
2024-12-24 18:10:00,2612.42,2614.17,2612.04,2613.69,337.0
2024-12-24 18:15:00,2613.66,2615.2,2613.6,2614.67,333.0
2024-12-24 18:20:00,2614.65,2614.68,2613.72,2614.65,275.0
2024-12-24 18:25:00,2614.64,2616.25,2614.61,2615.51,283.0
2024-12-24 18:30:00,2615.59,2617.47,2615.56,2617.15,338.0
2024-12-24 18:35:00,2617.36,2617.44,2615.99,2616.36,288.0
2024-12-24 18:40:00,2616.36,2617.67,2616.1,2617.4,257.0
2024-12-24 18:45:00,2617.39,2617.64,2616.87,2616.91,287.0
2024-12-24 18:50:00,2616.91,2617.13,2616.08,2616.45,236.0
2024-12-24 18:55:00,2616.39,2616.49,2615.58,2615.99,247.0
2024-12-24 19:00:00,2615.91,2616.26,2615.52,2616.1,228.0
2024-12-24 19:05:00,2616.11,2616.44,2615.6,2615.74,233.0
2024-12-24 19:10:00,2615.74,2615.85,2615.22,2615.53,239.0
2024-12-24 19:15:00,2615.59,2617.28,2615.45,2617.17,272.0
2024-12-24 19:20:00,2617.13,2618.75,2616.88,2618.39,348.0
2024-12-24 19:25:00,2618.45,2619.36,2618.36,2619.22,310.0
2024-12-24 19:30:00,2619.17,2619.2,2617.58,2617.97,313.0
2024-12-24 19:35:00,2618.0,2618.47,2617.39,2618.03,303.0
2024-12-24 19:40:00,2618.04,2618.13,2617.32,2617.82,296.0
2024-12-24 19:45:00,2617.82,2617.82,2616.02,2616.35,280.0
2024-12-24 19:50:00,2616.27,2616.77,2615.8,2616.41,311.0
2024-12-24 19:55:00,2616.39,2617.35,2615.96,2616.98,331.0
2024-12-24 20:00:00,2616.99,2617.92,2616.44,2616.78,159.0
2024-12-24 20:05:00,2616.78,2616.78,2615.94,2616.28,120.0
2024-12-24 20:10:00,2616.28,2617.35,2615.92,2616.65,193.0
2024-12-24 20:15:00,2616.64,2616.64,2615.1,2616.05,182.0
2024-12-24 20:20:00,2616.03,2616.15,2615.39,2615.6,120.0
2024-12-24 20:25:00,2615.52,2616.5,2614.68,2616.5,135.0
2024-12-24 20:30:00,2616.51,2616.65,2615.62,2616.32,70.0
2024-12-24 20:35:00,2616.32,2617.07,2615.92,2616.65,124.0
2024-12-24 20:40:00,2616.66,2616.95,2615.82,2616.59,163.0
2024-12-26 01:00:00,2616.14,2619.68,2614.78,2615.9,361.0
2024-12-26 01:05:00,2615.03,2616.89,2614.12,2616.75,102.0
2024-12-26 01:10:00,2616.73,2618.08,2616.54,2617.72,136.0
2024-12-26 01:15:00,2617.84,2618.57,2617.7,2618.29,103.0
2024-12-26 01:20:00,2618.3,2618.92,2618.27,2618.92,121.0
2024-12-26 01:25:00,2618.92,2619.99,2618.92,2619.71,154.0
2024-12-26 01:30:00,2619.69,2619.79,2618.79,2618.99,70.0
2024-12-26 01:35:00,2618.99,2619.1,2618.24,2618.83,80.0
2024-12-26 01:40:00,2618.83,2618.89,2618.48,2618.5,50.0
2024-12-26 01:45:00,2618.51,2618.51,2617.71,2617.79,70.0
2024-12-26 01:50:00,2617.73,2618.26,2617.73,2618.18,42.0
2024-12-26 01:55:00,2618.19,2618.91,2617.81,2618.34,50.0
2024-12-26 02:00:00,2618.33,2619.85,2618.33,2619.0,76.0
2024-12-26 02:05:00,2618.96,2619.42,2618.95,2619.26,58.0
2024-12-26 02:10:00,2619.26,2619.74,2618.94,2619.18,68.0
2024-12-26 02:15:00,2619.18,2619.77,2619.05,2619.77,58.0
2024-12-26 02:20:00,2619.78,2620.14,2619.62,2619.95,63.0
2024-12-26 02:25:00,2619.95,2620.3,2619.41,2620.01,57.0
2024-12-26 02:30:00,2620.01,2620.52,2619.93,2620.42,74.0
2024-12-26 02:35:00,2620.41,2622.24,2620.41,2621.94,205.0
2024-12-26 02:40:00,2621.94,2622.63,2620.99,2621.0,307.0
2024-12-26 02:45:00,2621.01,2621.64,2620.34,2621.54,151.0
2024-12-26 02:50:00,2621.55,2622.22,2621.31,2621.61,181.0
2024-12-26 02:55:00,2621.6,2621.87,2620.92,2621.47,196.0
2024-12-26 03:00:00,2621.24,2624.04,2620.67,2624.04,411.0
2024-12-26 03:05:00,2624.15,2625.32,2624.07,2624.73,395.0
2024-12-26 03:10:00,2624.82,2625.53,2624.37,2624.53,309.0
2024-12-26 03:15:00,2624.57,2624.85,2623.9,2624.38,303.0
2024-12-26 03:20:00,2624.43,2625.94,2624.34,2625.73,266.0
2024-12-26 03:25:00,2625.73,2626.28,2624.95,2625.88,301.0
2024-12-26 03:30:00,2625.88,2627.33,2625.8,2627.01,286.0
2024-12-26 03:35:00,2627.02,2627.74,2626.49,2626.98,209.0
2024-12-26 03:40:00,2626.96,2627.35,2625.89,2626.38,253.0
2024-12-26 03:45:00,2626.44,2627.0,2625.98,2626.56,251.0
2024-12-26 03:50:00,2626.54,2627.11,2626.17,2627.03,312.0
2024-12-26 03:55:00,2626.93,2627.7,2626.64,2626.64,318.0
2024-12-26 04:00:00,2626.64,2626.8,2625.97,2626.08,260.0
2024-12-26 04:05:00,2626.07,2627.13,2625.85,2626.51,224.0
2024-12-26 04:10:00,2626.51,2626.96,2626.23,2626.42,212.0
2024-12-26 04:15:00,2626.54,2626.54,2626.0,2626.21,174.0
2024-12-26 04:20:00,2626.26,2627.02,2625.88,2626.59,202.0
2024-12-26 04:25:00,2626.59,2626.98,2625.74,2626.25,156.0
2024-12-26 04:30:00,2626.01,2626.58,2625.76,2626.42,205.0
2024-12-26 04:35:00,2626.41,2627.26,2626.17,2626.34,130.0
2024-12-26 04:40:00,2626.26,2626.51,2625.87,2626.19,189.0
2024-12-26 04:45:00,2626.19,2626.47,2625.86,2625.99,215.0
2024-12-26 04:50:00,2626.06,2627.57,2625.94,2627.38,190.0
2024-12-26 04:55:00,2627.36,2627.82,2627.01,2627.59,184.0
2024-12-26 05:00:00,2627.62,2629.09,2627.62,2627.9,189.0
2024-12-26 05:05:00,2627.88,2628.14,2627.58,2627.97,171.0
2024-12-26 05:10:00,2627.96,2628.78,2627.78,2628.5,172.0
2024-12-26 05:15:00,2628.49,2628.7,2627.22,2627.59,176.0
2024-12-26 05:20:00,2627.48,2627.51,2626.09,2626.27,260.0
2024-12-26 05:25:00,2626.4,2626.64,2625.84,2626.14,297.0
2024-12-26 05:30:00,2626.24,2627.44,2625.97,2627.44,167.0
2024-12-26 05:35:00,2627.45,2628.1,2627.18,2628.1,124.0
2024-12-26 05:40:00,2628.32,2628.53,2627.25,2627.49,168.0
2024-12-26 05:45:00,2627.45,2627.55,2626.59,2627.09,199.0
2024-12-26 05:50:00,2627.12,2627.12,2625.48,2626.35,259.0
2024-12-26 05:55:00,2626.34,2627.34,2626.29,2626.86,204.0
2024-12-26 06:00:00,2626.85,2627.03,2626.42,2626.43,77.0
2024-12-26 06:05:00,2626.45,2627.06,2626.26,2626.57,123.0
2024-12-26 06:10:00,2626.53,2627.13,2625.97,2626.72,97.0
2024-12-26 06:15:00,2626.72,2627.08,2626.48,2626.63,110.0
2024-12-26 06:20:00,2626.69,2627.95,2626.67,2627.8,170.0
2024-12-26 06:25:00,2627.79,2628.14,2627.3,2627.35,189.0
2024-12-26 06:30:00,2627.35,2627.94,2626.94,2627.52,155.0
2024-12-26 06:35:00,2627.54,2628.75,2627.53,2628.68,115.0
2024-12-26 06:40:00,2628.73,2629.18,2628.47,2628.79,173.0
2024-12-26 06:45:00,2628.82,2628.95,2628.16,2628.38,194.0
2024-12-26 06:50:00,2628.31,2628.45,2627.65,2627.86,110.0
2024-12-26 06:55:00,2627.86,2628.0,2627.37,2627.37,151.0
2024-12-26 07:00:00,2627.37,2627.47,2626.98,2626.98,207.0
2024-12-26 07:05:00,2627.01,2627.18,2626.3,2626.95,228.0
2024-12-26 07:10:00,2626.95,2626.95,2626.16,2626.68,154.0
2024-12-26 07:15:00,2626.65,2626.96,2626.11,2626.19,111.0
2024-12-26 07:20:00,2626.19,2627.36,2626.0,2627.3,151.0
2024-12-26 07:25:00,2627.3,2627.53,2626.91,2627.03,96.0
2024-12-26 07:30:00,2627.03,2627.17,2626.52,2626.71,247.0
2024-12-26 07:35:00,2626.7,2628.23,2626.62,2627.91,218.0
2024-12-26 07:40:00,2627.86,2627.99,2627.23,2627.56,269.0
2024-12-26 07:45:00,2627.56,2628.0,2627.23,2627.42,211.0
2024-12-26 07:50:00,2627.4,2628.23,2627.32,2627.4,216.0
2024-12-26 07:55:00,2627.39,2627.51,2626.36,2626.39,219.0
2024-12-26 08:00:00,2626.34,2626.7,2624.52,2624.65,336.0
2024-12-26 08:05:00,2624.64,2626.01,2624.5,2625.99,294.0
2024-12-26 08:10:00,2625.99,2627.35,2625.99,2627.06,148.0
2024-12-26 08:15:00,2627.0,2627.19,2626.22,2626.77,199.0
2024-12-26 08:20:00,2626.77,2627.02,2626.25,2626.97,165.0
2024-12-26 08:25:00,2627.01,2627.08,2626.44,2627.01,186.0
2024-12-26 08:30:00,2627.01,2627.01,2625.44,2625.66,165.0
2024-12-26 08:35:00,2625.66,2625.71,2625.31,2625.46,131.0
2024-12-26 08:40:00,2625.49,2625.72,2625.18,2625.39,124.0
2024-12-26 08:45:00,2625.36,2625.53,2625.0,2625.14,161.0
2024-12-26 08:50:00,2625.29,2625.76,2625.08,2625.45,197.0
2024-12-26 08:55:00,2625.39,2626.51,2625.35,2626.09,203.0
2024-12-26 09:00:00,2626.23,2626.86,2625.93,2626.52,207.0
2024-12-26 09:05:00,2626.55,2628.54,2626.44,2628.14,219.0
2024-12-26 09:10:00,2628.14,2629.61,2626.44,2627.18,270.0
2024-12-26 09:15:00,2627.19,2627.51,2625.89,2626.23,263.0
2024-12-26 09:20:00,2626.21,2626.21,2623.97,2624.42,283.0
2024-12-26 09:25:00,2624.44,2625.0,2624.21,2624.67,181.0
2024-12-26 09:30:00,2624.69,2624.93,2624.26,2624.64,148.0
2024-12-26 09:35:00,2624.63,2624.7,2623.64,2623.84,110.0
2024-12-26 09:40:00,2623.84,2624.55,2623.76,2624.53,94.0
2024-12-26 09:45:00,2624.53,2625.63,2624.39,2625.03,141.0
2024-12-26 09:50:00,2625.09,2625.82,2624.56,2624.72,196.0
2024-12-26 09:55:00,2624.73,2625.72,2624.33,2625.42,171.0
2024-12-26 10:00:00,2625.47,2627.38,2625.29,2626.81,255.0
2024-12-26 10:05:00,2626.79,2628.47,2626.47,2627.96,231.0
2024-12-26 10:10:00,2627.96,2628.71,2627.45,2628.09,211.0
2024-12-26 10:15:00,2628.17,2628.71,2627.81,2628.58,180.0
2024-12-26 10:20:00,2628.6,2629.03,2626.91,2626.97,217.0
2024-12-26 10:25:00,2626.97,2627.71,2626.97,2627.42,156.0
2024-12-26 10:30:00,2627.42,2627.42,2625.64,2625.71,154.0
2024-12-26 10:35:00,2625.72,2626.02,2625.19,2626.01,171.0
2024-12-26 10:40:00,2625.92,2626.83,2625.8,2626.11,165.0
2024-12-26 10:45:00,2626.08,2627.12,2625.91,2626.4,158.0
2024-12-26 10:50:00,2626.41,2627.3,2626.27,2627.13,204.0
2024-12-26 10:55:00,2627.14,2627.89,2626.91,2627.55,186.0
2024-12-26 11:00:00,2627.53,2627.57,2626.34,2626.89,165.0
2024-12-26 11:05:00,2626.9,2627.53,2626.63,2627.41,173.0
2024-12-26 11:10:00,2627.45,2628.11,2627.33,2627.73,176.0
2024-12-26 11:15:00,2627.73,2627.78,2626.45,2626.67,120.0
2024-12-26 11:20:00,2626.67,2626.9,2626.22,2626.71,130.0
2024-12-26 11:25:00,2626.71,2626.76,2626.0,2626.16,82.0
2024-12-26 11:30:00,2626.16,2626.81,2625.92,2626.62,113.0
2024-12-26 11:35:00,2626.62,2627.42,2626.62,2627.1,130.0
2024-12-26 11:40:00,2627.09,2627.56,2626.76,2627.47,90.0
2024-12-26 11:45:00,2627.47,2628.12,2627.2,2627.82,140.0
2024-12-26 11:50:00,2627.87,2628.14,2627.54,2627.97,141.0
2024-12-26 11:55:00,2627.92,2628.09,2627.13,2627.48,134.0
2024-12-26 12:00:00,2627.5,2627.77,2627.16,2627.3,185.0
2024-12-26 12:05:00,2627.33,2628.24,2627.27,2627.4,158.0
2024-12-26 12:10:00,2627.4,2628.07,2627.27,2627.89,92.0
2024-12-26 12:15:00,2627.89,2628.68,2627.78,2628.23,171.0
2024-12-26 12:20:00,2628.17,2628.64,2627.28,2627.28,164.0
2024-12-26 12:25:00,2627.2,2627.81,2626.77,2627.56,144.0
2024-12-26 12:30:00,2627.57,2628.52,2627.2,2628.13,166.0
2024-12-26 12:35:00,2628.23,2629.1,2627.6,2628.67,220.0
2024-12-26 12:40:00,2628.68,2629.29,2628.61,2628.61,133.0
2024-12-26 12:45:00,2628.64,2629.33,2628.49,2628.83,188.0
2024-12-26 12:50:00,2628.83,2629.33,2628.64,2629.09,149.0
2024-12-26 12:55:00,2629.08,2629.37,2628.75,2628.75,164.0
2024-12-26 13:00:00,2628.76,2628.91,2628.38,2628.75,152.0
2024-12-26 13:05:00,2628.76,2629.95,2628.6,2629.72,165.0
2024-12-26 13:10:00,2629.73,2630.02,2628.11,2629.14,264.0
2024-12-26 13:15:00,2629.16,2629.24,2628.26,2628.51,227.0
2024-12-26 13:20:00,2628.53,2629.25,2628.33,2628.42,148.0
2024-12-26 13:25:00,2628.42,2629.41,2628.42,2629.32,190.0
2024-12-26 13:30:00,2629.33,2629.81,2629.21,2629.49,178.0
2024-12-26 13:35:00,2629.43,2629.46,2628.12,2628.32,151.0
2024-12-26 13:40:00,2628.37,2628.76,2628.03,2628.63,133.0
2024-12-26 13:45:00,2628.65,2628.72,2628.08,2628.26,207.0
2024-12-26 13:50:00,2628.29,2628.63,2627.69,2628.5,179.0
2024-12-26 13:55:00,2628.5,2628.59,2627.74,2627.86,179.0
2024-12-26 14:00:00,2627.83,2628.42,2627.22,2627.26,288.0
2024-12-26 14:05:00,2627.3,2627.38,2626.3,2626.35,228.0
2024-12-26 14:10:00,2626.35,2626.41,2625.13,2625.57,227.0
2024-12-26 14:15:00,2625.55,2626.24,2624.95,2625.46,255.0
2024-12-26 14:20:00,2625.56,2625.61,2624.69,2625.35,290.0
2024-12-26 14:25:00,2625.35,2626.58,2625.3,2626.17,243.0
2024-12-26 14:30:00,2626.17,2627.23,2625.97,2627.07,249.0
2024-12-26 14:35:00,2627.07,2627.16,2626.19,2626.25,173.0
2024-12-26 14:40:00,2626.31,2626.99,2625.95,2626.22,167.0
2024-12-26 14:45:00,2626.23,2626.99,2626.17,2626.41,200.0
2024-12-26 14:50:00,2626.4,2626.45,2625.73,2626.37,164.0
2024-12-26 14:55:00,2626.35,2627.18,2626.04,2626.67,242.0
2024-12-26 15:00:00,2626.71,2630.69,2626.71,2630.41,435.0
2024-12-26 15:05:00,2630.37,2630.54,2628.55,2629.68,381.0
2024-12-26 15:10:00,2629.69,2631.12,2629.65,2630.32,388.0
2024-12-26 15:15:00,2630.2,2630.59,2628.41,2629.22,375.0
2024-12-26 15:20:00,2629.26,2629.26,2626.65,2627.61,439.0
2024-12-26 15:25:00,2627.7,2627.89,2626.92,2627.15,335.0
2024-12-26 15:30:00,2627.48,2627.79,2624.28,2625.43,370.0
2024-12-26 15:35:00,2625.38,2625.87,2624.74,2625.23,366.0
2024-12-26 15:40:00,2625.16,2625.17,2623.75,2623.93,391.0
2024-12-26 15:45:00,2623.83,2624.26,2621.73,2623.07,426.0
2024-12-26 15:50:00,2623.04,2623.51,2622.38,2622.82,347.0
2024-12-26 15:55:00,2622.82,2623.99,2622.28,2623.12,376.0
2024-12-26 16:00:00,2623.09,2624.24,2622.4,2623.0,347.0
2024-12-26 16:05:00,2623.07,2624.41,2623.07,2624.0,332.0
2024-12-26 16:10:00,2624.04,2625.36,2623.45,2625.36,238.0
2024-12-26 16:15:00,2625.39,2626.06,2625.2,2625.72,267.0
2024-12-26 16:20:00,2625.84,2627.31,2625.75,2627.26,347.0
2024-12-26 16:25:00,2627.34,2627.47,2625.69,2626.69,300.0
2024-12-26 16:30:00,2626.65,2626.65,2624.68,2625.75,442.0
2024-12-26 16:35:00,2625.66,2626.51,2625.49,2626.07,418.0
2024-12-26 16:40:00,2626.22,2626.83,2624.9,2626.27,437.0
2024-12-26 16:45:00,2626.29,2628.15,2626.29,2627.7,409.0
2024-12-26 16:50:00,2627.72,2628.48,2626.78,2628.42,432.0
2024-12-26 16:55:00,2628.54,2630.14,2627.74,2630.02,426.0
2024-12-26 17:00:00,2630.01,2631.0,2629.1,2630.85,406.0
2024-12-26 17:05:00,2630.83,2633.55,2630.5,2633.53,444.0
2024-12-26 17:10:00,2633.53,2635.04,2633.53,2634.84,448.0
2024-12-26 17:15:00,2634.84,2635.69,2633.57,2633.99,405.0
2024-12-26 17:20:00,2634.0,2635.86,2633.99,2634.85,394.0
2024-12-26 17:25:00,2634.92,2635.9,2634.75,2635.28,361.0
2024-12-26 17:30:00,2635.32,2637.41,2634.87,2635.51,447.0
2024-12-26 17:35:00,2635.46,2635.54,2634.67,2635.51,389.0
2024-12-26 17:40:00,2635.29,2636.6,2635.1,2636.05,396.0
2024-12-26 17:45:00,2636.03,2638.25,2635.97,2637.99,448.0
2024-12-26 17:50:00,2638.02,2639.12,2637.81,2638.82,465.0
2024-12-26 17:55:00,2638.87,2639.14,2636.5,2636.5,397.0
2024-12-26 18:00:00,2636.6,2636.8,2634.28,2634.35,423.0
2024-12-26 18:05:00,2634.5,2635.62,2632.81,2635.31,398.0
2024-12-26 18:10:00,2635.42,2635.51,2633.31,2634.74,375.0
2024-12-26 18:15:00,2634.75,2635.2,2633.91,2634.11,306.0
2024-12-26 18:20:00,2634.13,2634.15,2632.93,2633.42,332.0
2024-12-26 18:25:00,2633.49,2633.66,2632.86,2633.4,316.0
2024-12-26 18:30:00,2633.52,2633.52,2631.72,2631.81,303.0
2024-12-26 18:35:00,2631.81,2632.53,2631.49,2632.25,300.0
2024-12-26 18:40:00,2632.19,2633.2,2631.99,2632.94,315.0
2024-12-26 18:45:00,2632.94,2633.14,2632.08,2633.11,312.0
2024-12-26 18:50:00,2633.11,2633.52,2632.31,2632.43,319.0
2024-12-26 18:55:00,2632.47,2632.76,2631.99,2631.99,349.0
2024-12-26 19:00:00,2631.99,2632.19,2631.14,2631.57,330.0
2024-12-26 19:05:00,2631.58,2632.21,2631.01,2631.08,309.0
2024-12-26 19:10:00,2630.9,2631.26,2630.11,2630.48,340.0
2024-12-26 19:15:00,2630.38,2631.06,2629.56,2629.93,347.0
2024-12-26 19:20:00,2629.92,2630.25,2628.45,2628.64,313.0
2024-12-26 19:25:00,2628.65,2629.07,2628.33,2628.52,340.0
2024-12-26 19:30:00,2628.57,2629.32,2628.16,2629.19,340.0
2024-12-26 19:35:00,2629.15,2629.82,2628.83,2629.75,292.0
2024-12-26 19:40:00,2629.79,2630.76,2629.21,2630.76,244.0
2024-12-26 19:45:00,2630.66,2630.66,2628.56,2628.79,341.0
2024-12-26 19:50:00,2628.79,2628.84,2627.89,2628.78,349.0
2024-12-26 19:55:00,2628.83,2629.46,2628.66,2629.18,381.0
2024-12-26 20:00:00,2629.11,2632.39,2629.06,2632.08,374.0
2024-12-26 20:05:00,2632.14,2633.67,2631.66,2632.48,374.0
2024-12-26 20:10:00,2632.42,2632.77,2631.54,2631.54,338.0
2024-12-26 20:15:00,2631.29,2633.11,2631.29,2633.0,330.0
2024-12-26 20:20:00,2633.0,2634.42,2632.57,2634.28,358.0
2024-12-26 20:25:00,2634.08,2635.58,2634.08,2635.13,372.0
2024-12-26 20:30:00,2634.96,2635.95,2634.19,2634.67,337.0
2024-12-26 20:35:00,2634.59,2635.29,2634.06,2634.47,315.0
2024-12-26 20:40:00,2634.48,2634.71,2633.66,2634.3,296.0
2024-12-26 20:45:00,2634.21,2635.38,2633.95,2635.23,276.0
2024-12-26 20:50:00,2635.23,2635.55,2634.35,2635.22,283.0
2024-12-26 20:55:00,2635.23,2635.51,2634.5,2634.73,251.0
2024-12-26 21:00:00,2634.62,2634.62,2633.39,2633.64,285.0
2024-12-26 21:05:00,2633.7,2633.81,2632.68,2633.16,296.0
2024-12-26 21:10:00,2633.16,2633.96,2633.16,2633.73,282.0
2024-12-26 21:15:00,2633.72,2634.44,2633.23,2633.43,302.0
2024-12-26 21:20:00,2633.42,2633.84,2633.17,2633.4,291.0
2024-12-26 21:25:00,2633.4,2634.07,2632.82,2634.03,263.0
2024-12-26 21:30:00,2634.02,2634.67,2633.54,2634.54,252.0
2024-12-26 21:35:00,2634.51,2635.24,2634.33,2635.23,248.0
2024-12-26 21:40:00,2635.24,2635.75,2634.9,2635.39,229.0
2024-12-26 21:45:00,2635.38,2635.77,2635.3,2635.56,225.0
2024-12-26 21:50:00,2635.48,2635.49,2634.7,2635.05,241.0
2024-12-26 21:55:00,2635.05,2635.11,2634.32,2634.9,253.0
2024-12-26 22:00:00,2634.86,2635.06,2634.28,2634.87,278.0
2024-12-26 22:05:00,2634.86,2635.83,2634.73,2635.45,207.0
2024-12-26 22:10:00,2635.44,2635.89,2635.15,2635.47,209.0
2024-12-26 22:15:00,2635.44,2635.89,2635.23,2635.84,234.0
2024-12-26 22:20:00,2635.96,2636.14,2635.48,2635.61,253.0
2024-12-26 22:25:00,2635.62,2635.97,2635.11,2635.58,216.0
2024-12-26 22:30:00,2635.45,2635.68,2635.25,2635.55,263.0
2024-12-26 22:35:00,2635.79,2635.79,2634.87,2635.03,218.0
2024-12-26 22:40:00,2634.99,2635.09,2634.34,2634.35,301.0
2024-12-26 22:45:00,2634.34,2634.45,2633.82,2634.06,289.0
2024-12-26 22:50:00,2634.03,2634.76,2633.74,2634.51,344.0
2024-12-26 22:55:00,2634.52,2634.74,2634.16,2634.38,374.0
2024-12-26 23:00:00,2634.26,2634.57,2633.58,2634.12,119.0
2024-12-26 23:05:00,2634.12,2634.27,2632.85,2633.91,135.0
2024-12-26 23:10:00,2633.94,2633.97,2633.29,2633.63,95.0
2024-12-26 23:15:00,2633.75,2634.05,2633.33,2633.84,91.0
2024-12-26 23:20:00,2633.84,2633.93,2633.43,2633.81,79.0
2024-12-26 23:25:00,2633.81,2634.25,2633.32,2634.01,73.0
2024-12-26 23:30:00,2633.94,2634.04,2633.3,2633.72,61.0
2024-12-26 23:35:00,2633.56,2633.94,2633.55,2633.85,49.0
2024-12-26 23:40:00,2633.94,2634.0,2633.2,2633.99,62.0
2024-12-26 23:45:00,2633.97,2634.29,2633.6,2634.26,87.0
2024-12-26 23:50:00,2634.26,2634.36,2633.51,2633.76,75.0
2024-12-26 23:55:00,2633.29,2633.68,2633.12,2633.53,101.0
2024-12-27 01:00:00,2635.7,2636.02,2629.4,2633.52,475.0
2024-12-27 01:05:00,2633.52,2633.52,2631.52,2632.52,77.0
2024-12-27 01:10:00,2632.4,2632.88,2631.89,2632.74,79.0
2024-12-27 01:15:00,2632.74,2633.3,2632.69,2632.96,73.0
2024-12-27 01:20:00,2633.19,2633.4,2632.69,2632.96,83.0
2024-12-27 01:25:00,2632.96,2633.2,2632.21,2632.5,49.0
2024-12-27 01:30:00,2632.42,2632.89,2632.2,2632.4,51.0
2024-12-27 01:35:00,2632.45,2632.74,2632.17,2632.64,55.0
2024-12-27 01:40:00,2632.64,2633.42,2632.54,2633.42,51.0
2024-12-27 01:45:00,2633.26,2634.49,2633.03,2634.15,112.0
2024-12-27 01:50:00,2633.89,2634.27,2631.5,2632.12,155.0
2024-12-27 01:55:00,2632.11,2633.35,2631.74,2632.68,163.0
2024-12-27 02:00:00,2632.69,2632.86,2631.89,2631.98,144.0
2024-12-27 02:05:00,2631.93,2633.05,2631.74,2633.01,93.0
2024-12-27 02:10:00,2633.12,2633.74,2632.97,2633.74,86.0
2024-12-27 02:15:00,2633.62,2633.79,2633.44,2633.66,57.0
2024-12-27 02:20:00,2633.71,2634.0,2633.06,2633.09,126.0
2024-12-27 02:25:00,2633.06,2633.69,2632.27,2632.4,111.0
2024-12-27 02:30:00,2632.42,2632.87,2632.22,2632.38,104.0
2024-12-27 02:35:00,2632.42,2632.49,2631.75,2631.83,129.0
2024-12-27 02:40:00,2631.81,2632.09,2631.35,2631.57,155.0
2024-12-27 02:45:00,2631.57,2632.14,2631.46,2632.04,85.0
2024-12-27 02:50:00,2632.04,2632.17,2631.72,2631.97,130.0
2024-12-27 02:55:00,2631.98,2631.98,2631.31,2631.33,171.0
2024-12-27 03:00:00,2631.33,2633.46,2630.76,2633.13,375.0
2024-12-27 03:05:00,2633.13,2633.75,2632.5,2632.74,293.0
2024-12-27 03:10:00,2632.64,2632.91,2631.98,2632.77,277.0
2024-12-27 03:15:00,2632.64,2633.81,2632.46,2632.98,311.0
2024-12-27 03:20:00,2633.08,2633.45,2631.58,2631.7,298.0
2024-12-27 03:25:00,2631.69,2631.75,2631.03,2631.27,227.0
2024-12-27 03:30:00,2631.36,2632.06,2630.81,2631.83,262.0
2024-12-27 03:35:00,2631.84,2632.14,2631.32,2631.53,269.0
2024-12-27 03:40:00,2631.54,2631.6,2630.69,2631.4,284.0
2024-12-27 03:45:00,2631.39,2633.55,2631.39,2632.97,242.0
2024-12-27 03:50:00,2632.96,2633.15,2631.94,2632.25,230.0
2024-12-27 03:55:00,2632.26,2632.47,2631.35,2632.18,226.0
2024-12-27 04:00:00,2632.07,2632.1,2630.79,2631.37,292.0
2024-12-27 04:05:00,2631.37,2631.69,2629.87,2630.04,231.0
2024-12-27 04:10:00,2629.94,2631.24,2629.7,2629.89,324.0
2024-12-27 04:15:00,2629.86,2631.08,2629.86,2630.05,195.0
2024-12-27 04:20:00,2630.05,2630.97,2629.68,2630.76,203.0
2024-12-27 04:25:00,2630.75,2630.78,2629.8,2630.03,131.0
2024-12-27 04:30:00,2630.03,2630.81,2629.26,2629.46,241.0
2024-12-27 04:35:00,2629.46,2630.38,2628.94,2629.86,259.0
2024-12-27 04:40:00,2629.86,2630.03,2629.28,2629.52,153.0
2024-12-27 04:45:00,2629.52,2632.42,2629.4,2632.42,329.0
2024-12-27 04:50:00,2632.4,2633.66,2632.0,2632.69,303.0
2024-12-27 04:55:00,2632.64,2633.36,2632.49,2632.93,247.0
2024-12-27 05:00:00,2632.93,2632.93,2631.73,2632.29,214.0
2024-12-27 05:05:00,2632.33,2632.51,2631.67,2632.47,168.0
2024-12-27 05:10:00,2632.51,2633.1,2631.9,2632.49,239.0
2024-12-27 05:15:00,2632.65,2632.95,2631.8,2632.32,238.0
2024-12-27 05:20:00,2632.32,2632.84,2632.09,2632.48,208.0
2024-12-27 05:25:00,2632.48,2633.42,2632.33,2632.8,260.0
2024-12-27 05:30:00,2632.89,2635.03,2632.73,2634.88,220.0
2024-12-27 05:35:00,2634.94,2635.47,2633.93,2634.11,290.0
2024-12-27 05:40:00,2634.09,2634.47,2633.07,2634.26,198.0
2024-12-27 05:45:00,2634.23,2634.57,2633.7,2634.42,164.0
2024-12-27 05:50:00,2634.41,2634.7,2633.86,2634.24,182.0
2024-12-27 05:55:00,2634.24,2634.3,2633.55,2633.72,162.0
2024-12-27 06:00:00,2633.65,2633.79,2632.71,2632.8,169.0
2024-12-27 06:05:00,2632.79,2633.31,2632.12,2633.3,259.0
2024-12-27 06:10:00,2633.26,2633.76,2632.69,2632.78,129.0
2024-12-27 06:15:00,2632.88,2633.01,2631.79,2632.04,125.0
2024-12-27 06:20:00,2632.04,2633.16,2631.94,2633.08,205.0
2024-12-27 06:25:00,2633.07,2633.7,2632.48,2632.6,121.0
2024-12-27 06:30:00,2632.55,2632.93,2632.39,2632.79,136.0
2024-12-27 06:35:00,2632.79,2633.23,2632.12,2632.77,99.0
2024-12-27 06:40:00,2632.77,2633.8,2632.43,2633.58,82.0
2024-12-27 06:45:00,2633.54,2633.67,2633.07,2633.63,87.0
2024-12-27 06:50:00,2633.69,2633.93,2633.28,2633.42,72.0
2024-12-27 06:55:00,2633.42,2633.5,2632.98,2633.45,78.0
2024-12-27 07:00:00,2633.41,2633.96,2632.94,2633.85,158.0
2024-12-27 07:05:00,2633.87,2634.16,2633.13,2633.45,127.0
2024-12-27 07:10:00,2633.46,2633.49,2632.92,2632.99,108.0
2024-12-27 07:15:00,2632.99,2633.25,2632.68,2633.2,163.0
2024-12-27 07:20:00,2633.06,2633.29,2632.95,2633.16,110.0
2024-12-27 07:25:00,2633.17,2633.98,2633.15,2633.69,192.0
2024-12-27 07:30:00,2633.64,2634.15,2632.91,2633.33,283.0
2024-12-27 07:35:00,2633.35,2634.16,2633.35,2633.63,166.0
2024-12-27 07:40:00,2633.62,2633.69,2632.49,2632.69,237.0
2024-12-27 07:45:00,2632.58,2632.76,2631.77,2632.28,282.0
2024-12-27 07:50:00,2632.28,2632.84,2631.92,2632.38,219.0
2024-12-27 07:55:00,2632.39,2632.46,2631.3,2631.33,226.0
2024-12-27 08:00:00,2631.24,2632.7,2631.21,2632.7,196.0
2024-12-27 08:05:00,2632.75,2633.25,2631.91,2632.22,262.0
2024-12-27 08:10:00,2632.19,2633.9,2631.99,2633.74,213.0
2024-12-27 08:15:00,2633.74,2634.69,2633.74,2634.65,215.0
2024-12-27 08:20:00,2634.55,2636.93,2634.55,2635.62,236.0
2024-12-27 08:25:00,2635.56,2636.73,2635.5,2636.38,262.0
2024-12-27 08:30:00,2636.5,2636.91,2635.53,2636.18,353.0
2024-12-27 08:35:00,2636.21,2636.54,2634.3,2634.45,242.0
2024-12-27 08:40:00,2634.41,2635.17,2633.99,2635.03,186.0
2024-12-27 08:45:00,2635.03,2635.63,2634.77,2635.0,196.0
2024-12-27 08:50:00,2635.01,2635.25,2634.03,2634.34,167.0
2024-12-27 08:55:00,2634.24,2635.09,2633.87,2634.71,247.0
2024-12-27 09:00:00,2634.47,2636.71,2633.97,2636.71,296.0
2024-12-27 09:05:00,2636.73,2637.3,2635.68,2637.28,250.0
2024-12-27 09:10:00,2637.28,2637.44,2635.76,2636.73,216.0
2024-12-27 09:15:00,2636.73,2637.36,2636.27,2636.38,224.0
2024-12-27 09:20:00,2636.36,2637.3,2636.02,2636.25,218.0
2024-12-27 09:25:00,2636.25,2637.63,2636.08,2636.28,212.0
2024-12-27 09:30:00,2636.28,2638.34,2635.31,2637.11,345.0
2024-12-27 09:35:00,2636.97,2637.36,2636.68,2636.89,152.0
2024-12-27 09:40:00,2636.89,2636.91,2635.3,2635.6,153.0
2024-12-27 09:45:00,2635.6,2636.06,2634.08,2634.08,183.0
2024-12-27 09:50:00,2634.07,2634.51,2633.05,2633.81,309.0
2024-12-27 09:55:00,2633.74,2634.18,2633.43,2633.67,351.0
2024-12-27 10:00:00,2633.38,2633.46,2629.41,2629.87,328.0
2024-12-27 10:05:00,2630.02,2630.12,2627.97,2628.46,350.0
2024-12-27 10:10:00,2628.52,2630.14,2628.52,2629.5,245.0
2024-12-27 10:15:00,2629.44,2629.54,2627.54,2628.38,326.0
2024-12-27 10:20:00,2628.41,2629.96,2628.4,2629.27,268.0
2024-12-27 10:25:00,2629.27,2629.59,2628.69,2629.58,257.0
2024-12-27 10:30:00,2629.6,2630.14,2629.11,2629.56,260.0
2024-12-27 10:35:00,2629.4,2629.56,2628.37,2629.32,226.0
2024-12-27 10:40:00,2629.31,2629.32,2627.9,2628.05,242.0
2024-12-27 10:45:00,2628.03,2628.06,2626.82,2627.83,295.0
2024-12-27 10:50:00,2627.78,2627.79,2626.49,2626.59,271.0
2024-12-27 10:55:00,2626.59,2627.21,2626.05,2626.2,239.0
2024-12-27 11:00:00,2626.19,2626.66,2625.96,2625.96,259.0
2024-12-27 11:05:00,2625.99,2627.11,2625.99,2626.64,226.0
2024-12-27 11:10:00,2626.69,2626.83,2625.28,2625.85,238.0
2024-12-27 11:15:00,2625.76,2627.35,2625.16,2627.22,257.0
2024-12-27 11:20:00,2627.22,2627.66,2626.24,2626.46,153.0
2024-12-27 11:25:00,2626.51,2627.2,2626.12,2627.2,170.0
2024-12-27 11:30:00,2627.21,2627.21,2624.9,2625.12,276.0
2024-12-27 11:35:00,2625.11,2625.58,2624.5,2625.57,250.0
2024-12-27 11:40:00,2625.45,2625.66,2624.69,2624.79,224.0
2024-12-27 11:45:00,2624.76,2624.86,2623.76,2624.85,248.0
2024-12-27 11:50:00,2624.85,2624.98,2624.23,2624.68,196.0
2024-12-27 11:55:00,2624.69,2625.24,2624.01,2624.06,241.0
2024-12-27 12:00:00,2624.03,2625.31,2623.72,2625.16,237.0
2024-12-27 12:05:00,2625.15,2625.56,2624.32,2624.44,208.0
2024-12-27 12:10:00,2624.45,2625.8,2624.23,2625.8,219.0
2024-12-27 12:15:00,2625.88,2626.63,2625.69,2626.14,214.0
2024-12-27 12:20:00,2626.13,2626.62,2625.6,2625.65,196.0
2024-12-27 12:25:00,2625.67,2627.24,2625.35,2627.18,228.0
2024-12-27 12:30:00,2627.18,2628.02,2625.35,2625.62,281.0
2024-12-27 12:35:00,2625.66,2625.68,2623.72,2624.12,295.0
2024-12-27 12:40:00,2624.09,2625.57,2623.49,2625.15,314.0
2024-12-27 12:45:00,2625.07,2626.17,2624.9,2626.09,181.0
2024-12-27 12:50:00,2626.09,2626.78,2625.48,2626.32,225.0
2024-12-27 12:55:00,2626.29,2626.8,2625.65,2626.66,198.0
2024-12-27 13:00:00,2626.75,2626.75,2625.55,2625.92,236.0
2024-12-27 13:05:00,2625.91,2626.48,2625.11,2626.18,243.0
2024-12-27 13:10:00,2626.06,2626.57,2625.83,2626.45,184.0
2024-12-27 13:15:00,2626.43,2627.07,2626.12,2626.52,238.0
2024-12-27 13:20:00,2626.44,2627.36,2626.02,2627.36,271.0
2024-12-27 13:25:00,2627.3,2627.42,2625.94,2626.14,232.0
2024-12-27 13:30:00,2626.14,2627.3,2625.75,2627.02,134.0
2024-12-27 13:35:00,2626.97,2627.56,2626.92,2627.11,215.0
2024-12-27 13:40:00,2627.13,2627.73,2626.91,2627.73,199.0
2024-12-27 13:45:00,2627.85,2628.39,2627.35,2628.27,254.0
2024-12-27 13:50:00,2628.29,2628.57,2627.56,2628.39,212.0
2024-12-27 13:55:00,2628.46,2628.86,2628.17,2628.66,284.0
2024-12-27 14:00:00,2628.7,2629.27,2628.21,2629.2,248.0
2024-12-27 14:05:00,2629.2,2630.46,2628.93,2630.13,292.0
2024-12-27 14:10:00,2630.16,2630.6,2629.81,2630.4,291.0
2024-12-27 14:15:00,2630.42,2631.28,2629.18,2631.18,277.0
2024-12-27 14:20:00,2631.13,2631.52,2629.7,2629.81,281.0
2024-12-27 14:25:00,2629.81,2630.76,2628.13,2628.68,344.0
2024-12-27 14:30:00,2628.81,2628.83,2627.55,2628.53,283.0
2024-12-27 14:35:00,2628.56,2629.45,2627.82,2629.36,254.0
2024-12-27 14:40:00,2629.42,2629.9,2627.57,2627.63,307.0
2024-12-27 14:45:00,2627.64,2628.17,2627.25,2627.67,235.0
2024-12-27 14:50:00,2627.67,2627.68,2626.97,2627.23,203.0
2024-12-27 14:55:00,2627.2,2627.22,2625.58,2626.21,283.0
2024-12-27 15:00:00,2626.19,2626.6,2623.97,2624.49,487.0
2024-12-27 15:05:00,2624.51,2625.07,2621.55,2623.14,487.0
2024-12-27 15:10:00,2623.14,2626.24,2622.9,2625.89,394.0
2024-12-27 15:15:00,2626.0,2627.27,2624.15,2624.73,403.0
2024-12-27 15:20:00,2624.05,2624.22,2620.42,2620.95,424.0
2024-12-27 15:25:00,2620.88,2621.89,2619.96,2620.64,380.0
2024-12-27 15:30:00,2620.36,2621.69,2618.78,2619.29,414.0
2024-12-27 15:35:00,2619.29,2620.6,2618.05,2619.93,381.0
2024-12-27 15:40:00,2619.92,2621.87,2619.71,2621.19,424.0
2024-12-27 15:45:00,2621.28,2622.69,2620.88,2622.18,348.0
2024-12-27 15:50:00,2622.2,2622.49,2619.28,2619.78,356.0
2024-12-27 15:55:00,2619.83,2622.22,2618.79,2618.81,392.0
2024-12-27 16:00:00,2618.84,2619.39,2615.96,2617.34,434.0
2024-12-27 16:05:00,2617.3,2618.25,2614.67,2614.67,443.0
2024-12-27 16:10:00,2615.11,2617.55,2614.97,2616.6,378.0
2024-12-27 16:15:00,2616.56,2618.97,2616.56,2617.86,351.0
2024-12-27 16:20:00,2617.91,2618.04,2615.53,2615.67,347.0
2024-12-27 16:25:00,2615.68,2615.98,2614.36,2615.02,413.0
2024-12-27 16:30:00,2614.27,2614.77,2611.69,2613.86,513.0
2024-12-27 16:35:00,2613.87,2615.01,2613.26,2614.82,473.0
2024-12-27 16:40:00,2614.82,2616.69,2614.55,2616.29,487.0
2024-12-27 16:45:00,2616.19,2617.55,2615.14,2616.2,459.0
2024-12-27 16:50:00,2616.39,2618.2,2615.52,2617.22,435.0
2024-12-27 16:55:00,2617.17,2617.22,2615.42,2615.49,417.0
2024-12-27 17:00:00,2615.65,2618.46,2615.17,2617.52,470.0
2024-12-27 17:05:00,2617.93,2618.03,2615.05,2616.31,474.0
2024-12-27 17:10:00,2616.34,2616.35,2613.67,2615.1,467.0
2024-12-27 17:15:00,2615.13,2616.09,2613.9,2615.91,463.0
2024-12-27 17:20:00,2615.91,2617.55,2614.77,2616.19,407.0
2024-12-27 17:25:00,2616.31,2616.56,2614.77,2614.77,440.0
2024-12-27 17:30:00,2614.78,2615.86,2613.55,2613.59,423.0
2024-12-27 17:35:00,2613.56,2616.21,2613.01,2616.09,402.0
2024-12-27 17:40:00,2615.99,2617.73,2615.83,2617.02,392.0
2024-12-27 17:45:00,2617.1,2619.39,2616.96,2619.39,429.0
2024-12-27 17:50:00,2619.39,2619.55,2618.51,2618.89,388.0
2024-12-27 17:55:00,2618.92,2619.19,2617.99,2618.11,407.0
2024-12-27 18:00:00,2618.11,2619.04,2617.58,2617.69,394.0
2024-12-27 18:05:00,2617.92,2619.04,2617.64,2617.69,367.0
2024-12-27 18:10:00,2617.42,2617.83,2616.48,2616.75,328.0
2024-12-27 18:15:00,2616.77,2617.09,2615.32,2615.65,375.0
2024-12-27 18:20:00,2615.64,2618.07,2615.43,2617.68,415.0
2024-12-27 18:25:00,2617.71,2619.49,2617.58,2619.05,338.0
2024-12-27 18:30:00,2619.05,2619.23,2617.89,2617.99,355.0
2024-12-27 18:35:00,2617.98,2618.82,2617.38,2618.21,296.0
2024-12-27 18:40:00,2618.2,2618.5,2616.72,2617.56,354.0
2024-12-27 18:45:00,2617.63,2619.36,2617.6,2619.14,304.0
2024-12-27 18:50:00,2619.09,2619.69,2617.11,2617.19,338.0
2024-12-27 18:55:00,2617.11,2618.61,2617.01,2617.92,339.0
2024-12-27 19:00:00,2617.93,2618.23,2615.42,2615.52,329.0
2024-12-27 19:05:00,2615.52,2616.09,2615.13,2615.77,327.0
2024-12-27 19:10:00,2615.71,2615.94,2614.87,2615.53,280.0
2024-12-27 19:15:00,2615.53,2616.36,2615.01,2615.42,304.0
2024-12-27 19:20:00,2615.42,2616.38,2615.3,2615.84,263.0
2024-12-27 19:25:00,2615.79,2616.78,2615.42,2615.92,267.0
2024-12-27 19:30:00,2615.92,2616.48,2615.19,2615.51,242.0
2024-12-27 19:35:00,2615.37,2615.77,2614.13,2615.5,264.0
2024-12-27 19:40:00,2615.5,2616.42,2615.4,2616.04,273.0
2024-12-27 19:45:00,2616.04,2616.26,2614.9,2615.52,231.0
2024-12-27 19:50:00,2615.65,2616.08,2614.84,2615.06,258.0
2024-12-27 19:55:00,2614.95,2615.99,2614.59,2615.88,301.0
2024-12-27 20:00:00,2615.82,2617.22,2615.22,2616.99,312.0
2024-12-27 20:05:00,2616.98,2617.57,2616.63,2617.21,258.0
2024-12-27 20:10:00,2617.23,2617.91,2617.19,2617.84,263.0
2024-12-27 20:15:00,2617.85,2617.96,2616.61,2616.83,321.0
2024-12-27 20:20:00,2616.83,2617.25,2616.11,2616.34,267.0
2024-12-27 20:25:00,2616.46,2617.08,2615.64,2617.01,334.0
2024-12-27 20:30:00,2617.09,2619.06,2617.09,2618.94,276.0
2024-12-27 20:35:00,2618.95,2620.14,2618.84,2619.57,274.0
2024-12-27 20:40:00,2619.6,2619.75,2619.07,2619.69,255.0
2024-12-27 20:45:00,2619.69,2619.87,2618.06,2618.29,267.0
2024-12-27 20:50:00,2618.31,2619.27,2618.06,2619.21,224.0
2024-12-27 20:55:00,2619.22,2619.3,2618.41,2618.65,263.0
2024-12-27 21:00:00,2618.73,2618.97,2617.83,2618.09,293.0
2024-12-27 21:05:00,2618.08,2618.63,2617.51,2618.1,266.0
2024-12-27 21:10:00,2618.1,2618.88,2617.5,2617.62,282.0
2024-12-27 21:15:00,2617.6,2618.85,2617.42,2618.73,228.0
2024-12-27 21:20:00,2618.71,2618.92,2618.08,2618.31,255.0
2024-12-27 21:25:00,2618.31,2618.69,2618.01,2618.59,278.0
2024-12-27 21:30:00,2618.56,2619.15,2618.4,2619.09,196.0
2024-12-27 21:35:00,2619.13,2619.54,2618.8,2619.2,220.0
2024-12-27 21:40:00,2619.2,2619.58,2618.84,2619.49,193.0
2024-12-27 21:45:00,2619.5,2620.48,2619.5,2620.48,196.0
2024-12-27 21:50:00,2620.48,2621.36,2620.34,2621.26,219.0
2024-12-27 21:55:00,2621.26,2621.38,2620.48,2620.72,253.0
2024-12-27 22:00:00,2620.63,2620.84,2617.41,2618.03,323.0
2024-12-27 22:05:00,2618.04,2618.34,2616.93,2617.5,232.0
2024-12-27 22:10:00,2617.52,2617.65,2614.84,2615.13,257.0
2024-12-27 22:15:00,2615.14,2615.75,2615.01,2615.49,255.0
2024-12-27 22:20:00,2615.27,2615.39,2614.0,2614.36,247.0
2024-12-27 22:25:00,2614.39,2614.98,2613.2,2613.28,256.0
2024-12-27 22:30:00,2613.25,2613.76,2612.74,2613.6,289.0
2024-12-27 22:35:00,2612.61,2613.95,2612.61,2613.95,300.0
2024-12-27 22:40:00,2614.0,2614.7,2613.23,2613.46,301.0
2024-12-27 22:45:00,2613.5,2614.97,2613.46,2614.85,279.0
2024-12-27 22:50:00,2614.93,2616.95,2614.93,2615.65,393.0
2024-12-27 22:55:00,2615.53,2615.61,2614.44,2615.35,358.0
2024-12-27 23:00:00,2615.31,2615.96,2615.28,2615.5,145.0
2024-12-27 23:05:00,2615.66,2616.25,2615.66,2616.01,76.0
2024-12-27 23:10:00,2615.9,2616.44,2615.87,2616.44,69.0
2024-12-27 23:15:00,2616.34,2616.68,2615.75,2616.47,79.0
2024-12-27 23:20:00,2616.43,2616.58,2615.99,2616.31,106.0
2024-12-27 23:25:00,2616.28,2616.42,2615.95,2616.17,60.0
2024-12-27 23:30:00,2616.17,2616.52,2615.54,2616.18,127.0
2024-12-27 23:35:00,2616.24,2617.02,2616.21,2617.02,83.0
2024-12-27 23:40:00,2617.02,2618.95,2616.71,2618.95,117.0
2024-12-27 23:45:00,2619.04,2620.26,2618.41,2620.18,169.0
2024-12-27 23:50:00,2620.09,2621.06,2619.16,2620.91,176.0
2024-12-27 23:55:00,2621.25,2621.56,2621.16,2621.54,82.0
2024-12-30 01:00:00,2621.03,2621.6,2619.88,2621.58,225.0
2024-12-30 01:05:00,2621.6,2622.78,2621.58,2622.39,140.0
2024-12-30 01:10:00,2622.21,2623.14,2621.99,2622.97,122.0
2024-12-30 01:15:00,2623.03,2624.29,2622.23,2624.29,118.0
2024-12-30 01:20:00,2624.19,2625.95,2624.1,2625.05,155.0
2024-12-30 01:25:00,2625.09,2626.03,2623.54,2623.74,148.0
2024-12-30 01:30:00,2623.56,2624.02,2622.43,2623.11,115.0
2024-12-30 01:35:00,2623.12,2624.01,2623.07,2623.86,89.0
2024-12-30 01:40:00,2624.31,2624.76,2623.76,2624.71,71.0
2024-12-30 01:45:00,2624.62,2626.15,2623.78,2623.99,146.0
2024-12-30 01:50:00,2623.92,2624.35,2623.86,2624.02,102.0
2024-12-30 01:55:00,2624.01,2624.3,2623.76,2624.08,77.0
2024-12-30 02:00:00,2624.08,2625.43,2623.68,2624.51,146.0
2024-12-30 02:05:00,2624.82,2625.19,2624.11,2624.21,108.0
2024-12-30 02:10:00,2624.1,2624.99,2624.09,2624.13,86.0
2024-12-30 02:15:00,2624.33,2624.33,2623.02,2623.8,126.0
2024-12-30 02:20:00,2623.87,2624.13,2623.58,2623.97,91.0
2024-12-30 02:25:00,2623.91,2624.28,2623.57,2624.28,63.0
2024-12-30 02:30:00,2624.27,2624.37,2623.38,2623.38,75.0
2024-12-30 02:35:00,2623.57,2623.57,2622.62,2623.05,93.0
2024-12-30 02:40:00,2623.05,2623.9,2622.46,2623.39,95.0
2024-12-30 02:45:00,2623.7,2624.0,2623.0,2623.4,86.0
2024-12-30 02:50:00,2623.32,2623.46,2622.5,2622.82,91.0
2024-12-30 02:55:00,2622.83,2622.88,2621.19,2622.31,175.0
2024-12-30 03:00:00,2622.16,2624.14,2621.63,2623.86,406.0
2024-12-30 03:05:00,2623.78,2624.75,2622.79,2622.86,330.0
2024-12-30 03:10:00,2622.99,2624.05,2622.12,2623.46,301.0
2024-12-30 03:15:00,2623.62,2625.03,2623.41,2624.83,301.0
2024-12-30 03:20:00,2624.83,2626.29,2624.34,2625.55,300.0
2024-12-30 03:25:00,2625.47,2625.95,2625.04,2625.24,259.0
2024-12-30 03:30:00,2625.3,2626.65,2624.52,2625.56,256.0
2024-12-30 03:35:00,2625.5,2626.32,2625.24,2625.82,289.0
2024-12-30 03:40:00,2625.69,2626.83,2625.13,2625.79,230.0
2024-12-30 03:45:00,2625.78,2626.15,2625.03,2625.34,207.0
2024-12-30 03:50:00,2625.29,2625.33,2623.91,2625.17,205.0
2024-12-30 03:55:00,2625.18,2625.76,2624.15,2624.32,213.0
2024-12-30 04:00:00,2624.32,2624.32,2622.18,2623.29,248.0
2024-12-30 04:05:00,2623.01,2623.71,2622.47,2622.98,228.0
2024-12-30 04:10:00,2622.98,2624.11,2622.98,2623.55,200.0
2024-12-30 04:15:00,2623.58,2623.8,2622.72,2623.25,122.0
2024-12-30 04:20:00,2623.26,2624.44,2623.08,2623.93,149.0
2024-12-30 04:25:00,2623.93,2624.24,2623.57,2623.91,150.0
2024-12-30 04:30:00,2623.71,2624.63,2623.61,2624.47,224.0
2024-12-30 04:35:00,2624.47,2625.44,2624.32,2624.75,203.0
2024-12-30 04:40:00,2624.74,2624.74,2623.35,2623.73,192.0
2024-12-30 04:45:00,2623.46,2624.01,2623.04,2623.51,156.0
2024-12-30 04:50:00,2623.5,2624.82,2622.74,2624.82,201.0
2024-12-30 04:55:00,2624.83,2624.85,2623.54,2623.71,216.0
2024-12-30 05:00:00,2623.85,2623.85,2622.82,2623.68,201.0
2024-12-30 05:05:00,2623.71,2624.83,2623.57,2624.28,143.0
2024-12-30 05:10:00,2624.58,2625.23,2624.05,2624.83,178.0
2024-12-30 05:15:00,2624.85,2626.53,2624.24,2626.06,178.0
2024-12-30 05:20:00,2626.07,2627.38,2626.07,2626.67,185.0
2024-12-30 05:25:00,2626.72,2628.13,2626.54,2627.07,150.0
2024-12-30 05:30:00,2627.07,2628.12,2627.07,2628.0,124.0
2024-12-30 05:35:00,2627.75,2628.02,2626.74,2627.22,176.0
2024-12-30 05:40:00,2627.21,2627.26,2626.76,2626.96,117.0
2024-12-30 05:45:00,2626.96,2627.39,2626.42,2626.59,112.0
2024-12-30 05:50:00,2626.59,2626.59,2625.6,2625.6,106.0
2024-12-30 05:55:00,2625.59,2626.64,2625.47,2626.63,172.0
2024-12-30 06:00:00,2626.64,2626.64,2625.0,2625.0,135.0
2024-12-30 06:05:00,2625.0,2625.09,2624.26,2624.32,125.0
2024-12-30 06:10:00,2624.25,2624.33,2623.33,2623.5,182.0
2024-12-30 06:15:00,2623.51,2624.28,2623.27,2624.27,108.0
2024-12-30 06:20:00,2624.29,2624.73,2623.82,2624.36,126.0
2024-12-30 06:25:00,2624.36,2624.41,2623.37,2623.54,126.0
2024-12-30 06:30:00,2623.59,2623.73,2622.93,2623.2,176.0
2024-12-30 06:35:00,2623.2,2623.36,2622.45,2622.68,144.0
2024-12-30 06:40:00,2622.68,2622.86,2621.51,2622.6,204.0
2024-12-30 06:45:00,2622.61,2623.38,2621.64,2623.31,242.0
2024-12-30 06:50:00,2623.32,2623.58,2621.42,2621.98,186.0
2024-12-30 06:55:00,2621.94,2622.24,2621.62,2622.19,210.0
2024-12-30 07:00:00,2622.15,2622.51,2621.67,2622.13,167.0
2024-12-30 07:05:00,2622.13,2623.17,2622.13,2623.03,110.0
2024-12-30 07:10:00,2623.07,2623.57,2622.74,2623.37,129.0
2024-12-30 07:15:00,2623.27,2624.18,2623.1,2623.6,114.0
2024-12-30 07:20:00,2623.6,2623.89,2622.54,2623.15,178.0
2024-12-30 07:25:00,2623.16,2623.22,2622.38,2622.49,188.0
2024-12-30 07:30:00,2622.37,2622.37,2620.66,2621.76,287.0
2024-12-30 07:35:00,2621.76,2621.76,2620.5,2621.3,268.0
2024-12-30 07:40:00,2621.3,2622.5,2621.3,2622.19,210.0
2024-12-30 07:45:00,2622.15,2622.71,2621.37,2622.44,209.0
2024-12-30 07:50:00,2622.44,2622.88,2622.19,2622.62,174.0
2024-12-30 07:55:00,2622.57,2623.81,2622.52,2623.75,283.0
2024-12-30 08:00:00,2623.76,2624.67,2623.62,2624.01,335.0
2024-12-30 08:05:00,2623.93,2624.51,2623.45,2623.76,228.0
2024-12-30 08:10:00,2623.76,2624.14,2622.74,2622.89,170.0
2024-12-30 08:15:00,2622.87,2623.06,2621.93,2622.84,202.0
2024-12-30 08:20:00,2622.86,2623.39,2622.69,2622.91,229.0
2024-12-30 08:25:00,2622.91,2623.41,2622.45,2623.15,267.0
2024-12-30 08:30:00,2623.1,2623.11,2621.3,2621.93,232.0
2024-12-30 08:35:00,2621.93,2622.17,2620.66,2620.83,209.0
2024-12-30 08:40:00,2620.72,2621.27,2619.8,2620.16,263.0
2024-12-30 08:45:00,2620.16,2620.16,2618.21,2619.06,380.0
2024-12-30 08:50:00,2619.06,2620.06,2618.88,2619.35,250.0
2024-12-30 08:55:00,2619.33,2619.36,2618.43,2619.19,245.0
2024-12-30 09:00:00,2619.03,2619.03,2617.73,2617.77,278.0
2024-12-30 09:05:00,2617.75,2618.95,2616.89,2618.83,308.0
2024-12-30 09:10:00,2618.4,2619.88,2618.4,2618.95,227.0
2024-12-30 09:15:00,2618.95,2619.73,2618.73,2619.43,195.0
2024-12-30 09:20:00,2619.44,2619.97,2618.68,2619.14,185.0
2024-12-30 09:25:00,2619.18,2619.47,2618.87,2619.04,198.0
2024-12-30 09:30:00,2619.07,2619.29,2618.08,2618.61,283.0
2024-12-30 09:35:00,2618.63,2619.26,2617.0,2617.1,220.0
2024-12-30 09:40:00,2617.13,2617.39,2616.49,2616.92,196.0
2024-12-30 09:45:00,2616.93,2617.63,2616.3,2616.81,238.0
2024-12-30 09:50:00,2616.87,2617.66,2616.1,2616.15,270.0
2024-12-30 09:55:00,2616.15,2616.76,2615.82,2616.76,188.0
2024-12-30 10:00:00,2616.76,2616.96,2616.02,2616.91,292.0
2024-12-30 10:05:00,2616.91,2617.36,2616.4,2616.72,289.0
2024-12-30 10:10:00,2616.72,2616.8,2615.09,2615.34,301.0
2024-12-30 10:15:00,2615.37,2615.56,2614.53,2615.53,325.0
2024-12-30 10:20:00,2615.52,2615.95,2614.88,2615.72,342.0
2024-12-30 10:25:00,2615.76,2615.86,2614.83,2615.09,346.0
2024-12-30 10:30:00,2615.14,2616.01,2614.71,2614.81,295.0
2024-12-30 10:35:00,2614.83,2615.51,2614.18,2614.88,283.0
2024-12-30 10:40:00,2614.87,2615.02,2613.46,2613.83,315.0
2024-12-30 10:45:00,2613.71,2614.19,2613.28,2613.46,300.0
2024-12-30 10:50:00,2613.4,2613.43,2609.23,2611.54,364.0
2024-12-30 10:55:00,2611.54,2612.39,2610.87,2611.88,251.0
2024-12-30 11:00:00,2611.9,2613.28,2611.39,2612.9,220.0
2024-12-30 11:05:00,2612.94,2613.59,2611.74,2613.0,212.0
2024-12-30 11:10:00,2612.97,2613.49,2612.5,2613.1,194.0
2024-12-30 11:15:00,2613.14,2616.37,2613.07,2615.97,279.0
2024-12-30 11:20:00,2616.02,2616.28,2615.55,2616.03,151.0
2024-12-30 11:25:00,2616.11,2616.45,2614.99,2616.37,179.0
2024-12-30 11:30:00,2616.4,2617.58,2615.77,2616.11,262.0
2024-12-30 11:35:00,2616.09,2617.36,2614.7,2614.96,310.0
2024-12-30 11:40:00,2614.89,2615.1,2612.94,2612.98,247.0
2024-12-30 11:45:00,2612.77,2613.34,2611.95,2612.58,242.0
2024-12-30 11:50:00,2612.52,2614.44,2612.35,2614.23,253.0
2024-12-30 11:55:00,2614.24,2614.49,2612.78,2612.8,239.0
2024-12-30 12:00:00,2612.77,2614.07,2612.43,2613.48,242.0
2024-12-30 12:05:00,2613.48,2614.82,2613.14,2614.32,238.0
2024-12-30 12:10:00,2614.2,2614.57,2613.92,2614.04,208.0
2024-12-30 12:15:00,2614.08,2615.11,2613.79,2614.94,262.0
2024-12-30 12:20:00,2614.94,2615.23,2614.21,2614.69,286.0
2024-12-30 12:25:00,2614.69,2615.05,2614.22,2614.39,257.0
2024-12-30 12:30:00,2614.27,2614.62,2611.61,2612.72,345.0
2024-12-30 12:35:00,2612.73,2612.95,2611.75,2612.52,271.0
2024-12-30 12:40:00,2612.5,2612.63,2611.96,2612.32,188.0
2024-12-30 12:45:00,2612.44,2612.93,2611.88,2612.24,231.0
2024-12-30 12:50:00,2612.22,2612.94,2611.85,2612.3,225.0
2024-12-30 12:55:00,2612.21,2612.45,2610.39,2610.5,327.0
2024-12-30 13:00:00,2610.45,2610.45,2609.14,2609.51,338.0
2024-12-30 13:05:00,2609.55,2611.48,2609.45,2611.36,363.0
2024-12-30 13:10:00,2611.36,2614.07,2611.3,2612.94,321.0
2024-12-30 13:15:00,2613.39,2614.3,2612.98,2614.16,283.0
2024-12-30 13:20:00,2614.12,2615.5,2614.12,2615.2,302.0
2024-12-30 13:25:00,2615.21,2616.58,2614.44,2616.07,306.0
2024-12-30 13:30:00,2616.03,2616.96,2614.4,2616.43,367.0
2024-12-30 13:35:00,2616.41,2617.48,2615.99,2617.34,227.0
2024-12-30 13:40:00,2617.33,2618.42,2616.81,2618.31,196.0
2024-12-30 13:45:00,2618.31,2618.57,2617.63,2618.25,200.0
2024-12-30 13:50:00,2618.23,2618.28,2616.58,2616.92,224.0
2024-12-30 13:55:00,2616.92,2616.95,2615.94,2616.24,204.0
2024-12-30 14:00:00,2616.24,2617.27,2615.45,2616.85,213.0
2024-12-30 14:05:00,2616.87,2618.4,2616.8,2618.26,163.0
2024-12-30 14:10:00,2618.26,2618.3,2616.91,2618.01,153.0
2024-12-30 14:15:00,2618.01,2618.41,2616.47,2616.88,179.0
2024-12-30 14:20:00,2616.79,2617.24,2615.51,2617.23,174.0
2024-12-30 14:25:00,2617.17,2618.61,2616.6,2618.31,163.0
2024-12-30 14:30:00,2618.31,2618.72,2617.31,2618.54,179.0
2024-12-30 14:35:00,2618.54,2619.56,2618.33,2618.47,204.0
2024-12-30 14:40:00,2618.33,2620.18,2618.28,2618.81,255.0
2024-12-30 14:45:00,2618.77,2620.64,2618.66,2620.43,260.0
2024-12-30 14:50:00,2620.45,2621.65,2620.03,2621.41,190.0
2024-12-30 14:55:00,2621.4,2622.39,2621.33,2621.62,204.0
2024-12-30 15:00:00,2621.41,2622.5,2619.75,2620.27,436.0
2024-12-30 15:05:00,2620.27,2621.49,2619.91,2620.86,364.0
2024-12-30 15:10:00,2620.9,2620.93,2618.95,2619.07,400.0
2024-12-30 15:15:00,2619.03,2619.95,2617.89,2619.75,423.0
2024-12-30 15:20:00,2619.61,2621.86,2618.91,2621.71,408.0
2024-12-30 15:25:00,2621.85,2622.5,2620.35,2621.82,404.0
2024-12-30 15:30:00,2621.81,2622.38,2616.63,2616.86,406.0
2024-12-30 15:35:00,2616.93,2617.19,2614.34,2615.49,431.0
2024-12-30 15:40:00,2615.67,2615.7,2612.57,2613.24,438.0
2024-12-30 15:45:00,2613.2,2614.38,2611.78,2611.88,404.0
2024-12-30 15:50:00,2611.85,2612.86,2609.89,2610.28,445.0
2024-12-30 15:55:00,2610.22,2610.44,2606.58,2606.66,466.0
2024-12-30 16:00:00,2606.92,2608.07,2605.44,2607.82,448.0
2024-12-30 16:05:00,2607.79,2611.12,2607.62,2610.66,452.0
2024-12-30 16:10:00,2610.79,2612.12,2610.35,2611.91,446.0
2024-12-30 16:15:00,2611.92,2613.77,2611.77,2612.09,381.0
2024-12-30 16:20:00,2612.09,2613.28,2611.56,2612.27,397.0
2024-12-30 16:25:00,2612.18,2612.67,2611.3,2612.34,347.0
2024-12-30 16:30:00,2612.32,2612.32,2607.13,2607.28,486.0
2024-12-30 16:35:00,2607.43,2608.43,2606.98,2607.33,464.0
2024-12-30 16:40:00,2607.37,2608.37,2605.36,2606.29,382.0
2024-12-30 16:45:00,2606.07,2608.85,2606.07,2608.57,441.0
2024-12-30 16:50:00,2608.57,2610.91,2608.53,2610.76,474.0
2024-12-30 16:55:00,2610.72,2612.06,2610.53,2611.51,421.0
2024-12-30 17:00:00,2611.51,2611.62,2606.03,2607.21,422.0
2024-12-30 17:05:00,2607.24,2607.87,2602.27,2603.23,491.0
2024-12-30 17:10:00,2603.27,2604.35,2601.02,2603.86,499.0
2024-12-30 17:15:00,2603.87,2605.24,2603.23,2604.77,454.0
2024-12-30 17:20:00,2604.67,2605.88,2603.37,2603.8,465.0
2024-12-30 17:25:00,2604.01,2604.01,2602.45,2602.92,485.0
2024-12-30 17:30:00,2602.88,2603.38,2599.6,2601.08,506.0
2024-12-30 17:35:00,2600.96,2602.78,2599.95,2602.69,473.0
2024-12-30 17:40:00,2602.62,2603.75,2601.3,2602.57,453.0
2024-12-30 17:45:00,2602.5,2604.38,2600.86,2601.52,460.0
2024-12-30 17:50:00,2601.59,2603.88,2601.59,2602.99,471.0
2024-12-30 17:55:00,2603.04,2603.73,2601.47,2601.61,478.0
2024-12-30 18:00:00,2601.56,2602.15,2599.99,2602.06,477.0
2024-12-30 18:05:00,2602.1,2602.4,2600.99,2601.63,398.0
2024-12-30 18:10:00,2601.62,2602.82,2600.19,2600.31,422.0
2024-12-30 18:15:00,2600.24,2601.53,2598.14,2598.4,441.0
2024-12-30 18:20:00,2598.29,2598.32,2596.09,2597.33,448.0
2024-12-30 18:25:00,2597.3,2597.84,2596.34,2596.34,405.0
2024-12-30 18:30:00,2596.51,2597.95,2596.51,2597.59,361.0
2024-12-30 18:35:00,2597.64,2599.04,2597.29,2598.87,314.0
2024-12-30 18:40:00,2598.84,2600.59,2598.78,2600.56,321.0
2024-12-30 18:45:00,2600.59,2600.86,2599.18,2599.46,361.0
2024-12-30 18:50:00,2599.48,2600.49,2599.39,2599.58,350.0
2024-12-30 18:55:00,2599.8,2600.29,2598.86,2599.87,353.0
2024-12-30 19:00:00,2599.82,2602.53,2599.82,2601.3,347.0
2024-12-30 19:05:00,2601.29,2602.51,2600.77,2602.02,294.0
2024-12-30 19:10:00,2602.03,2603.75,2601.79,2603.2,323.0
2024-12-30 19:15:00,2603.26,2603.97,2603.16,2603.62,292.0
2024-12-30 19:20:00,2603.55,2603.55,2601.81,2602.29,298.0
2024-12-30 19:25:00,2602.33,2603.71,2601.65,2603.19,308.0
2024-12-30 19:30:00,2603.2,2603.81,2602.78,2602.97,267.0
2024-12-30 19:35:00,2602.95,2603.31,2601.66,2601.99,319.0
2024-12-30 19:40:00,2602.04,2602.66,2601.34,2602.34,275.0
2024-12-30 19:45:00,2602.32,2604.44,2602.14,2604.01,328.0
2024-12-30 19:50:00,2604.06,2604.63,2603.59,2604.33,298.0
2024-12-30 19:55:00,2604.44,2605.6,2604.17,2605.09,255.0
2024-12-30 20:00:00,2605.25,2605.55,2604.02,2604.63,308.0
2024-12-30 20:05:00,2604.45,2604.93,2604.15,2604.65,267.0
2024-12-30 20:10:00,2604.68,2605.33,2604.32,2604.8,263.0
2024-12-30 20:15:00,2604.86,2604.86,2603.73,2604.09,313.0
2024-12-30 20:20:00,2604.07,2605.83,2604.0,2605.83,323.0
2024-12-30 20:25:00,2605.75,2606.33,2604.84,2605.04,315.0
2024-12-30 20:30:00,2605.01,2605.68,2604.12,2604.6,282.0
2024-12-30 20:35:00,2604.58,2604.64,2603.45,2603.97,246.0
2024-12-30 20:40:00,2603.96,2605.25,2603.95,2604.45,264.0
2024-12-30 20:45:00,2604.43,2604.88,2604.12,2604.74,247.0
2024-12-30 20:50:00,2604.79,2605.61,2604.41,2605.4,275.0
2024-12-30 20:55:00,2605.4,2606.71,2605.34,2606.14,261.0
2024-12-30 21:00:00,2606.19,2606.55,2605.81,2606.14,246.0
2024-12-30 21:05:00,2606.08,2606.56,2604.83,2605.29,269.0
2024-12-30 21:10:00,2605.33,2605.59,2604.6,2604.96,279.0
2024-12-30 21:15:00,2604.96,2605.58,2604.64,2604.94,275.0
2024-12-30 21:20:00,2604.94,2605.02,2603.64,2603.95,294.0
2024-12-30 21:25:00,2603.88,2604.77,2603.73,2604.39,292.0
2024-12-30 21:30:00,2604.37,2606.39,2604.12,2606.29,231.0
2024-12-30 21:35:00,2606.29,2606.45,2605.65,2606.26,171.0
2024-12-30 21:40:00,2606.33,2607.16,2606.18,2607.03,173.0
2024-12-30 21:45:00,2607.03,2607.03,2606.22,2606.75,155.0
2024-12-30 21:50:00,2606.76,2608.0,2606.72,2607.78,187.0
2024-12-30 21:55:00,2607.72,2608.3,2607.14,2607.15,252.0
2024-12-30 22:00:00,2607.15,2607.35,2606.57,2606.7,261.0
2024-12-30 22:05:00,2606.71,2607.75,2606.47,2607.7,211.0
2024-12-30 22:10:00,2607.67,2608.17,2607.41,2607.62,240.0
2024-12-30 22:15:00,2607.62,2609.52,2607.39,2609.19,236.0
2024-12-30 22:20:00,2609.19,2609.2,2608.35,2608.72,265.0
2024-12-30 22:25:00,2608.71,2609.26,2607.87,2608.09,288.0
2024-12-30 22:30:00,2608.18,2608.58,2607.41,2607.79,289.0
2024-12-30 22:35:00,2607.93,2608.49,2607.75,2608.43,224.0
2024-12-30 22:40:00,2608.43,2609.15,2608.28,2608.71,257.0
2024-12-30 22:45:00,2608.7,2609.04,2608.44,2608.59,255.0
2024-12-30 22:50:00,2608.53,2609.31,2608.41,2608.88,324.0
2024-12-30 22:55:00,2608.84,2608.92,2607.42,2607.74,343.0
2024-12-30 23:00:00,2607.66,2607.92,2607.52,2607.69,93.0
2024-12-30 23:05:00,2607.68,2607.9,2607.27,2607.52,103.0
2024-12-30 23:10:00,2607.55,2607.7,2606.74,2607.09,105.0
2024-12-30 23:15:00,2607.12,2607.36,2606.64,2607.35,78.0
2024-12-30 23:20:00,2607.35,2607.83,2606.91,2607.68,89.0
2024-12-30 23:25:00,2607.66,2607.94,2607.41,2607.8,51.0
2024-12-30 23:30:00,2607.79,2607.94,2607.15,2607.28,55.0
2024-12-30 23:35:00,2607.26,2607.26,2606.63,2607.05,49.0
2024-12-30 23:40:00,2606.88,2607.25,2606.52,2606.84,54.0
2024-12-30 23:45:00,2607.1,2607.11,2605.61,2605.61,76.0
2024-12-30 23:50:00,2605.87,2606.19,2605.6,2606.09,54.0
2024-12-30 23:55:00,2606.46,2606.67,2605.76,2605.96,96.0
2024-12-31 01:00:00,2605.71,2606.54,2605.52,2605.9,177.0
2024-12-31 01:05:00,2605.92,2605.92,2604.0,2604.81,58.0
2024-12-31 01:10:00,2604.71,2604.86,2603.87,2604.24,70.0
2024-12-31 01:15:00,2604.29,2604.51,2603.9,2604.48,112.0
2024-12-31 01:20:00,2604.48,2604.76,2604.24,2604.37,68.0
2024-12-31 01:25:00,2604.49,2604.86,2604.38,2604.56,51.0
2024-12-31 01:30:00,2604.55,2605.83,2604.55,2605.48,91.0
2024-12-31 01:35:00,2605.49,2606.43,2605.49,2605.94,75.0
2024-12-31 01:40:00,2606.12,2606.24,2605.62,2606.19,47.0
2024-12-31 01:45:00,2606.19,2606.76,2606.19,2606.54,48.0
2024-12-31 01:50:00,2606.54,2607.31,2606.3,2606.85,66.0
2024-12-31 01:55:00,2606.82,2607.21,2606.59,2606.7,104.0
2024-12-31 02:00:00,2606.67,2606.84,2606.25,2606.35,90.0
2024-12-31 02:05:00,2606.33,2606.36,2605.31,2605.34,90.0
2024-12-31 02:10:00,2605.37,2605.57,2605.21,2605.29,81.0
2024-12-31 02:15:00,2605.32,2606.07,2605.08,2605.88,80.0
2024-12-31 02:20:00,2605.89,2606.6,2605.89,2606.55,65.0
2024-12-31 02:25:00,2606.65,2607.16,2606.65,2606.94,83.0
2024-12-31 02:30:00,2606.93,2606.96,2606.48,2606.6,135.0
2024-12-31 02:35:00,2606.67,2607.35,2606.64,2606.88,114.0
2024-12-31 02:40:00,2606.88,2607.27,2606.66,2606.85,163.0
2024-12-31 02:45:00,2606.8,2607.82,2606.72,2607.75,154.0
2024-12-31 02:50:00,2607.78,2608.27,2607.66,2608.22,140.0
2024-12-31 02:55:00,2608.24,2608.66,2607.56,2607.72,172.0
2024-12-31 03:00:00,2607.71,2608.12,2606.64,2606.7,370.0
2024-12-31 03:05:00,2606.73,2607.84,2606.66,2606.92,289.0
2024-12-31 03:10:00,2606.83,2607.7,2606.74,2607.7,224.0
2024-12-31 03:15:00,2607.68,2608.57,2607.68,2608.38,189.0
2024-12-31 03:20:00,2608.47,2609.33,2608.33,2608.92,180.0
2024-12-31 03:25:00,2608.94,2610.21,2608.77,2610.21,149.0
2024-12-31 03:30:00,2610.21,2611.52,2610.12,2611.07,247.0
2024-12-31 03:35:00,2611.07,2611.59,2609.01,2609.99,338.0
2024-12-31 03:40:00,2609.87,2610.2,2609.06,2609.49,325.0
2024-12-31 03:45:00,2609.49,2610.09,2608.47,2610.03,347.0
2024-12-31 03:50:00,2610.04,2610.16,2609.02,2609.2,314.0
2024-12-31 03:55:00,2609.19,2609.29,2608.26,2608.99,388.0
2024-12-31 04:00:00,2608.98,2609.34,2608.61,2608.9,255.0
2024-12-31 04:05:00,2609.01,2609.63,2608.36,2609.12,311.0
2024-12-31 04:10:00,2609.12,2609.15,2608.07,2608.29,270.0
2024-12-31 04:15:00,2608.19,2609.11,2608.19,2609.11,218.0
2024-12-31 04:20:00,2609.09,2609.4,2608.75,2608.89,178.0
2024-12-31 04:25:00,2608.9,2609.63,2608.9,2609.25,170.0
2024-12-31 04:30:00,2609.25,2609.5,2609.06,2609.13,241.0
2024-12-31 04:35:00,2609.13,2609.36,2608.32,2608.36,211.0
2024-12-31 04:40:00,2608.43,2608.97,2608.29,2608.47,191.0
2024-12-31 04:45:00,2608.48,2608.52,2607.49,2607.84,176.0
2024-12-31 04:50:00,2607.84,2608.4,2607.03,2607.19,194.0
2024-12-31 04:55:00,2607.25,2607.58,2606.89,2607.16,261.0
2024-12-31 05:00:00,2607.1,2607.31,2606.13,2606.4,281.0
2024-12-31 05:05:00,2606.41,2606.63,2605.42,2605.79,314.0
2024-12-31 05:10:00,2605.74,2607.4,2605.69,2607.11,319.0
2024-12-31 05:15:00,2607.08,2607.31,2606.88,2606.88,232.0
2024-12-31 05:20:00,2606.93,2607.2,2606.53,2606.92,190.0
2024-12-31 05:25:00,2606.92,2607.58,2606.8,2607.18,267.0
2024-12-31 05:30:00,2607.17,2607.5,2606.48,2606.49,148.0
2024-12-31 05:35:00,2606.52,2606.64,2605.97,2606.33,128.0
2024-12-31 05:40:00,2606.34,2606.53,2605.51,2605.69,153.0
2024-12-31 05:45:00,2605.69,2605.7,2604.1,2604.88,288.0
2024-12-31 05:50:00,2604.88,2604.93,2603.55,2604.73,235.0
2024-12-31 05:55:00,2604.79,2605.11,2604.6,2604.69,175.0
2024-12-31 06:00:00,2604.68,2604.77,2604.37,2604.62,174.0
2024-12-31 06:05:00,2604.6,2605.56,2604.57,2605.2,219.0
2024-12-31 06:10:00,2605.22,2605.58,2605.21,2605.35,187.0
2024-12-31 06:15:00,2605.36,2605.57,2605.19,2605.32,174.0
2024-12-31 06:20:00,2605.36,2605.6,2605.08,2605.33,167.0
2024-12-31 06:25:00,2605.34,2605.6,2605.17,2605.3,173.0
2024-12-31 06:30:00,2605.35,2605.54,2605.11,2605.48,100.0
2024-12-31 06:35:00,2605.55,2606.02,2605.45,2605.81,145.0
2024-12-31 06:40:00,2605.81,2607.1,2605.8,2606.78,162.0
2024-12-31 06:45:00,2606.84,2606.98,2606.25,2606.92,171.0
2024-12-31 06:50:00,2607.0,2607.16,2606.84,2606.91,130.0
2024-12-31 06:55:00,2606.92,2607.09,2606.59,2606.66,141.0
2024-12-31 07:00:00,2606.66,2607.12,2606.41,2606.7,93.0
2024-12-31 07:05:00,2606.66,2607.2,2606.56,2607.02,120.0
2024-12-31 07:10:00,2607.02,2607.68,2607.01,2607.66,139.0
2024-12-31 07:15:00,2607.66,2607.79,2607.53,2607.66,89.0
2024-12-31 07:20:00,2607.66,2608.19,2607.36,2608.14,121.0
2024-12-31 07:25:00,2608.11,2608.17,2606.91,2607.05,173.0
2024-12-31 07:30:00,2607.03,2607.03,2606.55,2606.85,268.0
2024-12-31 07:35:00,2606.84,2606.84,2606.06,2606.23,219.0
2024-12-31 07:40:00,2606.12,2606.42,2605.26,2606.13,228.0
2024-12-31 07:45:00,2606.11,2606.81,2605.83,2605.93,246.0
2024-12-31 07:50:00,2605.87,2606.43,2604.18,2604.49,317.0
2024-12-31 07:55:00,2604.46,2604.56,2602.59,2604.36,382.0
2024-12-31 08:00:00,2604.32,2605.14,2604.2,2604.26,236.0
2024-12-31 08:05:00,2604.29,2604.66,2603.56,2604.26,260.0
2024-12-31 08:10:00,2604.24,2605.38,2604.12,2605.1,285.0
2024-12-31 08:15:00,2605.1,2605.39,2604.54,2604.66,209.0
2024-12-31 08:20:00,2604.69,2607.98,2604.62,2607.78,368.0
2024-12-31 08:25:00,2607.81,2608.18,2607.23,2607.88,371.0
2024-12-31 08:30:00,2607.89,2608.29,2606.19,2606.55,319.0
2024-12-31 08:35:00,2606.55,2607.06,2605.98,2606.76,263.0
2024-12-31 08:40:00,2606.75,2606.97,2605.96,2606.42,254.0
2024-12-31 08:45:00,2606.39,2607.45,2606.38,2607.14,186.0
2024-12-31 08:50:00,2607.16,2608.07,2606.98,2607.75,264.0
2024-12-31 08:55:00,2607.77,2608.58,2607.63,2607.92,242.0
2024-12-31 09:00:00,2607.91,2608.87,2607.54,2608.77,267.0
2024-12-31 09:05:00,2608.76,2609.22,2608.45,2608.49,211.0
2024-12-31 09:10:00,2608.45,2608.49,2607.49,2608.47,192.0
2024-12-31 09:15:00,2608.47,2608.76,2607.79,2608.45,205.0
2024-12-31 09:20:00,2608.45,2608.46,2607.46,2607.96,181.0
2024-12-31 09:25:00,2607.96,2608.42,2607.38,2608.19,213.0
2024-12-31 09:30:00,2608.2,2610.07,2608.16,2610.06,323.0
2024-12-31 09:35:00,2610.1,2610.43,2609.18,2609.63,256.0
2024-12-31 09:40:00,2609.61,2611.48,2609.46,2611.29,263.0
2024-12-31 09:45:00,2611.35,2612.94,2611.35,2612.15,321.0
2024-12-31 09:50:00,2612.25,2613.59,2611.78,2613.36,315.0
2024-12-31 09:55:00,2613.38,2614.11,2612.91,2613.74,298.0
2024-12-31 10:00:00,2613.81,2613.86,2612.96,2613.34,311.0
2024-12-31 10:05:00,2613.4,2614.77,2613.28,2614.2,294.0
2024-12-31 10:10:00,2614.24,2614.85,2613.94,2614.26,322.0
2024-12-31 10:15:00,2614.24,2614.38,2613.28,2613.5,308.0
2024-12-31 10:20:00,2613.41,2615.04,2613.24,2614.68,313.0
2024-12-31 10:25:00,2614.69,2614.79,2612.83,2613.22,289.0
2024-12-31 10:30:00,2613.18,2614.57,2612.91,2614.56,333.0
2024-12-31 10:35:00,2614.59,2616.51,2614.27,2616.46,328.0
2024-12-31 10:40:00,2616.45,2616.97,2615.81,2616.19,273.0
2024-12-31 10:45:00,2616.2,2616.46,2615.57,2615.65,273.0
2024-12-31 10:50:00,2615.65,2616.85,2614.96,2616.66,294.0
2024-12-31 10:55:00,2616.66,2617.79,2616.27,2616.64,300.0
2024-12-31 11:00:00,2616.61,2616.87,2615.41,2615.7,312.0
2024-12-31 11:05:00,2615.71,2616.12,2614.56,2616.04,291.0
2024-12-31 11:10:00,2616.07,2616.14,2613.85,2613.9,262.0
2024-12-31 11:15:00,2613.91,2614.66,2613.09,2613.78,266.0
2024-12-31 11:20:00,2613.77,2615.22,2613.73,2614.91,199.0
2024-12-31 11:25:00,2614.97,2615.41,2614.77,2615.18,282.0
2024-12-31 11:30:00,2615.14,2616.29,2614.95,2616.23,289.0
2024-12-31 11:35:00,2616.25,2616.37,2614.91,2614.96,294.0
2024-12-31 11:40:00,2614.98,2615.28,2614.46,2614.46,252.0
2024-12-31 11:45:00,2614.48,2615.27,2614.21,2615.13,229.0
2024-12-31 11:50:00,2615.12,2616.23,2614.9,2615.31,238.0
2024-12-31 11:55:00,2615.3,2615.62,2614.64,2615.27,229.0
2024-12-31 12:00:00,2615.41,2615.76,2613.39,2613.85,333.0
2024-12-31 12:05:00,2613.85,2614.62,2613.22,2613.99,331.0
2024-12-31 12:10:00,2613.99,2614.9,2613.69,2614.44,297.0
2024-12-31 12:15:00,2614.44,2614.82,2613.31,2613.37,231.0
2024-12-31 12:20:00,2613.39,2613.9,2612.99,2613.24,201.0
2024-12-31 12:25:00,2613.27,2614.05,2612.82,2612.93,202.0
2024-12-31 12:30:00,2612.88,2613.59,2610.96,2612.93,351.0
2024-12-31 12:35:00,2612.91,2613.16,2611.67,2612.08,226.0
2024-12-31 12:40:00,2612.06,2612.46,2611.65,2612.4,222.0
2024-12-31 12:45:00,2612.36,2613.14,2611.92,2613.01,237.0
2024-12-31 12:50:00,2612.96,2613.85,2611.36,2611.69,288.0
2024-12-31 12:55:00,2611.69,2612.31,2611.32,2611.74,283.0
2024-12-31 13:00:00,2611.86,2613.24,2611.74,2612.8,254.0
2024-12-31 13:05:00,2612.83,2614.26,2612.81,2613.29,212.0
2024-12-31 13:10:00,2613.16,2613.22,2612.14,2612.55,252.0
2024-12-31 13:15:00,2612.56,2612.56,2611.43,2611.45,225.0
2024-12-31 13:20:00,2611.43,2612.18,2610.99,2611.01,232.0
2024-12-31 13:25:00,2611.05,2611.35,2609.82,2610.21,267.0
2024-12-31 13:30:00,2610.18,2611.14,2609.96,2610.19,293.0
2024-12-31 13:35:00,2610.17,2611.24,2610.06,2611.13,256.0
2024-12-31 13:40:00,2611.13,2611.94,2610.3,2610.45,225.0
2024-12-31 13:45:00,2610.46,2611.18,2610.29,2610.57,197.0
2024-12-31 13:50:00,2610.53,2611.86,2610.44,2611.64,219.0
2024-12-31 13:55:00,2611.6,2611.97,2610.95,2611.08,293.0
2024-12-31 14:00:00,2611.0,2611.99,2610.49,2610.49,358.0
2024-12-31 14:05:00,2610.5,2610.56,2609.38,2609.92,289.0
2024-12-31 14:10:00,2609.9,2610.57,2609.56,2610.37,273.0
2024-12-31 14:15:00,2610.39,2611.04,2609.53,2610.76,303.0
2024-12-31 14:20:00,2610.76,2611.32,2610.37,2610.95,197.0
2024-12-31 14:25:00,2610.95,2611.36,2610.35,2610.74,178.0
2024-12-31 14:30:00,2610.71,2611.07,2609.89,2610.38,278.0
2024-12-31 14:35:00,2610.44,2611.08,2610.23,2610.63,227.0
2024-12-31 14:40:00,2610.62,2610.8,2609.68,2610.42,226.0
2024-12-31 14:45:00,2610.24,2612.22,2610.13,2612.2,270.0
2024-12-31 14:50:00,2612.21,2612.81,2611.7,2611.88,309.0
2024-12-31 14:55:00,2611.87,2612.06,2611.02,2611.14,315.0
2024-12-31 15:00:00,2611.12,2611.58,2608.71,2608.71,378.0
2024-12-31 15:05:00,2608.89,2609.29,2608.19,2608.84,361.0
2024-12-31 15:10:00,2608.8,2609.13,2607.68,2607.79,354.0
2024-12-31 15:15:00,2607.79,2608.27,2605.57,2605.85,320.0
2024-12-31 15:20:00,2605.86,2612.39,2605.33,2612.33,401.0
2024-12-31 15:25:00,2612.32,2615.03,2612.29,2613.78,450.0
2024-12-31 15:30:00,2613.8,2616.13,2613.27,2614.44,454.0
2024-12-31 15:35:00,2614.38,2614.38,2612.77,2613.12,400.0
2024-12-31 15:40:00,2613.18,2614.43,2612.21,2612.23,378.0
2024-12-31 15:45:00,2612.21,2612.94,2611.42,2612.83,368.0
2024-12-31 15:50:00,2612.84,2613.14,2611.29,2612.28,318.0
2024-12-31 15:55:00,2612.19,2614.56,2612.19,2613.32,307.0
2024-12-31 16:00:00,2613.33,2613.36,2611.59,2612.01,302.0
2024-12-31 16:05:00,2612.02,2612.61,2611.34,2611.79,353.0
2024-12-31 16:10:00,2611.65,2613.5,2611.57,2613.5,288.0
2024-12-31 16:15:00,2613.5,2614.19,2613.05,2613.37,285.0
2024-12-31 16:20:00,2613.37,2613.52,2611.36,2611.82,302.0
2024-12-31 16:25:00,2611.91,2612.36,2611.34,2612.09,354.0
2024-12-31 16:30:00,2612.16,2615.25,2611.78,2614.6,445.0
2024-12-31 16:35:00,2614.51,2617.73,2613.98,2616.61,464.0
2024-12-31 16:40:00,2616.66,2616.7,2614.1,2614.29,463.0
2024-12-31 16:45:00,2614.59,2615.07,2613.47,2613.7,444.0
2024-12-31 16:50:00,2613.69,2613.75,2612.4,2612.88,456.0
2024-12-31 16:55:00,2612.93,2614.47,2612.9,2613.69,408.0
2024-12-31 17:00:00,2613.72,2615.26,2612.45,2615.0,445.0
2024-12-31 17:05:00,2614.97,2615.42,2613.68,2615.39,434.0
2024-12-31 17:10:00,2615.32,2618.22,2615.31,2618.14,417.0
2024-12-31 17:15:00,2618.16,2619.58,2617.95,2618.85,432.0
2024-12-31 17:20:00,2618.79,2619.19,2617.42,2617.7,363.0
2024-12-31 17:25:00,2617.78,2618.53,2617.16,2618.15,426.0
2024-12-31 17:30:00,2618.14,2622.19,2617.52,2621.85,439.0
2024-12-31 17:35:00,2621.85,2624.05,2621.85,2623.77,460.0
2024-12-31 17:40:00,2623.79,2624.92,2623.61,2623.73,470.0
2024-12-31 17:45:00,2623.79,2624.31,2621.94,2622.72,412.0
2024-12-31 17:50:00,2622.94,2626.01,2621.37,2625.63,433.0
2024-12-31 17:55:00,2625.7,2626.65,2624.95,2625.84,460.0
2024-12-31 18:00:00,2625.65,2626.71,2623.91,2624.08,437.0
2024-12-31 18:05:00,2624.05,2624.14,2622.7,2623.27,446.0
2024-12-31 18:10:00,2623.34,2625.31,2622.8,2625.12,396.0
2024-12-31 18:15:00,2625.21,2625.36,2623.26,2623.26,403.0
2024-12-31 18:20:00,2623.31,2624.3,2622.26,2623.5,406.0
2024-12-31 18:25:00,2623.47,2623.85,2622.62,2623.65,377.0
2024-12-31 18:30:00,2623.73,2625.97,2623.34,2625.69,342.0
2024-12-31 18:35:00,2625.64,2626.12,2624.91,2625.97,357.0
2024-12-31 18:40:00,2625.98,2626.72,2625.51,2626.02,350.0
2024-12-31 18:45:00,2626.02,2627.21,2624.82,2625.06,359.0
2024-12-31 18:50:00,2625.06,2625.98,2624.71,2625.7,321.0
2024-12-31 18:55:00,2625.7,2625.98,2625.1,2625.31,301.0
2024-12-31 19:00:00,2625.44,2625.58,2624.48,2624.73,301.0
2024-12-31 19:05:00,2624.74,2626.54,2624.74,2626.5,282.0
2024-12-31 19:10:00,2626.51,2627.01,2625.75,2626.55,256.0
2024-12-31 19:15:00,2626.55,2627.38,2626.14,2627.38,259.0
2024-12-31 19:20:00,2627.39,2627.58,2625.16,2626.18,266.0
2024-12-31 19:25:00,2626.22,2626.7,2625.37,2625.52,298.0
2024-12-31 19:30:00,2625.44,2625.45,2624.05,2624.07,298.0
2024-12-31 19:35:00,2624.04,2624.52,2623.44,2623.88,254.0
2024-12-31 19:40:00,2623.88,2624.8,2623.23,2623.34,292.0
2024-12-31 19:45:00,2623.4,2624.47,2623.35,2624.21,241.0
2024-12-31 19:50:00,2624.26,2625.17,2624.04,2625.02,331.0
2024-12-31 19:55:00,2625.05,2625.35,2624.15,2624.38,345.0
2024-12-31 20:00:00,2624.29,2625.31,2623.28,2625.29,329.0
2024-12-31 20:05:00,2625.3,2625.54,2624.49,2624.84,198.0
2024-12-31 20:10:00,2624.88,2624.88,2623.76,2623.99,210.0
2024-12-31 20:15:00,2623.82,2623.84,2622.85,2622.85,287.0
2024-12-31 20:20:00,2622.86,2625.84,2622.73,2625.84,349.0
2024-12-31 20:25:00,2625.76,2627.22,2625.55,2626.04,402.0
2024-12-31 20:30:00,2626.1,2626.92,2625.81,2626.36,353.0
2024-12-31 20:35:00,2626.31,2626.31,2624.92,2625.64,246.0
2024-12-31 20:40:00,2625.64,2626.14,2625.27,2625.61,240.0
2024-12-31 20:45:00,2625.59,2626.68,2625.18,2626.0,221.0
2024-12-31 20:50:00,2626.0,2626.66,2625.37,2625.58,176.0
2024-12-31 20:55:00,2625.59,2625.72,2624.81,2624.81,213.0
2024-12-31 21:00:00,2624.65,2625.73,2624.56,2625.14,242.0
2024-12-31 21:05:00,2625.09,2625.94,2625.03,2625.87,207.0
2024-12-31 21:10:00,2625.88,2627.19,2625.84,2626.91,183.0
2024-12-31 21:15:00,2626.91,2626.98,2625.83,2626.24,251.0
2024-12-31 21:20:00,2626.29,2626.29,2625.08,2625.2,246.0
2024-12-31 21:25:00,2625.18,2625.63,2624.96,2625.01,253.0
2024-12-31 21:30:00,2624.91,2625.08,2623.8,2624.08,275.0
2024-12-31 21:35:00,2624.07,2624.2,2623.4,2623.76,231.0
2024-12-31 21:40:00,2623.76,2623.86,2622.87,2623.22,192.0
2024-12-31 21:45:00,2623.21,2623.7,2622.87,2623.45,255.0
2024-12-31 21:50:00,2623.44,2624.25,2622.97,2623.92,215.0
2024-12-31 21:55:00,2623.9,2623.98,2623.29,2623.85,195.0
2024-12-31 22:00:00,2623.84,2624.4,2623.7,2624.22,196.0
2024-12-31 22:05:00,2624.24,2625.05,2624.01,2624.7,200.0
2024-12-31 22:10:00,2624.64,2624.8,2623.2,2623.42,184.0
2024-12-31 22:15:00,2623.43,2623.79,2623.18,2623.24,217.0
2024-12-31 22:20:00,2623.18,2624.0,2623.15,2623.15,243.0
2024-12-31 22:25:00,2623.25,2623.73,2622.88,2623.2,216.0
2024-12-31 22:30:00,2623.17,2623.4,2622.72,2622.92,240.0
2024-12-31 22:35:00,2622.94,2623.26,2622.25,2622.26,228.0
2024-12-31 22:40:00,2622.28,2622.91,2622.22,2622.88,217.0
2024-12-31 22:45:00,2622.9,2623.61,2622.71,2623.58,217.0
2024-12-31 22:50:00,2623.58,2624.02,2623.23,2623.43,325.0
2024-12-31 22:55:00,2623.4,2623.89,2623.07,2623.36,306.0
2024-12-31 23:00:00,2623.17,2623.62,2622.92,2623.51,105.0
2024-12-31 23:05:00,2623.53,2624.08,2623.05,2623.99,62.0
2024-12-31 23:10:00,2623.98,2624.09,2623.69,2623.96,43.0
2024-12-31 23:15:00,2623.99,2624.28,2623.89,2624.18,37.0
2024-12-31 23:20:00,2624.06,2624.13,2623.46,2623.62,49.0
2024-12-31 23:25:00,2623.62,2624.07,2623.59,2624.04,42.0
2024-12-31 23:30:00,2624.03,2624.35,2623.77,2624.17,56.0
2024-12-31 23:35:00,2624.21,2624.35,2624.11,2624.3,26.0
2024-12-31 23:40:00,2624.3,2624.71,2624.28,2624.56,40.0
2024-12-31 23:45:00,2624.56,2624.94,2624.16,2624.33,66.0
2024-12-31 23:50:00,2624.29,2624.6,2624.1,2624.52,49.0
2024-12-31 23:55:00,2624.46,2624.56,2624.24,2624.43,56.0
