time,open,high,low,close,volume
2025-09-01 01:05:00,3445.94,3445.94,3442.46,3443.39,289.0
2025-09-01 01:10:00,3443.32,3447.43,3442.98,3445.83,278.0
2025-09-01 01:15:00,3445.74,3447.33,3445.65,3446.13,215.0
2025-09-01 01:20:00,3446.14,3446.98,3445.46,3446.98,224.0
2025-09-01 01:25:00,3446.75,3448.61,3446.75,3448.01,229.0
2025-09-01 01:30:00,3447.99,3451.27,3447.75,3451.23,248.0
2025-09-01 01:35:00,3451.25,3452.54,3450.56,3450.71,220.0
2025-09-01 01:40:00,3450.72,3450.86,3448.84,3449.76,273.0
2025-09-01 01:45:00,3449.78,3450.01,3449.09,3449.57,212.0
2025-09-01 01:50:00,3449.68,3450.37,3449.6,3450.19,156.0
2025-09-01 01:55:00,3450.21,3450.72,3449.98,3450.27,118.0
2025-09-01 02:00:00,3450.3,3450.48,3449.61,3450.24,143.0
2025-09-01 02:05:00,3450.3,3450.74,3449.64,3449.73,163.0
2025-09-01 02:10:00,3449.73,3449.97,3448.5,3448.88,214.0
2025-09-01 02:15:00,3448.88,3448.88,3446.74,3446.74,145.0
2025-09-01 02:20:00,3446.85,3447.54,3446.85,3447.14,174.0
2025-09-01 02:25:00,3447.18,3447.39,3446.54,3446.73,134.0
2025-09-01 02:30:00,3446.71,3447.13,3446.55,3446.75,139.0
2025-09-01 02:35:00,3446.72,3446.78,3445.64,3445.81,142.0
2025-09-01 02:40:00,3445.75,3445.91,3444.68,3445.3,189.0
2025-09-01 02:45:00,3445.35,3447.0,3445.15,3446.45,258.0
2025-09-01 02:50:00,3446.49,3449.39,3445.81,3448.53,308.0
2025-09-01 02:55:00,3448.53,3448.65,3447.77,3448.01,286.0
2025-09-01 03:00:00,3447.87,3447.87,3444.37,3444.74,375.0
2025-09-01 03:05:00,3444.71,3445.18,3443.51,3444.0,330.0
2025-09-01 03:10:00,3443.86,3444.22,3443.24,3443.6,284.0
2025-09-01 03:15:00,3443.59,3444.99,3443.43,3444.0,288.0
2025-09-01 03:20:00,3444.01,3445.14,3443.54,3443.96,288.0
2025-09-01 03:25:00,3443.96,3445.65,3442.78,3445.3,290.0
2025-09-01 03:30:00,3445.33,3445.95,3444.2,3444.43,263.0
2025-09-01 03:35:00,3444.41,3444.84,3444.1,3444.7,225.0
2025-09-01 03:40:00,3444.67,3445.39,3443.37,3443.57,324.0
2025-09-01 03:45:00,3443.59,3444.18,3443.05,3443.76,253.0
2025-09-01 03:50:00,3443.72,3443.9,3442.83,3443.21,285.0
2025-09-01 03:55:00,3443.2,3444.25,3443.14,3444.12,236.0
2025-09-01 04:00:00,3444.06,3445.51,3442.3,3443.29,402.0
2025-09-01 04:05:00,3443.46,3443.88,3439.82,3440.52,412.0
2025-09-01 04:10:00,3440.53,3440.76,3439.0,3439.61,417.0
2025-09-01 04:15:00,3439.54,3440.52,3439.2,3439.68,393.0
2025-09-01 04:20:00,3439.56,3439.64,3438.1,3438.89,368.0
2025-09-01 04:25:00,3438.72,3439.43,3437.12,3439.07,402.0
2025-09-01 04:30:00,3439.05,3442.64,3438.42,3441.7,406.0
2025-09-01 04:35:00,3441.59,3442.17,3439.95,3442.17,364.0
2025-09-01 04:40:00,3442.24,3447.12,3441.91,3447.03,413.0
2025-09-01 04:45:00,3447.04,3450.0,3446.51,3448.51,457.0
2025-09-01 04:50:00,3448.51,3451.29,3448.49,3449.75,451.0
2025-09-01 04:55:00,3449.76,3459.29,3449.45,3457.36,462.0
2025-09-01 05:00:00,3457.34,3458.58,3455.25,3457.85,426.0
2025-09-01 05:05:00,3457.74,3471.4,3457.68,3466.43,487.0
2025-09-01 05:10:00,3466.55,3467.38,3458.1,3458.57,478.0
2025-09-01 05:15:00,3458.57,3461.27,3455.98,3460.02,441.0
2025-09-01 05:20:00,3459.99,3462.66,3457.81,3461.68,447.0
2025-09-01 05:25:00,3461.79,3469.19,3461.79,3466.31,462.0
2025-09-01 05:30:00,3466.37,3469.27,3465.54,3469.22,473.0
2025-09-01 05:35:00,3469.08,3472.28,3467.89,3471.42,495.0
2025-09-01 05:40:00,3471.31,3476.41,3471.15,3475.4,489.0
2025-09-01 05:45:00,3475.63,3478.53,3474.4,3476.31,453.0
2025-09-01 05:50:00,3476.32,3476.73,3474.25,3475.24,432.0
2025-09-01 05:55:00,3475.16,3484.72,3474.74,3483.57,467.0
2025-09-01 06:00:00,3483.67,3486.04,3478.26,3478.52,452.0
2025-09-01 06:05:00,3478.52,3479.34,3474.03,3474.44,454.0
2025-09-01 06:10:00,3474.47,3474.55,3469.94,3473.42,432.0
2025-09-01 06:15:00,3473.4,3476.2,3471.83,3473.13,391.0
2025-09-01 06:20:00,3473.12,3473.9,3470.55,3473.41,401.0
2025-09-01 06:25:00,3473.32,3473.93,3469.75,3471.6,385.0
2025-09-01 06:30:00,3471.64,3476.23,3471.46,3474.3,408.0
2025-09-01 06:35:00,3474.14,3476.37,3473.15,3475.29,391.0
2025-09-01 06:40:00,3475.34,3475.34,3473.49,3474.04,317.0
2025-09-01 06:45:00,3474.03,3475.33,3473.91,3475.09,299.0
2025-09-01 06:50:00,3475.15,3475.48,3473.61,3473.94,324.0
2025-09-01 06:55:00,3473.91,3475.17,3473.73,3474.52,304.0
2025-09-01 07:00:00,3474.67,3475.44,3474.0,3474.22,309.0
2025-09-01 07:05:00,3474.22,3474.65,3473.74,3474.55,308.0
2025-09-01 07:10:00,3474.5,3475.49,3473.62,3474.82,311.0
2025-09-01 07:15:00,3474.9,3475.2,3473.96,3475.13,264.0
2025-09-01 07:20:00,3475.12,3478.31,3475.09,3478.31,346.0
2025-09-01 07:25:00,3478.16,3479.48,3473.05,3474.09,397.0
2025-09-01 07:30:00,3474.13,3474.13,3472.25,3473.56,322.0
2025-09-01 07:35:00,3473.49,3475.52,3473.48,3475.13,340.0
2025-09-01 07:40:00,3475.13,3475.47,3474.42,3474.86,342.0
2025-09-01 07:45:00,3474.82,3475.39,3474.51,3475.07,320.0
2025-09-01 07:50:00,3475.08,3475.98,3474.93,3475.73,268.0
2025-09-01 07:55:00,3475.72,3475.84,3475.07,3475.07,262.0
2025-09-01 08:00:00,3475.09,3477.09,3474.73,3476.82,321.0
2025-09-01 08:05:00,3476.8,3477.72,3476.47,3477.51,347.0
2025-09-01 08:10:00,3477.57,3478.06,3474.61,3474.62,364.0
2025-09-01 08:15:00,3474.55,3477.18,3474.45,3477.18,372.0
2025-09-01 08:20:00,3476.97,3477.99,3476.05,3476.71,374.0
2025-09-01 08:25:00,3476.72,3478.5,3476.49,3478.22,357.0
2025-09-01 08:30:00,3478.17,3480.76,3477.1,3480.68,399.0
2025-09-01 08:35:00,3480.58,3482.77,3476.7,3476.98,417.0
2025-09-01 08:40:00,3476.92,3476.99,3474.66,3476.32,426.0
2025-09-01 08:45:00,3476.61,3481.66,3476.46,3480.24,416.0
2025-09-01 08:50:00,3480.23,3481.25,3478.89,3479.93,352.0
2025-09-01 08:55:00,3479.98,3480.84,3477.37,3477.38,390.0
2025-09-01 09:00:00,3477.28,3480.56,3476.89,3478.64,378.0
2025-09-01 09:05:00,3478.8,3480.84,3478.37,3480.29,341.0
2025-09-01 09:10:00,3480.33,3483.26,3479.93,3482.28,398.0
2025-09-01 09:15:00,3482.29,3484.09,3481.47,3482.95,430.0
2025-09-01 09:20:00,3482.94,3486.22,3482.6,3485.88,405.0
2025-09-01 09:25:00,3485.91,3486.15,3484.48,3485.44,374.0
2025-09-01 09:30:00,3485.5,3487.24,3483.22,3487.05,428.0
2025-09-01 09:35:00,3487.01,3489.49,3486.63,3488.84,397.0
2025-09-01 09:40:00,3488.48,3489.81,3487.03,3487.94,398.0
2025-09-01 09:45:00,3487.96,3488.2,3485.35,3487.63,371.0
2025-09-01 09:50:00,3487.69,3487.89,3484.15,3485.46,395.0
2025-09-01 09:55:00,3485.48,3485.55,3478.64,3479.42,401.0
2025-09-01 10:00:00,3479.33,3480.98,3477.16,3477.19,413.0
2025-09-01 10:05:00,3477.22,3479.49,3476.32,3478.44,432.0
2025-09-01 10:10:00,3478.48,3478.74,3474.68,3475.74,421.0
2025-09-01 10:15:00,3475.75,3476.37,3472.89,3474.15,416.0
2025-09-01 10:20:00,3474.45,3475.22,3473.4,3473.4,364.0
2025-09-01 10:25:00,3473.56,3474.62,3470.36,3472.12,376.0
2025-09-01 10:30:00,3472.16,3472.4,3470.25,3470.69,388.0
2025-09-01 10:35:00,3470.71,3470.98,3468.39,3469.36,373.0
2025-09-01 10:40:00,3469.39,3471.96,3467.88,3471.31,422.0
2025-09-01 10:45:00,3471.32,3472.86,3470.97,3472.79,385.0
2025-09-01 10:50:00,3472.75,3475.22,3472.63,3474.99,384.0
2025-09-01 10:55:00,3474.95,3478.02,3474.31,3477.84,348.0
2025-09-01 11:00:00,3477.87,3479.37,3477.12,3478.48,382.0
2025-09-01 11:05:00,3478.13,3478.83,3474.57,3475.06,392.0
2025-09-01 11:10:00,3475.09,3478.61,3474.9,3477.3,377.0
2025-09-01 11:15:00,3477.32,3479.57,3475.85,3478.59,363.0
2025-09-01 11:20:00,3478.49,3479.82,3478.01,3478.15,379.0
2025-09-01 11:25:00,3478.15,3479.45,3478.15,3478.94,328.0
2025-09-01 11:30:00,3479.04,3479.48,3478.25,3478.76,263.0
2025-09-01 11:35:00,3478.78,3479.16,3476.63,3477.16,350.0
2025-09-01 11:40:00,3477.29,3478.3,3476.67,3477.92,307.0
2025-09-01 11:45:00,3477.94,3479.16,3477.33,3478.44,354.0
2025-09-01 11:50:00,3478.44,3478.67,3476.94,3477.06,364.0
2025-09-01 11:55:00,3477.03,3477.45,3476.7,3477.01,219.0
2025-09-01 12:00:00,3477.0,3477.1,3473.76,3475.14,313.0
2025-09-01 12:05:00,3475.16,3475.83,3473.07,3473.39,353.0
2025-09-01 12:10:00,3473.37,3474.75,3473.34,3474.3,345.0
2025-09-01 12:15:00,3474.38,3474.59,3472.75,3472.98,273.0
2025-09-01 12:20:00,3473.12,3473.46,3470.71,3471.94,328.0
2025-09-01 12:25:00,3472.07,3473.09,3471.18,3471.45,347.0
2025-09-01 12:30:00,3471.57,3472.67,3469.12,3469.5,395.0
2025-09-01 12:35:00,3469.53,3470.74,3468.84,3470.24,383.0
2025-09-01 12:40:00,3470.45,3470.5,3469.13,3469.44,329.0
2025-09-01 12:45:00,3469.44,3470.33,3469.08,3469.8,304.0
2025-09-01 12:50:00,3469.85,3469.87,3467.95,3468.54,335.0
2025-09-01 12:55:00,3468.56,3470.74,3467.31,3469.46,342.0
2025-09-01 13:00:00,3469.5,3469.89,3466.4,3468.75,400.0
2025-09-01 13:05:00,3468.85,3471.65,3468.29,3471.56,346.0
2025-09-01 13:10:00,3471.59,3473.95,3469.87,3470.06,426.0
2025-09-01 13:15:00,3469.95,3471.12,3467.2,3470.19,408.0
2025-09-01 13:20:00,3470.18,3472.56,3470.03,3471.85,374.0
2025-09-01 13:25:00,3471.87,3472.12,3470.1,3470.97,349.0
2025-09-01 13:30:00,3471.12,3472.94,3471.02,3471.64,369.0
2025-09-01 13:35:00,3471.65,3471.71,3470.29,3470.74,360.0
2025-09-01 13:40:00,3470.73,3471.7,3470.45,3470.69,367.0
2025-09-01 13:45:00,3470.65,3471.78,3469.81,3469.92,358.0
2025-09-01 13:50:00,3469.93,3470.63,3468.94,3470.08,382.0
2025-09-01 13:55:00,3470.02,3471.17,3469.63,3470.55,347.0
2025-09-01 14:00:00,3470.5,3471.11,3469.68,3470.14,368.0
2025-09-01 14:05:00,3470.07,3471.11,3469.93,3470.9,367.0
2025-09-01 14:10:00,3470.89,3471.22,3469.79,3470.57,370.0
2025-09-01 14:15:00,3470.63,3471.58,3469.73,3470.6,389.0
2025-09-01 14:20:00,3470.57,3472.05,3470.53,3471.21,402.0
2025-09-01 14:25:00,3471.15,3471.9,3470.87,3471.27,374.0
2025-09-01 14:30:00,3471.35,3472.13,3470.74,3471.53,382.0
2025-09-01 14:35:00,3471.56,3473.5,3471.09,3471.83,394.0
2025-09-01 14:40:00,3471.83,3471.92,3469.24,3470.96,376.0
2025-09-01 14:45:00,3470.84,3472.85,3467.9,3467.98,436.0
2025-09-01 14:50:00,3467.96,3470.47,3467.68,3470.22,377.0
2025-09-01 14:55:00,3470.24,3470.31,3469.35,3470.04,297.0
2025-09-01 15:00:00,3470.04,3471.56,3469.24,3471.02,342.0
2025-09-01 15:05:00,3471.01,3471.05,3467.57,3469.05,390.0
2025-09-01 15:10:00,3469.04,3470.43,3469.03,3470.01,370.0
2025-09-01 15:15:00,3470.03,3470.29,3468.39,3469.49,337.0
2025-09-01 15:20:00,3469.48,3470.04,3467.21,3467.25,383.0
2025-09-01 15:25:00,3467.22,3470.05,3467.16,3469.76,372.0
2025-09-01 15:30:00,3469.77,3470.17,3469.09,3469.84,386.0
2025-09-01 15:35:00,3469.87,3469.98,3468.66,3469.4,365.0
2025-09-01 15:40:00,3469.41,3470.48,3469.04,3469.4,352.0
2025-09-01 15:45:00,3469.36,3470.25,3469.18,3470.21,286.0
2025-09-01 15:50:00,3470.2,3470.31,3469.73,3470.04,309.0
2025-09-01 15:55:00,3470.13,3470.7,3469.47,3469.47,327.0
2025-09-01 16:00:00,3469.56,3471.56,3468.96,3471.56,402.0
2025-09-01 16:05:00,3471.62,3477.91,3471.59,3477.44,428.0
2025-09-01 16:10:00,3477.49,3477.88,3475.52,3477.44,382.0
2025-09-01 16:15:00,3477.42,3478.46,3475.33,3476.48,387.0
2025-09-01 16:20:00,3476.48,3476.5,3475.11,3476.02,345.0
2025-09-01 16:25:00,3475.92,3478.42,3475.52,3477.91,355.0
2025-09-01 16:30:00,3477.88,3478.64,3476.98,3478.25,393.0
2025-09-01 16:35:00,3478.23,3478.42,3475.91,3475.91,371.0
2025-09-01 16:40:00,3475.58,3477.88,3475.47,3477.16,380.0
2025-09-01 16:45:00,3477.08,3477.58,3475.93,3477.34,289.0
2025-09-01 16:50:00,3477.33,3479.1,3477.31,3477.89,313.0
2025-09-01 16:55:00,3477.95,3478.34,3475.31,3475.34,333.0
2025-09-01 17:00:00,3475.3,3476.45,3474.3,3475.68,389.0
2025-09-01 17:05:00,3475.67,3476.34,3474.92,3475.73,353.0
2025-09-01 17:10:00,3475.8,3478.68,3475.55,3477.99,339.0
2025-09-01 17:15:00,3478.06,3479.34,3477.35,3479.22,337.0
2025-09-01 17:20:00,3479.21,3481.23,3478.97,3479.02,385.0
2025-09-01 17:25:00,3479.0,3479.0,3476.03,3477.88,371.0
2025-09-01 17:30:00,3477.87,3477.98,3475.28,3476.9,344.0
2025-09-01 17:35:00,3476.86,3479.29,3476.12,3476.89,367.0
2025-09-01 17:40:00,3476.89,3476.94,3473.72,3474.53,364.0
2025-09-01 17:45:00,3474.59,3475.76,3474.35,3475.56,311.0
2025-09-01 17:50:00,3475.52,3477.02,3475.52,3476.81,266.0
2025-09-01 17:55:00,3476.83,3477.31,3475.17,3475.59,281.0
2025-09-01 18:00:00,3475.58,3477.02,3475.19,3476.78,302.0
2025-09-01 18:05:00,3476.76,3477.55,3476.34,3477.02,297.0
2025-09-01 18:10:00,3477.02,3478.62,3476.41,3478.37,311.0
2025-09-01 18:15:00,3478.38,3479.07,3477.69,3478.08,331.0
2025-09-01 18:20:00,3477.82,3478.35,3476.47,3476.88,304.0
2025-09-01 18:25:00,3476.84,3477.27,3475.3,3475.46,259.0
2025-09-01 18:30:00,3475.46,3477.38,3475.46,3476.23,223.0
2025-09-01 18:35:00,3476.25,3477.4,3474.99,3475.13,263.0
2025-09-01 18:40:00,3475.03,3476.27,3474.58,3475.44,252.0
2025-09-01 18:45:00,3475.44,3475.76,3473.69,3474.41,239.0
2025-09-01 18:50:00,3474.44,3474.81,3473.51,3474.64,211.0
2025-09-01 18:55:00,3474.61,3474.84,3473.97,3474.07,200.0
2025-09-01 19:00:00,3474.07,3474.1,3472.68,3473.44,266.0
2025-09-01 19:05:00,3473.43,3473.6,3472.36,3472.95,252.0
2025-09-01 19:10:00,3472.91,3473.88,3472.38,3473.75,257.0
2025-09-01 19:15:00,3473.77,3473.81,3473.25,3473.75,211.0
2025-09-01 19:20:00,3473.71,3474.52,3473.69,3474.52,203.0
2025-09-01 19:25:00,3474.51,3474.57,3473.57,3474.14,254.0
2025-09-01 19:30:00,3474.13,3475.22,3473.63,3475.21,224.0
2025-09-01 19:35:00,3475.23,3475.69,3475.14,3475.34,150.0
2025-09-01 19:40:00,3475.31,3476.35,3475.31,3476.29,138.0
2025-09-01 19:45:00,3476.28,3476.93,3476.24,3476.86,145.0
2025-09-01 19:50:00,3476.89,3477.56,3476.75,3477.47,166.0
2025-09-01 19:55:00,3477.46,3477.7,3476.88,3477.35,162.0
2025-09-01 20:00:00,3477.36,3477.41,3476.97,3477.25,141.0
2025-09-01 20:05:00,3477.24,3477.49,3476.27,3477.11,169.0
2025-09-01 20:10:00,3477.11,3477.15,3476.42,3477.1,201.0
2025-09-01 20:15:00,3477.13,3477.39,3476.14,3476.39,211.0
2025-09-01 20:20:00,3476.45,3477.39,3476.43,3477.38,254.0
2025-09-01 20:25:00,3477.39,3477.85,3476.9,3477.62,173.0
2025-09-01 20:30:00,3477.64,3478.86,3477.64,3478.35,184.0
2025-09-01 20:35:00,3478.34,3478.57,3477.89,3478.26,166.0
2025-09-01 20:40:00,3478.24,3478.28,3477.7,3478.13,150.0
2025-09-01 20:45:00,3478.14,3478.15,3477.6,3477.79,170.0
2025-09-01 20:50:00,3477.83,3478.04,3477.66,3477.89,213.0
2025-09-01 20:55:00,3477.87,3478.08,3477.53,3477.91,225.0
2025-09-01 21:00:00,3477.91,3478.0,3476.61,3477.23,247.0
2025-09-01 21:05:00,3477.19,3477.38,3476.54,3477.31,171.0
2025-09-01 21:10:00,3477.28,3477.28,3476.23,3476.69,217.0
2025-09-01 21:15:00,3476.67,3477.65,3476.24,3477.29,190.0
2025-09-01 21:20:00,3477.29,3477.75,3476.89,3476.98,184.0
2025-09-01 21:25:00,3476.97,3477.14,3476.14,3476.37,185.0
2025-09-02 01:05:00,3476.41,3480.48,3476.41,3477.3,337.0
2025-09-02 01:10:00,3477.32,3477.97,3476.48,3477.63,281.0
2025-09-02 01:15:00,3477.58,3478.35,3476.88,3477.89,257.0
2025-09-02 01:20:00,3477.92,3478.15,3477.39,3478.11,205.0
2025-09-02 01:25:00,3477.98,3478.75,3477.86,3478.43,155.0
2025-09-02 01:30:00,3478.42,3479.22,3476.97,3479.08,239.0
2025-09-02 01:35:00,3479.0,3479.55,3478.06,3478.12,191.0
2025-09-02 01:40:00,3478.08,3478.12,3477.35,3477.56,161.0
2025-09-02 01:45:00,3477.56,3478.35,3477.34,3477.54,170.0
2025-09-02 01:50:00,3477.54,3477.89,3475.63,3475.76,210.0
2025-09-02 01:55:00,3475.76,3475.81,3475.32,3475.32,188.0
2025-09-02 02:00:00,3475.38,3477.4,3474.55,3477.37,212.0
2025-09-02 02:05:00,3477.4,3478.65,3476.59,3476.71,223.0
2025-09-02 02:10:00,3476.72,3477.37,3475.58,3476.67,186.0
2025-09-02 02:15:00,3476.68,3477.61,3476.62,3477.59,125.0
2025-09-02 02:20:00,3477.55,3481.54,3477.41,3479.98,315.0
2025-09-02 02:25:00,3479.99,3480.04,3477.04,3478.1,271.0
2025-09-02 02:30:00,3478.05,3478.57,3477.69,3478.26,245.0
2025-09-02 02:35:00,3478.23,3479.9,3478.1,3479.9,207.0
2025-09-02 02:40:00,3479.91,3480.32,3478.85,3479.16,292.0
2025-09-02 02:45:00,3479.27,3480.96,3479.18,3480.87,297.0
2025-09-02 02:50:00,3480.87,3480.98,3480.0,3480.45,310.0
2025-09-02 02:55:00,3480.43,3480.43,3479.15,3479.25,319.0
2025-09-02 03:00:00,3479.2,3482.5,3478.53,3481.18,461.0
2025-09-02 03:05:00,3480.99,3483.14,3480.86,3481.82,412.0
2025-09-02 03:10:00,3482.02,3482.62,3480.01,3481.1,415.0
2025-09-02 03:15:00,3481.17,3482.55,3480.93,3481.61,401.0
2025-09-02 03:20:00,3481.61,3482.41,3481.11,3481.64,305.0
2025-09-02 03:25:00,3481.66,3483.74,3481.6,3483.14,310.0
2025-09-02 03:30:00,3483.02,3484.11,3482.09,3483.97,344.0
2025-09-02 03:35:00,3483.98,3485.08,3482.19,3482.26,433.0
2025-09-02 03:40:00,3482.27,3483.1,3478.62,3480.4,440.0
2025-09-02 03:45:00,3480.4,3480.75,3478.36,3478.95,424.0
2025-09-02 03:50:00,3479.03,3480.09,3478.22,3480.02,422.0
2025-09-02 03:55:00,3480.03,3480.31,3478.5,3479.26,334.0
2025-09-02 04:00:00,3479.26,3482.0,3477.09,3479.52,472.0
2025-09-02 04:05:00,3479.48,3482.89,3479.48,3482.89,434.0
2025-09-02 04:10:00,3483.01,3489.21,3482.86,3488.94,497.0
2025-09-02 04:15:00,3488.75,3494.51,3488.13,3492.87,502.0
2025-09-02 04:20:00,3493.25,3495.95,3493.11,3494.47,455.0
2025-09-02 04:25:00,3494.42,3497.67,3493.44,3497.49,454.0
2025-09-02 04:30:00,3497.49,3498.15,3495.05,3497.94,459.0
2025-09-02 04:35:00,3497.96,3499.29,3497.52,3498.75,421.0
2025-09-02 04:40:00,3498.73,3502.28,3498.41,3502.28,458.0
2025-09-02 04:45:00,3502.35,3508.69,3492.68,3493.53,520.0
2025-09-02 04:50:00,3493.8,3494.52,3489.86,3492.92,517.0
2025-09-02 04:55:00,3492.88,3497.72,3492.18,3497.72,495.0
2025-09-02 05:00:00,3497.79,3497.94,3494.46,3496.74,465.0
2025-09-02 05:05:00,3496.71,3500.64,3495.94,3498.51,455.0
2025-09-02 05:10:00,3498.59,3498.59,3493.44,3494.03,444.0
2025-09-02 05:15:00,3494.06,3494.93,3493.38,3494.4,397.0
2025-09-02 05:20:00,3494.38,3494.53,3491.6,3492.86,385.0
2025-09-02 05:25:00,3492.82,3493.56,3491.63,3492.97,391.0
2025-09-02 05:30:00,3492.87,3493.54,3492.27,3492.98,416.0
2025-09-02 05:35:00,3493.08,3495.39,3493.0,3494.63,405.0
2025-09-02 05:40:00,3494.55,3498.21,3494.4,3497.84,428.0
2025-09-02 05:45:00,3497.86,3497.92,3495.82,3496.49,401.0
2025-09-02 05:50:00,3496.43,3496.49,3494.83,3495.72,356.0
2025-09-02 05:55:00,3495.75,3497.1,3494.76,3496.33,363.0
2025-09-02 06:00:00,3496.32,3496.32,3492.5,3495.39,411.0
2025-09-02 06:05:00,3495.44,3495.44,3493.36,3494.63,399.0
2025-09-02 06:10:00,3494.56,3495.06,3493.49,3494.48,327.0
2025-09-02 06:15:00,3494.46,3494.56,3490.71,3492.1,418.0
2025-09-02 06:20:00,3492.1,3493.67,3491.74,3493.52,435.0
2025-09-02 06:25:00,3493.63,3494.32,3492.93,3493.33,348.0
2025-09-02 06:30:00,3493.32,3493.33,3490.89,3491.37,292.0
2025-09-02 06:35:00,3491.35,3492.93,3490.15,3492.78,345.0
2025-09-02 06:40:00,3492.84,3494.36,3492.75,3492.92,323.0
2025-09-02 06:45:00,3492.91,3494.37,3492.66,3493.95,345.0
2025-09-02 06:50:00,3493.91,3495.95,3493.91,3495.08,354.0
2025-09-02 06:55:00,3495.24,3495.72,3494.72,3495.16,314.0
2025-09-02 07:00:00,3495.09,3495.37,3494.01,3494.15,332.0
2025-09-02 07:05:00,3494.2,3495.37,3493.46,3494.86,355.0
2025-09-02 07:10:00,3494.87,3496.27,3494.76,3495.26,358.0
2025-09-02 07:15:00,3495.24,3496.27,3494.34,3494.36,351.0
2025-09-02 07:20:00,3494.4,3494.92,3493.67,3494.28,366.0
2025-09-02 07:25:00,3494.26,3494.57,3493.36,3494.23,371.0
2025-09-02 07:30:00,3494.3,3495.95,3493.64,3495.61,359.0
2025-09-02 07:35:00,3495.56,3496.88,3495.0,3496.81,355.0
2025-09-02 07:40:00,3496.82,3498.11,3495.8,3498.03,349.0
2025-09-02 07:45:00,3498.06,3498.31,3497.5,3497.59,329.0
2025-09-02 07:50:00,3497.61,3497.62,3495.95,3496.52,301.0
2025-09-02 07:55:00,3496.5,3496.77,3495.91,3496.77,190.0
2025-09-02 08:00:00,3496.69,3497.81,3494.88,3495.4,338.0
2025-09-02 08:05:00,3495.42,3496.22,3494.7,3496.19,308.0
2025-09-02 08:10:00,3496.14,3497.04,3495.21,3495.58,258.0
2025-09-02 08:15:00,3495.59,3496.64,3494.8,3496.21,249.0
2025-09-02 08:20:00,3496.17,3496.94,3493.4,3494.5,293.0
2025-09-02 08:25:00,3494.54,3494.77,3492.7,3493.41,359.0
2025-09-02 08:30:00,3493.37,3495.01,3492.17,3494.59,435.0
2025-09-02 08:35:00,3494.6,3497.13,3494.48,3497.01,405.0
2025-09-02 08:40:00,3497.02,3497.3,3494.86,3496.12,390.0
2025-09-02 08:45:00,3496.1,3496.23,3494.78,3495.17,365.0
2025-09-02 08:50:00,3495.14,3496.77,3493.6,3494.33,376.0
2025-09-02 08:55:00,3494.26,3495.0,3492.5,3493.13,386.0
2025-09-02 09:00:00,3493.37,3495.74,3491.88,3493.21,443.0
2025-09-02 09:05:00,3493.17,3494.44,3492.15,3492.15,372.0
2025-09-02 09:10:00,3492.18,3493.6,3490.39,3490.47,381.0
2025-09-02 09:15:00,3490.46,3491.63,3489.08,3489.11,416.0
2025-09-02 09:20:00,3489.17,3490.56,3486.45,3487.15,424.0
2025-09-02 09:25:00,3487.1,3487.1,3484.39,3485.66,438.0
2025-09-02 09:30:00,3485.63,3489.0,3485.16,3488.24,398.0
2025-09-02 09:35:00,3488.66,3490.34,3488.52,3489.08,385.0
2025-09-02 09:40:00,3489.11,3489.22,3485.72,3485.78,371.0
2025-09-02 09:45:00,3485.77,3486.63,3483.64,3483.95,415.0
2025-09-02 09:50:00,3483.99,3485.14,3483.4,3484.09,397.0
2025-09-02 09:55:00,3484.14,3486.43,3484.02,3485.43,381.0
2025-09-02 10:00:00,3485.96,3487.44,3485.37,3486.45,398.0
2025-09-02 10:05:00,3486.39,3488.54,3485.2,3485.92,402.0
2025-09-02 10:10:00,3485.89,3486.71,3484.09,3484.11,444.0
2025-09-02 10:15:00,3483.7,3485.79,3483.42,3483.56,450.0
2025-09-02 10:20:00,3483.55,3483.55,3480.22,3481.73,465.0
2025-09-02 10:25:00,3481.87,3483.98,3481.87,3483.84,426.0
2025-09-02 10:30:00,3483.87,3484.04,3480.24,3481.54,433.0
2025-09-02 10:35:00,3481.51,3482.69,3480.98,3481.55,422.0
2025-09-02 10:40:00,3481.52,3485.93,3481.25,3484.25,411.0
2025-09-02 10:45:00,3484.14,3484.52,3480.14,3480.64,390.0
2025-09-02 10:50:00,3481.02,3481.02,3472.1,3474.62,481.0
2025-09-02 10:55:00,3474.49,3478.7,3473.72,3476.85,483.0
2025-09-02 11:00:00,3476.84,3477.66,3472.67,3472.67,464.0
2025-09-02 11:05:00,3472.74,3473.17,3470.34,3472.32,486.0
2025-09-02 11:10:00,3472.38,3477.66,3472.25,3477.12,502.0
2025-09-02 11:15:00,3477.08,3478.55,3476.64,3477.26,485.0
2025-09-02 11:20:00,3477.14,3478.35,3476.19,3476.67,444.0
2025-09-02 11:25:00,3476.76,3477.35,3475.64,3477.26,430.0
2025-09-02 11:30:00,3476.97,3478.16,3476.71,3477.94,413.0
2025-09-02 11:35:00,3477.92,3479.57,3477.69,3478.68,420.0
2025-09-02 11:40:00,3478.7,3480.27,3478.47,3479.74,346.0
2025-09-02 11:45:00,3479.67,3481.38,3479.23,3479.38,425.0
2025-09-02 11:50:00,3479.23,3479.44,3476.26,3476.4,418.0
2025-09-02 11:55:00,3476.35,3477.63,3474.98,3477.59,405.0
2025-09-02 12:00:00,3477.62,3479.85,3477.29,3478.23,395.0
2025-09-02 12:05:00,3478.21,3478.69,3476.22,3476.29,343.0
2025-09-02 12:10:00,3476.08,3477.61,3476.06,3477.13,430.0
2025-09-02 12:15:00,3477.15,3479.71,3476.96,3478.98,419.0
2025-09-02 12:20:00,3479.1,3479.93,3478.12,3479.15,430.0
2025-09-02 12:25:00,3479.23,3480.3,3478.94,3479.85,390.0
2025-09-02 12:30:00,3479.8,3479.81,3478.14,3478.21,416.0
2025-09-02 12:35:00,3478.35,3479.4,3477.8,3478.21,391.0
2025-09-02 12:40:00,3478.19,3479.31,3477.59,3477.8,333.0
2025-09-02 12:45:00,3477.69,3478.31,3476.57,3477.6,320.0
2025-09-02 12:50:00,3477.86,3478.8,3476.58,3477.44,361.0
2025-09-02 12:55:00,3477.44,3479.5,3476.75,3476.76,406.0
2025-09-02 13:00:00,3476.76,3477.08,3475.75,3476.2,343.0
2025-09-02 13:05:00,3476.27,3481.57,3476.06,3481.02,410.0
2025-09-02 13:10:00,3480.62,3483.49,3480.49,3481.2,442.0
2025-09-02 13:15:00,3481.1,3482.53,3480.85,3481.65,393.0
2025-09-02 13:20:00,3481.68,3482.08,3479.42,3480.66,401.0
2025-09-02 13:25:00,3480.69,3480.86,3479.16,3480.14,421.0
2025-09-02 13:30:00,3480.13,3482.36,3480.12,3481.37,386.0
2025-09-02 13:35:00,3481.38,3485.1,3481.17,3484.79,416.0
2025-09-02 13:40:00,3484.72,3484.72,3482.58,3483.33,399.0
2025-09-02 13:45:00,3483.35,3484.53,3482.58,3483.33,391.0
2025-09-02 13:50:00,3483.29,3484.04,3482.78,3483.93,345.0
2025-09-02 13:55:00,3483.88,3485.96,3483.83,3485.74,361.0
2025-09-02 14:00:00,3485.75,3486.53,3484.54,3485.8,411.0
2025-09-02 14:05:00,3485.79,3485.85,3483.9,3484.62,453.0
2025-09-02 14:10:00,3484.98,3485.13,3483.24,3483.58,425.0
2025-09-02 14:15:00,3483.56,3483.96,3481.36,3481.51,422.0
2025-09-02 14:20:00,3481.37,3482.51,3480.24,3481.2,400.0
2025-09-02 14:25:00,3481.04,3481.55,3479.13,3479.37,426.0
2025-09-02 14:30:00,3479.37,3480.81,3478.66,3480.05,453.0
2025-09-02 14:35:00,3480.09,3482.61,3479.97,3482.19,429.0
2025-09-02 14:40:00,3482.26,3485.56,3482.26,3484.17,426.0
2025-09-02 14:45:00,3484.19,3486.14,3483.71,3485.64,400.0
2025-09-02 14:50:00,3485.66,3487.99,3485.22,3487.0,369.0
2025-09-02 14:55:00,3486.88,3490.0,3486.79,3489.68,436.0
2025-09-02 15:00:00,3489.7,3494.08,3489.28,3493.09,469.0
2025-09-02 15:05:00,3493.19,3493.21,3490.45,3491.29,461.0
2025-09-02 15:10:00,3491.28,3491.78,3489.46,3490.56,450.0
2025-09-02 15:15:00,3490.58,3490.61,3482.68,3485.23,492.0
2025-09-02 15:20:00,3485.29,3487.53,3483.67,3483.67,505.0
2025-09-02 15:25:00,3483.58,3484.34,3480.68,3482.62,470.0
2025-09-02 15:30:00,3483.44,3488.42,3480.68,3481.42,484.0
2025-09-02 15:35:00,3481.55,3482.53,3474.95,3475.08,492.0
2025-09-02 15:40:00,3474.95,3478.72,3474.03,3476.5,474.0
2025-09-02 15:45:00,3476.69,3480.37,3476.67,3477.96,459.0
2025-09-02 15:50:00,3477.98,3485.65,3477.98,3484.77,459.0
2025-09-02 15:55:00,3485.0,3487.29,3481.73,3482.15,477.0
2025-09-02 16:00:00,3482.76,3484.81,3480.49,3481.31,473.0
2025-09-02 16:05:00,3481.24,3482.12,3478.32,3481.79,477.0
2025-09-02 16:10:00,3481.77,3485.56,3480.24,3483.22,474.0
2025-09-02 16:15:00,3483.25,3484.86,3480.62,3482.38,463.0
2025-09-02 16:20:00,3482.38,3483.85,3481.31,3481.83,422.0
2025-09-02 16:25:00,3481.81,3485.22,3481.35,3485.07,420.0
2025-09-02 16:30:00,3485.33,3488.54,3478.96,3482.68,507.0
2025-09-02 16:35:00,3482.87,3487.45,3482.87,3486.09,494.0
2025-09-02 16:40:00,3485.76,3490.06,3485.1,3489.23,490.0
2025-09-02 16:45:00,3489.65,3493.48,3487.09,3487.66,507.0
2025-09-02 16:50:00,3487.77,3488.57,3483.02,3487.29,501.0
2025-09-02 16:55:00,3487.55,3492.14,3486.31,3489.53,489.0
2025-09-02 17:00:00,3489.44,3493.6,3489.09,3493.14,518.0
2025-09-02 17:05:00,3492.82,3498.81,3489.52,3497.66,519.0
2025-09-02 17:10:00,3497.66,3498.72,3493.0,3497.66,503.0
2025-09-02 17:15:00,3497.88,3499.61,3496.35,3499.38,514.0
2025-09-02 17:20:00,3499.55,3501.87,3497.55,3500.87,474.0
2025-09-02 17:25:00,3500.69,3504.74,3500.69,3502.23,504.0
2025-09-02 17:30:00,3502.26,3502.67,3495.85,3499.99,508.0
2025-09-02 17:35:00,3499.94,3505.34,3499.94,3503.56,455.0
2025-09-02 17:40:00,3503.49,3510.75,3503.33,3510.75,483.0
2025-09-02 17:45:00,3510.84,3513.85,3508.63,3510.4,511.0
2025-09-02 17:50:00,3510.23,3512.63,3507.98,3511.3,488.0
2025-09-02 17:55:00,3511.22,3512.56,3510.32,3511.1,454.0
2025-09-02 18:00:00,3511.37,3513.18,3509.63,3513.0,474.0
2025-09-02 18:05:00,3512.88,3516.56,3512.66,3515.39,472.0
2025-09-02 18:10:00,3515.45,3515.56,3509.83,3511.65,471.0
2025-09-02 18:15:00,3511.68,3513.32,3510.41,3513.11,439.0
2025-09-02 18:20:00,3513.15,3514.54,3511.28,3512.28,458.0
2025-09-02 18:25:00,3512.27,3513.17,3511.79,3513.0,393.0
2025-09-02 18:30:00,3513.05,3515.14,3512.26,3513.52,409.0
2025-09-02 18:35:00,3513.49,3515.21,3512.27,3512.48,435.0
2025-09-02 18:40:00,3512.71,3515.07,3511.65,3514.5,432.0
2025-09-02 18:45:00,3514.44,3518.44,3514.38,3517.96,459.0
2025-09-02 18:50:00,3517.77,3518.63,3516.27,3517.19,429.0
2025-09-02 18:55:00,3517.17,3520.27,3517.17,3520.24,442.0
2025-09-02 19:00:00,3520.37,3521.8,3518.2,3520.56,474.0
2025-09-02 19:05:00,3520.45,3524.48,3519.53,3523.31,479.0
2025-09-02 19:10:00,3523.4,3526.13,3522.1,3526.11,470.0
2025-09-02 19:15:00,3526.24,3526.29,3521.69,3522.59,426.0
2025-09-02 19:20:00,3522.6,3524.49,3520.09,3523.85,426.0
2025-09-02 19:25:00,3523.87,3524.87,3523.1,3524.75,421.0
2025-09-02 19:30:00,3524.78,3527.3,3524.3,3527.12,398.0
2025-09-02 19:35:00,3527.1,3528.73,3525.66,3528.19,430.0
2025-09-02 19:40:00,3528.18,3528.52,3525.3,3526.04,383.0
2025-09-02 19:45:00,3526.12,3526.98,3525.36,3526.24,361.0
2025-09-02 19:50:00,3526.23,3528.73,3526.23,3528.12,451.0
2025-09-02 19:55:00,3528.13,3528.69,3526.82,3527.7,424.0
2025-09-02 20:00:00,3527.74,3528.04,3521.93,3523.78,464.0
2025-09-02 20:05:00,3523.56,3524.59,3523.56,3524.46,396.0
2025-09-02 20:10:00,3524.5,3527.47,3523.84,3527.28,371.0
2025-09-02 20:15:00,3527.39,3528.7,3526.02,3526.89,354.0
2025-09-02 20:20:00,3526.92,3528.14,3525.84,3527.51,358.0
2025-09-02 20:25:00,3527.53,3528.41,3526.99,3528.15,354.0
2025-09-02 20:30:00,3528.2,3530.55,3526.43,3526.94,403.0
2025-09-02 20:35:00,3526.94,3527.19,3524.99,3525.76,411.0
2025-09-02 20:40:00,3525.72,3527.12,3525.29,3526.53,401.0
2025-09-02 20:45:00,3526.57,3527.25,3526.16,3527.17,377.0
2025-09-02 20:50:00,3527.2,3528.79,3526.91,3527.36,434.0
2025-09-02 20:55:00,3527.53,3529.9,3527.53,3529.35,408.0
2025-09-02 21:00:00,3529.39,3529.39,3527.97,3528.69,382.0
2025-09-02 21:05:00,3528.66,3529.54,3527.98,3529.54,376.0
2025-09-02 21:10:00,3529.55,3530.09,3528.92,3529.26,391.0
2025-09-02 21:15:00,3529.25,3529.63,3528.5,3529.08,340.0
2025-09-02 21:20:00,3529.07,3530.32,3528.78,3529.62,325.0
2025-09-02 21:25:00,3529.39,3530.59,3528.74,3530.02,357.0
2025-09-02 21:30:00,3529.91,3531.31,3529.35,3530.91,341.0
2025-09-02 21:35:00,3530.96,3532.08,3530.39,3531.42,375.0
2025-09-02 21:40:00,3531.26,3531.75,3529.31,3529.34,339.0
2025-09-02 21:45:00,3529.31,3530.0,3527.36,3527.48,361.0
2025-09-02 21:50:00,3527.46,3527.53,3525.26,3526.24,423.0
2025-09-02 21:55:00,3526.31,3528.68,3526.23,3528.3,385.0
2025-09-02 22:00:00,3528.33,3531.72,3528.33,3531.68,380.0
2025-09-02 22:05:00,3531.71,3534.34,3530.95,3534.23,394.0
2025-09-02 22:10:00,3534.23,3536.06,3534.22,3535.91,413.0
2025-09-02 22:15:00,3535.85,3537.3,3535.46,3537.3,379.0
2025-09-02 22:20:00,3537.3,3538.22,3536.41,3537.61,407.0
2025-09-02 22:25:00,3537.5,3537.5,3536.04,3536.37,364.0
2025-09-02 22:30:00,3536.51,3538.29,3536.4,3537.28,415.0
2025-09-02 22:35:00,3537.25,3540.05,3537.22,3539.91,367.0
2025-09-02 22:40:00,3539.79,3539.9,3538.26,3538.95,363.0
2025-09-02 22:45:00,3539.05,3540.17,3539.02,3539.14,389.0
2025-09-02 22:50:00,3539.11,3539.43,3533.22,3533.9,421.0
2025-09-02 22:55:00,3533.96,3537.1,3533.49,3536.94,454.0
2025-09-02 23:00:00,3537.4,3537.58,3536.35,3536.89,236.0
2025-09-02 23:05:00,3536.94,3537.58,3535.21,3536.77,280.0
2025-09-02 23:10:00,3536.78,3537.75,3535.47,3535.61,316.0
2025-09-02 23:15:00,3535.61,3535.97,3533.4,3533.45,228.0
2025-09-02 23:20:00,3533.48,3535.26,3533.47,3534.94,186.0
2025-09-02 23:25:00,3534.93,3536.46,3534.71,3536.46,198.0
2025-09-02 23:30:00,3536.45,3536.55,3534.72,3536.47,255.0
2025-09-02 23:35:00,3536.54,3536.64,3535.62,3535.9,212.0
2025-09-02 23:40:00,3535.91,3536.07,3534.86,3534.99,190.0
2025-09-02 23:45:00,3535.02,3536.18,3535.01,3535.83,226.0
2025-09-02 23:50:00,3535.85,3536.01,3534.07,3534.4,253.0
2025-09-03 01:05:00,3532.61,3534.52,3532.54,3533.76,239.0
2025-09-03 01:10:00,3533.77,3534.0,3531.83,3533.32,202.0
2025-09-03 01:15:00,3533.26,3533.97,3533.15,3533.65,186.0
2025-09-03 01:20:00,3533.64,3534.09,3533.51,3533.99,194.0
2025-09-03 01:25:00,3534.07,3534.92,3532.86,3532.86,243.0
2025-09-03 01:30:00,3532.89,3533.54,3531.79,3531.9,197.0
2025-09-03 01:35:00,3531.89,3532.21,3529.98,3530.57,215.0
2025-09-03 01:40:00,3530.57,3530.92,3529.3,3529.33,176.0
2025-09-03 01:45:00,3529.39,3530.0,3529.14,3529.72,176.0
2025-09-03 01:50:00,3529.67,3530.31,3529.29,3529.96,165.0
2025-09-03 01:55:00,3529.98,3530.22,3529.13,3529.29,169.0
2025-09-03 02:00:00,3529.45,3530.23,3529.12,3530.19,202.0
2025-09-03 02:05:00,3530.18,3530.18,3529.42,3529.61,170.0
2025-09-03 02:10:00,3529.64,3529.94,3527.67,3528.63,182.0
2025-09-03 02:15:00,3528.64,3529.77,3528.31,3529.6,205.0
2025-09-03 02:20:00,3529.71,3529.72,3528.56,3528.56,191.0
2025-09-03 02:25:00,3528.57,3528.63,3527.86,3527.86,195.0
2025-09-03 02:30:00,3527.84,3528.16,3527.63,3527.86,231.0
2025-09-03 02:35:00,3527.84,3528.11,3526.58,3526.91,308.0
2025-09-03 02:40:00,3527.0,3527.17,3526.3,3526.46,230.0
2025-09-03 02:45:00,3526.5,3529.24,3526.5,3528.73,382.0
2025-09-03 02:50:00,3528.74,3533.25,3528.73,3532.86,393.0
2025-09-03 02:55:00,3532.87,3533.15,3529.12,3530.03,354.0
2025-09-03 03:00:00,3529.82,3530.28,3528.09,3528.41,370.0
2025-09-03 03:05:00,3528.41,3531.0,3528.13,3530.34,337.0
2025-09-03 03:10:00,3530.35,3531.06,3530.11,3530.67,273.0
2025-09-03 03:15:00,3530.68,3534.76,3530.68,3534.48,380.0
2025-09-03 03:20:00,3534.37,3544.83,3533.06,3544.32,476.0
2025-09-03 03:25:00,3544.25,3546.81,3536.64,3537.34,505.0
2025-09-03 03:30:00,3537.18,3538.12,3535.11,3537.79,415.0
2025-09-03 03:35:00,3537.78,3542.13,3537.48,3541.33,432.0
2025-09-03 03:40:00,3541.31,3542.95,3540.2,3540.27,416.0
2025-09-03 03:45:00,3540.29,3543.32,3540.29,3541.64,421.0
2025-09-03 03:50:00,3541.74,3543.22,3540.68,3541.03,397.0
2025-09-03 03:55:00,3540.98,3541.03,3535.7,3536.09,427.0
2025-09-03 04:00:00,3536.11,3541.72,3535.05,3538.44,504.0
2025-09-03 04:05:00,3538.28,3539.85,3535.32,3536.71,466.0
2025-09-03 04:10:00,3536.7,3538.38,3535.36,3537.89,468.0
2025-09-03 04:15:00,3537.76,3538.1,3531.97,3532.44,458.0
2025-09-03 04:20:00,3532.79,3536.36,3532.45,3535.63,396.0
2025-09-03 04:25:00,3535.6,3538.79,3535.01,3537.19,394.0
2025-09-03 04:30:00,3537.24,3540.98,3537.24,3540.81,447.0
2025-09-03 04:35:00,3540.85,3541.02,3537.52,3537.52,381.0
2025-09-03 04:40:00,3537.49,3538.11,3536.24,3537.56,400.0
2025-09-03 04:45:00,3537.47,3537.73,3534.97,3537.35,413.0
2025-09-03 04:50:00,3537.3,3538.58,3536.78,3538.11,360.0
2025-09-03 04:55:00,3538.43,3539.59,3538.08,3538.75,335.0
2025-09-03 05:00:00,3538.7,3541.72,3537.74,3541.72,364.0
2025-09-03 05:05:00,3541.79,3545.98,3541.78,3541.83,433.0
2025-09-03 05:10:00,3541.82,3542.2,3539.32,3540.0,390.0
2025-09-03 05:15:00,3539.97,3544.1,3539.64,3543.57,344.0
2025-09-03 05:20:00,3543.43,3543.73,3541.09,3541.56,373.0
2025-09-03 05:25:00,3541.53,3543.07,3540.56,3540.75,344.0
2025-09-03 05:30:00,3540.74,3541.51,3537.47,3540.01,431.0
2025-09-03 05:35:00,3540.02,3540.15,3537.33,3537.78,392.0
2025-09-03 05:40:00,3537.64,3539.22,3535.69,3538.32,410.0
2025-09-03 05:45:00,3538.25,3540.16,3537.56,3537.62,358.0
2025-09-03 05:50:00,3537.6,3538.06,3533.91,3533.91,388.0
2025-09-03 05:55:00,3533.85,3535.4,3531.34,3531.61,452.0
2025-09-03 06:00:00,3531.73,3533.18,3531.16,3532.69,390.0
2025-09-03 06:05:00,3532.71,3532.71,3530.41,3531.59,348.0
2025-09-03 06:10:00,3531.34,3531.75,3530.14,3530.83,394.0
2025-09-03 06:15:00,3530.85,3532.75,3530.02,3532.75,384.0
2025-09-03 06:20:00,3532.68,3533.37,3531.27,3531.33,409.0
2025-09-03 06:25:00,3531.36,3532.08,3529.83,3531.06,394.0
2025-09-03 06:30:00,3531.01,3531.22,3529.45,3529.82,334.0
2025-09-03 06:35:00,3529.82,3532.7,3529.36,3530.7,328.0
2025-09-03 06:40:00,3530.72,3531.79,3530.26,3530.45,315.0
2025-09-03 06:45:00,3530.29,3532.98,3530.27,3532.87,371.0
2025-09-03 06:50:00,3532.9,3533.04,3531.09,3531.23,318.0
2025-09-03 06:55:00,3531.24,3532.05,3530.49,3530.85,281.0
2025-09-03 07:00:00,3530.82,3532.29,3530.74,3532.23,324.0
2025-09-03 07:05:00,3532.21,3532.72,3531.86,3531.96,309.0
2025-09-03 07:10:00,3531.99,3532.89,3531.28,3532.11,287.0
2025-09-03 07:15:00,3532.07,3534.73,3532.07,3533.2,321.0
2025-09-03 07:20:00,3533.19,3533.89,3532.07,3533.77,321.0
2025-09-03 07:25:00,3533.8,3534.99,3533.73,3534.23,336.0
2025-09-03 07:30:00,3534.22,3535.59,3534.22,3535.42,333.0
2025-09-03 07:35:00,3535.49,3538.19,3534.74,3536.94,367.0
2025-09-03 07:40:00,3536.85,3537.82,3536.33,3537.31,352.0
2025-09-03 07:45:00,3537.4,3538.28,3537.21,3538.0,302.0
2025-09-03 07:50:00,3538.03,3538.03,3536.35,3536.53,348.0
2025-09-03 07:55:00,3536.52,3537.12,3535.99,3536.87,282.0
2025-09-03 08:00:00,3536.86,3537.21,3535.38,3535.61,314.0
2025-09-03 08:05:00,3535.7,3536.45,3534.38,3536.29,292.0
2025-09-03 08:10:00,3536.25,3538.03,3535.67,3535.69,390.0
2025-09-03 08:15:00,3535.71,3536.08,3533.62,3533.78,365.0
2025-09-03 08:20:00,3533.79,3535.03,3532.93,3533.25,356.0
2025-09-03 08:25:00,3533.21,3535.25,3533.21,3534.74,337.0
2025-09-03 08:30:00,3534.69,3534.79,3531.98,3532.53,412.0
2025-09-03 08:35:00,3532.5,3534.71,3532.04,3534.71,385.0
2025-09-03 08:40:00,3534.56,3534.56,3532.02,3532.5,347.0
2025-09-03 08:45:00,3532.55,3533.35,3531.17,3532.14,331.0
2025-09-03 08:50:00,3532.07,3532.41,3530.05,3530.27,388.0
2025-09-03 08:55:00,3530.29,3530.39,3527.09,3529.94,417.0
2025-09-03 09:00:00,3529.92,3532.85,3529.92,3532.8,403.0
2025-09-03 09:05:00,3532.86,3533.28,3530.84,3531.11,398.0
2025-09-03 09:10:00,3531.19,3533.38,3530.81,3533.13,386.0
2025-09-03 09:15:00,3533.09,3535.02,3531.47,3531.63,373.0
2025-09-03 09:20:00,3531.55,3533.27,3531.21,3533.0,355.0
2025-09-03 09:25:00,3532.96,3533.47,3531.33,3533.31,369.0
2025-09-03 09:30:00,3533.3,3536.57,3532.47,3536.25,380.0
2025-09-03 09:35:00,3536.42,3536.47,3534.25,3534.93,355.0
2025-09-03 09:40:00,3534.86,3537.29,3534.25,3536.91,376.0
2025-09-03 09:45:00,3536.89,3537.25,3535.92,3536.53,332.0
2025-09-03 09:50:00,3536.48,3536.48,3534.76,3534.76,325.0
2025-09-03 09:55:00,3534.57,3535.42,3534.03,3535.32,324.0
2025-09-03 10:00:00,3535.25,3535.78,3533.9,3533.91,345.0
2025-09-03 10:05:00,3533.96,3535.77,3533.55,3534.45,340.0
2025-09-03 10:10:00,3534.49,3536.38,3533.97,3534.96,367.0
2025-09-03 10:15:00,3534.97,3535.12,3530.15,3530.73,425.0
2025-09-03 10:20:00,3530.62,3531.96,3529.46,3530.25,400.0
2025-09-03 10:25:00,3530.49,3531.96,3529.48,3531.96,389.0
2025-09-03 10:30:00,3532.0,3535.97,3531.66,3535.34,434.0
2025-09-03 10:35:00,3535.37,3537.27,3534.96,3535.51,416.0
2025-09-03 10:40:00,3535.51,3535.54,3533.8,3534.3,364.0
2025-09-03 10:45:00,3534.31,3535.76,3534.05,3535.28,360.0
2025-09-03 10:50:00,3535.3,3535.82,3534.12,3534.61,325.0
2025-09-03 10:55:00,3534.59,3535.13,3533.83,3533.91,346.0
2025-09-03 11:00:00,3533.81,3537.45,3533.81,3537.44,429.0
2025-09-03 11:05:00,3537.57,3539.83,3537.09,3538.52,447.0
2025-09-03 11:10:00,3538.52,3539.87,3536.44,3536.58,426.0
2025-09-03 11:15:00,3536.57,3537.96,3535.74,3537.23,425.0
2025-09-03 11:20:00,3537.27,3539.6,3536.48,3538.57,381.0
2025-09-03 11:25:00,3538.57,3541.11,3538.54,3541.05,346.0
2025-09-03 11:30:00,3540.9,3541.0,3536.12,3536.63,401.0
2025-09-03 11:35:00,3536.55,3540.38,3536.26,3538.75,364.0
2025-09-03 11:40:00,3538.76,3540.38,3537.19,3538.67,408.0
2025-09-03 11:45:00,3538.61,3540.54,3538.52,3540.51,389.0
2025-09-03 11:50:00,3540.5,3540.74,3538.61,3539.69,356.0
2025-09-03 11:55:00,3539.67,3540.43,3539.36,3540.07,266.0
2025-09-03 12:00:00,3540.07,3540.79,3539.74,3540.23,326.0
2025-09-03 12:05:00,3540.24,3541.48,3540.12,3540.82,353.0
2025-09-03 12:10:00,3540.83,3541.89,3539.88,3540.12,332.0
2025-09-03 12:15:00,3540.11,3541.2,3539.14,3539.54,355.0
2025-09-03 12:20:00,3539.45,3540.0,3538.63,3539.63,378.0
2025-09-03 12:25:00,3539.61,3540.18,3538.24,3538.28,333.0
2025-09-03 12:30:00,3538.24,3539.21,3536.97,3537.35,382.0
2025-09-03 12:35:00,3536.98,3538.33,3536.05,3536.61,423.0
2025-09-03 12:40:00,3536.62,3538.05,3536.05,3537.29,422.0
2025-09-03 12:45:00,3537.26,3538.89,3536.77,3536.82,301.0
2025-09-03 12:50:00,3536.82,3537.01,3534.67,3535.49,375.0
2025-09-03 12:55:00,3535.47,3536.78,3534.01,3534.37,432.0
2025-09-03 13:00:00,3534.44,3535.03,3533.05,3534.59,432.0
2025-09-03 13:05:00,3534.6,3536.02,3534.38,3534.66,368.0
2025-09-03 13:10:00,3534.68,3534.71,3533.14,3533.48,393.0
2025-09-03 13:15:00,3533.49,3535.48,3532.38,3535.47,382.0
2025-09-03 13:20:00,3535.37,3536.03,3534.55,3535.15,321.0
2025-09-03 13:25:00,3535.08,3537.06,3534.97,3536.76,305.0
2025-09-03 13:30:00,3536.78,3538.82,3536.65,3537.95,405.0
2025-09-03 13:35:00,3537.92,3538.65,3536.54,3536.94,370.0
2025-09-03 13:40:00,3536.94,3537.2,3535.08,3535.1,403.0
2025-09-03 13:45:00,3535.09,3539.01,3534.92,3538.89,412.0
2025-09-03 13:50:00,3538.91,3540.57,3538.67,3540.44,393.0
2025-09-03 13:55:00,3540.36,3541.64,3539.5,3539.96,409.0
2025-09-03 14:00:00,3540.02,3543.22,3539.92,3542.97,424.0
2025-09-03 14:05:00,3542.99,3543.57,3542.04,3542.66,388.0
2025-09-03 14:10:00,3542.73,3547.92,3542.33,3546.26,409.0
2025-09-03 14:15:00,3546.29,3547.11,3545.3,3546.0,383.0
2025-09-03 14:20:00,3546.02,3546.66,3544.95,3545.81,357.0
2025-09-03 14:25:00,3545.8,3546.68,3544.81,3545.83,395.0
2025-09-03 14:30:00,3545.8,3549.61,3545.64,3548.84,408.0
2025-09-03 14:35:00,3548.84,3548.84,3546.32,3548.12,438.0
2025-09-03 14:40:00,3547.99,3549.39,3546.61,3548.77,387.0
2025-09-03 14:45:00,3548.77,3549.33,3546.04,3547.32,412.0
2025-09-03 14:50:00,3547.34,3547.67,3545.93,3546.26,371.0
2025-09-03 14:55:00,3546.4,3547.77,3544.78,3547.6,387.0
2025-09-03 15:00:00,3547.6,3549.38,3547.09,3548.96,402.0
2025-09-03 15:05:00,3548.95,3549.12,3545.4,3547.54,424.0
2025-09-03 15:10:00,3547.33,3548.2,3544.43,3545.78,428.0
2025-09-03 15:15:00,3545.75,3546.07,3541.77,3541.78,428.0
2025-09-03 15:20:00,3541.95,3546.63,3541.35,3544.92,468.0
2025-09-03 15:25:00,3545.0,3547.98,3544.04,3547.11,441.0
2025-09-03 15:30:00,3547.19,3548.56,3544.45,3548.35,379.0
2025-09-03 15:35:00,3548.49,3548.5,3545.33,3547.13,415.0
2025-09-03 15:40:00,3547.38,3548.48,3544.61,3545.58,444.0
2025-09-03 15:45:00,3545.43,3547.67,3545.08,3546.76,420.0
2025-09-03 15:50:00,3546.74,3548.81,3545.92,3548.66,397.0
2025-09-03 15:55:00,3548.66,3551.47,3548.63,3550.4,450.0
2025-09-03 16:00:00,3550.37,3555.32,3549.47,3552.58,512.0
2025-09-03 16:05:00,3552.36,3556.45,3552.13,3555.62,490.0
2025-09-03 16:10:00,3555.69,3557.29,3553.92,3556.8,469.0
2025-09-03 16:15:00,3556.76,3557.56,3553.6,3557.45,480.0
2025-09-03 16:20:00,3557.45,3557.62,3554.73,3556.39,461.0
2025-09-03 16:25:00,3556.6,3561.24,3555.35,3560.37,461.0
2025-09-03 16:30:00,3560.59,3561.39,3554.02,3557.33,504.0
2025-09-03 16:35:00,3557.41,3557.92,3550.19,3553.46,510.0
2025-09-03 16:40:00,3553.49,3554.38,3549.44,3551.69,510.0
2025-09-03 16:45:00,3551.66,3554.48,3549.91,3552.82,500.0
2025-09-03 16:50:00,3552.94,3555.05,3551.02,3553.43,476.0
2025-09-03 16:55:00,3553.65,3555.52,3553.28,3553.84,477.0
2025-09-03 17:00:00,3553.88,3558.48,3553.64,3555.9,524.0
2025-09-03 17:05:00,3555.67,3557.52,3551.48,3554.44,493.0
2025-09-03 17:10:00,3554.5,3556.0,3552.91,3553.5,484.0
2025-09-03 17:15:00,3553.52,3560.81,3553.52,3558.79,501.0
2025-09-03 17:20:00,3558.96,3565.41,3558.61,3564.83,513.0
2025-09-03 17:25:00,3564.75,3565.47,3562.04,3563.07,494.0
2025-09-03 17:30:00,3563.31,3564.8,3558.68,3561.22,497.0
2025-09-03 17:35:00,3561.29,3564.04,3560.55,3561.12,475.0
2025-09-03 17:40:00,3561.15,3562.48,3560.24,3561.95,470.0
2025-09-03 17:45:00,3561.81,3564.26,3561.16,3561.18,453.0
2025-09-03 17:50:00,3561.1,3562.69,3554.46,3554.7,512.0
2025-09-03 17:55:00,3555.1,3559.19,3554.59,3558.48,474.0
2025-09-03 18:00:00,3558.49,3559.94,3557.42,3559.25,470.0
2025-09-03 18:05:00,3559.27,3561.7,3558.97,3561.35,431.0
2025-09-03 18:10:00,3561.55,3563.76,3561.44,3563.35,475.0
2025-09-03 18:15:00,3563.36,3564.66,3562.16,3563.45,469.0
2025-09-03 18:20:00,3563.44,3564.68,3562.31,3564.12,452.0
2025-09-03 18:25:00,3564.09,3565.01,3563.52,3564.44,408.0
2025-09-03 18:30:00,3564.46,3567.28,3564.19,3566.01,433.0
2025-09-03 18:35:00,3566.01,3566.42,3562.75,3562.93,412.0
2025-09-03 18:40:00,3563.12,3564.35,3561.17,3563.96,399.0
2025-09-03 18:45:00,3563.92,3564.47,3561.6,3563.22,425.0
2025-09-03 18:50:00,3563.15,3565.02,3563.15,3564.24,389.0
2025-09-03 18:55:00,3564.23,3565.54,3563.49,3563.86,375.0
2025-09-03 19:00:00,3563.92,3564.14,3562.22,3563.48,450.0
2025-09-03 19:05:00,3563.55,3565.29,3563.09,3564.12,414.0
2025-09-03 19:10:00,3564.18,3565.83,3564.18,3565.32,370.0
2025-09-03 19:15:00,3565.31,3565.75,3564.16,3565.04,375.0
2025-09-03 19:20:00,3565.03,3566.44,3564.9,3566.17,393.0
2025-09-03 19:25:00,3566.2,3568.17,3566.17,3567.84,395.0
2025-09-03 19:30:00,3567.8,3568.81,3567.05,3567.33,385.0
2025-09-03 19:35:00,3567.15,3568.1,3566.97,3567.75,360.0
2025-09-03 19:40:00,3567.46,3569.41,3567.39,3568.98,371.0
2025-09-03 19:45:00,3568.97,3569.88,3568.64,3569.48,380.0
2025-09-03 19:50:00,3569.42,3569.74,3568.69,3569.54,344.0
2025-09-03 19:55:00,3569.5,3572.54,3569.47,3572.45,387.0
2025-09-03 20:00:00,3572.45,3573.07,3571.34,3572.09,428.0
2025-09-03 20:05:00,3572.07,3572.33,3570.25,3570.84,343.0
2025-09-03 20:10:00,3570.81,3572.94,3570.3,3572.26,371.0
2025-09-03 20:15:00,3572.24,3572.62,3571.4,3571.95,375.0
2025-09-03 20:20:00,3571.98,3572.33,3570.89,3571.23,416.0
2025-09-03 20:25:00,3571.3,3572.72,3570.78,3571.87,414.0
2025-09-03 20:30:00,3571.72,3574.17,3571.72,3573.64,432.0
2025-09-03 20:35:00,3573.63,3574.26,3572.83,3573.61,379.0
2025-09-03 20:40:00,3573.64,3574.38,3573.26,3574.35,332.0
2025-09-03 20:45:00,3574.37,3575.43,3574.26,3575.15,429.0
2025-09-03 20:50:00,3575.15,3575.98,3574.51,3575.52,430.0
2025-09-03 20:55:00,3575.51,3575.51,3573.48,3574.29,394.0
2025-09-03 21:00:00,3574.53,3575.39,3574.23,3575.27,372.0
2025-09-03 21:05:00,3575.26,3577.29,3575.26,3577.25,405.0
2025-09-03 21:10:00,3577.26,3578.46,3576.31,3578.17,421.0
2025-09-03 21:15:00,3578.16,3578.37,3576.76,3577.06,406.0
2025-09-03 21:20:00,3577.09,3577.86,3576.5,3576.81,384.0
2025-09-03 21:25:00,3576.79,3577.37,3574.72,3574.81,387.0
2025-09-03 21:30:00,3574.76,3574.76,3568.24,3570.48,457.0
2025-09-03 21:35:00,3570.56,3571.2,3565.48,3567.66,492.0
2025-09-03 21:40:00,3567.85,3570.26,3566.6,3569.49,474.0
2025-09-03 21:45:00,3569.38,3570.69,3568.67,3570.45,417.0
2025-09-03 21:50:00,3570.43,3570.93,3568.27,3570.8,413.0
2025-09-03 21:55:00,3570.8,3571.97,3569.81,3570.38,375.0
2025-09-03 22:00:00,3570.4,3570.7,3567.97,3569.68,381.0
2025-09-03 22:05:00,3569.66,3571.35,3569.3,3571.29,380.0
2025-09-03 22:10:00,3571.31,3571.56,3569.18,3569.45,387.0
2025-09-03 22:15:00,3569.47,3569.97,3565.33,3565.33,437.0
2025-09-03 22:20:00,3565.32,3566.58,3561.85,3562.37,482.0
2025-09-03 22:25:00,3562.4,3564.56,3561.8,3563.78,432.0
2025-09-03 22:30:00,3563.85,3565.1,3561.63,3563.66,464.0
2025-09-03 22:35:00,3563.81,3564.31,3562.71,3563.32,436.0
2025-09-03 22:40:00,3563.2,3565.67,3563.1,3563.51,432.0
2025-09-03 22:45:00,3563.59,3563.78,3561.31,3562.72,403.0
2025-09-03 22:50:00,3562.75,3564.61,3562.75,3563.71,429.0
2025-09-03 22:55:00,3563.34,3564.48,3562.64,3563.68,406.0
2025-09-03 23:00:00,3563.62,3564.31,3561.81,3562.43,386.0
2025-09-03 23:05:00,3562.43,3564.35,3562.38,3563.5,317.0
2025-09-03 23:10:00,3563.48,3564.48,3563.05,3563.82,234.0
2025-09-03 23:15:00,3563.92,3565.61,3563.8,3565.44,265.0
2025-09-03 23:20:00,3565.34,3565.69,3564.66,3565.46,201.0
2025-09-03 23:25:00,3565.47,3566.09,3564.41,3564.48,285.0
2025-09-03 23:30:00,3564.42,3564.48,3562.47,3563.78,274.0
2025-09-03 23:35:00,3563.78,3563.84,3560.88,3561.7,316.0
2025-09-03 23:40:00,3561.69,3562.84,3561.28,3562.3,281.0
2025-09-03 23:45:00,3562.33,3562.42,3560.46,3560.72,239.0
2025-09-03 23:50:00,3560.72,3561.19,3559.62,3560.62,238.0
2025-09-04 01:05:00,3560.3,3561.09,3559.66,3560.19,350.0
2025-09-04 01:10:00,3560.2,3561.57,3560.0,3560.07,327.0
2025-09-04 01:15:00,3560.07,3560.94,3560.0,3560.23,211.0
2025-09-04 01:20:00,3560.33,3561.98,3560.13,3561.75,269.0
2025-09-04 01:25:00,3561.78,3563.73,3561.78,3563.6,253.0
2025-09-04 01:30:00,3563.54,3564.19,3562.2,3562.25,305.0
2025-09-04 01:35:00,3562.32,3563.2,3561.78,3562.97,283.0
2025-09-04 01:40:00,3562.78,3563.09,3562.01,3562.45,205.0
2025-09-04 01:45:00,3562.45,3563.13,3562.29,3562.5,188.0
2025-09-04 01:50:00,3562.3,3563.85,3562.01,3563.07,376.0
2025-09-04 01:55:00,3563.05,3563.91,3561.25,3561.9,356.0
2025-09-04 02:00:00,3561.76,3561.8,3559.65,3559.78,366.0
2025-09-04 02:05:00,3559.79,3560.16,3558.12,3558.74,382.0
2025-09-04 02:10:00,3558.76,3558.79,3554.63,3555.23,374.0
2025-09-04 02:15:00,3555.16,3560.04,3555.15,3559.18,389.0
2025-09-04 02:20:00,3559.16,3561.38,3557.8,3559.28,351.0
2025-09-04 02:25:00,3559.25,3559.86,3556.22,3557.97,366.0
2025-09-04 02:30:00,3558.02,3558.09,3555.01,3556.93,347.0
2025-09-04 02:35:00,3556.95,3558.53,3556.85,3557.69,257.0
2025-09-04 02:40:00,3557.7,3558.94,3557.61,3558.24,187.0
2025-09-04 02:45:00,3558.46,3558.53,3556.48,3557.82,280.0
2025-09-04 02:50:00,3557.8,3558.83,3557.52,3558.66,283.0
2025-09-04 02:55:00,3558.6,3560.63,3558.54,3560.3,277.0
2025-09-04 03:00:00,3560.73,3560.92,3557.1,3558.95,360.0
2025-09-04 03:05:00,3558.82,3558.93,3552.16,3554.91,443.0
2025-09-04 03:10:00,3554.96,3558.57,3554.75,3556.77,400.0
2025-09-04 03:15:00,3556.78,3557.43,3556.04,3557.01,343.0
2025-09-04 03:20:00,3557.02,3558.64,3556.68,3558.14,354.0
2025-09-04 03:25:00,3558.14,3561.08,3558.06,3560.06,381.0
2025-09-04 03:30:00,3560.16,3560.49,3558.14,3558.56,371.0
2025-09-04 03:35:00,3558.56,3559.5,3556.9,3557.54,346.0
2025-09-04 03:40:00,3557.55,3559.66,3557.48,3557.86,328.0
2025-09-04 03:45:00,3557.86,3559.03,3557.51,3558.87,322.0
2025-09-04 03:50:00,3558.87,3561.42,3558.75,3560.15,387.0
2025-09-04 03:55:00,3560.21,3562.59,3559.98,3561.58,400.0
2025-09-04 04:00:00,3561.71,3563.47,3558.83,3559.81,472.0
2025-09-04 04:05:00,3560.01,3560.67,3556.96,3559.82,451.0
2025-09-04 04:10:00,3559.85,3562.27,3558.93,3561.22,431.0
2025-09-04 04:15:00,3561.25,3561.25,3555.69,3556.03,428.0
2025-09-04 04:20:00,3556.06,3556.76,3552.22,3553.88,424.0
2025-09-04 04:25:00,3553.72,3554.64,3551.75,3552.26,437.0
2025-09-04 04:30:00,3552.26,3553.18,3548.56,3549.79,481.0
2025-09-04 04:35:00,3549.67,3549.73,3543.79,3543.93,485.0
2025-09-04 04:40:00,3543.95,3547.95,3543.65,3547.91,471.0
2025-09-04 04:45:00,3547.86,3548.54,3545.41,3547.2,437.0
2025-09-04 04:50:00,3547.19,3547.77,3546.36,3547.46,407.0
2025-09-04 04:55:00,3547.38,3548.09,3544.39,3546.13,427.0
2025-09-04 05:00:00,3546.18,3550.45,3545.88,3546.11,445.0
2025-09-04 05:05:00,3545.96,3546.8,3542.4,3543.15,433.0
2025-09-04 05:10:00,3543.2,3544.72,3541.04,3542.49,446.0
2025-09-04 05:15:00,3542.44,3543.37,3540.66,3541.8,408.0
2025-09-04 05:20:00,3541.76,3545.89,3541.59,3545.12,407.0
2025-09-04 05:25:00,3545.06,3546.74,3544.45,3545.26,347.0
2025-09-04 05:30:00,3545.21,3545.75,3543.26,3545.41,422.0
2025-09-04 05:35:00,3545.21,3546.23,3539.66,3540.61,441.0
2025-09-04 05:40:00,3540.59,3541.97,3537.42,3537.71,469.0
2025-09-04 05:45:00,3537.67,3538.2,3530.18,3530.87,494.0
2025-09-04 05:50:00,3531.06,3532.39,3526.34,3527.99,460.0
2025-09-04 05:55:00,3527.97,3531.72,3526.53,3530.79,431.0
2025-09-04 06:00:00,3530.78,3531.74,3526.76,3528.67,430.0
2025-09-04 06:05:00,3528.72,3531.1,3527.3,3527.48,456.0
2025-09-04 06:10:00,3527.48,3528.03,3511.45,3515.24,516.0
2025-09-04 06:15:00,3515.11,3524.09,3514.75,3522.76,503.0
2025-09-04 06:20:00,3522.65,3529.82,3522.56,3529.13,447.0
2025-09-04 06:25:00,3528.89,3530.46,3528.01,3529.81,390.0
2025-09-04 06:30:00,3529.84,3531.45,3526.12,3529.89,409.0
2025-09-04 06:35:00,3529.9,3530.71,3526.17,3529.77,360.0
2025-09-04 06:40:00,3529.8,3530.78,3529.11,3529.85,323.0
2025-09-04 06:45:00,3529.86,3530.17,3527.63,3528.56,326.0
2025-09-04 06:50:00,3528.75,3529.31,3526.26,3528.08,377.0
2025-09-04 06:55:00,3528.14,3529.53,3527.9,3529.03,337.0
2025-09-04 07:00:00,3529.11,3532.16,3528.91,3532.13,361.0
2025-09-04 07:05:00,3532.1,3534.37,3530.98,3533.79,439.0
2025-09-04 07:10:00,3533.79,3534.0,3531.17,3531.22,400.0
2025-09-04 07:15:00,3531.22,3532.18,3530.38,3530.62,370.0
2025-09-04 07:20:00,3530.65,3530.93,3528.82,3529.68,367.0
2025-09-04 07:25:00,3529.68,3531.27,3529.68,3530.93,360.0
2025-09-04 07:30:00,3530.91,3531.43,3530.32,3530.84,300.0
2025-09-04 07:35:00,3530.84,3531.24,3529.98,3530.91,280.0
2025-09-04 07:40:00,3530.89,3531.37,3530.09,3530.22,279.0
2025-09-04 07:45:00,3530.22,3531.35,3530.02,3530.78,248.0
2025-09-04 07:50:00,3530.8,3532.32,3530.73,3531.87,239.0
2025-09-04 07:55:00,3531.9,3533.12,3531.39,3533.07,282.0
2025-09-04 08:00:00,3533.08,3533.31,3529.62,3529.64,349.0
2025-09-04 08:05:00,3529.72,3532.28,3529.65,3531.28,319.0
2025-09-04 08:10:00,3531.29,3532.17,3530.92,3531.52,299.0
2025-09-04 08:15:00,3531.47,3531.85,3529.55,3529.87,338.0
2025-09-04 08:20:00,3529.86,3530.43,3528.79,3530.05,330.0
2025-09-04 08:25:00,3530.01,3531.21,3529.17,3531.21,342.0
2025-09-04 08:30:00,3531.2,3532.36,3529.77,3531.28,406.0
2025-09-04 08:35:00,3531.29,3532.34,3530.09,3531.49,364.0
2025-09-04 08:40:00,3531.51,3533.56,3531.11,3531.93,444.0
2025-09-04 08:45:00,3532.06,3534.07,3529.7,3529.78,408.0
2025-09-04 08:50:00,3529.75,3529.79,3525.39,3529.08,404.0
2025-09-04 08:55:00,3529.05,3529.56,3525.9,3527.37,396.0
2025-09-04 09:00:00,3527.39,3527.86,3524.59,3527.26,424.0
2025-09-04 09:05:00,3527.25,3530.15,3527.11,3529.32,385.0
2025-09-04 09:10:00,3529.33,3532.65,3528.66,3532.04,369.0
2025-09-04 09:15:00,3532.03,3532.85,3531.16,3531.69,368.0
2025-09-04 09:20:00,3531.66,3534.53,3531.41,3534.29,371.0
2025-09-04 09:25:00,3534.32,3539.04,3533.78,3537.31,454.0
2025-09-04 09:30:00,3537.42,3541.63,3536.9,3540.05,464.0
2025-09-04 09:35:00,3540.0,3540.36,3535.25,3537.42,434.0
2025-09-04 09:40:00,3537.41,3539.76,3537.06,3539.11,414.0
2025-09-04 09:45:00,3538.87,3539.61,3537.6,3537.69,353.0
2025-09-04 09:50:00,3538.41,3539.36,3536.48,3537.71,415.0
2025-09-04 09:55:00,3537.77,3537.77,3535.38,3536.0,402.0
2025-09-04 10:00:00,3535.96,3536.87,3532.66,3535.09,471.0
2025-09-04 10:05:00,3535.14,3539.93,3535.1,3536.61,440.0
2025-09-04 10:10:00,3536.61,3539.56,3535.9,3537.22,399.0
2025-09-04 10:15:00,3537.11,3538.9,3536.5,3536.69,393.0
2025-09-04 10:20:00,3536.84,3537.49,3535.66,3536.59,386.0
2025-09-04 10:25:00,3536.5,3537.97,3535.25,3537.58,352.0
2025-09-04 10:30:00,3537.7,3539.15,3537.05,3539.13,276.0
2025-09-04 10:35:00,3539.21,3540.64,3538.32,3539.75,330.0
2025-09-04 10:40:00,3539.72,3539.78,3538.21,3539.64,379.0
2025-09-04 10:45:00,3539.63,3540.07,3538.55,3539.33,339.0
2025-09-04 10:50:00,3539.23,3540.65,3539.23,3539.87,365.0
2025-09-04 10:55:00,3539.91,3541.24,3539.88,3541.13,315.0
2025-09-04 11:00:00,3541.18,3545.25,3541.18,3543.3,453.0
2025-09-04 11:05:00,3543.32,3545.15,3542.88,3544.66,385.0
2025-09-04 11:10:00,3544.66,3545.48,3543.77,3544.23,370.0
2025-09-04 11:15:00,3544.21,3544.55,3542.13,3543.83,369.0
2025-09-04 11:20:00,3543.77,3543.94,3539.66,3540.0,384.0
2025-09-04 11:25:00,3539.99,3543.4,3539.99,3543.21,360.0
2025-09-04 11:30:00,3543.27,3545.14,3541.05,3541.39,383.0
2025-09-04 11:35:00,3541.34,3543.8,3540.97,3541.46,392.0
2025-09-04 11:40:00,3541.25,3543.56,3541.15,3542.2,376.0
2025-09-04 11:45:00,3542.19,3542.39,3538.67,3539.06,351.0
2025-09-04 11:50:00,3539.1,3539.75,3537.37,3538.41,333.0
2025-09-04 11:55:00,3538.63,3541.6,3538.04,3541.25,357.0
2025-09-04 12:00:00,3541.22,3544.94,3540.83,3543.4,403.0
2025-09-04 12:05:00,3543.41,3543.41,3541.56,3541.73,302.0
2025-09-04 12:10:00,3541.68,3544.04,3541.33,3543.85,309.0
2025-09-04 12:15:00,3543.87,3544.39,3542.1,3542.63,335.0
2025-09-04 12:20:00,3542.69,3542.81,3541.41,3541.97,344.0
2025-09-04 12:25:00,3541.98,3542.31,3539.04,3539.27,362.0
2025-09-04 12:30:00,3539.04,3540.85,3538.31,3539.57,376.0
2025-09-04 12:35:00,3539.49,3540.92,3539.28,3540.01,314.0
2025-09-04 12:40:00,3539.7,3540.53,3537.95,3540.29,353.0
2025-09-04 12:45:00,3540.33,3541.26,3537.99,3539.49,363.0
2025-09-04 12:50:00,3539.22,3539.58,3537.56,3537.83,323.0
2025-09-04 12:55:00,3537.87,3539.08,3536.84,3538.71,351.0
2025-09-04 13:00:00,3538.75,3541.08,3538.45,3540.41,342.0
2025-09-04 13:05:00,3540.5,3546.85,3540.47,3546.51,394.0
2025-09-04 13:10:00,3546.48,3546.53,3542.85,3545.23,361.0
2025-09-04 13:15:00,3545.26,3545.66,3541.54,3542.05,431.0
2025-09-04 13:20:00,3542.08,3542.15,3540.04,3540.49,400.0
2025-09-04 13:25:00,3540.37,3541.04,3538.88,3540.76,382.0
2025-09-04 13:30:00,3540.75,3542.14,3540.36,3541.64,356.0
2025-09-04 13:35:00,3541.62,3542.19,3541.13,3541.64,301.0
2025-09-04 13:40:00,3541.65,3542.26,3539.84,3540.26,342.0
2025-09-04 13:45:00,3540.27,3541.07,3539.06,3539.37,336.0
2025-09-04 13:50:00,3539.36,3541.82,3538.73,3541.09,358.0
2025-09-04 13:55:00,3541.14,3541.77,3540.27,3540.88,337.0
2025-09-04 14:00:00,3540.87,3541.4,3538.16,3538.32,418.0
2025-09-04 14:05:00,3538.3,3540.03,3536.67,3539.76,399.0
2025-09-04 14:10:00,3539.64,3540.35,3537.73,3539.86,395.0
2025-09-04 14:15:00,3539.91,3541.01,3538.99,3539.13,383.0
2025-09-04 14:20:00,3538.99,3539.47,3536.69,3539.32,383.0
2025-09-04 14:25:00,3539.26,3540.63,3539.21,3540.0,365.0
2025-09-04 14:30:00,3539.95,3541.95,3539.57,3540.47,343.0
2025-09-04 14:35:00,3540.47,3545.24,3539.93,3545.06,380.0
2025-09-04 14:40:00,3544.91,3545.38,3543.45,3544.6,425.0
2025-09-04 14:45:00,3544.52,3547.11,3544.52,3546.96,412.0
2025-09-04 14:50:00,3546.61,3549.73,3545.19,3545.51,453.0
2025-09-04 14:55:00,3545.62,3545.72,3543.09,3545.43,423.0
2025-09-04 15:00:00,3545.52,3547.29,3544.76,3546.79,418.0
2025-09-04 15:05:00,3546.79,3549.43,3546.22,3548.34,419.0
2025-09-04 15:10:00,3548.29,3548.55,3547.34,3547.86,407.0
2025-09-04 15:15:00,3547.94,3553.12,3547.37,3547.44,495.0
2025-09-04 15:20:00,3547.63,3549.27,3546.02,3546.22,461.0
2025-09-04 15:25:00,3546.16,3547.18,3544.06,3545.84,427.0
2025-09-04 15:30:00,3546.08,3548.62,3544.28,3545.24,475.0
2025-09-04 15:35:00,3545.22,3545.82,3541.26,3545.53,464.0
2025-09-04 15:40:00,3545.53,3547.86,3543.85,3545.86,431.0
2025-09-04 15:45:00,3545.84,3547.73,3542.11,3546.38,438.0
2025-09-04 15:50:00,3546.39,3547.59,3545.57,3546.3,445.0
2025-09-04 15:55:00,3546.12,3548.35,3545.89,3548.33,427.0
2025-09-04 16:00:00,3548.32,3548.32,3541.59,3543.21,474.0
2025-09-04 16:05:00,3543.03,3545.34,3539.62,3544.02,487.0
2025-09-04 16:10:00,3543.8,3547.16,3543.26,3546.15,462.0
2025-09-04 16:15:00,3545.98,3550.15,3545.04,3549.56,469.0
2025-09-04 16:20:00,3549.6,3552.92,3549.58,3552.65,475.0
2025-09-04 16:25:00,3552.67,3554.18,3551.94,3552.63,454.0
2025-09-04 16:30:00,3552.46,3555.52,3550.73,3554.16,490.0
2025-09-04 16:35:00,3554.25,3558.81,3553.14,3557.94,493.0
2025-09-04 16:40:00,3557.77,3558.17,3549.29,3550.93,489.0
2025-09-04 16:45:00,3551.08,3551.13,3543.92,3545.71,510.0
2025-09-04 16:50:00,3545.1,3548.15,3543.17,3546.01,499.0
2025-09-04 16:55:00,3545.95,3547.79,3545.0,3546.56,444.0
2025-09-04 17:00:00,3543.51,3543.79,3535.07,3537.04,530.0
2025-09-04 17:05:00,3536.87,3542.41,3536.87,3540.94,522.0
2025-09-04 17:10:00,3541.07,3546.2,3539.04,3544.89,494.0
2025-09-04 17:15:00,3544.85,3544.98,3538.39,3538.81,484.0
2025-09-04 17:20:00,3538.88,3540.05,3535.41,3537.69,495.0
2025-09-04 17:25:00,3537.7,3541.92,3537.14,3541.86,475.0
2025-09-04 17:30:00,3541.85,3543.42,3540.11,3541.62,479.0
2025-09-04 17:35:00,3541.66,3544.87,3540.5,3543.91,471.0
2025-09-04 17:40:00,3543.94,3546.44,3543.62,3545.12,448.0
2025-09-04 17:45:00,3545.16,3545.82,3540.78,3541.29,461.0
2025-09-04 17:50:00,3541.14,3544.75,3540.81,3543.61,427.0
2025-09-04 17:55:00,3543.67,3546.08,3543.37,3545.88,420.0
2025-09-04 18:00:00,3545.88,3546.91,3543.9,3546.27,428.0
2025-09-04 18:05:00,3546.27,3548.82,3546.18,3548.38,430.0
2025-09-04 18:10:00,3548.39,3548.93,3546.73,3546.86,434.0
2025-09-04 18:15:00,3546.96,3548.53,3546.22,3547.64,385.0
2025-09-04 18:20:00,3547.62,3548.13,3544.34,3544.36,412.0
2025-09-04 18:25:00,3544.37,3545.14,3542.42,3544.21,399.0
2025-09-04 18:30:00,3544.21,3548.03,3544.21,3547.01,399.0
2025-09-04 18:35:00,3547.03,3548.3,3545.32,3548.26,398.0
2025-09-04 18:40:00,3548.31,3550.47,3548.14,3549.95,436.0
2025-09-04 18:45:00,3550.0,3551.55,3549.96,3550.63,380.0
2025-09-04 18:50:00,3550.72,3552.3,3550.12,3552.14,350.0
2025-09-04 18:55:00,3552.17,3553.26,3551.63,3552.77,340.0
2025-09-04 19:00:00,3553.1,3554.65,3552.82,3552.84,406.0
2025-09-04 19:05:00,3552.73,3553.27,3551.73,3552.7,374.0
2025-09-04 19:10:00,3552.73,3554.09,3551.85,3553.77,399.0
2025-09-04 19:15:00,3553.83,3554.6,3553.5,3554.13,365.0
2025-09-04 19:20:00,3554.15,3556.16,3551.34,3552.51,380.0
2025-09-04 19:25:00,3552.58,3553.75,3551.52,3553.06,374.0
2025-09-04 19:30:00,3553.09,3554.59,3552.24,3553.49,363.0
2025-09-04 19:35:00,3553.51,3554.78,3552.24,3552.33,340.0
2025-09-04 19:40:00,3552.34,3553.57,3551.98,3551.98,365.0
2025-09-04 19:45:00,3551.91,3552.55,3549.11,3549.55,398.0
2025-09-04 19:50:00,3549.55,3552.45,3549.18,3552.31,346.0
2025-09-04 19:55:00,3552.35,3552.84,3551.59,3552.54,346.0
2025-09-04 20:00:00,3552.51,3554.28,3552.31,3553.65,379.0
2025-09-04 20:05:00,3553.68,3555.39,3553.26,3554.91,347.0
2025-09-04 20:10:00,3554.92,3555.08,3551.88,3552.11,333.0
2025-09-04 20:15:00,3552.12,3552.52,3551.03,3552.12,275.0
2025-09-04 20:20:00,3552.17,3552.17,3550.69,3550.76,285.0
2025-09-04 20:25:00,3551.06,3551.21,3547.41,3549.19,426.0
2025-09-04 20:30:00,3549.18,3549.61,3546.28,3546.28,357.0
2025-09-04 20:35:00,3546.31,3547.01,3544.81,3545.99,406.0
2025-09-04 20:40:00,3545.9,3546.72,3545.53,3546.44,307.0
2025-09-04 20:45:00,3546.41,3546.47,3543.12,3543.92,367.0
2025-09-04 20:50:00,3543.9,3544.77,3543.38,3543.76,314.0
2025-09-04 20:55:00,3543.75,3543.86,3542.61,3542.94,364.0
2025-09-04 21:00:00,3542.93,3544.98,3542.84,3544.32,340.0
2025-09-04 21:05:00,3544.3,3545.52,3544.13,3544.76,314.0
2025-09-04 21:10:00,3544.52,3544.78,3543.17,3543.56,308.0
2025-09-04 21:15:00,3543.57,3544.25,3543.17,3543.37,277.0
2025-09-04 21:20:00,3543.38,3545.71,3543.38,3544.4,297.0
2025-09-04 21:25:00,3544.41,3546.37,3544.41,3545.63,339.0
2025-09-04 21:30:00,3545.61,3546.73,3544.79,3546.12,282.0
2025-09-04 21:35:00,3546.15,3547.46,3545.91,3547.46,254.0
2025-09-04 21:40:00,3547.41,3547.73,3546.58,3546.84,328.0
2025-09-04 21:45:00,3546.85,3548.27,3546.83,3547.53,282.0
2025-09-04 21:50:00,3547.41,3547.9,3546.94,3547.16,254.0
2025-09-04 21:55:00,3547.05,3547.33,3545.58,3546.34,304.0
2025-09-04 22:00:00,3546.32,3546.57,3545.73,3545.99,302.0
2025-09-04 22:05:00,3546.06,3547.34,3545.68,3546.04,277.0
2025-09-04 22:10:00,3545.99,3548.22,3545.98,3547.42,317.0
2025-09-04 22:15:00,3547.42,3549.22,3547.11,3549.18,310.0
2025-09-04 22:20:00,3549.13,3550.28,3548.46,3549.86,352.0
2025-09-04 22:25:00,3549.86,3549.94,3548.82,3549.25,287.0
2025-09-04 22:30:00,3549.26,3549.79,3549.24,3549.51,266.0
2025-09-04 22:35:00,3549.5,3551.02,3549.5,3550.83,323.0
2025-09-04 22:40:00,3550.83,3551.03,3549.64,3550.23,296.0
2025-09-04 22:45:00,3550.24,3550.33,3549.89,3549.96,235.0
2025-09-04 22:50:00,3549.95,3550.09,3548.81,3549.21,308.0
2025-09-04 22:55:00,3549.36,3550.52,3549.31,3549.7,324.0
2025-09-04 23:00:00,3550.0,3550.46,3549.51,3550.36,171.0
2025-09-04 23:05:00,3550.43,3550.5,3549.24,3549.29,171.0
2025-09-04 23:10:00,3549.19,3550.1,3549.09,3549.51,161.0
2025-09-04 23:15:00,3549.53,3549.84,3549.19,3549.58,146.0
2025-09-04 23:20:00,3549.57,3549.66,3548.52,3548.67,143.0
2025-09-04 23:25:00,3548.68,3549.89,3548.6,3549.71,151.0
2025-09-04 23:30:00,3549.72,3549.72,3548.47,3548.58,104.0
2025-09-04 23:35:00,3548.55,3548.56,3544.53,3544.55,215.0
2025-09-04 23:40:00,3544.6,3545.36,3544.6,3544.91,185.0
2025-09-04 23:45:00,3544.93,3545.6,3544.76,3545.09,210.0
2025-09-04 23:50:00,3545.02,3545.84,3545.01,3545.39,160.0
2025-09-05 01:05:00,3545.44,3545.49,3542.51,3542.56,209.0
2025-09-05 01:10:00,3542.51,3542.79,3540.18,3540.47,268.0
2025-09-05 01:15:00,3540.48,3542.11,3540.4,3540.97,184.0
2025-09-05 01:20:00,3540.97,3543.36,3540.82,3543.25,137.0
2025-09-05 01:25:00,3543.25,3543.25,3541.93,3542.05,113.0
2025-09-05 01:30:00,3542.06,3543.21,3541.93,3542.65,175.0
2025-09-05 01:35:00,3542.68,3543.42,3541.99,3542.68,183.0
2025-09-05 01:40:00,3542.61,3542.63,3540.4,3540.4,185.0
2025-09-05 01:45:00,3540.39,3541.07,3539.79,3540.39,220.0
2025-09-05 01:50:00,3540.41,3541.31,3540.29,3541.15,193.0
2025-09-05 01:55:00,3541.1,3541.38,3540.53,3540.8,171.0
2025-09-05 02:00:00,3540.82,3542.25,3540.76,3542.02,173.0
2025-09-05 02:05:00,3542.03,3542.54,3541.03,3541.23,201.0
2025-09-05 02:10:00,3541.09,3542.19,3541.02,3541.76,158.0
2025-09-05 02:15:00,3541.74,3544.19,3541.54,3543.97,222.0
2025-09-05 02:20:00,3543.95,3544.43,3541.41,3542.35,244.0
2025-09-05 02:25:00,3542.49,3543.93,3542.49,3542.71,255.0
2025-09-05 02:30:00,3542.76,3547.47,3542.69,3547.47,289.0
2025-09-05 02:35:00,3547.38,3550.73,3546.59,3548.71,333.0
2025-09-05 02:40:00,3548.67,3552.07,3548.67,3551.0,349.0
2025-09-05 02:45:00,3550.85,3553.84,3550.68,3552.48,344.0
2025-09-05 02:50:00,3552.56,3554.15,3552.45,3554.15,364.0
2025-09-05 02:55:00,3554.14,3554.51,3552.11,3552.61,319.0
2025-09-05 03:00:00,3552.63,3556.39,3552.55,3554.84,420.0
2025-09-05 03:05:00,3554.77,3554.93,3550.71,3551.89,408.0
2025-09-05 03:10:00,3552.22,3552.86,3550.71,3550.92,339.0
2025-09-05 03:15:00,3550.92,3551.43,3549.02,3551.03,387.0
2025-09-05 03:20:00,3550.85,3552.65,3549.3,3552.39,369.0
2025-09-05 03:25:00,3552.41,3552.53,3550.6,3551.38,332.0
2025-09-05 03:30:00,3551.26,3554.47,3551.2,3553.92,356.0
2025-09-05 03:35:00,3553.9,3554.66,3552.41,3553.04,331.0
2025-09-05 03:40:00,3553.03,3553.33,3551.27,3551.71,340.0
2025-09-05 03:45:00,3551.68,3553.07,3549.45,3552.19,386.0
2025-09-05 03:50:00,3552.13,3552.3,3550.23,3551.37,394.0
2025-09-05 03:55:00,3551.38,3552.62,3550.43,3552.11,367.0
2025-09-05 04:00:00,3552.1,3554.7,3551.96,3554.22,456.0
2025-09-05 04:05:00,3554.27,3556.46,3553.46,3553.58,446.0
2025-09-05 04:10:00,3553.6,3553.84,3551.31,3552.29,406.0
2025-09-05 04:15:00,3552.22,3554.27,3551.4,3554.25,400.0
2025-09-05 04:20:00,3554.25,3555.01,3553.75,3554.68,373.0
2025-09-05 04:25:00,3554.69,3555.21,3554.1,3555.06,383.0
2025-09-05 04:30:00,3555.14,3555.84,3553.59,3554.28,381.0
2025-09-05 04:35:00,3554.29,3554.55,3552.98,3553.52,386.0
2025-09-05 04:40:00,3553.54,3555.94,3552.35,3553.23,452.0
2025-09-05 04:45:00,3553.41,3553.53,3551.13,3551.25,384.0
2025-09-05 04:50:00,3551.22,3552.01,3550.1,3550.35,388.0
2025-09-05 04:55:00,3550.34,3552.88,3550.34,3552.41,377.0
2025-09-05 05:00:00,3552.43,3553.53,3551.19,3553.13,337.0
2025-09-05 05:05:00,3553.11,3555.17,3552.97,3553.54,393.0
2025-09-05 05:10:00,3553.55,3553.55,3551.47,3551.48,384.0
2025-09-05 05:15:00,3551.47,3552.73,3551.27,3552.5,310.0
2025-09-05 05:20:00,3552.52,3552.75,3550.69,3551.29,305.0
2025-09-05 05:25:00,3551.33,3551.77,3549.74,3550.26,315.0
2025-09-05 05:30:00,3550.2,3550.2,3546.15,3547.56,403.0
2025-09-05 05:35:00,3547.59,3550.08,3546.85,3548.97,370.0
2025-09-05 05:40:00,3549.04,3550.82,3549.04,3550.17,308.0
2025-09-05 05:45:00,3550.26,3550.41,3548.42,3549.71,305.0
2025-09-05 05:50:00,3549.77,3552.29,3549.77,3551.23,352.0
2025-09-05 05:55:00,3551.18,3551.46,3549.77,3550.75,311.0
2025-09-05 06:00:00,3550.74,3551.04,3548.65,3548.9,299.0
2025-09-05 06:05:00,3548.89,3554.61,3548.74,3554.21,322.0
2025-09-05 06:10:00,3554.23,3554.34,3553.07,3553.91,334.0
2025-09-05 06:15:00,3553.99,3554.24,3553.07,3553.42,349.0
2025-09-05 06:20:00,3553.47,3555.09,3553.4,3554.55,343.0
2025-09-05 06:25:00,3554.57,3555.49,3554.04,3555.2,302.0
2025-09-05 06:30:00,3555.21,3557.98,3555.21,3557.35,324.0
2025-09-05 06:35:00,3557.39,3558.24,3556.66,3557.5,332.0
2025-09-05 06:40:00,3557.48,3558.21,3557.22,3557.82,295.0
2025-09-05 06:45:00,3557.8,3558.04,3556.78,3558.04,225.0
2025-09-05 06:50:00,3557.97,3558.95,3557.42,3558.41,257.0
2025-09-05 06:55:00,3558.41,3559.06,3558.09,3558.38,259.0
2025-09-05 07:00:00,3558.4,3558.76,3556.42,3556.73,316.0
2025-09-05 07:05:00,3556.82,3557.88,3556.7,3557.81,259.0
2025-09-05 07:10:00,3557.85,3557.86,3557.13,3557.58,249.0
2025-09-05 07:15:00,3557.57,3558.14,3557.08,3558.14,238.0
2025-09-05 07:20:00,3558.12,3558.48,3557.86,3558.22,241.0
2025-09-05 07:25:00,3558.23,3558.23,3557.29,3557.75,262.0
2025-09-05 07:30:00,3557.73,3557.86,3556.28,3557.01,263.0
2025-09-05 07:35:00,3557.01,3558.86,3556.37,3558.42,265.0
2025-09-05 07:40:00,3558.57,3559.11,3558.36,3558.53,256.0
2025-09-05 07:45:00,3558.52,3558.82,3557.61,3557.66,260.0
2025-09-05 07:50:00,3557.64,3558.54,3557.2,3558.36,238.0
2025-09-05 07:55:00,3558.34,3558.96,3558.25,3558.47,211.0
2025-09-05 08:00:00,3558.5,3560.03,3558.36,3559.91,272.0
2025-09-05 08:05:00,3559.89,3561.09,3558.74,3558.74,303.0
2025-09-05 08:10:00,3558.77,3558.77,3557.34,3557.46,315.0
2025-09-05 08:15:00,3557.47,3558.41,3557.22,3557.66,250.0
2025-09-05 08:20:00,3557.63,3557.71,3555.85,3556.16,187.0
2025-09-05 08:25:00,3556.19,3557.13,3556.1,3557.11,233.0
2025-09-05 08:30:00,3557.09,3559.12,3556.66,3557.9,388.0
2025-09-05 08:35:00,3557.96,3559.99,3557.7,3558.27,299.0
2025-09-05 08:40:00,3558.26,3558.61,3556.05,3556.26,308.0
2025-09-05 08:45:00,3556.07,3558.72,3555.99,3558.32,328.0
2025-09-05 08:50:00,3558.33,3558.42,3555.79,3556.74,337.0
2025-09-05 08:55:00,3556.64,3558.17,3556.5,3557.81,347.0
2025-09-05 09:00:00,3557.84,3558.07,3555.62,3556.53,342.0
2025-09-05 09:05:00,3556.62,3556.62,3553.07,3554.46,384.0
2025-09-05 09:10:00,3554.42,3554.67,3551.18,3551.19,410.0
2025-09-05 09:15:00,3551.17,3552.65,3550.26,3551.65,392.0
2025-09-05 09:20:00,3551.65,3551.65,3548.61,3549.01,392.0
2025-09-05 09:25:00,3549.02,3551.46,3548.44,3551.35,414.0
2025-09-05 09:30:00,3551.36,3553.63,3551.36,3553.26,330.0
2025-09-05 09:35:00,3553.24,3553.74,3552.22,3552.81,321.0
2025-09-05 09:40:00,3552.82,3553.77,3552.41,3552.65,300.0
2025-09-05 09:45:00,3552.6,3553.72,3552.17,3552.29,284.0
2025-09-05 09:50:00,3552.26,3552.87,3552.26,3552.49,249.0
2025-09-05 09:55:00,3552.5,3553.63,3552.31,3552.63,266.0
2025-09-05 10:00:00,3552.69,3553.16,3551.55,3551.82,324.0
2025-09-05 10:05:00,3551.89,3554.31,3549.35,3553.25,393.0
2025-09-05 10:10:00,3553.28,3553.77,3549.64,3550.25,406.0
2025-09-05 10:15:00,3550.29,3550.66,3548.31,3549.18,370.0
2025-09-05 10:20:00,3549.15,3550.94,3548.36,3550.16,410.0
2025-09-05 10:25:00,3550.32,3550.77,3549.07,3549.12,341.0
2025-09-05 10:30:00,3549.13,3549.95,3547.58,3549.34,387.0
2025-09-05 10:35:00,3549.31,3549.36,3547.32,3547.87,327.0
2025-09-05 10:40:00,3547.86,3550.25,3547.71,3549.72,335.0
2025-09-05 10:45:00,3550.15,3550.8,3548.76,3549.1,311.0
2025-09-05 10:50:00,3549.02,3549.28,3547.72,3548.47,309.0
2025-09-05 10:55:00,3548.47,3548.81,3546.7,3548.16,343.0
2025-09-05 11:00:00,3547.99,3549.03,3546.55,3548.48,380.0
2025-09-05 11:05:00,3548.34,3548.76,3546.64,3547.37,352.0
2025-09-05 11:10:00,3547.38,3548.56,3546.41,3546.92,389.0
2025-09-05 11:15:00,3546.86,3547.21,3544.99,3546.2,370.0
2025-09-05 11:20:00,3545.89,3547.96,3545.84,3547.82,331.0
2025-09-05 11:25:00,3547.79,3549.3,3547.68,3549.12,329.0
2025-09-05 11:30:00,3549.23,3549.76,3548.21,3548.58,331.0
2025-09-05 11:35:00,3548.57,3549.16,3547.59,3548.01,275.0
2025-09-05 11:40:00,3547.95,3548.91,3547.5,3548.71,311.0
2025-09-05 11:45:00,3548.72,3549.83,3547.45,3547.63,327.0
2025-09-05 11:50:00,3547.62,3547.72,3545.68,3545.99,348.0
2025-09-05 11:55:00,3546.01,3546.5,3544.86,3546.04,250.0
2025-09-05 12:00:00,3546.04,3550.09,3546.01,3549.02,340.0
2025-09-05 12:05:00,3549.05,3550.28,3548.84,3548.88,337.0
2025-09-05 12:10:00,3549.02,3550.94,3548.65,3549.07,335.0
2025-09-05 12:15:00,3549.0,3550.95,3549.0,3550.87,302.0
2025-09-05 12:20:00,3550.83,3551.15,3549.1,3549.55,324.0
2025-09-05 12:25:00,3549.48,3549.54,3548.4,3548.45,329.0
2025-09-05 12:30:00,3548.51,3549.42,3547.98,3548.79,307.0
2025-09-05 12:35:00,3548.74,3550.6,3548.17,3550.55,320.0
2025-09-05 12:40:00,3550.52,3551.64,3550.52,3551.5,300.0
2025-09-05 12:45:00,3551.58,3553.21,3550.66,3551.41,367.0
2025-09-05 12:50:00,3551.37,3553.69,3551.31,3552.75,303.0
2025-09-05 12:55:00,3552.71,3553.09,3552.13,3552.39,247.0
2025-09-05 13:00:00,3552.31,3552.74,3550.97,3550.97,288.0
2025-09-05 13:05:00,3550.98,3551.77,3550.75,3551.17,294.0
2025-09-05 13:10:00,3551.22,3551.63,3550.6,3550.6,291.0
2025-09-05 13:15:00,3550.57,3551.55,3550.26,3551.04,334.0
2025-09-05 13:20:00,3551.07,3551.57,3550.88,3551.33,308.0
2025-09-05 13:25:00,3551.35,3552.46,3550.62,3552.25,314.0
2025-09-05 13:30:00,3552.27,3552.32,3550.17,3551.09,313.0
2025-09-05 13:35:00,3551.01,3551.64,3549.85,3550.52,264.0
2025-09-05 13:40:00,3550.48,3550.73,3549.49,3550.44,308.0
2025-09-05 13:45:00,3550.56,3552.28,3550.37,3551.8,337.0
2025-09-05 13:50:00,3551.9,3552.6,3550.95,3552.6,329.0
2025-09-05 13:55:00,3552.51,3552.95,3551.49,3551.81,338.0
2025-09-05 14:00:00,3551.8,3553.74,3551.57,3553.21,344.0
2025-09-05 14:05:00,3553.22,3553.57,3551.92,3553.22,342.0
2025-09-05 14:10:00,3553.22,3555.09,3552.25,3552.37,364.0
2025-09-05 14:15:00,3552.57,3553.21,3550.58,3551.28,379.0
2025-09-05 14:20:00,3551.26,3551.26,3549.35,3550.15,377.0
2025-09-05 14:25:00,3550.18,3550.25,3548.72,3548.85,327.0
2025-09-05 14:30:00,3548.87,3549.38,3548.57,3548.97,351.0
2025-09-05 14:35:00,3548.96,3551.51,3548.96,3551.24,326.0
2025-09-05 14:40:00,3551.29,3552.15,3550.67,3551.53,324.0
2025-09-05 14:45:00,3551.44,3551.56,3550.29,3550.31,348.0
2025-09-05 14:50:00,3550.25,3550.5,3547.75,3549.7,383.0
2025-09-05 14:55:00,3549.72,3553.23,3549.57,3553.23,384.0
2025-09-05 15:00:00,3553.24,3553.94,3548.83,3551.3,424.0
2025-09-05 15:05:00,3551.23,3554.59,3550.87,3552.99,422.0
2025-09-05 15:10:00,3553.05,3553.73,3550.31,3551.54,439.0
2025-09-05 15:15:00,3551.49,3552.53,3550.77,3551.88,418.0
2025-09-05 15:20:00,3552.63,3552.71,3549.73,3552.71,446.0
2025-09-05 15:25:00,3552.71,3554.97,3550.03,3554.62,446.0
2025-09-05 15:30:00,3554.71,3583.23,3554.33,3577.41,593.0
2025-09-05 15:35:00,3577.55,3586.07,3574.51,3584.54,539.0
2025-09-05 15:40:00,3584.68,3586.81,3578.39,3583.73,536.0
2025-09-05 15:45:00,3583.52,3583.7,3571.89,3579.8,536.0
2025-09-05 15:50:00,3579.67,3580.94,3575.04,3580.39,526.0
2025-09-05 15:55:00,3580.16,3581.46,3577.73,3580.24,511.0
2025-09-05 16:00:00,3580.69,3583.41,3575.37,3577.49,528.0
2025-09-05 16:05:00,3577.38,3577.68,3573.44,3575.62,529.0
2025-09-05 16:10:00,3575.66,3582.26,3574.74,3581.31,503.0
2025-09-05 16:15:00,3581.16,3585.03,3579.31,3584.3,499.0
2025-09-05 16:20:00,3584.41,3584.6,3575.26,3581.66,520.0
2025-09-05 16:25:00,3581.69,3582.13,3578.96,3579.12,477.0
2025-09-05 16:30:00,3579.99,3580.78,3575.55,3580.23,523.0
2025-09-05 16:35:00,3580.51,3582.72,3577.73,3578.93,516.0
2025-09-05 16:40:00,3579.2,3585.08,3578.42,3584.56,510.0
2025-09-05 16:45:00,3584.41,3592.58,3584.35,3590.96,529.0
2025-09-05 16:50:00,3590.91,3594.28,3590.05,3591.25,512.0
2025-09-05 16:55:00,3591.1,3595.15,3589.82,3594.4,520.0
2025-09-05 17:00:00,3594.29,3597.38,3592.3,3597.14,509.0
2025-09-05 17:05:00,3597.1,3597.63,3593.49,3593.49,490.0
2025-09-05 17:10:00,3593.49,3594.88,3592.17,3593.16,471.0
2025-09-05 17:15:00,3593.02,3595.75,3588.64,3590.01,481.0
2025-09-05 17:20:00,3589.76,3592.96,3585.57,3585.59,517.0
2025-09-05 17:25:00,3585.68,3587.1,3578.05,3579.22,514.0
2025-09-05 17:30:00,3579.78,3583.86,3579.43,3582.58,510.0
2025-09-05 17:35:00,3582.62,3586.53,3573.44,3576.36,518.0
2025-09-05 17:40:00,3576.24,3580.36,3574.34,3580.18,515.0
2025-09-05 17:45:00,3580.28,3584.39,3579.66,3583.57,501.0
2025-09-05 17:50:00,3583.68,3585.64,3582.78,3583.72,479.0
2025-09-05 17:55:00,3583.35,3590.12,3583.06,3590.04,496.0
2025-09-05 18:00:00,3590.05,3592.22,3587.99,3591.6,512.0
2025-09-05 18:05:00,3591.52,3591.73,3585.23,3586.65,485.0
2025-09-05 18:10:00,3586.65,3587.89,3583.98,3584.23,474.0
2025-09-05 18:15:00,3584.38,3586.7,3581.82,3585.41,480.0
2025-09-05 18:20:00,3585.4,3590.43,3585.12,3589.35,450.0
2025-09-05 18:25:00,3589.44,3589.93,3587.88,3589.15,443.0
2025-09-05 18:30:00,3589.47,3590.62,3589.04,3590.12,449.0
2025-09-05 18:35:00,3590.18,3592.73,3589.48,3591.3,411.0
2025-09-05 18:40:00,3591.29,3594.18,3590.69,3593.75,426.0
2025-09-05 18:45:00,3593.74,3595.22,3592.81,3594.6,459.0
2025-09-05 18:50:00,3594.75,3595.5,3593.29,3594.48,437.0
2025-09-05 18:55:00,3594.46,3594.65,3591.85,3591.98,443.0
2025-09-05 19:00:00,3592.13,3595.62,3591.24,3595.62,431.0
2025-09-05 19:05:00,3595.6,3599.04,3595.52,3597.22,452.0
2025-09-05 19:10:00,3597.32,3598.13,3596.02,3597.15,411.0
2025-09-05 19:15:00,3597.22,3598.23,3596.54,3597.81,388.0
2025-09-05 19:20:00,3597.83,3599.72,3597.14,3599.3,411.0
2025-09-05 19:25:00,3599.29,3600.0,3597.49,3599.44,403.0
2025-09-05 19:30:00,3599.45,3599.97,3598.26,3598.99,400.0
2025-09-05 19:35:00,3598.97,3599.13,3594.03,3594.04,421.0
2025-09-05 19:40:00,3594.08,3595.41,3592.61,3595.0,410.0
2025-09-05 19:45:00,3594.91,3597.53,3594.24,3597.34,386.0
2025-09-05 19:50:00,3597.35,3597.97,3595.68,3595.69,362.0
2025-09-05 19:55:00,3595.59,3596.22,3593.94,3595.25,385.0
2025-09-05 20:00:00,3595.42,3596.1,3592.8,3593.51,406.0
2025-09-05 20:05:00,3593.33,3593.87,3590.57,3592.57,430.0
2025-09-05 20:10:00,3592.43,3593.08,3591.37,3592.83,374.0
2025-09-05 20:15:00,3592.85,3594.12,3592.39,3592.81,376.0
2025-09-05 20:20:00,3592.86,3596.33,3592.86,3595.23,412.0
2025-09-05 20:25:00,3595.35,3596.82,3594.24,3596.23,373.0
2025-09-05 20:30:00,3595.95,3597.39,3595.85,3596.28,356.0
2025-09-05 20:35:00,3596.29,3596.51,3593.49,3594.72,393.0
2025-09-05 20:40:00,3594.72,3595.29,3593.16,3595.25,388.0
2025-09-05 20:45:00,3595.51,3597.19,3595.12,3595.82,406.0
2025-09-05 20:50:00,3595.81,3597.25,3595.24,3596.68,373.0
2025-09-05 20:55:00,3596.65,3597.28,3595.89,3596.39,324.0
2025-09-05 21:00:00,3596.41,3597.23,3595.06,3596.09,357.0
2025-09-05 21:05:00,3596.24,3596.81,3594.96,3595.74,336.0
2025-09-05 21:10:00,3595.91,3596.22,3592.61,3592.65,340.0
2025-09-05 21:15:00,3592.81,3594.8,3592.67,3594.73,362.0
2025-09-05 21:20:00,3594.76,3595.33,3594.32,3595.31,342.0
2025-09-05 21:25:00,3595.32,3595.35,3593.86,3594.55,332.0
2025-09-05 21:30:00,3594.44,3594.44,3592.67,3593.22,329.0
2025-09-05 21:35:00,3593.2,3595.15,3592.96,3594.02,357.0
2025-09-05 21:40:00,3593.97,3594.63,3593.48,3594.48,322.0
2025-09-05 21:45:00,3594.49,3596.56,3594.27,3595.22,375.0
2025-09-05 21:50:00,3595.36,3595.78,3594.59,3595.37,308.0
2025-09-05 21:55:00,3595.4,3595.81,3594.81,3595.49,303.0
2025-09-05 22:00:00,3595.48,3595.89,3594.94,3595.59,316.0
2025-09-05 22:05:00,3595.62,3595.72,3594.43,3594.81,291.0
2025-09-05 22:10:00,3594.81,3595.75,3592.7,3593.07,325.0
2025-09-05 22:15:00,3593.08,3594.58,3593.07,3593.89,298.0
2025-09-05 22:20:00,3593.9,3595.27,3592.89,3595.0,331.0
2025-09-05 22:25:00,3594.95,3594.99,3593.08,3593.73,331.0
2025-09-05 22:30:00,3593.66,3594.39,3592.99,3594.09,359.0
2025-09-05 22:35:00,3593.84,3593.89,3592.68,3592.84,366.0
2025-09-05 22:40:00,3592.84,3594.0,3592.76,3593.2,370.0
2025-09-05 22:45:00,3593.26,3595.34,3592.77,3594.94,422.0
2025-09-05 22:50:00,3594.95,3595.96,3594.74,3595.11,409.0
2025-09-05 22:55:00,3595.13,3595.79,3594.37,3594.85,410.0
2025-09-05 23:00:00,3595.01,3595.4,3587.44,3589.53,439.0
2025-09-05 23:05:00,3589.61,3592.34,3588.95,3591.48,362.0
2025-09-05 23:10:00,3591.48,3591.78,3589.89,3589.89,260.0
2025-09-05 23:15:00,3589.88,3590.25,3588.78,3589.24,259.0
2025-09-05 23:20:00,3589.25,3590.63,3589.13,3590.36,243.0
2025-09-05 23:25:00,3590.36,3590.41,3589.19,3590.12,237.0
2025-09-05 23:30:00,3590.12,3590.54,3588.62,3589.05,210.0
2025-09-05 23:35:00,3589.07,3589.54,3588.66,3589.41,189.0
2025-09-05 23:40:00,3589.42,3589.78,3589.0,3589.78,175.0
2025-09-05 23:45:00,3589.78,3589.78,3587.57,3587.6,208.0
2025-09-05 23:50:00,3587.6,3588.75,3586.49,3587.37,259.0
2025-09-08 01:05:00,3592.28,3596.56,3591.07,3593.96,440.0
2025-09-08 01:10:00,3594.1,3595.06,3589.73,3590.48,421.0
2025-09-08 01:15:00,3590.54,3594.02,3587.35,3592.97,440.0
2025-09-08 01:20:00,3593.04,3594.49,3592.53,3592.68,412.0
2025-09-08 01:25:00,3592.73,3595.1,3592.06,3593.24,357.0
2025-09-08 01:30:00,3593.69,3594.96,3592.83,3593.09,359.0
2025-09-08 01:35:00,3593.15,3593.19,3590.16,3591.24,369.0
2025-09-08 01:40:00,3591.15,3593.75,3591.1,3592.87,377.0
2025-09-08 01:45:00,3592.87,3593.01,3591.51,3592.97,294.0
2025-09-08 01:50:00,3592.97,3593.91,3591.02,3592.3,319.0
2025-09-08 01:55:00,3592.41,3592.59,3591.36,3592.19,223.0
2025-09-08 02:00:00,3592.2,3593.41,3590.64,3590.99,318.0
2025-09-08 02:05:00,3590.96,3593.48,3590.9,3591.97,294.0
2025-09-08 02:10:00,3591.98,3592.19,3588.56,3588.61,350.0
2025-09-08 02:15:00,3588.58,3590.95,3588.42,3590.04,304.0
2025-09-08 02:20:00,3590.04,3591.15,3589.65,3589.72,296.0
2025-09-08 02:25:00,3589.37,3590.1,3587.72,3589.6,344.0
2025-09-08 02:30:00,3589.61,3591.19,3589.22,3590.47,262.0
2025-09-08 02:35:00,3590.46,3591.42,3589.51,3590.86,205.0
2025-09-08 02:40:00,3590.85,3591.35,3589.73,3590.95,206.0
2025-09-08 02:45:00,3591.01,3592.17,3589.55,3591.5,341.0
2025-09-08 02:50:00,3591.75,3594.02,3591.74,3592.31,328.0
2025-09-08 02:55:00,3592.29,3593.57,3591.19,3591.22,329.0
2025-09-08 03:00:00,3591.26,3591.28,3587.88,3588.08,404.0
2025-09-08 03:05:00,3587.82,3590.52,3587.4,3589.31,403.0
2025-09-08 03:10:00,3589.32,3589.53,3586.91,3589.27,366.0
2025-09-08 03:15:00,3589.29,3590.61,3587.86,3589.43,363.0
2025-09-08 03:20:00,3589.44,3590.86,3587.63,3589.98,374.0
2025-09-08 03:25:00,3589.95,3591.54,3589.69,3589.7,368.0
2025-09-08 03:30:00,3589.66,3589.75,3587.42,3587.79,380.0
2025-09-08 03:35:00,3587.61,3589.72,3587.44,3589.1,324.0
2025-09-08 03:40:00,3589.14,3590.2,3588.86,3590.06,290.0
2025-09-08 03:45:00,3590.08,3590.45,3587.8,3588.72,332.0
2025-09-08 03:50:00,3588.73,3592.55,3588.25,3592.28,407.0
2025-09-08 03:55:00,3592.38,3594.25,3591.92,3594.17,365.0
2025-09-08 04:00:00,3594.23,3597.07,3591.35,3594.98,460.0
2025-09-08 04:05:00,3595.0,3595.38,3587.73,3587.84,443.0
2025-09-08 04:10:00,3587.81,3590.43,3585.62,3589.57,457.0
2025-09-08 04:15:00,3589.55,3589.6,3585.3,3585.72,441.0
2025-09-08 04:20:00,3585.75,3588.93,3584.98,3588.27,413.0
2025-09-08 04:25:00,3588.18,3590.23,3586.01,3586.01,410.0
2025-09-08 04:30:00,3585.91,3590.02,3585.67,3587.85,410.0
2025-09-08 04:35:00,3587.9,3589.65,3586.35,3587.92,419.0
2025-09-08 04:40:00,3587.69,3588.87,3586.45,3587.55,377.0
2025-09-08 04:45:00,3587.5,3588.43,3586.57,3586.86,398.0
2025-09-08 04:50:00,3586.85,3589.48,3586.81,3588.82,361.0
2025-09-08 04:55:00,3588.89,3591.29,3588.28,3589.46,386.0
2025-09-08 05:00:00,3589.61,3594.31,3588.79,3591.42,405.0
2025-09-08 05:05:00,3591.39,3593.58,3589.9,3590.11,373.0
2025-09-08 05:10:00,3590.38,3590.38,3586.64,3587.93,432.0
2025-09-08 05:15:00,3587.71,3588.54,3586.69,3588.53,377.0
2025-09-08 05:20:00,3588.54,3591.06,3588.26,3590.66,369.0
2025-09-08 05:25:00,3590.78,3591.09,3589.45,3590.09,320.0
2025-09-08 05:30:00,3590.43,3592.5,3588.65,3592.12,377.0
2025-09-08 05:35:00,3592.1,3592.15,3589.58,3590.94,370.0
2025-09-08 05:40:00,3590.77,3591.56,3587.38,3587.4,393.0
2025-09-08 05:45:00,3587.42,3590.08,3586.74,3589.5,377.0
2025-09-08 05:50:00,3589.44,3591.8,3588.93,3590.16,385.0
2025-09-08 05:55:00,3590.07,3592.36,3590.05,3590.57,365.0
2025-09-08 06:00:00,3590.71,3592.2,3589.89,3591.11,339.0
2025-09-08 06:05:00,3591.17,3591.92,3589.94,3590.46,327.0
2025-09-08 06:10:00,3590.47,3590.53,3587.45,3587.46,371.0
2025-09-08 06:15:00,3587.41,3588.5,3586.55,3588.15,364.0
2025-09-08 06:20:00,3588.13,3588.8,3587.17,3587.49,312.0
2025-09-08 06:25:00,3587.52,3587.59,3584.98,3585.06,353.0
2025-09-08 06:30:00,3585.04,3586.56,3584.11,3586.56,372.0
2025-09-08 06:35:00,3586.54,3586.94,3585.02,3585.96,339.0
2025-09-08 06:40:00,3585.92,3586.41,3583.99,3584.14,344.0
2025-09-08 06:45:00,3584.1,3584.86,3583.04,3583.42,327.0
2025-09-08 06:50:00,3583.39,3584.32,3583.14,3583.72,294.0
2025-09-08 06:55:00,3583.73,3583.97,3583.05,3583.55,242.0
2025-09-08 07:00:00,3583.53,3583.53,3579.64,3583.41,355.0
2025-09-08 07:05:00,3583.36,3583.58,3582.64,3582.92,307.0
2025-09-08 07:10:00,3582.89,3583.17,3581.89,3581.99,256.0
2025-09-08 07:15:00,3581.99,3583.11,3581.66,3583.03,297.0
2025-09-08 07:20:00,3583.02,3584.72,3582.68,3582.68,296.0
2025-09-08 07:25:00,3582.7,3583.74,3582.7,3583.49,284.0
2025-09-08 07:30:00,3583.5,3583.63,3582.4,3582.69,267.0
2025-09-08 07:35:00,3582.71,3582.76,3581.57,3581.57,327.0
2025-09-08 07:40:00,3581.58,3581.74,3580.9,3581.42,305.0
2025-09-08 07:45:00,3581.46,3582.59,3581.14,3582.02,272.0
2025-09-08 07:50:00,3582.03,3582.66,3581.69,3582.62,248.0
2025-09-08 07:55:00,3582.64,3582.64,3581.03,3581.54,269.0
2025-09-08 08:00:00,3581.38,3583.08,3581.21,3583.05,296.0
2025-09-08 08:05:00,3583.06,3583.84,3582.62,3583.83,255.0
2025-09-08 08:10:00,3583.79,3583.89,3581.87,3582.17,267.0
2025-09-08 08:15:00,3581.93,3583.69,3581.91,3583.17,321.0
2025-09-08 08:20:00,3583.16,3584.02,3582.4,3583.72,288.0
2025-09-08 08:25:00,3583.71,3584.31,3582.67,3582.85,302.0
2025-09-08 08:30:00,3582.86,3584.41,3581.68,3583.84,356.0
2025-09-08 08:35:00,3583.83,3587.42,3583.83,3587.32,369.0
2025-09-08 08:40:00,3587.24,3587.83,3586.53,3587.31,367.0
2025-09-08 08:45:00,3587.32,3589.4,3587.19,3588.53,345.0
2025-09-08 08:50:00,3588.54,3589.86,3587.25,3589.86,351.0
2025-09-08 08:55:00,3589.91,3591.57,3589.88,3591.15,368.0
2025-09-08 09:00:00,3591.2,3592.23,3590.23,3590.58,386.0
2025-09-08 09:05:00,3590.57,3591.81,3589.54,3590.71,369.0
2025-09-08 09:10:00,3590.89,3594.21,3590.89,3594.16,367.0
2025-09-08 09:15:00,3594.12,3594.12,3590.3,3590.77,350.0
2025-09-08 09:20:00,3590.74,3592.79,3590.48,3592.36,354.0
2025-09-08 09:25:00,3592.26,3594.35,3592.09,3594.34,342.0
2025-09-08 09:30:00,3594.4,3595.17,3593.46,3593.79,364.0
2025-09-08 09:35:00,3593.8,3595.7,3593.27,3594.98,354.0
2025-09-08 09:40:00,3594.95,3597.57,3593.68,3597.57,350.0
2025-09-08 09:45:00,3597.61,3598.83,3596.06,3596.53,346.0
2025-09-08 09:50:00,3596.51,3596.84,3595.23,3596.84,359.0
2025-09-08 09:55:00,3596.82,3597.99,3596.34,3597.97,356.0
2025-09-08 10:00:00,3598.06,3600.42,3596.44,3600.05,391.0
2025-09-08 10:05:00,3600.07,3600.5,3597.61,3600.36,363.0
2025-09-08 10:10:00,3600.35,3604.93,3600.26,3604.62,383.0
2025-09-08 10:15:00,3604.61,3609.03,3604.56,3608.3,422.0
2025-09-08 10:20:00,3608.3,3610.08,3605.77,3607.27,407.0
2025-09-08 10:25:00,3607.28,3608.97,3607.22,3608.97,367.0
2025-09-08 10:30:00,3608.89,3612.08,3608.8,3610.81,416.0
2025-09-08 10:35:00,3611.01,3613.43,3610.12,3613.14,391.0
2025-09-08 10:40:00,3613.07,3613.63,3611.37,3613.11,385.0
2025-09-08 10:45:00,3613.1,3613.21,3608.53,3608.53,398.0
2025-09-08 10:50:00,3608.25,3609.38,3607.22,3607.41,385.0
2025-09-08 10:55:00,3607.37,3609.87,3606.45,3609.47,367.0
2025-09-08 11:00:00,3609.51,3610.08,3607.73,3608.79,347.0
2025-09-08 11:05:00,3608.8,3608.86,3607.21,3607.89,327.0
2025-09-08 11:10:00,3607.89,3609.68,3607.23,3608.93,356.0
2025-09-08 11:15:00,3608.95,3612.95,3607.76,3612.95,375.0
2025-09-08 11:20:00,3612.88,3617.11,3611.81,3614.47,406.0
2025-09-08 11:25:00,3614.54,3614.54,3611.53,3612.71,384.0
2025-09-08 11:30:00,3612.7,3614.67,3611.32,3612.6,357.0
2025-09-08 11:35:00,3612.6,3613.51,3611.25,3613.24,331.0
2025-09-08 11:40:00,3613.27,3614.28,3612.22,3612.54,356.0
2025-09-08 11:45:00,3612.5,3613.59,3611.62,3613.41,352.0
2025-09-08 11:50:00,3613.54,3613.54,3611.12,3611.12,324.0
2025-09-08 11:55:00,3611.04,3612.25,3609.66,3611.36,352.0
2025-09-08 12:00:00,3611.3,3611.73,3608.67,3611.17,402.0
2025-09-08 12:05:00,3611.13,3613.06,3611.05,3612.44,321.0
2025-09-08 12:10:00,3612.41,3613.89,3611.71,3612.82,368.0
2025-09-08 12:15:00,3612.88,3613.57,3611.94,3612.76,336.0
2025-09-08 12:20:00,3612.91,3614.23,3612.23,3613.34,339.0
2025-09-08 12:25:00,3613.34,3613.67,3611.15,3611.32,300.0
2025-09-08 12:30:00,3611.31,3612.13,3610.53,3612.05,334.0
2025-09-08 12:35:00,3612.05,3613.88,3611.58,3613.76,285.0
2025-09-08 12:40:00,3613.75,3614.83,3613.34,3614.4,289.0
2025-09-08 12:45:00,3614.41,3614.89,3613.74,3614.47,284.0
2025-09-08 12:50:00,3614.5,3614.5,3613.45,3614.0,279.0
2025-09-08 12:55:00,3613.92,3614.92,3613.65,3613.76,277.0
2025-09-08 13:00:00,3613.94,3615.78,3613.78,3615.18,314.0
2025-09-08 13:05:00,3615.19,3615.67,3614.49,3614.94,263.0
2025-09-08 13:10:00,3614.94,3620.94,3614.33,3620.94,330.0
2025-09-08 13:15:00,3620.87,3622.36,3616.54,3618.73,438.0
2025-09-08 13:20:00,3618.79,3618.81,3616.5,3617.7,363.0
2025-09-08 13:25:00,3617.69,3619.07,3616.79,3618.58,318.0
2025-09-08 13:30:00,3618.75,3619.1,3617.33,3617.78,297.0
2025-09-08 13:35:00,3617.69,3618.15,3616.64,3617.36,291.0
2025-09-08 13:40:00,3617.46,3617.85,3615.49,3617.69,340.0
2025-09-08 13:45:00,3617.62,3617.65,3615.47,3616.27,342.0
2025-09-08 13:50:00,3616.3,3616.57,3613.63,3614.1,343.0
2025-09-08 13:55:00,3614.2,3617.25,3614.2,3616.97,331.0
2025-09-08 14:00:00,3617.0,3617.31,3614.76,3615.8,305.0
2025-09-08 14:05:00,3615.81,3616.04,3614.49,3615.93,341.0
2025-09-08 14:10:00,3615.91,3616.2,3615.04,3616.1,277.0
2025-09-08 14:15:00,3616.08,3616.76,3615.85,3616.52,288.0
2025-09-08 14:20:00,3616.57,3617.46,3615.3,3616.3,288.0
2025-09-08 14:25:00,3616.26,3616.91,3615.38,3616.9,308.0
2025-09-08 14:30:00,3616.87,3618.16,3616.49,3616.49,330.0
2025-09-08 14:35:00,3616.49,3617.37,3615.55,3615.59,327.0
2025-09-08 14:40:00,3615.46,3616.94,3612.99,3614.44,373.0
2025-09-08 14:45:00,3614.32,3615.84,3613.54,3615.47,338.0
2025-09-08 14:50:00,3615.37,3618.9,3615.08,3618.47,318.0
2025-09-08 14:55:00,3618.47,3619.99,3617.83,3619.93,330.0
2025-09-08 15:00:00,3619.88,3621.7,3619.06,3621.28,387.0
2025-09-08 15:05:00,3621.24,3621.54,3616.76,3616.82,381.0
2025-09-08 15:10:00,3616.69,3618.38,3615.86,3617.84,399.0
2025-09-08 15:15:00,3617.87,3618.32,3615.52,3616.18,403.0
2025-09-08 15:20:00,3616.25,3617.74,3614.99,3615.25,417.0
2025-09-08 15:25:00,3615.2,3618.21,3614.99,3617.97,351.0
2025-09-08 15:30:00,3617.99,3620.93,3617.59,3618.18,427.0
2025-09-08 15:35:00,3618.15,3619.47,3617.76,3619.07,380.0
2025-09-08 15:40:00,3619.09,3620.52,3618.44,3620.11,388.0
2025-09-08 15:45:00,3620.16,3621.26,3619.56,3620.64,361.0
2025-09-08 15:50:00,3620.51,3624.1,3620.31,3623.99,369.0
2025-09-08 15:55:00,3623.92,3626.15,3623.58,3624.2,407.0
2025-09-08 16:00:00,3624.36,3629.35,3624.01,3625.93,449.0
2025-09-08 16:05:00,3625.83,3629.31,3623.23,3628.65,435.0
2025-09-08 16:10:00,3628.7,3632.07,3627.42,3630.71,433.0
2025-09-08 16:15:00,3630.74,3631.12,3625.22,3626.03,440.0
2025-09-08 16:20:00,3625.99,3627.15,3624.18,3625.83,420.0
2025-09-08 16:25:00,3625.5,3626.76,3624.27,3624.49,419.0
2025-09-08 16:30:00,3624.41,3626.07,3620.51,3625.57,383.0
2025-09-08 16:35:00,3625.8,3627.01,3622.98,3624.21,441.0
2025-09-08 16:40:00,3624.34,3631.99,3623.66,3631.57,456.0
2025-09-08 16:45:00,3631.79,3634.59,3630.89,3633.69,455.0
2025-09-08 16:50:00,3633.57,3636.93,3633.1,3633.42,375.0
2025-09-08 16:55:00,3633.56,3635.14,3628.7,3633.51,462.0
2025-09-08 17:00:00,3633.52,3635.94,3631.82,3634.61,445.0
2025-09-08 17:05:00,3634.63,3637.35,3633.68,3637.16,439.0
2025-09-08 17:10:00,3637.08,3637.67,3634.17,3635.01,444.0
2025-09-08 17:15:00,3634.61,3636.47,3631.99,3632.64,443.0
2025-09-08 17:20:00,3632.68,3633.01,3629.37,3631.02,425.0
2025-09-08 17:25:00,3630.7,3633.17,3629.49,3630.21,422.0
2025-09-08 17:30:00,3630.31,3631.99,3628.99,3631.16,410.0
2025-09-08 17:35:00,3631.21,3635.07,3630.83,3634.63,399.0
2025-09-08 17:40:00,3634.64,3636.69,3634.54,3636.0,416.0
2025-09-08 17:45:00,3636.03,3638.55,3635.79,3637.18,424.0
2025-09-08 17:50:00,3637.39,3639.22,3635.66,3639.05,417.0
2025-09-08 17:55:00,3639.07,3640.91,3638.5,3640.66,441.0
2025-09-08 18:00:00,3640.75,3644.44,3640.4,3644.31,455.0
2025-09-08 18:05:00,3644.42,3644.74,3640.73,3643.98,437.0
2025-09-08 18:10:00,3643.99,3646.35,3643.65,3645.38,425.0
2025-09-08 18:15:00,3645.47,3645.85,3642.44,3642.6,406.0
2025-09-08 18:20:00,3642.44,3643.8,3640.99,3641.97,404.0
2025-09-08 18:25:00,3641.9,3642.05,3636.49,3636.5,424.0
2025-09-08 18:30:00,3636.58,3637.88,3634.24,3636.88,434.0
2025-09-08 18:35:00,3636.69,3636.69,3633.27,3634.64,399.0
2025-09-08 18:40:00,3634.55,3636.29,3634.41,3636.1,387.0
2025-09-08 18:45:00,3636.06,3639.84,3635.95,3639.81,407.0
2025-09-08 18:50:00,3639.98,3640.4,3638.8,3639.74,374.0
2025-09-08 18:55:00,3639.75,3639.77,3638.69,3639.32,335.0
2025-09-08 19:00:00,3639.3,3639.94,3635.87,3637.92,373.0
2025-09-08 19:05:00,3637.95,3639.77,3637.43,3639.27,351.0
2025-09-08 19:10:00,3639.39,3640.86,3638.19,3639.87,344.0
2025-09-08 19:15:00,3639.69,3640.89,3639.11,3640.14,348.0
2025-09-08 19:20:00,3640.17,3641.3,3638.26,3640.25,356.0
2025-09-08 19:25:00,3640.24,3641.74,3640.11,3641.18,352.0
2025-09-08 19:30:00,3641.22,3641.54,3639.82,3639.97,338.0
2025-09-08 19:35:00,3640.0,3640.4,3636.77,3637.21,369.0
2025-09-08 19:40:00,3637.25,3639.67,3636.66,3639.32,367.0
2025-09-08 19:45:00,3639.48,3640.56,3638.8,3639.08,328.0
2025-09-08 19:50:00,3639.07,3640.77,3638.98,3640.32,336.0
2025-09-08 19:55:00,3640.38,3640.79,3639.33,3640.59,318.0
2025-09-08 20:00:00,3640.58,3641.1,3636.45,3636.74,370.0
2025-09-08 20:05:00,3636.75,3637.16,3633.92,3635.72,406.0
2025-09-08 20:10:00,3635.58,3635.89,3633.84,3634.72,332.0
2025-09-08 20:15:00,3634.72,3636.19,3634.72,3635.77,298.0
2025-09-08 20:20:00,3635.47,3636.89,3634.91,3635.35,335.0
2025-09-08 20:25:00,3635.28,3636.5,3635.14,3636.36,327.0
2025-09-08 20:30:00,3636.41,3637.1,3634.94,3636.46,330.0
2025-09-08 20:35:00,3636.6,3636.92,3636.1,3636.8,293.0
2025-09-08 20:40:00,3636.81,3636.81,3634.0,3634.62,312.0
2025-09-08 20:45:00,3634.63,3635.04,3633.79,3634.73,293.0
2025-09-08 20:50:00,3634.74,3635.5,3634.01,3634.56,318.0
2025-09-08 20:55:00,3634.51,3634.58,3632.51,3633.37,334.0
2025-09-08 21:00:00,3633.39,3633.57,3632.26,3632.83,320.0
2025-09-08 21:05:00,3632.87,3634.61,3631.77,3634.55,354.0
2025-09-08 21:10:00,3634.51,3635.49,3633.89,3634.06,291.0
2025-09-08 21:15:00,3634.08,3634.43,3632.97,3634.41,271.0
2025-09-08 21:20:00,3634.36,3634.51,3633.29,3633.68,268.0
2025-09-08 21:25:00,3633.64,3634.39,3633.13,3633.57,267.0
2025-09-08 21:30:00,3633.58,3633.72,3632.71,3633.54,287.0
2025-09-08 21:35:00,3633.56,3635.19,3633.06,3634.15,307.0
2025-09-08 21:40:00,3634.06,3634.81,3633.12,3634.78,321.0
2025-09-08 21:45:00,3634.79,3635.59,3634.27,3634.94,328.0
2025-09-08 21:50:00,3634.95,3636.18,3634.9,3635.59,333.0
2025-09-08 21:55:00,3635.6,3636.59,3635.3,3636.03,329.0
2025-09-08 22:00:00,3636.04,3636.81,3635.44,3635.51,331.0
2025-09-08 22:05:00,3635.45,3636.58,3634.96,3635.57,306.0
2025-09-08 22:10:00,3635.53,3635.85,3633.94,3634.33,324.0
2025-09-08 22:15:00,3634.56,3634.6,3632.59,3632.88,353.0
2025-09-08 22:20:00,3632.89,3634.33,3632.89,3633.74,324.0
2025-09-08 22:25:00,3633.73,3634.2,3632.85,3633.39,295.0
2025-09-08 22:30:00,3633.42,3634.09,3632.69,3632.85,322.0
2025-09-08 22:35:00,3632.85,3635.77,3632.73,3635.75,335.0
2025-09-08 22:40:00,3635.73,3636.21,3635.31,3635.74,335.0
2025-09-08 22:45:00,3635.75,3636.14,3634.93,3635.41,314.0
2025-09-08 22:50:00,3635.45,3637.19,3635.39,3636.65,270.0
2025-09-08 22:55:00,3636.53,3637.63,3636.07,3636.5,355.0
2025-09-08 23:00:00,3636.52,3637.83,3636.12,3636.56,248.0
2025-09-08 23:05:00,3636.54,3636.84,3636.09,3636.17,173.0
2025-09-08 23:10:00,3636.17,3636.43,3635.26,3635.86,214.0
2025-09-08 23:15:00,3635.87,3636.14,3635.31,3635.55,136.0
2025-09-08 23:20:00,3635.56,3635.87,3635.18,3635.29,132.0
2025-09-08 23:25:00,3635.29,3635.29,3634.47,3634.9,206.0
2025-09-08 23:30:00,3635.03,3635.9,3634.92,3635.77,208.0
2025-09-08 23:35:00,3635.75,3636.17,3635.48,3636.02,173.0
2025-09-08 23:40:00,3636.08,3637.15,3635.96,3637.03,237.0
2025-09-08 23:45:00,3637.01,3637.25,3636.41,3637.22,202.0
2025-09-08 23:50:00,3637.24,3637.68,3636.73,3636.76,192.0
2025-09-09 01:05:00,3636.12,3636.82,3635.66,3636.46,166.0
2025-09-09 01:10:00,3636.39,3636.39,3633.97,3634.31,226.0
2025-09-09 01:15:00,3634.26,3635.28,3634.15,3634.73,168.0
2025-09-09 01:20:00,3634.74,3635.16,3634.0,3634.18,156.0
2025-09-09 01:25:00,3634.19,3634.43,3630.61,3632.22,270.0
2025-09-09 01:30:00,3632.23,3633.23,3628.86,3629.16,315.0
2025-09-09 01:35:00,3629.3,3630.7,3629.01,3629.81,278.0
2025-09-09 01:40:00,3629.92,3630.55,3629.58,3630.45,154.0
2025-09-09 01:45:00,3630.53,3631.32,3629.91,3630.9,192.0
2025-09-09 01:50:00,3630.9,3630.98,3630.16,3630.45,151.0
2025-09-09 01:55:00,3630.46,3630.48,3629.3,3629.5,153.0
2025-09-09 02:00:00,3629.64,3629.95,3628.89,3629.94,199.0
2025-09-09 02:05:00,3629.81,3631.4,3629.63,3631.4,191.0
2025-09-09 02:10:00,3631.41,3631.89,3630.29,3630.46,249.0
2025-09-09 02:15:00,3630.44,3630.88,3628.19,3628.88,284.0
2025-09-09 02:20:00,3628.9,3630.98,3628.88,3630.8,259.0
2025-09-09 02:25:00,3630.76,3631.16,3629.75,3631.1,230.0
2025-09-09 02:30:00,3631.11,3631.77,3630.49,3631.62,265.0
2025-09-09 02:35:00,3631.65,3631.69,3630.01,3630.17,246.0
2025-09-09 02:40:00,3630.12,3630.83,3629.99,3630.73,180.0
2025-09-09 02:45:00,3630.8,3632.12,3630.71,3632.07,295.0
2025-09-09 02:50:00,3632.03,3635.58,3632.03,3635.19,359.0
2025-09-09 02:55:00,3635.11,3636.19,3634.7,3634.99,282.0
2025-09-09 03:00:00,3635.03,3636.76,3634.04,3634.77,333.0
2025-09-09 03:05:00,3634.82,3635.22,3633.51,3633.79,328.0
2025-09-09 03:10:00,3633.64,3637.22,3633.64,3637.1,344.0
2025-09-09 03:15:00,3637.1,3639.29,3636.42,3638.87,339.0
2025-09-09 03:20:00,3638.72,3640.87,3638.07,3639.82,380.0
2025-09-09 03:25:00,3639.77,3639.77,3636.77,3636.83,347.0
2025-09-09 03:30:00,3636.8,3638.21,3636.66,3637.66,311.0
2025-09-09 03:35:00,3637.73,3639.1,3637.64,3638.44,278.0
2025-09-09 03:40:00,3638.54,3638.72,3637.14,3637.73,268.0
2025-09-09 03:45:00,3637.72,3639.51,3637.52,3639.16,290.0
2025-09-09 03:50:00,3639.2,3640.09,3638.44,3639.78,297.0
2025-09-09 03:55:00,3639.78,3640.13,3637.9,3638.58,306.0
2025-09-09 04:00:00,3638.59,3641.87,3637.59,3640.92,412.0
2025-09-09 04:05:00,3641.04,3641.12,3636.17,3636.58,392.0
2025-09-09 04:10:00,3636.56,3639.76,3636.07,3639.74,359.0
2025-09-09 04:15:00,3639.75,3643.04,3638.12,3643.04,403.0
2025-09-09 04:20:00,3642.99,3645.99,3642.04,3642.04,435.0
2025-09-09 04:25:00,3642.01,3644.51,3640.88,3644.51,383.0
2025-09-09 04:30:00,3644.53,3645.18,3643.2,3643.54,413.0
2025-09-09 04:35:00,3643.55,3646.52,3642.48,3644.81,416.0
2025-09-09 04:40:00,3644.91,3645.62,3643.14,3644.0,374.0
2025-09-09 04:45:00,3643.85,3647.4,3643.66,3646.68,394.0
2025-09-09 04:50:00,3646.66,3647.12,3644.53,3645.51,390.0
2025-09-09 04:55:00,3645.46,3646.83,3644.94,3646.41,388.0
2025-09-09 05:00:00,3646.38,3647.74,3644.6,3645.56,410.0
2025-09-09 05:05:00,3645.57,3653.36,3644.92,3653.36,423.0
2025-09-09 05:10:00,3653.21,3653.28,3650.02,3650.58,416.0
2025-09-09 05:15:00,3651.28,3653.34,3650.65,3652.01,392.0
2025-09-09 05:20:00,3652.16,3653.37,3651.25,3652.91,374.0
2025-09-09 05:25:00,3652.92,3653.9,3652.18,3653.66,342.0
2025-09-09 05:30:00,3653.73,3654.38,3652.15,3652.35,379.0
2025-09-09 05:35:00,3652.28,3654.09,3650.95,3653.39,380.0
2025-09-09 05:40:00,3653.37,3654.29,3651.29,3652.87,331.0
2025-09-09 05:45:00,3652.88,3652.92,3651.06,3651.63,304.0
2025-09-09 05:50:00,3651.58,3651.58,3647.21,3647.41,407.0
2025-09-09 05:55:00,3647.4,3648.45,3647.1,3647.67,366.0
2025-09-09 06:00:00,3647.57,3651.92,3645.99,3650.55,383.0
2025-09-09 06:05:00,3650.23,3650.81,3647.07,3647.13,338.0
2025-09-09 06:10:00,3647.17,3649.49,3643.75,3648.46,405.0
2025-09-09 06:15:00,3648.37,3648.54,3645.78,3647.79,398.0
2025-09-09 06:20:00,3647.77,3648.59,3645.33,3648.0,364.0
2025-09-09 06:25:00,3647.99,3649.12,3647.78,3648.75,319.0
2025-09-09 06:30:00,3648.74,3649.0,3644.63,3646.66,364.0
2025-09-09 06:35:00,3646.7,3646.71,3642.74,3643.41,342.0
2025-09-09 06:40:00,3643.49,3645.37,3643.46,3645.29,304.0
2025-09-09 06:45:00,3645.25,3646.88,3644.99,3646.3,263.0
2025-09-09 06:50:00,3646.3,3646.52,3644.25,3644.91,261.0
2025-09-09 06:55:00,3644.91,3646.05,3644.81,3645.94,242.0
2025-09-09 07:00:00,3645.96,3647.31,3645.75,3647.02,333.0
2025-09-09 07:05:00,3647.08,3648.43,3646.8,3648.25,257.0
2025-09-09 07:10:00,3648.28,3648.85,3647.87,3648.34,285.0
2025-09-09 07:15:00,3648.43,3649.0,3647.72,3648.26,260.0
2025-09-09 07:20:00,3648.36,3651.0,3648.36,3650.5,314.0
2025-09-09 07:25:00,3650.51,3651.77,3650.23,3651.66,312.0
2025-09-09 07:30:00,3651.67,3652.91,3651.24,3652.66,320.0
2025-09-09 07:35:00,3652.63,3653.93,3651.88,3653.47,301.0
2025-09-09 07:40:00,3653.49,3655.38,3653.33,3655.28,307.0
2025-09-09 07:45:00,3655.24,3657.06,3654.78,3655.31,339.0
2025-09-09 07:50:00,3655.35,3655.96,3654.75,3655.79,267.0
2025-09-09 07:55:00,3655.76,3656.28,3654.97,3655.06,284.0
2025-09-09 08:00:00,3654.81,3655.9,3654.5,3655.51,302.0
2025-09-09 08:05:00,3655.58,3656.79,3654.92,3656.53,300.0
2025-09-09 08:10:00,3656.51,3656.51,3654.71,3654.99,281.0
2025-09-09 08:15:00,3655.19,3655.76,3652.97,3652.99,409.0
2025-09-09 08:20:00,3653.08,3656.26,3653.0,3655.73,351.0
2025-09-09 08:25:00,3655.7,3655.7,3654.48,3654.65,281.0
2025-09-09 08:30:00,3654.56,3656.47,3654.56,3655.83,373.0
2025-09-09 08:35:00,3655.79,3657.84,3655.2,3657.84,361.0
2025-09-09 08:40:00,3657.88,3658.58,3656.61,3656.94,365.0
2025-09-09 08:45:00,3656.9,3658.4,3656.38,3657.98,343.0
2025-09-09 08:50:00,3658.07,3659.22,3655.99,3658.03,372.0
2025-09-09 08:55:00,3658.1,3658.25,3654.78,3655.29,390.0
2025-09-09 09:00:00,3655.46,3656.41,3650.63,3650.78,398.0
2025-09-09 09:05:00,3650.73,3650.73,3638.37,3640.48,482.0
2025-09-09 09:10:00,3639.49,3644.41,3638.36,3643.07,432.0
2025-09-09 09:15:00,3643.2,3646.29,3641.25,3642.4,419.0
2025-09-09 09:20:00,3642.51,3642.86,3638.24,3640.4,431.0
2025-09-09 09:25:00,3640.49,3641.04,3636.65,3638.53,416.0
2025-09-09 09:30:00,3638.65,3641.28,3637.64,3641.09,393.0
2025-09-09 09:35:00,3640.79,3645.38,3640.34,3645.3,388.0
2025-09-09 09:40:00,3645.23,3649.73,3645.16,3649.67,427.0
2025-09-09 09:45:00,3649.5,3649.72,3644.44,3646.01,418.0
2025-09-09 09:50:00,3645.96,3647.76,3645.96,3646.44,349.0
2025-09-09 09:55:00,3646.54,3648.04,3646.21,3647.48,321.0
2025-09-09 10:00:00,3648.08,3648.08,3646.88,3647.37,372.0
2025-09-09 10:05:00,3647.63,3648.4,3645.2,3646.84,388.0
2025-09-09 10:10:00,3646.79,3647.77,3646.2,3646.99,317.0
2025-09-09 10:15:00,3647.07,3647.09,3643.94,3646.45,350.0
2025-09-09 10:20:00,3646.46,3648.84,3645.12,3648.44,338.0
2025-09-09 10:25:00,3648.45,3650.85,3648.3,3650.7,362.0
2025-09-09 10:30:00,3650.62,3650.62,3647.8,3649.42,342.0
2025-09-09 10:35:00,3649.89,3650.54,3647.03,3647.85,374.0
2025-09-09 10:40:00,3647.91,3648.08,3645.13,3645.26,378.0
2025-09-09 10:45:00,3645.2,3645.51,3643.41,3644.55,378.0
2025-09-09 10:50:00,3644.63,3645.49,3642.91,3643.36,359.0
2025-09-09 10:55:00,3643.64,3644.77,3641.61,3644.32,390.0
2025-09-09 11:00:00,3643.86,3645.99,3643.34,3644.71,352.0
2025-09-09 11:05:00,3644.74,3646.11,3643.82,3644.4,390.0
2025-09-09 11:10:00,3644.39,3644.5,3642.06,3642.87,357.0
2025-09-09 11:15:00,3642.91,3645.86,3642.36,3643.76,411.0
2025-09-09 11:20:00,3643.6,3645.8,3642.56,3645.22,397.0
2025-09-09 11:25:00,3645.1,3646.7,3643.83,3645.51,395.0
2025-09-09 11:30:00,3645.46,3646.65,3643.72,3646.39,405.0
2025-09-09 11:35:00,3646.34,3647.39,3645.76,3647.15,357.0
2025-09-09 11:40:00,3647.18,3650.64,3646.69,3650.34,377.0
2025-09-09 11:45:00,3650.31,3650.99,3647.35,3648.58,385.0
2025-09-09 11:50:00,3648.71,3649.63,3646.72,3647.33,341.0
2025-09-09 11:55:00,3647.3,3648.93,3646.31,3648.18,287.0
2025-09-09 12:00:00,3648.2,3650.93,3648.2,3648.84,344.0
2025-09-09 12:05:00,3648.85,3650.94,3647.72,3650.27,329.0
2025-09-09 12:10:00,3650.26,3655.46,3650.26,3655.44,413.0
2025-09-09 12:15:00,3655.16,3656.6,3654.44,3655.39,389.0
2025-09-09 12:20:00,3655.4,3656.11,3654.28,3655.68,344.0
2025-09-09 12:25:00,3655.43,3655.43,3653.37,3653.69,305.0
2025-09-09 12:30:00,3653.75,3654.82,3653.28,3653.95,302.0
2025-09-09 12:35:00,3653.91,3654.74,3651.62,3654.01,296.0
2025-09-09 12:40:00,3653.98,3654.27,3652.91,3654.09,278.0
2025-09-09 12:45:00,3654.16,3654.69,3652.47,3652.68,325.0
2025-09-09 12:50:00,3652.69,3653.71,3652.36,3653.71,278.0
2025-09-09 12:55:00,3653.7,3654.45,3653.11,3653.65,294.0
2025-09-09 13:00:00,3653.77,3656.04,3653.36,3654.56,378.0
2025-09-09 13:05:00,3654.49,3654.7,3652.2,3652.63,305.0
2025-09-09 13:10:00,3652.65,3653.95,3652.24,3653.7,295.0
2025-09-09 13:15:00,3653.74,3654.13,3652.81,3652.97,316.0
2025-09-09 13:20:00,3652.95,3654.26,3652.76,3653.44,284.0
2025-09-09 13:25:00,3653.37,3653.79,3652.86,3653.16,249.0
2025-09-09 13:30:00,3653.16,3653.59,3651.88,3651.98,323.0
2025-09-09 13:35:00,3651.99,3653.25,3650.82,3650.84,322.0
2025-09-09 13:40:00,3650.85,3652.26,3649.56,3650.39,341.0
2025-09-09 13:45:00,3650.44,3651.06,3649.13,3649.32,343.0
2025-09-09 13:50:00,3649.24,3652.32,3648.89,3651.19,341.0
2025-09-09 13:55:00,3651.3,3652.62,3650.77,3651.82,273.0
2025-09-09 14:00:00,3651.88,3653.95,3651.66,3652.91,307.0
2025-09-09 14:05:00,3652.87,3653.93,3652.66,3652.7,265.0
2025-09-09 14:10:00,3652.64,3653.98,3652.63,3652.86,298.0
2025-09-09 14:15:00,3652.87,3653.83,3652.87,3653.57,270.0
2025-09-09 14:20:00,3653.67,3654.18,3651.72,3652.06,318.0
2025-09-09 14:25:00,3651.94,3652.78,3651.4,3652.75,284.0
2025-09-09 14:30:00,3652.81,3653.47,3651.33,3652.23,293.0
2025-09-09 14:35:00,3652.21,3654.11,3651.98,3653.26,298.0
2025-09-09 14:40:00,3653.28,3653.82,3652.56,3653.08,297.0
2025-09-09 14:45:00,3653.12,3653.12,3650.27,3650.53,341.0
2025-09-09 14:50:00,3650.66,3651.37,3649.51,3650.58,354.0
2025-09-09 14:55:00,3650.59,3650.73,3646.99,3648.04,347.0
2025-09-09 15:00:00,3648.09,3651.01,3647.29,3650.97,388.0
2025-09-09 15:05:00,3650.9,3654.21,3650.29,3653.22,409.0
2025-09-09 15:10:00,3653.27,3655.29,3652.51,3654.44,409.0
2025-09-09 15:15:00,3654.35,3654.36,3651.43,3652.32,383.0
2025-09-09 15:20:00,3652.59,3653.76,3649.2,3649.58,415.0
2025-09-09 15:25:00,3649.88,3650.28,3648.17,3649.38,415.0
2025-09-09 15:30:00,3649.24,3649.65,3647.2,3648.71,420.0
2025-09-09 15:35:00,3648.7,3649.62,3645.44,3645.68,437.0
2025-09-09 15:40:00,3645.7,3647.76,3643.9,3646.56,435.0
2025-09-09 15:45:00,3646.57,3647.14,3644.52,3645.74,401.0
2025-09-09 15:50:00,3645.65,3648.32,3645.31,3647.59,390.0
2025-09-09 15:55:00,3647.55,3648.93,3647.48,3647.48,366.0
2025-09-09 16:00:00,3647.53,3653.11,3646.41,3652.98,452.0
2025-09-09 16:05:00,3652.88,3652.88,3648.35,3650.36,450.0
2025-09-09 16:10:00,3650.44,3654.82,3649.68,3652.79,431.0
2025-09-09 16:15:00,3653.07,3655.03,3652.21,3653.81,406.0
2025-09-09 16:20:00,3653.79,3656.36,3653.67,3656.36,407.0
2025-09-09 16:25:00,3656.59,3661.74,3656.59,3660.52,464.0
2025-09-09 16:30:00,3660.6,3663.7,3658.13,3663.63,449.0
2025-09-09 16:35:00,3663.86,3667.54,3663.31,3664.54,452.0
2025-09-09 16:40:00,3664.64,3665.54,3661.1,3663.64,445.0
2025-09-09 16:45:00,3663.16,3667.46,3661.55,3666.75,442.0
2025-09-09 16:50:00,3666.79,3667.41,3664.5,3664.75,430.0
2025-09-09 16:55:00,3664.77,3668.23,3664.34,3666.14,435.0
2025-09-09 17:00:00,3666.03,3674.12,3655.02,3660.06,510.0
2025-09-09 17:05:00,3659.97,3663.23,3642.41,3648.37,497.0
2025-09-09 17:10:00,3648.52,3651.97,3645.36,3651.4,472.0
2025-09-09 17:15:00,3651.26,3657.22,3649.7,3649.7,487.0
2025-09-09 17:20:00,3648.69,3653.6,3646.16,3652.81,472.0
2025-09-09 17:25:00,3653.02,3653.54,3649.99,3653.25,440.0
2025-09-09 17:30:00,3653.28,3654.2,3641.29,3641.91,480.0
2025-09-09 17:35:00,3641.94,3642.22,3636.28,3641.69,481.0
2025-09-09 17:40:00,3641.64,3647.09,3641.33,3646.54,446.0
2025-09-09 17:45:00,3646.5,3649.16,3643.13,3644.97,448.0
2025-09-09 17:50:00,3644.82,3647.39,3643.41,3645.37,439.0
2025-09-09 17:55:00,3645.51,3647.18,3644.14,3645.05,412.0
2025-09-09 18:00:00,3645.33,3646.34,3640.81,3641.39,440.0
2025-09-09 18:05:00,3641.25,3643.31,3639.88,3642.07,435.0
2025-09-09 18:10:00,3641.83,3642.14,3635.26,3635.32,433.0
2025-09-09 18:15:00,3635.2,3636.19,3626.91,3632.92,486.0
2025-09-09 18:20:00,3632.7,3639.87,3632.52,3639.36,459.0
2025-09-09 18:25:00,3639.52,3641.39,3638.61,3640.3,436.0
2025-09-09 18:30:00,3640.17,3641.65,3638.45,3638.6,401.0
2025-09-09 18:35:00,3638.62,3640.47,3636.26,3638.65,414.0
2025-09-09 18:40:00,3638.55,3643.78,3638.44,3643.26,410.0
2025-09-09 18:45:00,3643.24,3644.89,3641.98,3644.79,398.0
2025-09-09 18:50:00,3644.7,3644.9,3642.84,3643.55,382.0
2025-09-09 18:55:00,3643.29,3645.86,3641.65,3645.44,382.0
2025-09-09 19:00:00,3645.38,3647.1,3644.13,3645.12,418.0
2025-09-09 19:05:00,3645.12,3648.53,3644.16,3648.48,382.0
2025-09-09 19:10:00,3648.38,3649.35,3647.82,3649.0,361.0
2025-09-09 19:15:00,3648.93,3649.29,3646.16,3646.44,357.0
2025-09-09 19:20:00,3646.44,3646.67,3644.33,3646.67,378.0
2025-09-09 19:25:00,3646.59,3646.68,3645.43,3645.97,334.0
2025-09-09 19:30:00,3646.08,3647.95,3645.58,3647.52,355.0
2025-09-09 19:35:00,3647.5,3647.78,3645.56,3646.41,322.0
2025-09-09 19:40:00,3646.4,3647.57,3645.34,3645.35,322.0
2025-09-09 19:45:00,3645.29,3647.22,3644.57,3647.22,320.0
2025-09-09 19:50:00,3647.39,3647.39,3646.23,3646.77,307.0
2025-09-09 19:55:00,3646.69,3647.35,3644.79,3644.96,290.0
2025-09-09 20:00:00,3644.94,3646.43,3644.88,3645.27,311.0
2025-09-09 20:05:00,3645.43,3645.44,3642.98,3645.44,341.0
2025-09-09 20:10:00,3645.41,3646.11,3643.65,3644.09,345.0
2025-09-09 20:15:00,3644.08,3644.56,3643.14,3644.01,315.0
2025-09-09 20:20:00,3644.05,3646.01,3644.05,3645.68,299.0
2025-09-09 20:25:00,3645.64,3645.87,3642.96,3643.38,343.0
2025-09-09 20:30:00,3643.67,3645.26,3643.43,3643.74,323.0
2025-09-09 20:35:00,3643.39,3643.74,3642.19,3642.64,336.0
2025-09-09 20:40:00,3642.59,3643.25,3641.37,3642.1,348.0
2025-09-09 20:45:00,3642.08,3643.33,3641.33,3642.74,303.0
2025-09-09 20:50:00,3642.72,3644.24,3642.26,3643.56,322.0
2025-09-09 20:55:00,3643.57,3643.65,3642.31,3642.77,301.0
2025-09-09 21:00:00,3642.78,3643.21,3642.15,3643.17,309.0
2025-09-09 21:05:00,3643.11,3643.95,3642.65,3643.74,287.0
2025-09-09 21:10:00,3643.88,3644.5,3642.94,3644.11,294.0
2025-09-09 21:15:00,3644.07,3644.65,3643.87,3644.26,318.0
2025-09-09 21:20:00,3644.31,3644.56,3643.16,3643.23,287.0
2025-09-09 21:25:00,3643.24,3644.04,3642.64,3643.82,335.0
2025-09-09 21:30:00,3643.89,3645.06,3642.6,3642.94,285.0
2025-09-09 21:35:00,3642.81,3643.47,3642.04,3642.26,272.0
2025-09-09 21:40:00,3642.22,3643.25,3640.8,3640.8,306.0
2025-09-09 21:45:00,3640.93,3641.53,3639.73,3639.97,300.0
2025-09-09 21:50:00,3640.08,3640.74,3639.91,3640.32,286.0
2025-09-09 21:55:00,3640.32,3640.9,3640.02,3640.41,298.0
2025-09-09 22:00:00,3640.45,3641.29,3639.93,3641.12,302.0
2025-09-09 22:05:00,3641.13,3641.13,3639.79,3640.28,298.0
2025-09-09 22:10:00,3640.26,3640.28,3635.33,3635.66,351.0
2025-09-09 22:15:00,3635.66,3636.22,3634.86,3635.56,362.0
2025-09-09 22:20:00,3635.56,3636.41,3634.88,3635.75,315.0
2025-09-09 22:25:00,3635.58,3636.03,3635.35,3635.49,291.0
2025-09-09 22:30:00,3635.59,3636.17,3634.62,3635.9,350.0
2025-09-09 22:35:00,3635.93,3635.94,3633.63,3633.8,314.0
2025-09-09 22:40:00,3633.85,3634.13,3631.14,3632.93,380.0
2025-09-09 22:45:00,3633.01,3633.01,3629.08,3629.6,401.0
2025-09-09 22:50:00,3630.43,3632.29,3629.34,3632.08,387.0
2025-09-09 22:55:00,3632.2,3632.2,3628.41,3629.29,394.0
2025-09-09 23:00:00,3629.57,3630.66,3629.42,3630.22,280.0
2025-09-09 23:05:00,3630.17,3632.79,3630.17,3631.66,277.0
2025-09-09 23:10:00,3631.67,3631.67,3630.28,3630.6,205.0
2025-09-09 23:15:00,3630.6,3631.65,3630.33,3631.08,229.0
2025-09-09 23:20:00,3631.17,3631.53,3630.72,3631.42,214.0
2025-09-09 23:25:00,3631.42,3632.37,3631.2,3632.22,244.0
2025-09-09 23:30:00,3632.25,3632.25,3631.04,3631.46,180.0
2025-09-09 23:35:00,3631.5,3631.5,3628.39,3628.56,237.0
2025-09-09 23:40:00,3628.34,3629.27,3628.19,3628.54,228.0
2025-09-09 23:45:00,3628.53,3629.49,3626.66,3629.43,313.0
2025-09-09 23:50:00,3629.43,3629.97,3627.64,3627.66,209.0
2025-09-09 23:55:00,3627.23,3627.23,3626.05,3626.23,123.0
2025-09-10 01:00:00,3623.32,3627.86,3622.17,3627.5,723.0
2025-09-10 01:05:00,3627.5,3629.88,3626.67,3629.66,356.0
2025-09-10 01:10:00,3629.66,3630.29,3627.89,3630.05,269.0
2025-09-10 01:15:00,3630.06,3630.22,3625.7,3625.79,329.0
2025-09-10 01:20:00,3625.73,3627.29,3625.43,3625.77,256.0
2025-09-10 01:25:00,3625.84,3626.67,3623.24,3624.09,241.0
2025-09-10 01:30:00,3624.23,3627.48,3624.23,3627.07,300.0
2025-09-10 01:35:00,3627.09,3628.42,3626.48,3627.92,263.0
2025-09-10 01:40:00,3627.76,3631.71,3627.74,3631.57,326.0
2025-09-10 01:45:00,3631.51,3632.24,3630.91,3632.07,321.0
2025-09-10 01:50:00,3632.09,3635.18,3631.99,3635.14,313.0
2025-09-10 01:55:00,3635.21,3635.89,3634.03,3635.52,303.0
2025-09-10 02:00:00,3635.49,3637.92,3635.11,3636.0,307.0
2025-09-10 02:05:00,3635.41,3636.98,3634.66,3635.25,316.0
2025-09-10 02:10:00,3635.23,3639.75,3635.08,3639.07,305.0
2025-09-10 02:15:00,3639.04,3639.4,3637.79,3638.43,249.0
2025-09-10 02:20:00,3638.38,3640.77,3638.38,3640.13,288.0
2025-09-10 02:25:00,3640.14,3640.16,3637.21,3637.98,276.0
2025-09-10 02:30:00,3638.14,3639.44,3637.41,3637.55,282.0
2025-09-10 02:35:00,3637.49,3637.5,3635.63,3636.39,290.0
2025-09-10 02:40:00,3636.45,3637.69,3635.37,3636.89,290.0
2025-09-10 02:45:00,3636.91,3637.19,3636.11,3636.51,190.0
2025-09-10 02:50:00,3636.54,3636.54,3633.99,3634.33,269.0
2025-09-10 02:55:00,3634.48,3634.92,3633.34,3633.54,234.0
2025-09-10 03:00:00,3633.58,3634.4,3631.32,3631.32,332.0
2025-09-10 03:05:00,3631.4,3632.69,3629.23,3632.07,374.0
2025-09-10 03:10:00,3632.1,3633.62,3629.35,3630.56,375.0
2025-09-10 03:15:00,3630.36,3631.01,3628.76,3629.69,324.0
2025-09-10 03:20:00,3629.81,3630.52,3628.06,3628.2,276.0
2025-09-10 03:25:00,3628.17,3628.41,3626.46,3627.41,310.0
2025-09-10 03:30:00,3627.41,3630.72,3627.25,3628.85,397.0
2025-09-10 03:35:00,3628.95,3629.57,3625.58,3625.86,344.0
2025-09-10 03:40:00,3625.84,3627.12,3624.5,3626.16,333.0
2025-09-10 03:45:00,3626.19,3627.31,3623.14,3623.42,363.0
2025-09-10 03:50:00,3623.24,3624.6,3621.46,3621.78,389.0
2025-09-10 03:55:00,3622.24,3624.3,3621.44,3623.93,376.0
2025-09-10 04:00:00,3623.93,3628.42,3622.46,3624.79,444.0
2025-09-10 04:05:00,3624.77,3625.92,3622.15,3625.92,423.0
2025-09-10 04:10:00,3625.95,3628.98,3625.74,3626.65,422.0
2025-09-10 04:15:00,3626.97,3627.4,3623.82,3624.84,383.0
2025-09-10 04:20:00,3624.74,3624.9,3621.7,3624.58,398.0
2025-09-10 04:25:00,3624.48,3626.06,3620.29,3621.11,370.0
2025-09-10 04:30:00,3621.04,3627.8,3620.89,3627.08,381.0
2025-09-10 04:35:00,3627.13,3629.25,3626.3,3628.48,403.0
2025-09-10 04:40:00,3628.46,3629.57,3627.09,3627.72,370.0
2025-09-10 04:45:00,3627.79,3628.96,3626.0,3628.68,348.0
2025-09-10 04:50:00,3628.66,3632.51,3628.56,3631.61,397.0
2025-09-10 04:55:00,3631.67,3632.56,3629.93,3630.75,371.0
2025-09-10 05:00:00,3630.8,3631.82,3630.15,3631.54,324.0
2025-09-10 05:05:00,3631.52,3634.81,3631.52,3633.38,368.0
2025-09-10 05:10:00,3633.36,3635.34,3632.96,3633.98,374.0
2025-09-10 05:15:00,3633.99,3634.55,3632.84,3633.32,329.0
2025-09-10 05:20:00,3633.38,3634.93,3632.78,3634.37,299.0
2025-09-10 05:25:00,3634.36,3635.41,3633.15,3633.2,283.0
2025-09-10 05:30:00,3633.39,3634.1,3631.47,3631.72,386.0
2025-09-10 05:35:00,3631.71,3635.19,3631.71,3634.07,331.0
2025-09-10 05:40:00,3634.01,3636.24,3633.81,3635.9,335.0
2025-09-10 05:45:00,3635.87,3637.08,3635.28,3636.73,320.0
2025-09-10 05:50:00,3636.6,3638.29,3636.47,3636.77,359.0
2025-09-10 05:55:00,3636.73,3637.29,3635.36,3636.3,301.0
2025-09-10 06:00:00,3636.08,3636.78,3635.43,3636.34,298.0
2025-09-10 06:05:00,3636.39,3637.02,3633.86,3634.0,333.0
2025-09-10 06:10:00,3634.01,3634.49,3633.21,3634.21,302.0
2025-09-10 06:15:00,3634.22,3635.79,3633.69,3635.37,306.0
2025-09-10 06:20:00,3635.33,3635.4,3633.79,3634.7,279.0
2025-09-10 06:25:00,3634.72,3635.42,3634.4,3634.53,246.0
2025-09-10 06:30:00,3634.49,3634.92,3633.84,3634.6,274.0
2025-09-10 06:35:00,3634.52,3636.23,3634.16,3635.88,218.0
2025-09-10 06:40:00,3635.94,3635.97,3634.26,3635.97,287.0
2025-09-10 06:45:00,3635.95,3636.0,3635.16,3635.52,232.0
2025-09-10 06:50:00,3635.53,3636.25,3634.67,3636.22,251.0
2025-09-10 06:55:00,3636.24,3636.92,3635.9,3636.33,237.0
2025-09-10 07:00:00,3636.52,3639.1,3636.52,3638.92,294.0
2025-09-10 07:05:00,3638.94,3641.09,3638.92,3640.81,342.0
2025-09-10 07:10:00,3640.67,3641.41,3640.57,3641.18,262.0
2025-09-10 07:15:00,3641.17,3641.31,3640.49,3640.8,281.0
2025-09-10 07:20:00,3640.81,3641.13,3640.61,3640.84,223.0
2025-09-10 07:25:00,3640.85,3642.84,3640.85,3641.17,292.0
2025-09-10 07:30:00,3641.17,3642.19,3640.64,3641.9,299.0
2025-09-10 07:35:00,3641.88,3642.73,3641.22,3641.34,229.0
2025-09-10 07:40:00,3641.3,3642.43,3640.23,3642.23,276.0
2025-09-10 07:45:00,3642.08,3642.68,3641.29,3642.68,232.0
2025-09-10 07:50:00,3642.73,3643.26,3642.48,3643.18,255.0
2025-09-10 07:55:00,3643.18,3643.19,3642.54,3643.0,228.0
2025-09-10 08:00:00,3642.98,3644.62,3642.94,3643.53,299.0
2025-09-10 08:05:00,3643.53,3644.16,3643.27,3644.1,250.0
2025-09-10 08:10:00,3644.06,3644.19,3642.63,3643.03,242.0
2025-09-10 08:15:00,3643.04,3643.05,3641.8,3642.25,253.0
2025-09-10 08:20:00,3642.26,3644.18,3642.2,3643.98,268.0
2025-09-10 08:25:00,3643.98,3644.77,3643.54,3644.19,313.0
2025-09-10 08:30:00,3644.22,3645.37,3642.62,3642.62,373.0
2025-09-10 08:35:00,3642.58,3642.58,3639.98,3641.38,322.0
2025-09-10 08:40:00,3641.33,3642.45,3641.33,3641.98,281.0
2025-09-10 08:45:00,3641.99,3642.32,3640.55,3642.32,295.0
2025-09-10 08:50:00,3642.36,3643.21,3641.22,3641.73,314.0
2025-09-10 08:55:00,3641.85,3644.38,3641.79,3642.95,347.0
2025-09-10 09:00:00,3642.96,3643.1,3640.86,3641.31,339.0
2025-09-10 09:05:00,3641.34,3644.59,3641.16,3644.14,338.0
2025-09-10 09:10:00,3644.18,3646.56,3643.31,3646.25,358.0
2025-09-10 09:15:00,3646.27,3647.47,3645.78,3646.86,335.0
2025-09-10 09:20:00,3646.83,3647.53,3645.57,3645.93,354.0
2025-09-10 09:25:00,3645.85,3645.95,3643.52,3643.89,334.0
2025-09-10 09:30:00,3643.86,3644.45,3641.85,3642.0,362.0
2025-09-10 09:35:00,3642.05,3642.97,3641.47,3642.44,349.0
2025-09-10 09:40:00,3642.43,3646.88,3640.78,3644.85,338.0
2025-09-10 09:45:00,3644.91,3645.94,3642.9,3645.23,340.0
2025-09-10 09:50:00,3645.49,3646.24,3644.53,3645.32,317.0
2025-09-10 09:55:00,3645.37,3645.7,3642.8,3643.58,343.0
2025-09-10 10:00:00,3643.72,3646.6,3641.22,3646.6,417.0
2025-09-10 10:05:00,3646.69,3647.64,3645.26,3645.64,376.0
2025-09-10 10:10:00,3645.71,3647.48,3645.21,3647.02,361.0
2025-09-10 10:15:00,3647.04,3647.64,3646.04,3646.47,315.0
2025-09-10 10:20:00,3646.39,3646.97,3645.19,3645.64,292.0
2025-09-10 10:25:00,3645.82,3646.4,3643.61,3643.61,347.0
2025-09-10 10:30:00,3643.58,3644.85,3642.54,3643.21,352.0
2025-09-10 10:35:00,3643.28,3645.79,3642.58,3645.17,297.0
2025-09-10 10:40:00,3645.15,3646.64,3644.77,3644.96,265.0
2025-09-10 10:45:00,3645.0,3648.37,3644.57,3646.6,353.0
2025-09-10 10:50:00,3646.63,3647.44,3645.41,3645.73,297.0
2025-09-10 10:55:00,3645.83,3646.21,3644.07,3644.16,291.0
2025-09-10 11:00:00,3644.36,3644.67,3642.99,3642.99,361.0
2025-09-10 11:05:00,3642.98,3645.36,3642.73,3645.25,306.0
2025-09-10 11:10:00,3645.35,3646.64,3644.31,3644.77,309.0
2025-09-10 11:15:00,3644.93,3646.12,3643.96,3644.42,298.0
2025-09-10 11:20:00,3644.45,3644.55,3643.05,3643.05,301.0
2025-09-10 11:25:00,3642.96,3645.25,3642.27,3644.79,342.0
2025-09-10 11:30:00,3644.87,3645.5,3644.32,3644.58,311.0
2025-09-10 11:35:00,3644.57,3645.46,3643.47,3644.78,304.0
2025-09-10 11:40:00,3644.76,3647.31,3644.52,3645.71,350.0
2025-09-10 11:45:00,3645.63,3646.59,3644.86,3645.89,341.0
2025-09-10 11:50:00,3645.88,3646.35,3645.57,3645.94,269.0
2025-09-10 11:55:00,3645.93,3647.64,3645.8,3645.8,331.0
2025-09-10 12:00:00,3645.85,3646.47,3645.28,3645.88,300.0
2025-09-10 12:05:00,3645.83,3646.26,3645.0,3645.97,265.0
2025-09-10 12:10:00,3645.97,3646.37,3645.07,3646.24,273.0
2025-09-10 12:15:00,3646.2,3646.2,3645.22,3645.86,236.0
2025-09-10 12:20:00,3645.82,3646.4,3645.63,3646.0,226.0
2025-09-10 12:25:00,3646.07,3647.17,3645.77,3646.19,299.0
2025-09-10 12:30:00,3646.14,3647.7,3645.76,3647.55,317.0
2025-09-10 12:35:00,3647.58,3649.58,3647.33,3649.58,323.0
2025-09-10 12:40:00,3649.6,3651.22,3649.34,3651.04,328.0
2025-09-10 12:45:00,3651.09,3654.86,3651.09,3654.38,383.0
2025-09-10 12:50:00,3654.35,3655.99,3653.83,3655.4,353.0
2025-09-10 12:55:00,3655.42,3655.83,3654.28,3655.15,336.0
2025-09-10 13:00:00,3655.06,3655.57,3653.88,3654.15,339.0
2025-09-10 13:05:00,3654.24,3655.35,3653.35,3653.96,349.0
2025-09-10 13:10:00,3654.02,3654.51,3653.12,3653.74,344.0
2025-09-10 13:15:00,3653.74,3654.59,3652.58,3652.7,354.0
2025-09-10 13:20:00,3652.68,3655.78,3651.55,3655.49,310.0
2025-09-10 13:25:00,3655.51,3655.85,3654.0,3654.47,302.0
2025-09-10 13:30:00,3654.46,3655.81,3654.09,3655.53,355.0
2025-09-10 13:35:00,3655.48,3657.31,3655.26,3656.98,336.0
2025-09-10 13:40:00,3656.97,3656.97,3654.56,3654.67,279.0
2025-09-10 13:45:00,3654.86,3656.49,3654.55,3656.38,313.0
2025-09-10 13:50:00,3656.37,3657.4,3656.28,3657.0,300.0
2025-09-10 13:55:00,3657.05,3657.13,3655.14,3655.14,268.0
2025-09-10 14:00:00,3655.28,3655.28,3650.35,3651.08,371.0
2025-09-10 14:05:00,3651.06,3654.78,3650.95,3654.48,364.0
2025-09-10 14:10:00,3654.44,3655.42,3653.46,3654.53,342.0
2025-09-10 14:15:00,3654.55,3656.16,3654.49,3655.69,328.0
2025-09-10 14:20:00,3655.75,3656.25,3655.16,3656.24,332.0
2025-09-10 14:25:00,3656.22,3656.23,3654.68,3654.79,289.0
2025-09-10 14:30:00,3654.86,3655.13,3652.84,3652.93,344.0
2025-09-10 14:35:00,3652.98,3653.29,3651.18,3651.83,392.0
2025-09-10 14:40:00,3651.88,3651.99,3649.08,3649.08,392.0
2025-09-10 14:45:00,3649.07,3652.26,3648.74,3649.91,397.0
2025-09-10 14:50:00,3649.93,3650.13,3648.94,3649.02,331.0
2025-09-10 14:55:00,3648.92,3649.93,3648.6,3649.28,335.0
2025-09-10 15:00:00,3649.28,3650.01,3648.83,3649.64,368.0
2025-09-10 15:05:00,3649.79,3650.06,3648.86,3649.46,336.0
2025-09-10 15:10:00,3649.3,3649.56,3647.89,3648.26,380.0
2025-09-10 15:15:00,3648.29,3650.13,3647.18,3649.86,344.0
2025-09-10 15:20:00,3649.66,3650.32,3648.24,3648.73,370.0
2025-09-10 15:25:00,3648.86,3650.0,3648.23,3648.23,338.0
2025-09-10 15:30:00,3648.11,3657.57,3648.11,3651.99,478.0
2025-09-10 15:35:00,3652.14,3653.69,3642.28,3650.02,471.0
2025-09-10 15:40:00,3650.19,3650.68,3646.21,3650.65,447.0
2025-09-10 15:45:00,3650.99,3651.36,3643.67,3644.72,452.0
2025-09-10 15:50:00,3644.44,3645.26,3640.39,3643.81,447.0
2025-09-10 15:55:00,3644.15,3645.7,3643.11,3644.05,412.0
2025-09-10 16:00:00,3643.93,3647.26,3643.14,3646.53,435.0
2025-09-10 16:05:00,3646.52,3648.21,3642.4,3647.28,438.0
2025-09-10 16:10:00,3647.26,3647.49,3644.2,3646.3,419.0
2025-09-10 16:15:00,3646.01,3649.19,3645.23,3646.94,418.0
2025-09-10 16:20:00,3646.95,3647.87,3646.08,3647.31,395.0
2025-09-10 16:25:00,3647.32,3647.93,3646.2,3646.95,364.0
2025-09-10 16:30:00,3647.02,3652.09,3646.99,3651.46,437.0
2025-09-10 16:35:00,3651.46,3654.03,3648.48,3649.9,444.0
2025-09-10 16:40:00,3649.86,3651.02,3648.89,3650.22,410.0
2025-09-10 16:45:00,3650.06,3650.28,3646.91,3649.97,419.0
2025-09-10 16:50:00,3650.15,3651.21,3648.65,3650.4,414.0
2025-09-10 16:55:00,3650.17,3651.66,3649.57,3651.16,393.0
2025-09-10 17:00:00,3651.26,3652.84,3649.23,3652.84,425.0
2025-09-10 17:05:00,3653.06,3653.6,3651.85,3652.56,420.0
2025-09-10 17:10:00,3652.55,3653.99,3651.19,3653.83,418.0
2025-09-10 17:15:00,3653.88,3655.12,3653.34,3654.87,400.0
2025-09-10 17:20:00,3654.9,3654.91,3651.87,3651.92,382.0
2025-09-10 17:25:00,3651.95,3653.57,3650.9,3652.51,387.0
2025-09-10 17:30:00,3652.52,3655.26,3652.28,3654.86,392.0
2025-09-10 17:35:00,3654.92,3655.26,3654.06,3654.61,348.0
2025-09-10 17:40:00,3654.62,3654.75,3648.67,3648.78,435.0
2025-09-10 17:45:00,3648.7,3649.59,3644.83,3644.83,420.0
2025-09-10 17:50:00,3644.9,3647.09,3643.98,3644.19,413.0
2025-09-10 17:55:00,3644.19,3647.97,3644.17,3647.67,385.0
2025-09-10 18:00:00,3647.64,3648.05,3644.99,3645.09,367.0
2025-09-10 18:05:00,3645.08,3646.52,3643.87,3645.82,375.0
2025-09-10 18:10:00,3645.74,3648.22,3645.65,3647.91,399.0
2025-09-10 18:15:00,3648.12,3648.17,3646.36,3646.92,379.0
2025-09-10 18:20:00,3646.95,3648.56,3639.87,3640.42,414.0
2025-09-10 18:25:00,3640.46,3644.57,3638.43,3644.27,418.0
2025-09-10 18:30:00,3644.35,3646.45,3644.19,3645.89,348.0
2025-09-10 18:35:00,3645.84,3647.74,3645.31,3647.09,356.0
2025-09-10 18:40:00,3647.14,3647.63,3646.13,3647.14,323.0
2025-09-10 18:45:00,3647.15,3648.43,3647.15,3647.66,310.0
2025-09-10 18:50:00,3647.64,3648.24,3647.21,3647.61,290.0
2025-09-10 18:55:00,3647.56,3647.58,3643.92,3644.51,361.0
2025-09-10 19:00:00,3644.48,3646.87,3642.98,3643.58,380.0
2025-09-10 19:05:00,3643.8,3643.89,3641.81,3642.59,336.0
2025-09-10 19:10:00,3642.61,3643.8,3642.13,3643.36,333.0
2025-09-10 19:15:00,3643.3,3644.82,3642.84,3644.57,312.0
2025-09-10 19:20:00,3644.5,3644.57,3641.8,3643.41,342.0
2025-09-10 19:25:00,3643.46,3643.65,3640.61,3640.99,322.0
2025-09-10 19:30:00,3641.16,3641.24,3639.9,3640.34,341.0
2025-09-10 19:35:00,3640.13,3642.02,3640.03,3641.36,313.0
2025-09-10 19:40:00,3641.37,3642.93,3641.37,3641.74,271.0
2025-09-10 19:45:00,3641.76,3642.17,3640.93,3641.93,298.0
2025-09-10 19:50:00,3641.92,3643.72,3641.4,3643.46,325.0
2025-09-10 19:55:00,3643.35,3644.02,3642.81,3642.88,293.0
2025-09-10 20:00:00,3642.91,3643.83,3642.67,3643.45,288.0
2025-09-10 20:05:00,3643.41,3643.78,3642.59,3643.65,279.0
2025-09-10 20:10:00,3643.67,3644.11,3643.0,3643.97,276.0
2025-09-10 20:15:00,3643.99,3644.2,3643.11,3643.21,289.0
2025-09-10 20:20:00,3643.16,3643.23,3641.87,3642.22,267.0
2025-09-10 20:25:00,3642.15,3642.83,3641.63,3642.64,291.0
2025-09-10 20:30:00,3642.44,3645.89,3642.27,3645.42,360.0
2025-09-10 20:35:00,3645.45,3646.99,3645.37,3646.68,327.0
2025-09-10 20:40:00,3646.68,3647.17,3645.65,3645.77,301.0
2025-09-10 20:45:00,3645.72,3646.22,3645.55,3645.62,292.0
2025-09-10 20:50:00,3645.63,3646.39,3645.21,3646.16,313.0
2025-09-10 20:55:00,3646.2,3647.52,3646.2,3647.41,298.0
2025-09-10 21:00:00,3647.4,3647.9,3646.33,3647.77,289.0
2025-09-10 21:05:00,3647.83,3647.87,3647.02,3647.14,259.0
2025-09-10 21:10:00,3647.11,3647.44,3646.74,3647.4,252.0
2025-09-10 21:15:00,3647.35,3648.3,3647.35,3648.19,290.0
2025-09-10 21:20:00,3648.14,3649.64,3648.14,3649.31,322.0
2025-09-10 21:25:00,3649.31,3649.6,3648.57,3648.57,274.0
2025-09-10 21:30:00,3648.55,3648.66,3647.27,3647.57,257.0
2025-09-10 21:35:00,3647.56,3647.73,3644.88,3645.36,280.0
2025-09-10 21:40:00,3645.37,3646.09,3645.23,3645.96,252.0
2025-09-10 21:45:00,3645.95,3646.43,3645.1,3645.97,276.0
2025-09-10 21:50:00,3645.92,3646.0,3644.63,3644.63,229.0
2025-09-10 21:55:00,3644.63,3645.37,3644.56,3645.36,291.0
2025-09-10 22:00:00,3645.33,3646.49,3644.92,3645.09,308.0
2025-09-10 22:05:00,3645.06,3645.3,3644.0,3644.21,315.0
2025-09-10 22:10:00,3644.21,3644.75,3643.82,3643.89,305.0
2025-09-10 22:15:00,3643.86,3644.03,3641.12,3641.42,353.0
2025-09-10 22:20:00,3641.45,3641.45,3639.3,3640.24,340.0
2025-09-10 22:25:00,3640.28,3641.48,3639.1,3639.57,321.0
2025-09-10 22:30:00,3639.54,3639.54,3636.93,3637.4,334.0
2025-09-10 22:35:00,3637.44,3637.54,3634.98,3637.39,368.0
2025-09-10 22:40:00,3637.38,3638.12,3635.88,3637.7,349.0
2025-09-10 22:45:00,3637.73,3640.41,3636.42,3640.41,349.0
2025-09-10 22:50:00,3640.5,3641.19,3639.66,3641.1,368.0
2025-09-10 22:55:00,3641.16,3642.52,3640.63,3641.91,375.0
2025-09-10 23:00:00,3642.21,3642.79,3641.49,3641.86,237.0
2025-09-10 23:05:00,3641.88,3642.16,3640.54,3640.55,222.0
2025-09-10 23:10:00,3640.54,3641.5,3640.37,3641.27,185.0
2025-09-10 23:15:00,3641.24,3641.45,3640.59,3641.13,170.0
2025-09-10 23:20:00,3641.1,3641.33,3640.32,3640.73,140.0
2025-09-10 23:25:00,3640.74,3640.79,3639.51,3639.7,163.0
2025-09-10 23:30:00,3639.72,3640.43,3639.71,3639.94,156.0
2025-09-10 23:35:00,3639.91,3640.13,3638.28,3638.37,176.0
2025-09-10 23:40:00,3638.51,3638.95,3638.05,3638.49,164.0
2025-09-10 23:45:00,3638.49,3639.7,3638.44,3639.2,173.0
2025-09-10 23:50:00,3639.19,3641.28,3638.87,3640.96,180.0
2025-09-10 23:55:00,3640.55,3640.81,3639.79,3640.55,146.0
2025-09-11 01:00:00,3641.94,3644.44,3641.94,3644.24,255.0
2025-09-11 01:05:00,3644.38,3644.38,3642.0,3642.16,173.0
2025-09-11 01:10:00,3642.16,3642.16,3639.96,3640.0,152.0
2025-09-11 01:15:00,3639.96,3640.23,3638.23,3638.6,168.0
2025-09-11 01:20:00,3638.6,3641.45,3638.26,3640.53,223.0
2025-09-11 01:25:00,3640.45,3640.7,3639.35,3639.94,140.0
2025-09-11 01:30:00,3639.93,3641.32,3639.33,3640.52,276.0
2025-09-11 01:35:00,3640.54,3641.53,3640.15,3640.72,204.0
2025-09-11 01:40:00,3640.67,3641.52,3640.61,3640.84,125.0
2025-09-11 01:45:00,3640.86,3640.86,3639.74,3640.53,124.0
2025-09-11 01:50:00,3640.34,3640.71,3639.63,3640.09,155.0
2025-09-11 01:55:00,3640.07,3640.79,3639.82,3639.82,147.0
2025-09-11 02:00:00,3640.02,3640.27,3638.76,3638.82,196.0
2025-09-11 02:05:00,3638.77,3640.94,3638.56,3640.74,177.0
2025-09-11 02:10:00,3640.79,3641.98,3640.79,3641.87,188.0
2025-09-11 02:15:00,3641.84,3642.21,3641.19,3641.92,176.0
2025-09-11 02:20:00,3641.93,3642.4,3641.6,3641.77,217.0
2025-09-11 02:25:00,3641.77,3642.92,3641.0,3642.78,177.0
2025-09-11 02:30:00,3642.78,3643.3,3640.75,3641.0,220.0
2025-09-11 02:35:00,3640.98,3643.97,3640.98,3643.86,214.0
2025-09-11 02:40:00,3643.87,3644.97,3643.86,3644.39,207.0
2025-09-11 02:45:00,3644.39,3645.56,3643.57,3644.25,263.0
2025-09-11 02:50:00,3644.22,3645.49,3644.17,3645.22,229.0
2025-09-11 02:55:00,3645.23,3645.26,3644.63,3645.02,182.0
2025-09-11 03:00:00,3644.89,3646.43,3644.73,3645.87,290.0
2025-09-11 03:05:00,3645.89,3646.15,3644.8,3645.13,299.0
2025-09-11 03:10:00,3645.25,3646.49,3644.6,3646.49,314.0
2025-09-11 03:15:00,3646.49,3647.11,3644.5,3645.46,255.0
2025-09-11 03:20:00,3645.45,3645.56,3644.23,3644.81,247.0
2025-09-11 03:25:00,3644.82,3646.41,3644.82,3645.72,243.0
2025-09-11 03:30:00,3645.71,3646.5,3644.24,3644.24,302.0
2025-09-11 03:35:00,3644.38,3645.61,3643.61,3644.4,299.0
2025-09-11 03:40:00,3644.42,3645.82,3644.16,3645.58,334.0
2025-09-11 03:45:00,3645.55,3645.93,3643.81,3643.85,333.0
2025-09-11 03:50:00,3643.7,3644.36,3642.76,3643.39,281.0
2025-09-11 03:55:00,3643.35,3644.38,3643.03,3643.91,250.0
2025-09-11 04:00:00,3643.92,3645.95,3642.65,3643.52,345.0
2025-09-11 04:05:00,3643.55,3646.35,3643.54,3645.97,294.0
2025-09-11 04:10:00,3645.96,3647.65,3645.82,3646.3,300.0
2025-09-11 04:15:00,3646.28,3646.61,3645.48,3645.61,248.0
2025-09-11 04:20:00,3645.28,3647.21,3644.29,3647.13,312.0
2025-09-11 04:25:00,3647.27,3648.77,3645.75,3648.37,349.0
2025-09-11 04:30:00,3648.32,3649.09,3646.0,3646.51,344.0
2025-09-11 04:35:00,3646.21,3646.32,3643.35,3643.99,363.0
2025-09-11 04:40:00,3643.93,3645.05,3642.64,3643.23,354.0
2025-09-11 04:45:00,3643.19,3643.73,3640.74,3641.31,355.0
2025-09-11 04:50:00,3641.27,3642.71,3641.18,3641.77,294.0
2025-09-11 04:55:00,3641.72,3642.06,3639.75,3641.02,329.0
2025-09-11 05:00:00,3641.05,3642.39,3639.6,3642.39,335.0
2025-09-11 05:05:00,3642.38,3643.26,3641.83,3643.26,279.0
2025-09-11 05:10:00,3643.31,3643.31,3641.48,3642.16,263.0
2025-09-11 05:15:00,3642.09,3642.18,3639.57,3639.57,279.0
2025-09-11 05:20:00,3639.68,3640.42,3638.77,3638.98,290.0
2025-09-11 05:25:00,3639.0,3639.0,3637.4,3638.03,292.0
2025-09-11 05:30:00,3638.13,3638.13,3635.8,3636.73,356.0
2025-09-11 05:35:00,3636.72,3638.22,3636.14,3638.16,292.0
2025-09-11 05:40:00,3638.17,3638.88,3636.09,3636.09,294.0
2025-09-11 05:45:00,3636.13,3638.21,3634.12,3638.14,318.0
2025-09-11 05:50:00,3638.23,3638.9,3637.43,3637.95,293.0
2025-09-11 05:55:00,3637.95,3637.95,3635.2,3637.31,311.0
2025-09-11 06:00:00,3637.4,3637.4,3635.42,3636.11,291.0
2025-09-11 06:05:00,3636.29,3636.69,3632.24,3632.29,307.0
2025-09-11 06:10:00,3632.39,3635.46,3632.29,3634.27,350.0
2025-09-11 06:15:00,3633.98,3635.55,3632.94,3634.16,351.0
2025-09-11 06:20:00,3634.25,3635.06,3633.39,3634.62,304.0
2025-09-11 06:25:00,3634.63,3635.17,3633.19,3633.34,291.0
2025-09-11 06:30:00,3633.3,3633.64,3631.72,3632.5,317.0
2025-09-11 06:35:00,3632.46,3633.58,3631.8,3633.43,250.0
2025-09-11 06:40:00,3633.45,3633.58,3630.64,3630.88,249.0
2025-09-11 06:45:00,3630.77,3632.35,3629.86,3631.79,337.0
2025-09-11 06:50:00,3631.82,3633.02,3631.41,3632.42,282.0
2025-09-11 06:55:00,3632.41,3632.51,3631.47,3631.98,265.0
2025-09-11 07:00:00,3632.19,3633.34,3631.84,3633.18,244.0
2025-09-11 07:05:00,3633.19,3633.84,3632.75,3633.5,236.0
2025-09-11 07:10:00,3633.53,3634.29,3633.26,3633.76,219.0
2025-09-11 07:15:00,3633.82,3634.08,3633.16,3633.78,206.0
2025-09-11 07:20:00,3633.81,3634.21,3632.99,3632.99,203.0
2025-09-11 07:25:00,3632.99,3633.48,3632.57,3633.35,211.0
2025-09-11 07:30:00,3633.4,3634.32,3633.4,3633.63,203.0
2025-09-11 07:35:00,3633.66,3633.66,3631.66,3631.89,209.0
2025-09-11 07:40:00,3631.8,3632.48,3630.17,3631.71,282.0
2025-09-11 07:45:00,3631.7,3631.77,3630.17,3630.28,223.0
2025-09-11 07:50:00,3630.29,3631.83,3630.22,3631.81,205.0
2025-09-11 07:55:00,3631.82,3632.09,3630.44,3630.63,220.0
2025-09-11 08:00:00,3630.56,3631.32,3629.89,3631.13,262.0
2025-09-11 08:05:00,3631.01,3631.02,3629.85,3630.14,275.0
2025-09-11 08:10:00,3630.19,3630.64,3629.86,3630.43,279.0
2025-09-11 08:15:00,3630.51,3630.82,3629.86,3629.98,271.0
2025-09-11 08:20:00,3629.97,3630.55,3629.83,3630.16,220.0
2025-09-11 08:25:00,3630.17,3631.66,3629.72,3631.13,260.0
2025-09-11 08:30:00,3631.15,3631.15,3625.5,3630.34,427.0
2025-09-11 08:35:00,3630.39,3633.38,3630.27,3632.58,392.0
2025-09-11 08:40:00,3632.57,3633.15,3629.41,3629.75,343.0
2025-09-11 08:45:00,3629.51,3629.51,3627.33,3628.61,355.0
2025-09-11 08:50:00,3628.58,3629.28,3625.87,3626.0,352.0
2025-09-11 08:55:00,3625.96,3627.97,3623.36,3625.14,394.0
2025-09-11 09:00:00,3625.09,3627.84,3622.81,3626.37,374.0
2025-09-11 09:05:00,3626.36,3632.48,3626.23,3632.22,375.0
2025-09-11 09:10:00,3632.15,3633.42,3631.76,3632.56,364.0
2025-09-11 09:15:00,3632.52,3633.08,3631.04,3632.71,345.0
2025-09-11 09:20:00,3632.62,3634.21,3631.89,3632.07,320.0
2025-09-11 09:25:00,3632.1,3634.21,3631.51,3633.58,319.0
2025-09-11 09:30:00,3633.42,3634.42,3631.9,3634.12,383.0
2025-09-11 09:35:00,3634.13,3635.57,3632.85,3633.88,394.0
2025-09-11 09:40:00,3633.99,3637.03,3633.72,3636.46,351.0
2025-09-11 09:45:00,3636.32,3638.04,3635.29,3635.36,321.0
2025-09-11 09:50:00,3635.36,3636.21,3634.69,3635.3,306.0
2025-09-11 09:55:00,3635.2,3635.2,3632.3,3633.26,326.0
2025-09-11 10:00:00,3633.26,3633.34,3628.43,3629.81,371.0
2025-09-11 10:05:00,3629.66,3630.32,3625.69,3626.26,384.0
2025-09-11 10:10:00,3626.18,3629.81,3626.14,3627.63,382.0
2025-09-11 10:15:00,3627.62,3628.68,3624.08,3625.35,359.0
2025-09-11 10:20:00,3625.34,3627.72,3625.23,3627.61,344.0
2025-09-11 10:25:00,3627.59,3630.55,3625.44,3626.07,334.0
2025-09-11 10:30:00,3626.05,3627.52,3623.86,3626.88,356.0
2025-09-11 10:35:00,3626.79,3628.47,3626.19,3628.43,313.0
2025-09-11 10:40:00,3628.45,3629.31,3627.83,3627.91,272.0
2025-09-11 10:45:00,3627.73,3628.35,3626.73,3628.34,278.0
2025-09-11 10:50:00,3628.34,3629.1,3626.7,3627.73,306.0
2025-09-11 10:55:00,3627.7,3629.98,3627.68,3629.83,285.0
2025-09-11 11:00:00,3630.02,3631.66,3629.41,3631.66,357.0
2025-09-11 11:05:00,3631.47,3631.57,3629.3,3630.31,308.0
2025-09-11 11:10:00,3630.26,3630.28,3627.22,3629.43,296.0
2025-09-11 11:15:00,3629.44,3630.15,3628.94,3629.59,227.0
2025-09-11 11:20:00,3629.56,3630.32,3629.26,3630.06,225.0
2025-09-11 11:25:00,3630.05,3630.14,3629.07,3629.31,219.0
2025-09-11 11:30:00,3629.25,3629.47,3627.13,3627.65,239.0
2025-09-11 11:35:00,3627.65,3627.89,3626.25,3627.22,268.0
2025-09-11 11:40:00,3627.25,3628.31,3626.65,3626.79,257.0
2025-09-11 11:45:00,3626.75,3627.94,3626.15,3627.77,296.0
2025-09-11 11:50:00,3627.77,3630.5,3627.62,3628.71,286.0
2025-09-11 11:55:00,3629.07,3629.07,3625.42,3626.2,355.0
2025-09-11 12:00:00,3626.07,3626.07,3622.49,3623.27,347.0
2025-09-11 12:05:00,3623.27,3623.68,3621.58,3621.58,342.0
2025-09-11 12:10:00,3621.53,3622.97,3618.46,3618.52,380.0
2025-09-11 12:15:00,3618.61,3619.48,3614.16,3617.88,440.0
2025-09-11 12:20:00,3618.07,3619.2,3616.97,3618.16,374.0
2025-09-11 12:25:00,3618.09,3618.78,3617.13,3617.28,325.0
2025-09-11 12:30:00,3617.12,3620.88,3616.97,3619.68,362.0
2025-09-11 12:35:00,3619.7,3620.28,3618.22,3619.41,336.0
2025-09-11 12:40:00,3619.34,3619.87,3618.36,3619.45,264.0
2025-09-11 12:45:00,3619.47,3622.82,3619.06,3622.42,318.0
2025-09-11 12:50:00,3622.37,3622.45,3620.95,3621.37,307.0
2025-09-11 12:55:00,3621.33,3621.8,3620.18,3621.8,257.0
2025-09-11 13:00:00,3621.89,3621.9,3620.03,3620.7,267.0
2025-09-11 13:05:00,3620.8,3621.55,3619.8,3621.52,298.0
2025-09-11 13:10:00,3621.54,3622.39,3620.84,3621.97,262.0
2025-09-11 13:15:00,3621.98,3622.71,3621.49,3622.48,230.0
2025-09-11 13:20:00,3622.49,3623.98,3622.24,3622.66,232.0
2025-09-11 13:25:00,3622.68,3622.81,3620.65,3621.11,252.0
2025-09-11 13:30:00,3621.08,3621.59,3619.98,3621.58,301.0
2025-09-11 13:35:00,3621.59,3624.76,3621.58,3622.95,299.0
2025-09-11 13:40:00,3622.94,3623.09,3619.97,3622.52,300.0
2025-09-11 13:45:00,3622.53,3623.29,3622.23,3623.29,291.0
2025-09-11 13:50:00,3623.15,3623.91,3622.48,3622.88,318.0
2025-09-11 13:55:00,3622.9,3623.17,3621.0,3621.85,305.0
2025-09-11 14:00:00,3621.82,3622.18,3620.56,3621.06,316.0
2025-09-11 14:05:00,3621.02,3621.81,3619.99,3620.75,316.0
2025-09-11 14:10:00,3620.67,3621.11,3619.79,3620.42,357.0
2025-09-11 14:15:00,3620.44,3621.27,3620.16,3620.79,271.0
2025-09-11 14:20:00,3620.42,3621.55,3620.0,3620.65,293.0
2025-09-11 14:25:00,3620.65,3621.32,3620.21,3621.27,276.0
2025-09-11 14:30:00,3621.2,3621.64,3619.48,3620.34,304.0
2025-09-11 14:35:00,3620.27,3620.48,3618.0,3618.41,317.0
2025-09-11 14:40:00,3618.39,3618.58,3615.42,3615.78,373.0
2025-09-11 14:45:00,3615.81,3618.19,3615.71,3616.67,351.0
2025-09-11 14:50:00,3616.7,3617.47,3616.22,3617.47,331.0
2025-09-11 14:55:00,3617.54,3618.08,3616.26,3616.84,323.0
2025-09-11 15:00:00,3616.86,3619.44,3616.53,3618.54,347.0
2025-09-11 15:05:00,3618.78,3620.36,3618.59,3618.9,302.0
2025-09-11 15:10:00,3618.81,3620.35,3617.69,3619.89,317.0
2025-09-11 15:15:00,3619.97,3620.35,3617.64,3619.23,389.0
2025-09-11 15:20:00,3619.54,3626.18,3619.39,3624.43,426.0
2025-09-11 15:25:00,3623.81,3624.35,3621.45,3623.54,380.0
2025-09-11 15:30:00,3623.36,3640.38,3613.51,3638.49,541.0
2025-09-11 15:35:00,3638.8,3644.02,3636.78,3638.42,468.0
2025-09-11 15:40:00,3637.33,3639.39,3631.94,3637.2,465.0
2025-09-11 15:45:00,3636.91,3637.03,3627.47,3631.47,452.0
2025-09-11 15:50:00,3631.45,3632.64,3626.32,3631.37,459.0
2025-09-11 15:55:00,3631.39,3631.6,3627.25,3628.92,439.0
2025-09-11 16:00:00,3629.38,3635.22,3627.9,3633.09,448.0
2025-09-11 16:05:00,3633.11,3636.27,3632.47,3635.44,425.0
2025-09-11 16:10:00,3635.34,3637.06,3632.39,3634.06,440.0
2025-09-11 16:15:00,3634.22,3634.27,3623.36,3625.22,446.0
2025-09-11 16:20:00,3625.12,3629.7,3620.29,3627.38,454.0
2025-09-11 16:25:00,3627.02,3627.46,3621.41,3621.47,451.0
2025-09-11 16:30:00,3622.21,3627.29,3622.21,3623.33,438.0
2025-09-11 16:35:00,3623.44,3625.19,3618.34,3624.45,449.0
2025-09-11 16:40:00,3624.53,3630.46,3622.15,3628.66,444.0
2025-09-11 16:45:00,3628.69,3632.17,3626.73,3628.62,443.0
2025-09-11 16:50:00,3628.77,3632.86,3628.21,3631.83,413.0
2025-09-11 16:55:00,3631.72,3633.28,3630.05,3630.27,422.0
2025-09-11 17:00:00,3630.27,3631.26,3626.2,3626.95,436.0
2025-09-11 17:05:00,3627.05,3633.66,3626.76,3632.92,417.0
2025-09-11 17:10:00,3633.13,3633.97,3631.75,3633.23,409.0
2025-09-11 17:15:00,3633.27,3637.47,3632.73,3636.48,422.0
2025-09-11 17:20:00,3636.57,3636.72,3633.96,3636.57,425.0
2025-09-11 17:25:00,3636.64,3637.94,3634.73,3635.05,420.0
2025-09-11 17:30:00,3635.12,3635.48,3632.61,3633.23,410.0
2025-09-11 17:35:00,3633.18,3634.18,3630.75,3630.85,396.0
2025-09-11 17:40:00,3630.9,3631.39,3626.96,3626.96,400.0
2025-09-11 17:45:00,3627.1,3630.06,3627.07,3629.68,432.0
2025-09-11 17:50:00,3629.69,3630.74,3628.44,3628.93,396.0
2025-09-11 17:55:00,3628.79,3630.13,3627.92,3629.37,353.0
2025-09-11 18:00:00,3629.56,3632.87,3629.56,3632.08,381.0
2025-09-11 18:05:00,3632.07,3633.59,3631.22,3631.36,390.0
2025-09-11 18:10:00,3631.36,3633.94,3631.25,3633.94,365.0
2025-09-11 18:15:00,3633.93,3636.69,3633.65,3636.55,387.0
2025-09-11 18:20:00,3636.61,3638.87,3635.88,3638.8,394.0
2025-09-11 18:25:00,3638.87,3639.04,3636.23,3636.63,373.0
2025-09-11 18:30:00,3636.58,3638.0,3635.7,3635.92,331.0
2025-09-11 18:35:00,3635.85,3636.3,3633.54,3634.47,337.0
2025-09-11 18:40:00,3634.48,3635.41,3633.97,3634.58,353.0
2025-09-11 18:45:00,3634.6,3634.6,3632.05,3632.57,298.0
2025-09-11 18:50:00,3632.71,3633.49,3631.87,3632.28,333.0
2025-09-11 18:55:00,3632.29,3633.46,3631.44,3633.21,351.0
2025-09-11 19:00:00,3633.09,3637.43,3633.09,3635.59,405.0
2025-09-11 19:05:00,3635.56,3639.66,3635.56,3639.62,354.0
2025-09-11 19:10:00,3639.53,3641.84,3638.85,3640.05,423.0
2025-09-11 19:15:00,3640.13,3640.88,3636.69,3636.99,313.0
2025-09-11 19:20:00,3637.0,3639.0,3636.3,3638.51,366.0
2025-09-11 19:25:00,3638.52,3638.73,3636.85,3637.27,328.0
2025-09-11 19:30:00,3637.29,3638.41,3636.38,3637.81,351.0
2025-09-11 19:35:00,3637.87,3639.08,3636.04,3636.1,301.0
2025-09-11 19:40:00,3636.06,3637.36,3634.72,3635.38,359.0
2025-09-11 19:45:00,3635.38,3636.51,3633.85,3636.33,334.0
2025-09-11 19:50:00,3636.31,3636.84,3635.2,3636.53,307.0
2025-09-11 19:55:00,3636.32,3637.23,3635.68,3636.18,314.0
2025-09-11 20:00:00,3636.19,3636.49,3632.7,3633.53,352.0
2025-09-11 20:05:00,3633.44,3634.85,3633.32,3633.54,349.0
2025-09-11 20:10:00,3633.49,3634.18,3631.85,3632.72,352.0
2025-09-11 20:15:00,3632.82,3635.51,3632.8,3634.87,338.0
2025-09-11 20:20:00,3634.82,3635.55,3634.05,3635.22,304.0
2025-09-11 20:25:00,3635.19,3636.0,3634.07,3634.65,327.0
2025-09-11 20:30:00,3635.08,3636.57,3634.3,3636.08,355.0
2025-09-11 20:35:00,3636.11,3636.5,3635.19,3635.99,292.0
2025-09-11 20:40:00,3636.03,3636.27,3634.25,3634.71,290.0
2025-09-11 20:45:00,3634.72,3635.38,3633.58,3634.54,280.0
2025-09-11 20:50:00,3634.56,3636.16,3634.46,3635.68,269.0
2025-09-11 20:55:00,3635.67,3635.68,3634.81,3635.06,244.0
2025-09-11 21:00:00,3635.09,3636.14,3634.98,3635.77,230.0
2025-09-11 21:05:00,3635.78,3636.89,3635.76,3636.55,252.0
2025-09-11 21:10:00,3636.54,3637.07,3634.03,3634.38,281.0
2025-09-11 21:15:00,3634.43,3634.74,3632.65,3632.7,269.0
2025-09-11 21:20:00,3632.69,3634.7,3632.65,3633.45,269.0
2025-09-11 21:25:00,3633.54,3633.56,3632.0,3632.06,329.0
2025-09-11 21:30:00,3632.09,3632.2,3630.3,3631.45,320.0
2025-09-11 21:35:00,3631.4,3632.92,3631.08,3632.56,302.0
2025-09-11 21:40:00,3632.61,3632.84,3631.55,3632.07,254.0
2025-09-11 21:45:00,3632.08,3632.49,3631.83,3632.48,239.0
2025-09-11 21:50:00,3632.54,3633.57,3632.38,3633.18,256.0
2025-09-11 21:55:00,3633.17,3633.19,3632.24,3632.29,271.0
2025-09-11 22:00:00,3632.31,3634.15,3632.23,3634.02,256.0
2025-09-11 22:05:00,3634.03,3636.05,3633.81,3635.54,298.0
2025-09-11 22:10:00,3635.57,3635.85,3634.02,3634.44,308.0
2025-09-11 22:15:00,3634.42,3635.63,3633.79,3635.57,298.0
2025-09-11 22:20:00,3635.58,3637.03,3635.38,3635.83,278.0
2025-09-11 22:25:00,3635.73,3635.78,3634.16,3634.69,282.0
2025-09-11 22:30:00,3634.73,3636.5,3634.32,3636.08,295.0
2025-09-11 22:35:00,3636.02,3637.38,3636.02,3636.89,268.0
2025-09-11 22:40:00,3636.9,3637.29,3636.27,3636.27,258.0
2025-09-11 22:45:00,3636.41,3637.38,3636.41,3636.93,267.0
2025-09-11 22:50:00,3636.98,3637.45,3635.95,3635.97,252.0
2025-09-11 22:55:00,3635.95,3637.12,3635.8,3636.88,314.0
2025-09-11 23:00:00,3636.93,3637.39,3636.19,3636.47,204.0
2025-09-11 23:05:00,3636.4,3637.64,3636.26,3636.61,191.0
2025-09-11 23:10:00,3636.56,3636.56,3635.23,3635.75,207.0
2025-09-11 23:15:00,3635.83,3635.97,3635.65,3635.74,107.0
2025-09-11 23:20:00,3635.77,3636.38,3635.65,3636.14,128.0
2025-09-11 23:25:00,3636.13,3636.24,3634.91,3635.15,139.0
2025-09-11 23:30:00,3635.18,3635.39,3633.84,3633.86,150.0
2025-09-11 23:35:00,3633.84,3634.39,3633.76,3633.91,109.0
2025-09-11 23:40:00,3633.8,3634.08,3633.41,3633.93,127.0
2025-09-11 23:45:00,3633.92,3634.58,3633.45,3634.09,143.0
2025-09-11 23:50:00,3634.13,3634.29,3633.34,3633.6,132.0
2025-09-11 23:55:00,3633.11,3633.91,3632.99,3633.91,120.0
2025-09-12 01:00:00,3634.01,3636.12,3633.3,3635.96,177.0
2025-09-12 01:05:00,3635.99,3636.45,3635.52,3635.91,126.0
2025-09-12 01:10:00,3635.87,3636.84,3635.42,3636.84,140.0
2025-09-12 01:15:00,3636.76,3637.42,3636.32,3636.67,146.0
2025-09-12 01:20:00,3636.67,3638.19,3636.64,3637.3,170.0
2025-09-12 01:25:00,3637.31,3637.62,3636.97,3637.03,129.0
2025-09-12 01:30:00,3637.03,3637.03,3635.53,3635.53,161.0
2025-09-12 01:35:00,3635.52,3636.47,3635.48,3636.46,120.0
2025-09-12 01:40:00,3636.44,3636.44,3635.07,3635.21,122.0
2025-09-12 01:45:00,3635.13,3635.45,3633.08,3634.26,199.0
2025-09-12 01:50:00,3634.14,3634.89,3633.98,3634.52,140.0
2025-09-12 01:55:00,3634.53,3635.2,3634.3,3634.89,144.0
2025-09-12 02:00:00,3634.84,3636.13,3634.82,3635.27,196.0
2025-09-12 02:05:00,3635.28,3635.38,3634.23,3634.57,159.0
2025-09-12 02:10:00,3634.57,3634.58,3633.25,3633.94,180.0
2025-09-12 02:15:00,3633.94,3634.47,3633.65,3634.34,147.0
2025-09-12 02:20:00,3634.37,3635.36,3634.15,3635.29,163.0
2025-09-12 02:25:00,3635.27,3635.37,3634.09,3635.33,200.0
2025-09-12 02:30:00,3635.29,3635.83,3634.27,3634.33,232.0
2025-09-12 02:35:00,3634.34,3635.53,3634.27,3635.39,135.0
2025-09-12 02:40:00,3635.37,3635.51,3634.66,3634.96,131.0
2025-09-12 02:45:00,3634.95,3634.96,3632.86,3632.89,220.0
2025-09-12 02:50:00,3632.89,3633.08,3631.84,3632.24,221.0
2025-09-12 02:55:00,3632.31,3633.13,3631.65,3631.81,240.0
2025-09-12 03:00:00,3631.81,3633.81,3631.67,3633.81,287.0
2025-09-12 03:05:00,3633.78,3633.78,3632.28,3632.6,262.0
2025-09-12 03:10:00,3632.58,3633.76,3631.81,3633.48,252.0
2025-09-12 03:15:00,3633.5,3633.79,3631.59,3632.24,276.0
2025-09-12 03:20:00,3632.26,3633.0,3630.84,3632.22,288.0
2025-09-12 03:25:00,3632.1,3633.02,3631.21,3631.3,272.0
2025-09-12 03:30:00,3631.43,3631.98,3630.59,3631.71,272.0
2025-09-12 03:35:00,3631.7,3633.37,3630.82,3633.18,272.0
2025-09-12 03:40:00,3633.28,3633.68,3632.31,3633.68,255.0
2025-09-12 03:45:00,3633.71,3636.52,3633.71,3635.83,282.0
2025-09-12 03:50:00,3635.76,3637.68,3635.16,3637.05,297.0
2025-09-12 03:55:00,3637.0,3637.95,3635.98,3636.57,291.0
2025-09-12 04:00:00,3636.61,3641.43,3636.61,3639.92,419.0
2025-09-12 04:05:00,3639.93,3641.01,3638.0,3640.7,391.0
2025-09-12 04:10:00,3640.66,3643.86,3640.66,3642.88,410.0
2025-09-12 04:15:00,3642.84,3643.38,3638.93,3639.9,376.0
2025-09-12 04:20:00,3639.98,3642.27,3639.98,3642.25,311.0
2025-09-12 04:25:00,3642.21,3643.11,3640.71,3642.65,333.0
2025-09-12 04:30:00,3642.65,3646.19,3642.51,3643.78,393.0
2025-09-12 04:35:00,3643.73,3646.43,3643.22,3646.12,380.0
2025-09-12 04:40:00,3646.09,3646.69,3644.37,3645.53,403.0
2025-09-12 04:45:00,3645.79,3647.3,3644.02,3645.68,415.0
2025-09-12 04:50:00,3645.7,3646.64,3644.28,3646.15,372.0
2025-09-12 04:55:00,3646.28,3647.43,3645.14,3646.4,383.0
2025-09-12 05:00:00,3646.33,3646.84,3644.94,3645.32,367.0
2025-09-12 05:05:00,3645.43,3649.2,3644.48,3648.57,428.0
2025-09-12 05:10:00,3648.58,3648.7,3647.31,3647.43,317.0
2025-09-12 05:15:00,3647.51,3648.58,3647.13,3648.46,287.0
2025-09-12 05:20:00,3648.4,3649.78,3647.85,3649.55,290.0
2025-09-12 05:25:00,3649.51,3650.22,3649.09,3649.81,256.0
2025-09-12 05:30:00,3649.86,3650.35,3648.33,3649.34,325.0
2025-09-12 05:35:00,3649.48,3649.9,3647.11,3648.25,311.0
2025-09-12 05:40:00,3648.27,3648.3,3647.19,3647.62,269.0
2025-09-12 05:45:00,3647.63,3648.78,3646.14,3648.51,307.0
2025-09-12 05:50:00,3648.8,3650.98,3648.65,3649.88,321.0
2025-09-12 05:55:00,3649.9,3650.19,3648.29,3649.01,326.0
2025-09-12 06:00:00,3649.02,3650.16,3646.58,3648.4,341.0
2025-09-12 06:05:00,3648.44,3649.39,3647.43,3649.07,318.0
2025-09-12 06:10:00,3649.08,3650.34,3648.06,3650.03,318.0
2025-09-12 06:15:00,3650.04,3652.37,3649.75,3649.78,347.0
2025-09-12 06:20:00,3649.77,3651.49,3649.33,3651.39,254.0
2025-09-12 06:25:00,3651.42,3651.93,3650.46,3650.74,246.0
2025-09-12 06:30:00,3650.69,3651.27,3650.24,3650.86,241.0
2025-09-12 06:35:00,3650.93,3651.79,3650.63,3650.63,226.0
2025-09-12 06:40:00,3650.53,3651.69,3650.53,3651.3,199.0
2025-09-12 06:45:00,3651.24,3651.78,3651.06,3651.2,162.0
2025-09-12 06:50:00,3651.16,3651.76,3650.52,3651.39,236.0
2025-09-12 06:55:00,3651.4,3653.32,3651.14,3652.95,250.0
2025-09-12 07:00:00,3652.91,3654.31,3652.68,3653.33,288.0
2025-09-12 07:05:00,3653.33,3654.27,3651.54,3653.12,235.0
2025-09-12 07:10:00,3653.16,3653.57,3652.36,3653.43,234.0
2025-09-12 07:15:00,3653.44,3653.75,3653.07,3653.74,202.0
2025-09-12 07:20:00,3653.73,3654.76,3653.67,3654.01,257.0
2025-09-12 07:25:00,3654.01,3654.93,3654.01,3654.82,247.0
2025-09-12 07:30:00,3654.92,3655.53,3654.25,3654.41,256.0
2025-09-12 07:35:00,3654.32,3654.71,3653.81,3654.56,240.0
2025-09-12 07:40:00,3654.57,3654.86,3653.93,3654.61,249.0
2025-09-12 07:45:00,3654.61,3655.97,3654.17,3655.62,246.0
2025-09-12 07:50:00,3655.67,3655.97,3654.66,3654.95,265.0
2025-09-12 07:55:00,3654.89,3655.1,3654.37,3654.91,220.0
2025-09-12 08:00:00,3654.89,3655.56,3653.96,3655.56,229.0
2025-09-12 08:05:00,3655.54,3655.58,3654.76,3655.15,194.0
2025-09-12 08:10:00,3655.22,3656.34,3655.22,3656.0,220.0
2025-09-12 08:15:00,3656.0,3656.63,3655.8,3656.39,266.0
2025-09-12 08:20:00,3656.41,3656.43,3655.04,3655.11,198.0
2025-09-12 08:25:00,3655.12,3655.61,3652.57,3652.7,295.0
2025-09-12 08:30:00,3652.68,3655.1,3651.73,3653.94,354.0
2025-09-12 08:35:00,3653.9,3654.45,3652.63,3653.24,293.0
2025-09-12 08:40:00,3653.17,3655.72,3653.06,3654.94,297.0
2025-09-12 08:45:00,3654.86,3654.94,3652.1,3652.22,330.0
2025-09-12 08:50:00,3652.32,3655.05,3652.04,3653.79,287.0
2025-09-12 08:55:00,3653.77,3655.13,3653.04,3653.04,281.0
2025-09-12 09:00:00,3653.04,3653.67,3651.67,3653.47,361.0
2025-09-12 09:05:00,3653.47,3653.5,3651.82,3652.43,325.0
2025-09-12 09:10:00,3652.57,3653.54,3651.26,3653.44,296.0
2025-09-12 09:15:00,3653.44,3654.09,3651.87,3652.25,251.0
2025-09-12 09:20:00,3652.35,3652.43,3650.67,3650.75,309.0
2025-09-12 09:25:00,3650.72,3651.22,3649.36,3650.81,319.0
2025-09-12 09:30:00,3650.83,3652.27,3649.79,3652.17,347.0
2025-09-12 09:35:00,3652.19,3652.3,3650.27,3650.79,284.0
2025-09-12 09:40:00,3650.75,3651.19,3648.43,3649.24,279.0
2025-09-12 09:45:00,3649.28,3649.76,3648.32,3648.72,261.0
2025-09-12 09:50:00,3648.75,3650.03,3648.73,3649.43,268.0
2025-09-12 09:55:00,3649.42,3651.01,3649.24,3650.74,290.0
2025-09-12 10:00:00,3650.63,3651.05,3649.53,3650.96,334.0
2025-09-12 10:05:00,3651.03,3653.1,3649.98,3652.63,326.0
2025-09-12 10:10:00,3652.53,3653.75,3652.09,3652.43,324.0
2025-09-12 10:15:00,3652.4,3653.13,3652.02,3652.61,286.0
2025-09-12 10:20:00,3652.63,3652.8,3650.74,3651.57,304.0
2025-09-12 10:25:00,3651.57,3652.6,3650.58,3652.6,338.0
2025-09-12 10:30:00,3652.39,3652.45,3649.07,3650.07,359.0
2025-09-12 10:35:00,3650.06,3651.11,3649.11,3649.11,297.0
2025-09-12 10:40:00,3649.11,3649.85,3647.97,3648.29,332.0
2025-09-12 10:45:00,3648.36,3649.7,3648.15,3649.53,306.0
2025-09-12 10:50:00,3649.56,3649.79,3648.53,3649.15,287.0
2025-09-12 10:55:00,3649.07,3649.74,3647.82,3648.34,280.0
2025-09-12 11:00:00,3648.22,3650.44,3647.91,3650.06,311.0
2025-09-12 11:05:00,3650.11,3651.24,3649.12,3649.45,358.0
2025-09-12 11:10:00,3649.39,3649.41,3643.09,3643.68,426.0
2025-09-12 11:15:00,3643.3,3645.88,3642.71,3644.1,396.0
2025-09-12 11:20:00,3644.16,3645.28,3643.38,3645.28,362.0
2025-09-12 11:25:00,3645.31,3645.92,3644.23,3645.1,336.0
2025-09-12 11:30:00,3645.12,3645.32,3643.64,3643.65,344.0
2025-09-12 11:35:00,3643.63,3645.15,3643.55,3643.84,332.0
2025-09-12 11:40:00,3643.87,3645.59,3643.47,3645.03,360.0
2025-09-12 11:45:00,3645.05,3646.12,3641.51,3641.67,390.0
2025-09-12 11:50:00,3641.68,3642.02,3640.01,3640.11,385.0
2025-09-12 11:55:00,3640.05,3641.54,3639.72,3641.08,364.0
2025-09-12 12:00:00,3640.98,3645.27,3639.64,3642.51,380.0
2025-09-12 12:05:00,3642.44,3642.91,3638.04,3639.73,413.0
2025-09-12 12:10:00,3639.51,3639.6,3637.76,3639.6,377.0
2025-09-12 12:15:00,3639.61,3644.21,3639.58,3643.87,371.0
2025-09-12 12:20:00,3643.96,3645.67,3642.9,3645.46,336.0
2025-09-12 12:25:00,3645.36,3646.29,3643.81,3646.2,320.0
2025-09-12 12:30:00,3646.02,3646.99,3644.85,3645.93,344.0
2025-09-12 12:35:00,3645.92,3646.26,3642.69,3643.21,321.0
2025-09-12 12:40:00,3643.14,3644.55,3642.65,3644.55,297.0
2025-09-12 12:45:00,3644.47,3645.08,3643.82,3644.05,331.0
2025-09-12 12:50:00,3644.0,3646.76,3644.0,3646.76,269.0
2025-09-12 12:55:00,3646.76,3646.98,3645.81,3646.47,327.0
2025-09-12 13:00:00,3646.61,3647.9,3646.37,3647.36,323.0
2025-09-12 13:05:00,3647.34,3647.99,3646.94,3647.09,322.0
2025-09-12 13:10:00,3647.07,3648.16,3646.66,3648.03,324.0
2025-09-12 13:15:00,3648.04,3649.9,3647.11,3649.76,331.0
2025-09-12 13:20:00,3649.77,3651.45,3649.69,3650.03,365.0
2025-09-12 13:25:00,3650.03,3651.08,3650.02,3650.67,339.0
2025-09-12 13:30:00,3650.72,3651.07,3649.81,3650.23,313.0
2025-09-12 13:35:00,3650.21,3651.13,3650.02,3650.12,271.0
2025-09-12 13:40:00,3650.13,3650.26,3649.37,3649.71,293.0
2025-09-12 13:45:00,3649.74,3650.29,3649.07,3649.92,277.0
2025-09-12 13:50:00,3649.91,3652.14,3649.66,3651.4,293.0
2025-09-12 13:55:00,3651.4,3651.61,3650.86,3651.07,275.0
2025-09-12 14:00:00,3651.04,3651.89,3649.95,3650.47,314.0
2025-09-12 14:05:00,3650.49,3650.8,3649.62,3650.68,264.0
2025-09-12 14:10:00,3650.76,3650.79,3649.11,3649.65,324.0
2025-09-12 14:15:00,3649.63,3651.25,3648.41,3650.02,310.0
2025-09-12 14:20:00,3650.0,3650.45,3649.32,3649.93,331.0
2025-09-12 14:25:00,3649.87,3649.95,3647.89,3648.34,340.0
2025-09-12 14:30:00,3648.35,3649.28,3647.37,3647.61,293.0
2025-09-12 14:35:00,3647.62,3648.98,3647.45,3647.79,342.0
2025-09-12 14:40:00,3647.82,3648.27,3647.25,3648.09,330.0
2025-09-12 14:45:00,3648.08,3649.05,3647.53,3647.68,331.0
2025-09-12 14:50:00,3647.66,3649.34,3647.61,3648.07,337.0
2025-09-12 14:55:00,3648.02,3648.1,3646.91,3647.04,338.0
2025-09-12 15:00:00,3647.16,3648.67,3645.24,3645.47,351.0
2025-09-12 15:05:00,3645.56,3646.26,3644.43,3645.65,375.0
2025-09-12 15:10:00,3645.62,3646.17,3644.37,3645.91,359.0
2025-09-12 15:15:00,3645.96,3647.29,3645.2,3646.71,347.0
2025-09-12 15:20:00,3646.44,3646.87,3642.36,3643.28,387.0
2025-09-12 15:25:00,3643.23,3643.36,3640.16,3642.56,415.0
2025-09-12 15:30:00,3642.37,3643.87,3638.42,3639.16,407.0
2025-09-12 15:35:00,3639.25,3641.26,3638.39,3638.53,393.0
2025-09-12 15:40:00,3638.52,3642.08,3638.52,3639.0,396.0
2025-09-12 15:45:00,3638.94,3642.97,3638.34,3642.61,407.0
2025-09-12 15:50:00,3642.75,3645.23,3641.39,3644.15,406.0
2025-09-12 15:55:00,3644.12,3645.92,3644.12,3645.38,360.0
2025-09-12 16:00:00,3644.96,3647.44,3643.35,3647.1,399.0
2025-09-12 16:05:00,3647.51,3649.17,3647.36,3648.35,412.0
2025-09-12 16:10:00,3648.42,3650.07,3647.82,3649.23,405.0
2025-09-12 16:15:00,3649.14,3650.46,3647.6,3649.53,404.0
2025-09-12 16:20:00,3649.6,3650.49,3648.43,3649.49,382.0
2025-09-12 16:25:00,3649.59,3650.13,3648.44,3648.85,335.0
2025-09-12 16:30:00,3648.24,3651.14,3646.69,3650.34,426.0
2025-09-12 16:35:00,3650.4,3650.48,3647.2,3650.03,431.0
2025-09-12 16:40:00,3649.72,3652.41,3649.3,3650.98,416.0
2025-09-12 16:45:00,3650.99,3652.29,3646.82,3649.88,432.0
2025-09-12 16:50:00,3649.97,3652.54,3649.22,3651.79,414.0
2025-09-12 16:55:00,3651.9,3652.22,3649.9,3650.48,397.0
2025-09-12 17:00:00,3650.37,3653.28,3650.25,3652.57,378.0
2025-09-12 17:05:00,3652.62,3653.31,3649.58,3651.12,423.0
2025-09-12 17:10:00,3651.16,3653.0,3650.97,3652.05,410.0
2025-09-12 17:15:00,3652.03,3653.89,3651.49,3652.93,382.0
2025-09-12 17:20:00,3653.23,3654.18,3652.82,3653.96,358.0
2025-09-12 17:25:00,3653.85,3654.21,3652.16,3652.66,396.0
2025-09-12 17:30:00,3652.95,3653.55,3651.32,3651.9,366.0
2025-09-12 17:35:00,3651.61,3651.63,3648.47,3650.09,395.0
2025-09-12 17:40:00,3650.42,3650.63,3648.91,3649.69,379.0
2025-09-12 17:45:00,3649.72,3649.95,3647.49,3648.98,363.0
2025-09-12 17:50:00,3649.01,3650.05,3648.17,3648.81,360.0
2025-09-12 17:55:00,3648.78,3649.62,3647.65,3648.16,364.0
2025-09-12 18:00:00,3648.13,3648.3,3646.83,3647.56,357.0
2025-09-12 18:05:00,3647.51,3647.51,3644.82,3645.58,399.0
2025-09-12 18:10:00,3645.67,3646.12,3642.02,3644.09,396.0
2025-09-12 18:15:00,3643.77,3645.87,3643.77,3644.13,411.0
2025-09-12 18:20:00,3644.12,3644.79,3642.79,3643.64,392.0
2025-09-12 18:25:00,3643.52,3644.65,3642.42,3644.6,340.0
2025-09-12 18:30:00,3644.53,3646.6,3644.41,3646.36,335.0
2025-09-12 18:35:00,3646.38,3647.12,3645.54,3645.59,334.0
2025-09-12 18:40:00,3645.54,3647.3,3645.51,3646.96,318.0
2025-09-12 18:45:00,3646.96,3647.05,3644.84,3645.88,326.0
2025-09-12 18:50:00,3645.85,3646.7,3645.77,3646.22,299.0
2025-09-12 18:55:00,3646.19,3646.26,3643.51,3644.5,317.0
2025-09-12 19:00:00,3644.39,3645.29,3644.17,3644.22,312.0
2025-09-12 19:05:00,3644.2,3644.63,3642.77,3643.02,314.0
2025-09-12 19:10:00,3643.07,3643.9,3642.83,3643.71,291.0
2025-09-12 19:15:00,3643.77,3644.59,3643.65,3643.99,285.0
2025-09-12 19:20:00,3643.93,3646.45,3643.87,3646.14,323.0
2025-09-12 19:25:00,3646.14,3646.87,3645.99,3646.7,277.0
2025-09-12 19:30:00,3646.69,3647.55,3646.39,3647.2,304.0
2025-09-12 19:35:00,3647.18,3647.37,3645.86,3646.67,307.0
2025-09-12 19:40:00,3646.61,3647.32,3646.53,3647.21,286.0
2025-09-12 19:45:00,3647.31,3648.37,3647.31,3648.2,304.0
2025-09-12 19:50:00,3648.19,3648.93,3647.87,3648.71,253.0
2025-09-12 19:55:00,3648.69,3649.64,3648.69,3649.17,317.0
2025-09-12 20:00:00,3649.12,3649.85,3649.11,3649.58,286.0
2025-09-12 20:05:00,3649.59,3649.79,3648.38,3649.42,289.0
2025-09-12 20:10:00,3649.47,3650.32,3649.42,3650.0,273.0
2025-09-12 20:15:00,3649.96,3650.34,3649.44,3650.12,272.0
2025-09-12 20:20:00,3650.08,3650.56,3649.33,3649.38,310.0
2025-09-12 20:25:00,3649.42,3649.91,3647.51,3647.87,354.0
2025-09-12 20:30:00,3647.89,3649.95,3647.68,3649.45,310.0
2025-09-12 20:35:00,3649.17,3650.1,3648.76,3649.16,312.0
2025-09-12 20:40:00,3649.16,3649.47,3649.0,3649.43,231.0
2025-09-12 20:45:00,3649.4,3649.45,3648.54,3649.44,261.0
2025-09-12 20:50:00,3649.43,3650.0,3648.97,3649.08,244.0
2025-09-12 20:55:00,3649.13,3649.36,3648.51,3648.68,239.0
2025-09-12 21:00:00,3648.75,3648.78,3647.69,3648.54,261.0
2025-09-12 21:05:00,3648.55,3648.74,3647.02,3647.79,268.0
2025-09-12 21:10:00,3647.8,3648.48,3647.39,3648.41,233.0
2025-09-12 21:15:00,3648.44,3648.84,3647.9,3648.11,282.0
2025-09-12 21:20:00,3648.16,3649.02,3647.85,3648.66,253.0
2025-09-12 21:25:00,3648.65,3648.81,3647.51,3647.9,269.0
2025-09-12 21:30:00,3647.84,3648.27,3647.58,3648.17,253.0
2025-09-12 21:35:00,3648.16,3648.64,3647.93,3648.22,233.0
2025-09-12 21:40:00,3648.21,3649.37,3648.12,3648.87,220.0
2025-09-12 21:45:00,3648.88,3649.05,3648.28,3648.38,218.0
2025-09-12 21:50:00,3648.43,3648.87,3648.27,3648.44,224.0
2025-09-12 21:55:00,3648.42,3648.74,3648.36,3648.57,194.0
2025-09-12 22:00:00,3648.41,3648.42,3647.41,3647.62,233.0
2025-09-12 22:05:00,3647.59,3647.8,3646.81,3646.81,233.0
2025-09-12 22:10:00,3646.8,3647.65,3646.72,3647.19,211.0
2025-09-12 22:15:00,3647.13,3647.57,3646.65,3646.85,231.0
2025-09-12 22:20:00,3646.87,3647.2,3646.37,3646.73,215.0
2025-09-12 22:25:00,3646.67,3646.77,3646.0,3646.02,205.0
2025-09-12 22:30:00,3646.11,3646.56,3645.65,3645.67,238.0
2025-09-12 22:35:00,3645.67,3645.73,3644.73,3645.07,259.0
2025-09-12 22:40:00,3645.08,3645.88,3644.83,3645.81,232.0
2025-09-12 22:45:00,3645.82,3646.79,3645.53,3646.67,281.0
2025-09-12 22:50:00,3646.67,3646.73,3645.16,3645.69,285.0
2025-09-12 22:55:00,3645.71,3646.2,3643.61,3644.11,329.0
2025-09-12 23:00:00,3644.22,3645.4,3644.22,3644.51,235.0
2025-09-12 23:05:00,3644.52,3644.52,3642.5,3642.64,259.0
2025-09-12 23:10:00,3642.64,3643.17,3641.95,3642.29,249.0
2025-09-12 23:15:00,3642.29,3643.23,3641.92,3641.97,233.0
2025-09-12 23:20:00,3642.06,3642.56,3641.86,3641.94,258.0
2025-09-12 23:25:00,3641.89,3642.98,3641.85,3642.92,247.0
2025-09-12 23:30:00,3642.87,3643.01,3641.91,3642.34,167.0
2025-09-12 23:35:00,3642.26,3642.38,3641.59,3641.64,206.0
2025-09-12 23:40:00,3641.65,3642.32,3641.37,3642.29,169.0
2025-09-12 23:45:00,3642.29,3642.89,3641.97,3642.77,237.0
2025-09-12 23:50:00,3642.78,3643.74,3642.36,3643.39,207.0
2025-09-12 23:55:00,3642.77,3643.11,3642.49,3642.6,45.0
2025-09-15 01:00:00,3644.63,3646.25,3643.39,3644.61,510.0
2025-09-15 01:05:00,3645.08,3646.08,3644.43,3644.55,222.0
2025-09-15 01:10:00,3644.52,3644.54,3643.67,3643.72,193.0
2025-09-15 01:15:00,3643.71,3644.11,3642.85,3642.98,189.0
2025-09-15 01:20:00,3642.99,3643.01,3639.68,3641.25,272.0
2025-09-15 01:25:00,3641.31,3642.46,3641.18,3642.46,220.0
2025-09-15 01:30:00,3642.46,3642.67,3641.17,3641.75,244.0
2025-09-15 01:35:00,3641.82,3642.08,3641.18,3642.05,191.0
2025-09-15 01:40:00,3642.04,3642.26,3641.23,3641.28,148.0
2025-09-15 01:45:00,3641.29,3641.71,3641.07,3641.36,126.0
2025-09-15 01:50:00,3641.36,3641.36,3640.13,3641.35,171.0
2025-09-15 01:55:00,3641.33,3642.21,3641.33,3642.06,129.0
2025-09-15 02:00:00,3642.04,3642.04,3639.9,3639.98,218.0
2025-09-15 02:05:00,3639.93,3640.41,3639.17,3639.81,204.0
2025-09-15 02:10:00,3639.84,3639.91,3639.23,3639.73,178.0
2025-09-15 02:15:00,3639.72,3639.92,3638.99,3638.99,155.0
2025-09-15 02:20:00,3638.98,3639.28,3637.57,3638.13,224.0
2025-09-15 02:25:00,3638.12,3639.76,3638.12,3639.2,204.0
2025-09-15 02:30:00,3639.16,3639.45,3637.09,3637.41,246.0
2025-09-15 02:35:00,3637.42,3638.4,3636.81,3637.81,215.0
2025-09-15 02:40:00,3637.82,3638.08,3637.26,3637.77,169.0
2025-09-15 02:45:00,3637.73,3637.81,3637.23,3637.74,123.0
2025-09-15 02:50:00,3637.75,3637.96,3637.24,3637.55,134.0
2025-09-15 02:55:00,3637.57,3638.47,3637.56,3638.21,191.0
2025-09-15 03:00:00,3638.2,3639.21,3634.82,3636.06,325.0
2025-09-15 03:05:00,3636.1,3638.6,3636.07,3638.36,346.0
2025-09-15 03:10:00,3638.47,3641.67,3638.45,3641.33,346.0
2025-09-15 03:15:00,3641.3,3642.57,3641.23,3642.16,255.0
2025-09-15 03:20:00,3642.2,3642.39,3640.69,3641.52,214.0
2025-09-15 03:25:00,3641.57,3641.74,3639.11,3639.33,260.0
2025-09-15 03:30:00,3639.32,3639.32,3635.03,3636.02,340.0
2025-09-15 03:35:00,3635.93,3636.94,3633.49,3633.84,356.0
2025-09-15 03:40:00,3633.67,3635.03,3633.55,3634.12,263.0
2025-09-15 03:45:00,3634.04,3635.02,3632.57,3633.35,263.0
2025-09-15 03:50:00,3633.36,3633.53,3632.06,3632.32,254.0
2025-09-15 03:55:00,3632.36,3634.09,3632.07,3633.35,320.0
2025-09-15 04:00:00,3633.4,3634.03,3628.99,3630.91,453.0
2025-09-15 04:05:00,3630.82,3631.36,3628.08,3630.47,486.0
2025-09-15 04:10:00,3630.45,3631.41,3626.69,3628.67,447.0
2025-09-15 04:15:00,3628.77,3630.89,3626.75,3630.76,431.0
2025-09-15 04:20:00,3630.74,3630.78,3627.29,3628.38,393.0
2025-09-15 04:25:00,3628.52,3632.51,3628.52,3631.78,352.0
2025-09-15 04:30:00,3631.84,3632.54,3630.77,3630.77,360.0
2025-09-15 04:35:00,3630.69,3632.96,3628.68,3631.82,390.0
2025-09-15 04:40:00,3631.81,3632.85,3631.19,3631.22,339.0
2025-09-15 04:45:00,3631.18,3632.95,3629.9,3632.92,376.0
2025-09-15 04:50:00,3632.91,3634.57,3632.63,3633.98,362.0
2025-09-15 04:55:00,3633.92,3634.74,3633.8,3634.39,292.0
2025-09-15 05:00:00,3634.39,3636.46,3634.36,3636.21,356.0
2025-09-15 05:05:00,3636.1,3639.99,3636.0,3639.47,347.0
2025-09-15 05:10:00,3639.47,3640.79,3638.59,3640.6,313.0
2025-09-15 05:15:00,3640.65,3643.18,3640.64,3643.11,313.0
2025-09-15 05:20:00,3643.09,3643.96,3641.73,3643.7,308.0
2025-09-15 05:25:00,3643.65,3644.89,3643.07,3643.07,323.0
2025-09-15 05:30:00,3643.03,3644.75,3641.86,3644.3,358.0
2025-09-15 05:35:00,3644.32,3645.09,3643.82,3643.82,270.0
2025-09-15 05:40:00,3643.76,3645.44,3643.7,3644.86,256.0
2025-09-15 05:45:00,3644.67,3644.95,3642.33,3642.82,323.0
2025-09-15 05:50:00,3642.83,3643.33,3641.35,3641.7,324.0
2025-09-15 05:55:00,3641.62,3642.21,3639.91,3641.02,327.0
2025-09-15 06:00:00,3641.0,3641.49,3640.12,3641.04,285.0
2025-09-15 06:05:00,3641.11,3642.84,3640.9,3641.91,289.0
2025-09-15 06:10:00,3641.95,3643.46,3641.67,3642.82,278.0
2025-09-15 06:15:00,3643.05,3643.28,3641.43,3641.82,232.0
2025-09-15 06:20:00,3641.78,3641.82,3641.1,3641.64,250.0
2025-09-15 06:25:00,3641.6,3644.21,3641.6,3643.96,300.0
2025-09-15 06:30:00,3643.77,3645.73,3643.67,3645.54,278.0
2025-09-15 06:35:00,3645.58,3645.85,3643.42,3643.66,283.0
2025-09-15 06:40:00,3643.68,3645.07,3643.57,3644.94,212.0
2025-09-15 06:45:00,3644.91,3645.78,3644.76,3645.47,216.0
2025-09-15 06:50:00,3645.51,3646.43,3645.51,3646.27,250.0
2025-09-15 06:55:00,3646.28,3646.38,3645.82,3646.12,217.0
2025-09-15 07:00:00,3646.16,3646.64,3645.3,3646.04,196.0
2025-09-15 07:05:00,3646.06,3646.82,3646.06,3646.72,150.0
2025-09-15 07:10:00,3646.71,3646.83,3645.3,3645.92,194.0
2025-09-15 07:15:00,3645.94,3646.02,3645.59,3645.63,174.0
2025-09-15 07:20:00,3645.64,3646.45,3644.47,3645.35,240.0
2025-09-15 07:25:00,3645.31,3645.32,3644.72,3645.2,182.0
2025-09-15 07:30:00,3645.16,3645.25,3644.46,3644.58,176.0
2025-09-15 07:35:00,3644.61,3644.68,3644.26,3644.53,174.0
2025-09-15 07:40:00,3644.51,3644.93,3644.06,3644.33,210.0
2025-09-15 07:45:00,3644.31,3644.63,3643.83,3644.25,193.0
2025-09-15 07:50:00,3644.27,3645.22,3643.9,3644.12,177.0
2025-09-15 07:55:00,3644.1,3645.6,3643.69,3645.6,176.0
2025-09-15 08:00:00,3645.64,3645.8,3644.29,3644.53,146.0
2025-09-15 08:05:00,3644.49,3644.94,3643.86,3643.91,242.0
2025-09-15 08:10:00,3643.94,3643.98,3642.49,3642.8,247.0
2025-09-15 08:15:00,3642.82,3644.55,3642.35,3644.3,292.0
2025-09-15 08:20:00,3644.34,3645.77,3644.34,3645.44,258.0
2025-09-15 08:25:00,3645.6,3645.69,3644.71,3645.31,245.0
2025-09-15 08:30:00,3645.45,3646.24,3643.53,3645.23,320.0
2025-09-15 08:35:00,3645.08,3645.62,3643.56,3643.68,277.0
2025-09-15 08:40:00,3643.74,3644.19,3643.37,3643.9,256.0
2025-09-15 08:45:00,3643.91,3644.79,3643.6,3644.3,294.0
2025-09-15 08:50:00,3644.29,3644.67,3643.81,3644.43,218.0
2025-09-15 08:55:00,3644.45,3644.55,3643.37,3643.62,240.0
2025-09-15 09:00:00,3643.64,3643.89,3642.14,3642.15,317.0
2025-09-15 09:05:00,3642.14,3643.25,3641.76,3642.82,300.0
2025-09-15 09:10:00,3642.84,3643.63,3642.27,3642.62,295.0
2025-09-15 09:15:00,3642.51,3642.67,3640.48,3641.83,362.0
2025-09-15 09:20:00,3641.85,3643.62,3641.85,3643.26,303.0
2025-09-15 09:25:00,3643.31,3643.79,3641.41,3642.04,323.0
2025-09-15 09:30:00,3641.56,3643.79,3640.78,3642.46,305.0
2025-09-15 09:35:00,3642.43,3643.26,3641.73,3642.22,304.0
2025-09-15 09:40:00,3642.24,3642.24,3638.97,3639.63,379.0
2025-09-15 09:45:00,3639.57,3640.83,3638.69,3638.8,334.0
2025-09-15 09:50:00,3638.78,3639.59,3637.96,3637.99,307.0
2025-09-15 09:55:00,3638.01,3638.43,3636.73,3636.73,352.0
2025-09-15 10:00:00,3635.96,3636.8,3634.06,3635.64,416.0
2025-09-15 10:05:00,3635.59,3637.44,3635.59,3636.91,357.0
2025-09-15 10:10:00,3636.91,3637.76,3634.99,3636.11,366.0
2025-09-15 10:15:00,3636.08,3636.61,3634.59,3634.76,340.0
2025-09-15 10:20:00,3634.9,3635.4,3633.81,3635.05,375.0
2025-09-15 10:25:00,3635.07,3636.32,3634.37,3636.32,321.0
2025-09-15 10:30:00,3636.29,3639.71,3636.1,3639.45,366.0
2025-09-15 10:35:00,3639.43,3641.51,3639.43,3640.97,378.0
2025-09-15 10:40:00,3640.96,3642.11,3640.12,3641.17,376.0
2025-09-15 10:45:00,3641.13,3641.91,3639.66,3640.97,371.0
2025-09-15 10:50:00,3641.0,3643.87,3640.73,3643.51,388.0
2025-09-15 10:55:00,3643.37,3644.97,3643.15,3643.87,349.0
2025-09-15 11:00:00,3643.84,3644.98,3642.47,3643.1,403.0
2025-09-15 11:05:00,3643.05,3645.15,3641.47,3643.28,383.0
2025-09-15 11:10:00,3643.22,3643.61,3641.42,3641.53,349.0
2025-09-15 11:15:00,3641.63,3642.95,3641.07,3642.8,337.0
2025-09-15 11:20:00,3642.76,3643.15,3641.68,3642.0,342.0
2025-09-15 11:25:00,3642.08,3642.7,3641.38,3641.68,273.0
2025-09-15 11:30:00,3641.69,3642.97,3641.22,3641.67,288.0
2025-09-15 11:35:00,3641.66,3642.35,3641.2,3641.68,321.0
2025-09-15 11:40:00,3641.6,3642.64,3641.37,3641.87,312.0
2025-09-15 11:45:00,3641.9,3642.31,3640.91,3640.96,340.0
2025-09-15 11:50:00,3640.86,3642.27,3640.86,3642.19,295.0
2025-09-15 11:55:00,3642.19,3645.75,3641.99,3645.47,355.0
2025-09-15 12:00:00,3645.43,3645.81,3644.51,3644.84,354.0
2025-09-15 12:05:00,3644.96,3644.98,3643.44,3643.66,330.0
2025-09-15 12:10:00,3643.57,3644.66,3642.86,3644.59,284.0
2025-09-15 12:15:00,3644.55,3645.15,3642.65,3642.71,287.0
2025-09-15 12:20:00,3642.8,3642.98,3640.4,3640.54,326.0
2025-09-15 12:25:00,3640.54,3641.77,3639.65,3640.48,365.0
2025-09-15 12:30:00,3640.45,3640.48,3638.21,3638.96,380.0
2025-09-15 12:35:00,3638.95,3638.96,3635.83,3637.36,371.0
2025-09-15 12:40:00,3637.48,3637.97,3636.28,3637.63,372.0
2025-09-15 12:45:00,3637.4,3639.18,3635.87,3638.04,342.0
2025-09-15 12:50:00,3637.99,3639.2,3637.79,3638.95,327.0
2025-09-15 12:55:00,3638.96,3641.67,3638.77,3641.21,313.0
2025-09-15 13:00:00,3641.26,3644.19,3641.19,3643.55,344.0
2025-09-15 13:05:00,3643.53,3643.96,3642.36,3642.37,350.0
2025-09-15 13:10:00,3642.22,3644.55,3642.19,3644.43,270.0
2025-09-15 13:15:00,3644.38,3646.08,3644.16,3645.1,372.0
2025-09-15 13:20:00,3645.07,3646.16,3644.52,3645.62,367.0
2025-09-15 13:25:00,3645.57,3646.28,3644.78,3645.79,334.0
2025-09-15 13:30:00,3645.81,3646.23,3645.25,3645.31,300.0
2025-09-15 13:35:00,3645.3,3645.61,3643.91,3644.33,368.0
2025-09-15 13:40:00,3644.32,3644.66,3642.21,3642.67,354.0
2025-09-15 13:45:00,3642.65,3643.03,3640.6,3640.66,359.0
2025-09-15 13:50:00,3640.71,3640.85,3639.29,3639.33,356.0
2025-09-15 13:55:00,3639.39,3640.61,3639.18,3639.92,372.0
2025-09-15 14:00:00,3640.1,3641.01,3639.05,3639.79,409.0
2025-09-15 14:05:00,3639.8,3641.76,3639.63,3641.58,355.0
2025-09-15 14:10:00,3641.41,3643.1,3640.55,3643.09,337.0
2025-09-15 14:15:00,3643.09,3645.03,3642.86,3644.81,330.0
2025-09-15 14:20:00,3644.79,3645.48,3643.92,3645.13,375.0
2025-09-15 14:25:00,3645.19,3645.89,3644.11,3644.48,317.0
2025-09-15 14:30:00,3644.46,3645.91,3643.83,3645.35,363.0
2025-09-15 14:35:00,3645.34,3645.67,3644.52,3645.46,333.0
2025-09-15 14:40:00,3645.45,3646.43,3644.61,3646.41,347.0
2025-09-15 14:45:00,3646.43,3646.71,3644.03,3644.51,358.0
2025-09-15 14:50:00,3644.49,3644.72,3643.04,3644.64,341.0
2025-09-15 14:55:00,3644.46,3645.23,3642.29,3642.58,342.0
2025-09-15 15:00:00,3642.68,3643.56,3641.58,3642.64,426.0
2025-09-15 15:05:00,3642.66,3643.25,3641.17,3641.75,365.0
2025-09-15 15:10:00,3641.57,3641.99,3640.04,3640.52,350.0
2025-09-15 15:15:00,3640.5,3640.74,3638.39,3639.7,406.0
2025-09-15 15:20:00,3639.77,3639.95,3637.05,3639.67,443.0
2025-09-15 15:25:00,3640.03,3640.15,3637.31,3638.28,409.0
2025-09-15 15:30:00,3638.47,3641.46,3638.06,3640.82,430.0
2025-09-15 15:35:00,3640.82,3644.37,3640.49,3643.03,424.0
2025-09-15 15:40:00,3642.99,3644.83,3642.11,3644.65,412.0
2025-09-15 15:45:00,3644.65,3648.8,3643.82,3648.76,462.0
2025-09-15 15:50:00,3648.78,3650.99,3647.88,3648.22,455.0
2025-09-15 15:55:00,3648.24,3650.57,3647.79,3650.32,414.0
2025-09-15 16:00:00,3650.42,3651.09,3648.22,3648.83,462.0
2025-09-15 16:05:00,3648.8,3650.17,3647.97,3648.2,419.0
2025-09-15 16:10:00,3648.16,3650.21,3646.85,3649.63,435.0
2025-09-15 16:15:00,3649.6,3650.05,3648.18,3649.73,399.0
2025-09-15 16:20:00,3649.77,3653.51,3649.76,3651.31,445.0
2025-09-15 16:25:00,3651.01,3653.76,3650.87,3653.71,394.0
2025-09-15 16:30:00,3653.73,3655.6,3652.82,3655.02,465.0
2025-09-15 16:35:00,3654.89,3661.89,3654.88,3661.85,490.0
2025-09-15 16:40:00,3661.9,3664.29,3661.05,3662.73,503.0
2025-09-15 16:45:00,3662.85,3664.01,3659.19,3660.37,460.0
2025-09-15 16:50:00,3660.38,3663.09,3659.3,3660.61,484.0
2025-09-15 16:55:00,3660.59,3661.09,3656.39,3657.05,456.0
2025-09-15 17:00:00,3657.07,3659.47,3653.82,3658.95,483.0
2025-09-15 17:05:00,3658.97,3659.67,3656.72,3659.09,471.0
2025-09-15 17:10:00,3659.12,3660.84,3658.84,3659.82,430.0
2025-09-15 17:15:00,3659.96,3660.23,3656.05,3656.86,418.0
2025-09-15 17:20:00,3656.89,3659.52,3656.88,3657.49,407.0
2025-09-15 17:25:00,3657.49,3659.07,3657.11,3657.72,420.0
2025-09-15 17:30:00,3657.73,3659.78,3656.88,3658.84,434.0
2025-09-15 17:35:00,3658.82,3661.92,3658.62,3660.98,418.0
2025-09-15 17:40:00,3660.99,3661.85,3658.93,3661.79,390.0
2025-09-15 17:45:00,3661.77,3663.0,3660.73,3662.03,401.0
2025-09-15 17:50:00,3662.04,3663.05,3661.6,3662.93,388.0
2025-09-15 17:55:00,3662.9,3663.77,3662.78,3663.46,392.0
2025-09-15 18:00:00,3663.57,3665.26,3663.11,3664.89,393.0
2025-09-15 18:05:00,3665.06,3665.69,3663.27,3665.1,400.0
2025-09-15 18:10:00,3664.92,3665.7,3663.45,3664.78,380.0
2025-09-15 18:15:00,3664.79,3665.45,3663.95,3664.71,381.0
2025-09-15 18:20:00,3664.73,3666.32,3664.49,3665.46,378.0
2025-09-15 18:25:00,3665.42,3667.74,3665.42,3667.33,396.0
2025-09-15 18:30:00,3667.34,3667.58,3666.02,3666.76,371.0
2025-09-15 18:35:00,3666.71,3667.77,3666.54,3667.64,372.0
2025-09-15 18:40:00,3667.6,3669.02,3667.51,3668.53,353.0
2025-09-15 18:45:00,3668.46,3673.99,3668.46,3673.78,391.0
2025-09-15 18:50:00,3673.75,3679.01,3672.89,3678.29,510.0
2025-09-15 18:55:00,3678.36,3681.85,3677.8,3680.52,507.0
2025-09-15 19:00:00,3680.55,3680.74,3677.42,3679.48,485.0
2025-09-15 19:05:00,3679.59,3682.16,3679.34,3681.99,429.0
2025-09-15 19:10:00,3682.1,3682.21,3680.81,3681.0,422.0
2025-09-15 19:15:00,3680.92,3681.89,3679.71,3681.2,398.0
2025-09-15 19:20:00,3681.19,3682.59,3681.14,3682.41,362.0
2025-09-15 19:25:00,3682.42,3684.54,3681.54,3684.24,373.0
2025-09-15 19:30:00,3684.3,3685.5,3683.5,3685.11,395.0
2025-09-15 19:35:00,3684.99,3685.05,3677.43,3677.63,439.0
2025-09-15 19:40:00,3677.62,3681.12,3676.79,3678.75,442.0
2025-09-15 19:45:00,3678.78,3679.16,3674.76,3679.08,423.0
2025-09-15 19:50:00,3679.01,3680.78,3677.54,3679.55,373.0
2025-09-15 19:55:00,3679.56,3680.28,3678.88,3679.18,354.0
2025-09-15 20:00:00,3679.21,3681.07,3679.15,3680.54,358.0
2025-09-15 20:05:00,3680.55,3681.67,3679.2,3680.96,354.0
2025-09-15 20:10:00,3680.72,3681.25,3679.7,3679.73,321.0
2025-09-15 20:15:00,3679.75,3680.92,3679.48,3680.66,333.0
2025-09-15 20:20:00,3680.65,3680.65,3678.66,3679.67,336.0
2025-09-15 20:25:00,3679.66,3681.07,3679.42,3679.92,375.0
2025-09-15 20:30:00,3680.05,3682.66,3680.05,3681.91,393.0
2025-09-15 20:35:00,3681.78,3682.24,3681.22,3681.66,361.0
2025-09-15 20:40:00,3681.65,3681.98,3679.85,3680.65,385.0
2025-09-15 20:45:00,3680.64,3681.55,3680.03,3681.32,360.0
2025-09-15 20:50:00,3681.26,3681.89,3680.51,3680.73,334.0
2025-09-15 20:55:00,3680.75,3682.03,3680.75,3681.66,340.0
2025-09-15 21:00:00,3681.62,3681.97,3680.01,3680.92,318.0
2025-09-15 21:05:00,3680.97,3681.36,3680.72,3680.72,266.0
2025-09-15 21:10:00,3680.73,3680.87,3678.51,3678.54,319.0
2025-09-15 21:15:00,3678.57,3678.92,3677.58,3678.77,342.0
2025-09-15 21:20:00,3678.8,3680.17,3678.73,3679.8,324.0
2025-09-15 21:25:00,3679.88,3680.33,3679.17,3680.07,279.0
2025-09-15 21:30:00,3680.07,3680.61,3679.41,3679.6,262.0
2025-09-15 21:35:00,3679.61,3679.73,3676.31,3677.25,313.0
2025-09-15 21:40:00,3677.24,3678.44,3675.85,3678.4,326.0
2025-09-15 21:45:00,3678.39,3678.64,3676.5,3677.05,313.0
2025-09-15 21:50:00,3677.05,3677.21,3675.92,3676.49,306.0
2025-09-15 21:55:00,3676.48,3677.12,3676.13,3676.86,341.0
2025-09-15 22:00:00,3676.94,3678.6,3676.74,3678.45,320.0
2025-09-15 22:05:00,3678.34,3678.74,3677.71,3678.68,309.0
2025-09-15 22:10:00,3678.52,3680.17,3678.18,3680.04,326.0
2025-09-15 22:15:00,3680.03,3680.7,3679.07,3680.19,349.0
2025-09-15 22:20:00,3680.17,3680.25,3679.28,3680.07,339.0
2025-09-15 22:25:00,3680.08,3680.32,3679.32,3679.41,297.0
2025-09-15 22:30:00,3679.41,3680.81,3679.31,3680.81,309.0
2025-09-15 22:35:00,3680.89,3681.06,3679.64,3680.79,333.0
2025-09-15 22:40:00,3680.84,3681.94,3680.66,3681.94,341.0
2025-09-15 22:45:00,3682.14,3682.74,3681.67,3682.56,398.0
2025-09-15 22:50:00,3682.55,3682.74,3681.17,3681.66,360.0
2025-09-15 22:55:00,3681.62,3681.78,3680.69,3680.94,392.0
2025-09-15 23:00:00,3680.97,3681.67,3679.11,3681.29,294.0
2025-09-15 23:05:00,3681.27,3682.06,3681.05,3681.49,290.0
2025-09-15 23:10:00,3681.4,3681.4,3680.81,3681.16,204.0
2025-09-15 23:15:00,3681.14,3681.76,3680.67,3681.44,175.0
2025-09-15 23:20:00,3681.45,3681.67,3681.21,3681.26,161.0
2025-09-15 23:25:00,3681.23,3681.36,3680.59,3680.61,180.0
2025-09-15 23:30:00,3680.48,3680.95,3680.01,3680.68,163.0
2025-09-15 23:35:00,3680.7,3681.05,3680.51,3681.01,207.0
2025-09-15 23:40:00,3680.99,3681.39,3680.81,3681.32,158.0
2025-09-15 23:45:00,3681.29,3681.29,3680.72,3681.14,149.0
2025-09-15 23:50:00,3681.15,3681.28,3680.26,3680.5,194.0
2025-09-15 23:55:00,3679.45,3679.56,3678.55,3678.66,185.0
2025-09-16 01:00:00,3680.34,3681.23,3679.47,3679.82,278.0
2025-09-16 01:05:00,3679.77,3680.13,3676.59,3676.76,148.0
2025-09-16 01:10:00,3676.75,3678.21,3676.27,3677.83,203.0
2025-09-16 01:15:00,3677.82,3677.9,3676.4,3677.23,208.0
2025-09-16 01:20:00,3677.24,3677.84,3677.16,3677.74,206.0
2025-09-16 01:25:00,3677.64,3678.82,3677.63,3678.81,168.0
2025-09-16 01:30:00,3678.84,3679.8,3678.84,3678.92,236.0
2025-09-16 01:35:00,3678.93,3679.01,3677.91,3678.82,145.0
2025-09-16 01:40:00,3678.79,3679.04,3678.06,3678.32,127.0
2025-09-16 01:45:00,3678.37,3678.77,3677.72,3677.81,130.0
2025-09-16 01:50:00,3677.8,3678.75,3677.76,3678.54,188.0
2025-09-16 01:55:00,3678.53,3678.89,3678.18,3678.79,136.0
2025-09-16 02:00:00,3678.8,3680.26,3678.68,3679.65,189.0
2025-09-16 02:05:00,3679.66,3679.98,3679.11,3679.11,142.0
2025-09-16 02:10:00,3679.12,3679.59,3678.74,3679.51,122.0
2025-09-16 02:15:00,3679.49,3680.41,3679.24,3679.98,148.0
2025-09-16 02:20:00,3679.9,3680.21,3678.94,3679.24,139.0
2025-09-16 02:25:00,3679.25,3679.27,3677.95,3678.84,230.0
2025-09-16 02:30:00,3678.87,3678.88,3678.2,3678.21,154.0
2025-09-16 02:35:00,3678.28,3678.65,3678.01,3678.47,145.0
2025-09-16 02:40:00,3678.46,3678.56,3678.07,3678.26,138.0
2025-09-16 02:45:00,3678.26,3678.26,3676.11,3677.77,301.0
2025-09-16 02:50:00,3677.78,3677.78,3676.45,3676.7,244.0
2025-09-16 02:55:00,3676.7,3677.12,3676.38,3676.94,215.0
2025-09-16 03:00:00,3676.88,3679.21,3676.45,3677.03,385.0
2025-09-16 03:05:00,3677.04,3678.28,3676.78,3677.83,301.0
2025-09-16 03:10:00,3677.84,3679.79,3677.45,3679.43,280.0
2025-09-16 03:15:00,3679.45,3681.84,3679.13,3681.43,356.0
2025-09-16 03:20:00,3681.35,3682.34,3680.61,3681.34,304.0
2025-09-16 03:25:00,3681.32,3683.59,3680.79,3683.53,333.0
2025-09-16 03:30:00,3683.58,3685.14,3683.49,3684.39,366.0
2025-09-16 03:35:00,3684.2,3684.99,3682.34,3682.41,315.0
2025-09-16 03:40:00,3682.42,3684.91,3682.32,3684.15,292.0
2025-09-16 03:45:00,3684.16,3684.47,3682.2,3683.58,278.0
2025-09-16 03:50:00,3683.58,3685.05,3683.3,3684.3,387.0
2025-09-16 03:55:00,3684.25,3686.81,3684.25,3686.43,375.0
2025-09-16 04:00:00,3686.43,3689.4,3680.65,3680.71,529.0
2025-09-16 04:05:00,3680.71,3682.03,3679.71,3679.92,467.0
2025-09-16 04:10:00,3679.89,3681.67,3679.21,3679.9,459.0
2025-09-16 04:15:00,3680.11,3680.45,3677.77,3678.02,434.0
2025-09-16 04:20:00,3677.97,3679.48,3677.13,3678.89,385.0
2025-09-16 04:25:00,3678.9,3680.0,3677.69,3678.68,351.0
2025-09-16 04:30:00,3678.45,3681.85,3677.63,3680.59,398.0
2025-09-16 04:35:00,3680.65,3680.66,3678.41,3679.51,388.0
2025-09-16 04:40:00,3679.54,3680.63,3677.68,3677.69,381.0
2025-09-16 04:45:00,3677.69,3679.28,3677.29,3677.92,387.0
2025-09-16 04:50:00,3677.93,3678.86,3677.44,3678.31,357.0
2025-09-16 04:55:00,3678.08,3679.37,3677.73,3679.27,345.0
2025-09-16 05:00:00,3679.23,3681.41,3679.11,3680.22,377.0
2025-09-16 05:05:00,3680.15,3682.58,3679.88,3681.13,376.0
2025-09-16 05:10:00,3681.14,3681.78,3678.65,3681.68,349.0
2025-09-16 05:15:00,3681.8,3682.23,3680.93,3681.43,293.0
2025-09-16 05:20:00,3681.42,3681.88,3680.52,3680.61,266.0
2025-09-16 05:25:00,3680.6,3681.35,3680.2,3681.01,221.0
2025-09-16 05:30:00,3681.03,3681.19,3678.35,3678.53,359.0
2025-09-16 05:35:00,3678.47,3679.84,3676.38,3679.1,405.0
2025-09-16 05:40:00,3679.24,3679.3,3676.65,3677.76,413.0
2025-09-16 05:45:00,3677.88,3678.97,3674.68,3678.56,437.0
2025-09-16 05:50:00,3678.61,3679.98,3677.51,3679.3,407.0
2025-09-16 05:55:00,3679.3,3680.28,3677.39,3677.65,381.0
2025-09-16 06:00:00,3677.7,3678.62,3677.04,3678.35,392.0
2025-09-16 06:05:00,3678.33,3679.02,3678.02,3678.63,362.0
2025-09-16 06:10:00,3678.67,3680.59,3678.39,3680.56,328.0
2025-09-16 06:15:00,3680.59,3681.68,3680.28,3680.85,355.0
2025-09-16 06:20:00,3680.86,3681.91,3680.72,3681.09,316.0
2025-09-16 06:25:00,3681.06,3681.78,3680.77,3681.77,288.0
2025-09-16 06:30:00,3681.77,3682.82,3681.51,3681.79,319.0
2025-09-16 06:35:00,3681.74,3683.13,3681.36,3682.89,303.0
2025-09-16 06:40:00,3682.86,3682.98,3680.76,3681.54,281.0
2025-09-16 06:45:00,3681.52,3681.66,3680.76,3681.55,221.0
2025-09-16 06:50:00,3681.56,3682.03,3681.12,3681.56,216.0
2025-09-16 06:55:00,3681.52,3681.85,3680.57,3681.11,246.0
2025-09-16 07:00:00,3681.11,3681.55,3680.68,3681.36,289.0
2025-09-16 07:05:00,3681.28,3682.38,3681.28,3682.31,219.0
2025-09-16 07:10:00,3682.35,3682.58,3681.79,3682.46,214.0
2025-09-16 07:15:00,3682.47,3682.48,3681.52,3681.81,225.0
2025-09-16 07:20:00,3681.76,3683.5,3681.67,3682.86,229.0
2025-09-16 07:25:00,3682.87,3682.87,3681.85,3682.06,193.0
2025-09-16 07:30:00,3682.03,3682.19,3681.4,3681.47,161.0
2025-09-16 07:35:00,3681.46,3681.53,3680.31,3680.57,251.0
2025-09-16 07:40:00,3680.55,3682.92,3680.19,3682.83,245.0
2025-09-16 07:45:00,3682.6,3683.55,3682.35,3682.69,241.0
2025-09-16 07:50:00,3682.49,3685.33,3682.34,3685.13,263.0
2025-09-16 07:55:00,3685.01,3685.19,3683.98,3684.35,275.0
2025-09-16 08:00:00,3684.27,3684.5,3682.81,3683.45,252.0
2025-09-16 08:05:00,3683.41,3684.51,3682.91,3683.97,311.0
2025-09-16 08:10:00,3683.98,3684.14,3683.27,3684.14,256.0
2025-09-16 08:15:00,3684.17,3684.5,3683.52,3684.38,227.0
2025-09-16 08:20:00,3684.43,3684.43,3683.46,3683.47,214.0
2025-09-16 08:25:00,3683.47,3684.4,3683.47,3684.25,231.0
2025-09-16 08:30:00,3684.29,3684.47,3682.88,3683.06,335.0
2025-09-16 08:35:00,3683.04,3683.88,3682.51,3682.99,315.0
2025-09-16 08:40:00,3682.93,3682.93,3681.56,3681.62,307.0
2025-09-16 08:45:00,3681.63,3681.95,3680.34,3680.63,332.0
2025-09-16 08:50:00,3680.55,3681.59,3680.33,3680.85,308.0
2025-09-16 08:55:00,3680.86,3683.15,3680.72,3682.73,316.0
2025-09-16 09:00:00,3682.76,3684.76,3682.68,3683.47,343.0
2025-09-16 09:05:00,3683.3,3684.01,3681.78,3682.24,315.0
2025-09-16 09:10:00,3682.21,3684.46,3682.15,3682.9,331.0
2025-09-16 09:15:00,3682.94,3685.65,3682.66,3685.2,322.0
2025-09-16 09:20:00,3685.24,3686.92,3685.02,3685.41,361.0
2025-09-16 09:25:00,3685.42,3685.82,3684.73,3685.29,344.0
2025-09-16 09:30:00,3685.02,3686.26,3684.26,3686.26,300.0
2025-09-16 09:35:00,3686.24,3688.3,3686.18,3687.81,386.0
2025-09-16 09:40:00,3687.79,3689.84,3686.37,3689.84,385.0
2025-09-16 09:45:00,3689.83,3692.62,3689.19,3690.59,455.0
2025-09-16 09:50:00,3690.58,3691.77,3688.14,3691.62,412.0
2025-09-16 09:55:00,3691.61,3694.2,3691.35,3693.43,399.0
2025-09-16 10:00:00,3693.05,3694.09,3691.54,3693.21,413.0
2025-09-16 10:05:00,3693.21,3694.04,3691.74,3691.99,396.0
2025-09-16 10:10:00,3692.02,3692.75,3689.79,3692.65,427.0
2025-09-16 10:15:00,3692.71,3693.25,3692.2,3692.96,358.0
2025-09-16 10:20:00,3692.95,3693.33,3690.7,3691.26,354.0
2025-09-16 10:25:00,3691.28,3692.06,3690.45,3691.78,361.0
2025-09-16 10:30:00,3691.85,3692.49,3689.88,3690.0,361.0
2025-09-16 10:35:00,3690.02,3690.02,3687.68,3688.48,393.0
2025-09-16 10:40:00,3688.46,3688.55,3687.13,3688.23,389.0
2025-09-16 10:45:00,3688.16,3689.5,3687.51,3688.12,365.0
2025-09-16 10:50:00,3688.11,3688.64,3687.12,3688.31,397.0
2025-09-16 10:55:00,3688.23,3689.03,3686.25,3686.43,359.0
2025-09-16 11:00:00,3686.36,3688.23,3686.13,3687.97,342.0
2025-09-16 11:05:00,3688.13,3689.33,3687.46,3689.3,308.0
2025-09-16 11:10:00,3689.32,3696.08,3688.98,3695.93,429.0
2025-09-16 11:15:00,3695.87,3697.16,3693.96,3695.43,449.0
2025-09-16 11:20:00,3695.23,3695.88,3694.31,3694.42,404.0
2025-09-16 11:25:00,3694.49,3695.17,3693.79,3694.61,373.0
2025-09-16 11:30:00,3694.43,3694.59,3691.74,3692.31,370.0
2025-09-16 11:35:00,3692.27,3693.96,3691.77,3693.74,346.0
2025-09-16 11:40:00,3693.73,3695.31,3693.63,3695.19,315.0
2025-09-16 11:45:00,3695.21,3696.0,3693.81,3695.01,333.0
2025-09-16 11:50:00,3695.14,3696.03,3694.73,3694.86,299.0
2025-09-16 11:55:00,3694.87,3695.86,3694.02,3694.34,288.0
2025-09-16 12:00:00,3694.26,3694.89,3693.38,3693.6,324.0
2025-09-16 12:05:00,3693.59,3694.88,3692.97,3694.46,310.0
2025-09-16 12:10:00,3694.47,3695.71,3694.07,3694.99,308.0
2025-09-16 12:15:00,3694.95,3695.95,3694.19,3695.0,333.0
2025-09-16 12:20:00,3695.06,3697.67,3695.06,3697.08,361.0
2025-09-16 12:25:00,3697.02,3697.82,3695.07,3695.07,390.0
2025-09-16 12:30:00,3695.08,3697.2,3694.73,3695.36,372.0
2025-09-16 12:35:00,3695.33,3696.95,3695.02,3696.87,323.0
2025-09-16 12:40:00,3696.89,3697.13,3695.93,3696.42,301.0
2025-09-16 12:45:00,3696.43,3697.29,3696.14,3696.67,298.0
2025-09-16 12:50:00,3696.73,3698.79,3696.67,3698.03,373.0
2025-09-16 12:55:00,3698.01,3698.7,3697.44,3698.27,347.0
2025-09-16 13:00:00,3698.23,3698.74,3696.56,3696.75,326.0
2025-09-16 13:05:00,3696.7,3697.9,3696.58,3697.3,338.0
2025-09-16 13:10:00,3697.29,3697.43,3696.04,3696.58,315.0
2025-09-16 13:15:00,3696.58,3697.17,3696.27,3696.6,307.0
2025-09-16 13:20:00,3696.57,3696.77,3696.13,3696.4,295.0
2025-09-16 13:25:00,3696.43,3697.82,3696.38,3697.41,331.0
2025-09-16 13:30:00,3697.4,3697.58,3696.44,3696.65,310.0
2025-09-16 13:35:00,3696.72,3696.72,3694.75,3695.05,347.0
2025-09-16 13:40:00,3695.33,3696.53,3693.87,3694.4,359.0
2025-09-16 13:45:00,3694.42,3695.61,3693.87,3695.35,348.0
2025-09-16 13:50:00,3695.32,3695.76,3693.11,3693.5,375.0
2025-09-16 13:55:00,3693.48,3693.99,3692.99,3693.14,383.0
2025-09-16 14:00:00,3693.19,3694.8,3692.57,3692.72,426.0
2025-09-16 14:05:00,3692.75,3693.37,3691.59,3693.31,397.0
2025-09-16 14:10:00,3693.41,3693.63,3692.39,3692.73,409.0
2025-09-16 14:15:00,3692.72,3692.72,3690.6,3691.57,379.0
2025-09-16 14:20:00,3691.73,3691.73,3690.54,3691.03,322.0
2025-09-16 14:25:00,3691.02,3692.96,3690.99,3692.69,391.0
2025-09-16 14:30:00,3692.72,3693.39,3692.22,3693.17,408.0
2025-09-16 14:35:00,3693.15,3695.21,3692.96,3694.62,455.0
2025-09-16 14:40:00,3694.54,3696.56,3693.52,3696.34,414.0
2025-09-16 14:45:00,3696.28,3697.84,3695.6,3697.83,410.0
2025-09-16 14:50:00,3697.83,3699.48,3697.47,3698.16,447.0
2025-09-16 14:55:00,3698.24,3698.51,3696.71,3697.13,445.0
2025-09-16 15:00:00,3697.28,3697.48,3695.26,3695.93,429.0
2025-09-16 15:05:00,3695.91,3696.85,3694.78,3695.88,439.0
2025-09-16 15:10:00,3695.73,3696.12,3693.77,3694.28,431.0
2025-09-16 15:15:00,3694.3,3696.01,3693.08,3695.55,429.0
2025-09-16 15:20:00,3695.35,3695.7,3692.22,3693.74,469.0
2025-09-16 15:25:00,3693.67,3693.92,3691.38,3691.45,430.0
2025-09-16 15:30:00,3691.22,3691.61,3687.74,3691.41,521.0
2025-09-16 15:35:00,3691.32,3693.07,3688.44,3688.83,513.0
2025-09-16 15:40:00,3688.82,3689.83,3686.51,3689.37,510.0
2025-09-16 15:45:00,3689.46,3690.46,3688.07,3689.59,497.0
2025-09-16 15:50:00,3689.6,3690.63,3688.39,3688.84,465.0
2025-09-16 15:55:00,3688.77,3689.97,3687.86,3689.23,476.0
2025-09-16 16:00:00,3688.91,3689.39,3685.63,3686.76,503.0
2025-09-16 16:05:00,3686.71,3687.87,3685.55,3686.66,455.0
2025-09-16 16:10:00,3686.68,3688.45,3685.53,3687.81,430.0
2025-09-16 16:15:00,3687.91,3688.37,3685.25,3686.78,443.0
2025-09-16 16:20:00,3686.66,3692.09,3686.3,3691.46,504.0
2025-09-16 16:25:00,3691.41,3694.65,3691.09,3694.34,475.0
2025-09-16 16:30:00,3694.32,3695.43,3692.06,3695.43,512.0
2025-09-16 16:35:00,3695.32,3698.6,3695.06,3698.6,545.0
2025-09-16 16:40:00,3698.32,3698.51,3692.48,3693.33,531.0
2025-09-16 16:45:00,3693.25,3697.46,3693.25,3695.85,512.0
2025-09-16 16:50:00,3695.83,3698.37,3695.72,3697.6,507.0
2025-09-16 16:55:00,3697.86,3697.95,3695.3,3695.7,484.0
2025-09-16 17:00:00,3695.51,3697.26,3694.58,3695.61,508.0
2025-09-16 17:05:00,3695.48,3697.41,3693.79,3696.97,502.0
2025-09-16 17:10:00,3696.89,3699.46,3696.59,3699.4,499.0
2025-09-16 17:15:00,3699.32,3703.06,3698.28,3701.99,539.0
2025-09-16 17:20:00,3701.75,3701.75,3698.55,3700.2,511.0
2025-09-16 17:25:00,3700.1,3700.47,3691.99,3692.71,525.0
2025-09-16 17:30:00,3693.03,3695.16,3689.05,3690.96,543.0
2025-09-16 17:35:00,3690.85,3695.84,3690.8,3694.42,538.0
2025-09-16 17:40:00,3694.6,3694.94,3689.4,3689.62,538.0
2025-09-16 17:45:00,3689.44,3690.97,3687.9,3689.79,525.0
2025-09-16 17:50:00,3689.68,3689.93,3686.0,3688.99,526.0
2025-09-16 17:55:00,3688.97,3688.97,3685.71,3686.32,477.0
2025-09-16 18:00:00,3686.33,3687.86,3685.49,3685.94,487.0
2025-09-16 18:05:00,3685.62,3685.65,3680.03,3680.58,559.0
2025-09-16 18:10:00,3680.59,3684.64,3680.57,3684.36,534.0
2025-09-16 18:15:00,3683.97,3686.18,3683.58,3685.81,466.0
2025-09-16 18:20:00,3685.74,3688.7,3683.64,3684.48,515.0
2025-09-16 18:25:00,3684.39,3685.48,3681.85,3682.06,484.0
2025-09-16 18:30:00,3682.22,3682.82,3679.54,3679.9,507.0
2025-09-16 18:35:00,3679.83,3681.98,3678.87,3681.98,496.0
2025-09-16 18:40:00,3681.83,3681.96,3678.99,3680.31,461.0
2025-09-16 18:45:00,3680.31,3684.84,3680.18,3684.45,477.0
2025-09-16 18:50:00,3684.27,3686.02,3683.73,3685.53,450.0
2025-09-16 18:55:00,3685.62,3686.94,3685.31,3686.12,447.0
2025-09-16 19:00:00,3686.12,3687.58,3685.86,3686.89,422.0
2025-09-16 19:05:00,3686.88,3686.95,3684.66,3685.16,417.0
2025-09-16 19:10:00,3684.93,3687.77,3684.93,3687.24,393.0
2025-09-16 19:15:00,3687.2,3689.05,3686.63,3689.0,409.0
2025-09-16 19:20:00,3688.97,3689.5,3688.15,3688.42,383.0
2025-09-16 19:25:00,3688.44,3689.74,3688.42,3689.09,381.0
2025-09-16 19:30:00,3689.11,3690.23,3688.68,3689.72,428.0
2025-09-16 19:35:00,3689.74,3691.14,3688.11,3688.54,410.0
2025-09-16 19:40:00,3688.57,3688.57,3686.27,3686.59,423.0
2025-09-16 19:45:00,3686.67,3690.35,3686.67,3689.43,404.0
2025-09-16 19:50:00,3689.42,3690.85,3689.32,3690.14,400.0
2025-09-16 19:55:00,3690.14,3691.13,3689.76,3689.78,398.0
2025-09-16 20:00:00,3689.78,3690.92,3689.65,3689.96,348.0
2025-09-16 20:05:00,3689.98,3690.01,3687.67,3688.09,418.0
2025-09-16 20:10:00,3688.11,3688.28,3686.77,3688.26,413.0
2025-09-16 20:15:00,3688.29,3688.82,3687.36,3688.82,383.0
2025-09-16 20:20:00,3688.78,3689.2,3687.96,3687.99,378.0
2025-09-16 20:25:00,3687.95,3688.83,3687.14,3688.35,398.0
2025-09-16 20:30:00,3688.47,3689.27,3687.58,3687.59,365.0
2025-09-16 20:35:00,3687.71,3688.52,3686.89,3687.41,361.0
2025-09-16 20:40:00,3687.45,3687.96,3686.35,3687.08,403.0
2025-09-16 20:45:00,3687.11,3689.14,3687.1,3688.91,374.0
2025-09-16 20:50:00,3688.93,3689.0,3687.16,3687.31,300.0
2025-09-16 20:55:00,3687.33,3687.82,3687.0,3687.7,333.0
2025-09-16 21:00:00,3687.71,3687.72,3686.49,3687.03,304.0
2025-09-16 21:05:00,3687.05,3688.34,3686.74,3687.92,349.0
2025-09-16 21:10:00,3687.9,3688.58,3687.59,3688.36,359.0
2025-09-16 21:15:00,3688.41,3688.59,3687.65,3687.97,325.0
2025-09-16 21:20:00,3687.98,3689.0,3687.76,3688.15,363.0
2025-09-16 21:25:00,3688.19,3689.15,3687.53,3688.87,339.0
2025-09-16 21:30:00,3688.88,3689.43,3688.74,3688.79,295.0
2025-09-16 21:35:00,3688.77,3689.09,3688.41,3689.01,275.0
2025-09-16 21:40:00,3689.02,3689.05,3688.51,3688.92,232.0
2025-09-16 21:45:00,3688.92,3689.85,3688.6,3689.77,260.0
2025-09-16 21:50:00,3689.76,3690.83,3689.55,3690.38,288.0
2025-09-16 21:55:00,3690.34,3690.87,3690.22,3690.65,278.0
2025-09-16 22:00:00,3690.66,3690.66,3689.05,3689.25,289.0
2025-09-16 22:05:00,3689.26,3690.6,3689.25,3690.35,286.0
2025-09-16 22:10:00,3690.35,3690.93,3690.11,3690.93,289.0
2025-09-16 22:15:00,3690.93,3691.06,3690.26,3690.55,250.0
2025-09-16 22:20:00,3690.52,3690.57,3689.7,3690.05,246.0
2025-09-16 22:25:00,3690.11,3690.2,3688.81,3688.81,210.0
2025-09-16 22:30:00,3688.76,3689.46,3688.38,3688.89,323.0
2025-09-16 22:35:00,3688.89,3689.05,3688.39,3688.4,268.0
2025-09-16 22:40:00,3688.4,3689.29,3687.74,3689.27,255.0
2025-09-16 22:45:00,3689.26,3690.59,3689.26,3690.18,184.0
2025-09-16 22:50:00,3690.19,3690.72,3689.6,3690.35,324.0
2025-09-16 22:55:00,3690.17,3690.72,3689.24,3689.66,352.0
2025-09-16 23:00:00,3689.66,3690.48,3689.57,3690.42,133.0
2025-09-16 23:05:00,3690.42,3691.97,3690.21,3691.96,146.0
2025-09-16 23:10:00,3691.95,3692.66,3691.83,3692.59,195.0
2025-09-16 23:15:00,3692.59,3693.07,3692.44,3692.94,171.0
2025-09-16 23:20:00,3692.92,3693.23,3692.5,3693.01,129.0
2025-09-16 23:25:00,3692.96,3693.64,3692.89,3693.55,178.0
2025-09-16 23:30:00,3693.56,3693.77,3693.31,3693.47,135.0
2025-09-16 23:35:00,3693.47,3693.47,3692.57,3692.77,251.0
2025-09-16 23:40:00,3692.77,3693.38,3692.75,3692.79,174.0
2025-09-16 23:45:00,3692.75,3692.75,3691.64,3692.36,191.0
2025-09-16 23:50:00,3692.34,3692.34,3690.23,3690.29,233.0
2025-09-16 23:55:00,3689.73,3689.97,3689.27,3689.69,128.0
2025-09-17 01:00:00,3689.32,3691.45,3689.32,3691.45,170.0
2025-09-17 01:05:00,3691.05,3691.12,3690.38,3690.52,102.0
2025-09-17 01:10:00,3690.52,3691.45,3689.91,3691.41,127.0
2025-09-17 01:15:00,3691.44,3691.69,3691.14,3691.67,124.0
2025-09-17 01:20:00,3691.66,3691.66,3690.87,3691.25,143.0
2025-09-17 01:25:00,3691.23,3691.24,3690.73,3691.04,128.0
2025-09-17 01:30:00,3691.05,3692.65,3690.99,3692.19,189.0
2025-09-17 01:35:00,3692.2,3692.36,3691.85,3692.28,136.0
2025-09-17 01:40:00,3692.29,3692.8,3692.19,3692.68,141.0
2025-09-17 01:45:00,3692.67,3692.85,3692.2,3692.2,168.0
2025-09-17 01:50:00,3692.01,3692.34,3691.13,3692.32,197.0
2025-09-17 01:55:00,3692.33,3692.33,3691.36,3691.89,184.0
2025-09-17 02:00:00,3691.9,3693.36,3691.72,3693.27,242.0
2025-09-17 02:05:00,3693.21,3694.56,3692.76,3694.53,190.0
2025-09-17 02:10:00,3694.55,3694.9,3694.18,3694.18,192.0
2025-09-17 02:15:00,3694.25,3694.97,3693.75,3693.93,174.0
2025-09-17 02:20:00,3693.91,3694.81,3693.57,3694.53,211.0
2025-09-17 02:25:00,3694.5,3694.78,3694.36,3694.5,131.0
2025-09-17 02:30:00,3694.55,3694.71,3694.17,3694.46,158.0
2025-09-17 02:35:00,3694.48,3694.76,3694.15,3694.41,130.0
2025-09-17 02:40:00,3694.36,3694.43,3693.4,3693.4,162.0
2025-09-17 02:45:00,3693.41,3693.99,3692.62,3692.75,199.0
2025-09-17 02:50:00,3692.74,3694.91,3692.7,3694.67,204.0
2025-09-17 02:55:00,3694.7,3695.16,3694.17,3694.23,239.0
2025-09-17 03:00:00,3694.23,3695.26,3693.26,3693.37,284.0
2025-09-17 03:05:00,3693.32,3695.22,3692.41,3694.78,279.0
2025-09-17 03:10:00,3694.78,3695.31,3694.19,3695.01,269.0
2025-09-17 03:15:00,3695.02,3695.2,3694.41,3694.62,212.0
2025-09-17 03:20:00,3694.72,3694.81,3693.45,3693.65,247.0
2025-09-17 03:25:00,3693.74,3693.75,3692.54,3693.67,222.0
2025-09-17 03:30:00,3693.65,3693.76,3692.83,3693.09,263.0
2025-09-17 03:35:00,3693.19,3693.67,3693.02,3693.03,242.0
2025-09-17 03:40:00,3693.02,3694.09,3692.76,3692.85,248.0
2025-09-17 03:45:00,3692.79,3692.79,3691.53,3692.42,299.0
2025-09-17 03:50:00,3692.45,3692.5,3691.19,3691.62,290.0
2025-09-17 03:55:00,3691.74,3692.42,3691.2,3691.55,294.0
2025-09-17 04:00:00,3691.46,3691.86,3690.21,3690.82,366.0
2025-09-17 04:05:00,3690.81,3691.95,3690.68,3691.67,322.0
2025-09-17 04:10:00,3691.65,3692.14,3690.1,3690.96,311.0
2025-09-17 04:15:00,3690.96,3690.99,3689.87,3690.35,317.0
2025-09-17 04:20:00,3690.31,3691.17,3688.34,3688.4,350.0
2025-09-17 04:25:00,3688.4,3689.51,3686.04,3686.04,362.0
2025-09-17 04:30:00,3685.99,3686.03,3680.58,3681.82,442.0
2025-09-17 04:35:00,3681.68,3682.71,3676.6,3680.98,443.0
2025-09-17 04:40:00,3680.92,3682.41,3677.06,3677.73,428.0
2025-09-17 04:45:00,3677.81,3680.45,3677.0,3677.0,425.0
2025-09-17 04:50:00,3676.93,3679.75,3676.13,3679.45,395.0
2025-09-17 04:55:00,3679.57,3681.08,3678.83,3679.52,389.0
2025-09-17 05:00:00,3679.52,3679.92,3677.43,3678.65,367.0
2025-09-17 05:05:00,3678.58,3678.61,3676.96,3677.74,360.0
2025-09-17 05:10:00,3677.75,3681.55,3676.15,3681.2,404.0
2025-09-17 05:15:00,3681.23,3681.7,3679.86,3680.1,322.0
2025-09-17 05:20:00,3680.06,3680.23,3678.33,3678.47,307.0
2025-09-17 05:25:00,3678.43,3679.17,3677.56,3677.56,322.0
2025-09-17 05:30:00,3677.53,3678.25,3676.16,3677.21,384.0
2025-09-17 05:35:00,3677.26,3678.24,3674.38,3677.57,394.0
2025-09-17 05:40:00,3677.35,3681.27,3677.26,3681.08,362.0
2025-09-17 05:45:00,3681.03,3683.53,3680.5,3683.09,348.0
2025-09-17 05:50:00,3683.12,3683.83,3682.4,3683.18,350.0
2025-09-17 05:55:00,3683.25,3683.37,3681.73,3682.14,349.0
2025-09-17 06:00:00,3682.13,3683.0,3681.4,3681.57,322.0
2025-09-17 06:05:00,3681.55,3681.98,3679.86,3680.46,310.0
2025-09-17 06:10:00,3680.56,3682.18,3680.54,3681.74,308.0
2025-09-17 06:15:00,3681.8,3683.1,3681.38,3682.15,302.0
2025-09-17 06:20:00,3682.17,3683.4,3681.97,3681.98,265.0
2025-09-17 06:25:00,3682.0,3682.32,3680.78,3681.26,277.0
2025-09-17 06:30:00,3681.23,3682.28,3681.02,3681.93,272.0
2025-09-17 06:35:00,3682.3,3682.4,3681.35,3681.87,235.0
2025-09-17 06:40:00,3681.85,3682.27,3681.6,3682.18,168.0
2025-09-17 06:45:00,3682.18,3682.53,3681.88,3681.94,187.0
2025-09-17 06:50:00,3681.98,3682.06,3680.68,3681.29,204.0
2025-09-17 06:55:00,3681.27,3682.28,3681.09,3681.68,209.0
2025-09-17 07:00:00,3681.79,3682.5,3681.24,3682.26,198.0
2025-09-17 07:05:00,3682.24,3682.24,3681.56,3682.08,190.0
2025-09-17 07:10:00,3682.1,3682.42,3681.75,3682.08,162.0
2025-09-17 07:15:00,3682.07,3682.36,3681.53,3682.01,193.0
2025-09-17 07:20:00,3682.01,3682.01,3680.97,3681.19,197.0
2025-09-17 07:25:00,3681.34,3681.63,3681.09,3681.1,186.0
2025-09-17 07:30:00,3680.89,3681.38,3680.66,3681.2,210.0
2025-09-17 07:35:00,3681.13,3681.98,3680.91,3681.5,180.0
2025-09-17 07:40:00,3681.5,3681.56,3680.99,3681.38,205.0
2025-09-17 07:45:00,3681.57,3681.83,3681.02,3681.62,190.0
2025-09-17 07:50:00,3681.61,3681.67,3680.88,3681.11,176.0
2025-09-17 07:55:00,3681.1,3681.46,3680.47,3680.77,227.0
2025-09-17 08:00:00,3680.76,3685.02,3680.64,3685.02,312.0
2025-09-17 08:05:00,3685.13,3685.9,3683.85,3685.02,316.0
2025-09-17 08:10:00,3684.99,3684.99,3682.61,3683.53,301.0
2025-09-17 08:15:00,3683.49,3684.11,3682.34,3682.42,303.0
2025-09-17 08:20:00,3682.51,3682.52,3679.44,3679.44,318.0
2025-09-17 08:25:00,3679.39,3680.86,3679.15,3680.81,324.0
2025-09-17 08:30:00,3680.78,3681.91,3678.54,3679.11,373.0
2025-09-17 08:35:00,3679.23,3679.23,3677.58,3677.63,338.0
2025-09-17 08:40:00,3677.56,3678.81,3675.7,3678.75,356.0
2025-09-17 08:45:00,3678.63,3679.73,3677.93,3678.03,338.0
2025-09-17 08:50:00,3678.07,3678.62,3677.42,3678.43,276.0
2025-09-17 08:55:00,3678.43,3679.38,3678.28,3679.17,301.0
2025-09-17 09:00:00,3679.58,3679.95,3677.23,3678.1,318.0
2025-09-17 09:05:00,3678.11,3678.81,3676.43,3676.69,341.0
2025-09-17 09:10:00,3676.73,3676.82,3674.86,3675.86,343.0
2025-09-17 09:15:00,3675.88,3678.29,3675.66,3678.29,332.0
2025-09-17 09:20:00,3678.23,3679.03,3677.41,3677.76,278.0
2025-09-17 09:25:00,3677.82,3677.82,3675.2,3675.86,333.0
2025-09-17 09:30:00,3675.67,3676.84,3673.99,3675.6,347.0
2025-09-17 09:35:00,3675.59,3676.26,3673.86,3673.87,302.0
2025-09-17 09:40:00,3673.86,3674.07,3670.38,3671.33,390.0
2025-09-17 09:45:00,3671.38,3674.01,3670.9,3671.9,394.0
2025-09-17 09:50:00,3671.79,3676.51,3671.79,3676.5,383.0
2025-09-17 09:55:00,3676.51,3676.57,3674.32,3675.03,357.0
2025-09-17 10:00:00,3675.26,3677.34,3670.49,3673.03,416.0
2025-09-17 10:05:00,3673.04,3675.39,3672.24,3675.03,370.0
2025-09-17 10:10:00,3675.01,3675.16,3671.14,3671.2,350.0
2025-09-17 10:15:00,3671.07,3671.34,3669.26,3669.56,363.0
2025-09-17 10:20:00,3669.69,3671.55,3669.54,3671.04,362.0
2025-09-17 10:25:00,3671.08,3671.36,3666.55,3667.49,344.0
2025-09-17 10:30:00,3667.21,3670.21,3666.61,3670.21,389.0
2025-09-17 10:35:00,3670.38,3671.3,3669.86,3670.28,339.0
2025-09-17 10:40:00,3670.27,3670.86,3668.41,3670.44,351.0
2025-09-17 10:45:00,3670.54,3671.02,3668.82,3669.08,342.0
2025-09-17 10:50:00,3669.09,3669.12,3667.56,3668.13,309.0
2025-09-17 10:55:00,3668.14,3668.34,3666.87,3667.11,312.0
2025-09-17 11:00:00,3667.02,3667.24,3664.38,3665.57,351.0
2025-09-17 11:05:00,3665.66,3667.09,3665.51,3666.64,327.0
2025-09-17 11:10:00,3666.66,3666.66,3665.02,3665.21,315.0
2025-09-17 11:15:00,3665.23,3666.27,3663.37,3666.09,373.0
2025-09-17 11:20:00,3666.06,3666.22,3663.35,3664.2,336.0
2025-09-17 11:25:00,3664.25,3667.03,3664.11,3666.93,324.0
2025-09-17 11:30:00,3666.88,3667.88,3665.71,3666.61,311.0
2025-09-17 11:35:00,3666.63,3666.99,3662.92,3664.13,344.0
2025-09-17 11:40:00,3664.08,3665.28,3662.48,3664.07,372.0
2025-09-17 11:45:00,3664.08,3666.65,3663.8,3665.8,340.0
2025-09-17 11:50:00,3665.47,3666.09,3664.76,3665.09,299.0
2025-09-17 11:55:00,3665.1,3665.49,3663.57,3664.84,320.0
2025-09-17 12:00:00,3664.83,3665.72,3663.88,3664.25,301.0
2025-09-17 12:05:00,3664.16,3666.37,3664.15,3665.34,316.0
2025-09-17 12:10:00,3665.38,3668.67,3665.38,3668.22,399.0
2025-09-17 12:15:00,3668.21,3670.25,3668.16,3669.6,356.0
2025-09-17 12:20:00,3669.6,3670.92,3668.53,3669.48,336.0
2025-09-17 12:25:00,3669.45,3670.14,3668.44,3668.45,327.0
2025-09-17 12:30:00,3668.43,3670.05,3667.08,3667.73,356.0
2025-09-17 12:35:00,3667.73,3668.67,3667.33,3668.25,313.0
2025-09-17 12:40:00,3668.27,3668.5,3667.43,3667.96,286.0
2025-09-17 12:45:00,3668.03,3669.49,3668.03,3669.28,286.0
2025-09-17 12:50:00,3669.03,3669.16,3668.0,3668.78,318.0
2025-09-17 12:55:00,3668.83,3669.19,3667.38,3667.81,337.0
2025-09-17 13:00:00,3667.69,3669.68,3667.25,3668.28,334.0
2025-09-17 13:05:00,3668.33,3668.33,3663.99,3663.99,377.0
2025-09-17 13:10:00,3664.07,3665.12,3660.5,3665.12,406.0
2025-09-17 13:15:00,3665.17,3667.68,3665.11,3667.43,373.0
2025-09-17 13:20:00,3667.5,3667.96,3665.17,3667.03,363.0
2025-09-17 13:25:00,3667.0,3667.13,3665.78,3666.94,298.0
2025-09-17 13:30:00,3666.93,3666.93,3664.46,3664.85,333.0
2025-09-17 13:35:00,3665.05,3666.45,3664.67,3665.55,331.0
2025-09-17 13:40:00,3665.37,3666.59,3665.19,3666.3,284.0
2025-09-17 13:45:00,3666.31,3667.22,3662.71,3662.81,350.0
2025-09-17 13:50:00,3662.67,3663.59,3660.58,3661.89,410.0
2025-09-17 13:55:00,3661.68,3662.37,3660.47,3661.45,370.0
2025-09-17 14:00:00,3661.41,3661.84,3659.76,3661.84,388.0
2025-09-17 14:05:00,3661.77,3663.25,3660.68,3662.87,373.0
2025-09-17 14:10:00,3662.57,3665.14,3662.05,3662.96,342.0
2025-09-17 14:15:00,3662.94,3664.35,3662.41,3663.81,335.0
2025-09-17 14:20:00,3663.81,3668.05,3663.58,3667.72,361.0
2025-09-17 14:25:00,3667.64,3668.06,3665.92,3667.92,356.0
2025-09-17 14:30:00,3667.77,3668.55,3666.73,3667.67,364.0
2025-09-17 14:35:00,3667.66,3668.21,3666.29,3666.47,326.0
2025-09-17 14:40:00,3665.94,3668.41,3665.63,3667.82,322.0
2025-09-17 14:45:00,3667.77,3669.73,3667.28,3668.64,316.0
2025-09-17 14:50:00,3668.51,3669.09,3665.25,3665.42,369.0
2025-09-17 14:55:00,3665.84,3666.1,3664.41,3665.93,338.0
2025-09-17 15:00:00,3665.99,3669.54,3665.55,3669.12,364.0
2025-09-17 15:05:00,3668.81,3670.76,3667.79,3670.27,355.0
2025-09-17 15:10:00,3670.19,3671.53,3669.01,3669.45,353.0
2025-09-17 15:15:00,3669.43,3671.59,3669.14,3671.25,347.0
2025-09-17 15:20:00,3671.67,3671.93,3670.3,3671.3,356.0
2025-09-17 15:25:00,3671.29,3671.29,3670.31,3670.58,303.0
2025-09-17 15:30:00,3670.42,3672.06,3669.89,3671.06,335.0
2025-09-17 15:35:00,3671.14,3673.96,3671.0,3673.86,358.0
2025-09-17 15:40:00,3673.79,3675.3,3672.83,3674.67,368.0
2025-09-17 15:45:00,3674.64,3677.51,3674.4,3676.88,348.0
2025-09-17 15:50:00,3676.84,3678.54,3675.58,3678.09,361.0
2025-09-17 15:55:00,3678.15,3679.36,3678.04,3678.68,385.0
2025-09-17 16:00:00,3678.81,3679.29,3675.33,3675.92,421.0
2025-09-17 16:05:00,3675.7,3677.31,3672.96,3676.36,428.0
2025-09-17 16:10:00,3676.36,3678.87,3676.17,3678.48,386.0
2025-09-17 16:15:00,3678.55,3679.23,3675.97,3676.55,371.0
2025-09-17 16:20:00,3676.61,3677.05,3674.22,3675.36,389.0
2025-09-17 16:25:00,3675.28,3676.74,3674.02,3676.68,378.0
2025-09-17 16:30:00,3676.72,3680.47,3676.35,3680.27,436.0
2025-09-17 16:35:00,3680.24,3682.55,3679.62,3679.89,434.0
2025-09-17 16:40:00,3679.83,3680.69,3678.15,3679.0,415.0
2025-09-17 16:45:00,3679.05,3679.42,3676.76,3679.33,400.0
2025-09-17 16:50:00,3679.48,3679.84,3676.36,3677.42,433.0
2025-09-17 16:55:00,3677.55,3678.97,3676.59,3678.7,392.0
2025-09-17 17:00:00,3678.93,3680.99,3676.88,3679.51,424.0
2025-09-17 17:05:00,3679.52,3681.43,3678.27,3681.06,401.0
2025-09-17 17:10:00,3681.07,3684.31,3680.74,3683.99,393.0
2025-09-17 17:15:00,3684.05,3684.96,3682.79,3682.86,407.0
2025-09-17 17:20:00,3682.69,3683.67,3681.8,3683.34,399.0
2025-09-17 17:25:00,3683.58,3683.58,3681.87,3682.92,364.0
2025-09-17 17:30:00,3683.05,3684.92,3683.02,3683.35,389.0
2025-09-17 17:35:00,3683.33,3685.03,3682.83,3684.99,383.0
2025-09-17 17:40:00,3685.01,3685.61,3683.61,3685.32,375.0
2025-09-17 17:45:00,3685.31,3686.07,3684.65,3685.26,400.0
2025-09-17 17:50:00,3685.33,3685.34,3682.47,3682.48,386.0
2025-09-17 17:55:00,3682.51,3684.34,3682.47,3684.29,365.0
2025-09-17 18:00:00,3684.25,3685.44,3683.56,3683.56,380.0
2025-09-17 18:05:00,3683.56,3685.16,3683.56,3684.98,378.0
2025-09-17 18:10:00,3684.98,3687.05,3684.55,3685.42,368.0
2025-09-17 18:15:00,3685.46,3686.44,3684.85,3684.92,343.0
2025-09-17 18:20:00,3684.83,3686.25,3684.74,3685.96,316.0
2025-09-17 18:25:00,3685.96,3686.05,3684.36,3685.32,350.0
2025-09-17 18:30:00,3685.25,3685.93,3684.62,3685.11,329.0
2025-09-17 18:35:00,3685.22,3687.22,3685.16,3686.24,348.0
2025-09-17 18:40:00,3686.34,3686.46,3684.64,3684.91,309.0
2025-09-17 18:45:00,3684.9,3685.26,3684.01,3684.52,290.0
2025-09-17 18:50:00,3684.51,3685.02,3682.92,3682.97,313.0
2025-09-17 18:55:00,3682.98,3684.3,3682.81,3684.19,300.0
2025-09-17 19:00:00,3684.17,3685.99,3684.17,3685.81,299.0
2025-09-17 19:05:00,3685.72,3687.06,3685.46,3686.78,309.0
2025-09-17 19:10:00,3686.76,3686.8,3685.62,3685.8,306.0
2025-09-17 19:15:00,3685.81,3686.6,3685.72,3686.0,259.0
2025-09-17 19:20:00,3685.99,3688.41,3685.96,3688.09,325.0
2025-09-17 19:25:00,3688.09,3688.54,3687.56,3688.05,310.0
2025-09-17 19:30:00,3688.0,3688.13,3687.32,3687.73,299.0
2025-09-17 19:35:00,3687.67,3687.92,3686.75,3686.88,277.0
2025-09-17 19:40:00,3686.94,3687.14,3686.13,3686.25,259.0
2025-09-17 19:45:00,3686.23,3687.21,3685.69,3685.85,309.0
2025-09-17 19:50:00,3685.92,3686.01,3684.57,3685.08,276.0
2025-09-17 19:55:00,3685.07,3685.07,3684.03,3684.7,290.0
2025-09-17 20:00:00,3684.72,3684.81,3682.14,3682.78,297.0
2025-09-17 20:05:00,3682.76,3683.92,3682.76,3683.31,288.0
2025-09-17 20:10:00,3683.28,3683.63,3683.02,3683.3,255.0
2025-09-17 20:15:00,3683.22,3683.63,3681.85,3681.97,301.0
2025-09-17 20:20:00,3681.96,3681.96,3678.64,3680.98,391.0
2025-09-17 20:25:00,3681.03,3683.29,3679.51,3682.6,370.0
2025-09-17 20:30:00,3682.75,3684.73,3682.41,3684.27,345.0
2025-09-17 20:35:00,3684.26,3685.4,3684.14,3684.55,314.0
2025-09-17 20:40:00,3684.45,3684.64,3683.77,3684.42,286.0
2025-09-17 20:45:00,3684.52,3686.24,3684.51,3685.95,310.0
2025-09-17 20:50:00,3685.97,3687.28,3685.76,3687.11,324.0
2025-09-17 20:55:00,3687.13,3687.77,3686.11,3686.55,367.0
2025-09-17 21:00:00,3686.86,3697.8,3651.46,3691.23,650.0
2025-09-17 21:05:00,3691.24,3707.42,3690.1,3705.15,506.0
2025-09-17 21:10:00,3705.39,3706.82,3687.84,3687.84,495.0
2025-09-17 21:15:00,3687.8,3692.46,3681.75,3688.28,505.0
2025-09-17 21:20:00,3688.39,3689.56,3679.86,3684.88,492.0
2025-09-17 21:25:00,3685.06,3686.07,3681.48,3682.26,471.0
2025-09-17 21:30:00,3682.65,3684.68,3672.64,3674.08,531.0
2025-09-17 21:35:00,3673.72,3678.97,3664.72,3665.44,504.0
2025-09-17 21:40:00,3665.63,3675.12,3659.94,3663.51,516.0
2025-09-17 21:45:00,3663.44,3664.14,3654.36,3655.45,498.0
2025-09-17 21:50:00,3655.47,3657.21,3646.22,3646.97,501.0
2025-09-17 21:55:00,3646.96,3655.72,3646.21,3650.38,497.0
2025-09-17 22:00:00,3650.7,3660.59,3646.55,3657.44,493.0
2025-09-17 22:05:00,3657.94,3664.46,3656.35,3660.52,479.0
2025-09-17 22:10:00,3661.02,3662.63,3648.27,3650.86,479.0
2025-09-17 22:15:00,3651.64,3657.51,3648.49,3654.87,488.0
2025-09-17 22:20:00,3655.12,3662.22,3652.47,3661.3,471.0
2025-09-17 22:25:00,3661.39,3666.92,3661.14,3663.91,463.0
2025-09-17 22:30:00,3663.0,3663.0,3657.64,3661.82,465.0
2025-09-17 22:35:00,3662.12,3665.52,3659.12,3660.07,458.0
2025-09-17 22:40:00,3660.07,3663.7,3658.8,3661.66,454.0
2025-09-17 22:45:00,3661.75,3662.92,3656.35,3657.99,447.0
2025-09-17 22:50:00,3658.01,3659.18,3655.61,3658.22,433.0
2025-09-17 22:55:00,3658.74,3662.01,3658.71,3661.64,425.0
2025-09-17 23:00:00,3661.75,3661.82,3658.55,3659.78,353.0
2025-09-17 23:05:00,3659.78,3660.94,3658.99,3659.55,272.0
2025-09-17 23:10:00,3659.42,3660.57,3658.32,3659.01,246.0
2025-09-17 23:15:00,3659.04,3659.76,3656.44,3659.31,302.0
2025-09-17 23:20:00,3659.59,3659.86,3656.4,3658.3,282.0
2025-09-17 23:25:00,3658.3,3660.35,3658.12,3659.24,288.0
2025-09-17 23:30:00,3658.85,3660.25,3658.51,3659.13,233.0
2025-09-17 23:35:00,3659.12,3660.03,3658.87,3659.18,208.0
2025-09-17 23:40:00,3659.22,3659.59,3657.25,3657.65,194.0
2025-09-17 23:45:00,3657.7,3659.31,3657.7,3658.99,202.0
2025-09-17 23:50:00,3658.98,3659.27,3658.09,3659.05,200.0
2025-09-17 23:55:00,3659.03,3659.81,3658.9,3659.79,191.0
2025-09-18 01:00:00,3658.85,3662.22,3656.85,3659.48,420.0
2025-09-18 01:05:00,3659.48,3659.51,3655.66,3658.64,245.0
2025-09-18 01:10:00,3658.55,3665.13,3658.47,3663.36,349.0
2025-09-18 01:15:00,3663.3,3664.79,3661.54,3662.43,295.0
2025-09-18 01:20:00,3662.36,3664.08,3662.22,3663.59,238.0
2025-09-18 01:25:00,3663.6,3665.4,3663.57,3664.21,251.0
2025-09-18 01:30:00,3664.24,3664.5,3662.75,3664.02,259.0
2025-09-18 01:35:00,3663.97,3664.02,3661.93,3661.97,239.0
2025-09-18 01:40:00,3661.98,3664.11,3661.2,3664.11,230.0
2025-09-18 01:45:00,3664.01,3664.2,3662.51,3662.62,224.0
2025-09-18 01:50:00,3662.67,3663.83,3662.67,3662.98,256.0
2025-09-18 01:55:00,3663.0,3663.94,3662.6,3663.02,222.0
2025-09-18 02:00:00,3663.01,3664.83,3662.24,3664.44,268.0
2025-09-18 02:05:00,3664.49,3666.23,3664.2,3665.89,271.0
2025-09-18 02:10:00,3665.91,3667.5,3665.36,3667.47,295.0
2025-09-18 02:15:00,3667.46,3668.83,3667.12,3668.83,346.0
2025-09-18 02:20:00,3668.82,3670.59,3667.68,3670.34,318.0
2025-09-18 02:25:00,3670.16,3671.95,3669.87,3671.17,306.0
2025-09-18 02:30:00,3671.15,3671.28,3668.3,3668.86,271.0
2025-09-18 02:35:00,3668.87,3669.38,3668.18,3668.23,230.0
2025-09-18 02:40:00,3668.22,3670.23,3667.8,3669.64,281.0
2025-09-18 02:45:00,3669.6,3670.55,3669.39,3669.98,218.0
2025-09-18 02:50:00,3669.94,3670.27,3669.22,3669.84,205.0
2025-09-18 02:55:00,3669.8,3670.7,3668.92,3669.17,280.0
2025-09-18 03:00:00,3669.2,3669.93,3664.91,3666.86,414.0
2025-09-18 03:05:00,3666.85,3667.46,3663.55,3663.74,395.0
2025-09-18 03:10:00,3663.74,3665.11,3661.2,3664.03,408.0
2025-09-18 03:15:00,3663.9,3665.68,3662.75,3663.28,362.0
2025-09-18 03:20:00,3663.28,3663.92,3662.53,3663.05,355.0
2025-09-18 03:25:00,3663.06,3663.16,3661.76,3662.28,350.0
2025-09-18 03:30:00,3662.29,3663.56,3661.54,3662.7,369.0
2025-09-18 03:35:00,3662.69,3662.87,3658.06,3659.47,398.0
2025-09-18 03:40:00,3659.33,3660.51,3658.31,3659.97,335.0
2025-09-18 03:45:00,3659.96,3663.23,3659.71,3661.6,389.0
2025-09-18 03:50:00,3661.55,3664.03,3661.12,3663.85,365.0
2025-09-18 03:55:00,3663.84,3665.62,3663.18,3665.2,355.0
2025-09-18 04:00:00,3664.98,3668.73,3660.74,3661.73,528.0
2025-09-18 04:05:00,3661.88,3662.06,3657.4,3659.73,517.0
2025-09-18 04:10:00,3659.83,3661.32,3655.15,3661.24,496.0
2025-09-18 04:15:00,3661.18,3661.18,3653.41,3653.45,494.0
2025-09-18 04:20:00,3653.44,3655.64,3653.19,3654.51,473.0
2025-09-18 04:25:00,3654.4,3657.82,3654.29,3654.67,486.0
2025-09-18 04:30:00,3654.71,3656.38,3652.35,3655.51,504.0
2025-09-18 04:35:00,3655.38,3657.07,3652.22,3657.07,487.0
2025-09-18 04:40:00,3657.05,3658.2,3652.88,3654.68,469.0
2025-09-18 04:45:00,3654.71,3656.31,3652.48,3655.3,440.0
2025-09-18 04:50:00,3655.37,3657.3,3654.28,3655.11,440.0
2025-09-18 04:55:00,3655.13,3657.18,3653.96,3657.13,409.0
2025-09-18 05:00:00,3657.08,3657.5,3655.48,3656.68,400.0
2025-09-18 05:05:00,3656.69,3661.96,3656.6,3659.64,442.0
2025-09-18 05:10:00,3659.62,3662.8,3659.48,3662.68,401.0
2025-09-18 05:15:00,3662.74,3662.74,3661.15,3662.48,322.0
2025-09-18 05:20:00,3662.45,3662.67,3661.61,3662.13,297.0
2025-09-18 05:25:00,3662.33,3663.58,3661.75,3661.99,347.0
2025-09-18 05:30:00,3661.95,3663.3,3659.96,3660.45,437.0
2025-09-18 05:35:00,3660.44,3664.25,3659.72,3663.93,444.0
2025-09-18 05:40:00,3663.98,3664.65,3661.85,3662.22,367.0
2025-09-18 05:45:00,3662.43,3664.33,3662.1,3664.33,342.0
2025-09-18 05:50:00,3664.26,3664.95,3663.36,3664.95,345.0
2025-09-18 05:55:00,3664.93,3665.67,3664.41,3664.81,359.0
2025-09-18 06:00:00,3664.82,3665.98,3662.5,3663.04,378.0
2025-09-18 06:05:00,3663.0,3663.15,3661.41,3662.53,345.0
2025-09-18 06:10:00,3662.53,3663.6,3662.51,3662.8,301.0
2025-09-18 06:15:00,3662.78,3663.02,3660.97,3661.33,328.0
2025-09-18 06:20:00,3661.43,3661.99,3661.28,3661.83,282.0
2025-09-18 06:25:00,3661.98,3662.82,3661.86,3662.67,305.0
2025-09-18 06:30:00,3662.71,3662.77,3661.79,3662.06,219.0
2025-09-18 06:35:00,3662.05,3662.23,3661.29,3661.53,225.0
2025-09-18 06:40:00,3661.55,3661.61,3660.47,3660.67,216.0
2025-09-18 06:45:00,3660.7,3661.09,3659.49,3659.86,288.0
2025-09-18 06:50:00,3659.85,3659.86,3659.09,3659.21,265.0
2025-09-18 06:55:00,3659.21,3659.26,3657.82,3658.51,287.0
2025-09-18 07:00:00,3658.5,3658.59,3656.52,3657.22,320.0
2025-09-18 07:05:00,3657.21,3658.86,3656.84,3658.84,319.0
2025-09-18 07:10:00,3658.83,3658.88,3657.93,3658.58,250.0
2025-09-18 07:15:00,3658.54,3659.28,3658.08,3658.41,276.0
2025-09-18 07:20:00,3658.39,3659.0,3658.19,3658.62,216.0
2025-09-18 07:25:00,3658.6,3658.66,3657.81,3658.09,186.0
2025-09-18 07:30:00,3658.09,3658.52,3656.04,3656.38,221.0
2025-09-18 07:35:00,3656.25,3656.68,3655.27,3656.12,324.0
2025-09-18 07:40:00,3656.02,3657.65,3655.97,3656.35,324.0
2025-09-18 07:45:00,3656.31,3656.97,3655.03,3656.21,344.0
2025-09-18 07:50:00,3656.15,3656.87,3655.11,3655.16,275.0
2025-09-18 07:55:00,3655.15,3655.43,3653.44,3653.7,319.0
2025-09-18 08:00:00,3653.66,3654.17,3652.98,3654.04,403.0
2025-09-18 08:05:00,3654.12,3655.16,3652.32,3652.7,338.0
2025-09-18 08:10:00,3652.68,3655.26,3651.95,3654.55,346.0
2025-09-18 08:15:00,3654.58,3656.76,3654.5,3656.65,274.0
2025-09-18 08:20:00,3656.71,3657.66,3656.59,3657.57,304.0
2025-09-18 08:25:00,3657.58,3658.41,3657.41,3658.01,303.0
2025-09-18 08:30:00,3657.72,3659.11,3656.1,3656.97,428.0
2025-09-18 08:35:00,3656.92,3656.92,3652.29,3653.11,427.0
2025-09-18 08:40:00,3652.96,3654.42,3651.99,3654.14,396.0
2025-09-18 08:45:00,3654.34,3654.77,3651.97,3653.14,418.0
2025-09-18 08:50:00,3653.07,3653.18,3649.23,3650.37,414.0
2025-09-18 08:55:00,3650.43,3652.42,3649.88,3651.6,443.0
2025-09-18 09:00:00,3651.59,3651.92,3643.7,3643.91,469.0
2025-09-18 09:05:00,3644.02,3644.31,3640.82,3641.34,509.0
2025-09-18 09:10:00,3641.22,3642.0,3633.83,3637.06,549.0
2025-09-18 09:15:00,3637.21,3639.64,3635.15,3637.39,496.0
2025-09-18 09:20:00,3637.37,3638.64,3634.24,3637.32,509.0
2025-09-18 09:25:00,3637.59,3639.65,3635.26,3638.54,453.0
2025-09-18 09:30:00,3638.66,3639.91,3635.85,3639.26,467.0
2025-09-18 09:35:00,3639.2,3640.13,3635.57,3637.16,438.0
2025-09-18 09:40:00,3637.14,3638.33,3635.99,3637.33,439.0
2025-09-18 09:45:00,3637.31,3638.96,3636.72,3637.17,422.0
2025-09-18 09:50:00,3637.32,3639.61,3636.59,3638.93,410.0
2025-09-18 09:55:00,3638.77,3639.14,3636.63,3637.47,406.0
2025-09-18 10:00:00,3637.16,3640.29,3635.67,3639.58,417.0
2025-09-18 10:05:00,3639.7,3642.27,3639.63,3641.09,437.0
2025-09-18 10:10:00,3641.02,3644.91,3640.91,3644.35,440.0
2025-09-18 10:15:00,3644.53,3648.78,3643.58,3648.68,444.0
2025-09-18 10:20:00,3648.63,3649.7,3646.62,3647.31,457.0
2025-09-18 10:25:00,3647.32,3650.16,3646.65,3649.49,450.0
2025-09-18 10:30:00,3649.35,3652.19,3648.2,3651.39,431.0
2025-09-18 10:35:00,3651.36,3653.38,3650.13,3652.73,404.0
2025-09-18 10:40:00,3652.53,3659.04,3652.53,3658.54,492.0
2025-09-18 10:45:00,3658.61,3659.78,3656.89,3659.66,471.0
2025-09-18 10:50:00,3659.68,3659.77,3657.5,3658.69,429.0
2025-09-18 10:55:00,3658.62,3659.13,3657.32,3658.95,414.0
2025-09-18 11:00:00,3659.16,3659.41,3657.11,3657.59,409.0
2025-09-18 11:05:00,3657.6,3657.95,3654.57,3654.95,393.0
2025-09-18 11:10:00,3654.93,3655.36,3653.97,3655.18,354.0
2025-09-18 11:15:00,3655.18,3656.0,3653.78,3655.62,335.0
2025-09-18 11:20:00,3655.61,3655.62,3653.92,3655.62,338.0
2025-09-18 11:25:00,3655.63,3657.05,3655.16,3656.52,364.0
2025-09-18 11:30:00,3656.5,3657.05,3655.24,3657.05,354.0
2025-09-18 11:35:00,3657.04,3661.62,3656.91,3660.75,427.0
2025-09-18 11:40:00,3660.73,3662.76,3659.77,3662.35,405.0
2025-09-18 11:45:00,3662.42,3662.73,3661.32,3662.67,387.0
2025-09-18 11:50:00,3662.67,3664.19,3662.39,3662.96,352.0
2025-09-18 11:55:00,3662.89,3665.65,3662.41,3665.53,428.0
2025-09-18 12:00:00,3665.48,3666.81,3664.53,3665.84,423.0
2025-09-18 12:05:00,3665.77,3668.2,3665.25,3667.71,422.0
2025-09-18 12:10:00,3667.78,3669.34,3667.11,3667.46,417.0
2025-09-18 12:15:00,3667.44,3668.87,3665.88,3667.95,408.0
2025-09-18 12:20:00,3667.94,3671.82,3667.62,3671.61,383.0
2025-09-18 12:25:00,3671.71,3672.2,3670.78,3671.04,392.0
2025-09-18 12:30:00,3671.08,3672.9,3670.57,3671.1,391.0
2025-09-18 12:35:00,3671.11,3672.89,3670.3,3671.64,396.0
2025-09-18 12:40:00,3671.66,3672.13,3669.92,3671.54,391.0
2025-09-18 12:45:00,3671.69,3672.24,3670.14,3670.38,359.0
2025-09-18 12:50:00,3670.36,3671.4,3669.81,3671.31,346.0
2025-09-18 12:55:00,3671.29,3672.18,3670.59,3671.68,352.0
2025-09-18 13:00:00,3671.65,3672.41,3671.47,3671.94,348.0
2025-09-18 13:05:00,3671.95,3672.14,3667.97,3668.9,368.0
2025-09-18 13:10:00,3668.82,3669.88,3667.44,3667.45,387.0
2025-09-18 13:15:00,3667.47,3667.53,3665.48,3665.82,375.0
2025-09-18 13:20:00,3665.83,3669.38,3665.74,3669.01,408.0
2025-09-18 13:25:00,3669.01,3669.52,3667.42,3669.23,349.0
2025-09-18 13:30:00,3669.37,3670.47,3667.84,3667.91,360.0
2025-09-18 13:35:00,3667.86,3668.81,3666.24,3666.61,351.0
2025-09-18 13:40:00,3666.57,3668.15,3665.6,3665.61,369.0
2025-09-18 13:45:00,3665.66,3667.38,3665.63,3667.21,334.0
2025-09-18 13:50:00,3667.2,3669.33,3667.07,3667.38,359.0
2025-09-18 13:55:00,3667.35,3667.5,3666.25,3667.12,235.0
2025-09-18 14:00:00,3667.01,3668.68,3666.47,3667.84,335.0
2025-09-18 14:05:00,3667.86,3668.38,3667.14,3667.49,363.0
2025-09-18 14:10:00,3667.41,3668.99,3665.73,3667.79,387.0
2025-09-18 14:15:00,3667.77,3670.72,3667.39,3670.34,346.0
2025-09-18 14:20:00,3670.35,3670.86,3668.01,3668.01,363.0
2025-09-18 14:25:00,3668.1,3668.19,3665.94,3666.19,326.0
2025-09-18 14:30:00,3666.3,3666.88,3664.43,3665.45,380.0
2025-09-18 14:35:00,3665.45,3669.38,3665.28,3667.77,397.0
2025-09-18 14:40:00,3667.73,3668.37,3666.91,3667.26,343.0
2025-09-18 14:45:00,3667.26,3667.27,3664.96,3666.67,380.0
2025-09-18 14:50:00,3666.84,3668.42,3666.34,3667.56,387.0
2025-09-18 14:55:00,3667.5,3668.07,3666.66,3667.08,366.0
2025-09-18 15:00:00,3667.18,3668.2,3666.7,3667.39,408.0
2025-09-18 15:05:00,3667.4,3668.41,3666.1,3666.23,396.0
2025-09-18 15:10:00,3666.26,3668.54,3666.05,3667.22,335.0
2025-09-18 15:15:00,3667.27,3669.14,3666.25,3668.3,398.0
2025-09-18 15:20:00,3667.94,3672.36,3667.32,3672.34,415.0
2025-09-18 15:25:00,3672.29,3672.42,3670.34,3671.25,389.0
2025-09-18 15:30:00,3669.77,3670.33,3664.96,3665.43,494.0
2025-09-18 15:35:00,3665.5,3669.27,3664.64,3669.27,496.0
2025-09-18 15:40:00,3669.36,3669.7,3667.07,3668.97,461.0
2025-09-18 15:45:00,3669.04,3669.9,3667.75,3667.83,437.0
2025-09-18 15:50:00,3667.84,3668.5,3664.66,3666.1,465.0
2025-09-18 15:55:00,3666.34,3668.03,3662.93,3663.33,451.0
2025-09-18 16:00:00,3663.06,3664.17,3659.66,3662.66,503.0
2025-09-18 16:05:00,3662.41,3662.41,3655.65,3658.91,507.0
2025-09-18 16:10:00,3658.86,3659.11,3656.05,3658.65,496.0
2025-09-18 16:15:00,3658.68,3661.27,3658.22,3658.75,476.0
2025-09-18 16:20:00,3658.84,3658.88,3654.26,3655.64,483.0
2025-09-18 16:25:00,3655.59,3655.82,3651.82,3653.06,435.0
2025-09-18 16:30:00,3653.96,3654.86,3646.7,3647.21,529.0
2025-09-18 16:35:00,3647.4,3648.41,3638.68,3640.86,546.0
2025-09-18 16:40:00,3640.89,3641.07,3630.1,3630.1,528.0
2025-09-18 16:45:00,3630.42,3637.42,3627.78,3636.37,555.0
2025-09-18 16:50:00,3636.14,3641.99,3635.06,3635.06,546.0
2025-09-18 16:55:00,3634.81,3642.69,3634.4,3642.29,524.0
2025-09-18 17:00:00,3642.18,3646.1,3641.38,3645.58,520.0
2025-09-18 17:05:00,3645.58,3645.99,3638.39,3640.76,540.0
2025-09-18 17:10:00,3640.54,3644.61,3640.41,3640.75,518.0
2025-09-18 17:15:00,3640.74,3640.9,3635.99,3637.19,509.0
2025-09-18 17:20:00,3637.78,3639.55,3634.3,3635.99,504.0
2025-09-18 17:25:00,3636.03,3637.74,3634.91,3635.61,518.0
2025-09-18 17:30:00,3635.65,3639.46,3635.32,3637.39,479.0
2025-09-18 17:35:00,3637.4,3643.61,3637.4,3642.94,510.0
2025-09-18 17:40:00,3642.89,3643.53,3641.2,3642.14,479.0
2025-09-18 17:45:00,3642.08,3646.39,3640.44,3645.02,485.0
2025-09-18 17:50:00,3645.03,3646.13,3640.59,3641.54,489.0
2025-09-18 17:55:00,3641.55,3642.33,3638.33,3638.4,467.0
2025-09-18 18:00:00,3638.28,3641.7,3638.28,3639.52,468.0
2025-09-18 18:05:00,3639.63,3641.52,3638.1,3638.32,453.0
2025-09-18 18:10:00,3638.46,3639.52,3636.82,3639.37,448.0
2025-09-18 18:15:00,3639.28,3641.74,3638.46,3641.3,435.0
2025-09-18 18:20:00,3641.31,3642.49,3639.02,3640.02,429.0
2025-09-18 18:25:00,3640.09,3640.37,3638.3,3639.22,428.0
2025-09-18 18:30:00,3639.2,3641.11,3638.61,3639.73,404.0
2025-09-18 18:35:00,3639.69,3641.24,3639.33,3640.53,425.0
2025-09-18 18:40:00,3640.47,3640.77,3639.36,3640.15,397.0
2025-09-18 18:45:00,3640.13,3640.68,3639.18,3640.32,373.0
2025-09-18 18:50:00,3640.29,3640.57,3638.74,3639.74,373.0
2025-09-18 18:55:00,3639.7,3641.74,3639.13,3641.33,360.0
2025-09-18 19:00:00,3641.34,3642.78,3640.93,3641.54,442.0
2025-09-18 19:05:00,3641.44,3643.46,3641.11,3642.06,422.0
2025-09-18 19:10:00,3642.04,3644.22,3641.82,3643.35,392.0
2025-09-18 19:15:00,3643.15,3645.74,3643.12,3644.93,371.0
2025-09-18 19:20:00,3644.89,3645.17,3643.51,3644.08,383.0
2025-09-18 19:25:00,3644.05,3644.61,3643.5,3644.26,379.0
2025-09-18 19:30:00,3644.22,3644.5,3643.07,3644.44,363.0
2025-09-18 19:35:00,3644.45,3644.8,3643.85,3644.59,345.0
2025-09-18 19:40:00,3644.58,3644.95,3643.58,3643.94,317.0
2025-09-18 19:45:00,3643.99,3644.98,3643.47,3644.36,341.0
2025-09-18 19:50:00,3644.37,3646.91,3644.11,3646.6,403.0
2025-09-18 19:55:00,3646.62,3647.22,3645.54,3646.56,359.0
2025-09-18 20:00:00,3646.47,3646.66,3644.89,3645.53,431.0
2025-09-18 20:05:00,3645.52,3646.83,3644.24,3644.52,393.0
2025-09-18 20:10:00,3644.44,3645.57,3643.9,3644.18,416.0
2025-09-18 20:15:00,3644.11,3644.39,3643.3,3643.89,381.0
2025-09-18 20:20:00,3644.14,3645.32,3644.04,3644.99,346.0
2025-09-18 20:25:00,3644.98,3645.88,3643.51,3644.66,390.0
2025-09-18 20:30:00,3645.24,3645.46,3644.0,3644.66,357.0
2025-09-18 20:35:00,3644.79,3645.01,3643.78,3644.29,361.0
2025-09-18 20:40:00,3644.28,3644.77,3643.57,3643.88,341.0
2025-09-18 20:45:00,3643.85,3644.44,3643.69,3643.96,288.0
2025-09-18 20:50:00,3643.91,3644.26,3643.43,3643.99,301.0
2025-09-18 20:55:00,3644.0,3644.17,3643.37,3643.63,306.0
2025-09-18 21:00:00,3643.63,3643.63,3640.64,3641.99,367.0
2025-09-18 21:05:00,3642.0,3642.19,3640.65,3641.62,334.0
2025-09-18 21:10:00,3641.61,3641.91,3640.71,3641.69,315.0
2025-09-18 21:15:00,3641.68,3642.32,3641.15,3641.66,336.0
2025-09-18 21:20:00,3641.67,3642.24,3641.29,3641.57,327.0
2025-09-18 21:25:00,3641.56,3642.74,3641.56,3642.59,313.0
2025-09-18 21:30:00,3642.53,3643.0,3641.57,3642.45,391.0
2025-09-18 21:35:00,3642.48,3642.97,3641.8,3642.37,333.0
2025-09-18 21:40:00,3642.4,3642.84,3641.51,3641.81,327.0
2025-09-18 21:45:00,3641.83,3643.07,3641.33,3641.73,323.0
2025-09-18 21:50:00,3641.74,3642.27,3641.65,3642.18,295.0
2025-09-18 21:55:00,3642.16,3642.35,3641.33,3641.38,240.0
2025-09-18 22:00:00,3641.35,3642.12,3640.68,3641.47,396.0
2025-09-18 22:05:00,3641.49,3641.76,3641.2,3641.63,277.0
2025-09-18 22:10:00,3641.64,3642.58,3641.46,3641.97,310.0
2025-09-18 22:15:00,3641.97,3643.4,3641.62,3642.78,368.0
2025-09-18 22:20:00,3642.71,3644.06,3642.51,3643.97,303.0
2025-09-18 22:25:00,3643.97,3643.97,3642.34,3642.77,312.0
2025-09-18 22:30:00,3642.55,3643.7,3642.52,3643.22,358.0
2025-09-18 22:35:00,3643.09,3643.87,3642.54,3643.62,347.0
2025-09-18 22:40:00,3643.59,3644.03,3643.07,3643.87,314.0
2025-09-18 22:45:00,3643.93,3644.38,3643.37,3644.28,329.0
2025-09-18 22:50:00,3644.24,3645.42,3644.23,3645.39,398.0
2025-09-18 22:55:00,3645.12,3647.01,3645.12,3646.58,379.0
2025-09-18 23:00:00,3646.75,3647.12,3645.53,3646.55,224.0
2025-09-18 23:05:00,3646.56,3646.68,3645.37,3645.67,159.0
2025-09-18 23:10:00,3645.68,3645.79,3645.18,3645.69,141.0
2025-09-18 23:15:00,3645.71,3646.25,3645.26,3645.98,122.0
2025-09-18 23:20:00,3645.99,3646.28,3645.63,3646.22,106.0
2025-09-18 23:25:00,3646.14,3646.43,3645.63,3645.87,113.0
2025-09-18 23:30:00,3645.83,3646.14,3644.43,3644.43,141.0
2025-09-18 23:35:00,3644.43,3644.46,3643.86,3644.13,126.0
2025-09-18 23:40:00,3644.12,3644.7,3644.12,3644.55,96.0
2025-09-18 23:45:00,3644.54,3644.74,3644.01,3644.1,93.0
2025-09-18 23:50:00,3644.15,3644.42,3643.99,3644.32,110.0
2025-09-18 23:55:00,3644.27,3644.61,3643.87,3644.31,135.0
2025-09-19 01:00:00,3643.47,3644.22,3643.02,3643.04,206.0
2025-09-19 01:05:00,3643.11,3643.26,3642.45,3642.79,151.0
2025-09-19 01:10:00,3642.65,3643.14,3641.98,3642.9,177.0
2025-09-19 01:15:00,3642.83,3643.39,3642.24,3642.28,128.0
2025-09-19 01:20:00,3642.26,3642.86,3642.26,3642.42,111.0
2025-09-19 01:25:00,3642.35,3642.39,3641.46,3641.76,118.0
2025-09-19 01:30:00,3641.71,3642.43,3641.62,3642.31,114.0
2025-09-19 01:35:00,3642.3,3642.5,3642.06,3642.4,86.0
2025-09-19 01:40:00,3642.41,3642.82,3642.21,3642.26,115.0
2025-09-19 01:45:00,3642.24,3642.38,3641.42,3641.43,113.0
2025-09-19 01:50:00,3641.43,3641.6,3640.68,3640.86,142.0
2025-09-19 01:55:00,3640.84,3640.85,3639.49,3640.35,231.0
2025-09-19 02:00:00,3640.36,3641.86,3639.98,3641.46,195.0
2025-09-19 02:05:00,3641.46,3641.58,3640.43,3640.91,124.0
2025-09-19 02:10:00,3640.92,3641.16,3640.55,3640.71,130.0
2025-09-19 02:15:00,3640.71,3640.86,3639.75,3639.85,180.0
2025-09-19 02:20:00,3639.85,3640.04,3639.22,3639.55,175.0
2025-09-19 02:25:00,3639.59,3640.05,3638.87,3639.19,177.0
2025-09-19 02:30:00,3639.17,3639.49,3637.96,3638.87,192.0
2025-09-19 02:35:00,3638.82,3639.67,3638.58,3638.85,176.0
2025-09-19 02:40:00,3638.7,3639.87,3637.74,3638.11,246.0
2025-09-19 02:45:00,3638.1,3639.43,3638.05,3638.6,219.0
2025-09-19 02:50:00,3638.67,3640.39,3638.63,3639.76,198.0
2025-09-19 02:55:00,3639.7,3640.42,3639.37,3640.24,161.0
2025-09-19 03:00:00,3640.36,3642.76,3640.19,3641.97,303.0
2025-09-19 03:05:00,3641.96,3641.96,3639.51,3639.94,310.0
2025-09-19 03:10:00,3639.98,3640.42,3638.55,3639.48,298.0
2025-09-19 03:15:00,3639.38,3639.9,3636.78,3638.06,289.0
2025-09-19 03:20:00,3638.06,3639.16,3638.05,3638.34,298.0
2025-09-19 03:25:00,3638.4,3638.51,3636.7,3638.24,284.0
2025-09-19 03:30:00,3638.32,3638.78,3636.99,3637.03,254.0
2025-09-19 03:35:00,3637.06,3637.81,3636.67,3637.42,250.0
2025-09-19 03:40:00,3637.23,3638.99,3636.31,3638.52,293.0
2025-09-19 03:45:00,3638.65,3638.92,3637.86,3638.23,248.0
2025-09-19 03:50:00,3638.26,3641.37,3637.85,3640.08,304.0
2025-09-19 03:55:00,3640.2,3641.33,3639.84,3640.05,314.0
2025-09-19 04:00:00,3639.83,3644.22,3639.5,3643.97,381.0
2025-09-19 04:05:00,3644.06,3650.26,3643.11,3649.84,425.0
2025-09-19 04:10:00,3649.97,3651.01,3647.27,3648.28,405.0
2025-09-19 04:15:00,3648.24,3649.55,3647.19,3648.64,372.0
2025-09-19 04:20:00,3648.66,3650.31,3647.41,3648.79,350.0
2025-09-19 04:25:00,3648.76,3648.82,3646.54,3647.61,331.0
2025-09-19 04:30:00,3647.56,3648.35,3646.17,3647.33,370.0
2025-09-19 04:35:00,3647.29,3647.51,3645.35,3646.95,343.0
2025-09-19 04:40:00,3647.05,3647.35,3645.81,3646.13,296.0
2025-09-19 04:45:00,3646.15,3646.37,3641.39,3641.5,383.0
2025-09-19 04:50:00,3641.35,3641.35,3632.16,3640.03,460.0
2025-09-19 04:55:00,3640.3,3640.55,3637.96,3639.88,395.0
2025-09-19 05:00:00,3639.95,3641.72,3639.17,3639.2,369.0
2025-09-19 05:05:00,3639.09,3643.23,3638.82,3642.75,336.0
2025-09-19 05:10:00,3642.88,3647.1,3642.62,3646.87,367.0
2025-09-19 05:15:00,3647.04,3647.04,3643.73,3644.39,332.0
2025-09-19 05:20:00,3644.34,3646.06,3644.03,3646.02,286.0
2025-09-19 05:25:00,3646.0,3646.39,3644.97,3645.69,303.0
2025-09-19 05:30:00,3645.62,3646.57,3644.31,3645.88,358.0
2025-09-19 05:35:00,3645.91,3646.78,3644.06,3646.32,331.0
2025-09-19 05:40:00,3646.34,3647.67,3645.98,3646.43,326.0
2025-09-19 05:45:00,3646.39,3650.29,3646.39,3646.58,387.0
2025-09-19 05:50:00,3646.66,3646.9,3644.76,3646.64,330.0
2025-09-19 05:55:00,3646.7,3647.95,3646.15,3647.43,311.0
2025-09-19 06:00:00,3647.33,3648.04,3646.07,3646.37,286.0
2025-09-19 06:05:00,3646.38,3646.64,3645.62,3646.63,267.0
2025-09-19 06:10:00,3646.55,3647.34,3645.47,3647.11,285.0
2025-09-19 06:15:00,3647.19,3650.12,3646.86,3650.07,283.0
2025-09-19 06:20:00,3650.03,3654.97,3649.36,3652.91,361.0
2025-09-19 06:25:00,3652.89,3654.82,3651.78,3653.81,371.0
2025-09-19 06:30:00,3653.86,3655.06,3653.56,3654.65,344.0
2025-09-19 06:35:00,3654.63,3654.99,3653.63,3654.63,336.0
2025-09-19 06:40:00,3654.4,3655.39,3653.38,3655.35,294.0
2025-09-19 06:45:00,3655.38,3656.25,3653.57,3654.33,364.0
2025-09-19 06:50:00,3654.43,3655.29,3652.93,3653.62,351.0
2025-09-19 06:55:00,3653.7,3654.02,3652.86,3653.67,323.0
2025-09-19 07:00:00,3653.8,3656.58,3653.8,3656.16,339.0
2025-09-19 07:05:00,3656.01,3659.46,3655.93,3659.43,345.0
2025-09-19 07:10:00,3659.38,3659.76,3658.52,3659.13,322.0
2025-09-19 07:15:00,3659.15,3659.44,3658.15,3659.29,302.0
2025-09-19 07:20:00,3659.15,3660.09,3658.29,3659.19,341.0
2025-09-19 07:25:00,3659.2,3659.56,3658.39,3659.4,306.0
2025-09-19 07:30:00,3659.35,3659.52,3658.29,3658.69,322.0
2025-09-19 07:35:00,3658.68,3659.11,3657.74,3657.9,278.0
2025-09-19 07:40:00,3657.88,3659.38,3657.15,3658.67,302.0
2025-09-19 07:45:00,3658.83,3660.09,3657.58,3658.12,267.0
2025-09-19 07:50:00,3658.13,3659.58,3657.81,3659.09,257.0
2025-09-19 07:55:00,3659.16,3659.75,3658.83,3658.89,237.0
2025-09-19 08:00:00,3658.91,3660.89,3658.68,3660.02,302.0
2025-09-19 08:05:00,3660.12,3661.24,3659.56,3660.09,323.0
2025-09-19 08:10:00,3660.14,3660.17,3657.24,3657.82,293.0
2025-09-19 08:15:00,3657.79,3659.91,3657.68,3659.58,274.0
2025-09-19 08:20:00,3659.57,3659.63,3657.33,3657.86,272.0
2025-09-19 08:25:00,3657.87,3658.82,3656.4,3658.52,341.0
2025-09-19 08:30:00,3658.43,3658.79,3655.39,3655.49,377.0
2025-09-19 08:35:00,3655.48,3655.97,3653.61,3654.19,374.0
2025-09-19 08:40:00,3654.25,3656.48,3652.8,3655.94,347.0
2025-09-19 08:45:00,3655.94,3656.12,3654.22,3655.84,332.0
2025-09-19 08:50:00,3655.81,3657.08,3651.39,3651.87,360.0
2025-09-19 08:55:00,3651.86,3653.29,3651.86,3652.52,331.0
2025-09-19 09:00:00,3652.46,3652.83,3650.94,3652.44,363.0
2025-09-19 09:05:00,3652.46,3653.5,3651.75,3652.23,320.0
2025-09-19 09:10:00,3652.16,3654.17,3651.49,3651.83,349.0
2025-09-19 09:15:00,3651.81,3652.31,3648.58,3648.65,350.0
2025-09-19 09:20:00,3648.64,3649.6,3646.72,3649.6,374.0
2025-09-19 09:25:00,3649.59,3651.23,3649.59,3650.38,351.0
2025-09-19 09:30:00,3650.39,3651.09,3645.21,3645.45,351.0
2025-09-19 09:35:00,3645.42,3647.71,3643.38,3647.03,403.0
2025-09-19 09:40:00,3646.67,3648.55,3646.22,3647.89,366.0
2025-09-19 09:45:00,3647.97,3648.81,3646.88,3647.56,360.0
2025-09-19 09:50:00,3647.37,3647.56,3644.75,3646.7,368.0
2025-09-19 09:55:00,3646.7,3647.53,3645.67,3646.96,314.0
2025-09-19 10:00:00,3647.19,3650.62,3646.07,3646.76,374.0
2025-09-19 10:05:00,3646.8,3647.53,3644.48,3647.24,368.0
2025-09-19 10:10:00,3647.26,3650.16,3646.63,3649.48,347.0
2025-09-19 10:15:00,3649.2,3652.59,3649.13,3652.44,363.0
2025-09-19 10:20:00,3652.32,3653.75,3651.84,3653.37,328.0
2025-09-19 10:25:00,3653.39,3653.94,3652.52,3652.96,312.0
2025-09-19 10:30:00,3652.93,3653.99,3651.82,3652.82,345.0
2025-09-19 10:35:00,3652.67,3653.43,3651.48,3652.41,309.0
2025-09-19 10:40:00,3652.43,3652.91,3651.01,3652.57,311.0
2025-09-19 10:45:00,3652.58,3654.99,3652.42,3654.91,360.0
2025-09-19 10:50:00,3654.98,3657.51,3654.86,3654.95,344.0
2025-09-19 10:55:00,3654.93,3655.31,3653.84,3653.95,262.0
2025-09-19 11:00:00,3653.84,3654.99,3652.86,3654.42,345.0
2025-09-19 11:05:00,3654.4,3654.42,3652.43,3653.26,319.0
2025-09-19 11:10:00,3653.14,3653.38,3651.5,3651.8,314.0
2025-09-19 11:15:00,3651.79,3652.03,3649.59,3651.71,336.0
2025-09-19 11:20:00,3651.72,3653.82,3651.67,3653.31,311.0
2025-09-19 11:25:00,3653.08,3653.18,3651.57,3652.56,295.0
2025-09-19 11:30:00,3652.61,3655.37,3652.4,3655.16,339.0
2025-09-19 11:35:00,3655.22,3655.76,3653.67,3653.77,297.0
2025-09-19 11:40:00,3653.78,3654.89,3652.96,3654.19,272.0
2025-09-19 11:45:00,3654.41,3656.59,3654.41,3655.58,315.0
2025-09-19 11:50:00,3655.59,3656.47,3655.21,3655.81,265.0
2025-09-19 11:55:00,3655.86,3656.08,3655.21,3655.69,238.0
2025-09-19 12:00:00,3655.66,3657.4,3655.15,3657.4,275.0
2025-09-19 12:05:00,3657.4,3657.55,3656.48,3656.92,292.0
2025-09-19 12:10:00,3656.89,3657.56,3656.35,3656.38,266.0
2025-09-19 12:15:00,3656.41,3658.45,3656.41,3658.42,271.0
2025-09-19 12:20:00,3658.41,3658.53,3657.64,3658.31,262.0
2025-09-19 12:25:00,3658.32,3658.32,3656.54,3656.6,274.0
2025-09-19 12:30:00,3656.59,3657.84,3656.19,3657.12,294.0
2025-09-19 12:35:00,3656.98,3658.0,3656.11,3657.65,272.0
2025-09-19 12:40:00,3657.6,3657.72,3656.78,3657.6,266.0
2025-09-19 12:45:00,3657.58,3658.42,3655.68,3656.02,265.0
2025-09-19 12:50:00,3656.01,3657.7,3655.67,3657.64,259.0
2025-09-19 12:55:00,3657.59,3658.7,3657.39,3658.56,304.0
2025-09-19 13:00:00,3658.54,3658.71,3657.21,3657.73,266.0
2025-09-19 13:05:00,3657.63,3657.89,3657.07,3657.5,246.0
2025-09-19 13:10:00,3657.41,3658.76,3657.12,3658.56,262.0
2025-09-19 13:15:00,3658.55,3658.97,3657.92,3658.87,250.0
2025-09-19 13:20:00,3658.88,3659.1,3657.97,3658.04,243.0
2025-09-19 13:25:00,3657.95,3658.57,3656.84,3656.91,257.0
2025-09-19 13:30:00,3656.92,3657.98,3656.1,3656.42,278.0
2025-09-19 13:35:00,3656.4,3656.45,3655.26,3655.98,261.0
2025-09-19 13:40:00,3656.04,3657.27,3655.09,3657.05,247.0
2025-09-19 13:45:00,3656.98,3657.59,3656.75,3657.12,217.0
2025-09-19 13:50:00,3657.12,3657.16,3655.63,3655.65,229.0
2025-09-19 13:55:00,3655.67,3656.33,3655.15,3655.83,274.0
2025-09-19 14:00:00,3655.81,3655.89,3654.33,3655.19,310.0
2025-09-19 14:05:00,3655.25,3655.48,3654.5,3654.67,289.0
2025-09-19 14:10:00,3654.65,3654.94,3652.2,3652.66,334.0
2025-09-19 14:15:00,3652.69,3653.5,3651.53,3652.22,317.0
2025-09-19 14:20:00,3652.21,3653.14,3651.43,3651.65,298.0
2025-09-19 14:25:00,3651.61,3651.93,3650.58,3650.92,328.0
2025-09-19 14:30:00,3650.97,3651.47,3649.18,3651.38,337.0
2025-09-19 14:35:00,3651.26,3651.52,3649.85,3650.1,293.0
2025-09-19 14:40:00,3650.04,3650.45,3647.33,3647.65,342.0
2025-09-19 14:45:00,3647.64,3649.31,3647.36,3648.61,346.0
2025-09-19 14:50:00,3648.71,3649.24,3647.14,3647.2,351.0
2025-09-19 14:55:00,3647.15,3648.4,3645.68,3648.4,358.0
2025-09-19 15:00:00,3648.44,3651.22,3647.46,3649.82,375.0
2025-09-19 15:05:00,3649.83,3649.93,3646.49,3648.52,347.0
2025-09-19 15:10:00,3648.47,3650.97,3648.13,3650.66,348.0
2025-09-19 15:15:00,3650.68,3651.86,3649.9,3650.8,354.0
2025-09-19 15:20:00,3651.1,3651.57,3647.61,3648.22,378.0
2025-09-19 15:25:00,3648.2,3649.09,3647.0,3647.68,364.0
2025-09-19 15:30:00,3647.59,3649.34,3646.87,3648.85,350.0
2025-09-19 15:35:00,3648.86,3649.54,3647.38,3648.1,366.0
2025-09-19 15:40:00,3648.11,3648.71,3646.66,3647.36,381.0
2025-09-19 15:45:00,3647.32,3648.2,3646.35,3647.07,357.0
2025-09-19 15:50:00,3647.05,3649.28,3644.67,3649.2,384.0
2025-09-19 15:55:00,3649.25,3649.77,3648.15,3649.23,369.0
2025-09-19 16:00:00,3649.13,3649.56,3643.84,3647.39,427.0
2025-09-19 16:05:00,3647.54,3647.58,3645.1,3646.06,402.0
2025-09-19 16:10:00,3646.03,3653.61,3646.03,3653.54,418.0
2025-09-19 16:15:00,3653.46,3655.21,3652.12,3653.8,412.0
2025-09-19 16:20:00,3653.81,3654.88,3652.52,3653.96,394.0
2025-09-19 16:25:00,3653.89,3655.72,3652.97,3655.72,367.0
2025-09-19 16:30:00,3656.36,3657.25,3654.06,3656.69,431.0
2025-09-19 16:35:00,3657.02,3658.85,3655.16,3655.56,430.0
2025-09-19 16:40:00,3655.5,3657.18,3654.25,3656.62,424.0
2025-09-19 16:45:00,3656.72,3657.97,3654.53,3657.97,404.0
2025-09-19 16:50:00,3657.92,3660.43,3657.92,3660.21,419.0
2025-09-19 16:55:00,3660.27,3664.29,3659.45,3663.31,430.0
2025-09-19 17:00:00,3663.37,3664.24,3661.2,3661.68,437.0
2025-09-19 17:05:00,3662.13,3662.15,3659.1,3660.42,434.0
2025-09-19 17:10:00,3660.24,3662.48,3659.56,3660.64,402.0
2025-09-19 17:15:00,3660.64,3660.98,3656.37,3657.69,420.0
2025-09-19 17:20:00,3657.59,3661.69,3656.45,3661.69,417.0
2025-09-19 17:25:00,3661.68,3664.29,3661.54,3663.75,425.0
2025-09-19 17:30:00,3663.84,3665.36,3662.7,3662.83,405.0
2025-09-19 17:35:00,3662.87,3665.51,3662.51,3665.34,388.0
2025-09-19 17:40:00,3665.31,3665.52,3662.91,3664.59,396.0
2025-09-19 17:45:00,3664.19,3665.61,3663.12,3664.52,392.0
2025-09-19 17:50:00,3664.48,3668.53,3664.09,3668.04,388.0
2025-09-19 17:55:00,3668.02,3669.21,3666.26,3666.99,424.0
2025-09-19 18:00:00,3667.0,3670.24,3666.08,3668.68,401.0
2025-09-19 18:05:00,3668.36,3668.81,3666.06,3667.05,411.0
2025-09-19 18:10:00,3666.84,3672.32,3665.33,3672.19,409.0
2025-09-19 18:15:00,3672.21,3673.42,3671.17,3672.91,423.0
2025-09-19 18:20:00,3672.9,3676.1,3672.84,3674.52,423.0
2025-09-19 18:25:00,3674.48,3675.34,3671.03,3671.48,421.0
2025-09-19 18:30:00,3671.5,3671.5,3667.97,3669.77,417.0
2025-09-19 18:35:00,3669.83,3671.11,3668.64,3669.25,382.0
2025-09-19 18:40:00,3669.26,3670.66,3668.78,3670.26,383.0
2025-09-19 18:45:00,3670.2,3670.52,3668.46,3668.64,358.0
2025-09-19 18:50:00,3668.65,3671.49,3668.63,3671.11,356.0
2025-09-19 18:55:00,3671.02,3671.37,3670.37,3670.85,307.0
2025-09-19 19:00:00,3670.82,3673.13,3670.82,3672.5,310.0
2025-09-19 19:05:00,3672.49,3673.27,3671.94,3672.4,347.0
2025-09-19 19:10:00,3672.41,3672.72,3668.04,3668.68,363.0
2025-09-19 19:15:00,3668.65,3669.91,3667.95,3668.58,378.0
2025-09-19 19:20:00,3668.53,3669.83,3667.53,3667.7,371.0
2025-09-19 19:25:00,3667.67,3668.69,3666.63,3668.2,349.0
2025-09-19 19:30:00,3668.16,3669.07,3667.66,3668.77,324.0
2025-09-19 19:35:00,3668.86,3669.72,3668.63,3669.41,317.0
2025-09-19 19:40:00,3669.37,3670.43,3668.2,3670.4,307.0
2025-09-19 19:45:00,3670.29,3670.88,3668.99,3669.14,284.0
2025-09-19 19:50:00,3669.12,3669.2,3668.27,3669.14,311.0
2025-09-19 19:55:00,3669.11,3669.38,3667.51,3668.29,329.0
2025-09-19 20:00:00,3668.26,3669.99,3668.16,3669.97,335.0
2025-09-19 20:05:00,3669.96,3670.58,3669.49,3670.13,292.0
2025-09-19 20:10:00,3670.11,3671.07,3669.5,3670.42,319.0
2025-09-19 20:15:00,3670.44,3671.85,3670.29,3671.85,308.0
2025-09-19 20:20:00,3671.83,3672.29,3671.07,3671.7,332.0
2025-09-19 20:25:00,3671.73,3672.06,3671.11,3671.71,334.0
2025-09-19 20:30:00,3671.83,3672.35,3671.61,3671.73,283.0
2025-09-19 20:35:00,3671.79,3673.01,3671.67,3672.61,292.0
2025-09-19 20:40:00,3672.6,3673.24,3672.38,3673.13,303.0
2025-09-19 20:45:00,3673.17,3678.9,3673.17,3676.8,404.0
2025-09-19 20:50:00,3676.81,3679.22,3676.7,3678.91,356.0
2025-09-19 20:55:00,3678.87,3679.42,3677.77,3678.67,321.0
2025-09-19 21:00:00,3678.68,3679.87,3678.55,3679.29,362.0
2025-09-19 21:05:00,3679.26,3679.99,3678.29,3679.39,357.0
2025-09-19 21:10:00,3679.36,3680.2,3679.36,3679.81,322.0
2025-09-19 21:15:00,3679.8,3681.36,3679.77,3681.05,303.0
2025-09-19 21:20:00,3681.09,3682.67,3681.05,3682.63,318.0
2025-09-19 21:25:00,3682.76,3682.79,3681.43,3682.17,315.0
2025-09-19 21:30:00,3682.16,3682.47,3680.69,3681.59,323.0
2025-09-19 21:35:00,3681.59,3682.22,3681.3,3682.21,275.0
2025-09-19 21:40:00,3682.22,3682.44,3681.71,3682.1,283.0
2025-09-19 21:45:00,3682.1,3682.33,3681.23,3681.89,304.0
2025-09-19 21:50:00,3681.93,3683.06,3681.93,3683.06,286.0
2025-09-19 21:55:00,3683.14,3684.11,3682.96,3683.79,293.0
2025-09-19 22:00:00,3683.7,3684.16,3683.1,3683.61,310.0
2025-09-19 22:05:00,3683.61,3683.81,3682.46,3683.23,315.0
2025-09-19 22:10:00,3683.2,3684.39,3683.2,3683.52,297.0
2025-09-19 22:15:00,3683.52,3684.02,3683.0,3683.83,287.0
2025-09-19 22:20:00,3683.83,3684.31,3683.28,3684.14,290.0
2025-09-19 22:25:00,3684.02,3684.22,3683.62,3683.65,283.0
2025-09-19 22:30:00,3683.69,3683.69,3681.48,3681.82,342.0
2025-09-19 22:35:00,3681.73,3682.82,3681.4,3682.48,336.0
2025-09-19 22:40:00,3682.44,3683.53,3681.86,3683.06,291.0
2025-09-19 22:45:00,3683.14,3684.06,3682.8,3684.03,315.0
2025-09-19 22:50:00,3684.1,3684.91,3683.99,3684.62,347.0
2025-09-19 22:55:00,3684.61,3685.18,3684.1,3684.48,353.0
2025-09-19 23:00:00,3684.37,3684.37,3682.49,3682.98,228.0
2025-09-19 23:05:00,3682.96,3683.27,3682.15,3682.15,185.0
2025-09-19 23:10:00,3682.14,3682.45,3681.57,3681.82,171.0
2025-09-19 23:15:00,3681.77,3682.07,3680.85,3681.63,199.0
2025-09-19 23:20:00,3681.61,3682.89,3681.58,3682.87,190.0
2025-09-19 23:25:00,3682.84,3683.41,3682.65,3683.19,224.0
2025-09-19 23:30:00,3683.14,3684.65,3682.71,3684.51,205.0
2025-09-19 23:35:00,3684.37,3684.99,3683.93,3684.73,205.0
2025-09-19 23:40:00,3684.6,3684.74,3683.84,3684.66,178.0
2025-09-19 23:45:00,3684.55,3684.98,3684.11,3684.62,198.0
2025-09-19 23:50:00,3684.64,3684.86,3684.29,3684.8,205.0
2025-09-19 23:55:00,3685.03,3685.07,3684.14,3685.07,89.0
2025-09-22 01:00:00,3685.51,3687.8,3684.03,3687.59,536.0
2025-09-22 01:05:00,3687.59,3688.03,3683.69,3686.8,293.0
2025-09-22 01:10:00,3687.15,3688.01,3685.57,3687.9,284.0
2025-09-22 01:15:00,3687.93,3688.52,3685.96,3686.92,290.0
2025-09-22 01:20:00,3686.93,3691.05,3686.79,3691.04,283.0
2025-09-22 01:25:00,3691.04,3692.36,3690.91,3691.28,307.0
2025-09-22 01:30:00,3690.39,3691.2,3689.57,3690.8,304.0
2025-09-22 01:35:00,3690.79,3690.87,3689.57,3689.73,234.0
2025-09-22 01:40:00,3689.76,3691.06,3688.87,3690.57,208.0
2025-09-22 01:45:00,3690.66,3691.07,3688.52,3688.66,239.0
2025-09-22 01:50:00,3688.66,3689.25,3688.51,3688.8,194.0
2025-09-22 01:55:00,3688.84,3688.84,3687.58,3688.34,241.0
2025-09-22 02:00:00,3688.29,3688.95,3687.15,3688.56,209.0
2025-09-22 02:05:00,3688.57,3689.32,3686.84,3687.24,271.0
2025-09-22 02:10:00,3687.28,3687.37,3686.51,3686.99,223.0
2025-09-22 02:15:00,3686.99,3688.35,3686.57,3688.28,156.0
2025-09-22 02:20:00,3688.28,3690.13,3688.01,3690.13,262.0
2025-09-22 02:25:00,3690.13,3690.62,3689.42,3689.5,220.0
2025-09-22 02:30:00,3689.48,3689.73,3687.5,3688.73,278.0
2025-09-22 02:35:00,3688.75,3688.76,3687.75,3688.46,240.0
2025-09-22 02:40:00,3688.36,3688.66,3686.44,3686.44,267.0
2025-09-22 02:45:00,3686.46,3688.01,3686.2,3687.18,318.0
2025-09-22 02:50:00,3687.15,3687.6,3686.12,3686.37,247.0
2025-09-22 02:55:00,3686.4,3687.13,3685.79,3686.18,318.0
2025-09-22 03:00:00,3685.91,3688.14,3685.89,3687.21,393.0
2025-09-22 03:05:00,3687.17,3688.09,3685.72,3686.37,348.0
2025-09-22 03:10:00,3686.44,3690.8,3686.27,3690.52,419.0
2025-09-22 03:15:00,3690.6,3690.75,3689.37,3689.79,341.0
2025-09-22 03:20:00,3689.8,3690.36,3687.97,3688.09,329.0
2025-09-22 03:25:00,3688.06,3689.8,3687.74,3689.55,320.0
2025-09-22 03:30:00,3689.56,3690.66,3688.86,3688.86,320.0
2025-09-22 03:35:00,3688.94,3690.6,3688.93,3689.83,268.0
2025-09-22 03:40:00,3689.94,3690.08,3688.87,3689.46,260.0
2025-09-22 03:45:00,3689.48,3689.78,3689.0,3689.06,232.0
2025-09-22 03:50:00,3689.08,3689.44,3687.73,3688.78,321.0
2025-09-22 03:55:00,3688.82,3690.95,3687.55,3690.62,357.0
2025-09-22 04:00:00,3690.7,3693.75,3688.76,3689.1,546.0
2025-09-22 04:05:00,3689.05,3692.65,3687.12,3692.44,472.0
2025-09-22 04:10:00,3692.72,3695.44,3692.58,3694.66,509.0
2025-09-22 04:15:00,3694.69,3696.9,3692.09,3692.86,494.0
2025-09-22 04:20:00,3692.72,3694.35,3692.29,3693.33,436.0
2025-09-22 04:25:00,3693.3,3693.95,3689.75,3690.09,442.0
2025-09-22 04:30:00,3689.64,3693.34,3688.83,3691.8,460.0
2025-09-22 04:35:00,3691.79,3692.85,3689.51,3690.15,401.0
2025-09-22 04:40:00,3689.97,3690.97,3687.88,3688.36,448.0
2025-09-22 04:45:00,3688.54,3690.47,3687.25,3687.61,439.0
2025-09-22 04:50:00,3687.63,3689.39,3686.67,3687.45,434.0
2025-09-22 04:55:00,3687.78,3690.02,3687.74,3689.31,403.0
2025-09-22 05:00:00,3689.23,3690.73,3688.02,3690.1,397.0
2025-09-22 05:05:00,3690.05,3691.39,3687.33,3689.6,412.0
2025-09-22 05:10:00,3689.58,3690.66,3687.65,3688.56,360.0
2025-09-22 05:15:00,3688.49,3689.49,3687.88,3688.94,300.0
2025-09-22 05:20:00,3688.93,3689.39,3688.23,3689.39,261.0
2025-09-22 05:25:00,3689.43,3691.51,3689.41,3691.43,312.0
2025-09-22 05:30:00,3691.68,3693.24,3689.1,3689.1,414.0
2025-09-22 05:35:00,3689.11,3689.36,3687.11,3687.97,414.0
2025-09-22 05:40:00,3687.98,3688.71,3686.35,3686.84,386.0
2025-09-22 05:45:00,3687.07,3688.03,3685.54,3687.58,381.0
2025-09-22 05:50:00,3687.63,3688.86,3687.37,3687.62,362.0
2025-09-22 05:55:00,3687.68,3687.73,3686.36,3686.36,340.0
2025-09-22 06:00:00,3686.39,3689.46,3686.01,3689.29,379.0
2025-09-22 06:05:00,3689.31,3690.26,3688.98,3689.46,354.0
2025-09-22 06:10:00,3689.49,3690.45,3689.0,3690.05,340.0
2025-09-22 06:15:00,3690.09,3691.29,3689.23,3689.66,399.0
2025-09-22 06:20:00,3689.56,3691.92,3688.89,3691.47,360.0
2025-09-22 06:25:00,3691.5,3692.23,3690.91,3691.53,390.0
2025-09-22 06:30:00,3691.44,3691.92,3691.06,3691.51,305.0
2025-09-22 06:35:00,3691.55,3694.59,3691.32,3693.63,366.0
2025-09-22 06:40:00,3693.63,3695.24,3693.55,3695.03,375.0
2025-09-22 06:45:00,3695.05,3697.37,3694.69,3696.36,366.0
2025-09-22 06:50:00,3696.34,3697.47,3696.32,3696.39,349.0
2025-09-22 06:55:00,3696.47,3696.65,3694.92,3695.39,281.0
2025-09-22 07:00:00,3695.46,3695.91,3694.13,3694.45,314.0
2025-09-22 07:05:00,3694.47,3694.47,3692.95,3693.16,294.0
2025-09-22 07:10:00,3693.18,3693.22,3691.67,3692.32,318.0
2025-09-22 07:15:00,3692.36,3692.47,3691.61,3691.95,265.0
2025-09-22 07:20:00,3691.96,3692.3,3690.79,3690.83,287.0
2025-09-22 07:25:00,3690.82,3691.86,3690.76,3691.26,235.0
2025-09-22 07:30:00,3691.4,3692.25,3691.1,3692.03,249.0
2025-09-22 07:35:00,3691.98,3692.29,3690.1,3691.07,315.0
2025-09-22 07:40:00,3691.05,3691.77,3691.05,3691.38,205.0
2025-09-22 07:45:00,3691.27,3692.49,3691.13,3691.95,249.0
2025-09-22 07:50:00,3691.94,3692.15,3691.23,3691.95,230.0
2025-09-22 07:55:00,3691.94,3692.58,3691.92,3692.2,222.0
2025-09-22 08:00:00,3692.19,3693.22,3691.93,3692.99,238.0
2025-09-22 08:05:00,3693.04,3694.17,3692.39,3693.24,267.0
2025-09-22 08:10:00,3693.18,3694.18,3693.18,3693.82,229.0
2025-09-22 08:15:00,3693.82,3696.93,3693.82,3696.09,300.0
2025-09-22 08:20:00,3696.11,3697.7,3695.92,3697.39,314.0
2025-09-22 08:25:00,3697.39,3697.85,3696.0,3696.32,344.0
2025-09-22 08:30:00,3696.23,3698.8,3696.05,3698.8,407.0
2025-09-22 08:35:00,3698.75,3699.0,3697.19,3697.94,372.0
2025-09-22 08:40:00,3697.95,3699.39,3697.86,3698.38,376.0
2025-09-22 08:45:00,3698.4,3698.98,3697.55,3698.51,338.0
2025-09-22 08:50:00,3698.52,3700.35,3696.63,3698.35,376.0
2025-09-22 08:55:00,3698.34,3698.76,3696.44,3697.04,355.0
2025-09-22 09:00:00,3697.0,3698.68,3696.73,3696.81,389.0
2025-09-22 09:05:00,3696.62,3700.5,3695.47,3699.81,427.0
2025-09-22 09:10:00,3699.93,3700.84,3699.22,3700.6,392.0
2025-09-22 09:15:00,3700.45,3701.17,3700.08,3700.61,407.0
2025-09-22 09:20:00,3700.66,3702.45,3700.66,3702.12,391.0
2025-09-22 09:25:00,3702.05,3706.57,3701.98,3706.31,438.0
2025-09-22 09:30:00,3706.24,3709.55,3704.97,3708.72,436.0
2025-09-22 09:35:00,3708.85,3714.06,3707.86,3713.38,501.0
2025-09-22 09:40:00,3713.38,3717.29,3711.78,3717.08,492.0
2025-09-22 09:45:00,3716.96,3719.7,3715.23,3719.69,485.0
2025-09-22 09:50:00,3719.62,3719.78,3714.83,3714.83,464.0
2025-09-22 09:55:00,3714.8,3716.27,3713.05,3714.3,466.0
2025-09-22 10:00:00,3714.39,3714.91,3712.48,3713.89,459.0
2025-09-22 10:05:00,3713.94,3714.95,3711.83,3712.38,393.0
2025-09-22 10:10:00,3712.39,3712.39,3709.69,3711.41,438.0
2025-09-22 10:15:00,3711.42,3712.56,3709.97,3711.29,442.0
2025-09-22 10:20:00,3711.17,3711.39,3708.73,3709.61,429.0
2025-09-22 10:25:00,3709.59,3713.81,3709.24,3713.49,469.0
2025-09-22 10:30:00,3713.55,3716.25,3712.98,3713.68,452.0
2025-09-22 10:35:00,3713.7,3716.0,3712.99,3714.32,389.0
2025-09-22 10:40:00,3714.04,3714.87,3712.44,3714.04,356.0
2025-09-22 10:45:00,3714.07,3715.1,3713.3,3713.41,317.0
2025-09-22 10:50:00,3713.48,3714.83,3712.82,3713.77,369.0
2025-09-22 10:55:00,3713.61,3714.55,3713.05,3713.23,327.0
2025-09-22 11:00:00,3712.84,3717.2,3712.18,3717.2,386.0
2025-09-22 11:05:00,3717.18,3719.76,3715.55,3718.4,423.0
2025-09-22 11:10:00,3718.32,3718.88,3717.1,3717.29,403.0
2025-09-22 11:15:00,3717.32,3719.54,3716.26,3716.48,377.0
2025-09-22 11:20:00,3716.53,3718.27,3716.23,3718.19,340.0
2025-09-22 11:25:00,3718.22,3719.98,3717.73,3717.73,377.0
2025-09-22 11:30:00,3717.7,3719.65,3717.66,3718.4,334.0
2025-09-22 11:35:00,3718.43,3720.08,3718.43,3718.81,384.0
2025-09-22 11:40:00,3718.79,3722.49,3718.7,3722.13,359.0
2025-09-22 11:45:00,3722.06,3722.68,3720.68,3720.73,371.0
2025-09-22 11:50:00,3720.7,3721.73,3719.59,3721.63,390.0
2025-09-22 11:55:00,3721.48,3721.58,3720.19,3720.43,350.0
2025-09-22 12:00:00,3720.46,3721.72,3719.3,3720.11,374.0
2025-09-22 12:05:00,3720.1,3721.6,3720.06,3721.52,332.0
2025-09-22 12:10:00,3721.6,3721.75,3720.24,3720.45,317.0
2025-09-22 12:15:00,3720.47,3724.32,3720.26,3724.32,373.0
2025-09-22 12:20:00,3724.42,3726.3,3723.29,3724.83,417.0
2025-09-22 12:25:00,3724.84,3726.32,3724.4,3725.31,372.0
2025-09-22 12:30:00,3725.32,3725.64,3721.03,3722.24,441.0
2025-09-22 12:35:00,3722.28,3722.65,3721.24,3721.41,377.0
2025-09-22 12:40:00,3721.33,3721.86,3720.53,3721.03,319.0
2025-09-22 12:45:00,3721.08,3723.14,3720.83,3722.69,355.0
2025-09-22 12:50:00,3722.76,3724.3,3722.69,3724.13,347.0
2025-09-22 12:55:00,3724.17,3724.96,3723.08,3723.27,364.0
2025-09-22 13:00:00,3723.18,3723.83,3722.33,3722.94,377.0
2025-09-22 13:05:00,3722.96,3723.47,3721.12,3723.47,374.0
2025-09-22 13:10:00,3723.66,3724.16,3722.59,3723.24,340.0
2025-09-22 13:15:00,3723.15,3724.74,3723.09,3724.24,360.0
2025-09-22 13:20:00,3724.25,3727.19,3723.99,3726.79,379.0
2025-09-22 13:25:00,3726.78,3726.96,3725.11,3725.15,358.0
2025-09-22 13:30:00,3725.17,3725.99,3724.83,3725.09,323.0
2025-09-22 13:35:00,3725.1,3725.65,3723.37,3723.58,338.0
2025-09-22 13:40:00,3723.57,3726.58,3723.43,3726.0,365.0
2025-09-22 13:45:00,3726.02,3727.66,3725.91,3727.65,338.0
2025-09-22 13:50:00,3727.81,3728.07,3726.9,3727.66,343.0
2025-09-22 13:55:00,3727.65,3728.25,3726.29,3727.43,352.0
2025-09-22 14:00:00,3727.44,3727.91,3725.7,3726.7,373.0
2025-09-22 14:05:00,3726.64,3727.27,3725.92,3726.76,355.0
2025-09-22 14:10:00,3726.61,3727.66,3726.47,3727.28,281.0
2025-09-22 14:15:00,3727.28,3728.02,3726.55,3727.65,316.0
2025-09-22 14:20:00,3727.6,3728.24,3725.95,3727.17,318.0
2025-09-22 14:25:00,3727.22,3727.44,3725.67,3726.48,353.0
2025-09-22 14:30:00,3726.73,3727.24,3726.14,3726.16,308.0
2025-09-22 14:35:00,3725.94,3726.88,3725.42,3725.57,355.0
2025-09-22 14:40:00,3725.59,3726.01,3721.38,3721.79,434.0
2025-09-22 14:45:00,3721.87,3724.21,3721.69,3722.28,433.0
2025-09-22 14:50:00,3722.22,3724.44,3722.07,3722.29,394.0
2025-09-22 14:55:00,3722.3,3724.68,3721.22,3724.6,410.0
2025-09-22 15:00:00,3724.69,3725.54,3723.78,3724.01,405.0
2025-09-22 15:05:00,3723.82,3724.57,3722.69,3723.75,412.0
2025-09-22 15:10:00,3723.67,3724.21,3720.86,3720.87,393.0
2025-09-22 15:15:00,3721.24,3722.69,3718.26,3718.32,452.0
2025-09-22 15:20:00,3719.0,3719.04,3712.18,3713.37,479.0
2025-09-22 15:25:00,3713.37,3715.77,3712.03,3715.26,470.0
2025-09-22 15:30:00,3715.33,3717.45,3713.41,3716.88,476.0
2025-09-22 15:35:00,3716.87,3718.83,3715.37,3716.95,479.0
2025-09-22 15:40:00,3717.04,3717.47,3714.4,3715.13,439.0
2025-09-22 15:45:00,3715.19,3719.78,3715.19,3719.62,445.0
2025-09-22 15:50:00,3719.3,3722.98,3719.27,3720.86,480.0
2025-09-22 15:55:00,3720.74,3721.97,3720.64,3721.62,415.0
2025-09-22 16:00:00,3721.68,3724.82,3719.41,3722.61,511.0
2025-09-22 16:05:00,3722.63,3725.16,3721.46,3723.38,484.0
2025-09-22 16:10:00,3723.38,3723.6,3720.85,3722.49,438.0
2025-09-22 16:15:00,3722.48,3723.82,3720.58,3723.63,467.0
2025-09-22 16:20:00,3723.52,3725.62,3722.83,3723.74,404.0
2025-09-22 16:25:00,3723.74,3723.78,3722.46,3722.47,151.0
2025-09-22 16:55:00,3721.26,3722.37,3721.11,3722.37,76.0
2025-09-22 17:00:00,3722.26,3723.29,3716.86,3718.12,484.0
2025-09-22 17:05:00,3718.13,3722.84,3717.42,3722.59,518.0
2025-09-22 17:10:00,3722.63,3722.63,3719.75,3720.14,506.0
2025-09-22 17:15:00,3720.2,3721.66,3718.21,3718.69,494.0
2025-09-22 17:20:00,3718.69,3721.11,3717.14,3720.47,511.0
2025-09-22 17:25:00,3720.27,3722.02,3718.6,3721.47,474.0
2025-09-22 17:30:00,3721.52,3721.84,3719.0,3719.48,475.0
2025-09-22 17:35:00,3719.65,3720.75,3717.27,3719.6,486.0
2025-09-22 17:40:00,3719.4,3719.7,3716.86,3719.17,457.0
2025-09-22 17:45:00,3719.26,3720.61,3719.19,3719.92,438.0
2025-09-22 17:50:00,3719.92,3726.17,3719.85,3725.28,470.0
2025-09-22 17:55:00,3725.3,3726.28,3723.93,3725.79,469.0
2025-09-22 18:00:00,3725.92,3726.49,3723.49,3725.04,461.0
2025-09-22 18:05:00,3724.99,3727.66,3724.92,3727.16,464.0
2025-09-22 18:10:00,3727.13,3727.13,3724.62,3725.31,447.0
2025-09-22 18:15:00,3725.23,3726.6,3724.46,3726.45,445.0
2025-09-22 18:20:00,3726.36,3729.5,3725.94,3729.45,434.0
2025-09-22 18:25:00,3729.5,3731.99,3727.88,3731.39,455.0
2025-09-22 18:30:00,3731.4,3732.97,3731.02,3732.69,469.0
2025-09-22 18:35:00,3732.71,3732.89,3730.56,3732.86,397.0
2025-09-22 18:40:00,3732.15,3732.15,3732.1,3732.15,3.0
2025-09-22 18:45:00,3734.56,3735.34,3734.3,3735.18,219.0
2025-09-22 18:50:00,3735.31,3736.16,3734.72,3735.08,408.0
2025-09-22 18:55:00,3735.09,3736.45,3735.0,3736.19,405.0
2025-09-22 19:00:00,3736.16,3737.5,3735.38,3737.32,403.0
2025-09-22 19:05:00,3737.99,3738.32,3736.93,3737.66,405.0
2025-09-22 19:10:00,3737.7,3739.06,3735.19,3735.52,450.0
2025-09-22 19:15:00,3735.52,3738.3,3735.49,3736.49,424.0
2025-09-22 19:20:00,3736.46,3737.26,3736.06,3736.61,378.0
2025-09-22 19:25:00,3736.62,3737.71,3736.24,3736.75,349.0
2025-09-22 19:30:00,3736.81,3738.7,3736.72,3738.25,369.0
2025-09-22 19:35:00,3738.28,3738.48,3737.23,3737.78,376.0
2025-09-22 19:40:00,3737.78,3739.6,3736.92,3739.48,364.0
2025-09-22 19:45:00,3739.44,3739.56,3738.76,3739.01,380.0
2025-09-22 19:50:00,3739.05,3739.09,3736.49,3737.36,405.0
2025-09-22 19:55:00,3737.39,3737.55,3736.61,3737.14,344.0
2025-09-22 20:00:00,3737.28,3738.67,3737.24,3738.5,383.0
2025-09-22 20:05:00,3738.58,3741.19,3738.09,3740.79,341.0
2025-09-22 20:10:00,3740.79,3740.82,3739.56,3740.03,374.0
2025-09-22 20:15:00,3740.07,3740.21,3739.24,3739.71,315.0
2025-09-22 20:20:00,3739.65,3740.29,3738.63,3740.13,373.0
2025-09-22 20:25:00,3740.13,3741.64,3739.75,3740.06,413.0
2025-09-22 20:30:00,3740.57,3743.55,3740.45,3742.93,400.0
2025-09-22 20:35:00,3742.89,3745.22,3742.19,3744.95,381.0
2025-09-22 20:40:00,3745.2,3746.12,3745.06,3745.85,394.0
2025-09-22 20:45:00,3745.78,3746.51,3744.96,3745.82,377.0
2025-09-22 20:50:00,3745.87,3747.06,3745.54,3747.03,356.0
2025-09-22 20:55:00,3746.98,3747.2,3746.32,3746.68,379.0
2025-09-22 21:00:00,3746.63,3747.14,3746.02,3746.58,342.0
2025-09-22 21:05:00,3746.57,3746.7,3745.51,3745.86,352.0
2025-09-22 21:10:00,3745.85,3746.75,3745.5,3745.86,335.0
2025-09-22 21:15:00,3745.9,3746.41,3745.49,3745.49,284.0
2025-09-22 21:20:00,3745.54,3747.67,3745.03,3747.46,347.0
2025-09-22 21:25:00,3747.5,3747.64,3745.96,3745.96,313.0
2025-09-22 21:30:00,3746.03,3746.67,3744.67,3745.97,338.0
2025-09-22 21:35:00,3745.88,3746.44,3745.46,3746.02,295.0
2025-09-22 21:40:00,3746.0,3746.22,3745.36,3745.38,292.0
2025-09-22 21:45:00,3745.47,3746.12,3745.35,3745.78,280.0
2025-09-22 21:50:00,3745.79,3747.18,3745.65,3747.1,290.0
2025-09-22 21:55:00,3747.12,3748.03,3746.77,3747.61,359.0
2025-09-22 22:00:00,3747.61,3748.74,3747.61,3748.18,381.0
2025-09-22 22:05:00,3748.2,3748.21,3747.43,3747.85,322.0
2025-09-22 22:10:00,3747.86,3748.44,3747.32,3747.6,327.0
2025-09-22 22:15:00,3747.62,3748.22,3747.3,3747.3,298.0
2025-09-22 22:20:00,3747.31,3747.57,3745.85,3746.41,343.0
2025-09-22 22:25:00,3746.39,3746.71,3743.47,3743.85,367.0
2025-09-22 22:30:00,3743.89,3745.65,3742.48,3744.72,399.0
2025-09-22 22:35:00,3744.72,3747.03,3744.58,3746.76,377.0
2025-09-22 22:40:00,3746.74,3746.74,3745.42,3745.65,318.0
2025-09-22 22:45:00,3745.68,3747.15,3745.35,3747.1,333.0
2025-09-22 22:50:00,3747.1,3748.4,3747.06,3748.17,408.0
2025-09-22 22:55:00,3748.11,3748.41,3747.62,3747.78,406.0
2025-09-22 23:00:00,3747.65,3748.29,3747.0,3747.27,247.0
2025-09-22 23:05:00,3747.21,3747.33,3746.31,3746.75,215.0
2025-09-22 23:10:00,3746.75,3747.47,3745.79,3745.82,225.0
2025-09-22 23:15:00,3745.84,3746.27,3745.6,3746.18,173.0
2025-09-22 23:20:00,3746.21,3746.95,3746.21,3746.69,152.0
2025-09-22 23:25:00,3746.75,3747.89,3746.71,3747.68,152.0
2025-09-22 23:30:00,3747.67,3748.58,3747.35,3747.57,190.0
2025-09-22 23:35:00,3747.57,3747.96,3747.04,3747.43,208.0
2025-09-22 23:40:00,3747.47,3748.04,3747.1,3747.85,199.0
2025-09-22 23:45:00,3747.9,3748.48,3747.53,3748.21,188.0
2025-09-22 23:50:00,3748.15,3748.24,3746.95,3747.03,194.0
2025-09-22 23:55:00,3746.37,3746.97,3745.72,3746.63,217.0
2025-09-23 01:00:00,3745.27,3747.1,3745.1,3746.99,260.0
2025-09-23 01:05:00,3746.63,3747.66,3746.59,3747.34,119.0
2025-09-23 01:10:00,3747.3,3747.37,3744.72,3744.92,169.0
2025-09-23 01:15:00,3744.91,3746.03,3744.84,3745.49,164.0
2025-09-23 01:20:00,3745.53,3745.61,3743.91,3743.98,131.0
2025-09-23 01:25:00,3744.21,3744.41,3743.26,3743.29,186.0
2025-09-23 01:30:00,3743.26,3745.27,3743.26,3743.93,209.0
2025-09-23 01:35:00,3743.99,3744.25,3742.15,3742.55,125.0
2025-09-23 01:40:00,3742.59,3743.11,3740.96,3741.58,223.0
2025-09-23 01:45:00,3741.61,3741.86,3738.98,3740.69,260.0
2025-09-23 01:50:00,3740.69,3741.88,3738.29,3738.55,246.0
2025-09-23 01:55:00,3738.53,3740.44,3738.51,3740.05,239.0
2025-09-23 02:00:00,3740.08,3740.33,3739.05,3739.83,220.0
2025-09-23 02:05:00,3739.81,3742.29,3739.81,3741.66,275.0
2025-09-23 02:10:00,3741.69,3742.45,3741.05,3742.45,275.0
2025-09-23 02:15:00,3742.43,3743.7,3742.27,3742.59,274.0
2025-09-23 02:20:00,3742.45,3748.97,3742.4,3746.53,378.0
2025-09-23 02:25:00,3746.52,3748.25,3745.48,3746.72,297.0
2025-09-23 02:30:00,3746.64,3748.1,3745.77,3747.12,251.0
2025-09-23 02:35:00,3747.14,3747.74,3746.02,3746.98,236.0
2025-09-23 02:40:00,3746.92,3747.55,3746.61,3747.22,191.0
2025-09-23 02:45:00,3747.23,3749.2,3747.23,3748.82,294.0
2025-09-23 02:50:00,3748.82,3748.9,3746.59,3746.94,268.0
2025-09-23 02:55:00,3746.93,3747.82,3746.82,3747.81,248.0
2025-09-23 03:00:00,3747.93,3748.93,3747.54,3748.21,330.0
2025-09-23 03:05:00,3748.24,3748.53,3746.7,3747.76,273.0
2025-09-23 03:10:00,3747.67,3748.09,3746.58,3746.92,246.0
2025-09-23 03:15:00,3746.92,3746.99,3745.42,3746.0,288.0
2025-09-23 03:20:00,3746.04,3746.54,3744.9,3746.45,250.0
2025-09-23 03:25:00,3746.43,3749.06,3746.43,3748.91,300.0
2025-09-23 03:30:00,3748.9,3749.21,3747.76,3748.55,298.0
2025-09-23 03:35:00,3748.52,3749.41,3746.98,3749.05,315.0
2025-09-23 03:40:00,3749.07,3749.47,3748.7,3749.24,290.0
2025-09-23 03:45:00,3749.25,3751.42,3747.77,3748.48,378.0
2025-09-23 03:50:00,3748.49,3748.58,3746.48,3746.79,353.0
2025-09-23 03:55:00,3746.8,3747.82,3746.31,3747.25,306.0
2025-09-23 04:00:00,3747.21,3750.36,3745.78,3750.0,416.0
2025-09-23 04:05:00,3749.98,3755.68,3749.98,3752.43,448.0
2025-09-23 04:10:00,3752.92,3755.09,3752.3,3754.71,413.0
2025-09-23 04:15:00,3754.69,3757.95,3754.69,3757.04,418.0
2025-09-23 04:20:00,3757.02,3757.02,3751.96,3753.38,400.0
2025-09-23 04:25:00,3753.39,3753.54,3747.85,3749.94,431.0
2025-09-23 04:30:00,3749.9,3752.68,3747.84,3751.82,418.0
2025-09-23 04:35:00,3751.78,3754.19,3751.2,3754.19,374.0
2025-09-23 04:40:00,3754.16,3758.56,3753.95,3757.06,404.0
2025-09-23 04:45:00,3757.07,3759.35,3755.88,3756.3,407.0
2025-09-23 04:50:00,3756.33,3756.48,3753.41,3755.53,410.0
2025-09-23 04:55:00,3755.52,3755.99,3754.29,3754.52,370.0
2025-09-23 05:00:00,3754.57,3755.41,3750.59,3750.63,392.0
2025-09-23 05:05:00,3751.02,3752.16,3746.71,3747.32,402.0
2025-09-23 05:10:00,3747.32,3748.2,3741.07,3743.57,444.0
2025-09-23 05:15:00,3744.02,3744.59,3742.13,3742.2,400.0
2025-09-23 05:20:00,3742.25,3745.33,3741.87,3742.46,400.0
2025-09-23 05:25:00,3742.38,3743.75,3741.21,3742.79,377.0
2025-09-23 05:30:00,3742.77,3744.48,3740.08,3742.04,388.0
2025-09-23 05:35:00,3742.01,3744.51,3741.46,3744.16,390.0
2025-09-23 05:40:00,3744.13,3744.44,3742.44,3742.44,376.0
2025-09-23 05:45:00,3742.34,3743.93,3739.36,3740.26,410.0
2025-09-23 05:50:00,3740.3,3740.95,3738.68,3739.47,398.0
2025-09-23 05:55:00,3739.58,3742.08,3737.02,3741.57,405.0
2025-09-23 06:00:00,3741.55,3742.13,3739.77,3740.15,358.0
2025-09-23 06:05:00,3740.07,3740.67,3739.03,3740.6,370.0
2025-09-23 06:10:00,3740.75,3741.84,3739.18,3739.18,356.0
2025-09-23 06:15:00,3739.3,3741.61,3739.14,3741.32,346.0
2025-09-23 06:20:00,3741.0,3744.44,3740.98,3743.38,368.0
2025-09-23 06:25:00,3743.37,3743.88,3742.05,3742.87,347.0
2025-09-23 06:30:00,3742.87,3743.83,3742.31,3743.56,350.0
2025-09-23 06:35:00,3743.51,3743.91,3741.88,3742.55,310.0
2025-09-23 06:40:00,3742.55,3744.28,3742.47,3744.01,290.0
2025-09-23 06:45:00,3744.01,3747.15,3743.94,3746.42,356.0
2025-09-23 06:50:00,3746.44,3746.44,3745.31,3745.93,308.0
2025-09-23 06:55:00,3746.06,3746.62,3745.57,3746.46,272.0
2025-09-23 07:00:00,3746.47,3747.48,3746.35,3746.56,291.0
2025-09-23 07:05:00,3746.47,3746.48,3743.75,3744.79,257.0
2025-09-23 07:10:00,3744.83,3745.41,3744.27,3745.27,265.0
2025-09-23 07:15:00,3745.25,3745.27,3743.14,3744.45,312.0
2025-09-23 07:20:00,3744.44,3745.36,3744.32,3745.19,228.0
2025-09-23 07:25:00,3745.18,3746.52,3744.37,3745.97,293.0
2025-09-23 07:30:00,3745.96,3746.22,3744.48,3745.56,289.0
2025-09-23 07:35:00,3745.5,3746.68,3744.99,3746.67,221.0
2025-09-23 07:40:00,3746.61,3747.52,3746.49,3746.93,251.0
2025-09-23 07:45:00,3747.02,3747.02,3745.18,3745.18,250.0
2025-09-23 07:50:00,3745.2,3745.49,3743.53,3743.93,284.0
2025-09-23 07:55:00,3743.89,3745.02,3743.56,3744.78,285.0
2025-09-23 08:00:00,3744.57,3746.38,3743.18,3745.69,321.0
2025-09-23 08:05:00,3745.48,3746.45,3745.2,3746.2,252.0
2025-09-23 08:10:00,3746.2,3747.25,3745.72,3746.39,278.0
2025-09-23 08:15:00,3746.33,3748.19,3746.27,3747.28,283.0
2025-09-23 08:20:00,3747.25,3747.7,3746.36,3747.6,269.0
2025-09-23 08:25:00,3747.62,3750.18,3747.53,3750.18,341.0
2025-09-23 08:30:00,3749.9,3754.53,3749.49,3753.89,407.0
2025-09-23 08:35:00,3753.9,3756.69,3753.9,3755.84,390.0
2025-09-23 08:40:00,3755.7,3757.21,3754.84,3757.09,397.0
2025-09-23 08:45:00,3757.11,3758.72,3755.94,3757.83,412.0
2025-09-23 08:50:00,3757.87,3758.13,3753.58,3756.14,393.0
2025-09-23 08:55:00,3756.08,3756.96,3753.13,3753.18,362.0
2025-09-23 09:00:00,3753.19,3754.3,3751.23,3753.24,417.0
2025-09-23 09:05:00,3753.09,3755.65,3753.09,3755.46,372.0
2025-09-23 09:10:00,3755.46,3755.5,3754.04,3754.66,365.0
2025-09-23 09:15:00,3754.64,3755.22,3753.65,3754.7,351.0
2025-09-23 09:20:00,3754.6,3756.97,3753.54,3756.31,374.0
2025-09-23 09:25:00,3756.34,3757.39,3756.0,3756.53,330.0
2025-09-23 09:30:00,3756.57,3756.9,3754.45,3754.45,364.0
2025-09-23 09:35:00,3754.57,3755.5,3753.03,3753.64,364.0
2025-09-23 09:40:00,3753.81,3755.25,3752.06,3753.07,338.0
2025-09-23 09:45:00,3753.17,3756.67,3752.97,3756.03,347.0
2025-09-23 09:50:00,3756.0,3756.43,3754.46,3755.3,326.0
2025-09-23 09:55:00,3755.23,3755.52,3753.64,3753.91,312.0
2025-09-23 10:00:00,3753.79,3753.95,3751.0,3751.2,377.0
2025-09-23 10:05:00,3751.43,3751.61,3749.34,3749.98,360.0
2025-09-23 10:10:00,3750.16,3753.1,3749.06,3752.9,377.0
2025-09-23 10:15:00,3751.99,3752.79,3751.17,3751.89,348.0
2025-09-23 10:20:00,3752.0,3753.96,3750.92,3753.96,321.0
2025-09-23 10:25:00,3754.24,3755.47,3753.88,3754.81,320.0
2025-09-23 10:30:00,3755.42,3757.15,3754.63,3755.93,379.0
2025-09-23 10:35:00,3756.08,3757.4,3754.46,3754.46,356.0
2025-09-23 10:40:00,3754.43,3754.94,3753.12,3754.33,342.0
2025-09-23 10:45:00,3754.34,3755.43,3753.88,3754.54,333.0
2025-09-23 10:50:00,3754.5,3755.79,3754.18,3755.22,329.0
2025-09-23 10:55:00,3755.24,3755.3,3752.01,3753.41,354.0
2025-09-23 11:00:00,3753.21,3755.48,3753.21,3755.45,343.0
2025-09-23 11:05:00,3755.59,3755.7,3753.07,3754.02,290.0
2025-09-23 11:10:00,3754.03,3755.56,3754.0,3754.99,296.0
2025-09-23 11:15:00,3755.01,3758.91,3754.96,3758.72,358.0
2025-09-23 11:20:00,3758.8,3758.89,3757.31,3757.41,332.0
2025-09-23 11:25:00,3757.48,3759.62,3757.14,3759.32,309.0
2025-09-23 11:30:00,3759.23,3766.08,3759.18,3764.23,398.0
2025-09-23 11:35:00,3764.22,3767.67,3763.76,3767.67,380.0
2025-09-23 11:40:00,3767.66,3770.23,3766.58,3770.16,386.0
2025-09-23 11:45:00,3770.09,3775.19,3769.33,3774.25,394.0
2025-09-23 11:50:00,3773.96,3775.04,3771.17,3774.34,410.0
2025-09-23 11:55:00,3774.47,3775.11,3773.53,3774.31,386.0
2025-09-23 12:00:00,3774.24,3780.09,3774.24,3778.26,377.0
2025-09-23 12:05:00,3778.42,3781.74,3776.75,3781.22,387.0
2025-09-23 12:10:00,3781.35,3785.36,3780.61,3784.3,411.0
2025-09-23 12:15:00,3784.28,3784.67,3782.22,3783.6,395.0
2025-09-23 12:20:00,3783.61,3791.18,3782.78,3790.13,402.0
2025-09-23 12:25:00,3790.03,3790.03,3785.11,3787.03,414.0
2025-09-23 12:30:00,3787.0,3787.56,3784.4,3785.27,394.0
2025-09-23 12:35:00,3785.21,3785.43,3782.64,3784.32,381.0
2025-09-23 12:40:00,3784.3,3784.59,3778.24,3778.57,407.0
2025-09-23 12:45:00,3778.23,3781.34,3778.23,3780.93,393.0
2025-09-23 12:50:00,3780.69,3784.31,3780.46,3783.44,369.0
2025-09-23 12:55:00,3783.52,3786.46,3783.46,3784.83,364.0
2025-09-23 13:00:00,3784.82,3785.41,3783.28,3783.44,332.0
2025-09-23 13:05:00,3783.38,3785.39,3782.65,3784.76,331.0
2025-09-23 13:10:00,3784.82,3786.39,3784.13,3786.1,335.0
2025-09-23 13:15:00,3786.07,3787.78,3785.02,3787.62,373.0
2025-09-23 13:20:00,3787.61,3787.77,3785.95,3786.64,323.0
2025-09-23 13:25:00,3786.63,3786.69,3781.69,3782.61,375.0
2025-09-23 13:30:00,3782.79,3785.16,3782.79,3783.63,355.0
2025-09-23 13:35:00,3783.73,3785.23,3783.06,3784.68,335.0
2025-09-23 13:40:00,3784.67,3784.87,3782.83,3783.2,281.0
2025-09-23 13:45:00,3783.33,3784.03,3781.97,3783.02,295.0
2025-09-23 13:50:00,3783.02,3783.41,3780.88,3781.44,307.0
2025-09-23 13:55:00,3781.46,3783.19,3780.92,3782.97,285.0
2025-09-23 14:00:00,3783.05,3784.1,3781.77,3783.15,317.0
2025-09-23 14:05:00,3783.11,3784.08,3782.44,3782.74,329.0
2025-09-23 14:10:00,3782.74,3782.84,3779.76,3780.33,361.0
2025-09-23 14:15:00,3780.3,3783.36,3780.09,3782.19,351.0
2025-09-23 14:20:00,3782.17,3786.2,3781.74,3785.53,344.0
2025-09-23 14:25:00,3785.9,3788.62,3784.41,3788.07,368.0
2025-09-23 14:30:00,3788.29,3788.51,3784.09,3784.34,384.0
2025-09-23 14:35:00,3784.28,3785.12,3782.59,3783.46,376.0
2025-09-23 14:40:00,3783.38,3784.38,3782.31,3783.13,273.0
2025-09-23 14:45:00,3783.15,3784.6,3781.66,3782.26,349.0
2025-09-23 14:50:00,3782.39,3783.75,3780.56,3783.72,381.0
2025-09-23 14:55:00,3783.71,3784.24,3781.95,3783.43,358.0
2025-09-23 15:00:00,3783.69,3783.69,3780.99,3782.77,382.0
2025-09-23 15:05:00,3782.74,3782.78,3779.92,3780.74,352.0
2025-09-23 15:10:00,3780.78,3781.26,3777.63,3779.43,398.0
2025-09-23 15:15:00,3779.37,3784.42,3779.29,3783.59,373.0
2025-09-23 15:20:00,3783.55,3784.79,3780.94,3781.57,398.0
2025-09-23 15:25:00,3781.58,3781.59,3777.36,3781.32,403.0
2025-09-23 15:30:00,3781.39,3783.85,3779.41,3783.16,412.0
2025-09-23 15:35:00,3783.2,3783.82,3782.26,3783.45,350.0
2025-09-23 15:40:00,3783.34,3784.63,3782.55,3784.36,321.0
2025-09-23 15:45:00,3784.36,3785.38,3783.9,3784.7,362.0
2025-09-23 15:50:00,3784.49,3785.06,3783.81,3784.42,269.0
2025-09-23 15:55:00,3784.54,3785.04,3783.77,3784.29,328.0
2025-09-23 16:00:00,3784.24,3787.02,3782.83,3784.56,432.0
2025-09-23 16:05:00,3784.57,3785.82,3783.15,3783.33,371.0
2025-09-23 16:10:00,3784.32,3787.94,3784.2,3786.89,376.0
2025-09-23 16:15:00,3787.06,3787.78,3782.88,3782.88,384.0
2025-09-23 16:20:00,3782.8,3784.08,3781.16,3782.42,408.0
2025-09-23 16:25:00,3782.44,3786.25,3782.1,3783.53,376.0
2025-09-23 16:30:00,3783.77,3786.12,3780.74,3785.64,421.0
2025-09-23 16:35:00,3785.72,3787.29,3785.15,3786.86,425.0
2025-09-23 16:40:00,3786.84,3788.85,3783.38,3784.71,415.0
2025-09-23 16:45:00,3784.93,3786.27,3779.42,3779.42,432.0
2025-09-23 16:50:00,3779.08,3779.5,3774.41,3778.61,458.0
2025-09-23 16:55:00,3778.86,3784.12,3777.27,3783.86,442.0
2025-09-23 17:00:00,3784.11,3784.85,3777.93,3777.95,438.0
2025-09-23 17:05:00,3777.25,3778.27,3774.06,3777.37,440.0
2025-09-23 17:10:00,3777.63,3780.22,3776.54,3776.97,426.0
2025-09-23 17:15:00,3777.08,3778.08,3771.25,3772.98,438.0
2025-09-23 17:20:00,3772.85,3773.35,3767.74,3768.45,449.0
2025-09-23 17:25:00,3768.47,3772.08,3768.25,3770.97,436.0
2025-09-23 17:30:00,3771.1,3775.48,3770.8,3775.3,430.0
2025-09-23 17:35:00,3775.24,3775.25,3771.29,3774.1,421.0
2025-09-23 17:40:00,3774.02,3774.4,3771.22,3773.26,386.0
2025-09-23 17:45:00,3772.96,3773.99,3771.11,3773.78,379.0
2025-09-23 17:50:00,3773.62,3775.24,3772.62,3773.89,391.0
2025-09-23 17:55:00,3773.76,3775.17,3772.96,3774.02,396.0
2025-09-23 18:00:00,3774.03,3774.64,3772.92,3774.31,407.0
2025-09-23 18:05:00,3774.16,3775.87,3772.8,3775.69,375.0
2025-09-23 18:10:00,3775.77,3779.61,3775.63,3779.06,387.0
2025-09-23 18:15:00,3779.05,3780.49,3778.49,3779.96,375.0
2025-09-23 18:20:00,3779.89,3779.89,3777.55,3777.85,376.0
2025-09-23 18:25:00,3777.83,3780.05,3777.57,3780.05,367.0
2025-09-23 18:30:00,3780.31,3781.98,3778.92,3778.93,381.0
2025-09-23 18:35:00,3778.99,3780.23,3778.79,3779.62,324.0
2025-09-23 18:40:00,3779.54,3780.46,3778.86,3779.16,336.0
2025-09-23 18:45:00,3779.19,3779.54,3776.12,3776.79,344.0
2025-09-23 18:50:00,3776.94,3777.95,3775.64,3775.9,374.0
2025-09-23 18:55:00,3775.98,3779.64,3775.34,3779.35,350.0
2025-09-23 19:00:00,3779.52,3779.98,3778.8,3779.69,353.0
2025-09-23 19:05:00,3779.68,3779.85,3777.77,3778.53,330.0
2025-09-23 19:10:00,3778.48,3779.13,3773.73,3774.3,338.0
2025-09-23 19:15:00,3774.3,3777.14,3773.63,3777.02,361.0
2025-09-23 19:20:00,3777.07,3780.07,3777.07,3777.66,358.0
2025-09-23 19:25:00,3777.51,3777.79,3774.58,3775.34,326.0
2025-09-23 19:30:00,3775.27,3777.91,3774.54,3776.95,346.0
2025-09-23 19:35:00,3776.76,3776.76,3765.16,3772.46,470.0
2025-09-23 19:40:00,3772.17,3775.0,3770.09,3773.75,441.0
2025-09-23 19:45:00,3773.72,3776.97,3773.64,3776.39,438.0
2025-09-23 19:50:00,3776.12,3781.85,3776.08,3781.46,424.0
2025-09-23 19:55:00,3781.49,3781.88,3778.35,3779.16,392.0
2025-09-23 20:00:00,3779.24,3780.72,3779.07,3779.68,372.0
2025-09-23 20:05:00,3779.94,3781.07,3779.46,3780.59,339.0
2025-09-23 20:10:00,3780.59,3781.77,3780.3,3781.19,327.0
2025-09-23 20:15:00,3781.5,3781.84,3779.93,3780.18,337.0
2025-09-23 20:20:00,3780.13,3783.73,3780.0,3783.71,370.0
2025-09-23 20:25:00,3783.71,3785.61,3781.85,3782.13,378.0
2025-09-23 20:30:00,3782.32,3783.02,3777.25,3777.62,402.0
2025-09-23 20:35:00,3777.56,3780.68,3777.56,3779.84,382.0
2025-09-23 20:40:00,3779.83,3780.93,3777.74,3778.11,362.0
2025-09-23 20:45:00,3778.19,3780.64,3778.19,3780.56,328.0
2025-09-23 20:50:00,3780.52,3780.75,3777.09,3777.24,331.0
2025-09-23 20:55:00,3777.21,3777.61,3775.79,3777.36,325.0
2025-09-23 21:00:00,3777.42,3779.62,3776.92,3779.26,330.0
2025-09-23 21:05:00,3779.11,3781.38,3779.11,3779.58,333.0
2025-09-23 21:10:00,3779.54,3780.02,3777.27,3777.61,306.0
2025-09-23 21:15:00,3777.75,3779.09,3777.73,3778.88,330.0
2025-09-23 21:20:00,3778.86,3779.36,3777.91,3778.58,309.0
2025-09-23 21:25:00,3778.58,3779.15,3778.23,3778.6,290.0
2025-09-23 21:30:00,3778.25,3779.86,3777.67,3778.26,303.0
2025-09-23 21:35:00,3778.23,3779.64,3778.01,3778.23,274.0
2025-09-23 21:40:00,3778.25,3781.05,3778.09,3780.44,287.0
2025-09-23 21:45:00,3780.37,3780.62,3777.88,3778.41,318.0
2025-09-23 21:50:00,3778.31,3778.45,3767.99,3767.99,396.0
2025-09-23 21:55:00,3767.99,3768.81,3756.27,3756.71,451.0
2025-09-23 22:00:00,3756.94,3765.49,3755.51,3761.92,448.0
2025-09-23 22:05:00,3762.15,3762.15,3756.63,3757.97,444.0
2025-09-23 22:10:00,3758.47,3759.54,3755.45,3757.17,431.0
2025-09-23 22:15:00,3757.39,3757.82,3751.75,3752.7,442.0
2025-09-23 22:20:00,3752.83,3755.34,3752.83,3754.39,415.0
2025-09-23 22:25:00,3754.31,3759.71,3754.25,3758.68,394.0
2025-09-23 22:30:00,3758.7,3761.57,3758.7,3761.57,394.0
2025-09-23 22:35:00,3761.6,3765.16,3761.6,3765.12,401.0
2025-09-23 22:40:00,3764.92,3766.43,3763.79,3765.45,392.0
2025-09-23 22:45:00,3765.32,3766.6,3764.13,3765.25,375.0
2025-09-23 22:50:00,3765.28,3768.0,3764.8,3767.96,399.0
2025-09-23 22:55:00,3767.71,3767.96,3764.0,3764.31,384.0
2025-09-23 23:00:00,3764.34,3765.8,3764.26,3765.61,263.0
2025-09-23 23:05:00,3765.53,3767.43,3764.3,3764.82,295.0
2025-09-23 23:10:00,3764.71,3765.47,3763.8,3765.08,264.0
2025-09-23 23:15:00,3765.01,3765.41,3763.36,3763.41,213.0
2025-09-23 23:20:00,3763.5,3765.17,3763.5,3764.55,217.0
2025-09-23 23:25:00,3764.6,3765.25,3763.9,3765.1,181.0
2025-09-23 23:30:00,3765.05,3766.48,3764.81,3765.96,220.0
2025-09-23 23:35:00,3765.8,3765.8,3763.84,3763.88,199.0
2025-09-23 23:40:00,3763.86,3764.11,3763.53,3763.86,170.0
2025-09-23 23:45:00,3763.92,3764.13,3763.16,3763.61,147.0
2025-09-23 23:50:00,3763.62,3764.0,3762.61,3763.56,223.0
2025-09-23 23:55:00,3763.59,3764.75,3763.49,3764.02,210.0
2025-09-24 01:00:00,3766.1,3767.47,3765.22,3765.22,258.0
2025-09-24 01:05:00,3765.22,3766.06,3765.03,3765.14,174.0
2025-09-24 01:10:00,3765.12,3765.52,3764.35,3764.35,156.0
2025-09-24 01:15:00,3764.05,3764.69,3763.92,3764.19,176.0
2025-09-24 01:20:00,3764.21,3764.51,3762.82,3763.02,207.0
2025-09-24 01:25:00,3763.04,3763.2,3761.56,3762.05,201.0
2025-09-24 01:30:00,3762.07,3764.08,3762.07,3763.92,193.0
2025-09-24 01:35:00,3763.87,3766.66,3763.65,3765.68,256.0
2025-09-24 01:40:00,3765.67,3766.3,3765.2,3765.54,219.0
2025-09-24 01:45:00,3765.51,3765.96,3765.38,3765.49,133.0
2025-09-24 01:50:00,3765.49,3765.68,3764.74,3765.68,154.0
2025-09-24 01:55:00,3765.71,3765.76,3765.01,3765.48,142.0
2025-09-24 02:00:00,3765.49,3767.04,3765.12,3767.01,236.0
2025-09-24 02:05:00,3767.0,3768.82,3766.64,3768.37,250.0
2025-09-24 02:10:00,3768.19,3770.28,3768.15,3769.0,291.0
2025-09-24 02:15:00,3768.98,3769.33,3767.18,3768.41,258.0
2025-09-24 02:20:00,3768.31,3768.6,3767.57,3768.35,219.0
2025-09-24 02:25:00,3768.27,3769.61,3767.22,3769.54,258.0
2025-09-24 02:30:00,3769.52,3769.61,3765.52,3765.69,232.0
2025-09-24 02:35:00,3765.68,3765.98,3762.07,3762.07,316.0
2025-09-24 02:40:00,3761.96,3763.88,3761.92,3763.58,317.0
2025-09-24 02:45:00,3763.46,3763.93,3762.06,3763.17,293.0
2025-09-24 02:50:00,3763.12,3763.72,3762.22,3762.3,235.0
2025-09-24 02:55:00,3762.32,3764.21,3762.17,3763.9,285.0
2025-09-24 03:00:00,3764.17,3765.21,3760.86,3760.92,388.0
2025-09-24 03:05:00,3760.82,3761.8,3759.16,3759.89,366.0
2025-09-24 03:10:00,3759.78,3760.39,3758.9,3759.46,292.0
2025-09-24 03:15:00,3759.44,3760.61,3758.92,3759.5,307.0
2025-09-24 03:20:00,3759.51,3765.14,3759.51,3765.0,321.0
2025-09-24 03:25:00,3764.91,3764.98,3762.7,3763.76,316.0
2025-09-24 03:30:00,3763.81,3765.09,3762.51,3762.92,322.0
2025-09-24 03:35:00,3762.87,3763.65,3762.25,3762.96,294.0
2025-09-24 03:40:00,3763.0,3764.46,3761.84,3763.17,307.0
2025-09-24 03:45:00,3763.13,3763.65,3761.7,3762.3,299.0
2025-09-24 03:50:00,3762.32,3764.19,3762.02,3763.65,248.0
2025-09-24 03:55:00,3763.57,3765.55,3763.56,3765.23,312.0
2025-09-24 04:00:00,3765.37,3766.81,3762.15,3763.84,423.0
2025-09-24 04:05:00,3764.21,3768.04,3763.92,3767.51,424.0
2025-09-24 04:10:00,3767.49,3771.85,3762.63,3763.6,432.0
2025-09-24 04:15:00,3763.85,3764.1,3761.08,3762.58,417.0
2025-09-24 04:20:00,3762.65,3763.28,3759.26,3759.78,407.0
2025-09-24 04:25:00,3759.77,3760.73,3758.44,3758.95,409.0
2025-09-24 04:30:00,3758.83,3760.53,3757.22,3758.45,414.0
2025-09-24 04:35:00,3758.46,3760.11,3757.13,3759.55,402.0
2025-09-24 04:40:00,3759.59,3760.75,3758.83,3760.11,383.0
2025-09-24 04:45:00,3760.11,3760.84,3756.3,3756.35,380.0
2025-09-24 04:50:00,3756.34,3758.37,3755.01,3758.34,368.0
2025-09-24 04:55:00,3758.36,3759.76,3756.51,3756.58,344.0
2025-09-24 05:00:00,3756.49,3757.02,3754.95,3755.63,356.0
2025-09-24 05:05:00,3755.54,3756.17,3753.41,3754.33,375.0
2025-09-24 05:10:00,3754.36,3756.01,3753.42,3753.5,336.0
2025-09-24 05:15:00,3753.53,3755.25,3752.9,3754.16,365.0
2025-09-24 05:20:00,3754.14,3754.51,3752.15,3753.35,321.0
2025-09-24 05:25:00,3753.32,3753.89,3752.26,3752.74,287.0
2025-09-24 05:30:00,3752.72,3753.61,3750.76,3751.19,364.0
2025-09-24 05:35:00,3751.17,3754.31,3750.74,3753.7,370.0
2025-09-24 05:40:00,3753.73,3755.97,3753.61,3755.21,329.0
2025-09-24 05:45:00,3755.31,3756.85,3754.02,3754.2,350.0
2025-09-24 05:50:00,3754.21,3758.95,3754.11,3758.29,319.0
2025-09-24 05:55:00,3758.24,3759.3,3756.33,3757.09,377.0
2025-09-24 06:00:00,3757.11,3757.68,3754.4,3754.44,335.0
2025-09-24 06:05:00,3754.39,3756.19,3752.37,3756.08,417.0
2025-09-24 06:10:00,3756.15,3758.42,3756.15,3757.78,367.0
2025-09-24 06:15:00,3757.74,3760.74,3757.05,3760.72,372.0
2025-09-24 06:20:00,3760.82,3761.02,3758.92,3760.46,320.0
2025-09-24 06:25:00,3760.22,3761.68,3760.14,3760.94,324.0
2025-09-24 06:30:00,3760.89,3763.72,3760.26,3763.34,328.0
2025-09-24 06:35:00,3763.4,3764.25,3763.02,3763.66,311.0
2025-09-24 06:40:00,3763.67,3765.41,3763.36,3764.57,301.0
2025-09-24 06:45:00,3764.5,3765.51,3763.55,3764.1,324.0
2025-09-24 06:50:00,3763.95,3765.21,3763.78,3764.63,244.0
2025-09-24 06:55:00,3764.75,3766.59,3764.61,3765.45,291.0
2025-09-24 07:00:00,3765.42,3766.66,3765.22,3766.42,292.0
2025-09-24 07:05:00,3766.43,3766.66,3765.9,3766.66,218.0
2025-09-24 07:10:00,3766.64,3766.93,3766.13,3766.91,227.0
2025-09-24 07:15:00,3766.88,3767.68,3765.39,3765.88,290.0
2025-09-24 07:20:00,3765.88,3766.28,3763.24,3763.75,353.0
2025-09-24 07:25:00,3763.82,3765.13,3763.82,3764.98,254.0
2025-09-24 07:30:00,3764.9,3766.63,3764.68,3766.53,261.0
2025-09-24 07:35:00,3766.51,3767.79,3765.89,3767.7,277.0
2025-09-24 07:40:00,3767.69,3768.01,3766.85,3767.78,272.0
2025-09-24 07:45:00,3767.86,3767.86,3766.81,3767.2,242.0
2025-09-24 07:50:00,3767.23,3767.96,3766.7,3767.91,250.0
2025-09-24 07:55:00,3767.88,3768.3,3767.51,3768.23,220.0
2025-09-24 08:00:00,3768.17,3770.26,3768.15,3768.77,309.0
2025-09-24 08:05:00,3768.77,3770.08,3767.88,3770.08,243.0
2025-09-24 08:10:00,3770.17,3771.26,3769.45,3770.67,294.0
2025-09-24 08:15:00,3770.91,3771.3,3769.52,3770.69,312.0
2025-09-24 08:20:00,3770.73,3773.01,3770.71,3772.5,283.0
2025-09-24 08:25:00,3772.45,3773.41,3771.98,3772.23,295.0
2025-09-24 08:30:00,3772.28,3773.83,3771.49,3773.32,362.0
2025-09-24 08:35:00,3773.36,3776.97,3773.02,3776.94,387.0
2025-09-24 08:40:00,3776.87,3776.87,3774.2,3774.56,381.0
2025-09-24 08:45:00,3774.6,3775.55,3772.88,3772.95,358.0
2025-09-24 08:50:00,3772.96,3776.16,3772.6,3776.16,359.0
2025-09-24 08:55:00,3776.07,3776.15,3774.22,3774.93,318.0
2025-09-24 09:00:00,3775.01,3776.12,3773.13,3774.9,349.0
2025-09-24 09:05:00,3774.83,3775.97,3773.14,3775.61,328.0
2025-09-24 09:10:00,3775.66,3775.74,3772.15,3773.42,333.0
2025-09-24 09:15:00,3773.38,3775.06,3773.28,3774.93,311.0
2025-09-24 09:20:00,3774.94,3775.2,3773.41,3773.99,332.0
2025-09-24 09:25:00,3773.82,3773.96,3769.18,3771.31,353.0
2025-09-24 09:30:00,3771.35,3772.68,3770.16,3771.81,373.0
2025-09-24 09:35:00,3771.84,3773.0,3771.34,3772.44,325.0
2025-09-24 09:40:00,3772.46,3773.26,3771.76,3772.04,330.0
2025-09-24 09:45:00,3772.05,3774.65,3771.68,3774.39,308.0
2025-09-24 09:50:00,3774.37,3774.79,3773.84,3773.88,294.0
2025-09-24 09:55:00,3773.83,3773.91,3771.18,3771.24,334.0
2025-09-24 10:00:00,3771.49,3775.41,3770.7,3775.38,363.0
2025-09-24 10:05:00,3775.13,3775.81,3773.86,3775.21,349.0
2025-09-24 10:10:00,3775.2,3775.21,3773.18,3773.24,313.0
2025-09-24 10:15:00,3773.11,3775.41,3772.37,3775.41,348.0
2025-09-24 10:20:00,3775.42,3776.95,3775.27,3775.5,337.0
2025-09-24 10:25:00,3775.51,3775.75,3774.12,3775.36,308.0
2025-09-24 10:30:00,3775.35,3776.64,3774.18,3776.01,338.0
2025-09-24 10:35:00,3775.99,3778.33,3775.94,3778.19,326.0
2025-09-24 10:40:00,3778.2,3779.21,3777.35,3777.43,302.0
2025-09-24 10:45:00,3777.48,3777.88,3776.19,3777.7,371.0
2025-09-24 10:50:00,3777.58,3777.86,3776.05,3776.73,319.0
2025-09-24 10:55:00,3776.75,3777.48,3776.61,3777.34,283.0
2025-09-24 11:00:00,3777.43,3777.71,3774.33,3775.4,348.0
2025-09-24 11:05:00,3775.42,3776.44,3774.8,3774.99,341.0
2025-09-24 11:10:00,3774.94,3774.94,3771.93,3772.46,350.0
2025-09-24 11:15:00,3772.46,3773.39,3771.67,3773.24,330.0
2025-09-24 11:20:00,3773.32,3774.52,3772.49,3772.7,360.0
2025-09-24 11:25:00,3772.61,3772.75,3770.33,3770.47,325.0
2025-09-24 11:30:00,3770.38,3771.56,3769.86,3770.59,302.0
2025-09-24 11:35:00,3770.6,3771.1,3769.67,3770.05,320.0
2025-09-24 11:40:00,3770.07,3770.31,3768.56,3769.34,307.0
2025-09-24 11:45:00,3769.29,3771.06,3767.3,3767.56,311.0
2025-09-24 11:50:00,3767.58,3769.7,3767.07,3769.3,297.0
2025-09-24 11:55:00,3769.21,3770.94,3769.21,3770.12,271.0
2025-09-24 12:00:00,3770.0,3771.38,3769.8,3770.46,254.0
2025-09-24 12:05:00,3770.55,3771.7,3769.92,3770.69,302.0
2025-09-24 12:10:00,3770.75,3770.78,3769.59,3769.73,289.0
2025-09-24 12:15:00,3769.74,3769.99,3768.99,3769.69,281.0
2025-09-24 12:20:00,3769.98,3770.24,3768.71,3768.9,317.0
2025-09-24 12:25:00,3768.95,3769.0,3767.23,3767.73,297.0
2025-09-24 12:30:00,3767.76,3769.54,3766.67,3767.33,337.0
2025-09-24 12:35:00,3767.36,3768.24,3766.24,3766.43,297.0
2025-09-24 12:40:00,3766.46,3768.51,3763.2,3767.82,366.0
2025-09-24 12:45:00,3767.77,3768.33,3767.21,3767.67,269.0
2025-09-24 12:50:00,3767.41,3768.93,3766.97,3767.79,307.0
2025-09-24 12:55:00,3767.73,3768.54,3766.85,3768.54,239.0
2025-09-24 13:00:00,3768.43,3768.71,3766.58,3766.84,259.0
2025-09-24 13:05:00,3766.78,3766.78,3764.29,3764.6,305.0
2025-09-24 13:10:00,3764.39,3765.13,3764.07,3765.02,312.0
2025-09-24 13:15:00,3765.04,3765.63,3762.99,3763.13,313.0
2025-09-24 13:20:00,3763.02,3763.77,3761.36,3761.84,352.0
2025-09-24 13:25:00,3761.89,3764.04,3759.76,3764.04,390.0
2025-09-24 13:30:00,3764.01,3765.38,3763.9,3764.66,329.0
2025-09-24 13:35:00,3764.67,3764.81,3763.55,3764.54,287.0
2025-09-24 13:40:00,3764.45,3764.65,3761.76,3762.84,281.0
2025-09-24 13:45:00,3762.7,3763.79,3760.52,3760.89,302.0
2025-09-24 13:50:00,3760.83,3761.67,3760.24,3761.1,315.0
2025-09-24 13:55:00,3761.06,3762.1,3760.23,3762.07,288.0
2025-09-24 14:00:00,3762.13,3763.02,3761.13,3762.9,314.0
2025-09-24 14:05:00,3762.89,3763.84,3760.21,3760.29,338.0
2025-09-24 14:10:00,3760.05,3763.23,3759.72,3763.2,333.0
2025-09-24 14:15:00,3763.03,3765.65,3763.03,3764.14,354.0
2025-09-24 14:20:00,3764.13,3765.78,3763.93,3764.72,311.0
2025-09-24 14:25:00,3764.78,3765.69,3764.65,3765.23,289.0
2025-09-24 14:30:00,3765.19,3766.85,3764.25,3766.79,330.0
2025-09-24 14:35:00,3766.55,3768.85,3766.39,3768.04,328.0
2025-09-24 14:40:00,3767.93,3768.64,3767.56,3768.25,307.0
2025-09-24 14:45:00,3768.29,3769.03,3768.03,3768.26,324.0
2025-09-24 14:50:00,3768.62,3769.55,3768.25,3768.76,300.0
2025-09-24 14:55:00,3768.79,3769.34,3767.53,3768.95,309.0
2025-09-24 15:00:00,3768.66,3771.05,3768.47,3769.24,323.0
2025-09-24 15:05:00,3769.08,3769.64,3767.46,3767.52,358.0
2025-09-24 15:10:00,3767.5,3768.56,3765.57,3766.35,354.0
2025-09-24 15:15:00,3766.59,3770.96,3766.09,3770.52,376.0
2025-09-24 15:20:00,3770.46,3771.28,3764.83,3766.21,428.0
2025-09-24 15:25:00,3766.16,3768.17,3765.78,3767.53,405.0
2025-09-24 15:30:00,3767.03,3767.53,3765.17,3765.78,382.0
2025-09-24 15:35:00,3765.7,3767.17,3764.07,3764.93,385.0
2025-09-24 15:40:00,3764.9,3766.22,3764.23,3765.33,354.0
2025-09-24 15:45:00,3765.27,3768.46,3764.88,3768.39,365.0
2025-09-24 15:50:00,3768.35,3769.9,3766.43,3766.62,396.0
2025-09-24 15:55:00,3766.63,3769.98,3766.25,3768.04,386.0
2025-09-24 16:00:00,3767.91,3769.53,3766.75,3767.7,406.0
2025-09-24 16:05:00,3768.02,3770.65,3767.91,3769.73,385.0
2025-09-24 16:10:00,3769.87,3771.47,3767.97,3771.47,354.0
2025-09-24 16:15:00,3771.34,3771.44,3769.3,3770.07,339.0
2025-09-24 16:20:00,3770.08,3773.05,3769.88,3770.61,398.0
2025-09-24 16:25:00,3770.49,3771.11,3767.25,3767.45,360.0
2025-09-24 16:30:00,3767.46,3768.26,3763.01,3763.19,442.0
2025-09-24 16:35:00,3763.52,3765.52,3761.48,3764.81,378.0
2025-09-24 16:40:00,3764.84,3766.25,3761.16,3762.62,423.0
2025-09-24 16:45:00,3762.68,3763.14,3759.24,3761.13,436.0
2025-09-24 16:50:00,3761.04,3765.5,3760.78,3763.6,434.0
2025-09-24 16:55:00,3763.69,3764.01,3760.52,3761.28,386.0
2025-09-24 17:00:00,3760.63,3764.84,3759.19,3763.22,435.0
2025-09-24 17:05:00,3763.24,3764.43,3755.32,3758.03,433.0
2025-09-24 17:10:00,3757.97,3760.83,3757.27,3759.78,441.0
2025-09-24 17:15:00,3759.74,3762.49,3758.27,3758.72,401.0
2025-09-24 17:20:00,3758.57,3759.29,3753.97,3755.45,423.0
2025-09-24 17:25:00,3755.6,3759.19,3753.45,3758.9,427.0
2025-09-24 17:30:00,3758.8,3760.04,3754.24,3755.86,429.0
2025-09-24 17:35:00,3755.97,3756.96,3753.84,3754.73,409.0
2025-09-24 17:40:00,3754.28,3758.3,3753.73,3755.3,408.0
2025-09-24 17:45:00,3755.4,3757.11,3752.95,3754.67,413.0
2025-09-24 17:50:00,3754.41,3755.29,3749.26,3752.88,425.0
2025-09-24 17:55:00,3752.56,3753.18,3751.39,3752.69,419.0
2025-09-24 18:00:00,3753.08,3756.04,3752.93,3755.57,425.0
2025-09-24 18:05:00,3755.66,3755.66,3753.59,3755.62,371.0
2025-09-24 18:10:00,3755.03,3755.54,3751.89,3754.43,386.0
2025-09-24 18:15:00,3754.58,3756.45,3754.31,3755.36,386.0
2025-09-24 18:20:00,3755.39,3756.6,3754.15,3755.94,387.0
2025-09-24 18:25:00,3755.74,3755.85,3750.98,3751.02,379.0
2025-09-24 18:30:00,3751.09,3751.58,3745.9,3745.98,430.0
2025-09-24 18:35:00,3746.0,3748.5,3745.32,3748.07,348.0
2025-09-24 18:40:00,3748.02,3748.28,3742.95,3745.46,426.0
2025-09-24 18:45:00,3745.64,3746.12,3743.87,3745.3,372.0
2025-09-24 18:50:00,3744.75,3745.83,3742.37,3744.51,336.0
2025-09-24 18:55:00,3744.75,3745.73,3739.63,3741.23,421.0
2025-09-24 19:00:00,3741.16,3744.29,3739.34,3744.29,422.0
2025-09-24 19:05:00,3744.29,3745.24,3740.89,3743.13,413.0
2025-09-24 19:10:00,3743.16,3743.3,3739.74,3741.01,388.0
2025-09-24 19:15:00,3740.95,3743.14,3737.5,3742.66,413.0
2025-09-24 19:20:00,3742.6,3743.15,3738.97,3739.85,392.0
2025-09-24 19:25:00,3739.81,3742.37,3739.7,3742.05,362.0
2025-09-24 19:30:00,3742.06,3743.01,3739.05,3739.05,364.0
2025-09-24 19:35:00,3739.19,3740.63,3738.82,3739.81,342.0
2025-09-24 19:40:00,3739.79,3740.86,3735.33,3738.49,395.0
2025-09-24 19:45:00,3738.93,3738.96,3734.73,3734.77,407.0
2025-09-24 19:50:00,3734.75,3736.7,3732.4,3736.58,403.0
2025-09-24 19:55:00,3736.47,3738.11,3735.72,3735.83,353.0
2025-09-24 20:00:00,3735.89,3736.59,3734.51,3735.03,354.0
2025-09-24 20:05:00,3735.04,3737.39,3734.82,3736.08,328.0
2025-09-24 20:10:00,3736.1,3738.77,3735.87,3738.49,367.0
2025-09-24 20:15:00,3738.45,3738.65,3736.56,3736.56,318.0
2025-09-24 20:20:00,3736.59,3736.65,3734.93,3735.25,349.0
2025-09-24 20:25:00,3735.27,3735.8,3733.68,3734.8,337.0
2025-09-24 20:30:00,3734.74,3735.04,3733.24,3734.95,307.0
2025-09-24 20:35:00,3734.96,3735.14,3733.12,3734.11,266.0
2025-09-24 20:40:00,3734.14,3734.5,3733.18,3733.52,256.0
2025-09-24 20:45:00,3733.54,3733.99,3732.43,3733.59,275.0
2025-09-24 20:50:00,3733.56,3735.3,3733.5,3734.66,236.0
2025-09-24 20:55:00,3734.67,3735.06,3732.61,3733.23,287.0
2025-09-24 21:00:00,3732.93,3733.92,3731.05,3731.1,292.0
2025-09-24 21:05:00,3731.08,3731.54,3728.17,3728.79,402.0
2025-09-24 21:10:00,3728.79,3730.53,3727.81,3730.19,347.0
2025-09-24 21:15:00,3730.28,3730.84,3727.02,3729.17,345.0
2025-09-24 21:20:00,3728.96,3729.43,3727.03,3727.86,298.0
2025-09-24 21:25:00,3727.89,3729.4,3726.57,3729.03,316.0
2025-09-24 21:30:00,3729.11,3729.63,3727.53,3729.51,295.0
2025-09-24 21:35:00,3729.54,3731.16,3729.34,3730.66,321.0
2025-09-24 21:40:00,3730.72,3731.05,3728.23,3728.23,301.0
2025-09-24 21:45:00,3728.23,3728.64,3725.18,3725.72,312.0
2025-09-24 21:50:00,3725.74,3727.57,3725.66,3726.66,368.0
2025-09-24 21:55:00,3726.83,3726.91,3722.66,3724.08,365.0
2025-09-24 22:00:00,3724.4,3724.41,3720.89,3721.36,402.0
2025-09-24 22:05:00,3721.37,3722.28,3719.01,3719.42,374.0
2025-09-24 22:10:00,3719.38,3721.62,3718.64,3720.25,373.0
2025-09-24 22:15:00,3720.24,3721.41,3719.11,3719.57,332.0
2025-09-24 22:20:00,3719.71,3719.96,3717.73,3717.83,347.0
2025-09-24 22:25:00,3717.9,3718.58,3717.48,3718.36,322.0
2025-09-24 22:30:00,3718.49,3723.35,3718.39,3722.27,382.0
2025-09-24 22:35:00,3722.26,3724.57,3722.26,3723.72,349.0
2025-09-24 22:40:00,3723.75,3727.57,3723.61,3727.38,362.0
2025-09-24 22:45:00,3727.36,3731.27,3727.2,3730.55,374.0
2025-09-24 22:50:00,3730.69,3731.9,3730.11,3731.16,331.0
2025-09-24 22:55:00,3730.47,3731.24,3729.6,3730.11,346.0
2025-09-24 23:00:00,3730.07,3732.52,3730.02,3731.2,247.0
2025-09-24 23:05:00,3731.26,3732.47,3730.9,3732.0,197.0
2025-09-24 23:10:00,3732.07,3732.5,3731.43,3732.38,231.0
2025-09-24 23:15:00,3732.37,3732.42,3730.87,3731.53,202.0
2025-09-24 23:20:00,3731.56,3732.33,3730.9,3732.0,189.0
2025-09-24 23:25:00,3731.99,3732.37,3731.52,3731.97,177.0
2025-09-24 23:30:00,3731.96,3733.74,3731.66,3733.35,183.0
2025-09-24 23:35:00,3733.33,3735.91,3733.19,3735.85,203.0
2025-09-24 23:40:00,3735.85,3736.69,3735.77,3736.55,216.0
2025-09-24 23:45:00,3736.56,3736.64,3735.66,3736.33,188.0
2025-09-24 23:50:00,3736.34,3736.7,3735.48,3736.68,161.0
2025-09-24 23:55:00,3736.63,3737.33,3735.78,3735.85,188.0
2025-09-25 01:00:00,3737.02,3740.46,3737.02,3739.46,413.0
2025-09-25 01:05:00,3739.46,3739.78,3738.94,3739.58,176.0
2025-09-25 01:10:00,3739.54,3739.74,3738.96,3739.58,190.0
2025-09-25 01:15:00,3740.13,3741.58,3740.12,3741.03,239.0
2025-09-25 01:20:00,3741.03,3743.64,3741.03,3743.54,274.0
2025-09-25 01:25:00,3743.55,3745.28,3743.51,3744.85,291.0
2025-09-25 01:30:00,3744.84,3744.84,3740.65,3741.09,319.0
2025-09-25 01:35:00,3741.09,3741.16,3739.63,3739.79,267.0
2025-09-25 01:40:00,3739.64,3741.62,3739.55,3741.48,294.0
2025-09-25 01:45:00,3741.48,3742.74,3741.45,3742.52,219.0
2025-09-25 01:50:00,3742.51,3743.0,3740.76,3740.76,235.0
2025-09-25 01:55:00,3740.78,3741.46,3740.65,3741.13,168.0
2025-09-25 02:00:00,3741.11,3741.2,3740.1,3740.55,215.0
2025-09-25 02:05:00,3740.53,3742.21,3739.08,3739.28,282.0
2025-09-25 02:10:00,3739.28,3741.73,3739.28,3741.73,248.0
2025-09-25 02:15:00,3741.76,3741.91,3740.88,3741.01,207.0
2025-09-25 02:20:00,3741.11,3741.26,3740.19,3740.97,196.0
2025-09-25 02:25:00,3740.92,3741.02,3739.61,3739.61,138.0
2025-09-25 02:30:00,3739.73,3740.79,3739.73,3740.27,175.0
2025-09-25 02:35:00,3740.28,3742.17,3740.28,3741.73,234.0
2025-09-25 02:40:00,3741.72,3742.35,3741.4,3741.99,208.0
2025-09-25 02:45:00,3741.94,3744.73,3741.83,3743.2,351.0
2025-09-25 02:50:00,3743.29,3745.24,3742.27,3743.81,359.0
2025-09-25 02:55:00,3743.83,3744.93,3742.72,3742.98,319.0
2025-09-25 03:00:00,3742.99,3745.77,3741.55,3745.76,457.0
2025-09-25 03:05:00,3745.94,3748.51,3745.69,3747.65,438.0
2025-09-25 03:10:00,3747.7,3750.11,3747.07,3749.99,401.0
2025-09-25 03:15:00,3749.95,3751.19,3749.07,3750.24,434.0
2025-09-25 03:20:00,3750.23,3750.76,3749.26,3749.76,395.0
2025-09-25 03:25:00,3749.77,3750.78,3748.34,3750.49,385.0
2025-09-25 03:30:00,3750.48,3751.58,3747.8,3748.45,384.0
2025-09-25 03:35:00,3748.49,3749.06,3746.7,3746.82,361.0
2025-09-25 03:40:00,3746.79,3748.11,3746.71,3748.07,335.0
2025-09-25 03:45:00,3748.07,3748.96,3747.06,3748.96,306.0
2025-09-25 03:50:00,3748.77,3750.38,3747.88,3747.93,373.0
2025-09-25 03:55:00,3747.89,3749.34,3747.77,3748.99,302.0
2025-09-25 04:00:00,3749.01,3750.47,3745.57,3746.08,517.0
2025-09-25 04:05:00,3746.09,3747.26,3743.49,3743.54,476.0
2025-09-25 04:10:00,3743.45,3743.82,3740.8,3741.35,473.0
2025-09-25 04:15:00,3741.31,3743.69,3740.57,3743.29,445.0
2025-09-25 04:20:00,3743.28,3746.43,3742.22,3746.23,429.0
2025-09-25 04:25:00,3746.28,3747.04,3743.85,3744.29,425.0
2025-09-25 04:30:00,3744.29,3744.39,3742.26,3743.14,434.0
2025-09-25 04:35:00,3743.14,3743.8,3738.35,3740.85,456.0
2025-09-25 04:40:00,3740.83,3740.83,3737.46,3738.35,482.0
2025-09-25 04:45:00,3738.37,3740.52,3737.52,3740.12,423.0
2025-09-25 04:50:00,3740.13,3741.05,3735.72,3735.93,496.0
2025-09-25 04:55:00,3735.92,3737.4,3732.85,3736.1,480.0
2025-09-25 05:00:00,3736.04,3736.29,3731.82,3732.25,464.0
2025-09-25 05:05:00,3732.19,3732.85,3729.28,3732.12,494.0
2025-09-25 05:10:00,3732.32,3733.46,3731.47,3732.72,457.0
2025-09-25 05:15:00,3732.72,3733.32,3731.76,3733.29,382.0
2025-09-25 05:20:00,3733.27,3733.61,3732.48,3733.55,315.0
2025-09-25 05:25:00,3733.54,3735.7,3733.07,3735.6,313.0
2025-09-25 05:30:00,3735.52,3739.23,3735.52,3738.85,447.0
2025-09-25 05:35:00,3738.91,3740.77,3738.66,3739.86,409.0
2025-09-25 05:40:00,3739.82,3742.27,3739.35,3742.16,373.0
2025-09-25 05:45:00,3742.15,3742.4,3739.8,3740.73,408.0
2025-09-25 05:50:00,3740.74,3740.83,3737.15,3737.68,369.0
2025-09-25 05:55:00,3737.66,3739.58,3736.38,3739.57,362.0
2025-09-25 06:00:00,3739.54,3739.64,3737.27,3738.28,321.0
2025-09-25 06:05:00,3738.31,3738.59,3734.48,3735.22,392.0
2025-09-25 06:10:00,3735.45,3736.86,3734.66,3735.17,394.0
2025-09-25 06:15:00,3735.17,3736.56,3734.65,3735.37,323.0
2025-09-25 06:20:00,3735.36,3737.24,3734.98,3737.24,355.0
2025-09-25 06:25:00,3737.22,3737.29,3734.73,3735.71,337.0
2025-09-25 06:30:00,3735.72,3736.39,3735.04,3735.28,318.0
2025-09-25 06:35:00,3735.23,3736.32,3734.84,3735.32,301.0
2025-09-25 06:40:00,3735.34,3739.15,3735.34,3739.09,378.0
2025-09-25 06:45:00,3739.09,3739.13,3735.91,3736.09,279.0
2025-09-25 06:50:00,3735.98,3736.58,3734.69,3734.75,297.0
2025-09-25 06:55:00,3734.74,3736.77,3734.49,3736.67,316.0
2025-09-25 07:00:00,3736.67,3736.67,3733.26,3734.37,362.0
2025-09-25 07:05:00,3734.33,3734.44,3732.79,3732.8,289.0
2025-09-25 07:10:00,3732.84,3733.54,3732.42,3732.49,265.0
2025-09-25 07:15:00,3732.52,3733.35,3731.71,3732.1,282.0
2025-09-25 07:20:00,3732.04,3735.5,3732.0,3734.13,335.0
2025-09-25 07:25:00,3734.12,3734.84,3733.87,3734.12,227.0
2025-09-25 07:30:00,3734.27,3739.36,3733.76,3739.29,327.0
2025-09-25 07:35:00,3739.34,3740.75,3738.44,3738.44,358.0
2025-09-25 07:40:00,3738.64,3739.72,3738.01,3739.7,312.0
2025-09-25 07:45:00,3739.72,3739.99,3737.99,3738.2,261.0
2025-09-25 07:50:00,3738.16,3738.44,3737.26,3738.22,225.0
2025-09-25 07:55:00,3738.17,3738.74,3738.01,3738.09,207.0
2025-09-25 08:00:00,3738.12,3738.49,3736.89,3737.22,289.0
2025-09-25 08:05:00,3737.2,3737.39,3735.35,3735.55,332.0
2025-09-25 08:10:00,3735.56,3736.51,3734.54,3735.52,329.0
2025-09-25 08:15:00,3735.52,3736.75,3735.0,3736.59,342.0
2025-09-25 08:20:00,3736.59,3736.73,3734.35,3734.8,236.0
2025-09-25 08:25:00,3734.83,3736.72,3734.15,3736.43,303.0
2025-09-25 08:30:00,3736.41,3738.09,3735.63,3737.36,358.0
2025-09-25 08:35:00,3737.38,3741.25,3737.38,3738.17,385.0
2025-09-25 08:40:00,3738.18,3739.79,3736.94,3737.8,326.0
2025-09-25 08:45:00,3737.74,3738.45,3736.9,3737.23,294.0
2025-09-25 08:50:00,3737.2,3739.51,3736.26,3739.15,354.0
2025-09-25 08:55:00,3739.15,3740.41,3738.27,3738.7,395.0
2025-09-25 09:00:00,3738.85,3740.77,3737.85,3738.79,364.0
2025-09-25 09:05:00,3738.85,3741.19,3738.81,3741.19,362.0
2025-09-25 09:10:00,3741.5,3747.0,3741.48,3745.9,467.0
2025-09-25 09:15:00,3745.87,3748.37,3745.73,3747.37,446.0
2025-09-25 09:20:00,3747.43,3747.53,3745.15,3745.32,382.0
2025-09-25 09:25:00,3745.3,3746.43,3744.64,3745.13,339.0
2025-09-25 09:30:00,3744.96,3746.17,3744.55,3745.41,331.0
2025-09-25 09:35:00,3745.39,3745.5,3742.86,3742.91,356.0
2025-09-25 09:40:00,3742.85,3743.22,3740.54,3742.11,366.0
2025-09-25 09:45:00,3742.08,3743.81,3741.2,3742.68,364.0
2025-09-25 09:50:00,3742.67,3743.04,3740.89,3741.03,340.0
2025-09-25 09:55:00,3740.94,3741.79,3739.97,3740.99,346.0
2025-09-25 10:00:00,3741.22,3743.18,3740.03,3742.63,365.0
2025-09-25 10:05:00,3742.69,3743.52,3742.22,3742.59,385.0
2025-09-25 10:10:00,3742.69,3744.14,3740.79,3742.93,352.0
2025-09-25 10:15:00,3742.81,3744.85,3742.81,3743.27,389.0
2025-09-25 10:20:00,3743.27,3744.43,3742.47,3744.04,349.0
2025-09-25 10:25:00,3744.11,3746.07,3743.41,3744.8,341.0
2025-09-25 10:30:00,3744.15,3747.75,3743.09,3747.66,385.0
2025-09-25 10:35:00,3747.66,3752.28,3747.16,3751.41,466.0
2025-09-25 10:40:00,3751.56,3751.58,3748.99,3751.37,468.0
2025-09-25 10:45:00,3751.36,3754.07,3751.29,3753.77,483.0
2025-09-25 10:50:00,3753.79,3754.89,3749.61,3752.89,477.0
2025-09-25 10:55:00,3752.83,3752.89,3749.68,3752.17,431.0
2025-09-25 11:00:00,3752.1,3756.81,3751.17,3755.17,481.0
2025-09-25 11:05:00,3755.13,3756.64,3753.96,3756.01,443.0
2025-09-25 11:10:00,3755.98,3759.47,3754.57,3757.51,459.0
2025-09-25 11:15:00,3757.49,3761.62,3757.45,3759.98,483.0
2025-09-25 11:20:00,3759.99,3760.92,3758.96,3759.77,430.0
2025-09-25 11:25:00,3759.78,3760.3,3756.3,3757.68,441.0
2025-09-25 11:30:00,3757.69,3757.69,3753.22,3753.66,454.0
2025-09-25 11:35:00,3753.35,3754.58,3751.56,3752.47,434.0
2025-09-25 11:40:00,3752.43,3753.94,3751.48,3753.94,378.0
2025-09-25 11:45:00,3753.93,3754.36,3751.99,3752.79,354.0
2025-09-25 11:50:00,3752.78,3757.34,3752.69,3757.25,371.0
2025-09-25 11:55:00,3757.3,3757.42,3755.57,3756.38,363.0
2025-09-25 12:00:00,3756.26,3757.1,3753.99,3755.46,368.0
2025-09-25 12:05:00,3755.44,3757.13,3755.23,3755.51,355.0
2025-09-25 12:10:00,3755.48,3757.02,3754.45,3756.71,351.0
2025-09-25 12:15:00,3756.73,3756.91,3754.29,3754.97,380.0
2025-09-25 12:20:00,3754.98,3755.6,3753.06,3753.06,345.0
2025-09-25 12:25:00,3753.22,3753.57,3750.39,3750.8,407.0
2025-09-25 12:30:00,3750.78,3752.82,3750.66,3752.56,379.0
2025-09-25 12:35:00,3752.54,3753.2,3751.51,3752.89,344.0
2025-09-25 12:40:00,3752.9,3756.3,3752.9,3756.12,383.0
2025-09-25 12:45:00,3756.17,3759.42,3756.08,3758.84,416.0
2025-09-25 12:50:00,3758.93,3761.0,3757.54,3757.64,417.0
2025-09-25 12:55:00,3757.7,3757.94,3755.26,3757.01,397.0
2025-09-25 13:00:00,3757.03,3758.21,3756.64,3757.85,379.0
2025-09-25 13:05:00,3757.84,3758.21,3755.7,3757.41,337.0
2025-09-25 13:10:00,3757.33,3757.34,3756.32,3756.55,327.0
2025-09-25 13:15:00,3756.5,3757.66,3756.0,3756.43,329.0
2025-09-25 13:20:00,3756.42,3758.33,3755.77,3758.12,338.0
2025-09-25 13:25:00,3758.13,3759.0,3756.25,3756.97,381.0
2025-09-25 13:30:00,3757.02,3757.68,3756.06,3756.76,366.0
2025-09-25 13:35:00,3756.69,3758.17,3756.6,3757.53,348.0
2025-09-25 13:40:00,3757.51,3757.67,3755.83,3757.09,350.0
2025-09-25 13:45:00,3757.1,3759.87,3756.88,3759.27,369.0
2025-09-25 13:50:00,3759.4,3760.78,3758.29,3758.37,360.0
2025-09-25 13:55:00,3758.29,3759.34,3755.71,3757.19,395.0
2025-09-25 14:00:00,3757.21,3757.63,3747.34,3750.37,473.0
2025-09-25 14:05:00,3750.16,3750.16,3745.61,3746.85,514.0
2025-09-25 14:10:00,3746.87,3746.89,3741.15,3743.59,498.0
2025-09-25 14:15:00,3743.59,3747.1,3743.19,3746.53,460.0
2025-09-25 14:20:00,3746.44,3748.04,3744.24,3746.53,444.0
2025-09-25 14:25:00,3746.52,3750.61,3746.51,3749.67,396.0
2025-09-25 14:30:00,3749.77,3752.2,3748.99,3751.54,382.0
2025-09-25 14:35:00,3751.52,3752.05,3750.46,3750.61,381.0
2025-09-25 14:40:00,3750.71,3751.89,3748.82,3751.08,414.0
2025-09-25 14:45:00,3751.13,3752.9,3750.81,3751.56,391.0
2025-09-25 14:50:00,3751.48,3751.8,3750.19,3750.76,352.0
2025-09-25 14:55:00,3750.97,3754.06,3750.93,3752.98,374.0
2025-09-25 15:00:00,3752.55,3753.28,3751.44,3752.38,402.0
2025-09-25 15:05:00,3752.4,3753.79,3749.49,3753.48,401.0
2025-09-25 15:10:00,3753.52,3753.68,3750.64,3752.48,397.0
2025-09-25 15:15:00,3752.3,3753.98,3751.85,3753.45,400.0
2025-09-25 15:20:00,3753.7,3755.9,3752.9,3754.79,459.0
2025-09-25 15:25:00,3754.63,3755.31,3751.64,3754.27,435.0
2025-09-25 15:30:00,3750.13,3753.07,3743.29,3744.47,562.0
2025-09-25 15:35:00,3744.78,3746.36,3735.29,3741.35,563.0
2025-09-25 15:40:00,3741.38,3743.18,3737.07,3742.08,538.0
2025-09-25 15:45:00,3741.78,3742.58,3735.19,3736.69,531.0
2025-09-25 15:50:00,3736.47,3736.47,3730.57,3732.56,538.0
2025-09-25 15:55:00,3732.22,3740.29,3732.22,3738.76,526.0
2025-09-25 16:00:00,3738.85,3740.1,3733.34,3739.1,536.0
2025-09-25 16:05:00,3739.38,3741.28,3734.81,3735.77,533.0
2025-09-25 16:10:00,3735.79,3738.3,3733.94,3736.76,500.0
2025-09-25 16:15:00,3736.79,3742.43,3735.2,3742.13,517.0
2025-09-25 16:20:00,3741.98,3745.4,3741.84,3743.07,498.0
2025-09-25 16:25:00,3743.09,3743.34,3740.29,3742.04,436.0
2025-09-25 16:30:00,3742.11,3743.1,3736.43,3736.43,513.0
2025-09-25 16:35:00,3736.31,3738.8,3730.88,3731.14,535.0
2025-09-25 16:40:00,3731.44,3731.44,3724.69,3726.27,551.0
2025-09-25 16:45:00,3726.33,3728.79,3721.97,3723.99,487.0
2025-09-25 16:50:00,3724.52,3728.05,3722.18,3727.13,520.0
2025-09-25 16:55:00,3727.12,3733.97,3724.87,3733.79,528.0
2025-09-25 17:00:00,3734.03,3734.83,3726.63,3727.58,542.0
2025-09-25 17:05:00,3727.44,3730.77,3724.62,3727.41,530.0
2025-09-25 17:10:00,3727.31,3730.85,3726.64,3729.71,517.0
2025-09-25 17:15:00,3729.72,3732.21,3726.03,3732.21,526.0
2025-09-25 17:20:00,3732.22,3736.46,3731.64,3735.28,519.0
2025-09-25 17:25:00,3735.35,3736.07,3730.49,3733.55,509.0
2025-09-25 17:30:00,3733.32,3733.92,3731.07,3733.22,473.0
2025-09-25 17:35:00,3733.45,3733.58,3725.9,3726.22,487.0
2025-09-25 17:40:00,3726.32,3727.96,3724.3,3727.8,479.0
2025-09-25 17:45:00,3727.74,3729.24,3726.52,3728.16,450.0
2025-09-25 17:50:00,3728.19,3728.19,3723.58,3725.24,495.0
2025-09-25 17:55:00,3725.18,3733.33,3724.78,3731.45,525.0
2025-09-25 18:00:00,3731.58,3731.69,3728.1,3728.52,470.0
2025-09-25 18:05:00,3728.59,3731.55,3728.31,3731.19,459.0
2025-09-25 18:10:00,3731.25,3735.29,3731.25,3734.87,467.0
2025-09-25 18:15:00,3734.92,3737.93,3734.75,3737.27,479.0
2025-09-25 18:20:00,3737.38,3738.68,3733.07,3733.28,472.0
2025-09-25 18:25:00,3732.71,3733.76,3730.51,3730.54,447.0
2025-09-25 18:30:00,3730.46,3734.18,3729.23,3733.97,465.0
2025-09-25 18:35:00,3733.96,3734.76,3732.42,3734.04,442.0
2025-09-25 18:40:00,3733.87,3736.7,3731.35,3735.9,433.0
2025-09-25 18:45:00,3736.02,3736.02,3733.24,3733.82,400.0
2025-09-25 18:50:00,3734.16,3735.0,3733.04,3733.93,399.0
2025-09-25 18:55:00,3733.94,3735.97,3733.44,3735.87,386.0
2025-09-25 19:00:00,3735.88,3737.11,3735.07,3736.26,419.0
2025-09-25 19:05:00,3736.31,3740.98,3736.11,3740.87,427.0
2025-09-25 19:10:00,3740.85,3742.71,3739.92,3742.31,451.0
2025-09-25 19:15:00,3742.31,3742.58,3738.52,3739.85,429.0
2025-09-25 19:20:00,3739.81,3740.52,3735.63,3736.76,405.0
2025-09-25 19:25:00,3736.76,3738.39,3735.36,3737.83,375.0
2025-09-25 19:30:00,3737.84,3737.84,3734.71,3735.41,411.0
2025-09-25 19:35:00,3735.36,3737.03,3735.02,3736.96,354.0
2025-09-25 19:40:00,3736.96,3738.28,3734.39,3735.25,390.0
2025-09-25 19:45:00,3735.26,3735.57,3732.74,3733.48,422.0
2025-09-25 19:50:00,3733.62,3735.07,3733.23,3734.27,344.0
2025-09-25 19:55:00,3734.39,3734.78,3733.17,3733.84,337.0
2025-09-25 20:00:00,3733.79,3734.84,3732.65,3733.65,361.0
2025-09-25 20:05:00,3733.69,3735.88,3732.41,3735.51,359.0
2025-09-25 20:10:00,3735.53,3740.85,3735.26,3740.68,407.0
2025-09-25 20:15:00,3740.72,3743.14,3739.5,3739.67,484.0
2025-09-25 20:20:00,3739.72,3742.09,3737.08,3739.87,448.0
2025-09-25 20:25:00,3739.8,3741.68,3738.1,3739.82,467.0
2025-09-25 20:30:00,3739.7,3742.24,3738.41,3739.48,439.0
2025-09-25 20:35:00,3739.51,3740.79,3738.28,3739.18,401.0
2025-09-25 20:40:00,3739.48,3740.65,3738.64,3740.47,326.0
2025-09-25 20:45:00,3740.46,3740.69,3739.3,3740.17,350.0
2025-09-25 20:50:00,3740.06,3741.0,3739.31,3740.58,327.0
2025-09-25 20:55:00,3740.57,3744.11,3740.17,3741.81,364.0
2025-09-25 21:00:00,3741.87,3745.3,3741.87,3742.61,437.0
2025-09-25 21:05:00,3742.63,3742.75,3740.01,3740.13,379.0
2025-09-25 21:10:00,3740.12,3740.77,3736.56,3739.31,428.0
2025-09-25 21:15:00,3738.28,3741.36,3737.82,3741.3,417.0
2025-09-25 21:20:00,3741.34,3745.38,3741.34,3745.33,407.0
2025-09-25 21:25:00,3745.14,3750.81,3745.14,3750.29,454.0
2025-09-25 21:30:00,3750.48,3750.79,3748.9,3750.69,431.0
2025-09-25 21:35:00,3750.68,3755.42,3750.41,3755.38,438.0
2025-09-25 21:40:00,3755.17,3757.4,3755.04,3755.53,372.0
2025-09-25 21:45:00,3755.51,3756.16,3753.26,3754.78,420.0
2025-09-25 21:50:00,3754.79,3758.21,3754.67,3757.67,436.0
2025-09-25 21:55:00,3757.69,3758.06,3755.01,3755.17,401.0
2025-09-25 22:00:00,3755.22,3755.29,3751.54,3754.74,407.0
2025-09-25 22:05:00,3754.62,3756.63,3753.66,3755.63,400.0
2025-09-25 22:10:00,3755.55,3755.55,3754.27,3755.13,385.0
2025-09-25 22:15:00,3755.21,3756.01,3753.47,3754.61,377.0
2025-09-25 22:20:00,3754.58,3754.66,3750.95,3751.47,373.0
2025-09-25 22:25:00,3751.62,3752.69,3751.11,3751.66,348.0
2025-09-25 22:30:00,3751.66,3752.34,3749.34,3750.12,415.0
2025-09-25 22:35:00,3750.08,3750.51,3745.41,3746.32,437.0
2025-09-25 22:40:00,3746.21,3747.38,3744.7,3747.38,426.0
2025-09-25 22:45:00,3747.38,3750.89,3746.95,3749.0,420.0
2025-09-25 22:50:00,3749.14,3749.14,3745.96,3747.57,385.0
2025-09-25 22:55:00,3747.58,3747.58,3745.81,3746.55,405.0
2025-09-25 23:00:00,3746.68,3749.55,3746.07,3749.47,332.0
2025-09-25 23:05:00,3749.45,3749.6,3747.96,3748.0,234.0
2025-09-25 23:10:00,3748.0,3749.58,3747.9,3749.43,224.0
2025-09-25 23:15:00,3749.42,3750.47,3749.01,3749.41,283.0
2025-09-25 23:20:00,3749.45,3750.18,3748.24,3748.91,230.0
2025-09-25 23:25:00,3748.96,3749.73,3748.64,3748.88,183.0
2025-09-25 23:30:00,3748.9,3750.03,3748.89,3749.77,201.0
2025-09-25 23:35:00,3749.78,3750.71,3749.51,3750.59,193.0
2025-09-25 23:40:00,3750.6,3750.96,3750.05,3750.72,174.0
2025-09-25 23:45:00,3750.76,3752.5,3750.64,3752.08,215.0
2025-09-25 23:50:00,3752.1,3752.15,3750.72,3751.34,233.0
2025-09-25 23:55:00,3750.45,3750.63,3749.01,3749.05,248.0
2025-09-26 01:00:00,3750.77,3750.93,3747.03,3747.11,298.0
2025-09-26 01:05:00,3747.24,3747.86,3746.39,3746.86,163.0
2025-09-26 01:10:00,3746.84,3746.99,3746.44,3746.5,115.0
2025-09-26 01:15:00,3746.53,3748.3,3746.53,3748.1,168.0
2025-09-26 01:20:00,3748.13,3748.71,3747.83,3748.01,128.0
2025-09-26 01:25:00,3747.96,3749.44,3747.73,3749.32,143.0
2025-09-26 01:30:00,3749.33,3751.0,3748.31,3748.32,204.0
2025-09-26 01:35:00,3748.33,3749.81,3748.27,3749.79,183.0
2025-09-26 01:40:00,3749.74,3750.97,3748.28,3749.61,318.0
2025-09-26 01:45:00,3749.72,3750.66,3748.89,3750.08,267.0
2025-09-26 01:50:00,3750.11,3751.61,3749.31,3750.18,312.0
2025-09-26 01:55:00,3750.2,3750.29,3748.69,3748.83,234.0
2025-09-26 02:00:00,3748.83,3749.91,3748.75,3749.54,211.0
2025-09-26 02:05:00,3749.53,3749.53,3748.15,3749.02,194.0
2025-09-26 02:10:00,3748.92,3748.92,3745.5,3745.58,270.0
2025-09-26 02:15:00,3745.62,3745.71,3738.02,3738.39,420.0
2025-09-26 02:20:00,3738.48,3741.26,3738.39,3740.07,373.0
2025-09-26 02:25:00,3740.43,3743.55,3739.96,3743.03,371.0
2025-09-26 02:30:00,3743.05,3743.09,3740.25,3742.26,392.0
2025-09-26 02:35:00,3742.32,3742.37,3739.66,3740.06,334.0
2025-09-26 02:40:00,3740.07,3741.61,3739.8,3741.52,325.0
2025-09-26 02:45:00,3741.51,3744.71,3741.51,3744.53,355.0
2025-09-26 02:50:00,3744.53,3745.72,3743.89,3744.95,288.0
2025-09-26 02:55:00,3744.9,3745.58,3744.19,3744.68,290.0
2025-09-26 03:00:00,3744.6,3748.82,3744.6,3747.21,424.0
2025-09-26 03:05:00,3746.91,3747.14,3742.07,3745.72,418.0
2025-09-26 03:10:00,3745.81,3746.71,3744.67,3746.51,388.0
2025-09-26 03:15:00,3746.43,3747.91,3745.73,3747.14,348.0
2025-09-26 03:20:00,3747.32,3747.44,3744.89,3744.89,354.0
2025-09-26 03:25:00,3744.89,3745.01,3740.21,3741.92,392.0
2025-09-26 03:30:00,3741.92,3743.27,3741.25,3742.97,361.0
2025-09-26 03:35:00,3742.96,3745.52,3742.6,3744.2,373.0
2025-09-26 03:40:00,3744.17,3745.15,3743.7,3744.24,315.0
2025-09-26 03:45:00,3744.14,3746.0,3743.68,3745.93,338.0
2025-09-26 03:50:00,3745.91,3748.11,3745.04,3747.6,415.0
2025-09-26 03:55:00,3747.51,3749.57,3747.26,3749.54,416.0
2025-09-26 04:00:00,3749.6,3750.54,3747.79,3750.33,495.0
2025-09-26 04:05:00,3750.48,3753.37,3748.43,3748.55,493.0
2025-09-26 04:10:00,3748.43,3749.54,3744.07,3744.07,498.0
2025-09-26 04:15:00,3744.08,3744.26,3740.23,3741.79,488.0
2025-09-26 04:20:00,3741.73,3741.73,3739.18,3740.51,479.0
2025-09-26 04:25:00,3740.49,3741.79,3738.8,3741.15,458.0
2025-09-26 04:30:00,3741.07,3742.99,3739.71,3741.57,458.0
2025-09-26 04:35:00,3741.48,3742.69,3740.48,3741.0,403.0
2025-09-26 04:40:00,3740.98,3743.41,3740.48,3743.18,403.0
2025-09-26 04:45:00,3743.17,3744.15,3740.45,3740.57,434.0
2025-09-26 04:50:00,3740.55,3740.82,3738.65,3739.91,405.0
2025-09-26 04:55:00,3739.94,3740.25,3737.79,3738.87,400.0
2025-09-26 05:00:00,3739.04,3740.54,3738.11,3740.45,384.0
2025-09-26 05:05:00,3740.46,3741.02,3739.22,3740.5,354.0
2025-09-26 05:10:00,3740.51,3740.52,3738.26,3739.25,356.0
2025-09-26 05:15:00,3739.21,3740.05,3737.86,3738.53,287.0
2025-09-26 05:20:00,3738.53,3738.93,3737.82,3738.49,308.0
2025-09-26 05:25:00,3738.52,3741.13,3738.32,3740.97,396.0
2025-09-26 05:30:00,3741.12,3742.15,3740.15,3741.92,373.0
2025-09-26 05:35:00,3741.96,3742.86,3740.94,3741.7,369.0
2025-09-26 05:40:00,3741.63,3742.32,3737.75,3738.68,387.0
2025-09-26 05:45:00,3738.72,3740.21,3738.59,3739.45,374.0
2025-09-26 05:50:00,3739.44,3740.7,3738.42,3740.5,345.0
2025-09-26 05:55:00,3740.44,3741.19,3738.07,3738.39,358.0
2025-09-26 06:00:00,3738.53,3738.53,3735.3,3737.64,425.0
2025-09-26 06:05:00,3737.65,3738.23,3735.68,3735.74,333.0
2025-09-26 06:10:00,3735.76,3737.17,3735.33,3735.41,348.0
2025-09-26 06:15:00,3735.38,3738.06,3734.55,3736.94,379.0
2025-09-26 06:20:00,3736.97,3738.75,3736.71,3738.75,303.0
2025-09-26 06:25:00,3738.74,3742.64,3738.74,3742.55,365.0
2025-09-26 06:30:00,3742.5,3744.6,3742.42,3744.25,360.0
2025-09-26 06:35:00,3744.3,3744.84,3743.16,3744.35,364.0
2025-09-26 06:40:00,3744.35,3745.43,3744.32,3745.14,334.0
2025-09-26 06:45:00,3745.16,3745.54,3744.57,3745.49,303.0
2025-09-26 06:50:00,3745.59,3745.59,3744.56,3745.35,246.0
2025-09-26 06:55:00,3745.47,3746.07,3745.29,3745.52,282.0
2025-09-26 07:00:00,3745.5,3745.68,3744.93,3745.37,266.0
2025-09-26 07:05:00,3745.41,3746.77,3744.81,3746.72,251.0
2025-09-26 07:10:00,3746.69,3746.76,3745.97,3746.73,252.0
2025-09-26 07:15:00,3746.71,3747.65,3745.87,3746.66,280.0
2025-09-26 07:20:00,3746.58,3746.98,3745.38,3746.41,253.0
2025-09-26 07:25:00,3746.39,3746.97,3744.88,3744.96,233.0
2025-09-26 07:30:00,3744.95,3747.08,3744.77,3745.8,320.0
2025-09-26 07:35:00,3745.83,3746.39,3745.02,3746.16,259.0
2025-09-26 07:40:00,3745.98,3746.21,3745.09,3745.31,273.0
2025-09-26 07:45:00,3745.32,3747.31,3744.9,3747.27,227.0
2025-09-26 07:50:00,3747.2,3747.51,3746.83,3747.17,279.0
2025-09-26 07:55:00,3747.05,3747.72,3746.64,3747.69,253.0
2025-09-26 08:00:00,3747.62,3747.83,3746.2,3746.85,258.0
2025-09-26 08:05:00,3746.8,3746.85,3745.41,3746.76,225.0
2025-09-26 08:10:00,3746.74,3746.76,3745.02,3745.78,240.0
2025-09-26 08:15:00,3745.79,3745.85,3744.62,3744.82,257.0
2025-09-26 08:20:00,3744.81,3746.43,3744.76,3746.39,253.0
2025-09-26 08:25:00,3746.44,3747.05,3746.16,3746.76,271.0
2025-09-26 08:30:00,3746.77,3747.28,3745.17,3746.0,348.0
2025-09-26 08:35:00,3746.02,3749.58,3745.99,3749.56,354.0
2025-09-26 08:40:00,3749.56,3749.62,3747.28,3748.41,346.0
2025-09-26 08:45:00,3748.36,3748.8,3746.39,3747.48,323.0
2025-09-26 08:50:00,3747.49,3747.58,3744.16,3745.58,373.0
2025-09-26 08:55:00,3745.64,3745.7,3741.93,3742.13,381.0
2025-09-26 09:00:00,3742.04,3744.76,3741.54,3744.3,416.0
2025-09-26 09:05:00,3744.27,3748.29,3743.61,3748.09,451.0
2025-09-26 09:10:00,3748.15,3751.54,3747.21,3751.54,450.0
2025-09-26 09:15:00,3751.51,3754.05,3751.12,3752.69,444.0
2025-09-26 09:20:00,3752.67,3753.03,3750.51,3750.57,424.0
2025-09-26 09:25:00,3750.63,3752.24,3750.37,3751.78,377.0
2025-09-26 09:30:00,3751.74,3752.29,3750.15,3751.6,416.0
2025-09-26 09:35:00,3751.63,3752.78,3749.05,3750.42,423.0
2025-09-26 09:40:00,3750.3,3750.53,3744.64,3744.9,447.0
2025-09-26 09:45:00,3744.74,3746.16,3744.15,3745.87,450.0
2025-09-26 09:50:00,3745.84,3746.98,3745.06,3745.24,431.0
2025-09-26 09:55:00,3745.0,3745.65,3742.37,3743.59,423.0
2025-09-26 10:00:00,3743.0,3744.52,3740.34,3740.96,478.0
2025-09-26 10:05:00,3740.89,3743.01,3739.22,3741.97,427.0
2025-09-26 10:10:00,3741.87,3744.11,3741.11,3743.36,416.0
2025-09-26 10:15:00,3742.77,3745.29,3742.26,3744.08,413.0
2025-09-26 10:20:00,3744.14,3744.14,3742.12,3743.55,396.0
2025-09-26 10:25:00,3743.46,3745.81,3743.15,3745.25,390.0
2025-09-26 10:30:00,3745.27,3747.21,3745.27,3747.15,395.0
2025-09-26 10:35:00,3747.07,3747.23,3744.59,3745.43,385.0
2025-09-26 10:40:00,3745.19,3749.36,3745.19,3748.08,419.0
2025-09-26 10:45:00,3748.15,3749.42,3747.32,3747.55,334.0
2025-09-26 10:50:00,3747.54,3748.36,3746.86,3748.35,307.0
2025-09-26 10:55:00,3748.34,3749.54,3747.89,3747.99,323.0
2025-09-26 11:00:00,3748.01,3749.4,3747.07,3749.21,418.0
2025-09-26 11:05:00,3749.2,3752.04,3749.16,3751.85,403.0
2025-09-26 11:10:00,3751.85,3751.87,3747.43,3748.92,413.0
2025-09-26 11:15:00,3748.72,3750.61,3748.64,3750.01,364.0
2025-09-26 11:20:00,3750.02,3752.54,3749.98,3752.12,385.0
2025-09-26 11:25:00,3752.14,3752.38,3750.47,3751.05,373.0
2025-09-26 11:30:00,3751.02,3753.34,3750.94,3752.26,366.0
2025-09-26 11:35:00,3752.3,3752.99,3751.72,3752.94,357.0
2025-09-26 11:40:00,3752.95,3755.1,3752.95,3753.4,378.0
2025-09-26 11:45:00,3753.37,3753.91,3752.09,3752.25,355.0
2025-09-26 11:50:00,3752.38,3754.0,3751.73,3753.47,345.0
2025-09-26 11:55:00,3753.52,3754.08,3752.7,3752.95,369.0
2025-09-26 12:00:00,3752.94,3754.18,3752.41,3754.18,326.0
2025-09-26 12:05:00,3754.18,3754.39,3752.34,3752.85,376.0
2025-09-26 12:10:00,3752.91,3753.43,3750.98,3750.98,360.0
2025-09-26 12:15:00,3751.02,3751.37,3749.33,3749.49,367.0
2025-09-26 12:20:00,3749.49,3750.44,3748.09,3750.13,358.0
2025-09-26 12:25:00,3750.11,3750.11,3748.47,3748.86,352.0
2025-09-26 12:30:00,3748.94,3749.43,3747.52,3747.62,339.0
2025-09-26 12:35:00,3747.61,3749.2,3747.13,3749.09,326.0
2025-09-26 12:40:00,3749.14,3749.77,3748.38,3748.93,313.0
2025-09-26 12:45:00,3748.96,3750.25,3748.02,3748.85,290.0
2025-09-26 12:50:00,3749.01,3750.65,3749.01,3749.59,310.0
2025-09-26 12:55:00,3749.77,3751.49,3749.01,3751.49,327.0
2025-09-26 13:00:00,3751.38,3754.5,3751.38,3754.5,396.0
2025-09-26 13:05:00,3754.41,3754.78,3752.6,3753.68,331.0
2025-09-26 13:10:00,3753.38,3753.66,3751.94,3752.59,316.0
2025-09-26 13:15:00,3752.64,3753.39,3750.29,3750.38,353.0
2025-09-26 13:20:00,3750.26,3750.38,3749.44,3750.28,341.0
2025-09-26 13:25:00,3750.22,3750.75,3749.04,3749.62,327.0
2025-09-26 13:30:00,3749.5,3749.85,3748.54,3749.23,310.0
2025-09-26 13:35:00,3749.23,3749.23,3747.55,3747.76,283.0
2025-09-26 13:40:00,3747.75,3747.75,3745.47,3746.05,370.0
2025-09-26 13:45:00,3746.02,3746.02,3743.0,3743.48,364.0
2025-09-26 13:50:00,3743.47,3745.12,3743.47,3744.17,362.0
2025-09-26 13:55:00,3744.17,3745.74,3743.67,3744.65,370.0
2025-09-26 14:00:00,3744.67,3746.54,3744.5,3745.84,418.0
2025-09-26 14:05:00,3745.85,3747.16,3745.26,3746.68,349.0
2025-09-26 14:10:00,3746.7,3747.16,3746.06,3746.16,340.0
2025-09-26 14:15:00,3746.14,3748.57,3745.79,3748.57,333.0
2025-09-26 14:20:00,3748.66,3750.99,3748.64,3750.92,402.0
2025-09-26 14:25:00,3751.07,3751.45,3750.09,3751.15,409.0
2025-09-26 14:30:00,3751.15,3751.67,3750.11,3751.05,379.0
2025-09-26 14:35:00,3750.99,3752.91,3750.87,3752.12,380.0
2025-09-26 14:40:00,3752.14,3752.64,3751.49,3751.96,339.0
2025-09-26 14:45:00,3751.95,3752.32,3750.41,3752.21,368.0
2025-09-26 14:50:00,3752.22,3752.49,3750.42,3750.5,328.0
2025-09-26 14:55:00,3750.44,3751.16,3748.45,3748.61,398.0
2025-09-26 15:00:00,3748.64,3751.46,3748.32,3751.22,386.0
2025-09-26 15:05:00,3751.19,3752.25,3750.89,3751.34,354.0
2025-09-26 15:10:00,3751.38,3752.85,3750.79,3751.68,353.0
2025-09-26 15:15:00,3751.67,3752.4,3751.09,3751.81,333.0
2025-09-26 15:20:00,3751.97,3753.4,3749.74,3750.65,447.0
2025-09-26 15:25:00,3750.52,3751.99,3749.56,3749.56,389.0
2025-09-26 15:30:00,3749.48,3756.81,3746.53,3752.59,486.0
2025-09-26 15:35:00,3753.81,3757.45,3751.34,3752.32,519.0
2025-09-26 15:40:00,3751.52,3752.8,3748.63,3751.17,510.0
2025-09-26 15:45:00,3751.35,3755.0,3750.93,3754.02,490.0
2025-09-26 15:50:00,3754.17,3754.59,3751.34,3751.84,411.0
2025-09-26 15:55:00,3751.79,3753.02,3751.23,3752.1,475.0
2025-09-26 16:00:00,3752.45,3755.28,3751.38,3754.52,523.0
2025-09-26 16:05:00,3754.49,3762.98,3754.49,3761.49,516.0
2025-09-26 16:10:00,3761.58,3764.71,3761.58,3764.31,529.0
2025-09-26 16:15:00,3764.67,3766.29,3761.28,3762.28,543.0
2025-09-26 16:20:00,3762.08,3762.13,3754.51,3755.26,512.0
2025-09-26 16:25:00,3755.03,3758.32,3754.48,3757.82,500.0
2025-09-26 16:30:00,3757.27,3758.48,3752.42,3756.81,535.0
2025-09-26 16:35:00,3757.01,3760.74,3754.45,3755.39,536.0
2025-09-26 16:40:00,3755.22,3759.27,3753.36,3758.11,527.0
2025-09-26 16:45:00,3757.88,3762.35,3757.85,3758.84,507.0
2025-09-26 16:50:00,3758.63,3761.1,3757.72,3760.62,514.0
2025-09-26 16:55:00,3760.7,3762.6,3757.53,3762.08,483.0
2025-09-26 17:00:00,3761.78,3770.07,3761.78,3768.95,536.0
2025-09-26 17:05:00,3769.16,3774.86,3768.21,3774.5,537.0
2025-09-26 17:10:00,3774.74,3774.76,3771.45,3772.14,520.0
2025-09-26 17:15:00,3772.15,3778.66,3771.61,3777.54,524.0
2025-09-26 17:20:00,3777.6,3780.28,3775.83,3780.26,521.0
2025-09-26 17:25:00,3780.24,3783.8,3777.2,3777.86,526.0
2025-09-26 17:30:00,3777.71,3781.61,3776.61,3781.13,507.0
2025-09-26 17:35:00,3781.23,3781.4,3777.53,3778.53,503.0
2025-09-26 17:40:00,3778.31,3779.93,3774.68,3776.59,504.0
2025-09-26 17:45:00,3776.7,3777.64,3773.03,3776.74,503.0
2025-09-26 17:50:00,3776.79,3777.29,3773.9,3776.96,499.0
2025-09-26 17:55:00,3777.09,3780.01,3775.92,3778.86,496.0
2025-09-26 18:00:00,3778.66,3779.43,3775.44,3778.43,491.0
2025-09-26 18:05:00,3778.49,3779.59,3774.13,3775.04,485.0
2025-09-26 18:10:00,3775.15,3776.38,3773.09,3774.75,480.0
2025-09-26 18:15:00,3774.76,3776.07,3774.12,3775.44,466.0
2025-09-26 18:20:00,3775.12,3777.15,3774.12,3776.05,434.0
2025-09-26 18:25:00,3776.06,3779.34,3776.03,3779.19,417.0
2025-09-26 18:30:00,3779.23,3780.45,3778.59,3779.06,421.0
2025-09-26 18:35:00,3779.07,3779.19,3775.13,3777.1,433.0
2025-09-26 18:40:00,3777.13,3778.47,3775.83,3776.06,430.0
2025-09-26 18:45:00,3776.02,3779.7,3775.64,3779.28,368.0
2025-09-26 18:50:00,3779.17,3780.7,3778.17,3779.97,427.0
2025-09-26 18:55:00,3779.95,3780.93,3778.58,3780.42,407.0
2025-09-26 19:00:00,3780.47,3781.19,3778.16,3780.25,440.0
2025-09-26 19:05:00,3780.26,3780.83,3777.77,3778.21,427.0
2025-09-26 19:10:00,3778.37,3779.92,3775.36,3775.46,456.0
2025-09-26 19:15:00,3775.16,3777.12,3773.5,3774.99,488.0
2025-09-26 19:20:00,3774.99,3775.85,3771.82,3771.95,483.0
2025-09-26 19:25:00,3771.94,3774.03,3771.55,3773.78,442.0
2025-09-26 19:30:00,3773.86,3777.03,3773.71,3775.25,433.0
2025-09-26 19:35:00,3774.93,3776.22,3774.09,3774.66,401.0
2025-09-26 19:40:00,3774.57,3777.67,3774.06,3777.49,405.0
2025-09-26 19:45:00,3777.48,3778.03,3775.59,3776.78,381.0
2025-09-26 19:50:00,3776.77,3777.29,3773.27,3774.32,374.0
2025-09-26 19:55:00,3774.3,3775.7,3773.71,3774.21,334.0
2025-09-26 20:00:00,3774.23,3776.92,3774.1,3775.4,382.0
2025-09-26 20:05:00,3775.59,3777.25,3775.12,3777.0,323.0
2025-09-26 20:10:00,3776.86,3778.95,3776.86,3778.21,339.0
2025-09-26 20:15:00,3778.2,3780.07,3778.05,3779.53,401.0
2025-09-26 20:20:00,3779.54,3780.19,3778.89,3779.39,372.0
2025-09-26 20:25:00,3779.37,3779.65,3778.05,3778.92,376.0
2025-09-26 20:30:00,3778.83,3780.71,3777.73,3779.12,383.0
2025-09-26 20:35:00,3779.16,3782.11,3779.15,3781.62,392.0
2025-09-26 20:40:00,3781.62,3783.01,3781.62,3782.65,374.0
2025-09-26 20:45:00,3782.66,3783.09,3781.53,3781.75,405.0
2025-09-26 20:50:00,3781.76,3781.92,3780.78,3781.29,372.0
2025-09-26 20:55:00,3781.29,3782.92,3781.03,3782.88,371.0
2025-09-26 21:00:00,3783.1,3783.16,3776.34,3778.87,449.0
2025-09-26 21:05:00,3778.95,3779.2,3775.36,3777.67,433.0
2025-09-26 21:10:00,3777.66,3777.68,3774.77,3776.15,384.0
2025-09-26 21:15:00,3776.16,3779.03,3776.11,3777.75,381.0
2025-09-26 21:20:00,3777.79,3778.93,3777.29,3777.74,369.0
2025-09-26 21:25:00,3777.72,3778.26,3776.91,3777.69,363.0
2025-09-26 21:30:00,3777.74,3780.29,3777.11,3779.84,301.0
2025-09-26 21:35:00,3779.88,3780.55,3778.73,3779.02,285.0
2025-09-26 21:40:00,3778.96,3779.27,3777.91,3778.87,232.0
2025-09-26 21:45:00,3778.85,3780.0,3778.19,3779.54,317.0
2025-09-26 21:50:00,3779.52,3780.41,3779.17,3779.44,312.0
2025-09-26 21:55:00,3779.45,3779.79,3778.41,3778.5,289.0
2025-09-26 22:00:00,3778.55,3778.55,3774.33,3774.79,352.0
2025-09-26 22:05:00,3774.92,3775.25,3772.7,3774.14,438.0
2025-09-26 22:10:00,3774.0,3776.32,3773.98,3776.15,372.0
2025-09-26 22:15:00,3776.32,3776.44,3774.27,3775.33,359.0
2025-09-26 22:20:00,3775.33,3775.38,3773.06,3773.06,352.0
2025-09-26 22:25:00,3773.06,3774.29,3772.27,3772.85,436.0
2025-09-26 22:30:00,3772.83,3773.44,3769.83,3770.93,442.0
2025-09-26 22:35:00,3770.86,3771.2,3767.75,3769.91,452.0
2025-09-26 22:40:00,3769.92,3770.68,3768.41,3768.74,403.0
2025-09-26 22:45:00,3768.72,3770.26,3767.24,3768.34,406.0
2025-09-26 22:50:00,3768.36,3768.68,3764.71,3766.94,426.0
2025-09-26 22:55:00,3766.91,3766.96,3764.56,3766.77,434.0
2025-09-26 23:00:00,3766.74,3769.44,3765.47,3768.38,345.0
2025-09-26 23:05:00,3768.51,3769.34,3766.52,3767.33,296.0
2025-09-26 23:10:00,3767.42,3767.89,3764.84,3764.85,371.0
2025-09-26 23:15:00,3764.83,3766.37,3764.69,3766.13,310.0
2025-09-26 23:20:00,3766.14,3768.87,3766.14,3768.48,316.0
2025-09-26 23:25:00,3768.48,3768.49,3765.65,3765.96,230.0
2025-09-26 23:30:00,3766.24,3766.45,3764.73,3766.38,301.0
2025-09-26 23:35:00,3766.37,3766.81,3764.72,3764.72,232.0
2025-09-26 23:40:00,3764.71,3764.71,3762.28,3762.61,276.0
2025-09-26 23:45:00,3762.6,3763.33,3761.45,3762.22,249.0
2025-09-26 23:50:00,3762.22,3762.76,3761.11,3761.19,217.0
2025-09-26 23:55:00,3760.89,3760.93,3760.13,3760.53,73.0
2025-09-29 01:00:00,3758.57,3767.83,3757.78,3764.85,681.0
2025-09-29 01:05:00,3764.83,3767.13,3763.44,3767.13,321.0
2025-09-29 01:10:00,3767.16,3768.47,3765.37,3767.87,346.0
2025-09-29 01:15:00,3767.94,3770.69,3767.32,3769.88,350.0
2025-09-29 01:20:00,3769.86,3770.94,3766.29,3766.87,389.0
2025-09-29 01:25:00,3766.9,3769.11,3766.72,3767.58,348.0
2025-09-29 01:30:00,3767.55,3768.62,3765.74,3768.6,282.0
2025-09-29 01:35:00,3768.44,3770.12,3767.83,3769.95,261.0
2025-09-29 01:40:00,3770.04,3770.61,3768.06,3768.33,268.0
2025-09-29 01:45:00,3768.3,3769.46,3767.42,3769.11,247.0
2025-09-29 01:50:00,3769.15,3769.29,3768.02,3768.34,223.0
2025-09-29 01:55:00,3768.31,3770.54,3767.99,3770.54,216.0
2025-09-29 02:00:00,3770.5,3770.71,3767.72,3767.73,327.0
2025-09-29 02:05:00,3767.64,3769.17,3766.7,3768.15,282.0
2025-09-29 02:10:00,3768.12,3768.42,3767.17,3767.38,224.0
2025-09-29 02:15:00,3767.55,3769.58,3767.47,3768.59,237.0
2025-09-29 02:20:00,3768.61,3769.64,3767.88,3768.6,250.0
2025-09-29 02:25:00,3768.57,3769.83,3768.21,3768.63,250.0
2025-09-29 02:30:00,3768.54,3770.01,3767.69,3768.47,228.0
2025-09-29 02:35:00,3768.44,3770.49,3768.28,3770.12,200.0
2025-09-29 02:40:00,3770.13,3770.26,3768.95,3770.04,232.0
2025-09-29 02:45:00,3770.05,3772.56,3769.96,3770.63,388.0
2025-09-29 02:50:00,3770.64,3771.26,3767.65,3768.41,349.0
2025-09-29 02:55:00,3768.37,3768.49,3766.41,3766.91,375.0
2025-09-29 03:00:00,3766.88,3769.54,3763.97,3769.54,456.0
2025-09-29 03:05:00,3769.52,3773.03,3769.27,3773.03,401.0
2025-09-29 03:10:00,3772.99,3774.68,3772.02,3774.14,407.0
2025-09-29 03:15:00,3773.92,3774.78,3772.66,3773.92,340.0
2025-09-29 03:20:00,3773.92,3775.33,3773.57,3775.05,396.0
2025-09-29 03:25:00,3775.01,3777.62,3774.36,3777.46,347.0
2025-09-29 03:30:00,3777.43,3780.64,3777.08,3779.08,415.0
2025-09-29 03:35:00,3779.18,3781.7,3778.69,3781.7,409.0
2025-09-29 03:40:00,3781.72,3783.8,3780.54,3782.99,427.0
2025-09-29 03:45:00,3782.98,3786.37,3782.32,3783.86,434.0
2025-09-29 03:50:00,3783.79,3786.82,3782.2,3786.66,416.0
2025-09-29 03:55:00,3786.62,3787.45,3785.21,3787.11,416.0
2025-09-29 04:00:00,3787.07,3788.75,3782.23,3783.9,534.0
2025-09-29 04:05:00,3783.71,3785.57,3776.79,3777.39,536.0
2025-09-29 04:10:00,3777.29,3778.88,3774.72,3776.27,530.0
2025-09-29 04:15:00,3776.51,3779.86,3775.07,3778.59,506.0
2025-09-29 04:20:00,3778.8,3780.6,3767.91,3767.97,519.0
2025-09-29 04:25:00,3768.55,3774.99,3768.38,3772.74,522.0
2025-09-29 04:30:00,3772.73,3775.27,3769.23,3771.18,505.0
2025-09-29 04:35:00,3771.3,3774.73,3769.58,3772.67,503.0
2025-09-29 04:40:00,3772.47,3774.52,3770.37,3772.76,494.0
2025-09-29 04:45:00,3772.43,3779.1,3772.05,3778.46,465.0
2025-09-29 04:50:00,3778.34,3778.38,3773.49,3774.96,490.0
2025-09-29 04:55:00,3774.88,3779.41,3774.88,3778.71,454.0
2025-09-29 05:00:00,3778.52,3781.24,3778.29,3778.29,428.0
2025-09-29 05:05:00,3778.2,3783.95,3777.64,3783.95,438.0
2025-09-29 05:10:00,3784.07,3787.36,3784.07,3786.08,465.0
2025-09-29 05:15:00,3785.55,3791.16,3785.55,3791.08,449.0
2025-09-29 05:20:00,3791.09,3798.85,3791.09,3792.43,501.0
2025-09-29 05:25:00,3792.37,3793.83,3790.43,3793.16,439.0
2025-09-29 05:30:00,3792.89,3796.56,3792.35,3794.86,478.0
2025-09-29 05:35:00,3794.82,3795.75,3793.4,3794.18,438.0
2025-09-29 05:40:00,3794.18,3794.49,3790.6,3791.84,445.0
2025-09-29 05:45:00,3791.95,3792.64,3788.55,3789.71,428.0
2025-09-29 05:50:00,3789.65,3791.22,3787.99,3790.33,432.0
2025-09-29 05:55:00,3790.34,3792.99,3789.3,3792.85,421.0
2025-09-29 06:00:00,3792.91,3796.94,3792.73,3796.82,450.0
2025-09-29 06:05:00,3796.83,3798.06,3795.16,3797.13,450.0
2025-09-29 06:10:00,3797.11,3799.35,3795.95,3797.25,450.0
2025-09-29 06:15:00,3797.11,3797.69,3794.22,3795.21,431.0
2025-09-29 06:20:00,3795.08,3795.22,3792.19,3793.84,411.0
2025-09-29 06:25:00,3793.79,3795.01,3792.96,3793.37,356.0
2025-09-29 06:30:00,3793.6,3796.69,3793.6,3795.25,363.0
2025-09-29 06:35:00,3795.24,3797.58,3795.23,3797.38,323.0
2025-09-29 06:40:00,3797.24,3797.37,3795.82,3796.85,393.0
2025-09-29 06:45:00,3796.8,3797.69,3795.34,3796.43,367.0
2025-09-29 06:50:00,3796.66,3796.97,3794.5,3794.6,371.0
2025-09-29 06:55:00,3794.66,3794.91,3793.71,3794.32,311.0
2025-09-29 07:00:00,3794.31,3795.29,3792.45,3794.61,363.0
2025-09-29 07:05:00,3794.61,3794.82,3793.12,3794.18,299.0
2025-09-29 07:10:00,3794.14,3795.92,3793.79,3795.8,317.0
2025-09-29 07:15:00,3795.47,3795.48,3792.96,3794.97,318.0
2025-09-29 07:20:00,3794.98,3799.32,3794.97,3798.62,421.0
2025-09-29 07:25:00,3798.59,3799.58,3797.31,3799.58,377.0
2025-09-29 07:30:00,3799.65,3802.06,3798.3,3801.73,438.0
2025-09-29 07:35:00,3801.74,3806.26,3801.57,3806.16,453.0
2025-09-29 07:40:00,3806.35,3806.62,3804.1,3805.04,424.0
2025-09-29 07:45:00,3805.01,3807.81,3803.58,3805.81,420.0
2025-09-29 07:50:00,3805.76,3808.77,3805.71,3808.4,394.0
2025-09-29 07:55:00,3808.11,3808.54,3805.02,3805.03,385.0
2025-09-29 08:00:00,3805.02,3808.18,3803.66,3808.06,426.0
2025-09-29 08:05:00,3808.07,3812.11,3804.68,3805.49,459.0
2025-09-29 08:10:00,3805.46,3806.94,3804.1,3806.4,361.0
2025-09-29 08:15:00,3806.77,3807.24,3804.62,3804.79,397.0
2025-09-29 08:20:00,3804.77,3806.35,3802.51,3806.35,429.0
2025-09-29 08:25:00,3806.61,3807.04,3803.18,3805.26,408.0
2025-09-29 08:30:00,3805.34,3809.1,3804.19,3804.39,491.0
2025-09-29 08:35:00,3804.36,3807.22,3804.22,3805.29,450.0
2025-09-29 08:40:00,3805.23,3806.54,3801.41,3803.74,460.0
2025-09-29 08:45:00,3803.61,3807.09,3803.33,3805.86,421.0
2025-09-29 08:50:00,3805.92,3811.61,3804.85,3811.06,450.0
2025-09-29 08:55:00,3811.01,3814.38,3809.29,3813.62,492.0
2025-09-29 09:00:00,3813.85,3815.02,3811.58,3813.61,493.0
2025-09-29 09:05:00,3813.44,3813.44,3811.11,3812.5,443.0
2025-09-29 09:10:00,3812.45,3817.14,3811.37,3816.76,458.0
2025-09-29 09:15:00,3816.66,3818.49,3814.11,3814.38,477.0
2025-09-29 09:20:00,3814.24,3817.03,3812.93,3815.4,502.0
2025-09-29 09:25:00,3815.38,3815.72,3812.07,3812.7,453.0
2025-09-29 09:30:00,3812.65,3815.07,3811.99,3814.27,457.0
2025-09-29 09:35:00,3814.28,3817.31,3812.87,3815.57,438.0
2025-09-29 09:40:00,3815.45,3819.81,3814.34,3818.89,458.0
2025-09-29 09:45:00,3818.89,3819.04,3812.79,3814.83,488.0
2025-09-29 09:50:00,3814.94,3816.6,3814.21,3815.11,456.0
2025-09-29 09:55:00,3815.13,3817.46,3814.79,3817.42,419.0
2025-09-29 10:00:00,3817.35,3817.5,3813.52,3816.11,458.0
2025-09-29 10:05:00,3816.23,3816.65,3813.65,3815.2,443.0
2025-09-29 10:10:00,3815.24,3819.09,3814.96,3817.26,432.0
2025-09-29 10:15:00,3817.41,3818.7,3816.06,3816.81,420.0
2025-09-29 10:20:00,3816.72,3816.87,3814.96,3815.04,438.0
2025-09-29 10:25:00,3815.24,3815.27,3812.42,3814.3,423.0
2025-09-29 10:30:00,3814.54,3815.66,3809.94,3810.33,439.0
2025-09-29 10:35:00,3810.56,3811.78,3809.12,3810.19,459.0
2025-09-29 10:40:00,3810.13,3811.99,3808.14,3810.56,417.0
2025-09-29 10:45:00,3810.61,3811.15,3806.13,3806.96,445.0
2025-09-29 10:50:00,3807.12,3807.75,3805.08,3805.29,451.0
2025-09-29 10:55:00,3805.38,3807.17,3805.38,3806.43,412.0
2025-09-29 11:00:00,3806.33,3811.25,3806.33,3810.65,454.0
2025-09-29 11:05:00,3810.62,3814.47,3810.2,3813.51,451.0
2025-09-29 11:10:00,3813.68,3816.26,3812.84,3815.93,463.0
2025-09-29 11:15:00,3815.99,3816.45,3812.94,3813.28,428.0
2025-09-29 11:20:00,3813.4,3813.42,3810.63,3811.33,418.0
2025-09-29 11:25:00,3811.35,3811.62,3808.36,3811.32,382.0
2025-09-29 11:30:00,3811.5,3814.79,3811.09,3814.46,370.0
2025-09-29 11:35:00,3814.46,3815.88,3814.17,3814.49,361.0
2025-09-29 11:40:00,3814.54,3816.48,3814.36,3816.19,363.0
2025-09-29 11:45:00,3816.25,3818.7,3815.37,3817.72,376.0
2025-09-29 11:50:00,3817.73,3819.49,3816.91,3818.89,397.0
2025-09-29 11:55:00,3818.87,3819.42,3818.09,3818.79,316.0
2025-09-29 12:00:00,3818.75,3819.58,3817.68,3818.14,328.0
2025-09-29 12:05:00,3818.22,3819.67,3817.45,3817.45,339.0
2025-09-29 12:10:00,3817.84,3818.01,3817.04,3817.71,346.0
2025-09-29 12:15:00,3817.7,3818.72,3816.81,3817.06,357.0
2025-09-29 12:20:00,3817.08,3817.46,3815.91,3816.24,256.0
2025-09-29 12:25:00,3816.23,3817.05,3815.93,3816.25,307.0
2025-09-29 12:30:00,3816.26,3817.23,3811.86,3812.63,414.0
2025-09-29 12:35:00,3812.6,3813.54,3809.45,3810.31,427.0
2025-09-29 12:40:00,3810.27,3811.92,3808.54,3810.46,426.0
2025-09-29 12:45:00,3810.5,3810.5,3807.54,3808.11,428.0
2025-09-29 12:50:00,3808.57,3809.65,3807.3,3807.3,426.0
2025-09-29 12:55:00,3807.6,3808.37,3806.99,3807.48,417.0
2025-09-29 13:00:00,3807.54,3809.74,3807.26,3809.24,401.0
2025-09-29 13:05:00,3809.33,3810.17,3807.58,3807.78,368.0
2025-09-29 13:10:00,3807.75,3810.4,3806.59,3809.84,399.0
2025-09-29 13:15:00,3809.83,3812.43,3809.37,3810.14,373.0
2025-09-29 13:20:00,3810.2,3815.74,3810.2,3815.68,382.0
2025-09-29 13:25:00,3815.69,3817.23,3814.38,3815.7,419.0
2025-09-29 13:30:00,3815.68,3816.66,3814.68,3815.62,392.0
2025-09-29 13:35:00,3815.64,3818.51,3815.34,3817.4,413.0
2025-09-29 13:40:00,3817.44,3817.93,3816.42,3817.34,375.0
2025-09-29 13:45:00,3817.47,3818.31,3816.05,3816.35,364.0
2025-09-29 13:50:00,3816.47,3817.28,3814.87,3816.1,383.0
2025-09-29 13:55:00,3816.3,3818.42,3816.3,3817.79,359.0
2025-09-29 14:00:00,3817.88,3818.49,3816.45,3817.23,382.0
2025-09-29 14:05:00,3817.33,3818.28,3817.02,3818.02,349.0
2025-09-29 14:10:00,3818.0,3818.93,3817.42,3818.68,392.0
2025-09-29 14:15:00,3818.62,3823.81,3818.29,3822.48,473.0
2025-09-29 14:20:00,3822.16,3823.45,3820.98,3823.41,416.0
2025-09-29 14:25:00,3823.44,3824.5,3822.33,3823.53,419.0
2025-09-29 14:30:00,3823.61,3825.24,3822.94,3824.76,424.0
2025-09-29 14:35:00,3824.78,3825.94,3822.66,3824.61,428.0
2025-09-29 14:40:00,3824.62,3829.28,3824.35,3827.13,400.0
2025-09-29 14:45:00,3827.16,3827.52,3824.38,3826.54,416.0
2025-09-29 14:50:00,3826.56,3828.33,3825.84,3828.25,386.0
2025-09-29 14:55:00,3828.33,3831.39,3828.08,3828.96,457.0
2025-09-29 15:00:00,3828.87,3830.39,3824.14,3825.74,481.0
2025-09-29 15:05:00,3825.87,3827.07,3823.47,3826.37,457.0
2025-09-29 15:10:00,3826.44,3826.98,3822.68,3824.29,459.0
2025-09-29 15:15:00,3824.57,3825.45,3821.68,3823.84,456.0
2025-09-29 15:20:00,3822.86,3824.18,3819.49,3821.0,472.0
2025-09-29 15:25:00,3820.79,3821.53,3816.94,3817.39,487.0
2025-09-29 15:30:00,3817.53,3818.07,3812.69,3814.19,488.0
2025-09-29 15:35:00,3814.1,3818.77,3813.5,3818.77,504.0
2025-09-29 15:40:00,3818.76,3818.78,3816.17,3817.04,469.0
2025-09-29 15:45:00,3817.01,3818.3,3815.12,3818.11,450.0
2025-09-29 15:50:00,3818.01,3818.81,3813.25,3813.25,484.0
2025-09-29 15:55:00,3813.23,3814.49,3811.6,3813.72,473.0
2025-09-29 16:00:00,3814.07,3817.07,3809.17,3810.33,516.0
2025-09-29 16:05:00,3810.34,3815.12,3809.9,3813.77,499.0
2025-09-29 16:10:00,3813.32,3817.44,3813.09,3817.06,463.0
2025-09-29 16:15:00,3816.94,3821.1,3816.23,3820.12,463.0
2025-09-29 16:20:00,3819.99,3822.92,3819.8,3821.54,462.0
2025-09-29 16:25:00,3821.48,3822.41,3819.7,3821.73,438.0
2025-09-29 16:30:00,3822.04,3824.88,3818.5,3824.29,512.0
2025-09-29 16:35:00,3824.15,3826.38,3820.84,3826.31,506.0
2025-09-29 16:40:00,3826.3,3828.04,3825.2,3826.27,485.0
2025-09-29 16:45:00,3826.51,3827.54,3821.08,3821.53,497.0
2025-09-29 16:50:00,3821.75,3824.26,3819.17,3822.45,519.0
2025-09-29 16:55:00,3822.28,3824.05,3819.68,3821.43,502.0
2025-09-29 17:00:00,3821.41,3827.59,3819.73,3827.03,506.0
2025-09-29 17:05:00,3827.12,3828.46,3825.15,3827.21,493.0
2025-09-29 17:10:00,3827.25,3830.21,3824.9,3825.78,480.0
2025-09-29 17:15:00,3825.93,3826.59,3819.48,3819.48,488.0
2025-09-29 17:20:00,3819.24,3824.1,3816.78,3823.66,500.0
2025-09-29 17:25:00,3823.81,3827.95,3823.68,3826.61,497.0
2025-09-29 17:30:00,3826.78,3827.21,3824.46,3825.18,471.0
2025-09-29 17:35:00,3824.94,3828.5,3824.89,3826.09,480.0
2025-09-29 17:40:00,3826.01,3827.52,3825.52,3826.53,451.0
2025-09-29 17:45:00,3826.59,3826.66,3823.22,3824.76,456.0
2025-09-29 17:50:00,3824.83,3828.39,3823.7,3826.87,481.0
2025-09-29 17:55:00,3826.85,3828.37,3826.38,3828.14,449.0
2025-09-29 18:00:00,3828.12,3832.48,3827.92,3831.21,471.0
2025-09-29 18:05:00,3831.22,3832.15,3823.93,3826.68,490.0
2025-09-29 18:10:00,3826.91,3827.63,3823.21,3824.31,478.0
2025-09-29 18:15:00,3824.26,3826.09,3822.88,3825.88,464.0
2025-09-29 18:20:00,3825.99,3828.91,3824.71,3828.48,420.0
2025-09-29 18:25:00,3828.5,3829.69,3827.95,3829.39,405.0
2025-09-29 18:30:00,3829.4,3829.67,3821.85,3826.64,441.0
2025-09-29 18:35:00,3827.04,3829.38,3826.09,3828.74,470.0
2025-09-29 18:40:00,3828.91,3831.3,3827.95,3830.62,444.0
2025-09-29 18:45:00,3830.7,3833.07,3830.33,3832.2,434.0
2025-09-29 18:50:00,3832.09,3833.16,3830.12,3831.84,390.0
2025-09-29 18:55:00,3831.97,3832.52,3829.78,3830.41,374.0
2025-09-29 19:00:00,3830.38,3830.56,3828.24,3828.61,421.0
2025-09-29 19:05:00,3828.51,3829.95,3828.23,3828.83,374.0
2025-09-29 19:10:00,3828.85,3831.15,3828.35,3831.04,353.0
2025-09-29 19:15:00,3831.11,3833.49,3830.54,3830.54,440.0
2025-09-29 19:20:00,3830.55,3831.09,3829.76,3830.96,379.0
2025-09-29 19:25:00,3830.87,3832.54,3830.87,3831.24,373.0
2025-09-29 19:30:00,3831.24,3832.26,3830.36,3832.0,347.0
2025-09-29 19:35:00,3831.87,3832.22,3829.7,3829.91,367.0
2025-09-29 19:40:00,3829.9,3830.33,3828.57,3828.57,346.0
2025-09-29 19:45:00,3828.58,3829.71,3828.34,3829.14,329.0
2025-09-29 19:50:00,3828.97,3829.93,3828.88,3829.54,359.0
2025-09-29 19:55:00,3829.49,3830.55,3829.44,3830.27,354.0
2025-09-29 20:00:00,3830.29,3831.96,3830.01,3830.91,391.0
2025-09-29 20:05:00,3830.9,3832.79,3830.66,3832.16,371.0
2025-09-29 20:10:00,3832.17,3832.27,3829.0,3829.26,359.0
2025-09-29 20:15:00,3829.29,3829.29,3825.62,3826.78,448.0
2025-09-29 20:20:00,3826.88,3828.52,3825.43,3827.87,418.0
2025-09-29 20:25:00,3827.78,3827.78,3823.85,3826.38,458.0
2025-09-29 20:30:00,3826.77,3827.65,3825.09,3826.58,429.0
2025-09-29 20:35:00,3826.55,3826.83,3825.08,3826.45,376.0
2025-09-29 20:40:00,3826.42,3828.73,3826.42,3828.73,329.0
2025-09-29 20:45:00,3828.68,3828.76,3826.75,3827.75,347.0
2025-09-29 20:50:00,3827.68,3830.7,3826.84,3829.2,375.0
2025-09-29 20:55:00,3829.23,3829.57,3828.03,3828.89,336.0
2025-09-29 21:00:00,3829.06,3830.07,3827.98,3827.98,333.0
2025-09-29 21:05:00,3828.12,3828.65,3823.49,3823.88,355.0
2025-09-29 21:10:00,3823.86,3827.85,3823.61,3827.57,356.0
2025-09-29 21:15:00,3827.54,3829.06,3827.4,3828.75,363.0
2025-09-29 21:20:00,3828.78,3830.64,3828.72,3829.5,358.0
2025-09-29 21:25:00,3829.51,3830.36,3829.43,3829.71,352.0
2025-09-29 21:30:00,3829.84,3830.1,3824.92,3824.92,369.0
2025-09-29 21:35:00,3824.93,3826.44,3824.39,3825.38,384.0
2025-09-29 21:40:00,3825.38,3827.14,3825.37,3826.04,302.0
2025-09-29 21:45:00,3826.06,3827.08,3823.9,3827.02,315.0
2025-09-29 21:50:00,3827.02,3827.02,3825.13,3825.47,324.0
2025-09-29 21:55:00,3825.51,3826.22,3824.44,3824.55,322.0
2025-09-29 22:00:00,3824.53,3825.27,3823.7,3824.68,362.0
2025-09-29 22:05:00,3824.75,3824.79,3822.62,3823.23,388.0
2025-09-29 22:10:00,3823.07,3826.79,3822.79,3826.79,387.0
2025-09-29 22:15:00,3826.91,3829.08,3826.01,3827.51,411.0
2025-09-29 22:20:00,3827.45,3827.82,3826.32,3827.06,318.0
2025-09-29 22:25:00,3827.07,3827.09,3824.78,3825.97,286.0
2025-09-29 22:30:00,3825.86,3827.2,3825.35,3826.54,311.0
2025-09-29 22:35:00,3826.54,3827.98,3825.68,3827.68,317.0
2025-09-29 22:40:00,3827.66,3829.49,3827.42,3829.45,336.0
2025-09-29 22:45:00,3829.22,3829.77,3828.57,3828.84,378.0
2025-09-29 22:50:00,3828.8,3829.32,3827.61,3829.08,397.0
2025-09-29 22:55:00,3829.02,3829.17,3828.12,3828.69,431.0
2025-09-29 23:00:00,3828.57,3829.27,3827.79,3828.72,271.0
2025-09-29 23:05:00,3828.72,3828.78,3828.11,3828.63,214.0
2025-09-29 23:10:00,3828.62,3830.14,3828.61,3829.9,235.0
2025-09-29 23:15:00,3829.73,3830.27,3829.3,3829.39,226.0
2025-09-29 23:20:00,3829.62,3829.71,3828.1,3828.36,191.0
2025-09-29 23:25:00,3828.38,3829.13,3827.74,3828.79,191.0
2025-09-29 23:30:00,3828.8,3829.23,3828.38,3829.12,161.0
2025-09-29 23:35:00,3829.12,3829.18,3828.32,3828.86,187.0
2025-09-29 23:40:00,3828.9,3830.77,3828.0,3830.66,230.0
2025-09-29 23:45:00,3830.66,3832.24,3830.35,3831.32,304.0
2025-09-29 23:50:00,3831.3,3833.12,3830.36,3832.9,222.0
2025-09-29 23:55:00,3832.97,3834.06,3832.97,3833.76,242.0
2025-09-30 01:00:00,3833.07,3833.39,3828.93,3832.11,422.0
2025-09-30 01:05:00,3832.11,3832.11,3829.92,3830.07,166.0
2025-09-30 01:10:00,3830.07,3830.53,3829.38,3829.69,168.0
2025-09-30 01:15:00,3829.77,3830.46,3828.31,3828.5,173.0
2025-09-30 01:20:00,3828.79,3828.94,3825.6,3828.58,243.0
2025-09-30 01:25:00,3828.59,3828.76,3826.67,3826.85,145.0
2025-09-30 01:30:00,3826.85,3828.99,3826.85,3828.79,174.0
2025-09-30 01:35:00,3828.67,3829.15,3827.46,3827.93,168.0
2025-09-30 01:40:00,3827.91,3829.5,3827.91,3828.05,172.0
2025-09-30 01:45:00,3827.94,3828.79,3827.66,3828.61,132.0
2025-09-30 01:50:00,3828.61,3830.15,3828.49,3830.15,170.0
2025-09-30 01:55:00,3830.18,3831.14,3830.02,3830.67,177.0
2025-09-30 02:00:00,3830.54,3830.81,3829.38,3829.79,191.0
2025-09-30 02:05:00,3829.8,3830.96,3829.39,3829.43,168.0
2025-09-30 02:10:00,3829.44,3830.2,3829.35,3829.96,125.0
2025-09-30 02:15:00,3829.84,3830.71,3828.63,3828.8,185.0
2025-09-30 02:20:00,3828.82,3830.41,3828.73,3830.13,167.0
2025-09-30 02:25:00,3830.15,3830.54,3828.89,3829.5,189.0
2025-09-30 02:30:00,3829.51,3829.9,3828.77,3828.92,161.0
2025-09-30 02:35:00,3828.74,3828.99,3828.05,3828.72,153.0
2025-09-30 02:40:00,3828.71,3829.23,3828.4,3829.22,130.0
2025-09-30 02:45:00,3829.17,3831.9,3829.1,3830.08,235.0
2025-09-30 02:50:00,3830.14,3833.07,3830.1,3832.4,264.0
2025-09-30 02:55:00,3832.41,3833.37,3831.71,3832.88,289.0
2025-09-30 03:00:00,3832.88,3835.85,3831.21,3835.85,369.0
2025-09-30 03:05:00,3835.87,3839.36,3832.69,3833.28,433.0
2025-09-30 03:10:00,3833.04,3839.36,3832.97,3838.61,392.0
2025-09-30 03:15:00,3838.42,3838.72,3835.56,3837.37,331.0
2025-09-30 03:20:00,3837.36,3839.34,3837.32,3839.15,332.0
2025-09-30 03:25:00,3839.27,3840.43,3837.56,3838.57,339.0
2025-09-30 03:30:00,3838.57,3838.59,3835.87,3836.72,311.0
2025-09-30 03:35:00,3836.72,3839.44,3836.29,3838.6,310.0
2025-09-30 03:40:00,3838.55,3840.24,3837.65,3839.8,278.0
2025-09-30 03:45:00,3839.76,3839.88,3836.4,3836.49,358.0
2025-09-30 03:50:00,3836.77,3838.34,3834.62,3838.2,368.0
2025-09-30 03:55:00,3838.17,3839.37,3836.05,3838.91,358.0
2025-09-30 04:00:00,3838.85,3843.63,3838.72,3840.7,441.0
2025-09-30 04:05:00,3840.59,3842.41,3838.04,3841.78,411.0
2025-09-30 04:10:00,3841.82,3843.21,3841.03,3842.15,380.0
2025-09-30 04:15:00,3842.21,3843.44,3841.12,3843.09,371.0
2025-09-30 04:20:00,3843.14,3847.27,3841.02,3847.27,390.0
2025-09-30 04:25:00,3847.32,3847.37,3843.59,3844.32,404.0
2025-09-30 04:30:00,3844.12,3849.0,3842.81,3847.62,416.0
2025-09-30 04:35:00,3847.73,3850.52,3846.0,3848.25,428.0
2025-09-30 04:40:00,3848.61,3850.38,3847.49,3848.26,387.0
2025-09-30 04:45:00,3848.22,3849.16,3845.86,3846.83,408.0
2025-09-30 04:50:00,3847.04,3848.92,3846.29,3848.19,379.0
2025-09-30 04:55:00,3848.4,3849.4,3846.61,3848.04,387.0
2025-09-30 05:00:00,3848.0,3851.81,3848.0,3849.93,401.0
2025-09-30 05:05:00,3850.03,3850.18,3846.72,3846.72,371.0
2025-09-30 05:10:00,3846.67,3847.66,3845.02,3846.74,388.0
2025-09-30 05:15:00,3846.64,3848.59,3846.64,3847.73,348.0
2025-09-30 05:20:00,3847.82,3847.82,3843.53,3844.04,377.0
2025-09-30 05:25:00,3843.99,3846.2,3842.67,3845.69,372.0
2025-09-30 05:30:00,3845.67,3847.28,3843.48,3845.26,384.0
2025-09-30 05:35:00,3845.32,3846.89,3844.68,3846.6,336.0
2025-09-30 05:40:00,3846.93,3848.57,3846.54,3848.57,336.0
2025-09-30 05:45:00,3848.55,3849.18,3847.31,3848.68,339.0
2025-09-30 05:50:00,3848.65,3849.64,3848.12,3848.99,337.0
2025-09-30 05:55:00,3849.0,3849.84,3847.66,3847.98,362.0
2025-09-30 06:00:00,3847.99,3848.51,3845.83,3846.78,313.0
2025-09-30 06:05:00,3846.78,3849.77,3846.46,3849.52,335.0
2025-09-30 06:10:00,3849.35,3854.85,3849.35,3853.49,388.0
2025-09-30 06:15:00,3853.62,3855.76,3852.36,3855.17,381.0
2025-09-30 06:20:00,3855.31,3856.43,3854.7,3856.2,335.0
2025-09-30 06:25:00,3856.22,3859.45,3855.86,3858.18,392.0
2025-09-30 06:30:00,3858.2,3859.79,3857.72,3859.75,376.0
2025-09-30 06:35:00,3859.76,3861.27,3859.08,3859.68,381.0
2025-09-30 06:40:00,3859.7,3863.83,3859.69,3863.71,370.0
2025-09-30 06:45:00,3863.8,3865.8,3862.73,3862.74,394.0
2025-09-30 06:50:00,3862.74,3867.24,3862.74,3866.03,366.0
2025-09-30 06:55:00,3866.22,3866.62,3864.38,3864.7,344.0
2025-09-30 07:00:00,3864.52,3865.82,3864.46,3865.03,347.0
2025-09-30 07:05:00,3864.9,3865.87,3864.76,3865.01,303.0
2025-09-30 07:10:00,3865.1,3865.93,3862.79,3862.79,331.0
2025-09-30 07:15:00,3862.84,3863.19,3862.03,3862.78,344.0
2025-09-30 07:20:00,3863.09,3864.89,3862.73,3863.4,312.0
2025-09-30 07:25:00,3863.41,3866.03,3863.35,3863.75,334.0
2025-09-30 07:30:00,3863.72,3866.11,3863.64,3866.1,325.0
2025-09-30 07:35:00,3866.01,3866.17,3864.36,3864.89,292.0
2025-09-30 07:40:00,3864.81,3865.8,3863.54,3864.43,286.0
2025-09-30 07:45:00,3864.26,3864.73,3863.69,3863.69,280.0
2025-09-30 07:50:00,3863.71,3865.2,3863.64,3864.26,267.0
2025-09-30 07:55:00,3864.25,3867.2,3864.22,3867.2,287.0
2025-09-30 08:00:00,3867.14,3869.99,3866.37,3869.41,376.0
2025-09-30 08:05:00,3869.33,3869.34,3862.77,3864.32,380.0
2025-09-30 08:10:00,3864.72,3866.41,3863.96,3866.36,337.0
2025-09-30 08:15:00,3866.25,3870.0,3866.14,3869.21,379.0
2025-09-30 08:20:00,3869.18,3869.3,3867.21,3868.61,314.0
2025-09-30 08:25:00,3868.62,3869.96,3867.53,3867.54,309.0
2025-09-30 08:30:00,3867.5,3869.5,3864.15,3868.23,391.0
2025-09-30 08:35:00,3868.29,3869.69,3866.89,3867.63,369.0
2025-09-30 08:40:00,3867.64,3869.48,3866.75,3868.88,365.0
2025-09-30 08:45:00,3868.92,3869.02,3865.32,3868.0,368.0
2025-09-30 08:50:00,3867.99,3869.7,3866.8,3869.05,338.0
2025-09-30 08:55:00,3868.98,3870.35,3868.74,3869.7,334.0
2025-09-30 09:00:00,3869.88,3870.38,3867.8,3868.37,335.0
2025-09-30 09:05:00,3868.22,3869.62,3867.65,3869.57,357.0
2025-09-30 09:10:00,3869.58,3871.66,3866.52,3866.74,397.0
2025-09-30 09:15:00,3866.68,3867.25,3862.08,3862.77,421.0
2025-09-30 09:20:00,3862.7,3866.16,3862.45,3865.7,402.0
2025-09-30 09:25:00,3865.72,3866.43,3864.21,3866.43,369.0
2025-09-30 09:30:00,3866.47,3870.5,3866.18,3870.04,379.0
2025-09-30 09:35:00,3870.34,3871.34,3868.56,3869.23,391.0
2025-09-30 09:40:00,3869.28,3871.14,3868.39,3869.89,370.0
2025-09-30 09:45:00,3869.44,3869.75,3863.67,3864.59,389.0
2025-09-30 09:50:00,3864.58,3864.96,3856.62,3856.62,425.0
2025-09-30 09:55:00,3856.57,3860.18,3854.99,3855.81,426.0
2025-09-30 10:00:00,3855.88,3857.63,3853.79,3856.0,406.0
2025-09-30 10:05:00,3855.91,3859.33,3853.15,3853.32,418.0
2025-09-30 10:10:00,3853.47,3856.13,3850.98,3854.23,418.0
2025-09-30 10:15:00,3854.23,3854.54,3852.02,3853.92,371.0
2025-09-30 10:20:00,3853.95,3855.47,3851.65,3851.98,347.0
2025-09-30 10:25:00,3851.89,3853.57,3848.5,3852.89,394.0
2025-09-30 10:30:00,3852.71,3854.59,3850.91,3851.65,369.0
2025-09-30 10:35:00,3851.52,3853.08,3851.08,3851.77,359.0
2025-09-30 10:40:00,3851.66,3851.98,3846.29,3847.57,432.0
2025-09-30 10:45:00,3847.76,3850.27,3844.9,3844.96,422.0
2025-09-30 10:50:00,3844.93,3846.68,3843.81,3844.92,392.0
2025-09-30 10:55:00,3845.05,3845.09,3839.65,3843.76,410.0
2025-09-30 11:00:00,3843.38,3847.16,3842.75,3844.31,410.0
2025-09-30 11:05:00,3844.32,3844.79,3832.81,3836.15,438.0
2025-09-30 11:10:00,3835.86,3839.05,3834.69,3837.91,418.0
2025-09-30 11:15:00,3837.87,3838.52,3832.47,3832.71,397.0
2025-09-30 11:20:00,3832.67,3833.43,3820.74,3829.33,458.0
2025-09-30 11:25:00,3829.67,3833.32,3823.46,3823.53,423.0
2025-09-30 11:30:00,3823.14,3823.62,3813.19,3816.63,479.0
2025-09-30 11:35:00,3816.87,3819.09,3807.58,3807.72,463.0
2025-09-30 11:40:00,3808.11,3816.67,3808.11,3815.72,452.0
2025-09-30 11:45:00,3815.52,3822.02,3815.1,3819.78,444.0
2025-09-30 11:50:00,3819.83,3820.84,3814.82,3816.77,435.0
2025-09-30 11:55:00,3816.83,3820.57,3815.98,3816.29,406.0
2025-09-30 12:00:00,3816.11,3821.45,3816.0,3818.53,403.0
2025-09-30 12:05:00,3818.5,3818.9,3811.05,3811.57,410.0
2025-09-30 12:10:00,3811.49,3812.08,3797.14,3799.44,458.0
2025-09-30 12:15:00,3799.27,3806.26,3799.24,3801.77,443.0
2025-09-30 12:20:00,3801.57,3804.0,3798.47,3798.47,429.0
2025-09-30 12:25:00,3798.18,3803.18,3798.18,3801.61,403.0
2025-09-30 12:30:00,3801.67,3806.58,3801.15,3803.19,431.0
2025-09-30 12:35:00,3803.32,3805.69,3800.06,3801.69,396.0
2025-09-30 12:40:00,3801.76,3804.15,3801.17,3801.81,379.0
2025-09-30 12:45:00,3801.24,3801.24,3793.21,3798.17,435.0
2025-09-30 12:50:00,3798.19,3801.51,3795.85,3798.45,441.0
2025-09-30 12:55:00,3797.9,3800.92,3796.8,3798.65,391.0
2025-09-30 13:00:00,3798.35,3804.07,3798.22,3803.32,394.0
2025-09-30 13:05:00,3803.35,3806.54,3803.13,3804.54,407.0
2025-09-30 13:10:00,3804.47,3805.42,3802.68,3803.17,360.0
2025-09-30 13:15:00,3803.24,3806.75,3802.97,3805.15,378.0
2025-09-30 13:20:00,3805.1,3809.95,3804.78,3807.64,388.0
2025-09-30 13:25:00,3807.53,3807.92,3803.05,3804.11,358.0
2025-09-30 13:30:00,3804.15,3808.09,3803.3,3807.85,356.0
2025-09-30 13:35:00,3808.28,3810.11,3806.55,3808.43,341.0
2025-09-30 13:40:00,3808.53,3810.36,3808.4,3809.54,306.0
2025-09-30 13:45:00,3809.5,3814.5,3809.41,3813.21,359.0
2025-09-30 13:50:00,3813.13,3814.52,3812.48,3814.05,369.0
2025-09-30 13:55:00,3814.05,3814.23,3812.1,3812.13,341.0
2025-09-30 14:00:00,3811.95,3813.45,3810.96,3811.74,357.0
2025-09-30 14:05:00,3811.74,3812.86,3809.35,3809.55,358.0
2025-09-30 14:10:00,3809.49,3809.49,3806.66,3806.77,387.0
2025-09-30 14:15:00,3806.7,3808.07,3804.67,3805.64,362.0
2025-09-30 14:20:00,3805.69,3810.1,3804.92,3808.48,350.0
2025-09-30 14:25:00,3808.64,3810.07,3808.06,3809.73,351.0
2025-09-30 14:30:00,3809.67,3816.16,3808.19,3815.92,362.0
2025-09-30 14:35:00,3815.88,3817.48,3814.09,3816.33,405.0
2025-09-30 14:40:00,3816.3,3817.07,3814.39,3814.85,373.0
2025-09-30 14:45:00,3814.84,3816.3,3812.95,3814.98,339.0
2025-09-30 14:50:00,3815.17,3816.0,3813.57,3813.89,358.0
2025-09-30 14:55:00,3813.92,3817.77,3813.74,3815.21,358.0
2025-09-30 15:00:00,3814.97,3816.37,3812.8,3813.19,383.0
2025-09-30 15:05:00,3813.06,3815.05,3810.83,3814.97,397.0
2025-09-30 15:10:00,3814.9,3816.39,3812.5,3815.91,366.0
2025-09-30 15:15:00,3816.02,3816.43,3811.58,3815.11,359.0
2025-09-30 15:20:00,3815.59,3816.58,3812.67,3813.3,402.0
2025-09-30 15:25:00,3813.0,3815.31,3812.13,3814.1,380.0
2025-09-30 15:30:00,3812.94,3815.24,3811.27,3814.0,383.0
2025-09-30 15:35:00,3813.97,3817.0,3813.97,3816.97,360.0
2025-09-30 15:40:00,3816.98,3816.98,3809.09,3810.82,410.0
2025-09-30 15:45:00,3810.7,3819.17,3810.45,3819.11,407.0
2025-09-30 15:50:00,3819.08,3821.58,3815.95,3820.4,400.0
2025-09-30 15:55:00,3820.39,3820.6,3817.57,3819.34,398.0
2025-09-30 16:00:00,3819.4,3820.18,3814.26,3815.1,412.0
2025-09-30 16:05:00,3815.08,3816.82,3813.78,3815.11,409.0
2025-09-30 16:10:00,3814.67,3816.95,3814.03,3816.72,400.0
2025-09-30 16:15:00,3817.25,3819.09,3816.74,3817.76,385.0
2025-09-30 16:20:00,3817.66,3819.25,3812.0,3813.06,418.0
2025-09-30 16:25:00,3813.31,3816.85,3811.44,3815.23,413.0
2025-09-30 16:30:00,3815.15,3819.84,3812.52,3818.02,455.0
2025-09-30 16:35:00,3817.81,3823.58,3817.79,3822.45,439.0
2025-09-30 16:40:00,3822.78,3825.25,3820.12,3825.02,382.0
2025-09-30 16:45:00,3825.11,3829.46,3825.07,3829.0,441.0
2025-09-30 16:50:00,3829.0,3829.98,3824.47,3824.87,435.0
2025-09-30 16:55:00,3824.9,3826.3,3822.47,3824.15,413.0
2025-09-30 17:00:00,3823.54,3828.13,3820.34,3828.01,440.0
2025-09-30 17:05:00,3828.38,3838.62,3828.38,3838.6,448.0
2025-09-30 17:10:00,3838.44,3847.07,3837.96,3843.71,457.0
2025-09-30 17:15:00,3843.87,3849.66,3842.53,3849.25,444.0
2025-09-30 17:20:00,3849.28,3852.55,3844.65,3852.18,443.0
2025-09-30 17:25:00,3852.14,3852.14,3843.4,3844.05,437.0
2025-09-30 17:30:00,3844.13,3848.18,3842.78,3844.12,428.0
2025-09-30 17:35:00,3843.94,3848.17,3843.91,3847.12,427.0
2025-09-30 17:40:00,3847.09,3850.24,3845.16,3849.85,423.0
2025-09-30 17:45:00,3849.86,3850.36,3848.16,3849.16,406.0
2025-09-30 17:50:00,3848.66,3854.24,3845.7,3854.24,422.0
2025-09-30 17:55:00,3854.17,3854.5,3852.75,3854.11,405.0
2025-09-30 18:00:00,3854.13,3854.22,3845.66,3846.07,420.0
2025-09-30 18:05:00,3846.02,3847.01,3834.09,3835.73,448.0
2025-09-30 18:10:00,3835.73,3842.58,3832.61,3835.31,447.0
2025-09-30 18:15:00,3835.02,3836.68,3831.23,3836.14,442.0
2025-09-30 18:20:00,3836.27,3839.94,3836.01,3839.75,433.0
2025-09-30 18:25:00,3839.6,3839.65,3834.18,3835.03,411.0
2025-09-30 18:30:00,3834.96,3838.63,3834.55,3838.58,395.0
2025-09-30 18:35:00,3838.47,3841.5,3834.85,3838.45,404.0
2025-09-30 18:40:00,3838.06,3840.84,3834.83,3838.67,396.0
2025-09-30 18:45:00,3839.1,3839.34,3835.34,3839.34,400.0
2025-09-30 18:50:00,3839.56,3840.35,3836.84,3838.22,369.0
2025-09-30 18:55:00,3837.8,3839.0,3835.83,3839.0,381.0
2025-09-30 19:00:00,3838.93,3841.72,3837.86,3841.28,382.0
2025-09-30 19:05:00,3841.23,3844.59,3840.49,3843.44,380.0
2025-09-30 19:10:00,3843.39,3843.82,3841.4,3843.18,349.0
2025-09-30 19:15:00,3843.17,3844.15,3841.83,3842.61,337.0
2025-09-30 19:20:00,3842.6,3844.03,3840.98,3842.0,371.0
2025-09-30 19:25:00,3841.99,3844.08,3841.57,3843.43,345.0
2025-09-30 19:30:00,3843.77,3844.85,3842.58,3844.4,320.0
2025-09-30 19:35:00,3844.3,3845.51,3843.5,3845.51,329.0
2025-09-30 19:40:00,3845.37,3845.95,3844.12,3845.64,293.0
2025-09-30 19:45:00,3845.57,3847.91,3845.0,3847.74,347.0
2025-09-30 19:50:00,3847.83,3847.89,3846.13,3846.23,349.0
2025-09-30 19:55:00,3846.33,3846.92,3845.54,3845.93,335.0
2025-09-30 20:00:00,3846.06,3847.46,3844.08,3845.29,347.0
2025-09-30 20:05:00,3845.31,3846.23,3843.82,3846.23,317.0
2025-09-30 20:10:00,3846.35,3847.04,3845.13,3845.47,314.0
2025-09-30 20:15:00,3845.46,3848.26,3845.38,3847.78,294.0
2025-09-30 20:20:00,3847.82,3848.58,3847.14,3847.98,327.0
2025-09-30 20:25:00,3848.01,3848.13,3845.15,3845.6,333.0
2025-09-30 20:30:00,3845.64,3847.67,3845.35,3847.67,328.0
2025-09-30 20:35:00,3847.74,3849.31,3846.25,3847.23,328.0
2025-09-30 20:40:00,3847.22,3848.3,3844.73,3845.91,330.0
2025-09-30 20:45:00,3845.99,3846.31,3842.74,3842.92,376.0
2025-09-30 20:50:00,3842.9,3844.54,3842.9,3844.2,338.0
2025-09-30 20:55:00,3844.18,3844.85,3843.06,3843.99,327.0
2025-09-30 21:00:00,3844.03,3844.73,3840.66,3840.72,303.0
2025-09-30 21:05:00,3840.71,3841.49,3839.76,3840.68,334.0
2025-09-30 21:10:00,3840.69,3841.33,3839.91,3841.07,327.0
2025-09-30 21:15:00,3840.74,3843.38,3840.66,3843.15,306.0
2025-09-30 21:20:00,3842.81,3845.71,3842.71,3844.1,325.0
2025-09-30 21:25:00,3844.12,3846.45,3844.02,3846.14,332.0
2025-09-30 21:30:00,3846.0,3846.35,3843.83,3844.72,320.0
2025-09-30 21:35:00,3844.63,3846.01,3844.28,3845.81,306.0
2025-09-30 21:40:00,3845.85,3846.52,3845.26,3845.63,281.0
2025-09-30 21:45:00,3845.65,3848.13,3845.21,3847.64,282.0
2025-09-30 21:50:00,3847.64,3848.99,3847.46,3848.13,291.0
2025-09-30 21:55:00,3848.24,3848.81,3847.95,3848.13,254.0
2025-09-30 22:00:00,3848.02,3850.7,3847.14,3849.13,352.0
2025-09-30 22:05:00,3849.34,3850.12,3848.43,3850.01,280.0
2025-09-30 22:10:00,3850.03,3850.36,3849.24,3850.19,263.0
2025-09-30 22:15:00,3850.22,3851.68,3850.22,3851.38,266.0
2025-09-30 22:20:00,3851.37,3854.78,3851.37,3854.22,324.0
2025-09-30 22:25:00,3854.14,3854.21,3852.89,3853.19,282.0
2025-09-30 22:30:00,3853.23,3854.72,3853.23,3853.7,305.0
2025-09-30 22:35:00,3853.77,3855.31,3853.77,3855.31,331.0
2025-09-30 22:40:00,3855.32,3855.41,3854.93,3855.11,340.0
2025-09-30 22:45:00,3854.99,3855.49,3854.47,3855.23,344.0
2025-09-30 22:50:00,3855.21,3859.71,3854.61,3859.52,386.0
2025-09-30 22:55:00,3859.56,3860.76,3857.37,3858.99,414.0
2025-09-30 23:00:00,3859.11,3859.11,3853.37,3854.9,379.0
2025-09-30 23:05:00,3854.72,3854.72,3850.84,3852.05,309.0
2025-09-30 23:10:00,3851.48,3853.67,3851.1,3853.18,251.0
2025-09-30 23:15:00,3852.98,3855.27,3852.25,3853.94,247.0
2025-09-30 23:20:00,3854.01,3855.17,3853.88,3854.84,201.0
2025-09-30 23:25:00,3854.81,3855.48,3853.88,3855.34,201.0
2025-09-30 23:30:00,3855.39,3856.19,3854.84,3855.68,216.0
2025-09-30 23:35:00,3855.7,3858.98,3855.7,3857.77,289.0
2025-09-30 23:40:00,3857.75,3858.95,3856.22,3856.66,264.0
2025-09-30 23:45:00,3856.75,3858.88,3855.75,3858.44,277.0
2025-09-30 23:50:00,3858.55,3860.09,3858.53,3859.68,219.0
2025-09-30 23:55:00,3859.31,3859.31,3858.1,3858.23,243.0
