time,open,high,low,close,volume
2025-07-01 01:00:00,3303.4,3304.1,3302.52,3304.1,209.0
2025-07-01 01:05:00,3304.1,3305.0,3302.38,3302.62,152.0
2025-07-01 01:10:00,3302.64,3304.59,3302.47,3304.22,150.0
2025-07-01 01:15:00,3304.1,3306.0,3303.99,3305.87,171.0
2025-07-01 01:20:00,3305.84,3306.56,3305.33,3306.51,147.0
2025-07-01 01:25:00,3306.51,3307.71,3306.44,3307.11,204.0
2025-07-01 01:30:00,3307.12,3307.35,3306.17,3307.19,222.0
2025-07-01 01:35:00,3307.23,3307.24,3306.04,3306.1,193.0
2025-07-01 01:40:00,3306.01,3309.06,3305.93,3308.89,200.0
2025-07-01 01:45:00,3308.87,3309.74,3307.54,3309.17,277.0
2025-07-01 01:50:00,3309.17,3314.39,3309.14,3312.08,360.0
2025-07-01 01:55:00,3312.07,3313.22,3310.81,3311.45,243.0
2025-07-01 02:00:00,3311.44,3312.24,3309.96,3310.24,297.0
2025-07-01 02:05:00,3310.24,3311.44,3309.87,3310.79,225.0
2025-07-01 02:10:00,3310.78,3311.99,3310.78,3311.93,191.0
2025-07-01 02:15:00,3311.99,3312.19,3309.23,3310.4,268.0
2025-07-01 02:20:00,3310.26,3310.26,3309.21,3309.96,213.0
2025-07-01 02:25:00,3309.75,3309.75,3308.61,3309.53,181.0
2025-07-01 02:30:00,3309.3,3310.02,3308.83,3309.41,167.0
2025-07-01 02:35:00,3309.45,3310.75,3309.38,3310.41,190.0
2025-07-01 02:40:00,3310.48,3311.14,3309.99,3310.77,196.0
2025-07-01 02:45:00,3310.74,3311.94,3310.24,3311.78,181.0
2025-07-01 02:50:00,3311.74,3311.79,3310.97,3311.56,150.0
2025-07-01 02:55:00,3311.62,3312.52,3310.47,3312.47,204.0
2025-07-01 03:00:00,3312.67,3313.18,3310.02,3311.61,329.0
2025-07-01 03:05:00,3311.79,3311.79,3310.12,3310.57,258.0
2025-07-01 03:10:00,3310.3,3312.21,3309.97,3312.21,263.0
2025-07-01 03:15:00,3312.21,3312.74,3311.77,3312.52,218.0
2025-07-01 03:20:00,3312.52,3312.54,3310.75,3310.96,220.0
2025-07-01 03:25:00,3311.07,3311.35,3310.35,3310.86,200.0
2025-07-01 03:30:00,3310.84,3312.95,3310.84,3312.24,203.0
2025-07-01 03:35:00,3312.25,3313.13,3311.27,3311.39,244.0
2025-07-01 03:40:00,3311.34,3312.03,3311.01,3311.5,197.0
2025-07-01 03:45:00,3311.51,3312.61,3311.29,3312.52,192.0
2025-07-01 03:50:00,3312.51,3313.58,3311.82,3313.01,259.0
2025-07-01 03:55:00,3313.02,3314.78,3313.02,3314.72,257.0
2025-07-01 04:00:00,3314.78,3316.06,3314.13,3316.0,348.0
2025-07-01 04:05:00,3316.04,3318.05,3315.94,3318.05,314.0
2025-07-01 04:10:00,3318.02,3318.95,3317.28,3318.85,309.0
2025-07-01 04:15:00,3318.83,3320.25,3318.19,3319.51,329.0
2025-07-01 04:20:00,3319.52,3320.38,3318.68,3319.33,340.0
2025-07-01 04:25:00,3319.38,3320.85,3319.07,3320.28,308.0
2025-07-01 04:30:00,3320.29,3320.89,3317.57,3318.29,318.0
2025-07-01 04:35:00,3318.27,3318.78,3316.39,3317.9,350.0
2025-07-01 04:40:00,3318.2,3320.42,3316.1,3319.68,349.0
2025-07-01 04:45:00,3319.75,3320.54,3319.1,3320.35,293.0
2025-07-01 04:50:00,3320.32,3320.4,3315.9,3316.79,346.0
2025-07-01 04:55:00,3316.78,3318.32,3316.78,3317.86,277.0
2025-07-01 05:00:00,3317.74,3317.96,3315.68,3316.23,315.0
2025-07-01 05:05:00,3316.38,3317.4,3315.63,3316.86,301.0
2025-07-01 05:10:00,3316.85,3316.9,3315.59,3316.07,276.0
2025-07-01 05:15:00,3316.06,3317.37,3315.01,3315.04,247.0
2025-07-01 05:20:00,3315.08,3315.78,3314.72,3315.34,242.0
2025-07-01 05:25:00,3315.33,3316.08,3314.47,3316.07,250.0
2025-07-01 05:30:00,3316.15,3318.37,3315.37,3317.53,348.0
2025-07-01 05:35:00,3317.38,3318.17,3316.04,3316.36,315.0
2025-07-01 05:40:00,3316.3,3319.06,3315.56,3318.1,289.0
2025-07-01 05:45:00,3318.09,3319.39,3318.04,3319.03,259.0
2025-07-01 05:50:00,3319.04,3319.2,3317.07,3317.41,234.0
2025-07-01 05:55:00,3317.44,3317.57,3316.11,3316.15,238.0
2025-07-01 06:00:00,3316.08,3318.19,3315.78,3317.24,270.0
2025-07-01 06:05:00,3317.26,3318.39,3316.37,3317.41,249.0
2025-07-01 06:10:00,3317.47,3318.17,3316.01,3317.3,273.0
2025-07-01 06:15:00,3317.28,3318.94,3316.94,3318.36,232.0
2025-07-01 06:20:00,3318.39,3320.79,3318.34,3320.4,259.0
2025-07-01 06:25:00,3320.35,3321.94,3320.15,3321.12,303.0
2025-07-01 06:30:00,3321.12,3321.12,3318.63,3318.65,274.0
2025-07-01 06:35:00,3318.55,3319.32,3318.07,3319.31,215.0
2025-07-01 06:40:00,3319.3,3321.74,3318.72,3321.68,251.0
2025-07-01 06:45:00,3321.55,3322.6,3320.68,3320.86,253.0
2025-07-01 06:50:00,3320.89,3321.59,3320.5,3320.65,204.0
2025-07-01 06:55:00,3320.66,3321.21,3319.97,3321.21,211.0
2025-07-01 07:00:00,3321.2,3321.8,3320.57,3320.7,263.0
2025-07-01 07:05:00,3320.7,3320.78,3318.99,3319.17,258.0
2025-07-01 07:10:00,3319.22,3322.53,3319.22,3321.47,260.0
2025-07-01 07:15:00,3321.46,3323.05,3321.23,3322.94,199.0
2025-07-01 07:20:00,3322.99,3323.04,3322.43,3322.85,232.0
2025-07-01 07:25:00,3323.01,3323.01,3322.28,3322.81,191.0
2025-07-01 07:30:00,3322.77,3322.9,3322.03,3322.83,190.0
2025-07-01 07:35:00,3322.82,3322.98,3322.23,3322.52,194.0
2025-07-01 07:40:00,3322.53,3322.98,3322.44,3322.85,154.0
2025-07-01 07:45:00,3322.88,3322.93,3322.36,3322.67,177.0
2025-07-01 07:50:00,3322.63,3322.92,3322.04,3322.52,184.0
2025-07-01 07:55:00,3322.48,3323.02,3322.38,3322.93,169.0
2025-07-01 08:00:00,3322.95,3325.25,3322.91,3324.42,262.0
2025-07-01 08:05:00,3324.41,3325.76,3323.96,3324.79,283.0
2025-07-01 08:10:00,3324.82,3328.65,3324.64,3328.34,265.0
2025-07-01 08:15:00,3328.23,3329.41,3327.76,3328.54,262.0
2025-07-01 08:20:00,3328.59,3329.73,3328.31,3329.4,247.0
2025-07-01 08:25:00,3329.41,3330.08,3329.33,3329.54,213.0
2025-07-01 08:30:00,3329.55,3331.55,3328.85,3331.54,335.0
2025-07-01 08:35:00,3331.51,3332.25,3330.75,3330.77,311.0
2025-07-01 08:40:00,3330.87,3331.34,3328.72,3329.79,330.0
2025-07-01 08:45:00,3330.07,3331.33,3329.45,3329.68,264.0
2025-07-01 08:50:00,3329.73,3330.14,3328.33,3328.67,319.0
2025-07-01 08:55:00,3328.7,3329.94,3328.46,3328.78,336.0
2025-07-01 09:00:00,3328.88,3330.54,3328.41,3328.47,318.0
2025-07-01 09:05:00,3328.49,3329.08,3326.78,3328.37,337.0
2025-07-01 09:10:00,3328.36,3328.59,3327.66,3327.96,249.0
2025-07-01 09:15:00,3327.98,3328.56,3327.78,3327.93,236.0
2025-07-01 09:20:00,3327.89,3328.04,3325.11,3327.21,323.0
2025-07-01 09:25:00,3327.27,3329.57,3327.27,3328.19,283.0
2025-07-01 09:30:00,3328.17,3329.18,3327.35,3328.47,270.0
2025-07-01 09:35:00,3328.49,3330.24,3327.66,3330.22,310.0
2025-07-01 09:40:00,3330.17,3332.59,3329.85,3332.12,298.0
2025-07-01 09:45:00,3332.11,3333.82,3331.92,3333.25,333.0
2025-07-01 09:50:00,3333.27,3334.51,3331.58,3331.59,325.0
2025-07-01 09:55:00,3331.75,3332.41,3330.67,3331.34,337.0
2025-07-01 10:00:00,3331.48,3332.01,3330.77,3331.61,297.0
2025-07-01 10:05:00,3331.59,3334.01,3330.97,3334.01,341.0
2025-07-01 10:10:00,3333.98,3337.23,3333.69,3336.31,373.0
2025-07-01 10:15:00,3336.35,3338.8,3335.95,3337.45,365.0
2025-07-01 10:20:00,3337.59,3338.79,3335.53,3335.79,321.0
2025-07-01 10:25:00,3335.78,3338.69,3335.59,3338.62,302.0
2025-07-01 10:30:00,3338.66,3339.81,3335.64,3336.31,387.0
2025-07-01 10:35:00,3336.32,3336.37,3334.21,3335.98,326.0
2025-07-01 10:40:00,3335.62,3337.79,3333.5,3337.79,388.0
2025-07-01 10:45:00,3337.69,3338.08,3336.66,3337.5,286.0
2025-07-01 10:50:00,3337.53,3339.53,3336.81,3339.4,283.0
2025-07-01 10:55:00,3339.35,3339.89,3337.89,3339.55,307.0
2025-07-01 11:00:00,3339.49,3342.07,3338.86,3341.52,354.0
2025-07-01 11:05:00,3341.5,3342.09,3340.38,3340.68,287.0
2025-07-01 11:10:00,3340.7,3340.7,3337.79,3337.9,280.0
2025-07-01 11:15:00,3337.84,3339.78,3336.84,3338.16,312.0
2025-07-01 11:20:00,3338.23,3340.17,3338.13,3340.12,258.0
2025-07-01 11:25:00,3340.11,3340.23,3339.1,3339.69,244.0
2025-07-01 11:30:00,3339.7,3341.04,3339.18,3340.03,245.0
2025-07-01 11:35:00,3340.0,3342.28,3338.51,3340.21,295.0
2025-07-01 11:40:00,3340.23,3340.85,3338.85,3338.89,285.0
2025-07-01 11:45:00,3338.87,3339.3,3337.49,3338.94,309.0
2025-07-01 11:50:00,3338.95,3340.23,3338.4,3339.78,300.0
2025-07-01 11:55:00,3339.76,3340.62,3338.77,3339.49,236.0
2025-07-01 12:00:00,3339.53,3339.54,3338.2,3338.34,279.0
2025-07-01 12:05:00,3338.33,3339.14,3338.21,3339.1,252.0
2025-07-01 12:10:00,3339.09,3340.27,3338.68,3340.27,255.0
2025-07-01 12:15:00,3340.2,3340.79,3339.39,3340.32,279.0
2025-07-01 12:20:00,3340.43,3342.8,3340.3,3342.74,322.0
2025-07-01 12:25:00,3342.72,3344.92,3342.6,3342.89,338.0
2025-07-01 12:30:00,3342.96,3344.5,3342.73,3344.32,343.0
2025-07-01 12:35:00,3344.31,3345.26,3343.54,3344.39,317.0
2025-07-01 12:40:00,3344.5,3346.07,3344.4,3345.92,289.0
2025-07-01 12:45:00,3345.94,3345.98,3344.88,3345.85,284.0
2025-07-01 12:50:00,3345.79,3348.03,3345.06,3347.83,313.0
2025-07-01 12:55:00,3347.81,3347.97,3344.94,3345.75,311.0
2025-07-01 13:00:00,3345.81,3346.87,3344.6,3346.58,284.0
2025-07-01 13:05:00,3346.59,3347.42,3344.43,3345.59,297.0
2025-07-01 13:10:00,3345.66,3348.26,3345.44,3347.46,278.0
2025-07-01 13:15:00,3347.43,3348.61,3346.7,3347.39,296.0
2025-07-01 13:20:00,3347.38,3348.46,3346.72,3347.85,248.0
2025-07-01 13:25:00,3347.89,3347.99,3346.52,3346.78,272.0
2025-07-01 13:30:00,3346.77,3347.17,3346.51,3346.59,227.0
2025-07-01 13:35:00,3346.6,3347.19,3345.61,3345.61,249.0
2025-07-01 13:40:00,3345.63,3347.69,3345.21,3347.69,282.0
2025-07-01 13:45:00,3347.61,3349.13,3347.05,3348.54,278.0
2025-07-01 13:50:00,3348.56,3349.5,3348.1,3348.84,282.0
2025-07-01 13:55:00,3348.91,3349.67,3348.53,3348.68,271.0
2025-07-01 14:00:00,3348.66,3352.15,3348.4,3351.72,319.0
2025-07-01 14:05:00,3351.65,3352.29,3348.61,3349.51,372.0
2025-07-01 14:10:00,3350.1,3351.68,3349.36,3350.74,305.0
2025-07-01 14:15:00,3350.85,3351.3,3349.22,3350.02,289.0
2025-07-01 14:20:00,3350.05,3351.76,3349.04,3351.63,299.0
2025-07-01 14:25:00,3351.66,3352.28,3350.95,3351.81,298.0
2025-07-01 14:30:00,3351.85,3352.92,3349.67,3349.67,297.0
2025-07-01 14:35:00,3349.57,3349.57,3347.08,3348.57,348.0
2025-07-01 14:40:00,3348.56,3349.42,3347.95,3348.59,305.0
2025-07-01 14:45:00,3348.57,3349.99,3348.25,3349.83,266.0
2025-07-01 14:50:00,3349.85,3350.71,3348.81,3349.03,311.0
2025-07-01 14:55:00,3349.11,3350.79,3348.67,3349.03,292.0
2025-07-01 15:00:00,3349.1,3350.38,3348.99,3349.36,315.0
2025-07-01 15:05:00,3349.47,3350.16,3348.29,3349.96,285.0
2025-07-01 15:10:00,3349.94,3350.6,3348.95,3350.55,312.0
2025-07-01 15:15:00,3350.55,3352.62,3350.54,3352.56,328.0
2025-07-01 15:20:00,3352.77,3357.14,3352.77,3353.71,420.0
2025-07-01 15:25:00,3353.66,3354.4,3351.7,3352.18,342.0
2025-07-01 15:30:00,3352.2,3354.64,3350.04,3354.48,380.0
2025-07-01 15:35:00,3354.55,3355.57,3352.71,3353.5,372.0
2025-07-01 15:40:00,3353.61,3357.92,3353.14,3355.9,378.0
2025-07-01 15:45:00,3355.9,3356.69,3352.23,3354.59,352.0
2025-07-01 15:50:00,3354.9,3357.85,3354.72,3356.91,352.0
2025-07-01 15:55:00,3356.81,3357.36,3354.29,3354.51,339.0
2025-07-01 16:00:00,3354.6,3355.55,3352.18,3352.43,432.0
2025-07-01 16:05:00,3352.33,3352.54,3348.71,3348.71,364.0
2025-07-01 16:10:00,3348.74,3349.82,3347.76,3347.82,383.0
2025-07-01 16:15:00,3347.72,3349.07,3346.08,3348.36,409.0
2025-07-01 16:20:00,3348.41,3349.13,3347.11,3347.74,361.0
2025-07-01 16:25:00,3347.72,3350.22,3347.48,3349.7,302.0
2025-07-01 16:30:00,3349.57,3349.57,3345.7,3346.53,383.0
2025-07-01 16:35:00,3346.59,3350.48,3345.66,3346.85,422.0
2025-07-01 16:40:00,3346.51,3348.23,3346.31,3347.19,367.0
2025-07-01 16:45:00,3346.99,3350.32,3344.56,3349.01,437.0
2025-07-01 16:50:00,3348.88,3350.68,3345.88,3349.68,426.0
2025-07-01 16:55:00,3349.48,3352.57,3349.06,3351.18,372.0
2025-07-01 17:00:00,3350.8,3352.06,3347.6,3351.95,444.0
2025-07-01 17:05:00,3352.0,3354.37,3349.67,3349.98,410.0
2025-07-01 17:10:00,3350.02,3351.2,3348.19,3349.02,400.0
2025-07-01 17:15:00,3349.18,3350.31,3347.44,3348.52,386.0
2025-07-01 17:20:00,3348.57,3351.52,3348.02,3349.98,345.0
2025-07-01 17:25:00,3350.23,3352.63,3350.16,3351.59,379.0
2025-07-01 17:30:00,3351.66,3352.57,3351.0,3351.07,354.0
2025-07-01 17:35:00,3351.06,3351.51,3349.51,3351.18,371.0
2025-07-01 17:40:00,3351.39,3351.63,3346.13,3347.17,412.0
2025-07-01 17:45:00,3347.19,3347.49,3345.4,3346.74,371.0
2025-07-01 17:50:00,3346.71,3347.29,3343.74,3344.04,380.0
2025-07-01 17:55:00,3344.5,3345.86,3343.66,3345.67,378.0
2025-07-01 18:00:00,3345.73,3346.57,3342.65,3343.3,371.0
2025-07-01 18:05:00,3343.39,3346.39,3342.93,3346.05,346.0
2025-07-01 18:10:00,3346.01,3346.4,3342.39,3342.54,370.0
2025-07-01 18:15:00,3342.51,3343.22,3339.0,3343.08,430.0
2025-07-01 18:20:00,3342.9,3343.07,3340.64,3341.66,367.0
2025-07-01 18:25:00,3341.73,3341.78,3338.91,3340.52,363.0
2025-07-01 18:30:00,3340.6,3342.63,3339.82,3340.97,399.0
2025-07-01 18:35:00,3341.08,3341.43,3339.62,3340.66,340.0
2025-07-01 18:40:00,3340.67,3341.9,3340.66,3341.68,318.0
2025-07-01 18:45:00,3341.59,3342.31,3339.69,3341.47,310.0
2025-07-01 18:50:00,3341.35,3341.35,3337.87,3338.17,318.0
2025-07-01 18:55:00,3338.24,3340.46,3337.07,3340.24,389.0
2025-07-01 19:00:00,3340.25,3342.02,3339.7,3340.09,320.0
2025-07-01 19:05:00,3340.1,3341.32,3339.79,3340.89,291.0
2025-07-01 19:10:00,3340.66,3341.39,3339.72,3341.34,323.0
2025-07-01 19:15:00,3341.31,3342.28,3340.89,3341.22,343.0
2025-07-01 19:20:00,3341.26,3341.33,3338.43,3338.68,310.0
2025-07-01 19:25:00,3338.65,3338.65,3337.72,3338.3,280.0
2025-07-01 19:30:00,3338.27,3341.84,3337.61,3341.84,327.0
2025-07-01 19:35:00,3341.79,3343.11,3341.38,3343.11,312.0
2025-07-01 19:40:00,3343.24,3343.49,3341.77,3342.97,323.0
2025-07-01 19:45:00,3343.07,3343.34,3342.03,3342.87,282.0
2025-07-01 19:50:00,3342.84,3342.98,3340.45,3340.6,273.0
2025-07-01 19:55:00,3340.53,3341.96,3340.07,3341.75,313.0
2025-07-01 20:00:00,3341.75,3342.18,3339.82,3341.98,330.0
2025-07-01 20:05:00,3341.91,3342.11,3339.51,3340.06,268.0
2025-07-01 20:10:00,3340.16,3340.16,3339.0,3339.8,304.0
2025-07-01 20:15:00,3339.72,3340.3,3337.03,3337.69,335.0
2025-07-01 20:20:00,3337.7,3338.72,3337.2,3337.44,301.0
2025-07-01 20:25:00,3337.42,3338.1,3336.99,3337.56,315.0
2025-07-01 20:30:00,3338.16,3338.76,3337.38,3337.53,305.0
2025-07-01 20:35:00,3337.54,3338.32,3337.14,3337.56,249.0
2025-07-01 20:40:00,3337.57,3338.87,3337.45,3338.63,225.0
2025-07-01 20:45:00,3338.64,3339.71,3338.21,3339.59,253.0
2025-07-01 20:50:00,3339.64,3340.87,3339.52,3339.93,282.0
2025-07-01 20:55:00,3339.9,3340.22,3339.16,3339.73,268.0
2025-07-01 21:00:00,3339.67,3339.84,3338.86,3339.75,256.0
2025-07-01 21:05:00,3339.74,3339.83,3338.29,3339.1,244.0
2025-07-01 21:10:00,3339.28,3339.43,3337.56,3338.31,251.0
2025-07-01 21:15:00,3338.29,3338.65,3337.92,3337.95,262.0
2025-07-01 21:20:00,3338.17,3338.65,3337.72,3338.48,229.0
2025-07-01 21:25:00,3338.52,3338.82,3337.94,3338.0,256.0
2025-07-01 21:30:00,3337.94,3339.02,3337.45,3338.28,224.0
2025-07-01 21:35:00,3337.86,3338.37,3337.42,3338.26,187.0
2025-07-01 21:40:00,3338.27,3338.27,3337.29,3338.1,233.0
2025-07-01 21:45:00,3338.08,3338.18,3336.93,3337.31,190.0
2025-07-01 21:50:00,3337.29,3338.5,3337.29,3338.15,205.0
2025-07-01 21:55:00,3338.2,3338.44,3336.86,3337.94,231.0
2025-07-01 22:00:00,3337.96,3338.16,3336.9,3336.95,266.0
2025-07-01 22:05:00,3336.96,3338.77,3336.89,3338.73,226.0
2025-07-01 22:10:00,3338.69,3339.86,3338.25,3339.2,273.0
2025-07-01 22:15:00,3339.16,3340.02,3339.08,3339.85,293.0
2025-07-01 22:20:00,3339.88,3339.92,3338.71,3338.86,252.0
2025-07-01 22:25:00,3338.85,3338.94,3337.49,3338.28,254.0
2025-07-01 22:30:00,3338.39,3338.81,3338.09,3338.61,251.0
2025-07-01 22:35:00,3338.71,3338.92,3337.72,3337.93,230.0
2025-07-01 22:40:00,3337.98,3337.98,3337.27,3337.77,270.0
2025-07-01 22:45:00,3337.9,3338.84,3337.72,3338.59,294.0
2025-07-01 22:50:00,3338.58,3338.88,3337.64,3337.9,288.0
2025-07-01 22:55:00,3337.94,3338.92,3337.84,3338.06,320.0
2025-07-01 23:00:00,3337.83,3337.85,3337.07,3337.79,165.0
2025-07-01 23:05:00,3337.77,3338.56,3337.21,3337.21,124.0
2025-07-01 23:10:00,3336.97,3337.9,3336.92,3337.5,95.0
2025-07-01 23:15:00,3337.52,3337.9,3336.93,3337.8,124.0
2025-07-01 23:20:00,3337.82,3338.64,3337.62,3338.37,134.0
2025-07-01 23:25:00,3338.38,3338.57,3337.12,3338.04,172.0
2025-07-01 23:30:00,3338.08,3339.13,3337.99,3338.83,115.0
2025-07-01 23:35:00,3338.75,3339.78,3338.47,3339.32,135.0
2025-07-01 23:40:00,3339.38,3340.38,3339.32,3340.3,145.0
2025-07-01 23:45:00,3340.24,3340.26,3339.34,3339.57,159.0
2025-07-01 23:50:00,3339.51,3339.79,3338.85,3339.14,124.0
2025-07-01 23:55:00,3339.02,3339.26,3338.74,3338.78,70.0
2025-07-02 01:00:00,3338.98,3340.03,3336.7,3340.03,259.0
2025-07-02 01:05:00,3340.54,3340.82,3337.87,3338.02,212.0
2025-07-02 01:10:00,3338.05,3339.65,3336.89,3338.85,196.0
2025-07-02 01:15:00,3338.82,3339.46,3338.17,3339.43,116.0
2025-07-02 01:20:00,3339.44,3341.85,3339.35,3341.31,216.0
2025-07-02 01:25:00,3341.36,3343.34,3341.25,3342.27,246.0
2025-07-02 01:30:00,3342.29,3343.7,3342.19,3342.36,249.0
2025-07-02 01:35:00,3342.37,3343.76,3342.04,3342.77,178.0
2025-07-02 01:40:00,3342.78,3343.36,3342.0,3343.14,194.0
2025-07-02 01:45:00,3342.96,3343.26,3342.02,3342.29,135.0
2025-07-02 01:50:00,3342.28,3342.7,3341.69,3342.26,188.0
2025-07-02 01:55:00,3342.21,3342.53,3340.92,3341.55,184.0
2025-07-02 02:00:00,3341.77,3341.8,3337.19,3337.3,275.0
2025-07-02 02:05:00,3337.38,3339.11,3337.24,3338.19,248.0
2025-07-02 02:10:00,3338.18,3339.32,3338.17,3339.27,143.0
2025-07-02 02:15:00,3339.12,3340.0,3338.7,3338.97,169.0
2025-07-02 02:20:00,3338.88,3339.41,3338.37,3339.14,155.0
2025-07-02 02:25:00,3339.15,3340.21,3338.96,3340.17,131.0
2025-07-02 02:30:00,3340.27,3341.46,3339.85,3340.11,207.0
2025-07-02 02:35:00,3340.11,3340.3,3339.29,3339.4,161.0
2025-07-02 02:40:00,3339.46,3340.38,3338.4,3338.72,196.0
2025-07-02 02:45:00,3338.71,3338.84,3337.32,3338.14,220.0
2025-07-02 02:50:00,3338.24,3339.12,3336.83,3338.93,178.0
2025-07-02 02:55:00,3338.94,3338.97,3337.74,3338.1,200.0
2025-07-02 03:00:00,3338.12,3338.43,3334.89,3336.93,289.0
2025-07-02 03:05:00,3336.94,3342.93,3335.04,3342.48,350.0
2025-07-02 03:10:00,3342.4,3344.9,3340.82,3343.3,342.0
2025-07-02 03:15:00,3343.46,3344.32,3340.4,3340.86,284.0
2025-07-02 03:20:00,3340.85,3342.06,3340.5,3340.88,221.0
2025-07-02 03:25:00,3340.87,3341.14,3337.72,3339.15,277.0
2025-07-02 03:30:00,3339.23,3339.73,3337.58,3338.74,225.0
2025-07-02 03:35:00,3338.73,3339.62,3336.48,3336.76,284.0
2025-07-02 03:40:00,3336.85,3337.88,3335.94,3336.76,246.0
2025-07-02 03:45:00,3336.66,3338.46,3336.66,3338.4,251.0
2025-07-02 03:50:00,3338.41,3338.81,3337.24,3338.37,266.0
2025-07-02 03:55:00,3338.41,3339.01,3337.38,3338.93,259.0
2025-07-02 04:00:00,3339.0,3342.79,3339.0,3342.35,365.0
2025-07-02 04:05:00,3342.34,3342.89,3339.21,3339.67,322.0
2025-07-02 04:10:00,3339.63,3339.64,3335.16,3335.64,342.0
2025-07-02 04:15:00,3335.49,3337.67,3335.3,3337.12,330.0
2025-07-02 04:20:00,3337.2,3337.27,3334.19,3334.41,323.0
2025-07-02 04:25:00,3334.22,3335.55,3332.26,3335.17,300.0
2025-07-02 04:30:00,3335.18,3335.84,3333.19,3333.83,270.0
2025-07-02 04:35:00,3334.09,3334.96,3332.1,3332.26,302.0
2025-07-02 04:40:00,3332.21,3333.37,3330.99,3333.29,312.0
2025-07-02 04:45:00,3333.3,3333.53,3331.76,3332.38,257.0
2025-07-02 04:50:00,3332.28,3332.95,3331.05,3332.18,264.0
2025-07-02 04:55:00,3332.14,3332.52,3331.03,3332.22,244.0
2025-07-02 05:00:00,3332.17,3333.33,3329.03,3331.13,328.0
2025-07-02 05:05:00,3331.09,3332.67,3328.88,3332.2,320.0
2025-07-02 05:10:00,3332.16,3332.47,3329.19,3330.22,304.0
2025-07-02 05:15:00,3330.14,3331.55,3329.22,3330.27,252.0
2025-07-02 05:20:00,3330.26,3331.68,3329.77,3331.16,243.0
2025-07-02 05:25:00,3331.26,3331.5,3329.37,3330.87,252.0
2025-07-02 05:30:00,3331.25,3331.68,3330.13,3331.67,274.0
2025-07-02 05:35:00,3331.69,3333.06,3331.53,3332.49,273.0
2025-07-02 05:40:00,3332.52,3333.96,3331.62,3333.61,262.0
2025-07-02 05:45:00,3333.5,3335.45,3333.5,3335.36,274.0
2025-07-02 05:50:00,3335.38,3337.39,3334.78,3337.12,279.0
2025-07-02 05:55:00,3337.11,3338.13,3336.52,3336.73,285.0
2025-07-02 06:00:00,3336.96,3337.18,3334.94,3336.9,269.0
2025-07-02 06:05:00,3337.0,3337.66,3336.27,3337.1,250.0
2025-07-02 06:10:00,3337.2,3338.35,3337.2,3337.68,248.0
2025-07-02 06:15:00,3337.67,3338.77,3336.56,3338.06,237.0
2025-07-02 06:20:00,3338.05,3340.39,3337.71,3339.76,296.0
2025-07-02 06:25:00,3339.78,3340.41,3339.19,3339.38,288.0
2025-07-02 06:30:00,3339.45,3339.72,3338.51,3339.32,247.0
2025-07-02 06:35:00,3339.57,3339.62,3338.84,3339.24,176.0
2025-07-02 06:40:00,3339.21,3340.07,3338.91,3339.72,219.0
2025-07-02 06:45:00,3339.64,3341.04,3337.86,3340.92,282.0
2025-07-02 06:50:00,3341.1,3342.06,3339.78,3340.83,253.0
2025-07-02 06:55:00,3340.84,3340.84,3339.7,3339.97,208.0
2025-07-02 07:00:00,3339.95,3341.09,3339.5,3341.08,190.0
2025-07-02 07:05:00,3340.99,3342.0,3340.2,3340.48,222.0
2025-07-02 07:10:00,3340.54,3341.08,3339.99,3340.03,162.0
2025-07-02 07:15:00,3340.02,3341.39,3339.68,3341.25,225.0
2025-07-02 07:20:00,3341.1,3341.2,3340.04,3340.36,185.0
2025-07-02 07:25:00,3340.39,3340.41,3339.86,3339.98,150.0
2025-07-02 07:30:00,3339.96,3340.38,3339.78,3340.04,167.0
2025-07-02 07:35:00,3340.03,3340.65,3339.93,3340.26,160.0
2025-07-02 07:40:00,3340.28,3340.71,3339.75,3340.05,159.0
2025-07-02 07:45:00,3340.06,3341.21,3339.64,3340.99,157.0
2025-07-02 07:50:00,3340.84,3341.43,3340.24,3340.96,196.0
2025-07-02 07:55:00,3340.98,3341.11,3340.08,3340.11,194.0
2025-07-02 08:00:00,3340.08,3340.41,3339.56,3339.98,192.0
2025-07-02 08:05:00,3340.04,3340.79,3339.3,3339.58,203.0
2025-07-02 08:10:00,3339.6,3340.25,3338.25,3340.15,232.0
2025-07-02 08:15:00,3340.21,3342.24,3339.77,3342.07,222.0
2025-07-02 08:20:00,3341.92,3343.31,3340.65,3342.05,255.0
2025-07-02 08:25:00,3342.03,3343.05,3341.61,3342.89,261.0
2025-07-02 08:30:00,3343.15,3343.86,3339.54,3340.05,331.0
2025-07-02 08:35:00,3339.95,3340.34,3336.6,3338.31,332.0
2025-07-02 08:40:00,3338.35,3338.65,3337.02,3337.38,263.0
2025-07-02 08:45:00,3337.38,3338.23,3336.9,3337.71,233.0
2025-07-02 08:50:00,3337.32,3338.23,3337.03,3337.77,241.0
2025-07-02 08:55:00,3337.97,3338.95,3337.52,3338.74,251.0
2025-07-02 09:00:00,3338.83,3339.3,3336.82,3337.01,286.0
2025-07-02 09:05:00,3337.02,3338.54,3336.81,3337.86,248.0
2025-07-02 09:10:00,3337.8,3338.56,3337.02,3337.26,258.0
2025-07-02 09:15:00,3337.27,3337.69,3334.75,3335.96,297.0
2025-07-02 09:20:00,3336.0,3336.0,3333.27,3334.63,308.0
2025-07-02 09:25:00,3334.59,3336.25,3334.07,3335.77,286.0
2025-07-02 09:30:00,3335.74,3335.74,3334.13,3334.45,250.0
2025-07-02 09:35:00,3334.46,3335.39,3333.59,3333.91,296.0
2025-07-02 09:40:00,3333.92,3334.12,3332.15,3332.99,300.0
2025-07-02 09:45:00,3333.04,3333.13,3331.03,3331.73,302.0
2025-07-02 09:50:00,3331.82,3331.82,3329.88,3331.46,282.0
2025-07-02 09:55:00,3331.49,3333.73,3330.78,3333.41,290.0
2025-07-02 10:00:00,3333.13,3333.13,3330.31,3330.52,320.0
2025-07-02 10:05:00,3330.5,3331.05,3329.18,3329.55,282.0
2025-07-02 10:10:00,3329.55,3332.48,3328.03,3331.7,316.0
2025-07-02 10:15:00,3331.84,3331.93,3329.88,3329.94,257.0
2025-07-02 10:20:00,3329.98,3330.53,3327.74,3328.99,309.0
2025-07-02 10:25:00,3328.95,3330.28,3327.61,3330.08,318.0
2025-07-02 10:30:00,3330.1,3331.46,3328.47,3328.7,344.0
2025-07-02 10:35:00,3328.71,3329.23,3328.38,3328.75,273.0
2025-07-02 10:40:00,3328.71,3330.57,3327.94,3329.88,276.0
2025-07-02 10:45:00,3329.89,3336.72,3329.88,3336.33,323.0
2025-07-02 10:50:00,3336.35,3336.53,3335.26,3335.76,302.0
2025-07-02 10:55:00,3335.76,3335.98,3334.05,3334.63,287.0
2025-07-02 11:00:00,3334.5,3334.59,3333.02,3334.13,288.0
2025-07-02 11:05:00,3334.32,3334.86,3333.45,3334.4,220.0
2025-07-02 11:10:00,3334.73,3335.88,3334.1,3335.6,251.0
2025-07-02 11:15:00,3335.65,3337.65,3335.36,3337.42,262.0
2025-07-02 11:20:00,3337.46,3337.77,3335.65,3336.3,253.0
2025-07-02 11:25:00,3336.29,3336.9,3335.66,3336.72,235.0
2025-07-02 11:30:00,3336.73,3337.36,3336.25,3337.08,234.0
2025-07-02 11:35:00,3337.09,3337.97,3336.6,3337.58,207.0
2025-07-02 11:40:00,3337.6,3337.6,3335.08,3336.28,233.0
2025-07-02 11:45:00,3336.3,3337.29,3334.96,3335.6,317.0
2025-07-02 11:50:00,3335.61,3335.86,3333.54,3334.09,281.0
2025-07-02 11:55:00,3334.17,3334.75,3332.93,3333.59,247.0
2025-07-02 12:00:00,3333.52,3334.82,3333.08,3334.49,245.0
2025-07-02 12:05:00,3334.53,3335.89,3333.86,3335.15,235.0
2025-07-02 12:10:00,3335.19,3336.54,3334.87,3336.39,290.0
2025-07-02 12:15:00,3336.42,3339.02,3336.38,3337.61,333.0
2025-07-02 12:20:00,3337.57,3339.21,3337.57,3338.91,300.0
2025-07-02 12:25:00,3338.84,3339.38,3338.22,3339.04,260.0
2025-07-02 12:30:00,3339.03,3340.99,3338.01,3340.95,302.0
2025-07-02 12:35:00,3340.95,3341.66,3338.54,3341.05,352.0
2025-07-02 12:40:00,3341.11,3341.37,3339.48,3339.49,210.0
2025-07-02 12:45:00,3339.5,3340.8,3338.95,3340.68,197.0
2025-07-02 12:50:00,3340.73,3341.23,3340.56,3340.72,204.0
2025-07-02 12:55:00,3340.66,3342.12,3340.19,3341.67,250.0
2025-07-02 13:00:00,3341.65,3343.1,3341.65,3343.07,250.0
2025-07-02 13:05:00,3343.04,3344.29,3342.45,3343.31,268.0
2025-07-02 13:10:00,3343.27,3344.57,3341.9,3341.96,255.0
2025-07-02 13:15:00,3341.88,3341.91,3340.63,3340.73,215.0
2025-07-02 13:20:00,3340.78,3341.83,3340.7,3341.58,194.0
2025-07-02 13:25:00,3341.65,3343.21,3341.53,3343.2,217.0
2025-07-02 13:30:00,3343.2,3344.36,3342.8,3343.32,233.0
2025-07-02 13:35:00,3343.34,3345.03,3343.25,3344.84,221.0
2025-07-02 13:40:00,3344.81,3345.19,3343.72,3343.72,200.0
2025-07-02 13:45:00,3343.73,3344.83,3343.51,3344.11,204.0
2025-07-02 13:50:00,3344.12,3344.32,3343.22,3344.28,196.0
2025-07-02 13:55:00,3344.37,3345.61,3344.03,3344.35,224.0
2025-07-02 14:00:00,3344.38,3347.72,3344.08,3346.69,293.0
2025-07-02 14:05:00,3346.75,3346.92,3344.42,3344.68,287.0
2025-07-02 14:10:00,3344.84,3345.62,3344.65,3344.93,223.0
2025-07-02 14:15:00,3344.94,3345.11,3341.7,3342.06,283.0
2025-07-02 14:20:00,3342.14,3344.88,3342.04,3344.68,263.0
2025-07-02 14:25:00,3344.55,3344.87,3343.82,3344.03,229.0
2025-07-02 14:30:00,3343.99,3344.89,3342.99,3343.06,249.0
2025-07-02 14:35:00,3343.1,3343.65,3342.75,3343.25,222.0
2025-07-02 14:40:00,3343.3,3343.46,3341.62,3342.44,235.0
2025-07-02 14:45:00,3342.4,3342.4,3340.15,3340.42,282.0
2025-07-02 14:50:00,3340.39,3341.53,3339.83,3341.45,251.0
2025-07-02 14:55:00,3341.44,3342.36,3340.4,3342.21,279.0
2025-07-02 15:00:00,3342.2,3343.05,3341.12,3342.07,319.0
2025-07-02 15:05:00,3342.01,3342.75,3340.69,3340.69,272.0
2025-07-02 15:10:00,3340.78,3340.97,3338.05,3338.2,277.0
2025-07-02 15:15:00,3338.06,3348.85,3337.75,3346.72,443.0
2025-07-02 15:20:00,3347.33,3350.38,3347.19,3348.98,428.0
2025-07-02 15:25:00,3349.42,3349.77,3346.09,3346.56,391.0
2025-07-02 15:30:00,3346.53,3346.66,3342.94,3344.25,380.0
2025-07-02 15:35:00,3344.08,3347.46,3344.08,3346.67,371.0
2025-07-02 15:40:00,3346.91,3349.22,3346.15,3347.87,359.0
2025-07-02 15:45:00,3347.88,3350.52,3346.53,3350.45,359.0
2025-07-02 15:50:00,3350.46,3351.12,3348.83,3350.47,345.0
2025-07-02 15:55:00,3350.39,3350.39,3346.36,3346.64,334.0
2025-07-02 16:00:00,3346.54,3346.54,3342.23,3344.02,429.0
2025-07-02 16:05:00,3343.96,3346.35,3342.08,3346.19,369.0
2025-07-02 16:10:00,3346.12,3346.54,3342.97,3344.79,352.0
2025-07-02 16:15:00,3344.74,3344.74,3341.81,3343.3,351.0
2025-07-02 16:20:00,3343.3,3344.04,3341.41,3342.26,323.0
2025-07-02 16:25:00,3342.19,3345.67,3342.16,3344.96,311.0
2025-07-02 16:30:00,3344.95,3345.5,3341.98,3343.49,369.0
2025-07-02 16:35:00,3343.49,3343.69,3339.38,3339.99,396.0
2025-07-02 16:40:00,3340.11,3344.37,3340.11,3343.9,382.0
2025-07-02 16:45:00,3343.91,3344.07,3336.11,3337.34,413.0
2025-07-02 16:50:00,3337.28,3338.66,3335.79,3336.51,382.0
2025-07-02 16:55:00,3336.26,3337.54,3334.96,3337.44,375.0
2025-07-02 17:00:00,3337.66,3338.47,3335.37,3336.65,374.0
2025-07-02 17:05:00,3336.62,3337.46,3334.36,3335.62,340.0
2025-07-02 17:10:00,3335.64,3336.74,3334.54,3334.73,315.0
2025-07-02 17:15:00,3334.77,3336.14,3333.89,3336.13,361.0
2025-07-02 17:20:00,3336.56,3338.12,3335.51,3337.89,340.0
2025-07-02 17:25:00,3337.9,3339.5,3336.88,3337.86,339.0
2025-07-02 17:30:00,3337.97,3339.44,3337.03,3338.14,321.0
2025-07-02 17:35:00,3338.19,3339.46,3337.86,3339.13,309.0
2025-07-02 17:40:00,3339.21,3340.62,3337.08,3340.46,317.0
2025-07-02 17:45:00,3340.46,3342.5,3339.08,3340.18,341.0
2025-07-02 17:50:00,3340.16,3342.44,3339.22,3342.08,339.0
2025-07-02 17:55:00,3342.08,3343.53,3341.36,3342.98,340.0
2025-07-02 18:00:00,3342.99,3343.44,3342.62,3342.83,312.0
2025-07-02 18:05:00,3342.81,3343.7,3340.63,3341.69,293.0
2025-07-02 18:10:00,3341.62,3343.49,3340.34,3342.64,344.0
2025-07-02 18:15:00,3342.42,3343.28,3338.73,3341.82,394.0
2025-07-02 18:20:00,3341.72,3342.12,3339.95,3340.09,315.0
2025-07-02 18:25:00,3340.16,3342.12,3338.81,3342.02,313.0
2025-07-02 18:30:00,3342.03,3342.66,3341.59,3342.18,291.0
2025-07-02 18:35:00,3342.21,3343.25,3342.09,3342.6,304.0
2025-07-02 18:40:00,3342.58,3342.73,3340.22,3341.4,287.0
2025-07-02 18:45:00,3341.37,3342.57,3340.24,3341.8,286.0
2025-07-02 18:50:00,3341.81,3343.19,3340.48,3340.61,326.0
2025-07-02 18:55:00,3340.48,3341.15,3339.74,3340.82,265.0
2025-07-02 19:00:00,3340.98,3344.3,3340.95,3344.21,291.0
2025-07-02 19:05:00,3344.34,3347.19,3343.76,3346.77,324.0
2025-07-02 19:10:00,3346.69,3347.17,3345.33,3346.13,293.0
2025-07-02 19:15:00,3346.16,3348.13,3346.09,3347.18,319.0
2025-07-02 19:20:00,3347.13,3348.02,3346.53,3346.73,302.0
2025-07-02 19:25:00,3346.68,3346.76,3345.7,3345.88,256.0
2025-07-02 19:30:00,3345.85,3346.97,3345.47,3345.51,278.0
2025-07-02 19:35:00,3345.48,3347.13,3344.25,3347.08,262.0
2025-07-02 19:40:00,3347.1,3348.14,3346.84,3347.3,275.0
2025-07-02 19:45:00,3347.15,3348.44,3346.83,3348.14,289.0
2025-07-02 19:50:00,3348.2,3348.36,3346.92,3347.63,285.0
2025-07-02 19:55:00,3347.59,3349.19,3347.59,3348.65,278.0
2025-07-02 20:00:00,3348.41,3350.07,3348.41,3349.69,281.0
2025-07-02 20:05:00,3349.74,3350.46,3349.04,3349.08,287.0
2025-07-02 20:10:00,3349.08,3349.55,3348.09,3348.3,206.0
2025-07-02 20:15:00,3348.31,3349.12,3348.31,3349.12,176.0
2025-07-02 20:20:00,3349.06,3349.21,3348.34,3348.88,256.0
2025-07-02 20:25:00,3348.99,3349.05,3347.4,3348.97,273.0
2025-07-02 20:30:00,3348.8,3349.68,3347.57,3347.96,268.0
2025-07-02 20:35:00,3347.97,3348.83,3347.97,3348.56,161.0
2025-07-02 20:40:00,3348.54,3348.91,3348.14,3348.32,209.0
2025-07-02 20:45:00,3348.26,3349.13,3347.55,3348.84,222.0
2025-07-02 20:50:00,3348.76,3349.43,3348.71,3349.33,194.0
2025-07-02 20:55:00,3349.44,3349.89,3348.77,3349.71,209.0
2025-07-02 21:00:00,3349.76,3349.76,3348.56,3349.59,223.0
2025-07-02 21:05:00,3349.38,3350.22,3349.14,3350.0,207.0
2025-07-02 21:10:00,3349.99,3351.79,3349.81,3351.51,248.0
2025-07-02 21:15:00,3351.53,3352.1,3351.35,3352.0,256.0
2025-07-02 21:20:00,3351.96,3352.65,3351.65,3352.22,209.0
2025-07-02 21:25:00,3352.14,3352.68,3351.92,3352.18,222.0
2025-07-02 21:30:00,3351.91,3352.61,3351.91,3352.3,223.0
2025-07-02 21:35:00,3352.29,3352.49,3351.63,3351.81,218.0
2025-07-02 21:40:00,3351.78,3351.87,3351.47,3351.83,201.0
2025-07-02 21:45:00,3351.84,3352.89,3351.65,3352.88,218.0
2025-07-02 21:50:00,3352.79,3352.9,3352.0,3352.12,199.0
2025-07-02 21:55:00,3352.13,3355.19,3351.95,3354.97,275.0
2025-07-02 22:00:00,3354.99,3356.28,3354.89,3356.26,287.0
2025-07-02 22:05:00,3356.3,3357.22,3355.94,3356.37,294.0
2025-07-02 22:10:00,3356.4,3356.61,3355.96,3356.13,266.0
2025-07-02 22:15:00,3356.14,3356.3,3355.32,3355.98,270.0
2025-07-02 22:20:00,3356.07,3356.27,3354.63,3355.11,252.0
2025-07-02 22:25:00,3355.11,3356.6,3355.11,3356.09,220.0
2025-07-02 22:30:00,3356.09,3356.83,3355.92,3356.19,255.0
2025-07-02 22:35:00,3356.2,3356.71,3355.49,3356.09,267.0
2025-07-02 22:40:00,3356.1,3356.91,3355.89,3356.71,222.0
2025-07-02 22:45:00,3356.78,3356.92,3356.5,3356.89,270.0
2025-07-02 22:50:00,3356.93,3357.74,3356.75,3357.61,286.0
2025-07-02 22:55:00,3357.43,3359.45,3357.33,3358.2,352.0
2025-07-02 23:00:00,3358.14,3358.75,3357.5,3358.61,149.0
2025-07-02 23:05:00,3358.6,3360.1,3357.9,3359.47,158.0
2025-07-02 23:10:00,3359.48,3359.48,3358.65,3358.77,127.0
2025-07-02 23:15:00,3358.7,3359.02,3358.28,3358.87,127.0
2025-07-02 23:20:00,3358.82,3359.06,3357.72,3358.58,159.0
2025-07-02 23:25:00,3358.52,3358.66,3357.93,3358.15,88.0
2025-07-02 23:30:00,3358.12,3358.89,3357.92,3358.87,116.0
2025-07-02 23:35:00,3358.85,3358.85,3357.94,3358.01,105.0
2025-07-02 23:40:00,3357.96,3358.53,3355.64,3355.64,189.0
2025-07-02 23:45:00,3355.75,3356.92,3355.75,3356.05,102.0
2025-07-02 23:50:00,3356.25,3357.23,3356.2,3357.08,99.0
2025-07-02 23:55:00,3356.73,3357.42,3356.6,3356.93,109.0
2025-07-03 01:00:00,3358.07,3359.57,3357.77,3359.52,292.0
2025-07-03 01:05:00,3358.97,3359.68,3358.93,3359.63,93.0
2025-07-03 01:10:00,3359.64,3360.66,3359.4,3360.49,136.0
2025-07-03 01:15:00,3360.5,3363.16,3360.41,3362.17,244.0
2025-07-03 01:20:00,3362.11,3363.62,3361.4,3362.82,219.0
2025-07-03 01:25:00,3362.73,3365.74,3362.7,3364.62,240.0
2025-07-03 01:30:00,3364.63,3364.77,3363.05,3363.42,196.0
2025-07-03 01:35:00,3363.41,3365.11,3363.31,3364.46,195.0
2025-07-03 01:40:00,3364.48,3364.9,3362.23,3362.72,180.0
2025-07-03 01:45:00,3362.65,3363.07,3362.48,3362.65,142.0
2025-07-03 01:50:00,3362.63,3363.59,3361.79,3362.05,202.0
2025-07-03 01:55:00,3362.04,3362.68,3361.64,3361.93,161.0
2025-07-03 02:00:00,3361.95,3362.29,3357.15,3359.02,294.0
2025-07-03 02:05:00,3358.94,3359.54,3357.27,3357.78,214.0
2025-07-03 02:10:00,3357.65,3357.86,3355.34,3355.46,294.0
2025-07-03 02:15:00,3355.36,3355.66,3351.94,3352.31,305.0
2025-07-03 02:20:00,3352.27,3352.99,3349.55,3351.15,316.0
2025-07-03 02:25:00,3351.14,3351.33,3348.82,3350.5,250.0
2025-07-03 02:30:00,3350.45,3352.1,3350.08,3351.64,286.0
2025-07-03 02:35:00,3351.65,3352.1,3349.87,3351.27,202.0
2025-07-03 02:40:00,3351.31,3351.31,3349.07,3350.75,213.0
2025-07-03 02:45:00,3350.74,3351.13,3349.76,3350.55,211.0
2025-07-03 02:50:00,3350.55,3351.36,3349.37,3349.93,194.0
2025-07-03 02:55:00,3350.07,3350.63,3348.9,3349.32,239.0
2025-07-03 03:00:00,3349.48,3349.83,3346.36,3346.38,210.0
2025-07-03 12:10:00,3353.14,3353.38,3352.59,3353.09,128.0
2025-07-03 12:15:00,3353.03,3353.43,3351.81,3352.32,264.0
2025-07-03 12:20:00,3352.28,3352.64,3351.19,3352.1,280.0
2025-07-03 12:25:00,3351.99,3352.23,3350.0,3350.53,326.0
2025-07-03 12:30:00,3350.44,3351.02,3349.0,3349.62,294.0
2025-07-03 12:35:00,3349.61,3349.67,3345.68,3347.26,383.0
2025-07-03 12:40:00,3347.15,3347.61,3344.78,3344.93,334.0
2025-07-03 12:45:00,3345.12,3346.47,3343.9,3345.97,321.0
2025-07-03 12:50:00,3345.98,3346.96,3345.14,3346.91,275.0
2025-07-03 12:55:00,3346.9,3347.32,3345.03,3345.68,283.0
2025-07-03 13:00:00,3345.74,3346.68,3344.78,3346.35,273.0
2025-07-03 13:05:00,3346.3,3346.85,3345.1,3346.6,239.0
2025-07-03 13:10:00,3346.67,3347.24,3345.95,3346.36,229.0
2025-07-03 13:15:00,3346.36,3348.28,3346.11,3348.28,269.0
2025-07-03 13:20:00,3348.33,3349.57,3348.28,3349.09,268.0
2025-07-03 13:25:00,3349.01,3349.67,3348.68,3349.46,222.0
2025-07-03 13:30:00,3349.48,3350.67,3348.99,3350.55,251.0
2025-07-03 13:35:00,3350.63,3350.81,3350.26,3350.44,234.0
2025-07-03 13:40:00,3350.48,3353.69,3350.35,3353.25,258.0
2025-07-03 13:45:00,3353.31,3354.34,3353.21,3354.34,273.0
2025-07-03 13:50:00,3354.38,3355.33,3353.84,3354.16,280.0
2025-07-03 13:55:00,3354.11,3354.87,3352.7,3352.98,299.0
2025-07-03 14:00:00,3353.02,3353.61,3350.66,3350.8,293.0
2025-07-03 14:05:00,3350.81,3351.43,3349.14,3349.15,294.0
2025-07-03 14:10:00,3349.14,3350.88,3347.96,3347.97,311.0
2025-07-03 14:15:00,3347.95,3348.06,3347.0,3347.4,225.0
2025-07-03 14:20:00,3347.35,3348.94,3347.07,3347.47,285.0
2025-07-03 14:25:00,3347.56,3348.07,3347.12,3347.73,212.0
2025-07-03 14:30:00,3347.68,3347.97,3346.45,3346.85,228.0
2025-07-03 14:35:00,3346.78,3347.09,3345.59,3346.32,268.0
2025-07-03 14:40:00,3346.39,3346.52,3344.64,3345.84,272.0
2025-07-03 14:45:00,3346.01,3346.66,3344.33,3344.57,263.0
2025-07-03 14:50:00,3344.56,3345.91,3343.04,3345.6,297.0
2025-07-03 14:55:00,3345.42,3346.22,3344.9,3346.05,265.0
2025-07-03 15:00:00,3345.9,3346.94,3344.55,3345.32,308.0
2025-07-03 15:05:00,3345.31,3346.35,3343.65,3343.77,300.0
2025-07-03 15:10:00,3343.75,3348.08,3342.99,3347.7,315.0
2025-07-03 15:15:00,3347.72,3350.82,3347.61,3350.34,331.0
2025-07-03 15:20:00,3350.32,3352.26,3349.31,3350.59,352.0
2025-07-03 15:25:00,3350.51,3351.73,3349.1,3349.65,298.0
2025-07-03 15:30:00,3349.66,3349.67,3327.9,3328.13,531.0
2025-07-03 15:35:00,3328.19,3329.7,3315.82,3319.98,512.0
2025-07-03 15:40:00,3319.96,3320.03,3311.69,3312.28,505.0
2025-07-03 15:45:00,3312.4,3319.17,3311.8,3317.68,485.0
2025-07-03 15:50:00,3317.22,3321.24,3315.12,3321.24,473.0
2025-07-03 15:55:00,3321.11,3325.63,3320.62,3324.47,488.0
2025-07-03 16:00:00,3324.23,3329.32,3322.11,3328.77,484.0
2025-07-03 16:05:00,3328.76,3330.7,3326.36,3326.75,443.0
2025-07-03 16:10:00,3326.98,3328.0,3322.34,3328.0,456.0
2025-07-03 16:15:00,3327.86,3331.59,3327.18,3328.55,426.0
2025-07-03 16:20:00,3328.77,3332.84,3328.35,3332.44,409.0
2025-07-03 16:25:00,3332.5,3334.19,3331.44,3332.33,415.0
2025-07-03 16:30:00,3332.43,3335.6,3331.94,3334.8,448.0
2025-07-03 16:35:00,3334.96,3335.32,3330.73,3333.06,412.0
2025-07-03 16:40:00,3333.1,3338.44,3333.02,3337.51,469.0
2025-07-03 16:45:00,3337.54,3337.57,3334.41,3336.0,428.0
2025-07-03 16:50:00,3336.0,3336.0,3334.18,3334.78,427.0
2025-07-03 16:55:00,3334.96,3336.61,3332.19,3332.19,395.0
2025-07-03 17:00:00,3331.93,3332.85,3326.45,3331.37,458.0
2025-07-03 17:05:00,3331.51,3333.14,3328.16,3333.01,462.0
2025-07-03 17:10:00,3333.02,3334.67,3330.48,3331.25,420.0
2025-07-03 17:15:00,3331.16,3332.15,3327.02,3327.66,403.0
2025-07-03 17:20:00,3327.64,3328.29,3323.48,3325.4,428.0
2025-07-03 17:25:00,3325.32,3327.6,3324.3,3327.56,401.0
2025-07-03 17:30:00,3327.78,3329.87,3326.84,3329.47,388.0
2025-07-03 17:35:00,3329.33,3331.15,3327.33,3330.66,385.0
2025-07-03 17:40:00,3330.69,3330.89,3325.72,3326.03,393.0
2025-07-03 17:45:00,3326.15,3329.24,3325.26,3329.12,355.0
2025-07-03 17:50:00,3329.08,3329.1,3324.8,3325.03,376.0
2025-07-03 17:55:00,3324.96,3326.39,3323.61,3324.59,354.0
2025-07-03 18:00:00,3324.57,3325.56,3323.15,3325.21,372.0
2025-07-03 18:05:00,3325.24,3326.61,3324.26,3326.31,339.0
2025-07-03 18:10:00,3326.0,3328.76,3325.85,3327.42,373.0
2025-07-03 18:15:00,3327.43,3328.92,3327.33,3327.78,314.0
2025-07-03 18:20:00,3327.7,3330.78,3327.7,3330.64,343.0
2025-07-03 18:25:00,3330.68,3331.47,3328.29,3329.33,325.0
2025-07-03 18:30:00,3329.46,3330.1,3328.83,3328.83,294.0
2025-07-03 18:35:00,3328.78,3329.07,3328.04,3328.13,269.0
2025-07-03 18:40:00,3328.06,3328.3,3326.88,3327.73,308.0
2025-07-03 18:45:00,3327.7,3328.11,3327.09,3327.66,282.0
2025-07-03 18:50:00,3327.76,3328.04,3326.4,3327.62,301.0
2025-07-03 18:55:00,3327.55,3328.43,3327.12,3328.02,295.0
2025-07-03 19:00:00,3328.14,3328.55,3328.0,3328.36,287.0
2025-07-03 19:05:00,3328.35,3328.35,3326.44,3328.06,257.0
2025-07-03 19:10:00,3328.1,3328.59,3326.59,3326.78,264.0
2025-07-03 19:15:00,3326.8,3326.8,3325.73,3326.76,286.0
2025-07-03 19:20:00,3326.52,3326.79,3326.1,3326.4,215.0
2025-07-03 19:25:00,3326.47,3328.53,3326.25,3328.52,288.0
2025-07-03 19:30:00,3328.53,3329.89,3328.53,3329.38,285.0
2025-07-03 19:35:00,3329.4,3332.44,3329.38,3332.14,286.0
2025-07-03 19:40:00,3332.23,3332.66,3331.74,3332.16,288.0
2025-07-03 19:45:00,3332.25,3334.64,3332.07,3333.21,312.0
2025-07-03 19:50:00,3332.94,3334.63,3332.9,3333.77,329.0
2025-07-03 19:55:00,3333.92,3334.11,3333.24,3333.88,276.0
2025-07-03 20:00:00,3333.83,3334.8,3332.84,3334.19,273.0
2025-07-03 20:05:00,3334.21,3334.67,3333.02,3333.21,190.0
2025-07-03 20:10:00,3333.14,3333.78,3333.14,3333.62,138.0
2025-07-03 20:15:00,3333.53,3334.04,3333.53,3333.61,136.0
2025-07-03 20:20:00,3333.6,3333.91,3332.39,3333.01,199.0
2025-07-03 20:25:00,3332.98,3333.69,3332.4,3332.59,218.0
2025-07-03 20:30:00,3332.53,3332.67,3329.95,3330.03,218.0
2025-07-03 20:35:00,3330.04,3330.75,3329.03,3330.57,197.0
2025-07-03 20:40:00,3330.66,3330.82,3329.59,3330.27,127.0
2025-07-03 20:45:00,3330.32,3330.54,3329.2,3329.54,141.0
2025-07-03 20:50:00,3329.59,3329.85,3329.26,3329.75,122.0
2025-07-03 20:55:00,3329.77,3329.85,3328.9,3329.1,119.0
2025-07-03 21:00:00,3329.03,3329.07,3328.61,3328.74,130.0
2025-07-03 21:05:00,3328.72,3329.12,3328.47,3329.12,100.0
2025-07-03 21:10:00,3329.07,3329.16,3328.07,3328.22,76.0
2025-07-03 21:15:00,3328.33,3329.0,3327.9,3328.86,124.0
2025-07-03 21:20:00,3328.85,3329.36,3328.66,3328.89,105.0
2025-07-03 21:25:00,3329.01,3329.28,3328.82,3329.15,106.0
2025-07-03 21:30:00,3329.12,3329.39,3328.9,3328.95,101.0
2025-07-03 21:35:00,3328.99,3329.44,3328.76,3328.84,97.0
2025-07-03 21:40:00,3328.87,3328.99,3328.47,3328.68,88.0
2025-07-03 21:45:00,3328.71,3330.16,3328.71,3330.06,114.0
2025-07-03 21:50:00,3329.75,3330.25,3329.52,3329.62,99.0
2025-07-03 21:55:00,3329.66,3329.66,3328.95,3329.05,134.0
2025-07-03 22:00:00,3329.03,3329.24,3328.16,3328.21,121.0
2025-07-03 22:05:00,3328.13,3328.18,3327.09,3327.44,115.0
2025-07-03 22:10:00,3327.43,3328.3,3327.38,3328.11,91.0
2025-07-03 22:15:00,3328.1,3328.89,3328.09,3328.83,80.0
2025-07-03 22:20:00,3328.75,3328.91,3328.04,3328.8,91.0
2025-07-03 22:25:00,3328.88,3329.1,3328.21,3328.69,83.0
2025-07-03 22:30:00,3328.74,3328.85,3328.4,3328.77,69.0
2025-07-03 22:35:00,3328.81,3329.49,3328.79,3329.32,116.0
2025-07-03 22:40:00,3329.33,3329.4,3328.69,3328.88,79.0
2025-07-03 22:45:00,3328.9,3328.99,3328.63,3328.76,112.0
2025-07-03 22:50:00,3328.73,3328.84,3328.48,3328.73,99.0
2025-07-03 22:55:00,3328.72,3328.83,3328.32,3328.75,113.0
2025-07-03 23:00:00,3328.69,3328.87,3328.29,3328.77,92.0
2025-07-03 23:05:00,3328.75,3328.75,3327.87,3328.08,51.0
2025-07-03 23:10:00,3328.06,3328.43,3326.58,3326.62,117.0
2025-07-03 23:15:00,3326.7,3327.28,3326.69,3327.14,110.0
2025-07-03 23:20:00,3327.12,3327.16,3326.48,3326.49,65.0
2025-07-03 23:25:00,3326.48,3326.94,3325.86,3326.78,89.0
2025-07-03 23:30:00,3326.73,3327.11,3326.63,3326.88,80.0
2025-07-03 23:35:00,3326.68,3327.11,3326.18,3327.11,79.0
2025-07-03 23:40:00,3327.21,3327.39,3327.12,3327.12,58.0
2025-07-03 23:45:00,3327.13,3327.13,3325.98,3325.98,91.0
2025-07-03 23:50:00,3325.98,3326.1,3325.46,3325.49,113.0
2025-07-03 23:55:00,3325.32,3326.83,3325.26,3325.92,93.0
2025-07-04 01:00:00,3325.52,3326.51,3324.16,3324.77,187.0
2025-07-04 01:05:00,3324.7,3325.99,3324.4,3324.58,106.0
2025-07-04 01:10:00,3324.6,3324.66,3323.59,3324.4,114.0
2025-07-04 01:15:00,3324.42,3325.29,3324.01,3325.08,141.0
2025-07-04 01:20:00,3325.09,3325.1,3324.43,3324.75,76.0
2025-07-04 01:25:00,3324.73,3325.41,3324.18,3325.12,103.0
2025-07-04 01:30:00,3325.08,3326.18,3325.08,3325.53,128.0
2025-07-04 01:35:00,3325.44,3327.15,3325.44,3326.88,117.0
2025-07-04 01:40:00,3326.86,3327.91,3326.65,3327.73,147.0
2025-07-04 01:45:00,3327.67,3328.16,3327.11,3328.12,130.0
2025-07-04 01:50:00,3328.18,3329.56,3328.18,3328.52,162.0
2025-07-04 01:55:00,3328.84,3329.63,3328.58,3329.15,152.0
2025-07-04 02:00:00,3329.08,3329.63,3328.51,3329.06,183.0
2025-07-04 02:05:00,3329.01,3329.9,3328.63,3329.1,154.0
2025-07-04 02:10:00,3329.11,3330.37,3329.08,3330.37,166.0
2025-07-04 02:15:00,3330.4,3330.63,3329.58,3329.9,134.0
2025-07-04 02:20:00,3329.96,3330.46,3329.2,3329.93,150.0
2025-07-04 02:25:00,3329.92,3331.43,3329.88,3330.6,153.0
2025-07-04 02:30:00,3330.64,3331.71,3329.74,3330.56,250.0
2025-07-04 02:35:00,3330.55,3331.21,3329.44,3330.6,208.0
2025-07-04 02:40:00,3330.59,3331.93,3330.21,3331.89,153.0
2025-07-04 02:45:00,3331.78,3332.02,3331.24,3331.71,129.0
2025-07-04 02:50:00,3331.72,3331.82,3329.48,3329.83,171.0
2025-07-04 02:55:00,3329.76,3331.26,3329.76,3330.83,223.0
2025-07-04 03:00:00,3330.94,3331.16,3329.45,3329.64,251.0
2025-07-04 03:05:00,3329.66,3330.02,3327.8,3327.82,236.0
2025-07-04 03:10:00,3327.8,3327.82,3326.25,3326.44,239.0
2025-07-04 03:15:00,3326.15,3327.3,3325.87,3327.21,242.0
2025-07-04 03:20:00,3327.13,3328.85,3326.91,3328.26,249.0
2025-07-04 03:25:00,3328.45,3328.96,3328.08,3328.39,174.0
2025-07-04 03:30:00,3328.37,3329.42,3328.33,3328.53,226.0
2025-07-04 03:35:00,3328.55,3329.34,3328.09,3328.91,248.0
2025-07-04 03:40:00,3328.96,3329.03,3328.29,3328.83,236.0
2025-07-04 03:45:00,3328.94,3330.09,3328.68,3330.05,200.0
2025-07-04 03:50:00,3330.21,3330.73,3329.07,3329.07,191.0
2025-07-04 03:55:00,3329.09,3329.11,3328.42,3328.96,222.0
2025-07-04 04:00:00,3328.96,3329.22,3326.48,3327.68,277.0
2025-07-04 10:25:00,3337.62,3337.74,3336.94,3337.51,106.0
2025-07-04 10:30:00,3337.43,3339.39,3337.21,3339.3,292.0
2025-07-04 10:35:00,3339.29,3340.69,3338.71,3340.39,284.0
2025-07-04 10:40:00,3340.38,3342.51,3340.38,3341.57,285.0
2025-07-04 10:45:00,3341.62,3343.02,3341.08,3342.68,230.0
2025-07-04 10:50:00,3342.65,3343.26,3341.93,3342.67,246.0
2025-07-04 10:55:00,3342.65,3343.33,3341.91,3342.95,261.0
2025-07-04 11:00:00,3342.97,3343.91,3342.51,3343.91,256.0
2025-07-04 11:05:00,3343.94,3344.02,3341.59,3341.89,263.0
2025-07-04 11:10:00,3341.84,3342.68,3340.89,3341.9,255.0
2025-07-04 11:15:00,3341.86,3344.1,3341.86,3343.9,238.0
2025-07-04 11:20:00,3343.92,3344.15,3342.99,3343.4,259.0
2025-07-04 11:25:00,3343.39,3343.42,3341.97,3342.88,202.0
2025-07-04 11:30:00,3342.89,3344.18,3342.66,3343.51,202.0
2025-07-04 11:35:00,3343.61,3343.61,3342.12,3342.52,186.0
2025-07-04 11:40:00,3342.54,3343.1,3341.86,3343.07,187.0
2025-07-04 11:45:00,3343.06,3343.53,3342.68,3342.92,201.0
2025-07-04 11:50:00,3342.96,3343.89,3341.68,3343.06,244.0
2025-07-04 11:55:00,3343.05,3343.13,3342.36,3342.84,163.0
2025-07-04 12:00:00,3342.82,3343.08,3341.09,3341.62,199.0
2025-07-04 12:05:00,3341.59,3341.67,3339.91,3340.23,220.0
2025-07-04 12:10:00,3340.26,3340.88,3339.46,3339.92,209.0
2025-07-04 12:15:00,3339.87,3342.02,3339.87,3341.79,213.0
2025-07-04 12:20:00,3341.76,3342.18,3339.21,3339.24,238.0
2025-07-04 12:25:00,3339.25,3339.55,3338.24,3338.26,246.0
2025-07-04 12:30:00,3338.34,3338.69,3333.99,3334.96,342.0
2025-07-04 12:35:00,3334.98,3335.95,3333.05,3333.99,347.0
2025-07-04 12:40:00,3333.94,3335.38,3333.17,3334.48,302.0
2025-07-04 12:45:00,3334.39,3336.02,3333.91,3336.01,254.0
2025-07-04 12:50:00,3336.06,3336.9,3335.53,3336.47,206.0
2025-07-04 12:55:00,3336.33,3336.41,3334.49,3334.56,215.0
2025-07-04 13:00:00,3334.35,3335.48,3334.14,3334.94,202.0
2025-07-04 13:05:00,3334.96,3335.65,3334.36,3334.9,208.0
2025-07-04 13:10:00,3334.87,3335.9,3334.2,3335.08,169.0
2025-07-04 13:15:00,3335.07,3335.88,3334.98,3335.85,180.0
2025-07-04 13:20:00,3335.82,3336.25,3333.47,3333.77,241.0
2025-07-04 13:25:00,3333.71,3335.18,3333.38,3334.28,239.0
2025-07-04 13:30:00,3334.34,3335.65,3333.74,3335.33,201.0
2025-07-04 13:35:00,3335.39,3335.91,3334.49,3334.53,225.0
2025-07-04 13:40:00,3334.52,3334.52,3331.55,3334.43,272.0
2025-07-04 13:45:00,3334.35,3337.44,3334.05,3337.23,235.0
2025-07-04 13:50:00,3337.22,3338.0,3336.01,3336.28,233.0
2025-07-04 13:55:00,3336.26,3337.44,3336.08,3336.82,203.0
2025-07-04 14:00:00,3336.8,3336.9,3335.99,3336.11,160.0
2025-07-04 14:05:00,3336.1,3336.68,3335.16,3336.54,230.0
2025-07-04 14:10:00,3336.58,3336.99,3335.37,3335.69,200.0
2025-07-04 14:15:00,3335.72,3337.43,3335.67,3337.02,203.0
2025-07-04 14:20:00,3337.11,3337.13,3335.16,3336.31,253.0
2025-07-04 14:25:00,3336.24,3337.01,3336.22,3336.76,109.0
2025-07-04 14:50:00,3335.82,3337.12,3335.82,3336.1,137.0
2025-07-04 14:55:00,3336.08,3336.56,3334.39,3334.76,224.0
2025-07-04 15:00:00,3334.73,3335.58,3333.86,3335.1,226.0
2025-07-04 15:05:00,3335.11,3336.98,3334.7,3336.98,276.0
2025-07-04 15:10:00,3337.06,3337.77,3336.34,3336.53,244.0
2025-07-04 15:15:00,3336.53,3337.27,3335.63,3335.99,219.0
2025-07-04 15:20:00,3335.98,3336.7,3334.82,3334.98,246.0
2025-07-04 15:25:00,3334.95,3335.79,3334.12,3335.13,242.0
2025-07-04 15:30:00,3335.18,3336.93,3334.94,3336.05,253.0
2025-07-04 15:35:00,3335.75,3336.1,3333.34,3333.51,236.0
2025-07-04 15:40:00,3333.44,3333.67,3332.17,3332.96,259.0
2025-07-04 15:45:00,3332.84,3333.45,3331.42,3333.45,274.0
2025-07-04 15:50:00,3333.45,3335.13,3333.45,3334.0,267.0
2025-07-04 15:55:00,3333.92,3334.62,3333.68,3333.87,206.0
2025-07-04 16:00:00,3333.94,3334.07,3332.23,3332.6,291.0
2025-07-04 16:05:00,3332.68,3335.64,3332.68,3335.32,279.0
2025-07-04 16:10:00,3335.29,3335.71,3333.4,3333.63,283.0
2025-07-04 16:15:00,3333.74,3334.44,3333.23,3334.41,225.0
2025-07-04 16:20:00,3334.4,3334.91,3333.67,3334.33,215.0
2025-07-04 16:25:00,3334.42,3334.53,3333.37,3334.06,190.0
2025-07-04 16:30:00,3334.1,3334.89,3333.77,3334.36,218.0
2025-07-04 16:35:00,3334.45,3335.74,3334.1,3335.59,272.0
2025-07-04 16:40:00,3335.61,3337.78,3335.56,3337.78,280.0
2025-07-04 16:45:00,3337.6,3337.99,3336.55,3337.49,264.0
2025-07-04 16:50:00,3337.48,3337.87,3334.62,3334.71,283.0
2025-07-04 16:55:00,3334.53,3336.61,3333.66,3333.85,300.0
2025-07-04 17:00:00,3333.85,3333.89,3332.04,3333.38,307.0
2025-07-04 17:05:00,3333.37,3334.08,3332.37,3332.89,286.0
2025-07-04 17:10:00,3332.88,3333.15,3331.58,3331.66,283.0
2025-07-04 17:15:00,3331.53,3332.79,3331.43,3331.72,262.0
2025-07-04 17:20:00,3332.18,3333.7,3332.17,3333.44,252.0
2025-07-04 17:25:00,3333.44,3334.16,3333.43,3333.8,167.0
2025-07-04 17:30:00,3333.81,3334.1,3332.11,3332.68,213.0
2025-07-04 17:35:00,3332.63,3333.07,3331.3,3332.26,190.0
2025-07-04 17:40:00,3332.31,3332.47,3331.04,3331.42,246.0
2025-07-04 17:45:00,3331.55,3331.71,3330.89,3331.6,195.0
2025-07-04 17:50:00,3331.53,3332.83,3331.52,3332.81,187.0
2025-07-04 17:55:00,3332.79,3333.78,3332.73,3333.25,215.0
2025-07-04 18:00:00,3333.25,3333.93,3332.92,3333.35,219.0
2025-07-04 18:05:00,3333.35,3333.35,3332.07,3332.07,205.0
2025-07-04 18:10:00,3332.01,3333.31,3331.65,3332.98,182.0
2025-07-04 18:15:00,3333.0,3333.2,3332.58,3332.85,137.0
2025-07-04 18:20:00,3332.75,3332.9,3331.95,3332.64,115.0
2025-07-04 18:25:00,3332.69,3332.9,3331.96,3332.23,161.0
2025-07-04 18:30:00,3332.32,3332.57,3330.88,3331.74,199.0
2025-07-04 18:35:00,3331.61,3332.25,3331.61,3332.07,161.0
2025-07-04 18:40:00,3332.08,3333.1,3331.7,3333.08,107.0
2025-07-04 18:45:00,3333.03,3333.41,3332.79,3332.97,133.0
2025-07-04 18:50:00,3332.95,3333.31,3332.69,3332.72,123.0
2025-07-04 18:55:00,3332.69,3332.69,3332.08,3332.43,157.0
2025-07-04 19:00:00,3332.41,3333.28,3332.31,3333.13,148.0
2025-07-04 19:05:00,3333.11,3333.53,3332.58,3332.71,132.0
2025-07-04 19:10:00,3332.7,3333.4,3332.56,3332.91,156.0
2025-07-04 19:15:00,3333.02,3333.57,3332.86,3333.57,145.0
2025-07-04 19:20:00,3333.51,3334.29,3332.91,3333.95,162.0
2025-07-04 19:25:00,3333.94,3334.05,3333.41,3333.8,135.0
2025-07-04 19:30:00,3333.87,3334.91,3333.79,3334.35,147.0
2025-07-04 19:35:00,3334.32,3335.75,3334.3,3335.6,163.0
2025-07-04 19:40:00,3335.49,3335.94,3334.86,3334.96,147.0
2025-07-04 19:45:00,3335.22,3336.66,3334.81,3336.66,156.0
2025-07-04 19:50:00,3336.64,3336.96,3336.09,3336.83,128.0
2025-07-04 19:55:00,3336.77,3337.39,3336.14,3337.04,156.0
2025-07-07 01:00:00,3335.92,3342.76,3335.8,3341.49,559.0
2025-07-07 01:05:00,3341.49,3341.95,3336.13,3337.89,286.0
2025-07-07 01:10:00,3337.94,3338.83,3336.83,3338.3,210.0
2025-07-07 01:15:00,3338.16,3338.16,3335.15,3335.18,195.0
2025-07-07 01:20:00,3334.96,3335.59,3333.51,3333.8,226.0
2025-07-07 01:25:00,3333.79,3334.56,3333.12,3333.7,203.0
2025-07-07 01:30:00,3333.53,3336.21,3333.53,3335.82,225.0
2025-07-07 01:35:00,3335.81,3336.01,3334.64,3335.44,176.0
2025-07-07 01:40:00,3335.51,3335.72,3333.92,3334.5,214.0
2025-07-07 01:45:00,3334.48,3334.64,3333.36,3333.87,161.0
2025-07-07 01:50:00,3333.9,3334.49,3332.44,3333.61,214.0
2025-07-07 01:55:00,3333.48,3334.1,3333.32,3333.42,132.0
2025-07-07 02:00:00,3333.52,3334.46,3332.37,3333.03,239.0
2025-07-07 02:05:00,3333.12,3333.64,3331.72,3331.77,196.0
2025-07-07 02:10:00,3331.83,3331.83,3330.81,3331.31,235.0
2025-07-07 02:15:00,3331.28,3331.32,3329.18,3329.36,260.0
2025-07-07 02:20:00,3329.39,3331.54,3329.39,3330.04,225.0
2025-07-07 02:25:00,3330.05,3330.99,3329.77,3330.83,204.0
2025-07-07 02:30:00,3330.57,3330.63,3328.01,3328.19,240.0
2025-07-07 02:35:00,3328.15,3329.43,3326.97,3327.81,214.0
2025-07-07 02:40:00,3327.91,3328.31,3326.73,3327.85,249.0
2025-07-07 02:45:00,3327.86,3328.08,3326.24,3326.52,220.0
2025-07-07 02:50:00,3326.57,3328.48,3326.52,3327.54,242.0
2025-07-07 02:55:00,3327.51,3328.92,3326.8,3328.83,287.0
2025-07-07 03:00:00,3328.86,3329.57,3325.86,3326.58,298.0
2025-07-07 03:05:00,3326.68,3327.0,3324.76,3324.8,299.0
2025-07-07 03:10:00,3324.88,3325.37,3323.13,3325.31,309.0
2025-07-07 03:15:00,3325.3,3326.2,3323.94,3324.34,278.0
2025-07-07 03:20:00,3324.4,3325.0,3323.19,3323.38,275.0
2025-07-07 03:25:00,3323.39,3324.13,3322.44,3324.01,264.0
2025-07-07 03:30:00,3323.94,3323.97,3321.76,3322.32,272.0
2025-07-07 03:35:00,3322.34,3323.11,3321.81,3322.57,284.0
2025-07-07 03:40:00,3322.58,3325.24,3322.4,3324.95,289.0
2025-07-07 03:45:00,3324.93,3325.82,3324.0,3324.99,254.0
2025-07-07 03:50:00,3324.94,3325.88,3324.26,3325.3,328.0
2025-07-07 03:55:00,3325.29,3326.53,3324.75,3326.53,291.0
2025-07-07 04:00:00,3326.56,3327.67,3320.26,3323.34,417.0
2025-07-07 04:05:00,3323.52,3323.52,3315.73,3317.84,428.0
2025-07-07 04:10:00,3317.83,3318.22,3310.77,3311.01,446.0
2025-07-07 04:15:00,3311.16,3314.42,3309.03,3312.93,437.0
2025-07-07 04:20:00,3312.74,3312.74,3306.67,3311.94,391.0
2025-07-07 04:25:00,3311.97,3313.13,3310.85,3312.17,316.0
2025-07-07 04:30:00,3312.19,3314.19,3312.08,3313.3,341.0
2025-07-07 04:35:00,3313.31,3316.96,3313.31,3316.59,351.0
2025-07-07 04:40:00,3316.66,3318.86,3316.24,3317.12,353.0
2025-07-07 04:45:00,3317.1,3320.0,3317.1,3317.35,320.0
2025-07-07 04:50:00,3317.25,3318.25,3316.24,3316.68,303.0
2025-07-07 04:55:00,3316.78,3317.44,3315.93,3316.55,283.0
2025-07-07 05:00:00,3316.69,3317.74,3315.39,3316.4,277.0
2025-07-07 05:05:00,3316.42,3316.42,3313.32,3314.13,356.0
2025-07-07 05:10:00,3313.82,3315.36,3312.53,3315.01,344.0
2025-07-07 05:15:00,3314.79,3316.19,3313.46,3314.22,261.0
2025-07-07 05:20:00,3314.15,3314.15,3312.65,3313.94,264.0
2025-07-07 05:25:00,3313.93,3315.19,3313.29,3314.72,237.0
2025-07-07 05:30:00,3314.81,3315.44,3309.54,3309.86,383.0
2025-07-07 05:35:00,3309.8,3310.66,3308.16,3310.36,345.0
2025-07-07 05:40:00,3310.31,3310.7,3308.88,3309.58,300.0
2025-07-07 05:45:00,3309.43,3310.06,3306.23,3306.92,313.0
2025-07-07 05:50:00,3306.91,3308.47,3306.43,3308.03,330.0
2025-07-07 05:55:00,3308.13,3309.18,3307.79,3308.95,290.0
2025-07-07 06:00:00,3308.9,3308.9,3307.11,3308.56,324.0
2025-07-07 06:05:00,3308.52,3312.52,3308.02,3312.51,393.0
2025-07-07 06:10:00,3312.52,3313.03,3311.62,3312.2,325.0
2025-07-07 06:15:00,3312.19,3313.49,3311.56,3313.03,288.0
2025-07-07 06:20:00,3313.1,3315.27,3313.03,3314.5,312.0
2025-07-07 06:25:00,3314.49,3314.68,3311.72,3313.11,286.0
2025-07-07 06:30:00,3313.02,3313.98,3310.45,3313.46,296.0
2025-07-07 06:35:00,3313.28,3313.58,3311.62,3312.33,303.0
2025-07-07 06:40:00,3312.32,3312.47,3309.79,3310.35,250.0
2025-07-07 06:45:00,3310.41,3311.44,3309.85,3310.53,250.0
2025-07-07 06:50:00,3310.55,3310.55,3309.93,3310.32,151.0
2025-07-07 06:55:00,3310.33,3311.42,3309.98,3310.86,219.0
2025-07-07 07:00:00,3311.25,3311.34,3308.77,3311.21,294.0
2025-07-07 07:05:00,3311.22,3312.18,3310.39,3311.69,267.0
2025-07-07 07:10:00,3311.86,3312.21,3310.73,3311.37,247.0
2025-07-07 07:15:00,3311.39,3312.3,3309.49,3309.64,234.0
2025-07-07 07:20:00,3309.61,3309.61,3307.36,3308.06,245.0
2025-07-07 07:25:00,3307.97,3308.42,3305.41,3307.41,339.0
2025-07-07 07:30:00,3307.32,3309.26,3306.51,3308.72,307.0
2025-07-07 07:35:00,3308.73,3309.41,3307.32,3307.93,288.0
2025-07-07 07:40:00,3307.94,3308.69,3305.35,3305.54,292.0
2025-07-07 07:45:00,3305.52,3306.99,3305.47,3306.34,268.0
2025-07-07 07:50:00,3306.35,3308.05,3306.31,3307.87,234.0
2025-07-07 07:55:00,3307.99,3308.7,3307.49,3307.72,235.0
2025-07-07 08:00:00,3307.75,3308.29,3307.06,3307.64,220.0
2025-07-07 08:05:00,3307.66,3311.5,3307.43,3311.5,288.0
2025-07-07 08:10:00,3311.54,3311.86,3309.9,3311.34,277.0
2025-07-07 08:15:00,3311.3,3312.36,3310.3,3310.3,299.0
2025-07-07 08:20:00,3310.17,3310.21,3307.81,3308.61,294.0
2025-07-07 08:25:00,3308.24,3309.14,3308.12,3309.14,260.0
2025-07-07 08:30:00,3309.5,3310.8,3307.93,3310.29,373.0
2025-07-07 08:35:00,3310.34,3313.08,3310.01,3311.09,320.0
2025-07-07 08:40:00,3311.13,3313.39,3310.73,3310.82,282.0
2025-07-07 08:45:00,3310.79,3313.07,3310.72,3311.81,273.0
2025-07-07 08:50:00,3311.78,3314.19,3311.51,3313.7,304.0
2025-07-07 08:55:00,3313.67,3315.12,3313.09,3313.38,293.0
2025-07-07 09:00:00,3313.25,3314.93,3313.25,3314.14,303.0
2025-07-07 09:05:00,3314.2,3314.97,3311.6,3314.02,347.0
2025-07-07 09:10:00,3314.01,3315.12,3313.39,3314.48,311.0
2025-07-07 09:15:00,3314.38,3314.42,3310.68,3312.27,330.0
2025-07-07 09:20:00,3312.29,3312.81,3310.98,3311.63,302.0
2025-07-07 09:25:00,3311.61,3312.01,3309.45,3311.89,344.0
2025-07-07 09:30:00,3311.74,3312.09,3309.67,3310.13,358.0
2025-07-07 09:35:00,3310.09,3310.9,3308.49,3310.9,377.0
2025-07-07 09:40:00,3310.85,3312.52,3310.85,3311.85,303.0
2025-07-07 09:45:00,3311.84,3312.13,3309.65,3309.65,254.0
2025-07-07 09:50:00,3309.66,3311.15,3309.25,3310.18,283.0
2025-07-07 09:55:00,3310.19,3310.6,3309.13,3309.95,295.0
2025-07-07 10:00:00,3310.17,3310.44,3307.3,3307.96,356.0
2025-07-07 10:05:00,3307.94,3308.58,3305.92,3307.15,298.0
2025-07-07 10:10:00,3307.12,3313.26,3307.07,3311.1,348.0
2025-07-07 10:15:00,3310.84,3311.75,3310.18,3311.39,275.0
2025-07-07 10:20:00,3311.38,3311.71,3309.04,3309.97,256.0
2025-07-07 10:25:00,3310.01,3312.67,3310.01,3311.95,283.0
2025-07-07 10:30:00,3311.9,3311.92,3309.08,3310.07,305.0
2025-07-07 10:35:00,3310.04,3310.42,3308.57,3309.03,291.0
2025-07-07 10:40:00,3309.05,3309.21,3306.73,3306.73,283.0
2025-07-07 10:45:00,3306.61,3306.61,3303.55,3304.12,363.0
2025-07-07 10:50:00,3304.11,3304.55,3301.93,3302.13,350.0
2025-07-07 10:55:00,3302.13,3302.93,3300.69,3302.24,337.0
2025-07-07 11:00:00,3302.29,3303.34,3301.25,3302.09,315.0
2025-07-07 11:05:00,3302.23,3305.44,3301.64,3305.44,340.0
2025-07-07 11:10:00,3305.39,3306.99,3304.29,3306.99,333.0
2025-07-07 11:15:00,3307.04,3308.21,3306.99,3307.35,314.0
2025-07-07 11:20:00,3307.32,3309.97,3306.63,3309.87,299.0
2025-07-07 11:25:00,3309.99,3310.6,3308.26,3310.32,322.0
2025-07-07 11:30:00,3310.61,3312.1,3309.66,3311.13,320.0
2025-07-07 11:35:00,3310.84,3312.58,3310.01,3310.58,343.0
2025-07-07 11:40:00,3310.53,3310.8,3309.82,3310.32,278.0
2025-07-07 11:45:00,3310.3,3310.93,3308.82,3310.63,282.0
2025-07-07 11:50:00,3310.61,3310.61,3308.42,3308.86,278.0
2025-07-07 11:55:00,3308.84,3310.36,3308.54,3310.1,246.0
2025-07-07 12:00:00,3309.95,3311.53,3309.64,3310.83,254.0
2025-07-07 12:05:00,3310.85,3311.48,3310.54,3311.22,255.0
2025-07-07 12:10:00,3311.23,3311.87,3310.22,3310.26,325.0
2025-07-07 12:15:00,3310.25,3310.36,3308.5,3309.26,258.0
2025-07-07 12:20:00,3309.26,3309.85,3308.59,3309.13,251.0
2025-07-07 12:25:00,3309.08,3310.59,3307.67,3307.67,258.0
2025-07-07 12:30:00,3307.46,3308.16,3306.33,3306.73,342.0
2025-07-07 12:35:00,3306.74,3308.79,3306.12,3308.57,352.0
2025-07-07 12:40:00,3308.45,3309.55,3308.29,3308.98,245.0
2025-07-07 12:45:00,3309.02,3309.73,3307.74,3308.16,282.0
2025-07-07 12:50:00,3308.06,3310.42,3307.56,3309.93,293.0
2025-07-07 12:55:00,3309.92,3310.41,3308.36,3308.96,304.0
2025-07-07 13:00:00,3309.27,3310.2,3308.55,3308.55,259.0
2025-07-07 13:05:00,3308.49,3309.73,3307.84,3308.94,269.0
2025-07-07 13:10:00,3309.07,3310.07,3308.36,3309.74,256.0
2025-07-07 13:15:00,3309.51,3310.72,3308.68,3309.25,300.0
2025-07-07 13:20:00,3309.28,3309.87,3308.21,3309.22,317.0
2025-07-07 13:25:00,3309.23,3309.99,3308.03,3308.27,239.0
2025-07-07 13:30:00,3308.31,3308.73,3307.41,3308.52,254.0
2025-07-07 13:35:00,3308.41,3308.73,3304.28,3305.53,369.0
2025-07-07 13:40:00,3305.4,3305.51,3297.47,3298.55,466.0
2025-07-07 13:45:00,3298.24,3302.92,3296.45,3302.92,421.0
2025-07-07 13:50:00,3302.92,3303.59,3300.19,3303.49,338.0
2025-07-07 13:55:00,3303.77,3304.05,3300.11,3302.06,328.0
2025-07-07 14:00:00,3302.1,3303.22,3300.04,3301.37,389.0
2025-07-07 14:05:00,3301.33,3307.58,3300.81,3305.79,402.0
2025-07-07 14:10:00,3305.77,3306.65,3303.85,3304.52,350.0
2025-07-07 14:15:00,3304.5,3305.32,3302.52,3304.3,341.0
2025-07-07 14:20:00,3304.37,3304.43,3303.02,3303.44,255.0
2025-07-07 14:25:00,3303.49,3303.97,3301.53,3302.31,295.0
2025-07-07 14:30:00,3302.3,3302.59,3301.24,3302.4,284.0
2025-07-07 14:35:00,3302.44,3302.71,3300.97,3301.23,281.0
2025-07-07 14:40:00,3301.44,3303.15,3299.72,3300.86,364.0
2025-07-07 14:45:00,3300.83,3304.41,3300.83,3303.54,320.0
2025-07-07 14:50:00,3303.42,3305.3,3301.49,3304.74,348.0
2025-07-07 14:55:00,3304.73,3305.86,3300.31,3301.78,408.0
2025-07-07 15:00:00,3301.98,3304.08,3301.65,3302.44,333.0
2025-07-07 15:05:00,3302.34,3304.57,3302.06,3303.9,304.0
2025-07-07 15:10:00,3303.98,3304.51,3302.92,3302.92,303.0
2025-07-07 15:15:00,3302.96,3305.52,3300.6,3305.09,389.0
2025-07-07 15:20:00,3304.83,3307.78,3301.17,3305.54,426.0
2025-07-07 15:25:00,3305.53,3305.54,3302.9,3302.9,390.0
2025-07-07 15:30:00,3302.56,3305.44,3302.18,3303.62,343.0
2025-07-07 15:35:00,3303.62,3309.52,3303.6,3309.18,375.0
2025-07-07 15:40:00,3309.47,3310.61,3307.92,3308.0,389.0
2025-07-07 15:45:00,3308.0,3311.9,3307.86,3310.99,412.0
2025-07-07 15:50:00,3310.79,3312.55,3310.13,3310.48,378.0
2025-07-07 15:55:00,3310.63,3311.2,3308.8,3309.6,351.0
2025-07-07 16:00:00,3309.57,3311.31,3307.42,3310.12,405.0
2025-07-07 16:05:00,3310.05,3310.43,3307.52,3307.62,340.0
2025-07-07 16:10:00,3307.63,3308.16,3306.67,3307.6,321.0
2025-07-07 16:15:00,3307.43,3310.49,3307.19,3309.71,380.0
2025-07-07 16:20:00,3309.76,3311.06,3308.3,3310.56,317.0
2025-07-07 16:25:00,3310.58,3312.45,3309.69,3311.65,308.0
2025-07-07 16:30:00,3311.75,3312.14,3308.62,3309.36,439.0
2025-07-07 16:35:00,3309.23,3310.8,3306.21,3306.88,445.0
2025-07-07 16:40:00,3306.9,3311.46,3306.69,3311.37,424.0
2025-07-07 16:45:00,3311.38,3312.37,3310.13,3310.54,411.0
2025-07-07 16:50:00,3310.57,3316.97,3310.46,3315.13,421.0
2025-07-07 16:55:00,3315.04,3317.04,3314.36,3316.31,439.0
2025-07-07 17:00:00,3316.55,3316.9,3313.28,3314.2,411.0
2025-07-07 17:05:00,3314.21,3316.92,3313.67,3316.49,412.0
2025-07-07 17:10:00,3316.45,3318.66,3316.15,3317.04,368.0
2025-07-07 17:15:00,3316.92,3319.07,3316.83,3318.55,401.0
2025-07-07 17:20:00,3318.56,3318.57,3316.46,3316.6,338.0
2025-07-07 17:25:00,3316.62,3316.63,3314.29,3314.55,338.0
2025-07-07 17:30:00,3314.71,3317.75,3314.49,3317.56,353.0
2025-07-07 17:35:00,3317.4,3318.82,3316.18,3318.43,340.0
2025-07-07 17:40:00,3318.62,3319.84,3318.2,3319.54,327.0
2025-07-07 17:45:00,3319.55,3319.88,3318.47,3318.95,319.0
2025-07-07 17:50:00,3318.99,3321.3,3318.32,3319.9,364.0
2025-07-07 17:55:00,3319.88,3319.88,3317.81,3317.98,350.0
2025-07-07 18:00:00,3317.96,3319.63,3317.63,3317.94,304.0
2025-07-07 18:05:00,3317.95,3318.26,3316.13,3318.26,337.0
2025-07-07 18:10:00,3318.33,3318.81,3317.41,3318.81,238.0
2025-07-07 18:15:00,3318.82,3319.21,3317.4,3318.57,287.0
2025-07-07 18:20:00,3318.62,3320.14,3318.47,3319.84,280.0
2025-07-07 18:25:00,3319.82,3319.86,3318.45,3318.66,251.0
2025-07-07 18:30:00,3318.78,3321.03,3318.78,3320.5,322.0
2025-07-07 18:35:00,3320.54,3321.37,3320.14,3320.68,315.0
2025-07-07 18:40:00,3320.71,3321.43,3320.47,3320.99,260.0
2025-07-07 18:45:00,3321.16,3321.99,3320.74,3320.8,291.0
2025-07-07 18:50:00,3320.81,3321.78,3320.43,3321.17,275.0
2025-07-07 18:55:00,3321.22,3321.35,3320.6,3320.84,258.0
2025-07-07 19:00:00,3320.82,3321.64,3320.12,3321.55,267.0
2025-07-07 19:05:00,3321.57,3321.96,3320.91,3321.64,250.0
2025-07-07 19:10:00,3321.47,3322.91,3321.4,3322.65,264.0
2025-07-07 19:15:00,3322.63,3322.78,3321.37,3322.37,294.0
2025-07-07 19:20:00,3322.34,3326.35,3321.99,3324.52,437.0
2025-07-07 19:25:00,3324.53,3326.91,3324.42,3324.8,397.0
2025-07-07 19:30:00,3324.79,3325.37,3323.64,3324.52,349.0
2025-07-07 19:35:00,3324.46,3327.17,3324.44,3326.54,355.0
2025-07-07 19:40:00,3326.5,3327.63,3325.84,3326.28,321.0
2025-07-07 19:45:00,3326.29,3327.36,3325.9,3327.03,318.0
2025-07-07 19:50:00,3327.04,3328.02,3326.71,3327.28,347.0
2025-07-07 19:55:00,3327.31,3327.7,3325.58,3327.4,352.0
2025-07-07 20:00:00,3327.42,3329.81,3327.42,3328.84,371.0
2025-07-07 20:05:00,3328.83,3330.54,3328.48,3329.76,356.0
2025-07-07 20:10:00,3329.7,3332.52,3329.7,3331.16,358.0
2025-07-07 20:15:00,3331.11,3333.33,3331.11,3333.21,331.0
2025-07-07 20:20:00,3333.2,3333.22,3331.99,3332.75,318.0
2025-07-07 20:25:00,3332.67,3333.87,3332.26,3332.42,313.0
2025-07-07 20:30:00,3332.39,3335.07,3330.68,3334.74,423.0
2025-07-07 20:35:00,3334.66,3335.82,3334.36,3334.53,362.0
2025-07-07 20:40:00,3334.46,3334.53,3333.17,3333.71,314.0
2025-07-07 20:45:00,3333.7,3333.98,3332.46,3332.47,271.0
2025-07-07 20:50:00,3332.35,3333.21,3332.15,3332.73,259.0
2025-07-07 20:55:00,3332.74,3332.97,3331.99,3332.03,258.0
2025-07-07 21:00:00,3331.99,3332.36,3330.36,3330.63,328.0
2025-07-07 21:05:00,3330.58,3330.83,3328.99,3330.07,318.0
2025-07-07 21:10:00,3330.13,3330.46,3329.82,3330.13,273.0
2025-07-07 21:15:00,3330.06,3330.78,3329.77,3330.02,292.0
2025-07-07 21:20:00,3330.03,3330.12,3328.48,3328.69,305.0
2025-07-07 21:25:00,3328.69,3330.17,3328.54,3330.17,249.0
2025-07-07 21:30:00,3330.18,3331.98,3330.18,3330.23,262.0
2025-07-07 21:35:00,3330.18,3332.13,3330.13,3331.95,242.0
2025-07-07 21:40:00,3331.96,3334.94,3331.65,3334.87,318.0
2025-07-07 21:45:00,3334.78,3334.78,3332.99,3334.67,288.0
2025-07-07 21:50:00,3334.63,3335.69,3334.03,3334.4,249.0
2025-07-07 21:55:00,3334.42,3335.06,3334.11,3334.38,263.0
2025-07-07 22:00:00,3334.34,3336.44,3334.34,3335.72,313.0
2025-07-07 22:05:00,3335.73,3337.16,3335.69,3336.87,282.0
2025-07-07 22:10:00,3336.87,3338.35,3336.87,3338.08,288.0
2025-07-07 22:15:00,3338.07,3338.25,3336.48,3336.76,267.0
2025-07-07 22:20:00,3336.66,3337.7,3336.56,3337.68,264.0
2025-07-07 22:25:00,3337.77,3339.07,3337.25,3338.49,254.0
2025-07-07 22:30:00,3338.53,3339.75,3337.47,3339.74,228.0
2025-07-07 22:35:00,3339.74,3340.18,3339.03,3339.82,276.0
2025-07-07 22:40:00,3339.9,3340.28,3339.43,3339.75,239.0
2025-07-07 22:45:00,3339.8,3340.37,3338.8,3338.81,246.0
2025-07-07 22:50:00,3338.65,3339.9,3338.24,3338.72,321.0
2025-07-07 22:55:00,3337.49,3337.62,3336.56,3337.05,252.0
2025-07-07 23:00:00,3337.31,3337.38,3336.44,3336.99,196.0
2025-07-07 23:05:00,3337.06,3337.4,3336.55,3336.96,186.0
2025-07-07 23:10:00,3336.89,3337.14,3335.48,3336.83,181.0
2025-07-07 23:15:00,3336.89,3337.31,3336.23,3336.34,173.0
2025-07-07 23:20:00,3336.36,3337.45,3336.35,3336.52,143.0
2025-07-07 23:25:00,3336.62,3336.79,3336.13,3336.49,118.0
2025-07-07 23:30:00,3336.44,3336.68,3336.02,3336.48,88.0
2025-07-07 23:35:00,3336.54,3336.69,3336.02,3336.52,98.0
2025-07-07 23:40:00,3336.52,3336.82,3335.73,3336.25,133.0
2025-07-07 23:45:00,3336.22,3337.3,3336.22,3337.3,126.0
2025-07-07 23:50:00,3337.33,3338.02,3336.75,3337.54,110.0
2025-07-07 23:55:00,3337.26,3337.37,3336.08,3336.16,107.0
2025-07-08 01:00:00,3338.99,3341.81,3338.93,3340.68,161.0
2025-07-08 01:05:00,3341.87,3345.06,3341.78,3342.75,209.0
2025-07-08 01:10:00,3342.68,3344.86,3342.68,3344.25,188.0
2025-07-08 01:15:00,3344.23,3345.76,3343.34,3343.7,212.0
2025-07-08 01:20:00,3343.72,3343.94,3341.83,3342.05,189.0
2025-07-08 01:25:00,3342.08,3342.8,3341.17,3342.16,200.0
2025-07-08 01:30:00,3341.91,3342.8,3341.44,3341.45,192.0
2025-07-08 01:35:00,3341.45,3342.21,3340.67,3341.4,171.0
2025-07-08 01:40:00,3341.37,3341.43,3339.57,3339.61,215.0
2025-07-08 01:45:00,3339.61,3340.16,3338.9,3339.03,179.0
2025-07-08 01:50:00,3339.02,3340.89,3339.01,3339.73,192.0
2025-07-08 01:55:00,3339.74,3340.18,3339.04,3339.7,145.0
2025-07-08 02:00:00,3339.75,3340.04,3336.46,3336.55,224.0
2025-07-08 02:05:00,3336.68,3337.37,3335.2,3337.26,252.0
2025-07-08 02:10:00,3337.28,3337.62,3336.87,3337.23,155.0
2025-07-08 02:15:00,3337.22,3337.64,3334.12,3335.99,221.0
2025-07-08 02:20:00,3335.82,3336.55,3335.55,3336.15,171.0
2025-07-08 02:25:00,3336.16,3336.65,3335.72,3336.18,196.0
2025-07-08 02:30:00,3336.2,3337.23,3335.83,3336.52,155.0
2025-07-08 02:35:00,3336.62,3337.32,3336.06,3336.76,146.0
2025-07-08 02:40:00,3336.78,3337.29,3335.55,3336.66,174.0
2025-07-08 02:45:00,3336.67,3336.84,3334.34,3336.48,269.0
2025-07-08 02:50:00,3336.45,3336.54,3334.08,3335.59,260.0
2025-07-08 02:55:00,3335.55,3335.81,3333.99,3334.62,286.0
2025-07-08 03:00:00,3334.69,3336.05,3333.03,3336.03,346.0
2025-07-08 03:05:00,3336.01,3336.61,3334.12,3335.81,351.0
2025-07-08 03:10:00,3335.88,3337.17,3335.88,3336.28,314.0
2025-07-08 03:15:00,3336.28,3337.28,3333.66,3333.73,355.0
2025-07-08 03:20:00,3333.71,3335.56,3332.46,3332.46,362.0
2025-07-08 03:25:00,3332.44,3333.42,3331.95,3332.73,320.0
2025-07-08 03:30:00,3332.81,3333.78,3332.09,3332.32,313.0
2025-07-08 03:35:00,3332.3,3333.47,3331.72,3331.72,316.0
2025-07-08 03:40:00,3331.63,3333.9,3331.29,3333.6,326.0
2025-07-08 03:45:00,3333.63,3334.76,3333.2,3334.34,257.0
2025-07-08 03:50:00,3334.22,3335.29,3333.68,3333.94,258.0
2025-07-08 03:55:00,3333.82,3334.8,3332.82,3334.22,292.0
2025-07-08 04:00:00,3334.08,3335.53,3333.4,3334.7,398.0
2025-07-08 04:05:00,3334.43,3334.7,3329.99,3331.65,384.0
2025-07-08 04:10:00,3331.67,3331.67,3329.67,3331.47,366.0
2025-07-08 04:15:00,3331.51,3333.12,3330.46,3331.86,350.0
2025-07-08 04:20:00,3331.8,3333.88,3331.78,3333.22,299.0
2025-07-08 04:25:00,3333.13,3335.31,3332.82,3333.99,312.0
2025-07-08 04:30:00,3333.99,3334.02,3332.4,3333.54,318.0
2025-07-08 04:35:00,3333.77,3336.89,3333.66,3335.53,378.0
2025-07-08 04:40:00,3335.64,3336.94,3334.65,3334.65,354.0
2025-07-08 04:45:00,3334.66,3336.43,3334.25,3334.92,365.0
2025-07-08 04:50:00,3334.87,3334.92,3332.39,3332.99,348.0
2025-07-08 04:55:00,3333.0,3334.95,3333.0,3334.78,361.0
2025-07-08 05:00:00,3334.73,3336.24,3332.99,3335.66,350.0
2025-07-08 05:05:00,3335.62,3335.82,3333.65,3333.67,306.0
2025-07-08 05:10:00,3333.64,3334.31,3332.92,3333.91,324.0
2025-07-08 05:15:00,3333.97,3334.39,3333.52,3333.96,253.0
2025-07-08 05:20:00,3333.97,3335.73,3333.58,3334.97,234.0
2025-07-08 05:25:00,3334.98,3336.15,3334.93,3335.92,302.0
2025-07-08 05:30:00,3335.95,3336.16,3333.61,3334.22,308.0
2025-07-08 05:35:00,3334.19,3335.72,3334.17,3335.22,252.0
2025-07-08 05:40:00,3335.21,3336.27,3334.6,3335.57,305.0
2025-07-08 05:45:00,3335.61,3337.75,3335.48,3337.52,308.0
2025-07-08 05:50:00,3337.43,3337.98,3336.29,3336.88,293.0
2025-07-08 05:55:00,3336.97,3337.02,3333.99,3334.47,311.0
2025-07-08 06:00:00,3334.34,3335.48,3333.01,3333.08,285.0
2025-07-08 06:05:00,3333.0,3333.25,3331.25,3332.54,287.0
2025-07-08 06:10:00,3332.58,3333.43,3331.95,3332.1,250.0
2025-07-08 06:15:00,3332.04,3332.08,3330.98,3330.99,242.0
2025-07-08 06:20:00,3330.99,3331.83,3329.66,3329.66,309.0
2025-07-08 06:25:00,3329.71,3331.77,3329.6,3331.59,270.0
2025-07-08 06:30:00,3331.61,3332.04,3330.86,3331.65,197.0
2025-07-08 06:35:00,3331.63,3331.66,3330.67,3330.85,154.0
2025-07-08 06:40:00,3330.84,3331.78,3330.72,3330.75,159.0
2025-07-08 06:45:00,3330.74,3331.91,3330.58,3331.48,227.0
2025-07-08 06:50:00,3331.5,3331.89,3330.88,3331.87,181.0
2025-07-08 06:55:00,3331.84,3333.03,3331.34,3331.5,271.0
2025-07-08 07:00:00,3331.33,3331.98,3330.0,3330.51,250.0
2025-07-08 07:05:00,3330.46,3332.78,3330.35,3332.31,210.0
2025-07-08 07:10:00,3332.36,3332.46,3330.85,3330.97,164.0
2025-07-08 07:15:00,3330.88,3331.39,3330.74,3330.9,180.0
2025-07-08 07:20:00,3330.89,3331.14,3330.35,3330.35,143.0
2025-07-08 07:25:00,3330.39,3330.47,3329.53,3329.74,192.0
2025-07-08 07:30:00,3329.62,3331.45,3329.2,3330.89,363.0
2025-07-08 07:35:00,3330.84,3331.11,3329.81,3331.08,265.0
2025-07-08 07:40:00,3331.1,3331.11,3330.0,3330.44,193.0
2025-07-08 07:45:00,3330.6,3330.77,3327.78,3328.04,288.0
2025-07-08 07:50:00,3328.05,3329.25,3327.51,3329.09,246.0
2025-07-08 07:55:00,3328.92,3329.74,3328.85,3329.62,184.0
2025-07-08 08:00:00,3329.56,3331.32,3329.46,3331.26,228.0
2025-07-08 08:05:00,3331.23,3331.82,3330.78,3331.1,222.0
2025-07-08 08:10:00,3331.08,3333.62,3330.72,3333.61,263.0
2025-07-08 08:15:00,3333.68,3334.48,3333.46,3334.1,255.0
2025-07-08 08:20:00,3334.06,3335.55,3333.7,3335.29,254.0
2025-07-08 08:25:00,3335.32,3336.49,3335.32,3335.67,309.0
2025-07-08 08:30:00,3335.58,3335.94,3334.78,3335.4,343.0
2025-07-08 08:35:00,3335.48,3336.47,3334.64,3335.29,283.0
2025-07-08 08:40:00,3335.28,3335.99,3334.23,3334.49,250.0
2025-07-08 08:45:00,3334.51,3335.23,3333.99,3335.06,259.0
2025-07-08 08:50:00,3335.05,3336.12,3334.87,3335.88,280.0
2025-07-08 08:55:00,3335.84,3335.89,3333.45,3334.07,307.0
2025-07-08 09:00:00,3334.06,3335.13,3333.56,3333.9,275.0
2025-07-08 09:05:00,3333.83,3334.61,3332.78,3332.78,310.0
2025-07-08 09:10:00,3332.66,3333.84,3331.25,3332.22,391.0
2025-07-08 09:15:00,3332.2,3332.61,3330.87,3331.91,289.0
2025-07-08 09:20:00,3331.72,3334.85,3331.49,3334.28,317.0
2025-07-08 09:25:00,3334.29,3334.96,3332.07,3334.58,300.0
2025-07-08 09:30:00,3334.6,3334.99,3333.33,3333.79,260.0
2025-07-08 09:35:00,3333.73,3334.38,3333.53,3334.01,266.0
2025-07-08 09:40:00,3334.12,3334.75,3333.38,3334.06,257.0
2025-07-08 09:45:00,3334.11,3334.26,3332.62,3333.2,276.0
2025-07-08 09:50:00,3333.19,3334.66,3332.71,3334.65,282.0
2025-07-08 09:55:00,3334.63,3336.01,3334.22,3335.83,305.0
2025-07-08 10:00:00,3336.3,3338.04,3335.77,3338.0,370.0
2025-07-08 10:05:00,3337.93,3339.46,3337.25,3338.81,342.0
2025-07-08 10:10:00,3338.8,3339.4,3337.94,3338.0,305.0
2025-07-08 10:15:00,3337.96,3338.34,3336.36,3336.41,273.0
2025-07-08 10:20:00,3336.38,3336.86,3334.72,3335.05,309.0
2025-07-08 10:25:00,3334.95,3335.02,3332.76,3333.07,323.0
2025-07-08 10:30:00,3333.03,3333.65,3331.93,3332.47,309.0
2025-07-08 10:35:00,3332.47,3332.7,3330.78,3330.78,299.0
2025-07-08 10:40:00,3330.68,3332.71,3330.49,3332.71,330.0
2025-07-08 10:45:00,3332.71,3333.75,3332.1,3332.98,336.0
2025-07-08 10:50:00,3333.12,3335.47,3332.94,3334.75,321.0
2025-07-08 10:55:00,3334.8,3335.09,3333.38,3333.92,319.0
2025-07-08 11:00:00,3333.87,3333.87,3330.55,3330.84,378.0
2025-07-08 11:05:00,3330.9,3331.49,3326.14,3328.74,459.0
2025-07-08 11:10:00,3328.82,3330.14,3327.43,3327.92,395.0
2025-07-08 11:15:00,3327.95,3327.96,3325.28,3326.24,358.0
2025-07-08 11:20:00,3326.27,3327.2,3324.53,3327.07,388.0
2025-07-08 11:25:00,3326.59,3328.91,3326.59,3328.48,339.0
2025-07-08 11:30:00,3328.5,3329.58,3328.19,3328.84,334.0
2025-07-08 11:35:00,3328.96,3329.45,3325.68,3327.82,352.0
2025-07-08 11:40:00,3327.92,3328.04,3325.99,3326.58,313.0
2025-07-08 11:45:00,3326.58,3327.05,3324.38,3324.38,356.0
2025-07-08 11:50:00,3324.39,3325.77,3323.99,3324.83,313.0
2025-07-08 11:55:00,3325.11,3325.27,3323.35,3323.72,308.0
2025-07-08 12:00:00,3323.67,3325.41,3322.9,3324.56,346.0
2025-07-08 12:05:00,3324.42,3325.27,3323.96,3324.44,269.0
2025-07-08 12:10:00,3324.47,3325.02,3323.79,3324.39,233.0
2025-07-08 12:15:00,3324.42,3325.24,3323.7,3323.88,306.0
2025-07-08 12:20:00,3323.9,3326.2,3323.15,3325.81,344.0
2025-07-08 12:25:00,3325.5,3326.76,3323.5,3324.78,313.0
2025-07-08 12:30:00,3324.93,3326.06,3321.71,3325.46,352.0
2025-07-08 12:35:00,3325.22,3325.9,3324.36,3325.66,283.0
2025-07-08 12:40:00,3325.65,3326.14,3324.17,3324.18,232.0
2025-07-08 12:45:00,3324.08,3324.76,3323.59,3323.7,227.0
2025-07-08 12:50:00,3323.69,3323.8,3321.69,3322.51,310.0
2025-07-08 12:55:00,3322.54,3322.98,3321.2,3322.05,337.0
2025-07-08 13:00:00,3322.06,3323.97,3321.83,3323.92,283.0
2025-07-08 13:05:00,3324.0,3324.25,3323.05,3323.86,242.0
2025-07-08 13:10:00,3323.9,3324.86,3323.42,3323.89,249.0
2025-07-08 13:15:00,3323.92,3324.15,3321.78,3322.34,250.0
2025-07-08 13:20:00,3322.3,3322.64,3320.47,3321.55,298.0
2025-07-08 13:25:00,3321.52,3323.54,3321.2,3323.3,242.0
2025-07-08 13:30:00,3323.46,3324.38,3322.55,3324.34,224.0
2025-07-08 13:35:00,3324.35,3326.2,3324.34,3324.95,291.0
2025-07-08 13:40:00,3325.0,3325.71,3324.35,3325.67,238.0
2025-07-08 13:45:00,3325.76,3326.34,3325.0,3326.04,248.0
2025-07-08 13:50:00,3326.0,3327.08,3325.19,3325.4,255.0
2025-07-08 13:55:00,3325.39,3325.65,3324.54,3324.55,215.0
2025-07-08 14:00:00,3324.7,3324.95,3323.37,3324.62,251.0
2025-07-08 14:05:00,3324.65,3325.41,3324.32,3325.18,235.0
2025-07-08 14:10:00,3324.96,3325.46,3324.0,3324.15,231.0
2025-07-08 14:15:00,3324.08,3327.44,3323.86,3327.07,290.0
2025-07-08 14:20:00,3327.12,3327.12,3324.85,3325.53,258.0
2025-07-08 14:25:00,3325.52,3325.72,3323.24,3324.85,296.0
2025-07-08 14:30:00,3324.81,3325.88,3323.88,3325.73,257.0
2025-07-08 14:35:00,3325.72,3326.03,3321.47,3321.47,335.0
2025-07-08 14:40:00,3321.43,3321.82,3320.06,3320.96,306.0
2025-07-08 14:45:00,3321.06,3323.53,3320.49,3322.93,314.0
2025-07-08 14:50:00,3322.99,3323.77,3321.68,3321.93,310.0
2025-07-08 14:55:00,3321.94,3325.21,3321.86,3324.97,306.0
2025-07-08 15:00:00,3325.0,3327.93,3324.77,3327.51,337.0
2025-07-08 15:05:00,3327.31,3329.56,3327.24,3328.27,397.0
2025-07-08 15:10:00,3328.28,3329.46,3326.34,3329.32,367.0
2025-07-08 15:15:00,3329.3,3329.63,3327.08,3327.11,372.0
2025-07-08 15:20:00,3327.09,3328.23,3325.29,3326.22,367.0
2025-07-08 15:25:00,3326.24,3327.31,3325.46,3327.31,316.0
2025-07-08 15:30:00,3327.3,3329.48,3327.3,3329.34,328.0
2025-07-08 15:35:00,3329.32,3329.85,3328.6,3328.7,294.0
2025-07-08 15:40:00,3328.71,3328.71,3326.19,3326.23,330.0
2025-07-08 15:45:00,3326.1,3327.62,3325.97,3327.51,289.0
2025-07-08 15:50:00,3327.82,3328.76,3327.44,3328.34,270.0
2025-07-08 15:55:00,3328.47,3328.67,3327.91,3328.22,282.0
2025-07-08 16:00:00,3328.2,3328.64,3325.79,3326.8,348.0
2025-07-08 16:05:00,3326.87,3326.9,3322.52,3323.82,405.0
2025-07-08 16:10:00,3323.83,3324.97,3320.19,3322.37,448.0
2025-07-08 16:15:00,3321.78,3322.96,3319.08,3321.98,465.0
2025-07-08 16:20:00,3322.01,3324.0,3321.8,3323.05,348.0
2025-07-08 16:25:00,3323.16,3326.31,3323.02,3325.62,374.0
2025-07-08 16:30:00,3325.62,3326.78,3324.13,3324.18,439.0
2025-07-08 16:35:00,3324.09,3324.95,3321.19,3324.95,467.0
2025-07-08 16:40:00,3324.92,3325.33,3321.09,3321.67,449.0
2025-07-08 16:45:00,3321.64,3322.46,3314.8,3316.24,473.0
2025-07-08 16:50:00,3315.98,3317.24,3314.74,3315.8,519.0
2025-07-08 16:55:00,3315.79,3316.98,3314.96,3315.27,454.0
2025-07-08 17:00:00,3315.08,3315.79,3310.57,3311.92,479.0
2025-07-08 17:05:00,3312.24,3312.86,3307.62,3308.29,521.0
2025-07-08 17:10:00,3308.27,3310.35,3305.26,3305.99,513.0
2025-07-08 17:15:00,3306.11,3307.57,3304.74,3307.45,522.0
2025-07-08 17:20:00,3307.38,3307.58,3300.9,3301.57,500.0
2025-07-08 17:25:00,3301.39,3306.05,3300.84,3304.92,481.0
2025-07-08 17:30:00,3305.0,3305.0,3300.6,3301.54,494.0
2025-07-08 17:35:00,3301.52,3303.02,3297.09,3301.37,487.0
2025-07-08 17:40:00,3301.33,3301.94,3295.08,3297.74,503.0
2025-07-08 17:45:00,3297.66,3299.37,3295.03,3296.28,458.0
2025-07-08 17:50:00,3296.3,3297.19,3294.41,3295.12,460.0
2025-07-08 17:55:00,3295.24,3297.3,3294.79,3296.49,452.0
2025-07-08 18:00:00,3296.55,3298.39,3294.14,3294.6,489.0
2025-07-08 18:05:00,3294.55,3296.3,3291.25,3291.66,468.0
2025-07-08 18:10:00,3291.6,3292.95,3287.13,3291.6,515.0
2025-07-08 18:15:00,3291.51,3295.64,3288.94,3293.49,518.0
2025-07-08 18:20:00,3293.21,3295.8,3292.91,3295.34,413.0
2025-07-08 18:25:00,3295.36,3297.37,3295.01,3296.54,418.0
2025-07-08 18:30:00,3296.57,3297.91,3295.47,3295.54,380.0
2025-07-08 18:35:00,3295.59,3296.8,3294.79,3296.46,377.0
2025-07-08 18:40:00,3296.48,3297.84,3295.52,3297.02,366.0
2025-07-08 18:45:00,3297.01,3298.89,3296.98,3298.84,342.0
2025-07-08 18:50:00,3298.88,3300.28,3298.38,3298.8,372.0
2025-07-08 18:55:00,3298.73,3300.03,3297.85,3298.21,320.0
2025-07-08 19:00:00,3298.25,3298.9,3296.81,3298.9,329.0
2025-07-08 19:05:00,3298.94,3299.33,3297.22,3297.29,324.0
2025-07-08 19:10:00,3297.29,3298.49,3296.78,3297.49,310.0
2025-07-08 19:15:00,3297.5,3298.73,3296.47,3298.43,351.0
2025-07-08 19:20:00,3298.4,3301.29,3298.09,3300.51,334.0
2025-07-08 19:25:00,3300.5,3301.25,3299.44,3300.1,324.0
2025-07-08 19:30:00,3300.0,3300.07,3296.79,3298.6,422.0
2025-07-08 19:35:00,3298.61,3298.61,3295.96,3297.32,352.0
2025-07-08 19:40:00,3297.34,3298.58,3296.92,3298.04,340.0
2025-07-08 19:45:00,3298.11,3300.05,3298.08,3299.07,312.0
2025-07-08 19:50:00,3299.03,3299.29,3296.78,3297.14,325.0
2025-07-08 19:55:00,3297.09,3301.57,3296.04,3300.37,475.0
2025-07-08 20:00:00,3300.54,3305.24,3299.35,3304.8,477.0
2025-07-08 20:05:00,3304.87,3307.0,3303.78,3306.21,462.0
2025-07-08 20:10:00,3306.27,3306.75,3303.76,3304.1,429.0
2025-07-08 20:15:00,3304.11,3306.19,3303.72,3305.59,400.0
2025-07-08 20:20:00,3305.62,3308.19,3304.68,3307.51,425.0
2025-07-08 20:25:00,3307.52,3310.3,3307.49,3307.82,451.0
2025-07-08 20:30:00,3308.1,3308.86,3307.12,3307.12,392.0
2025-07-08 20:35:00,3307.11,3308.92,3307.1,3307.46,354.0
2025-07-08 20:40:00,3307.34,3307.8,3305.96,3306.27,361.0
2025-07-08 20:45:00,3306.3,3307.65,3304.75,3306.77,363.0
2025-07-08 20:50:00,3306.73,3307.36,3304.59,3305.38,353.0
2025-07-08 20:55:00,3305.39,3306.79,3305.15,3306.33,280.0
2025-07-08 21:00:00,3306.28,3308.1,3306.24,3307.3,253.0
2025-07-08 21:05:00,3307.31,3307.92,3306.1,3307.17,305.0
2025-07-08 21:10:00,3307.14,3307.5,3305.04,3305.04,287.0
2025-07-08 21:15:00,3304.98,3306.14,3304.97,3305.8,272.0
2025-07-08 21:20:00,3305.79,3306.22,3303.03,3304.24,368.0
2025-07-08 21:25:00,3304.27,3304.27,3300.62,3301.69,364.0
2025-07-08 21:30:00,3301.66,3302.38,3300.55,3302.38,293.0
2025-07-08 21:35:00,3302.28,3304.15,3302.06,3303.91,282.0
2025-07-08 21:40:00,3303.98,3305.3,3303.71,3304.73,322.0
2025-07-08 21:45:00,3304.69,3306.29,3304.69,3305.91,297.0
2025-07-08 21:50:00,3306.0,3306.78,3305.26,3305.98,296.0
2025-07-08 21:55:00,3305.95,3306.2,3304.92,3305.38,258.0
2025-07-08 22:00:00,3305.41,3306.09,3304.85,3305.26,277.0
2025-07-08 22:05:00,3305.25,3305.34,3303.34,3303.59,280.0
2025-07-08 22:10:00,3303.43,3304.23,3302.96,3303.88,280.0
2025-07-08 22:15:00,3303.97,3304.35,3303.3,3303.44,275.0
2025-07-08 22:20:00,3303.47,3304.42,3303.33,3303.93,283.0
2025-07-08 22:25:00,3303.89,3304.13,3303.26,3303.4,282.0
2025-07-08 22:30:00,3303.39,3305.04,3303.37,3304.21,300.0
2025-07-08 22:35:00,3304.24,3304.72,3303.55,3304.38,270.0
2025-07-08 22:40:00,3304.26,3304.99,3303.88,3304.95,279.0
2025-07-08 22:45:00,3305.0,3305.75,3304.69,3305.38,260.0
2025-07-08 22:50:00,3305.39,3305.39,3304.29,3304.62,370.0
2025-07-08 22:55:00,3304.69,3304.76,3302.5,3302.99,385.0
2025-07-08 23:00:00,3302.61,3303.18,3301.43,3302.52,242.0
2025-07-08 23:05:00,3302.53,3303.31,3302.53,3303.29,152.0
2025-07-08 23:10:00,3303.31,3303.73,3302.73,3303.5,123.0
2025-07-08 23:15:00,3303.53,3303.57,3302.12,3302.48,170.0
2025-07-08 23:20:00,3302.53,3303.46,3302.46,3302.86,123.0
2025-07-08 23:25:00,3302.85,3303.02,3302.14,3302.2,116.0
2025-07-08 23:30:00,3302.19,3302.9,3301.95,3301.95,150.0
2025-07-08 23:35:00,3301.98,3302.03,3300.84,3301.07,168.0
2025-07-08 23:40:00,3301.05,3301.83,3301.05,3301.58,142.0
2025-07-08 23:45:00,3301.57,3301.65,3300.26,3300.53,160.0
2025-07-08 23:50:00,3300.52,3300.66,3299.4,3300.51,203.0
2025-07-08 23:55:00,3300.98,3301.79,3300.87,3301.48,140.0
2025-07-09 01:00:00,3302.39,3303.44,3302.27,3302.93,191.0
2025-07-09 01:05:00,3302.91,3303.97,3302.57,3303.47,153.0
2025-07-09 01:10:00,3303.48,3303.64,3302.12,3303.57,156.0
2025-07-09 01:15:00,3303.65,3303.96,3300.69,3300.77,222.0
2025-07-09 01:20:00,3300.88,3302.23,3300.58,3301.76,191.0
2025-07-09 01:25:00,3301.73,3302.59,3301.6,3301.82,127.0
2025-07-09 01:30:00,3301.81,3302.74,3301.14,3301.24,195.0
2025-07-09 01:35:00,3301.49,3302.32,3301.0,3302.02,170.0
2025-07-09 01:40:00,3302.03,3302.08,3301.19,3301.78,171.0
2025-07-09 01:45:00,3301.76,3302.19,3301.31,3301.58,137.0
2025-07-09 01:50:00,3301.61,3301.74,3300.64,3300.98,148.0
2025-07-09 01:55:00,3300.97,3301.76,3300.34,3301.58,154.0
2025-07-09 02:00:00,3301.6,3302.33,3300.98,3301.66,215.0
2025-07-09 02:05:00,3301.65,3302.59,3301.35,3302.06,221.0
2025-07-09 02:10:00,3302.02,3303.61,3302.02,3303.13,185.0
2025-07-09 02:15:00,3303.23,3303.63,3302.54,3303.56,206.0
2025-07-09 02:20:00,3303.61,3303.92,3302.54,3303.81,185.0
2025-07-09 02:25:00,3303.87,3303.91,3301.34,3301.36,178.0
2025-07-09 02:30:00,3301.2,3301.32,3300.12,3300.2,186.0
2025-07-09 02:35:00,3300.19,3300.24,3298.06,3300.24,262.0
2025-07-09 02:40:00,3300.24,3301.07,3297.26,3298.02,264.0
2025-07-09 02:45:00,3298.28,3301.16,3297.52,3300.78,293.0
2025-07-09 02:50:00,3300.77,3301.56,3299.71,3301.04,248.0
2025-07-09 02:55:00,3301.1,3302.76,3301.04,3302.32,278.0
2025-07-09 03:00:00,3302.59,3307.91,3301.97,3306.37,402.0
2025-07-09 03:05:00,3306.28,3307.82,3305.47,3305.95,304.0
2025-07-09 03:10:00,3305.92,3306.18,3304.36,3305.09,250.0
2025-07-09 03:15:00,3305.07,3306.32,3303.99,3305.32,247.0
2025-07-09 03:20:00,3305.29,3306.37,3304.56,3304.56,225.0
2025-07-09 03:25:00,3304.54,3305.32,3303.48,3304.73,221.0
2025-07-09 03:30:00,3304.71,3306.48,3304.34,3304.45,238.0
2025-07-09 03:35:00,3304.43,3305.36,3304.2,3304.81,208.0
2025-07-09 03:40:00,3304.74,3306.56,3304.54,3305.91,222.0
2025-07-09 03:45:00,3305.95,3306.21,3305.27,3305.68,179.0
2025-07-09 03:50:00,3305.47,3306.53,3305.46,3305.88,208.0
2025-07-09 03:55:00,3306.02,3307.03,3305.86,3307.01,232.0
2025-07-09 04:00:00,3307.13,3307.13,3303.47,3305.7,363.0
2025-07-09 04:05:00,3305.69,3306.64,3304.17,3304.27,303.0
2025-07-09 04:10:00,3304.25,3304.62,3301.21,3302.96,308.0
2025-07-09 04:15:00,3302.93,3304.15,3302.39,3304.08,303.0
2025-07-09 04:20:00,3304.14,3307.15,3304.13,3306.54,308.0
2025-07-09 04:25:00,3306.57,3307.02,3305.68,3306.25,266.0
2025-07-09 04:30:00,3306.35,3307.27,3305.63,3306.91,251.0
2025-07-09 04:35:00,3306.99,3307.03,3303.73,3303.79,292.0
2025-07-09 04:40:00,3303.78,3304.98,3303.41,3303.52,287.0
2025-07-09 04:45:00,3303.53,3303.53,3299.55,3300.04,320.0
2025-07-09 04:50:00,3300.03,3302.85,3299.29,3302.55,318.0
2025-07-09 04:55:00,3302.57,3303.41,3300.97,3301.83,274.0
2025-07-09 05:00:00,3301.79,3302.8,3300.35,3301.65,277.0
2025-07-09 05:05:00,3301.66,3302.86,3300.88,3300.88,291.0
2025-07-09 05:10:00,3300.89,3301.5,3299.65,3301.1,286.0
2025-07-09 05:15:00,3301.03,3301.45,3298.72,3301.28,270.0
2025-07-09 05:20:00,3301.29,3302.1,3300.88,3301.17,240.0
2025-07-09 05:25:00,3301.12,3302.76,3301.12,3302.71,234.0
2025-07-09 05:30:00,3302.55,3302.83,3300.9,3301.28,254.0
2025-07-09 05:35:00,3301.36,3301.45,3297.4,3297.81,285.0
2025-07-09 05:40:00,3297.88,3297.88,3294.16,3294.52,363.0
2025-07-09 05:45:00,3294.39,3294.39,3290.08,3290.3,376.0
2025-07-09 05:50:00,3290.25,3294.08,3286.62,3292.37,411.0
2025-07-09 05:55:00,3292.35,3293.12,3288.12,3288.4,343.0
2025-07-09 06:00:00,3288.54,3288.56,3284.96,3288.17,388.0
2025-07-09 06:05:00,3288.23,3292.37,3287.93,3291.71,373.0
2025-07-09 06:10:00,3291.81,3293.32,3291.11,3293.1,309.0
2025-07-09 06:15:00,3293.12,3293.14,3289.91,3290.6,345.0
2025-07-09 06:20:00,3290.6,3293.23,3289.89,3293.07,302.0
2025-07-09 06:25:00,3293.17,3294.09,3291.87,3292.11,298.0
2025-07-09 06:30:00,3292.08,3292.4,3290.78,3291.32,250.0
2025-07-09 06:35:00,3291.32,3291.32,3289.89,3290.77,226.0
2025-07-09 06:40:00,3290.78,3293.5,3290.73,3293.07,215.0
2025-07-09 06:45:00,3293.07,3293.62,3292.8,3293.48,186.0
2025-07-09 06:50:00,3293.5,3294.19,3293.5,3293.89,175.0
2025-07-09 06:55:00,3293.64,3294.7,3293.3,3293.31,187.0
2025-07-09 07:00:00,3293.55,3293.79,3291.3,3293.16,251.0
2025-07-09 07:05:00,3293.19,3295.59,3293.05,3295.39,295.0
2025-07-09 07:10:00,3295.43,3295.77,3294.89,3295.61,201.0
2025-07-09 07:15:00,3295.6,3295.74,3294.79,3295.4,144.0
2025-07-09 07:20:00,3295.44,3295.76,3294.92,3295.56,174.0
2025-07-09 07:25:00,3295.55,3296.1,3295.28,3295.71,178.0
2025-07-09 07:30:00,3295.79,3296.05,3295.02,3295.8,201.0
2025-07-09 07:35:00,3295.77,3295.78,3294.65,3295.68,217.0
2025-07-09 07:40:00,3295.67,3296.32,3294.92,3295.74,201.0
2025-07-09 07:45:00,3295.65,3296.38,3295.47,3296.05,184.0
2025-07-09 07:50:00,3295.97,3296.28,3295.08,3295.08,174.0
2025-07-09 07:55:00,3295.09,3295.37,3293.97,3293.99,203.0
2025-07-09 08:00:00,3293.97,3294.75,3292.74,3293.39,226.0
2025-07-09 08:05:00,3293.04,3297.8,3292.48,3297.44,295.0
2025-07-09 08:10:00,3297.26,3297.66,3295.83,3296.27,255.0
2025-07-09 08:15:00,3296.44,3296.99,3294.96,3295.44,193.0
2025-07-09 08:20:00,3295.67,3295.77,3293.12,3294.35,269.0
2025-07-09 08:25:00,3294.36,3294.36,3291.86,3292.36,240.0
2025-07-09 08:30:00,3292.55,3292.97,3291.05,3292.84,326.0
2025-07-09 08:35:00,3292.85,3294.25,3291.09,3291.1,304.0
2025-07-09 08:40:00,3291.06,3293.58,3290.32,3293.07,317.0
2025-07-09 08:45:00,3293.04,3293.47,3290.8,3291.08,298.0
2025-07-09 08:50:00,3291.08,3291.52,3290.17,3291.48,289.0
2025-07-09 08:55:00,3291.33,3292.02,3289.11,3289.37,322.0
2025-07-09 09:00:00,3289.52,3291.0,3288.0,3289.88,340.0
2025-07-09 09:05:00,3289.85,3291.19,3289.01,3290.03,284.0
2025-07-09 09:10:00,3290.01,3290.56,3287.54,3287.94,309.0
2025-07-09 09:15:00,3287.99,3289.14,3287.7,3288.95,293.0
2025-07-09 09:20:00,3288.9,3289.72,3286.58,3287.19,319.0
2025-07-09 09:25:00,3287.16,3287.45,3285.87,3287.41,303.0
2025-07-09 09:30:00,3287.42,3287.71,3286.22,3286.86,268.0
2025-07-09 09:35:00,3286.85,3288.83,3285.83,3288.47,317.0
2025-07-09 09:40:00,3288.42,3291.63,3288.42,3289.34,389.0
2025-07-09 09:45:00,3289.16,3291.08,3288.93,3290.01,304.0
2025-07-09 09:50:00,3289.99,3292.0,3289.73,3290.36,276.0
2025-07-09 09:55:00,3290.3,3292.71,3290.2,3292.26,283.0
2025-07-09 10:00:00,3292.32,3293.72,3291.12,3291.92,301.0
2025-07-09 10:05:00,3292.0,3293.25,3292.0,3292.69,268.0
2025-07-09 10:10:00,3292.87,3292.96,3290.02,3291.62,289.0
2025-07-09 10:15:00,3291.74,3294.12,3291.61,3293.61,305.0
2025-07-09 10:20:00,3293.57,3293.82,3290.95,3291.84,276.0
2025-07-09 10:25:00,3291.85,3293.41,3290.56,3290.81,282.0
2025-07-09 10:30:00,3290.71,3291.2,3288.24,3290.47,312.0
2025-07-09 10:35:00,3290.46,3291.56,3289.88,3291.32,302.0
2025-07-09 10:40:00,3291.43,3293.77,3290.52,3291.9,338.0
2025-07-09 10:45:00,3291.95,3293.9,3291.91,3293.9,278.0
2025-07-09 10:50:00,3293.89,3295.97,3293.18,3295.35,334.0
2025-07-09 10:55:00,3295.25,3295.86,3290.47,3291.94,397.0
2025-07-09 11:00:00,3291.75,3292.59,3289.02,3292.04,341.0
2025-07-09 11:05:00,3291.97,3292.45,3289.96,3290.82,283.0
2025-07-09 11:10:00,3290.79,3290.8,3288.53,3289.11,299.0
2025-07-09 11:15:00,3289.1,3289.54,3286.37,3286.85,292.0
2025-07-09 11:20:00,3286.66,3286.66,3284.23,3286.41,368.0
2025-07-09 11:25:00,3286.44,3286.86,3284.86,3285.86,322.0
2025-07-09 11:30:00,3285.84,3286.92,3285.42,3285.8,244.0
2025-07-09 11:35:00,3285.57,3286.26,3282.77,3283.97,357.0
2025-07-09 11:40:00,3284.09,3286.95,3284.09,3286.93,280.0
2025-07-09 11:45:00,3286.98,3289.51,3286.98,3289.35,296.0
2025-07-09 11:50:00,3289.43,3289.55,3285.33,3285.44,306.0
2025-07-09 11:55:00,3285.43,3286.11,3284.53,3284.98,272.0
2025-07-09 12:00:00,3284.94,3286.86,3284.37,3286.79,293.0
2025-07-09 12:05:00,3286.8,3288.87,3286.5,3287.94,289.0
2025-07-09 12:10:00,3288.03,3288.87,3287.02,3288.36,290.0
2025-07-09 12:15:00,3288.44,3289.92,3288.44,3289.56,284.0
2025-07-09 12:20:00,3289.6,3290.12,3288.73,3289.95,268.0
2025-07-09 12:25:00,3289.91,3290.21,3288.1,3288.1,236.0
2025-07-09 12:30:00,3288.02,3289.58,3287.85,3289.46,238.0
2025-07-09 12:35:00,3289.53,3290.21,3288.47,3289.26,238.0
2025-07-09 12:40:00,3289.26,3289.82,3288.4,3288.82,230.0
2025-07-09 12:45:00,3288.77,3289.81,3288.47,3288.9,206.0
2025-07-09 12:50:00,3288.69,3289.58,3287.59,3288.18,240.0
2025-07-09 12:55:00,3288.14,3289.15,3287.84,3289.06,242.0
2025-07-09 13:00:00,3289.22,3291.47,3289.15,3291.3,277.0
2025-07-09 13:05:00,3291.37,3292.11,3289.73,3290.89,243.0
2025-07-09 13:10:00,3290.91,3290.94,3289.16,3289.35,219.0
2025-07-09 13:15:00,3289.34,3290.39,3289.19,3290.29,219.0
2025-07-09 13:20:00,3290.15,3290.24,3288.3,3289.62,211.0
2025-07-09 13:25:00,3289.63,3290.93,3288.93,3290.17,241.0
2025-07-09 13:30:00,3290.4,3293.8,3290.35,3293.66,272.0
2025-07-09 13:35:00,3293.63,3295.39,3293.43,3295.02,297.0
2025-07-09 13:40:00,3295.06,3295.5,3294.51,3294.78,251.0
2025-07-09 13:45:00,3294.65,3295.94,3293.76,3294.54,256.0
2025-07-09 13:50:00,3294.45,3295.48,3294.09,3295.0,201.0
2025-07-09 13:55:00,3294.94,3295.47,3294.47,3295.31,201.0
2025-07-09 14:00:00,3295.47,3295.85,3293.88,3294.41,249.0
2025-07-09 14:05:00,3294.42,3295.81,3294.24,3294.58,220.0
2025-07-09 14:10:00,3294.51,3294.71,3293.21,3293.21,238.0
2025-07-09 14:15:00,3293.15,3293.4,3291.79,3292.73,273.0
2025-07-09 14:20:00,3292.76,3292.76,3289.53,3289.53,281.0
2025-07-09 14:25:00,3289.5,3290.26,3287.76,3287.82,302.0
2025-07-09 14:30:00,3287.56,3289.21,3285.99,3285.99,279.0
2025-07-09 14:35:00,3286.19,3286.88,3285.44,3286.35,290.0
2025-07-09 14:40:00,3286.34,3286.81,3285.38,3286.42,286.0
2025-07-09 14:45:00,3286.55,3286.62,3285.11,3285.6,258.0
2025-07-09 14:50:00,3285.44,3286.53,3284.78,3285.23,285.0
2025-07-09 14:55:00,3285.11,3285.76,3283.26,3284.85,290.0
2025-07-09 15:00:00,3284.93,3287.77,3284.93,3287.3,373.0
2025-07-09 15:05:00,3287.25,3291.65,3287.15,3290.31,321.0
2025-07-09 15:10:00,3290.34,3291.57,3289.3,3291.52,286.0
2025-07-09 15:15:00,3291.62,3293.14,3289.98,3292.06,334.0
2025-07-09 15:20:00,3291.7,3292.39,3288.04,3290.37,356.0
2025-07-09 15:25:00,3290.48,3291.97,3289.31,3290.86,308.0
2025-07-09 15:30:00,3290.87,3294.05,3290.74,3293.9,313.0
2025-07-09 15:35:00,3294.01,3295.33,3292.25,3294.16,317.0
2025-07-09 15:40:00,3294.24,3295.57,3293.43,3293.43,313.0
2025-07-09 15:45:00,3293.38,3294.81,3292.99,3293.73,315.0
2025-07-09 15:50:00,3293.73,3296.91,3293.73,3296.11,318.0
2025-07-09 15:55:00,3296.26,3297.49,3295.56,3296.42,322.0
2025-07-09 16:00:00,3296.27,3298.91,3294.68,3295.71,410.0
2025-07-09 16:05:00,3295.72,3296.84,3294.79,3295.71,343.0
2025-07-09 16:10:00,3295.75,3299.02,3295.73,3298.04,340.0
2025-07-09 16:15:00,3298.01,3298.63,3297.34,3297.54,287.0
2025-07-09 16:20:00,3297.5,3299.38,3296.71,3296.97,346.0
2025-07-09 16:25:00,3296.99,3297.68,3294.6,3295.66,346.0
2025-07-09 16:30:00,3296.09,3298.95,3295.01,3298.13,392.0
2025-07-09 16:35:00,3298.05,3298.28,3293.28,3293.28,412.0
2025-07-09 16:40:00,3293.05,3297.32,3291.95,3296.15,415.0
2025-07-09 16:45:00,3296.02,3298.31,3293.27,3298.16,409.0
2025-07-09 16:50:00,3297.94,3303.41,3297.79,3302.75,413.0
2025-07-09 16:55:00,3303.04,3305.13,3299.78,3300.26,439.0
2025-07-09 17:00:00,3300.3,3302.95,3299.94,3302.42,402.0
2025-07-09 17:05:00,3302.44,3305.49,3301.92,3304.9,381.0
2025-07-09 17:10:00,3304.88,3306.47,3303.35,3306.05,363.0
2025-07-09 17:15:00,3305.96,3308.78,3305.91,3306.67,412.0
2025-07-09 17:20:00,3306.62,3307.7,3305.07,3306.19,388.0
2025-07-09 17:25:00,3306.18,3308.72,3305.83,3307.06,390.0
2025-07-09 17:30:00,3306.88,3310.51,3306.8,3310.51,380.0
2025-07-09 17:35:00,3310.71,3312.37,3308.85,3310.74,398.0
2025-07-09 17:40:00,3310.66,3311.32,3309.39,3310.49,377.0
2025-07-09 17:45:00,3310.66,3311.15,3309.01,3309.46,411.0
2025-07-09 17:50:00,3309.52,3311.84,3308.88,3311.84,386.0
2025-07-09 17:55:00,3311.83,3312.86,3311.56,3312.25,372.0
2025-07-09 18:00:00,3312.36,3312.81,3310.48,3311.18,370.0
2025-07-09 18:05:00,3311.21,3311.29,3308.17,3308.28,379.0
2025-07-09 18:10:00,3308.41,3309.23,3307.61,3308.15,324.0
2025-07-09 18:15:00,3308.11,3308.97,3307.56,3308.07,298.0
2025-07-09 18:20:00,3308.08,3309.51,3307.35,3308.0,340.0
2025-07-09 18:25:00,3308.1,3310.09,3308.1,3308.62,296.0
2025-07-09 18:30:00,3308.53,3309.93,3308.33,3309.16,322.0
2025-07-09 18:35:00,3309.0,3309.18,3306.42,3306.42,304.0
2025-07-09 18:40:00,3306.44,3309.27,3306.39,3308.99,307.0
2025-07-09 18:45:00,3309.01,3310.09,3307.12,3310.09,299.0
2025-07-09 18:50:00,3310.1,3310.71,3309.23,3310.37,314.0
2025-07-09 18:55:00,3310.36,3310.38,3309.29,3309.63,259.0
2025-07-09 19:00:00,3309.54,3310.78,3308.51,3308.51,270.0
2025-07-09 19:05:00,3308.56,3309.67,3307.95,3309.09,291.0
2025-07-09 19:10:00,3309.1,3311.76,3308.87,3310.84,304.0
2025-07-09 19:15:00,3310.9,3311.99,3310.66,3310.88,251.0
2025-07-09 19:20:00,3310.89,3311.42,3310.41,3311.15,258.0
2025-07-09 19:25:00,3311.14,3311.8,3310.9,3311.58,275.0
2025-07-09 19:30:00,3311.51,3312.32,3311.02,3311.81,270.0
2025-07-09 19:35:00,3311.96,3312.77,3311.56,3312.7,255.0
2025-07-09 19:40:00,3312.66,3312.68,3311.04,3311.33,274.0
2025-07-09 19:45:00,3311.36,3313.26,3311.19,3312.38,306.0
2025-07-09 19:50:00,3312.55,3313.15,3312.46,3312.94,243.0
2025-07-09 19:55:00,3312.92,3312.97,3311.34,3311.89,272.0
2025-07-09 20:00:00,3311.74,3312.0,3309.79,3310.18,285.0
2025-07-09 20:05:00,3310.2,3313.06,3310.2,3313.06,297.0
2025-07-09 20:10:00,3313.05,3314.59,3312.72,3314.18,341.0
2025-07-09 20:15:00,3314.15,3314.34,3312.06,3312.25,274.0
2025-07-09 20:20:00,3312.29,3312.99,3311.61,3311.98,250.0
2025-07-09 20:25:00,3311.96,3312.7,3311.5,3312.42,282.0
2025-07-09 20:30:00,3312.38,3312.98,3310.0,3311.16,328.0
2025-07-09 20:35:00,3311.18,3311.41,3310.62,3310.94,279.0
2025-07-09 20:40:00,3310.98,3311.29,3310.06,3310.54,282.0
2025-07-09 20:45:00,3310.52,3311.3,3310.11,3310.87,193.0
2025-07-09 20:50:00,3310.86,3311.34,3310.03,3310.1,213.0
2025-07-09 20:55:00,3310.02,3310.02,3308.06,3309.5,262.0
2025-07-09 21:00:00,3309.46,3309.63,3308.07,3309.02,257.0
2025-07-09 21:05:00,3308.99,3311.21,3308.32,3310.37,317.0
2025-07-09 21:10:00,3310.37,3310.75,3309.41,3310.51,248.0
2025-07-09 21:15:00,3310.52,3311.88,3310.45,3311.8,283.0
2025-07-09 21:20:00,3311.76,3313.7,3311.64,3311.64,347.0
2025-07-09 21:25:00,3311.64,3311.98,3311.03,3311.69,251.0
2025-07-09 21:30:00,3311.7,3312.48,3311.44,3312.14,233.0
2025-07-09 21:35:00,3312.11,3312.27,3310.49,3310.67,242.0
2025-07-09 21:40:00,3310.69,3311.34,3310.34,3311.11,257.0
2025-07-09 21:45:00,3311.13,3311.19,3310.18,3311.13,259.0
2025-07-09 21:50:00,3311.09,3312.15,3310.91,3312.09,272.0
2025-07-09 21:55:00,3312.1,3313.53,3311.22,3311.47,329.0
2025-07-09 22:00:00,3311.43,3315.24,3310.95,3315.05,296.0
2025-07-09 22:05:00,3314.77,3315.38,3314.37,3315.14,269.0
2025-07-09 22:10:00,3315.13,3316.25,3314.69,3316.11,282.0
2025-07-09 22:15:00,3316.12,3316.79,3315.32,3316.65,220.0
2025-07-09 22:20:00,3316.67,3316.76,3315.23,3315.73,278.0
2025-07-09 22:25:00,3315.72,3315.81,3314.21,3314.46,270.0
2025-07-09 22:30:00,3314.45,3316.07,3314.33,3315.35,267.0
2025-07-09 22:35:00,3315.33,3316.46,3315.12,3315.82,272.0
2025-07-09 22:40:00,3315.85,3316.72,3315.54,3315.84,241.0
2025-07-09 22:45:00,3315.87,3315.88,3314.47,3314.55,254.0
2025-07-09 22:50:00,3314.59,3315.49,3314.46,3315.19,263.0
2025-07-09 22:55:00,3315.05,3315.74,3313.86,3315.6,350.0
2025-07-09 23:00:00,3315.7,3315.73,3314.69,3314.95,151.0
2025-07-09 23:05:00,3314.93,3315.37,3314.47,3314.56,126.0
2025-07-09 23:10:00,3314.57,3314.57,3312.77,3313.62,193.0
2025-07-09 23:15:00,3313.64,3313.81,3312.69,3312.96,160.0
2025-07-09 23:20:00,3312.99,3313.06,3312.37,3312.46,136.0
2025-07-09 23:25:00,3312.49,3312.87,3312.07,3312.78,153.0
2025-07-09 23:30:00,3312.77,3312.92,3311.58,3311.8,117.0
2025-07-09 23:35:00,3311.77,3312.71,3311.56,3312.65,128.0
2025-07-09 23:40:00,3312.67,3312.92,3312.1,3312.64,139.0
2025-07-09 23:45:00,3312.61,3314.22,3312.42,3313.76,131.0
2025-07-09 23:50:00,3313.71,3314.11,3313.58,3313.9,99.0
2025-07-09 23:55:00,3314.2,3314.2,3313.15,3313.55,87.0
2025-07-10 01:00:00,3314.0,3316.18,3313.52,3315.81,216.0
2025-07-10 01:05:00,3315.81,3317.01,3315.16,3316.46,146.0
2025-07-10 01:10:00,3316.45,3317.63,3316.45,3317.57,101.0
2025-07-10 01:15:00,3317.56,3319.78,3317.26,3319.6,194.0
2025-07-10 01:20:00,3319.64,3320.79,3319.51,3320.17,182.0
2025-07-10 01:25:00,3320.18,3320.91,3320.04,3320.26,167.0
2025-07-10 01:30:00,3320.24,3321.17,3319.82,3320.74,190.0
2025-07-10 01:35:00,3320.69,3320.69,3319.38,3319.63,153.0
2025-07-10 01:40:00,3319.76,3320.96,3319.6,3320.68,146.0
2025-07-10 01:45:00,3320.74,3320.9,3319.88,3320.13,162.0
2025-07-10 01:50:00,3320.17,3320.17,3319.51,3319.51,130.0
2025-07-10 01:55:00,3319.52,3320.05,3319.52,3319.56,151.0
2025-07-10 02:00:00,3319.55,3319.7,3315.78,3317.98,276.0
2025-07-10 02:05:00,3317.83,3318.66,3317.43,3317.68,170.0
2025-07-10 02:10:00,3317.62,3317.76,3316.92,3317.63,146.0
2025-07-10 02:15:00,3317.64,3318.55,3317.1,3318.4,129.0
2025-07-10 02:20:00,3318.42,3319.65,3317.63,3317.65,156.0
2025-07-10 02:25:00,3317.66,3318.48,3317.66,3318.07,123.0
2025-07-10 02:30:00,3318.06,3318.65,3317.1,3317.83,162.0
2025-07-10 02:35:00,3317.84,3318.24,3317.69,3317.79,148.0
2025-07-10 02:40:00,3317.8,3317.8,3316.74,3317.48,140.0
2025-07-10 02:45:00,3317.5,3317.6,3316.09,3317.05,175.0
2025-07-10 02:50:00,3317.03,3317.49,3316.76,3316.78,138.0
2025-07-10 02:55:00,3316.77,3317.73,3316.59,3317.63,172.0
2025-07-10 03:00:00,3317.62,3318.33,3316.62,3317.18,288.0
2025-07-10 03:05:00,3317.2,3319.62,3317.17,3319.1,270.0
2025-07-10 03:10:00,3319.14,3319.35,3317.87,3318.38,207.0
2025-07-10 03:15:00,3318.39,3319.0,3316.86,3318.23,244.0
2025-07-10 03:20:00,3318.24,3319.07,3317.98,3319.06,167.0
2025-07-10 03:25:00,3319.05,3319.77,3318.57,3319.12,237.0
2025-07-10 03:30:00,3319.09,3320.63,3319.09,3320.15,315.0
2025-07-10 03:35:00,3320.16,3320.54,3319.23,3319.78,278.0
2025-07-10 03:40:00,3319.77,3321.82,3319.65,3321.74,282.0
2025-07-10 03:45:00,3321.71,3321.71,3319.23,3320.36,266.0
2025-07-10 03:50:00,3320.34,3320.36,3317.73,3317.81,262.0
2025-07-10 03:55:00,3317.61,3318.5,3316.86,3317.68,278.0
2025-07-10 04:00:00,3317.66,3318.76,3316.51,3318.75,321.0
2025-07-10 04:05:00,3318.95,3319.75,3317.76,3319.69,309.0
2025-07-10 04:10:00,3319.67,3322.49,3319.4,3320.53,340.0
2025-07-10 04:15:00,3320.55,3323.03,3320.54,3322.53,305.0
2025-07-10 04:20:00,3322.67,3322.88,3321.18,3322.02,284.0
2025-07-10 04:25:00,3322.03,3324.48,3321.95,3324.17,364.0
2025-07-10 04:30:00,3324.13,3325.44,3323.97,3324.49,309.0
2025-07-10 04:35:00,3324.45,3326.26,3323.61,3325.9,296.0
2025-07-10 04:40:00,3325.75,3326.3,3324.06,3324.29,252.0
2025-07-10 04:45:00,3324.29,3324.56,3323.0,3323.0,239.0
2025-07-10 04:50:00,3322.99,3323.98,3322.25,3322.56,190.0
2025-07-10 04:55:00,3322.51,3322.85,3321.87,3322.17,227.0
2025-07-10 05:00:00,3322.23,3323.62,3322.01,3322.2,258.0
2025-07-10 05:05:00,3322.18,3323.54,3321.88,3322.16,289.0
2025-07-10 05:10:00,3322.15,3322.22,3321.24,3321.61,219.0
2025-07-10 05:15:00,3321.52,3321.8,3321.07,3321.56,187.0
2025-07-10 05:20:00,3321.76,3323.21,3321.76,3323.19,197.0
2025-07-10 05:25:00,3323.18,3323.18,3321.93,3322.49,170.0
2025-07-10 05:30:00,3322.48,3323.29,3322.21,3322.99,247.0
2025-07-10 05:35:00,3322.99,3322.99,3321.28,3321.28,183.0
2025-07-10 05:40:00,3321.25,3321.34,3319.37,3319.55,212.0
2025-07-10 05:45:00,3319.52,3319.69,3318.47,3319.29,270.0
2025-07-10 05:50:00,3319.39,3319.91,3318.65,3319.77,246.0
2025-07-10 05:55:00,3319.77,3320.35,3318.24,3319.16,255.0
2025-07-10 06:00:00,3319.2,3320.2,3319.02,3319.18,241.0
2025-07-10 06:05:00,3319.19,3319.27,3318.34,3318.73,196.0
2025-07-10 06:10:00,3318.72,3319.12,3317.94,3318.36,189.0
2025-07-10 06:15:00,3318.37,3318.89,3316.75,3318.89,223.0
2025-07-10 06:20:00,3318.91,3319.66,3318.62,3318.62,203.0
2025-07-10 06:25:00,3318.66,3319.13,3317.06,3317.78,237.0
2025-07-10 06:30:00,3317.72,3317.91,3316.98,3317.72,204.0
2025-07-10 06:35:00,3317.73,3318.43,3316.9,3318.33,176.0
2025-07-10 06:40:00,3318.19,3320.13,3318.01,3319.76,233.0
2025-07-10 06:45:00,3319.78,3320.02,3317.53,3317.95,233.0
2025-07-10 06:50:00,3317.84,3318.19,3316.91,3317.15,173.0
2025-07-10 06:55:00,3317.12,3317.3,3315.44,3315.72,205.0
2025-07-10 07:00:00,3315.71,3315.74,3315.04,3315.12,190.0
2025-07-10 07:05:00,3315.11,3316.8,3314.82,3315.89,164.0
2025-07-10 07:10:00,3315.91,3316.56,3315.66,3316.56,140.0
2025-07-10 07:15:00,3316.57,3316.57,3315.77,3316.01,118.0
2025-07-10 07:20:00,3316.0,3316.72,3315.55,3316.24,142.0
2025-07-10 07:25:00,3316.36,3317.53,3315.89,3315.99,202.0
2025-07-10 07:30:00,3316.0,3316.71,3315.69,3316.17,144.0
2025-07-10 07:35:00,3316.15,3317.58,3316.0,3317.34,132.0
2025-07-10 07:40:00,3317.33,3318.58,3317.02,3318.47,154.0
2025-07-10 07:45:00,3318.46,3320.21,3318.45,3319.65,201.0
2025-07-10 07:50:00,3319.64,3322.02,3319.46,3321.81,249.0
2025-07-10 07:55:00,3321.82,3322.51,3321.35,3322.22,255.0
2025-07-10 08:00:00,3322.25,3323.47,3322.16,3323.03,264.0
2025-07-10 08:05:00,3323.04,3323.7,3322.52,3323.68,230.0
2025-07-10 08:10:00,3323.67,3324.24,3323.01,3324.03,208.0
2025-07-10 08:15:00,3324.18,3324.67,3323.76,3324.15,197.0
2025-07-10 08:20:00,3324.13,3325.07,3322.47,3322.55,248.0
2025-07-10 08:25:00,3322.55,3323.84,3322.55,3322.74,218.0
2025-07-10 08:30:00,3322.64,3323.97,3321.58,3322.71,303.0
2025-07-10 08:35:00,3322.65,3322.85,3320.66,3321.45,273.0
2025-07-10 08:40:00,3321.44,3323.28,3321.13,3323.06,216.0
2025-07-10 08:45:00,3323.11,3323.6,3322.05,3322.78,271.0
2025-07-10 08:50:00,3322.81,3323.54,3320.87,3320.87,235.0
2025-07-10 08:55:00,3320.91,3321.47,3320.73,3321.11,211.0
2025-07-10 09:00:00,3321.1,3322.56,3320.89,3321.63,275.0
2025-07-10 09:05:00,3321.57,3323.72,3321.35,3322.81,301.0
2025-07-10 09:10:00,3322.72,3325.42,3322.57,3324.8,283.0
2025-07-10 09:15:00,3324.79,3326.51,3324.66,3326.51,296.0
2025-07-10 09:20:00,3326.5,3328.32,3324.03,3324.71,412.0
2025-07-10 09:25:00,3324.76,3325.92,3324.56,3324.88,288.0
2025-07-10 09:30:00,3324.74,3325.9,3324.67,3324.84,229.0
2025-07-10 09:35:00,3324.87,3325.31,3324.59,3324.83,207.0
2025-07-10 09:40:00,3324.75,3324.92,3323.81,3323.95,243.0
2025-07-10 09:45:00,3323.97,3324.61,3323.68,3324.19,227.0
2025-07-10 09:50:00,3324.17,3324.79,3324.03,3324.56,222.0
2025-07-10 09:55:00,3324.54,3325.31,3324.27,3325.31,238.0
2025-07-10 10:00:00,3325.23,3328.11,3325.22,3327.05,295.0
2025-07-10 10:05:00,3327.0,3329.4,3327.0,3328.53,346.0
2025-07-10 10:10:00,3328.54,3328.74,3326.62,3326.62,284.0
2025-07-10 10:15:00,3326.63,3328.02,3325.8,3326.73,300.0
2025-07-10 10:20:00,3326.76,3327.42,3325.96,3326.09,264.0
2025-07-10 10:25:00,3326.21,3327.17,3325.9,3327.17,239.0
2025-07-10 10:30:00,3327.16,3327.82,3325.72,3326.18,261.0
2025-07-10 10:35:00,3326.12,3326.12,3323.86,3324.61,276.0
2025-07-10 10:40:00,3324.6,3324.62,3322.62,3322.69,291.0
2025-07-10 10:45:00,3322.74,3323.17,3320.51,3321.17,277.0
2025-07-10 10:50:00,3321.23,3321.28,3320.24,3320.37,291.0
2025-07-10 10:55:00,3320.35,3321.44,3319.91,3321.05,253.0
2025-07-10 11:00:00,3321.11,3321.71,3319.89,3320.33,264.0
2025-07-10 11:05:00,3320.37,3322.3,3320.35,3321.1,267.0
2025-07-10 11:10:00,3321.18,3321.84,3320.51,3321.28,229.0
2025-07-10 11:15:00,3321.27,3321.75,3320.36,3320.67,175.0
2025-07-10 11:20:00,3320.65,3321.12,3320.09,3320.67,197.0
2025-07-10 11:25:00,3320.64,3321.94,3320.47,3321.84,237.0
2025-07-10 11:30:00,3321.87,3322.42,3321.24,3322.38,224.0
2025-07-10 11:35:00,3322.37,3324.68,3321.92,3324.49,256.0
2025-07-10 11:40:00,3324.52,3325.67,3324.04,3325.5,231.0
2025-07-10 11:45:00,3325.53,3328.53,3325.36,3328.28,262.0
2025-07-10 11:50:00,3328.27,3329.73,3327.67,3329.11,298.0
2025-07-10 11:55:00,3329.09,3330.11,3328.58,3328.69,279.0
2025-07-10 12:00:00,3328.63,3330.22,3328.62,3329.56,289.0
2025-07-10 12:05:00,3329.62,3330.2,3328.35,3328.47,218.0
2025-07-10 12:10:00,3328.57,3329.16,3327.32,3328.08,269.0
2025-07-10 12:15:00,3327.86,3328.92,3327.72,3328.84,244.0
2025-07-10 12:20:00,3328.99,3329.68,3328.74,3329.44,208.0
2025-07-10 12:25:00,3329.42,3329.42,3326.83,3326.83,229.0
2025-07-10 12:30:00,3326.45,3327.13,3325.58,3325.66,277.0
2025-07-10 12:35:00,3325.71,3325.87,3323.7,3323.91,269.0
2025-07-10 12:40:00,3323.85,3326.14,3323.25,3325.14,289.0
2025-07-10 12:45:00,3325.03,3325.66,3324.63,3325.28,241.0
2025-07-10 12:50:00,3325.37,3326.17,3324.47,3325.78,244.0
2025-07-10 12:55:00,3325.77,3326.69,3325.58,3326.44,252.0
2025-07-10 13:00:00,3326.5,3326.86,3325.32,3325.53,252.0
2025-07-10 13:05:00,3325.52,3325.87,3324.12,3324.38,252.0
2025-07-10 13:10:00,3324.37,3324.39,3322.58,3323.96,249.0
2025-07-10 13:15:00,3323.84,3324.19,3322.78,3323.92,251.0
2025-07-10 13:20:00,3323.94,3323.94,3322.26,3323.19,255.0
2025-07-10 13:25:00,3323.18,3325.5,3323.18,3325.32,270.0
2025-07-10 13:30:00,3325.51,3326.51,3325.28,3325.99,271.0
2025-07-10 13:35:00,3326.11,3327.19,3323.93,3325.01,257.0
2025-07-10 13:40:00,3325.05,3327.37,3325.03,3326.74,260.0
2025-07-10 13:45:00,3326.75,3327.58,3325.95,3326.45,301.0
2025-07-10 13:50:00,3326.48,3328.73,3326.48,3327.62,302.0
2025-07-10 13:55:00,3327.5,3327.51,3325.19,3325.28,266.0
2025-07-10 14:00:00,3325.29,3329.2,3325.29,3326.91,385.0
2025-07-10 14:05:00,3327.11,3328.29,3327.04,3327.87,268.0
2025-07-10 14:10:00,3328.13,3329.37,3327.96,3328.6,283.0
2025-07-10 14:15:00,3328.76,3330.25,3328.62,3329.26,278.0
2025-07-10 14:20:00,3329.06,3329.16,3327.59,3328.05,261.0
2025-07-10 14:25:00,3328.06,3328.82,3327.42,3328.26,193.0
2025-07-10 14:30:00,3328.33,3329.07,3326.81,3327.8,273.0
2025-07-10 14:35:00,3327.83,3327.97,3325.11,3326.05,305.0
2025-07-10 14:40:00,3326.06,3326.08,3323.94,3325.73,309.0
2025-07-10 14:45:00,3325.63,3326.08,3324.14,3324.24,237.0
2025-07-10 14:50:00,3324.25,3324.25,3320.45,3321.51,397.0
2025-07-10 14:55:00,3321.5,3321.68,3318.33,3320.42,364.0
2025-07-10 15:00:00,3320.47,3320.47,3318.23,3318.4,294.0
2025-07-10 15:05:00,3318.42,3319.55,3318.01,3319.55,289.0
2025-07-10 15:10:00,3319.54,3320.37,3318.87,3319.22,291.0
2025-07-10 15:15:00,3319.24,3320.46,3319.03,3319.53,295.0
2025-07-10 15:20:00,3320.37,3321.88,3317.98,3321.51,379.0
2025-07-10 15:25:00,3321.23,3321.53,3319.6,3321.14,279.0
2025-07-10 15:30:00,3321.04,3321.64,3318.23,3321.22,340.0
2025-07-10 15:35:00,3321.32,3323.42,3321.26,3323.4,343.0
2025-07-10 15:40:00,3323.42,3324.03,3321.37,3322.78,297.0
2025-07-10 15:45:00,3322.81,3324.37,3321.8,3323.35,320.0
2025-07-10 15:50:00,3323.23,3325.32,3322.46,3324.68,310.0
2025-07-10 15:55:00,3324.57,3326.07,3323.12,3323.83,372.0
2025-07-10 16:00:00,3323.9,3329.48,3323.82,3327.1,425.0
2025-07-10 16:05:00,3327.11,3327.7,3324.92,3326.06,398.0
2025-07-10 16:10:00,3326.33,3328.49,3324.94,3327.37,383.0
2025-07-10 16:15:00,3327.4,3329.32,3326.33,3326.33,370.0
2025-07-10 16:20:00,3326.32,3326.32,3322.46,3324.87,402.0
2025-07-10 16:25:00,3324.68,3325.46,3324.01,3324.14,342.0
2025-07-10 16:30:00,3324.35,3325.27,3322.06,3324.76,421.0
2025-07-10 16:35:00,3324.75,3327.6,3324.09,3327.58,402.0
2025-07-10 16:40:00,3327.65,3328.28,3321.26,3321.32,398.0
2025-07-10 16:45:00,3321.22,3321.5,3316.11,3319.51,444.0
2025-07-10 16:50:00,3319.55,3319.55,3315.25,3317.25,421.0
2025-07-10 16:55:00,3317.41,3317.62,3311.96,3312.78,434.0
2025-07-10 17:00:00,3312.71,3314.39,3310.12,3314.27,432.0
2025-07-10 17:05:00,3314.36,3316.13,3313.27,3315.66,425.0
2025-07-10 17:10:00,3315.57,3319.41,3315.06,3318.91,415.0
2025-07-10 17:15:00,3318.85,3321.53,3317.93,3318.99,417.0
2025-07-10 17:20:00,3319.09,3319.42,3316.51,3317.14,386.0
2025-07-10 17:25:00,3317.13,3317.19,3313.17,3313.19,416.0
2025-07-10 17:30:00,3313.6,3316.09,3312.95,3315.45,379.0
2025-07-10 17:35:00,3315.46,3315.99,3314.84,3315.03,341.0
2025-07-10 17:40:00,3315.02,3317.53,3314.22,3315.49,355.0
2025-07-10 17:45:00,3315.21,3318.76,3315.03,3318.72,373.0
2025-07-10 17:50:00,3318.56,3318.69,3316.34,3316.46,328.0
2025-07-10 17:55:00,3316.44,3316.48,3314.26,3314.94,344.0
2025-07-10 18:00:00,3314.92,3317.46,3314.59,3317.46,342.0
2025-07-10 18:05:00,3317.48,3318.18,3317.2,3317.81,327.0
2025-07-10 18:10:00,3317.8,3318.49,3317.38,3317.96,335.0
2025-07-10 18:15:00,3318.22,3319.68,3317.85,3318.47,315.0
2025-07-10 18:20:00,3318.5,3320.84,3318.49,3320.67,333.0
2025-07-10 18:25:00,3320.66,3321.44,3320.15,3320.8,321.0
2025-07-10 18:30:00,3320.61,3321.24,3319.89,3320.01,308.0
2025-07-10 18:35:00,3319.99,3320.87,3318.92,3320.57,313.0
2025-07-10 18:40:00,3320.58,3320.64,3319.4,3319.56,309.0
2025-07-10 18:45:00,3319.58,3320.01,3318.71,3319.54,290.0
2025-07-10 18:50:00,3319.56,3320.94,3319.19,3320.24,291.0
2025-07-10 18:55:00,3320.34,3320.79,3319.41,3319.74,288.0
2025-07-10 19:00:00,3319.65,3319.71,3318.33,3319.08,280.0
2025-07-10 19:05:00,3319.28,3319.95,3318.52,3318.57,287.0
2025-07-10 19:10:00,3318.49,3319.24,3318.18,3318.5,248.0
2025-07-10 19:15:00,3318.52,3318.69,3317.47,3317.93,266.0
2025-07-10 19:20:00,3317.92,3318.33,3316.63,3317.27,267.0
2025-07-10 19:25:00,3317.37,3317.89,3316.21,3316.34,296.0
2025-07-10 19:30:00,3316.12,3316.3,3314.07,3314.96,314.0
2025-07-10 19:35:00,3314.88,3315.05,3313.61,3314.18,265.0
2025-07-10 19:40:00,3314.15,3314.54,3312.13,3312.97,295.0
2025-07-10 19:45:00,3312.94,3314.39,3312.64,3314.29,307.0
2025-07-10 19:50:00,3314.33,3314.74,3313.46,3314.18,273.0
2025-07-10 19:55:00,3314.22,3315.27,3314.14,3315.12,271.0
2025-07-10 20:00:00,3315.02,3316.12,3314.63,3316.07,258.0
2025-07-10 20:05:00,3316.14,3317.5,3316.07,3317.5,287.0
2025-07-10 20:10:00,3317.48,3318.4,3316.56,3316.64,279.0
2025-07-10 20:15:00,3316.61,3317.86,3316.46,3317.86,261.0
2025-07-10 20:20:00,3318.09,3318.65,3317.57,3317.67,284.0
2025-07-10 20:25:00,3317.79,3317.95,3316.51,3316.73,311.0
2025-07-10 20:30:00,3317.02,3318.2,3316.94,3317.25,262.0
2025-07-10 20:35:00,3317.27,3317.63,3316.95,3317.63,245.0
2025-07-10 20:40:00,3317.62,3318.53,3317.19,3317.29,251.0
2025-07-10 20:45:00,3317.18,3317.94,3317.17,3317.7,253.0
2025-07-10 20:50:00,3317.72,3317.96,3316.6,3316.73,247.0
2025-07-10 20:55:00,3316.71,3317.53,3316.43,3317.34,278.0
2025-07-10 21:00:00,3317.35,3319.06,3317.2,3318.66,272.0
2025-07-10 21:05:00,3318.61,3318.68,3317.42,3317.57,283.0
2025-07-10 21:10:00,3317.5,3318.24,3317.48,3317.77,248.0
2025-07-10 21:15:00,3317.7,3317.93,3316.52,3317.38,273.0
2025-07-10 21:20:00,3317.36,3317.58,3316.46,3317.02,250.0
2025-07-10 21:25:00,3317.04,3318.18,3317.03,3317.99,295.0
2025-07-10 21:30:00,3318.0,3318.0,3316.55,3317.08,235.0
2025-07-10 21:35:00,3317.06,3317.56,3316.93,3317.4,230.0
2025-07-10 21:40:00,3317.39,3318.42,3317.39,3318.17,245.0
2025-07-10 21:45:00,3318.13,3320.17,3318.08,3320.06,266.0
2025-07-10 21:50:00,3320.07,3321.31,3319.67,3321.17,278.0
2025-07-10 21:55:00,3321.21,3321.9,3321.21,3321.48,332.0
2025-07-10 22:00:00,3321.57,3323.26,3321.41,3322.58,327.0
2025-07-10 22:05:00,3322.57,3324.07,3322.49,3323.96,271.0
2025-07-10 22:10:00,3323.97,3324.89,3323.76,3324.57,323.0
2025-07-10 22:15:00,3324.62,3325.12,3324.49,3324.77,251.0
2025-07-10 22:20:00,3324.76,3325.94,3324.7,3325.61,290.0
2025-07-10 22:25:00,3325.61,3325.87,3324.2,3324.29,305.0
2025-07-10 22:30:00,3324.36,3324.57,3323.25,3324.07,290.0
2025-07-10 22:35:00,3324.18,3324.64,3323.29,3323.77,280.0
2025-07-10 22:40:00,3323.79,3324.1,3323.05,3323.38,283.0
2025-07-10 22:45:00,3323.47,3324.49,3323.08,3324.37,262.0
2025-07-10 22:50:00,3324.38,3325.25,3324.32,3324.52,317.0
2025-07-10 22:55:00,3324.49,3325.5,3324.4,3324.89,284.0
2025-07-10 23:00:00,3324.78,3325.35,3324.1,3324.85,194.0
2025-07-10 23:05:00,3324.84,3324.91,3324.12,3324.65,116.0
2025-07-10 23:10:00,3324.55,3325.22,3323.89,3324.34,130.0
2025-07-10 23:15:00,3324.3,3324.48,3323.37,3323.78,185.0
2025-07-10 23:20:00,3323.85,3324.57,3323.74,3323.78,112.0
2025-07-10 23:25:00,3323.85,3324.29,3323.58,3324.27,118.0
2025-07-10 23:30:00,3324.31,3324.45,3323.73,3324.42,102.0
2025-07-10 23:35:00,3324.37,3324.59,3323.62,3324.46,128.0
2025-07-10 23:40:00,3324.52,3324.73,3323.88,3324.1,122.0
2025-07-10 23:45:00,3324.07,3324.5,3323.5,3324.42,99.0
2025-07-10 23:50:00,3324.51,3324.51,3323.76,3323.9,100.0
2025-07-10 23:55:00,3323.74,3324.39,3323.74,3323.85,66.0
2025-07-11 01:00:00,3324.18,3326.34,3324.18,3325.78,248.0
2025-07-11 01:05:00,3325.78,3326.47,3325.43,3325.98,165.0
2025-07-11 01:10:00,3326.0,3326.39,3325.07,3325.26,160.0
2025-07-11 01:15:00,3325.18,3325.18,3323.38,3323.4,160.0
2025-07-11 01:20:00,3323.36,3324.56,3323.3,3324.47,231.0
2025-07-11 01:25:00,3324.41,3325.96,3324.32,3325.44,200.0
2025-07-11 01:30:00,3325.5,3325.64,3324.28,3324.28,186.0
2025-07-11 01:35:00,3324.11,3325.26,3323.89,3324.72,136.0
2025-07-11 01:40:00,3324.73,3325.48,3324.15,3324.57,170.0
2025-07-11 01:45:00,3324.59,3324.64,3323.58,3324.1,147.0
2025-07-11 01:50:00,3324.08,3324.37,3321.81,3321.81,200.0
2025-07-11 01:55:00,3321.78,3324.22,3321.78,3323.3,176.0
2025-07-11 02:00:00,3322.94,3323.89,3322.94,3323.63,138.0
2025-07-11 02:05:00,3323.64,3324.35,3323.5,3323.86,82.0
2025-07-11 02:10:00,3323.88,3324.52,3323.2,3323.89,101.0
2025-07-11 02:15:00,3323.92,3323.92,3323.24,3323.59,84.0
2025-07-11 02:20:00,3323.6,3324.0,3323.41,3324.0,84.0
2025-07-11 02:25:00,3324.03,3324.92,3324.02,3324.53,117.0
2025-07-11 02:30:00,3324.52,3325.24,3324.52,3325.07,116.0
2025-07-11 02:35:00,3325.1,3325.29,3324.84,3324.92,129.0
2025-07-11 02:40:00,3324.9,3326.31,3324.9,3325.96,172.0
2025-07-11 02:45:00,3325.98,3326.31,3325.28,3326.21,184.0
2025-07-11 02:50:00,3326.18,3326.3,3323.3,3324.97,233.0
2025-07-11 02:55:00,3324.97,3325.47,3323.36,3323.8,287.0
2025-07-11 03:00:00,3323.78,3326.54,3323.62,3326.45,290.0
2025-07-11 03:05:00,3326.43,3326.62,3324.85,3325.85,272.0
2025-07-11 03:10:00,3325.83,3327.54,3325.75,3326.6,248.0
2025-07-11 03:15:00,3326.6,3327.23,3325.64,3325.79,295.0
2025-07-11 03:20:00,3325.86,3327.46,3325.15,3327.18,321.0
2025-07-11 03:25:00,3327.4,3328.04,3327.23,3327.64,269.0
2025-07-11 03:30:00,3327.63,3335.74,3327.41,3332.42,428.0
2025-07-11 03:35:00,3332.9,3335.78,3331.95,3335.52,371.0
2025-07-11 03:40:00,3335.63,3335.86,3333.82,3335.85,319.0
2025-07-11 03:45:00,3335.87,3336.13,3333.1,3334.3,364.0
2025-07-11 03:50:00,3334.31,3334.31,3332.06,3332.3,336.0
2025-07-11 03:55:00,3332.33,3333.76,3329.87,3330.64,379.0
2025-07-11 04:00:00,3330.46,3331.55,3327.32,3328.05,463.0
2025-07-11 04:05:00,3328.01,3330.04,3326.87,3327.13,390.0
2025-07-11 04:10:00,3327.13,3327.54,3325.26,3326.33,367.0
2025-07-11 04:15:00,3326.33,3328.0,3325.67,3326.21,359.0
2025-07-11 04:20:00,3326.22,3326.58,3325.67,3325.9,268.0
2025-07-11 04:25:00,3325.93,3328.6,3325.53,3328.45,339.0
2025-07-11 04:30:00,3328.79,3330.31,3328.79,3329.91,370.0
2025-07-11 04:35:00,3329.81,3330.69,3329.61,3329.95,314.0
2025-07-11 04:40:00,3330.0,3331.36,3329.89,3331.03,313.0
2025-07-11 04:45:00,3331.07,3331.23,3330.65,3330.86,267.0
2025-07-11 04:50:00,3330.89,3330.95,3328.73,3329.24,309.0
2025-07-11 04:55:00,3329.27,3329.75,3328.84,3329.54,257.0
2025-07-11 05:00:00,3329.6,3329.96,3327.21,3327.21,298.0
2025-07-11 05:05:00,3327.24,3329.63,3327.22,3329.47,295.0
2025-07-11 05:10:00,3329.45,3330.88,3329.16,3330.8,295.0
2025-07-11 05:15:00,3330.73,3332.62,3330.51,3330.97,317.0
2025-07-11 05:20:00,3331.01,3331.44,3330.83,3331.08,240.0
2025-07-11 05:25:00,3331.01,3332.58,3329.58,3330.96,286.0
2025-07-11 05:30:00,3330.94,3331.59,3330.19,3330.46,318.0
2025-07-11 05:35:00,3330.47,3332.39,3330.45,3331.73,250.0
2025-07-11 05:40:00,3331.72,3333.81,3331.71,3333.75,303.0
2025-07-11 05:45:00,3333.7,3334.61,3332.79,3333.69,289.0
2025-07-11 05:50:00,3333.76,3335.04,3333.7,3334.36,251.0
2025-07-11 05:55:00,3334.22,3334.74,3332.61,3332.68,296.0
2025-07-11 06:00:00,3332.69,3333.96,3332.23,3333.6,336.0
2025-07-11 06:05:00,3333.58,3335.21,3333.48,3334.83,280.0
2025-07-11 06:10:00,3334.78,3335.6,3334.78,3335.06,236.0
2025-07-11 06:15:00,3334.91,3335.87,3334.72,3335.72,212.0
2025-07-11 06:20:00,3335.62,3336.02,3335.09,3336.0,216.0
2025-07-11 06:25:00,3335.92,3335.94,3335.22,3335.87,226.0
2025-07-11 06:30:00,3335.84,3335.89,3333.91,3334.43,268.0
2025-07-11 06:35:00,3334.45,3334.45,3332.6,3333.48,251.0
2025-07-11 06:40:00,3333.51,3335.36,3333.5,3335.33,230.0
2025-07-11 06:45:00,3335.3,3335.7,3335.13,3335.52,189.0
2025-07-11 06:50:00,3335.51,3335.68,3333.93,3334.05,207.0
2025-07-11 06:55:00,3334.04,3334.41,3333.57,3333.74,234.0
2025-07-11 07:00:00,3333.73,3334.89,3333.47,3334.67,201.0
2025-07-11 07:05:00,3334.64,3335.29,3334.19,3334.55,191.0
2025-07-11 07:10:00,3334.43,3335.34,3333.59,3334.86,235.0
2025-07-11 07:15:00,3334.9,3335.0,3333.6,3333.6,215.0
2025-07-11 07:20:00,3333.58,3333.67,3332.01,3332.72,238.0
2025-07-11 07:25:00,3332.7,3332.76,3331.49,3331.6,224.0
2025-07-11 07:30:00,3331.61,3332.25,3330.97,3331.29,237.0
2025-07-11 07:35:00,3331.28,3331.76,3330.79,3331.07,217.0
2025-07-11 07:40:00,3331.04,3331.46,3330.33,3330.49,185.0
2025-07-11 07:45:00,3330.48,3330.74,3329.56,3330.66,179.0
2025-07-11 07:50:00,3330.67,3332.47,3330.64,3331.79,282.0
2025-07-11 07:55:00,3331.76,3332.13,3331.36,3332.0,224.0
2025-07-11 08:00:00,3331.99,3333.22,3331.99,3332.89,268.0
2025-07-11 08:05:00,3332.88,3333.93,3332.54,3333.5,238.0
2025-07-11 08:10:00,3333.51,3333.98,3333.23,3333.36,209.0
2025-07-11 08:15:00,3333.4,3334.41,3333.17,3334.41,225.0
2025-07-11 08:20:00,3334.44,3338.8,3334.34,3338.71,341.0
2025-07-11 08:25:00,3338.56,3341.6,3338.38,3340.27,429.0
2025-07-11 08:30:00,3340.24,3340.26,3336.83,3337.67,385.0
2025-07-11 08:35:00,3337.62,3339.65,3336.58,3336.8,373.0
2025-07-11 08:40:00,3336.85,3336.85,3335.01,3335.01,344.0
2025-07-11 08:45:00,3334.82,3335.01,3332.97,3333.04,375.0
2025-07-11 08:50:00,3333.06,3334.17,3332.41,3333.99,302.0
2025-07-11 08:55:00,3334.09,3334.41,3332.65,3333.97,300.0
2025-07-11 09:00:00,3334.01,3334.79,3332.76,3333.54,303.0
2025-07-11 09:05:00,3333.7,3335.96,3332.81,3335.73,319.0
2025-07-11 09:10:00,3335.71,3337.25,3335.7,3336.92,349.0
2025-07-11 09:15:00,3336.98,3342.56,3336.94,3341.7,403.0
2025-07-11 09:20:00,3341.71,3343.13,3340.3,3343.04,381.0
2025-07-11 09:25:00,3343.04,3343.76,3342.13,3342.86,412.0
2025-07-11 09:30:00,3342.85,3343.42,3341.48,3341.72,348.0
2025-07-11 09:35:00,3341.73,3342.1,3340.0,3340.09,325.0
2025-07-11 09:40:00,3340.08,3340.34,3338.4,3339.15,318.0
2025-07-11 09:45:00,3339.2,3339.22,3335.58,3335.58,338.0
2025-07-11 09:50:00,3335.43,3336.03,3334.44,3334.44,361.0
2025-07-11 09:55:00,3334.78,3334.88,3332.21,3332.51,396.0
2025-07-11 10:00:00,3332.36,3333.11,3331.18,3332.79,387.0
2025-07-11 10:05:00,3332.83,3333.81,3331.56,3331.89,372.0
2025-07-11 10:10:00,3331.86,3334.35,3331.74,3333.6,356.0
2025-07-11 10:15:00,3333.66,3334.65,3332.89,3334.31,322.0
2025-07-11 10:20:00,3334.35,3334.94,3333.14,3334.82,321.0
2025-07-11 10:25:00,3334.81,3335.1,3334.17,3334.58,312.0
2025-07-11 10:30:00,3334.42,3335.48,3334.31,3334.89,301.0
2025-07-11 10:35:00,3334.91,3336.86,3334.75,3336.83,259.0
2025-07-11 10:40:00,3336.94,3338.73,3336.3,3338.37,346.0
2025-07-11 10:45:00,3338.29,3339.9,3338.23,3339.77,328.0
2025-07-11 10:50:00,3339.84,3340.7,3339.11,3340.38,345.0
2025-07-11 10:55:00,3340.44,3342.09,3339.93,3341.85,335.0
2025-07-11 11:00:00,3341.8,3343.27,3340.72,3342.53,374.0
2025-07-11 11:05:00,3342.54,3343.37,3341.26,3341.71,385.0
2025-07-11 11:10:00,3341.69,3342.96,3340.95,3342.11,353.0
2025-07-11 11:15:00,3342.1,3343.82,3342.06,3343.04,343.0
2025-07-11 11:20:00,3342.96,3343.67,3341.14,3341.42,324.0
2025-07-11 11:25:00,3341.39,3341.59,3338.55,3338.59,333.0
2025-07-11 11:30:00,3338.58,3339.4,3337.01,3337.22,327.0
2025-07-11 11:35:00,3337.28,3338.29,3336.35,3338.29,340.0
2025-07-11 11:40:00,3338.26,3339.33,3336.98,3338.21,331.0
2025-07-11 11:45:00,3338.23,3340.07,3338.23,3338.93,293.0
2025-07-11 11:50:00,3338.89,3339.54,3332.84,3333.34,406.0
2025-07-11 11:55:00,3333.3,3335.43,3332.83,3333.03,393.0
2025-07-11 12:00:00,3333.03,3334.97,3332.79,3334.16,386.0
2025-07-11 12:05:00,3334.19,3335.35,3333.63,3334.49,375.0
2025-07-11 12:10:00,3334.55,3335.2,3334.23,3334.54,281.0
2025-07-11 12:15:00,3334.53,3335.56,3334.06,3334.55,301.0
2025-07-11 12:20:00,3334.6,3335.56,3333.63,3335.01,238.0
2025-07-11 12:25:00,3335.02,3335.06,3333.48,3333.98,303.0
2025-07-11 12:30:00,3334.02,3337.45,3333.89,3336.81,339.0
2025-07-11 12:35:00,3336.66,3336.66,3335.3,3335.36,304.0
2025-07-11 12:40:00,3335.67,3336.76,3335.4,3335.74,294.0
2025-07-11 12:45:00,3335.77,3337.67,3335.59,3336.75,289.0
2025-07-11 12:50:00,3336.74,3338.21,3336.74,3337.87,276.0
2025-07-11 12:55:00,3337.98,3340.04,3337.83,3339.53,294.0
2025-07-11 13:00:00,3339.54,3341.76,3339.54,3341.73,336.0
2025-07-11 13:05:00,3341.79,3342.39,3340.96,3341.82,326.0
2025-07-11 13:10:00,3341.85,3343.07,3341.64,3342.48,365.0
2025-07-11 13:15:00,3342.49,3343.5,3342.28,3343.48,342.0
2025-07-11 13:20:00,3343.46,3343.75,3342.64,3343.52,326.0
2025-07-11 13:25:00,3343.53,3345.9,3343.34,3345.72,349.0
2025-07-11 13:30:00,3345.69,3346.2,3344.22,3345.8,315.0
2025-07-11 13:35:00,3345.85,3346.78,3345.41,3346.01,303.0
2025-07-11 13:40:00,3345.96,3348.23,3345.85,3347.26,294.0
2025-07-11 13:45:00,3347.43,3348.24,3346.35,3347.62,302.0
2025-07-11 13:50:00,3347.69,3347.78,3346.43,3346.75,303.0
2025-07-11 13:55:00,3346.78,3347.03,3344.89,3345.04,378.0
2025-07-11 14:00:00,3345.02,3347.08,3344.52,3345.17,350.0
2025-07-11 14:05:00,3345.2,3345.97,3343.95,3344.82,341.0
2025-07-11 14:10:00,3344.87,3348.3,3344.56,3348.14,320.0
2025-07-11 14:15:00,3348.17,3348.36,3344.2,3344.24,304.0
2025-07-11 14:20:00,3344.19,3345.62,3343.49,3343.96,327.0
2025-07-11 14:25:00,3344.01,3346.02,3342.07,3345.01,337.0
2025-07-11 14:30:00,3345.0,3347.86,3344.9,3346.87,298.0
2025-07-11 14:35:00,3346.94,3348.91,3346.93,3347.31,313.0
2025-07-11 14:40:00,3347.28,3349.09,3347.28,3348.75,311.0
2025-07-11 14:45:00,3348.82,3350.23,3348.11,3349.09,333.0
2025-07-11 14:50:00,3349.07,3349.22,3347.9,3348.17,310.0
2025-07-11 14:55:00,3348.11,3349.29,3347.05,3347.58,348.0
2025-07-11 15:00:00,3347.62,3350.25,3347.29,3348.16,369.0
2025-07-11 15:05:00,3347.97,3349.07,3347.04,3347.71,328.0
2025-07-11 15:10:00,3347.79,3349.71,3344.88,3344.97,356.0
2025-07-11 15:15:00,3344.95,3347.48,3344.41,3347.37,312.0
2025-07-11 15:20:00,3347.73,3349.12,3345.48,3346.16,368.0
2025-07-11 15:25:00,3346.23,3347.26,3344.94,3347.03,325.0
2025-07-11 15:30:00,3347.4,3351.42,3347.4,3350.59,429.0
2025-07-11 15:35:00,3350.57,3353.34,3349.77,3350.35,452.0
2025-07-11 15:40:00,3350.34,3354.45,3350.34,3352.53,419.0
2025-07-11 15:45:00,3352.45,3356.32,3351.76,3355.96,405.0
2025-07-11 15:50:00,3355.84,3356.94,3353.74,3355.19,386.0
2025-07-11 15:55:00,3355.21,3357.01,3354.24,3355.12,389.0
2025-07-11 16:00:00,3355.34,3357.87,3353.47,3357.15,421.0
2025-07-11 16:05:00,3356.79,3358.03,3355.7,3357.71,416.0
2025-07-11 16:10:00,3357.77,3358.0,3355.91,3356.48,393.0
2025-07-11 16:15:00,3356.5,3358.38,3355.07,3357.87,394.0
2025-07-11 16:20:00,3357.88,3358.03,3350.83,3350.93,458.0
2025-07-11 16:25:00,3351.01,3354.01,3350.17,3353.06,394.0
2025-07-11 16:30:00,3352.44,3357.15,3350.68,3356.83,459.0
2025-07-11 16:35:00,3356.86,3358.65,3353.07,3358.17,451.0
2025-07-11 16:40:00,3358.5,3359.05,3352.44,3353.28,459.0
2025-07-11 16:45:00,3353.21,3355.42,3350.28,3353.14,459.0
2025-07-11 16:50:00,3353.45,3356.25,3351.74,3353.74,434.0
2025-07-11 16:55:00,3353.71,3354.65,3351.48,3352.07,423.0
2025-07-11 17:00:00,3351.91,3354.7,3351.11,3352.51,455.0
2025-07-11 17:05:00,3352.57,3355.22,3352.4,3353.5,444.0
2025-07-11 17:10:00,3353.51,3353.79,3351.66,3353.43,430.0
2025-07-11 17:15:00,3353.58,3354.1,3350.28,3350.61,431.0
2025-07-11 17:20:00,3350.51,3354.06,3350.4,3353.67,432.0
2025-07-11 17:25:00,3353.79,3355.53,3353.25,3355.26,439.0
2025-07-11 17:30:00,3355.24,3358.52,3355.2,3356.81,445.0
2025-07-11 17:35:00,3356.74,3358.83,3356.46,3357.05,429.0
2025-07-11 17:40:00,3357.1,3360.0,3356.48,3359.81,432.0
2025-07-11 17:45:00,3359.6,3360.59,3358.27,3360.59,406.0
2025-07-11 17:50:00,3360.48,3363.57,3360.43,3363.36,420.0
2025-07-11 17:55:00,3363.27,3363.27,3360.24,3361.16,421.0
2025-07-11 18:00:00,3361.13,3363.66,3360.94,3363.33,408.0
2025-07-11 18:05:00,3363.36,3364.94,3363.29,3363.33,359.0
2025-07-11 18:10:00,3363.29,3365.39,3362.88,3365.26,406.0
2025-07-11 18:15:00,3365.15,3367.89,3363.16,3367.89,421.0
2025-07-11 18:20:00,3367.89,3368.75,3364.91,3365.81,411.0
2025-07-11 18:25:00,3365.76,3366.64,3365.58,3365.92,400.0
2025-07-11 18:30:00,3365.96,3366.27,3363.46,3363.94,395.0
2025-07-11 18:35:00,3363.75,3363.9,3359.55,3360.77,448.0
2025-07-11 18:40:00,3360.71,3363.23,3359.19,3359.22,418.0
2025-07-11 18:45:00,3359.17,3360.54,3358.94,3359.55,384.0
2025-07-11 18:50:00,3359.11,3360.17,3356.97,3359.03,414.0
2025-07-11 18:55:00,3358.98,3360.01,3358.55,3358.9,351.0
2025-07-11 19:00:00,3358.87,3359.75,3357.47,3358.36,391.0
2025-07-11 19:05:00,3358.3,3358.5,3355.56,3357.98,384.0
2025-07-11 19:10:00,3357.96,3358.24,3355.58,3356.03,394.0
2025-07-11 19:15:00,3355.97,3356.08,3354.15,3354.87,401.0
2025-07-11 19:20:00,3354.81,3355.6,3353.27,3355.46,368.0
2025-07-11 19:25:00,3355.44,3355.81,3354.91,3355.26,370.0
2025-07-11 19:30:00,3355.12,3356.35,3354.11,3355.83,359.0
2025-07-11 19:35:00,3355.89,3356.02,3354.1,3354.54,353.0
2025-07-11 19:40:00,3354.52,3354.91,3353.3,3353.59,345.0
2025-07-11 19:45:00,3353.66,3354.83,3353.63,3353.98,343.0
2025-07-11 19:50:00,3353.92,3354.86,3352.75,3354.45,356.0
2025-07-11 19:55:00,3354.42,3355.45,3353.8,3353.82,323.0
2025-07-11 20:00:00,3353.68,3354.04,3351.68,3352.05,389.0
2025-07-11 20:05:00,3352.03,3352.76,3351.06,3351.36,326.0
2025-07-11 20:10:00,3351.35,3351.72,3349.22,3351.56,363.0
2025-07-11 20:15:00,3351.53,3352.36,3351.13,3351.23,315.0
2025-07-11 20:20:00,3351.31,3352.67,3351.26,3351.83,326.0
2025-07-11 20:25:00,3352.29,3352.45,3349.65,3349.71,341.0
2025-07-11 20:30:00,3349.71,3351.92,3349.41,3351.91,302.0
2025-07-11 20:35:00,3351.86,3352.24,3351.22,3351.78,325.0
2025-07-11 20:40:00,3351.79,3352.74,3351.64,3352.11,307.0
2025-07-11 20:45:00,3352.17,3352.96,3352.07,3352.93,321.0
2025-07-11 20:50:00,3352.87,3353.36,3352.52,3353.21,347.0
2025-07-11 20:55:00,3353.18,3353.68,3352.98,3353.28,316.0
2025-07-11 21:00:00,3353.32,3355.5,3352.93,3355.32,351.0
2025-07-11 21:05:00,3355.36,3356.34,3354.98,3355.79,380.0
2025-07-11 21:10:00,3355.68,3355.8,3354.46,3355.02,358.0
2025-07-11 21:15:00,3355.03,3357.66,3354.79,3357.55,360.0
2025-07-11 21:20:00,3357.72,3358.07,3357.18,3357.18,332.0
2025-07-11 21:25:00,3357.13,3357.25,3355.42,3355.67,326.0
2025-07-11 21:30:00,3355.7,3358.51,3355.38,3357.79,323.0
2025-07-11 21:35:00,3357.79,3357.93,3357.16,3357.46,271.0
2025-07-11 21:40:00,3357.47,3358.07,3357.1,3357.89,329.0
2025-07-11 21:45:00,3357.83,3357.95,3357.19,3357.28,276.0
2025-07-11 21:50:00,3357.28,3357.31,3356.12,3356.55,286.0
2025-07-11 21:55:00,3356.62,3356.73,3355.88,3356.13,297.0
2025-07-11 22:00:00,3356.15,3356.87,3355.62,3356.84,308.0
2025-07-11 22:05:00,3357.09,3359.35,3356.74,3356.74,332.0
2025-07-11 22:10:00,3356.79,3357.82,3356.04,3357.63,308.0
2025-07-11 22:15:00,3357.62,3357.91,3357.09,3357.25,283.0
2025-07-11 22:20:00,3357.2,3357.85,3356.5,3356.81,328.0
2025-07-11 22:25:00,3356.9,3358.65,3356.9,3358.36,299.0
2025-07-11 22:30:00,3358.34,3359.71,3357.66,3359.35,327.0
2025-07-11 22:35:00,3359.29,3359.63,3357.99,3358.43,297.0
2025-07-11 22:40:00,3358.27,3359.11,3357.64,3359.11,307.0
2025-07-11 22:45:00,3359.31,3359.31,3357.58,3357.74,320.0
2025-07-11 22:50:00,3357.75,3358.4,3357.45,3358.05,341.0
2025-07-11 22:55:00,3357.86,3358.19,3356.01,3356.47,396.0
2025-07-11 23:00:00,3356.59,3356.79,3355.68,3355.95,212.0
2025-07-11 23:05:00,3355.94,3356.3,3355.74,3355.93,182.0
2025-07-11 23:10:00,3356.09,3356.73,3355.9,3356.57,159.0
2025-07-11 23:15:00,3356.57,3356.66,3356.26,3356.42,147.0
2025-07-11 23:20:00,3356.36,3356.43,3355.26,3355.7,162.0
2025-07-11 23:25:00,3355.71,3355.92,3354.31,3354.37,175.0
2025-07-11 23:30:00,3354.46,3355.48,3353.59,3355.46,219.0
2025-07-11 23:35:00,3355.44,3356.54,3354.85,3356.49,202.0
2025-07-11 23:40:00,3356.44,3357.97,3356.24,3357.93,183.0
2025-07-11 23:45:00,3357.94,3357.94,3357.22,3357.59,145.0
2025-07-11 23:50:00,3357.6,3358.97,3357.4,3357.88,183.0
2025-07-11 23:55:00,3356.65,3356.82,3355.44,3355.5,71.0
2025-07-14 01:00:00,3362.47,3367.5,3359.76,3361.49,917.0
2025-07-14 01:05:00,3361.18,3362.29,3359.59,3361.71,322.0
2025-07-14 01:10:00,3361.46,3365.97,3361.13,3365.89,422.0
2025-07-14 01:15:00,3365.8,3366.8,3363.29,3365.66,401.0
2025-07-14 01:20:00,3365.73,3366.73,3364.51,3366.73,292.0
2025-07-14 01:25:00,3366.72,3371.07,3366.41,3370.49,275.0
2025-07-14 01:30:00,3370.49,3370.49,3364.77,3367.68,359.0
2025-07-14 01:35:00,3367.52,3368.05,3364.94,3367.72,307.0
2025-07-14 01:40:00,3367.65,3370.3,3367.52,3369.66,259.0
2025-07-14 01:45:00,3369.62,3371.1,3368.31,3369.47,260.0
2025-07-14 01:50:00,3369.47,3369.63,3368.7,3368.96,197.0
2025-07-14 01:55:00,3368.86,3369.56,3368.26,3369.18,191.0
2025-07-14 02:00:00,3369.61,3371.43,3369.47,3371.36,329.0
2025-07-14 02:05:00,3371.37,3372.65,3370.33,3371.78,310.0
2025-07-14 02:10:00,3371.84,3372.65,3370.34,3372.37,248.0
2025-07-14 02:15:00,3372.3,3373.94,3371.57,3372.54,235.0
2025-07-14 02:20:00,3372.52,3372.73,3366.78,3368.01,296.0
2025-07-14 02:25:00,3368.07,3369.01,3367.21,3368.28,298.0
2025-07-14 02:30:00,3368.28,3368.88,3366.69,3367.53,280.0
2025-07-14 02:35:00,3367.41,3367.98,3366.59,3367.98,256.0
2025-07-14 02:40:00,3368.04,3369.21,3367.61,3367.7,251.0
2025-07-14 02:45:00,3367.61,3368.73,3366.4,3368.38,229.0
2025-07-14 02:50:00,3368.4,3369.71,3368.09,3368.77,230.0
2025-07-14 02:55:00,3368.78,3368.98,3367.48,3367.8,278.0
2025-07-14 03:00:00,3367.5,3368.44,3365.04,3365.91,420.0
2025-07-14 03:05:00,3365.88,3368.25,3364.99,3366.09,409.0
2025-07-14 03:10:00,3366.17,3368.16,3365.18,3368.12,396.0
2025-07-14 03:15:00,3368.11,3368.62,3367.39,3367.96,379.0
2025-07-14 03:20:00,3367.95,3369.83,3367.46,3369.73,373.0
2025-07-14 03:25:00,3369.83,3372.02,3369.39,3370.56,379.0
2025-07-14 03:30:00,3370.61,3373.19,3370.61,3371.44,365.0
2025-07-14 03:35:00,3371.46,3372.97,3371.4,3372.03,347.0
2025-07-14 03:40:00,3372.0,3372.99,3371.65,3372.09,321.0
2025-07-14 03:45:00,3372.08,3372.08,3369.39,3369.67,341.0
2025-07-14 03:50:00,3369.7,3370.76,3367.41,3369.97,369.0
2025-07-14 03:55:00,3369.95,3370.01,3367.49,3367.65,360.0
2025-07-14 04:00:00,3367.39,3370.18,3366.07,3368.36,476.0
2025-07-14 04:05:00,3368.37,3368.49,3362.87,3363.09,474.0
2025-07-14 04:10:00,3363.09,3365.29,3361.06,3365.29,456.0
2025-07-14 04:15:00,3365.36,3366.97,3364.05,3364.3,421.0
2025-07-14 04:20:00,3364.38,3366.16,3361.41,3362.02,430.0
2025-07-14 04:25:00,3362.02,3362.85,3360.68,3361.33,437.0
2025-07-14 04:30:00,3361.29,3361.77,3359.92,3361.09,446.0
2025-07-14 04:35:00,3361.17,3361.59,3358.81,3359.52,373.0
2025-07-14 04:40:00,3359.55,3361.94,3358.56,3359.78,417.0
2025-07-14 04:45:00,3359.77,3359.82,3357.49,3357.61,363.0
2025-07-14 04:50:00,3357.5,3360.67,3357.22,3359.43,377.0
2025-07-14 04:55:00,3359.44,3359.89,3358.43,3358.78,359.0
2025-07-14 05:00:00,3358.63,3358.63,3356.15,3357.41,337.0
2025-07-14 05:05:00,3357.47,3357.68,3355.61,3355.78,362.0
2025-07-14 05:10:00,3355.64,3356.83,3355.19,3355.81,351.0
2025-07-14 05:15:00,3355.83,3357.37,3354.88,3355.92,366.0
2025-07-14 05:20:00,3355.85,3357.53,3354.88,3357.22,373.0
2025-07-14 05:25:00,3357.19,3359.18,3357.19,3359.08,369.0
2025-07-14 05:30:00,3359.35,3359.54,3355.32,3356.43,356.0
2025-07-14 05:35:00,3356.46,3356.78,3354.53,3354.86,421.0
2025-07-14 05:40:00,3354.78,3355.62,3353.89,3355.48,407.0
2025-07-14 05:45:00,3355.44,3357.25,3355.42,3357.1,358.0
2025-07-14 05:50:00,3357.09,3357.83,3355.85,3357.38,341.0
2025-07-14 05:55:00,3357.36,3357.74,3357.23,3357.41,234.0
2025-07-14 06:00:00,3357.46,3358.1,3356.89,3357.49,294.0
2025-07-14 06:05:00,3357.44,3358.26,3356.76,3357.81,320.0
2025-07-14 06:10:00,3357.86,3359.66,3357.83,3358.4,358.0
2025-07-14 06:15:00,3358.32,3358.32,3355.92,3355.94,332.0
2025-07-14 06:20:00,3355.93,3357.08,3355.48,3356.93,356.0
2025-07-14 06:25:00,3356.92,3357.15,3356.53,3357.08,282.0
2025-07-14 06:30:00,3357.03,3358.28,3356.56,3356.84,315.0
2025-07-14 06:35:00,3356.85,3357.76,3356.62,3357.76,248.0
2025-07-14 06:40:00,3357.78,3358.23,3356.83,3357.65,285.0
2025-07-14 06:45:00,3357.69,3357.69,3356.36,3356.6,271.0
2025-07-14 06:50:00,3356.61,3357.05,3355.57,3355.82,344.0
2025-07-14 06:55:00,3355.81,3358.43,3355.73,3356.94,343.0
2025-07-14 07:00:00,3356.93,3357.33,3354.81,3355.39,358.0
2025-07-14 07:05:00,3355.26,3355.7,3354.23,3355.35,340.0
2025-07-14 07:10:00,3355.38,3356.47,3354.81,3355.5,347.0
2025-07-14 07:15:00,3355.52,3356.07,3354.05,3354.33,345.0
2025-07-14 07:20:00,3354.35,3355.39,3353.74,3355.38,373.0
2025-07-14 07:25:00,3355.34,3356.6,3354.73,3356.19,272.0
2025-07-14 07:30:00,3356.17,3358.11,3355.54,3357.98,219.0
2025-07-14 07:35:00,3357.99,3361.65,3357.62,3361.12,334.0
2025-07-14 07:40:00,3361.1,3361.36,3359.47,3359.62,392.0
2025-07-14 07:45:00,3359.63,3360.84,3358.81,3359.61,384.0
2025-07-14 07:50:00,3359.54,3360.17,3359.23,3359.24,329.0
2025-07-14 07:55:00,3359.23,3360.61,3359.22,3359.76,317.0
2025-07-14 08:00:00,3359.68,3359.93,3357.9,3359.14,324.0
2025-07-14 08:05:00,3359.05,3359.42,3358.3,3358.92,352.0
2025-07-14 08:10:00,3358.93,3359.07,3357.72,3358.54,332.0
2025-07-14 08:15:00,3358.53,3359.72,3358.47,3359.04,273.0
2025-07-14 08:20:00,3359.09,3360.4,3356.25,3356.27,321.0
2025-07-14 08:25:00,3356.2,3356.59,3353.82,3355.81,345.0
2025-07-14 08:30:00,3356.17,3357.57,3355.92,3357.27,400.0
2025-07-14 08:35:00,3357.2,3358.51,3356.3,3358.39,382.0
2025-07-14 08:40:00,3358.52,3358.86,3357.03,3357.74,374.0
2025-07-14 08:45:00,3357.7,3358.01,3356.68,3357.31,350.0
2025-07-14 08:50:00,3357.33,3357.97,3356.31,3356.7,349.0
2025-07-14 08:55:00,3356.71,3357.79,3355.98,3357.61,344.0
2025-07-14 09:00:00,3357.65,3358.49,3356.63,3357.59,393.0
2025-07-14 09:05:00,3357.6,3358.54,3356.88,3357.9,379.0
2025-07-14 09:10:00,3357.86,3360.15,3357.38,3359.86,380.0
2025-07-14 09:15:00,3359.87,3361.14,3359.69,3361.08,357.0
2025-07-14 09:20:00,3361.09,3361.22,3359.08,3359.08,347.0
2025-07-14 09:25:00,3359.1,3360.45,3358.18,3359.91,335.0
2025-07-14 09:30:00,3360.36,3360.52,3358.33,3359.29,354.0
2025-07-14 09:35:00,3359.24,3361.39,3359.01,3361.39,376.0
2025-07-14 09:40:00,3361.43,3362.72,3360.9,3362.72,379.0
2025-07-14 09:45:00,3362.63,3364.95,3362.33,3364.91,376.0
2025-07-14 09:50:00,3364.98,3368.07,3364.93,3368.06,427.0
2025-07-14 09:55:00,3368.07,3369.64,3367.11,3368.94,436.0
2025-07-14 10:00:00,3368.82,3370.38,3366.73,3369.84,433.0
2025-07-14 10:05:00,3369.88,3371.1,3369.37,3371.07,379.0
2025-07-14 10:10:00,3371.06,3372.43,3366.92,3367.64,450.0
2025-07-14 10:15:00,3367.6,3370.86,3366.71,3370.77,416.0
2025-07-14 10:20:00,3370.79,3371.05,3369.24,3370.01,373.0
2025-07-14 10:25:00,3369.97,3374.58,3369.87,3374.57,399.0
2025-07-14 10:30:00,3374.59,3374.92,3371.49,3373.33,406.0
2025-07-14 10:35:00,3373.4,3373.5,3369.9,3371.66,359.0
2025-07-14 10:40:00,3371.65,3373.52,3371.25,3371.71,351.0
2025-07-14 10:45:00,3371.72,3371.93,3370.52,3370.87,367.0
2025-07-14 10:50:00,3370.69,3371.74,3369.37,3370.82,358.0
2025-07-14 10:55:00,3370.81,3372.19,3370.03,3371.95,382.0
2025-07-14 11:00:00,3371.72,3371.72,3369.74,3371.0,390.0
2025-07-14 11:05:00,3371.05,3371.59,3369.51,3371.18,364.0
2025-07-14 11:10:00,3371.17,3372.58,3370.14,3372.36,352.0
2025-07-14 11:15:00,3372.33,3372.58,3370.83,3371.03,347.0
2025-07-14 11:20:00,3371.0,3371.04,3368.77,3369.74,392.0
2025-07-14 11:25:00,3369.72,3369.77,3366.66,3367.4,399.0
2025-07-14 11:30:00,3367.5,3367.87,3366.24,3367.0,368.0
2025-07-14 11:35:00,3366.98,3367.23,3365.42,3365.45,341.0
2025-07-14 11:40:00,3365.51,3368.09,3365.51,3368.01,334.0
2025-07-14 11:45:00,3367.95,3368.64,3366.81,3367.57,331.0
2025-07-14 11:50:00,3367.49,3367.71,3366.91,3367.19,269.0
2025-07-14 11:55:00,3367.2,3367.31,3365.95,3365.95,284.0
2025-07-14 12:00:00,3366.0,3366.6,3364.59,3365.18,307.0
2025-07-14 12:05:00,3365.2,3367.1,3364.78,3367.05,297.0
2025-07-14 12:10:00,3367.15,3367.39,3366.36,3366.62,285.0
2025-07-14 12:15:00,3366.63,3368.4,3366.6,3368.22,283.0
2025-07-14 12:20:00,3368.25,3369.08,3367.67,3367.87,297.0
2025-07-14 12:25:00,3367.86,3368.05,3366.95,3367.0,300.0
2025-07-14 12:30:00,3366.97,3367.1,3364.1,3364.85,385.0
2025-07-14 12:35:00,3365.42,3366.0,3365.12,3365.3,330.0
2025-07-14 12:40:00,3365.29,3365.89,3364.91,3365.41,318.0
2025-07-14 12:45:00,3365.43,3367.25,3364.83,3367.09,308.0
2025-07-14 12:50:00,3367.18,3367.34,3366.53,3367.13,298.0
2025-07-14 12:55:00,3367.12,3370.33,3366.97,3370.24,370.0
2025-07-14 13:00:00,3370.38,3373.18,3370.38,3373.1,422.0
2025-07-14 13:05:00,3373.07,3374.49,3372.65,3374.31,393.0
2025-07-14 13:10:00,3374.33,3374.63,3373.9,3374.17,388.0
2025-07-14 13:15:00,3374.16,3374.16,3371.95,3372.68,364.0
2025-07-14 13:20:00,3372.76,3373.62,3371.84,3372.08,323.0
2025-07-14 13:25:00,3372.0,3372.56,3370.39,3370.48,346.0
2025-07-14 13:30:00,3370.49,3371.14,3369.71,3370.81,337.0
2025-07-14 13:35:00,3370.75,3372.4,3370.59,3372.07,356.0
2025-07-14 13:40:00,3371.89,3372.0,3370.92,3371.11,250.0
2025-07-14 13:45:00,3371.15,3371.99,3370.78,3370.89,281.0
2025-07-14 13:50:00,3370.9,3371.58,3370.59,3371.58,269.0
2025-07-14 13:55:00,3371.65,3372.33,3371.35,3372.05,286.0
2025-07-14 14:00:00,3372.2,3372.78,3370.89,3371.84,282.0
2025-07-14 14:05:00,3371.75,3372.04,3370.18,3370.39,275.0
2025-07-14 14:10:00,3370.4,3371.91,3370.38,3371.59,314.0
2025-07-14 14:15:00,3371.69,3372.11,3370.84,3372.03,280.0
2025-07-14 14:20:00,3372.01,3373.04,3369.73,3370.47,360.0
2025-07-14 14:25:00,3370.46,3370.71,3369.41,3369.5,354.0
2025-07-14 14:30:00,3369.35,3371.27,3368.81,3370.98,352.0
2025-07-14 14:35:00,3370.94,3371.57,3370.72,3370.97,360.0
2025-07-14 14:40:00,3371.06,3371.35,3369.82,3370.79,305.0
2025-07-14 14:45:00,3370.73,3371.11,3367.68,3368.15,370.0
2025-07-14 14:50:00,3368.11,3368.93,3366.13,3366.98,380.0
2025-07-14 14:55:00,3366.97,3368.39,3363.94,3364.1,412.0
2025-07-14 15:00:00,3364.13,3366.54,3363.79,3366.09,403.0
2025-07-14 15:05:00,3366.13,3366.13,3362.17,3362.99,389.0
2025-07-14 15:10:00,3363.28,3363.28,3361.14,3362.13,389.0
2025-07-14 15:15:00,3362.1,3363.04,3360.82,3362.63,422.0
2025-07-14 15:20:00,3362.69,3362.69,3357.78,3359.84,458.0
2025-07-14 15:25:00,3359.84,3360.23,3357.17,3358.04,418.0
2025-07-14 15:30:00,3357.98,3358.76,3355.04,3357.26,465.0
2025-07-14 15:35:00,3357.24,3357.24,3350.99,3351.51,466.0
2025-07-14 15:40:00,3351.51,3352.57,3350.43,3351.48,415.0
2025-07-14 15:45:00,3351.52,3353.17,3350.04,3350.21,424.0
2025-07-14 15:50:00,3350.2,3352.76,3349.37,3352.27,399.0
2025-07-14 15:55:00,3352.1,3353.11,3349.74,3350.11,380.0
2025-07-14 16:00:00,3350.38,3352.79,3347.22,3352.79,494.0
2025-07-14 16:05:00,3352.73,3352.84,3349.55,3349.75,433.0
2025-07-14 16:10:00,3349.76,3353.4,3348.55,3353.12,421.0
2025-07-14 16:15:00,3353.08,3354.9,3352.26,3352.31,408.0
2025-07-14 16:20:00,3352.42,3355.04,3350.87,3353.6,391.0
2025-07-14 16:25:00,3353.59,3355.74,3353.59,3355.43,369.0
2025-07-14 16:30:00,3355.72,3358.02,3355.19,3357.52,469.0
2025-07-14 16:35:00,3357.31,3358.07,3356.5,3357.65,488.0
2025-07-14 16:40:00,3357.6,3358.02,3354.89,3357.28,444.0
2025-07-14 16:45:00,3357.27,3358.48,3355.7,3357.98,442.0
2025-07-14 16:50:00,3358.11,3358.99,3357.03,3357.15,414.0
2025-07-14 16:55:00,3357.04,3357.16,3354.85,3355.32,448.0
2025-07-14 17:00:00,3355.21,3356.31,3351.39,3352.34,472.0
2025-07-14 17:05:00,3352.43,3354.83,3352.43,3354.68,455.0
2025-07-14 17:10:00,3354.71,3355.13,3351.53,3351.77,458.0
2025-07-14 17:15:00,3351.55,3352.71,3350.26,3350.43,477.0
2025-07-14 17:20:00,3350.43,3350.43,3345.2,3347.67,494.0
2025-07-14 17:25:00,3347.69,3352.18,3347.55,3352.04,469.0
2025-07-14 17:30:00,3352.05,3352.44,3347.58,3347.64,437.0
2025-07-14 17:35:00,3347.46,3348.04,3343.84,3343.92,483.0
2025-07-14 17:40:00,3343.55,3343.79,3341.31,3342.18,505.0
2025-07-14 17:45:00,3342.07,3344.47,3341.05,3344.03,429.0
2025-07-14 17:50:00,3344.0,3345.17,3341.59,3342.31,426.0
2025-07-14 17:55:00,3342.26,3343.79,3341.41,3343.0,419.0
2025-07-14 18:00:00,3343.35,3345.89,3342.55,3345.81,442.0
2025-07-14 18:05:00,3345.73,3348.53,3345.73,3348.44,432.0
2025-07-14 18:10:00,3348.6,3349.43,3347.17,3348.42,406.0
2025-07-14 18:15:00,3348.46,3348.84,3345.71,3346.23,382.0
2025-07-14 18:20:00,3346.27,3347.27,3345.81,3346.81,356.0
2025-07-14 18:25:00,3346.8,3348.17,3346.73,3347.09,337.0
2025-07-14 18:30:00,3347.07,3348.44,3347.07,3347.89,334.0
2025-07-14 18:35:00,3348.05,3349.67,3347.29,3348.45,381.0
2025-07-14 18:40:00,3348.45,3348.57,3346.82,3348.41,355.0
2025-07-14 18:45:00,3348.56,3348.56,3345.99,3346.63,344.0
2025-07-14 18:50:00,3346.66,3347.98,3346.18,3346.18,335.0
2025-07-14 18:55:00,3346.11,3346.46,3344.53,3345.14,406.0
2025-07-14 19:00:00,3345.11,3346.52,3343.61,3343.75,365.0
2025-07-14 19:05:00,3343.74,3345.99,3343.2,3345.37,392.0
2025-07-14 19:10:00,3345.29,3346.93,3344.65,3346.25,383.0
2025-07-14 19:15:00,3346.29,3347.14,3346.03,3346.79,324.0
2025-07-14 19:20:00,3346.78,3348.12,3346.36,3347.97,321.0
2025-07-14 19:25:00,3348.0,3348.53,3346.81,3348.4,324.0
2025-07-14 19:30:00,3348.44,3349.23,3348.08,3348.39,347.0
2025-07-14 19:35:00,3348.38,3348.94,3347.85,3348.8,308.0
2025-07-14 19:40:00,3348.79,3349.25,3348.05,3348.24,275.0
2025-07-14 19:45:00,3348.26,3348.57,3346.37,3346.4,347.0
2025-07-14 19:50:00,3346.41,3347.27,3346.19,3347.2,301.0
2025-07-14 19:55:00,3347.21,3348.22,3347.15,3347.78,284.0
2025-07-14 20:00:00,3347.81,3349.07,3347.57,3348.84,309.0
2025-07-14 20:05:00,3348.82,3349.35,3348.41,3348.9,287.0
2025-07-14 20:10:00,3348.94,3348.97,3347.41,3348.26,283.0
2025-07-14 20:15:00,3348.25,3348.6,3348.01,3348.44,286.0
2025-07-14 20:20:00,3348.47,3349.85,3348.17,3349.67,318.0
2025-07-14 20:25:00,3349.61,3351.05,3349.52,3350.5,365.0
2025-07-14 20:30:00,3350.48,3351.61,3350.29,3350.31,314.0
2025-07-14 20:35:00,3350.28,3350.79,3349.84,3350.53,315.0
2025-07-14 20:40:00,3350.55,3351.43,3350.31,3350.9,335.0
2025-07-14 20:45:00,3350.91,3351.42,3350.77,3350.92,288.0
2025-07-14 20:50:00,3350.9,3351.18,3350.19,3350.86,255.0
2025-07-14 20:55:00,3350.84,3351.67,3350.84,3351.02,309.0
2025-07-14 21:00:00,3351.04,3351.21,3350.16,3350.34,301.0
2025-07-14 21:05:00,3350.35,3350.49,3348.48,3348.51,273.0
2025-07-14 21:10:00,3348.5,3349.46,3347.88,3349.21,295.0
2025-07-14 21:15:00,3349.22,3351.0,3348.85,3350.64,325.0
2025-07-14 21:20:00,3350.48,3350.87,3349.71,3349.71,233.0
2025-07-14 21:25:00,3349.7,3349.9,3348.16,3349.13,277.0
2025-07-14 21:30:00,3349.18,3349.77,3348.98,3349.68,255.0
2025-07-14 21:35:00,3349.78,3350.26,3349.49,3349.99,241.0
2025-07-14 21:40:00,3350.01,3350.96,3349.9,3350.63,226.0
2025-07-14 21:45:00,3350.62,3350.96,3349.82,3350.06,238.0
2025-07-14 21:50:00,3350.02,3350.65,3349.35,3349.4,225.0
2025-07-14 21:55:00,3349.41,3349.57,3348.38,3348.88,319.0
2025-07-14 22:00:00,3348.86,3349.97,3348.74,3349.88,308.0
2025-07-14 22:05:00,3349.8,3350.15,3349.41,3349.53,280.0
2025-07-14 22:10:00,3349.64,3350.27,3349.57,3349.84,250.0
2025-07-14 22:15:00,3349.83,3350.4,3349.53,3350.39,280.0
2025-07-14 22:20:00,3350.53,3350.53,3348.66,3348.77,327.0
2025-07-14 22:25:00,3348.75,3349.07,3348.02,3348.25,310.0
2025-07-14 22:30:00,3348.24,3348.47,3347.22,3347.86,360.0
2025-07-14 22:35:00,3347.87,3348.42,3347.77,3347.96,331.0
2025-07-14 22:40:00,3347.95,3347.95,3345.8,3346.31,380.0
2025-07-14 22:45:00,3346.38,3346.66,3344.22,3344.54,364.0
2025-07-14 22:50:00,3344.6,3345.91,3344.24,3344.26,353.0
2025-07-14 22:55:00,3344.34,3344.89,3343.17,3344.04,346.0
2025-07-14 23:00:00,3344.12,3344.4,3343.4,3344.21,234.0
2025-07-14 23:05:00,3344.43,3345.44,3344.21,3344.83,171.0
2025-07-14 23:10:00,3344.79,3345.4,3344.65,3345.15,150.0
2025-07-14 23:15:00,3345.11,3345.59,3344.76,3344.76,132.0
2025-07-14 23:20:00,3344.77,3345.01,3344.19,3344.26,154.0
2025-07-14 23:25:00,3344.22,3345.05,3344.11,3344.8,202.0
2025-07-14 23:30:00,3344.79,3345.23,3344.2,3344.92,162.0
2025-07-14 23:35:00,3344.83,3344.85,3342.75,3342.75,97.0
2025-07-14 23:40:00,3342.74,3343.15,3342.23,3342.23,180.0
2025-07-14 23:45:00,3342.23,3342.59,3341.49,3342.24,174.0
2025-07-14 23:50:00,3342.26,3342.92,3340.71,3342.61,188.0
2025-07-14 23:55:00,3342.56,3343.28,3342.31,3343.26,108.0
2025-07-15 01:00:00,3344.06,3344.66,3342.92,3343.18,149.0
2025-07-15 01:05:00,3342.82,3342.83,3341.65,3341.8,135.0
2025-07-15 01:10:00,3341.72,3342.61,3341.23,3341.79,119.0
2025-07-15 01:15:00,3341.82,3343.18,3341.82,3343.05,104.0
2025-07-15 01:20:00,3343.04,3343.51,3342.56,3343.0,112.0
2025-07-15 01:25:00,3342.95,3344.12,3342.8,3344.07,151.0
2025-07-15 01:30:00,3344.1,3344.23,3342.95,3344.15,126.0
2025-07-15 01:35:00,3344.16,3344.54,3343.96,3344.47,99.0
2025-07-15 01:40:00,3344.46,3344.64,3344.01,3344.62,93.0
2025-07-15 01:45:00,3344.52,3344.71,3343.67,3344.27,148.0
2025-07-15 01:50:00,3344.15,3344.64,3344.1,3344.48,73.0
2025-07-15 01:55:00,3344.5,3345.6,3344.46,3345.59,142.0
2025-07-15 02:00:00,3345.48,3346.66,3345.48,3345.94,174.0
2025-07-15 02:05:00,3345.76,3346.33,3344.14,3344.94,133.0
2025-07-15 02:10:00,3344.93,3345.02,3343.95,3344.06,135.0
2025-07-15 02:15:00,3344.1,3344.83,3344.02,3344.46,113.0
2025-07-15 02:20:00,3344.53,3344.64,3344.03,3344.44,104.0
2025-07-15 02:25:00,3344.43,3344.76,3344.32,3344.76,68.0
2025-07-15 02:30:00,3344.76,3344.95,3344.12,3344.73,109.0
2025-07-15 02:35:00,3344.71,3345.63,3344.71,3345.34,123.0
2025-07-15 02:40:00,3345.36,3346.11,3345.33,3345.93,149.0
2025-07-15 02:45:00,3346.01,3346.57,3344.46,3345.57,181.0
2025-07-15 02:50:00,3345.55,3345.71,3345.24,3345.28,121.0
2025-07-15 02:55:00,3345.3,3345.51,3345.0,3345.28,139.0
2025-07-15 03:00:00,3345.24,3346.32,3344.8,3346.3,239.0
2025-07-15 03:05:00,3346.39,3346.68,3345.85,3346.33,179.0
2025-07-15 03:10:00,3346.35,3347.08,3345.37,3346.65,181.0
2025-07-15 03:15:00,3346.66,3347.41,3346.59,3347.2,164.0
2025-07-15 03:20:00,3347.24,3347.92,3346.96,3347.71,152.0
2025-07-15 03:25:00,3347.72,3347.91,3347.07,3347.53,201.0
2025-07-15 03:30:00,3347.54,3348.15,3347.33,3347.52,138.0
2025-07-15 03:35:00,3347.64,3347.68,3346.17,3346.41,184.0
2025-07-15 03:40:00,3346.66,3347.46,3346.51,3347.01,184.0
2025-07-15 03:45:00,3346.98,3349.32,3346.1,3347.5,268.0
2025-07-15 03:50:00,3347.49,3347.76,3346.03,3346.64,208.0
2025-07-15 03:55:00,3346.67,3348.34,3346.51,3347.64,205.0
2025-07-15 04:00:00,3347.42,3348.99,3347.16,3348.2,278.0
2025-07-15 04:05:00,3348.15,3349.03,3347.57,3348.26,252.0
2025-07-15 04:10:00,3348.28,3349.67,3347.64,3348.75,216.0
2025-07-15 04:15:00,3348.74,3349.91,3348.62,3349.53,202.0
2025-07-15 04:20:00,3349.54,3349.8,3348.61,3348.65,200.0
2025-07-15 04:25:00,3348.64,3348.9,3347.81,3348.4,229.0
2025-07-15 04:30:00,3348.39,3350.68,3348.27,3349.56,248.0
2025-07-15 04:35:00,3349.5,3350.1,3348.73,3349.49,223.0
2025-07-15 04:40:00,3349.48,3349.94,3346.38,3346.91,249.0
2025-07-15 04:45:00,3346.85,3348.32,3346.47,3347.61,257.0
2025-07-15 04:50:00,3347.6,3347.81,3346.26,3346.66,268.0
2025-07-15 04:55:00,3346.67,3347.58,3346.17,3346.55,229.0
2025-07-15 05:00:00,3346.52,3348.26,3346.42,3347.38,221.0
2025-07-15 05:05:00,3347.4,3349.24,3345.86,3348.84,278.0
2025-07-15 05:10:00,3348.87,3350.01,3348.63,3349.78,276.0
2025-07-15 05:15:00,3349.75,3350.77,3349.37,3350.58,227.0
2025-07-15 05:20:00,3350.48,3352.06,3350.48,3351.06,237.0
2025-07-15 05:25:00,3351.05,3351.06,3349.34,3350.06,251.0
2025-07-15 05:30:00,3350.08,3350.08,3347.99,3348.88,275.0
2025-07-15 05:35:00,3348.87,3350.01,3348.5,3349.64,222.0
2025-07-15 05:40:00,3349.68,3350.46,3349.11,3349.2,220.0
2025-07-15 05:45:00,3349.15,3350.01,3348.61,3348.84,197.0
2025-07-15 05:50:00,3348.85,3349.31,3347.63,3348.88,233.0
2025-07-15 05:55:00,3348.89,3351.08,3348.89,3350.89,238.0
2025-07-15 06:00:00,3350.99,3352.97,3350.75,3352.86,266.0
2025-07-15 06:05:00,3352.82,3354.24,3352.66,3353.85,268.0
2025-07-15 06:10:00,3353.76,3354.54,3353.42,3353.98,257.0
2025-07-15 06:15:00,3354.17,3354.83,3352.28,3353.64,285.0
2025-07-15 06:20:00,3353.48,3356.01,3353.35,3355.08,298.0
2025-07-15 06:25:00,3355.15,3355.55,3354.49,3354.64,244.0
2025-07-15 06:30:00,3354.57,3356.24,3354.41,3356.17,253.0
2025-07-15 06:35:00,3356.19,3356.71,3355.81,3355.97,209.0
2025-07-15 06:40:00,3355.99,3357.56,3355.84,3357.32,196.0
2025-07-15 06:45:00,3357.43,3357.72,3356.8,3357.41,207.0
2025-07-15 06:50:00,3357.4,3358.32,3356.76,3358.13,201.0
2025-07-15 06:55:00,3357.94,3358.14,3357.4,3357.84,204.0
2025-07-15 07:00:00,3357.9,3358.7,3357.67,3357.93,211.0
2025-07-15 07:05:00,3357.88,3358.53,3357.64,3358.49,210.0
2025-07-15 07:10:00,3358.5,3360.97,3357.72,3360.96,281.0
2025-07-15 07:15:00,3360.93,3360.98,3359.32,3359.97,257.0
2025-07-15 07:20:00,3359.75,3360.53,3359.66,3360.12,169.0
2025-07-15 07:25:00,3360.28,3360.87,3359.74,3360.23,176.0
2025-07-15 07:30:00,3360.24,3360.96,3360.13,3360.43,191.0
2025-07-15 07:35:00,3360.4,3361.05,3359.87,3359.95,188.0
2025-07-15 07:40:00,3359.94,3360.51,3359.04,3360.06,202.0
2025-07-15 07:45:00,3360.22,3361.33,3360.21,3360.48,213.0
2025-07-15 07:50:00,3360.5,3360.72,3359.88,3359.94,142.0
2025-07-15 07:55:00,3360.05,3360.38,3359.43,3360.26,135.0
2025-07-15 08:00:00,3360.23,3361.33,3360.23,3361.33,211.0
2025-07-15 08:05:00,3361.33,3362.79,3360.79,3362.72,215.0
2025-07-15 08:10:00,3362.73,3363.1,3362.28,3362.72,179.0
2025-07-15 08:15:00,3362.71,3363.51,3362.45,3363.24,193.0
2025-07-15 08:20:00,3363.13,3364.84,3362.24,3364.36,226.0
2025-07-15 08:25:00,3364.37,3364.46,3363.11,3363.58,207.0
2025-07-15 08:30:00,3363.41,3364.8,3362.71,3364.38,299.0
2025-07-15 08:35:00,3364.42,3364.49,3362.69,3364.33,251.0
2025-07-15 08:40:00,3364.31,3364.94,3363.92,3364.16,205.0
2025-07-15 08:45:00,3363.99,3365.15,3363.98,3364.16,216.0
2025-07-15 08:50:00,3364.13,3365.21,3362.81,3363.7,232.0
2025-07-15 08:55:00,3363.77,3363.85,3361.87,3362.17,279.0
2025-07-15 09:00:00,3362.01,3362.01,3360.17,3360.2,305.0
2025-07-15 09:05:00,3360.19,3362.26,3359.6,3362.18,261.0
2025-07-15 09:10:00,3362.26,3364.03,3361.98,3362.72,287.0
2025-07-15 09:15:00,3362.74,3362.93,3360.99,3361.17,262.0
2025-07-15 09:20:00,3361.15,3361.18,3358.87,3359.05,310.0
2025-07-15 09:25:00,3359.1,3360.71,3358.94,3359.84,305.0
2025-07-15 09:30:00,3359.89,3360.6,3358.33,3358.97,289.0
2025-07-15 09:35:00,3358.91,3362.32,3358.72,3362.01,295.0
2025-07-15 09:40:00,3362.03,3362.78,3360.62,3361.6,263.0
2025-07-15 09:45:00,3361.45,3361.95,3360.61,3361.75,259.0
2025-07-15 09:50:00,3361.77,3361.83,3359.36,3359.36,240.0
2025-07-15 09:55:00,3359.34,3359.43,3357.46,3358.16,353.0
2025-07-15 10:00:00,3358.33,3359.39,3357.37,3358.21,322.0
2025-07-15 10:05:00,3358.3,3359.78,3357.67,3359.77,258.0
2025-07-15 10:10:00,3359.85,3360.47,3358.17,3360.28,267.0
2025-07-15 10:15:00,3360.46,3361.72,3359.75,3360.42,262.0
2025-07-15 10:20:00,3360.51,3363.34,3360.43,3362.43,261.0
2025-07-15 10:25:00,3362.34,3363.16,3362.01,3362.72,272.0
2025-07-15 10:30:00,3362.76,3363.11,3361.91,3362.5,260.0
2025-07-15 10:35:00,3362.49,3363.27,3361.71,3362.85,264.0
2025-07-15 10:40:00,3362.74,3363.79,3362.74,3363.66,224.0
2025-07-15 10:45:00,3363.73,3365.46,3363.7,3363.92,283.0
2025-07-15 10:50:00,3363.88,3364.8,3363.78,3364.2,229.0
2025-07-15 10:55:00,3364.29,3364.69,3363.55,3364.34,254.0
2025-07-15 11:00:00,3363.8,3365.28,3362.19,3363.68,302.0
2025-07-15 11:05:00,3363.67,3365.04,3363.38,3364.04,265.0
2025-07-15 11:10:00,3364.02,3365.55,3363.18,3363.34,256.0
2025-07-15 11:15:00,3363.21,3363.34,3358.91,3359.09,324.0
2025-07-15 11:20:00,3359.06,3359.11,3356.75,3357.76,360.0
2025-07-15 11:25:00,3357.81,3358.64,3356.73,3357.76,338.0
2025-07-15 11:30:00,3357.61,3361.91,3357.61,3361.4,359.0
2025-07-15 11:35:00,3361.35,3363.22,3361.14,3362.52,283.0
2025-07-15 11:40:00,3362.49,3363.66,3361.92,3362.35,303.0
2025-07-15 11:45:00,3362.36,3362.8,3361.05,3362.17,288.0
2025-07-15 11:50:00,3362.04,3364.06,3362.04,3363.51,236.0
2025-07-15 11:55:00,3363.52,3363.79,3360.54,3361.05,267.0
2025-07-15 12:00:00,3361.0,3364.34,3360.97,3364.34,252.0
2025-07-15 12:05:00,3364.23,3364.73,3363.44,3364.15,302.0
2025-07-15 12:10:00,3364.13,3364.7,3362.96,3363.15,283.0
2025-07-15 12:15:00,3363.17,3363.54,3359.2,3359.73,290.0
2025-07-15 12:20:00,3359.84,3362.65,3359.84,3362.65,311.0
2025-07-15 12:25:00,3362.66,3363.69,3361.34,3361.64,271.0
2025-07-15 12:30:00,3361.65,3362.17,3358.64,3360.56,360.0
2025-07-15 12:35:00,3360.58,3362.62,3358.9,3362.62,281.0
2025-07-15 12:40:00,3362.63,3363.09,3361.86,3362.03,267.0
2025-07-15 12:45:00,3361.99,3362.25,3360.97,3361.67,206.0
2025-07-15 12:50:00,3362.02,3362.91,3361.46,3362.33,212.0
2025-07-15 12:55:00,3362.34,3363.54,3361.88,3363.4,273.0
2025-07-15 13:00:00,3363.49,3364.84,3362.12,3364.84,321.0
2025-07-15 13:05:00,3364.84,3366.73,3363.47,3364.07,332.0
2025-07-15 13:10:00,3364.08,3364.73,3363.52,3364.68,293.0
2025-07-15 13:15:00,3364.62,3365.46,3363.99,3365.37,269.0
2025-07-15 13:20:00,3365.4,3366.33,3364.53,3364.54,283.0
2025-07-15 13:25:00,3364.52,3364.71,3363.03,3363.03,244.0
2025-07-15 13:30:00,3363.02,3363.44,3362.4,3363.36,222.0
2025-07-15 13:35:00,3363.35,3364.35,3362.57,3363.32,247.0
2025-07-15 13:40:00,3363.31,3363.39,3362.05,3362.74,218.0
2025-07-15 13:45:00,3362.74,3363.0,3361.97,3362.31,222.0
2025-07-15 13:50:00,3362.42,3362.54,3361.72,3361.96,212.0
2025-07-15 13:55:00,3361.99,3362.18,3361.22,3361.37,237.0
2025-07-15 14:00:00,3361.35,3362.04,3360.59,3360.87,281.0
2025-07-15 14:05:00,3360.93,3361.32,3359.07,3360.1,315.0
2025-07-15 14:10:00,3359.99,3361.31,3359.83,3360.62,281.0
2025-07-15 14:15:00,3360.66,3360.99,3359.09,3359.28,285.0
2025-07-15 14:20:00,3359.27,3359.8,3357.52,3358.73,286.0
2025-07-15 14:25:00,3358.71,3358.74,3357.55,3358.23,286.0
2025-07-15 14:30:00,3358.24,3359.28,3357.53,3357.9,286.0
2025-07-15 14:35:00,3357.74,3358.63,3356.07,3357.62,302.0
2025-07-15 14:40:00,3357.61,3358.62,3356.01,3356.99,258.0
2025-07-15 14:45:00,3356.98,3357.87,3353.72,3356.3,352.0
2025-07-15 14:50:00,3356.22,3356.22,3354.91,3355.24,301.0
2025-07-15 14:55:00,3355.12,3356.09,3354.38,3354.89,321.0
2025-07-15 15:00:00,3354.7,3355.19,3353.37,3354.16,312.0
2025-07-15 15:05:00,3354.15,3354.27,3352.42,3352.8,288.0
2025-07-15 15:10:00,3352.79,3354.04,3352.43,3352.62,291.0
2025-07-15 15:15:00,3352.7,3352.79,3349.25,3350.84,353.0
2025-07-15 15:20:00,3350.88,3355.44,3349.39,3355.16,371.0
2025-07-15 15:25:00,3355.3,3355.3,3352.23,3354.35,319.0
2025-07-15 15:30:00,3354.46,3360.1,3350.12,3353.42,464.0
2025-07-15 15:35:00,3353.24,3353.51,3347.87,3348.03,429.0
2025-07-15 15:40:00,3348.01,3351.6,3346.42,3351.55,420.0
2025-07-15 15:45:00,3351.5,3354.35,3349.89,3354.25,370.0
2025-07-15 15:50:00,3354.15,3354.81,3350.84,3350.96,378.0
2025-07-15 15:55:00,3351.04,3351.79,3348.51,3348.81,384.0
2025-07-15 16:00:00,3349.14,3351.76,3346.64,3351.51,416.0
2025-07-15 16:05:00,3351.6,3352.4,3347.87,3348.48,396.0
2025-07-15 16:10:00,3348.48,3348.67,3345.83,3346.69,394.0
2025-07-15 16:15:00,3346.59,3346.91,3342.98,3344.43,405.0
2025-07-15 16:20:00,3344.38,3344.72,3342.48,3343.03,404.0
2025-07-15 16:25:00,3342.96,3343.03,3338.62,3340.89,409.0
2025-07-15 16:30:00,3340.64,3342.24,3336.9,3338.82,444.0
2025-07-15 16:35:00,3338.64,3338.76,3334.5,3336.82,431.0
2025-07-15 16:40:00,3336.59,3339.25,3336.14,3338.32,427.0
2025-07-15 16:45:00,3338.48,3341.61,3335.26,3340.02,435.0
2025-07-15 16:50:00,3339.65,3343.87,3339.65,3343.87,399.0
2025-07-15 16:55:00,3344.01,3347.74,3343.16,3346.72,446.0
2025-07-15 17:00:00,3347.46,3347.89,3343.12,3343.37,414.0
2025-07-15 17:05:00,3343.4,3347.44,3342.48,3346.5,403.0
2025-07-15 17:10:00,3346.53,3348.11,3345.94,3347.18,370.0
2025-07-15 17:15:00,3347.09,3347.2,3344.2,3344.54,390.0
2025-07-15 17:20:00,3344.35,3347.97,3343.7,3346.47,355.0
2025-07-15 17:25:00,3346.46,3349.24,3345.91,3346.93,344.0
2025-07-15 17:30:00,3346.97,3350.97,3346.86,3350.96,387.0
2025-07-15 17:35:00,3350.96,3352.04,3349.91,3350.08,374.0
2025-07-15 17:40:00,3350.04,3351.12,3348.66,3350.0,332.0
2025-07-15 17:45:00,3350.03,3350.51,3347.09,3347.55,324.0
2025-07-15 17:50:00,3347.58,3347.87,3345.53,3346.79,358.0
2025-07-15 17:55:00,3346.85,3348.53,3346.25,3347.96,325.0
2025-07-15 18:00:00,3348.0,3349.94,3347.14,3347.4,371.0
2025-07-15 18:05:00,3347.44,3347.55,3345.77,3346.7,332.0
2025-07-15 18:10:00,3347.0,3347.18,3345.24,3345.48,323.0
2025-07-15 18:15:00,3345.54,3345.63,3342.33,3342.95,360.0
2025-07-15 18:20:00,3342.67,3342.89,3340.01,3340.43,404.0
2025-07-15 18:25:00,3340.49,3340.54,3332.71,3334.43,423.0
2025-07-15 18:30:00,3333.98,3334.04,3325.94,3326.23,459.0
2025-07-15 18:35:00,3325.97,3329.96,3325.47,3329.86,423.0
2025-07-15 18:40:00,3329.95,3333.49,3329.95,3331.35,402.0
2025-07-15 18:45:00,3331.38,3331.47,3329.43,3329.75,380.0
2025-07-15 18:50:00,3329.77,3329.77,3327.54,3328.26,346.0
2025-07-15 18:55:00,3328.24,3330.21,3327.89,3328.99,354.0
2025-07-15 19:00:00,3328.86,3328.87,3326.18,3326.85,375.0
2025-07-15 19:05:00,3326.97,3327.3,3323.92,3326.08,372.0
2025-07-15 19:10:00,3326.13,3326.57,3321.61,3322.63,379.0
2025-07-15 19:15:00,3322.67,3323.53,3320.25,3322.66,388.0
2025-07-15 19:20:00,3322.54,3324.05,3322.0,3323.75,331.0
2025-07-15 19:25:00,3323.76,3325.78,3323.15,3325.71,341.0
2025-07-15 19:30:00,3325.64,3326.65,3325.05,3325.12,338.0
2025-07-15 19:35:00,3325.04,3325.7,3323.98,3325.38,317.0
2025-07-15 19:40:00,3325.43,3326.35,3325.26,3326.11,243.0
2025-07-15 19:45:00,3326.04,3328.23,3325.96,3328.23,296.0
2025-07-15 19:50:00,3328.34,3328.76,3327.61,3328.76,278.0
2025-07-15 19:55:00,3328.92,3330.24,3327.98,3329.26,374.0
2025-07-15 20:00:00,3329.39,3329.46,3327.65,3328.39,333.0
2025-07-15 20:05:00,3328.4,3329.77,3328.18,3329.66,266.0
2025-07-15 20:10:00,3329.69,3331.16,3329.24,3331.03,269.0
2025-07-15 20:15:00,3331.04,3331.34,3330.61,3331.2,274.0
2025-07-15 20:20:00,3331.26,3331.26,3329.56,3330.31,288.0
2025-07-15 20:25:00,3330.35,3331.08,3328.73,3329.3,304.0
2025-07-15 20:30:00,3329.36,3330.28,3328.03,3328.11,298.0
2025-07-15 20:35:00,3328.08,3329.11,3327.65,3327.88,286.0
2025-07-15 20:40:00,3327.89,3328.41,3327.23,3328.12,290.0
2025-07-15 20:45:00,3328.16,3328.36,3327.32,3327.4,237.0
2025-07-15 20:50:00,3327.53,3327.97,3325.89,3327.86,287.0
2025-07-15 20:55:00,3327.86,3328.66,3327.46,3328.18,295.0
2025-07-15 21:00:00,3328.24,3329.34,3327.77,3329.27,287.0
2025-07-15 21:05:00,3329.29,3329.4,3327.93,3329.34,304.0
2025-07-15 21:10:00,3329.32,3329.33,3328.42,3328.78,240.0
2025-07-15 21:15:00,3328.72,3328.92,3326.77,3326.95,284.0
2025-07-15 21:20:00,3327.03,3327.16,3325.87,3325.9,273.0
2025-07-15 21:25:00,3325.92,3326.78,3325.9,3326.42,254.0
2025-07-15 21:30:00,3326.5,3327.89,3326.32,3327.89,283.0
2025-07-15 21:35:00,3327.9,3329.7,3327.88,3329.16,286.0
2025-07-15 21:40:00,3329.17,3330.15,3328.85,3329.97,270.0
2025-07-15 21:45:00,3329.95,3331.9,3329.85,3330.55,294.0
2025-07-15 21:50:00,3330.67,3331.11,3329.79,3329.83,252.0
2025-07-15 21:55:00,3329.82,3329.93,3328.8,3328.8,240.0
2025-07-15 22:00:00,3328.85,3330.07,3328.85,3329.18,231.0
2025-07-15 22:05:00,3328.87,3328.91,3327.52,3328.02,264.0
2025-07-15 22:10:00,3328.01,3328.17,3327.15,3327.43,244.0
2025-07-15 22:15:00,3327.33,3328.19,3327.31,3328.12,202.0
2025-07-15 22:20:00,3327.99,3328.28,3327.31,3327.54,236.0
2025-07-15 22:25:00,3327.32,3327.73,3326.48,3326.87,262.0
2025-07-15 22:30:00,3327.02,3327.96,3326.77,3327.44,241.0
2025-07-15 22:35:00,3327.43,3328.26,3327.43,3328.1,255.0
2025-07-15 22:40:00,3328.13,3329.62,3327.85,3329.38,272.0
2025-07-15 22:45:00,3329.37,3329.77,3328.91,3329.04,253.0
2025-07-15 22:50:00,3328.99,3330.49,3328.78,3330.42,274.0
2025-07-15 22:55:00,3330.49,3331.2,3329.41,3330.39,325.0
2025-07-15 23:00:00,3330.36,3331.02,3330.04,3330.15,166.0
2025-07-15 23:05:00,3330.09,3330.85,3329.68,3330.46,133.0
2025-07-15 23:10:00,3330.27,3330.68,3329.89,3330.43,85.0
2025-07-15 23:15:00,3330.38,3330.59,3328.72,3328.72,121.0
2025-07-15 23:20:00,3328.73,3328.89,3327.77,3327.99,140.0
2025-07-15 23:25:00,3327.96,3328.76,3327.53,3328.06,115.0
2025-07-15 23:30:00,3328.13,3328.97,3328.07,3328.84,90.0
2025-07-15 23:35:00,3328.9,3328.9,3327.82,3328.03,84.0
2025-07-15 23:40:00,3328.05,3328.05,3326.62,3326.63,118.0
2025-07-15 23:45:00,3326.61,3326.76,3325.72,3325.72,130.0
2025-07-15 23:50:00,3325.75,3326.04,3324.6,3324.9,165.0
2025-07-15 23:55:00,3326.02,3326.2,3324.65,3324.65,125.0
2025-07-16 01:00:00,3324.68,3326.3,3323.78,3326.18,203.0
2025-07-16 01:05:00,3326.07,3327.63,3325.93,3327.44,117.0
2025-07-16 01:10:00,3327.47,3327.59,3326.21,3327.03,128.0
2025-07-16 01:15:00,3327.05,3327.22,3326.28,3326.88,124.0
2025-07-16 01:20:00,3326.93,3327.5,3325.93,3326.32,158.0
2025-07-16 01:25:00,3326.45,3326.67,3325.97,3326.41,116.0
2025-07-16 01:30:00,3326.42,3326.57,3325.74,3326.09,119.0
2025-07-16 01:35:00,3326.17,3327.32,3326.17,3326.53,152.0
2025-07-16 01:40:00,3326.57,3326.62,3325.65,3326.41,114.0
2025-07-16 01:45:00,3326.39,3326.51,3325.55,3325.59,91.0
2025-07-16 01:50:00,3325.62,3326.26,3325.58,3326.23,96.0
2025-07-16 01:55:00,3326.24,3326.57,3326.13,3326.57,73.0
2025-07-16 02:00:00,3326.59,3327.46,3326.32,3327.33,146.0
2025-07-16 02:05:00,3327.36,3327.57,3326.74,3327.03,137.0
2025-07-16 02:10:00,3327.01,3328.74,3327.01,3328.57,150.0
2025-07-16 02:15:00,3328.56,3329.24,3328.46,3328.54,136.0
2025-07-16 02:20:00,3328.53,3330.18,3328.47,3330.14,197.0
2025-07-16 02:25:00,3330.12,3330.23,3329.03,3329.06,149.0
2025-07-16 02:30:00,3328.92,3330.38,3328.84,3330.27,153.0
2025-07-16 02:35:00,3330.24,3331.48,3330.09,3330.31,180.0
2025-07-16 02:40:00,3330.33,3330.54,3329.56,3329.81,165.0
2025-07-16 02:45:00,3329.8,3331.18,3329.71,3330.79,154.0
2025-07-16 02:50:00,3330.85,3331.19,3330.63,3331.19,158.0
2025-07-16 02:55:00,3331.23,3331.76,3330.85,3331.09,164.0
2025-07-16 03:00:00,3331.13,3331.64,3329.77,3330.06,273.0
2025-07-16 03:05:00,3330.07,3330.89,3329.67,3330.08,225.0
2025-07-16 03:10:00,3330.13,3330.19,3328.92,3329.38,232.0
2025-07-16 03:15:00,3329.41,3331.32,3329.33,3330.35,214.0
2025-07-16 03:20:00,3330.37,3331.51,3330.22,3331.42,185.0
2025-07-16 03:25:00,3331.43,3331.74,3330.67,3331.51,231.0
2025-07-16 03:30:00,3331.31,3332.76,3331.06,3331.38,229.0
2025-07-16 03:35:00,3331.39,3332.35,3330.45,3332.08,250.0
2025-07-16 03:40:00,3332.1,3332.6,3331.72,3331.84,233.0
2025-07-16 03:45:00,3331.81,3332.54,3330.12,3330.3,280.0
2025-07-16 03:50:00,3330.37,3332.04,3330.26,3331.21,286.0
2025-07-16 03:55:00,3331.25,3331.36,3329.84,3330.5,257.0
2025-07-16 04:00:00,3330.75,3331.17,3329.01,3329.01,352.0
2025-07-16 04:05:00,3329.02,3330.5,3328.93,3330.39,323.0
2025-07-16 04:10:00,3330.34,3331.83,3329.71,3331.81,331.0
2025-07-16 04:15:00,3331.84,3333.79,3331.03,3333.02,311.0
2025-07-16 04:20:00,3332.99,3333.92,3332.39,3333.19,319.0
2025-07-16 04:25:00,3333.13,3334.19,3332.0,3333.03,325.0
2025-07-16 04:30:00,3332.96,3334.75,3332.05,3332.64,324.0
2025-07-16 04:35:00,3332.74,3334.94,3332.1,3334.04,298.0
2025-07-16 04:40:00,3334.07,3334.12,3331.21,3331.41,322.0
2025-07-16 04:45:00,3331.33,3331.53,3329.86,3330.82,310.0
2025-07-16 04:50:00,3330.77,3332.61,3330.6,3332.25,277.0
2025-07-16 04:55:00,3332.06,3332.41,3330.6,3330.94,249.0
2025-07-16 05:00:00,3331.1,3331.49,3329.32,3329.53,290.0
2025-07-16 05:05:00,3329.54,3329.67,3327.96,3327.99,308.0
2025-07-16 05:10:00,3327.95,3328.99,3327.89,3328.87,291.0
2025-07-16 05:15:00,3328.89,3329.41,3328.32,3329.07,217.0
2025-07-16 05:20:00,3329.09,3329.2,3328.32,3328.84,201.0
2025-07-16 05:25:00,3328.85,3329.28,3328.55,3328.96,258.0
2025-07-16 05:30:00,3329.2,3330.36,3328.82,3329.56,321.0
2025-07-16 05:35:00,3329.57,3330.19,3329.21,3329.56,263.0
2025-07-16 05:40:00,3329.59,3329.76,3327.45,3328.25,279.0
2025-07-16 05:45:00,3328.32,3328.64,3327.31,3327.31,288.0
2025-07-16 05:50:00,3327.29,3327.75,3325.39,3325.48,269.0
2025-07-16 05:55:00,3325.46,3326.3,3325.11,3326.13,262.0
2025-07-16 06:00:00,3326.13,3329.34,3325.98,3329.23,286.0
2025-07-16 06:05:00,3329.26,3330.32,3327.77,3327.84,336.0
2025-07-16 06:10:00,3327.83,3328.5,3327.82,3328.24,243.0
2025-07-16 06:15:00,3328.2,3329.71,3328.14,3329.6,281.0
2025-07-16 06:20:00,3329.58,3331.9,3329.44,3331.71,268.0
2025-07-16 06:25:00,3331.69,3332.98,3331.63,3332.66,299.0
2025-07-16 06:30:00,3332.67,3334.44,3332.29,3333.42,292.0
2025-07-16 06:35:00,3333.42,3334.66,3333.41,3334.21,262.0
2025-07-16 06:40:00,3334.25,3334.57,3333.64,3334.12,250.0
2025-07-16 06:45:00,3334.13,3335.06,3333.65,3333.85,262.0
2025-07-16 06:50:00,3333.77,3334.93,3333.77,3334.58,217.0
2025-07-16 06:55:00,3334.55,3334.68,3333.87,3334.32,227.0
2025-07-16 07:00:00,3334.31,3334.82,3333.99,3334.8,187.0
2025-07-16 07:05:00,3334.79,3335.04,3333.44,3333.96,216.0
2025-07-16 07:10:00,3333.94,3334.03,3333.27,3333.86,253.0
2025-07-16 07:15:00,3333.86,3334.88,3333.58,3333.78,202.0
2025-07-16 07:20:00,3333.8,3334.0,3332.83,3333.2,202.0
2025-07-16 07:25:00,3333.24,3335.14,3333.24,3335.12,192.0
2025-07-16 07:30:00,3335.14,3338.12,3335.05,3337.21,337.0
2025-07-16 07:35:00,3337.18,3337.45,3336.5,3337.14,209.0
2025-07-16 07:40:00,3337.34,3337.54,3336.28,3336.53,196.0
2025-07-16 07:45:00,3336.53,3337.47,3336.07,3337.47,191.0
2025-07-16 07:50:00,3337.51,3337.92,3336.61,3337.78,167.0
2025-07-16 07:55:00,3337.74,3338.61,3337.55,3338.29,262.0
2025-07-16 08:00:00,3338.23,3339.31,3337.99,3338.01,294.0
2025-07-16 08:05:00,3337.96,3338.92,3337.23,3338.84,222.0
2025-07-16 08:10:00,3338.81,3338.95,3338.34,3338.84,167.0
2025-07-16 08:15:00,3338.79,3338.89,3338.3,3338.61,166.0
2025-07-16 08:20:00,3338.65,3339.45,3338.65,3339.2,223.0
2025-07-16 08:25:00,3339.18,3339.56,3338.76,3339.31,227.0
2025-07-16 08:30:00,3339.3,3339.86,3338.57,3338.88,301.0
2025-07-16 08:35:00,3338.86,3339.07,3336.87,3337.4,301.0
2025-07-16 08:40:00,3337.38,3337.69,3336.43,3337.24,256.0
2025-07-16 08:45:00,3337.19,3337.59,3335.78,3337.03,281.0
2025-07-16 08:50:00,3336.99,3338.82,3336.99,3338.68,271.0
2025-07-16 08:55:00,3338.7,3338.88,3337.65,3338.1,268.0
2025-07-16 09:00:00,3337.73,3339.8,3337.73,3339.4,284.0
2025-07-16 09:05:00,3339.37,3341.46,3339.26,3341.2,323.0
2025-07-16 09:10:00,3341.2,3341.37,3340.33,3340.56,275.0
2025-07-16 09:15:00,3340.62,3341.74,3340.19,3340.37,280.0
2025-07-16 09:20:00,3340.35,3341.83,3340.05,3341.51,304.0
2025-07-16 09:25:00,3341.65,3341.91,3340.0,3340.0,302.0
2025-07-16 09:30:00,3340.01,3341.64,3339.7,3341.26,292.0
2025-07-16 09:35:00,3341.24,3341.44,3339.94,3340.14,273.0
2025-07-16 09:40:00,3340.1,3340.81,3339.83,3340.52,273.0
2025-07-16 09:45:00,3340.32,3340.9,3339.36,3339.36,287.0
2025-07-16 09:50:00,3339.33,3340.31,3338.73,3339.0,281.0
2025-07-16 09:55:00,3338.96,3340.21,3338.8,3339.25,284.0
2025-07-16 10:00:00,3339.33,3339.69,3338.18,3338.22,295.0
2025-07-16 10:05:00,3338.27,3339.36,3337.53,3337.68,288.0
2025-07-16 10:10:00,3337.54,3338.26,3337.01,3337.72,274.0
2025-07-16 10:15:00,3337.69,3340.09,3337.68,3340.09,272.0
2025-07-16 10:20:00,3340.04,3340.16,3338.68,3339.86,266.0
2025-07-16 10:25:00,3339.8,3339.81,3337.79,3338.1,223.0
2025-07-16 10:30:00,3338.11,3339.03,3337.53,3338.52,278.0
2025-07-16 10:35:00,3338.51,3338.84,3337.72,3337.97,193.0
2025-07-16 10:40:00,3338.14,3338.14,3336.39,3336.48,250.0
2025-07-16 10:45:00,3336.43,3337.34,3335.97,3337.15,298.0
2025-07-16 10:50:00,3337.14,3338.18,3336.74,3337.2,307.0
2025-07-16 10:55:00,3337.21,3338.18,3336.45,3337.89,263.0
2025-07-16 11:00:00,3337.94,3340.54,3337.82,3340.31,320.0
2025-07-16 11:05:00,3340.4,3340.57,3339.69,3339.88,284.0
2025-07-16 11:10:00,3339.87,3342.85,3339.67,3340.21,348.0
2025-07-16 11:15:00,3340.05,3340.76,3339.18,3340.04,296.0
2025-07-16 11:20:00,3340.02,3340.72,3339.13,3340.07,272.0
2025-07-16 11:25:00,3340.1,3341.29,3340.09,3340.6,241.0
2025-07-16 11:30:00,3340.57,3340.9,3339.62,3339.83,263.0
2025-07-16 11:35:00,3339.75,3340.3,3339.53,3340.05,221.0
2025-07-16 11:40:00,3340.07,3341.33,3339.67,3341.24,247.0
2025-07-16 11:45:00,3341.26,3342.15,3340.32,3341.97,253.0
2025-07-16 11:50:00,3341.98,3342.51,3341.61,3342.25,249.0
2025-07-16 11:55:00,3342.26,3342.64,3341.83,3342.14,256.0
2025-07-16 12:00:00,3342.06,3342.61,3341.48,3342.09,276.0
2025-07-16 12:05:00,3342.12,3342.99,3341.2,3341.22,272.0
2025-07-16 12:10:00,3341.3,3341.66,3340.03,3340.36,299.0
2025-07-16 12:15:00,3340.38,3340.59,3339.43,3339.71,266.0
2025-07-16 12:20:00,3339.87,3340.92,3339.85,3340.92,259.0
2025-07-16 12:25:00,3340.91,3341.59,3339.2,3339.36,306.0
2025-07-16 12:30:00,3339.3,3340.57,3339.3,3339.45,273.0
2025-07-16 12:35:00,3339.43,3341.25,3339.38,3340.19,257.0
2025-07-16 12:40:00,3340.22,3341.35,3340.22,3341.34,250.0
2025-07-16 12:45:00,3341.42,3342.06,3340.7,3340.75,271.0
2025-07-16 12:50:00,3340.94,3341.35,3340.64,3340.75,253.0
2025-07-16 12:55:00,3340.78,3341.76,3339.85,3340.01,298.0
2025-07-16 13:00:00,3339.94,3340.14,3339.43,3339.55,251.0
2025-07-16 13:05:00,3339.48,3340.35,3337.95,3338.63,313.0
2025-07-16 13:10:00,3338.65,3339.18,3337.99,3338.11,279.0
2025-07-16 13:15:00,3337.89,3338.44,3336.81,3337.27,282.0
2025-07-16 13:20:00,3337.28,3338.13,3337.04,3338.13,257.0
2025-07-16 13:25:00,3338.14,3339.11,3338.06,3338.7,238.0
2025-07-16 13:30:00,3338.69,3339.58,3338.6,3339.23,239.0
2025-07-16 13:35:00,3339.24,3339.33,3338.41,3338.64,224.0
2025-07-16 13:40:00,3338.66,3339.3,3337.84,3338.11,240.0
2025-07-16 13:45:00,3338.17,3338.18,3337.01,3337.05,224.0
2025-07-16 13:50:00,3337.06,3338.7,3336.56,3337.81,260.0
2025-07-16 13:55:00,3337.82,3338.11,3334.19,3334.87,364.0
2025-07-16 14:00:00,3334.82,3336.01,3334.46,3334.64,341.0
2025-07-16 14:05:00,3334.7,3336.58,3334.44,3335.91,279.0
2025-07-16 14:10:00,3335.93,3336.26,3334.65,3336.0,278.0
2025-07-16 14:15:00,3336.13,3337.17,3334.7,3334.7,291.0
2025-07-16 14:20:00,3334.68,3334.82,3333.8,3333.86,270.0
2025-07-16 14:25:00,3334.02,3336.05,3334.02,3335.94,243.0
2025-07-16 14:30:00,3336.06,3337.22,3335.96,3336.61,284.0
2025-07-16 14:35:00,3336.53,3336.53,3335.2,3335.55,283.0
2025-07-16 14:40:00,3335.49,3338.23,3335.45,3338.22,322.0
2025-07-16 14:45:00,3338.18,3339.45,3336.28,3338.76,366.0
2025-07-16 14:50:00,3338.75,3340.65,3338.22,3340.08,352.0
2025-07-16 14:55:00,3340.05,3340.12,3338.16,3339.24,314.0
2025-07-16 15:00:00,3339.14,3339.69,3337.42,3337.66,287.0
2025-07-16 15:05:00,3337.8,3340.93,3337.46,3338.88,388.0
2025-07-16 15:10:00,3338.64,3339.36,3338.16,3338.48,281.0
2025-07-16 15:15:00,3338.5,3338.5,3334.15,3334.98,374.0
2025-07-16 15:20:00,3334.99,3337.15,3334.87,3336.93,379.0
2025-07-16 15:25:00,3336.49,3336.49,3332.82,3334.03,370.0
2025-07-16 15:30:00,3334.14,3338.48,3332.14,3337.05,478.0
2025-07-16 15:35:00,3337.04,3337.04,3333.94,3334.86,416.0
2025-07-16 15:40:00,3334.75,3337.72,3333.81,3334.06,420.0
2025-07-16 15:45:00,3334.09,3334.14,3331.01,3331.22,352.0
2025-07-16 15:50:00,3331.24,3335.44,3331.09,3334.84,397.0
2025-07-16 15:55:00,3334.84,3334.88,3332.76,3334.58,385.0
2025-07-16 16:00:00,3334.78,3336.76,3334.07,3335.93,401.0
2025-07-16 16:05:00,3335.93,3336.24,3332.86,3334.01,374.0
2025-07-16 16:10:00,3333.93,3335.07,3332.85,3334.45,350.0
2025-07-16 16:15:00,3334.46,3339.34,3333.86,3339.19,394.0
2025-07-16 16:20:00,3339.12,3339.33,3336.89,3338.68,385.0
2025-07-16 16:25:00,3338.63,3338.75,3334.79,3334.8,334.0
2025-07-16 16:30:00,3334.22,3334.74,3330.41,3330.41,430.0
2025-07-16 16:35:00,3330.47,3330.47,3326.86,3328.42,484.0
2025-07-16 16:40:00,3328.46,3331.29,3326.75,3327.12,448.0
2025-07-16 16:45:00,3326.96,3327.15,3323.4,3324.23,446.0
2025-07-16 16:50:00,3324.02,3326.11,3322.0,3323.28,474.0
2025-07-16 16:55:00,3323.33,3327.1,3322.89,3326.86,444.0
2025-07-16 17:00:00,3326.8,3326.97,3322.95,3326.09,447.0
2025-07-16 17:05:00,3326.03,3328.1,3324.28,3324.76,447.0
2025-07-16 17:10:00,3324.7,3327.23,3324.28,3326.05,418.0
2025-07-16 17:15:00,3325.94,3326.16,3321.62,3323.54,447.0
2025-07-16 17:20:00,3323.52,3328.91,3322.91,3328.36,452.0
2025-07-16 17:25:00,3328.35,3329.28,3325.12,3325.16,442.0
2025-07-16 17:30:00,3324.84,3324.84,3319.62,3321.86,479.0
2025-07-16 17:35:00,3321.97,3326.02,3321.4,3324.8,435.0
2025-07-16 17:40:00,3324.83,3325.84,3322.35,3325.32,445.0
2025-07-16 17:45:00,3325.36,3328.32,3324.29,3327.36,450.0
2025-07-16 17:50:00,3327.24,3336.06,3323.97,3335.58,474.0
2025-07-16 17:55:00,3335.54,3342.31,3330.19,3338.12,552.0
2025-07-16 18:00:00,3338.07,3345.43,3337.34,3344.99,519.0
2025-07-16 18:05:00,3344.97,3353.96,3344.97,3351.38,532.0
2025-07-16 18:10:00,3352.14,3353.84,3347.93,3348.61,522.0
2025-07-16 18:15:00,3348.78,3370.19,3346.93,3369.52,589.0
2025-07-16 18:20:00,3369.42,3371.19,3365.06,3367.69,545.0
2025-07-16 18:25:00,3368.06,3370.36,3362.65,3363.17,527.0
2025-07-16 18:30:00,3363.92,3377.48,3363.59,3373.82,558.0
2025-07-16 18:35:00,3373.91,3373.91,3364.75,3368.09,525.0
2025-07-16 18:40:00,3368.72,3370.93,3357.44,3360.42,526.0
2025-07-16 18:45:00,3360.29,3362.47,3354.98,3358.88,526.0
2025-07-16 18:50:00,3359.22,3366.25,3357.71,3357.71,522.0
2025-07-16 18:55:00,3358.3,3360.09,3336.12,3343.47,617.0
2025-07-16 19:00:00,3343.8,3344.69,3339.17,3342.75,513.0
2025-07-16 19:05:00,3343.03,3350.25,3342.81,3348.81,506.0
2025-07-16 19:10:00,3348.87,3355.18,3348.43,3354.37,498.0
2025-07-16 19:15:00,3354.25,3354.32,3347.68,3349.24,459.0
2025-07-16 19:20:00,3349.4,3351.29,3347.07,3350.77,438.0
2025-07-16 19:25:00,3351.05,3353.41,3351.01,3352.16,404.0
2025-07-16 19:30:00,3352.22,3353.44,3351.15,3351.6,416.0
2025-07-16 19:35:00,3351.56,3351.72,3348.54,3349.71,388.0
2025-07-16 19:40:00,3349.7,3352.08,3349.43,3351.18,363.0
2025-07-16 19:45:00,3351.15,3354.77,3351.07,3353.09,404.0
2025-07-16 19:50:00,3352.94,3353.61,3349.5,3349.97,381.0
2025-07-16 19:55:00,3349.86,3351.02,3348.23,3349.02,377.0
2025-07-16 20:00:00,3349.25,3350.64,3348.73,3350.5,397.0
2025-07-16 20:05:00,3350.57,3353.66,3348.93,3353.45,360.0
2025-07-16 20:10:00,3353.43,3353.43,3351.2,3351.23,367.0
2025-07-16 20:15:00,3351.18,3352.3,3350.72,3351.51,353.0
2025-07-16 20:20:00,3351.5,3352.95,3350.69,3351.75,322.0
2025-07-16 20:25:00,3351.57,3353.95,3351.11,3351.64,365.0
2025-07-16 20:30:00,3351.86,3353.16,3350.26,3351.55,350.0
2025-07-16 20:35:00,3351.52,3354.97,3351.26,3354.51,318.0
2025-07-16 20:40:00,3354.49,3355.54,3353.4,3354.73,317.0
2025-07-16 20:45:00,3355.0,3357.22,3354.3,3356.36,326.0
2025-07-16 20:50:00,3356.36,3356.43,3353.82,3354.9,304.0
2025-07-16 20:55:00,3354.97,3355.02,3353.92,3354.73,280.0
2025-07-16 21:00:00,3354.89,3356.49,3354.32,3354.74,313.0
2025-07-16 21:05:00,3354.71,3357.29,3354.52,3355.83,361.0
2025-07-16 21:10:00,3355.76,3356.58,3355.45,3355.8,347.0
2025-07-16 21:15:00,3355.76,3356.64,3355.56,3355.85,251.0
2025-07-16 21:20:00,3355.9,3355.94,3353.53,3354.47,317.0
2025-07-16 21:25:00,3354.46,3354.52,3352.62,3353.42,302.0
2025-07-16 21:30:00,3353.43,3354.3,3353.08,3353.93,274.0
2025-07-16 21:35:00,3353.91,3353.96,3352.85,3353.15,248.0
2025-07-16 21:40:00,3353.14,3353.41,3352.4,3353.02,275.0
2025-07-16 21:45:00,3353.05,3353.15,3351.69,3352.28,277.0
2025-07-16 21:50:00,3352.27,3352.87,3351.76,3351.77,278.0
2025-07-16 21:55:00,3351.87,3351.98,3349.12,3350.31,312.0
2025-07-16 22:00:00,3350.32,3350.44,3348.64,3348.93,320.0
2025-07-16 22:05:00,3348.87,3349.6,3347.25,3347.81,302.0
2025-07-16 22:10:00,3347.82,3348.19,3347.23,3347.84,306.0
2025-07-16 22:15:00,3348.0,3348.58,3347.34,3348.24,300.0
2025-07-16 22:20:00,3348.26,3348.26,3346.46,3346.82,345.0
2025-07-16 22:25:00,3346.82,3347.71,3346.54,3347.39,305.0
2025-07-16 22:30:00,3347.39,3348.05,3346.29,3347.39,330.0
2025-07-16 22:35:00,3347.43,3347.93,3346.1,3346.47,319.0
2025-07-16 22:40:00,3346.46,3347.61,3346.45,3347.02,317.0
2025-07-16 22:45:00,3347.07,3348.03,3346.85,3347.0,297.0
2025-07-16 22:50:00,3347.02,3348.06,3346.98,3347.37,325.0
2025-07-16 22:55:00,3347.45,3348.22,3346.95,3347.11,376.0
2025-07-16 23:00:00,3347.14,3348.0,3347.14,3347.48,193.0
2025-07-16 23:05:00,3347.42,3348.18,3347.32,3347.47,168.0
2025-07-16 23:10:00,3347.45,3348.92,3347.25,3348.88,154.0
2025-07-16 23:15:00,3348.89,3349.71,3348.56,3349.07,196.0
2025-07-16 23:20:00,3349.05,3349.3,3348.43,3348.8,137.0
2025-07-16 23:25:00,3348.78,3348.78,3348.2,3348.31,131.0
2025-07-16 23:30:00,3348.32,3348.37,3346.68,3346.68,153.0
2025-07-16 23:35:00,3346.66,3347.26,3346.3,3347.01,194.0
2025-07-16 23:40:00,3347.08,3347.73,3346.82,3347.25,178.0
2025-07-16 23:45:00,3347.55,3348.41,3347.21,3347.78,167.0
2025-07-16 23:50:00,3347.77,3348.05,3346.98,3346.99,139.0
2025-07-17 01:05:00,3350.79,3350.83,3348.88,3349.45,128.0
2025-07-17 01:10:00,3349.27,3351.16,3348.97,3351.06,158.0
2025-07-17 01:15:00,3351.06,3352.22,3350.69,3351.81,196.0
2025-07-17 01:20:00,3351.82,3351.82,3349.76,3350.72,154.0
2025-07-17 01:25:00,3350.7,3351.77,3350.31,3351.56,135.0
2025-07-17 01:30:00,3351.29,3351.63,3350.7,3351.05,133.0
2025-07-17 01:35:00,3351.04,3351.04,3349.69,3349.87,137.0
2025-07-17 01:40:00,3349.8,3349.98,3348.37,3348.38,167.0
2025-07-17 01:45:00,3348.31,3349.37,3348.31,3349.05,166.0
2025-07-17 01:50:00,3349.04,3349.17,3348.64,3349.17,118.0
2025-07-17 01:55:00,3349.16,3349.6,3348.69,3349.59,124.0
2025-07-17 02:00:00,3349.6,3350.15,3349.14,3349.25,135.0
2025-07-17 02:05:00,3349.31,3349.31,3348.34,3349.05,152.0
2025-07-17 02:10:00,3349.05,3349.09,3348.66,3349.09,101.0
2025-07-17 02:15:00,3349.12,3349.19,3348.49,3348.95,104.0
2025-07-17 02:20:00,3348.95,3348.95,3348.31,3348.43,125.0
2025-07-17 02:25:00,3348.44,3348.54,3347.96,3348.01,169.0
2025-07-17 02:30:00,3347.98,3348.7,3347.82,3347.99,159.0
2025-07-17 02:35:00,3347.88,3348.04,3346.55,3347.17,184.0
2025-07-17 02:40:00,3347.18,3347.19,3345.8,3346.26,215.0
2025-07-17 02:45:00,3346.27,3346.91,3345.59,3345.78,183.0
2025-07-17 02:50:00,3345.81,3346.36,3345.33,3346.26,193.0
2025-07-17 02:55:00,3346.29,3346.76,3346.0,3346.5,200.0
2025-07-17 03:00:00,3346.47,3347.34,3344.21,3345.97,349.0
2025-07-17 03:05:00,3345.87,3346.1,3345.06,3345.6,276.0
2025-07-17 03:10:00,3345.6,3345.76,3343.14,3344.07,274.0
2025-07-17 03:15:00,3343.94,3344.54,3342.97,3344.54,268.0
2025-07-17 03:20:00,3344.38,3344.94,3343.91,3344.77,223.0
2025-07-17 03:25:00,3344.85,3345.01,3344.14,3344.17,236.0
2025-07-17 03:30:00,3344.42,3344.65,3344.01,3344.11,207.0
2025-07-17 03:35:00,3344.12,3344.46,3342.1,3343.44,257.0
2025-07-17 03:40:00,3343.45,3343.94,3341.57,3341.95,246.0
2025-07-17 03:45:00,3341.96,3342.03,3339.69,3340.97,278.0
2025-07-17 03:50:00,3341.04,3341.73,3340.28,3341.25,317.0
2025-07-17 03:55:00,3341.25,3341.35,3340.55,3340.9,293.0
2025-07-17 04:00:00,3340.82,3342.13,3338.91,3340.08,386.0
2025-07-17 04:05:00,3340.0,3340.3,3337.72,3338.3,356.0
2025-07-17 04:10:00,3338.2,3341.22,3337.79,3340.78,352.0
2025-07-17 04:15:00,3340.75,3341.73,3339.18,3340.45,337.0
2025-07-17 04:20:00,3340.16,3340.85,3339.6,3340.41,271.0
2025-07-17 04:25:00,3340.14,3341.28,3339.36,3340.76,260.0
2025-07-17 04:30:00,3340.94,3341.45,3337.23,3338.03,364.0
2025-07-17 04:35:00,3338.0,3340.97,3337.68,3340.96,326.0
2025-07-17 04:40:00,3340.99,3341.48,3339.94,3341.29,323.0
2025-07-17 04:45:00,3341.32,3343.35,3341.27,3342.38,359.0
2025-07-17 04:50:00,3342.3,3343.44,3342.15,3342.75,301.0
2025-07-17 04:55:00,3342.8,3344.41,3342.73,3343.87,319.0
2025-07-17 05:00:00,3343.95,3344.59,3343.35,3344.06,290.0
2025-07-17 05:05:00,3343.95,3344.2,3342.13,3342.48,271.0
2025-07-17 05:10:00,3342.55,3342.59,3340.29,3340.6,305.0
2025-07-17 05:15:00,3340.55,3341.06,3339.73,3340.11,276.0
2025-07-17 05:20:00,3340.12,3340.45,3339.22,3340.08,221.0
2025-07-17 05:25:00,3340.07,3340.24,3339.26,3339.85,182.0
2025-07-17 05:30:00,3339.55,3341.48,3339.49,3340.6,276.0
2025-07-17 05:35:00,3340.61,3341.01,3339.42,3339.9,248.0
2025-07-17 05:40:00,3339.99,3340.33,3337.84,3339.25,298.0
2025-07-17 05:45:00,3339.28,3340.03,3338.53,3339.6,280.0
2025-07-17 05:50:00,3339.55,3340.82,3339.5,3340.53,229.0
2025-07-17 05:55:00,3340.51,3342.17,3340.26,3341.43,323.0
2025-07-17 06:00:00,3341.4,3342.1,3341.33,3341.48,272.0
2025-07-17 06:05:00,3341.44,3341.6,3338.58,3338.67,249.0
2025-07-17 06:10:00,3338.62,3339.36,3338.1,3338.23,238.0
2025-07-17 06:15:00,3338.32,3338.48,3336.26,3338.43,297.0
2025-07-17 06:20:00,3338.39,3339.14,3338.14,3338.61,266.0
2025-07-17 06:25:00,3338.66,3339.46,3338.14,3339.32,240.0
2025-07-17 06:30:00,3339.31,3340.25,3339.31,3340.24,222.0
2025-07-17 06:35:00,3340.25,3341.02,3339.73,3340.51,254.0
2025-07-17 06:40:00,3340.61,3341.88,3340.51,3341.44,216.0
2025-07-17 06:45:00,3341.52,3342.15,3340.52,3341.73,274.0
2025-07-17 06:50:00,3341.92,3342.43,3341.54,3341.74,224.0
2025-07-17 06:55:00,3341.73,3342.03,3340.72,3341.38,256.0
2025-07-17 07:00:00,3341.51,3341.67,3339.92,3340.15,241.0
2025-07-17 07:05:00,3340.16,3340.69,3339.19,3339.19,211.0
2025-07-17 07:10:00,3339.23,3339.48,3338.36,3339.21,216.0
2025-07-17 07:15:00,3339.22,3339.88,3338.59,3339.88,236.0
2025-07-17 07:20:00,3339.86,3340.31,3339.31,3340.26,179.0
2025-07-17 07:25:00,3340.26,3341.16,3340.02,3341.16,216.0
2025-07-17 07:30:00,3341.15,3341.94,3341.05,3341.55,194.0
2025-07-17 07:35:00,3341.56,3343.95,3341.5,3343.88,209.0
2025-07-17 07:40:00,3343.95,3344.74,3342.33,3342.75,270.0
2025-07-17 07:45:00,3342.77,3342.79,3341.55,3341.56,186.0
2025-07-17 07:50:00,3341.59,3342.66,3341.54,3342.66,152.0
2025-07-17 07:55:00,3342.65,3342.67,3341.95,3342.65,149.0
2025-07-17 08:00:00,3342.64,3342.85,3341.58,3341.58,232.0
2025-07-17 08:05:00,3341.57,3342.36,3341.07,3341.09,226.0
2025-07-17 08:10:00,3341.08,3341.1,3339.95,3340.19,213.0
2025-07-17 08:15:00,3340.18,3340.9,3339.11,3339.12,283.0
2025-07-17 08:20:00,3339.1,3339.85,3338.75,3339.84,262.0
2025-07-17 08:25:00,3339.85,3340.52,3339.28,3340.52,248.0
2025-07-17 08:30:00,3340.53,3341.28,3338.55,3338.64,301.0
2025-07-17 08:35:00,3338.62,3338.63,3336.8,3337.41,303.0
2025-07-17 08:40:00,3337.47,3338.1,3336.56,3337.13,317.0
2025-07-17 08:45:00,3337.09,3337.99,3335.94,3337.02,282.0
2025-07-17 08:50:00,3336.95,3338.49,3336.89,3337.54,244.0
2025-07-17 08:55:00,3337.49,3339.58,3337.25,3339.34,284.0
2025-07-17 09:00:00,3339.61,3339.67,3337.17,3337.4,361.0
2025-07-17 09:05:00,3337.38,3337.38,3335.52,3335.54,390.0
2025-07-17 09:10:00,3335.56,3335.58,3331.82,3333.1,371.0
2025-07-17 09:15:00,3333.11,3334.84,3332.38,3333.28,438.0
2025-07-17 09:20:00,3333.16,3333.67,3330.08,3330.46,415.0
2025-07-17 09:25:00,3330.38,3331.48,3329.71,3330.15,358.0
2025-07-17 09:30:00,3330.12,3331.0,3328.91,3329.74,423.0
2025-07-17 09:35:00,3329.7,3330.93,3328.84,3330.93,345.0
2025-07-17 09:40:00,3330.94,3330.94,3328.41,3329.03,336.0
2025-07-17 09:45:00,3329.11,3333.04,3329.11,3332.83,344.0
2025-07-17 09:50:00,3332.85,3335.37,3332.85,3334.43,376.0
2025-07-17 09:55:00,3334.56,3336.51,3334.33,3335.44,387.0
2025-07-17 10:00:00,3335.45,3336.19,3334.26,3335.35,368.0
2025-07-17 10:05:00,3335.32,3335.94,3332.22,3335.57,361.0
2025-07-17 10:10:00,3335.54,3335.75,3333.75,3333.98,286.0
2025-07-17 10:15:00,3333.97,3333.97,3329.97,3330.66,375.0
2025-07-17 10:20:00,3330.63,3330.78,3327.92,3328.25,402.0
2025-07-17 10:25:00,3328.25,3329.7,3327.93,3329.63,350.0
2025-07-17 10:30:00,3329.63,3329.71,3328.55,3329.42,296.0
2025-07-17 10:35:00,3329.4,3329.86,3328.43,3329.41,301.0
2025-07-17 10:40:00,3329.35,3329.91,3327.8,3328.31,275.0
2025-07-17 10:45:00,3327.87,3329.16,3326.02,3326.05,368.0
2025-07-17 10:50:00,3326.08,3327.02,3325.21,3326.86,373.0
2025-07-17 10:55:00,3326.85,3326.85,3325.34,3325.85,343.0
2025-07-17 11:00:00,3325.83,3327.82,3325.57,3327.73,329.0
2025-07-17 11:05:00,3327.7,3328.04,3327.19,3327.52,316.0
2025-07-17 11:10:00,3327.5,3329.55,3327.21,3329.25,305.0
2025-07-17 11:15:00,3329.46,3329.78,3329.09,3329.54,316.0
2025-07-17 11:20:00,3329.55,3331.4,3329.53,3330.65,308.0
2025-07-17 11:25:00,3330.59,3331.19,3330.11,3331.04,299.0
2025-07-17 11:30:00,3331.02,3331.8,3330.61,3331.39,275.0
2025-07-17 11:35:00,3331.34,3332.04,3330.78,3331.13,271.0
2025-07-17 11:40:00,3331.06,3331.89,3330.1,3330.45,297.0
2025-07-17 11:45:00,3330.44,3331.58,3330.31,3331.44,256.0
2025-07-17 11:50:00,3331.37,3331.83,3330.54,3330.92,321.0
2025-07-17 11:55:00,3330.9,3331.03,3328.31,3328.85,307.0
2025-07-17 12:00:00,3328.81,3330.53,3328.5,3330.08,312.0
2025-07-17 12:05:00,3330.06,3330.52,3328.04,3328.15,273.0
2025-07-17 12:10:00,3328.16,3328.68,3327.58,3328.34,285.0
2025-07-17 12:15:00,3328.38,3330.71,3328.34,3330.71,313.0
2025-07-17 12:20:00,3330.81,3332.52,3330.76,3332.18,344.0
2025-07-17 12:25:00,3332.15,3332.24,3329.94,3330.13,296.0
2025-07-17 12:30:00,3330.1,3330.51,3328.93,3329.04,310.0
2025-07-17 12:35:00,3329.06,3329.38,3328.28,3328.36,272.0
2025-07-17 12:40:00,3328.35,3328.83,3327.74,3328.65,304.0
2025-07-17 12:45:00,3328.64,3328.84,3326.7,3326.79,355.0
2025-07-17 12:50:00,3326.75,3326.76,3324.84,3325.7,371.0
2025-07-17 12:55:00,3325.71,3326.1,3324.77,3325.53,345.0
2025-07-17 13:00:00,3325.56,3328.18,3325.51,3326.5,345.0
2025-07-17 13:05:00,3326.48,3327.47,3325.77,3326.8,313.0
2025-07-17 13:10:00,3326.9,3327.3,3326.61,3327.04,264.0
2025-07-17 13:15:00,3327.07,3327.84,3325.28,3327.49,313.0
2025-07-17 13:20:00,3327.48,3327.84,3326.58,3327.43,262.0
2025-07-17 13:25:00,3327.44,3328.9,3327.19,3328.8,302.0
2025-07-17 13:30:00,3328.91,3330.4,3328.81,3329.76,345.0
2025-07-17 13:35:00,3329.77,3331.0,3329.67,3330.76,335.0
2025-07-17 13:40:00,3330.8,3331.09,3330.38,3331.07,316.0
2025-07-17 13:45:00,3331.08,3331.08,3329.36,3329.84,309.0
2025-07-17 13:50:00,3329.73,3330.19,3327.51,3327.78,347.0
2025-07-17 13:55:00,3327.85,3327.91,3325.05,3325.8,350.0
2025-07-17 14:00:00,3325.68,3326.61,3323.03,3326.15,383.0
2025-07-17 14:05:00,3326.18,3328.55,3325.64,3328.06,332.0
2025-07-17 14:10:00,3328.09,3328.77,3326.43,3328.0,296.0
2025-07-17 14:15:00,3327.95,3328.23,3326.6,3327.52,271.0
2025-07-17 14:20:00,3327.47,3327.49,3325.14,3325.15,320.0
2025-07-17 14:25:00,3325.16,3326.41,3325.13,3326.41,221.0
2025-07-17 14:30:00,3326.36,3326.36,3325.13,3325.35,258.0
2025-07-17 14:35:00,3325.34,3325.96,3324.57,3325.33,279.0
2025-07-17 14:40:00,3325.35,3325.51,3323.98,3325.15,290.0
2025-07-17 14:45:00,3325.14,3326.07,3323.46,3323.97,319.0
2025-07-17 14:50:00,3323.88,3324.88,3322.36,3324.53,383.0
2025-07-17 14:55:00,3324.36,3325.64,3323.54,3324.28,361.0
2025-07-17 15:00:00,3324.27,3325.43,3322.75,3324.08,371.0
2025-07-17 15:05:00,3324.02,3324.63,3322.11,3322.49,382.0
2025-07-17 15:10:00,3322.51,3325.97,3322.49,3325.02,372.0
2025-07-17 15:15:00,3325.05,3325.4,3323.12,3324.49,383.0
2025-07-17 15:20:00,3324.72,3327.8,3323.96,3327.57,434.0
2025-07-17 15:25:00,3327.3,3328.84,3326.29,3326.99,376.0
2025-07-17 15:30:00,3324.32,3326.86,3312.6,3317.99,582.0
2025-07-17 15:35:00,3318.2,3319.39,3315.24,3317.65,501.0
2025-07-17 15:40:00,3317.47,3317.52,3312.92,3312.96,490.0
2025-07-17 15:45:00,3313.04,3315.45,3311.34,3314.68,524.0
2025-07-17 15:50:00,3314.48,3314.75,3310.06,3311.83,477.0
2025-07-17 15:55:00,3311.64,3315.12,3309.9,3313.07,468.0
2025-07-17 16:00:00,3313.57,3314.93,3311.27,3312.29,519.0
2025-07-17 16:05:00,3312.34,3316.08,3312.34,3315.2,504.0
2025-07-17 16:10:00,3315.18,3317.15,3312.74,3316.76,455.0
2025-07-17 16:15:00,3316.75,3318.94,3316.75,3318.27,445.0
2025-07-17 16:20:00,3318.24,3319.33,3315.99,3316.06,453.0
2025-07-17 16:25:00,3315.99,3317.93,3314.12,3317.56,468.0
2025-07-17 16:30:00,3317.5,3317.93,3313.73,3314.48,497.0
2025-07-17 16:35:00,3314.51,3320.54,3314.3,3317.92,486.0
2025-07-17 16:40:00,3317.88,3318.22,3314.9,3315.61,491.0
2025-07-17 16:45:00,3315.73,3317.79,3315.26,3316.49,427.0
2025-07-17 16:50:00,3316.36,3320.3,3316.36,3319.34,451.0
2025-07-17 16:55:00,3319.23,3321.77,3318.72,3319.04,457.0
2025-07-17 17:00:00,3319.03,3321.0,3318.31,3319.72,471.0
2025-07-17 17:05:00,3319.79,3323.42,3319.6,3322.75,483.0
2025-07-17 17:10:00,3322.76,3325.38,3322.76,3324.52,470.0
2025-07-17 17:15:00,3324.55,3328.45,3324.5,3328.39,467.0
2025-07-17 17:20:00,3328.3,3329.46,3326.16,3327.33,489.0
2025-07-17 17:25:00,3327.35,3330.19,3326.84,3330.19,476.0
2025-07-17 17:30:00,3330.26,3332.87,3329.75,3331.62,472.0
2025-07-17 17:35:00,3331.59,3333.73,3330.37,3332.76,446.0
2025-07-17 17:40:00,3332.73,3334.21,3332.07,3332.74,421.0
2025-07-17 17:45:00,3332.61,3333.42,3330.77,3333.12,493.0
2025-07-17 17:50:00,3333.13,3334.7,3332.53,3333.69,402.0
2025-07-17 17:55:00,3333.7,3335.02,3333.43,3334.17,457.0
2025-07-17 18:00:00,3334.43,3336.05,3333.89,3334.74,468.0
2025-07-17 18:05:00,3334.95,3335.16,3331.91,3332.43,411.0
2025-07-17 18:10:00,3332.42,3334.66,3332.38,3333.32,419.0
2025-07-17 18:15:00,3333.11,3333.73,3331.3,3333.71,378.0
2025-07-17 18:20:00,3333.79,3334.83,3332.95,3334.83,400.0
2025-07-17 18:25:00,3334.87,3337.91,3334.34,3336.97,397.0
2025-07-17 18:30:00,3337.01,3337.8,3335.47,3337.26,434.0
2025-07-17 18:35:00,3337.26,3337.46,3335.26,3336.67,427.0
2025-07-17 18:40:00,3336.82,3337.29,3336.15,3336.86,376.0
2025-07-17 18:45:00,3336.81,3337.33,3336.46,3336.98,359.0
2025-07-17 18:50:00,3337.05,3338.3,3336.85,3337.66,381.0
2025-07-17 18:55:00,3337.73,3337.83,3336.04,3336.71,378.0
2025-07-17 19:00:00,3336.71,3337.06,3335.76,3335.91,348.0
2025-07-17 19:05:00,3335.95,3336.94,3335.69,3336.6,337.0
2025-07-17 19:10:00,3336.61,3337.24,3336.43,3337.12,298.0
2025-07-17 19:15:00,3337.11,3337.11,3335.51,3336.52,359.0
2025-07-17 19:20:00,3336.53,3338.8,3336.49,3338.76,339.0
2025-07-17 19:25:00,3338.79,3339.11,3338.16,3338.85,328.0
2025-07-17 19:30:00,3338.84,3339.44,3338.35,3338.48,370.0
2025-07-17 19:35:00,3338.46,3338.74,3336.85,3336.95,367.0
2025-07-17 19:40:00,3336.96,3338.96,3336.42,3338.85,353.0
2025-07-17 19:45:00,3338.86,3339.39,3338.16,3339.29,352.0
2025-07-17 19:50:00,3339.11,3339.92,3338.76,3339.28,317.0
2025-07-17 19:55:00,3339.29,3339.87,3338.24,3338.86,346.0
2025-07-17 20:00:00,3338.87,3339.7,3338.72,3338.92,295.0
2025-07-17 20:05:00,3338.91,3340.51,3338.88,3339.97,304.0
2025-07-17 20:10:00,3339.96,3340.16,3339.06,3339.09,246.0
2025-07-17 20:15:00,3339.06,3340.36,3339.04,3340.17,227.0
2025-07-17 20:20:00,3340.2,3340.55,3339.34,3340.37,298.0
2025-07-17 20:25:00,3340.36,3340.99,3339.54,3340.23,370.0
2025-07-17 20:30:00,3340.2,3340.82,3339.02,3339.13,356.0
2025-07-17 20:35:00,3339.14,3339.14,3337.04,3337.21,355.0
2025-07-17 20:40:00,3337.23,3337.94,3336.29,3336.85,349.0
2025-07-17 20:45:00,3336.9,3338.2,3336.58,3338.04,244.0
2025-07-17 20:50:00,3338.03,3338.06,3336.69,3337.69,307.0
2025-07-17 20:55:00,3337.7,3337.76,3336.83,3337.38,306.0
2025-07-17 21:00:00,3337.42,3337.84,3335.82,3336.41,312.0
2025-07-17 21:05:00,3336.4,3337.16,3335.91,3336.94,325.0
2025-07-17 21:10:00,3336.95,3337.12,3336.63,3336.75,201.0
2025-07-17 21:15:00,3336.74,3337.07,3336.12,3336.22,259.0
2025-07-17 21:20:00,3336.29,3337.24,3335.62,3337.12,294.0
2025-07-17 21:25:00,3337.12,3337.9,3336.79,3336.98,314.0
2025-07-17 21:30:00,3337.0,3337.73,3336.84,3337.66,271.0
2025-07-17 21:35:00,3337.67,3338.16,3337.41,3337.92,258.0
2025-07-17 21:40:00,3337.93,3338.45,3337.78,3338.3,250.0
2025-07-17 21:45:00,3338.31,3338.93,3338.01,3338.2,268.0
2025-07-17 21:50:00,3338.21,3338.23,3337.2,3337.91,290.0
2025-07-17 21:55:00,3337.92,3338.89,3337.8,3338.5,295.0
2025-07-17 22:00:00,3338.53,3338.95,3338.25,3338.73,279.0
2025-07-17 22:05:00,3338.76,3340.16,3338.76,3339.5,303.0
2025-07-17 22:10:00,3339.49,3339.87,3339.25,3339.51,276.0
2025-07-17 22:15:00,3339.4,3340.19,3338.98,3340.01,289.0
2025-07-17 22:20:00,3339.99,3340.12,3339.3,3340.12,250.0
2025-07-17 22:25:00,3340.1,3340.28,3339.37,3339.7,269.0
2025-07-17 22:30:00,3339.75,3340.42,3339.59,3340.35,285.0
2025-07-17 22:35:00,3340.39,3340.69,3339.68,3340.43,328.0
2025-07-17 22:40:00,3340.42,3340.61,3339.93,3340.41,313.0
2025-07-17 22:45:00,3340.43,3341.07,3339.83,3340.0,233.0
2025-07-17 22:50:00,3339.99,3340.2,3339.8,3339.98,291.0
2025-07-17 22:55:00,3339.94,3340.09,3338.33,3339.7,354.0
2025-07-17 23:00:00,3339.76,3340.25,3339.2,3339.2,163.0
2025-07-17 23:05:00,3339.29,3339.84,3339.17,3339.34,131.0
2025-07-17 23:10:00,3339.39,3339.71,3338.84,3339.04,126.0
2025-07-17 23:15:00,3339.06,3339.63,3339.05,3339.26,124.0
2025-07-17 23:20:00,3339.25,3339.55,3339.25,3339.31,96.0
2025-07-17 23:25:00,3339.39,3339.39,3338.84,3339.05,134.0
2025-07-17 23:30:00,3339.2,3339.39,3338.86,3338.96,87.0
2025-07-17 23:35:00,3338.95,3338.99,3337.96,3338.14,122.0
2025-07-17 23:40:00,3338.11,3338.37,3337.9,3338.34,120.0
2025-07-17 23:45:00,3338.36,3338.84,3337.85,3337.94,139.0
2025-07-17 23:50:00,3337.95,3338.16,3337.5,3338.1,123.0
2025-07-18 01:00:00,3341.64,3341.64,3341.64,3341.64,1.0
2025-07-18 01:05:00,3341.47,3341.88,3340.05,3340.52,193.0
2025-07-18 01:10:00,3340.49,3340.69,3339.62,3339.75,120.0
2025-07-18 01:15:00,3339.7,3339.7,3338.38,3339.09,102.0
2025-07-18 01:20:00,3339.11,3339.65,3338.27,3339.22,203.0
2025-07-18 01:25:00,3339.21,3340.67,3339.21,3339.45,171.0
2025-07-18 01:30:00,3339.42,3340.72,3338.83,3339.87,191.0
2025-07-18 01:35:00,3340.13,3343.26,3340.01,3342.65,203.0
2025-07-18 01:40:00,3342.64,3343.18,3341.12,3342.9,217.0
2025-07-18 01:45:00,3342.79,3343.95,3342.22,3343.47,210.0
2025-07-18 01:50:00,3343.48,3343.6,3342.73,3342.99,134.0
2025-07-18 01:55:00,3343.01,3343.85,3342.98,3343.26,158.0
2025-07-18 02:00:00,3343.25,3343.34,3341.59,3343.32,183.0
2025-07-18 02:05:00,3343.31,3343.37,3342.21,3342.5,177.0
2025-07-18 02:10:00,3342.53,3342.82,3342.01,3342.29,108.0
2025-07-18 02:15:00,3342.26,3342.32,3340.8,3341.76,220.0
2025-07-18 02:20:00,3341.75,3341.87,3341.2,3341.27,148.0
2025-07-18 02:25:00,3341.3,3342.05,3340.94,3341.5,129.0
2025-07-18 02:30:00,3341.48,3342.81,3341.25,3342.08,158.0
2025-07-18 02:35:00,3342.16,3342.22,3341.41,3341.74,96.0
2025-07-18 02:40:00,3341.77,3341.98,3340.87,3341.1,112.0
2025-07-18 02:45:00,3341.05,3341.57,3340.76,3341.45,146.0
2025-07-18 02:50:00,3341.41,3341.44,3339.51,3339.76,219.0
2025-07-18 02:55:00,3339.82,3340.61,3339.64,3340.14,153.0
2025-07-18 03:00:00,3340.01,3340.91,3339.57,3340.18,249.0
2025-07-18 03:05:00,3340.2,3341.48,3339.46,3339.99,252.0
2025-07-18 03:10:00,3339.95,3340.73,3339.67,3340.65,203.0
2025-07-18 03:15:00,3340.67,3341.01,3339.9,3340.22,233.0
2025-07-18 03:20:00,3340.31,3340.72,3339.28,3339.28,200.0
2025-07-18 03:25:00,3339.32,3339.33,3338.66,3339.04,148.0
2025-07-18 03:30:00,3339.03,3339.25,3338.03,3338.61,196.0
2025-07-18 03:35:00,3338.63,3339.43,3338.12,3339.18,155.0
2025-07-18 03:40:00,3339.17,3339.45,3338.59,3338.73,172.0
2025-07-18 03:45:00,3338.76,3339.35,3338.62,3339.06,143.0
2025-07-18 03:50:00,3339.05,3339.37,3338.63,3339.02,176.0
2025-07-18 03:55:00,3339.01,3340.25,3338.62,3339.87,241.0
2025-07-18 04:00:00,3339.89,3342.98,3338.47,3339.06,361.0
2025-07-18 04:05:00,3339.39,3340.27,3337.08,3338.95,343.0
2025-07-18 04:10:00,3338.92,3340.0,3338.45,3339.39,243.0
2025-07-18 04:15:00,3339.4,3339.4,3337.44,3337.86,262.0
2025-07-18 04:20:00,3337.83,3338.83,3336.85,3336.88,250.0
2025-07-18 04:25:00,3336.78,3337.72,3336.39,3336.66,233.0
2025-07-18 04:30:00,3336.65,3338.24,3335.62,3337.47,271.0
2025-07-18 04:35:00,3337.49,3337.58,3335.38,3336.39,240.0
2025-07-18 04:40:00,3336.37,3336.91,3335.49,3336.42,233.0
2025-07-18 04:45:00,3336.54,3338.26,3336.48,3337.42,253.0
2025-07-18 04:50:00,3337.48,3340.19,3337.48,3338.03,308.0
2025-07-18 04:55:00,3338.01,3338.72,3337.38,3337.77,254.0
2025-07-18 05:00:00,3337.71,3339.35,3336.88,3339.3,248.0
2025-07-18 05:05:00,3339.4,3341.14,3339.31,3340.67,291.0
2025-07-18 05:10:00,3340.69,3343.87,3340.64,3343.44,367.0
2025-07-18 05:15:00,3343.3,3343.9,3343.05,3343.46,290.0
2025-07-18 05:20:00,3343.46,3344.29,3343.19,3343.77,263.0
2025-07-18 05:25:00,3343.81,3344.0,3342.79,3343.27,209.0
2025-07-18 05:30:00,3343.21,3343.62,3340.14,3340.75,317.0
2025-07-18 05:35:00,3340.7,3341.62,3340.53,3340.63,252.0
2025-07-18 05:40:00,3340.67,3341.68,3339.66,3339.7,234.0
2025-07-18 05:45:00,3339.65,3340.69,3338.63,3338.7,228.0
2025-07-18 05:50:00,3338.72,3339.4,3337.62,3337.64,255.0
2025-07-18 05:55:00,3337.56,3338.5,3337.23,3337.75,268.0
2025-07-18 06:00:00,3337.8,3338.45,3336.96,3337.6,268.0
2025-07-18 06:05:00,3337.59,3338.28,3336.69,3336.82,245.0
2025-07-18 06:10:00,3336.82,3337.18,3336.43,3336.51,216.0
2025-07-18 06:15:00,3336.55,3336.87,3336.28,3336.66,210.0
2025-07-18 06:20:00,3336.42,3336.48,3335.22,3335.69,228.0
2025-07-18 06:25:00,3335.68,3335.89,3334.08,3335.1,261.0
2025-07-18 06:30:00,3335.12,3336.35,3334.17,3334.37,238.0
2025-07-18 06:35:00,3334.36,3335.81,3334.07,3335.81,199.0
2025-07-18 06:40:00,3335.69,3336.54,3335.44,3335.98,176.0
2025-07-18 06:45:00,3336.04,3336.27,3335.75,3336.27,144.0
2025-07-18 06:50:00,3336.28,3336.58,3335.92,3336.11,156.0
2025-07-18 06:55:00,3336.03,3336.13,3334.58,3334.58,184.0
2025-07-18 07:00:00,3334.56,3336.24,3334.45,3335.31,237.0
2025-07-18 07:05:00,3335.35,3336.45,3335.34,3336.11,191.0
2025-07-18 07:10:00,3336.16,3336.24,3335.2,3335.53,147.0
2025-07-18 07:15:00,3335.5,3335.94,3335.35,3335.71,136.0
2025-07-18 07:20:00,3335.68,3336.54,3335.68,3336.32,182.0
2025-07-18 07:25:00,3336.24,3336.28,3334.58,3334.95,188.0
2025-07-18 07:30:00,3335.0,3335.24,3334.19,3334.82,180.0
2025-07-18 07:35:00,3334.83,3335.13,3334.2,3334.81,133.0
2025-07-18 07:40:00,3334.8,3335.68,3334.21,3334.82,169.0
2025-07-18 07:45:00,3334.76,3336.39,3333.87,3335.98,203.0
2025-07-18 07:50:00,3336.07,3336.12,3335.72,3335.81,163.0
2025-07-18 07:55:00,3335.92,3337.01,3335.91,3337.01,149.0
2025-07-18 08:00:00,3336.94,3338.49,3336.79,3337.97,237.0
2025-07-18 08:05:00,3337.97,3339.6,3337.92,3338.69,214.0
2025-07-18 08:10:00,3338.7,3340.77,3338.58,3339.58,214.0
2025-07-18 08:15:00,3339.52,3340.08,3339.14,3339.45,197.0
2025-07-18 08:20:00,3339.46,3340.16,3339.22,3339.74,179.0
2025-07-18 08:25:00,3339.83,3339.87,3337.97,3337.97,221.0
2025-07-18 08:30:00,3337.93,3338.63,3335.3,3335.54,306.0
2025-07-18 08:35:00,3335.55,3336.89,3335.31,3336.77,247.0
2025-07-18 08:40:00,3336.76,3337.71,3334.63,3334.63,304.0
2025-07-18 08:45:00,3334.67,3335.58,3333.8,3335.18,283.0
2025-07-18 08:50:00,3335.19,3335.68,3334.23,3334.82,256.0
2025-07-18 08:55:00,3334.77,3334.91,3333.41,3333.43,272.0
2025-07-18 09:00:00,3333.35,3333.96,3332.31,3332.44,293.0
2025-07-18 09:05:00,3332.34,3334.19,3331.8,3333.41,300.0
2025-07-18 09:10:00,3333.43,3337.16,3333.34,3337.01,269.0
2025-07-18 09:15:00,3337.23,3337.98,3336.45,3337.61,265.0
2025-07-18 09:20:00,3337.63,3338.36,3336.9,3337.47,279.0
2025-07-18 09:25:00,3337.5,3339.14,3337.47,3338.98,271.0
2025-07-18 09:30:00,3339.11,3340.78,3338.46,3339.23,321.0
2025-07-18 09:35:00,3339.22,3340.89,3339.08,3339.4,283.0
2025-07-18 09:40:00,3339.36,3339.51,3337.88,3338.57,274.0
2025-07-18 09:45:00,3338.57,3341.88,3338.11,3340.91,348.0
2025-07-18 09:50:00,3340.96,3341.57,3340.16,3341.05,312.0
2025-07-18 09:55:00,3340.95,3342.69,3340.58,3342.1,327.0
2025-07-18 10:00:00,3341.95,3342.52,3340.79,3342.49,289.0
2025-07-18 10:05:00,3342.5,3344.05,3342.47,3343.89,284.0
2025-07-18 10:10:00,3343.84,3344.84,3343.27,3344.0,304.0
2025-07-18 10:15:00,3343.9,3345.35,3343.81,3344.79,257.0
2025-07-18 10:20:00,3344.85,3346.34,3344.36,3346.12,227.0
2025-07-18 10:25:00,3346.18,3346.57,3345.18,3345.41,233.0
2025-07-18 10:30:00,3345.4,3346.89,3344.15,3346.43,287.0
2025-07-18 10:35:00,3346.36,3348.42,3346.34,3348.37,295.0
2025-07-18 10:40:00,3348.36,3349.7,3347.92,3347.95,307.0
2025-07-18 10:45:00,3347.88,3348.75,3347.54,3348.31,298.0
2025-07-18 10:50:00,3348.3,3349.08,3347.81,3348.89,229.0
2025-07-18 10:55:00,3348.9,3350.08,3348.69,3349.82,269.0
2025-07-18 11:00:00,3349.65,3349.94,3348.61,3349.92,305.0
2025-07-18 11:05:00,3349.93,3350.34,3347.83,3347.83,337.0
2025-07-18 11:10:00,3347.84,3348.73,3347.21,3347.21,284.0
2025-07-18 11:15:00,3347.23,3347.58,3346.26,3346.69,306.0
2025-07-18 11:20:00,3346.6,3347.78,3346.25,3346.99,244.0
2025-07-18 11:25:00,3347.05,3348.6,3346.79,3348.58,249.0
2025-07-18 11:30:00,3348.51,3349.85,3348.45,3348.56,295.0
2025-07-18 11:35:00,3348.57,3348.96,3347.58,3347.86,286.0
2025-07-18 11:40:00,3347.85,3349.13,3347.54,3349.06,203.0
2025-07-18 11:45:00,3348.88,3349.29,3348.18,3348.8,225.0
2025-07-18 11:50:00,3348.75,3348.94,3347.88,3348.69,194.0
2025-07-18 11:55:00,3348.76,3348.76,3347.06,3347.43,222.0
2025-07-18 12:00:00,3347.46,3349.43,3347.45,3349.17,240.0
2025-07-18 12:05:00,3349.16,3354.57,3349.16,3352.03,331.0
2025-07-18 12:10:00,3352.15,3353.45,3351.71,3352.17,294.0
2025-07-18 12:15:00,3351.99,3352.21,3350.44,3351.43,275.0
2025-07-18 12:20:00,3351.62,3352.35,3350.47,3351.97,286.0
2025-07-18 12:25:00,3351.97,3352.63,3351.96,3352.02,270.0
2025-07-18 12:30:00,3352.16,3353.56,3351.65,3353.43,299.0
2025-07-18 12:35:00,3353.48,3354.89,3353.27,3354.54,277.0
2025-07-18 12:40:00,3354.55,3354.8,3353.15,3353.41,256.0
2025-07-18 12:45:00,3353.41,3353.63,3352.83,3352.99,240.0
2025-07-18 12:50:00,3352.99,3353.52,3352.37,3352.65,244.0
2025-07-18 12:55:00,3352.66,3353.0,3350.87,3352.36,304.0
2025-07-18 13:00:00,3352.26,3352.26,3349.13,3349.68,261.0
2025-07-18 13:05:00,3349.67,3350.43,3347.94,3350.01,349.0
2025-07-18 13:10:00,3349.93,3352.05,3349.93,3351.37,359.0
2025-07-18 13:15:00,3351.37,3352.2,3349.91,3350.09,296.0
2025-07-18 13:20:00,3350.09,3351.76,3349.36,3351.07,297.0
2025-07-18 13:25:00,3351.09,3351.28,3350.02,3350.59,255.0
2025-07-18 13:30:00,3350.59,3352.1,3350.47,3351.29,239.0
2025-07-18 13:35:00,3351.28,3352.65,3350.88,3352.63,201.0
2025-07-18 13:40:00,3352.65,3352.75,3351.02,3352.0,220.0
2025-07-18 13:45:00,3351.79,3351.85,3350.94,3351.57,206.0
2025-07-18 13:50:00,3351.58,3351.83,3350.64,3351.04,192.0
2025-07-18 13:55:00,3350.95,3351.69,3349.88,3351.39,235.0
2025-07-18 14:00:00,3351.33,3352.89,3350.9,3352.62,312.0
2025-07-18 14:05:00,3352.63,3353.63,3352.45,3352.72,260.0
2025-07-18 14:10:00,3352.82,3353.58,3351.58,3352.99,250.0
2025-07-18 14:15:00,3353.0,3353.46,3352.63,3352.93,211.0
2025-07-18 14:20:00,3352.96,3353.76,3352.35,3353.41,237.0
2025-07-18 14:25:00,3353.38,3353.78,3352.78,3352.99,221.0
2025-07-18 14:30:00,3352.98,3353.8,3352.16,3353.58,256.0
2025-07-18 14:35:00,3353.46,3355.02,3353.05,3355.01,291.0
2025-07-18 14:40:00,3355.05,3355.94,3355.02,3355.84,287.0
2025-07-18 14:45:00,3355.93,3357.66,3355.55,3355.98,306.0
2025-07-18 14:50:00,3355.96,3356.56,3353.8,3354.32,291.0
2025-07-18 14:55:00,3354.33,3355.36,3353.51,3354.32,280.0
2025-07-18 15:00:00,3354.39,3358.99,3354.32,3358.32,362.0
2025-07-18 15:05:00,3358.22,3358.89,3357.09,3357.72,300.0
2025-07-18 15:10:00,3357.57,3359.63,3357.57,3359.34,302.0
2025-07-18 15:15:00,3359.35,3359.69,3358.21,3359.11,273.0
2025-07-18 15:20:00,3358.86,3359.86,3357.55,3357.72,326.0
2025-07-18 15:25:00,3357.71,3358.26,3356.15,3357.94,295.0
2025-07-18 15:30:00,3358.56,3360.04,3358.08,3359.01,359.0
2025-07-18 15:35:00,3359.0,3360.13,3356.93,3358.63,344.0
2025-07-18 15:40:00,3358.88,3360.75,3358.88,3360.62,321.0
2025-07-18 15:45:00,3360.55,3360.68,3358.77,3358.88,305.0
2025-07-18 15:50:00,3358.95,3361.24,3358.84,3359.83,348.0
2025-07-18 15:55:00,3359.82,3360.41,3359.03,3359.98,326.0
2025-07-18 16:00:00,3360.07,3360.07,3356.57,3357.89,400.0
2025-07-18 16:05:00,3357.94,3359.44,3357.5,3358.84,374.0
2025-07-18 16:10:00,3359.28,3360.31,3358.76,3360.12,321.0
2025-07-18 16:15:00,3360.17,3360.19,3358.0,3358.66,343.0
2025-07-18 16:20:00,3358.65,3359.02,3356.11,3358.01,344.0
2025-07-18 16:25:00,3357.96,3359.73,3357.66,3358.18,353.0
2025-07-18 16:30:00,3358.19,3358.37,3353.68,3355.92,432.0
2025-07-18 16:35:00,3356.11,3356.31,3352.3,3353.4,418.0
2025-07-18 16:40:00,3353.28,3355.59,3352.57,3355.42,399.0
2025-07-18 16:45:00,3355.58,3355.58,3353.39,3354.02,361.0
2025-07-18 16:50:00,3353.97,3356.32,3353.92,3354.58,357.0
2025-07-18 16:55:00,3354.52,3357.3,3354.41,3355.5,365.0
2025-07-18 17:00:00,3356.25,3356.91,3354.56,3355.9,404.0
2025-07-18 17:05:00,3355.9,3359.07,3355.67,3356.85,397.0
2025-07-18 17:10:00,3356.78,3358.01,3354.97,3354.97,394.0
2025-07-18 17:15:00,3354.96,3355.24,3351.22,3353.27,396.0
2025-07-18 17:20:00,3353.29,3355.58,3353.02,3355.58,340.0
2025-07-18 17:25:00,3355.7,3355.78,3353.62,3353.94,353.0
2025-07-18 17:30:00,3354.06,3355.64,3353.69,3355.56,349.0
2025-07-18 17:35:00,3355.66,3357.16,3354.91,3355.26,350.0
2025-07-18 17:40:00,3355.22,3356.68,3354.74,3354.86,306.0
2025-07-18 17:45:00,3354.95,3356.57,3354.25,3355.17,347.0
2025-07-18 17:50:00,3355.15,3355.26,3354.07,3354.72,328.0
2025-07-18 17:55:00,3354.69,3355.23,3354.13,3354.74,313.0
2025-07-18 18:00:00,3354.73,3354.99,3353.3,3354.49,356.0
2025-07-18 18:05:00,3354.37,3354.41,3352.95,3354.24,340.0
2025-07-18 18:10:00,3354.21,3355.73,3352.66,3352.99,349.0
2025-07-18 18:15:00,3353.2,3354.1,3352.4,3353.7,339.0
2025-07-18 18:20:00,3353.65,3354.21,3352.99,3354.01,326.0
2025-07-18 18:25:00,3354.03,3354.31,3353.11,3353.89,322.0
2025-07-18 18:30:00,3353.52,3353.57,3352.34,3352.57,308.0
2025-07-18 18:35:00,3352.43,3354.39,3352.43,3353.68,274.0
2025-07-18 18:40:00,3353.61,3355.39,3353.61,3355.19,294.0
2025-07-18 18:45:00,3355.2,3356.36,3354.58,3355.09,356.0
2025-07-18 18:50:00,3355.11,3355.36,3353.42,3354.45,270.0
2025-07-18 18:55:00,3354.28,3354.47,3353.53,3353.63,293.0
2025-07-18 19:00:00,3353.73,3355.07,3353.59,3354.71,305.0
2025-07-18 19:05:00,3354.73,3355.39,3353.04,3353.2,300.0
2025-07-18 19:10:00,3353.21,3354.01,3351.25,3351.39,289.0
2025-07-18 19:15:00,3351.37,3353.6,3351.26,3353.45,293.0
2025-07-18 19:20:00,3353.43,3354.34,3352.57,3352.9,322.0
2025-07-18 19:25:00,3352.95,3354.13,3352.74,3353.5,296.0
2025-07-18 19:30:00,3353.43,3356.53,3353.39,3356.35,299.0
2025-07-18 19:35:00,3356.37,3357.41,3354.99,3355.11,302.0
2025-07-18 19:40:00,3355.09,3355.48,3353.17,3354.48,278.0
2025-07-18 19:45:00,3354.47,3355.32,3353.99,3354.63,256.0
2025-07-18 19:50:00,3354.68,3354.71,3351.9,3352.76,301.0
2025-07-18 19:55:00,3352.8,3353.97,3352.7,3353.69,291.0
2025-07-18 20:00:00,3353.72,3353.72,3352.57,3352.65,289.0
2025-07-18 20:05:00,3352.72,3353.74,3352.54,3352.89,256.0
2025-07-18 20:10:00,3352.88,3353.32,3352.18,3352.18,208.0
2025-07-18 20:15:00,3352.24,3352.89,3351.95,3352.44,234.0
2025-07-18 20:20:00,3352.37,3352.54,3350.55,3352.07,279.0
2025-07-18 20:25:00,3352.1,3352.24,3350.61,3351.8,268.0
2025-07-18 20:30:00,3351.85,3352.2,3351.32,3351.86,237.0
2025-07-18 20:35:00,3351.75,3352.22,3351.11,3351.89,241.0
2025-07-18 20:40:00,3351.89,3351.89,3350.91,3351.46,228.0
2025-07-18 20:45:00,3351.49,3351.7,3351.01,3351.23,234.0
2025-07-18 20:50:00,3351.25,3351.92,3351.2,3351.37,228.0
2025-07-18 20:55:00,3351.38,3352.45,3351.29,3352.22,219.0
2025-07-18 21:00:00,3352.32,3353.41,3352.32,3352.94,286.0
2025-07-18 21:05:00,3352.95,3353.1,3350.96,3351.08,244.0
2025-07-18 21:10:00,3351.21,3352.06,3350.27,3350.48,238.0
2025-07-18 21:15:00,3350.48,3351.23,3350.17,3351.16,255.0
2025-07-18 21:20:00,3351.09,3352.16,3350.8,3352.04,236.0
2025-07-18 21:25:00,3351.96,3352.3,3351.75,3351.77,238.0
2025-07-18 21:30:00,3351.72,3352.63,3351.69,3351.98,221.0
2025-07-18 21:35:00,3351.99,3352.33,3351.76,3352.18,230.0
2025-07-18 21:40:00,3352.17,3352.17,3351.32,3351.37,193.0
2025-07-18 21:45:00,3351.38,3351.72,3350.76,3351.71,227.0
2025-07-18 21:50:00,3351.7,3351.82,3351.18,3351.3,237.0
2025-07-18 21:55:00,3351.29,3351.87,3351.12,3351.3,196.0
2025-07-18 22:00:00,3351.27,3352.48,3351.12,3352.43,231.0
2025-07-18 22:05:00,3352.42,3352.74,3351.52,3351.81,221.0
2025-07-18 22:10:00,3351.73,3351.82,3351.05,3351.43,211.0
2025-07-18 22:15:00,3351.4,3351.69,3351.17,3351.34,216.0
2025-07-18 22:20:00,3351.35,3351.56,3350.94,3350.97,186.0
2025-07-18 22:25:00,3350.93,3351.23,3350.68,3350.69,176.0
2025-07-18 22:30:00,3350.72,3350.78,3348.73,3349.1,284.0
2025-07-18 22:35:00,3349.01,3349.64,3348.21,3348.63,247.0
2025-07-18 22:40:00,3348.67,3349.45,3348.55,3349.3,251.0
2025-07-18 22:45:00,3349.43,3349.71,3348.5,3348.79,263.0
2025-07-18 22:50:00,3348.81,3348.81,3347.65,3348.11,231.0
2025-07-18 22:55:00,3348.21,3348.48,3347.68,3348.22,275.0
2025-07-18 23:00:00,3348.26,3348.9,3347.81,3348.15,180.0
2025-07-18 23:05:00,3348.16,3349.3,3347.97,3349.13,179.0
2025-07-18 23:10:00,3349.23,3350.72,3349.09,3349.88,170.0
2025-07-18 23:15:00,3349.88,3350.6,3349.81,3349.92,162.0
2025-07-18 23:20:00,3349.92,3350.1,3349.4,3349.81,136.0
2025-07-18 23:25:00,3349.81,3349.95,3349.33,3349.84,114.0
2025-07-18 23:30:00,3349.83,3349.86,3349.09,3349.33,112.0
2025-07-18 23:35:00,3349.26,3349.9,3348.9,3349.68,129.0
2025-07-18 23:40:00,3349.76,3351.51,3349.58,3351.09,132.0
2025-07-18 23:45:00,3351.01,3352.34,3350.52,3351.62,198.0
2025-07-18 23:50:00,3351.41,3351.85,3350.06,3350.85,191.0
2025-07-21 01:05:00,3350.01,3350.06,3346.76,3347.1,219.0
2025-07-21 01:10:00,3347.01,3348.13,3345.92,3346.88,189.0
2025-07-21 01:15:00,3346.86,3347.39,3345.21,3345.44,218.0
2025-07-21 01:20:00,3345.45,3347.67,3345.0,3347.56,207.0
2025-07-21 01:25:00,3347.66,3347.91,3346.76,3347.91,168.0
2025-07-21 01:30:00,3347.79,3348.21,3347.08,3348.21,123.0
2025-07-21 01:35:00,3348.08,3348.3,3347.12,3347.62,120.0
2025-07-21 01:40:00,3347.57,3347.89,3347.21,3347.45,128.0
2025-07-21 01:45:00,3347.42,3347.81,3346.77,3346.88,164.0
2025-07-21 01:50:00,3346.91,3347.54,3346.39,3347.06,132.0
2025-07-21 01:55:00,3347.01,3348.19,3346.65,3347.76,181.0
2025-07-21 02:00:00,3347.67,3349.12,3346.85,3347.08,184.0
2025-07-21 02:05:00,3347.04,3347.1,3346.26,3346.97,130.0
2025-07-21 02:10:00,3346.86,3346.9,3345.76,3346.15,135.0
2025-07-21 02:15:00,3346.11,3346.12,3345.45,3346.02,148.0
2025-07-21 02:20:00,3346.03,3346.45,3345.58,3346.18,166.0
2025-07-21 02:25:00,3346.15,3346.87,3346.15,3346.48,153.0
2025-07-21 02:30:00,3346.5,3346.9,3345.68,3346.46,135.0
2025-07-21 02:35:00,3346.43,3346.78,3346.01,3346.78,114.0
2025-07-21 02:40:00,3346.84,3347.47,3346.48,3346.96,138.0
2025-07-21 02:45:00,3346.97,3347.91,3346.94,3347.66,166.0
2025-07-21 02:50:00,3347.67,3349.49,3347.6,3349.36,198.0
2025-07-21 02:55:00,3349.37,3349.37,3348.11,3349.15,201.0
2025-07-21 03:00:00,3349.16,3349.59,3347.74,3348.72,297.0
2025-07-21 03:05:00,3348.73,3349.94,3348.56,3349.94,188.0
2025-07-21 03:10:00,3350.05,3350.39,3349.12,3350.34,231.0
2025-07-21 03:15:00,3350.34,3351.34,3350.03,3350.85,230.0
2025-07-21 03:20:00,3350.85,3350.94,3350.14,3350.41,186.0
2025-07-21 03:25:00,3350.44,3351.85,3350.3,3351.83,162.0
2025-07-21 03:30:00,3351.84,3353.5,3351.84,3353.2,261.0
2025-07-21 03:35:00,3353.18,3353.74,3352.83,3353.72,241.0
2025-07-21 03:40:00,3353.72,3353.92,3352.62,3353.59,219.0
2025-07-21 03:45:00,3353.61,3354.39,3353.09,3354.02,204.0
2025-07-21 03:50:00,3354.03,3354.56,3352.01,3353.11,215.0
2025-07-21 03:55:00,3353.16,3353.52,3352.22,3352.27,188.0
2025-07-21 04:00:00,3352.1,3354.97,3351.99,3353.96,355.0
2025-07-21 04:05:00,3354.15,3357.54,3353.92,3357.47,306.0
2025-07-21 04:10:00,3357.24,3357.51,3356.3,3356.98,263.0
2025-07-21 04:15:00,3357.0,3357.79,3356.12,3356.74,271.0
2025-07-21 04:20:00,3356.7,3357.74,3356.19,3357.65,234.0
2025-07-21 04:25:00,3357.66,3358.45,3357.64,3358.09,256.0
2025-07-21 04:30:00,3358.1,3358.58,3357.84,3358.2,247.0
2025-07-21 04:35:00,3358.21,3358.51,3356.87,3357.43,274.0
2025-07-21 04:40:00,3357.42,3358.16,3356.56,3356.78,301.0
2025-07-21 04:45:00,3356.77,3356.91,3354.42,3356.79,319.0
2025-07-21 04:50:00,3356.76,3357.75,3356.59,3357.04,289.0
2025-07-21 04:55:00,3357.05,3357.99,3356.54,3356.54,252.0
2025-07-21 05:00:00,3356.21,3356.44,3354.63,3355.34,273.0
2025-07-21 05:05:00,3355.34,3355.56,3354.33,3354.51,242.0
2025-07-21 05:10:00,3354.53,3355.22,3353.88,3354.22,277.0
2025-07-21 05:15:00,3354.22,3355.59,3354.06,3355.53,226.0
2025-07-21 05:20:00,3355.59,3356.34,3355.05,3356.26,212.0
2025-07-21 05:25:00,3356.26,3357.28,3355.44,3357.03,266.0
2025-07-21 05:30:00,3357.02,3357.39,3354.23,3354.5,275.0
2025-07-21 05:35:00,3354.51,3354.76,3353.97,3354.07,201.0
2025-07-21 05:40:00,3354.05,3354.05,3352.51,3353.01,236.0
2025-07-21 05:45:00,3353.0,3353.73,3352.35,3352.62,256.0
2025-07-21 05:50:00,3352.43,3353.86,3352.35,3353.4,237.0
2025-07-21 05:55:00,3353.59,3354.6,3353.59,3354.09,205.0
2025-07-21 06:00:00,3354.08,3354.71,3353.78,3353.9,177.0
2025-07-21 06:05:00,3353.92,3354.62,3353.89,3354.56,176.0
2025-07-21 06:10:00,3354.54,3356.79,3354.25,3356.28,263.0
2025-07-21 06:15:00,3356.28,3356.89,3355.19,3355.7,269.0
2025-07-21 06:20:00,3355.73,3356.79,3354.61,3354.91,270.0
2025-07-21 06:25:00,3354.81,3355.12,3353.96,3354.83,234.0
2025-07-21 06:30:00,3354.81,3354.84,3353.52,3353.64,172.0
2025-07-21 06:35:00,3353.63,3353.67,3351.54,3352.03,210.0
2025-07-21 06:40:00,3351.87,3352.59,3351.47,3352.49,221.0
2025-07-21 06:45:00,3352.45,3352.8,3351.35,3351.46,166.0
2025-07-21 06:50:00,3351.46,3352.26,3351.25,3351.31,142.0
2025-07-21 06:55:00,3351.28,3351.48,3351.08,3351.25,160.0
2025-07-21 07:00:00,3351.21,3351.6,3351.02,3351.09,162.0
2025-07-21 07:05:00,3351.0,3352.47,3350.72,3352.06,193.0
2025-07-21 07:10:00,3352.07,3352.07,3351.23,3351.25,144.0
2025-07-21 07:15:00,3351.14,3352.58,3350.93,3352.58,190.0
2025-07-21 07:20:00,3352.62,3353.44,3352.59,3353.23,190.0
2025-07-21 07:25:00,3353.29,3354.81,3353.25,3354.78,135.0
2025-07-21 07:30:00,3354.79,3355.89,3354.6,3355.77,163.0
2025-07-21 07:35:00,3355.74,3356.07,3355.11,3355.78,166.0
2025-07-21 07:40:00,3355.77,3357.15,3355.23,3356.83,235.0
2025-07-21 07:45:00,3356.86,3357.35,3356.43,3356.92,193.0
2025-07-21 07:50:00,3356.94,3358.27,3356.89,3358.0,217.0
2025-07-21 07:55:00,3358.04,3358.67,3357.59,3357.79,264.0
2025-07-21 08:00:00,3357.78,3359.16,3357.63,3359.1,288.0
2025-07-21 08:05:00,3359.1,3360.2,3358.65,3359.78,272.0
2025-07-21 08:10:00,3359.72,3363.26,3359.59,3362.87,380.0
2025-07-21 08:15:00,3362.87,3364.5,3362.73,3363.82,354.0
2025-07-21 08:20:00,3363.75,3365.42,3363.75,3365.22,278.0
2025-07-21 08:25:00,3365.24,3368.66,3365.18,3367.1,375.0
2025-07-21 08:30:00,3367.05,3369.3,3365.04,3369.06,430.0
2025-07-21 08:35:00,3369.03,3369.62,3366.8,3367.17,374.0
2025-07-21 08:40:00,3367.16,3368.24,3366.42,3367.2,330.0
2025-07-21 08:45:00,3367.32,3368.53,3366.99,3367.53,287.0
2025-07-21 08:50:00,3367.51,3368.37,3366.63,3367.23,254.0
2025-07-21 08:55:00,3367.18,3368.12,3366.65,3366.65,262.0
2025-07-21 09:00:00,3366.72,3368.4,3365.1,3366.05,310.0
2025-07-21 09:05:00,3366.06,3367.45,3365.35,3367.28,291.0
2025-07-21 09:10:00,3366.54,3367.73,3366.36,3366.79,281.0
2025-07-21 09:15:00,3366.74,3369.08,3366.46,3367.81,330.0
2025-07-21 09:20:00,3367.8,3368.68,3367.71,3368.19,244.0
2025-07-21 09:25:00,3368.17,3370.23,3368.12,3369.89,311.0
2025-07-21 09:30:00,3369.76,3370.57,3369.5,3370.07,316.0
2025-07-21 09:35:00,3370.07,3370.76,3369.35,3369.39,307.0
2025-07-21 09:40:00,3369.36,3369.42,3367.67,3368.89,313.0
2025-07-21 09:45:00,3368.97,3370.38,3368.32,3370.28,279.0
2025-07-21 09:50:00,3370.35,3370.64,3368.82,3369.14,305.0
2025-07-21 09:55:00,3369.14,3369.3,3367.49,3368.35,313.0
2025-07-21 10:00:00,3368.36,3370.46,3367.08,3369.89,363.0
2025-07-21 10:05:00,3369.89,3370.01,3368.99,3369.17,352.0
2025-07-21 10:10:00,3369.22,3369.24,3367.78,3368.19,338.0
2025-07-21 10:15:00,3368.2,3368.39,3366.12,3366.65,304.0
2025-07-21 10:20:00,3366.6,3366.73,3364.86,3365.03,300.0
2025-07-21 10:25:00,3364.99,3366.11,3364.95,3366.0,282.0
2025-07-21 10:30:00,3365.99,3366.75,3365.29,3366.72,283.0
2025-07-21 10:35:00,3366.66,3367.49,3366.36,3367.0,270.0
2025-07-21 10:40:00,3367.02,3367.12,3365.62,3365.75,294.0
2025-07-21 10:45:00,3365.74,3366.95,3365.57,3365.82,272.0
2025-07-21 10:50:00,3365.8,3365.8,3364.23,3364.45,342.0
2025-07-21 10:55:00,3364.46,3365.79,3363.95,3364.75,349.0
2025-07-21 11:00:00,3364.74,3364.74,3363.11,3364.13,369.0
2025-07-21 11:05:00,3364.13,3364.76,3363.79,3363.85,294.0
2025-07-21 11:10:00,3363.64,3364.89,3363.64,3364.15,317.0
2025-07-21 11:15:00,3364.12,3364.34,3363.43,3364.28,251.0
2025-07-21 11:20:00,3364.05,3365.25,3363.18,3365.05,283.0
2025-07-21 11:25:00,3365.07,3365.9,3364.58,3365.51,268.0
2025-07-21 11:30:00,3365.55,3366.72,3364.59,3365.91,288.0
2025-07-21 11:35:00,3365.9,3366.87,3365.07,3365.37,295.0
2025-07-21 11:40:00,3365.21,3365.39,3364.16,3365.12,262.0
2025-07-21 11:45:00,3365.16,3366.23,3364.71,3366.19,233.0
2025-07-21 11:50:00,3366.17,3366.42,3365.56,3365.84,234.0
2025-07-21 11:55:00,3365.86,3366.22,3365.32,3365.92,273.0
2025-07-21 12:00:00,3365.97,3366.14,3365.09,3366.07,265.0
2025-07-21 12:05:00,3366.09,3366.21,3364.37,3364.42,245.0
2025-07-21 12:10:00,3364.53,3366.43,3364.53,3365.43,266.0
2025-07-21 12:15:00,3365.42,3366.04,3365.11,3365.88,235.0
2025-07-21 12:20:00,3365.88,3365.99,3365.41,3365.77,178.0
2025-07-21 12:25:00,3365.76,3365.85,3365.08,3365.08,217.0
2025-07-21 12:30:00,3364.99,3365.31,3363.28,3363.93,323.0
2025-07-21 12:35:00,3363.99,3364.46,3363.46,3363.65,246.0
2025-07-21 12:40:00,3363.69,3364.17,3362.85,3363.97,256.0
2025-07-21 12:45:00,3364.13,3364.39,3363.84,3364.12,229.0
2025-07-21 12:50:00,3364.22,3365.26,3363.82,3365.23,237.0
2025-07-21 12:55:00,3365.24,3366.22,3364.87,3366.06,239.0
2025-07-21 13:00:00,3366.17,3367.85,3366.08,3367.52,287.0
2025-07-21 13:05:00,3367.63,3367.99,3366.55,3367.13,250.0
2025-07-21 13:10:00,3367.06,3367.74,3367.04,3367.42,198.0
2025-07-21 13:15:00,3367.43,3367.43,3365.96,3366.38,199.0
2025-07-21 13:20:00,3366.35,3366.4,3364.91,3365.37,220.0
2025-07-21 13:25:00,3365.37,3365.66,3364.71,3365.38,226.0
2025-07-21 13:30:00,3365.41,3365.51,3363.09,3363.16,252.0
2025-07-21 13:35:00,3363.13,3363.88,3362.86,3363.88,226.0
2025-07-21 13:40:00,3363.81,3363.81,3362.92,3363.51,235.0
2025-07-21 13:45:00,3363.55,3364.3,3363.55,3364.06,275.0
2025-07-21 13:50:00,3364.07,3365.12,3363.98,3364.89,217.0
2025-07-21 13:55:00,3365.01,3366.16,3364.79,3366.04,225.0
2025-07-21 14:00:00,3366.12,3367.23,3365.26,3367.0,303.0
2025-07-21 14:05:00,3367.02,3368.03,3366.64,3367.93,256.0
2025-07-21 14:10:00,3367.89,3369.77,3367.89,3369.45,327.0
2025-07-21 14:15:00,3369.45,3371.27,3369.45,3370.37,358.0
2025-07-21 14:20:00,3370.39,3371.85,3369.96,3371.72,308.0
2025-07-21 14:25:00,3371.77,3373.8,3371.55,3373.54,338.0
2025-07-21 14:30:00,3373.56,3373.72,3370.79,3371.96,299.0
2025-07-21 14:35:00,3371.93,3372.05,3370.91,3371.77,276.0
2025-07-21 14:40:00,3371.72,3373.98,3371.59,3373.86,341.0
2025-07-21 14:45:00,3373.86,3374.79,3373.49,3374.04,321.0
2025-07-21 14:50:00,3374.06,3374.53,3373.24,3373.7,310.0
2025-07-21 14:55:00,3373.82,3375.63,3373.55,3375.37,304.0
2025-07-21 15:00:00,3375.32,3377.03,3375.11,3376.01,372.0
2025-07-21 15:05:00,3376.02,3376.42,3374.94,3375.98,307.0
2025-07-21 15:10:00,3376.3,3377.09,3374.56,3375.92,345.0
2025-07-21 15:15:00,3375.86,3379.01,3375.42,3378.17,360.0
2025-07-21 15:20:00,3378.3,3381.11,3378.3,3380.92,432.0
2025-07-21 15:25:00,3380.68,3383.46,3380.55,3381.6,441.0
2025-07-21 15:30:00,3381.68,3384.66,3381.57,3384.09,432.0
2025-07-21 15:35:00,3384.0,3385.18,3383.08,3385.16,409.0
2025-07-21 15:40:00,3385.18,3387.48,3384.79,3385.88,400.0
2025-07-21 15:45:00,3385.94,3387.23,3384.89,3386.52,411.0
2025-07-21 15:50:00,3386.62,3388.6,3386.62,3387.11,412.0
2025-07-21 15:55:00,3387.08,3388.01,3386.05,3387.2,395.0
2025-07-21 16:00:00,3387.41,3388.78,3384.94,3388.7,461.0
2025-07-21 16:05:00,3388.64,3389.11,3387.26,3387.45,381.0
2025-07-21 16:10:00,3387.63,3388.24,3386.37,3386.58,396.0
2025-07-21 16:15:00,3386.63,3389.3,3386.05,3389.15,416.0
2025-07-21 16:20:00,3389.18,3389.64,3387.72,3388.31,373.0
2025-07-21 16:25:00,3388.3,3388.3,3385.99,3386.97,367.0
2025-07-21 16:30:00,3387.06,3387.2,3383.71,3386.61,430.0
2025-07-21 16:35:00,3386.37,3389.04,3384.81,3388.35,457.0
2025-07-21 16:40:00,3388.48,3389.42,3387.74,3389.29,433.0
2025-07-21 16:45:00,3389.19,3395.17,3389.19,3391.27,490.0
2025-07-21 16:50:00,3391.34,3391.67,3388.75,3389.75,486.0
2025-07-21 16:55:00,3389.76,3390.71,3386.94,3388.64,445.0
2025-07-21 17:00:00,3388.65,3389.3,3386.17,3388.75,482.0
2025-07-21 17:05:00,3388.56,3391.96,3388.27,3391.52,474.0
2025-07-21 17:10:00,3391.6,3394.95,3391.41,3394.72,467.0
2025-07-21 17:15:00,3394.6,3395.96,3393.62,3394.69,444.0
2025-07-21 17:20:00,3394.49,3396.27,3394.18,3396.03,457.0
2025-07-21 17:25:00,3395.79,3398.37,3395.79,3397.71,478.0
2025-07-21 17:30:00,3397.88,3400.12,3397.68,3399.83,462.0
2025-07-21 17:35:00,3399.79,3400.58,3399.26,3399.95,459.0
2025-07-21 17:40:00,3400.06,3401.59,3398.62,3399.73,463.0
2025-07-21 17:45:00,3399.61,3399.76,3397.35,3398.21,468.0
2025-07-21 17:50:00,3398.38,3400.0,3397.79,3400.0,448.0
2025-07-21 17:55:00,3400.13,3400.92,3399.29,3400.34,414.0
2025-07-21 18:00:00,3400.48,3400.87,3399.07,3399.61,430.0
2025-07-21 18:05:00,3399.53,3400.56,3398.73,3399.04,407.0
2025-07-21 18:10:00,3399.16,3399.3,3396.65,3396.76,421.0
2025-07-21 18:15:00,3396.68,3398.81,3395.65,3398.73,451.0
2025-07-21 18:20:00,3398.72,3400.71,3398.27,3400.58,442.0
2025-07-21 18:25:00,3400.4,3401.04,3399.64,3400.12,369.0
2025-07-21 18:30:00,3400.13,3400.8,3399.0,3400.38,403.0
2025-07-21 18:35:00,3400.36,3400.44,3396.35,3396.81,432.0
2025-07-21 18:40:00,3396.81,3398.16,3396.46,3396.53,361.0
2025-07-21 18:45:00,3396.6,3399.17,3396.6,3398.69,371.0
2025-07-21 18:50:00,3398.7,3399.26,3397.3,3397.98,354.0
2025-07-21 18:55:00,3397.99,3399.68,3397.74,3397.98,352.0
2025-07-21 19:00:00,3397.93,3399.01,3397.22,3397.75,359.0
2025-07-21 19:05:00,3397.76,3398.89,3397.26,3398.15,335.0
2025-07-21 19:10:00,3398.13,3398.94,3397.64,3397.77,337.0
2025-07-21 19:15:00,3397.83,3398.12,3396.21,3398.04,346.0
2025-07-21 19:20:00,3398.07,3398.63,3397.59,3397.91,343.0
2025-07-21 19:25:00,3397.85,3398.72,3396.69,3397.03,366.0
2025-07-21 19:30:00,3397.13,3398.51,3396.78,3398.42,359.0
2025-07-21 19:35:00,3398.43,3398.78,3396.12,3396.97,357.0
2025-07-21 19:40:00,3396.98,3397.05,3395.71,3395.93,323.0
2025-07-21 19:45:00,3395.96,3396.23,3394.42,3395.67,351.0
2025-07-21 19:50:00,3395.59,3395.59,3393.81,3394.64,358.0
2025-07-21 19:55:00,3394.64,3395.72,3393.92,3395.63,337.0
2025-07-21 20:00:00,3395.65,3395.81,3393.68,3394.29,320.0
2025-07-21 20:05:00,3394.3,3394.41,3393.48,3393.57,323.0
2025-07-21 20:10:00,3393.31,3393.93,3392.75,3393.13,330.0
2025-07-21 20:15:00,3393.14,3393.36,3392.22,3392.3,333.0
2025-07-21 20:20:00,3392.32,3393.34,3391.77,3391.86,359.0
2025-07-21 20:25:00,3391.79,3392.75,3391.56,3392.29,354.0
2025-07-21 20:30:00,3392.35,3393.25,3391.71,3392.69,311.0
2025-07-21 20:35:00,3392.72,3392.99,3392.35,3392.66,267.0
2025-07-21 20:40:00,3392.6,3392.67,3391.87,3392.03,281.0
2025-07-21 20:45:00,3392.02,3392.89,3392.01,3392.72,303.0
2025-07-21 20:50:00,3392.76,3393.42,3392.61,3393.1,305.0
2025-07-21 20:55:00,3393.08,3393.58,3393.02,3393.27,317.0
2025-07-21 21:00:00,3393.26,3394.59,3393.26,3394.24,309.0
2025-07-21 21:05:00,3394.31,3395.33,3394.05,3394.25,313.0
2025-07-21 21:10:00,3394.39,3394.79,3393.51,3394.05,338.0
2025-07-21 21:15:00,3394.14,3395.17,3393.91,3394.86,309.0
2025-07-21 21:20:00,3394.88,3395.16,3394.5,3394.66,266.0
2025-07-21 21:25:00,3394.68,3395.02,3393.73,3394.57,299.0
2025-07-21 21:30:00,3394.44,3394.87,3393.96,3394.07,277.0
2025-07-21 21:35:00,3394.18,3395.14,3393.56,3394.1,261.0
2025-07-21 21:40:00,3394.02,3394.27,3393.55,3393.58,261.0
2025-07-21 21:45:00,3393.57,3394.49,3393.06,3394.37,291.0
2025-07-21 21:50:00,3394.36,3394.77,3394.03,3394.41,292.0
2025-07-21 21:55:00,3394.44,3395.74,3394.39,3395.37,296.0
2025-07-21 22:00:00,3395.46,3396.26,3395.13,3395.9,330.0
2025-07-21 22:05:00,3395.87,3396.27,3395.51,3396.25,324.0
2025-07-21 22:10:00,3396.26,3397.41,3396.11,3397.31,298.0
2025-07-21 22:15:00,3397.31,3398.61,3396.8,3398.44,295.0
2025-07-21 22:20:00,3398.48,3399.32,3397.49,3397.71,325.0
2025-07-21 22:25:00,3397.76,3398.41,3397.3,3398.3,317.0
2025-07-21 22:30:00,3398.26,3399.68,3398.05,3399.53,330.0
2025-07-21 22:35:00,3399.5,3399.74,3398.88,3399.22,311.0
2025-07-21 22:40:00,3399.2,3399.21,3397.98,3397.98,287.0
2025-07-21 22:45:00,3397.99,3398.45,3397.38,3397.4,319.0
2025-07-21 22:50:00,3397.39,3397.82,3397.0,3397.6,365.0
2025-07-21 22:55:00,3397.66,3399.09,3397.45,3398.81,425.0
2025-07-21 23:00:00,3399.11,3399.29,3398.2,3398.62,249.0
2025-07-21 23:05:00,3398.62,3398.7,3397.77,3398.41,175.0
2025-07-21 23:10:00,3398.4,3398.7,3397.98,3398.35,157.0
2025-07-21 23:15:00,3398.33,3398.35,3397.27,3398.04,180.0
2025-07-21 23:20:00,3398.09,3398.22,3397.8,3398.09,137.0
2025-07-21 23:25:00,3398.07,3398.31,3397.67,3397.99,180.0
2025-07-21 23:30:00,3398.03,3398.29,3397.39,3397.48,173.0
2025-07-21 23:35:00,3397.53,3397.89,3397.09,3397.85,180.0
2025-07-21 23:40:00,3397.91,3398.46,3397.49,3397.98,201.0
2025-07-21 23:45:00,3398.01,3398.04,3397.21,3397.21,131.0
2025-07-21 23:50:00,3397.22,3397.49,3396.8,3397.41,170.0
2025-07-22 01:05:00,3399.04,3399.34,3398.65,3398.65,111.0
2025-07-22 01:10:00,3398.67,3399.85,3398.43,3399.24,125.0
2025-07-22 01:15:00,3398.97,3399.51,3398.97,3399.42,80.0
2025-07-22 01:20:00,3399.4,3400.04,3399.36,3399.73,121.0
2025-07-22 01:25:00,3399.75,3400.24,3399.57,3399.99,88.0
2025-07-22 01:30:00,3399.92,3400.45,3399.82,3400.28,120.0
2025-07-22 01:35:00,3400.32,3401.24,3400.11,3400.94,155.0
2025-07-22 01:40:00,3401.1,3401.11,3399.98,3400.06,120.0
2025-07-22 01:45:00,3400.06,3400.85,3398.91,3399.43,136.0
2025-07-22 01:50:00,3399.42,3399.71,3398.96,3398.96,130.0
2025-07-22 01:55:00,3398.95,3399.66,3398.94,3399.39,113.0
2025-07-22 02:00:00,3399.54,3400.59,3399.5,3400.2,140.0
2025-07-22 02:05:00,3400.28,3400.88,3399.95,3400.7,142.0
2025-07-22 02:10:00,3400.77,3401.29,3400.14,3400.5,159.0
2025-07-22 02:15:00,3400.46,3400.68,3400.01,3400.2,113.0
2025-07-22 02:20:00,3400.2,3401.48,3400.2,3401.36,123.0
2025-07-22 02:25:00,3401.37,3401.69,3401.27,3401.39,165.0
2025-07-22 02:30:00,3401.44,3402.67,3399.5,3399.5,221.0
2025-07-22 02:35:00,3399.62,3399.62,3393.55,3394.72,382.0
2025-07-22 02:40:00,3394.69,3395.53,3393.34,3394.41,262.0
2025-07-22 02:45:00,3394.39,3397.45,3393.81,3395.95,282.0
2025-07-22 02:50:00,3395.91,3396.9,3394.93,3395.49,174.0
2025-07-22 02:55:00,3395.42,3396.71,3394.95,3396.55,202.0
2025-07-22 03:00:00,3396.58,3396.58,3391.1,3391.91,366.0
2025-07-22 03:05:00,3392.05,3392.47,3390.52,3392.12,331.0
2025-07-22 03:10:00,3392.11,3393.25,3391.12,3391.61,294.0
2025-07-22 03:15:00,3391.54,3393.68,3391.29,3393.26,311.0
2025-07-22 03:20:00,3393.27,3394.28,3392.72,3393.34,228.0
2025-07-22 03:25:00,3393.38,3395.48,3393.18,3394.94,273.0
2025-07-22 03:30:00,3394.83,3397.56,3394.83,3395.44,309.0
2025-07-22 03:35:00,3395.47,3396.15,3393.52,3394.73,290.0
2025-07-22 03:40:00,3394.71,3397.01,3394.38,3395.63,245.0
2025-07-22 03:45:00,3395.57,3396.02,3394.4,3394.42,194.0
2025-07-22 03:50:00,3394.46,3395.83,3393.72,3394.34,292.0
2025-07-22 03:55:00,3394.35,3395.31,3392.66,3394.58,342.0
2025-07-22 04:00:00,3394.62,3395.77,3393.43,3394.33,392.0
2025-07-22 04:05:00,3394.51,3395.27,3392.04,3392.83,336.0
2025-07-22 04:10:00,3392.97,3393.12,3390.06,3392.22,350.0
2025-07-22 04:15:00,3392.15,3393.67,3390.92,3391.88,324.0
2025-07-22 04:20:00,3391.84,3392.43,3390.6,3391.09,371.0
2025-07-22 04:25:00,3391.12,3392.45,3390.89,3391.65,292.0
2025-07-22 04:30:00,3391.57,3392.84,3391.2,3391.27,298.0
2025-07-22 04:35:00,3391.26,3391.36,3389.17,3390.31,336.0
2025-07-22 04:40:00,3390.32,3390.76,3386.98,3388.17,367.0
2025-07-22 04:45:00,3388.2,3388.76,3387.27,3388.28,333.0
2025-07-22 04:50:00,3388.32,3388.85,3386.89,3387.2,337.0
2025-07-22 04:55:00,3387.25,3387.55,3385.17,3385.94,369.0
2025-07-22 05:00:00,3385.93,3387.27,3385.3,3386.49,319.0
2025-07-22 05:05:00,3386.53,3387.48,3386.26,3387.23,301.0
2025-07-22 05:10:00,3387.25,3389.62,3387.16,3389.11,323.0
2025-07-22 05:15:00,3389.2,3389.85,3388.29,3388.72,303.0
2025-07-22 05:20:00,3388.61,3391.2,3388.36,3391.09,290.0
2025-07-22 05:25:00,3391.11,3391.57,3388.66,3389.15,327.0
2025-07-22 05:30:00,3389.14,3390.05,3387.42,3389.09,316.0
2025-07-22 05:35:00,3389.06,3390.4,3388.38,3390.15,284.0
2025-07-22 05:40:00,3390.12,3390.36,3389.25,3390.19,333.0
2025-07-22 05:45:00,3390.22,3391.54,3389.56,3391.38,341.0
2025-07-22 05:50:00,3391.39,3391.97,3390.6,3390.61,280.0
2025-07-22 05:55:00,3390.68,3391.58,3390.1,3391.5,293.0
2025-07-22 06:00:00,3391.53,3391.75,3390.81,3391.28,306.0
2025-07-22 06:05:00,3391.25,3391.25,3390.23,3390.32,267.0
2025-07-22 06:10:00,3390.33,3390.62,3389.31,3389.6,264.0
2025-07-22 06:15:00,3389.62,3391.82,3389.47,3390.42,309.0
2025-07-22 06:20:00,3390.33,3390.57,3388.89,3390.26,250.0
2025-07-22 06:25:00,3390.28,3391.2,3390.25,3391.01,258.0
2025-07-22 06:30:00,3391.01,3391.42,3390.08,3391.39,239.0
2025-07-22 06:35:00,3391.41,3391.41,3390.09,3390.76,234.0
2025-07-22 06:40:00,3390.77,3392.93,3390.27,3392.93,245.0
2025-07-22 06:45:00,3392.98,3393.67,3392.58,3392.88,327.0
2025-07-22 06:50:00,3392.86,3393.58,3392.58,3392.6,248.0
2025-07-22 06:55:00,3392.58,3393.16,3391.88,3392.67,248.0
2025-07-22 07:00:00,3392.62,3392.62,3391.21,3391.47,167.0
2025-07-22 07:05:00,3391.46,3391.48,3388.65,3389.96,290.0
2025-07-22 07:10:00,3390.08,3390.64,3389.87,3390.49,223.0
2025-07-22 07:15:00,3390.48,3391.27,3389.92,3390.43,222.0
2025-07-22 07:20:00,3390.45,3390.62,3389.21,3390.49,205.0
2025-07-22 07:25:00,3390.5,3390.71,3389.81,3389.85,193.0
2025-07-22 07:30:00,3389.87,3389.87,3389.08,3389.83,157.0
2025-07-22 07:35:00,3389.98,3389.98,3388.79,3388.79,154.0
2025-07-22 07:40:00,3388.88,3389.33,3388.56,3389.31,160.0
2025-07-22 07:45:00,3389.3,3389.84,3388.51,3388.96,234.0
2025-07-22 07:50:00,3388.98,3389.84,3387.99,3389.56,202.0
2025-07-22 07:55:00,3389.54,3391.61,3389.21,3391.08,243.0
2025-07-22 08:00:00,3391.4,3391.9,3389.23,3390.23,270.0
2025-07-22 08:05:00,3389.99,3390.45,3388.85,3389.17,235.0
2025-07-22 08:10:00,3389.19,3389.5,3388.24,3388.25,235.0
2025-07-22 08:15:00,3388.28,3388.43,3387.23,3387.53,243.0
2025-07-22 08:20:00,3387.55,3388.07,3386.96,3388.07,283.0
2025-07-22 08:25:00,3388.12,3388.47,3387.49,3387.95,298.0
2025-07-22 08:30:00,3387.97,3388.95,3387.51,3388.82,341.0
2025-07-22 08:35:00,3388.78,3389.76,3386.69,3387.42,328.0
2025-07-22 08:40:00,3387.46,3387.46,3386.25,3386.39,273.0
2025-07-22 08:45:00,3386.35,3386.73,3385.21,3386.73,354.0
2025-07-22 08:50:00,3386.81,3386.93,3385.13,3385.36,368.0
2025-07-22 08:55:00,3385.42,3385.78,3384.64,3385.55,298.0
2025-07-22 09:00:00,3385.56,3386.82,3384.48,3386.81,326.0
2025-07-22 09:05:00,3386.76,3387.73,3386.27,3386.41,331.0
2025-07-22 09:10:00,3386.46,3387.84,3385.89,3385.89,328.0
2025-07-22 09:15:00,3385.93,3387.14,3385.75,3387.05,344.0
2025-07-22 09:20:00,3386.94,3387.79,3385.2,3385.35,320.0
2025-07-22 09:25:00,3385.19,3385.87,3384.6,3384.88,350.0
2025-07-22 09:30:00,3384.8,3386.32,3384.56,3385.97,343.0
2025-07-22 09:35:00,3385.98,3387.26,3384.55,3385.04,363.0
2025-07-22 09:40:00,3385.16,3385.85,3384.56,3384.56,290.0
2025-07-22 09:45:00,3384.59,3385.76,3384.49,3385.5,299.0
2025-07-22 09:50:00,3385.47,3385.69,3384.89,3384.96,240.0
2025-07-22 09:55:00,3384.87,3385.27,3384.39,3384.78,348.0
2025-07-22 10:00:00,3385.09,3385.8,3384.52,3385.39,326.0
2025-07-22 10:05:00,3385.23,3385.31,3384.43,3384.57,253.0
2025-07-22 10:10:00,3384.56,3385.74,3384.54,3384.66,347.0
2025-07-22 10:15:00,3384.61,3384.79,3384.25,3384.66,320.0
2025-07-22 10:20:00,3384.68,3384.96,3384.28,3384.32,339.0
2025-07-22 10:25:00,3384.33,3384.53,3383.36,3383.72,280.0
2025-07-22 10:30:00,3383.74,3385.55,3383.26,3385.5,244.0
2025-07-22 10:35:00,3385.53,3386.44,3385.28,3386.35,295.0
2025-07-22 10:40:00,3386.37,3386.53,3384.31,3385.98,287.0
2025-07-22 10:45:00,3385.99,3386.54,3385.62,3385.78,262.0
2025-07-22 10:50:00,3385.81,3386.32,3384.71,3385.88,253.0
2025-07-22 10:55:00,3385.76,3387.55,3385.61,3387.55,309.0
2025-07-22 11:00:00,3387.41,3387.64,3386.21,3387.13,307.0
2025-07-22 11:05:00,3387.05,3387.57,3386.17,3386.96,328.0
2025-07-22 11:10:00,3386.97,3388.26,3386.97,3387.99,310.0
2025-07-22 11:15:00,3387.98,3388.52,3387.11,3388.25,289.0
2025-07-22 11:20:00,3388.14,3389.58,3388.02,3388.9,306.0
2025-07-22 11:25:00,3388.9,3389.05,3387.94,3388.55,336.0
2025-07-22 11:30:00,3388.47,3389.07,3387.88,3388.98,313.0
2025-07-22 11:35:00,3389.0,3389.77,3388.3,3389.49,343.0
2025-07-22 11:40:00,3389.51,3390.08,3388.15,3388.19,311.0
2025-07-22 11:45:00,3388.27,3389.39,3387.94,3389.23,378.0
2025-07-22 11:50:00,3389.21,3390.07,3388.21,3389.07,318.0
2025-07-22 11:55:00,3389.16,3389.81,3388.71,3389.0,276.0
2025-07-22 12:00:00,3388.97,3389.95,3387.99,3388.6,307.0
2025-07-22 12:05:00,3388.72,3390.61,3388.57,3390.11,242.0
2025-07-22 12:10:00,3390.12,3390.12,3388.99,3389.0,258.0
2025-07-22 12:15:00,3388.97,3389.17,3386.75,3387.86,310.0
2025-07-22 12:20:00,3387.85,3388.0,3385.88,3386.07,234.0
2025-07-22 12:25:00,3386.14,3386.21,3384.77,3385.57,383.0
2025-07-22 12:30:00,3385.33,3386.23,3385.31,3385.44,292.0
2025-07-22 12:35:00,3385.48,3386.22,3384.65,3385.87,317.0
2025-07-22 12:40:00,3385.87,3386.84,3385.85,3385.85,79.0
2025-07-22 12:45:00,3385.85,3387.26,3385.85,3385.85,64.0
2025-07-22 12:50:00,3385.85,3386.44,3385.55,3386.13,179.0
2025-07-22 12:55:00,3386.12,3386.63,3385.81,3386.16,236.0
2025-07-22 13:00:00,3386.17,3386.95,3385.89,3386.73,215.0
2025-07-22 13:05:00,3386.73,3387.6,3386.25,3387.02,175.0
2025-07-22 13:10:00,3386.77,3387.31,3386.56,3387.13,183.0
2025-07-22 13:15:00,3387.14,3387.27,3386.09,3386.82,214.0
2025-07-22 13:20:00,3386.76,3387.93,3386.52,3387.93,218.0
2025-07-22 13:25:00,3387.87,3388.56,3387.41,3387.55,262.0
2025-07-22 13:30:00,3387.52,3387.86,3386.86,3387.69,258.0
2025-07-22 13:35:00,3387.69,3388.15,3387.33,3387.6,221.0
2025-07-22 13:40:00,3387.58,3388.45,3387.13,3387.65,246.0
2025-07-22 13:45:00,3387.64,3388.64,3387.05,3387.62,241.0
2025-07-22 13:50:00,3387.55,3387.59,3386.81,3387.35,230.0
2025-07-22 13:55:00,3387.42,3387.52,3386.84,3386.99,203.0
2025-07-22 14:00:00,3387.05,3387.55,3386.88,3387.18,268.0
2025-07-22 14:05:00,3387.26,3387.67,3386.66,3387.62,228.0
2025-07-22 14:10:00,3387.72,3388.82,3387.72,3388.26,251.0
2025-07-22 14:15:00,3388.28,3388.73,3388.25,3388.39,227.0
2025-07-22 14:20:00,3388.4,3388.61,3386.98,3387.43,226.0
2025-07-22 14:25:00,3387.46,3387.86,3387.15,3387.57,252.0
2025-07-22 14:30:00,3387.55,3388.23,3386.69,3387.74,289.0
2025-07-22 14:35:00,3387.76,3389.21,3386.92,3388.76,313.0
2025-07-22 14:40:00,3388.77,3389.68,3388.46,3389.35,322.0
2025-07-22 14:45:00,3389.37,3390.19,3388.67,3390.14,275.0
2025-07-22 14:50:00,3390.14,3391.28,3389.61,3390.16,328.0
2025-07-22 14:55:00,3390.19,3391.72,3390.04,3391.33,383.0
2025-07-22 15:00:00,3391.47,3392.7,3391.07,3392.38,398.0
2025-07-22 15:05:00,3392.37,3394.56,3392.06,3393.81,412.0
2025-07-22 15:10:00,3393.92,3394.43,3393.19,3394.33,326.0
2025-07-22 15:15:00,3394.3,3395.46,3393.82,3395.19,365.0
2025-07-22 15:20:00,3395.27,3400.06,3395.22,3400.04,484.0
2025-07-22 15:25:00,3400.26,3400.7,3397.65,3400.45,410.0
2025-07-22 15:30:00,3400.51,3401.63,3397.81,3399.11,445.0
2025-07-22 15:35:00,3399.08,3400.59,3398.23,3400.2,390.0
2025-07-22 15:40:00,3400.29,3405.87,3399.89,3403.68,451.0
2025-07-22 15:45:00,3403.68,3403.92,3401.63,3401.98,430.0
2025-07-22 15:50:00,3401.82,3403.89,3400.98,3403.88,401.0
2025-07-22 15:55:00,3403.93,3407.84,3403.93,3407.63,433.0
2025-07-22 16:00:00,3407.55,3410.74,3406.62,3409.51,516.0
2025-07-22 16:05:00,3409.62,3413.57,3409.61,3412.87,477.0
2025-07-22 16:10:00,3412.92,3414.22,3410.13,3410.19,510.0
2025-07-22 16:15:00,3409.99,3413.68,3408.6,3411.75,474.0
2025-07-22 16:20:00,3411.96,3414.42,3411.36,3413.29,430.0
2025-07-22 16:25:00,3413.32,3416.64,3412.96,3415.67,453.0
2025-07-22 16:30:00,3415.37,3417.76,3414.65,3415.97,535.0
2025-07-22 16:35:00,3415.9,3416.23,3413.12,3416.16,522.0
2025-07-22 16:40:00,3416.48,3418.01,3415.84,3416.7,505.0
2025-07-22 16:45:00,3416.65,3419.88,3416.61,3418.84,523.0
2025-07-22 16:50:00,3418.86,3420.15,3416.39,3416.39,511.0
2025-07-22 16:55:00,3416.64,3416.87,3411.26,3412.34,546.0
2025-07-22 17:00:00,3412.35,3412.86,3405.19,3410.91,578.0
2025-07-22 17:05:00,3410.98,3412.56,3408.39,3411.19,535.0
2025-07-22 17:10:00,3410.83,3416.56,3410.71,3415.82,524.0
2025-07-22 17:15:00,3415.88,3418.48,3415.39,3417.01,489.0
2025-07-22 17:20:00,3417.02,3420.34,3416.31,3420.04,510.0
2025-07-22 17:25:00,3419.84,3423.39,3419.55,3421.78,512.0
2025-07-22 17:30:00,3421.75,3426.78,3421.59,3424.12,533.0
2025-07-22 17:35:00,3424.21,3427.66,3423.13,3426.38,521.0
2025-07-22 17:40:00,3426.45,3427.55,3424.75,3425.9,466.0
2025-07-22 17:45:00,3425.94,3426.32,3421.91,3425.12,494.0
2025-07-22 17:50:00,3425.09,3427.15,3424.99,3426.92,483.0
2025-07-22 17:55:00,3427.03,3427.7,3425.75,3426.27,484.0
2025-07-22 18:00:00,3426.28,3429.93,3424.08,3429.81,518.0
2025-07-22 18:05:00,3429.77,3430.55,3426.32,3426.45,480.0
2025-07-22 18:10:00,3426.54,3429.19,3424.65,3428.01,487.0
2025-07-22 18:15:00,3428.2,3428.34,3424.72,3425.59,468.0
2025-07-22 18:20:00,3425.62,3428.03,3425.62,3427.76,422.0
2025-07-22 18:25:00,3427.72,3427.96,3425.48,3425.48,429.0
2025-07-22 18:30:00,3425.31,3426.83,3424.34,3424.49,413.0
2025-07-22 18:35:00,3424.48,3427.06,3424.44,3426.33,429.0
2025-07-22 18:40:00,3426.37,3426.92,3423.99,3424.47,420.0
2025-07-22 18:45:00,3424.49,3425.77,3423.95,3424.61,374.0
2025-07-22 18:50:00,3424.6,3426.32,3423.67,3425.89,427.0
2025-07-22 18:55:00,3425.88,3427.51,3425.54,3426.59,402.0
2025-07-22 19:00:00,3426.66,3427.55,3426.3,3426.99,361.0
2025-07-22 19:05:00,3426.96,3428.35,3426.79,3428.04,361.0
2025-07-22 19:10:00,3428.03,3430.65,3427.98,3429.33,427.0
2025-07-22 19:15:00,3429.31,3429.73,3427.31,3427.83,428.0
2025-07-22 19:20:00,3427.95,3429.12,3427.33,3429.12,366.0
2025-07-22 19:25:00,3429.11,3430.18,3426.79,3426.79,375.0
2025-07-22 19:30:00,3427.48,3429.76,3427.18,3429.52,420.0
2025-07-22 19:35:00,3429.5,3429.92,3428.47,3428.8,391.0
2025-07-22 19:40:00,3428.72,3429.48,3428.3,3429.41,392.0
2025-07-22 19:45:00,3429.44,3430.8,3428.82,3430.8,374.0
2025-07-22 19:50:00,3430.89,3432.53,3430.63,3431.74,421.0
2025-07-22 19:55:00,3431.79,3432.97,3431.5,3432.2,422.0
2025-07-22 20:00:00,3432.26,3433.53,3431.88,3433.38,410.0
2025-07-22 20:05:00,3433.41,3433.46,3430.7,3430.76,423.0
2025-07-22 20:10:00,3430.77,3430.92,3426.55,3427.27,425.0
2025-07-22 20:15:00,3427.19,3429.14,3427.09,3428.45,445.0
2025-07-22 20:20:00,3428.44,3430.37,3428.22,3430.37,421.0
2025-07-22 20:25:00,3430.55,3430.88,3428.53,3428.77,460.0
2025-07-22 20:30:00,3428.74,3428.74,3427.26,3427.85,405.0
2025-07-22 20:35:00,3427.83,3428.95,3427.5,3428.6,343.0
2025-07-22 20:40:00,3428.59,3430.2,3428.15,3429.48,376.0
2025-07-22 20:45:00,3429.46,3429.49,3427.35,3427.53,382.0
2025-07-22 20:50:00,3427.6,3428.52,3427.36,3427.89,349.0
2025-07-22 20:55:00,3427.99,3429.24,3427.58,3429.21,374.0
2025-07-22 21:00:00,3429.23,3429.53,3427.89,3428.41,360.0
2025-07-22 21:05:00,3428.42,3429.2,3428.26,3428.98,327.0
2025-07-22 21:10:00,3428.96,3430.19,3428.75,3429.54,361.0
2025-07-22 21:15:00,3429.56,3430.91,3429.44,3430.34,359.0
2025-07-22 21:20:00,3430.37,3430.97,3429.45,3430.2,365.0
2025-07-22 21:25:00,3430.25,3430.37,3429.66,3429.69,322.0
2025-07-22 21:30:00,3429.75,3430.11,3429.37,3429.82,317.0
2025-07-22 21:35:00,3429.81,3430.68,3429.27,3430.26,308.0
2025-07-22 21:40:00,3430.26,3430.9,3430.06,3430.58,287.0
2025-07-22 21:45:00,3430.57,3430.59,3428.53,3428.98,313.0
2025-07-22 21:50:00,3429.01,3429.76,3428.94,3429.17,324.0
2025-07-22 21:55:00,3429.16,3429.98,3429.11,3429.63,320.0
2025-07-22 22:00:00,3429.53,3429.91,3429.02,3429.41,317.0
2025-07-22 22:05:00,3429.47,3430.28,3428.96,3429.97,289.0
2025-07-22 22:10:00,3430.02,3430.31,3429.57,3430.04,273.0
2025-07-22 22:15:00,3430.02,3431.71,3429.99,3431.54,345.0
2025-07-22 22:20:00,3431.65,3431.96,3431.02,3431.76,331.0
2025-07-22 22:25:00,3431.73,3431.88,3430.72,3431.63,328.0
2025-07-22 22:30:00,3431.6,3432.14,3431.21,3431.43,359.0
2025-07-22 22:35:00,3431.44,3431.94,3431.29,3431.81,290.0
2025-07-22 22:40:00,3431.82,3432.21,3431.27,3431.85,334.0
2025-07-22 22:45:00,3431.87,3432.47,3431.65,3432.19,362.0
2025-07-22 22:50:00,3432.18,3432.21,3430.92,3431.28,408.0
2025-07-22 22:55:00,3431.21,3432.33,3430.99,3431.43,446.0
2025-07-22 23:00:00,3431.54,3432.36,3431.45,3432.35,183.0
2025-07-22 23:05:00,3432.3,3432.65,3431.71,3432.04,228.0
2025-07-22 23:10:00,3432.04,3432.15,3430.06,3430.41,212.0
2025-07-22 23:15:00,3430.47,3431.04,3429.7,3430.61,204.0
2025-07-22 23:20:00,3430.6,3430.91,3429.85,3430.7,250.0
2025-07-22 23:25:00,3430.69,3431.02,3430.57,3430.6,136.0
2025-07-22 23:30:00,3430.58,3431.3,3430.38,3431.13,189.0
2025-07-22 23:35:00,3431.12,3431.31,3428.15,3428.61,276.0
2025-07-22 23:40:00,3428.5,3428.79,3427.87,3428.7,284.0
2025-07-22 23:45:00,3428.71,3429.14,3427.78,3429.14,255.0
2025-07-22 23:50:00,3429.12,3430.26,3429.12,3429.58,207.0
2025-07-23 01:05:00,3430.9,3431.09,3430.07,3430.65,162.0
2025-07-23 01:10:00,3430.66,3430.78,3429.93,3430.11,166.0
2025-07-23 01:15:00,3430.13,3430.18,3428.55,3428.95,206.0
2025-07-23 01:20:00,3428.85,3429.5,3428.61,3429.01,131.0
2025-07-23 01:25:00,3429.02,3429.79,3428.98,3429.12,137.0
2025-07-23 01:30:00,3429.11,3429.12,3427.68,3428.03,140.0
2025-07-23 01:35:00,3428.04,3428.6,3428.04,3428.55,117.0
2025-07-23 01:40:00,3428.58,3428.75,3428.25,3428.7,128.0
2025-07-23 01:45:00,3428.7,3429.29,3428.67,3429.0,144.0
2025-07-23 01:50:00,3429.0,3429.28,3427.46,3427.52,147.0
2025-07-23 01:55:00,3427.55,3428.01,3427.45,3427.88,102.0
2025-07-23 02:00:00,3427.88,3428.9,3427.88,3428.59,153.0
2025-07-23 02:05:00,3428.63,3429.97,3428.28,3429.26,158.0
2025-07-23 02:10:00,3429.27,3433.58,3429.22,3431.88,277.0
2025-07-23 02:15:00,3432.02,3432.64,3428.38,3428.54,297.0
2025-07-23 02:20:00,3428.52,3430.09,3427.84,3428.49,241.0
2025-07-23 02:25:00,3428.5,3430.52,3428.5,3429.39,188.0
2025-07-23 02:30:00,3429.52,3430.16,3428.43,3428.85,188.0
2025-07-23 02:35:00,3428.89,3429.11,3427.53,3428.77,230.0
2025-07-23 02:40:00,3428.85,3429.4,3428.13,3428.6,107.0
2025-07-23 02:45:00,3428.4,3428.44,3426.66,3427.44,250.0
2025-07-23 02:50:00,3427.46,3428.04,3426.91,3427.46,227.0
2025-07-23 02:55:00,3427.47,3427.87,3426.26,3427.46,252.0
2025-07-23 03:00:00,3427.06,3431.73,3427.06,3430.87,350.0
2025-07-23 03:05:00,3430.88,3432.43,3429.55,3431.9,292.0
2025-07-23 03:10:00,3431.79,3433.99,3431.2,3432.76,377.0
2025-07-23 03:15:00,3432.83,3434.88,3431.91,3433.95,336.0
2025-07-23 03:20:00,3433.96,3438.77,3433.78,3437.69,401.0
2025-07-23 03:25:00,3437.53,3437.76,3432.39,3432.39,400.0
2025-07-23 03:30:00,3432.38,3433.02,3428.87,3430.16,341.0
2025-07-23 03:35:00,3430.27,3431.85,3429.63,3431.83,287.0
2025-07-23 03:40:00,3431.72,3433.0,3430.64,3431.46,312.0
2025-07-23 03:45:00,3431.48,3433.67,3431.41,3431.59,277.0
2025-07-23 03:50:00,3431.64,3431.7,3429.33,3430.03,345.0
2025-07-23 03:55:00,3429.96,3431.52,3428.82,3428.85,334.0
2025-07-23 04:00:00,3428.9,3430.61,3424.77,3424.83,438.0
2025-07-23 04:05:00,3424.09,3427.45,3423.45,3424.17,411.0
2025-07-23 04:10:00,3424.08,3427.63,3423.83,3425.83,395.0
2025-07-23 04:15:00,3425.81,3426.5,3421.96,3424.99,420.0
2025-07-23 04:20:00,3424.83,3425.28,3423.05,3424.18,383.0
2025-07-23 04:25:00,3424.24,3426.34,3422.64,3424.94,378.0
2025-07-23 04:30:00,3424.76,3426.78,3422.46,3423.88,377.0
2025-07-23 04:35:00,3423.87,3424.51,3421.22,3421.93,369.0
2025-07-23 04:40:00,3421.9,3425.52,3421.49,3424.18,345.0
2025-07-23 04:45:00,3424.2,3424.37,3421.97,3422.69,388.0
2025-07-23 04:50:00,3422.67,3423.65,3422.22,3423.03,339.0
2025-07-23 04:55:00,3423.11,3423.14,3421.05,3421.09,359.0
2025-07-23 05:00:00,3421.02,3423.53,3420.91,3422.87,355.0
2025-07-23 05:05:00,3422.88,3423.38,3422.31,3422.44,321.0
2025-07-23 05:10:00,3422.49,3422.74,3421.11,3422.02,370.0
2025-07-23 05:15:00,3421.97,3423.6,3421.97,3422.93,342.0
2025-07-23 05:20:00,3423.21,3423.21,3419.74,3422.08,393.0
2025-07-23 05:25:00,3422.09,3422.89,3421.63,3421.68,272.0
2025-07-23 05:30:00,3421.5,3422.51,3420.49,3420.79,351.0
2025-07-23 05:35:00,3420.85,3421.01,3419.26,3420.35,370.0
2025-07-23 05:40:00,3420.33,3422.26,3420.32,3421.63,336.0
2025-07-23 05:45:00,3421.62,3425.03,3421.62,3424.12,372.0
2025-07-23 05:50:00,3424.14,3424.26,3422.85,3423.24,314.0
2025-07-23 05:55:00,3423.17,3423.18,3422.07,3422.99,290.0
2025-07-23 06:00:00,3422.97,3424.28,3422.91,3424.25,305.0
2025-07-23 06:05:00,3424.24,3424.91,3423.36,3424.65,352.0
2025-07-23 06:10:00,3424.73,3425.63,3424.64,3424.65,251.0
2025-07-23 06:15:00,3424.62,3425.18,3423.5,3424.37,276.0
2025-07-23 06:20:00,3424.36,3426.68,3424.35,3426.01,386.0
2025-07-23 06:25:00,3426.05,3428.06,3425.8,3427.79,397.0
2025-07-23 06:30:00,3427.94,3428.68,3425.02,3425.35,365.0
2025-07-23 06:35:00,3425.29,3427.07,3425.29,3426.64,305.0
2025-07-23 06:40:00,3426.64,3427.16,3425.88,3426.4,303.0
2025-07-23 06:45:00,3426.42,3428.07,3426.42,3426.65,249.0
2025-07-23 06:50:00,3426.51,3426.51,3423.55,3424.15,261.0
2025-07-23 06:55:00,3424.19,3424.19,3422.99,3423.09,298.0
2025-07-23 07:00:00,3423.09,3424.65,3422.07,3424.56,299.0
2025-07-23 07:05:00,3424.59,3425.42,3424.18,3424.21,266.0
2025-07-23 07:10:00,3424.16,3424.71,3422.71,3423.0,290.0
2025-07-23 07:15:00,3423.04,3423.32,3422.54,3422.97,215.0
2025-07-23 07:20:00,3422.9,3423.8,3422.84,3422.92,278.0
2025-07-23 07:25:00,3423.04,3424.26,3422.67,3423.58,286.0
2025-07-23 07:30:00,3423.57,3424.27,3422.89,3422.92,302.0
2025-07-23 07:35:00,3422.94,3423.56,3422.84,3422.96,235.0
2025-07-23 07:40:00,3422.94,3423.77,3422.54,3423.65,250.0
2025-07-23 07:45:00,3423.61,3423.87,3423.11,3423.54,228.0
2025-07-23 07:50:00,3423.55,3423.69,3422.37,3422.77,228.0
2025-07-23 07:55:00,3422.8,3423.55,3422.06,3423.51,261.0
2025-07-23 08:00:00,3423.56,3423.8,3422.36,3423.41,279.0
2025-07-23 08:05:00,3423.42,3423.5,3422.05,3422.32,290.0
2025-07-23 08:10:00,3422.27,3422.63,3420.89,3421.2,279.0
2025-07-23 08:15:00,3421.21,3421.83,3420.85,3421.39,261.0
2025-07-23 08:20:00,3421.43,3422.61,3421.31,3422.36,267.0
2025-07-23 08:25:00,3422.27,3423.1,3421.95,3422.53,267.0
2025-07-23 08:30:00,3422.52,3422.7,3420.6,3422.16,339.0
2025-07-23 08:35:00,3422.19,3422.58,3420.47,3420.85,352.0
2025-07-23 08:40:00,3420.86,3421.48,3417.69,3418.03,396.0
2025-07-23 08:45:00,3418.04,3419.06,3416.41,3419.06,405.0
2025-07-23 08:50:00,3419.07,3420.13,3417.99,3419.36,373.0
2025-07-23 08:55:00,3419.34,3421.17,3419.17,3420.43,349.0
2025-07-23 09:00:00,3420.56,3422.4,3420.48,3421.97,339.0
2025-07-23 09:05:00,3422.0,3422.77,3421.27,3422.48,351.0
2025-07-23 09:10:00,3422.28,3423.47,3421.38,3423.27,315.0
2025-07-23 09:15:00,3423.45,3424.56,3423.16,3423.98,352.0
2025-07-23 09:20:00,3424.03,3424.42,3423.28,3423.98,341.0
2025-07-23 09:25:00,3424.01,3424.19,3421.46,3423.54,368.0
2025-07-23 09:30:00,3423.77,3424.67,3421.82,3422.57,406.0
2025-07-23 09:35:00,3422.72,3422.8,3419.58,3421.18,399.0
2025-07-23 09:40:00,3421.18,3423.9,3420.72,3423.71,348.0
2025-07-23 09:45:00,3423.7,3424.94,3423.6,3423.89,361.0
2025-07-23 09:50:00,3423.87,3425.14,3423.77,3424.12,334.0
2025-07-23 09:55:00,3424.22,3425.1,3423.99,3425.06,333.0
2025-07-23 10:00:00,3424.82,3426.6,3422.9,3426.4,444.0
2025-07-23 10:05:00,3426.44,3428.05,3425.49,3427.99,386.0
2025-07-23 10:10:00,3427.98,3428.85,3427.38,3428.41,407.0
2025-07-23 10:15:00,3428.46,3429.64,3428.23,3429.0,364.0
2025-07-23 10:20:00,3428.94,3429.04,3426.59,3426.69,329.0
2025-07-23 10:25:00,3426.7,3428.15,3426.15,3426.95,334.0
2025-07-23 10:30:00,3426.94,3427.83,3425.28,3426.29,343.0
2025-07-23 10:35:00,3426.3,3427.09,3425.16,3425.76,373.0
2025-07-23 10:40:00,3425.76,3426.25,3422.89,3423.15,347.0
2025-07-23 10:45:00,3423.11,3423.14,3421.08,3421.1,355.0
2025-07-23 10:50:00,3421.08,3421.46,3420.17,3420.28,357.0
2025-07-23 10:55:00,3420.31,3421.27,3419.96,3420.66,317.0
2025-07-23 11:00:00,3420.69,3423.62,3420.64,3423.04,350.0
2025-07-23 11:05:00,3422.98,3423.14,3421.86,3422.86,296.0
2025-07-23 11:10:00,3422.87,3425.16,3422.54,3425.04,300.0
2025-07-23 11:15:00,3425.0,3426.74,3424.54,3426.7,327.0
2025-07-23 11:20:00,3426.66,3428.28,3425.65,3426.61,366.0
2025-07-23 11:25:00,3426.59,3426.59,3424.07,3424.24,288.0
2025-07-23 11:30:00,3424.23,3426.26,3424.16,3424.78,299.0
2025-07-23 11:35:00,3424.71,3426.41,3423.92,3426.12,295.0
2025-07-23 11:40:00,3426.18,3426.86,3425.44,3426.82,281.0
2025-07-23 11:45:00,3426.84,3427.0,3424.53,3425.66,284.0
2025-07-23 11:50:00,3425.59,3426.93,3425.44,3426.6,265.0
2025-07-23 11:55:00,3426.61,3428.75,3426.61,3428.4,286.0
2025-07-23 12:00:00,3428.45,3429.96,3428.35,3428.44,273.0
2025-07-23 12:05:00,3428.46,3430.08,3428.37,3429.96,212.0
2025-07-23 12:10:00,3429.96,3430.91,3429.39,3430.11,216.0
2025-07-23 12:15:00,3430.18,3432.6,3430.12,3432.6,230.0
2025-07-23 12:20:00,3432.59,3433.84,3432.18,3432.44,338.0
2025-07-23 12:25:00,3432.41,3432.77,3431.08,3431.76,245.0
2025-07-23 12:30:00,3431.66,3432.97,3430.76,3431.77,287.0
2025-07-23 12:35:00,3431.79,3431.87,3431.08,3431.83,170.0
2025-07-23 12:40:00,3431.92,3431.98,3430.18,3431.18,246.0
2025-07-23 12:45:00,3431.19,3431.64,3430.64,3430.71,216.0
2025-07-23 12:50:00,3430.7,3431.68,3430.46,3431.02,257.0
2025-07-23 12:55:00,3431.03,3431.84,3430.81,3431.13,248.0
2025-07-23 13:00:00,3431.14,3431.37,3427.79,3427.79,290.0
2025-07-23 13:05:00,3427.87,3428.51,3424.68,3425.92,345.0
2025-07-23 13:10:00,3425.86,3425.92,3424.1,3424.8,316.0
2025-07-23 13:15:00,3424.79,3424.79,3423.12,3423.73,319.0
2025-07-23 13:20:00,3423.86,3424.74,3422.38,3422.42,337.0
2025-07-23 13:25:00,3422.45,3423.81,3421.99,3423.35,294.0
2025-07-23 13:30:00,3423.45,3424.29,3421.51,3422.48,280.0
2025-07-23 13:35:00,3422.63,3423.96,3421.89,3423.96,256.0
2025-07-23 13:40:00,3423.69,3423.78,3422.34,3422.88,224.0
2025-07-23 13:45:00,3422.88,3423.01,3421.21,3421.97,256.0
2025-07-23 13:50:00,3421.99,3423.43,3421.81,3422.86,252.0
2025-07-23 13:55:00,3422.7,3423.64,3422.26,3422.74,239.0
2025-07-23 14:00:00,3422.54,3423.1,3421.06,3422.86,244.0
2025-07-23 14:05:00,3422.79,3423.07,3420.33,3421.47,286.0
2025-07-23 14:10:00,3421.18,3422.52,3420.8,3421.75,268.0
2025-07-23 14:15:00,3421.77,3422.48,3420.56,3420.86,251.0
2025-07-23 14:20:00,3420.86,3423.64,3420.65,3422.75,289.0
2025-07-23 14:25:00,3422.75,3425.33,3422.68,3425.33,267.0
2025-07-23 14:30:00,3425.28,3427.31,3425.28,3426.87,275.0
2025-07-23 14:35:00,3426.88,3427.5,3426.66,3427.5,215.0
2025-07-23 14:40:00,3427.45,3429.38,3427.18,3428.69,308.0
2025-07-23 14:45:00,3428.61,3429.7,3428.35,3429.27,256.0
2025-07-23 14:50:00,3429.26,3429.79,3428.49,3428.52,228.0
2025-07-23 14:55:00,3428.66,3429.32,3427.8,3428.12,300.0
2025-07-23 15:00:00,3428.11,3429.74,3428.05,3429.09,273.0
2025-07-23 15:05:00,3429.19,3429.96,3427.99,3428.55,336.0
2025-07-23 15:10:00,3428.58,3429.45,3427.45,3427.99,301.0
2025-07-23 15:15:00,3427.89,3428.65,3426.2,3427.96,292.0
2025-07-23 15:20:00,3428.05,3429.15,3424.25,3425.47,358.0
2025-07-23 15:25:00,3425.64,3426.53,3424.39,3425.79,304.0
2025-07-23 15:30:00,3425.81,3427.36,3422.98,3423.81,309.0
2025-07-23 15:35:00,3423.73,3425.07,3423.23,3424.7,340.0
2025-07-23 15:40:00,3424.87,3426.35,3424.33,3426.18,335.0
2025-07-23 15:45:00,3426.37,3427.34,3423.37,3423.92,329.0
2025-07-23 15:50:00,3423.44,3424.3,3420.47,3420.48,332.0
2025-07-23 15:55:00,3420.37,3422.59,3419.95,3419.98,408.0
2025-07-23 16:00:00,3419.97,3420.54,3412.81,3414.43,516.0
2025-07-23 16:05:00,3414.34,3415.5,3412.34,3415.39,465.0
2025-07-23 16:10:00,3415.44,3416.9,3413.37,3415.93,420.0
2025-07-23 16:15:00,3416.01,3417.52,3413.4,3414.17,402.0
2025-07-23 16:20:00,3414.09,3416.83,3408.28,3410.99,435.0
2025-07-23 16:25:00,3411.08,3412.31,3408.25,3409.3,421.0
2025-07-23 16:30:00,3409.58,3411.0,3405.56,3406.05,466.0
2025-07-23 16:35:00,3406.11,3409.87,3406.03,3407.58,490.0
2025-07-23 16:40:00,3407.12,3412.73,3406.83,3412.35,454.0
2025-07-23 16:45:00,3412.28,3413.85,3411.65,3412.47,442.0
2025-07-23 16:50:00,3412.34,3414.48,3411.69,3413.68,425.0
2025-07-23 16:55:00,3413.57,3414.35,3412.42,3413.51,338.0
2025-07-23 17:00:00,3413.37,3417.04,3412.95,3416.59,421.0
2025-07-23 17:05:00,3416.78,3419.77,3416.7,3419.29,413.0
2025-07-23 17:10:00,3419.24,3419.84,3415.96,3416.7,382.0
2025-07-23 17:15:00,3416.68,3416.91,3413.8,3414.65,381.0
2025-07-23 17:20:00,3414.65,3414.78,3412.36,3412.69,369.0
2025-07-23 17:25:00,3412.62,3413.22,3410.74,3412.2,404.0
2025-07-23 17:30:00,3412.45,3414.88,3410.84,3414.85,405.0
2025-07-23 17:35:00,3414.95,3416.55,3414.07,3416.42,362.0
2025-07-23 17:40:00,3416.43,3416.69,3414.11,3414.17,372.0
2025-07-23 17:45:00,3414.15,3415.72,3412.97,3413.23,362.0
2025-07-23 17:50:00,3413.3,3414.2,3411.75,3413.98,340.0
2025-07-23 17:55:00,3414.09,3414.9,3411.88,3413.53,370.0
2025-07-23 18:00:00,3413.51,3413.7,3410.38,3410.63,352.0
2025-07-23 18:05:00,3410.5,3414.26,3410.44,3414.19,365.0
2025-07-23 18:10:00,3414.05,3415.3,3413.62,3414.91,292.0
2025-07-23 18:15:00,3414.91,3415.89,3411.96,3412.8,339.0
2025-07-23 18:20:00,3412.76,3413.68,3412.1,3413.5,311.0
2025-07-23 18:25:00,3413.42,3413.78,3411.84,3412.31,255.0
2025-07-23 18:30:00,3412.35,3413.53,3411.76,3411.76,351.0
2025-07-23 18:35:00,3411.75,3412.62,3410.9,3411.35,313.0
2025-07-23 18:40:00,3411.35,3411.62,3410.17,3410.34,308.0
2025-07-23 18:45:00,3410.34,3410.95,3408.4,3408.5,316.0
2025-07-23 18:50:00,3408.45,3410.72,3406.99,3407.02,344.0
2025-07-23 18:55:00,3406.41,3407.38,3398.24,3398.24,508.0
2025-07-23 19:00:00,3398.03,3398.03,3385.55,3386.32,536.0
2025-07-23 19:05:00,3386.35,3391.82,3384.4,3391.45,531.0
2025-07-23 19:10:00,3391.16,3394.09,3387.56,3388.16,475.0
2025-07-23 19:15:00,3388.52,3390.62,3384.84,3386.34,515.0
2025-07-23 19:20:00,3386.44,3387.37,3381.52,3385.3,518.0
2025-07-23 19:25:00,3385.46,3387.31,3383.07,3383.7,495.0
2025-07-23 19:30:00,3383.71,3386.33,3381.67,3383.63,510.0
2025-07-23 19:35:00,3383.75,3390.15,3383.05,3389.91,480.0
2025-07-23 19:40:00,3389.97,3390.94,3388.11,3389.98,456.0
2025-07-23 19:45:00,3389.96,3390.86,3388.19,3389.29,415.0
2025-07-23 19:50:00,3389.15,3390.09,3386.46,3386.46,381.0
2025-07-23 19:55:00,3386.84,3388.62,3385.51,3387.36,400.0
2025-07-23 20:00:00,3387.36,3388.45,3386.08,3386.63,356.0
2025-07-23 20:05:00,3386.88,3387.4,3385.84,3386.76,369.0
2025-07-23 20:10:00,3386.63,3389.86,3385.92,3389.86,361.0
2025-07-23 20:15:00,3389.98,3390.64,3388.23,3389.48,373.0
2025-07-23 20:20:00,3389.6,3390.48,3388.49,3388.8,356.0
2025-07-23 20:25:00,3388.64,3389.74,3385.79,3388.6,411.0
2025-07-23 20:30:00,3388.69,3388.89,3385.76,3387.8,344.0
2025-07-23 20:35:00,3387.8,3388.82,3387.31,3387.82,301.0
2025-07-23 20:40:00,3387.8,3388.23,3387.21,3387.43,330.0
2025-07-23 20:45:00,3387.41,3389.06,3387.41,3388.96,319.0
2025-07-23 20:50:00,3389.13,3394.84,3389.13,3391.96,429.0
2025-07-23 20:55:00,3391.78,3393.23,3391.33,3393.23,341.0
2025-07-23 21:00:00,3393.29,3393.84,3392.46,3392.55,323.0
2025-07-23 21:05:00,3392.53,3393.55,3392.05,3393.46,323.0
2025-07-23 21:10:00,3393.44,3394.0,3392.35,3393.72,283.0
2025-07-23 21:15:00,3393.85,3395.87,3393.68,3395.31,304.0
2025-07-23 21:20:00,3395.33,3395.87,3394.23,3395.45,325.0
2025-07-23 21:25:00,3395.42,3395.47,3394.21,3394.21,304.0
2025-07-23 21:30:00,3394.17,3395.36,3393.7,3394.41,282.0
2025-07-23 21:35:00,3394.42,3395.84,3394.39,3395.09,318.0
2025-07-23 21:40:00,3395.07,3395.2,3393.23,3393.47,275.0
2025-07-23 21:45:00,3393.45,3394.05,3393.33,3393.51,231.0
2025-07-23 21:50:00,3393.51,3393.76,3392.95,3393.07,236.0
2025-07-23 21:55:00,3393.13,3393.87,3392.82,3393.6,288.0
2025-07-23 22:00:00,3393.71,3395.88,3393.71,3395.54,315.0
2025-07-23 22:05:00,3395.53,3395.68,3394.55,3394.55,283.0
2025-07-23 22:10:00,3394.5,3394.7,3392.49,3393.43,257.0
2025-07-23 22:15:00,3393.4,3394.8,3393.39,3393.85,286.0
2025-07-23 22:20:00,3393.75,3394.8,3393.5,3393.89,291.0
2025-07-23 22:25:00,3393.92,3394.04,3390.97,3391.18,326.0
2025-07-23 22:30:00,3391.2,3391.77,3390.15,3390.35,307.0
2025-07-23 22:35:00,3390.41,3391.53,3390.03,3390.04,274.0
2025-07-23 22:40:00,3390.06,3390.3,3389.66,3389.68,229.0
2025-07-23 22:45:00,3389.74,3390.57,3388.59,3390.35,293.0
2025-07-23 22:50:00,3390.24,3391.96,3389.9,3391.76,283.0
2025-07-23 22:55:00,3391.86,3391.86,3389.24,3390.06,350.0
2025-07-23 23:00:00,3390.11,3390.35,3388.58,3388.58,195.0
2025-07-23 23:05:00,3388.58,3390.27,3388.16,3389.8,166.0
2025-07-23 23:10:00,3389.81,3389.98,3388.97,3389.29,153.0
2025-07-23 23:15:00,3389.25,3389.73,3389.06,3389.25,158.0
2025-07-23 23:20:00,3389.19,3389.47,3388.81,3389.17,133.0
2025-07-23 23:25:00,3389.21,3389.73,3388.25,3388.28,168.0
2025-07-23 23:30:00,3388.27,3389.15,3387.99,3388.94,121.0
2025-07-23 23:35:00,3388.94,3389.77,3388.67,3389.77,88.0
2025-07-23 23:40:00,3389.78,3389.93,3389.07,3389.19,170.0
2025-07-23 23:45:00,3389.25,3389.55,3388.88,3389.02,108.0
2025-07-23 23:50:00,3389.04,3389.1,3387.86,3388.1,168.0
2025-07-24 01:05:00,3390.56,3392.49,3390.08,3391.0,160.0
2025-07-24 01:10:00,3391.06,3391.7,3390.02,3391.15,137.0
2025-07-24 01:15:00,3391.15,3391.32,3388.73,3388.87,163.0
2025-07-24 01:20:00,3388.86,3388.95,3388.09,3388.42,143.0
2025-07-24 01:25:00,3388.43,3389.4,3387.79,3388.6,173.0
2025-07-24 01:30:00,3388.63,3389.37,3388.63,3389.08,131.0
2025-07-24 01:35:00,3389.11,3389.12,3387.78,3388.23,111.0
2025-07-24 01:40:00,3388.24,3388.4,3387.97,3388.26,71.0
2025-07-24 01:45:00,3388.25,3388.93,3387.87,3388.18,116.0
2025-07-24 01:50:00,3388.16,3388.27,3387.36,3388.03,113.0
2025-07-24 01:55:00,3387.99,3388.22,3386.69,3386.7,98.0
2025-07-24 02:00:00,3386.71,3387.47,3386.44,3387.3,133.0
2025-07-24 02:05:00,3387.27,3387.61,3386.76,3387.39,144.0
2025-07-24 02:10:00,3387.4,3388.59,3387.4,3388.47,178.0
2025-07-24 02:15:00,3388.48,3389.16,3388.28,3388.84,214.0
2025-07-24 02:20:00,3388.82,3390.65,3388.82,3389.99,173.0
2025-07-24 02:25:00,3389.84,3390.74,3389.76,3390.37,120.0
2025-07-24 02:30:00,3390.35,3390.84,3389.47,3390.17,122.0
2025-07-24 02:35:00,3390.16,3390.67,3390.07,3390.25,74.0
2025-07-24 02:40:00,3390.16,3390.43,3389.46,3389.46,102.0
2025-07-24 02:45:00,3389.48,3390.62,3388.38,3390.61,236.0
2025-07-24 02:50:00,3390.6,3391.52,3390.17,3391.19,211.0
2025-07-24 02:55:00,3391.24,3391.38,3389.87,3389.96,167.0
2025-07-24 03:00:00,3389.97,3392.14,3389.78,3392.12,241.0
2025-07-24 03:05:00,3392.11,3393.19,3389.24,3389.65,320.0
2025-07-24 03:10:00,3389.6,3390.78,3389.2,3390.24,265.0
2025-07-24 03:15:00,3390.27,3390.85,3389.22,3390.31,240.0
2025-07-24 03:20:00,3390.35,3390.66,3389.55,3389.77,209.0
2025-07-24 03:25:00,3389.76,3390.03,3388.62,3389.54,246.0
2025-07-24 03:30:00,3389.53,3389.67,3388.77,3389.15,206.0
2025-07-24 03:35:00,3389.17,3390.73,3389.1,3390.24,221.0
2025-07-24 03:40:00,3390.26,3391.1,3389.42,3391.08,255.0
2025-07-24 03:45:00,3391.05,3391.85,3390.8,3391.85,203.0
2025-07-24 03:50:00,3391.89,3392.68,3391.59,3392.03,237.0
2025-07-24 03:55:00,3391.98,3392.28,3390.96,3391.42,228.0
2025-07-24 04:00:00,3391.63,3393.35,3390.19,3393.32,381.0
2025-07-24 04:05:00,3393.22,3393.34,3384.13,3388.77,474.0
2025-07-24 04:10:00,3388.85,3390.6,3387.21,3390.07,442.0
2025-07-24 04:15:00,3389.97,3392.29,3389.95,3392.14,402.0
2025-07-24 04:20:00,3392.28,3392.32,3389.52,3391.07,364.0
2025-07-24 04:25:00,3391.05,3391.29,3388.98,3389.12,389.0
2025-07-24 04:30:00,3389.03,3389.33,3386.53,3387.34,388.0
2025-07-24 04:35:00,3387.33,3388.99,3386.43,3388.89,388.0
2025-07-24 04:40:00,3389.08,3390.9,3388.47,3389.02,350.0
2025-07-24 04:45:00,3389.17,3389.86,3387.18,3389.86,406.0
2025-07-24 04:50:00,3389.8,3390.69,3387.43,3387.61,343.0
2025-07-24 04:55:00,3387.67,3388.8,3387.19,3387.65,356.0
2025-07-24 05:00:00,3387.71,3388.63,3386.02,3387.4,386.0
2025-07-24 05:05:00,3387.35,3388.08,3386.2,3386.95,385.0
2025-07-24 05:10:00,3386.98,3387.01,3380.95,3382.16,385.0
2025-07-24 05:15:00,3382.04,3387.05,3381.53,3387.03,390.0
2025-07-24 05:20:00,3387.02,3388.44,3386.5,3387.89,356.0
2025-07-24 05:25:00,3387.94,3388.87,3387.18,3387.62,344.0
2025-07-24 05:30:00,3387.58,3388.53,3385.79,3386.11,391.0
2025-07-24 05:35:00,3386.13,3387.32,3385.51,3385.65,372.0
2025-07-24 05:40:00,3385.66,3385.66,3383.18,3384.77,413.0
2025-07-24 05:45:00,3384.91,3385.53,3383.83,3384.58,393.0
2025-07-24 05:50:00,3384.61,3386.58,3384.5,3384.66,306.0
2025-07-24 05:55:00,3384.49,3385.17,3382.89,3383.84,346.0
2025-07-24 06:00:00,3383.8,3383.8,3379.94,3380.66,448.0
2025-07-24 06:05:00,3380.67,3380.71,3374.79,3378.08,474.0
2025-07-24 06:10:00,3378.02,3380.81,3376.7,3379.12,429.0
2025-07-24 06:15:00,3379.13,3379.34,3377.24,3378.85,370.0
2025-07-24 06:20:00,3379.06,3380.2,3378.11,3379.3,353.0
2025-07-24 06:25:00,3379.27,3380.43,3377.92,3379.91,390.0
2025-07-24 06:30:00,3379.95,3382.49,3379.36,3382.48,326.0
2025-07-24 06:35:00,3382.46,3383.09,3381.66,3382.26,283.0
2025-07-24 06:40:00,3382.17,3384.83,3382.17,3384.69,314.0
2025-07-24 06:45:00,3384.68,3385.83,3384.58,3385.67,294.0
2025-07-24 06:50:00,3385.63,3386.03,3384.57,3385.95,282.0
2025-07-24 06:55:00,3386.02,3386.02,3383.66,3383.83,294.0
2025-07-24 07:00:00,3383.75,3385.23,3383.18,3385.18,307.0
2025-07-24 07:05:00,3385.19,3385.36,3383.36,3383.44,222.0
2025-07-24 07:10:00,3383.45,3384.02,3383.08,3383.33,208.0
2025-07-24 07:15:00,3383.36,3383.85,3382.9,3383.78,221.0
2025-07-24 07:20:00,3383.79,3384.71,3383.14,3384.24,241.0
2025-07-24 07:25:00,3384.23,3384.49,3382.61,3383.48,251.0
2025-07-24 07:30:00,3383.4,3384.26,3383.02,3383.47,230.0
2025-07-24 07:35:00,3383.4,3384.23,3382.8,3384.16,201.0
2025-07-24 07:40:00,3384.23,3384.34,3383.1,3383.26,227.0
2025-07-24 07:45:00,3383.27,3383.27,3381.34,3381.45,302.0
2025-07-24 07:50:00,3381.44,3383.34,3381.01,3383.02,315.0
2025-07-24 07:55:00,3383.02,3383.22,3382.33,3382.82,248.0
2025-07-24 08:00:00,3382.63,3383.0,3380.92,3380.92,242.0
2025-07-24 08:05:00,3380.99,3381.32,3379.98,3380.84,238.0
2025-07-24 08:10:00,3380.88,3381.06,3378.93,3380.08,267.0
2025-07-24 08:15:00,3380.06,3380.68,3379.17,3379.64,289.0
2025-07-24 08:20:00,3379.86,3381.33,3379.25,3381.08,244.0
2025-07-24 08:25:00,3381.07,3381.07,3379.23,3380.92,276.0
2025-07-24 08:30:00,3380.95,3381.89,3379.44,3380.23,339.0
2025-07-24 08:35:00,3380.26,3381.61,3378.39,3378.72,360.0
2025-07-24 08:40:00,3378.71,3378.91,3374.74,3377.65,440.0
2025-07-24 08:45:00,3377.69,3378.89,3374.5,3378.89,399.0
2025-07-24 08:50:00,3378.89,3378.93,3377.2,3378.76,334.0
2025-07-24 08:55:00,3378.7,3379.81,3378.53,3379.13,328.0
2025-07-24 09:00:00,3379.16,3379.57,3377.08,3378.02,351.0
2025-07-24 09:05:00,3378.02,3378.08,3375.17,3375.62,409.0
2025-07-24 09:10:00,3375.53,3377.16,3375.35,3375.35,395.0
2025-07-24 09:15:00,3375.42,3377.76,3374.32,3377.47,318.0
2025-07-24 09:20:00,3377.5,3377.66,3374.82,3375.09,319.0
2025-07-24 09:25:00,3375.07,3375.51,3371.73,3371.93,370.0
2025-07-24 09:30:00,3371.86,3376.45,3370.06,3375.52,397.0
2025-07-24 09:35:00,3375.51,3376.97,3374.01,3376.07,346.0
2025-07-24 09:40:00,3376.26,3376.66,3375.16,3375.17,297.0
2025-07-24 09:45:00,3375.2,3375.67,3373.04,3374.83,351.0
2025-07-24 09:50:00,3374.83,3376.86,3373.93,3376.28,270.0
2025-07-24 09:55:00,3376.28,3376.66,3375.27,3375.96,319.0
2025-07-24 10:00:00,3375.9,3377.12,3374.65,3376.62,337.0
2025-07-24 10:05:00,3376.75,3377.18,3373.14,3373.74,320.0
2025-07-24 10:10:00,3373.54,3377.51,3373.39,3377.35,264.0
2025-07-24 10:15:00,3377.26,3377.53,3374.7,3376.25,300.0
2025-07-24 10:20:00,3376.19,3376.79,3374.94,3375.31,247.0
2025-07-24 10:25:00,3375.31,3376.29,3374.65,3376.21,244.0
2025-07-24 10:30:00,3376.19,3377.28,3374.47,3377.22,293.0
2025-07-24 10:35:00,3377.04,3377.04,3374.54,3374.55,280.0
2025-07-24 10:40:00,3374.44,3377.16,3374.4,3376.92,264.0
2025-07-24 10:45:00,3376.92,3377.26,3371.74,3371.87,263.0
2025-07-24 10:50:00,3371.85,3371.92,3368.32,3368.66,414.0
2025-07-24 10:55:00,3368.59,3368.59,3366.09,3367.76,427.0
2025-07-24 11:00:00,3367.76,3368.09,3365.88,3367.47,326.0
2025-07-24 11:05:00,3367.48,3369.17,3365.89,3366.23,338.0
2025-07-24 11:10:00,3366.11,3369.76,3365.94,3369.33,305.0
2025-07-24 11:15:00,3369.34,3372.11,3368.46,3369.29,348.0
2025-07-24 11:20:00,3369.26,3371.38,3369.26,3371.28,314.0
2025-07-24 11:25:00,3371.31,3373.19,3371.2,3372.56,308.0
2025-07-24 11:30:00,3372.2,3374.04,3371.92,3373.96,289.0
2025-07-24 11:35:00,3373.97,3374.7,3372.82,3372.92,292.0
2025-07-24 11:40:00,3372.98,3373.64,3372.25,3373.56,228.0
2025-07-24 11:45:00,3373.52,3373.73,3370.8,3371.45,350.0
2025-07-24 11:50:00,3371.3,3371.7,3370.04,3370.68,272.0
2025-07-24 11:55:00,3370.71,3370.9,3369.41,3369.69,296.0
2025-07-24 12:00:00,3369.51,3370.06,3367.04,3367.13,306.0
2025-07-24 12:05:00,3367.04,3368.49,3366.79,3367.89,258.0
2025-07-24 12:10:00,3367.88,3368.04,3366.1,3366.32,238.0
2025-07-24 12:15:00,3366.29,3366.49,3364.2,3364.53,285.0
2025-07-24 12:20:00,3364.48,3365.24,3363.39,3363.85,294.0
2025-07-24 12:25:00,3363.81,3364.61,3362.53,3363.07,301.0
2025-07-24 12:30:00,3363.01,3364.18,3362.08,3364.11,306.0
2025-07-24 12:35:00,3364.12,3365.09,3363.25,3364.05,330.0
2025-07-24 12:40:00,3364.06,3364.79,3362.56,3363.06,304.0
2025-07-24 12:45:00,3363.09,3364.24,3362.9,3363.86,218.0
2025-07-24 12:50:00,3363.6,3363.6,3362.12,3362.58,291.0
2025-07-24 12:55:00,3362.52,3363.65,3362.03,3363.65,215.0
2025-07-24 13:00:00,3363.63,3364.41,3363.08,3363.97,254.0
2025-07-24 13:05:00,3363.87,3363.96,3362.44,3362.65,189.0
2025-07-24 13:10:00,3362.72,3362.78,3362.2,3362.72,176.0
2025-07-24 13:15:00,3362.6,3363.67,3362.14,3363.28,206.0
2025-07-24 13:20:00,3363.34,3364.61,3362.28,3364.32,229.0
2025-07-24 13:25:00,3364.3,3365.46,3364.17,3364.48,231.0
2025-07-24 13:30:00,3364.5,3364.63,3362.69,3363.44,242.0
2025-07-24 13:35:00,3363.43,3363.96,3362.79,3362.98,206.0
2025-07-24 13:40:00,3363.0,3365.11,3362.71,3364.88,263.0
2025-07-24 13:45:00,3364.97,3367.25,3364.48,3366.62,260.0
2025-07-24 13:50:00,3366.58,3366.77,3363.88,3364.35,269.0
2025-07-24 13:55:00,3364.18,3364.69,3363.11,3364.3,192.0
2025-07-24 14:00:00,3364.34,3366.47,3363.99,3365.51,242.0
2025-07-24 14:05:00,3365.57,3366.14,3364.67,3364.78,182.0
2025-07-24 14:10:00,3364.76,3365.95,3363.75,3365.42,283.0
2025-07-24 14:15:00,3365.43,3365.79,3364.77,3364.79,210.0
2025-07-24 14:20:00,3364.68,3365.38,3363.5,3363.5,251.0
2025-07-24 14:25:00,3363.51,3363.63,3362.54,3363.26,271.0
2025-07-24 14:30:00,3363.05,3363.51,3361.25,3363.51,341.0
2025-07-24 14:35:00,3363.83,3365.98,3363.83,3364.8,277.0
2025-07-24 14:40:00,3364.77,3364.8,3362.13,3362.22,259.0
2025-07-24 14:45:00,3362.45,3363.7,3361.82,3363.26,232.0
2025-07-24 14:50:00,3363.14,3363.45,3361.74,3362.34,236.0
2025-07-24 14:55:00,3362.35,3364.25,3362.04,3362.26,304.0
2025-07-24 15:00:00,3362.16,3362.16,3358.29,3362.06,446.0
2025-07-24 15:05:00,3362.05,3363.91,3361.68,3363.43,328.0
2025-07-24 15:10:00,3363.44,3363.99,3361.64,3361.8,274.0
2025-07-24 15:15:00,3361.76,3363.02,3361.31,3362.89,299.0
2025-07-24 15:20:00,3362.58,3363.34,3361.23,3362.28,346.0
2025-07-24 15:25:00,3362.19,3364.71,3361.76,3361.93,319.0
2025-07-24 15:30:00,3362.02,3363.22,3359.76,3362.85,444.0
2025-07-24 15:35:00,3362.86,3365.51,3361.32,3361.8,368.0
2025-07-24 15:40:00,3361.79,3361.81,3358.09,3360.83,430.0
2025-07-24 15:45:00,3360.99,3361.43,3354.09,3354.3,472.0
2025-07-24 15:50:00,3354.35,3355.77,3352.83,3354.71,532.0
2025-07-24 15:55:00,3354.5,3355.58,3352.66,3353.39,447.0
2025-07-24 16:00:00,3353.21,3355.75,3351.39,3355.66,501.0
2025-07-24 16:05:00,3355.74,3359.38,3354.77,3358.45,474.0
2025-07-24 16:10:00,3358.64,3359.03,3357.08,3358.01,406.0
2025-07-24 16:15:00,3358.17,3358.98,3355.79,3355.85,393.0
2025-07-24 16:20:00,3355.61,3357.86,3355.23,3357.23,366.0
2025-07-24 16:25:00,3357.28,3360.28,3356.92,3359.33,384.0
2025-07-24 16:30:00,3359.13,3360.65,3356.6,3359.57,515.0
2025-07-24 16:35:00,3359.67,3363.99,3358.32,3363.52,504.0
2025-07-24 16:40:00,3363.84,3367.94,3363.0,3366.84,530.0
2025-07-24 16:45:00,3365.12,3372.1,3365.12,3371.73,539.0
2025-07-24 16:50:00,3371.62,3371.66,3368.17,3368.8,526.0
2025-07-24 16:55:00,3368.63,3370.24,3365.26,3366.66,472.0
2025-07-24 17:00:00,3366.7,3369.65,3366.09,3366.96,481.0
2025-07-24 17:05:00,3367.04,3369.16,3365.72,3368.03,455.0
2025-07-24 17:10:00,3368.13,3371.6,3368.13,3370.76,443.0
2025-07-24 17:15:00,3370.75,3374.37,3369.56,3373.82,447.0
2025-07-24 17:20:00,3374.11,3374.36,3371.9,3372.33,410.0
2025-07-24 17:25:00,3372.4,3373.4,3371.76,3373.07,362.0
2025-07-24 17:30:00,3373.46,3375.81,3373.45,3374.49,387.0
2025-07-24 17:35:00,3374.45,3376.88,3374.07,3376.88,374.0
2025-07-24 17:40:00,3376.84,3377.39,3375.16,3376.28,323.0
2025-07-24 17:45:00,3376.29,3376.29,3374.32,3375.4,450.0
2025-07-24 17:50:00,3375.28,3376.15,3373.72,3375.41,428.0
2025-07-24 17:55:00,3374.92,3375.33,3372.36,3373.75,455.0
2025-07-24 18:00:00,3373.59,3374.02,3371.45,3372.57,470.0
2025-07-24 18:05:00,3372.62,3374.54,3372.16,3372.72,426.0
2025-07-24 18:10:00,3372.7,3373.39,3370.83,3370.83,368.0
2025-07-24 18:15:00,3370.84,3372.5,3370.33,3372.36,367.0
2025-07-24 18:20:00,3372.27,3374.41,3370.47,3374.09,412.0
2025-07-24 18:25:00,3374.01,3375.0,3373.59,3374.48,406.0
2025-07-24 18:30:00,3374.73,3375.18,3373.37,3373.68,354.0
2025-07-24 18:35:00,3373.55,3374.71,3373.09,3373.47,328.0
2025-07-24 18:40:00,3373.45,3374.72,3373.04,3373.43,284.0
2025-07-24 18:45:00,3373.4,3373.99,3372.21,3372.31,399.0
2025-07-24 18:50:00,3372.26,3372.53,3371.07,3372.05,324.0
2025-07-24 18:55:00,3372.09,3373.22,3372.09,3372.5,332.0
2025-07-24 19:00:00,3372.48,3373.69,3372.14,3373.26,310.0
2025-07-24 19:05:00,3373.17,3373.3,3371.21,3371.35,271.0
2025-07-24 19:10:00,3371.31,3371.37,3369.92,3371.29,292.0
2025-07-24 19:15:00,3371.29,3371.79,3370.73,3371.16,260.0
2025-07-24 19:20:00,3371.21,3372.89,3371.15,3372.35,261.0
2025-07-24 19:25:00,3372.31,3372.31,3369.69,3369.98,313.0
2025-07-24 19:30:00,3369.99,3370.11,3368.04,3369.78,328.0
2025-07-24 19:35:00,3369.82,3370.83,3369.37,3370.83,266.0
2025-07-24 19:40:00,3370.79,3371.43,3370.29,3370.6,223.0
2025-07-24 19:45:00,3370.58,3370.69,3368.37,3368.41,268.0
2025-07-24 19:50:00,3368.28,3368.76,3367.37,3367.85,256.0
2025-07-24 19:55:00,3367.89,3368.17,3366.99,3366.99,214.0
2025-07-24 20:00:00,3366.95,3367.16,3366.41,3366.84,300.0
2025-07-24 20:05:00,3366.76,3368.47,3366.23,3368.31,283.0
2025-07-24 20:10:00,3368.31,3369.85,3367.69,3369.06,272.0
2025-07-24 20:15:00,3369.16,3369.76,3368.07,3368.13,209.0
2025-07-24 20:20:00,3368.12,3369.35,3367.9,3369.07,225.0
2025-07-24 20:25:00,3368.96,3371.77,3368.91,3371.77,340.0
2025-07-24 20:30:00,3371.52,3371.62,3370.64,3371.28,333.0
2025-07-24 20:35:00,3371.28,3371.42,3370.39,3371.22,240.0
2025-07-24 20:40:00,3371.21,3371.23,3370.54,3370.87,203.0
2025-07-24 20:45:00,3370.84,3371.45,3369.84,3369.91,184.0
2025-07-24 20:50:00,3369.84,3369.84,3368.64,3369.22,219.0
2025-07-24 20:55:00,3369.22,3370.05,3369.1,3370.03,226.0
2025-07-24 21:00:00,3370.04,3370.23,3368.51,3368.69,270.0
2025-07-24 21:05:00,3368.64,3368.64,3367.65,3367.98,230.0
2025-07-24 21:10:00,3367.93,3368.19,3367.41,3367.98,213.0
2025-07-24 21:15:00,3367.88,3368.81,3367.6,3367.93,234.0
2025-07-24 21:20:00,3368.06,3369.36,3367.93,3369.21,223.0
2025-07-24 21:25:00,3369.2,3369.46,3368.91,3369.37,225.0
2025-07-24 21:30:00,3369.35,3372.19,3369.35,3371.78,243.0
2025-07-24 21:35:00,3371.79,3373.04,3371.79,3372.87,227.0
2025-07-24 21:40:00,3372.86,3373.34,3372.45,3372.52,215.0
2025-07-24 21:45:00,3372.6,3373.31,3372.47,3372.93,247.0
2025-07-24 21:50:00,3372.95,3373.02,3371.46,3371.46,235.0
2025-07-24 21:55:00,3371.48,3372.18,3371.25,3372.02,245.0
2025-07-24 22:00:00,3371.91,3372.32,3371.88,3372.24,221.0
2025-07-24 22:05:00,3372.29,3372.73,3371.85,3372.22,230.0
2025-07-24 22:10:00,3372.23,3372.41,3371.39,3371.72,216.0
2025-07-24 22:15:00,3371.71,3372.33,3371.69,3371.86,216.0
2025-07-24 22:20:00,3371.86,3372.74,3371.86,3372.65,176.0
2025-07-24 22:25:00,3372.64,3373.05,3372.08,3372.17,254.0
2025-07-24 22:30:00,3372.33,3372.6,3371.51,3371.79,216.0
2025-07-24 22:35:00,3371.79,3372.42,3371.6,3372.25,240.0
2025-07-24 22:40:00,3372.27,3372.28,3371.52,3371.59,188.0
2025-07-24 22:45:00,3371.6,3372.31,3371.58,3372.1,182.0
2025-07-24 22:50:00,3372.14,3372.26,3371.42,3371.52,214.0
2025-07-24 22:55:00,3371.5,3371.52,3370.05,3370.47,307.0
2025-07-24 23:00:00,3370.52,3370.65,3369.73,3369.99,153.0
2025-07-24 23:05:00,3370.0,3371.22,3369.78,3370.17,132.0
2025-07-24 23:10:00,3370.05,3370.43,3369.49,3369.7,123.0
2025-07-24 23:15:00,3369.84,3369.95,3369.45,3369.82,107.0
2025-07-24 23:20:00,3369.71,3369.93,3369.11,3369.17,130.0
2025-07-24 23:25:00,3369.28,3370.08,3368.93,3369.71,169.0
2025-07-24 23:30:00,3369.82,3370.1,3369.18,3369.44,122.0
2025-07-24 23:35:00,3369.38,3369.79,3368.7,3369.42,166.0
2025-07-24 23:40:00,3369.45,3369.74,3368.24,3368.39,156.0
2025-07-24 23:45:00,3368.4,3368.66,3367.33,3367.35,164.0
2025-07-24 23:50:00,3367.35,3367.88,3367.28,3367.5,153.0
2025-07-25 01:05:00,3369.25,3369.61,3367.15,3367.15,112.0
2025-07-25 01:10:00,3367.46,3367.73,3366.98,3367.13,113.0
2025-07-25 01:15:00,3367.14,3367.34,3366.11,3366.69,156.0
2025-07-25 01:20:00,3366.7,3367.6,3366.67,3367.23,137.0
2025-07-25 01:25:00,3367.29,3367.36,3365.3,3366.46,288.0
2025-07-25 01:30:00,3366.59,3366.73,3365.9,3366.21,189.0
2025-07-25 01:35:00,3366.2,3366.97,3365.82,3366.46,164.0
2025-07-25 01:40:00,3366.48,3367.2,3366.4,3366.7,173.0
2025-07-25 01:45:00,3366.77,3367.51,3366.7,3367.18,166.0
2025-07-25 01:50:00,3367.2,3367.46,3366.79,3367.14,190.0
2025-07-25 01:55:00,3367.09,3369.2,3367.05,3368.87,196.0
2025-07-25 02:00:00,3368.81,3370.43,3368.39,3368.39,199.0
2025-07-25 02:05:00,3368.62,3371.0,3368.32,3370.41,210.0
2025-07-25 02:10:00,3370.43,3371.38,3370.43,3370.68,187.0
2025-07-25 02:15:00,3370.65,3370.7,3370.04,3370.44,147.0
2025-07-25 02:20:00,3370.42,3370.45,3369.93,3370.02,162.0
2025-07-25 02:25:00,3370.02,3370.02,3367.77,3368.09,199.0
2025-07-25 02:30:00,3368.1,3369.03,3366.89,3368.9,187.0
2025-07-25 02:35:00,3368.74,3369.58,3368.53,3369.54,121.0
2025-07-25 02:40:00,3369.55,3370.17,3369.47,3369.47,121.0
2025-07-25 02:45:00,3369.49,3369.71,3368.37,3368.53,149.0
2025-07-25 02:50:00,3368.58,3369.47,3368.58,3369.25,128.0
2025-07-25 02:55:00,3369.25,3369.95,3369.23,3369.44,149.0
2025-07-25 03:00:00,3369.49,3370.37,3368.42,3369.0,213.0
2025-07-25 03:05:00,3369.04,3370.1,3368.66,3369.66,195.0
2025-07-25 03:10:00,3369.76,3370.71,3369.1,3370.43,208.0
2025-07-25 03:15:00,3370.43,3372.19,3370.15,3371.64,214.0
2025-07-25 03:20:00,3371.63,3372.21,3371.56,3371.99,159.0
2025-07-25 03:25:00,3371.98,3372.13,3371.61,3371.94,182.0
2025-07-25 03:30:00,3371.95,3372.08,3371.37,3371.87,180.0
2025-07-25 03:35:00,3371.9,3372.96,3371.62,3372.09,148.0
2025-07-25 03:40:00,3372.03,3372.75,3371.08,3372.04,163.0
2025-07-25 03:45:00,3372.06,3373.55,3371.46,3371.79,271.0
2025-07-25 03:50:00,3371.79,3372.34,3370.99,3371.86,257.0
2025-07-25 03:55:00,3372.0,3372.25,3371.7,3372.25,171.0
2025-07-25 04:00:00,3372.3,3372.71,3370.91,3371.74,318.0
2025-07-25 04:05:00,3371.78,3372.61,3369.11,3369.37,268.0
2025-07-25 04:10:00,3369.34,3371.38,3369.04,3370.0,285.0
2025-07-25 04:15:00,3369.96,3370.48,3368.0,3368.0,262.0
2025-07-25 04:20:00,3368.13,3368.33,3367.05,3367.36,297.0
2025-07-25 04:25:00,3367.51,3367.88,3365.62,3367.76,283.0
2025-07-25 04:30:00,3367.76,3368.27,3367.19,3367.8,265.0
2025-07-25 04:35:00,3367.8,3368.22,3366.67,3367.35,277.0
2025-07-25 04:40:00,3367.33,3368.66,3366.92,3368.59,234.0
2025-07-25 04:45:00,3368.48,3369.81,3368.39,3369.79,303.0
2025-07-25 04:50:00,3369.79,3370.71,3369.6,3370.66,274.0
2025-07-25 04:55:00,3370.66,3371.52,3370.26,3370.35,296.0
2025-07-25 05:00:00,3370.38,3370.54,3367.87,3368.97,304.0
2025-07-25 05:05:00,3368.91,3368.92,3367.13,3367.45,230.0
2025-07-25 05:10:00,3367.41,3367.63,3365.65,3366.13,264.0
2025-07-25 05:15:00,3366.17,3366.57,3364.76,3365.54,236.0
2025-07-25 05:20:00,3365.55,3365.6,3363.57,3365.1,242.0
2025-07-25 05:25:00,3365.11,3366.3,3365.02,3366.3,218.0
2025-07-25 05:30:00,3366.25,3366.71,3363.68,3363.91,239.0
2025-07-25 05:35:00,3363.93,3365.11,3363.56,3363.89,250.0
2025-07-25 05:40:00,3363.85,3364.29,3363.54,3363.75,195.0
2025-07-25 05:45:00,3363.76,3364.47,3363.19,3363.58,229.0
2025-07-25 05:50:00,3363.56,3364.3,3363.18,3363.89,232.0
2025-07-25 05:55:00,3364.05,3364.31,3362.51,3363.21,230.0
2025-07-25 06:00:00,3362.99,3363.46,3361.31,3362.83,291.0
2025-07-25 06:05:00,3362.82,3362.83,3361.01,3361.9,247.0
2025-07-25 06:10:00,3361.89,3362.66,3361.16,3361.2,230.0
2025-07-25 06:15:00,3361.22,3363.13,3361.22,3363.05,219.0
2025-07-25 06:20:00,3362.99,3363.03,3361.55,3361.84,199.0
2025-07-25 06:25:00,3361.82,3361.98,3360.99,3361.38,211.0
2025-07-25 06:30:00,3361.36,3361.82,3361.13,3361.19,163.0
2025-07-25 06:35:00,3361.15,3361.51,3360.11,3360.44,183.0
2025-07-25 06:40:00,3360.55,3361.01,3360.18,3360.69,186.0
2025-07-25 06:45:00,3360.67,3361.63,3360.5,3361.48,176.0
2025-07-25 06:50:00,3361.49,3361.5,3360.7,3360.87,129.0
2025-07-25 06:55:00,3360.85,3361.28,3358.85,3359.11,218.0
2025-07-25 07:00:00,3359.01,3362.15,3359.01,3362.08,283.0
2025-07-25 07:05:00,3362.04,3363.32,3362.03,3363.05,234.0
2025-07-25 07:10:00,3363.15,3363.48,3362.11,3362.58,176.0
2025-07-25 07:15:00,3362.58,3362.61,3361.24,3361.49,174.0
2025-07-25 07:20:00,3361.48,3361.8,3361.16,3361.35,138.0
2025-07-25 07:25:00,3361.33,3361.68,3360.29,3360.87,156.0
2025-07-25 07:30:00,3360.88,3362.26,3359.86,3361.4,200.0
2025-07-25 07:35:00,3361.35,3361.64,3359.77,3360.11,173.0
2025-07-25 07:40:00,3360.08,3360.13,3357.81,3358.44,242.0
2025-07-25 07:45:00,3358.44,3360.58,3358.44,3360.51,192.0
2025-07-25 07:50:00,3360.52,3361.04,3359.43,3360.69,224.0
2025-07-25 07:55:00,3360.73,3362.15,3360.68,3361.01,208.0
2025-07-25 08:00:00,3361.02,3361.78,3360.85,3361.7,165.0
2025-07-25 08:05:00,3361.73,3362.37,3360.66,3360.67,160.0
2025-07-25 08:10:00,3360.66,3360.98,3359.85,3360.0,193.0
2025-07-25 08:15:00,3359.93,3360.93,3359.58,3359.94,180.0
2025-07-25 08:20:00,3360.0,3360.0,3359.0,3359.07,171.0
2025-07-25 08:25:00,3359.09,3359.54,3358.47,3358.8,187.0
2025-07-25 08:30:00,3358.94,3359.22,3358.14,3358.26,242.0
2025-07-25 08:35:00,3358.22,3359.25,3356.82,3358.52,250.0
2025-07-25 08:40:00,3358.45,3358.92,3356.3,3356.6,294.0
2025-07-25 08:45:00,3356.57,3357.27,3355.98,3356.61,267.0
2025-07-25 08:50:00,3356.6,3356.78,3355.27,3356.23,240.0
2025-07-25 08:55:00,3356.24,3358.71,3356.2,3358.71,325.0
2025-07-25 09:00:00,3358.57,3359.53,3357.05,3359.48,304.0
2025-07-25 09:05:00,3359.49,3359.69,3356.07,3356.07,285.0
2025-07-25 09:10:00,3355.98,3357.18,3355.11,3356.95,287.0
2025-07-25 09:15:00,3356.94,3358.18,3356.8,3357.62,251.0
2025-07-25 09:20:00,3357.6,3357.67,3355.83,3356.23,250.0
2025-07-25 09:25:00,3355.99,3356.57,3355.06,3356.04,253.0
2025-07-25 09:30:00,3355.89,3356.7,3355.57,3355.88,208.0
2025-07-25 09:35:00,3355.85,3357.01,3354.86,3356.81,266.0
2025-07-25 09:40:00,3356.99,3358.83,3355.53,3358.8,276.0
2025-07-25 09:45:00,3358.79,3358.79,3356.52,3357.8,229.0
2025-07-25 09:50:00,3357.84,3358.35,3357.05,3358.32,214.0
2025-07-25 09:55:00,3358.22,3359.48,3358.06,3359.46,238.0
2025-07-25 10:00:00,3359.24,3359.31,3357.13,3358.04,245.0
2025-07-25 10:05:00,3358.13,3359.22,3356.76,3357.28,233.0
2025-07-25 10:10:00,3357.27,3357.79,3356.87,3357.48,197.0
2025-07-25 10:15:00,3357.76,3360.16,3357.62,3358.83,273.0
2025-07-25 10:20:00,3359.08,3360.16,3358.05,3359.77,229.0
2025-07-25 10:25:00,3359.77,3359.77,3358.44,3358.85,187.0
2025-07-25 10:30:00,3358.79,3358.94,3356.83,3356.83,163.0
2025-07-25 10:35:00,3356.83,3356.87,3353.66,3353.87,236.0
2025-07-25 10:40:00,3353.81,3354.42,3352.71,3353.41,272.0
2025-07-25 10:45:00,3353.57,3355.43,3353.29,3354.46,217.0
2025-07-25 10:50:00,3354.55,3354.55,3353.34,3353.69,192.0
2025-07-25 10:55:00,3353.85,3354.48,3353.38,3354.05,170.0
2025-07-25 11:00:00,3354.02,3355.3,3353.55,3354.21,196.0
2025-07-25 11:05:00,3354.15,3354.78,3353.42,3353.45,181.0
2025-07-25 11:10:00,3353.44,3354.58,3353.28,3353.96,187.0
2025-07-25 11:15:00,3353.95,3354.13,3350.04,3350.31,250.0
2025-07-25 11:20:00,3350.24,3351.04,3350.05,3350.05,264.0
2025-07-25 11:25:00,3349.99,3350.54,3345.55,3345.59,275.0
2025-07-25 11:30:00,3345.62,3348.15,3344.55,3347.58,345.0
2025-07-25 11:35:00,3347.64,3348.97,3346.69,3348.72,258.0
2025-07-25 11:40:00,3348.75,3349.18,3347.62,3347.71,192.0
2025-07-25 11:45:00,3347.89,3348.72,3347.62,3347.67,198.0
2025-07-25 11:50:00,3347.56,3348.09,3345.5,3346.03,250.0
2025-07-25 11:55:00,3346.04,3346.09,3344.9,3345.51,205.0
2025-07-25 12:00:00,3345.48,3346.27,3344.75,3345.69,218.0
2025-07-25 12:05:00,3345.7,3346.53,3344.16,3344.25,246.0
2025-07-25 12:10:00,3344.22,3345.21,3343.14,3344.73,249.0
2025-07-25 12:15:00,3344.71,3347.35,3344.68,3346.82,215.0
2025-07-25 12:20:00,3346.82,3348.29,3346.72,3348.25,207.0
2025-07-25 12:25:00,3348.24,3348.54,3347.06,3347.28,196.0
2025-07-25 12:30:00,3347.34,3348.67,3346.48,3347.98,225.0
2025-07-25 12:35:00,3347.96,3348.92,3347.39,3347.91,144.0
2025-07-25 12:40:00,3347.92,3348.0,3346.91,3347.19,164.0
2025-07-25 12:45:00,3347.17,3347.87,3346.87,3347.0,139.0
2025-07-25 12:50:00,3346.88,3347.46,3345.89,3346.23,170.0
2025-07-25 12:55:00,3346.39,3346.82,3345.48,3345.85,189.0
2025-07-25 13:00:00,3345.84,3348.04,3345.76,3347.57,185.0
2025-07-25 13:05:00,3347.54,3347.62,3345.5,3345.82,180.0
2025-07-25 13:10:00,3345.72,3346.33,3345.19,3346.32,172.0
2025-07-25 13:15:00,3346.17,3346.59,3345.1,3345.59,180.0
2025-07-25 13:20:00,3345.58,3346.55,3345.17,3345.6,158.0
2025-07-25 13:25:00,3345.62,3346.0,3343.6,3343.85,215.0
2025-07-25 13:30:00,3343.8,3344.06,3342.46,3343.18,292.0
2025-07-25 13:35:00,3343.11,3345.61,3343.11,3345.44,196.0
2025-07-25 13:40:00,3345.45,3345.48,3343.81,3344.14,170.0
2025-07-25 13:45:00,3344.15,3344.22,3342.76,3343.55,206.0
2025-07-25 13:50:00,3343.56,3344.42,3343.01,3343.11,210.0
2025-07-25 13:55:00,3343.07,3343.08,3341.01,3342.79,224.0
2025-07-25 14:00:00,3343.13,3345.15,3343.06,3344.54,216.0
2025-07-25 14:05:00,3344.52,3344.63,3342.69,3344.0,211.0
2025-07-25 14:10:00,3343.93,3344.48,3342.23,3342.44,212.0
2025-07-25 14:15:00,3342.2,3342.61,3341.01,3341.83,213.0
2025-07-25 14:20:00,3341.89,3343.18,3340.99,3341.19,200.0
2025-07-25 14:25:00,3341.42,3341.59,3339.55,3339.81,210.0
2025-07-25 14:30:00,3339.83,3341.3,3338.84,3340.25,279.0
2025-07-25 14:35:00,3340.26,3340.58,3339.32,3340.05,193.0
2025-07-25 14:40:00,3340.04,3340.69,3338.67,3340.43,221.0
2025-07-25 14:45:00,3340.44,3343.05,3340.35,3343.05,267.0
2025-07-25 14:50:00,3343.08,3343.63,3341.12,3341.28,251.0
2025-07-25 14:55:00,3341.3,3341.55,3340.46,3341.07,221.0
2025-07-25 15:00:00,3341.02,3341.95,3339.89,3340.32,266.0
2025-07-25 15:05:00,3340.31,3342.71,3339.72,3342.45,214.0
2025-07-25 15:10:00,3342.49,3342.55,3340.26,3341.97,235.0
2025-07-25 15:15:00,3342.02,3344.09,3341.76,3343.3,277.0
2025-07-25 15:20:00,3343.31,3343.31,3340.44,3341.05,307.0
2025-07-25 15:25:00,3341.17,3341.97,3340.47,3341.21,235.0
2025-07-25 15:30:00,3341.0,3341.58,3338.4,3338.94,257.0
2025-07-25 15:35:00,3339.12,3339.99,3338.21,3338.37,267.0
2025-07-25 15:40:00,3338.21,3340.54,3336.28,3340.51,316.0
2025-07-25 15:45:00,3340.51,3341.72,3338.18,3338.29,305.0
2025-07-25 15:50:00,3338.28,3339.49,3337.26,3338.63,261.0
2025-07-25 15:55:00,3338.64,3341.22,3338.33,3340.79,267.0
2025-07-25 16:00:00,3340.82,3341.7,3338.22,3339.55,377.0
2025-07-25 16:05:00,3339.41,3342.43,3337.49,3341.02,400.0
2025-07-25 16:10:00,3340.82,3340.82,3337.8,3338.77,319.0
2025-07-25 16:15:00,3338.92,3340.07,3336.86,3338.84,331.0
2025-07-25 16:20:00,3338.98,3341.49,3336.81,3341.33,336.0
2025-07-25 16:25:00,3341.38,3343.33,3340.71,3341.93,319.0
2025-07-25 16:30:00,3342.11,3346.2,3342.11,3345.19,402.0
2025-07-25 16:35:00,3345.19,3347.49,3343.79,3343.97,431.0
2025-07-25 16:40:00,3343.94,3344.57,3339.47,3340.1,423.0
2025-07-25 16:45:00,3339.97,3344.63,3339.97,3343.62,373.0
2025-07-25 16:50:00,3343.66,3344.93,3342.48,3344.37,369.0
2025-07-25 16:55:00,3344.41,3345.54,3343.55,3343.97,380.0
2025-07-25 17:00:00,3344.17,3344.92,3341.94,3343.82,411.0
2025-07-25 17:05:00,3343.76,3344.62,3341.48,3342.15,375.0
2025-07-25 17:10:00,3342.15,3342.24,3339.92,3339.94,348.0
2025-07-25 17:15:00,3339.91,3340.2,3333.97,3336.24,411.0
2025-07-25 17:20:00,3336.3,3339.38,3335.22,3338.25,407.0
2025-07-25 17:25:00,3338.1,3339.16,3337.09,3337.97,345.0
2025-07-25 17:30:00,3337.98,3338.83,3336.63,3336.63,368.0
2025-07-25 17:35:00,3336.52,3337.32,3332.32,3332.85,409.0
2025-07-25 17:40:00,3332.9,3337.31,3332.9,3336.34,426.0
2025-07-25 17:45:00,3336.57,3336.57,3332.77,3332.94,384.0
2025-07-25 17:50:00,3332.67,3334.9,3330.52,3332.68,416.0
2025-07-25 17:55:00,3332.6,3334.14,3331.82,3331.87,440.0
2025-07-25 18:00:00,3331.58,3332.85,3328.14,3331.0,450.0
2025-07-25 18:05:00,3331.13,3333.37,3330.25,3333.35,413.0
2025-07-25 18:10:00,3333.39,3333.82,3331.1,3332.25,369.0
2025-07-25 18:15:00,3332.31,3335.91,3332.08,3333.67,404.0
2025-07-25 18:20:00,3333.65,3334.02,3331.98,3332.76,349.0
2025-07-25 18:25:00,3332.91,3333.43,3330.03,3330.27,396.0
2025-07-25 18:30:00,3330.29,3330.99,3328.56,3330.35,362.0
2025-07-25 18:35:00,3330.31,3332.31,3329.52,3330.07,336.0
2025-07-25 18:40:00,3330.13,3330.13,3325.08,3327.26,385.0
2025-07-25 18:45:00,3327.21,3329.68,3326.62,3328.43,391.0
2025-07-25 18:50:00,3328.38,3329.24,3327.45,3328.49,321.0
2025-07-25 18:55:00,3328.43,3329.34,3327.53,3327.82,249.0
2025-07-25 19:00:00,3327.87,3329.58,3326.64,3328.71,322.0
2025-07-25 19:05:00,3328.68,3328.68,3327.55,3328.53,274.0
2025-07-25 19:10:00,3328.48,3329.41,3327.78,3329.09,261.0
2025-07-25 19:15:00,3329.24,3331.1,3329.24,3330.53,296.0
2025-07-25 19:20:00,3330.52,3330.79,3329.31,3329.61,266.0
2025-07-25 19:25:00,3329.62,3330.64,3328.77,3328.77,266.0
2025-07-25 19:30:00,3328.84,3329.0,3326.62,3327.66,227.0
2025-07-25 19:35:00,3327.65,3327.89,3326.27,3327.8,235.0
2025-07-25 19:40:00,3327.75,3330.45,3327.63,3329.83,231.0
2025-07-25 19:45:00,3329.85,3331.39,3329.1,3329.93,240.0
2025-07-25 19:50:00,3329.92,3330.04,3328.33,3328.38,198.0
2025-07-25 19:55:00,3328.5,3330.24,3327.91,3329.68,221.0
2025-07-25 20:00:00,3329.82,3331.18,3329.62,3329.83,230.0
2025-07-25 20:05:00,3330.08,3332.78,3330.08,3332.63,241.0
2025-07-25 20:10:00,3332.69,3333.45,3332.58,3333.29,251.0
2025-07-25 20:15:00,3333.23,3333.72,3332.81,3333.06,234.0
2025-07-25 20:20:00,3333.04,3335.04,3332.99,3334.48,259.0
2025-07-25 20:25:00,3334.44,3335.13,3333.96,3334.2,235.0
2025-07-25 20:30:00,3334.63,3334.81,3333.5,3333.89,234.0
2025-07-25 20:35:00,3333.88,3334.7,3333.81,3334.57,215.0
2025-07-25 20:40:00,3334.57,3335.64,3333.91,3335.54,200.0
2025-07-25 20:45:00,3335.5,3336.74,3334.9,3335.22,239.0
2025-07-25 20:50:00,3335.32,3335.73,3335.05,3335.5,214.0
2025-07-25 20:55:00,3335.49,3336.22,3335.24,3335.92,179.0
2025-07-25 21:00:00,3335.93,3336.67,3335.84,3336.61,231.0
2025-07-25 21:05:00,3336.65,3338.44,3336.47,3337.94,209.0
2025-07-25 21:10:00,3337.97,3338.7,3337.54,3338.6,232.0
2025-07-25 21:15:00,3338.53,3339.26,3337.99,3338.19,212.0
2025-07-25 21:20:00,3338.19,3338.63,3337.63,3337.94,228.0
2025-07-25 21:25:00,3337.96,3338.51,3337.75,3338.33,209.0
2025-07-25 21:30:00,3338.41,3338.97,3338.07,3338.35,151.0
2025-07-25 21:35:00,3338.4,3338.71,3338.04,3338.05,103.0
2025-07-25 21:40:00,3338.05,3338.81,3338.01,3338.69,130.0
2025-07-25 21:45:00,3338.67,3338.97,3338.44,3338.67,145.0
2025-07-25 21:50:00,3338.66,3339.28,3338.55,3339.06,153.0
2025-07-25 21:55:00,3339.04,3339.33,3338.62,3338.73,174.0
2025-07-25 22:00:00,3338.74,3339.69,3338.68,3339.35,212.0
2025-07-25 22:05:00,3339.36,3339.52,3338.49,3339.2,217.0
2025-07-25 22:10:00,3339.18,3340.2,3338.94,3340.2,214.0
2025-07-25 22:15:00,3340.19,3340.21,3339.21,3339.51,183.0
2025-07-25 22:20:00,3339.66,3339.72,3339.25,3339.51,143.0
2025-07-25 22:25:00,3339.58,3339.97,3339.49,3339.62,166.0
2025-07-25 22:30:00,3339.63,3339.93,3339.14,3339.27,182.0
2025-07-25 22:35:00,3339.14,3339.98,3339.12,3339.34,194.0
2025-07-25 22:40:00,3339.37,3339.6,3338.66,3338.77,226.0
2025-07-25 22:45:00,3338.92,3338.92,3337.78,3338.29,266.0
2025-07-25 22:50:00,3338.3,3339.29,3337.3,3338.91,283.0
2025-07-25 22:55:00,3338.83,3338.97,3337.46,3337.74,304.0
2025-07-25 23:00:00,3337.78,3338.06,3336.83,3337.29,178.0
2025-07-25 23:05:00,3337.27,3338.32,3337.22,3337.88,135.0
2025-07-25 23:10:00,3337.97,3338.31,3336.98,3337.16,140.0
2025-07-25 23:15:00,3337.2,3337.84,3336.64,3337.6,151.0
2025-07-25 23:20:00,3337.7,3337.72,3336.88,3336.96,91.0
2025-07-25 23:25:00,3337.03,3337.33,3336.64,3337.33,115.0
2025-07-25 23:30:00,3337.35,3338.57,3337.11,3338.53,109.0
2025-07-25 23:35:00,3338.58,3339.15,3338.05,3338.8,145.0
2025-07-25 23:40:00,3338.79,3339.12,3337.84,3338.87,153.0
2025-07-25 23:45:00,3338.78,3338.85,3336.65,3336.76,169.0
2025-07-25 23:50:00,3336.81,3337.52,3336.19,3336.65,178.0
2025-07-28 01:05:00,3331.05,3335.43,3330.33,3334.6,373.0
2025-07-28 01:10:00,3334.53,3334.63,3331.87,3332.93,278.0
2025-07-28 01:15:00,3332.91,3333.75,3331.64,3332.38,231.0
2025-07-28 01:20:00,3332.79,3333.2,3331.75,3332.21,180.0
2025-07-28 01:25:00,3332.15,3332.77,3330.22,3330.65,210.0
2025-07-28 01:30:00,3330.65,3332.49,3330.65,3331.36,229.0
2025-07-28 01:35:00,3331.37,3331.75,3329.71,3330.96,199.0
2025-07-28 01:40:00,3330.96,3331.09,3328.0,3328.52,262.0
2025-07-28 01:45:00,3328.52,3329.41,3327.31,3328.43,225.0
2025-07-28 01:50:00,3328.44,3328.44,3323.89,3324.89,269.0
2025-07-28 01:55:00,3324.88,3330.43,3324.87,3329.65,293.0
2025-07-28 02:00:00,3329.6,3335.13,3329.46,3334.77,321.0
2025-07-28 02:05:00,3334.71,3337.33,3334.67,3336.66,288.0
2025-07-28 02:10:00,3336.65,3337.03,3335.17,3335.29,205.0
2025-07-28 02:15:00,3335.29,3337.31,3335.25,3336.44,210.0
2025-07-28 02:20:00,3336.4,3337.28,3335.14,3335.76,194.0
2025-07-28 02:25:00,3335.81,3336.34,3333.35,3333.62,238.0
2025-07-28 02:30:00,3333.58,3333.77,3330.92,3330.92,251.0
2025-07-28 02:35:00,3330.51,3331.82,3329.97,3331.78,227.0
2025-07-28 02:40:00,3331.77,3333.34,3330.9,3332.84,167.0
2025-07-28 02:45:00,3332.82,3332.91,3330.02,3332.48,244.0
2025-07-28 02:50:00,3332.48,3333.49,3331.81,3333.31,206.0
2025-07-28 02:55:00,3333.3,3333.74,3332.83,3333.67,190.0
2025-07-28 03:00:00,3333.69,3336.03,3333.65,3334.84,282.0
2025-07-28 03:05:00,3334.79,3335.76,3334.06,3334.53,230.0
2025-07-28 03:10:00,3334.58,3334.58,3333.29,3333.68,184.0
2025-07-28 03:15:00,3333.96,3334.92,3332.85,3332.89,226.0
2025-07-28 03:20:00,3332.74,3333.87,3332.0,3332.49,242.0
2025-07-28 03:25:00,3332.46,3332.86,3331.35,3332.52,196.0
2025-07-28 03:30:00,3332.76,3334.27,3331.14,3331.72,263.0
2025-07-28 03:35:00,3331.7,3332.37,3330.28,3331.46,240.0
2025-07-28 03:40:00,3331.67,3332.02,3329.17,3329.49,277.0
2025-07-28 03:45:00,3329.52,3332.54,3327.64,3332.12,325.0
2025-07-28 03:50:00,3332.12,3332.96,3331.34,3331.89,292.0
2025-07-28 03:55:00,3331.75,3333.64,3331.52,3333.38,239.0
2025-07-28 04:00:00,3333.11,3336.86,3329.98,3336.26,393.0
2025-07-28 04:05:00,3335.98,3338.78,3335.94,3336.42,347.0
2025-07-28 04:10:00,3336.48,3338.26,3335.02,3335.02,325.0
2025-07-28 04:15:00,3335.14,3337.31,3334.08,3337.31,320.0
2025-07-28 04:20:00,3337.34,3338.34,3335.7,3337.72,320.0
2025-07-28 04:25:00,3337.85,3337.85,3335.1,3335.8,292.0
2025-07-28 04:30:00,3335.44,3336.98,3335.0,3335.91,297.0
2025-07-28 04:35:00,3335.8,3337.26,3335.1,3335.77,287.0
2025-07-28 04:40:00,3335.8,3338.74,3335.4,3337.58,324.0
2025-07-28 04:45:00,3337.64,3337.64,3335.44,3335.64,317.0
2025-07-28 04:50:00,3335.68,3336.43,3333.7,3333.86,299.0
2025-07-28 04:55:00,3333.87,3334.03,3331.3,3331.95,331.0
2025-07-28 05:00:00,3331.93,3332.41,3330.58,3331.24,285.0
2025-07-28 05:05:00,3331.22,3333.64,3331.06,3332.68,298.0
2025-07-28 05:10:00,3332.67,3332.99,3331.82,3332.99,253.0
2025-07-28 05:15:00,3332.91,3333.69,3332.14,3333.06,217.0
2025-07-28 05:20:00,3333.15,3333.77,3332.99,3333.35,188.0
2025-07-28 05:25:00,3333.38,3335.58,3332.67,3335.48,212.0
2025-07-28 05:30:00,3335.5,3336.44,3334.92,3335.12,306.0
2025-07-28 05:35:00,3335.12,3335.7,3332.5,3332.59,320.0
2025-07-28 05:40:00,3332.61,3333.0,3331.62,3332.65,248.0
2025-07-28 05:45:00,3332.56,3333.35,3332.2,3333.35,214.0
2025-07-28 05:50:00,3333.32,3335.2,3333.24,3335.04,199.0
2025-07-28 05:55:00,3335.05,3335.79,3334.49,3335.63,234.0
2025-07-28 06:00:00,3335.53,3336.44,3334.3,3336.2,241.0
2025-07-28 06:05:00,3336.24,3337.6,3336.07,3337.02,219.0
2025-07-28 06:10:00,3337.01,3338.41,3336.81,3338.06,243.0
2025-07-28 06:15:00,3338.05,3338.94,3337.92,3338.62,235.0
2025-07-28 06:20:00,3338.61,3338.79,3336.34,3337.27,289.0
2025-07-28 06:25:00,3337.29,3337.29,3336.32,3336.9,243.0
2025-07-28 06:30:00,3336.88,3338.18,3336.66,3337.94,214.0
2025-07-28 06:35:00,3337.91,3339.04,3337.82,3338.68,182.0
2025-07-28 06:40:00,3338.63,3339.08,3338.17,3338.95,146.0
2025-07-28 06:45:00,3339.08,3339.96,3338.99,3339.51,195.0
2025-07-28 06:50:00,3339.5,3340.69,3339.19,3340.64,221.0
2025-07-28 06:55:00,3340.71,3343.21,3340.36,3343.21,246.0
2025-07-28 07:00:00,3343.16,3343.98,3341.47,3341.69,286.0
2025-07-28 07:05:00,3341.68,3342.27,3340.81,3342.23,212.0
2025-07-28 07:10:00,3342.23,3342.36,3340.68,3342.21,196.0
2025-07-28 07:15:00,3342.2,3343.62,3342.08,3342.74,229.0
2025-07-28 07:20:00,3342.73,3342.83,3340.5,3340.93,225.0
2025-07-28 07:25:00,3340.93,3341.0,3339.82,3340.49,237.0
2025-07-28 07:30:00,3340.5,3341.47,3340.49,3341.34,194.0
2025-07-28 07:35:00,3341.35,3341.52,3340.33,3340.6,178.0
2025-07-28 07:40:00,3340.55,3340.56,3339.78,3340.14,181.0
2025-07-28 07:45:00,3340.31,3341.19,3340.09,3340.73,141.0
2025-07-28 07:50:00,3340.71,3341.58,3340.3,3340.89,184.0
2025-07-28 07:55:00,3340.93,3341.03,3339.45,3339.65,156.0
2025-07-28 08:00:00,3339.62,3340.49,3339.43,3339.68,201.0
2025-07-28 08:05:00,3339.7,3340.02,3338.64,3339.66,237.0
2025-07-28 08:10:00,3339.68,3339.88,3338.84,3338.91,204.0
2025-07-28 08:15:00,3338.91,3339.24,3338.27,3338.48,215.0
2025-07-28 08:20:00,3338.48,3339.37,3338.48,3339.36,155.0
2025-07-28 08:25:00,3339.37,3339.37,3338.09,3338.64,206.0
2025-07-28 08:30:00,3338.66,3341.42,3338.66,3339.82,323.0
2025-07-28 08:35:00,3339.77,3340.08,3338.96,3339.29,279.0
2025-07-28 08:40:00,3339.43,3340.46,3338.13,3339.31,297.0
2025-07-28 08:45:00,3339.29,3342.75,3339.28,3342.72,317.0
2025-07-28 08:50:00,3342.68,3344.18,3342.41,3343.45,284.0
2025-07-28 08:55:00,3343.44,3343.96,3342.33,3343.39,236.0
2025-07-28 09:00:00,3343.2,3345.2,3341.38,3341.44,380.0
2025-07-28 09:05:00,3341.44,3343.69,3341.12,3342.66,320.0
2025-07-28 09:10:00,3342.66,3343.37,3341.46,3342.11,324.0
2025-07-28 09:15:00,3341.99,3342.49,3340.85,3341.47,254.0
2025-07-28 09:20:00,3341.44,3341.64,3339.64,3340.35,259.0
2025-07-28 09:25:00,3340.36,3340.93,3338.81,3339.41,293.0
2025-07-28 09:30:00,3339.46,3339.46,3337.14,3337.44,290.0
2025-07-28 09:35:00,3337.46,3337.84,3335.85,3337.76,296.0
2025-07-28 09:40:00,3337.78,3339.23,3337.39,3338.64,272.0
2025-07-28 09:45:00,3338.62,3339.02,3337.35,3338.83,205.0
2025-07-28 09:50:00,3338.84,3339.21,3337.48,3338.89,271.0
2025-07-28 09:55:00,3338.89,3340.95,3338.88,3340.25,318.0
2025-07-28 10:00:00,3340.21,3341.58,3339.3,3340.36,280.0
2025-07-28 10:05:00,3340.43,3341.5,3339.46,3340.0,264.0
2025-07-28 10:10:00,3339.73,3340.61,3338.73,3340.02,241.0
2025-07-28 10:15:00,3339.95,3341.42,3339.81,3340.74,212.0
2025-07-28 10:20:00,3340.82,3341.81,3338.95,3341.68,225.0
2025-07-28 10:25:00,3341.67,3341.85,3339.54,3340.07,245.0
2025-07-28 10:30:00,3340.08,3340.08,3337.51,3337.83,292.0
2025-07-28 10:35:00,3337.8,3338.79,3335.13,3335.7,281.0
2025-07-28 10:40:00,3335.72,3338.72,3335.04,3337.81,280.0
2025-07-28 10:45:00,3337.9,3338.19,3335.86,3336.62,260.0
2025-07-28 10:50:00,3336.32,3336.58,3334.75,3335.57,259.0
2025-07-28 10:55:00,3335.59,3336.73,3334.04,3334.97,292.0
2025-07-28 11:00:00,3334.99,3336.58,3334.75,3335.92,258.0
2025-07-28 11:05:00,3335.98,3338.56,3335.78,3338.56,225.0
2025-07-28 11:10:00,3338.56,3338.83,3337.06,3337.45,217.0
2025-07-28 11:15:00,3337.48,3337.9,3336.31,3337.38,230.0
2025-07-28 11:20:00,3337.52,3338.37,3337.14,3337.87,196.0
2025-07-28 11:25:00,3337.9,3338.4,3336.39,3336.58,208.0
2025-07-28 11:30:00,3336.56,3337.49,3335.73,3336.68,195.0
2025-07-28 11:35:00,3336.68,3336.68,3335.32,3335.79,230.0
2025-07-28 11:40:00,3335.81,3335.81,3332.39,3333.84,336.0
2025-07-28 11:45:00,3333.93,3333.93,3332.38,3333.43,230.0
2025-07-28 11:50:00,3333.38,3335.37,3333.38,3335.16,222.0
2025-07-28 11:55:00,3335.17,3335.99,3334.49,3335.98,200.0
2025-07-28 12:00:00,3335.99,3337.49,3335.98,3336.74,252.0
2025-07-28 12:05:00,3336.94,3337.88,3336.45,3337.41,227.0
2025-07-28 12:10:00,3337.54,3338.83,3337.35,3338.04,247.0
2025-07-28 12:15:00,3337.74,3339.24,3337.48,3339.24,217.0
2025-07-28 12:20:00,3339.31,3340.72,3338.9,3339.27,242.0
2025-07-28 12:25:00,3339.14,3339.81,3338.21,3339.24,270.0
2025-07-28 12:30:00,3339.19,3339.2,3337.46,3338.18,290.0
2025-07-28 12:35:00,3338.28,3338.45,3335.98,3337.02,261.0
2025-07-28 12:40:00,3336.96,3337.76,3336.53,3337.62,189.0
2025-07-28 12:45:00,3337.63,3339.08,3336.79,3337.17,241.0
2025-07-28 12:50:00,3337.01,3338.94,3335.99,3337.77,207.0
2025-07-28 12:55:00,3337.67,3337.96,3337.09,3337.82,148.0
2025-07-28 13:00:00,3337.78,3338.78,3336.58,3336.99,181.0
2025-07-28 13:05:00,3337.03,3337.64,3336.33,3337.64,182.0
2025-07-28 13:10:00,3337.6,3338.07,3336.93,3337.78,154.0
2025-07-28 13:15:00,3337.71,3337.83,3335.45,3337.42,247.0
2025-07-28 13:20:00,3337.48,3338.68,3336.52,3337.36,273.0
2025-07-28 13:25:00,3337.43,3338.35,3337.11,3337.11,220.0
2025-07-28 13:30:00,3337.26,3338.17,3336.44,3336.48,231.0
2025-07-28 13:35:00,3336.37,3337.46,3334.21,3335.44,282.0
2025-07-28 13:40:00,3335.37,3338.15,3334.92,3336.46,257.0
2025-07-28 13:45:00,3336.26,3338.2,3335.91,3337.22,273.0
2025-07-28 13:50:00,3337.21,3337.76,3336.14,3336.69,209.0
2025-07-28 13:55:00,3336.81,3336.81,3335.77,3335.82,195.0
2025-07-28 14:00:00,3335.97,3337.35,3335.97,3337.2,198.0
2025-07-28 14:05:00,3337.22,3337.44,3335.7,3335.84,219.0
2025-07-28 14:10:00,3335.85,3336.71,3335.78,3336.2,170.0
2025-07-28 14:15:00,3336.15,3336.58,3335.16,3335.16,188.0
2025-07-28 14:20:00,3335.15,3336.28,3335.09,3336.11,210.0
2025-07-28 14:25:00,3336.06,3336.17,3334.45,3335.47,272.0
2025-07-28 14:30:00,3335.46,3336.36,3335.31,3336.07,190.0
2025-07-28 14:35:00,3335.94,3336.45,3335.59,3335.71,165.0
2025-07-28 14:40:00,3335.81,3336.74,3334.9,3336.61,200.0
2025-07-28 14:45:00,3336.65,3338.27,3336.57,3337.11,224.0
2025-07-28 14:50:00,3337.05,3337.51,3336.21,3336.5,208.0
2025-07-28 14:55:00,3336.52,3337.52,3336.25,3336.52,220.0
2025-07-28 15:00:00,3336.85,3338.36,3335.51,3337.85,356.0
2025-07-28 15:05:00,3337.83,3337.92,3335.72,3335.77,271.0
2025-07-28 15:10:00,3335.77,3336.12,3333.06,3333.33,338.0
2025-07-28 15:15:00,3333.25,3335.36,3331.87,3334.07,374.0
2025-07-28 15:20:00,3334.08,3335.0,3331.11,3331.41,331.0
2025-07-28 15:25:00,3331.25,3331.26,3328.35,3330.56,339.0
2025-07-28 15:30:00,3330.56,3331.41,3327.94,3329.89,350.0
2025-07-28 15:35:00,3329.88,3330.25,3327.19,3327.35,270.0
2025-07-28 15:40:00,3327.34,3328.99,3326.33,3327.86,349.0
2025-07-28 15:45:00,3327.87,3328.22,3326.06,3326.91,282.0
2025-07-28 15:50:00,3326.85,3329.27,3325.5,3329.12,313.0
2025-07-28 15:55:00,3329.16,3330.14,3327.64,3328.46,311.0
2025-07-28 16:00:00,3328.28,3330.51,3328.17,3329.79,352.0
2025-07-28 16:05:00,3329.78,3329.98,3328.15,3328.91,298.0
2025-07-28 16:10:00,3329.02,3329.99,3328.31,3328.9,257.0
2025-07-28 16:15:00,3329.09,3330.35,3328.68,3330.03,277.0
2025-07-28 16:20:00,3329.65,3330.62,3327.7,3328.93,292.0
2025-07-28 16:25:00,3328.83,3329.3,3326.55,3328.5,345.0
2025-07-28 16:30:00,3328.45,3329.12,3322.8,3324.4,410.0
2025-07-28 16:35:00,3324.34,3326.77,3323.14,3325.73,420.0
2025-07-28 16:40:00,3325.72,3327.18,3321.99,3321.99,405.0
2025-07-28 16:45:00,3321.99,3322.56,3316.58,3317.8,456.0
2025-07-28 16:50:00,3317.04,3318.21,3305.31,3306.49,486.0
2025-07-28 16:55:00,3306.46,3309.46,3301.89,3302.25,495.0
2025-07-28 17:00:00,3302.29,3308.93,3301.8,3307.48,479.0
2025-07-28 17:05:00,3307.36,3307.72,3304.95,3305.22,422.0
2025-07-28 17:10:00,3305.1,3308.62,3304.53,3308.51,414.0
2025-07-28 17:15:00,3308.63,3310.23,3307.41,3308.41,405.0
2025-07-28 17:20:00,3308.68,3310.53,3306.89,3309.57,399.0
2025-07-28 17:25:00,3309.48,3314.3,3307.92,3311.84,449.0
2025-07-28 17:30:00,3311.95,3313.68,3311.11,3311.64,401.0
2025-07-28 17:35:00,3311.56,3312.44,3308.3,3310.81,442.0
2025-07-28 17:40:00,3310.78,3312.99,3310.78,3312.85,378.0
2025-07-28 17:45:00,3312.85,3314.68,3311.71,3311.91,362.0
2025-07-28 17:50:00,3311.89,3312.07,3309.59,3309.7,389.0
2025-07-28 17:55:00,3309.69,3309.69,3305.93,3307.95,391.0
2025-07-28 18:00:00,3307.8,3309.5,3306.6,3309.04,371.0
2025-07-28 18:05:00,3308.96,3310.32,3308.1,3309.25,387.0
2025-07-28 18:10:00,3309.2,3311.29,3309.2,3309.9,356.0
2025-07-28 18:15:00,3309.83,3311.03,3308.98,3310.19,316.0
2025-07-28 18:20:00,3310.22,3313.05,3309.49,3312.99,311.0
2025-07-28 18:25:00,3313.13,3315.08,3312.83,3313.77,372.0
2025-07-28 18:30:00,3313.74,3316.96,3313.19,3315.88,329.0
2025-07-28 18:35:00,3315.86,3317.18,3315.5,3316.17,320.0
2025-07-28 18:40:00,3316.25,3316.56,3315.46,3315.5,324.0
2025-07-28 18:45:00,3315.5,3315.64,3314.21,3314.54,317.0
2025-07-28 18:50:00,3314.62,3316.2,3314.1,3314.37,323.0
2025-07-28 18:55:00,3314.42,3315.53,3314.42,3314.83,290.0
2025-07-28 19:00:00,3314.71,3314.78,3313.19,3313.8,281.0
2025-07-28 19:05:00,3313.79,3314.22,3312.4,3312.55,308.0
2025-07-28 19:10:00,3312.56,3313.87,3311.53,3313.36,299.0
2025-07-28 19:15:00,3313.38,3313.85,3312.34,3312.34,263.0
2025-07-28 19:20:00,3312.35,3313.51,3311.96,3312.36,281.0
2025-07-28 19:25:00,3312.43,3314.51,3312.31,3313.8,230.0
2025-07-28 19:30:00,3313.99,3314.71,3313.59,3314.67,253.0
2025-07-28 19:35:00,3314.66,3315.03,3313.02,3313.79,187.0
2025-07-28 19:40:00,3313.78,3314.4,3313.69,3313.81,238.0
2025-07-28 19:45:00,3313.86,3313.93,3311.79,3312.38,260.0
2025-07-28 19:50:00,3312.37,3313.08,3311.81,3311.9,245.0
2025-07-28 19:55:00,3311.89,3312.75,3311.52,3312.25,257.0
2025-07-28 20:00:00,3312.22,3312.32,3310.2,3310.79,237.0
2025-07-28 20:05:00,3310.78,3311.14,3308.81,3310.24,285.0
2025-07-28 20:10:00,3310.18,3310.2,3309.09,3309.8,221.0
2025-07-28 20:15:00,3309.81,3311.76,3309.71,3311.54,219.0
2025-07-28 20:20:00,3311.57,3312.39,3310.74,3312.07,262.0
2025-07-28 20:25:00,3312.14,3313.19,3310.04,3310.49,323.0
2025-07-28 20:30:00,3310.35,3312.17,3310.33,3310.66,259.0
2025-07-28 20:35:00,3310.63,3310.86,3309.52,3309.59,237.0
2025-07-28 20:40:00,3309.6,3310.7,3309.57,3310.26,222.0
2025-07-28 20:45:00,3310.25,3311.02,3310.01,3310.7,219.0
2025-07-28 20:50:00,3310.7,3310.83,3309.84,3310.21,218.0
2025-07-28 20:55:00,3310.21,3311.17,3310.19,3310.74,210.0
2025-07-28 21:00:00,3310.69,3311.64,3310.5,3310.65,213.0
2025-07-28 21:05:00,3310.66,3311.43,3310.5,3310.96,212.0
2025-07-28 21:10:00,3310.97,3311.23,3310.2,3311.19,187.0
2025-07-28 21:15:00,3311.2,3312.86,3311.04,3312.6,183.0
2025-07-28 21:20:00,3312.48,3313.39,3312.26,3313.18,195.0
2025-07-28 21:25:00,3313.22,3313.75,3312.79,3313.69,250.0
2025-07-28 21:30:00,3313.66,3314.19,3313.22,3314.1,247.0
2025-07-28 21:35:00,3314.11,3314.52,3313.82,3313.91,245.0
2025-07-28 21:40:00,3313.9,3315.55,3313.83,3314.2,270.0
2025-07-28 21:45:00,3314.23,3314.23,3313.39,3313.56,222.0
2025-07-28 21:50:00,3313.5,3313.89,3313.02,3313.27,257.0
2025-07-28 21:55:00,3313.2,3314.17,3313.12,3313.63,259.0
2025-07-28 22:00:00,3313.61,3315.59,3313.61,3315.45,287.0
2025-07-28 22:05:00,3315.41,3316.29,3315.41,3315.95,247.0
2025-07-28 22:10:00,3315.92,3316.21,3315.08,3315.2,229.0
2025-07-28 22:15:00,3315.19,3315.19,3313.03,3313.97,247.0
2025-07-28 22:20:00,3313.96,3314.72,3313.84,3314.65,205.0
2025-07-28 22:25:00,3314.64,3314.96,3314.09,3314.17,183.0
2025-07-28 22:30:00,3314.11,3315.52,3314.11,3314.99,271.0
2025-07-28 22:35:00,3315.0,3316.28,3314.61,3315.71,281.0
2025-07-28 22:40:00,3315.64,3315.77,3314.99,3315.66,238.0
2025-07-28 22:45:00,3315.79,3316.24,3315.41,3315.88,268.0
2025-07-28 22:50:00,3315.9,3318.61,3315.82,3318.59,339.0
2025-07-28 22:55:00,3318.41,3318.84,3316.76,3317.11,316.0
2025-07-28 23:00:00,3317.03,3318.42,3316.83,3318.13,166.0
2025-07-28 23:05:00,3318.12,3318.13,3317.4,3317.92,117.0
2025-07-28 23:10:00,3317.93,3318.18,3317.63,3318.03,120.0
2025-07-28 23:15:00,3318.07,3318.13,3317.21,3317.59,120.0
2025-07-28 23:20:00,3317.6,3317.94,3317.09,3317.18,119.0
2025-07-28 23:25:00,3317.27,3318.21,3316.85,3318.03,184.0
2025-07-28 23:30:00,3318.0,3318.29,3317.31,3317.66,168.0
2025-07-28 23:35:00,3317.6,3317.6,3316.7,3317.11,134.0
2025-07-28 23:40:00,3317.03,3317.37,3316.56,3317.14,162.0
2025-07-28 23:45:00,3317.11,3317.31,3315.95,3316.01,184.0
2025-07-28 23:50:00,3315.99,3316.21,3314.46,3314.78,159.0
2025-07-29 01:05:00,3314.18,3314.18,3312.29,3312.61,183.0
2025-07-29 01:10:00,3312.63,3313.63,3312.19,3312.72,165.0
2025-07-29 01:15:00,3312.55,3313.68,3312.17,3313.63,163.0
2025-07-29 01:20:00,3313.59,3315.21,3312.81,3313.69,231.0
2025-07-29 01:25:00,3313.73,3314.82,3312.38,3312.47,279.0
2025-07-29 01:30:00,3312.44,3315.17,3312.44,3313.9,209.0
2025-07-29 01:35:00,3313.89,3314.31,3312.76,3312.91,180.0
2025-07-29 01:40:00,3312.89,3314.47,3312.02,3314.07,212.0
2025-07-29 01:45:00,3314.06,3314.97,3313.91,3314.8,116.0
2025-07-29 01:50:00,3314.76,3315.12,3314.12,3314.42,113.0
2025-07-29 01:55:00,3314.4,3314.75,3314.22,3314.58,69.0
2025-07-29 02:00:00,3314.45,3314.74,3313.04,3313.14,140.0
2025-07-29 02:05:00,3313.2,3314.26,3313.18,3313.88,128.0
2025-07-29 02:10:00,3313.89,3314.43,3313.73,3313.79,108.0
2025-07-29 02:15:00,3313.73,3313.88,3313.46,3313.62,82.0
2025-07-29 02:20:00,3313.61,3313.62,3312.09,3312.14,153.0
2025-07-29 02:25:00,3312.19,3312.36,3311.3,3311.39,160.0
2025-07-29 02:30:00,3311.35,3312.13,3310.6,3311.84,166.0
2025-07-29 02:35:00,3311.85,3312.62,3311.8,3311.86,99.0
2025-07-29 02:40:00,3311.85,3312.75,3311.42,3312.38,117.0
2025-07-29 02:45:00,3312.45,3314.48,3312.45,3313.47,162.0
2025-07-29 02:50:00,3313.46,3313.55,3312.41,3312.58,111.0
2025-07-29 02:55:00,3312.5,3313.71,3311.86,3312.54,173.0
2025-07-29 03:00:00,3312.49,3315.82,3311.29,3314.21,250.0
2025-07-29 03:05:00,3313.93,3315.3,3309.74,3310.41,247.0
2025-07-29 03:10:00,3310.4,3311.51,3309.16,3310.96,232.0
2025-07-29 03:15:00,3310.94,3312.17,3309.26,3310.04,214.0
2025-07-29 03:20:00,3310.02,3310.18,3308.46,3309.08,193.0
2025-07-29 03:25:00,3309.05,3309.47,3308.36,3308.79,198.0
2025-07-29 03:30:00,3308.78,3310.93,3308.78,3310.45,226.0
2025-07-29 03:35:00,3310.44,3311.03,3309.12,3309.68,206.0
2025-07-29 03:40:00,3309.72,3309.78,3307.94,3308.89,245.0
2025-07-29 03:45:00,3308.81,3311.95,3308.31,3311.56,266.0
2025-07-29 03:50:00,3311.59,3312.38,3311.13,3311.59,266.0
2025-07-29 03:55:00,3311.42,3312.26,3311.15,3311.66,243.0
2025-07-29 04:00:00,3311.53,3311.77,3308.58,3310.57,342.0
2025-07-29 04:05:00,3310.46,3311.25,3309.38,3310.43,335.0
2025-07-29 04:10:00,3310.45,3312.11,3310.11,3311.09,305.0
2025-07-29 04:15:00,3311.09,3313.03,3310.56,3312.96,263.0
2025-07-29 04:20:00,3313.08,3314.38,3311.77,3314.28,290.0
2025-07-29 04:25:00,3314.36,3314.5,3312.93,3313.75,242.0
2025-07-29 04:30:00,3313.77,3315.81,3313.59,3315.51,269.0
2025-07-29 04:35:00,3315.99,3318.67,3315.87,3317.81,313.0
2025-07-29 04:40:00,3317.78,3320.57,3317.45,3319.7,286.0
2025-07-29 04:45:00,3319.73,3320.82,3317.25,3317.52,295.0
2025-07-29 04:50:00,3317.48,3318.23,3316.58,3317.59,282.0
2025-07-29 04:55:00,3317.6,3318.94,3316.73,3318.93,278.0
2025-07-29 05:00:00,3318.95,3320.27,3318.13,3319.48,280.0
2025-07-29 05:05:00,3319.62,3319.64,3317.65,3318.61,272.0
2025-07-29 05:10:00,3318.6,3319.46,3317.59,3317.68,247.0
2025-07-29 05:15:00,3318.07,3319.86,3318.02,3318.24,233.0
2025-07-29 05:20:00,3318.24,3319.36,3318.01,3319.36,205.0
2025-07-29 05:25:00,3319.3,3320.1,3318.67,3319.69,191.0
2025-07-29 05:30:00,3319.7,3320.13,3318.8,3319.12,199.0
2025-07-29 05:35:00,3319.12,3319.62,3317.73,3319.62,217.0
2025-07-29 05:40:00,3319.53,3319.6,3318.09,3319.07,258.0
2025-07-29 05:45:00,3319.05,3320.24,3318.47,3319.36,258.0
2025-07-29 05:50:00,3319.33,3319.5,3318.22,3318.22,229.0
2025-07-29 05:55:00,3318.18,3319.09,3317.88,3318.91,260.0
2025-07-29 06:00:00,3318.59,3318.87,3317.19,3318.19,269.0
2025-07-29 06:05:00,3318.25,3318.25,3316.2,3316.31,246.0
2025-07-29 06:10:00,3316.31,3317.1,3315.73,3316.51,217.0
2025-07-29 06:15:00,3316.57,3316.66,3315.22,3315.79,255.0
2025-07-29 06:20:00,3315.81,3316.29,3314.82,3315.16,231.0
2025-07-29 06:25:00,3315.24,3315.81,3314.56,3315.21,204.0
2025-07-29 06:30:00,3315.2,3315.35,3313.62,3313.88,178.0
2025-07-29 06:35:00,3313.94,3314.06,3311.18,3311.53,285.0
2025-07-29 06:40:00,3311.52,3314.09,3311.44,3313.58,231.0
2025-07-29 06:45:00,3313.56,3315.07,3312.36,3313.66,233.0
2025-07-29 06:50:00,3313.66,3314.16,3312.46,3314.12,219.0
2025-07-29 06:55:00,3314.12,3314.44,3312.31,3312.53,222.0
2025-07-29 07:00:00,3312.52,3313.38,3312.48,3313.0,159.0
2025-07-29 07:05:00,3313.0,3313.8,3312.78,3312.92,187.0
2025-07-29 07:10:00,3312.91,3313.95,3312.69,3313.04,216.0
2025-07-29 07:15:00,3313.05,3313.58,3312.07,3312.23,240.0
2025-07-29 07:20:00,3312.26,3312.41,3310.63,3310.94,236.0
2025-07-29 07:25:00,3311.03,3311.03,3308.96,3310.62,259.0
2025-07-29 07:30:00,3310.64,3312.63,3310.5,3311.96,246.0
2025-07-29 07:35:00,3312.13,3312.78,3311.16,3312.72,210.0
2025-07-29 07:40:00,3312.74,3313.74,3312.74,3313.67,208.0
2025-07-29 07:45:00,3313.65,3315.43,3313.29,3314.35,234.0
2025-07-29 07:50:00,3314.36,3316.05,3314.09,3315.86,214.0
2025-07-29 07:55:00,3315.86,3317.42,3315.86,3316.55,259.0
2025-07-29 08:00:00,3316.57,3317.09,3314.55,3315.88,230.0
2025-07-29 08:05:00,3315.92,3316.26,3315.61,3315.63,167.0
2025-07-29 08:10:00,3315.6,3315.69,3314.37,3315.05,203.0
2025-07-29 08:15:00,3315.03,3316.16,3314.49,3314.84,237.0
2025-07-29 08:20:00,3314.84,3315.3,3314.56,3315.29,189.0
2025-07-29 08:25:00,3315.34,3317.54,3315.29,3317.54,220.0
2025-07-29 08:30:00,3317.45,3318.7,3316.54,3318.15,271.0
2025-07-29 08:35:00,3318.23,3318.34,3315.65,3316.27,256.0
2025-07-29 08:40:00,3316.07,3317.7,3315.69,3317.53,226.0
2025-07-29 08:45:00,3317.51,3318.67,3317.03,3318.14,249.0
2025-07-29 08:50:00,3318.13,3319.94,3317.67,3319.64,248.0
2025-07-29 08:55:00,3319.63,3320.15,3318.55,3319.82,286.0
2025-07-29 09:00:00,3319.92,3320.03,3317.53,3317.81,306.0
2025-07-29 09:05:00,3317.76,3319.33,3316.28,3319.04,317.0
2025-07-29 09:10:00,3319.08,3320.06,3318.45,3319.86,333.0
2025-07-29 09:15:00,3319.89,3320.91,3319.37,3320.44,255.0
2025-07-29 09:20:00,3320.46,3320.56,3318.91,3320.3,239.0
2025-07-29 09:25:00,3320.36,3321.29,3319.38,3321.11,283.0
2025-07-29 09:30:00,3321.09,3321.48,3319.13,3319.36,274.0
2025-07-29 09:35:00,3319.38,3319.38,3316.81,3317.95,353.0
2025-07-29 09:40:00,3318.24,3320.04,3317.33,3319.3,283.0
2025-07-29 09:45:00,3319.12,3322.09,3319.09,3320.8,320.0
2025-07-29 09:50:00,3320.88,3322.37,3320.4,3321.65,352.0
2025-07-29 09:55:00,3321.69,3321.69,3316.8,3316.92,360.0
2025-07-29 10:00:00,3317.21,3318.67,3315.11,3318.02,339.0
2025-07-29 10:05:00,3318.01,3318.2,3314.2,3314.38,349.0
2025-07-29 10:10:00,3314.29,3314.9,3311.29,3313.75,332.0
2025-07-29 10:15:00,3313.73,3315.37,3312.19,3314.65,315.0
2025-07-29 10:20:00,3314.54,3317.18,3314.3,3316.71,264.0
2025-07-29 10:25:00,3316.71,3317.12,3314.22,3314.36,239.0
2025-07-29 10:30:00,3314.39,3315.32,3312.76,3312.86,285.0
2025-07-29 10:35:00,3312.81,3315.15,3312.75,3314.6,265.0
2025-07-29 10:40:00,3314.59,3317.21,3314.42,3316.86,235.0
2025-07-29 10:45:00,3316.85,3317.2,3314.89,3316.4,243.0
2025-07-29 10:50:00,3316.64,3317.8,3316.13,3316.97,228.0
2025-07-29 10:55:00,3316.96,3318.23,3316.76,3317.08,241.0
2025-07-29 11:00:00,3317.06,3322.12,3316.64,3322.02,324.0
2025-07-29 11:05:00,3322.02,3325.38,3321.71,3325.08,348.0
2025-07-29 11:10:00,3324.91,3327.31,3323.96,3327.23,313.0
2025-07-29 11:15:00,3327.23,3329.65,3326.07,3329.6,325.0
2025-07-29 11:20:00,3329.43,3329.81,3326.71,3327.44,295.0
2025-07-29 11:25:00,3327.46,3328.18,3326.98,3327.55,255.0
2025-07-29 11:30:00,3327.54,3328.57,3326.92,3327.88,227.0
2025-07-29 11:35:00,3327.87,3327.95,3324.7,3324.86,282.0
2025-07-29 11:40:00,3324.84,3327.53,3324.68,3327.08,262.0
2025-07-29 11:45:00,3327.04,3328.35,3326.19,3327.01,256.0
2025-07-29 11:50:00,3327.02,3327.66,3325.74,3326.1,225.0
2025-07-29 11:55:00,3326.37,3327.24,3325.5,3326.42,240.0
2025-07-29 12:00:00,3326.38,3326.48,3323.94,3324.06,343.0
2025-07-29 12:05:00,3324.14,3324.46,3321.9,3323.93,334.0
2025-07-29 12:10:00,3323.83,3325.02,3323.09,3324.28,290.0
2025-07-29 12:15:00,3324.32,3325.02,3322.06,3322.51,272.0
2025-07-29 12:20:00,3322.51,3322.81,3320.92,3322.73,297.0
2025-07-29 12:25:00,3323.01,3326.59,3322.82,3325.13,326.0
2025-07-29 12:30:00,3325.21,3326.25,3324.13,3325.83,256.0
2025-07-29 12:35:00,3325.93,3326.94,3324.44,3324.66,261.0
2025-07-29 12:40:00,3324.73,3325.44,3324.05,3325.33,243.0
2025-07-29 12:45:00,3325.33,3325.48,3324.53,3325.16,194.0
2025-07-29 12:50:00,3325.17,3328.24,3325.15,3326.77,232.0
2025-07-29 12:55:00,3327.04,3327.04,3324.06,3324.52,235.0
2025-07-29 13:00:00,3324.55,3325.24,3324.16,3325.03,180.0
2025-07-29 13:05:00,3325.04,3325.23,3323.73,3323.74,191.0
2025-07-29 13:10:00,3323.64,3325.0,3323.62,3324.22,165.0
2025-07-29 13:15:00,3324.24,3325.54,3324.0,3324.71,166.0
2025-07-29 13:20:00,3324.68,3325.05,3323.52,3324.78,183.0
2025-07-29 13:25:00,3324.82,3325.14,3324.43,3324.99,144.0
2025-07-29 13:30:00,3324.98,3325.86,3324.38,3325.23,155.0
2025-07-29 13:35:00,3325.41,3326.39,3325.15,3326.17,165.0
2025-07-29 13:40:00,3326.13,3326.37,3325.19,3325.76,231.0
2025-07-29 13:45:00,3325.75,3325.75,3323.58,3324.05,182.0
2025-07-29 13:50:00,3324.02,3325.1,3323.94,3324.14,246.0
2025-07-29 13:55:00,3324.18,3324.26,3322.03,3322.14,247.0
2025-07-29 14:00:00,3322.17,3322.17,3318.99,3320.21,284.0
2025-07-29 14:05:00,3320.22,3320.28,3318.06,3318.8,258.0
2025-07-29 14:10:00,3318.83,3320.14,3318.28,3319.67,257.0
2025-07-29 14:15:00,3319.74,3320.92,3318.76,3320.03,233.0
2025-07-29 14:20:00,3320.07,3321.26,3319.35,3320.24,246.0
2025-07-29 14:25:00,3320.25,3321.26,3319.88,3320.38,234.0
2025-07-29 14:30:00,3320.38,3320.55,3318.76,3319.13,234.0
2025-07-29 14:35:00,3319.12,3319.73,3316.56,3316.76,240.0
2025-07-29 14:40:00,3316.76,3317.06,3314.97,3316.67,289.0
2025-07-29 14:45:00,3316.76,3318.3,3316.33,3318.3,274.0
2025-07-29 14:50:00,3318.0,3318.2,3316.08,3316.22,289.0
2025-07-29 14:55:00,3316.28,3316.74,3314.97,3315.11,250.0
2025-07-29 15:00:00,3315.17,3318.13,3315.17,3317.72,311.0
2025-07-29 15:05:00,3317.7,3320.95,3317.7,3319.68,306.0
2025-07-29 15:10:00,3319.81,3322.04,3319.68,3320.37,264.0
2025-07-29 15:15:00,3320.53,3321.06,3318.88,3318.88,248.0
2025-07-29 15:20:00,3318.53,3323.21,3317.77,3322.67,318.0
2025-07-29 15:25:00,3322.6,3322.94,3321.16,3321.87,291.0
2025-07-29 15:30:00,3321.79,3322.48,3318.84,3320.44,327.0
2025-07-29 15:35:00,3320.29,3322.88,3319.67,3321.92,314.0
2025-07-29 15:40:00,3321.89,3321.96,3318.54,3321.57,327.0
2025-07-29 15:45:00,3321.61,3322.99,3321.15,3322.37,300.0
2025-07-29 15:50:00,3322.26,3323.85,3321.86,3323.2,279.0
2025-07-29 15:55:00,3323.18,3324.53,3322.64,3323.26,284.0
2025-07-29 16:00:00,3323.37,3324.23,3320.78,3322.38,328.0
2025-07-29 16:05:00,3322.34,3323.74,3321.22,3321.24,348.0
2025-07-29 16:10:00,3321.19,3321.67,3319.48,3320.69,300.0
2025-07-29 16:15:00,3320.78,3323.27,3320.78,3322.99,259.0
2025-07-29 16:20:00,3323.08,3324.07,3321.81,3322.05,322.0
2025-07-29 16:25:00,3322.09,3323.09,3319.87,3321.26,342.0
2025-07-29 16:30:00,3320.99,3321.79,3314.81,3315.32,443.0
2025-07-29 16:35:00,3314.83,3317.75,3312.9,3316.85,445.0
2025-07-29 16:40:00,3316.62,3321.09,3315.37,3319.91,422.0
2025-07-29 16:45:00,3320.31,3320.65,3314.94,3316.01,411.0
2025-07-29 16:50:00,3316.1,3318.43,3314.35,3318.43,407.0
2025-07-29 16:55:00,3318.39,3318.69,3316.51,3317.61,327.0
2025-07-29 17:00:00,3317.45,3319.39,3313.17,3313.17,417.0
2025-07-29 17:05:00,3313.03,3317.41,3311.99,3316.26,406.0
2025-07-29 17:10:00,3316.6,3318.15,3314.75,3317.59,378.0
2025-07-29 17:15:00,3317.66,3320.09,3317.14,3318.76,376.0
2025-07-29 17:20:00,3318.83,3324.13,3318.59,3323.21,376.0
2025-07-29 17:25:00,3323.22,3325.15,3322.81,3324.43,377.0
2025-07-29 17:30:00,3323.9,3325.2,3323.12,3324.5,352.0
2025-07-29 17:35:00,3324.4,3327.97,3324.4,3325.9,361.0
2025-07-29 17:40:00,3325.89,3328.18,3325.48,3327.44,371.0
2025-07-29 17:45:00,3327.42,3329.51,3326.83,3328.17,357.0
2025-07-29 17:50:00,3328.18,3328.79,3327.03,3327.69,374.0
2025-07-29 17:55:00,3327.59,3328.99,3327.08,3328.89,343.0
2025-07-29 18:00:00,3328.91,3331.35,3326.82,3331.35,368.0
2025-07-29 18:05:00,3331.62,3334.14,3331.05,3331.35,416.0
2025-07-29 18:10:00,3331.53,3331.93,3329.48,3330.01,376.0
2025-07-29 18:15:00,3330.0,3330.56,3327.64,3328.78,365.0
2025-07-29 18:20:00,3328.77,3329.78,3326.43,3326.77,364.0
2025-07-29 18:25:00,3326.73,3327.0,3324.48,3325.9,340.0
2025-07-29 18:30:00,3325.83,3326.83,3323.56,3324.28,379.0
2025-07-29 18:35:00,3324.31,3325.09,3323.29,3324.63,304.0
2025-07-29 18:40:00,3324.66,3325.07,3322.27,3322.62,339.0
2025-07-29 18:45:00,3322.29,3323.84,3320.37,3322.16,345.0
2025-07-29 18:50:00,3322.2,3322.64,3320.28,3320.28,303.0
2025-07-29 18:55:00,3320.39,3321.28,3319.69,3320.74,316.0
2025-07-29 19:00:00,3320.72,3321.74,3319.24,3321.04,290.0
2025-07-29 19:05:00,3321.17,3321.35,3319.09,3320.37,274.0
2025-07-29 19:10:00,3320.51,3322.42,3320.51,3322.42,276.0
2025-07-29 19:15:00,3322.31,3323.46,3321.71,3322.0,269.0
2025-07-29 19:20:00,3321.94,3322.18,3320.81,3321.73,249.0
2025-07-29 19:25:00,3321.96,3322.66,3321.23,3322.39,244.0
2025-07-29 19:30:00,3322.29,3322.54,3320.87,3321.53,244.0
2025-07-29 19:35:00,3321.52,3323.74,3321.38,3323.32,269.0
2025-07-29 19:40:00,3323.38,3323.7,3321.96,3322.96,324.0
2025-07-29 19:45:00,3323.01,3323.57,3322.63,3323.2,245.0
2025-07-29 19:50:00,3323.01,3324.7,3322.63,3323.71,301.0
2025-07-29 19:55:00,3323.83,3323.83,3322.59,3323.12,258.0
2025-07-29 20:00:00,3323.1,3324.08,3322.98,3323.84,235.0
2025-07-29 20:05:00,3323.62,3325.03,3323.21,3324.8,243.0
2025-07-29 20:10:00,3324.71,3325.83,3324.69,3325.06,202.0
2025-07-29 20:15:00,3325.05,3326.1,3323.96,3325.91,220.0
2025-07-29 20:20:00,3325.93,3327.45,3325.3,3326.77,248.0
2025-07-29 20:25:00,3326.72,3327.97,3326.02,3326.56,284.0
2025-07-29 20:30:00,3326.5,3326.56,3325.3,3325.79,229.0
2025-07-29 20:35:00,3325.68,3327.05,3325.56,3326.91,260.0
2025-07-29 20:40:00,3326.95,3328.19,3326.58,3328.04,266.0
2025-07-29 20:45:00,3328.08,3328.37,3327.4,3327.6,291.0
2025-07-29 20:50:00,3327.56,3329.2,3327.52,3329.15,268.0
2025-07-29 20:55:00,3329.13,3329.24,3327.94,3328.31,277.0
2025-07-29 21:00:00,3328.3,3329.05,3327.99,3328.65,252.0
2025-07-29 21:05:00,3328.62,3329.1,3327.9,3328.36,256.0
2025-07-29 21:10:00,3328.35,3328.77,3328.02,3328.05,233.0
2025-07-29 21:15:00,3327.99,3330.6,3327.99,3330.26,255.0
2025-07-29 21:20:00,3330.34,3330.89,3329.47,3329.95,244.0
2025-07-29 21:25:00,3329.79,3330.15,3329.41,3330.0,237.0
2025-07-29 21:30:00,3330.02,3330.81,3329.92,3330.05,223.0
2025-07-29 21:35:00,3330.06,3330.22,3329.55,3330.02,237.0
2025-07-29 21:40:00,3330.04,3330.21,3329.56,3330.11,210.0
2025-07-29 21:45:00,3330.04,3330.04,3327.75,3327.79,221.0
2025-07-29 21:50:00,3327.9,3327.94,3325.35,3326.03,269.0
2025-07-29 21:55:00,3326.09,3326.28,3325.41,3325.86,252.0
2025-07-29 22:00:00,3325.88,3326.53,3325.24,3325.86,269.0
2025-07-29 22:05:00,3325.87,3326.99,3325.87,3326.57,223.0
2025-07-29 22:10:00,3326.53,3326.59,3325.31,3326.26,238.0
2025-07-29 22:15:00,3326.23,3326.66,3325.56,3326.66,232.0
2025-07-29 22:20:00,3326.92,3327.59,3326.62,3327.26,242.0
2025-07-29 22:25:00,3327.25,3328.73,3327.22,3327.47,269.0
2025-07-29 22:30:00,3327.1,3327.43,3326.71,3326.75,253.0
2025-07-29 22:35:00,3326.78,3326.93,3324.98,3325.23,271.0
2025-07-29 22:40:00,3325.17,3325.17,3322.69,3323.01,304.0
2025-07-29 22:45:00,3323.15,3324.32,3322.43,3323.85,282.0
2025-07-29 22:50:00,3323.82,3324.49,3323.43,3324.08,294.0
2025-07-29 22:55:00,3324.16,3325.61,3323.84,3325.12,351.0
2025-07-29 23:00:00,3324.92,3325.54,3324.81,3324.94,163.0
2025-07-29 23:05:00,3324.95,3326.12,3324.93,3325.57,158.0
2025-07-29 23:10:00,3325.63,3325.95,3325.0,3325.62,165.0
2025-07-29 23:15:00,3325.4,3325.6,3324.72,3325.19,149.0
2025-07-29 23:20:00,3325.18,3325.97,3324.97,3325.62,142.0
2025-07-29 23:25:00,3325.63,3326.18,3325.45,3325.98,161.0
2025-07-29 23:30:00,3325.91,3326.54,3325.77,3325.88,132.0
2025-07-29 23:35:00,3325.89,3326.15,3325.62,3325.97,85.0
2025-07-29 23:40:00,3325.97,3326.64,3325.9,3326.64,125.0
2025-07-29 23:45:00,3326.63,3326.63,3325.2,3325.68,153.0
2025-07-29 23:50:00,3325.7,3326.04,3325.36,3325.5,130.0
2025-07-30 01:05:00,3327.36,3327.79,3326.23,3326.65,81.0
2025-07-30 01:10:00,3326.7,3326.91,3325.98,3326.35,97.0
2025-07-30 01:15:00,3326.37,3328.14,3326.37,3328.07,113.0
2025-07-30 01:20:00,3328.08,3328.25,3327.93,3328.13,71.0
2025-07-30 01:25:00,3328.29,3328.94,3328.12,3328.94,99.0
2025-07-30 01:30:00,3328.96,3329.21,3327.71,3328.59,94.0
2025-07-30 01:35:00,3328.6,3328.72,3327.46,3327.9,103.0
2025-07-30 01:40:00,3327.8,3327.8,3326.28,3326.68,137.0
2025-07-30 01:45:00,3326.67,3327.19,3326.51,3327.19,67.0
2025-07-30 01:50:00,3327.2,3327.6,3326.89,3327.53,95.0
2025-07-30 01:55:00,3327.52,3327.88,3327.1,3327.86,109.0
2025-07-30 02:00:00,3327.85,3328.3,3327.63,3328.24,95.0
2025-07-30 02:05:00,3328.23,3328.24,3327.61,3327.95,67.0
2025-07-30 02:10:00,3327.94,3327.94,3327.51,3327.76,90.0
2025-07-30 02:15:00,3327.72,3328.03,3326.92,3327.88,101.0
2025-07-30 02:20:00,3327.95,3328.27,3327.87,3328.09,69.0
2025-07-30 02:25:00,3328.15,3328.16,3327.26,3327.6,75.0
2025-07-30 02:30:00,3327.59,3327.61,3327.06,3327.08,120.0
2025-07-30 02:35:00,3327.07,3327.07,3326.13,3326.85,136.0
2025-07-30 02:40:00,3326.89,3327.43,3326.7,3326.96,117.0
2025-07-30 02:45:00,3326.79,3326.82,3326.34,3326.71,98.0
2025-07-30 02:50:00,3326.77,3327.64,3326.7,3327.08,123.0
2025-07-30 02:55:00,3327.09,3327.96,3326.16,3327.59,218.0
2025-07-30 03:00:00,3327.53,3330.0,3327.31,3330.0,278.0
2025-07-30 03:05:00,3330.01,3330.14,3328.32,3328.64,207.0
2025-07-30 03:10:00,3328.63,3329.92,3328.08,3329.92,198.0
2025-07-30 03:15:00,3329.9,3330.3,3329.27,3329.52,195.0
2025-07-30 03:20:00,3329.6,3329.66,3328.39,3329.23,198.0
2025-07-30 03:25:00,3329.26,3329.96,3328.68,3328.73,159.0
2025-07-30 03:30:00,3328.7,3330.6,3328.64,3330.33,184.0
2025-07-30 03:35:00,3330.33,3330.38,3328.42,3329.24,209.0
2025-07-30 03:40:00,3329.25,3330.47,3329.01,3329.35,194.0
2025-07-30 03:45:00,3329.33,3331.27,3329.31,3331.11,215.0
2025-07-30 03:50:00,3331.12,3333.61,3329.58,3330.03,331.0
2025-07-30 03:55:00,3329.97,3331.13,3329.58,3330.21,298.0
2025-07-30 04:00:00,3330.2,3330.79,3328.1,3328.15,368.0
2025-07-30 04:05:00,3328.06,3331.28,3328.06,3330.94,282.0
2025-07-30 04:10:00,3331.11,3331.24,3329.86,3330.22,241.0
2025-07-30 04:15:00,3330.27,3333.19,3330.24,3332.95,268.0
2025-07-30 04:20:00,3332.96,3333.33,3330.56,3330.56,240.0
2025-07-30 04:25:00,3330.44,3331.27,3328.96,3329.91,249.0
2025-07-30 04:30:00,3329.89,3329.89,3327.41,3327.55,325.0
2025-07-30 04:35:00,3327.54,3327.97,3324.49,3324.74,316.0
2025-07-30 04:40:00,3324.68,3325.21,3322.99,3322.99,325.0
2025-07-30 04:45:00,3323.0,3323.73,3322.25,3322.25,287.0
2025-07-30 04:50:00,3322.24,3323.52,3321.92,3323.17,293.0
2025-07-30 04:55:00,3323.17,3323.78,3322.59,3323.39,262.0
2025-07-30 05:00:00,3323.3,3326.83,3323.3,3326.62,301.0
2025-07-30 05:05:00,3326.64,3327.6,3326.03,3327.59,308.0
2025-07-30 05:10:00,3327.6,3330.5,3327.6,3329.25,306.0
2025-07-30 05:15:00,3329.39,3331.87,3329.35,3331.8,259.0
2025-07-30 05:20:00,3331.81,3332.29,3329.26,3331.81,309.0
2025-07-30 05:25:00,3331.86,3332.37,3330.75,3330.87,233.0
2025-07-30 05:30:00,3331.32,3331.95,3330.06,3330.84,264.0
2025-07-30 05:35:00,3330.85,3330.86,3327.78,3328.11,253.0
2025-07-30 05:40:00,3328.1,3328.41,3326.09,3326.91,219.0
2025-07-30 05:45:00,3326.82,3328.51,3326.1,3328.27,246.0
2025-07-30 05:50:00,3328.15,3330.03,3327.44,3329.8,253.0
2025-07-30 05:55:00,3329.8,3330.93,3329.26,3329.45,253.0
2025-07-30 06:00:00,3329.43,3329.79,3327.89,3329.11,258.0
2025-07-30 06:05:00,3329.15,3329.15,3326.26,3326.49,237.0
2025-07-30 06:10:00,3326.37,3327.28,3325.97,3326.42,230.0
2025-07-30 06:15:00,3326.45,3327.22,3326.25,3326.71,225.0
2025-07-30 06:20:00,3326.73,3329.12,3326.27,3328.99,261.0
2025-07-30 06:25:00,3328.93,3329.1,3327.85,3328.42,200.0
2025-07-30 06:30:00,3328.27,3328.89,3327.64,3327.77,161.0
2025-07-30 06:35:00,3327.76,3328.06,3326.98,3328.04,152.0
2025-07-30 06:40:00,3328.06,3328.35,3327.54,3328.03,144.0
2025-07-30 06:45:00,3327.97,3328.9,3327.92,3328.9,136.0
2025-07-30 06:50:00,3329.02,3329.27,3327.24,3328.71,232.0
2025-07-30 06:55:00,3328.82,3329.14,3328.29,3328.45,171.0
2025-07-30 07:00:00,3328.43,3328.44,3327.08,3327.84,217.0
2025-07-30 07:05:00,3327.79,3327.91,3326.78,3327.53,158.0
2025-07-30 07:10:00,3327.76,3328.38,3326.28,3327.01,216.0
2025-07-30 07:15:00,3327.03,3328.69,3326.43,3328.66,198.0
2025-07-30 07:20:00,3328.74,3329.11,3328.29,3328.65,156.0
2025-07-30 07:25:00,3328.78,3329.27,3328.65,3329.14,165.0
2025-07-30 07:30:00,3329.13,3329.54,3328.75,3329.54,159.0
2025-07-30 07:35:00,3329.55,3329.82,3328.69,3328.82,167.0
2025-07-30 07:40:00,3328.72,3328.87,3327.7,3328.25,174.0
2025-07-30 07:45:00,3328.16,3328.16,3326.98,3327.01,149.0
2025-07-30 07:50:00,3327.02,3327.7,3326.18,3327.57,206.0
2025-07-30 07:55:00,3327.5,3327.5,3325.84,3327.21,199.0
2025-07-30 08:00:00,3326.81,3326.91,3325.1,3325.67,196.0
2025-07-30 08:05:00,3325.65,3326.61,3325.23,3326.38,183.0
2025-07-30 08:10:00,3326.43,3327.69,3326.05,3326.9,209.0
2025-07-30 08:15:00,3326.89,3329.12,3326.81,3329.12,190.0
2025-07-30 08:20:00,3329.12,3330.11,3328.89,3329.66,193.0
2025-07-30 08:25:00,3329.65,3330.68,3326.53,3326.59,271.0
2025-07-30 08:30:00,3326.64,3328.9,3326.64,3328.34,271.0
2025-07-30 08:35:00,3328.3,3328.97,3326.41,3326.41,242.0
2025-07-30 08:40:00,3326.41,3326.68,3325.17,3325.96,213.0
2025-07-30 08:45:00,3325.92,3326.97,3325.15,3326.75,259.0
2025-07-30 08:50:00,3326.85,3327.75,3326.49,3327.71,258.0
2025-07-30 08:55:00,3327.24,3327.25,3324.36,3324.96,283.0
2025-07-30 09:00:00,3324.94,3325.17,3323.95,3324.84,281.0
2025-07-30 09:05:00,3325.17,3325.99,3324.52,3325.95,266.0
2025-07-30 09:10:00,3325.95,3326.21,3323.77,3323.9,280.0
2025-07-30 09:15:00,3323.96,3324.95,3323.37,3323.91,284.0
2025-07-30 09:20:00,3323.89,3324.37,3323.28,3323.89,270.0
2025-07-30 09:25:00,3323.9,3324.3,3323.39,3323.66,248.0
2025-07-30 09:30:00,3323.67,3324.41,3323.39,3324.07,231.0
2025-07-30 09:35:00,3324.09,3325.28,3323.25,3325.22,233.0
2025-07-30 09:40:00,3325.23,3325.65,3324.65,3325.55,257.0
2025-07-30 09:45:00,3325.58,3326.09,3324.81,3325.86,228.0
2025-07-30 09:50:00,3325.93,3327.56,3325.52,3326.85,278.0
2025-07-30 09:55:00,3326.85,3327.38,3326.27,3327.15,242.0
2025-07-30 10:00:00,3327.26,3329.62,3325.91,3329.62,285.0
2025-07-30 10:05:00,3329.61,3332.17,3329.16,3330.44,289.0
2025-07-30 10:10:00,3330.43,3330.96,3329.75,3330.01,259.0
2025-07-30 10:15:00,3330.0,3331.13,3329.16,3330.28,263.0
2025-07-30 10:20:00,3330.29,3331.47,3326.28,3327.22,302.0
2025-07-30 10:25:00,3327.39,3327.9,3325.67,3326.91,241.0
2025-07-30 10:30:00,3326.89,3328.37,3326.4,3326.67,192.0
2025-07-30 10:35:00,3326.69,3328.39,3326.39,3328.04,201.0
2025-07-30 10:40:00,3328.07,3329.75,3327.68,3329.71,191.0
2025-07-30 10:45:00,3329.75,3331.09,3329.34,3329.66,226.0
2025-07-30 10:50:00,3329.62,3330.24,3329.02,3330.23,175.0
2025-07-30 10:55:00,3330.22,3330.35,3327.43,3327.73,196.0
2025-07-30 11:00:00,3327.84,3330.61,3327.58,3329.45,209.0
2025-07-30 11:05:00,3329.49,3331.24,3328.88,3330.99,186.0
2025-07-30 11:10:00,3330.98,3331.98,3330.63,3331.09,252.0
2025-07-30 11:15:00,3331.07,3332.45,3331.07,3331.71,194.0
2025-07-30 11:20:00,3332.07,3332.4,3329.85,3331.42,273.0
2025-07-30 11:25:00,3331.44,3332.84,3330.0,3330.15,252.0
2025-07-30 11:30:00,3330.05,3331.31,3329.21,3330.41,244.0
2025-07-30 11:35:00,3330.4,3331.33,3330.09,3330.84,180.0
2025-07-30 11:40:00,3330.9,3331.59,3329.83,3329.83,209.0
2025-07-30 11:45:00,3329.84,3331.77,3329.67,3331.54,171.0
2025-07-30 11:50:00,3331.58,3333.21,3331.58,3333.08,222.0
2025-07-30 11:55:00,3333.1,3333.4,3332.23,3332.23,194.0
2025-07-30 12:00:00,3332.04,3332.78,3330.84,3332.29,209.0
2025-07-30 12:05:00,3332.24,3333.41,3332.02,3332.46,188.0
2025-07-30 12:10:00,3332.47,3332.75,3331.87,3332.64,176.0
2025-07-30 12:15:00,3332.54,3332.84,3331.98,3332.04,170.0
2025-07-30 12:20:00,3332.05,3332.86,3332.05,3332.47,187.0
2025-07-30 12:25:00,3332.41,3332.98,3331.75,3331.9,189.0
2025-07-30 12:30:00,3331.88,3332.1,3329.8,3330.15,225.0
2025-07-30 12:35:00,3330.27,3330.44,3329.33,3330.03,180.0
2025-07-30 12:40:00,3330.14,3331.47,3329.74,3330.18,211.0
2025-07-30 12:45:00,3330.19,3331.81,3329.29,3331.05,223.0
2025-07-30 12:50:00,3331.01,3333.05,3330.75,3331.99,280.0
2025-07-30 12:55:00,3332.07,3334.05,3331.32,3331.33,280.0
2025-07-30 13:00:00,3331.29,3332.59,3328.9,3332.15,364.0
2025-07-30 13:05:00,3332.0,3332.94,3329.34,3329.74,284.0
2025-07-30 13:10:00,3330.77,3331.11,3327.9,3329.92,349.0
2025-07-30 13:15:00,3330.0,3330.54,3327.77,3329.28,289.0
2025-07-30 13:20:00,3329.28,3330.38,3328.35,3328.92,256.0
2025-07-30 13:25:00,3328.92,3329.35,3328.23,3329.09,184.0
2025-07-30 13:30:00,3329.09,3329.77,3328.26,3328.81,214.0
2025-07-30 13:35:00,3328.33,3329.22,3327.88,3328.67,237.0
2025-07-30 13:40:00,3328.67,3329.6,3327.62,3328.58,208.0
2025-07-30 13:45:00,3328.57,3328.85,3326.68,3328.16,286.0
2025-07-30 13:50:00,3328.19,3329.18,3327.68,3328.82,213.0
2025-07-30 13:55:00,3328.79,3329.13,3328.07,3328.45,203.0
2025-07-30 14:00:00,3328.53,3328.89,3327.19,3327.86,245.0
2025-07-30 14:05:00,3327.87,3327.87,3324.8,3326.45,300.0
2025-07-30 14:10:00,3326.34,3327.57,3325.6,3327.05,320.0
2025-07-30 14:15:00,3326.66,3328.0,3326.28,3327.63,264.0
2025-07-30 14:20:00,3327.67,3330.35,3327.05,3330.15,273.0
2025-07-30 14:25:00,3330.16,3330.4,3328.12,3328.38,239.0
2025-07-30 14:30:00,3328.39,3329.02,3327.27,3328.16,257.0
2025-07-30 14:35:00,3328.21,3328.77,3326.77,3326.77,280.0
2025-07-30 14:40:00,3326.74,3327.79,3326.09,3326.09,257.0
2025-07-30 14:45:00,3325.98,3326.62,3324.01,3326.53,254.0
2025-07-30 14:50:00,3326.42,3329.02,3325.94,3329.0,234.0
2025-07-30 14:55:00,3329.03,3331.63,3328.96,3330.85,294.0
2025-07-30 15:00:00,3330.74,3331.85,3329.5,3330.36,245.0
2025-07-30 15:05:00,3330.31,3331.0,3329.23,3329.44,228.0
2025-07-30 15:10:00,3329.45,3329.45,3327.58,3329.09,269.0
2025-07-30 15:15:00,3328.05,3328.76,3326.15,3326.86,317.0
2025-07-30 15:20:00,3326.95,3330.82,3326.79,3328.91,288.0
2025-07-30 15:25:00,3329.04,3329.38,3326.49,3328.23,301.0
2025-07-30 15:30:00,3328.45,3328.8,3322.67,3323.81,417.0
2025-07-30 15:35:00,3323.63,3324.35,3322.76,3324.19,427.0
2025-07-30 15:40:00,3324.29,3325.9,3322.87,3323.84,384.0
2025-07-30 15:45:00,3323.64,3324.64,3319.33,3320.4,350.0
2025-07-30 15:50:00,3320.26,3320.28,3313.34,3313.69,407.0
2025-07-30 15:55:00,3313.51,3313.88,3310.74,3313.36,414.0
2025-07-30 16:00:00,3312.43,3315.63,3311.74,3311.74,421.0
2025-07-30 16:05:00,3311.78,3316.05,3311.62,3311.98,409.0
2025-07-30 16:10:00,3311.92,3314.18,3308.94,3309.22,399.0
2025-07-30 16:15:00,3309.49,3312.4,3307.36,3311.68,433.0
2025-07-30 16:20:00,3311.65,3311.89,3308.69,3308.82,382.0
2025-07-30 16:25:00,3308.8,3310.08,3304.34,3305.35,397.0
2025-07-30 16:30:00,3305.01,3308.06,3301.91,3307.23,426.0
2025-07-30 16:35:00,3307.15,3307.87,3303.12,3304.11,425.0
2025-07-30 16:40:00,3304.05,3305.64,3301.04,3302.79,416.0
2025-07-30 16:45:00,3302.95,3306.45,3302.73,3305.98,378.0
2025-07-30 16:50:00,3306.03,3306.03,3300.98,3301.61,403.0
2025-07-30 16:55:00,3301.72,3303.06,3298.49,3303.06,405.0
2025-07-30 17:00:00,3303.09,3304.94,3302.67,3302.99,381.0
2025-07-30 17:05:00,3302.98,3307.13,3302.98,3306.71,379.0
2025-07-30 17:10:00,3306.64,3308.39,3305.45,3306.41,363.0
2025-07-30 17:15:00,3306.42,3306.61,3304.16,3305.73,346.0
2025-07-30 17:20:00,3305.7,3307.06,3303.09,3303.31,370.0
2025-07-30 17:25:00,3303.37,3303.55,3301.61,3301.81,336.0
2025-07-30 17:30:00,3301.83,3303.02,3301.21,3302.17,308.0
2025-07-30 17:35:00,3302.25,3304.75,3301.95,3303.46,322.0
2025-07-30 17:40:00,3303.45,3305.31,3302.88,3304.45,299.0
2025-07-30 17:45:00,3304.42,3306.3,3303.91,3304.16,308.0
2025-07-30 17:50:00,3304.09,3304.09,3301.91,3302.64,251.0
2025-07-30 17:55:00,3302.67,3302.93,3301.75,3302.13,278.0
2025-07-30 18:00:00,3302.13,3303.36,3301.59,3301.96,311.0
2025-07-30 18:05:00,3301.97,3301.97,3300.15,3300.18,274.0
2025-07-30 18:10:00,3300.18,3301.23,3298.89,3300.7,335.0
2025-07-30 18:15:00,3300.67,3301.07,3298.6,3298.6,292.0
2025-07-30 18:20:00,3298.49,3298.49,3290.61,3293.44,462.0
2025-07-30 18:25:00,3293.17,3293.41,3290.86,3292.63,400.0
2025-07-30 18:30:00,3292.52,3292.91,3289.89,3290.64,365.0
2025-07-30 18:35:00,3290.65,3292.25,3288.7,3291.74,350.0
2025-07-30 18:40:00,3291.49,3293.5,3291.12,3292.9,273.0
2025-07-30 18:45:00,3292.96,3293.97,3291.47,3291.81,277.0
2025-07-30 18:50:00,3291.77,3292.22,3290.06,3290.33,265.0
2025-07-30 18:55:00,3290.28,3290.68,3289.15,3290.39,291.0
2025-07-30 19:00:00,3290.41,3293.84,3289.91,3293.71,337.0
2025-07-30 19:05:00,3293.73,3293.73,3292.25,3293.41,248.0
2025-07-30 19:10:00,3293.44,3294.84,3292.48,3294.61,248.0
2025-07-30 19:15:00,3294.69,3295.47,3292.74,3293.94,257.0
2025-07-30 19:20:00,3294.0,3297.49,3293.7,3296.99,266.0
2025-07-30 19:25:00,3296.8,3297.03,3294.82,3295.34,260.0
2025-07-30 19:30:00,3295.27,3296.18,3293.84,3294.41,233.0
2025-07-30 19:35:00,3294.4,3295.04,3293.85,3294.89,225.0
2025-07-30 19:40:00,3294.9,3295.76,3294.68,3295.64,230.0
2025-07-30 19:45:00,3295.65,3297.13,3295.49,3296.89,230.0
2025-07-30 19:50:00,3297.0,3298.37,3296.89,3297.93,244.0
2025-07-30 19:55:00,3297.98,3298.53,3297.48,3298.06,227.0
2025-07-30 20:00:00,3298.15,3298.66,3297.83,3298.06,220.0
2025-07-30 20:05:00,3298.1,3298.52,3297.74,3298.2,193.0
2025-07-30 20:10:00,3298.15,3299.26,3297.98,3298.82,228.0
2025-07-30 20:15:00,3298.86,3299.78,3298.81,3299.05,227.0
2025-07-30 20:20:00,3298.93,3300.25,3298.56,3299.92,226.0
2025-07-30 20:25:00,3299.93,3300.37,3298.78,3299.01,275.0
2025-07-30 20:30:00,3299.23,3299.98,3298.61,3298.92,249.0
2025-07-30 20:35:00,3298.93,3299.08,3298.18,3298.65,239.0
2025-07-30 20:40:00,3298.6,3299.61,3298.57,3299.16,199.0
2025-07-30 20:45:00,3299.2,3300.78,3299.2,3300.01,239.0
2025-07-30 20:50:00,3299.96,3301.75,3299.96,3301.75,252.0
2025-07-30 20:55:00,3301.81,3302.03,3300.52,3301.4,241.0
2025-07-30 21:00:00,3301.41,3304.72,3297.48,3300.5,415.0
2025-07-30 21:05:00,3300.5,3302.38,3297.06,3301.75,446.0
2025-07-30 21:10:00,3301.91,3303.9,3298.81,3299.32,413.0
2025-07-30 21:15:00,3299.32,3299.75,3297.14,3298.4,375.0
2025-07-30 21:20:00,3298.27,3301.47,3297.69,3297.69,389.0
2025-07-30 21:25:00,3297.75,3299.15,3297.08,3297.71,402.0
2025-07-30 21:30:00,3297.62,3298.99,3292.33,3296.9,431.0
2025-07-30 21:35:00,3297.2,3299.23,3288.67,3289.72,471.0
2025-07-30 21:40:00,3289.76,3292.1,3288.2,3288.94,450.0
2025-07-30 21:45:00,3289.19,3291.33,3285.18,3285.18,444.0
2025-07-30 21:50:00,3285.13,3286.53,3279.69,3283.41,465.0
2025-07-30 21:55:00,3283.37,3285.31,3280.15,3280.15,449.0
2025-07-30 22:00:00,3280.27,3281.51,3275.66,3280.34,442.0
2025-07-30 22:05:00,3279.87,3281.0,3275.64,3279.51,437.0
2025-07-30 22:10:00,3279.43,3282.57,3275.42,3275.42,457.0
2025-07-30 22:15:00,3275.35,3277.34,3274.16,3274.98,433.0
2025-07-30 22:20:00,3274.45,3276.05,3272.27,3275.95,440.0
2025-07-30 22:25:00,3275.99,3276.93,3272.08,3273.26,404.0
2025-07-30 22:30:00,3273.18,3273.18,3269.52,3271.15,414.0
2025-07-30 22:35:00,3271.7,3272.17,3268.17,3270.2,394.0
2025-07-30 22:40:00,3270.16,3275.39,3270.11,3272.64,399.0
2025-07-30 22:45:00,3272.72,3275.65,3272.69,3275.2,369.0
2025-07-30 22:50:00,3275.25,3275.59,3271.05,3272.66,406.0
2025-07-30 22:55:00,3272.84,3273.13,3268.3,3269.38,384.0
2025-07-30 23:00:00,3269.21,3273.73,3269.21,3271.68,332.0
2025-07-30 23:05:00,3271.68,3275.67,3271.38,3275.22,307.0
2025-07-30 23:10:00,3275.18,3275.24,3273.1,3273.68,254.0
2025-07-30 23:15:00,3273.65,3274.78,3273.4,3273.51,249.0
2025-07-30 23:20:00,3273.68,3273.68,3271.69,3272.48,237.0
2025-07-30 23:25:00,3272.6,3273.05,3269.04,3269.54,294.0
2025-07-30 23:30:00,3269.51,3271.07,3269.43,3270.38,235.0
2025-07-30 23:35:00,3270.4,3271.99,3270.05,3271.77,270.0
2025-07-30 23:40:00,3271.81,3275.39,3271.78,3274.28,282.0
2025-07-30 23:45:00,3274.23,3274.91,3273.16,3274.86,240.0
2025-07-30 23:50:00,3274.56,3276.2,3274.27,3275.86,230.0
2025-07-31 01:05:00,3277.45,3278.72,3276.77,3277.59,256.0
2025-07-31 01:10:00,3277.65,3278.53,3276.45,3277.4,269.0
2025-07-31 01:15:00,3277.36,3280.14,3277.36,3279.89,212.0
2025-07-31 01:20:00,3279.88,3279.95,3276.72,3276.84,216.0
2025-07-31 01:25:00,3276.64,3277.91,3276.51,3277.35,191.0
2025-07-31 01:30:00,3277.19,3278.14,3277.19,3277.69,162.0
2025-07-31 01:35:00,3277.68,3277.94,3277.12,3277.94,130.0
2025-07-31 01:40:00,3277.96,3278.95,3277.77,3278.72,146.0
2025-07-31 01:45:00,3278.75,3279.87,3278.62,3279.21,178.0
2025-07-31 01:50:00,3279.32,3279.85,3279.05,3279.06,113.0
2025-07-31 01:55:00,3279.05,3279.06,3278.73,3278.95,118.0
2025-07-31 02:00:00,3278.97,3280.05,3277.88,3279.16,188.0
2025-07-31 02:05:00,3279.13,3279.45,3278.45,3278.8,113.0
2025-07-31 02:10:00,3278.79,3279.08,3278.19,3278.52,115.0
2025-07-31 02:15:00,3278.52,3279.56,3278.47,3279.3,145.0
2025-07-31 02:20:00,3279.35,3280.13,3279.31,3279.84,139.0
2025-07-31 02:25:00,3279.83,3280.22,3279.57,3279.69,129.0
2025-07-31 02:30:00,3279.57,3281.23,3279.57,3279.99,216.0
2025-07-31 02:35:00,3280.07,3281.78,3279.88,3281.69,173.0
2025-07-31 02:40:00,3281.74,3282.16,3281.3,3282.06,165.0
2025-07-31 02:45:00,3282.05,3282.98,3280.78,3282.13,182.0
2025-07-31 02:50:00,3282.02,3283.82,3282.01,3282.67,246.0
2025-07-31 02:55:00,3282.78,3285.71,3282.77,3285.3,248.0
2025-07-31 03:00:00,3285.08,3288.05,3284.32,3287.38,381.0
2025-07-31 03:05:00,3287.39,3287.39,3283.18,3284.73,328.0
2025-07-31 03:10:00,3284.63,3285.35,3284.02,3284.52,286.0
2025-07-31 03:15:00,3284.49,3285.74,3282.77,3285.65,303.0
2025-07-31 03:20:00,3285.63,3286.3,3284.74,3285.22,278.0
2025-07-31 03:25:00,3285.19,3285.45,3283.37,3283.82,264.0
2025-07-31 03:30:00,3283.79,3287.84,3283.79,3287.46,307.0
2025-07-31 03:35:00,3287.45,3287.51,3285.52,3287.39,249.0
2025-07-31 03:40:00,3287.42,3287.74,3286.56,3286.73,243.0
2025-07-31 03:45:00,3286.69,3287.38,3286.32,3286.91,218.0
2025-07-31 03:50:00,3286.92,3287.99,3285.26,3287.99,315.0
2025-07-31 03:55:00,3288.02,3288.46,3286.24,3286.34,315.0
2025-07-31 04:00:00,3286.52,3287.83,3285.27,3286.72,432.0
2025-07-31 04:05:00,3286.61,3289.97,3285.73,3289.55,389.0
2025-07-31 04:10:00,3289.44,3289.84,3287.21,3287.21,346.0
2025-07-31 04:15:00,3287.22,3289.79,3286.81,3289.41,386.0
2025-07-31 04:20:00,3289.39,3291.36,3288.27,3290.27,355.0
2025-07-31 04:25:00,3290.21,3290.41,3287.08,3287.27,309.0
2025-07-31 04:30:00,3287.28,3288.15,3285.62,3287.92,367.0
2025-07-31 04:35:00,3287.94,3289.88,3286.7,3289.44,352.0
2025-07-31 04:40:00,3289.32,3289.79,3288.27,3289.61,297.0
2025-07-31 04:45:00,3289.62,3289.62,3287.6,3289.28,296.0
2025-07-31 04:50:00,3289.36,3291.89,3289.21,3291.41,339.0
2025-07-31 04:55:00,3291.33,3293.97,3290.61,3293.9,362.0
2025-07-31 05:00:00,3293.82,3295.73,3293.2,3295.03,365.0
2025-07-31 05:05:00,3295.05,3295.64,3294.62,3294.85,310.0
2025-07-31 05:10:00,3294.88,3295.83,3294.31,3294.82,279.0
2025-07-31 05:15:00,3294.86,3295.77,3294.13,3294.37,239.0
2025-07-31 05:20:00,3294.39,3294.65,3292.55,3293.6,280.0
2025-07-31 05:25:00,3293.6,3293.98,3291.43,3292.58,296.0
2025-07-31 05:30:00,3292.55,3293.43,3291.86,3292.16,350.0
2025-07-31 05:35:00,3292.22,3293.5,3291.58,3291.69,273.0
2025-07-31 05:40:00,3291.65,3292.98,3290.5,3292.76,274.0
2025-07-31 05:45:00,3292.55,3293.1,3291.38,3292.07,260.0
2025-07-31 05:50:00,3292.08,3294.93,3291.31,3294.91,276.0
2025-07-31 05:55:00,3295.0,3297.51,3294.29,3297.24,323.0
2025-07-31 06:00:00,3297.25,3298.52,3296.6,3296.91,323.0
2025-07-31 06:05:00,3296.89,3297.04,3294.77,3295.37,305.0
2025-07-31 06:10:00,3295.38,3295.88,3293.47,3294.34,250.0
2025-07-31 06:15:00,3294.32,3295.97,3294.12,3295.66,306.0
2025-07-31 06:20:00,3295.66,3298.39,3295.66,3297.84,303.0
2025-07-31 06:25:00,3297.84,3298.06,3295.75,3295.75,320.0
2025-07-31 06:30:00,3295.75,3296.19,3295.14,3295.19,253.0
2025-07-31 06:35:00,3295.19,3296.16,3294.42,3294.69,233.0
2025-07-31 06:40:00,3294.8,3296.47,3294.55,3296.33,213.0
2025-07-31 06:45:00,3296.29,3297.25,3295.98,3297.25,202.0
2025-07-31 06:50:00,3297.22,3297.87,3295.51,3295.53,250.0
2025-07-31 06:55:00,3295.36,3295.54,3294.6,3295.06,248.0
2025-07-31 07:00:00,3294.98,3296.28,3294.27,3294.84,304.0
2025-07-31 07:05:00,3294.83,3295.2,3293.77,3294.95,190.0
2025-07-31 07:10:00,3294.96,3295.2,3293.96,3294.15,195.0
2025-07-31 07:15:00,3294.16,3295.85,3293.88,3295.03,203.0
2025-07-31 07:20:00,3294.98,3295.73,3294.76,3295.16,152.0
2025-07-31 07:25:00,3295.12,3295.28,3294.1,3294.41,155.0
2025-07-31 07:30:00,3294.42,3297.03,3293.97,3296.42,228.0
2025-07-31 07:35:00,3296.47,3297.36,3296.34,3297.0,221.0
2025-07-31 07:40:00,3296.99,3297.18,3296.47,3296.56,194.0
2025-07-31 07:45:00,3296.58,3296.87,3295.62,3295.91,205.0
2025-07-31 07:50:00,3295.94,3298.61,3295.92,3297.81,222.0
2025-07-31 07:55:00,3297.77,3298.47,3297.63,3298.17,187.0
2025-07-31 08:00:00,3298.17,3299.17,3297.45,3298.08,271.0
2025-07-31 08:05:00,3298.07,3299.09,3296.97,3297.38,212.0
2025-07-31 08:10:00,3297.34,3297.34,3296.16,3296.28,193.0
2025-07-31 08:15:00,3296.29,3296.7,3295.91,3295.92,203.0
2025-07-31 08:20:00,3295.88,3296.74,3295.74,3296.58,206.0
2025-07-31 08:25:00,3296.6,3296.6,3295.65,3295.89,231.0
2025-07-31 08:30:00,3295.88,3296.28,3295.05,3295.9,274.0
2025-07-31 08:35:00,3295.89,3297.14,3294.89,3295.39,298.0
2025-07-31 08:40:00,3295.24,3296.47,3294.88,3295.99,253.0
2025-07-31 08:45:00,3295.96,3297.11,3294.7,3296.98,252.0
2025-07-31 08:50:00,3296.94,3299.0,3296.74,3298.91,252.0
2025-07-31 08:55:00,3299.05,3301.55,3298.97,3299.68,340.0
2025-07-31 09:00:00,3299.56,3300.28,3298.24,3299.56,342.0
2025-07-31 09:05:00,3299.61,3303.48,3299.61,3303.33,368.0
2025-07-31 09:10:00,3303.29,3303.98,3301.38,3302.42,374.0
2025-07-31 09:15:00,3302.47,3303.73,3302.21,3302.94,323.0
2025-07-31 09:20:00,3302.87,3303.67,3301.14,3302.82,300.0
2025-07-31 09:25:00,3302.9,3302.96,3301.74,3301.91,299.0
2025-07-31 09:30:00,3301.94,3304.94,3301.53,3304.31,321.0
2025-07-31 09:35:00,3304.14,3304.79,3301.3,3301.4,329.0
2025-07-31 09:40:00,3301.36,3301.93,3299.95,3300.41,309.0
2025-07-31 09:45:00,3300.49,3301.17,3300.2,3300.86,262.0
2025-07-31 09:50:00,3300.88,3300.96,3298.16,3299.05,301.0
2025-07-31 09:55:00,3299.09,3299.28,3298.3,3299.01,326.0
2025-07-31 10:00:00,3299.04,3300.19,3298.08,3299.5,253.0
2025-07-31 10:05:00,3299.02,3302.26,3298.74,3300.5,272.0
2025-07-31 10:10:00,3300.43,3301.98,3300.02,3300.03,294.0
2025-07-31 10:15:00,3300.0,3301.62,3298.79,3301.15,276.0
2025-07-31 10:20:00,3301.07,3303.69,3300.62,3301.58,289.0
2025-07-31 10:25:00,3302.0,3302.22,3299.66,3300.95,246.0
2025-07-31 10:30:00,3300.99,3302.61,3300.11,3300.19,241.0
2025-07-31 10:35:00,3300.17,3301.88,3299.46,3301.88,285.0
2025-07-31 10:40:00,3301.83,3304.38,3301.32,3304.12,282.0
2025-07-31 10:45:00,3304.14,3309.66,3304.07,3306.49,407.0
2025-07-31 10:50:00,3306.55,3307.2,3305.13,3306.09,266.0
2025-07-31 10:55:00,3306.05,3306.35,3302.55,3304.61,305.0
2025-07-31 11:00:00,3304.72,3306.29,3303.6,3305.32,315.0
2025-07-31 11:05:00,3305.37,3309.79,3305.33,3308.74,332.0
2025-07-31 11:10:00,3308.66,3308.78,3307.31,3308.21,313.0
2025-07-31 11:15:00,3308.2,3313.76,3306.93,3312.4,318.0
2025-07-31 11:20:00,3312.23,3314.81,3310.79,3312.92,329.0
2025-07-31 11:25:00,3312.63,3313.16,3310.56,3310.73,312.0
2025-07-31 11:30:00,3310.79,3313.51,3310.79,3312.79,304.0
2025-07-31 11:35:00,3312.84,3313.04,3310.9,3311.47,246.0
2025-07-31 11:40:00,3311.5,3311.5,3309.0,3309.17,319.0
2025-07-31 11:45:00,3309.18,3311.44,3308.81,3309.19,326.0
2025-07-31 11:50:00,3309.16,3310.89,3308.86,3309.91,321.0
2025-07-31 11:55:00,3309.85,3310.51,3309.27,3310.04,243.0
2025-07-31 12:00:00,3309.91,3311.65,3308.93,3311.41,305.0
2025-07-31 12:05:00,3311.44,3313.14,3310.77,3311.84,277.0
2025-07-31 12:10:00,3311.71,3312.47,3310.48,3312.36,244.0
2025-07-31 12:15:00,3312.34,3312.68,3310.21,3310.26,261.0
2025-07-31 12:20:00,3310.25,3310.26,3308.34,3309.85,322.0
2025-07-31 12:25:00,3309.84,3310.79,3306.72,3307.45,276.0
2025-07-31 12:30:00,3307.87,3308.77,3306.0,3306.57,353.0
2025-07-31 12:35:00,3306.63,3307.91,3305.38,3305.57,275.0
2025-07-31 12:40:00,3305.6,3306.84,3304.88,3305.6,325.0
2025-07-31 12:45:00,3305.58,3309.2,3305.58,3308.45,300.0
2025-07-31 12:50:00,3308.43,3308.82,3307.52,3308.29,226.0
2025-07-31 12:55:00,3308.33,3308.54,3306.31,3306.66,264.0
2025-07-31 13:00:00,3306.64,3308.0,3306.28,3307.84,280.0
2025-07-31 13:05:00,3307.83,3307.83,3305.48,3306.32,264.0
2025-07-31 13:10:00,3306.33,3307.13,3305.32,3306.2,254.0
2025-07-31 13:15:00,3306.24,3306.29,3304.02,3304.8,270.0
2025-07-31 13:20:00,3304.81,3304.88,3303.41,3303.94,297.0
2025-07-31 13:25:00,3303.89,3305.72,3303.71,3304.65,302.0
2025-07-31 13:30:00,3304.65,3305.14,3302.53,3303.12,313.0
2025-07-31 13:35:00,3303.11,3303.33,3301.75,3301.75,321.0
2025-07-31 13:40:00,3301.78,3302.81,3300.83,3300.85,328.0
2025-07-31 13:45:00,3300.87,3301.03,3298.84,3299.38,376.0
2025-07-31 13:50:00,3299.23,3299.39,3296.12,3296.33,379.0
2025-07-31 13:55:00,3296.37,3297.13,3293.8,3296.27,414.0
2025-07-31 14:00:00,3296.51,3298.7,3295.19,3298.36,437.0
2025-07-31 14:05:00,3298.49,3300.73,3298.4,3300.65,376.0
2025-07-31 14:10:00,3300.98,3303.0,3300.94,3301.22,376.0
2025-07-31 14:15:00,3301.2,3302.7,3299.84,3302.6,315.0
2025-07-31 14:20:00,3302.58,3303.39,3301.07,3303.28,295.0
2025-07-31 14:25:00,3303.23,3303.48,3301.4,3302.25,395.0
2025-07-31 14:30:00,3302.23,3306.07,3302.23,3304.98,425.0
2025-07-31 14:35:00,3304.95,3307.37,3304.87,3305.53,355.0
2025-07-31 14:40:00,3305.52,3306.41,3305.05,3305.3,286.0
2025-07-31 14:45:00,3305.28,3305.98,3303.48,3305.56,306.0
2025-07-31 14:50:00,3305.61,3307.16,3304.99,3305.86,302.0
2025-07-31 14:55:00,3305.87,3307.72,3305.3,3306.12,277.0
2025-07-31 15:00:00,3305.83,3306.65,3304.73,3305.34,353.0
2025-07-31 15:05:00,3304.95,3306.62,3304.28,3305.12,314.0
2025-07-31 15:10:00,3305.23,3307.35,3304.99,3307.23,316.0
2025-07-31 15:15:00,3307.46,3307.55,3305.84,3306.94,342.0
2025-07-31 15:20:00,3306.74,3306.99,3304.58,3306.09,389.0
2025-07-31 15:25:00,3306.12,3307.78,3305.2,3306.87,406.0
2025-07-31 15:30:00,3307.05,3309.95,3303.93,3309.2,465.0
2025-07-31 15:35:00,3309.04,3310.19,3307.4,3310.07,406.0
2025-07-31 15:40:00,3310.12,3310.38,3308.2,3308.59,348.0
2025-07-31 15:45:00,3308.57,3311.06,3308.36,3309.92,364.0
2025-07-31 15:50:00,3309.8,3310.05,3308.31,3308.38,299.0
2025-07-31 15:55:00,3308.43,3310.3,3307.36,3307.59,355.0
2025-07-31 16:00:00,3307.64,3309.23,3304.77,3304.92,457.0
2025-07-31 16:05:00,3304.91,3306.98,3304.83,3305.41,409.0
2025-07-31 16:10:00,3305.51,3309.05,3305.23,3309.05,393.0
2025-07-31 16:15:00,3309.23,3309.57,3307.32,3308.47,387.0
2025-07-31 16:20:00,3308.62,3309.87,3306.75,3309.01,411.0
2025-07-31 16:25:00,3309.04,3310.28,3307.02,3308.51,384.0
2025-07-31 16:30:00,3308.3,3308.88,3306.3,3307.12,500.0
2025-07-31 16:35:00,3307.36,3308.6,3305.79,3306.78,497.0
2025-07-31 16:40:00,3306.71,3307.0,3302.83,3303.63,429.0
2025-07-31 16:45:00,3303.75,3304.8,3301.02,3302.49,448.0
2025-07-31 16:50:00,3302.31,3304.29,3301.38,3302.9,497.0
2025-07-31 16:55:00,3302.97,3304.14,3300.59,3301.37,457.0
2025-07-31 17:00:00,3301.13,3301.97,3298.88,3300.63,463.0
2025-07-31 17:05:00,3301.27,3302.3,3299.07,3299.13,453.0
2025-07-31 17:10:00,3299.23,3300.79,3298.63,3300.66,424.0
2025-07-31 17:15:00,3300.93,3303.04,3295.81,3297.64,458.0
2025-07-31 17:20:00,3297.52,3298.36,3295.76,3296.97,442.0
2025-07-31 17:25:00,3297.03,3297.25,3295.59,3296.69,396.0
2025-07-31 17:30:00,3296.67,3296.67,3293.13,3293.71,425.0
2025-07-31 17:35:00,3293.72,3296.48,3291.4,3296.43,433.0
2025-07-31 17:40:00,3296.49,3298.13,3295.87,3297.53,414.0
2025-07-31 17:45:00,3297.37,3297.43,3293.64,3293.64,399.0
2025-07-31 17:50:00,3293.54,3296.4,3293.25,3295.77,411.0
2025-07-31 17:55:00,3295.73,3297.74,3295.73,3296.18,429.0
2025-07-31 18:00:00,3296.14,3296.87,3292.09,3293.79,428.0
2025-07-31 18:05:00,3293.87,3296.19,3291.38,3295.43,433.0
2025-07-31 18:10:00,3295.03,3296.74,3294.13,3296.47,392.0
2025-07-31 18:15:00,3296.54,3298.59,3296.48,3298.2,389.0
2025-07-31 18:20:00,3298.3,3299.0,3296.15,3296.27,349.0
2025-07-31 18:25:00,3296.25,3297.46,3295.17,3295.61,343.0
2025-07-31 18:30:00,3295.64,3297.27,3294.66,3296.58,363.0
2025-07-31 18:35:00,3296.47,3298.1,3294.65,3295.01,344.0
2025-07-31 18:40:00,3294.99,3295.53,3292.9,3293.79,360.0
2025-07-31 18:45:00,3293.79,3294.63,3293.04,3293.04,339.0
2025-07-31 18:50:00,3293.0,3295.47,3293.0,3295.47,308.0
2025-07-31 18:55:00,3295.31,3295.93,3294.3,3295.5,337.0
2025-07-31 19:00:00,3295.49,3295.64,3291.26,3291.95,366.0
2025-07-31 19:05:00,3291.82,3293.68,3290.73,3292.19,418.0
2025-07-31 19:10:00,3292.09,3293.08,3289.76,3291.15,390.0
2025-07-31 19:15:00,3291.22,3292.12,3290.04,3291.01,361.0
2025-07-31 19:20:00,3291.02,3292.01,3289.65,3291.76,392.0
2025-07-31 19:25:00,3291.83,3293.55,3291.73,3292.5,348.0
2025-07-31 19:30:00,3292.68,3293.4,3291.4,3292.82,374.0
2025-07-31 19:35:00,3292.7,3294.55,3292.6,3294.49,353.0
2025-07-31 19:40:00,3294.46,3296.34,3294.46,3296.1,333.0
2025-07-31 19:45:00,3296.05,3297.29,3295.62,3295.83,334.0
2025-07-31 19:50:00,3295.84,3296.18,3295.41,3295.78,285.0
2025-07-31 19:55:00,3295.77,3296.45,3294.85,3295.03,329.0
2025-07-31 20:00:00,3294.88,3297.2,3294.88,3296.48,361.0
2025-07-31 20:05:00,3296.5,3298.39,3296.43,3298.2,341.0
2025-07-31 20:10:00,3298.12,3298.39,3297.25,3297.46,320.0
2025-07-31 20:15:00,3297.67,3297.98,3296.72,3297.14,263.0
2025-07-31 20:20:00,3297.13,3297.52,3296.0,3297.5,325.0
2025-07-31 20:25:00,3297.59,3298.31,3295.54,3296.12,376.0
2025-07-31 20:30:00,3295.97,3296.37,3294.71,3295.0,293.0
2025-07-31 20:35:00,3294.99,3296.49,3294.93,3296.23,277.0
2025-07-31 20:40:00,3296.3,3296.59,3294.59,3295.3,332.0
2025-07-31 20:45:00,3295.32,3295.47,3294.17,3294.51,254.0
2025-07-31 20:50:00,3294.53,3295.34,3294.02,3294.68,333.0
2025-07-31 20:55:00,3294.77,3295.17,3294.41,3294.95,285.0
2025-07-31 21:00:00,3294.98,3295.09,3293.24,3293.4,290.0
2025-07-31 21:05:00,3293.38,3294.28,3293.31,3293.62,291.0
2025-07-31 21:10:00,3293.59,3295.01,3292.81,3294.51,306.0
2025-07-31 21:15:00,3294.52,3294.59,3293.7,3294.01,292.0
2025-07-31 21:20:00,3294.21,3296.65,3294.11,3296.33,309.0
2025-07-31 21:25:00,3296.39,3297.06,3296.39,3296.45,294.0
2025-07-31 21:30:00,3296.55,3296.65,3294.54,3295.14,312.0
2025-07-31 21:35:00,3295.13,3296.14,3294.62,3296.02,301.0
2025-07-31 21:40:00,3295.94,3295.94,3295.06,3295.35,246.0
2025-07-31 21:45:00,3295.34,3296.29,3295.11,3295.18,282.0
2025-07-31 21:50:00,3295.35,3295.96,3294.95,3295.07,288.0
2025-07-31 21:55:00,3295.08,3295.97,3295.02,3295.72,294.0
2025-07-31 22:00:00,3295.71,3296.39,3295.4,3295.74,287.0
2025-07-31 22:05:00,3295.73,3296.04,3295.14,3295.81,271.0
2025-07-31 22:10:00,3295.67,3296.29,3294.62,3294.74,278.0
2025-07-31 22:15:00,3294.72,3294.75,3293.5,3293.98,312.0
2025-07-31 22:20:00,3293.97,3294.21,3291.38,3291.42,293.0
2025-07-31 22:25:00,3291.39,3291.63,3290.55,3291.12,301.0
2025-07-31 22:30:00,3291.1,3292.19,3291.06,3291.99,317.0
2025-07-31 22:35:00,3291.99,3292.98,3291.87,3292.79,314.0
2025-07-31 22:40:00,3292.81,3294.67,3292.79,3294.51,352.0
2025-07-31 22:45:00,3294.68,3294.83,3293.03,3293.81,331.0
2025-07-31 22:50:00,3293.85,3294.23,3290.99,3291.87,357.0
2025-07-31 22:55:00,3291.85,3291.85,3290.57,3290.99,377.0
2025-07-31 23:00:00,3291.03,3293.31,3290.82,3293.09,262.0
2025-07-31 23:05:00,3293.11,3293.7,3291.3,3291.64,187.0
2025-07-31 23:10:00,3291.66,3292.79,3291.23,3292.45,152.0
2025-07-31 23:15:00,3292.44,3292.44,3291.5,3291.8,133.0
2025-07-31 23:20:00,3291.79,3292.04,3291.07,3291.19,128.0
2025-07-31 23:25:00,3291.17,3292.04,3290.8,3291.81,174.0
2025-07-31 23:30:00,3291.44,3292.05,3290.68,3291.64,178.0
2025-07-31 23:35:00,3291.63,3292.09,3291.22,3291.92,111.0
2025-07-31 23:40:00,3291.96,3292.11,3291.53,3291.78,95.0
2025-07-31 23:45:00,3291.83,3291.83,3290.56,3290.57,142.0
2025-07-31 23:50:00,3290.53,3291.24,3290.08,3290.68,179.0
