time,open,high,low,close,volume
2025-05-01 01:00:00,3288.7,3290.21,3285.62,3285.73,270.0
2025-05-01 01:05:00,3285.73,3287.72,3284.83,3284.9,213.0
2025-05-01 01:10:00,3284.94,3285.02,3274.26,3276.52,343.0
2025-05-01 01:15:00,3276.53,3278.3,3272.25,3274.07,414.0
2025-05-01 01:20:00,3274.08,3279.39,3273.89,3277.88,368.0
2025-05-01 01:25:00,3277.88,3278.84,3275.36,3275.95,270.0
2025-05-01 01:30:00,3275.95,3280.82,3275.62,3277.8,369.0
2025-05-01 01:35:00,3277.99,3279.31,3271.47,3272.8,373.0
2025-05-01 01:40:00,3272.66,3277.16,3271.36,3275.97,324.0
2025-05-01 01:45:00,3275.97,3279.64,3275.95,3279.18,277.0
2025-05-01 01:50:00,3279.05,3279.9,3277.6,3277.61,270.0
2025-05-01 01:55:00,3277.58,3278.62,3273.59,3273.97,294.0
2025-05-01 02:00:00,3274.25,3279.26,3273.44,3277.41,329.0
2025-05-01 02:05:00,3277.48,3279.97,3276.96,3279.35,267.0
2025-05-01 02:10:00,3279.37,3285.28,3278.09,3280.6,322.0
2025-05-01 02:15:00,3280.41,3280.65,3274.23,3275.59,334.0
2025-05-01 02:20:00,3275.57,3279.74,3274.55,3279.69,261.0
2025-05-01 02:25:00,3279.69,3280.47,3276.81,3278.34,207.0
2025-05-01 02:30:00,3277.73,3277.73,3273.92,3276.15,276.0
2025-05-01 02:35:00,3276.14,3276.75,3274.34,3275.41,245.0
2025-05-01 02:40:00,3275.3,3275.38,3269.77,3274.49,334.0
2025-05-01 02:45:00,3274.53,3276.62,3273.48,3276.1,275.0
2025-05-01 02:50:00,3275.79,3276.72,3272.89,3273.9,240.0
2025-05-01 02:55:00,3273.93,3274.26,3271.85,3272.8,257.0
2025-05-01 03:00:00,3272.98,3275.1,3270.89,3274.75,377.0
2025-05-01 03:05:00,3274.59,3275.51,3269.91,3274.66,361.0
2025-05-01 03:10:00,3274.53,3276.11,3273.5,3275.24,336.0
2025-05-01 03:15:00,3275.36,3276.27,3267.81,3268.62,334.0
2025-05-01 03:20:00,3268.37,3268.37,3245.7,3261.3,467.0
2025-05-01 03:25:00,3261.5,3261.53,3254.45,3258.93,549.0
2025-05-01 03:30:00,3258.96,3259.07,3248.94,3249.0,499.0
2025-05-01 03:35:00,3248.94,3252.42,3245.42,3252.25,479.0
2025-05-01 03:40:00,3252.31,3252.79,3245.49,3247.98,453.0
2025-05-01 03:45:00,3248.0,3250.34,3243.94,3247.25,402.0
2025-05-01 03:50:00,3247.28,3252.73,3241.51,3244.6,415.0
2025-05-01 03:55:00,3244.61,3248.27,3242.0,3246.59,448.0
2025-05-01 04:00:00,3246.54,3248.7,3242.94,3242.94,392.0
2025-05-01 04:05:00,3242.96,3245.06,3235.73,3241.55,490.0
2025-05-01 04:10:00,3241.56,3244.66,3239.0,3243.85,400.0
2025-05-01 04:15:00,3243.85,3246.55,3239.3,3241.89,342.0
2025-05-01 04:20:00,3242.02,3246.39,3242.02,3246.1,294.0
2025-05-01 04:25:00,3246.09,3249.62,3246.03,3249.04,375.0
2025-05-01 04:30:00,3249.07,3249.07,3243.82,3246.8,367.0
2025-05-01 04:35:00,3246.78,3251.26,3246.53,3249.16,396.0
2025-05-01 04:40:00,3249.14,3249.14,3244.19,3244.23,295.0
2025-05-01 04:45:00,3244.21,3245.39,3236.56,3237.56,416.0
2025-05-01 04:50:00,3237.54,3242.15,3234.43,3241.39,436.0
2025-05-01 04:55:00,3241.39,3243.33,3235.64,3238.89,396.0
2025-05-01 05:00:00,3238.93,3241.69,3238.21,3240.54,301.0
2025-05-01 05:05:00,3240.61,3242.72,3239.23,3239.44,283.0
2025-05-01 05:10:00,3239.43,3240.38,3235.29,3240.33,311.0
2025-05-01 05:15:00,3240.44,3246.9,3240.28,3245.21,321.0
2025-05-01 05:20:00,3244.92,3250.2,3241.4,3250.11,369.0
2025-05-01 05:25:00,3250.09,3251.2,3244.76,3246.38,389.0
2025-05-01 05:30:00,3246.15,3248.38,3242.87,3243.5,279.0
2025-05-01 05:35:00,3243.57,3245.07,3243.17,3243.88,288.0
2025-05-01 05:40:00,3243.92,3247.36,3243.71,3244.21,272.0
2025-05-01 05:45:00,3244.17,3245.32,3240.23,3241.57,343.0
2025-05-01 05:50:00,3241.46,3244.03,3239.75,3243.71,319.0
2025-05-01 05:55:00,3243.75,3244.4,3240.87,3241.59,305.0
2025-05-01 06:00:00,3241.56,3241.8,3238.44,3241.15,337.0
2025-05-01 06:05:00,3241.65,3242.5,3236.82,3237.37,337.0
2025-05-01 06:10:00,3237.36,3239.04,3231.0,3232.03,402.0
2025-05-01 06:15:00,3232.04,3237.99,3231.44,3235.53,427.0
2025-05-01 06:20:00,3235.67,3236.0,3231.09,3232.84,349.0
2025-05-01 06:25:00,3232.86,3234.0,3231.76,3233.32,308.0
2025-05-01 06:30:00,3233.32,3237.21,3233.16,3235.26,312.0
2025-05-01 06:35:00,3235.25,3235.25,3231.14,3232.28,310.0
2025-05-01 06:40:00,3232.29,3235.16,3229.64,3235.13,344.0
2025-05-01 06:45:00,3235.15,3237.07,3232.56,3232.56,360.0
2025-05-01 06:50:00,3232.64,3234.63,3229.44,3233.13,334.0
2025-05-01 06:55:00,3233.14,3233.48,3229.02,3229.45,335.0
2025-05-01 07:00:00,3229.48,3231.23,3225.34,3229.39,395.0
2025-05-01 07:05:00,3229.42,3230.65,3226.35,3227.9,332.0
2025-05-01 07:10:00,3228.06,3230.41,3227.33,3228.5,311.0
2025-05-01 07:15:00,3228.5,3228.5,3225.95,3226.27,277.0
2025-05-01 07:20:00,3225.99,3228.08,3223.68,3225.99,345.0
2025-05-01 07:25:00,3225.96,3227.7,3225.32,3226.35,255.0
2025-05-01 07:30:00,3226.24,3226.9,3223.69,3226.42,303.0
2025-05-01 07:35:00,3226.41,3227.04,3221.24,3223.48,349.0
2025-05-01 07:40:00,3223.57,3226.9,3221.64,3226.79,335.0
2025-05-01 07:45:00,3226.86,3230.83,3226.6,3229.82,397.0
2025-05-01 07:50:00,3229.83,3232.02,3227.74,3227.76,340.0
2025-05-01 07:55:00,3227.78,3228.68,3225.81,3226.64,300.0
2025-05-01 08:00:00,3226.73,3227.45,3223.92,3223.98,294.0
2025-05-01 08:05:00,3223.84,3229.88,3223.46,3227.15,314.0
2025-05-01 08:10:00,3227.16,3229.83,3226.43,3229.39,341.0
2025-05-01 08:15:00,3229.38,3231.37,3228.25,3229.14,366.0
2025-05-01 08:20:00,3229.12,3231.98,3229.12,3230.54,324.0
2025-05-01 08:25:00,3230.5,3233.02,3227.49,3230.74,412.0
2025-05-01 08:30:00,3230.57,3232.35,3228.71,3231.86,405.0
2025-05-01 08:35:00,3231.73,3236.37,3231.67,3234.7,421.0
2025-05-01 08:40:00,3234.68,3236.53,3233.25,3233.63,350.0
2025-05-01 08:45:00,3233.68,3237.61,3233.43,3237.2,322.0
2025-05-01 08:50:00,3237.19,3238.38,3235.64,3237.14,342.0
2025-05-01 08:55:00,3237.15,3238.8,3236.4,3236.7,302.0
2025-05-01 09:00:00,3236.68,3241.59,3236.05,3241.16,389.0
2025-05-01 09:05:00,3240.98,3243.18,3239.32,3240.76,414.0
2025-05-01 09:10:00,3240.76,3241.4,3237.43,3238.11,370.0
2025-05-01 09:15:00,3238.32,3240.15,3233.89,3239.91,466.0
2025-05-01 09:20:00,3239.91,3239.98,3235.92,3237.02,381.0
2025-05-01 09:25:00,3236.83,3236.86,3235.1,3235.88,295.0
2025-05-01 09:30:00,3235.89,3240.42,3235.42,3239.05,368.0
2025-05-01 09:35:00,3239.03,3239.8,3236.76,3238.03,323.0
2025-05-01 09:40:00,3238.18,3239.88,3236.42,3237.4,349.0
2025-05-01 09:45:00,3237.39,3237.78,3235.62,3235.87,370.0
2025-05-01 09:50:00,3235.89,3237.78,3235.67,3237.28,354.0
2025-05-01 09:55:00,3237.28,3237.7,3234.67,3235.66,368.0
2025-05-01 10:00:00,3235.79,3236.84,3230.68,3230.68,410.0
2025-05-01 10:05:00,3230.84,3234.23,3229.0,3230.18,398.0
2025-05-01 10:10:00,3230.13,3231.84,3228.13,3231.24,357.0
2025-05-01 10:15:00,3231.23,3231.72,3226.42,3226.42,343.0
2025-05-01 10:20:00,3226.49,3232.39,3226.16,3231.55,398.0
2025-05-01 10:25:00,3231.54,3232.36,3230.03,3230.64,330.0
2025-05-01 10:30:00,3230.58,3232.15,3229.65,3231.27,305.0
2025-05-01 10:35:00,3231.32,3234.89,3229.81,3232.96,411.0
2025-05-01 10:40:00,3232.96,3235.33,3231.14,3234.75,374.0
2025-05-01 10:45:00,3234.73,3234.73,3231.58,3231.72,351.0
2025-05-01 10:50:00,3231.67,3231.71,3228.51,3230.89,345.0
2025-05-01 10:55:00,3230.91,3231.08,3229.56,3230.15,351.0
2025-05-01 11:00:00,3230.13,3234.11,3230.0,3233.96,379.0
2025-05-01 11:05:00,3233.94,3235.36,3233.56,3234.63,371.0
2025-05-01 11:10:00,3234.59,3234.59,3231.98,3232.85,342.0
2025-05-01 11:15:00,3232.83,3234.49,3232.62,3234.14,322.0
2025-05-01 11:20:00,3234.15,3236.62,3233.79,3236.57,333.0
2025-05-01 11:25:00,3236.54,3236.54,3233.94,3234.48,322.0
2025-05-01 11:30:00,3234.48,3234.94,3232.97,3233.62,292.0
2025-05-01 11:35:00,3233.61,3234.15,3232.62,3232.76,311.0
2025-05-01 11:40:00,3232.76,3233.44,3231.98,3232.39,314.0
2025-05-01 11:45:00,3232.36,3234.19,3232.36,3232.52,288.0
2025-05-01 11:50:00,3232.51,3235.29,3232.51,3233.8,298.0
2025-05-01 11:55:00,3233.77,3235.18,3232.97,3235.18,299.0
2025-05-01 12:00:00,3235.24,3236.16,3234.57,3234.66,350.0
2025-05-01 12:05:00,3234.64,3234.64,3229.18,3229.42,370.0
2025-05-01 12:10:00,3229.5,3233.17,3228.19,3230.29,438.0
2025-05-01 12:15:00,3230.24,3230.35,3228.28,3228.43,337.0
2025-05-01 12:20:00,3228.31,3229.76,3227.9,3228.03,288.0
2025-05-01 12:25:00,3228.03,3228.23,3225.47,3225.81,295.0
2025-05-01 12:30:00,3225.78,3226.56,3223.25,3223.28,351.0
2025-05-01 12:35:00,3223.29,3224.72,3222.1,3222.55,354.0
2025-05-01 12:40:00,3222.61,3223.14,3219.79,3223.1,359.0
2025-05-01 12:45:00,3223.08,3224.28,3222.5,3223.9,343.0
2025-05-01 12:50:00,3223.74,3223.87,3220.22,3220.57,330.0
2025-05-01 12:55:00,3220.58,3220.66,3215.85,3218.62,427.0
2025-05-01 13:00:00,3218.56,3220.59,3217.38,3218.16,423.0
2025-05-01 13:05:00,3218.14,3218.35,3216.44,3217.77,335.0
2025-05-01 13:10:00,3217.84,3218.2,3214.58,3215.06,377.0
2025-05-01 13:15:00,3215.05,3217.53,3213.81,3214.21,387.0
2025-05-01 13:20:00,3214.24,3216.15,3213.63,3214.68,335.0
2025-05-01 13:25:00,3214.77,3219.28,3214.76,3218.38,388.0
2025-05-01 13:30:00,3218.41,3219.83,3217.93,3219.78,344.0
2025-05-01 13:35:00,3219.75,3222.93,3219.66,3222.46,359.0
2025-05-01 13:40:00,3222.4,3225.31,3221.51,3224.09,383.0
2025-05-01 13:45:00,3224.15,3224.32,3221.94,3222.98,354.0
2025-05-01 13:50:00,3222.87,3223.42,3221.99,3222.9,345.0
2025-05-01 13:55:00,3222.81,3223.45,3221.61,3222.61,345.0
2025-05-01 14:00:00,3222.86,3226.86,3222.14,3226.63,436.0
2025-05-01 14:05:00,3226.6,3226.79,3223.03,3224.4,328.0
2025-05-01 14:10:00,3224.39,3224.39,3223.0,3223.6,311.0
2025-05-01 14:15:00,3223.75,3225.41,3223.15,3225.24,308.0
2025-05-01 14:20:00,3225.23,3227.03,3223.78,3225.36,354.0
2025-05-01 14:25:00,3225.39,3225.74,3222.85,3223.25,345.0
2025-05-01 14:30:00,3223.15,3225.23,3222.62,3224.91,373.0
2025-05-01 14:35:00,3224.76,3224.78,3219.83,3219.85,386.0
2025-05-01 14:40:00,3219.87,3220.05,3214.29,3214.34,425.0
2025-05-01 14:45:00,3214.33,3214.88,3206.72,3207.94,474.0
2025-05-01 14:50:00,3207.86,3208.16,3203.4,3205.32,488.0
2025-05-01 14:55:00,3205.16,3207.31,3203.47,3205.56,417.0
2025-05-01 15:00:00,3205.34,3208.86,3201.91,3208.4,486.0
2025-05-01 15:05:00,3208.42,3210.01,3204.64,3205.14,454.0
2025-05-01 15:10:00,3205.07,3207.58,3203.38,3206.78,412.0
2025-05-01 15:15:00,3206.76,3208.56,3203.8,3208.39,470.0
2025-05-01 15:20:00,3208.5,3215.3,3208.5,3214.96,500.0
2025-05-01 15:25:00,3215.29,3219.9,3215.29,3219.28,446.0
2025-05-01 15:30:00,3219.0,3225.11,3218.45,3223.38,501.0
2025-05-01 15:35:00,3223.15,3225.62,3220.27,3224.7,485.0
2025-05-01 15:40:00,3224.68,3228.45,3221.6,3226.65,493.0
2025-05-01 15:45:00,3226.51,3229.99,3224.11,3226.31,469.0
2025-05-01 15:50:00,3226.14,3231.06,3225.26,3230.59,432.0
2025-05-01 15:55:00,3230.64,3232.64,3225.06,3226.83,496.0
2025-05-01 16:00:00,3226.75,3226.97,3223.13,3224.06,465.0
2025-05-01 16:05:00,3224.0,3226.09,3221.53,3221.53,417.0
2025-05-01 16:10:00,3221.48,3229.97,3221.17,3229.13,455.0
2025-05-01 16:15:00,3229.09,3230.26,3223.47,3223.47,430.0
2025-05-01 16:20:00,3223.51,3226.44,3221.06,3225.89,419.0
2025-05-01 16:25:00,3225.94,3228.13,3222.95,3227.23,419.0
2025-05-01 16:30:00,3227.1,3229.94,3221.08,3225.03,494.0
2025-05-01 16:35:00,3225.19,3229.23,3220.49,3229.15,495.0
2025-05-01 16:40:00,3228.73,3232.98,3227.47,3227.73,461.0
2025-05-01 16:45:00,3227.32,3227.41,3219.03,3223.73,512.0
2025-05-01 16:50:00,3223.7,3224.73,3219.09,3222.74,513.0
2025-05-01 16:55:00,3222.42,3224.97,3221.09,3224.39,427.0
2025-05-01 17:00:00,3224.81,3224.94,3214.62,3220.74,539.0
2025-05-01 17:05:00,3220.75,3224.53,3217.75,3222.58,517.0
2025-05-01 17:10:00,3222.39,3228.25,3221.1,3224.54,506.0
2025-05-01 17:15:00,3224.72,3224.72,3216.42,3219.12,525.0
2025-05-01 17:20:00,3218.99,3222.26,3214.38,3217.83,517.0
2025-05-01 17:25:00,3217.79,3222.84,3217.79,3222.84,478.0
2025-05-01 17:30:00,3222.7,3227.35,3221.0,3224.88,524.0
2025-05-01 17:35:00,3224.7,3228.46,3223.43,3227.86,509.0
2025-05-01 17:40:00,3227.85,3231.15,3227.83,3230.08,507.0
2025-05-01 17:45:00,3230.09,3231.46,3225.58,3225.73,468.0
2025-05-01 17:50:00,3225.75,3226.04,3220.37,3220.41,454.0
2025-05-01 17:55:00,3220.47,3222.82,3218.47,3219.02,465.0
2025-05-01 18:00:00,3219.09,3221.75,3218.81,3220.36,418.0
2025-05-01 18:05:00,3220.48,3221.17,3217.5,3219.09,434.0
2025-05-01 18:10:00,3219.16,3221.07,3217.99,3217.99,405.0
2025-05-01 18:15:00,3217.98,3217.98,3214.58,3215.43,468.0
2025-05-01 18:20:00,3215.43,3218.18,3215.32,3215.59,388.0
2025-05-01 18:25:00,3215.59,3217.3,3213.68,3215.37,410.0
2025-05-01 18:30:00,3215.42,3215.69,3209.09,3209.32,425.0
2025-05-01 18:35:00,3209.04,3212.51,3206.7,3211.49,449.0
2025-05-01 18:40:00,3211.49,3212.57,3205.99,3206.96,418.0
2025-05-01 18:45:00,3206.91,3209.33,3205.04,3207.77,417.0
2025-05-01 18:50:00,3207.77,3213.92,3207.77,3213.11,412.0
2025-05-01 18:55:00,3213.08,3218.09,3212.86,3216.45,446.0
2025-05-01 19:00:00,3216.46,3217.31,3211.66,3212.69,413.0
2025-05-01 19:05:00,3212.72,3213.37,3209.64,3210.26,400.0
2025-05-01 19:10:00,3210.09,3212.36,3208.95,3210.11,416.0
2025-05-01 19:15:00,3210.11,3214.71,3210.11,3212.13,398.0
2025-05-01 19:20:00,3212.07,3213.54,3210.7,3211.35,405.0
2025-05-01 19:25:00,3211.34,3212.32,3209.5,3209.68,401.0
2025-05-01 19:30:00,3209.66,3212.7,3209.66,3210.4,395.0
2025-05-01 19:35:00,3210.75,3213.79,3210.53,3213.37,396.0
2025-05-01 19:40:00,3213.36,3216.03,3212.54,3216.01,257.0
2025-05-01 19:45:00,3214.81,3217.49,3214.25,3216.23,283.0
2025-05-01 19:50:00,3216.3,3217.75,3215.26,3217.02,365.0
2025-05-01 19:55:00,3217.02,3220.43,3216.19,3219.47,396.0
2025-05-01 20:00:00,3219.68,3220.5,3217.18,3218.11,391.0
2025-05-01 20:05:00,3218.17,3218.39,3216.32,3217.0,357.0
2025-05-01 20:10:00,3217.03,3220.29,3217.03,3219.23,325.0
2025-05-01 20:15:00,3219.35,3219.93,3217.08,3219.92,369.0
2025-05-01 20:20:00,3219.91,3220.67,3215.95,3216.24,383.0
2025-05-01 20:25:00,3216.33,3217.79,3213.97,3215.9,380.0
2025-05-01 20:30:00,3215.98,3216.37,3212.64,3213.01,365.0
2025-05-01 20:35:00,3213.01,3215.4,3213.01,3213.89,346.0
2025-05-01 20:40:00,3213.89,3213.96,3209.97,3211.41,379.0
2025-05-01 20:45:00,3211.35,3214.31,3210.3,3213.19,359.0
2025-05-01 20:50:00,3213.23,3214.89,3213.11,3214.73,306.0
2025-05-01 20:55:00,3214.79,3215.94,3214.11,3214.7,325.0
2025-05-01 21:00:00,3214.52,3214.89,3212.88,3213.85,342.0
2025-05-01 21:05:00,3213.84,3216.29,3213.84,3215.33,335.0
2025-05-01 21:10:00,3215.24,3217.91,3215.22,3217.38,298.0
2025-05-01 21:15:00,3217.37,3218.89,3217.37,3218.0,290.0
2025-05-01 21:20:00,3217.76,3217.76,3215.42,3215.88,399.0
2025-05-01 21:25:00,3215.88,3217.06,3214.77,3216.96,365.0
2025-05-01 21:30:00,3217.02,3221.58,3216.36,3221.32,380.0
2025-05-01 21:35:00,3221.27,3224.67,3221.24,3224.32,419.0
2025-05-01 21:40:00,3224.33,3226.57,3222.74,3225.44,344.0
2025-05-01 21:45:00,3225.47,3226.73,3225.35,3226.38,298.0
2025-05-01 21:50:00,3226.38,3226.6,3224.47,3224.52,341.0
2025-05-01 21:55:00,3224.55,3224.94,3223.71,3223.89,321.0
2025-05-01 22:00:00,3223.87,3226.32,3223.87,3225.4,347.0
2025-05-01 22:05:00,3225.42,3226.1,3224.23,3224.87,299.0
2025-05-01 22:10:00,3224.92,3226.83,3224.61,3225.81,339.0
2025-05-01 22:15:00,3225.82,3225.9,3224.26,3225.53,333.0
2025-05-01 22:20:00,3225.5,3226.94,3224.38,3224.65,320.0
2025-05-01 22:25:00,3224.64,3226.55,3224.63,3225.8,315.0
2025-05-01 22:30:00,3225.82,3226.69,3224.85,3226.34,334.0
2025-05-01 22:35:00,3226.17,3226.99,3225.63,3225.75,296.0
2025-05-01 22:40:00,3225.77,3229.82,3225.38,3228.7,362.0
2025-05-01 22:45:00,3228.8,3229.03,3226.69,3226.69,374.0
2025-05-01 22:50:00,3226.7,3228.48,3225.45,3226.66,369.0
2025-05-01 22:55:00,3226.73,3229.59,3226.73,3228.22,390.0
2025-05-01 23:00:00,3228.41,3231.47,3228.07,3231.34,268.0
2025-05-01 23:05:00,3231.4,3232.48,3230.25,3232.05,247.0
2025-05-01 23:10:00,3232.04,3235.74,3231.85,3235.74,257.0
2025-05-01 23:15:00,3235.76,3236.86,3233.34,3235.23,278.0
2025-05-01 23:20:00,3235.27,3235.6,3233.5,3233.69,160.0
2025-05-01 23:25:00,3233.68,3233.79,3230.3,3230.84,233.0
2025-05-01 23:30:00,3230.76,3234.83,3230.23,3232.94,250.0
2025-05-01 23:35:00,3232.96,3235.47,3232.9,3235.31,222.0
2025-05-01 23:40:00,3235.3,3239.64,3235.3,3239.15,273.0
2025-05-01 23:45:00,3239.15,3239.86,3237.42,3237.68,253.0
2025-05-01 23:50:00,3237.67,3239.42,3235.21,3235.68,199.0
2025-05-01 23:55:00,3236.38,3238.4,3236.12,3237.89,219.0
2025-05-02 01:00:00,3240.43,3241.08,3237.81,3239.1,430.0
2025-05-02 01:05:00,3239.1,3243.45,3235.42,3235.42,207.0
2025-05-02 01:10:00,3235.46,3238.09,3235.46,3236.46,176.0
2025-05-02 01:15:00,3236.2,3238.77,3235.65,3236.78,166.0
2025-05-02 01:20:00,3236.77,3240.25,3236.77,3237.71,232.0
2025-05-02 01:25:00,3237.71,3239.37,3237.13,3237.3,188.0
2025-05-02 01:30:00,3237.31,3237.47,3232.59,3233.36,344.0
2025-05-02 01:35:00,3233.42,3236.29,3233.42,3234.57,267.0
2025-05-02 01:40:00,3234.55,3236.06,3234.13,3235.76,214.0
2025-05-02 01:45:00,3235.79,3238.6,3235.64,3236.83,242.0
2025-05-02 01:50:00,3236.87,3238.93,3236.55,3237.87,251.0
2025-05-02 01:55:00,3237.81,3238.76,3237.55,3237.79,203.0
2025-05-02 02:00:00,3237.95,3241.53,3236.87,3241.02,309.0
2025-05-02 02:05:00,3240.94,3241.25,3238.77,3239.04,276.0
2025-05-02 02:10:00,3239.04,3239.07,3236.68,3237.34,259.0
2025-05-02 02:15:00,3237.35,3237.79,3236.07,3237.58,286.0
2025-05-02 02:20:00,3237.57,3238.38,3236.74,3237.47,236.0
2025-05-02 02:25:00,3237.47,3238.28,3236.64,3236.67,163.0
2025-05-02 02:30:00,3236.68,3237.96,3235.74,3237.23,177.0
2025-05-02 02:35:00,3237.23,3237.84,3236.69,3236.9,169.0
2025-05-02 02:40:00,3236.72,3238.74,3236.35,3238.74,210.0
2025-05-02 02:45:00,3238.68,3239.59,3236.92,3237.19,218.0
2025-05-02 02:50:00,3237.12,3237.9,3234.74,3237.08,243.0
2025-05-02 02:55:00,3236.92,3237.74,3235.48,3237.31,338.0
2025-05-02 03:00:00,3237.46,3240.07,3237.15,3240.01,413.0
2025-05-02 03:05:00,3240.09,3241.12,3238.39,3238.71,352.0
2025-05-02 03:10:00,3238.74,3239.12,3237.15,3238.57,334.0
2025-05-02 03:15:00,3238.5,3241.67,3238.49,3240.6,342.0
2025-05-02 03:20:00,3240.67,3244.03,3239.82,3243.74,349.0
2025-05-02 03:25:00,3243.44,3244.17,3240.87,3243.3,388.0
2025-05-02 03:30:00,3243.53,3244.27,3239.99,3240.86,341.0
2025-05-02 03:35:00,3240.89,3241.34,3239.08,3239.71,343.0
2025-05-02 03:40:00,3239.73,3242.76,3239.43,3240.08,393.0
2025-05-02 03:45:00,3240.23,3240.25,3231.98,3232.7,469.0
2025-05-02 03:50:00,3232.35,3234.62,3229.34,3230.48,408.0
2025-05-02 03:55:00,3230.5,3232.34,3227.53,3231.52,416.0
2025-05-02 04:00:00,3231.55,3235.48,3231.55,3233.29,421.0
2025-05-02 04:05:00,3233.24,3234.73,3232.42,3234.07,355.0
2025-05-02 04:10:00,3233.87,3236.37,3233.41,3235.93,363.0
2025-05-02 04:15:00,3235.91,3237.47,3234.95,3235.08,380.0
2025-05-02 04:20:00,3235.17,3235.33,3233.55,3233.95,351.0
2025-05-02 04:25:00,3233.96,3234.61,3231.97,3233.25,253.0
2025-05-02 04:30:00,3233.58,3235.2,3233.42,3234.02,304.0
2025-05-02 04:35:00,3234.03,3235.38,3231.41,3234.81,426.0
2025-05-02 04:40:00,3234.8,3235.4,3232.72,3233.88,380.0
2025-05-02 04:45:00,3233.87,3237.3,3233.17,3236.13,382.0
2025-05-02 04:50:00,3236.01,3236.45,3234.27,3235.28,332.0
2025-05-02 04:55:00,3235.27,3237.45,3234.92,3236.43,340.0
2025-05-02 05:00:00,3236.51,3239.92,3235.89,3239.28,397.0
2025-05-02 05:05:00,3239.16,3242.29,3238.35,3242.29,374.0
2025-05-02 05:10:00,3242.23,3243.84,3242.1,3243.08,407.0
2025-05-02 05:15:00,3242.83,3247.43,3241.63,3244.62,411.0
2025-05-02 05:20:00,3244.72,3246.75,3243.06,3246.61,430.0
2025-05-02 05:25:00,3246.61,3246.98,3245.41,3246.21,359.0
2025-05-02 05:30:00,3246.22,3247.9,3245.82,3246.17,321.0
2025-05-02 05:35:00,3246.14,3246.14,3243.38,3245.04,355.0
2025-05-02 05:40:00,3244.87,3246.0,3244.11,3245.71,333.0
2025-05-02 05:45:00,3245.69,3247.4,3245.32,3247.31,339.0
2025-05-02 05:50:00,3247.28,3249.34,3246.18,3248.53,342.0
2025-05-02 05:55:00,3248.55,3248.92,3247.36,3248.11,356.0
2025-05-02 06:00:00,3248.14,3249.01,3246.37,3246.4,330.0
2025-05-02 06:05:00,3246.38,3250.49,3245.88,3247.99,386.0
2025-05-02 06:10:00,3247.91,3251.12,3247.55,3250.52,355.0
2025-05-02 06:15:00,3250.59,3252.27,3249.57,3249.8,344.0
2025-05-02 06:20:00,3249.83,3252.5,3249.11,3251.95,370.0
2025-05-02 06:25:00,3251.95,3254.15,3251.53,3254.14,341.0
2025-05-02 06:30:00,3254.13,3254.97,3253.74,3254.33,370.0
2025-05-02 06:35:00,3254.33,3257.12,3253.4,3255.38,345.0
2025-05-02 06:40:00,3255.36,3257.44,3255.19,3256.88,325.0
2025-05-02 06:45:00,3256.91,3258.45,3256.77,3257.68,313.0
2025-05-02 06:50:00,3257.64,3258.49,3256.46,3256.67,348.0
2025-05-02 06:55:00,3256.62,3258.67,3254.7,3255.0,347.0
2025-05-02 07:00:00,3254.96,3256.1,3253.36,3255.29,422.0
2025-05-02 07:05:00,3255.31,3256.72,3254.33,3255.58,347.0
2025-05-02 07:10:00,3255.56,3255.68,3253.26,3255.43,335.0
2025-05-02 07:15:00,3255.41,3256.47,3254.33,3256.12,320.0
2025-05-02 07:20:00,3256.13,3257.39,3254.79,3254.79,340.0
2025-05-02 07:25:00,3254.79,3256.54,3254.19,3255.79,344.0
2025-05-02 07:30:00,3255.79,3255.79,3252.98,3253.29,328.0
2025-05-02 07:35:00,3253.33,3255.89,3252.83,3255.41,319.0
2025-05-02 07:40:00,3255.42,3255.48,3252.8,3253.59,308.0
2025-05-02 07:45:00,3253.76,3254.77,3253.46,3254.73,316.0
2025-05-02 07:50:00,3254.72,3254.75,3253.4,3253.66,272.0
2025-05-02 07:55:00,3253.54,3253.71,3250.54,3251.81,358.0
2025-05-02 08:00:00,3251.59,3252.92,3249.5,3252.49,354.0
2025-05-02 08:05:00,3252.5,3254.3,3251.98,3252.9,323.0
2025-05-02 08:10:00,3252.89,3253.55,3251.64,3252.63,278.0
2025-05-02 08:15:00,3252.63,3252.69,3251.18,3251.75,276.0
2025-05-02 08:20:00,3251.74,3253.21,3250.61,3252.4,305.0
2025-05-02 08:25:00,3252.51,3252.93,3250.99,3252.48,323.0
2025-05-02 08:30:00,3252.48,3254.59,3251.98,3253.59,340.0
2025-05-02 08:35:00,3253.53,3256.95,3253.49,3256.03,347.0
2025-05-02 08:40:00,3256.06,3256.29,3253.59,3254.18,281.0
2025-05-02 08:45:00,3254.22,3255.29,3251.19,3251.45,374.0
2025-05-02 08:50:00,3251.43,3252.55,3250.68,3251.85,340.0
2025-05-02 08:55:00,3251.87,3253.72,3251.77,3251.9,334.0
2025-05-02 09:00:00,3251.93,3253.13,3249.96,3252.85,403.0
2025-05-02 09:05:00,3252.84,3254.85,3252.67,3254.01,375.0
2025-05-02 09:10:00,3254.34,3255.79,3253.79,3254.83,315.0
2025-05-02 09:15:00,3254.77,3259.74,3251.75,3259.68,399.0
2025-05-02 09:20:00,3259.62,3262.34,3259.62,3261.64,429.0
2025-05-02 09:25:00,3261.22,3261.69,3256.2,3258.16,393.0
2025-05-02 09:30:00,3258.06,3260.18,3257.27,3257.28,331.0
2025-05-02 09:35:00,3257.35,3257.36,3253.46,3253.69,382.0
2025-05-02 09:40:00,3253.78,3254.7,3251.44,3251.67,392.0
2025-05-02 09:45:00,3251.69,3252.61,3249.48,3249.69,412.0
2025-05-02 09:50:00,3249.53,3250.37,3246.44,3249.89,405.0
2025-05-02 09:55:00,3249.9,3253.03,3249.9,3252.85,365.0
2025-05-02 10:00:00,3252.86,3255.91,3251.73,3253.59,418.0
2025-05-02 10:05:00,3253.27,3254.13,3251.71,3254.13,367.0
2025-05-02 10:10:00,3254.02,3255.39,3252.56,3252.99,324.0
2025-05-02 10:15:00,3252.91,3255.46,3251.62,3254.18,346.0
2025-05-02 10:20:00,3254.23,3256.05,3253.24,3254.94,388.0
2025-05-02 10:25:00,3254.95,3258.21,3254.58,3255.95,326.0
2025-05-02 10:30:00,3255.92,3261.84,3255.55,3261.84,336.0
2025-05-02 10:35:00,3261.83,3263.15,3259.92,3260.78,413.0
2025-05-02 10:40:00,3260.69,3261.41,3258.65,3258.69,350.0
2025-05-02 10:45:00,3258.69,3261.73,3258.69,3260.37,381.0
2025-05-02 10:50:00,3260.5,3261.17,3257.8,3257.8,359.0
2025-05-02 10:55:00,3257.9,3260.93,3257.78,3258.91,355.0
2025-05-02 11:00:00,3259.04,3261.59,3257.48,3259.91,403.0
2025-05-02 11:05:00,3259.9,3260.37,3256.67,3257.54,392.0
2025-05-02 11:10:00,3257.53,3258.38,3256.19,3256.5,390.0
2025-05-02 11:15:00,3256.55,3258.06,3255.28,3256.68,366.0
2025-05-02 11:20:00,3256.72,3261.09,3256.72,3258.83,390.0
2025-05-02 11:25:00,3258.86,3259.16,3256.83,3257.61,357.0
2025-05-02 11:30:00,3257.61,3258.94,3256.98,3258.33,320.0
2025-05-02 11:35:00,3258.42,3259.86,3257.99,3259.2,313.0
2025-05-02 11:40:00,3259.51,3260.89,3259.15,3260.44,322.0
2025-05-02 11:45:00,3260.43,3260.73,3258.83,3260.4,341.0
2025-05-02 11:50:00,3260.32,3261.26,3258.52,3258.89,349.0
2025-05-02 11:55:00,3258.78,3260.81,3257.95,3258.11,269.0
2025-05-02 12:00:00,3258.08,3258.71,3255.17,3257.8,352.0
2025-05-02 12:05:00,3257.84,3261.52,3256.63,3261.27,391.0
2025-05-02 12:10:00,3261.31,3263.06,3260.17,3260.52,317.0
2025-05-02 12:20:00,3261.89,3262.16,3260.28,3261.66,290.0
2025-05-02 12:25:00,3261.67,3262.77,3260.25,3260.25,370.0
2025-05-02 12:30:00,3260.35,3263.18,3260.33,3262.69,377.0
2025-05-02 12:35:00,3262.64,3264.82,3261.93,3264.25,385.0
2025-05-02 12:40:00,3264.26,3266.37,3262.89,3265.97,365.0
2025-05-02 12:45:00,3266.03,3266.45,3264.04,3264.38,394.0
2025-05-02 12:50:00,3264.39,3267.13,3263.71,3265.55,410.0
2025-05-02 12:55:00,3265.49,3265.57,3263.71,3265.22,392.0
2025-05-02 13:00:00,3265.24,3265.68,3263.53,3264.06,358.0
2025-05-02 13:05:00,3264.03,3264.55,3261.56,3261.7,320.0
2025-05-02 13:10:00,3261.61,3262.37,3259.6,3259.79,356.0
2025-05-02 13:15:00,3259.68,3261.78,3258.38,3258.56,372.0
2025-05-02 13:20:00,3258.65,3262.36,3258.33,3262.2,370.0
2025-05-02 13:25:00,3262.26,3263.0,3259.68,3262.91,381.0
2025-05-02 13:30:00,3262.92,3263.07,3259.45,3259.79,344.0
2025-05-02 13:35:00,3259.79,3259.83,3257.3,3259.83,367.0
2025-05-02 13:40:00,3259.75,3259.77,3257.94,3258.13,325.0
2025-05-02 13:45:00,3258.18,3258.97,3257.31,3258.97,330.0
2025-05-02 13:50:00,3258.97,3260.3,3258.66,3260.13,331.0
2025-05-02 13:55:00,3260.08,3260.08,3257.61,3259.35,360.0
2025-05-02 14:00:00,3259.43,3260.22,3259.4,3260.13,315.0
2025-05-02 14:05:00,3260.09,3260.28,3258.87,3259.81,353.0
2025-05-02 14:10:00,3259.78,3260.13,3258.0,3258.76,345.0
2025-05-02 14:15:00,3258.78,3263.32,3258.78,3262.23,406.0
2025-05-02 14:20:00,3262.12,3264.6,3261.13,3264.35,370.0
2025-05-02 14:25:00,3264.35,3266.16,3263.61,3265.67,410.0
2025-05-02 14:30:00,3265.64,3267.36,3264.66,3266.88,391.0
2025-05-02 14:35:00,3266.96,3268.04,3266.24,3267.73,370.0
2025-05-02 14:40:00,3267.73,3267.77,3264.75,3265.46,397.0
2025-05-02 14:45:00,3265.45,3269.28,3264.89,3268.14,379.0
2025-05-02 14:50:00,3268.19,3268.25,3264.06,3264.26,397.0
2025-05-02 14:55:00,3264.25,3265.25,3262.52,3262.65,400.0
2025-05-02 15:00:00,3262.67,3263.87,3261.08,3262.02,411.0
2025-05-02 15:05:00,3262.04,3264.95,3261.58,3262.46,406.0
2025-05-02 15:10:00,3262.48,3263.38,3260.58,3262.76,408.0
2025-05-02 15:15:00,3262.74,3262.77,3260.89,3261.87,419.0
2025-05-02 15:20:00,3262.22,3263.88,3259.49,3260.67,458.0
2025-05-02 15:25:00,3260.67,3261.46,3257.81,3258.89,420.0
2025-05-02 15:30:00,3259.28,3259.5,3250.7,3254.21,555.0
2025-05-02 15:35:00,3254.24,3260.58,3250.32,3259.64,567.0
2025-05-02 15:40:00,3259.12,3262.94,3256.15,3256.15,530.0
2025-05-02 15:45:00,3256.08,3257.5,3252.79,3257.15,529.0
2025-05-02 15:50:00,3256.91,3260.26,3255.01,3256.98,525.0
2025-05-02 15:55:00,3256.93,3257.2,3250.33,3250.43,523.0
2025-05-02 16:00:00,3250.31,3251.13,3243.82,3244.26,547.0
2025-05-02 16:05:00,3244.11,3245.89,3239.59,3243.17,540.0
2025-05-02 16:10:00,3243.08,3245.62,3239.62,3243.65,523.0
2025-05-02 16:15:00,3242.99,3249.17,3242.99,3248.44,512.0
2025-05-02 16:20:00,3248.38,3257.34,3248.1,3256.1,507.0
2025-05-02 16:25:00,3256.62,3259.43,3254.82,3257.43,502.0
2025-05-02 16:30:00,3257.38,3259.58,3249.26,3251.33,527.0
2025-05-02 16:35:00,3251.28,3258.73,3249.59,3254.54,521.0
2025-05-02 16:40:00,3254.48,3258.12,3248.3,3253.09,534.0
2025-05-02 16:45:00,3252.97,3253.05,3243.94,3249.2,522.0
2025-05-02 16:50:00,3249.16,3252.48,3246.25,3247.19,518.0
2025-05-02 16:55:00,3246.87,3250.72,3244.71,3250.48,468.0
2025-05-02 17:00:00,3250.45,3252.07,3243.09,3243.49,495.0
2025-05-02 17:05:00,3243.46,3247.25,3242.17,3244.41,511.0
2025-05-02 17:10:00,3244.44,3252.21,3244.17,3252.11,531.0
2025-05-02 17:15:00,3252.29,3254.95,3250.43,3254.63,524.0
2025-05-02 17:20:00,3254.59,3256.64,3251.09,3256.54,523.0
2025-05-02 17:25:00,3256.56,3257.92,3252.5,3253.23,510.0
2025-05-02 17:30:00,3253.18,3258.87,3253.18,3258.01,512.0
2025-05-02 17:35:00,3258.13,3260.74,3256.13,3257.71,495.0
2025-05-02 17:40:00,3257.73,3258.79,3253.06,3253.64,490.0
2025-05-02 17:45:00,3253.59,3256.95,3250.9,3256.7,453.0
2025-05-02 17:50:00,3256.98,3263.02,3256.68,3261.03,457.0
2025-05-02 17:55:00,3261.03,3264.57,3260.38,3262.7,424.0
2025-05-02 18:00:00,3262.79,3263.59,3260.16,3263.06,457.0
2025-05-02 18:05:00,3263.07,3263.67,3259.6,3261.63,402.0
2025-05-02 18:10:00,3261.63,3264.12,3261.59,3263.3,380.0
2025-05-02 18:15:00,3263.26,3264.12,3256.21,3256.51,430.0
2025-05-02 18:20:00,3256.48,3257.23,3252.02,3252.62,441.0
2025-05-02 18:25:00,3252.62,3252.88,3248.27,3251.0,447.0
2025-05-02 18:30:00,3251.05,3251.34,3242.45,3242.73,498.0
2025-05-02 18:35:00,3242.48,3242.6,3235.64,3235.86,537.0
2025-05-02 18:40:00,3236.16,3238.36,3234.52,3237.12,527.0
2025-05-02 18:45:00,3237.12,3238.05,3232.38,3232.91,520.0
2025-05-02 18:50:00,3232.67,3236.11,3230.21,3235.82,523.0
2025-05-02 18:55:00,3235.72,3236.05,3231.03,3231.54,463.0
2025-05-02 19:00:00,3231.6,3233.3,3226.63,3231.2,527.0
2025-05-02 19:05:00,3231.25,3231.79,3227.35,3229.72,509.0
2025-05-02 19:10:00,3229.71,3229.97,3224.76,3228.86,510.0
2025-05-02 19:15:00,3228.86,3231.93,3226.19,3227.2,514.0
2025-05-02 19:20:00,3227.14,3234.72,3226.56,3234.51,467.0
2025-05-02 19:25:00,3234.19,3236.25,3233.75,3233.75,452.0
2025-05-02 19:30:00,3233.76,3234.19,3228.49,3231.7,518.0
2025-05-02 19:35:00,3231.67,3233.05,3230.26,3232.56,448.0
2025-05-02 19:40:00,3232.57,3235.48,3231.98,3233.73,445.0
2025-05-02 19:45:00,3233.65,3233.76,3228.13,3228.38,457.0
2025-05-02 19:50:00,3228.33,3230.19,3226.22,3226.33,459.0
2025-05-02 19:55:00,3226.31,3226.66,3222.78,3224.88,494.0
2025-05-02 20:00:00,3225.03,3227.49,3223.62,3226.82,483.0
2025-05-02 20:05:00,3226.74,3229.9,3224.55,3229.32,461.0
2025-05-02 20:10:00,3229.31,3231.99,3229.31,3231.67,452.0
2025-05-02 20:15:00,3231.68,3234.57,3231.0,3234.5,435.0
2025-05-02 20:20:00,3234.41,3239.12,3234.03,3239.0,452.0
2025-05-02 20:25:00,3239.0,3239.81,3234.95,3235.26,472.0
2025-05-02 20:30:00,3235.27,3236.02,3233.56,3235.92,431.0
2025-05-02 20:35:00,3235.97,3235.97,3229.63,3229.8,444.0
2025-05-02 20:40:00,3229.84,3230.91,3227.15,3229.31,440.0
2025-05-02 20:45:00,3229.32,3232.85,3226.61,3232.85,402.0
2025-05-02 20:50:00,3232.84,3233.62,3230.68,3233.11,403.0
2025-05-02 20:55:00,3233.24,3233.53,3229.97,3231.4,372.0
2025-05-02 21:00:00,3231.59,3232.24,3229.67,3231.4,376.0
2025-05-02 21:05:00,3231.58,3232.33,3229.74,3230.22,328.0
2025-05-02 21:10:00,3230.22,3230.28,3226.25,3226.62,364.0
2025-05-02 21:15:00,3226.63,3227.59,3225.99,3226.64,359.0
2025-05-02 21:20:00,3226.92,3229.59,3226.4,3228.49,357.0
2025-05-02 21:25:00,3228.49,3229.86,3227.55,3228.89,393.0
2025-05-02 21:30:00,3229.06,3229.31,3226.19,3226.84,355.0
2025-05-02 21:35:00,3226.88,3229.04,3226.71,3228.26,351.0
2025-05-02 21:40:00,3228.24,3228.53,3224.32,3225.09,401.0
2025-05-02 21:45:00,3225.22,3228.86,3224.37,3228.86,381.0
2025-05-02 21:50:00,3228.42,3228.66,3225.88,3227.33,380.0
2025-05-02 21:55:00,3227.35,3227.36,3225.7,3226.23,382.0
2025-05-02 22:00:00,3226.42,3231.7,3226.42,3230.47,407.0
2025-05-02 22:05:00,3230.62,3232.67,3227.77,3229.12,413.0
2025-05-02 22:10:00,3229.12,3231.49,3228.52,3228.93,371.0
2025-05-02 22:15:00,3228.97,3230.67,3227.87,3230.02,359.0
2025-05-02 22:20:00,3230.01,3230.01,3227.49,3228.02,372.0
2025-05-02 22:25:00,3228.05,3229.62,3227.95,3228.43,348.0
2025-05-02 22:30:00,3228.4,3229.81,3227.55,3229.43,402.0
2025-05-02 22:35:00,3229.42,3231.74,3228.18,3231.52,380.0
2025-05-02 22:40:00,3231.44,3233.33,3231.39,3233.05,391.0
2025-05-02 22:45:00,3233.13,3234.52,3232.44,3232.88,393.0
2025-05-02 22:50:00,3232.8,3233.46,3231.36,3233.37,395.0
2025-05-02 22:55:00,3233.3,3233.77,3231.85,3233.4,422.0
2025-05-02 23:00:00,3233.75,3234.98,3232.61,3233.74,259.0
2025-05-02 23:05:00,3233.59,3234.31,3232.85,3233.94,220.0
2025-05-02 23:10:00,3233.96,3235.83,3232.81,3235.83,202.0
2025-05-02 23:15:00,3235.81,3239.89,3235.77,3239.88,221.0
2025-05-02 23:20:00,3239.89,3241.15,3237.9,3239.55,246.0
2025-05-02 23:25:00,3239.54,3240.19,3237.87,3237.94,197.0
2025-05-02 23:30:00,3237.98,3239.08,3237.81,3238.79,186.0
2025-05-02 23:35:00,3239.0,3239.94,3238.38,3239.03,212.0
2025-05-02 23:40:00,3239.01,3239.31,3238.5,3239.31,168.0
2025-05-02 23:45:00,3239.39,3239.96,3237.91,3238.85,205.0
2025-05-02 23:50:00,3238.83,3240.77,3238.83,3240.68,185.0
2025-05-02 23:55:00,3241.2,3241.4,3240.3,3240.3,62.0
2025-05-05 01:00:00,3240.86,3244.54,3237.44,3238.45,608.0
2025-05-05 01:05:00,3238.45,3241.35,3238.4,3239.21,215.0
2025-05-05 01:10:00,3239.21,3240.81,3237.44,3239.89,252.0
2025-05-05 01:15:00,3239.93,3242.06,3239.57,3241.08,202.0
2025-05-05 01:20:00,3241.2,3242.79,3240.99,3242.31,188.0
2025-05-05 01:25:00,3242.33,3242.53,3240.16,3240.25,191.0
2025-05-05 01:30:00,3239.96,3242.26,3239.72,3241.71,235.0
2025-05-05 01:35:00,3241.71,3242.39,3240.47,3242.35,190.0
2025-05-05 01:40:00,3242.45,3244.26,3241.39,3242.54,257.0
2025-05-05 01:45:00,3242.47,3244.24,3241.33,3241.48,253.0
2025-05-05 01:50:00,3241.52,3241.57,3239.64,3240.21,211.0
2025-05-05 01:55:00,3240.17,3240.97,3238.84,3239.55,241.0
2025-05-05 02:00:00,3239.83,3241.71,3239.75,3241.46,227.0
2025-05-05 02:05:00,3241.52,3242.36,3238.89,3241.81,219.0
2025-05-05 02:10:00,3241.82,3242.59,3239.45,3242.52,221.0
2025-05-05 02:15:00,3242.53,3243.34,3241.53,3243.3,184.0
2025-05-05 02:20:00,3243.54,3243.7,3242.39,3242.76,184.0
2025-05-05 02:25:00,3242.77,3244.4,3242.77,3244.16,223.0
2025-05-05 02:30:00,3244.15,3247.85,3243.62,3247.37,287.0
2025-05-05 02:35:00,3247.56,3249.43,3247.21,3248.62,254.0
2025-05-05 02:40:00,3248.53,3249.86,3247.59,3249.58,227.0
2025-05-05 02:45:00,3249.7,3251.23,3249.16,3249.88,289.0
2025-05-05 02:50:00,3250.24,3252.2,3248.65,3250.7,336.0
2025-05-05 02:55:00,3250.48,3251.57,3247.01,3247.98,359.0
2025-05-05 03:00:00,3247.96,3248.47,3244.78,3246.48,330.0
2025-05-05 03:05:00,3246.71,3247.48,3244.86,3245.54,305.0
2025-05-05 03:10:00,3245.52,3246.32,3244.18,3246.02,295.0
2025-05-05 03:15:00,3246.09,3246.49,3244.63,3246.14,260.0
2025-05-05 03:20:00,3246.17,3246.58,3244.31,3245.64,255.0
2025-05-05 03:25:00,3245.59,3245.93,3244.09,3245.82,267.0
2025-05-05 03:30:00,3245.38,3246.8,3244.43,3245.08,267.0
2025-05-05 03:35:00,3245.08,3245.15,3242.57,3244.42,282.0
2025-05-05 03:40:00,3244.24,3245.33,3241.85,3242.34,280.0
2025-05-05 03:45:00,3242.54,3248.02,3241.29,3247.32,311.0
2025-05-05 03:50:00,3247.31,3248.09,3246.7,3247.56,249.0
2025-05-05 03:55:00,3247.46,3247.91,3246.39,3246.71,271.0
2025-05-05 04:00:00,3247.4,3253.3,3246.58,3253.03,347.0
2025-05-05 04:05:00,3253.2,3256.06,3253.2,3255.91,353.0
2025-05-05 04:10:00,3255.84,3259.16,3255.57,3259.14,377.0
2025-05-05 04:15:00,3258.77,3261.22,3256.52,3261.11,364.0
2025-05-05 04:20:00,3261.24,3265.03,3261.19,3264.32,391.0
2025-05-05 04:25:00,3264.26,3266.33,3263.5,3265.15,345.0
2025-05-05 04:30:00,3265.27,3270.19,3264.58,3267.48,372.0
2025-05-05 04:35:00,3267.77,3270.83,3264.87,3266.15,356.0
2025-05-05 04:40:00,3266.16,3266.65,3262.8,3263.85,352.0
2025-05-05 04:45:00,3263.78,3265.06,3263.02,3263.48,299.0
2025-05-05 04:50:00,3263.5,3266.62,3262.77,3266.45,315.0
2025-05-05 04:55:00,3266.23,3266.52,3264.08,3264.77,314.0
2025-05-05 05:00:00,3264.78,3271.01,3263.37,3268.79,347.0
2025-05-05 05:05:00,3268.63,3269.11,3265.14,3265.29,363.0
2025-05-05 05:10:00,3265.33,3265.43,3260.4,3261.38,353.0
2025-05-05 05:15:00,3261.22,3263.23,3259.77,3262.16,345.0
2025-05-05 05:20:00,3262.1,3266.26,3262.1,3265.06,278.0
2025-05-05 05:25:00,3265.02,3266.15,3262.9,3266.05,304.0
2025-05-05 05:30:00,3266.04,3267.71,3265.49,3267.29,286.0
2025-05-05 05:35:00,3267.36,3267.67,3266.54,3266.78,265.0
2025-05-05 05:40:00,3266.79,3269.95,3266.49,3268.01,314.0
2025-05-05 05:45:00,3267.69,3271.69,3266.91,3271.18,352.0
2025-05-05 05:50:00,3271.29,3272.29,3268.55,3270.15,333.0
2025-05-05 05:55:00,3270.16,3271.28,3269.49,3270.07,296.0
2025-05-05 06:00:00,3270.13,3271.15,3267.9,3270.45,316.0
2025-05-05 06:05:00,3270.44,3271.16,3265.76,3266.24,305.0
2025-05-05 06:10:00,3266.24,3267.04,3260.07,3260.07,363.0
2025-05-05 06:15:00,3260.13,3261.84,3258.34,3259.25,295.0
2025-05-05 06:20:00,3259.66,3261.07,3257.38,3260.94,265.0
2025-05-05 06:25:00,3260.96,3261.05,3258.46,3259.49,254.0
2025-05-05 06:30:00,3259.55,3259.57,3256.28,3257.23,293.0
2025-05-05 06:35:00,3257.25,3257.57,3255.64,3256.76,251.0
2025-05-05 06:40:00,3256.77,3257.76,3253.12,3255.31,332.0
2025-05-05 06:45:00,3255.37,3256.37,3253.92,3256.1,262.0
2025-05-05 06:50:00,3255.97,3256.5,3255.16,3256.01,226.0
2025-05-05 06:55:00,3255.95,3256.07,3254.26,3254.56,252.0
2025-05-05 07:00:00,3254.56,3255.82,3253.78,3254.0,225.0
2025-05-05 07:05:00,3254.07,3258.16,3254.05,3257.32,289.0
2025-05-05 07:10:00,3257.02,3257.35,3254.24,3257.08,277.0
2025-05-05 07:15:00,3256.97,3259.11,3256.2,3258.26,245.0
2025-05-05 07:20:00,3258.38,3259.43,3257.11,3258.8,250.0
2025-05-05 07:25:00,3258.8,3258.8,3255.62,3256.35,251.0
2025-05-05 07:30:00,3255.58,3255.58,3253.71,3254.78,233.0
2025-05-05 07:35:00,3254.78,3256.34,3253.64,3255.92,245.0
2025-05-05 07:40:00,3255.93,3257.39,3255.68,3255.93,238.0
2025-05-05 07:45:00,3255.92,3256.1,3253.71,3254.88,271.0
2025-05-05 07:50:00,3254.88,3257.54,3254.88,3257.39,225.0
2025-05-05 07:55:00,3257.37,3258.81,3255.97,3256.52,300.0
2025-05-05 08:00:00,3256.52,3258.0,3256.1,3256.45,253.0
2025-05-05 08:05:00,3256.44,3259.81,3256.14,3259.31,283.0
2025-05-05 08:10:00,3259.33,3260.92,3258.28,3258.94,336.0
2025-05-05 08:15:00,3258.9,3259.61,3258.19,3258.55,250.0
2025-05-05 08:20:00,3258.57,3259.79,3258.15,3259.06,251.0
2025-05-05 08:25:00,3259.16,3259.49,3256.99,3257.96,300.0
2025-05-05 08:30:00,3258.29,3259.14,3256.72,3259.14,253.0
2025-05-05 08:35:00,3259.16,3261.11,3258.94,3260.62,281.0
2025-05-05 08:40:00,3260.6,3261.94,3257.94,3258.04,337.0
2025-05-05 08:45:00,3257.87,3258.03,3254.87,3255.01,323.0
2025-05-05 08:50:00,3255.02,3258.95,3254.07,3258.77,268.0
2025-05-05 08:55:00,3258.73,3261.01,3258.73,3259.75,337.0
2025-05-05 09:00:00,3260.04,3261.91,3256.83,3257.56,366.0
2025-05-05 09:05:00,3257.54,3260.22,3257.0,3259.17,329.0
2025-05-05 09:10:00,3259.22,3259.82,3257.47,3259.68,315.0
2025-05-05 09:15:00,3259.69,3260.43,3256.9,3257.87,304.0
2025-05-05 09:20:00,3257.68,3260.04,3257.68,3259.06,322.0
2025-05-05 09:25:00,3259.02,3260.11,3257.7,3259.1,284.0
2025-05-05 09:30:00,3258.49,3260.64,3256.98,3260.39,287.0
2025-05-05 09:35:00,3260.56,3262.11,3258.69,3260.88,306.0
2025-05-05 09:40:00,3260.81,3264.37,3260.81,3262.66,330.0
2025-05-05 09:45:00,3262.58,3263.66,3261.73,3263.27,282.0
2025-05-05 09:50:00,3263.2,3264.09,3261.97,3263.99,298.0
2025-05-05 09:55:00,3264.01,3265.66,3261.68,3261.68,345.0
2025-05-05 10:00:00,3262.27,3262.27,3259.42,3260.93,363.0
2025-05-05 10:05:00,3260.72,3261.27,3258.72,3261.25,301.0
2025-05-05 10:10:00,3261.19,3263.7,3260.72,3261.91,341.0
2025-05-05 10:15:00,3261.87,3263.95,3260.54,3263.95,300.0
2025-05-05 10:20:00,3263.95,3264.48,3261.89,3261.92,289.0
2025-05-05 10:25:00,3261.65,3263.2,3261.11,3261.11,296.0
2025-05-05 10:30:00,3261.03,3262.29,3260.38,3261.98,289.0
2025-05-05 10:35:00,3261.98,3264.01,3261.34,3263.33,299.0
2025-05-05 10:40:00,3263.31,3265.95,3262.95,3264.24,302.0
2025-05-05 10:45:00,3264.26,3267.6,3263.45,3266.95,298.0
2025-05-05 10:50:00,3266.92,3267.69,3265.16,3265.94,328.0
2025-05-05 10:55:00,3265.87,3266.0,3264.3,3264.75,327.0
2025-05-05 11:00:00,3264.67,3265.4,3263.85,3264.42,313.0
2025-05-05 11:05:00,3264.65,3267.45,3263.61,3263.64,317.0
2025-05-05 11:10:00,3263.72,3265.88,3263.4,3263.58,320.0
2025-05-05 11:15:00,3263.51,3267.55,3263.08,3267.46,305.0
2025-05-05 11:20:00,3267.58,3269.93,3266.6,3269.42,328.0
2025-05-05 11:25:00,3269.41,3273.48,3269.14,3271.99,385.0
2025-05-05 11:30:00,3272.07,3272.71,3270.04,3271.59,394.0
2025-05-05 11:35:00,3271.59,3274.54,3271.4,3273.04,349.0
2025-05-05 11:40:00,3272.85,3278.45,3271.9,3277.29,344.0
2025-05-05 11:45:00,3277.15,3279.68,3276.51,3279.32,345.0
2025-05-05 11:50:00,3279.28,3282.4,3278.5,3281.51,373.0
2025-05-05 11:55:00,3281.52,3282.9,3280.6,3282.32,347.0
2025-05-05 12:00:00,3282.69,3288.44,3282.21,3288.28,411.0
2025-05-05 12:05:00,3288.24,3289.66,3285.25,3285.96,392.0
2025-05-05 12:10:00,3286.05,3289.67,3285.45,3289.66,332.0
2025-05-05 12:15:00,3289.67,3294.62,3289.66,3293.18,405.0
2025-05-05 12:20:00,3293.27,3299.75,3292.16,3297.83,424.0
2025-05-05 12:25:00,3297.87,3302.05,3296.95,3302.05,401.0
2025-05-05 12:30:00,3301.86,3305.08,3299.69,3299.94,408.0
2025-05-05 12:35:00,3300.6,3303.14,3299.82,3301.23,386.0
2025-05-05 12:40:00,3301.2,3303.81,3300.58,3302.43,368.0
2025-05-05 12:45:00,3302.81,3303.84,3299.91,3300.9,336.0
2025-05-05 12:50:00,3301.06,3304.03,3300.86,3303.84,340.0
2025-05-05 12:55:00,3303.73,3308.93,3303.68,3308.6,385.0
2025-05-05 13:00:00,3308.64,3315.2,3308.64,3314.62,429.0
2025-05-05 13:05:00,3315.26,3315.26,3309.73,3310.01,422.0
2025-05-05 13:10:00,3309.99,3311.75,3308.52,3310.5,349.0
2025-05-05 13:15:00,3310.61,3315.88,3308.79,3315.61,399.0
2025-05-05 13:20:00,3315.43,3318.67,3314.38,3316.34,393.0
2025-05-05 13:25:00,3316.21,3316.5,3314.1,3314.32,336.0
2025-05-05 13:30:00,3314.38,3316.55,3313.44,3313.7,346.0
2025-05-05 13:35:00,3313.65,3314.89,3312.23,3312.4,351.0
2025-05-05 13:40:00,3312.69,3314.82,3312.16,3313.87,308.0
2025-05-05 13:45:00,3313.87,3314.57,3311.81,3313.04,332.0
2025-05-05 13:50:00,3313.17,3315.71,3312.66,3314.08,321.0
2025-05-05 13:55:00,3314.19,3314.74,3311.64,3313.31,352.0
2025-05-05 14:00:00,3312.84,3316.23,3311.94,3313.58,358.0
2025-05-05 14:05:00,3313.42,3317.16,3313.42,3317.16,351.0
2025-05-05 14:10:00,3317.17,3317.91,3316.39,3316.55,329.0
2025-05-05 14:15:00,3316.46,3318.94,3316.44,3316.96,335.0
2025-05-05 14:20:00,3317.01,3317.01,3313.03,3314.97,387.0
2025-05-05 14:25:00,3314.89,3315.95,3313.5,3314.17,319.0
2025-05-05 14:30:00,3314.14,3314.64,3311.96,3312.92,325.0
2025-05-05 14:35:00,3312.92,3315.19,3312.5,3313.28,350.0
2025-05-05 14:40:00,3313.17,3314.04,3311.99,3312.26,288.0
2025-05-05 14:45:00,3312.17,3313.6,3311.37,3313.1,301.0
2025-05-05 14:50:00,3313.21,3314.76,3312.52,3313.06,346.0
2025-05-05 14:55:00,3313.14,3313.71,3311.56,3312.92,297.0
2025-05-05 15:00:00,3312.86,3316.57,3312.84,3316.53,366.0
2025-05-05 15:05:00,3316.65,3318.24,3315.3,3315.79,369.0
2025-05-05 15:10:00,3315.59,3317.21,3315.19,3316.07,345.0
2025-05-05 15:15:00,3315.97,3320.07,3314.06,3319.33,381.0
2025-05-05 15:20:00,3319.38,3320.68,3316.85,3319.79,415.0
2025-05-05 15:25:00,3319.59,3320.05,3316.17,3318.79,391.0
2025-05-05 15:30:00,3318.74,3320.61,3315.84,3317.77,377.0
2025-05-05 15:35:00,3317.65,3319.33,3317.33,3318.03,362.0
2025-05-05 15:40:00,3317.94,3321.0,3317.72,3319.78,376.0
2025-05-05 15:45:00,3319.78,3322.42,3318.64,3321.04,356.0
2025-05-05 15:50:00,3320.95,3321.61,3318.7,3320.71,390.0
2025-05-05 15:55:00,3320.65,3321.64,3319.54,3319.55,383.0
2025-05-05 16:00:00,3319.58,3320.52,3316.67,3317.71,402.0
2025-05-05 16:05:00,3317.79,3319.42,3316.59,3316.99,338.0
2025-05-05 16:10:00,3316.96,3318.81,3315.82,3318.17,335.0
2025-05-05 16:15:00,3318.11,3321.05,3317.79,3320.25,321.0
2025-05-05 16:20:00,3320.18,3320.79,3316.93,3317.28,353.0
2025-05-05 16:25:00,3317.11,3320.29,3317.11,3319.1,353.0
2025-05-05 16:30:00,3318.69,3319.01,3314.11,3314.95,420.0
2025-05-05 16:35:00,3314.83,3315.95,3311.92,3313.53,424.0
2025-05-05 16:40:00,3313.59,3316.58,3312.79,3315.67,401.0
2025-05-05 16:45:00,3315.45,3318.15,3313.77,3317.9,384.0
2025-05-05 16:50:00,3317.86,3319.71,3316.63,3317.36,410.0
2025-05-05 16:55:00,3317.35,3317.46,3314.11,3315.07,379.0
2025-05-05 17:00:00,3313.3,3318.41,3310.27,3318.39,435.0
2025-05-05 17:05:00,3318.41,3328.77,3317.94,3320.59,456.0
2025-05-05 17:10:00,3320.9,3321.58,3313.7,3316.09,443.0
2025-05-05 17:15:00,3316.22,3316.27,3311.51,3315.74,412.0
2025-05-05 17:20:00,3315.78,3319.78,3313.67,3319.59,419.0
2025-05-05 17:25:00,3319.56,3320.69,3316.01,3318.68,433.0
2025-05-05 17:30:00,3318.66,3318.75,3314.08,3315.12,408.0
2025-05-05 17:35:00,3315.03,3315.19,3312.26,3313.65,408.0
2025-05-05 17:40:00,3313.72,3316.58,3312.28,3316.27,389.0
2025-05-05 17:45:00,3316.32,3316.41,3315.19,3316.29,348.0
2025-05-05 17:50:00,3316.31,3318.18,3314.63,3315.43,365.0
2025-05-05 17:55:00,3314.94,3315.06,3311.13,3312.7,417.0
2025-05-05 18:00:00,3312.67,3314.96,3311.01,3312.11,399.0
2025-05-05 18:05:00,3312.09,3314.14,3309.14,3309.79,393.0
2025-05-05 18:10:00,3309.93,3313.92,3309.25,3311.87,393.0
2025-05-05 18:15:00,3311.76,3314.61,3309.89,3313.3,362.0
2025-05-05 18:20:00,3313.37,3313.37,3310.5,3310.65,354.0
2025-05-05 18:25:00,3310.68,3313.17,3310.28,3311.02,350.0
2025-05-05 18:30:00,3310.46,3315.64,3310.46,3314.12,361.0
2025-05-05 18:35:00,3314.14,3317.03,3314.14,3316.48,352.0
2025-05-05 18:40:00,3316.49,3317.72,3315.54,3315.78,353.0
2025-05-05 18:45:00,3315.7,3317.68,3313.96,3315.02,342.0
2025-05-05 18:50:00,3315.04,3315.42,3312.56,3313.25,340.0
2025-05-05 18:55:00,3312.95,3314.41,3311.78,3311.99,360.0
2025-05-05 19:00:00,3311.62,3312.43,3310.76,3311.49,345.0
2025-05-05 19:05:00,3311.55,3311.56,3305.65,3305.65,382.0
2025-05-05 19:10:00,3305.87,3308.99,3305.78,3307.36,370.0
2025-05-05 19:15:00,3307.77,3309.56,3307.48,3308.99,343.0
2025-05-05 19:20:00,3308.93,3309.31,3307.45,3308.21,312.0
2025-05-05 19:25:00,3308.05,3309.7,3306.86,3307.52,315.0
2025-05-05 19:30:00,3307.52,3311.87,3307.52,3311.74,366.0
2025-05-05 19:35:00,3311.67,3312.57,3309.2,3309.21,311.0
2025-05-05 19:40:00,3309.16,3312.73,3309.16,3312.13,321.0
2025-05-05 19:45:00,3312.25,3313.58,3311.53,3311.95,337.0
2025-05-05 19:50:00,3311.81,3312.18,3310.48,3310.76,300.0
2025-05-05 19:55:00,3310.74,3311.26,3309.15,3309.77,330.0
2025-05-05 20:00:00,3309.94,3311.98,3309.22,3311.74,337.0
2025-05-05 20:05:00,3311.72,3312.61,3311.24,3312.0,303.0
2025-05-05 20:10:00,3312.0,3312.73,3310.44,3311.72,309.0
2025-05-05 20:15:00,3311.77,3312.93,3310.03,3312.64,306.0
2025-05-05 20:20:00,3312.65,3314.0,3311.7,3313.91,324.0
2025-05-05 20:25:00,3313.88,3315.82,3312.68,3313.36,343.0
2025-05-05 20:30:00,3313.14,3316.3,3312.87,3314.63,312.0
2025-05-05 20:35:00,3314.69,3314.75,3311.96,3313.25,320.0
2025-05-05 20:40:00,3313.3,3314.5,3312.5,3314.36,285.0
2025-05-05 20:45:00,3314.33,3314.66,3312.69,3313.94,280.0
2025-05-05 20:50:00,3313.95,3315.75,3313.82,3315.52,313.0
2025-05-05 20:55:00,3315.63,3318.17,3315.37,3317.13,356.0
2025-05-05 21:00:00,3317.12,3317.12,3313.97,3314.6,304.0
2025-05-05 21:05:00,3314.6,3317.86,3314.53,3317.79,296.0
2025-05-05 21:10:00,3317.72,3317.93,3315.73,3316.35,306.0
2025-05-05 21:15:00,3316.38,3318.15,3315.92,3318.02,262.0
2025-05-05 21:20:00,3318.02,3318.92,3316.7,3318.61,282.0
2025-05-05 21:25:00,3318.48,3320.32,3318.12,3319.67,314.0
2025-05-05 21:30:00,3319.81,3320.19,3317.87,3318.86,311.0
2025-05-05 21:35:00,3318.81,3320.41,3317.85,3319.72,297.0
2025-05-05 21:40:00,3319.65,3322.02,3318.71,3321.34,318.0
2025-05-05 21:45:00,3321.33,3322.72,3320.87,3321.45,301.0
2025-05-05 21:50:00,3321.64,3321.92,3320.65,3321.0,304.0
2025-05-05 21:55:00,3320.96,3323.47,3320.91,3323.15,323.0
2025-05-05 22:00:00,3323.18,3324.53,3322.82,3323.71,333.0
2025-05-05 22:05:00,3323.84,3325.94,3323.84,3325.86,282.0
2025-05-05 22:10:00,3325.86,3326.94,3325.07,3326.09,309.0
2025-05-05 22:15:00,3326.08,3328.44,3325.72,3327.25,330.0
2025-05-05 22:20:00,3327.81,3330.35,3327.77,3330.27,349.0
2025-05-05 22:25:00,3330.23,3336.34,3330.19,3336.34,402.0
2025-05-05 22:30:00,3336.37,3336.55,3334.23,3335.19,342.0
2025-05-05 22:35:00,3335.22,3337.35,3334.89,3336.62,324.0
2025-05-05 22:40:00,3336.5,3337.54,3334.12,3334.53,323.0
2025-05-05 22:45:00,3334.5,3337.14,3334.32,3334.32,335.0
2025-05-05 22:50:00,3334.18,3334.32,3331.5,3332.13,348.0
2025-05-05 22:55:00,3332.09,3333.67,3327.36,3328.77,404.0
2025-05-05 23:00:00,3329.72,3332.52,3329.66,3331.6,240.0
2025-05-05 23:05:00,3331.58,3333.89,3331.27,3332.49,236.0
2025-05-05 23:10:00,3331.6,3332.71,3330.49,3330.76,179.0
2025-05-05 23:15:00,3330.64,3331.02,3330.22,3330.7,137.0
2025-05-05 23:20:00,3330.69,3331.23,3329.28,3330.52,157.0
2025-05-05 23:25:00,3330.52,3332.06,3329.8,3331.34,159.0
2025-05-05 23:30:00,3331.18,3333.28,3330.54,3332.97,181.0
2025-05-05 23:35:00,3333.05,3333.59,3331.48,3332.8,170.0
2025-05-05 23:40:00,3332.78,3333.6,3332.41,3332.42,147.0
2025-05-05 23:45:00,3332.44,3332.44,3331.32,3331.57,150.0
2025-05-05 23:50:00,3331.56,3333.23,3331.4,3333.23,166.0
2025-05-05 23:55:00,3334.06,3334.56,3333.62,3333.96,180.0
2025-05-06 01:00:00,3336.06,3338.0,3332.93,3333.37,457.0
2025-05-06 01:05:00,3333.06,3333.23,3330.58,3330.6,154.0
2025-05-06 01:10:00,3330.54,3331.33,3328.15,3329.99,203.0
2025-05-06 01:15:00,3330.04,3332.22,3329.74,3329.88,140.0
2025-05-06 01:20:00,3329.87,3329.91,3327.52,3327.77,146.0
2025-05-06 01:25:00,3327.83,3329.8,3327.45,3328.64,174.0
2025-05-06 01:30:00,3328.95,3330.29,3328.78,3330.24,159.0
2025-05-06 01:35:00,3330.25,3331.36,3329.49,3331.36,129.0
2025-05-06 01:40:00,3331.24,3332.93,3331.03,3331.63,182.0
2025-05-06 01:45:00,3331.63,3332.76,3330.41,3331.87,167.0
2025-05-06 01:50:00,3331.94,3332.6,3330.36,3331.32,210.0
2025-05-06 01:55:00,3331.25,3332.42,3330.19,3330.51,178.0
2025-05-06 02:00:00,3330.51,3332.85,3329.43,3332.85,193.0
2025-05-06 02:05:00,3332.87,3333.01,3331.91,3332.06,186.0
2025-05-06 02:10:00,3332.06,3334.93,3330.71,3331.82,198.0
2025-05-06 02:15:00,3331.82,3333.82,3328.92,3331.53,239.0
2025-05-06 02:20:00,3331.53,3333.27,3329.92,3333.26,197.0
2025-05-06 02:25:00,3333.27,3334.43,3332.27,3332.34,189.0
2025-05-06 02:30:00,3332.32,3332.77,3331.43,3332.77,136.0
2025-05-06 02:35:00,3332.71,3334.09,3332.63,3332.67,191.0
2025-05-06 02:40:00,3332.66,3333.75,3332.29,3333.31,120.0
2025-05-06 02:45:00,3333.39,3334.5,3332.67,3334.37,158.0
2025-05-06 02:50:00,3334.44,3334.55,3333.53,3333.68,231.0
2025-05-06 02:55:00,3333.81,3335.09,3330.46,3334.04,297.0
2025-05-06 03:00:00,3334.05,3334.31,3332.26,3332.26,293.0
2025-05-06 03:05:00,3332.26,3333.94,3332.09,3333.92,281.0
2025-05-06 03:10:00,3333.89,3334.0,3332.83,3333.09,278.0
2025-05-06 03:15:00,3333.21,3333.22,3328.79,3328.81,306.0
2025-05-06 03:20:00,3328.8,3329.82,3323.78,3326.24,369.0
2025-05-06 03:25:00,3326.25,3326.5,3324.26,3324.92,283.0
2025-05-06 03:30:00,3324.95,3328.63,3324.8,3328.53,298.0
2025-05-06 03:35:00,3328.58,3328.95,3325.5,3326.48,291.0
2025-05-06 03:40:00,3326.65,3327.09,3324.82,3326.82,307.0
2025-05-06 03:45:00,3326.87,3330.11,3323.52,3326.25,330.0
2025-05-06 03:50:00,3326.33,3328.36,3325.98,3326.8,341.0
2025-05-06 03:55:00,3326.95,3329.64,3325.83,3329.6,307.0
2025-05-06 04:00:00,3329.59,3350.24,3329.59,3349.78,485.0
2025-05-06 04:05:00,3349.15,3359.12,3346.14,3358.97,456.0
2025-05-06 04:10:00,3358.99,3364.73,3357.87,3362.42,446.0
2025-05-06 04:15:00,3362.19,3363.22,3355.92,3362.14,435.0
2025-05-06 04:20:00,3361.56,3362.78,3357.39,3359.5,401.0
2025-05-06 04:25:00,3359.51,3360.85,3354.99,3357.34,402.0
2025-05-06 04:30:00,3357.03,3365.65,3355.67,3364.12,405.0
2025-05-06 04:35:00,3363.74,3370.29,3361.37,3369.96,434.0
2025-05-06 04:40:00,3369.67,3381.77,3369.17,3378.46,449.0
2025-05-06 04:45:00,3378.71,3381.54,3377.6,3377.78,390.0
2025-05-06 04:50:00,3377.8,3380.02,3374.58,3374.9,387.0
2025-05-06 04:55:00,3374.9,3379.46,3372.46,3379.46,394.0
2025-05-06 05:00:00,3379.6,3380.94,3375.64,3377.62,368.0
2025-05-06 05:05:00,3377.53,3383.78,3375.3,3380.86,381.0
2025-05-06 05:10:00,3380.88,3383.63,3378.15,3382.28,379.0
2025-05-06 05:15:00,3382.29,3385.71,3380.65,3385.39,363.0
2025-05-06 05:20:00,3385.24,3386.99,3380.66,3381.04,371.0
2025-05-06 05:25:00,3381.17,3383.48,3378.24,3381.96,363.0
2025-05-06 05:30:00,3382.44,3382.48,3373.79,3375.96,393.0
2025-05-06 05:35:00,3376.17,3376.17,3364.78,3372.74,442.0
2025-05-06 05:40:00,3372.37,3372.37,3366.19,3367.05,377.0
2025-05-06 05:45:00,3367.12,3367.45,3357.75,3357.75,406.0
2025-05-06 05:50:00,3357.92,3364.05,3357.92,3360.81,394.0
2025-05-06 05:55:00,3360.71,3362.48,3356.49,3358.34,371.0
2025-05-06 06:00:00,3358.39,3360.02,3354.15,3354.56,368.0
2025-05-06 06:05:00,3354.51,3357.94,3352.67,3357.67,381.0
2025-05-06 06:10:00,3357.71,3361.73,3355.96,3356.81,372.0
2025-05-06 06:15:00,3356.84,3366.04,3355.86,3364.53,396.0
2025-05-06 06:20:00,3364.81,3372.08,3362.71,3363.11,402.0
2025-05-06 06:25:00,3363.09,3365.79,3362.1,3362.62,352.0
2025-05-06 06:30:00,3362.44,3363.57,3360.8,3362.1,320.0
2025-05-06 06:35:00,3362.09,3362.89,3359.3,3360.56,271.0
2025-05-06 06:40:00,3360.39,3361.87,3359.27,3360.13,280.0
2025-05-06 06:45:00,3360.13,3361.59,3356.19,3361.56,329.0
2025-05-06 06:50:00,3361.68,3363.77,3361.12,3361.9,317.0
2025-05-06 06:55:00,3362.01,3364.15,3360.13,3360.45,313.0
2025-05-06 07:00:00,3360.46,3361.43,3358.38,3358.38,281.0
2025-05-06 07:05:00,3358.76,3360.07,3356.95,3358.1,312.0
2025-05-06 07:10:00,3358.03,3360.91,3357.85,3360.42,251.0
2025-05-06 07:15:00,3360.28,3361.57,3359.08,3359.44,289.0
2025-05-06 07:20:00,3359.32,3360.6,3358.88,3359.88,236.0
2025-05-06 07:25:00,3359.89,3360.32,3356.26,3356.92,266.0
2025-05-06 07:30:00,3356.99,3359.51,3356.1,3358.5,323.0
2025-05-06 07:35:00,3358.5,3359.94,3357.15,3357.9,276.0
2025-05-06 07:40:00,3357.99,3361.83,3356.91,3360.73,298.0
2025-05-06 07:45:00,3360.6,3365.32,3360.6,3364.04,317.0
2025-05-06 07:50:00,3364.05,3366.1,3359.92,3364.1,351.0
2025-05-06 07:55:00,3363.91,3364.25,3362.22,3363.17,260.0
2025-05-06 08:00:00,3363.21,3364.02,3362.31,3362.91,235.0
2025-05-06 08:05:00,3362.82,3363.04,3360.64,3360.66,252.0
2025-05-06 08:10:00,3360.55,3362.82,3357.92,3358.7,260.0
2025-05-06 08:15:00,3358.48,3359.84,3357.07,3358.83,280.0
2025-05-06 08:20:00,3358.8,3359.41,3354.22,3354.6,331.0
2025-05-06 08:25:00,3354.57,3356.58,3354.44,3356.02,298.0
2025-05-06 08:30:00,3356.24,3359.87,3353.77,3355.49,376.0
2025-05-06 08:35:00,3355.5,3356.38,3352.45,3354.55,341.0
2025-05-06 08:40:00,3354.58,3356.25,3351.61,3352.17,343.0
2025-05-06 08:45:00,3352.21,3358.87,3350.2,3357.68,368.0
2025-05-06 08:50:00,3357.58,3361.03,3357.58,3359.32,356.0
2025-05-06 08:55:00,3359.2,3362.12,3358.37,3362.05,345.0
2025-05-06 09:00:00,3362.04,3364.68,3360.33,3360.48,355.0
2025-05-06 09:05:00,3360.45,3361.37,3359.14,3359.15,337.0
2025-05-06 09:10:00,3359.15,3364.5,3358.78,3362.28,325.0
2025-05-06 09:15:00,3362.27,3367.92,3361.6,3366.54,353.0
2025-05-06 09:20:00,3366.64,3367.28,3363.61,3363.68,347.0
2025-05-06 09:25:00,3363.74,3365.13,3361.02,3363.24,333.0
2025-05-06 09:30:00,3363.41,3364.51,3361.98,3362.45,331.0
2025-05-06 09:35:00,3362.49,3366.37,3362.44,3365.09,306.0
2025-05-06 09:40:00,3364.98,3367.35,3364.59,3366.98,297.0
2025-05-06 09:45:00,3366.97,3367.18,3364.86,3365.14,273.0
2025-05-06 09:50:00,3365.11,3366.57,3364.05,3365.07,293.0
2025-05-06 09:55:00,3364.94,3365.29,3363.37,3364.76,310.0
2025-05-06 10:00:00,3365.51,3369.82,3365.19,3366.76,384.0
2025-05-06 10:05:00,3367.13,3368.89,3365.57,3368.77,328.0
2025-05-06 10:10:00,3368.78,3370.57,3367.89,3367.89,328.0
2025-05-06 10:15:00,3367.92,3368.45,3365.13,3366.9,330.0
2025-05-06 10:20:00,3366.89,3374.72,3366.84,3374.35,356.0
2025-05-06 10:25:00,3374.37,3376.0,3373.55,3374.39,339.0
2025-05-06 10:30:00,3374.34,3378.63,3373.17,3378.07,346.0
2025-05-06 10:35:00,3378.09,3378.85,3376.04,3378.84,342.0
2025-05-06 10:40:00,3378.71,3379.51,3373.02,3373.19,373.0
2025-05-06 10:45:00,3373.27,3376.05,3371.67,3374.35,372.0
2025-05-06 10:50:00,3374.37,3374.77,3372.24,3373.13,354.0
2025-05-06 10:55:00,3373.16,3373.66,3369.87,3371.25,384.0
2025-05-06 11:00:00,3371.59,3374.17,3368.74,3372.67,388.0
2025-05-06 11:05:00,3372.7,3374.97,3369.48,3372.9,381.0
2025-05-06 11:10:00,3372.94,3377.94,3369.4,3377.87,378.0
2025-05-06 11:15:00,3377.87,3381.78,3377.48,3381.6,399.0
2025-05-06 11:20:00,3382.06,3383.06,3378.05,3382.01,388.0
2025-05-06 11:25:00,3381.93,3382.49,3379.57,3380.77,310.0
2025-05-06 11:30:00,3380.71,3381.14,3377.07,3377.86,325.0
2025-05-06 11:35:00,3377.82,3379.88,3377.05,3377.18,336.0
2025-05-06 11:40:00,3377.08,3377.88,3376.05,3377.61,327.0
2025-05-06 11:45:00,3377.61,3379.14,3377.61,3378.15,327.0
2025-05-06 11:50:00,3378.16,3379.63,3376.36,3377.4,314.0
2025-05-06 11:55:00,3377.34,3377.77,3376.05,3377.19,324.0
2025-05-06 12:00:00,3377.34,3377.57,3375.6,3377.1,317.0
2025-05-06 12:05:00,3377.04,3379.92,3375.38,3379.92,348.0
2025-05-06 12:10:00,3379.92,3380.53,3375.75,3376.07,327.0
2025-05-06 12:15:00,3376.03,3376.84,3371.48,3372.91,340.0
2025-05-06 12:20:00,3372.92,3374.48,3371.43,3373.66,317.0
2025-05-06 12:25:00,3373.67,3375.96,3372.52,3373.94,342.0
2025-05-06 12:30:00,3373.82,3377.82,3373.52,3376.39,322.0
2025-05-06 12:35:00,3376.37,3377.25,3374.37,3376.6,313.0
2025-05-06 12:40:00,3376.38,3379.98,3376.08,3378.78,315.0
2025-05-06 12:45:00,3378.42,3379.97,3378.11,3378.87,291.0
2025-05-06 12:50:00,3379.17,3380.81,3377.11,3380.22,341.0
2025-05-06 12:55:00,3380.2,3383.14,3380.2,3383.14,345.0
2025-05-06 13:00:00,3383.2,3383.75,3381.22,3383.06,340.0
2025-05-06 13:05:00,3383.08,3383.08,3380.49,3381.31,345.0
2025-05-06 13:10:00,3381.26,3383.78,3381.23,3383.1,318.0
2025-05-06 13:15:00,3383.12,3383.36,3381.16,3382.76,328.0
2025-05-06 13:20:00,3382.77,3382.8,3378.09,3378.83,335.0
2025-05-06 13:25:00,3378.85,3380.23,3378.74,3379.48,293.0
2025-05-06 13:30:00,3379.47,3380.2,3378.14,3378.31,291.0
2025-05-06 13:35:00,3378.25,3379.54,3377.13,3377.36,291.0
2025-05-06 13:40:00,3377.35,3379.62,3376.64,3379.29,303.0
2025-05-06 13:45:00,3379.28,3379.84,3378.1,3379.14,294.0
2025-05-06 13:50:00,3379.24,3381.29,3379.16,3380.83,297.0
2025-05-06 13:55:00,3380.86,3383.7,3380.68,3383.45,327.0
2025-05-06 14:00:00,3383.47,3384.15,3381.92,3383.28,341.0
2025-05-06 14:05:00,3383.08,3383.81,3382.3,3382.75,295.0
2025-05-06 14:10:00,3382.68,3383.01,3381.15,3381.35,287.0
2025-05-06 14:15:00,3381.3,3383.25,3381.24,3381.59,315.0
2025-05-06 14:20:00,3381.6,3384.99,3381.6,3384.31,344.0
2025-05-06 14:25:00,3384.14,3384.54,3379.6,3380.58,310.0
2025-05-06 14:30:00,3380.59,3381.77,3378.42,3378.82,343.0
2025-05-06 14:35:00,3378.82,3378.82,3374.43,3376.58,355.0
2025-05-06 14:40:00,3376.36,3376.36,3373.7,3374.56,354.0
2025-05-06 14:45:00,3374.55,3377.74,3374.15,3377.22,334.0
2025-05-06 14:50:00,3377.18,3380.57,3377.11,3378.65,328.0
2025-05-06 14:55:00,3378.29,3380.14,3377.38,3379.17,329.0
2025-05-06 15:00:00,3379.36,3379.58,3373.73,3375.27,389.0
2025-05-06 15:05:00,3375.25,3377.15,3373.77,3377.02,356.0
2025-05-06 15:10:00,3377.01,3378.09,3375.19,3377.66,360.0
2025-05-06 15:15:00,3377.56,3377.67,3373.27,3374.53,334.0
2025-05-06 15:20:00,3375.82,3378.55,3375.65,3377.03,370.0
2025-05-06 15:25:00,3377.3,3378.26,3375.8,3376.25,300.0
2025-05-06 15:30:00,3376.36,3384.39,3375.27,3384.39,365.0
2025-05-06 15:35:00,3384.62,3388.69,3383.42,3388.12,411.0
2025-05-06 15:40:00,3388.0,3392.27,3387.99,3389.68,404.0
2025-05-06 15:45:00,3389.7,3389.76,3385.46,3388.08,393.0
2025-05-06 15:50:00,3388.04,3388.04,3385.43,3387.39,334.0
2025-05-06 15:55:00,3387.36,3391.27,3387.34,3391.01,377.0
2025-05-06 16:00:00,3391.32,3394.58,3390.66,3391.3,443.0
2025-05-06 16:05:00,3391.25,3392.71,3389.42,3390.08,397.0
2025-05-06 16:10:00,3390.14,3396.64,3389.82,3394.45,402.0
2025-05-06 16:15:00,3394.36,3397.35,3393.35,3394.91,385.0
2025-05-06 16:20:00,3394.87,3396.48,3393.8,3396.09,367.0
2025-05-06 16:25:00,3396.16,3397.5,3395.7,3396.93,365.0
2025-05-06 16:30:00,3396.94,3396.94,3392.31,3394.6,422.0
2025-05-06 16:35:00,3394.54,3397.15,3388.2,3388.46,420.0
2025-05-06 16:40:00,3388.65,3395.86,3387.84,3392.27,433.0
2025-05-06 16:45:00,3392.3,3397.54,3390.74,3397.36,411.0
2025-05-06 16:50:00,3397.37,3397.4,3392.03,3394.03,415.0
2025-05-06 16:55:00,3394.47,3394.47,3390.53,3391.75,397.0
2025-05-06 17:00:00,3391.94,3395.6,3391.45,3394.93,416.0
2025-05-06 17:05:00,3394.8,3397.53,3394.8,3397.23,424.0
2025-05-06 17:10:00,3397.2,3398.01,3393.85,3394.37,386.0
2025-05-06 17:15:00,3394.33,3395.78,3392.04,3392.93,411.0
2025-05-06 17:20:00,3392.51,3393.71,3391.54,3393.18,394.0
2025-05-06 17:25:00,3392.84,3393.42,3383.95,3384.2,419.0
2025-05-06 17:30:00,3383.99,3386.77,3381.75,3386.77,427.0
2025-05-06 17:35:00,3386.83,3388.82,3385.16,3387.02,399.0
2025-05-06 17:40:00,3387.11,3387.89,3378.15,3379.59,404.0
2025-05-06 17:45:00,3379.77,3382.98,3379.67,3381.22,416.0
2025-05-06 17:50:00,3381.16,3383.45,3379.37,3382.91,391.0
2025-05-06 17:55:00,3382.73,3386.48,3382.46,3386.23,385.0
2025-05-06 18:00:00,3386.15,3390.69,3385.3,3390.33,374.0
2025-05-06 18:05:00,3390.38,3392.82,3389.23,3392.68,358.0
2025-05-06 18:10:00,3392.48,3395.24,3392.48,3395.05,346.0
2025-05-06 18:15:00,3395.02,3396.75,3393.73,3394.73,383.0
2025-05-06 18:20:00,3394.67,3397.84,3394.58,3397.23,359.0
2025-05-06 18:25:00,3397.28,3397.28,3395.68,3396.57,343.0
2025-05-06 18:30:00,3396.63,3399.71,3395.77,3398.79,375.0
2025-05-06 18:35:00,3398.86,3399.81,3395.53,3396.39,370.0
2025-05-06 18:40:00,3396.42,3396.75,3395.17,3396.36,351.0
2025-05-06 18:45:00,3396.46,3397.27,3394.06,3395.96,325.0
2025-05-06 18:50:00,3395.89,3397.06,3394.03,3394.03,319.0
2025-05-06 18:55:00,3394.06,3396.6,3393.16,3395.08,332.0
2025-05-06 19:00:00,3395.14,3398.05,3394.76,3397.48,342.0
2025-05-06 19:05:00,3397.47,3398.97,3397.24,3398.55,334.0
2025-05-06 19:10:00,3398.62,3399.07,3395.89,3396.76,359.0
2025-05-06 19:15:00,3396.57,3398.41,3395.42,3397.03,369.0
2025-05-06 19:20:00,3396.9,3402.57,3396.46,3402.48,400.0
2025-05-06 19:25:00,3402.52,3404.66,3401.89,3404.15,381.0
2025-05-06 19:30:00,3404.18,3405.02,3402.42,3404.86,361.0
2025-05-06 19:35:00,3404.91,3407.73,3404.12,3404.78,372.0
2025-05-06 19:40:00,3404.78,3407.89,3402.96,3407.88,373.0
2025-05-06 19:45:00,3407.94,3410.08,3407.75,3408.84,387.0
2025-05-06 19:50:00,3408.94,3411.61,3408.86,3410.58,332.0
2025-05-06 19:55:00,3410.45,3410.9,3406.49,3408.88,374.0
2025-05-06 20:00:00,3408.87,3410.79,3407.52,3409.04,344.0
2025-05-06 20:05:00,3409.05,3412.87,3408.83,3412.69,390.0
2025-05-06 20:10:00,3412.46,3413.03,3410.17,3410.7,355.0
2025-05-06 20:15:00,3410.84,3415.82,3410.03,3414.96,366.0
2025-05-06 20:20:00,3414.98,3417.3,3414.4,3415.38,407.0
2025-05-06 20:25:00,3415.38,3416.73,3414.08,3414.8,372.0
2025-05-06 20:30:00,3414.86,3417.41,3414.31,3414.49,362.0
2025-05-06 20:35:00,3414.5,3416.42,3412.64,3416.14,320.0
2025-05-06 20:40:00,3415.79,3417.81,3415.79,3416.85,314.0
2025-05-06 20:45:00,3416.72,3416.74,3414.84,3416.0,329.0
2025-05-06 20:50:00,3415.94,3416.15,3412.3,3413.02,336.0
2025-05-06 20:55:00,3412.9,3415.53,3412.9,3414.0,322.0
2025-05-06 21:00:00,3414.04,3414.75,3410.22,3411.78,334.0
2025-05-06 21:05:00,3412.35,3413.24,3410.72,3412.68,301.0
2025-05-06 21:10:00,3412.68,3412.93,3411.89,3412.04,285.0
2025-05-06 21:15:00,3411.99,3415.04,3411.58,3414.5,322.0
2025-05-06 21:20:00,3414.66,3415.35,3414.56,3415.02,281.0
2025-05-06 21:25:00,3415.01,3417.17,3413.79,3416.76,309.0
2025-05-06 21:30:00,3416.83,3417.15,3415.33,3416.59,280.0
2025-05-06 21:35:00,3416.46,3416.74,3414.58,3415.0,291.0
2025-05-06 21:40:00,3415.01,3417.04,3415.01,3416.07,296.0
2025-05-06 21:45:00,3416.15,3417.09,3415.96,3416.54,313.0
2025-05-06 21:50:00,3416.58,3417.48,3416.14,3416.31,267.0
2025-05-06 21:55:00,3416.37,3416.37,3414.51,3415.63,307.0
2025-05-06 22:00:00,3415.67,3415.68,3413.37,3413.86,307.0
2025-05-06 22:05:00,3413.95,3414.92,3412.64,3414.31,302.0
2025-05-06 22:10:00,3414.34,3415.36,3413.77,3413.79,283.0
2025-05-06 22:15:00,3413.81,3416.44,3413.22,3416.43,272.0
2025-05-06 22:20:00,3416.37,3416.8,3415.53,3416.35,287.0
2025-05-06 22:25:00,3416.34,3416.34,3414.72,3415.57,313.0
2025-05-06 22:30:00,3415.63,3415.63,3414.78,3415.32,304.0
2025-05-06 22:35:00,3415.44,3417.42,3415.24,3417.17,307.0
2025-05-06 22:40:00,3417.23,3418.53,3417.2,3418.4,300.0
2025-05-06 22:45:00,3418.49,3420.38,3418.03,3420.38,337.0
2025-05-06 22:50:00,3420.4,3423.11,3420.23,3423.1,369.0
2025-05-06 22:55:00,3423.09,3424.04,3421.58,3423.26,371.0
2025-05-06 23:00:00,3423.2,3423.43,3421.69,3423.19,259.0
2025-05-06 23:05:00,3423.27,3424.48,3423.27,3424.38,208.0
2025-05-06 23:10:00,3424.36,3424.46,3421.78,3421.89,234.0
2025-05-06 23:15:00,3421.71,3422.71,3421.02,3422.22,210.0
2025-05-06 23:20:00,3422.31,3423.33,3419.28,3419.58,255.0
2025-05-06 23:25:00,3419.61,3424.39,3419.6,3424.33,228.0
2025-05-06 23:30:00,3424.31,3427.68,3423.37,3427.68,277.0
2025-05-06 23:35:00,3427.63,3429.26,3427.18,3429.12,270.0
2025-05-06 23:40:00,3429.17,3430.28,3427.14,3427.66,262.0
2025-05-06 23:45:00,3427.81,3431.08,3427.71,3430.46,248.0
2025-05-06 23:50:00,3430.52,3434.75,3430.42,3434.69,257.0
2025-05-06 23:55:00,3433.45,3433.54,3429.19,3430.46,458.0
2025-05-07 01:00:00,3437.65,3437.85,3416.65,3416.74,1020.0
2025-05-07 01:05:00,3417.05,3421.55,3397.36,3404.66,462.0
2025-05-07 01:10:00,3404.11,3415.18,3403.78,3412.82,402.0
2025-05-07 01:15:00,3412.77,3414.72,3400.07,3404.54,368.0
2025-05-07 01:20:00,3404.63,3409.87,3403.57,3406.74,353.0
2025-05-07 01:25:00,3406.73,3408.95,3384.5,3388.02,421.0
2025-05-07 01:30:00,3387.07,3396.77,3384.17,3394.89,436.0
2025-05-07 01:35:00,3395.06,3404.02,3391.98,3395.95,394.0
2025-05-07 01:40:00,3395.99,3399.56,3391.3,3391.67,358.0
2025-05-07 01:45:00,3391.61,3395.44,3387.24,3392.82,378.0
2025-05-07 01:50:00,3392.96,3396.06,3391.88,3394.51,342.0
2025-05-07 01:55:00,3394.61,3394.7,3380.59,3381.28,401.0
2025-05-07 02:00:00,3381.42,3387.81,3377.23,3386.34,447.0
2025-05-07 02:05:00,3386.56,3388.45,3380.03,3387.91,374.0
2025-05-07 02:10:00,3387.92,3395.36,3387.14,3395.36,382.0
2025-05-07 02:15:00,3395.7,3397.67,3391.85,3391.85,385.0
2025-05-07 02:20:00,3392.18,3393.74,3390.12,3392.8,318.0
2025-05-07 02:25:00,3392.8,3395.68,3391.29,3392.98,273.0
2025-05-07 02:30:00,3393.19,3393.64,3390.03,3391.49,290.0
2025-05-07 02:35:00,3391.68,3394.45,3391.39,3392.53,265.0
2025-05-07 02:40:00,3392.92,3392.92,3388.75,3392.55,292.0
2025-05-07 02:45:00,3392.69,3396.2,3392.65,3395.4,302.0
2025-05-07 02:50:00,3395.33,3402.96,3394.79,3400.41,376.0
2025-05-07 02:55:00,3400.29,3404.55,3398.2,3400.76,384.0
2025-05-07 03:00:00,3401.1,3401.55,3393.93,3397.62,404.0
2025-05-07 03:05:00,3397.57,3399.77,3394.21,3394.63,360.0
2025-05-07 03:10:00,3394.58,3395.6,3391.57,3392.3,354.0
2025-05-07 03:15:00,3392.43,3395.15,3383.27,3387.44,397.0
2025-05-07 03:20:00,3387.4,3387.97,3382.88,3385.83,407.0
2025-05-07 03:25:00,3385.8,3388.12,3383.91,3385.74,363.0
2025-05-07 03:30:00,3386.27,3388.0,3378.95,3379.98,370.0
2025-05-07 03:35:00,3380.15,3381.15,3376.32,3377.92,409.0
2025-05-07 03:40:00,3377.86,3378.93,3365.2,3365.53,455.0
2025-05-07 03:45:00,3365.15,3369.37,3360.96,3362.05,472.0
2025-05-07 03:50:00,3362.06,3374.27,3361.7,3373.99,430.0
2025-05-07 03:55:00,3373.65,3381.02,3373.18,3379.66,425.0
2025-05-07 04:00:00,3379.42,3385.15,3375.28,3378.31,456.0
2025-05-07 04:05:00,3378.54,3379.99,3368.07,3372.7,447.0
2025-05-07 04:10:00,3372.55,3380.49,3370.14,3380.29,415.0
2025-05-07 04:15:00,3380.18,3380.46,3370.41,3371.58,397.0
2025-05-07 04:20:00,3371.49,3372.81,3368.32,3370.12,396.0
2025-05-07 04:25:00,3370.16,3370.36,3362.61,3365.47,414.0
2025-05-07 04:30:00,3365.42,3366.69,3360.21,3365.34,411.0
2025-05-07 04:35:00,3365.23,3372.05,3364.91,3369.15,416.0
2025-05-07 04:40:00,3369.08,3374.14,3368.1,3374.14,383.0
2025-05-07 04:45:00,3373.96,3373.96,3370.1,3370.35,355.0
2025-05-07 04:50:00,3370.44,3374.49,3367.44,3374.48,356.0
2025-05-07 04:55:00,3374.35,3377.4,3374.18,3374.69,342.0
2025-05-07 05:00:00,3374.7,3376.09,3373.21,3375.33,357.0
2025-05-07 05:05:00,3375.35,3377.14,3373.75,3373.99,345.0
2025-05-07 05:10:00,3374.21,3376.92,3372.03,3375.69,330.0
2025-05-07 05:15:00,3375.67,3383.93,3375.2,3381.83,371.0
2025-05-07 05:20:00,3381.72,3393.8,3381.72,3389.24,431.0
2025-05-07 05:25:00,3389.23,3393.02,3384.08,3385.77,392.0
2025-05-07 05:30:00,3385.66,3391.42,3385.37,3389.41,386.0
2025-05-07 05:35:00,3389.44,3390.88,3386.08,3386.5,370.0
2025-05-07 05:40:00,3386.65,3389.62,3385.35,3388.65,341.0
2025-05-07 05:45:00,3388.56,3389.69,3387.11,3389.68,316.0
2025-05-07 05:50:00,3389.62,3392.24,3387.69,3388.18,334.0
2025-05-07 05:55:00,3388.21,3391.89,3388.21,3390.51,337.0
2025-05-07 06:00:00,3390.52,3392.63,3388.8,3390.49,356.0
2025-05-07 06:05:00,3390.45,3391.89,3388.26,3388.26,304.0
2025-05-07 06:10:00,3388.24,3389.32,3387.02,3388.75,292.0
2025-05-07 06:15:00,3388.83,3390.56,3384.06,3384.42,327.0
2025-05-07 06:20:00,3384.64,3386.13,3383.56,3384.07,299.0
2025-05-07 06:25:00,3384.21,3384.98,3373.49,3375.08,359.0
2025-05-07 06:30:00,3374.97,3377.83,3370.09,3375.29,383.0
2025-05-07 06:35:00,3375.37,3378.47,3374.97,3378.2,280.0
2025-05-07 06:40:00,3377.97,3378.03,3374.32,3374.71,302.0
2025-05-07 06:45:00,3374.5,3380.09,3374.29,3378.15,284.0
2025-05-07 06:50:00,3377.98,3379.6,3376.59,3378.14,254.0
2025-05-07 06:55:00,3378.23,3378.69,3375.44,3375.52,306.0
2025-05-07 07:00:00,3375.54,3382.99,3375.05,3382.98,311.0
2025-05-07 07:05:00,3383.09,3385.15,3381.63,3384.79,313.0
2025-05-07 07:10:00,3384.76,3385.1,3382.12,3383.9,260.0
2025-05-07 07:15:00,3383.89,3386.55,3383.79,3386.55,275.0
2025-05-07 07:20:00,3386.74,3387.44,3384.59,3386.13,286.0
2025-05-07 07:25:00,3386.15,3387.06,3384.25,3384.44,264.0
2025-05-07 07:30:00,3384.52,3385.36,3382.98,3383.9,285.0
2025-05-07 07:35:00,3383.89,3384.9,3381.8,3382.28,256.0
2025-05-07 07:40:00,3382.25,3384.28,3381.4,3383.79,268.0
2025-05-07 07:45:00,3383.8,3385.94,3381.11,3382.02,318.0
2025-05-07 07:50:00,3382.07,3383.5,3381.42,3382.98,252.0
2025-05-07 07:55:00,3382.98,3382.99,3380.14,3382.17,274.0
2025-05-07 08:00:00,3382.17,3384.26,3379.06,3380.08,294.0
2025-05-07 08:05:00,3380.0,3383.62,3378.65,3383.62,286.0
2025-05-07 08:10:00,3383.64,3387.37,3383.14,3384.63,342.0
2025-05-07 08:15:00,3384.68,3386.15,3384.16,3385.32,261.0
2025-05-07 08:20:00,3385.34,3387.62,3384.97,3385.66,283.0
2025-05-07 08:25:00,3385.68,3386.57,3384.34,3384.34,268.0
2025-05-07 08:30:00,3384.29,3387.77,3382.01,3382.36,352.0
2025-05-07 08:35:00,3382.38,3386.26,3381.36,3385.61,341.0
2025-05-07 08:40:00,3385.65,3388.26,3384.99,3386.91,303.0
2025-05-07 08:45:00,3386.88,3388.55,3385.86,3386.09,307.0
2025-05-07 08:50:00,3386.1,3389.07,3384.97,3388.17,319.0
2025-05-07 08:55:00,3388.29,3389.4,3387.17,3387.96,310.0
2025-05-07 09:00:00,3388.13,3393.28,3388.13,3391.69,366.0
2025-05-07 09:05:00,3391.74,3393.91,3391.34,3393.11,335.0
2025-05-07 09:10:00,3393.2,3395.79,3392.3,3392.99,365.0
2025-05-07 09:15:00,3393.02,3394.29,3391.06,3392.54,325.0
2025-05-07 09:20:00,3392.55,3394.53,3391.66,3391.97,306.0
2025-05-07 09:25:00,3391.98,3392.48,3389.45,3390.71,316.0
2025-05-07 09:30:00,3390.52,3391.59,3387.99,3389.79,346.0
2025-05-07 09:35:00,3389.89,3392.46,3389.6,3391.38,321.0
2025-05-07 09:40:00,3391.34,3391.84,3387.6,3389.21,353.0
2025-05-07 09:45:00,3389.21,3390.67,3387.96,3390.38,296.0
2025-05-07 09:50:00,3390.38,3393.11,3389.95,3391.12,312.0
2025-05-07 09:55:00,3391.07,3393.07,3389.35,3392.47,294.0
2025-05-07 10:00:00,3392.36,3392.83,3389.17,3389.34,324.0
2025-05-07 10:05:00,3389.69,3394.04,3387.8,3393.73,357.0
2025-05-07 10:10:00,3393.77,3396.35,3393.58,3395.92,330.0
2025-05-07 10:15:00,3395.97,3397.4,3392.78,3393.37,358.0
2025-05-07 10:20:00,3393.35,3393.95,3389.75,3390.15,318.0
2025-05-07 10:25:00,3390.31,3392.21,3389.76,3391.13,347.0
2025-05-07 10:30:00,3391.31,3391.5,3385.86,3387.19,358.0
2025-05-07 10:35:00,3387.15,3389.84,3386.23,3389.77,316.0
2025-05-07 10:40:00,3389.75,3391.14,3386.48,3386.51,321.0
2025-05-07 10:45:00,3386.35,3388.19,3384.45,3384.48,343.0
2025-05-07 10:50:00,3384.54,3385.5,3383.9,3385.31,307.0
2025-05-07 10:55:00,3385.6,3388.06,3384.47,3387.94,306.0
2025-05-07 11:00:00,3388.01,3388.01,3382.63,3385.34,351.0
2025-05-07 11:05:00,3385.25,3385.97,3382.49,3384.8,327.0
2025-05-07 11:10:00,3384.66,3387.17,3384.37,3386.6,323.0
2025-05-07 11:15:00,3386.71,3388.47,3385.03,3386.47,295.0
2025-05-07 11:20:00,3386.39,3386.39,3384.0,3385.95,283.0
2025-05-07 11:25:00,3385.85,3386.85,3384.17,3386.71,281.0
2025-05-07 11:30:00,3386.81,3387.41,3382.48,3382.52,313.0
2025-05-07 11:35:00,3382.47,3384.93,3382.15,3384.05,319.0
2025-05-07 11:40:00,3384.04,3386.58,3383.09,3384.67,300.0
2025-05-07 11:45:00,3384.69,3385.9,3383.24,3384.66,318.0
2025-05-07 11:50:00,3384.58,3385.93,3378.21,3382.09,356.0
2025-05-07 11:55:00,3382.05,3383.55,3381.26,3382.79,302.0
2025-05-07 12:00:00,3382.77,3385.13,3381.13,3381.48,304.0
2025-05-07 12:05:00,3381.43,3383.16,3379.32,3379.83,350.0
2025-05-07 12:10:00,3379.93,3383.93,3379.18,3383.49,337.0
2025-05-07 12:15:00,3383.45,3383.67,3378.63,3378.63,326.0
2025-05-07 12:20:00,3378.38,3378.45,3373.26,3373.31,395.0
2025-05-07 12:25:00,3373.17,3375.35,3371.65,3374.17,358.0
2025-05-07 12:30:00,3374.13,3376.24,3374.13,3374.91,326.0
2025-05-07 12:35:00,3374.97,3376.31,3373.58,3375.96,280.0
2025-05-07 12:40:00,3375.99,3378.4,3374.93,3378.25,276.0
2025-05-07 12:45:00,3378.26,3378.5,3375.8,3377.65,292.0
2025-05-07 12:50:00,3377.06,3377.06,3372.71,3373.45,333.0
2025-05-07 12:55:00,3373.41,3374.15,3369.95,3369.95,353.0
2025-05-07 13:00:00,3369.86,3373.9,3369.29,3373.77,342.0
2025-05-07 13:05:00,3374.18,3379.16,3373.8,3378.65,352.0
2025-05-07 13:10:00,3378.75,3387.28,3378.75,3383.91,367.0
2025-05-07 13:15:00,3383.87,3389.5,3383.87,3388.07,381.0
2025-05-07 13:20:00,3387.76,3390.86,3386.21,3390.18,347.0
2025-05-07 13:25:00,3390.13,3390.88,3387.59,3390.36,315.0
2025-05-07 13:30:00,3390.4,3391.6,3388.52,3389.92,310.0
2025-05-07 13:35:00,3390.07,3392.89,3389.49,3392.29,292.0
2025-05-07 13:40:00,3391.78,3391.8,3388.4,3390.17,325.0
2025-05-07 13:45:00,3390.18,3392.43,3388.98,3388.98,315.0
2025-05-07 13:50:00,3389.04,3392.88,3388.55,3389.4,324.0
2025-05-07 13:55:00,3389.71,3393.34,3388.85,3391.37,319.0
2025-05-07 14:00:00,3391.38,3391.45,3388.25,3389.7,305.0
2025-05-07 14:05:00,3389.7,3391.45,3387.03,3387.52,291.0
2025-05-07 14:10:00,3387.46,3388.07,3385.67,3387.44,339.0
2025-05-07 14:15:00,3387.45,3389.69,3386.48,3386.48,313.0
2025-05-07 14:20:00,3386.65,3387.03,3384.5,3386.81,316.0
2025-05-07 14:25:00,3386.79,3388.19,3385.93,3386.78,293.0
2025-05-07 14:30:00,3386.81,3387.35,3383.78,3384.03,292.0
2025-05-07 14:35:00,3384.02,3387.99,3384.01,3385.97,322.0
2025-05-07 14:40:00,3385.98,3389.98,3385.98,3388.2,344.0
2025-05-07 14:45:00,3388.15,3389.49,3384.37,3385.4,327.0
2025-05-07 14:50:00,3385.44,3387.11,3385.15,3386.36,300.0
2025-05-07 14:55:00,3386.26,3387.72,3385.72,3387.08,303.0
2025-05-07 15:00:00,3386.81,3386.91,3384.08,3385.53,298.0
2025-05-07 15:05:00,3385.55,3389.97,3385.42,3389.73,332.0
2025-05-07 15:10:00,3389.81,3393.75,3389.77,3393.25,381.0
2025-05-07 15:15:00,3393.48,3393.56,3388.88,3389.19,335.0
2025-05-07 15:20:00,3388.83,3391.08,3387.14,3389.72,365.0
2025-05-07 15:25:00,3389.73,3390.22,3384.61,3386.17,356.0
2025-05-07 15:30:00,3386.18,3391.68,3386.01,3389.24,352.0
2025-05-07 15:35:00,3389.25,3391.59,3387.03,3387.22,328.0
2025-05-07 15:40:00,3387.28,3389.89,3386.52,3387.92,322.0
2025-05-07 15:45:00,3387.98,3390.2,3386.94,3388.7,334.0
2025-05-07 15:50:00,3388.71,3390.54,3388.12,3390.13,317.0
2025-05-07 15:55:00,3390.23,3391.46,3389.18,3390.76,333.0
2025-05-07 16:00:00,3390.86,3391.27,3385.31,3390.28,383.0
2025-05-07 16:05:00,3390.35,3391.5,3389.1,3391.25,348.0
2025-05-07 16:10:00,3391.39,3391.95,3388.22,3389.05,355.0
2025-05-07 16:15:00,3388.88,3389.99,3386.02,3386.68,365.0
2025-05-07 16:20:00,3386.61,3388.09,3381.56,3385.67,386.0
2025-05-07 16:25:00,3385.56,3386.65,3383.04,3386.33,362.0
2025-05-07 16:30:00,3385.78,3390.12,3382.94,3387.39,412.0
2025-05-07 16:35:00,3387.25,3392.62,3386.82,3391.83,406.0
2025-05-07 16:40:00,3391.98,3392.95,3388.73,3392.59,407.0
2025-05-07 16:45:00,3393.11,3398.09,3393.11,3396.2,413.0
2025-05-07 16:50:00,3396.29,3397.48,3392.81,3396.89,395.0
2025-05-07 16:55:00,3397.06,3397.25,3394.19,3394.52,396.0
2025-05-07 17:00:00,3393.8,3394.64,3390.9,3391.49,393.0
2025-05-07 17:05:00,3391.74,3392.53,3385.06,3387.51,396.0
2025-05-07 17:10:00,3387.45,3388.6,3384.81,3385.95,399.0
2025-05-07 17:15:00,3386.28,3386.28,3380.23,3380.98,422.0
2025-05-07 17:20:00,3380.62,3384.75,3375.71,3384.46,391.0
2025-05-07 17:25:00,3384.46,3385.45,3382.77,3383.05,357.0
2025-05-07 17:30:00,3383.36,3386.47,3382.06,3385.76,381.0
2025-05-07 17:35:00,3385.71,3388.94,3383.93,3387.62,370.0
2025-05-07 17:40:00,3387.74,3388.53,3383.13,3383.35,357.0
2025-05-07 17:45:00,3383.73,3384.96,3379.42,3384.19,405.0
2025-05-07 17:50:00,3384.53,3387.27,3381.79,3386.39,393.0
2025-05-07 17:55:00,3386.28,3387.4,3384.91,3385.95,374.0
2025-05-07 18:00:00,3385.85,3389.51,3384.95,3386.07,376.0
2025-05-07 18:05:00,3386.12,3389.0,3384.87,3386.83,371.0
2025-05-07 18:10:00,3386.78,3387.38,3383.91,3387.38,357.0
2025-05-07 18:15:00,3387.21,3387.45,3385.14,3385.46,345.0
2025-05-07 18:20:00,3385.42,3385.52,3382.02,3383.46,380.0
2025-05-07 18:25:00,3383.46,3385.46,3382.57,3384.23,337.0
2025-05-07 18:30:00,3384.29,3386.4,3384.23,3385.82,325.0
2025-05-07 18:35:00,3385.74,3387.62,3385.25,3385.7,330.0
2025-05-07 18:40:00,3385.72,3386.59,3383.89,3385.33,339.0
2025-05-07 18:45:00,3385.29,3387.64,3384.43,3384.43,311.0
2025-05-07 18:50:00,3384.59,3385.8,3383.61,3384.79,278.0
2025-05-07 18:55:00,3384.73,3386.83,3384.49,3385.19,290.0
2025-05-07 19:00:00,3385.08,3386.67,3384.61,3384.74,319.0
2025-05-07 19:05:00,3384.68,3386.63,3383.8,3385.85,310.0
2025-05-07 19:10:00,3385.89,3386.44,3383.15,3383.21,278.0
2025-05-07 19:15:00,3383.23,3383.67,3378.83,3380.28,361.0
2025-05-07 19:20:00,3380.53,3381.94,3380.52,3381.12,290.0
2025-05-07 19:25:00,3381.0,3382.8,3380.94,3382.35,292.0
2025-05-07 19:30:00,3382.3,3383.82,3381.83,3383.79,284.0
2025-05-07 19:35:00,3383.73,3386.33,3383.66,3385.67,261.0
2025-05-07 19:40:00,3385.72,3386.14,3384.8,3384.8,288.0
2025-05-07 19:45:00,3385.29,3389.03,3385.0,3388.75,290.0
2025-05-07 19:50:00,3388.76,3389.73,3387.65,3387.76,314.0
2025-05-07 19:55:00,3387.74,3389.19,3386.76,3386.89,300.0
2025-05-07 20:00:00,3386.87,3387.59,3384.93,3386.29,309.0
2025-05-07 20:05:00,3386.48,3387.0,3385.36,3386.92,284.0
2025-05-07 20:10:00,3386.87,3387.07,3384.06,3384.11,260.0
2025-05-07 20:15:00,3384.19,3386.4,3384.15,3385.89,278.0
2025-05-07 20:20:00,3385.87,3386.34,3383.81,3384.6,296.0
2025-05-07 20:25:00,3384.66,3386.22,3384.1,3384.47,301.0
2025-05-07 20:30:00,3384.58,3387.54,3384.06,3386.52,302.0
2025-05-07 20:35:00,3386.55,3388.2,3386.26,3387.21,283.0
2025-05-07 20:40:00,3387.42,3387.42,3384.73,3385.11,277.0
2025-05-07 20:45:00,3385.12,3386.98,3385.12,3386.76,244.0
2025-05-07 20:50:00,3386.74,3389.81,3383.97,3385.92,338.0
2025-05-07 20:55:00,3385.81,3386.22,3384.06,3385.75,315.0
2025-05-07 21:00:00,3385.23,3393.52,3385.01,3390.51,402.0
2025-05-07 21:05:00,3390.61,3397.92,3387.61,3393.86,419.0
2025-05-07 21:10:00,3393.69,3397.81,3391.51,3395.29,416.0
2025-05-07 21:15:00,3395.65,3397.28,3386.39,3388.45,411.0
2025-05-07 21:20:00,3388.64,3389.7,3386.28,3389.05,376.0
2025-05-07 21:25:00,3389.4,3391.0,3386.05,3387.32,352.0
2025-05-07 21:30:00,3387.35,3387.63,3380.97,3383.19,379.0
2025-05-07 21:35:00,3383.13,3390.71,3381.48,3384.88,410.0
2025-05-07 21:40:00,3385.01,3389.89,3379.62,3380.02,411.0
2025-05-07 21:45:00,3380.24,3384.67,3376.11,3383.71,308.0
2025-05-07 21:50:00,3383.48,3385.99,3382.37,3385.86,376.0
2025-05-07 21:55:00,3385.75,3386.14,3382.44,3384.63,393.0
2025-05-07 22:00:00,3385.3,3386.98,3378.25,3379.47,365.0
2025-05-07 22:05:00,3379.84,3382.29,3378.85,3379.8,357.0
2025-05-07 22:10:00,3380.01,3380.12,3372.13,3372.75,375.0
2025-05-07 22:15:00,3373.13,3373.13,3363.89,3369.84,414.0
2025-05-07 22:20:00,3369.9,3372.06,3368.22,3368.56,369.0
2025-05-07 22:25:00,3368.55,3374.99,3367.43,3373.13,381.0
2025-05-07 22:30:00,3373.55,3374.3,3368.63,3371.91,369.0
2025-05-07 22:35:00,3371.93,3376.23,3371.53,3374.26,349.0
2025-05-07 22:40:00,3374.2,3376.35,3366.96,3372.15,391.0
2025-05-07 22:45:00,3372.28,3374.39,3370.22,3372.71,365.0
2025-05-07 22:50:00,3373.51,3375.49,3371.2,3375.19,373.0
2025-05-07 22:55:00,3375.49,3375.49,3369.44,3371.92,374.0
2025-05-07 23:00:00,3372.07,3374.02,3369.74,3372.7,295.0
2025-05-07 23:05:00,3372.71,3374.57,3370.42,3372.17,235.0
2025-05-07 23:10:00,3372.18,3373.31,3370.98,3371.5,235.0
2025-05-07 23:15:00,3371.51,3371.51,3367.53,3367.91,235.0
2025-05-07 23:20:00,3367.99,3369.21,3366.77,3367.41,208.0
2025-05-07 23:25:00,3367.33,3368.38,3364.71,3368.09,236.0
2025-05-07 23:30:00,3368.09,3370.41,3368.09,3369.35,202.0
2025-05-07 23:35:00,3369.38,3369.48,3367.22,3367.73,207.0
2025-05-07 23:40:00,3367.8,3369.42,3366.91,3368.66,189.0
2025-05-07 23:45:00,3368.66,3369.33,3366.33,3366.91,192.0
2025-05-07 23:50:00,3366.89,3367.3,3365.56,3365.85,213.0
2025-05-07 23:55:00,3365.54,3365.56,3363.66,3364.44,205.0
2025-05-08 01:00:00,3365.74,3372.73,3364.89,3372.54,500.0
2025-05-08 01:05:00,3372.54,3373.53,3367.0,3369.0,233.0
2025-05-08 01:10:00,3368.82,3369.06,3366.71,3367.21,158.0
2025-05-08 01:15:00,3367.49,3369.8,3367.18,3369.27,178.0
2025-05-08 01:20:00,3369.27,3369.98,3367.9,3368.59,131.0
2025-05-08 01:25:00,3368.92,3370.56,3368.44,3369.5,194.0
2025-05-08 01:30:00,3369.38,3370.47,3368.28,3370.43,204.0
2025-05-08 01:35:00,3370.44,3371.75,3370.0,3371.75,140.0
2025-05-08 01:40:00,3371.54,3372.12,3369.95,3370.75,193.0
2025-05-08 01:45:00,3370.81,3371.26,3369.31,3369.64,127.0
2025-05-08 01:50:00,3369.59,3370.39,3368.45,3369.8,222.0
2025-05-08 01:55:00,3369.8,3370.7,3368.82,3369.91,159.0
2025-05-08 02:00:00,3369.89,3371.41,3369.89,3370.26,168.0
2025-05-08 02:05:00,3370.22,3370.61,3369.67,3369.9,115.0
2025-05-08 02:10:00,3369.95,3372.26,3369.69,3371.85,156.0
2025-05-08 02:15:00,3371.84,3372.89,3371.51,3372.68,153.0
2025-05-08 02:20:00,3372.56,3373.21,3372.2,3373.0,140.0
2025-05-08 02:25:00,3372.99,3374.3,3372.5,3373.78,162.0
2025-05-08 02:30:00,3373.97,3374.44,3372.86,3373.23,158.0
2025-05-08 02:35:00,3373.17,3374.42,3372.85,3374.24,174.0
2025-05-08 02:40:00,3374.38,3376.8,3372.94,3376.15,252.0
2025-05-08 02:45:00,3375.94,3376.26,3373.92,3375.65,201.0
2025-05-08 02:50:00,3375.66,3377.19,3375.42,3376.0,206.0
2025-05-08 02:55:00,3375.8,3376.44,3374.84,3376.44,200.0
2025-05-08 03:00:00,3376.53,3376.8,3374.03,3374.6,293.0
2025-05-08 03:05:00,3374.58,3375.89,3373.82,3375.28,236.0
2025-05-08 03:10:00,3375.28,3378.73,3375.28,3378.53,262.0
2025-05-08 03:15:00,3378.64,3382.76,3378.35,3382.63,320.0
2025-05-08 03:20:00,3382.67,3386.95,3382.67,3386.66,344.0
2025-05-08 03:25:00,3386.62,3386.83,3384.19,3385.32,271.0
2025-05-08 03:30:00,3385.34,3385.47,3381.68,3381.74,272.0
2025-05-08 03:35:00,3381.74,3384.52,3381.66,3382.79,275.0
2025-05-08 03:40:00,3382.8,3383.49,3380.29,3382.49,301.0
2025-05-08 03:45:00,3382.47,3385.88,3382.47,3385.14,320.0
2025-05-08 03:50:00,3385.11,3385.75,3383.59,3385.31,302.0
2025-05-08 03:55:00,3385.15,3385.21,3377.69,3380.25,367.0
2025-05-08 04:00:00,3380.14,3397.58,3379.12,3393.63,450.0
2025-05-08 04:05:00,3394.06,3396.51,3389.77,3393.04,398.0
2025-05-08 04:10:00,3393.17,3393.17,3389.25,3392.13,374.0
2025-05-08 04:15:00,3392.23,3396.2,3390.29,3392.01,398.0
2025-05-08 04:20:00,3392.07,3392.36,3388.74,3388.77,328.0
2025-05-08 04:25:00,3388.75,3389.83,3384.35,3387.96,375.0
2025-05-08 04:30:00,3388.24,3391.33,3386.52,3389.21,350.0
2025-05-08 04:35:00,3389.39,3395.09,3388.18,3394.7,360.0
2025-05-08 04:40:00,3394.76,3395.59,3391.97,3393.62,369.0
2025-05-08 04:45:00,3393.5,3397.94,3393.5,3397.66,362.0
2025-05-08 04:50:00,3397.72,3405.24,3396.71,3402.67,394.0
2025-05-08 04:55:00,3402.81,3409.67,3402.52,3409.04,415.0
2025-05-08 05:00:00,3408.3,3414.78,3408.3,3411.08,431.0
2025-05-08 05:05:00,3411.52,3413.54,3408.09,3410.61,383.0
2025-05-08 05:10:00,3410.54,3413.12,3408.01,3409.84,351.0
2025-05-08 05:15:00,3409.8,3413.27,3409.67,3412.91,328.0
2025-05-08 05:20:00,3413.17,3413.3,3408.61,3411.64,380.0
2025-05-08 05:25:00,3411.8,3411.8,3405.96,3407.7,318.0
2025-05-08 05:30:00,3407.77,3411.77,3407.39,3410.73,361.0
2025-05-08 05:35:00,3410.66,3410.97,3405.65,3406.17,355.0
2025-05-08 05:40:00,3406.56,3407.63,3405.74,3406.59,328.0
2025-05-08 05:45:00,3406.6,3407.23,3402.46,3402.46,326.0
2025-05-08 05:50:00,3402.5,3407.1,3402.4,3406.65,346.0
2025-05-08 05:55:00,3406.51,3406.71,3402.16,3402.18,312.0
2025-05-08 06:00:00,3402.07,3404.1,3401.72,3402.11,324.0
2025-05-08 06:05:00,3401.7,3404.29,3399.37,3404.25,322.0
2025-05-08 06:10:00,3404.27,3408.05,3403.85,3404.87,367.0
2025-05-08 06:15:00,3404.77,3408.43,3404.57,3406.71,347.0
2025-05-08 06:20:00,3406.82,3407.32,3401.1,3401.38,322.0
2025-05-08 06:25:00,3401.38,3402.03,3396.07,3398.73,363.0
2025-05-08 06:30:00,3398.73,3400.11,3397.46,3398.15,285.0
2025-05-08 06:35:00,3398.37,3398.91,3396.17,3396.69,280.0
2025-05-08 06:40:00,3396.73,3397.06,3395.77,3397.01,280.0
2025-05-08 06:45:00,3397.0,3401.41,3396.97,3400.07,330.0
2025-05-08 06:50:00,3399.85,3400.14,3397.6,3397.65,285.0
2025-05-08 06:55:00,3397.66,3399.97,3396.84,3397.04,301.0
2025-05-08 07:00:00,3396.9,3399.23,3396.32,3398.79,326.0
2025-05-08 07:05:00,3398.71,3398.71,3395.82,3395.88,259.0
2025-05-08 07:10:00,3396.02,3396.08,3389.18,3393.56,377.0
2025-05-08 07:15:00,3393.53,3393.79,3391.32,3392.3,278.0
2025-05-08 07:20:00,3392.22,3393.06,3390.92,3392.43,254.0
2025-05-08 07:25:00,3392.43,3393.3,3389.69,3390.02,252.0
2025-05-08 07:30:00,3390.02,3391.29,3387.93,3389.53,281.0
2025-05-08 07:35:00,3389.54,3391.11,3388.07,3390.88,276.0
2025-05-08 07:40:00,3390.88,3392.77,3389.44,3389.45,299.0
2025-05-08 07:45:00,3389.6,3389.7,3386.52,3387.0,291.0
2025-05-08 07:50:00,3386.98,3387.13,3384.53,3384.82,281.0
2025-05-08 07:55:00,3384.82,3386.24,3382.09,3382.14,314.0
2025-05-08 08:00:00,3382.2,3384.25,3380.88,3381.38,304.0
2025-05-08 08:05:00,3381.38,3382.38,3379.68,3380.3,291.0
2025-05-08 08:10:00,3380.24,3380.25,3374.27,3374.89,393.0
2025-05-08 08:15:00,3374.87,3376.62,3370.8,3376.48,382.0
2025-05-08 08:20:00,3376.25,3377.63,3372.34,3372.34,330.0
2025-05-08 08:25:00,3371.92,3375.61,3371.46,3373.77,354.0
2025-05-08 08:30:00,3373.89,3377.54,3373.23,3376.37,385.0
2025-05-08 08:35:00,3376.28,3378.54,3374.12,3376.62,347.0
2025-05-08 08:40:00,3376.59,3376.59,3372.52,3374.49,329.0
2025-05-08 08:45:00,3374.39,3375.92,3368.57,3369.86,369.0
2025-05-08 08:50:00,3370.04,3372.31,3359.04,3360.36,426.0
2025-05-08 08:55:00,3360.25,3365.72,3354.94,3355.36,443.0
2025-05-08 09:00:00,3355.1,3361.84,3350.91,3358.54,447.0
2025-05-08 09:05:00,3358.63,3361.85,3354.72,3357.59,389.0
2025-05-08 09:10:00,3357.59,3360.41,3342.97,3344.99,421.0
2025-05-08 09:15:00,3345.01,3346.33,3336.23,3342.26,469.0
2025-05-08 09:20:00,3342.0,3344.09,3335.92,3336.9,408.0
2025-05-08 09:25:00,3336.82,3341.91,3335.42,3339.28,414.0
2025-05-08 09:30:00,3339.58,3341.64,3326.45,3331.81,445.0
2025-05-08 09:35:00,3331.25,3332.32,3326.4,3326.86,426.0
2025-05-08 09:40:00,3326.94,3334.97,3326.3,3330.35,401.0
2025-05-08 09:45:00,3330.43,3331.68,3320.32,3322.5,390.0
2025-05-08 09:50:00,3322.28,3330.5,3322.28,3330.43,403.0
2025-05-08 09:55:00,3330.49,3331.15,3327.34,3329.92,375.0
2025-05-08 10:00:00,3329.59,3334.67,3327.33,3331.99,405.0
2025-05-08 10:05:00,3331.93,3337.87,3330.69,3336.57,385.0
2025-05-08 10:10:00,3336.56,3339.4,3336.39,3338.35,368.0
2025-05-08 10:15:00,3338.42,3339.74,3333.37,3334.32,383.0
2025-05-08 10:20:00,3334.26,3335.4,3333.1,3334.29,334.0
2025-05-08 10:25:00,3334.03,3340.07,3333.7,3338.29,366.0
2025-05-08 10:30:00,3338.27,3344.75,3336.22,3344.03,415.0
2025-05-08 10:35:00,3344.06,3348.15,3343.6,3347.24,371.0
2025-05-08 10:40:00,3347.21,3348.74,3345.07,3346.76,351.0
2025-05-08 10:45:00,3346.73,3349.22,3344.74,3345.07,329.0
2025-05-08 10:50:00,3344.88,3345.2,3341.21,3343.11,334.0
2025-05-08 10:55:00,3343.15,3344.4,3340.28,3342.95,326.0
2025-05-08 11:00:00,3342.91,3344.23,3341.35,3342.13,329.0
2025-05-08 11:05:00,3342.02,3342.54,3339.28,3341.18,333.0
2025-05-08 11:10:00,3341.18,3342.17,3337.98,3339.06,340.0
2025-05-08 11:15:00,3339.07,3342.17,3337.19,3341.11,344.0
2025-05-08 11:20:00,3341.23,3343.66,3340.63,3342.35,325.0
2025-05-08 11:25:00,3342.34,3343.45,3340.76,3340.76,313.0
2025-05-08 11:30:00,3340.43,3340.84,3337.85,3339.63,329.0
2025-05-08 11:35:00,3339.65,3341.59,3339.65,3340.0,267.0
2025-05-08 11:40:00,3339.85,3342.63,3339.61,3341.35,288.0
2025-05-08 11:45:00,3341.36,3341.72,3339.28,3341.23,270.0
2025-05-08 11:50:00,3341.23,3341.83,3337.61,3339.28,340.0
2025-05-08 11:55:00,3339.17,3340.5,3338.71,3339.31,317.0
2025-05-08 12:00:00,3339.18,3341.62,3337.97,3340.89,326.0
2025-05-08 12:05:00,3340.93,3343.55,3340.77,3343.41,335.0
2025-05-08 12:10:00,3343.4,3344.28,3341.74,3341.95,311.0
2025-05-08 12:15:00,3341.93,3343.17,3340.08,3340.68,295.0
2025-05-08 12:20:00,3340.65,3341.66,3338.93,3340.3,288.0
2025-05-08 12:25:00,3340.3,3340.35,3337.73,3338.53,347.0
2025-05-08 12:30:00,3338.5,3340.92,3336.12,3337.38,370.0
2025-05-08 12:35:00,3337.37,3339.36,3336.96,3337.1,317.0
2025-05-08 12:40:00,3337.2,3340.5,3336.7,3340.4,314.0
2025-05-08 12:45:00,3340.45,3342.05,3339.01,3341.59,312.0
2025-05-08 12:50:00,3341.37,3341.77,3337.17,3337.19,327.0
2025-05-08 12:55:00,3337.19,3337.19,3331.3,3331.93,384.0
2025-05-08 13:00:00,3331.96,3333.77,3330.42,3333.47,344.0
2025-05-08 13:05:00,3333.4,3338.25,3333.05,3338.24,325.0
2025-05-08 13:10:00,3338.23,3339.64,3337.17,3338.83,337.0
2025-05-08 13:15:00,3338.83,3341.56,3338.25,3341.36,335.0
2025-05-08 13:20:00,3341.33,3346.21,3340.9,3345.69,336.0
2025-05-08 13:25:00,3345.55,3346.65,3344.42,3345.66,336.0
2025-05-08 13:30:00,3345.6,3345.61,3342.44,3342.44,338.0
2025-05-08 13:35:00,3342.39,3344.24,3341.48,3343.26,347.0
2025-05-08 13:40:00,3343.28,3343.99,3340.36,3342.56,321.0
2025-05-08 13:45:00,3342.56,3342.74,3339.01,3339.57,315.0
2025-05-08 13:50:00,3339.31,3342.54,3338.35,3342.5,339.0
2025-05-08 13:55:00,3342.31,3344.02,3342.09,3342.29,352.0
2025-05-08 14:00:00,3342.19,3342.32,3339.89,3340.59,331.0
2025-05-08 14:05:00,3340.74,3341.57,3339.62,3339.95,274.0
2025-05-08 14:10:00,3339.88,3341.96,3339.24,3341.74,290.0
2025-05-08 14:15:00,3341.8,3343.75,3340.71,3342.09,311.0
2025-05-08 14:20:00,3342.15,3343.63,3341.8,3343.11,309.0
2025-05-08 14:25:00,3343.0,3344.24,3342.82,3343.94,288.0
2025-05-08 14:30:00,3343.91,3344.36,3342.0,3343.09,287.0
2025-05-08 14:35:00,3343.27,3345.49,3342.31,3342.56,322.0
2025-05-08 14:40:00,3342.45,3343.44,3341.27,3343.44,304.0
2025-05-08 14:45:00,3343.48,3343.86,3341.57,3342.57,284.0
2025-05-08 14:50:00,3342.57,3344.52,3342.21,3342.7,310.0
2025-05-08 14:55:00,3342.73,3344.53,3342.29,3344.39,311.0
2025-05-08 15:00:00,3344.39,3345.97,3343.25,3345.97,333.0
2025-05-08 15:05:00,3345.99,3346.16,3343.48,3344.59,306.0
2025-05-08 15:10:00,3344.63,3347.63,3344.03,3347.16,301.0
2025-05-08 15:15:00,3347.42,3352.46,3347.32,3350.44,392.0
2025-05-08 15:20:00,3350.53,3354.14,3350.49,3353.71,381.0
2025-05-08 15:25:00,3354.21,3354.74,3352.5,3353.63,317.0
2025-05-08 15:30:00,3353.44,3354.81,3349.57,3351.05,361.0
2025-05-08 15:35:00,3351.49,3357.85,3350.75,3357.8,403.0
2025-05-08 15:40:00,3357.75,3358.56,3352.42,3352.46,387.0
2025-05-08 15:45:00,3352.37,3353.8,3349.82,3351.9,375.0
2025-05-08 15:50:00,3351.89,3351.89,3347.21,3351.11,372.0
2025-05-08 15:55:00,3351.09,3356.69,3351.01,3356.13,377.0
2025-05-08 16:00:00,3356.13,3360.26,3354.79,3359.41,387.0
2025-05-08 16:05:00,3359.34,3360.62,3356.68,3360.52,386.0
2025-05-08 16:10:00,3360.59,3363.24,3359.06,3362.49,378.0
2025-05-08 16:15:00,3362.32,3364.67,3360.9,3362.54,369.0
2025-05-08 16:20:00,3362.37,3362.37,3356.36,3357.75,369.0
2025-05-08 16:25:00,3357.72,3360.91,3356.77,3360.85,344.0
2025-05-08 16:30:00,3361.46,3367.4,3359.3,3366.38,401.0
2025-05-08 16:35:00,3366.41,3369.28,3364.8,3364.91,416.0
2025-05-08 16:40:00,3364.92,3367.66,3362.95,3364.93,400.0
2025-05-08 16:45:00,3365.31,3365.31,3359.1,3364.56,402.0
2025-05-08 16:50:00,3364.51,3364.85,3358.02,3359.07,412.0
2025-05-08 16:55:00,3359.58,3360.66,3355.66,3355.96,381.0
2025-05-08 17:00:00,3356.0,3356.63,3351.61,3356.05,417.0
2025-05-08 17:05:00,3356.04,3360.59,3355.99,3360.07,378.0
2025-05-08 17:10:00,3360.71,3362.93,3360.13,3360.13,362.0
2025-05-08 17:15:00,3360.08,3360.85,3354.91,3356.93,375.0
2025-05-08 17:20:00,3356.96,3358.55,3351.91,3352.12,388.0
2025-05-08 17:25:00,3352.16,3354.25,3350.84,3354.24,368.0
2025-05-08 17:30:00,3354.26,3358.14,3353.44,3355.06,395.0
2025-05-08 17:35:00,3354.55,3358.01,3353.43,3356.45,393.0
2025-05-08 17:40:00,3356.5,3361.93,3356.4,3361.29,410.0
2025-05-08 17:45:00,3361.32,3362.13,3358.85,3360.83,362.0
2025-05-08 17:50:00,3360.65,3361.33,3354.28,3359.06,381.0
2025-05-08 17:55:00,3359.04,3361.65,3354.15,3356.5,388.0
2025-05-08 18:00:00,3357.1,3357.79,3353.11,3353.6,367.0
2025-05-08 18:05:00,3353.61,3356.26,3353.0,3354.73,354.0
2025-05-08 18:10:00,3354.64,3359.35,3354.62,3358.34,386.0
2025-05-08 18:15:00,3358.47,3360.08,3356.71,3357.28,347.0
2025-05-08 18:20:00,3357.28,3357.29,3350.62,3353.13,381.0
2025-05-08 18:25:00,3353.07,3353.07,3340.7,3346.9,416.0
2025-05-08 18:30:00,3346.97,3353.09,3343.44,3343.51,431.0
2025-05-08 18:35:00,3343.54,3347.66,3340.99,3345.04,389.0
2025-05-08 18:40:00,3344.96,3345.36,3335.14,3335.75,435.0
2025-05-08 18:45:00,3336.1,3337.78,3331.01,3331.19,455.0
2025-05-08 18:50:00,3330.92,3333.71,3326.81,3333.71,440.0
2025-05-08 18:55:00,3333.73,3333.73,3328.86,3330.57,393.0
2025-05-08 19:00:00,3330.08,3330.11,3323.88,3326.74,398.0
2025-05-08 19:05:00,3326.83,3326.83,3321.29,3321.91,418.0
2025-05-08 19:10:00,3321.83,3323.35,3310.49,3311.43,424.0
2025-05-08 19:15:00,3311.51,3317.45,3307.11,3308.3,448.0
2025-05-08 19:20:00,3308.24,3310.06,3304.38,3309.7,442.0
2025-05-08 19:25:00,3310.0,3313.36,3309.32,3311.57,412.0
2025-05-08 19:30:00,3311.5,3314.21,3307.55,3312.24,396.0
2025-05-08 19:35:00,3312.12,3312.19,3306.86,3309.15,372.0
2025-05-08 19:40:00,3309.15,3311.15,3308.8,3308.8,361.0
2025-05-08 19:45:00,3308.64,3315.69,3308.52,3312.65,397.0
2025-05-08 19:50:00,3312.57,3313.68,3309.77,3311.95,378.0
2025-05-08 19:55:00,3311.94,3313.55,3308.72,3310.36,337.0
2025-05-08 20:00:00,3310.31,3311.14,3303.55,3303.55,377.0
2025-05-08 20:05:00,3303.53,3304.33,3298.99,3299.61,429.0
2025-05-08 20:10:00,3299.61,3305.56,3298.41,3303.3,384.0
2025-05-08 20:15:00,3303.46,3306.47,3302.67,3305.26,363.0
2025-05-08 20:20:00,3305.16,3306.24,3302.97,3303.33,351.0
2025-05-08 20:25:00,3303.25,3305.68,3299.58,3302.14,387.0
2025-05-08 20:30:00,3302.0,3303.36,3297.85,3303.16,376.0
2025-05-08 20:35:00,3303.06,3305.26,3301.42,3303.46,349.0
2025-05-08 20:40:00,3303.43,3306.01,3301.56,3302.93,332.0
2025-05-08 20:45:00,3303.0,3304.52,3301.95,3303.38,321.0
2025-05-08 20:50:00,3303.08,3305.45,3302.17,3305.02,292.0
2025-05-08 20:55:00,3304.96,3309.34,3304.14,3308.32,381.0
2025-05-08 21:00:00,3308.36,3310.29,3307.35,3310.14,314.0
2025-05-08 21:05:00,3310.16,3310.86,3307.77,3310.83,306.0
2025-05-08 21:10:00,3310.79,3310.89,3307.98,3308.78,315.0
2025-05-08 21:15:00,3308.78,3310.11,3307.99,3309.29,289.0
2025-05-08 21:20:00,3309.3,3309.3,3306.68,3306.87,299.0
2025-05-08 21:25:00,3306.9,3308.54,3306.64,3308.32,322.0
2025-05-08 21:30:00,3308.48,3309.26,3306.83,3308.77,282.0
2025-05-08 21:35:00,3308.75,3309.16,3307.66,3307.88,270.0
2025-05-08 21:40:00,3307.89,3308.11,3306.63,3306.63,288.0
2025-05-08 21:45:00,3306.63,3307.92,3305.64,3306.98,296.0
2025-05-08 21:50:00,3306.99,3309.02,3306.65,3308.56,267.0
2025-05-08 21:55:00,3308.63,3308.88,3307.14,3308.48,298.0
2025-05-08 22:00:00,3308.48,3309.95,3304.93,3304.93,327.0
2025-05-08 22:05:00,3304.94,3305.55,3302.31,3302.31,334.0
2025-05-08 22:10:00,3302.32,3304.32,3302.02,3303.66,284.0
2025-05-08 22:15:00,3303.73,3303.73,3299.05,3300.8,344.0
2025-05-08 22:20:00,3300.7,3300.7,3288.75,3293.19,391.0
2025-05-08 22:25:00,3292.79,3293.8,3290.48,3292.08,350.0
2025-05-08 22:30:00,3291.96,3297.31,3291.71,3296.94,335.0
2025-05-08 22:35:00,3297.18,3300.83,3295.9,3300.8,313.0
2025-05-08 22:40:00,3300.88,3302.36,3299.7,3302.23,315.0
2025-05-08 22:45:00,3302.28,3307.35,3302.28,3307.23,353.0
2025-05-08 22:50:00,3307.09,3309.47,3306.11,3309.12,363.0
2025-05-08 22:55:00,3308.91,3309.79,3305.99,3306.37,359.0
2025-05-08 23:00:00,3306.96,3308.94,3305.41,3306.63,273.0
2025-05-08 23:05:00,3306.47,3307.96,3305.58,3307.66,193.0
2025-05-08 23:10:00,3307.7,3308.54,3305.76,3307.01,181.0
2025-05-08 23:15:00,3306.98,3309.15,3306.71,3309.06,225.0
2025-05-08 23:20:00,3308.94,3309.15,3306.74,3307.51,191.0
2025-05-08 23:25:00,3307.51,3310.84,3307.47,3309.91,249.0
2025-05-08 23:30:00,3309.98,3310.01,3308.15,3308.68,195.0
2025-05-08 23:35:00,3308.69,3308.83,3307.26,3307.53,210.0
2025-05-08 23:40:00,3307.54,3308.26,3303.87,3305.3,212.0
2025-05-08 23:45:00,3305.4,3308.21,3305.11,3307.89,192.0
2025-05-08 23:50:00,3307.96,3307.96,3305.21,3305.55,196.0
2025-05-08 23:55:00,3307.13,3307.34,3305.78,3305.85,201.0
2025-05-09 01:00:00,3308.01,3310.96,3306.43,3310.37,378.0
2025-05-09 01:05:00,3310.37,3315.29,3310.37,3314.51,254.0
2025-05-09 01:10:00,3314.21,3315.1,3312.66,3313.76,236.0
2025-05-09 01:15:00,3313.42,3315.02,3312.99,3314.87,175.0
2025-05-09 01:20:00,3314.85,3315.41,3313.4,3314.85,189.0
2025-05-09 01:25:00,3314.88,3315.87,3314.26,3315.75,203.0
2025-05-09 01:30:00,3315.42,3319.46,3314.68,3317.79,291.0
2025-05-09 01:35:00,3317.71,3319.79,3317.36,3319.47,272.0
2025-05-09 01:40:00,3319.37,3321.9,3317.56,3318.6,277.0
2025-05-09 01:45:00,3318.59,3321.87,3317.68,3321.77,230.0
2025-05-09 01:50:00,3321.17,3321.89,3320.12,3320.64,227.0
2025-05-09 01:55:00,3320.51,3323.97,3320.15,3323.92,242.0
2025-05-09 02:00:00,3323.84,3324.02,3318.25,3318.54,275.0
2025-05-09 02:05:00,3318.38,3320.18,3317.76,3319.87,222.0
2025-05-09 02:10:00,3319.96,3321.77,3315.63,3316.71,296.0
2025-05-09 02:15:00,3316.72,3317.06,3315.08,3315.47,235.0
2025-05-09 02:20:00,3315.54,3317.78,3315.22,3317.57,225.0
2025-05-09 02:25:00,3317.53,3317.71,3315.59,3317.62,205.0
2025-05-09 02:30:00,3317.6,3317.6,3313.8,3315.28,207.0
2025-05-09 02:35:00,3315.29,3316.57,3314.98,3315.31,196.0
2025-05-09 02:40:00,3315.31,3317.34,3315.21,3317.21,168.0
2025-05-09 02:45:00,3316.9,3316.98,3315.34,3316.2,213.0
2025-05-09 02:50:00,3315.96,3316.48,3314.27,3315.42,244.0
2025-05-09 02:55:00,3315.43,3316.37,3312.31,3316.37,329.0
2025-05-09 03:00:00,3316.52,3318.99,3316.42,3317.68,296.0
2025-05-09 03:05:00,3317.68,3319.7,3315.14,3315.67,281.0
2025-05-09 03:10:00,3315.69,3315.96,3312.38,3312.48,323.0
2025-05-09 03:15:00,3312.46,3314.47,3311.27,3313.22,276.0
2025-05-09 03:20:00,3313.23,3314.02,3309.6,3309.72,322.0
2025-05-09 03:25:00,3309.72,3311.46,3308.75,3310.5,332.0
2025-05-09 03:30:00,3310.67,3312.79,3310.27,3311.13,294.0
2025-05-09 03:35:00,3311.12,3316.92,3311.12,3316.47,348.0
2025-05-09 03:40:00,3316.63,3317.06,3314.54,3316.69,272.0
2025-05-09 03:45:00,3316.69,3319.58,3316.27,3319.56,318.0
2025-05-09 03:50:00,3319.48,3320.68,3316.8,3320.12,345.0
2025-05-09 03:55:00,3320.15,3323.11,3319.4,3322.15,318.0
2025-05-09 04:00:00,3322.03,3322.28,3316.23,3317.01,384.0
2025-05-09 04:05:00,3317.08,3319.91,3316.85,3318.31,348.0
2025-05-09 04:10:00,3318.39,3318.39,3313.35,3315.62,368.0
2025-05-09 04:15:00,3315.95,3317.09,3309.39,3310.86,387.0
2025-05-09 04:20:00,3310.56,3310.63,3304.57,3305.28,373.0
2025-05-09 04:25:00,3305.34,3305.34,3298.26,3302.36,402.0
2025-05-09 04:30:00,3302.43,3304.06,3295.34,3295.34,392.0
2025-05-09 04:35:00,3295.39,3295.68,3286.91,3291.79,452.0
2025-05-09 04:40:00,3291.01,3293.96,3288.6,3292.81,381.0
2025-05-09 04:45:00,3292.62,3293.9,3288.81,3292.61,378.0
2025-05-09 04:50:00,3292.4,3292.4,3286.83,3291.54,385.0
2025-05-09 04:55:00,3291.58,3294.68,3290.58,3291.34,383.0
2025-05-09 05:00:00,3291.28,3291.28,3286.99,3287.59,376.0
2025-05-09 05:05:00,3287.74,3288.9,3283.71,3285.73,372.0
2025-05-09 05:10:00,3285.45,3285.68,3274.86,3277.27,431.0
2025-05-09 05:15:00,3276.96,3282.99,3276.96,3282.27,384.0
2025-05-09 05:20:00,3282.19,3285.13,3279.34,3280.77,376.0
2025-05-09 05:25:00,3280.8,3283.67,3278.08,3280.06,356.0
2025-05-09 05:30:00,3279.96,3290.76,3279.96,3289.3,395.0
2025-05-09 05:35:00,3289.43,3293.99,3287.16,3291.32,388.0
2025-05-09 05:40:00,3291.35,3296.7,3291.16,3296.7,373.0
2025-05-09 05:45:00,3296.68,3300.95,3295.44,3299.96,373.0
2025-05-09 05:50:00,3300.16,3307.71,3299.26,3305.51,356.0
2025-05-09 05:55:00,3305.23,3308.55,3301.85,3308.29,364.0
2025-05-09 06:00:00,3308.44,3313.32,3307.31,3310.54,393.0
2025-05-09 06:05:00,3310.39,3311.37,3307.1,3308.26,367.0
2025-05-09 06:10:00,3308.23,3308.9,3301.55,3305.87,394.0
2025-05-09 06:15:00,3305.91,3306.78,3301.82,3301.88,336.0
2025-05-09 06:20:00,3301.86,3304.24,3299.81,3304.16,347.0
2025-05-09 06:25:00,3304.33,3305.01,3301.75,3304.66,300.0
2025-05-09 06:30:00,3304.39,3309.43,3303.62,3308.96,338.0
2025-05-09 06:35:00,3309.32,3309.48,3305.8,3306.99,275.0
2025-05-09 06:40:00,3306.92,3309.04,3306.44,3308.95,248.0
2025-05-09 06:45:00,3308.84,3310.48,3308.84,3310.18,285.0
2025-05-09 06:50:00,3310.09,3312.81,3309.14,3309.99,277.0
2025-05-09 06:55:00,3309.74,3310.91,3307.29,3308.07,286.0
2025-05-09 07:00:00,3308.13,3314.47,3308.13,3314.43,312.0
2025-05-09 07:05:00,3313.85,3314.62,3312.62,3313.45,292.0
2025-05-09 07:10:00,3313.22,3315.06,3312.84,3314.89,271.0
2025-05-09 07:15:00,3314.9,3317.12,3313.08,3313.57,313.0
2025-05-09 07:20:00,3313.58,3315.25,3313.09,3314.01,274.0
2025-05-09 07:25:00,3314.05,3315.09,3313.15,3314.58,237.0
2025-05-09 07:30:00,3314.59,3315.92,3313.65,3315.26,230.0
2025-05-09 07:35:00,3315.27,3315.78,3313.09,3314.84,280.0
2025-05-09 07:40:00,3314.98,3316.87,3314.87,3315.79,243.0
2025-05-09 07:45:00,3315.79,3317.69,3315.07,3317.69,236.0
2025-05-09 07:50:00,3317.7,3321.34,3317.3,3320.94,319.0
2025-05-09 07:55:00,3320.84,3327.28,3320.03,3324.64,370.0
2025-05-09 08:00:00,3324.61,3328.34,3324.49,3325.22,330.0
2025-05-09 08:05:00,3325.23,3327.72,3324.36,3327.43,297.0
2025-05-09 08:10:00,3327.43,3330.25,3326.96,3328.01,331.0
2025-05-09 08:15:00,3328.02,3328.43,3325.0,3325.04,291.0
2025-05-09 08:20:00,3325.15,3325.36,3321.59,3322.13,306.0
2025-05-09 08:25:00,3322.06,3323.43,3320.35,3321.49,302.0
2025-05-09 08:30:00,3321.49,3321.55,3312.93,3314.5,403.0
2025-05-09 08:35:00,3314.47,3317.94,3313.57,3317.17,358.0
2025-05-09 08:40:00,3317.17,3319.57,3315.6,3319.27,311.0
2025-05-09 08:45:00,3319.27,3319.27,3314.19,3315.89,311.0
2025-05-09 08:50:00,3316.06,3318.86,3315.37,3317.64,320.0
2025-05-09 08:55:00,3317.68,3322.95,3317.68,3321.49,346.0
2025-05-09 09:00:00,3321.45,3323.98,3320.11,3323.09,343.0
2025-05-09 09:05:00,3322.87,3323.35,3320.05,3322.26,333.0
2025-05-09 09:10:00,3322.43,3324.58,3318.6,3319.8,348.0
2025-05-09 09:15:00,3319.58,3322.15,3318.73,3318.99,321.0
2025-05-09 09:20:00,3319.07,3320.01,3315.35,3318.4,357.0
2025-05-09 09:25:00,3318.34,3320.9,3317.15,3320.9,339.0
2025-05-09 09:30:00,3320.99,3324.28,3320.2,3323.92,354.0
2025-05-09 09:35:00,3323.98,3324.15,3320.22,3321.4,332.0
2025-05-09 09:40:00,3321.47,3323.84,3318.9,3323.21,322.0
2025-05-09 09:45:00,3323.24,3323.61,3320.54,3321.01,329.0
2025-05-09 09:50:00,3320.98,3323.83,3320.12,3323.83,305.0
2025-05-09 09:55:00,3323.9,3326.75,3323.86,3325.31,332.0
2025-05-09 10:00:00,3325.31,3328.49,3324.11,3327.71,337.0
2025-05-09 10:05:00,3327.67,3329.77,3327.06,3328.9,367.0
2025-05-09 10:10:00,3328.89,3332.15,3326.92,3327.31,364.0
2025-05-09 10:15:00,3327.29,3328.3,3325.79,3327.11,324.0
2025-05-09 10:20:00,3327.21,3327.62,3324.89,3326.14,328.0
2025-05-09 10:25:00,3326.14,3326.8,3322.88,3323.12,332.0
2025-05-09 10:30:00,3323.2,3328.13,3322.49,3328.13,324.0
2025-05-09 10:35:00,3328.06,3329.79,3325.94,3326.14,363.0
2025-05-09 10:40:00,3326.1,3330.36,3325.78,3329.86,343.0
2025-05-09 10:45:00,3330.07,3330.17,3327.04,3328.98,331.0
2025-05-09 10:50:00,3329.11,3329.35,3326.43,3327.66,294.0
2025-05-09 10:55:00,3327.65,3328.61,3326.02,3327.07,293.0
2025-05-09 11:00:00,3327.48,3328.23,3324.59,3324.65,359.0
2025-05-09 11:05:00,3324.54,3324.84,3320.37,3323.02,349.0
2025-05-09 11:10:00,3322.95,3324.5,3322.24,3323.12,325.0
2025-05-09 11:15:00,3322.89,3323.28,3320.3,3322.0,338.0
2025-05-09 11:20:00,3322.02,3324.54,3321.97,3324.44,303.0
2025-05-09 11:25:00,3324.43,3324.76,3321.84,3321.96,321.0
2025-05-09 11:30:00,3321.83,3324.04,3321.61,3321.96,282.0
2025-05-09 11:35:00,3321.98,3323.85,3321.98,3323.48,294.0
2025-05-09 11:40:00,3323.32,3325.61,3322.5,3324.94,307.0
2025-05-09 11:45:00,3324.75,3328.62,3324.61,3326.85,352.0
2025-05-09 11:50:00,3326.82,3328.08,3325.15,3328.08,325.0
2025-05-09 11:55:00,3327.98,3328.95,3326.88,3328.51,295.0
2025-05-09 12:00:00,3328.49,3328.49,3324.71,3326.11,331.0
2025-05-09 12:05:00,3325.95,3326.91,3325.12,3325.89,277.0
2025-05-09 12:10:00,3325.9,3328.66,3325.89,3327.01,293.0
2025-05-09 12:15:00,3327.05,3329.31,3327.05,3327.11,285.0
2025-05-09 12:20:00,3327.07,3327.78,3325.26,3326.21,289.0
2025-05-09 12:25:00,3326.13,3326.44,3324.59,3325.01,282.0
2025-05-09 12:30:00,3325.41,3327.08,3323.66,3327.07,310.0
2025-05-09 12:35:00,3327.09,3327.15,3325.33,3325.57,239.0
2025-05-09 12:40:00,3325.58,3327.31,3325.04,3325.87,263.0
2025-05-09 12:45:00,3325.85,3325.85,3323.73,3325.21,288.0
2025-05-09 12:50:00,3325.31,3326.31,3324.93,3325.86,277.0
2025-05-09 12:55:00,3326.07,3326.2,3324.54,3325.18,290.0
2025-05-09 13:00:00,3325.18,3325.18,3322.69,3323.23,281.0
2025-05-09 13:05:00,3323.21,3324.53,3322.12,3324.53,276.0
2025-05-09 13:10:00,3324.74,3326.72,3324.74,3326.31,265.0
2025-05-09 13:15:00,3326.35,3328.58,3326.2,3328.56,266.0
2025-05-09 13:20:00,3328.53,3329.79,3325.23,3325.23,235.0
2025-05-09 13:25:00,3325.24,3325.4,3324.11,3324.14,274.0
2025-05-09 13:30:00,3324.29,3325.04,3323.38,3323.61,272.0
2025-05-09 13:35:00,3323.6,3324.59,3322.01,3324.09,277.0
2025-05-09 13:40:00,3324.06,3324.85,3322.55,3324.81,221.0
2025-05-09 13:45:00,3324.84,3325.14,3324.25,3324.99,227.0
2025-05-09 13:50:00,3325.01,3326.19,3324.04,3326.1,219.0
2025-05-09 13:55:00,3326.02,3326.52,3322.73,3323.3,295.0
2025-05-09 14:00:00,3323.33,3328.96,3323.23,3328.96,313.0
2025-05-09 14:05:00,3329.03,3330.56,3327.57,3328.56,293.0
2025-05-09 14:10:00,3328.52,3331.14,3327.9,3331.04,286.0
2025-05-09 14:15:00,3331.09,3331.16,3329.87,3330.28,247.0
2025-05-09 14:20:00,3330.23,3331.42,3329.17,3329.17,244.0
2025-05-09 14:25:00,3329.25,3338.33,3327.0,3334.07,373.0
2025-05-09 14:30:00,3334.22,3335.02,3324.66,3326.66,417.0
2025-05-09 14:35:00,3326.56,3331.63,3325.23,3331.63,354.0
2025-05-09 14:40:00,3331.52,3334.0,3330.97,3332.49,365.0
2025-05-09 14:45:00,3332.58,3332.64,3329.26,3331.07,338.0
2025-05-09 14:50:00,3331.32,3332.26,3330.84,3332.14,304.0
2025-05-09 14:55:00,3332.13,3333.33,3330.39,3332.94,307.0
2025-05-09 15:00:00,3332.99,3334.2,3331.5,3333.62,334.0
2025-05-09 15:05:00,3333.68,3335.02,3330.99,3334.21,318.0
2025-05-09 15:10:00,3334.27,3335.43,3332.94,3334.67,261.0
2025-05-09 15:15:00,3334.65,3335.59,3333.41,3335.09,313.0
2025-05-09 15:20:00,3335.15,3335.61,3331.74,3333.28,357.0
2025-05-09 15:25:00,3333.33,3335.17,3331.77,3333.57,322.0
2025-05-09 15:30:00,3333.79,3334.04,3330.46,3330.89,349.0
2025-05-09 15:35:00,3330.96,3331.46,3329.09,3330.08,348.0
2025-05-09 15:40:00,3329.96,3332.89,3329.59,3330.56,353.0
2025-05-09 15:45:00,3330.44,3333.44,3330.35,3331.85,321.0
2025-05-09 15:50:00,3332.0,3333.01,3331.03,3331.92,335.0
2025-05-09 15:55:00,3331.94,3333.95,3331.66,3333.54,340.0
2025-05-09 16:00:00,3333.45,3336.44,3331.11,3332.06,395.0
2025-05-09 16:05:00,3331.89,3332.55,3329.42,3332.1,368.0
2025-05-09 16:10:00,3332.14,3332.14,3328.78,3331.4,361.0
2025-05-09 16:15:00,3331.68,3334.95,3330.39,3334.55,356.0
2025-05-09 16:20:00,3334.73,3336.52,3334.16,3336.2,381.0
2025-05-09 16:25:00,3336.24,3340.24,3335.33,3339.99,388.0
2025-05-09 16:30:00,3339.93,3339.93,3336.35,3337.14,408.0
2025-05-09 16:35:00,3336.98,3338.27,3334.99,3337.42,398.0
2025-05-09 16:40:00,3337.41,3339.29,3332.89,3334.93,408.0
2025-05-09 16:45:00,3335.06,3336.56,3333.46,3336.39,386.0
2025-05-09 16:50:00,3335.94,3336.46,3333.62,3334.14,391.0
2025-05-09 16:55:00,3334.21,3334.46,3330.51,3330.78,367.0
2025-05-09 17:00:00,3330.81,3330.99,3323.18,3324.81,436.0
2025-05-09 17:05:00,3324.7,3328.52,3324.07,3324.99,409.0
2025-05-09 17:10:00,3324.85,3325.05,3320.85,3321.81,424.0
2025-05-09 17:15:00,3321.81,3330.03,3320.38,3329.42,403.0
2025-05-09 17:20:00,3329.48,3332.26,3329.48,3331.99,406.0
2025-05-09 17:25:00,3331.95,3339.23,3330.92,3338.14,413.0
2025-05-09 17:30:00,3337.97,3341.14,3335.35,3336.66,425.0
2025-05-09 17:35:00,3336.56,3340.0,3336.5,3336.93,379.0
2025-05-09 17:40:00,3336.94,3338.16,3333.75,3337.65,405.0
2025-05-09 17:45:00,3337.46,3339.95,3334.4,3339.72,386.0
2025-05-09 17:50:00,3339.62,3339.99,3336.1,3337.85,379.0
2025-05-09 17:55:00,3337.94,3338.64,3335.3,3337.13,397.0
2025-05-09 18:00:00,3337.11,3339.06,3336.14,3338.91,370.0
2025-05-09 18:05:00,3338.89,3340.26,3337.62,3339.6,346.0
2025-05-09 18:10:00,3339.46,3342.85,3337.86,3340.67,379.0
2025-05-09 18:15:00,3340.77,3343.19,3337.87,3338.93,407.0
2025-05-09 18:20:00,3338.87,3341.97,3338.35,3340.09,350.0
2025-05-09 18:25:00,3340.09,3340.27,3337.95,3339.66,343.0
2025-05-09 18:30:00,3339.57,3341.6,3339.39,3340.72,348.0
2025-05-09 18:35:00,3340.88,3346.01,3340.45,3344.35,369.0
2025-05-09 18:40:00,3344.41,3344.54,3342.07,3343.06,344.0
2025-05-09 18:45:00,3343.11,3343.36,3340.41,3342.04,346.0
2025-05-09 18:50:00,3342.03,3343.35,3341.49,3342.37,309.0
2025-05-09 18:55:00,3342.6,3345.29,3342.4,3345.06,342.0
2025-05-09 19:00:00,3345.22,3347.37,3345.14,3346.17,364.0
2025-05-09 19:05:00,3346.34,3346.64,3343.51,3344.46,359.0
2025-05-09 19:10:00,3344.45,3346.77,3344.23,3346.77,326.0
2025-05-09 19:15:00,3346.67,3347.53,3344.87,3346.05,313.0
2025-05-09 19:20:00,3346.04,3346.54,3340.04,3340.67,330.0
2025-05-09 19:25:00,3340.57,3341.67,3338.7,3339.75,352.0
2025-05-09 19:30:00,3339.87,3341.99,3338.08,3341.99,346.0
2025-05-09 19:35:00,3341.95,3342.24,3339.22,3340.58,314.0
2025-05-09 19:40:00,3340.58,3340.58,3337.92,3338.9,312.0
2025-05-09 19:45:00,3338.97,3341.52,3338.2,3341.1,318.0
2025-05-09 19:50:00,3340.98,3341.16,3338.72,3338.9,283.0
2025-05-09 19:55:00,3338.87,3339.43,3336.45,3336.97,334.0
2025-05-09 20:00:00,3336.82,3338.73,3336.56,3337.71,320.0
2025-05-09 20:05:00,3337.68,3340.23,3337.46,3337.98,314.0
2025-05-09 20:10:00,3338.09,3338.09,3336.06,3337.14,312.0
2025-05-09 20:15:00,3337.08,3338.99,3336.2,3338.14,316.0
2025-05-09 20:20:00,3338.05,3341.78,3337.84,3340.91,332.0
2025-05-09 20:25:00,3340.9,3341.34,3338.94,3339.08,334.0
2025-05-09 20:30:00,3339.3,3341.68,3338.48,3341.13,316.0
2025-05-09 20:35:00,3341.15,3341.63,3340.37,3341.63,282.0
2025-05-09 20:40:00,3341.62,3342.41,3340.87,3341.3,277.0
2025-05-09 20:45:00,3341.47,3341.7,3339.79,3341.01,268.0
2025-05-09 20:50:00,3340.98,3342.57,3340.72,3341.43,275.0
2025-05-09 20:55:00,3341.41,3341.79,3340.38,3340.99,256.0
2025-05-09 21:00:00,3340.96,3342.99,3340.9,3342.21,288.0
2025-05-09 21:05:00,3342.15,3342.27,3339.19,3339.38,290.0
2025-05-09 21:10:00,3339.39,3339.6,3336.42,3338.71,303.0
2025-05-09 21:15:00,3338.98,3339.42,3337.86,3339.17,287.0
2025-05-09 21:20:00,3339.16,3340.11,3338.39,3339.92,262.0
2025-05-09 21:25:00,3339.9,3339.97,3338.61,3339.5,249.0
2025-05-09 21:30:00,3339.42,3339.45,3337.22,3337.23,231.0
2025-05-09 21:35:00,3337.23,3338.81,3337.23,3337.39,262.0
2025-05-09 21:40:00,3337.41,3338.02,3337.14,3337.18,269.0
2025-05-09 21:45:00,3337.22,3338.42,3336.9,3337.59,252.0
2025-05-09 21:50:00,3337.59,3338.23,3337.03,3337.8,263.0
2025-05-09 21:55:00,3337.81,3339.13,3337.8,3338.83,254.0
2025-05-09 22:00:00,3338.77,3339.84,3337.7,3338.1,294.0
2025-05-09 22:05:00,3338.15,3338.22,3334.18,3334.24,290.0
2025-05-09 22:10:00,3334.16,3335.48,3333.64,3335.22,262.0
2025-05-09 22:15:00,3335.23,3335.63,3334.18,3335.03,265.0
2025-05-09 22:20:00,3335.06,3336.24,3332.83,3332.93,266.0
2025-05-09 22:25:00,3332.96,3332.96,3329.78,3329.78,289.0
2025-05-09 22:30:00,3329.93,3329.95,3327.42,3327.46,318.0
2025-05-09 22:35:00,3327.47,3328.44,3326.79,3328.2,313.0
2025-05-09 22:40:00,3328.17,3329.24,3327.31,3327.42,284.0
2025-05-09 22:45:00,3327.34,3327.92,3326.19,3326.69,278.0
2025-05-09 22:50:00,3326.77,3327.84,3325.47,3326.64,306.0
2025-05-09 22:55:00,3326.93,3329.1,3326.78,3328.89,346.0
2025-05-09 23:00:00,3328.77,3328.78,3326.84,3328.12,240.0
2025-05-09 23:05:00,3328.07,3329.67,3327.72,3328.86,201.0
2025-05-09 23:10:00,3328.86,3329.92,3328.5,3329.19,192.0
2025-05-09 23:15:00,3329.17,3329.48,3328.11,3329.13,197.0
2025-05-09 23:20:00,3329.3,3329.3,3327.49,3328.13,150.0
2025-05-09 23:25:00,3328.24,3330.26,3328.16,3330.05,155.0
2025-05-09 23:30:00,3330.06,3330.1,3328.67,3329.11,157.0
2025-05-09 23:35:00,3329.11,3329.98,3328.32,3328.88,169.0
2025-05-09 23:40:00,3328.85,3329.43,3328.26,3329.0,181.0
2025-05-09 23:45:00,3328.9,3329.2,3327.82,3328.36,168.0
2025-05-09 23:50:00,3328.4,3328.59,3325.14,3325.51,208.0
2025-05-09 23:55:00,3326.79,3327.25,3326.58,3327.15,32.0
2025-05-12 01:00:00,3291.47,3299.73,3271.07,3290.28,819.0
2025-05-12 01:05:00,3295.11,3295.2,3281.22,3284.4,303.0
2025-05-12 01:10:00,3284.87,3292.73,3281.5,3281.93,375.0
2025-05-12 01:15:00,3282.03,3282.97,3272.97,3274.0,332.0
2025-05-12 01:20:00,3273.96,3275.25,3271.12,3273.89,356.0
2025-05-12 01:25:00,3273.86,3280.65,3273.86,3277.94,354.0
2025-05-12 01:30:00,3277.93,3280.23,3277.33,3278.91,356.0
2025-05-12 01:35:00,3278.9,3280.65,3275.36,3275.92,346.0
2025-05-12 01:40:00,3276.12,3276.39,3271.32,3271.71,363.0
2025-05-12 01:45:00,3271.61,3277.55,3266.77,3276.72,389.0
2025-05-12 01:50:00,3276.72,3278.52,3274.68,3275.46,312.0
2025-05-12 01:55:00,3275.35,3276.35,3272.18,3272.68,313.0
2025-05-12 02:00:00,3272.68,3273.34,3266.16,3267.79,397.0
2025-05-12 02:05:00,3267.37,3272.41,3265.95,3271.13,355.0
2025-05-12 02:10:00,3271.18,3276.76,3270.47,3276.21,373.0
2025-05-12 02:15:00,3276.34,3280.34,3275.79,3278.3,418.0
2025-05-12 02:20:00,3278.18,3278.94,3275.56,3276.85,338.0
2025-05-12 02:25:00,3276.86,3285.95,3276.65,3285.66,393.0
2025-05-12 02:30:00,3285.64,3287.17,3278.19,3279.73,397.0
2025-05-12 02:35:00,3279.7,3281.89,3278.56,3280.44,327.0
2025-05-12 02:40:00,3280.66,3283.62,3279.97,3280.18,368.0
2025-05-12 02:45:00,3280.18,3281.65,3277.9,3279.46,367.0
2025-05-12 02:50:00,3279.47,3286.16,3279.28,3284.85,336.0
2025-05-12 02:55:00,3284.76,3288.81,3283.73,3287.58,368.0
2025-05-12 03:00:00,3287.78,3289.91,3285.43,3287.2,422.0
2025-05-12 03:05:00,3287.39,3287.84,3283.5,3284.64,389.0
2025-05-12 03:10:00,3284.64,3287.36,3281.77,3286.77,371.0
2025-05-12 03:15:00,3287.45,3287.71,3281.42,3283.02,325.0
2025-05-12 03:20:00,3283.0,3283.0,3280.04,3280.56,331.0
2025-05-12 03:25:00,3280.53,3284.89,3280.42,3284.89,357.0
2025-05-12 03:30:00,3284.8,3285.97,3282.91,3283.29,339.0
2025-05-12 03:35:00,3283.3,3284.09,3279.65,3279.93,331.0
2025-05-12 03:40:00,3279.92,3280.19,3273.51,3274.57,449.0
2025-05-12 03:45:00,3274.51,3277.5,3272.2,3277.5,398.0
2025-05-12 03:50:00,3277.2,3280.74,3277.08,3280.63,393.0
2025-05-12 03:55:00,3280.4,3282.0,3277.35,3279.17,387.0
2025-05-12 04:00:00,3279.45,3282.04,3267.58,3271.13,501.0
2025-05-12 04:05:00,3271.4,3277.33,3268.22,3270.18,491.0
2025-05-12 04:10:00,3270.16,3270.34,3260.12,3261.92,485.0
2025-05-12 04:15:00,3262.49,3265.83,3258.87,3263.88,458.0
2025-05-12 04:20:00,3263.4,3267.85,3261.06,3264.06,449.0
2025-05-12 04:25:00,3264.14,3268.53,3262.27,3264.53,420.0
2025-05-12 04:30:00,3264.61,3270.46,3263.55,3268.47,455.0
2025-05-12 04:35:00,3268.28,3271.15,3265.21,3269.56,420.0
2025-05-12 04:40:00,3269.55,3274.77,3269.23,3273.79,428.0
2025-05-12 04:45:00,3274.24,3275.98,3270.73,3274.64,408.0
2025-05-12 04:50:00,3274.59,3275.35,3268.87,3271.38,417.0
2025-05-12 04:55:00,3271.35,3273.2,3269.78,3271.87,404.0
2025-05-12 05:00:00,3271.89,3279.85,3271.63,3275.09,438.0
2025-05-12 05:05:00,3275.05,3277.76,3272.5,3274.45,424.0
2025-05-12 05:10:00,3274.47,3278.9,3273.49,3277.07,408.0
2025-05-12 05:15:00,3276.97,3278.17,3273.19,3273.19,398.0
2025-05-12 05:20:00,3273.19,3274.61,3270.54,3270.54,397.0
2025-05-12 05:25:00,3270.45,3276.69,3270.04,3276.09,395.0
2025-05-12 05:30:00,3276.42,3277.88,3273.67,3274.0,411.0
2025-05-12 05:35:00,3274.09,3274.34,3269.52,3272.81,378.0
2025-05-12 05:40:00,3272.72,3275.34,3272.05,3273.02,374.0
2025-05-12 05:45:00,3272.93,3275.86,3272.22,3274.92,369.0
2025-05-12 05:50:00,3274.93,3275.83,3271.66,3272.53,341.0
2025-05-12 05:55:00,3272.73,3273.45,3270.65,3272.04,329.0
2025-05-12 06:00:00,3272.08,3272.44,3270.5,3271.72,342.0
2025-05-12 06:05:00,3271.71,3274.96,3270.99,3274.65,381.0
2025-05-12 06:10:00,3274.74,3277.11,3273.85,3277.09,331.0
2025-05-12 06:15:00,3276.83,3277.07,3273.07,3274.51,359.0
2025-05-12 06:20:00,3275.14,3281.11,3275.14,3278.02,405.0
2025-05-12 06:25:00,3277.96,3281.33,3277.89,3281.33,335.0
2025-05-12 06:30:00,3281.42,3284.69,3281.36,3281.79,388.0
2025-05-12 06:35:00,3281.74,3283.56,3280.8,3282.75,308.0
2025-05-12 06:40:00,3282.58,3284.4,3282.36,3282.56,302.0
2025-05-12 06:45:00,3282.58,3283.89,3281.2,3282.41,331.0
2025-05-12 06:50:00,3282.39,3283.62,3280.47,3280.69,326.0
2025-05-12 06:55:00,3280.62,3283.6,3280.2,3283.26,329.0
2025-05-12 07:00:00,3283.26,3283.58,3279.91,3280.93,314.0
2025-05-12 07:05:00,3280.92,3282.71,3280.73,3281.88,244.0
2025-05-12 07:10:00,3281.87,3282.99,3280.77,3282.38,268.0
2025-05-12 07:15:00,3282.55,3282.63,3281.19,3281.3,296.0
2025-05-12 07:20:00,3281.29,3281.3,3279.04,3279.84,267.0
2025-05-12 07:25:00,3280.11,3280.22,3278.18,3278.71,278.0
2025-05-12 07:30:00,3278.7,3278.78,3277.14,3278.52,309.0
2025-05-12 07:35:00,3278.51,3279.3,3276.63,3277.14,279.0
2025-05-12 07:40:00,3277.06,3278.17,3275.65,3278.13,326.0
2025-05-12 07:45:00,3277.99,3279.6,3277.86,3279.09,267.0
2025-05-12 07:50:00,3279.08,3279.42,3277.32,3278.9,283.0
2025-05-12 07:55:00,3278.9,3278.94,3277.64,3278.9,213.0
2025-05-12 08:00:00,3278.89,3279.68,3277.46,3278.67,282.0
2025-05-12 08:05:00,3278.68,3279.05,3277.41,3277.63,279.0
2025-05-12 08:10:00,3277.61,3277.9,3275.22,3277.08,306.0
2025-05-12 08:15:00,3277.05,3277.09,3273.88,3274.04,299.0
2025-05-12 08:20:00,3274.06,3275.7,3273.65,3275.45,291.0
2025-05-12 08:25:00,3275.51,3275.75,3272.14,3274.42,336.0
2025-05-12 08:30:00,3274.42,3277.12,3272.4,3276.15,421.0
2025-05-12 08:35:00,3276.22,3276.51,3271.65,3272.96,397.0
2025-05-12 08:40:00,3272.76,3273.21,3268.54,3271.05,384.0
2025-05-12 08:45:00,3271.01,3272.22,3269.98,3271.12,389.0
2025-05-12 08:50:00,3271.07,3274.34,3270.55,3272.68,384.0
2025-05-12 08:55:00,3272.49,3276.42,3272.15,3276.14,368.0
2025-05-12 09:00:00,3276.3,3279.62,3276.06,3278.15,398.0
2025-05-12 09:05:00,3278.17,3279.9,3277.07,3278.61,407.0
2025-05-12 09:10:00,3278.7,3280.05,3277.62,3279.75,374.0
2025-05-12 09:15:00,3279.83,3281.52,3278.47,3280.69,401.0
2025-05-12 09:20:00,3280.66,3280.96,3275.04,3275.35,408.0
2025-05-12 09:25:00,3275.61,3277.89,3273.02,3277.21,428.0
2025-05-12 09:30:00,3277.31,3280.55,3276.78,3279.03,407.0
2025-05-12 09:35:00,3279.03,3280.4,3276.81,3276.97,362.0
2025-05-12 09:40:00,3276.93,3277.65,3273.86,3274.64,371.0
2025-05-12 09:45:00,3274.51,3275.69,3273.68,3275.28,399.0
2025-05-12 09:50:00,3275.26,3278.25,3273.79,3277.69,371.0
2025-05-12 09:55:00,3277.82,3279.46,3276.66,3277.52,356.0
2025-05-12 10:00:00,3277.31,3277.65,3251.01,3254.66,549.0
2025-05-12 10:05:00,3254.54,3256.62,3245.66,3246.61,510.0
2025-05-12 10:10:00,3246.95,3252.4,3245.95,3246.47,479.0
2025-05-12 10:15:00,3246.54,3251.1,3245.35,3249.99,513.0
2025-05-12 10:20:00,3249.89,3250.06,3235.4,3236.51,514.0
2025-05-12 10:25:00,3236.71,3237.62,3219.63,3231.29,538.0
2025-05-12 10:30:00,3231.15,3235.47,3229.24,3231.22,487.0
2025-05-12 10:35:00,3231.19,3236.93,3227.67,3230.81,498.0
2025-05-12 10:40:00,3230.82,3234.9,3220.34,3221.3,521.0
2025-05-12 10:45:00,3221.27,3224.26,3216.25,3219.26,516.0
2025-05-12 10:50:00,3219.28,3226.65,3217.68,3225.35,494.0
2025-05-12 10:55:00,3225.45,3226.72,3218.97,3222.72,492.0
2025-05-12 11:00:00,3223.55,3229.51,3222.81,3227.9,486.0
2025-05-12 11:05:00,3227.96,3231.95,3224.0,3224.83,474.0
2025-05-12 11:10:00,3224.68,3226.22,3220.74,3224.39,480.0
2025-05-12 11:15:00,3224.37,3228.06,3222.98,3223.82,457.0
2025-05-12 11:20:00,3223.75,3227.01,3222.45,3223.22,471.0
2025-05-12 11:25:00,3222.96,3226.42,3221.43,3225.28,458.0
2025-05-12 11:30:00,3225.05,3228.53,3224.16,3227.45,444.0
2025-05-12 11:35:00,3227.46,3233.96,3226.93,3232.97,441.0
2025-05-12 11:40:00,3232.89,3234.35,3230.99,3233.82,447.0
2025-05-12 11:45:00,3233.83,3234.21,3230.11,3230.63,447.0
2025-05-12 11:50:00,3230.55,3233.74,3230.22,3233.35,418.0
2025-05-12 11:55:00,3233.25,3234.05,3230.33,3231.39,409.0
2025-05-12 12:00:00,3230.76,3230.99,3228.16,3228.16,398.0
2025-05-12 12:05:00,3228.19,3230.77,3226.91,3227.2,408.0
2025-05-12 12:10:00,3227.3,3229.08,3224.88,3226.09,393.0
2025-05-12 12:15:00,3225.93,3229.17,3224.24,3228.31,413.0
2025-05-12 12:20:00,3228.2,3231.16,3227.18,3229.01,388.0
2025-05-12 12:25:00,3228.99,3230.1,3226.2,3227.01,355.0
2025-05-12 12:30:00,3226.28,3226.67,3220.01,3221.06,417.0
2025-05-12 12:35:00,3221.06,3224.1,3220.38,3220.38,374.0
2025-05-12 12:40:00,3220.16,3222.74,3218.31,3221.92,407.0
2025-05-12 12:45:00,3221.99,3224.06,3220.82,3223.61,387.0
2025-05-12 12:50:00,3223.1,3223.26,3217.18,3217.18,416.0
2025-05-12 12:55:00,3217.15,3217.23,3213.09,3214.68,442.0
2025-05-12 13:00:00,3214.86,3218.85,3214.39,3218.36,420.0
2025-05-12 13:05:00,3218.46,3219.51,3216.15,3218.1,419.0
2025-05-12 13:10:00,3218.35,3218.76,3214.56,3214.71,409.0
2025-05-12 13:15:00,3214.82,3217.12,3212.49,3215.8,440.0
2025-05-12 13:20:00,3215.74,3217.13,3210.5,3212.06,433.0
2025-05-12 13:25:00,3212.14,3216.25,3212.14,3213.89,408.0
2025-05-12 13:30:00,3213.89,3217.57,3213.1,3215.67,401.0
2025-05-12 13:35:00,3215.82,3216.57,3211.77,3212.41,394.0
2025-05-12 13:40:00,3212.36,3212.37,3208.64,3211.34,424.0
2025-05-12 13:45:00,3211.47,3214.74,3210.59,3214.35,411.0
2025-05-12 13:50:00,3213.47,3214.86,3210.63,3211.97,414.0
2025-05-12 13:55:00,3211.92,3212.02,3207.74,3208.12,422.0
2025-05-12 14:00:00,3207.9,3218.76,3207.9,3218.63,450.0
2025-05-12 14:05:00,3218.81,3222.74,3218.31,3222.72,443.0
2025-05-12 14:10:00,3222.64,3224.18,3221.18,3222.3,409.0
2025-05-12 14:15:00,3222.38,3223.46,3219.27,3220.63,417.0
2025-05-12 14:20:00,3220.7,3223.37,3220.52,3222.8,376.0
2025-05-12 14:25:00,3222.77,3222.77,3219.71,3220.99,391.0
2025-05-12 14:30:00,3221.17,3221.17,3217.64,3219.19,407.0
2025-05-12 14:35:00,3219.09,3219.31,3214.97,3214.97,412.0
2025-05-12 14:40:00,3215.04,3220.66,3213.64,3219.56,451.0
2025-05-12 14:45:00,3219.47,3222.75,3217.64,3221.23,416.0
2025-05-12 14:50:00,3220.98,3226.96,3220.31,3225.13,475.0
2025-05-12 14:55:00,3225.11,3229.19,3223.86,3224.79,426.0
2025-05-12 15:00:00,3224.39,3225.43,3222.79,3224.24,418.0
2025-05-12 15:05:00,3224.13,3225.01,3220.9,3222.38,414.0
2025-05-12 15:10:00,3222.38,3224.66,3220.35,3221.2,413.0
2025-05-12 15:15:00,3221.2,3227.53,3221.02,3227.35,397.0
2025-05-12 15:20:00,3227.13,3234.24,3226.31,3230.27,468.0
2025-05-12 15:25:00,3230.62,3230.73,3227.87,3228.22,410.0
2025-05-12 15:30:00,3228.21,3230.12,3226.87,3228.95,418.0
2025-05-12 15:35:00,3228.76,3229.27,3225.03,3225.42,399.0
2025-05-12 15:40:00,3225.29,3231.91,3224.3,3231.48,412.0
2025-05-12 15:45:00,3231.44,3231.7,3229.16,3230.4,399.0
2025-05-12 15:50:00,3229.99,3230.55,3227.16,3229.36,422.0
2025-05-12 15:55:00,3228.97,3233.73,3228.31,3233.7,441.0
2025-05-12 16:00:00,3233.75,3236.52,3232.7,3236.32,507.0
2025-05-12 16:05:00,3236.1,3247.34,3236.1,3241.52,527.0
2025-05-12 16:10:00,3240.84,3243.54,3237.6,3241.68,494.0
2025-05-12 16:15:00,3241.81,3243.48,3237.86,3240.69,440.0
2025-05-12 16:20:00,3241.07,3243.78,3238.67,3239.27,459.0
2025-05-12 16:25:00,3239.63,3240.14,3237.32,3238.21,440.0
2025-05-12 16:30:00,3237.54,3238.76,3232.35,3234.46,488.0
2025-05-12 16:35:00,3234.43,3237.73,3231.83,3236.75,502.0
2025-05-12 16:40:00,3236.82,3244.43,3236.48,3243.29,489.0
2025-05-12 16:45:00,3242.84,3248.25,3240.76,3246.41,505.0
2025-05-12 16:50:00,3246.4,3248.54,3239.27,3239.81,497.0
2025-05-12 16:55:00,3239.68,3242.65,3238.17,3240.95,458.0
2025-05-12 17:00:00,3240.22,3241.0,3233.46,3234.9,490.0
2025-05-12 17:05:00,3234.93,3240.22,3233.7,3239.1,487.0
2025-05-12 17:10:00,3239.13,3240.67,3234.37,3235.02,457.0
2025-05-12 17:15:00,3235.07,3241.87,3234.4,3241.87,478.0
2025-05-12 17:20:00,3241.56,3243.12,3235.75,3236.25,470.0
2025-05-12 17:25:00,3236.35,3243.79,3236.35,3243.05,466.0
2025-05-12 17:30:00,3243.23,3245.74,3239.99,3244.02,470.0
2025-05-12 17:35:00,3243.96,3247.76,3243.41,3245.66,469.0
2025-05-12 17:40:00,3246.03,3247.31,3242.06,3243.32,446.0
2025-05-12 17:45:00,3243.19,3243.75,3238.48,3241.55,445.0
2025-05-12 17:50:00,3241.27,3241.27,3235.36,3235.36,452.0
2025-05-12 17:55:00,3235.3,3238.45,3235.03,3237.62,455.0
2025-05-12 18:00:00,3237.65,3240.32,3236.68,3239.12,442.0
2025-05-12 18:05:00,3239.32,3241.12,3238.14,3238.75,413.0
2025-05-12 18:10:00,3238.84,3239.16,3236.04,3236.53,409.0
2025-05-12 18:15:00,3236.56,3240.37,3236.06,3237.65,417.0
2025-05-12 18:20:00,3237.75,3238.56,3232.83,3238.08,448.0
2025-05-12 18:25:00,3238.01,3242.43,3237.87,3239.17,453.0
2025-05-12 18:30:00,3239.25,3239.26,3235.75,3236.54,390.0
2025-05-12 18:35:00,3236.55,3239.52,3236.02,3238.69,403.0
2025-05-12 18:40:00,3238.77,3240.75,3238.28,3238.99,364.0
2025-05-12 18:45:00,3239.19,3242.34,3238.58,3241.82,366.0
2025-05-12 18:50:00,3241.8,3243.94,3238.59,3239.19,375.0
2025-05-12 18:55:00,3238.79,3239.74,3237.54,3239.41,372.0
2025-05-12 19:00:00,3239.18,3240.03,3234.23,3235.85,408.0
2025-05-12 19:05:00,3235.7,3236.85,3233.2,3233.34,383.0
2025-05-12 19:10:00,3233.28,3234.26,3231.25,3231.49,386.0
2025-05-12 19:15:00,3231.49,3232.44,3228.88,3229.49,422.0
2025-05-12 19:20:00,3229.31,3229.54,3225.83,3226.73,416.0
2025-05-12 19:25:00,3226.61,3228.14,3225.84,3227.46,405.0
2025-05-12 19:30:00,3227.42,3228.55,3226.33,3227.08,381.0
2025-05-12 19:35:00,3227.1,3229.09,3226.62,3228.0,384.0
2025-05-12 19:40:00,3228.1,3230.43,3227.48,3228.31,393.0
2025-05-12 19:45:00,3228.12,3228.85,3224.67,3225.16,394.0
2025-05-12 19:50:00,3225.26,3226.54,3224.61,3226.27,391.0
2025-05-12 19:55:00,3226.29,3227.82,3223.37,3224.21,394.0
2025-05-12 20:00:00,3224.21,3225.15,3222.58,3222.67,375.0
2025-05-12 20:05:00,3222.74,3224.56,3221.25,3222.11,392.0
2025-05-12 20:10:00,3222.24,3223.02,3221.23,3222.8,377.0
2025-05-12 20:15:00,3222.8,3224.83,3222.76,3223.08,368.0
2025-05-12 20:20:00,3223.09,3227.5,3223.08,3225.44,407.0
2025-05-12 20:25:00,3225.46,3227.52,3223.72,3223.97,396.0
2025-05-12 20:30:00,3224.07,3227.22,3224.07,3226.86,393.0
2025-05-12 20:35:00,3226.81,3227.21,3225.21,3225.42,361.0
2025-05-12 20:40:00,3225.44,3226.48,3224.45,3225.66,334.0
2025-05-12 20:45:00,3225.64,3226.06,3223.62,3224.14,343.0
2025-05-12 20:50:00,3223.99,3224.97,3222.83,3223.86,335.0
2025-05-12 20:55:00,3223.84,3224.48,3222.54,3223.14,315.0
2025-05-12 21:00:00,3223.11,3224.4,3222.65,3223.21,325.0
2025-05-12 21:05:00,3223.31,3225.33,3223.19,3223.76,354.0
2025-05-12 21:10:00,3223.82,3223.99,3222.65,3222.76,323.0
2025-05-12 21:15:00,3222.76,3223.91,3221.19,3221.38,330.0
2025-05-12 21:20:00,3221.27,3222.12,3220.35,3221.63,363.0
2025-05-12 21:25:00,3221.63,3223.65,3221.41,3223.63,359.0
2025-05-12 21:30:00,3223.52,3224.28,3222.63,3223.09,300.0
2025-05-12 21:35:00,3223.02,3223.6,3220.9,3221.15,332.0
2025-05-12 21:40:00,3221.14,3223.45,3220.94,3223.29,328.0
2025-05-12 21:45:00,3223.36,3227.25,3223.34,3226.95,353.0
2025-05-12 21:50:00,3226.94,3229.42,3226.79,3229.18,389.0
2025-05-12 21:55:00,3229.22,3230.01,3228.67,3229.64,349.0
2025-05-12 22:00:00,3229.66,3231.68,3228.92,3229.49,370.0
2025-05-12 22:05:00,3229.56,3230.87,3229.14,3230.58,348.0
2025-05-12 22:10:00,3230.59,3234.26,3229.97,3232.54,391.0
2025-05-12 22:15:00,3232.55,3234.24,3232.36,3233.1,370.0
2025-05-12 22:20:00,3233.07,3235.6,3233.07,3234.54,362.0
2025-05-12 22:25:00,3234.61,3238.78,3234.29,3238.15,389.0
2025-05-12 22:30:00,3237.95,3238.78,3236.03,3236.63,363.0
2025-05-12 22:35:00,3237.05,3238.78,3235.8,3236.14,344.0
2025-05-12 22:40:00,3236.1,3237.88,3234.77,3234.86,356.0
2025-05-12 22:45:00,3234.95,3236.36,3234.32,3236.26,361.0
2025-05-12 22:50:00,3236.12,3236.48,3234.84,3235.67,345.0
2025-05-12 22:55:00,3235.77,3236.35,3234.91,3235.35,292.0
2025-05-12 23:00:00,3235.36,3236.09,3232.71,3233.33,266.0
2025-05-12 23:05:00,3233.32,3234.92,3232.66,3234.88,224.0
2025-05-12 23:10:00,3234.94,3237.09,3234.54,3236.47,197.0
2025-05-12 23:15:00,3236.55,3238.42,3236.49,3237.18,201.0
2025-05-12 23:20:00,3237.19,3238.06,3236.2,3237.24,178.0
2025-05-12 23:25:00,3237.25,3237.3,3235.16,3235.2,172.0
2025-05-12 23:30:00,3235.02,3236.41,3234.98,3235.83,169.0
2025-05-12 23:35:00,3235.97,3236.36,3235.52,3235.66,149.0
2025-05-12 23:40:00,3235.71,3235.98,3235.29,3235.49,132.0
2025-05-12 23:45:00,3235.36,3236.49,3235.08,3235.24,178.0
2025-05-12 23:50:00,3235.26,3235.45,3233.97,3234.25,151.0
2025-05-12 23:55:00,3234.67,3234.67,3234.14,3234.4,106.0
2025-05-13 01:00:00,3238.82,3241.83,3237.37,3237.51,373.0
2025-05-13 01:05:00,3237.51,3237.51,3233.67,3234.27,182.0
2025-05-13 01:10:00,3234.27,3235.96,3232.95,3235.96,190.0
2025-05-13 01:15:00,3236.06,3237.21,3234.77,3235.29,201.0
2025-05-13 01:20:00,3235.26,3237.74,3235.26,3236.74,176.0
2025-05-13 01:25:00,3236.74,3237.12,3235.88,3236.9,141.0
2025-05-13 01:30:00,3236.91,3237.43,3234.85,3236.17,295.0
2025-05-13 01:35:00,3236.17,3237.05,3235.08,3236.06,245.0
2025-05-13 01:40:00,3236.08,3237.05,3234.84,3235.8,211.0
2025-05-13 01:45:00,3235.82,3235.89,3232.02,3232.29,273.0
2025-05-13 01:50:00,3231.56,3232.22,3229.78,3231.93,235.0
2025-05-13 01:55:00,3231.93,3234.02,3231.89,3233.88,197.0
2025-05-13 02:00:00,3233.89,3235.84,3233.89,3234.4,216.0
2025-05-13 02:05:00,3234.23,3237.15,3233.51,3236.4,251.0
2025-05-13 02:10:00,3236.44,3236.64,3233.82,3234.5,282.0
2025-05-13 02:15:00,3234.48,3235.7,3233.97,3235.1,179.0
2025-05-13 02:20:00,3235.08,3235.59,3234.66,3235.39,162.0
2025-05-13 02:25:00,3235.37,3236.27,3234.73,3235.75,174.0
2025-05-13 02:30:00,3235.75,3237.49,3234.75,3237.49,216.0
2025-05-13 02:35:00,3237.53,3240.02,3236.92,3238.22,279.0
2025-05-13 02:40:00,3238.31,3238.31,3237.14,3238.08,173.0
2025-05-13 02:45:00,3238.09,3239.84,3237.3,3237.5,228.0
2025-05-13 02:50:00,3237.5,3237.5,3235.56,3236.22,232.0
2025-05-13 02:55:00,3236.24,3236.72,3235.39,3236.72,242.0
2025-05-13 03:00:00,3236.84,3237.71,3235.85,3236.94,350.0
2025-05-13 03:05:00,3236.89,3242.87,3236.55,3242.41,367.0
2025-05-13 03:10:00,3242.43,3243.21,3240.55,3241.57,331.0
2025-05-13 03:15:00,3241.52,3241.71,3239.41,3240.64,336.0
2025-05-13 03:20:00,3240.67,3241.47,3237.79,3238.18,323.0
2025-05-13 03:25:00,3238.13,3238.35,3235.63,3237.31,306.0
2025-05-13 03:30:00,3237.25,3240.13,3235.49,3236.18,369.0
2025-05-13 03:35:00,3236.11,3236.66,3234.6,3235.98,330.0
2025-05-13 03:40:00,3236.03,3237.32,3233.93,3235.42,343.0
2025-05-13 03:45:00,3235.54,3236.81,3234.89,3235.83,304.0
2025-05-13 03:50:00,3235.75,3238.25,3235.41,3238.14,357.0
2025-05-13 03:55:00,3238.16,3240.55,3237.37,3239.93,358.0
2025-05-13 04:00:00,3239.92,3242.86,3238.52,3242.83,452.0
2025-05-13 04:05:00,3242.82,3243.36,3238.92,3239.08,412.0
2025-05-13 04:10:00,3239.06,3239.12,3235.05,3235.97,370.0
2025-05-13 04:15:00,3235.79,3239.04,3235.48,3238.58,431.0
2025-05-13 04:20:00,3238.33,3238.75,3234.3,3234.3,436.0
2025-05-13 04:25:00,3234.23,3235.1,3229.98,3229.98,417.0
2025-05-13 04:30:00,3230.19,3230.2,3224.22,3224.29,472.0
2025-05-13 04:35:00,3224.12,3226.45,3220.25,3226.04,463.0
2025-05-13 04:40:00,3226.14,3228.86,3216.76,3217.37,508.0
2025-05-13 04:45:00,3217.32,3225.35,3215.99,3225.35,463.0
2025-05-13 04:50:00,3225.25,3227.28,3220.92,3223.85,466.0
2025-05-13 04:55:00,3223.89,3225.92,3223.4,3224.85,393.0
2025-05-13 05:00:00,3225.21,3228.23,3223.17,3226.84,411.0
2025-05-13 05:05:00,3226.69,3228.26,3225.83,3226.62,399.0
2025-05-13 05:10:00,3226.37,3229.04,3226.19,3228.32,368.0
2025-05-13 05:15:00,3228.39,3229.02,3227.03,3228.43,306.0
2025-05-13 05:20:00,3228.43,3228.67,3226.06,3227.34,341.0
2025-05-13 05:25:00,3227.34,3228.56,3225.96,3226.1,331.0
2025-05-13 05:30:00,3226.12,3228.42,3225.08,3228.35,371.0
2025-05-13 05:35:00,3228.35,3234.87,3227.93,3234.31,430.0
2025-05-13 05:40:00,3234.76,3238.93,3234.03,3238.37,430.0
2025-05-13 05:45:00,3238.58,3241.29,3237.77,3238.48,435.0
2025-05-13 05:50:00,3238.58,3238.58,3230.28,3230.3,417.0
2025-05-13 05:55:00,3230.13,3231.18,3228.02,3228.85,407.0
2025-05-13 06:00:00,3228.87,3230.68,3228.31,3228.62,389.0
2025-05-13 06:05:00,3228.61,3231.77,3228.61,3230.77,369.0
2025-05-13 06:10:00,3231.07,3233.77,3230.6,3233.54,364.0
2025-05-13 06:15:00,3233.53,3234.61,3232.42,3233.44,362.0
2025-05-13 06:20:00,3233.41,3235.0,3233.3,3234.56,353.0
2025-05-13 06:25:00,3234.62,3235.0,3233.67,3234.29,323.0
2025-05-13 06:30:00,3234.33,3235.73,3233.59,3234.35,330.0
2025-05-13 06:35:00,3234.18,3236.43,3233.9,3235.64,307.0
2025-05-13 06:40:00,3235.52,3235.55,3233.9,3234.7,265.0
2025-05-13 06:45:00,3234.88,3237.15,3234.52,3237.1,325.0
2025-05-13 06:50:00,3237.05,3238.4,3236.45,3237.66,317.0
2025-05-13 06:55:00,3237.69,3238.37,3236.58,3236.69,292.0
2025-05-13 07:00:00,3236.68,3237.58,3235.47,3236.54,275.0
2025-05-13 07:05:00,3236.54,3236.8,3235.36,3235.47,278.0
2025-05-13 07:10:00,3235.42,3237.06,3235.24,3235.24,234.0
2025-05-13 07:15:00,3235.25,3236.65,3234.96,3236.36,243.0
2025-05-13 07:20:00,3236.35,3236.81,3235.84,3236.3,230.0
2025-05-13 07:25:00,3236.33,3238.3,3236.04,3238.3,246.0
2025-05-13 07:30:00,3238.54,3240.85,3238.35,3240.79,272.0
2025-05-13 07:35:00,3240.83,3245.4,3240.25,3245.11,331.0
2025-05-13 07:40:00,3245.17,3247.74,3244.99,3246.96,380.0
2025-05-13 07:45:00,3246.93,3248.14,3246.13,3248.02,317.0
2025-05-13 07:50:00,3248.02,3253.4,3247.82,3251.66,403.0
2025-05-13 07:55:00,3251.64,3252.58,3250.08,3252.54,364.0
2025-05-13 08:00:00,3252.83,3253.2,3251.15,3252.29,309.0
2025-05-13 08:05:00,3252.2,3253.18,3251.5,3252.9,299.0
2025-05-13 08:10:00,3252.82,3260.68,3252.65,3260.28,427.0
2025-05-13 08:15:00,3260.24,3260.25,3258.01,3258.62,361.0
2025-05-13 08:20:00,3258.62,3259.29,3257.64,3258.28,294.0
2025-05-13 08:25:00,3258.22,3258.34,3255.68,3257.92,321.0
2025-05-13 08:30:00,3257.66,3258.3,3254.18,3256.34,464.0
2025-05-13 08:35:00,3256.35,3256.74,3254.41,3254.7,378.0
2025-05-13 08:40:00,3254.78,3255.86,3252.73,3253.19,345.0
2025-05-13 08:45:00,3253.6,3254.24,3251.79,3251.81,369.0
2025-05-13 08:50:00,3251.8,3255.17,3251.7,3254.98,345.0
2025-05-13 08:55:00,3254.94,3257.15,3254.72,3256.3,372.0
2025-05-13 09:00:00,3256.78,3258.23,3254.03,3256.28,383.0
2025-05-13 09:05:00,3256.28,3256.58,3249.06,3249.11,400.0
2025-05-13 09:10:00,3249.13,3252.21,3247.37,3251.2,429.0
2025-05-13 09:15:00,3251.14,3254.62,3251.12,3253.69,354.0
2025-05-13 09:20:00,3253.85,3255.76,3248.79,3249.36,371.0
2025-05-13 09:25:00,3248.85,3253.95,3248.56,3253.91,413.0
2025-05-13 09:30:00,3253.95,3254.95,3251.79,3254.81,353.0
2025-05-13 09:35:00,3254.85,3255.31,3253.78,3255.3,342.0
2025-05-13 09:40:00,3255.42,3257.74,3254.59,3257.74,374.0
2025-05-13 09:45:00,3257.71,3263.87,3257.38,3263.62,409.0
2025-05-13 09:50:00,3263.63,3265.43,3261.26,3262.46,426.0
2025-05-13 09:55:00,3262.46,3262.46,3259.99,3262.14,427.0
2025-05-13 10:00:00,3262.1,3264.87,3259.97,3260.02,424.0
2025-05-13 10:05:00,3259.99,3262.29,3259.99,3261.54,372.0
2025-05-13 10:10:00,3261.46,3261.6,3259.31,3259.31,375.0
2025-05-13 10:15:00,3259.3,3260.88,3257.09,3259.39,402.0
2025-05-13 10:20:00,3259.36,3259.42,3256.11,3258.19,384.0
2025-05-13 10:25:00,3258.17,3259.29,3256.41,3256.68,371.0
2025-05-13 10:30:00,3256.28,3257.87,3255.32,3256.64,391.0
2025-05-13 10:35:00,3256.73,3257.51,3254.49,3254.51,348.0
2025-05-13 10:40:00,3254.52,3256.91,3254.34,3256.18,356.0
2025-05-13 10:45:00,3256.18,3258.93,3255.87,3258.3,389.0
2025-05-13 10:50:00,3258.3,3260.01,3257.67,3259.09,381.0
2025-05-13 10:55:00,3259.04,3259.32,3257.86,3259.0,331.0
2025-05-13 11:00:00,3259.2,3261.1,3258.08,3260.02,362.0
2025-05-13 11:05:00,3259.97,3260.72,3258.31,3258.87,345.0
2025-05-13 11:10:00,3258.86,3260.1,3257.47,3258.36,353.0
2025-05-13 11:15:00,3258.37,3259.6,3258.12,3258.39,334.0
2025-05-13 11:20:00,3258.4,3258.46,3255.58,3255.81,365.0
2025-05-13 11:25:00,3255.62,3256.64,3253.5,3254.12,384.0
2025-05-13 11:30:00,3254.16,3254.74,3252.27,3252.93,338.0
2025-05-13 11:35:00,3252.94,3254.25,3252.4,3254.08,321.0
2025-05-13 11:40:00,3254.1,3255.17,3253.19,3254.44,333.0
2025-05-13 11:45:00,3254.47,3255.69,3253.82,3253.98,300.0
2025-05-13 11:50:00,3253.96,3255.91,3253.74,3254.92,298.0
2025-05-13 11:55:00,3254.92,3256.12,3250.42,3255.59,431.0
2025-05-13 12:00:00,3255.49,3255.94,3253.64,3254.49,342.0
2025-05-13 12:05:00,3254.47,3254.96,3253.34,3254.02,346.0
2025-05-13 12:10:00,3254.16,3254.77,3253.38,3253.83,318.0
2025-05-13 12:15:00,3253.84,3256.63,3253.51,3255.63,352.0
2025-05-13 12:20:00,3255.8,3255.8,3252.93,3253.32,344.0
2025-05-13 12:25:00,3253.34,3254.72,3252.43,3252.67,284.0
2025-05-13 12:30:00,3252.72,3254.94,3252.46,3253.72,314.0
2025-05-13 12:35:00,3253.6,3253.66,3252.06,3252.18,270.0
2025-05-13 12:40:00,3252.15,3252.99,3250.53,3251.64,331.0
2025-05-13 12:45:00,3251.74,3253.99,3251.46,3253.08,333.0
2025-05-13 12:50:00,3253.38,3255.77,3253.38,3254.97,325.0
2025-05-13 12:55:00,3255.06,3255.42,3253.38,3253.39,321.0
2025-05-13 13:00:00,3253.41,3254.87,3252.58,3254.45,312.0
2025-05-13 13:05:00,3254.44,3254.47,3251.17,3252.25,319.0
2025-05-13 13:10:00,3252.21,3252.74,3251.43,3251.8,288.0
2025-05-13 13:15:00,3251.71,3255.05,3251.44,3255.05,340.0
2025-05-13 13:20:00,3255.07,3256.28,3254.43,3254.77,314.0
2025-05-13 13:25:00,3254.86,3255.05,3253.73,3254.78,256.0
2025-05-13 13:30:00,3254.79,3255.51,3253.01,3253.24,337.0
2025-05-13 13:35:00,3253.1,3254.06,3252.63,3252.77,282.0
2025-05-13 13:40:00,3252.84,3254.2,3252.54,3253.89,282.0
2025-05-13 13:45:00,3253.91,3254.55,3252.87,3254.19,295.0
2025-05-13 13:50:00,3254.19,3254.54,3253.01,3253.9,267.0
2025-05-13 13:55:00,3253.91,3253.91,3251.79,3252.82,348.0
2025-05-13 14:00:00,3252.82,3254.36,3251.61,3252.52,315.0
2025-05-13 14:05:00,3252.56,3254.12,3252.43,3253.99,270.0
2025-05-13 14:10:00,3253.97,3254.05,3252.21,3252.87,308.0
2025-05-13 14:15:00,3252.81,3255.89,3250.44,3254.65,380.0
2025-05-13 14:20:00,3254.75,3258.62,3253.31,3258.54,374.0
2025-05-13 14:25:00,3258.52,3258.52,3254.8,3255.77,354.0
2025-05-13 14:30:00,3255.79,3258.46,3254.58,3258.34,330.0
2025-05-13 14:35:00,3258.23,3258.36,3255.77,3256.34,328.0
2025-05-13 14:40:00,3256.35,3256.96,3253.92,3255.01,333.0
2025-05-13 14:45:00,3254.89,3255.61,3252.09,3252.47,383.0
2025-05-13 14:50:00,3252.47,3254.54,3251.59,3252.43,351.0
2025-05-13 14:55:00,3252.31,3252.31,3248.8,3249.14,412.0
2025-05-13 15:00:00,3249.18,3249.93,3243.71,3244.01,470.0
2025-05-13 15:05:00,3243.95,3244.8,3241.82,3243.74,433.0
2025-05-13 15:10:00,3244.02,3244.34,3240.59,3241.61,427.0
2025-05-13 15:15:00,3241.9,3242.53,3239.11,3240.53,418.0
2025-05-13 15:20:00,3240.0,3240.51,3237.95,3238.68,425.0
2025-05-13 15:25:00,3238.84,3242.63,3237.38,3240.32,402.0
2025-05-13 15:30:00,3240.4,3247.28,3238.21,3242.62,515.0
2025-05-13 15:35:00,3242.62,3246.79,3240.58,3241.56,488.0
2025-05-13 15:40:00,3241.93,3247.8,3239.92,3247.79,473.0
2025-05-13 15:45:00,3247.34,3248.94,3244.19,3244.97,474.0
2025-05-13 15:50:00,3244.77,3244.86,3242.12,3244.25,442.0
2025-05-13 15:55:00,3244.19,3245.02,3240.35,3242.1,441.0
2025-05-13 16:00:00,3241.67,3245.65,3241.0,3244.96,492.0
2025-05-13 16:05:00,3245.31,3246.81,3242.36,3244.16,455.0
2025-05-13 16:10:00,3244.17,3245.75,3242.6,3243.39,443.0
2025-05-13 16:15:00,3242.78,3242.98,3236.34,3241.0,501.0
2025-05-13 16:20:00,3241.05,3243.01,3240.88,3241.71,440.0
2025-05-13 16:25:00,3241.71,3246.29,3241.33,3244.44,443.0
2025-05-13 16:30:00,3243.78,3245.6,3239.94,3240.76,513.0
2025-05-13 16:35:00,3240.55,3242.25,3237.15,3237.32,511.0
2025-05-13 16:40:00,3237.44,3238.48,3232.27,3238.14,530.0
2025-05-13 16:45:00,3237.37,3239.06,3231.86,3234.09,493.0
2025-05-13 16:50:00,3234.08,3234.67,3230.9,3231.2,489.0
2025-05-13 16:55:00,3231.19,3232.26,3227.39,3227.55,477.0
2025-05-13 17:00:00,3227.65,3230.85,3225.57,3230.83,506.0
2025-05-13 17:05:00,3231.22,3234.66,3230.28,3233.96,476.0
2025-05-13 17:10:00,3234.16,3234.95,3231.85,3232.28,471.0
2025-05-13 17:15:00,3232.29,3238.92,3231.56,3238.76,461.0
2025-05-13 17:20:00,3238.84,3241.12,3237.42,3237.82,379.0
2025-05-13 17:25:00,3237.83,3240.66,3235.98,3240.51,472.0
2025-05-13 17:30:00,3240.6,3244.82,3239.27,3244.73,475.0
2025-05-13 17:35:00,3244.62,3245.24,3242.9,3244.08,448.0
2025-05-13 17:40:00,3244.09,3248.06,3241.67,3247.77,389.0
2025-05-13 17:45:00,3247.78,3248.72,3244.5,3248.69,495.0
2025-05-13 17:50:00,3248.68,3248.68,3243.61,3244.32,460.0
2025-05-13 17:55:00,3244.49,3244.71,3242.46,3242.5,455.0
2025-05-13 18:00:00,3243.0,3245.8,3242.66,3245.41,453.0
2025-05-13 18:05:00,3245.39,3248.06,3242.65,3242.65,449.0
2025-05-13 18:10:00,3242.71,3245.71,3242.15,3245.53,422.0
2025-05-13 18:15:00,3245.45,3245.75,3243.52,3244.34,421.0
2025-05-13 18:20:00,3244.43,3247.62,3243.67,3247.62,411.0
2025-05-13 18:25:00,3247.52,3248.55,3246.58,3247.83,422.0
2025-05-13 18:30:00,3247.86,3251.51,3245.71,3251.41,408.0
2025-05-13 18:35:00,3251.5,3251.7,3249.03,3249.53,444.0
2025-05-13 18:40:00,3249.75,3251.38,3248.72,3250.62,411.0
2025-05-13 18:45:00,3250.59,3252.8,3250.09,3252.78,397.0
2025-05-13 18:50:00,3252.83,3255.18,3251.25,3254.76,422.0
2025-05-13 18:55:00,3254.75,3255.86,3253.24,3253.44,419.0
2025-05-13 19:00:00,3253.35,3256.93,3252.73,3256.0,423.0
2025-05-13 19:05:00,3255.93,3257.43,3255.2,3255.41,396.0
2025-05-13 19:10:00,3255.41,3257.82,3255.32,3256.82,382.0
2025-05-13 19:15:00,3256.76,3256.98,3254.8,3255.63,387.0
2025-05-13 19:20:00,3255.7,3255.98,3254.32,3255.19,369.0
2025-05-13 19:25:00,3255.21,3255.46,3252.62,3253.67,385.0
2025-05-13 19:30:00,3253.74,3255.55,3253.65,3254.23,357.0
2025-05-13 19:35:00,3254.07,3254.63,3251.41,3251.59,391.0
2025-05-13 19:40:00,3251.58,3253.33,3249.99,3250.28,378.0
2025-05-13 19:45:00,3250.32,3251.39,3249.53,3250.58,337.0
2025-05-13 19:50:00,3250.32,3250.58,3248.81,3249.62,330.0
2025-05-13 19:55:00,3249.62,3251.23,3248.94,3251.03,384.0
2025-05-13 20:00:00,3251.0,3252.69,3250.63,3252.13,369.0
2025-05-13 20:05:00,3251.98,3252.67,3249.69,3249.69,337.0
2025-05-13 20:10:00,3249.6,3249.6,3247.17,3247.25,365.0
2025-05-13 20:15:00,3247.31,3247.92,3245.09,3245.37,352.0
2025-05-13 20:20:00,3245.4,3246.19,3245.03,3245.68,345.0
2025-05-13 20:25:00,3245.64,3245.7,3242.03,3243.66,391.0
2025-05-13 20:30:00,3244.05,3245.43,3242.2,3244.61,383.0
2025-05-13 20:35:00,3244.5,3245.34,3242.83,3242.84,334.0
2025-05-13 20:40:00,3242.95,3244.57,3242.85,3243.92,293.0
2025-05-13 20:45:00,3243.93,3246.12,3243.93,3245.62,316.0
2025-05-13 20:50:00,3245.57,3246.47,3245.03,3246.0,346.0
2025-05-13 20:55:00,3246.05,3247.77,3245.71,3247.06,345.0
2025-05-13 21:00:00,3247.05,3249.83,3246.91,3249.06,370.0
2025-05-13 21:05:00,3249.05,3249.62,3248.77,3249.18,318.0
2025-05-13 21:10:00,3249.16,3249.26,3246.15,3246.32,337.0
2025-05-13 21:15:00,3246.26,3248.02,3245.68,3247.44,346.0
2025-05-13 21:20:00,3247.4,3248.45,3246.61,3247.12,296.0
2025-05-13 21:25:00,3247.12,3247.9,3246.81,3247.3,325.0
2025-05-13 21:30:00,3247.38,3248.95,3247.31,3247.74,299.0
2025-05-13 21:35:00,3247.75,3249.46,3247.68,3248.94,252.0
2025-05-13 21:40:00,3248.89,3250.31,3248.73,3249.63,317.0
2025-05-13 21:45:00,3249.66,3250.78,3248.92,3249.88,309.0
2025-05-13 21:50:00,3249.89,3250.36,3248.15,3248.74,288.0
2025-05-13 21:55:00,3248.74,3249.81,3248.48,3248.71,311.0
2025-05-13 22:00:00,3248.9,3249.52,3247.47,3249.2,332.0
2025-05-13 22:05:00,3249.23,3249.88,3247.65,3248.22,294.0
2025-05-13 22:10:00,3248.21,3248.89,3247.3,3247.48,243.0
2025-05-13 22:15:00,3247.54,3247.94,3246.35,3246.98,277.0
2025-05-13 22:20:00,3246.85,3249.64,3246.57,3249.64,310.0
2025-05-13 22:25:00,3249.77,3250.18,3248.68,3249.31,302.0
2025-05-13 22:30:00,3249.31,3249.31,3247.8,3249.0,300.0
2025-05-13 22:35:00,3249.01,3249.6,3248.23,3248.64,300.0
2025-05-13 22:40:00,3248.63,3249.9,3248.62,3249.35,291.0
2025-05-13 22:45:00,3249.45,3249.51,3248.15,3249.46,309.0
2025-05-13 22:50:00,3249.3,3251.13,3249.3,3250.14,360.0
2025-05-13 22:55:00,3250.23,3250.91,3247.84,3249.52,379.0
2025-05-13 23:00:00,3249.48,3249.89,3248.12,3249.24,234.0
2025-05-13 23:05:00,3249.2,3249.33,3248.53,3249.33,153.0
2025-05-13 23:10:00,3248.84,3249.92,3248.56,3249.39,160.0
2025-05-13 23:15:00,3249.45,3250.06,3248.64,3249.72,152.0
2025-05-13 23:20:00,3249.7,3251.72,3249.65,3251.65,156.0
2025-05-13 23:25:00,3251.66,3254.42,3251.44,3254.07,217.0
2025-05-13 23:30:00,3254.09,3254.82,3253.35,3254.2,212.0
2025-05-13 23:35:00,3254.18,3254.21,3252.06,3253.15,214.0
2025-05-13 23:40:00,3253.1,3254.07,3252.63,3253.69,185.0
2025-05-13 23:45:00,3253.66,3254.15,3251.39,3251.42,208.0
2025-05-13 23:50:00,3251.51,3252.55,3251.42,3251.94,153.0
2025-05-13 23:55:00,3251.58,3251.6,3249.63,3249.98,80.0
2025-05-14 01:00:00,3249.67,3253.39,3249.67,3251.95,237.0
2025-05-14 01:05:00,3251.91,3251.91,3250.72,3250.84,139.0
2025-05-14 01:10:00,3251.09,3251.41,3249.95,3250.29,112.0
2025-05-14 01:15:00,3250.33,3250.44,3250.01,3250.13,75.0
2025-05-14 01:20:00,3250.14,3251.76,3250.01,3251.69,118.0
2025-05-14 01:25:00,3251.68,3251.7,3250.35,3251.24,109.0
2025-05-14 01:30:00,3251.29,3252.32,3249.94,3249.94,146.0
2025-05-14 01:35:00,3249.95,3252.19,3249.47,3252.19,181.0
2025-05-14 01:40:00,3252.42,3253.45,3251.83,3251.83,132.0
2025-05-14 01:45:00,3251.87,3253.01,3251.8,3251.91,145.0
2025-05-14 01:50:00,3251.89,3253.68,3251.52,3253.53,157.0
2025-05-14 01:55:00,3253.53,3254.62,3253.31,3254.55,144.0
2025-05-14 02:00:00,3254.47,3256.2,3254.27,3255.6,186.0
2025-05-14 02:05:00,3255.62,3257.05,3255.57,3256.07,218.0
2025-05-14 02:10:00,3256.02,3256.05,3255.09,3255.35,152.0
2025-05-14 02:15:00,3255.35,3255.35,3253.54,3254.44,149.0
2025-05-14 02:20:00,3254.43,3255.26,3254.14,3254.68,140.0
2025-05-14 02:25:00,3254.58,3255.72,3254.58,3255.2,104.0
2025-05-14 02:30:00,3255.22,3255.65,3254.78,3254.82,115.0
2025-05-14 02:35:00,3254.68,3254.81,3252.12,3252.34,146.0
2025-05-14 02:40:00,3252.33,3255.51,3252.33,3255.51,177.0
2025-05-14 02:45:00,3255.54,3255.92,3254.59,3254.79,239.0
2025-05-14 02:50:00,3254.79,3254.96,3254.24,3254.52,113.0
2025-05-14 02:55:00,3254.51,3254.88,3253.43,3254.38,210.0
2025-05-14 03:00:00,3254.5,3254.64,3247.74,3248.87,353.0
2025-05-14 03:05:00,3248.98,3249.01,3245.48,3245.49,293.0
2025-05-14 03:10:00,3245.45,3245.95,3243.97,3245.26,318.0
2025-05-14 03:15:00,3245.26,3245.89,3243.07,3243.11,276.0
2025-05-14 03:20:00,3243.08,3244.56,3242.87,3243.54,280.0
2025-05-14 03:25:00,3243.48,3247.32,3241.76,3246.94,324.0
2025-05-14 03:30:00,3246.95,3249.72,3246.95,3248.22,310.0
2025-05-14 03:35:00,3248.19,3248.21,3246.18,3246.38,256.0
2025-05-14 03:40:00,3246.25,3246.25,3244.66,3244.8,272.0
2025-05-14 03:45:00,3244.83,3245.28,3242.66,3243.8,342.0
2025-05-14 03:50:00,3243.81,3244.95,3240.6,3244.78,377.0
2025-05-14 03:55:00,3244.75,3246.14,3243.22,3243.78,354.0
2025-05-14 04:00:00,3244.06,3244.86,3238.79,3239.64,413.0
2025-05-14 04:05:00,3239.61,3245.68,3239.32,3241.32,380.0
2025-05-14 04:10:00,3241.17,3246.22,3240.62,3243.22,352.0
2025-05-14 04:15:00,3243.27,3244.2,3240.41,3243.28,367.0
2025-05-14 04:20:00,3243.23,3246.73,3243.14,3246.17,331.0
2025-05-14 04:25:00,3246.13,3250.29,3246.13,3250.04,370.0
2025-05-14 04:30:00,3250.39,3251.56,3247.02,3247.71,417.0
2025-05-14 04:35:00,3247.73,3249.36,3245.94,3248.35,373.0
2025-05-14 04:40:00,3248.33,3248.33,3242.8,3244.82,386.0
2025-05-14 04:45:00,3244.94,3246.85,3241.28,3243.14,345.0
2025-05-14 04:50:00,3243.14,3243.73,3240.47,3240.93,323.0
2025-05-14 04:55:00,3240.8,3242.93,3237.32,3238.95,346.0
2025-05-14 05:00:00,3238.59,3239.82,3235.5,3235.97,383.0
2025-05-14 05:05:00,3235.96,3239.5,3235.96,3239.4,339.0
2025-05-14 05:10:00,3239.51,3241.45,3238.07,3238.6,329.0
2025-05-14 05:15:00,3238.65,3238.65,3235.94,3236.83,360.0
2025-05-14 05:20:00,3236.97,3237.73,3235.27,3236.12,312.0
2025-05-14 05:25:00,3236.24,3237.29,3234.03,3235.25,313.0
2025-05-14 05:30:00,3235.26,3238.65,3232.85,3237.88,395.0
2025-05-14 05:35:00,3237.97,3238.86,3229.44,3234.08,408.0
2025-05-14 05:40:00,3234.15,3235.34,3231.75,3232.98,351.0
2025-05-14 05:45:00,3233.46,3234.78,3232.02,3234.69,324.0
2025-05-14 05:50:00,3234.75,3235.86,3234.25,3235.55,314.0
2025-05-14 05:55:00,3235.61,3236.26,3232.79,3232.79,312.0
2025-05-14 06:00:00,3232.77,3233.69,3230.54,3230.8,335.0
2025-05-14 06:05:00,3230.98,3232.44,3229.83,3231.28,329.0
2025-05-14 06:10:00,3231.4,3232.44,3228.39,3229.36,309.0
2025-05-14 06:15:00,3229.38,3230.64,3226.66,3230.55,335.0
2025-05-14 06:20:00,3230.5,3231.69,3230.08,3231.1,324.0
2025-05-14 06:25:00,3231.07,3231.07,3228.89,3229.01,309.0
2025-05-14 06:30:00,3229.3,3229.8,3226.6,3229.28,376.0
2025-05-14 06:35:00,3229.34,3231.87,3229.14,3231.84,338.0
2025-05-14 06:40:00,3231.77,3232.17,3229.43,3229.72,276.0
2025-05-14 06:45:00,3229.69,3230.01,3226.83,3228.27,294.0
2025-05-14 06:50:00,3228.28,3228.67,3227.45,3227.75,246.0
2025-05-14 06:55:00,3227.79,3228.96,3226.29,3228.38,289.0
2025-05-14 07:00:00,3228.45,3229.97,3227.29,3227.85,308.0
2025-05-14 07:05:00,3227.89,3228.64,3224.95,3226.84,338.0
2025-05-14 07:10:00,3226.88,3227.26,3224.54,3224.59,272.0
2025-05-14 07:15:00,3224.56,3225.78,3222.64,3224.91,368.0
2025-05-14 07:20:00,3224.64,3227.12,3224.31,3226.42,262.0
2025-05-14 07:25:00,3226.44,3227.05,3224.98,3226.29,248.0
2025-05-14 07:30:00,3226.25,3229.83,3226.07,3229.74,296.0
2025-05-14 07:35:00,3229.76,3230.35,3228.25,3228.45,270.0
2025-05-14 07:40:00,3228.45,3229.08,3226.93,3226.95,273.0
2025-05-14 07:45:00,3226.96,3229.39,3226.8,3227.86,238.0
2025-05-14 07:50:00,3227.78,3228.37,3224.04,3224.29,265.0
2025-05-14 07:55:00,3224.34,3224.64,3222.67,3223.97,268.0
2025-05-14 08:00:00,3223.95,3224.52,3221.83,3222.88,292.0
2025-05-14 08:05:00,3222.87,3227.49,3222.73,3226.66,304.0
2025-05-14 08:10:00,3226.76,3227.82,3224.28,3225.0,303.0
2025-05-14 08:15:00,3224.86,3226.28,3224.11,3224.5,241.0
2025-05-14 08:20:00,3224.55,3227.01,3224.13,3226.64,274.0
2025-05-14 08:25:00,3226.84,3226.88,3223.98,3224.15,263.0
2025-05-14 08:30:00,3224.16,3226.16,3222.0,3225.84,340.0
2025-05-14 08:35:00,3225.85,3228.72,3225.74,3228.09,329.0
2025-05-14 08:40:00,3228.07,3230.01,3228.07,3228.6,350.0
2025-05-14 08:45:00,3228.61,3231.95,3228.26,3231.79,374.0
2025-05-14 08:50:00,3231.84,3234.34,3230.69,3233.66,363.0
2025-05-14 08:55:00,3233.64,3234.11,3231.16,3233.78,349.0
2025-05-14 09:00:00,3233.85,3235.17,3233.17,3233.54,324.0
2025-05-14 09:05:00,3233.56,3236.73,3233.47,3236.06,350.0
2025-05-14 09:10:00,3236.24,3236.27,3232.57,3233.3,293.0
2025-05-14 09:15:00,3233.33,3233.33,3231.13,3232.64,347.0
2025-05-14 09:20:00,3232.66,3234.93,3232.22,3234.18,318.0
2025-05-14 09:25:00,3234.12,3234.14,3230.45,3230.84,328.0
2025-05-14 09:30:00,3230.74,3232.15,3229.52,3229.66,362.0
2025-05-14 09:35:00,3230.16,3231.35,3228.69,3230.71,332.0
2025-05-14 09:40:00,3230.74,3232.96,3230.1,3232.63,344.0
2025-05-14 09:45:00,3232.62,3234.27,3231.23,3231.46,314.0
2025-05-14 09:50:00,3231.5,3232.1,3230.41,3231.01,280.0
2025-05-14 09:55:00,3230.69,3230.98,3227.71,3227.98,338.0
2025-05-14 10:00:00,3228.63,3230.97,3227.19,3230.82,352.0
2025-05-14 10:05:00,3230.8,3231.8,3225.63,3225.68,351.0
2025-05-14 10:10:00,3225.72,3227.2,3224.28,3226.77,350.0
2025-05-14 10:15:00,3226.83,3228.23,3225.95,3226.78,330.0
2025-05-14 10:20:00,3226.79,3230.14,3226.4,3229.94,334.0
2025-05-14 10:25:00,3229.94,3233.46,3228.65,3233.05,369.0
2025-05-14 10:30:00,3233.01,3233.52,3229.43,3231.96,364.0
2025-05-14 10:35:00,3231.99,3238.47,3231.94,3237.95,377.0
2025-05-14 10:40:00,3237.87,3238.67,3235.23,3235.82,340.0
2025-05-14 10:45:00,3235.75,3237.79,3234.54,3235.41,346.0
2025-05-14 10:50:00,3235.48,3237.78,3234.2,3236.6,330.0
2025-05-14 10:55:00,3236.59,3238.89,3235.27,3238.14,312.0
2025-05-14 11:00:00,3237.89,3240.28,3237.4,3239.23,351.0
2025-05-14 11:05:00,3239.21,3243.79,3237.65,3239.44,393.0
2025-05-14 11:10:00,3239.18,3240.45,3235.47,3235.52,371.0
2025-05-14 11:15:00,3235.5,3238.23,3234.66,3237.57,347.0
2025-05-14 11:20:00,3237.56,3239.46,3236.75,3237.79,361.0
2025-05-14 11:25:00,3237.81,3238.83,3233.11,3234.44,378.0
2025-05-14 11:30:00,3234.44,3235.49,3232.91,3232.95,377.0
2025-05-14 11:35:00,3232.83,3233.34,3230.79,3232.73,342.0
2025-05-14 11:40:00,3232.67,3233.7,3230.97,3231.32,316.0
2025-05-14 11:45:00,3231.32,3234.86,3231.29,3233.51,336.0
2025-05-14 11:50:00,3233.48,3234.28,3232.04,3232.13,327.0
2025-05-14 11:55:00,3232.15,3235.51,3231.32,3232.55,358.0
2025-05-14 12:00:00,3232.58,3233.24,3230.63,3232.35,358.0
2025-05-14 12:05:00,3232.36,3234.88,3231.9,3233.63,342.0
2025-05-14 12:10:00,3233.68,3233.68,3229.74,3232.51,364.0
2025-05-14 12:15:00,3232.57,3233.57,3229.95,3231.24,337.0
2025-05-14 12:20:00,3231.32,3232.26,3229.32,3230.92,335.0
2025-05-14 12:25:00,3230.97,3233.08,3229.51,3231.6,344.0
2025-05-14 12:30:00,3231.44,3231.52,3229.18,3230.99,311.0
2025-05-14 12:35:00,3231.05,3231.87,3230.04,3230.83,310.0
2025-05-14 12:40:00,3230.78,3235.74,3230.19,3234.94,346.0
2025-05-14 12:45:00,3234.76,3236.14,3234.07,3235.91,334.0
2025-05-14 12:50:00,3236.05,3236.52,3233.46,3234.85,345.0
2025-05-14 12:55:00,3234.86,3235.02,3232.21,3232.28,333.0
2025-05-14 13:00:00,3232.2,3232.22,3230.45,3230.47,327.0
2025-05-14 13:05:00,3230.46,3233.55,3230.01,3232.77,345.0
2025-05-14 13:10:00,3232.76,3234.12,3232.63,3234.1,301.0
2025-05-14 13:15:00,3234.08,3235.23,3233.09,3234.17,287.0
2025-05-14 13:20:00,3234.09,3234.87,3233.46,3233.82,245.0
2025-05-14 13:25:00,3233.78,3233.89,3232.04,3233.03,240.0
2025-05-14 13:30:00,3233.06,3234.38,3230.55,3231.5,308.0
2025-05-14 13:35:00,3231.54,3234.13,3230.2,3232.88,346.0
2025-05-14 13:40:00,3232.99,3234.16,3231.41,3231.49,265.0
2025-05-14 13:45:00,3231.5,3232.3,3229.64,3230.73,271.0
2025-05-14 13:50:00,3230.47,3233.44,3230.47,3233.34,319.0
2025-05-14 13:55:00,3233.45,3236.57,3233.45,3235.75,340.0
2025-05-14 14:00:00,3235.77,3236.69,3234.63,3235.51,319.0
2025-05-14 14:05:00,3235.47,3235.97,3234.51,3234.76,309.0
2025-05-14 14:10:00,3234.7,3237.82,3234.52,3237.55,307.0
2025-05-14 14:15:00,3237.47,3237.81,3236.24,3236.72,297.0
2025-05-14 14:20:00,3236.71,3238.62,3235.46,3237.78,293.0
2025-05-14 14:25:00,3237.81,3239.2,3237.02,3237.25,299.0
2025-05-14 14:30:00,3237.31,3238.05,3236.31,3236.45,295.0
2025-05-14 14:35:00,3236.46,3236.87,3232.76,3233.55,315.0
2025-05-14 14:40:00,3233.54,3233.76,3230.73,3231.28,344.0
2025-05-14 14:45:00,3230.95,3231.41,3226.35,3226.35,366.0
2025-05-14 14:50:00,3226.43,3227.64,3225.91,3225.96,379.0
2025-05-14 14:55:00,3225.9,3225.9,3219.5,3220.16,412.0
2025-05-14 15:00:00,3220.67,3222.0,3216.21,3220.76,423.0
2025-05-14 15:05:00,3220.88,3222.49,3219.55,3220.67,394.0
2025-05-14 15:10:00,3220.71,3221.25,3212.7,3213.48,383.0
2025-05-14 15:15:00,3213.54,3215.25,3208.68,3215.1,452.0
2025-05-14 15:20:00,3215.01,3217.08,3211.24,3215.75,422.0
2025-05-14 15:25:00,3215.58,3216.97,3212.1,3213.0,437.0
2025-05-14 15:30:00,3212.79,3216.55,3210.77,3212.07,416.0
2025-05-14 15:35:00,3211.94,3212.48,3200.02,3200.7,446.0
2025-05-14 15:40:00,3200.61,3207.36,3200.38,3200.98,436.0
2025-05-14 15:45:00,3201.02,3201.81,3189.34,3194.72,467.0
2025-05-14 15:50:00,3194.58,3197.05,3185.76,3186.4,441.0
2025-05-14 15:55:00,3186.66,3190.35,3184.14,3184.73,440.0
2025-05-14 16:00:00,3184.36,3188.33,3179.77,3182.05,456.0
2025-05-14 16:05:00,3181.75,3185.62,3178.8,3181.06,435.0
2025-05-14 16:10:00,3180.81,3180.81,3175.63,3179.45,448.0
2025-05-14 16:15:00,3179.97,3186.22,3175.03,3185.22,440.0
2025-05-14 16:20:00,3185.22,3189.38,3185.02,3189.33,428.0
2025-05-14 16:25:00,3189.29,3190.73,3182.93,3186.84,426.0
2025-05-14 16:30:00,3185.5,3193.74,3183.66,3190.6,461.0
2025-05-14 16:35:00,3190.39,3193.95,3187.69,3188.69,423.0
2025-05-14 16:40:00,3188.45,3189.93,3184.82,3189.23,423.0
2025-05-14 16:45:00,3189.15,3192.84,3189.15,3191.11,417.0
2025-05-14 16:50:00,3190.88,3198.29,3190.88,3197.31,416.0
2025-05-14 16:55:00,3197.3,3197.41,3191.1,3191.44,410.0
2025-05-14 17:00:00,3191.46,3194.3,3188.4,3188.72,418.0
2025-05-14 17:05:00,3188.84,3193.91,3185.72,3186.79,433.0
2025-05-14 17:10:00,3186.15,3191.29,3185.46,3186.45,412.0
2025-05-14 17:15:00,3186.38,3189.39,3182.54,3183.6,407.0
2025-05-14 17:20:00,3183.82,3183.97,3179.39,3181.73,401.0
2025-05-14 17:25:00,3181.64,3186.77,3181.61,3185.66,391.0
2025-05-14 17:30:00,3185.64,3185.64,3180.48,3182.7,387.0
2025-05-14 17:35:00,3183.05,3184.73,3181.36,3182.2,388.0
2025-05-14 17:40:00,3182.28,3186.04,3181.64,3186.02,385.0
2025-05-14 17:45:00,3185.86,3190.87,3185.22,3190.04,406.0
2025-05-14 17:50:00,3190.27,3191.87,3182.82,3183.39,411.0
2025-05-14 17:55:00,3183.33,3184.18,3181.06,3181.86,376.0
2025-05-14 18:00:00,3181.83,3183.72,3179.93,3180.24,416.0
2025-05-14 18:05:00,3180.13,3183.69,3180.06,3181.75,392.0
2025-05-14 18:10:00,3181.89,3182.36,3179.16,3180.34,375.0
2025-05-14 18:15:00,3180.44,3184.56,3179.45,3184.3,383.0
2025-05-14 18:20:00,3184.43,3186.44,3182.89,3183.62,358.0
2025-05-14 18:25:00,3183.55,3186.59,3182.73,3185.67,374.0
2025-05-14 18:30:00,3185.52,3186.61,3183.28,3185.81,370.0
2025-05-14 18:35:00,3185.8,3186.01,3181.19,3181.46,338.0
2025-05-14 18:40:00,3181.51,3183.13,3180.37,3181.38,334.0
2025-05-14 18:45:00,3181.38,3182.13,3179.54,3179.81,343.0
2025-05-14 18:50:00,3179.97,3182.17,3179.83,3181.94,313.0
2025-05-14 18:55:00,3181.87,3182.77,3179.68,3182.59,343.0
2025-05-14 19:00:00,3183.04,3183.58,3182.11,3182.56,332.0
2025-05-14 19:05:00,3182.69,3183.64,3180.07,3182.04,314.0
2025-05-14 19:10:00,3182.04,3182.24,3179.1,3180.14,321.0
2025-05-14 19:15:00,3180.03,3181.49,3179.5,3181.13,346.0
2025-05-14 19:20:00,3181.7,3185.58,3181.07,3185.14,340.0
2025-05-14 19:25:00,3185.0,3185.09,3182.18,3183.49,333.0
2025-05-14 19:30:00,3183.5,3183.89,3181.4,3182.74,336.0
2025-05-14 19:35:00,3182.74,3183.93,3181.21,3183.82,336.0
2025-05-14 19:40:00,3183.87,3183.97,3173.84,3179.34,439.0
2025-05-14 19:45:00,3179.64,3184.57,3179.63,3183.63,394.0
2025-05-14 19:50:00,3183.29,3189.86,3182.7,3189.79,364.0
2025-05-14 19:55:00,3189.63,3190.94,3188.1,3188.55,362.0
2025-05-14 20:00:00,3188.59,3190.43,3187.81,3188.15,351.0
2025-05-14 20:05:00,3188.36,3189.27,3186.09,3186.27,311.0
2025-05-14 20:10:00,3186.32,3187.79,3185.48,3186.61,313.0
2025-05-14 20:15:00,3186.64,3186.93,3184.71,3184.84,312.0
2025-05-14 20:20:00,3184.7,3187.49,3184.7,3187.06,345.0
2025-05-14 20:25:00,3187.03,3188.29,3184.14,3184.33,345.0
2025-05-14 20:30:00,3184.63,3185.12,3181.79,3182.1,332.0
2025-05-14 20:35:00,3182.07,3182.98,3181.03,3182.08,306.0
2025-05-14 20:40:00,3182.03,3183.67,3181.63,3181.93,291.0
2025-05-14 20:45:00,3181.94,3182.45,3180.97,3182.42,277.0
2025-05-14 20:50:00,3182.39,3183.03,3181.3,3181.69,292.0
2025-05-14 20:55:00,3181.68,3182.8,3181.47,3181.93,275.0
2025-05-14 21:00:00,3182.28,3183.04,3178.5,3178.82,302.0
2025-05-14 21:05:00,3178.84,3179.05,3176.03,3176.44,312.0
2025-05-14 21:10:00,3176.42,3176.98,3175.32,3176.39,337.0
2025-05-14 21:15:00,3175.9,3178.21,3175.86,3177.58,314.0
2025-05-14 21:20:00,3177.59,3178.86,3177.11,3178.35,304.0
2025-05-14 21:25:00,3178.37,3178.43,3176.2,3177.42,319.0
2025-05-14 21:30:00,3177.44,3178.83,3176.88,3177.07,296.0
2025-05-14 21:35:00,3177.09,3178.1,3176.08,3176.08,283.0
2025-05-14 21:40:00,3176.16,3177.25,3175.14,3175.18,281.0
2025-05-14 21:45:00,3175.16,3177.07,3175.12,3175.12,256.0
2025-05-14 21:50:00,3175.01,3176.14,3173.26,3173.71,283.0
2025-05-14 21:55:00,3173.74,3174.03,3171.74,3171.9,330.0
2025-05-14 22:00:00,3171.89,3172.14,3168.03,3170.79,366.0
2025-05-14 22:05:00,3170.68,3171.81,3169.23,3171.52,357.0
2025-05-14 22:10:00,3171.6,3172.79,3171.19,3171.21,304.0
2025-05-14 22:15:00,3171.22,3174.13,3169.73,3173.6,319.0
2025-05-14 22:20:00,3173.62,3174.83,3173.29,3174.68,281.0
2025-05-14 22:25:00,3174.52,3174.97,3172.62,3174.02,316.0
2025-05-14 22:30:00,3173.94,3176.08,3172.89,3175.83,293.0
2025-05-14 22:35:00,3175.78,3177.85,3174.9,3177.37,324.0
2025-05-14 22:40:00,3177.53,3179.22,3177.2,3178.65,316.0
2025-05-14 22:45:00,3178.76,3179.19,3177.56,3178.31,293.0
2025-05-14 22:50:00,3177.67,3180.58,3177.01,3180.47,338.0
2025-05-14 22:55:00,3180.36,3181.53,3179.81,3180.7,356.0
2025-05-14 23:00:00,3180.68,3181.38,3180.37,3180.88,219.0
2025-05-14 23:05:00,3180.9,3181.59,3179.31,3180.8,216.0
2025-05-14 23:10:00,3180.85,3180.9,3180.06,3180.68,152.0
2025-05-14 23:15:00,3180.74,3180.9,3178.52,3178.83,190.0
2025-05-14 23:20:00,3178.97,3180.22,3178.68,3180.22,142.0
2025-05-14 23:25:00,3180.22,3180.31,3179.34,3180.12,173.0
2025-05-14 23:30:00,3180.1,3182.85,3179.85,3182.44,205.0
2025-05-14 23:35:00,3182.23,3183.22,3180.71,3180.98,219.0
2025-05-14 23:40:00,3181.06,3182.17,3180.66,3180.67,174.0
2025-05-14 23:45:00,3180.67,3181.84,3180.06,3181.68,194.0
2025-05-14 23:50:00,3181.76,3182.11,3179.37,3179.46,178.0
2025-05-14 23:55:00,3178.5,3178.54,3176.92,3177.4,199.0
2025-05-15 01:00:00,3178.39,3181.17,3177.74,3181.04,288.0
2025-05-15 01:05:00,3181.04,3183.86,3181.04,3181.96,180.0
2025-05-15 01:10:00,3181.95,3182.14,3180.47,3180.65,132.0
2025-05-15 01:15:00,3180.78,3183.01,3180.6,3182.34,141.0
2025-05-15 01:20:00,3182.36,3183.5,3182.02,3183.4,138.0
2025-05-15 01:25:00,3183.37,3184.01,3182.69,3183.5,125.0
2025-05-15 01:30:00,3183.39,3183.61,3181.85,3182.12,175.0
2025-05-15 01:35:00,3182.06,3183.74,3181.63,3182.09,167.0
2025-05-15 01:40:00,3182.08,3182.41,3180.23,3182.31,195.0
2025-05-15 01:45:00,3182.34,3182.89,3181.75,3182.75,143.0
2025-05-15 01:50:00,3182.72,3182.88,3181.82,3181.84,155.0
2025-05-15 01:55:00,3181.83,3182.85,3181.06,3182.72,164.0
2025-05-15 02:00:00,3182.65,3183.05,3181.25,3182.63,126.0
2025-05-15 02:05:00,3182.62,3184.31,3182.5,3184.03,191.0
2025-05-15 02:10:00,3184.03,3185.86,3183.7,3185.06,175.0
2025-05-15 02:15:00,3185.16,3185.26,3182.29,3182.74,198.0
2025-05-15 02:20:00,3182.73,3184.09,3182.73,3183.71,153.0
2025-05-15 02:25:00,3183.71,3184.3,3183.35,3183.96,127.0
2025-05-15 02:30:00,3183.96,3184.11,3182.74,3183.85,171.0
2025-05-15 02:35:00,3184.0,3184.88,3183.92,3184.8,116.0
2025-05-15 02:40:00,3184.75,3186.92,3184.6,3186.92,179.0
2025-05-15 02:45:00,3186.66,3186.89,3185.39,3185.99,223.0
2025-05-15 02:50:00,3185.99,3187.29,3185.79,3186.64,237.0
2025-05-15 02:55:00,3186.61,3186.78,3185.63,3186.05,213.0
2025-05-15 03:00:00,3185.78,3186.16,3181.35,3182.28,318.0
2025-05-15 03:05:00,3182.33,3183.39,3180.97,3182.55,295.0
2025-05-15 03:10:00,3182.55,3184.95,3180.3,3184.68,290.0
2025-05-15 03:15:00,3184.86,3186.17,3183.92,3185.8,257.0
2025-05-15 03:20:00,3185.9,3186.05,3183.43,3183.46,242.0
2025-05-15 03:25:00,3183.45,3183.45,3180.97,3181.22,252.0
2025-05-15 03:30:00,3181.19,3184.11,3180.73,3184.11,330.0
2025-05-15 03:35:00,3184.09,3184.3,3181.23,3181.54,261.0
2025-05-15 03:40:00,3181.61,3182.9,3180.62,3182.55,264.0
2025-05-15 03:45:00,3182.4,3183.75,3182.04,3182.44,206.0
2025-05-15 03:50:00,3182.58,3187.23,3180.79,3186.76,340.0
2025-05-15 03:55:00,3186.81,3187.88,3186.48,3187.81,312.0
2025-05-15 04:00:00,3187.75,3192.65,3187.75,3190.34,405.0
2025-05-15 04:05:00,3190.37,3190.95,3185.14,3186.2,384.0
2025-05-15 04:10:00,3186.23,3187.91,3185.77,3186.48,325.0
2025-05-15 04:15:00,3186.68,3187.01,3184.41,3184.78,345.0
2025-05-15 04:20:00,3184.83,3185.6,3182.27,3184.83,347.0
2025-05-15 04:25:00,3184.83,3189.31,3184.64,3186.49,378.0
2025-05-15 04:30:00,3186.36,3189.28,3184.68,3184.84,365.0
2025-05-15 04:35:00,3184.83,3185.82,3181.58,3185.71,361.0
2025-05-15 04:40:00,3185.72,3186.21,3177.96,3177.96,344.0
2025-05-15 04:45:00,3177.97,3180.01,3174.78,3174.78,373.0
2025-05-15 04:50:00,3174.74,3179.71,3171.91,3175.6,415.0
2025-05-15 04:55:00,3175.59,3177.02,3171.35,3172.37,376.0
2025-05-15 05:00:00,3172.37,3175.23,3170.05,3173.89,393.0
2025-05-15 05:05:00,3173.63,3173.69,3169.66,3172.61,352.0
2025-05-15 05:10:00,3172.6,3175.57,3172.36,3174.63,324.0
2025-05-15 05:15:00,3174.62,3174.92,3171.28,3173.42,282.0
2025-05-15 05:20:00,3173.11,3173.35,3164.76,3165.22,342.0
2025-05-15 05:25:00,3165.16,3167.36,3163.8,3163.93,381.0
2025-05-15 05:30:00,3163.74,3165.85,3159.6,3161.7,405.0
2025-05-15 05:35:00,3161.98,3163.92,3158.03,3158.29,411.0
2025-05-15 05:40:00,3158.3,3159.25,3154.21,3157.73,438.0
2025-05-15 05:45:00,3157.75,3157.75,3150.87,3151.04,419.0
2025-05-15 05:50:00,3151.32,3155.42,3150.17,3155.4,371.0
2025-05-15 05:55:00,3155.46,3156.04,3151.91,3153.85,325.0
2025-05-15 06:00:00,3154.17,3156.67,3152.84,3153.85,349.0
2025-05-15 06:05:00,3153.81,3157.01,3153.41,3154.35,339.0
2025-05-15 06:10:00,3154.35,3154.35,3149.32,3150.05,366.0
2025-05-15 06:15:00,3149.85,3152.61,3148.61,3148.89,376.0
2025-05-15 06:20:00,3148.71,3151.43,3148.38,3149.72,347.0
2025-05-15 06:25:00,3149.99,3154.08,3149.99,3153.65,356.0
2025-05-15 06:30:00,3153.89,3156.29,3153.78,3154.25,302.0
2025-05-15 06:35:00,3154.13,3155.01,3152.88,3152.88,244.0
2025-05-15 06:40:00,3152.94,3153.48,3152.17,3153.31,267.0
2025-05-15 06:45:00,3153.27,3154.71,3152.62,3152.89,276.0
2025-05-15 06:50:00,3153.0,3153.83,3152.18,3152.34,221.0
2025-05-15 06:55:00,3152.32,3152.32,3150.34,3150.54,239.0
2025-05-15 07:00:00,3150.42,3152.53,3150.33,3151.37,280.0
2025-05-15 07:05:00,3151.26,3151.31,3149.1,3149.16,264.0
2025-05-15 07:10:00,3149.13,3149.65,3146.3,3149.65,316.0
2025-05-15 07:15:00,3149.8,3150.29,3147.46,3148.09,255.0
2025-05-15 07:20:00,3148.08,3148.75,3147.22,3147.22,242.0
2025-05-15 07:25:00,3147.22,3150.25,3146.73,3146.9,276.0
2025-05-15 07:30:00,3146.91,3149.1,3144.8,3145.6,347.0
2025-05-15 07:35:00,3145.58,3147.79,3144.7,3146.84,298.0
2025-05-15 07:40:00,3146.88,3147.3,3143.28,3144.39,267.0
2025-05-15 07:45:00,3144.59,3144.68,3139.48,3141.05,354.0
2025-05-15 07:50:00,3141.11,3141.22,3135.63,3136.16,340.0
2025-05-15 07:55:00,3136.21,3139.22,3135.94,3138.61,321.0
2025-05-15 08:00:00,3138.78,3141.58,3137.5,3141.51,315.0
2025-05-15 08:05:00,3141.58,3142.42,3139.85,3140.08,281.0
2025-05-15 08:10:00,3140.07,3140.76,3138.81,3139.65,251.0
2025-05-15 08:15:00,3139.7,3141.57,3138.96,3140.23,277.0
2025-05-15 08:20:00,3140.24,3142.74,3140.11,3141.75,280.0
2025-05-15 08:25:00,3141.82,3143.03,3141.18,3141.79,271.0
2025-05-15 08:30:00,3141.84,3141.84,3134.91,3137.59,403.0
2025-05-15 08:35:00,3137.48,3139.28,3136.12,3136.52,375.0
2025-05-15 08:40:00,3136.5,3137.05,3132.81,3132.84,378.0
2025-05-15 08:45:00,3132.78,3134.73,3131.04,3133.6,377.0
2025-05-15 08:50:00,3133.92,3136.21,3129.42,3129.59,380.0
2025-05-15 08:55:00,3129.4,3129.88,3123.59,3128.75,408.0
2025-05-15 09:00:00,3128.76,3130.26,3120.78,3125.4,403.0
2025-05-15 09:05:00,3125.43,3132.4,3124.71,3130.62,400.0
2025-05-15 09:10:00,3130.6,3130.75,3122.84,3126.94,400.0
2025-05-15 09:15:00,3126.92,3130.31,3125.07,3129.54,394.0
2025-05-15 09:20:00,3129.52,3135.82,3129.48,3135.19,406.0
2025-05-15 09:25:00,3135.31,3140.38,3135.09,3140.38,401.0
2025-05-15 09:30:00,3140.13,3146.88,3138.01,3146.72,427.0
2025-05-15 09:35:00,3146.68,3149.09,3143.16,3148.84,406.0
2025-05-15 09:40:00,3148.72,3151.36,3145.79,3147.93,419.0
2025-05-15 09:45:00,3147.93,3150.56,3145.84,3150.01,380.0
2025-05-15 09:50:00,3150.08,3153.81,3149.07,3150.77,402.0
2025-05-15 09:55:00,3150.68,3151.8,3148.45,3149.92,382.0
2025-05-15 10:00:00,3149.73,3151.91,3146.86,3148.18,405.0
2025-05-15 10:05:00,3148.16,3148.4,3144.13,3148.11,375.0
2025-05-15 10:10:00,3148.16,3150.39,3146.05,3150.21,340.0
2025-05-15 10:15:00,3150.03,3151.03,3145.61,3146.37,351.0
2025-05-15 10:20:00,3146.41,3147.75,3143.01,3144.85,353.0
2025-05-15 10:25:00,3144.85,3145.65,3141.7,3145.18,355.0
2025-05-15 10:30:00,3145.18,3145.86,3142.21,3144.14,350.0
2025-05-15 10:35:00,3144.1,3144.13,3136.69,3136.88,377.0
2025-05-15 10:40:00,3136.83,3137.36,3131.64,3132.31,425.0
2025-05-15 10:45:00,3132.2,3137.87,3130.63,3137.87,410.0
2025-05-15 10:50:00,3138.17,3143.71,3137.47,3143.71,387.0
2025-05-15 10:55:00,3143.7,3144.82,3142.13,3142.34,365.0
2025-05-15 11:00:00,3142.27,3145.45,3139.16,3145.4,402.0
2025-05-15 11:05:00,3145.35,3149.75,3145.16,3149.31,388.0
2025-05-15 11:10:00,3149.36,3151.41,3146.76,3150.58,368.0
2025-05-15 11:15:00,3150.43,3151.13,3147.75,3148.55,335.0
2025-05-15 11:20:00,3148.54,3151.76,3148.21,3151.07,322.0
2025-05-15 11:25:00,3151.12,3152.3,3148.1,3151.47,327.0
2025-05-15 11:30:00,3151.54,3152.72,3149.42,3152.6,375.0
2025-05-15 11:35:00,3152.63,3156.5,3151.98,3155.85,376.0
2025-05-15 11:40:00,3155.87,3159.69,3154.63,3158.62,380.0
2025-05-15 11:45:00,3158.64,3160.33,3158.4,3159.25,324.0
2025-05-15 11:50:00,3159.23,3162.76,3158.56,3160.31,352.0
2025-05-15 11:55:00,3160.92,3164.14,3160.77,3162.62,348.0
2025-05-15 12:00:00,3162.58,3163.74,3159.38,3159.66,360.0
2025-05-15 12:05:00,3159.54,3164.95,3159.52,3164.47,326.0
2025-05-15 12:10:00,3164.44,3168.18,3164.44,3165.91,377.0
2025-05-15 12:15:00,3165.84,3169.83,3165.77,3169.78,357.0
2025-05-15 12:20:00,3169.73,3170.8,3167.41,3169.12,361.0
2025-05-15 12:25:00,3169.02,3169.61,3165.34,3166.06,351.0
2025-05-15 12:30:00,3165.83,3171.48,3165.7,3170.16,371.0
2025-05-15 12:35:00,3170.14,3170.89,3167.59,3168.06,327.0
2025-05-15 12:40:00,3168.07,3170.71,3167.95,3168.47,314.0
2025-05-15 12:45:00,3168.43,3168.91,3167.13,3168.43,290.0
2025-05-15 12:50:00,3168.31,3168.55,3165.69,3166.08,306.0
2025-05-15 12:55:00,3166.08,3166.76,3164.58,3165.3,341.0
2025-05-15 13:00:00,3165.24,3168.05,3164.2,3167.54,331.0
2025-05-15 13:05:00,3167.56,3174.94,3167.52,3174.52,370.0
2025-05-15 13:10:00,3174.54,3175.19,3172.12,3174.1,343.0
2025-05-15 13:15:00,3174.47,3177.58,3173.25,3176.86,376.0
2025-05-15 13:20:00,3176.84,3177.85,3174.06,3175.73,306.0
2025-05-15 13:25:00,3175.57,3176.78,3173.94,3176.38,337.0
2025-05-15 13:30:00,3176.38,3178.65,3176.38,3177.54,314.0
2025-05-15 13:35:00,3177.54,3177.78,3175.21,3177.22,306.0
2025-05-15 13:40:00,3177.25,3178.33,3175.48,3177.27,275.0
2025-05-15 13:45:00,3177.39,3179.08,3176.26,3178.37,307.0
2025-05-15 13:50:00,3178.59,3179.07,3176.56,3177.6,292.0
2025-05-15 13:55:00,3177.71,3178.97,3176.85,3178.37,289.0
2025-05-15 14:00:00,3178.31,3180.02,3177.52,3178.36,367.0
2025-05-15 14:05:00,3178.35,3178.35,3175.34,3175.92,331.0
2025-05-15 14:10:00,3175.89,3178.68,3175.18,3177.79,305.0
2025-05-15 14:15:00,3177.66,3179.71,3177.07,3177.36,303.0
2025-05-15 14:20:00,3177.35,3177.99,3174.05,3175.48,312.0
2025-05-15 14:25:00,3175.53,3177.09,3174.08,3175.93,271.0
2025-05-15 14:30:00,3175.94,3178.15,3173.59,3173.81,307.0
2025-05-15 14:35:00,3173.44,3175.42,3172.5,3173.55,330.0
2025-05-15 14:40:00,3173.55,3176.07,3173.55,3176.06,312.0
2025-05-15 14:45:00,3176.07,3179.66,3175.71,3177.99,319.0
2025-05-15 14:50:00,3177.61,3178.78,3176.56,3177.96,313.0
2025-05-15 14:55:00,3177.92,3179.19,3177.26,3179.17,356.0
2025-05-15 15:00:00,3179.0,3182.18,3177.59,3181.63,354.0
2025-05-15 15:05:00,3181.55,3182.64,3181.03,3182.12,354.0
2025-05-15 15:10:00,3182.18,3182.19,3178.93,3180.39,342.0
2025-05-15 15:15:00,3180.39,3181.29,3177.91,3179.28,344.0
2025-05-15 15:20:00,3178.44,3186.05,3177.82,3183.03,410.0
2025-05-15 15:25:00,3182.84,3183.03,3180.4,3182.42,311.0
2025-05-15 15:30:00,3182.29,3187.1,3181.65,3186.17,409.0
2025-05-15 15:35:00,3185.63,3187.18,3182.53,3182.55,387.0
2025-05-15 15:40:00,3182.52,3185.0,3181.45,3182.2,337.0
2025-05-15 15:45:00,3182.29,3184.43,3180.1,3181.26,395.0
2025-05-15 15:50:00,3181.32,3189.67,3180.63,3188.46,413.0
2025-05-15 15:55:00,3188.54,3189.84,3186.05,3188.87,413.0
2025-05-15 16:00:00,3189.18,3190.95,3185.3,3190.27,446.0
2025-05-15 16:05:00,3190.46,3194.43,3187.48,3194.18,429.0
2025-05-15 16:10:00,3194.15,3195.95,3188.7,3195.05,410.0
2025-05-15 16:15:00,3195.26,3199.61,3194.7,3195.2,445.0
2025-05-15 16:20:00,3195.26,3197.23,3195.02,3196.39,413.0
2025-05-15 16:25:00,3196.37,3196.6,3191.89,3192.11,389.0
2025-05-15 16:30:00,3191.91,3194.04,3189.35,3192.39,430.0
2025-05-15 16:35:00,3192.09,3196.49,3189.62,3196.49,439.0
2025-05-15 16:40:00,3196.39,3196.8,3190.87,3190.87,450.0
2025-05-15 16:45:00,3190.66,3192.93,3187.96,3191.23,440.0
2025-05-15 16:50:00,3191.53,3194.54,3190.99,3193.48,413.0
2025-05-15 16:55:00,3194.0,3195.96,3192.03,3192.43,408.0
2025-05-15 17:00:00,3192.17,3193.79,3190.57,3190.57,400.0
2025-05-15 17:05:00,3190.52,3199.79,3190.52,3198.54,438.0
2025-05-15 17:10:00,3198.2,3206.45,3198.2,3203.29,454.0
2025-05-15 17:15:00,3203.0,3204.15,3201.52,3203.07,409.0
2025-05-15 17:20:00,3203.07,3207.15,3202.27,3206.41,427.0
2025-05-15 17:25:00,3206.42,3206.88,3201.36,3206.03,432.0
2025-05-15 17:30:00,3205.87,3206.05,3201.65,3202.32,392.0
2025-05-15 17:35:00,3202.37,3202.6,3197.85,3201.91,405.0
2025-05-15 17:40:00,3201.84,3203.95,3199.53,3200.51,405.0
2025-05-15 17:45:00,3201.41,3204.59,3200.18,3203.92,402.0
2025-05-15 17:50:00,3203.82,3204.62,3200.86,3201.46,407.0
2025-05-15 17:55:00,3201.47,3205.37,3200.89,3205.26,384.0
2025-05-15 18:00:00,3205.32,3206.61,3204.61,3206.21,400.0
2025-05-15 18:05:00,3206.41,3210.75,3206.23,3210.17,423.0
2025-05-15 18:10:00,3210.11,3211.55,3208.39,3209.42,399.0
2025-05-15 18:15:00,3209.34,3213.08,3208.55,3212.23,397.0
2025-05-15 18:20:00,3212.33,3214.2,3210.13,3214.02,380.0
2025-05-15 18:25:00,3214.22,3216.69,3214.22,3216.15,398.0
2025-05-15 18:30:00,3216.18,3216.4,3212.39,3213.37,383.0
2025-05-15 18:35:00,3213.29,3217.0,3212.58,3216.93,364.0
2025-05-15 18:40:00,3217.15,3217.44,3213.45,3213.45,347.0
2025-05-15 18:45:00,3213.7,3216.24,3213.65,3214.62,348.0
2025-05-15 18:50:00,3214.74,3218.21,3214.69,3216.71,345.0
2025-05-15 18:55:00,3216.05,3219.97,3215.55,3219.75,364.0
2025-05-15 19:00:00,3219.76,3219.77,3217.58,3217.86,336.0
2025-05-15 19:05:00,3217.85,3219.13,3217.03,3217.06,304.0
2025-05-15 19:10:00,3217.08,3217.64,3215.9,3216.91,332.0
2025-05-15 19:15:00,3216.89,3220.62,3216.89,3219.95,325.0
2025-05-15 19:20:00,3219.94,3221.2,3218.98,3219.77,318.0
2025-05-15 19:25:00,3219.7,3220.51,3218.76,3218.99,298.0
2025-05-15 19:30:00,3219.04,3221.76,3218.74,3220.25,321.0
2025-05-15 19:35:00,3220.43,3221.57,3219.37,3221.44,296.0
2025-05-15 19:40:00,3221.29,3222.52,3220.86,3221.68,323.0
2025-05-15 19:45:00,3221.67,3222.1,3219.65,3220.44,303.0
2025-05-15 19:50:00,3220.6,3222.28,3219.95,3221.83,307.0
2025-05-15 19:55:00,3221.82,3222.63,3219.67,3222.4,321.0
2025-05-15 20:00:00,3222.48,3225.85,3222.42,3225.82,359.0
2025-05-15 20:05:00,3225.9,3229.06,3225.47,3227.59,377.0
2025-05-15 20:10:00,3227.48,3227.52,3224.64,3225.41,344.0
2025-05-15 20:15:00,3225.47,3226.27,3223.87,3225.82,294.0
2025-05-15 20:20:00,3225.85,3226.34,3223.9,3224.21,332.0
2025-05-15 20:25:00,3224.19,3224.19,3222.76,3223.19,336.0
2025-05-15 20:30:00,3223.27,3223.68,3218.71,3221.35,374.0
2025-05-15 20:35:00,3221.3,3222.18,3219.24,3219.84,315.0
2025-05-15 20:40:00,3219.86,3220.04,3216.5,3217.25,329.0
2025-05-15 20:45:00,3217.25,3219.3,3216.71,3219.02,323.0
2025-05-15 20:50:00,3219.01,3222.19,3218.33,3221.87,301.0
2025-05-15 20:55:00,3221.81,3222.77,3220.96,3221.17,317.0
2025-05-15 21:00:00,3221.15,3222.66,3219.89,3222.43,308.0
2025-05-15 21:05:00,3222.36,3223.86,3221.77,3223.4,307.0
2025-05-15 21:10:00,3223.23,3224.69,3223.16,3224.69,310.0
2025-05-15 21:15:00,3224.68,3225.96,3223.72,3224.24,323.0
2025-05-15 21:20:00,3224.2,3224.99,3223.14,3223.25,299.0
2025-05-15 21:25:00,3223.36,3224.04,3221.92,3224.01,308.0
2025-05-15 21:30:00,3223.89,3224.69,3223.36,3224.49,266.0
2025-05-15 21:35:00,3224.5,3225.57,3224.13,3225.33,253.0
2025-05-15 21:40:00,3225.34,3225.71,3224.28,3225.55,253.0
2025-05-15 21:45:00,3225.34,3225.59,3222.52,3222.94,287.0
2025-05-15 21:50:00,3222.96,3223.5,3222.65,3223.05,208.0
2025-05-15 21:55:00,3222.69,3223.76,3221.69,3223.22,289.0
2025-05-15 22:00:00,3223.26,3224.33,3222.29,3224.2,293.0
2025-05-15 22:05:00,3224.28,3224.91,3223.58,3223.88,264.0
2025-05-15 22:10:00,3223.93,3224.56,3223.47,3224.39,248.0
2025-05-15 22:15:00,3224.44,3225.84,3224.17,3225.6,276.0
2025-05-15 22:20:00,3225.59,3228.38,3224.92,3228.21,314.0
2025-05-15 22:25:00,3228.21,3230.12,3228.15,3229.96,331.0
2025-05-15 22:30:00,3230.0,3230.26,3227.05,3228.29,341.0
2025-05-15 22:35:00,3228.22,3230.33,3228.19,3230.22,304.0
2025-05-15 22:40:00,3230.26,3230.76,3229.47,3230.55,335.0
2025-05-15 22:45:00,3230.53,3230.9,3229.52,3230.52,293.0
2025-05-15 22:50:00,3230.54,3231.58,3229.85,3230.88,289.0
2025-05-15 22:55:00,3230.6,3232.66,3230.05,3231.99,311.0
2025-05-15 23:00:00,3231.85,3234.6,3231.13,3234.45,294.0
2025-05-15 23:05:00,3234.4,3235.14,3233.6,3234.67,261.0
2025-05-15 23:10:00,3234.56,3235.15,3234.02,3234.68,211.0
2025-05-15 23:15:00,3234.8,3236.81,3233.66,3236.79,220.0
2025-05-15 23:20:00,3236.8,3238.38,3236.48,3237.49,249.0
2025-05-15 23:25:00,3237.7,3239.6,3237.6,3238.45,230.0
2025-05-15 23:30:00,3238.44,3238.95,3237.4,3237.54,200.0
2025-05-15 23:35:00,3237.54,3237.79,3235.83,3235.9,195.0
2025-05-15 23:40:00,3236.06,3237.55,3235.61,3236.91,173.0
2025-05-15 23:45:00,3236.93,3237.46,3236.6,3237.41,150.0
2025-05-15 23:50:00,3237.41,3239.86,3237.02,3239.53,219.0
2025-05-15 23:55:00,3239.64,3240.5,3239.53,3239.64,161.0
2025-05-16 01:00:00,3238.34,3242.45,3236.99,3241.79,389.0
2025-05-16 01:05:00,3241.79,3246.73,3241.65,3245.39,265.0
2025-05-16 01:10:00,3245.47,3246.09,3243.62,3245.29,222.0
2025-05-16 01:15:00,3245.29,3246.79,3244.32,3245.71,239.0
2025-05-16 01:20:00,3245.78,3247.85,3244.32,3247.72,278.0
2025-05-16 01:25:00,3247.85,3247.94,3245.69,3246.72,221.0
2025-05-16 01:30:00,3246.15,3246.68,3244.17,3244.91,224.0
2025-05-16 01:35:00,3244.88,3249.72,3244.88,3249.29,319.0
2025-05-16 01:40:00,3249.26,3250.32,3249.14,3249.74,260.0
2025-05-16 01:45:00,3249.74,3250.73,3247.86,3249.79,312.0
2025-05-16 01:50:00,3249.75,3250.88,3249.31,3250.76,226.0
2025-05-16 01:55:00,3250.64,3252.14,3250.51,3251.12,290.0
2025-05-16 02:00:00,3251.19,3251.21,3242.26,3243.59,405.0
2025-05-16 02:05:00,3243.61,3246.57,3242.14,3246.43,331.0
2025-05-16 02:10:00,3246.49,3248.13,3244.21,3248.03,253.0
2025-05-16 02:15:00,3248.03,3248.1,3243.13,3244.43,275.0
2025-05-16 02:20:00,3244.43,3245.04,3242.52,3242.52,237.0
2025-05-16 02:25:00,3243.03,3244.94,3242.69,3243.2,202.0
2025-05-16 02:30:00,3243.11,3246.94,3242.7,3246.49,270.0
2025-05-16 02:35:00,3246.49,3246.75,3237.44,3240.17,382.0
2025-05-16 02:40:00,3240.18,3241.33,3237.36,3238.98,303.0
2025-05-16 02:45:00,3238.97,3239.12,3237.46,3238.06,254.0
2025-05-16 02:50:00,3238.03,3238.68,3236.59,3238.4,268.0
2025-05-16 02:55:00,3238.38,3238.54,3236.63,3237.16,279.0
2025-05-16 03:00:00,3237.2,3240.85,3236.34,3240.84,430.0
2025-05-16 03:05:00,3240.77,3242.24,3238.44,3238.93,359.0
2025-05-16 03:10:00,3238.95,3239.21,3233.51,3238.98,436.0
2025-05-16 03:15:00,3238.9,3239.75,3238.05,3239.36,330.0
2025-05-16 03:20:00,3239.38,3239.99,3236.32,3236.93,371.0
2025-05-16 03:25:00,3236.92,3237.49,3233.44,3234.56,350.0
2025-05-16 03:30:00,3234.46,3234.66,3232.06,3232.82,334.0
2025-05-16 03:35:00,3232.9,3237.49,3232.82,3233.7,367.0
2025-05-16 03:40:00,3233.83,3237.53,3233.74,3236.25,336.0
2025-05-16 03:45:00,3236.49,3238.67,3235.1,3237.14,350.0
2025-05-16 03:50:00,3237.13,3242.26,3235.64,3242.08,393.0
2025-05-16 03:55:00,3242.2,3244.0,3240.54,3243.15,409.0
2025-05-16 04:00:00,3243.16,3244.41,3235.06,3236.73,492.0
2025-05-16 04:05:00,3236.59,3236.82,3230.87,3231.43,429.0
2025-05-16 04:10:00,3231.41,3232.39,3228.78,3231.1,455.0
2025-05-16 04:15:00,3230.89,3230.95,3223.42,3223.46,452.0
2025-05-16 04:20:00,3223.36,3228.3,3223.02,3224.95,429.0
2025-05-16 04:25:00,3224.96,3226.01,3221.61,3223.71,417.0
2025-05-16 04:30:00,3223.49,3227.47,3221.54,3227.29,457.0
2025-05-16 04:35:00,3227.18,3228.31,3223.2,3223.5,418.0
2025-05-16 04:40:00,3223.3,3224.1,3220.28,3221.54,410.0
2025-05-16 04:45:00,3221.34,3221.34,3215.39,3215.52,445.0
2025-05-16 04:50:00,3215.63,3221.7,3215.01,3221.08,420.0
2025-05-16 04:55:00,3221.18,3222.51,3217.37,3222.39,422.0
2025-05-16 05:00:00,3222.11,3225.83,3222.05,3224.67,433.0
2025-05-16 05:05:00,3224.88,3225.01,3220.16,3222.15,373.0
2025-05-16 05:10:00,3222.14,3224.31,3220.23,3223.11,405.0
2025-05-16 05:15:00,3223.38,3224.7,3222.92,3224.56,283.0
2025-05-16 05:20:00,3224.52,3224.52,3221.1,3221.45,280.0
2025-05-16 05:25:00,3221.44,3223.69,3220.57,3223.08,281.0
2025-05-16 05:30:00,3223.04,3227.44,3222.83,3226.9,391.0
2025-05-16 05:35:00,3226.93,3227.1,3221.38,3221.63,362.0
2025-05-16 05:40:00,3221.63,3222.89,3219.62,3220.09,386.0
2025-05-16 05:45:00,3219.96,3220.95,3217.68,3217.88,364.0
2025-05-16 05:50:00,3217.84,3219.15,3214.31,3215.78,412.0
2025-05-16 05:55:00,3215.76,3216.14,3212.92,3215.38,405.0
2025-05-16 06:00:00,3215.34,3217.41,3210.95,3214.98,418.0
2025-05-16 06:05:00,3214.9,3215.06,3210.74,3211.11,384.0
2025-05-16 06:10:00,3211.05,3211.8,3206.57,3208.13,422.0
2025-05-16 06:15:00,3207.97,3210.35,3206.93,3210.31,417.0
2025-05-16 06:20:00,3210.46,3211.98,3209.58,3211.17,393.0
2025-05-16 06:25:00,3211.16,3213.05,3210.35,3210.59,354.0
2025-05-16 06:30:00,3210.58,3213.34,3209.79,3212.48,359.0
2025-05-16 06:35:00,3212.28,3215.47,3211.08,3211.09,339.0
2025-05-16 06:40:00,3211.03,3211.45,3208.56,3208.69,286.0
2025-05-16 06:45:00,3208.79,3210.84,3208.06,3210.63,310.0
2025-05-16 06:50:00,3210.62,3211.35,3209.4,3210.82,298.0
2025-05-16 06:55:00,3210.87,3213.28,3210.84,3211.94,298.0
2025-05-16 07:00:00,3211.79,3213.58,3211.75,3213.51,316.0
2025-05-16 07:05:00,3213.52,3215.06,3213.07,3213.3,307.0
2025-05-16 07:10:00,3213.26,3215.09,3212.5,3215.09,239.0
2025-05-16 07:15:00,3215.01,3215.96,3212.97,3215.61,301.0
2025-05-16 07:20:00,3215.58,3219.36,3214.84,3217.4,314.0
2025-05-16 07:25:00,3217.39,3217.44,3213.44,3214.66,341.0
2025-05-16 07:30:00,3214.69,3216.85,3214.59,3216.24,265.0
2025-05-16 07:35:00,3216.22,3218.14,3216.22,3217.49,243.0
2025-05-16 07:40:00,3217.44,3218.42,3216.52,3217.44,230.0
2025-05-16 07:45:00,3217.44,3219.59,3216.47,3219.59,262.0
2025-05-16 07:50:00,3219.61,3221.1,3218.59,3221.02,317.0
2025-05-16 07:55:00,3220.66,3222.32,3219.28,3219.64,365.0
2025-05-16 08:00:00,3219.58,3219.87,3218.18,3219.56,252.0
2025-05-16 08:05:00,3219.63,3222.33,3218.55,3221.26,351.0
2025-05-16 08:10:00,3221.26,3222.12,3220.16,3220.34,346.0
2025-05-16 08:15:00,3220.34,3220.5,3217.76,3218.47,336.0
2025-05-16 08:20:00,3218.46,3218.62,3213.58,3215.61,351.0
2025-05-16 08:25:00,3215.84,3215.95,3212.71,3214.35,357.0
2025-05-16 08:30:00,3214.45,3216.87,3212.04,3216.81,421.0
2025-05-16 08:35:00,3216.8,3220.3,3216.11,3216.18,369.0
2025-05-16 08:40:00,3216.17,3220.06,3216.17,3219.2,332.0
2025-05-16 08:45:00,3219.2,3221.09,3217.42,3221.09,274.0
2025-05-16 08:50:00,3221.1,3221.64,3218.28,3218.68,289.0
2025-05-16 08:55:00,3218.48,3219.15,3216.38,3218.59,338.0
2025-05-16 09:00:00,3218.26,3222.45,3217.94,3222.25,388.0
2025-05-16 09:05:00,3222.04,3227.08,3221.7,3224.87,429.0
2025-05-16 09:10:00,3225.01,3231.23,3224.27,3228.5,412.0
2025-05-16 09:15:00,3228.49,3228.49,3223.08,3223.91,387.0
2025-05-16 09:20:00,3224.06,3224.06,3221.02,3221.36,370.0
2025-05-16 09:25:00,3221.37,3221.37,3217.75,3219.98,397.0
2025-05-16 09:30:00,3219.94,3222.11,3217.93,3221.01,372.0
2025-05-16 09:35:00,3220.99,3221.72,3217.09,3218.25,382.0
2025-05-16 09:40:00,3218.19,3218.24,3215.35,3215.36,355.0
2025-05-16 09:45:00,3215.56,3216.21,3213.51,3215.06,401.0
2025-05-16 09:50:00,3215.08,3216.83,3212.88,3214.67,397.0
2025-05-16 09:55:00,3214.82,3215.99,3214.16,3214.88,353.0
2025-05-16 10:00:00,3214.95,3216.61,3211.89,3212.53,362.0
2025-05-16 10:05:00,3212.44,3216.94,3209.85,3216.37,434.0
2025-05-16 10:10:00,3215.69,3218.03,3213.9,3214.36,417.0
2025-05-16 10:15:00,3214.36,3214.67,3207.27,3208.08,431.0
2025-05-16 10:20:00,3208.09,3209.3,3205.41,3208.52,416.0
2025-05-16 10:25:00,3208.42,3211.07,3207.6,3209.53,385.0
2025-05-16 10:30:00,3209.51,3210.48,3207.55,3208.73,311.0
2025-05-16 10:35:00,3208.76,3211.74,3208.01,3211.58,340.0
2025-05-16 10:40:00,3211.56,3215.18,3211.5,3215.08,348.0
2025-05-16 10:45:00,3215.04,3215.04,3212.48,3213.05,277.0
2025-05-16 10:50:00,3213.39,3213.91,3208.62,3208.75,358.0
2025-05-16 10:55:00,3208.66,3209.53,3207.07,3207.8,351.0
2025-05-16 11:00:00,3207.68,3207.73,3205.37,3207.06,380.0
2025-05-16 11:05:00,3207.06,3208.71,3204.35,3204.46,357.0
2025-05-16 11:10:00,3203.43,3204.71,3197.0,3197.39,422.0
2025-05-16 11:15:00,3197.45,3199.81,3195.65,3199.72,465.0
2025-05-16 11:20:00,3199.67,3202.45,3198.39,3201.73,368.0
2025-05-16 11:25:00,3201.68,3205.77,3201.41,3205.75,364.0
2025-05-16 11:30:00,3205.7,3207.19,3205.08,3205.66,356.0
2025-05-16 11:35:00,3205.68,3208.67,3205.68,3207.09,346.0
2025-05-16 11:40:00,3207.1,3209.14,3207.02,3208.44,333.0
2025-05-16 11:45:00,3208.62,3209.21,3206.31,3208.34,329.0
2025-05-16 11:50:00,3208.3,3208.8,3204.56,3205.27,324.0
2025-05-16 11:55:00,3205.23,3208.14,3205.15,3207.44,332.0
2025-05-16 12:00:00,3207.32,3207.32,3203.83,3204.49,336.0
2025-05-16 12:05:00,3204.54,3207.21,3204.54,3205.55,315.0
2025-05-16 12:10:00,3205.54,3207.26,3204.52,3206.65,326.0
2025-05-16 12:15:00,3206.59,3206.91,3205.4,3206.63,295.0
2025-05-16 12:20:00,3206.6,3208.39,3205.86,3208.02,357.0
2025-05-16 12:25:00,3208.04,3211.22,3208.04,3210.26,382.0
2025-05-16 12:30:00,3210.12,3212.88,3208.67,3211.41,396.0
2025-05-16 12:35:00,3211.28,3211.96,3209.54,3210.5,322.0
2025-05-16 12:40:00,3210.42,3210.46,3207.73,3209.08,308.0
2025-05-16 12:45:00,3208.73,3210.78,3208.35,3210.78,333.0
2025-05-16 12:50:00,3210.62,3211.23,3209.28,3210.87,281.0
2025-05-16 12:55:00,3210.77,3211.07,3208.68,3209.27,287.0
2025-05-16 13:00:00,3209.4,3211.1,3207.43,3210.87,337.0
2025-05-16 13:05:00,3210.85,3210.96,3205.66,3205.66,359.0
2025-05-16 13:10:00,3205.52,3206.53,3201.5,3204.8,377.0
2025-05-16 13:15:00,3204.87,3207.82,3201.96,3202.07,415.0
2025-05-16 13:20:00,3202.09,3204.36,3201.8,3203.41,373.0
2025-05-16 13:25:00,3203.44,3204.58,3200.43,3201.81,353.0
2025-05-16 13:30:00,3201.72,3204.38,3201.02,3201.6,331.0
2025-05-16 13:35:00,3201.72,3201.81,3196.74,3200.06,384.0
2025-05-16 13:40:00,3200.12,3201.1,3195.7,3196.05,400.0
2025-05-16 13:45:00,3196.3,3197.03,3187.89,3188.89,485.0
2025-05-16 13:50:00,3188.61,3189.46,3169.14,3172.48,544.0
2025-05-16 13:55:00,3172.28,3177.76,3172.28,3175.51,483.0
2025-05-16 14:00:00,3175.97,3179.1,3173.42,3175.54,436.0
2025-05-16 14:05:00,3175.4,3175.49,3170.05,3173.05,415.0
2025-05-16 14:10:00,3172.99,3174.83,3170.78,3171.12,389.0
2025-05-16 14:15:00,3171.11,3175.55,3170.89,3175.17,386.0
2025-05-16 14:20:00,3175.18,3177.2,3171.92,3172.62,370.0
2025-05-16 14:25:00,3172.76,3174.74,3171.19,3172.13,371.0
2025-05-16 14:30:00,3171.92,3179.17,3170.72,3178.57,431.0
2025-05-16 14:35:00,3178.6,3179.14,3174.56,3176.15,378.0
2025-05-16 14:40:00,3176.12,3177.16,3173.58,3173.75,332.0
2025-05-16 14:45:00,3173.92,3176.29,3172.87,3173.62,343.0
2025-05-16 14:50:00,3173.36,3173.7,3154.8,3154.8,477.0
2025-05-16 14:55:00,3154.61,3164.72,3154.35,3163.16,517.0
2025-05-16 15:00:00,3163.3,3164.73,3154.87,3163.7,510.0
2025-05-16 15:05:00,3164.38,3164.93,3157.51,3158.75,430.0
2025-05-16 15:10:00,3158.96,3167.09,3158.96,3164.85,460.0
2025-05-16 15:15:00,3164.66,3168.63,3164.66,3168.49,407.0
2025-05-16 15:20:00,3168.41,3174.74,3166.4,3173.55,484.0
2025-05-16 15:25:00,3173.85,3175.92,3171.59,3174.35,401.0
2025-05-16 15:30:00,3174.22,3174.52,3170.42,3173.3,412.0
2025-05-16 15:35:00,3173.44,3181.94,3173.44,3179.13,464.0
2025-05-16 15:40:00,3179.09,3179.62,3175.09,3178.11,399.0
2025-05-16 15:45:00,3178.08,3181.38,3177.27,3179.64,405.0
2025-05-16 15:50:00,3179.6,3179.6,3176.26,3177.13,383.0
2025-05-16 15:55:00,3177.26,3180.13,3175.74,3177.45,411.0
2025-05-16 16:00:00,3177.5,3185.11,3177.5,3184.45,525.0
2025-05-16 16:05:00,3184.74,3185.69,3181.27,3181.46,437.0
2025-05-16 16:10:00,3181.28,3182.57,3177.0,3177.04,441.0
2025-05-16 16:15:00,3176.85,3178.83,3169.47,3174.58,483.0
2025-05-16 16:20:00,3174.52,3177.28,3173.54,3174.72,450.0
2025-05-16 16:25:00,3174.7,3178.05,3173.85,3174.5,426.0
2025-05-16 16:30:00,3174.6,3183.0,3170.27,3182.64,488.0
2025-05-16 16:35:00,3182.69,3185.67,3180.51,3181.44,500.0
2025-05-16 16:40:00,3181.95,3186.68,3179.74,3185.9,459.0
2025-05-16 16:45:00,3185.97,3186.13,3180.08,3181.8,433.0
2025-05-16 16:50:00,3181.83,3185.63,3178.82,3179.69,443.0
2025-05-16 16:55:00,3179.85,3182.5,3179.29,3180.45,416.0
2025-05-16 17:00:00,3180.63,3185.76,3180.63,3183.22,466.0
2025-05-16 17:05:00,3183.18,3188.52,3182.38,3183.83,493.0
2025-05-16 17:10:00,3183.84,3185.39,3181.58,3184.79,452.0
2025-05-16 17:15:00,3184.8,3185.06,3176.35,3176.35,429.0
2025-05-16 17:20:00,3176.3,3182.24,3176.09,3180.4,435.0
2025-05-16 17:25:00,3180.2,3180.89,3173.85,3175.26,486.0
2025-05-16 17:30:00,3176.22,3177.63,3173.53,3174.4,423.0
2025-05-16 17:35:00,3174.61,3175.09,3170.19,3172.29,467.0
2025-05-16 17:40:00,3172.35,3173.07,3166.26,3169.67,479.0
2025-05-16 17:45:00,3169.74,3174.77,3169.22,3173.81,466.0
2025-05-16 17:50:00,3173.78,3176.75,3172.61,3175.88,421.0
2025-05-16 17:55:00,3175.95,3177.17,3172.4,3173.24,440.0
2025-05-16 18:00:00,3173.27,3175.79,3172.88,3175.37,395.0
2025-05-16 18:05:00,3175.32,3176.01,3172.94,3173.23,393.0
2025-05-16 18:10:00,3173.21,3178.83,3173.07,3177.4,395.0
2025-05-16 18:15:00,3177.48,3179.06,3175.86,3178.59,377.0
2025-05-16 18:20:00,3178.6,3180.38,3176.16,3176.59,416.0
2025-05-16 18:25:00,3176.59,3178.54,3175.5,3178.22,359.0
2025-05-16 18:30:00,3178.22,3181.35,3177.89,3180.99,396.0
2025-05-16 18:35:00,3180.84,3182.11,3180.78,3181.3,355.0
2025-05-16 18:40:00,3181.35,3181.75,3179.53,3180.9,349.0
2025-05-16 18:45:00,3180.88,3184.5,3178.75,3184.13,366.0
2025-05-16 18:50:00,3184.0,3185.11,3182.59,3183.46,414.0
2025-05-16 18:55:00,3183.55,3183.9,3181.4,3183.53,369.0
2025-05-16 19:00:00,3183.41,3187.43,3182.58,3184.46,434.0
2025-05-16 19:05:00,3184.43,3184.66,3181.59,3181.61,430.0
2025-05-16 19:10:00,3181.66,3184.99,3180.46,3184.99,402.0
2025-05-16 19:15:00,3184.65,3185.62,3183.1,3184.19,390.0
2025-05-16 19:20:00,3184.19,3185.05,3182.62,3182.76,358.0
2025-05-16 19:25:00,3182.74,3184.2,3181.72,3183.04,344.0
2025-05-16 19:30:00,3183.07,3184.35,3182.37,3182.49,329.0
2025-05-16 19:35:00,3182.6,3183.22,3181.85,3183.16,329.0
2025-05-16 19:40:00,3183.15,3185.2,3182.77,3185.15,327.0
2025-05-16 19:45:00,3185.14,3187.93,3184.54,3187.6,387.0
2025-05-16 19:50:00,3187.62,3188.11,3186.57,3187.59,369.0
2025-05-16 19:55:00,3187.65,3189.75,3186.85,3189.33,394.0
2025-05-16 20:00:00,3189.32,3189.74,3188.04,3188.93,388.0
2025-05-16 20:05:00,3188.95,3192.16,3188.65,3188.75,400.0
2025-05-16 20:10:00,3188.6,3188.73,3185.87,3186.68,357.0
2025-05-16 20:15:00,3186.69,3188.09,3185.37,3186.07,367.0
2025-05-16 20:20:00,3186.11,3187.65,3185.87,3186.43,338.0
2025-05-16 20:25:00,3186.45,3186.45,3183.91,3184.61,391.0
2025-05-16 20:30:00,3184.67,3185.0,3183.47,3183.89,345.0
2025-05-16 20:35:00,3183.96,3186.7,3183.87,3186.7,314.0
2025-05-16 20:40:00,3186.74,3188.04,3185.95,3187.42,324.0
2025-05-16 20:45:00,3187.38,3190.0,3187.38,3188.15,327.0
2025-05-16 20:50:00,3188.22,3188.99,3187.49,3188.37,323.0
2025-05-16 20:55:00,3188.45,3189.93,3187.93,3189.4,340.0
2025-05-16 21:00:00,3189.52,3190.98,3188.78,3190.26,339.0
2025-05-16 21:05:00,3190.26,3191.11,3189.81,3191.04,296.0
2025-05-16 21:10:00,3191.03,3191.13,3186.13,3186.13,341.0
2025-05-16 21:15:00,3186.2,3188.49,3186.1,3188.05,314.0
2025-05-16 21:20:00,3188.05,3189.08,3187.04,3189.08,275.0
2025-05-16 21:25:00,3189.11,3190.27,3188.6,3189.88,299.0
2025-05-16 21:30:00,3189.71,3189.95,3189.03,3189.75,268.0
2025-05-16 21:35:00,3189.89,3190.51,3185.31,3185.52,327.0
2025-05-16 21:40:00,3185.68,3187.46,3184.84,3185.31,362.0
2025-05-16 21:45:00,3185.31,3188.09,3185.31,3187.94,290.0
2025-05-16 21:50:00,3187.85,3187.9,3186.68,3186.88,259.0
2025-05-16 21:55:00,3186.88,3188.02,3186.77,3187.45,262.0
2025-05-16 22:00:00,3187.51,3190.7,3187.51,3188.53,332.0
2025-05-16 22:05:00,3188.54,3192.52,3188.46,3191.86,294.0
2025-05-16 22:10:00,3191.82,3191.84,3190.27,3191.76,301.0
2025-05-16 22:15:00,3191.77,3194.34,3191.57,3193.86,311.0
2025-05-16 22:20:00,3193.85,3195.34,3193.44,3194.68,299.0
2025-05-16 22:25:00,3194.64,3194.64,3193.23,3193.51,299.0
2025-05-16 22:30:00,3193.52,3195.03,3193.37,3194.64,284.0
2025-05-16 22:35:00,3194.66,3195.65,3194.35,3194.92,285.0
2025-05-16 22:40:00,3194.94,3195.58,3194.6,3195.51,276.0
2025-05-16 22:45:00,3195.48,3195.72,3191.73,3193.04,330.0
2025-05-16 22:50:00,3192.89,3194.38,3192.24,3193.16,324.0
2025-05-16 22:55:00,3193.02,3193.49,3190.91,3192.6,383.0
2025-05-16 23:00:00,3192.57,3198.29,3192.2,3197.78,315.0
2025-05-16 23:05:00,3197.87,3202.87,3197.86,3199.91,303.0
2025-05-16 23:10:00,3199.92,3201.18,3198.96,3199.54,217.0
2025-05-16 23:15:00,3199.51,3200.88,3199.07,3200.0,164.0
2025-05-16 23:20:00,3200.0,3200.16,3198.83,3199.11,167.0
2025-05-16 23:25:00,3199.14,3199.6,3195.15,3195.34,232.0
2025-05-16 23:30:00,3195.42,3197.99,3194.96,3197.31,195.0
2025-05-16 23:35:00,3197.22,3197.42,3195.22,3197.09,205.0
2025-05-16 23:40:00,3197.1,3199.15,3196.06,3198.93,197.0
2025-05-16 23:45:00,3199.01,3202.55,3199.0,3202.33,355.0
2025-05-16 23:50:00,3202.34,3202.78,3199.46,3201.13,315.0
2025-05-16 23:55:00,3201.1,3202.08,3200.57,3201.0,60.0
2025-05-19 01:00:00,3219.73,3222.52,3206.42,3216.34,844.0
2025-05-19 01:05:00,3216.62,3216.94,3211.7,3215.55,339.0
2025-05-19 01:10:00,3215.62,3218.62,3212.84,3217.85,312.0
2025-05-19 01:15:00,3217.81,3234.55,3217.81,3233.26,459.0
2025-05-19 01:20:00,3233.37,3235.12,3231.87,3234.11,382.0
2025-05-19 01:25:00,3234.13,3236.56,3232.47,3235.79,326.0
2025-05-19 01:30:00,3235.13,3235.2,3229.96,3235.06,369.0
2025-05-19 01:35:00,3235.06,3235.06,3230.07,3230.74,346.0
2025-05-19 01:40:00,3230.81,3237.0,3230.45,3233.99,350.0
2025-05-19 01:45:00,3234.05,3240.68,3233.45,3239.74,367.0
2025-05-19 01:50:00,3239.74,3240.78,3239.05,3239.79,300.0
2025-05-19 01:55:00,3239.61,3240.77,3238.4,3239.27,291.0
2025-05-19 02:00:00,3239.23,3243.72,3237.49,3240.42,360.0
2025-05-19 02:05:00,3240.37,3243.39,3240.17,3242.53,302.0
2025-05-19 02:10:00,3242.52,3244.92,3242.2,3244.37,290.0
2025-05-19 02:15:00,3244.36,3244.87,3242.31,3242.83,284.0
2025-05-19 02:20:00,3242.84,3245.21,3242.41,3243.96,267.0
2025-05-19 02:25:00,3243.93,3244.28,3242.49,3243.38,269.0
2025-05-19 02:30:00,3243.4,3244.58,3241.95,3243.1,285.0
2025-05-19 02:35:00,3243.02,3243.42,3237.09,3237.09,297.0
2025-05-19 02:40:00,3237.07,3237.32,3229.03,3232.3,423.0
2025-05-19 02:45:00,3232.3,3233.22,3227.42,3227.49,356.0
2025-05-19 02:50:00,3226.83,3235.9,3226.63,3234.76,390.0
2025-05-19 02:55:00,3234.74,3237.53,3233.68,3234.86,367.0
2025-05-19 03:00:00,3234.94,3236.87,3233.5,3236.44,393.0
2025-05-19 03:05:00,3236.34,3243.17,3236.12,3243.1,398.0
2025-05-19 03:10:00,3243.09,3247.92,3242.79,3245.57,403.0
2025-05-19 03:15:00,3245.55,3249.75,3244.96,3245.57,410.0
2025-05-19 03:20:00,3246.03,3249.21,3245.56,3247.05,393.0
2025-05-19 03:25:00,3247.04,3249.68,3246.95,3247.76,390.0
2025-05-19 03:30:00,3247.66,3249.31,3246.45,3248.6,404.0
2025-05-19 03:35:00,3248.69,3248.7,3243.64,3246.28,380.0
2025-05-19 03:40:00,3246.28,3248.37,3244.45,3245.53,349.0
2025-05-19 03:45:00,3245.63,3248.3,3244.62,3244.73,378.0
2025-05-19 03:50:00,3244.78,3245.64,3241.01,3245.02,411.0
2025-05-19 03:55:00,3245.19,3248.43,3244.16,3246.44,408.0
2025-05-19 04:00:00,3246.12,3246.42,3236.62,3238.91,497.0
2025-05-19 04:05:00,3238.64,3242.33,3234.26,3236.25,473.0
2025-05-19 04:10:00,3236.25,3238.54,3231.11,3233.59,438.0
2025-05-19 04:15:00,3233.47,3234.86,3228.42,3229.84,414.0
2025-05-19 04:20:00,3229.75,3230.03,3224.75,3227.15,448.0
2025-05-19 04:25:00,3227.17,3232.97,3225.61,3226.38,446.0
2025-05-19 04:30:00,3226.55,3229.66,3222.61,3222.74,427.0
2025-05-19 04:35:00,3222.63,3225.56,3220.81,3224.8,412.0
2025-05-19 04:40:00,3224.77,3227.54,3223.22,3224.97,381.0
2025-05-19 04:45:00,3224.66,3225.99,3221.08,3222.83,384.0
2025-05-19 04:50:00,3222.6,3223.59,3218.69,3219.77,406.0
2025-05-19 04:55:00,3219.85,3219.97,3214.68,3218.39,424.0
2025-05-19 05:00:00,3218.12,3222.5,3217.12,3221.3,410.0
2025-05-19 05:05:00,3221.25,3224.06,3218.39,3223.15,371.0
2025-05-19 05:10:00,3223.02,3225.1,3222.48,3224.61,339.0
2025-05-19 05:15:00,3224.79,3227.42,3224.79,3226.08,342.0
2025-05-19 05:20:00,3226.0,3226.86,3224.43,3224.43,304.0
2025-05-19 05:25:00,3224.4,3225.72,3222.52,3225.32,347.0
2025-05-19 05:30:00,3225.52,3225.75,3219.95,3220.5,371.0
2025-05-19 05:35:00,3220.52,3223.13,3217.86,3219.46,354.0
2025-05-19 05:40:00,3219.64,3221.81,3218.93,3221.26,305.0
2025-05-19 05:45:00,3221.11,3227.47,3221.11,3227.29,353.0
2025-05-19 05:50:00,3227.17,3230.05,3226.74,3227.04,361.0
2025-05-19 05:55:00,3227.04,3229.19,3224.93,3228.42,350.0
2025-05-19 06:00:00,3228.49,3230.48,3227.24,3228.49,317.0
2025-05-19 06:05:00,3228.45,3228.45,3225.09,3226.64,339.0
2025-05-19 06:10:00,3226.79,3227.47,3225.54,3225.57,275.0
2025-05-19 06:15:00,3225.25,3228.51,3225.14,3227.31,275.0
2025-05-19 06:20:00,3227.22,3227.91,3225.74,3226.4,265.0
2025-05-19 06:25:00,3226.61,3227.41,3224.89,3225.77,291.0
2025-05-19 06:30:00,3225.75,3227.78,3222.62,3222.62,325.0
2025-05-19 06:35:00,3222.75,3223.71,3219.95,3220.12,321.0
2025-05-19 06:40:00,3220.12,3221.01,3217.18,3218.2,297.0
2025-05-19 06:45:00,3218.15,3218.98,3208.12,3208.21,406.0
2025-05-19 06:50:00,3208.21,3213.65,3208.21,3213.37,364.0
2025-05-19 06:55:00,3213.31,3213.87,3211.31,3212.23,299.0
2025-05-19 07:00:00,3212.22,3213.34,3209.57,3209.65,272.0
2025-05-19 07:05:00,3209.65,3211.28,3206.69,3210.7,290.0
2025-05-19 07:10:00,3210.7,3213.21,3210.53,3211.2,299.0
2025-05-19 07:15:00,3211.2,3215.52,3211.0,3213.84,322.0
2025-05-19 07:20:00,3214.07,3216.32,3213.62,3215.07,255.0
2025-05-19 07:25:00,3215.1,3215.66,3214.6,3215.42,223.0
2025-05-19 07:30:00,3215.41,3218.03,3215.32,3216.95,227.0
2025-05-19 07:35:00,3216.81,3218.1,3215.81,3216.09,220.0
2025-05-19 07:40:00,3216.07,3216.85,3215.55,3216.78,210.0
2025-05-19 07:45:00,3216.76,3217.61,3216.1,3217.25,190.0
2025-05-19 07:50:00,3217.14,3217.38,3216.04,3216.04,210.0
2025-05-19 07:55:00,3216.03,3216.14,3213.79,3215.89,290.0
2025-05-19 08:00:00,3215.91,3220.97,3215.91,3218.22,292.0
2025-05-19 08:05:00,3218.2,3222.73,3218.18,3221.3,298.0
2025-05-19 08:10:00,3221.26,3223.01,3218.17,3218.37,296.0
2025-05-19 08:15:00,3218.35,3219.04,3216.05,3216.95,291.0
2025-05-19 08:20:00,3216.98,3218.24,3216.27,3217.97,278.0
2025-05-19 08:25:00,3218.08,3218.69,3216.81,3218.04,236.0
2025-05-19 08:30:00,3218.04,3220.48,3217.21,3218.25,325.0
2025-05-19 08:35:00,3218.28,3218.87,3217.07,3218.85,274.0
2025-05-19 08:40:00,3218.81,3219.85,3216.82,3217.81,282.0
2025-05-19 08:45:00,3217.82,3218.54,3214.91,3217.11,310.0
2025-05-19 08:50:00,3217.14,3219.24,3216.42,3217.8,287.0
2025-05-19 08:55:00,3217.73,3224.28,3217.51,3224.03,340.0
2025-05-19 09:00:00,3223.97,3225.69,3222.3,3224.31,429.0
2025-05-19 09:05:00,3224.33,3226.81,3224.33,3225.15,385.0
2025-05-19 09:10:00,3225.2,3228.05,3224.44,3226.87,373.0
2025-05-19 09:15:00,3226.88,3230.76,3226.88,3230.39,430.0
2025-05-19 09:20:00,3230.39,3231.62,3228.04,3230.11,445.0
2025-05-19 09:25:00,3230.12,3231.3,3225.72,3226.66,426.0
2025-05-19 09:30:00,3226.53,3229.43,3226.09,3226.28,390.0
2025-05-19 09:35:00,3225.89,3226.39,3220.29,3221.61,430.0
2025-05-19 09:40:00,3221.62,3224.36,3221.26,3222.6,373.0
2025-05-19 09:45:00,3222.61,3224.67,3221.24,3224.11,391.0
2025-05-19 09:50:00,3224.23,3225.31,3223.25,3224.33,352.0
2025-05-19 09:55:00,3224.37,3226.27,3223.97,3224.15,388.0
2025-05-19 10:00:00,3224.05,3228.68,3224.05,3228.23,415.0
2025-05-19 10:05:00,3228.36,3230.77,3227.71,3230.54,380.0
2025-05-19 10:10:00,3230.45,3230.83,3228.65,3229.23,385.0
2025-05-19 10:15:00,3229.16,3230.47,3228.59,3229.66,381.0
2025-05-19 10:20:00,3229.6,3231.21,3228.8,3230.62,352.0
2025-05-19 10:25:00,3230.63,3231.11,3228.32,3229.49,387.0
2025-05-19 10:30:00,3229.55,3231.22,3227.91,3229.44,396.0
2025-05-19 10:35:00,3229.16,3233.67,3228.63,3231.7,420.0
2025-05-19 10:40:00,3231.61,3232.48,3226.45,3232.18,431.0
2025-05-19 10:45:00,3232.3,3233.7,3231.05,3232.66,376.0
2025-05-19 10:50:00,3232.76,3234.6,3231.17,3232.68,407.0
2025-05-19 10:55:00,3232.68,3232.96,3231.32,3232.33,411.0
2025-05-19 11:00:00,3232.39,3233.21,3230.07,3230.59,395.0
2025-05-19 11:05:00,3230.51,3232.72,3230.49,3231.97,358.0
2025-05-19 11:10:00,3231.95,3235.66,3231.78,3235.51,363.0
2025-05-19 11:15:00,3235.62,3238.93,3235.19,3237.89,452.0
2025-05-19 11:20:00,3237.72,3237.72,3234.64,3236.63,355.0
2025-05-19 11:25:00,3236.59,3236.67,3233.77,3236.01,384.0
2025-05-19 11:30:00,3235.86,3238.2,3235.52,3235.89,353.0
2025-05-19 11:35:00,3235.72,3237.83,3233.57,3235.05,357.0
2025-05-19 11:40:00,3235.09,3238.23,3234.97,3238.23,352.0
2025-05-19 11:45:00,3238.29,3239.8,3238.09,3239.6,327.0
2025-05-19 11:50:00,3239.59,3242.39,3239.07,3241.25,378.0
2025-05-19 11:55:00,3241.24,3244.89,3241.23,3244.46,359.0
2025-05-19 12:00:00,3244.7,3247.62,3244.47,3244.83,392.0
2025-05-19 12:05:00,3244.91,3245.84,3243.44,3243.5,385.0
2025-05-19 12:10:00,3243.51,3243.93,3238.12,3240.73,408.0
2025-05-19 12:15:00,3240.7,3241.41,3233.75,3235.32,390.0
2025-05-19 12:20:00,3235.31,3238.83,3234.75,3236.95,399.0
2025-05-19 12:25:00,3236.9,3240.64,3236.04,3239.93,379.0
2025-05-19 12:30:00,3239.93,3240.97,3238.71,3238.91,366.0
2025-05-19 12:35:00,3239.01,3240.55,3237.97,3240.52,325.0
2025-05-19 12:40:00,3240.46,3241.85,3239.05,3239.06,341.0
2025-05-19 12:45:00,3239.07,3239.96,3237.78,3239.9,326.0
2025-05-19 12:50:00,3240.04,3241.49,3239.28,3240.83,304.0
2025-05-19 12:55:00,3240.84,3242.1,3240.49,3242.01,307.0
2025-05-19 13:00:00,3242.01,3242.17,3235.97,3236.03,340.0
2025-05-19 13:05:00,3235.89,3239.48,3234.29,3235.86,392.0
2025-05-19 13:10:00,3235.89,3239.76,3235.5,3239.23,312.0
2025-05-19 13:15:00,3239.26,3240.39,3237.4,3239.34,346.0
2025-05-19 13:20:00,3239.29,3239.31,3236.97,3238.74,363.0
2025-05-19 13:25:00,3238.74,3241.76,3238.62,3240.91,360.0
2025-05-19 13:30:00,3240.97,3241.19,3238.77,3239.7,345.0
2025-05-19 13:35:00,3239.78,3241.44,3239.54,3240.67,273.0
2025-05-19 13:40:00,3240.67,3240.86,3239.52,3239.77,272.0
2025-05-19 13:45:00,3240.03,3241.99,3239.93,3240.88,303.0
2025-05-19 13:50:00,3240.84,3244.44,3240.62,3243.9,350.0
2025-05-19 13:55:00,3243.85,3245.17,3241.67,3241.74,355.0
2025-05-19 14:00:00,3241.73,3242.17,3239.18,3241.13,341.0
2025-05-19 14:05:00,3240.93,3243.3,3240.19,3242.86,322.0
2025-05-19 14:10:00,3242.96,3243.7,3240.75,3243.4,336.0
2025-05-19 14:15:00,3243.42,3244.26,3242.77,3243.74,298.0
2025-05-19 14:20:00,3243.79,3244.3,3241.6,3242.27,280.0
2025-05-19 14:25:00,3242.29,3243.34,3241.51,3241.52,283.0
2025-05-19 14:30:00,3241.41,3245.12,3241.25,3243.62,324.0
2025-05-19 14:35:00,3243.63,3246.19,3243.57,3245.82,316.0
2025-05-19 14:40:00,3245.83,3246.62,3244.77,3246.0,316.0
2025-05-19 14:45:00,3246.01,3248.47,3243.63,3243.81,310.0
2025-05-19 14:50:00,3243.86,3245.72,3243.6,3244.91,318.0
2025-05-19 14:55:00,3244.89,3245.79,3243.57,3243.78,361.0
2025-05-19 15:00:00,3243.77,3244.42,3241.8,3242.29,366.0
2025-05-19 15:05:00,3242.27,3243.96,3240.27,3240.46,353.0
2025-05-19 15:10:00,3240.88,3242.92,3240.88,3242.72,338.0
2025-05-19 15:15:00,3242.73,3244.22,3240.58,3240.58,355.0
2025-05-19 15:20:00,3240.75,3242.2,3237.93,3239.75,420.0
2025-05-19 15:25:00,3239.87,3243.01,3239.33,3241.39,389.0
2025-05-19 15:30:00,3241.21,3242.81,3237.93,3239.82,399.0
2025-05-19 15:35:00,3240.21,3242.7,3238.99,3242.68,383.0
2025-05-19 15:40:00,3242.62,3243.04,3241.49,3241.5,358.0
2025-05-19 15:45:00,3241.5,3241.5,3236.67,3238.3,401.0
2025-05-19 15:50:00,3238.02,3238.67,3233.61,3233.94,413.0
2025-05-19 15:55:00,3234.04,3234.68,3228.9,3229.28,443.0
2025-05-19 16:00:00,3229.23,3230.4,3227.65,3230.28,461.0
2025-05-19 16:05:00,3230.34,3231.53,3227.99,3231.04,421.0
2025-05-19 16:10:00,3231.09,3238.03,3230.88,3237.91,438.0
2025-05-19 16:15:00,3237.94,3241.63,3233.44,3233.88,447.0
2025-05-19 16:20:00,3234.0,3235.57,3232.21,3233.85,423.0
2025-05-19 16:25:00,3234.16,3234.16,3229.96,3232.05,396.0
2025-05-19 16:30:00,3231.99,3232.89,3226.18,3227.77,472.0
2025-05-19 16:35:00,3227.76,3229.96,3224.6,3229.96,465.0
2025-05-19 16:40:00,3230.0,3233.05,3226.63,3232.62,453.0
2025-05-19 16:45:00,3232.57,3234.68,3228.37,3229.25,447.0
2025-05-19 16:50:00,3229.21,3229.35,3225.83,3229.0,454.0
2025-05-19 16:55:00,3228.86,3231.26,3227.86,3229.93,403.0
2025-05-19 17:00:00,3229.9,3231.25,3221.32,3222.91,451.0
2025-05-19 17:05:00,3222.81,3224.52,3217.38,3218.32,461.0
2025-05-19 17:10:00,3218.55,3223.04,3217.34,3222.92,441.0
2025-05-19 17:15:00,3222.99,3227.75,3222.52,3227.22,428.0
2025-05-19 17:20:00,3227.18,3230.11,3226.23,3227.95,433.0
2025-05-19 17:25:00,3227.86,3233.23,3227.46,3231.33,431.0
2025-05-19 17:30:00,3231.39,3235.94,3231.39,3232.26,440.0
2025-05-19 17:35:00,3232.34,3232.34,3227.8,3230.53,423.0
2025-05-19 17:40:00,3230.32,3232.11,3229.28,3229.74,393.0
2025-05-19 17:45:00,3230.01,3234.94,3229.75,3234.33,411.0
2025-05-19 17:50:00,3234.36,3236.01,3232.94,3234.84,404.0
2025-05-19 17:55:00,3234.93,3235.91,3233.61,3233.9,410.0
2025-05-19 18:00:00,3233.91,3235.71,3232.71,3232.78,423.0
2025-05-19 18:05:00,3232.79,3236.17,3232.4,3234.12,390.0
2025-05-19 18:10:00,3234.1,3236.01,3233.62,3235.08,387.0
2025-05-19 18:15:00,3235.01,3235.69,3232.47,3232.47,401.0
2025-05-19 18:20:00,3232.44,3235.37,3231.86,3235.17,392.0
2025-05-19 18:25:00,3235.24,3235.51,3233.64,3234.47,351.0
2025-05-19 18:30:00,3234.5,3235.22,3233.05,3233.35,355.0
2025-05-19 18:35:00,3233.42,3234.25,3232.71,3232.93,333.0
2025-05-19 18:40:00,3232.84,3233.94,3230.45,3232.54,387.0
2025-05-19 18:45:00,3232.24,3236.07,3232.12,3235.91,372.0
2025-05-19 18:50:00,3235.92,3239.76,3234.49,3234.49,441.0
2025-05-19 18:55:00,3234.4,3234.58,3229.7,3231.57,383.0
2025-05-19 19:00:00,3231.51,3232.08,3229.52,3230.77,391.0
2025-05-19 19:05:00,3230.75,3231.4,3228.74,3229.21,367.0
2025-05-19 19:10:00,3229.41,3230.78,3229.22,3230.57,348.0
2025-05-19 19:15:00,3230.58,3231.4,3228.66,3229.2,348.0
2025-05-19 19:20:00,3229.2,3229.37,3228.13,3229.21,326.0
2025-05-19 19:25:00,3229.18,3229.24,3228.1,3228.94,319.0
2025-05-19 19:30:00,3228.94,3231.58,3228.68,3231.58,334.0
2025-05-19 19:35:00,3231.56,3233.56,3231.44,3233.02,349.0
2025-05-19 19:40:00,3233.0,3234.04,3231.92,3232.0,323.0
2025-05-19 19:45:00,3231.94,3234.17,3231.46,3234.01,338.0
2025-05-19 19:50:00,3234.01,3234.21,3232.54,3232.82,343.0
2025-05-19 19:55:00,3232.83,3232.93,3231.41,3231.85,339.0
2025-05-19 20:00:00,3231.87,3232.49,3229.49,3229.89,299.0
2025-05-19 20:05:00,3229.88,3229.91,3228.44,3228.69,261.0
2025-05-19 20:10:00,3228.7,3230.11,3227.53,3229.97,334.0
2025-05-19 20:15:00,3229.99,3231.09,3229.15,3229.78,326.0
2025-05-19 20:20:00,3229.97,3230.01,3227.9,3229.41,348.0
2025-05-19 20:25:00,3229.52,3231.52,3229.11,3230.59,363.0
2025-05-19 20:30:00,3230.61,3233.19,3229.56,3229.56,335.0
2025-05-19 20:35:00,3229.67,3229.75,3225.6,3225.96,345.0
2025-05-19 20:40:00,3226.03,3228.59,3225.57,3225.6,366.0
2025-05-19 20:45:00,3225.7,3229.28,3225.7,3228.45,336.0
2025-05-19 20:50:00,3228.45,3229.33,3226.69,3227.87,332.0
2025-05-19 20:55:00,3227.86,3227.93,3226.36,3226.38,318.0
2025-05-19 21:00:00,3226.46,3227.59,3225.18,3227.1,333.0
2025-05-19 21:05:00,3227.12,3228.37,3226.95,3228.13,289.0
2025-05-19 21:10:00,3228.11,3229.53,3227.91,3228.16,311.0
2025-05-19 21:15:00,3228.12,3230.2,3228.03,3230.05,291.0
2025-05-19 21:20:00,3230.12,3230.82,3228.73,3230.52,280.0
2025-05-19 21:25:00,3230.6,3233.99,3230.6,3233.98,338.0
2025-05-19 21:30:00,3234.01,3234.76,3232.7,3233.32,275.0
2025-05-19 21:35:00,3233.36,3235.13,3233.09,3234.6,286.0
2025-05-19 21:40:00,3234.6,3234.64,3233.18,3234.2,297.0
2025-05-19 21:45:00,3234.2,3234.53,3233.34,3233.72,290.0
2025-05-19 21:50:00,3233.71,3234.22,3232.96,3234.22,299.0
2025-05-19 21:55:00,3234.18,3234.6,3233.2,3233.47,288.0
2025-05-19 22:00:00,3233.49,3234.44,3233.22,3233.76,244.0
2025-05-19 22:05:00,3233.77,3234.75,3233.39,3234.71,243.0
2025-05-19 22:10:00,3234.7,3235.56,3234.3,3235.3,282.0
2025-05-19 22:15:00,3235.32,3235.78,3233.77,3233.81,252.0
2025-05-19 22:20:00,3233.8,3234.5,3232.4,3233.3,280.0
2025-05-19 22:25:00,3233.29,3234.51,3233.29,3234.25,259.0
2025-05-19 22:30:00,3234.25,3234.27,3232.54,3232.81,275.0
2025-05-19 22:35:00,3232.47,3233.15,3231.66,3232.68,285.0
2025-05-19 22:40:00,3232.62,3233.32,3232.34,3232.77,289.0
2025-05-19 22:45:00,3232.78,3233.84,3232.2,3233.62,302.0
2025-05-19 22:50:00,3233.57,3233.69,3231.66,3232.22,331.0
2025-05-19 22:55:00,3232.68,3233.68,3232.39,3233.04,311.0
2025-05-19 23:00:00,3233.12,3233.8,3232.41,3232.94,195.0
2025-05-19 23:05:00,3232.9,3232.9,3231.85,3232.18,141.0
2025-05-19 23:10:00,3232.17,3232.92,3231.65,3232.04,150.0
2025-05-19 23:15:00,3232.04,3232.24,3231.14,3231.23,186.0
2025-05-19 23:20:00,3231.22,3231.22,3229.62,3231.11,196.0
2025-05-19 23:25:00,3231.13,3231.15,3229.36,3229.4,201.0
2025-05-19 23:30:00,3229.55,3229.65,3228.6,3229.0,202.0
2025-05-19 23:35:00,3229.07,3229.93,3228.05,3229.86,187.0
2025-05-19 23:40:00,3229.82,3231.02,3229.52,3231.02,161.0
2025-05-19 23:45:00,3231.0,3231.95,3230.44,3230.96,196.0
2025-05-19 23:50:00,3230.95,3231.9,3229.76,3230.69,194.0
2025-05-19 23:55:00,3230.79,3230.79,3229.6,3230.12,105.0
2025-05-20 01:00:00,3230.75,3230.78,3227.43,3228.07,275.0
2025-05-20 01:05:00,3228.07,3230.5,3228.07,3229.83,105.0
2025-05-20 01:10:00,3229.69,3230.43,3226.79,3226.79,153.0
2025-05-20 01:15:00,3226.79,3227.03,3225.04,3225.99,190.0
2025-05-20 01:20:00,3225.95,3227.27,3225.89,3225.94,127.0
2025-05-20 01:25:00,3225.99,3227.46,3225.67,3226.92,110.0
2025-05-20 01:30:00,3226.95,3227.75,3226.37,3226.74,128.0
2025-05-20 01:35:00,3226.81,3227.24,3225.53,3226.18,142.0
2025-05-20 01:40:00,3226.1,3227.33,3225.44,3226.5,150.0
2025-05-20 01:45:00,3226.48,3226.93,3225.28,3225.87,159.0
2025-05-20 01:50:00,3225.87,3226.46,3224.68,3226.25,116.0
2025-05-20 01:55:00,3226.23,3226.88,3226.19,3226.77,85.0
2025-05-20 02:00:00,3226.77,3227.5,3225.95,3225.95,136.0
2025-05-20 02:05:00,3226.17,3226.27,3222.48,3223.55,201.0
2025-05-20 02:10:00,3223.55,3224.08,3221.1,3221.54,298.0
2025-05-20 02:15:00,3221.21,3222.86,3220.98,3222.68,243.0
2025-05-20 02:20:00,3222.69,3224.15,3222.6,3223.69,200.0
2025-05-20 02:25:00,3223.69,3223.95,3221.93,3222.41,189.0
2025-05-20 02:30:00,3222.39,3222.48,3219.49,3221.19,290.0
2025-05-20 02:35:00,3221.18,3222.45,3219.08,3220.52,269.0
2025-05-20 02:40:00,3220.53,3222.63,3219.97,3222.44,252.0
2025-05-20 02:45:00,3222.41,3223.57,3222.03,3223.34,226.0
2025-05-20 02:50:00,3223.35,3224.01,3222.27,3222.6,215.0
2025-05-20 02:55:00,3222.6,3222.85,3222.11,3222.53,177.0
2025-05-20 03:00:00,3223.01,3224.13,3221.68,3224.01,292.0
2025-05-20 03:05:00,3223.85,3223.98,3222.09,3223.03,279.0
2025-05-20 03:10:00,3223.04,3224.09,3220.45,3220.45,262.0
2025-05-20 03:15:00,3220.57,3220.75,3218.57,3219.06,313.0
2025-05-20 03:20:00,3218.9,3219.65,3217.58,3218.37,325.0
2025-05-20 03:25:00,3218.35,3219.85,3217.11,3219.16,326.0
2025-05-20 03:30:00,3219.03,3221.04,3215.65,3215.65,368.0
2025-05-20 03:35:00,3215.7,3217.06,3214.33,3214.54,332.0
2025-05-20 03:40:00,3214.53,3221.01,3214.53,3220.84,358.0
2025-05-20 03:45:00,3221.21,3223.23,3220.31,3221.69,341.0
2025-05-20 03:50:00,3221.41,3221.52,3219.17,3220.39,357.0
2025-05-20 03:55:00,3220.49,3222.8,3220.33,3222.79,335.0
2025-05-20 04:00:00,3223.3,3228.56,3223.26,3228.54,441.0
2025-05-20 04:05:00,3228.54,3229.52,3224.27,3227.39,414.0
2025-05-20 04:10:00,3227.41,3229.42,3226.02,3228.33,398.0
2025-05-20 04:15:00,3228.2,3230.53,3227.61,3229.88,402.0
2025-05-20 04:20:00,3229.59,3229.59,3223.06,3223.26,391.0
2025-05-20 04:25:00,3223.23,3226.78,3223.08,3225.67,395.0
2025-05-20 04:30:00,3225.66,3229.55,3225.19,3228.68,370.0
2025-05-20 04:35:00,3228.73,3232.48,3227.26,3232.48,400.0
2025-05-20 04:40:00,3232.48,3232.65,3227.29,3227.38,394.0
2025-05-20 04:45:00,3227.28,3227.34,3225.72,3226.84,356.0
2025-05-20 04:50:00,3226.7,3227.26,3223.35,3223.51,345.0
2025-05-20 04:55:00,3223.52,3223.55,3220.63,3221.07,386.0
2025-05-20 05:00:00,3221.12,3222.98,3219.29,3221.97,404.0
2025-05-20 05:05:00,3222.0,3222.04,3215.67,3215.82,410.0
2025-05-20 05:10:00,3215.78,3216.71,3213.81,3216.01,399.0
2025-05-20 05:15:00,3215.97,3217.07,3211.65,3211.65,403.0
2025-05-20 05:20:00,3211.66,3216.56,3210.87,3212.9,389.0
2025-05-20 05:25:00,3212.97,3214.28,3210.75,3210.99,335.0
2025-05-20 05:30:00,3211.08,3213.94,3210.48,3211.51,400.0
2025-05-20 05:35:00,3211.63,3213.84,3210.17,3210.48,340.0
2025-05-20 05:40:00,3210.5,3210.86,3208.05,3210.31,380.0
2025-05-20 05:45:00,3210.23,3211.24,3206.85,3210.72,379.0
2025-05-20 05:50:00,3210.78,3212.75,3209.33,3210.4,368.0
2025-05-20 05:55:00,3210.39,3211.54,3206.49,3206.71,417.0
2025-05-20 06:00:00,3206.57,3207.95,3204.57,3207.92,443.0
2025-05-20 06:05:00,3207.94,3211.22,3207.25,3210.42,396.0
2025-05-20 06:10:00,3210.43,3212.52,3209.87,3211.21,360.0
2025-05-20 06:15:00,3211.22,3213.8,3210.1,3212.87,336.0
2025-05-20 06:20:00,3212.86,3214.12,3212.72,3213.16,299.0
2025-05-20 06:25:00,3213.2,3213.55,3211.76,3212.63,304.0
2025-05-20 06:30:00,3212.64,3212.75,3209.47,3209.9,330.0
2025-05-20 06:35:00,3210.14,3210.35,3207.14,3210.02,343.0
2025-05-20 06:40:00,3210.07,3213.67,3209.15,3211.84,376.0
2025-05-20 06:45:00,3211.8,3213.74,3211.76,3212.46,268.0
2025-05-20 06:50:00,3212.17,3212.31,3210.71,3212.02,253.0
2025-05-20 06:55:00,3212.03,3212.68,3210.83,3211.42,264.0
2025-05-20 07:00:00,3211.39,3213.1,3211.36,3212.91,264.0
2025-05-20 07:05:00,3212.94,3213.47,3212.17,3212.69,241.0
2025-05-20 07:10:00,3212.69,3214.15,3212.35,3213.31,252.0
2025-05-20 07:15:00,3213.32,3214.39,3212.61,3213.33,243.0
2025-05-20 07:20:00,3213.03,3214.96,3212.67,3213.58,296.0
2025-05-20 07:25:00,3213.6,3214.87,3211.41,3213.07,346.0
2025-05-20 07:30:00,3212.84,3213.17,3211.32,3213.03,322.0
2025-05-20 07:35:00,3213.17,3213.84,3211.22,3212.2,295.0
2025-05-20 07:40:00,3212.18,3213.82,3212.04,3212.75,295.0
2025-05-20 07:45:00,3212.78,3214.51,3212.66,3214.49,251.0
2025-05-20 07:50:00,3214.51,3217.34,3214.08,3217.12,348.0
2025-05-20 07:55:00,3217.12,3218.01,3216.7,3217.28,328.0
2025-05-20 08:00:00,3217.1,3218.86,3214.42,3216.81,363.0
2025-05-20 08:05:00,3216.8,3219.81,3216.68,3217.92,365.0
2025-05-20 08:10:00,3217.87,3218.07,3214.71,3215.17,324.0
2025-05-20 08:15:00,3215.23,3216.38,3215.14,3216.22,247.0
2025-05-20 08:20:00,3216.21,3216.87,3214.1,3214.87,285.0
2025-05-20 08:25:00,3215.01,3216.85,3213.99,3215.48,330.0
2025-05-20 08:30:00,3215.48,3218.5,3215.19,3215.32,396.0
2025-05-20 08:35:00,3215.33,3215.85,3211.38,3211.56,376.0
2025-05-20 08:40:00,3211.6,3212.86,3210.33,3211.6,388.0
2025-05-20 08:45:00,3211.5,3213.29,3209.92,3212.07,400.0
2025-05-20 08:50:00,3211.78,3213.63,3210.31,3211.2,371.0
2025-05-20 08:55:00,3211.15,3214.31,3210.61,3213.81,374.0
2025-05-20 09:00:00,3213.17,3214.07,3209.38,3211.13,404.0
2025-05-20 09:05:00,3211.09,3216.69,3210.78,3216.52,370.0
2025-05-20 09:10:00,3216.41,3218.26,3216.08,3216.81,385.0
2025-05-20 09:15:00,3216.56,3219.19,3215.68,3218.75,389.0
2025-05-20 09:20:00,3218.77,3218.87,3214.63,3215.15,376.0
2025-05-20 09:25:00,3215.1,3215.39,3213.41,3215.31,349.0
2025-05-20 09:30:00,3214.95,3215.44,3211.98,3213.18,385.0
2025-05-20 09:35:00,3213.21,3213.21,3210.1,3210.55,359.0
2025-05-20 09:40:00,3210.53,3211.44,3208.8,3210.09,372.0
2025-05-20 09:45:00,3210.12,3210.66,3209.41,3210.45,350.0
2025-05-20 09:50:00,3210.32,3210.94,3208.7,3208.76,385.0
2025-05-20 09:55:00,3208.9,3210.42,3208.83,3209.76,359.0
2025-05-20 10:00:00,3209.76,3211.51,3207.97,3211.27,382.0
2025-05-20 10:05:00,3211.3,3212.95,3210.63,3212.57,332.0
2025-05-20 10:10:00,3212.35,3212.35,3209.45,3210.52,381.0
2025-05-20 10:15:00,3210.51,3213.58,3210.5,3212.11,372.0
2025-05-20 10:20:00,3212.18,3215.42,3211.52,3214.89,368.0
2025-05-20 10:25:00,3214.87,3217.26,3214.67,3216.0,376.0
2025-05-20 10:30:00,3215.99,3216.51,3214.71,3215.28,348.0
2025-05-20 10:35:00,3215.25,3221.4,3214.74,3221.4,371.0
2025-05-20 10:40:00,3221.39,3223.74,3220.77,3222.46,393.0
2025-05-20 10:45:00,3222.32,3224.55,3220.39,3223.03,393.0
2025-05-20 10:50:00,3223.01,3224.8,3222.15,3224.4,332.0
2025-05-20 10:55:00,3224.42,3225.36,3222.41,3222.87,369.0
2025-05-20 11:00:00,3222.91,3223.91,3221.52,3221.86,344.0
2025-05-20 11:05:00,3221.94,3224.37,3221.5,3222.75,344.0
2025-05-20 11:10:00,3222.74,3222.74,3219.3,3220.43,334.0
2025-05-20 11:15:00,3220.52,3222.18,3220.31,3221.38,334.0
2025-05-20 11:20:00,3221.35,3222.5,3219.89,3220.11,337.0
2025-05-20 11:25:00,3220.14,3222.27,3218.3,3222.17,322.0
2025-05-20 11:30:00,3222.11,3225.54,3222.11,3225.23,351.0
2025-05-20 11:35:00,3225.3,3228.0,3223.32,3227.73,365.0
2025-05-20 11:40:00,3227.72,3228.53,3226.26,3227.81,393.0
2025-05-20 11:45:00,3227.7,3230.3,3227.7,3229.37,397.0
2025-05-20 11:50:00,3229.25,3230.84,3228.48,3230.84,358.0
2025-05-20 11:55:00,3230.84,3235.83,3230.84,3235.83,377.0
2025-05-20 12:00:00,3235.95,3237.67,3230.6,3232.42,456.0
2025-05-20 12:05:00,3232.66,3235.89,3231.16,3235.52,403.0
2025-05-20 12:10:00,3235.41,3235.78,3233.3,3233.39,389.0
2025-05-20 12:15:00,3233.42,3236.7,3233.37,3236.34,333.0
2025-05-20 12:20:00,3236.25,3237.54,3235.36,3236.42,350.0
2025-05-20 12:25:00,3236.7,3239.29,3235.48,3236.03,411.0
2025-05-20 12:30:00,3235.95,3238.67,3235.14,3236.92,391.0
2025-05-20 12:35:00,3236.9,3238.46,3235.5,3235.72,346.0
2025-05-20 12:40:00,3235.77,3236.12,3233.16,3234.97,366.0
2025-05-20 12:45:00,3235.03,3235.05,3233.67,3234.22,327.0
2025-05-20 12:50:00,3234.23,3235.76,3233.95,3235.47,330.0
2025-05-20 12:55:00,3235.48,3236.94,3235.15,3236.36,337.0
2025-05-20 13:00:00,3236.33,3236.79,3235.73,3235.89,319.0
2025-05-20 13:05:00,3235.9,3236.03,3233.74,3234.03,316.0
2025-05-20 13:10:00,3234.05,3234.42,3232.3,3234.17,347.0
2025-05-20 13:15:00,3234.15,3234.8,3233.99,3234.48,315.0
2025-05-20 13:20:00,3234.45,3234.47,3231.94,3233.0,309.0
2025-05-20 13:25:00,3233.06,3234.18,3232.92,3233.46,325.0
2025-05-20 13:30:00,3233.47,3234.57,3233.13,3234.37,301.0
2025-05-20 13:35:00,3234.3,3234.4,3233.0,3233.4,314.0
2025-05-20 13:40:00,3233.41,3236.52,3233.41,3236.14,320.0
2025-05-20 13:45:00,3236.12,3238.41,3236.12,3238.28,349.0
2025-05-20 13:50:00,3238.26,3238.32,3235.74,3235.84,326.0
2025-05-20 13:55:00,3235.75,3236.5,3235.06,3235.3,354.0
2025-05-20 14:00:00,3235.45,3237.39,3235.14,3236.99,267.0
2025-05-20 14:05:00,3237.06,3237.06,3236.92,3236.92,5.0
2025-05-20 14:10:00,3236.82,3238.67,3236.82,3238.22,293.0
2025-05-20 14:15:00,3238.13,3240.63,3238.06,3240.23,316.0
2025-05-20 14:20:00,3240.16,3240.25,3237.35,3238.98,321.0
2025-05-20 14:25:00,3238.92,3239.89,3238.28,3239.71,316.0
2025-05-20 14:30:00,3239.67,3239.67,3236.97,3239.16,359.0
2025-05-20 14:35:00,3239.26,3240.99,3238.06,3240.71,323.0
2025-05-20 14:40:00,3240.7,3241.28,3238.83,3238.83,299.0
2025-05-20 14:45:00,3238.82,3239.68,3238.15,3239.65,324.0
2025-05-20 14:50:00,3239.64,3241.44,3239.41,3239.95,329.0
2025-05-20 14:55:00,3240.03,3241.74,3239.37,3241.13,332.0
2025-05-20 15:00:00,3241.15,3241.95,3240.01,3240.66,367.0
2025-05-20 15:05:00,3240.69,3241.17,3238.83,3238.83,322.0
2025-05-20 15:10:00,3238.57,3238.57,3236.07,3236.46,366.0
2025-05-20 15:15:00,3236.43,3236.77,3234.79,3235.06,351.0
2025-05-20 15:20:00,3235.23,3238.32,3234.46,3237.38,397.0
2025-05-20 15:25:00,3237.37,3241.63,3237.37,3241.46,356.0
2025-05-20 15:30:00,3241.22,3248.22,3241.22,3248.03,459.0
2025-05-20 15:35:00,3248.08,3250.76,3245.0,3248.6,460.0
2025-05-20 15:40:00,3248.46,3248.9,3244.87,3246.07,427.0
2025-05-20 15:45:00,3246.45,3247.64,3243.46,3245.61,405.0
2025-05-20 15:50:00,3245.73,3247.56,3244.33,3246.47,405.0
2025-05-20 15:55:00,3246.58,3247.07,3240.99,3242.8,428.0
2025-05-20 16:00:00,3242.39,3242.39,3235.97,3236.14,492.0
2025-05-20 16:05:00,3235.91,3236.99,3232.88,3235.8,462.0
2025-05-20 16:10:00,3236.0,3237.9,3234.02,3236.45,434.0
2025-05-20 16:15:00,3236.72,3238.65,3235.01,3236.08,410.0
2025-05-20 16:20:00,3236.31,3238.74,3235.89,3237.5,372.0
2025-05-20 16:25:00,3237.7,3239.03,3236.23,3237.34,410.0
2025-05-20 16:30:00,3237.21,3241.28,3236.67,3241.26,449.0
2025-05-20 16:35:00,3241.23,3245.42,3240.8,3241.55,486.0
2025-05-20 16:40:00,3241.6,3243.85,3240.22,3241.51,455.0
2025-05-20 16:45:00,3241.57,3248.23,3241.57,3247.83,451.0
2025-05-20 16:50:00,3247.86,3249.41,3244.47,3247.92,500.0
2025-05-20 16:55:00,3247.82,3261.53,3246.02,3261.18,496.0
2025-05-20 17:00:00,3261.59,3271.31,3260.72,3270.89,537.0
2025-05-20 17:05:00,3271.18,3279.22,3270.38,3275.92,546.0
2025-05-20 17:10:00,3275.91,3281.16,3274.1,3278.43,537.0
2025-05-20 17:15:00,3278.19,3282.45,3276.33,3282.24,531.0
2025-05-20 17:20:00,3281.95,3285.04,3277.81,3283.92,532.0
2025-05-20 17:25:00,3284.66,3285.71,3279.04,3279.84,511.0
2025-05-20 17:30:00,3280.35,3284.29,3278.66,3279.5,496.0
2025-05-20 17:35:00,3279.5,3282.2,3274.38,3282.13,501.0
2025-05-20 17:40:00,3282.16,3285.23,3281.13,3281.69,472.0
2025-05-20 17:45:00,3281.68,3281.73,3279.33,3280.75,434.0
2025-05-20 17:50:00,3280.66,3284.08,3280.66,3282.68,440.0
2025-05-20 17:55:00,3282.76,3283.0,3281.27,3282.3,407.0
2025-05-20 18:00:00,3282.49,3283.53,3277.41,3277.58,473.0
2025-05-20 18:05:00,3277.6,3277.76,3273.41,3275.67,478.0
2025-05-20 18:10:00,3275.87,3279.58,3275.41,3279.16,471.0
2025-05-20 18:15:00,3278.99,3282.5,3278.8,3280.47,464.0
2025-05-20 18:20:00,3280.33,3281.15,3276.43,3279.1,451.0
2025-05-20 18:25:00,3279.05,3281.36,3277.44,3277.87,401.0
2025-05-20 18:30:00,3278.01,3279.26,3276.35,3276.79,374.0
2025-05-20 18:35:00,3276.87,3278.13,3276.51,3277.68,340.0
2025-05-20 18:40:00,3277.67,3280.97,3277.2,3280.47,362.0
2025-05-20 18:45:00,3280.52,3281.53,3276.15,3278.58,393.0
2025-05-20 18:50:00,3278.57,3278.93,3276.89,3278.29,349.0
2025-05-20 18:55:00,3278.11,3278.48,3276.8,3277.2,355.0
2025-05-20 19:00:00,3277.13,3280.07,3277.08,3279.69,342.0
2025-05-20 19:05:00,3279.65,3282.55,3278.55,3281.42,376.0
2025-05-20 19:10:00,3281.39,3282.09,3280.66,3281.0,369.0
2025-05-20 19:15:00,3281.09,3282.59,3279.75,3281.21,365.0
2025-05-20 19:20:00,3281.41,3281.77,3279.98,3280.37,348.0
2025-05-20 19:25:00,3280.35,3280.54,3278.34,3278.34,339.0
2025-05-20 19:30:00,3278.53,3279.32,3277.31,3278.12,359.0
2025-05-20 19:35:00,3278.1,3278.28,3275.26,3275.99,347.0
2025-05-20 19:40:00,3276.0,3279.86,3276.0,3279.79,382.0
2025-05-20 19:45:00,3279.78,3280.18,3277.22,3277.94,347.0
2025-05-20 19:50:00,3278.05,3279.85,3276.76,3279.8,345.0
2025-05-20 19:55:00,3279.87,3280.27,3278.58,3278.94,336.0
2025-05-20 20:00:00,3278.86,3279.91,3278.31,3279.64,356.0
2025-05-20 20:05:00,3279.68,3281.76,3279.46,3281.34,326.0
2025-05-20 20:10:00,3281.37,3283.4,3280.89,3281.06,344.0
2025-05-20 20:15:00,3280.93,3283.78,3280.64,3283.63,357.0
2025-05-20 20:20:00,3283.73,3285.18,3283.42,3284.59,370.0
2025-05-20 20:25:00,3284.39,3284.39,3280.33,3282.3,376.0
2025-05-20 20:30:00,3282.14,3284.75,3282.08,3284.45,375.0
2025-05-20 20:35:00,3284.48,3286.54,3283.78,3286.45,355.0
2025-05-20 20:40:00,3286.48,3286.57,3283.69,3284.7,348.0
2025-05-20 20:45:00,3284.76,3285.6,3284.12,3285.19,339.0
2025-05-20 20:50:00,3285.19,3287.61,3284.95,3286.29,366.0
2025-05-20 20:55:00,3286.28,3287.81,3285.51,3286.46,342.0
2025-05-20 21:00:00,3286.47,3287.31,3285.35,3285.72,331.0
2025-05-20 21:05:00,3285.74,3287.12,3285.13,3287.11,327.0
2025-05-20 21:10:00,3287.18,3287.37,3285.86,3286.19,349.0
2025-05-20 21:15:00,3286.19,3286.33,3284.16,3284.51,350.0
2025-05-20 21:20:00,3284.52,3287.44,3284.34,3287.24,363.0
2025-05-20 21:25:00,3287.2,3289.68,3286.94,3288.41,390.0
2025-05-20 21:30:00,3288.38,3288.48,3286.28,3287.92,372.0
2025-05-20 21:35:00,3287.83,3288.34,3286.96,3287.65,320.0
2025-05-20 21:40:00,3287.7,3288.62,3286.95,3287.52,324.0
2025-05-20 21:45:00,3287.89,3289.01,3287.54,3288.66,345.0
2025-05-20 21:50:00,3288.61,3288.71,3287.41,3288.41,336.0
2025-05-20 21:55:00,3288.39,3288.65,3287.65,3287.65,316.0
2025-05-20 22:00:00,3287.53,3289.04,3287.28,3287.99,356.0
2025-05-20 22:05:00,3287.94,3288.48,3287.33,3287.92,345.0
2025-05-20 22:10:00,3287.91,3288.89,3287.32,3288.31,322.0
2025-05-20 22:15:00,3288.31,3289.83,3287.94,3289.18,316.0
2025-05-20 22:20:00,3289.25,3290.89,3288.67,3290.55,338.0
2025-05-20 22:25:00,3290.44,3290.44,3288.81,3289.7,354.0
2025-05-20 22:30:00,3289.76,3290.46,3289.2,3289.68,324.0
2025-05-20 22:35:00,3289.68,3290.53,3289.25,3290.17,300.0
2025-05-20 22:40:00,3290.2,3291.93,3289.79,3291.14,319.0
2025-05-20 22:45:00,3291.16,3294.34,3290.98,3294.26,379.0
2025-05-20 22:50:00,3294.28,3294.58,3292.17,3293.0,372.0
2025-05-20 22:55:00,3292.89,3295.08,3292.89,3294.1,405.0
2025-05-20 23:00:00,3294.1,3295.18,3293.51,3294.84,273.0
2025-05-20 23:05:00,3294.81,3295.26,3294.02,3295.26,223.0
2025-05-20 23:10:00,3295.23,3295.68,3294.83,3295.27,177.0
2025-05-20 23:15:00,3295.3,3295.33,3294.58,3294.77,180.0
2025-05-20 23:20:00,3294.75,3294.95,3293.74,3293.89,185.0
2025-05-20 23:25:00,3293.93,3293.93,3290.1,3290.42,307.0
2025-05-20 23:30:00,3290.41,3291.71,3289.29,3289.34,222.0
2025-05-20 23:35:00,3289.49,3290.35,3289.31,3290.31,211.0
2025-05-20 23:40:00,3290.29,3291.16,3289.76,3290.45,213.0
2025-05-20 23:45:00,3290.36,3291.19,3290.01,3290.28,182.0
2025-05-20 23:50:00,3290.3,3290.85,3289.65,3289.98,194.0
2025-05-20 23:55:00,3290.18,3290.36,3289.46,3289.66,159.0
2025-05-21 01:00:00,3289.94,3292.71,3289.94,3292.5,287.0
2025-05-21 01:05:00,3293.01,3299.84,3293.01,3298.63,303.0
2025-05-21 01:10:00,3298.75,3304.16,3298.17,3299.79,391.0
2025-05-21 01:15:00,3299.78,3301.09,3296.84,3300.63,366.0
2025-05-21 01:20:00,3300.88,3300.94,3296.69,3299.1,275.0
2025-05-21 01:25:00,3299.13,3299.81,3295.36,3296.05,319.0
2025-05-21 01:30:00,3296.05,3297.59,3294.35,3294.92,309.0
2025-05-21 01:35:00,3294.87,3296.97,3294.84,3296.08,254.0
2025-05-21 01:40:00,3296.06,3297.51,3292.87,3293.0,265.0
2025-05-21 01:45:00,3293.08,3295.81,3293.08,3295.73,234.0
2025-05-21 01:50:00,3295.74,3297.73,3295.0,3297.42,219.0
2025-05-21 01:55:00,3297.33,3298.15,3296.18,3296.84,244.0
2025-05-21 02:00:00,3296.84,3296.84,3289.39,3291.13,361.0
2025-05-21 02:05:00,3291.14,3291.85,3289.98,3290.7,281.0
2025-05-21 02:10:00,3290.79,3293.13,3289.19,3292.48,236.0
2025-05-21 02:15:00,3292.47,3292.97,3290.38,3290.91,214.0
2025-05-21 02:20:00,3290.9,3292.16,3290.35,3291.35,194.0
2025-05-21 02:25:00,3291.59,3293.45,3290.66,3292.11,237.0
2025-05-21 02:30:00,3292.09,3292.99,3288.59,3290.15,307.0
2025-05-21 02:35:00,3289.9,3291.5,3288.96,3291.5,241.0
2025-05-21 02:40:00,3291.58,3292.49,3291.22,3292.05,217.0
2025-05-21 02:45:00,3292.05,3292.34,3290.92,3291.78,213.0
2025-05-21 02:50:00,3291.78,3292.09,3290.94,3291.78,200.0
2025-05-21 02:55:00,3291.77,3292.18,3290.5,3290.59,327.0
2025-05-21 03:00:00,3290.63,3292.23,3288.97,3292.22,382.0
2025-05-21 03:05:00,3292.13,3293.43,3291.5,3293.27,320.0
2025-05-21 03:10:00,3293.28,3296.27,3293.14,3294.54,334.0
2025-05-21 03:15:00,3294.58,3294.79,3293.14,3293.37,330.0
2025-05-21 03:20:00,3293.38,3295.7,3292.42,3294.84,363.0
2025-05-21 03:25:00,3294.96,3297.16,3294.06,3295.76,346.0
2025-05-21 03:30:00,3295.77,3299.92,3295.77,3299.68,364.0
2025-05-21 03:35:00,3299.71,3303.65,3299.52,3303.56,383.0
2025-05-21 03:40:00,3303.56,3304.2,3300.57,3302.13,362.0
2025-05-21 03:45:00,3302.11,3303.74,3300.53,3301.51,371.0
2025-05-21 03:50:00,3301.57,3303.49,3300.96,3302.36,403.0
2025-05-21 03:55:00,3302.08,3303.7,3300.7,3303.46,386.0
2025-05-21 04:00:00,3303.46,3314.48,3302.77,3303.33,545.0
2025-05-21 04:05:00,3303.37,3307.96,3299.71,3303.86,510.0
2025-05-21 04:10:00,3303.65,3305.47,3297.62,3297.73,476.0
2025-05-21 04:15:00,3297.66,3298.98,3293.51,3293.67,436.0
2025-05-21 04:20:00,3293.75,3294.17,3286.96,3287.3,458.0
2025-05-21 04:25:00,3287.58,3290.2,3285.56,3289.41,477.0
2025-05-21 04:30:00,3289.12,3290.5,3286.65,3289.57,413.0
2025-05-21 04:35:00,3289.54,3292.87,3287.78,3292.76,428.0
2025-05-21 04:40:00,3292.66,3295.79,3291.03,3294.03,442.0
2025-05-21 04:45:00,3294.07,3297.41,3292.34,3296.53,436.0
2025-05-21 04:50:00,3296.54,3297.76,3295.08,3296.89,395.0
2025-05-21 04:55:00,3296.86,3299.3,3294.59,3294.6,405.0
2025-05-21 05:00:00,3294.57,3295.23,3289.35,3293.12,458.0
2025-05-21 05:05:00,3293.14,3295.82,3293.13,3294.74,390.0
2025-05-21 05:10:00,3294.51,3298.26,3293.0,3297.58,382.0
2025-05-21 05:15:00,3297.32,3297.46,3294.08,3294.22,374.0
2025-05-21 05:20:00,3294.37,3295.09,3291.79,3294.22,377.0
2025-05-21 05:25:00,3293.99,3296.17,3293.0,3294.55,390.0
2025-05-21 05:30:00,3294.69,3297.42,3293.63,3297.42,371.0
2025-05-21 05:35:00,3297.43,3299.38,3293.56,3299.34,421.0
2025-05-21 05:40:00,3299.29,3304.93,3299.29,3303.73,467.0
2025-05-21 05:45:00,3303.8,3305.09,3302.51,3302.53,377.0
2025-05-21 05:50:00,3302.58,3303.17,3300.23,3303.11,376.0
2025-05-21 05:55:00,3303.58,3304.77,3300.41,3301.76,398.0
2025-05-21 06:00:00,3301.77,3302.16,3299.22,3300.94,343.0
2025-05-21 06:05:00,3300.92,3302.03,3300.13,3300.14,312.0
2025-05-21 06:10:00,3300.19,3303.86,3300.15,3303.23,389.0
2025-05-21 06:15:00,3303.25,3304.41,3302.25,3303.26,339.0
2025-05-21 06:20:00,3303.27,3305.63,3302.7,3305.2,388.0
2025-05-21 06:25:00,3305.16,3308.15,3304.28,3307.81,395.0
2025-05-21 06:30:00,3307.93,3308.39,3305.73,3306.25,363.0
2025-05-21 06:35:00,3306.4,3307.54,3305.8,3307.37,327.0
2025-05-21 06:40:00,3307.4,3307.66,3306.32,3307.2,286.0
2025-05-21 06:45:00,3307.17,3309.61,3305.69,3309.55,306.0
2025-05-21 06:50:00,3309.61,3309.64,3307.71,3308.61,311.0
2025-05-21 06:55:00,3308.62,3309.02,3306.82,3307.6,301.0
2025-05-21 07:00:00,3307.51,3308.28,3304.79,3305.14,307.0
2025-05-21 07:05:00,3305.16,3306.38,3304.22,3306.1,307.0
2025-05-21 07:10:00,3305.48,3306.71,3304.98,3304.98,267.0
2025-05-21 07:15:00,3305.1,3306.91,3305.01,3305.96,270.0
2025-05-21 07:20:00,3305.97,3306.43,3302.62,3303.04,309.0
2025-05-21 07:25:00,3302.96,3304.28,3302.66,3304.13,297.0
2025-05-21 07:30:00,3304.14,3304.23,3302.04,3303.12,248.0
2025-05-21 07:35:00,3303.07,3305.31,3302.72,3304.88,283.0
2025-05-21 07:40:00,3304.86,3306.41,3303.21,3304.69,303.0
2025-05-21 07:45:00,3304.76,3306.14,3304.61,3305.74,279.0
2025-05-21 07:50:00,3305.76,3305.79,3303.58,3303.76,270.0
2025-05-21 07:55:00,3303.56,3303.84,3301.21,3302.11,342.0
2025-05-21 08:00:00,3302.12,3302.12,3300.3,3301.08,343.0
2025-05-21 08:05:00,3301.24,3301.35,3298.47,3300.23,345.0
2025-05-21 08:10:00,3300.23,3301.54,3299.35,3299.84,293.0
2025-05-21 08:15:00,3299.92,3300.36,3299.06,3299.36,248.0
2025-05-21 08:20:00,3299.36,3301.78,3299.24,3301.13,305.0
2025-05-21 08:25:00,3301.15,3302.83,3300.57,3302.62,310.0
2025-05-21 08:30:00,3302.71,3304.24,3300.47,3301.48,441.0
2025-05-21 08:35:00,3301.5,3304.88,3300.77,3304.68,355.0
2025-05-21 08:40:00,3304.69,3313.18,3304.61,3312.61,459.0
2025-05-21 08:45:00,3312.55,3315.63,3311.08,3312.92,442.0
2025-05-21 08:50:00,3312.9,3319.56,3312.41,3317.12,456.0
2025-05-21 08:55:00,3317.07,3317.58,3314.7,3316.46,416.0
2025-05-21 09:00:00,3316.16,3317.37,3312.33,3313.55,427.0
2025-05-21 09:05:00,3313.54,3314.7,3311.14,3311.14,370.0
2025-05-21 09:10:00,3311.17,3314.84,3310.82,3314.42,421.0
2025-05-21 09:15:00,3314.75,3316.0,3313.48,3314.81,405.0
2025-05-21 09:20:00,3314.88,3316.79,3312.5,3315.61,399.0
2025-05-21 09:25:00,3315.57,3318.72,3315.42,3318.69,412.0
2025-05-21 09:30:00,3318.69,3319.45,3315.24,3318.33,450.0
2025-05-21 09:35:00,3318.23,3319.58,3316.02,3318.1,398.0
2025-05-21 09:40:00,3318.04,3320.25,3317.63,3319.11,427.0
2025-05-21 09:45:00,3319.17,3319.75,3316.44,3316.91,399.0
2025-05-21 09:50:00,3316.95,3320.16,3316.74,3320.13,353.0
2025-05-21 09:55:00,3320.21,3320.67,3318.61,3320.02,401.0
2025-05-21 10:00:00,3319.57,3319.6,3314.88,3316.03,441.0
2025-05-21 10:05:00,3316.03,3316.28,3313.32,3314.4,404.0
2025-05-21 10:10:00,3314.64,3314.91,3311.31,3311.46,395.0
2025-05-21 10:15:00,3311.58,3313.1,3309.75,3309.97,420.0
2025-05-21 10:20:00,3309.83,3313.67,3308.33,3312.78,408.0
2025-05-21 10:25:00,3312.76,3313.47,3310.26,3312.62,383.0
2025-05-21 10:30:00,3312.64,3314.8,3312.26,3312.53,338.0
2025-05-21 10:35:00,3312.53,3314.63,3311.24,3314.26,341.0
2025-05-21 10:40:00,3314.31,3315.32,3312.45,3314.64,332.0
2025-05-21 10:45:00,3314.66,3314.66,3309.64,3310.16,399.0
2025-05-21 10:50:00,3310.27,3310.34,3308.01,3309.43,391.0
2025-05-21 10:55:00,3309.52,3310.35,3307.86,3309.78,379.0
2025-05-21 11:00:00,3310.22,3310.98,3308.4,3309.39,388.0
2025-05-21 11:05:00,3309.44,3310.0,3306.14,3307.07,384.0
2025-05-21 11:10:00,3307.09,3307.24,3303.98,3305.41,374.0
2025-05-21 11:15:00,3305.36,3308.46,3304.48,3308.37,403.0
2025-05-21 11:20:00,3308.48,3309.87,3308.28,3309.22,355.0
2025-05-21 11:25:00,3309.2,3309.46,3306.74,3307.06,365.0
2025-05-21 11:30:00,3307.09,3308.29,3305.59,3307.68,368.0
2025-05-21 11:35:00,3307.64,3310.01,3307.15,3309.67,372.0
2025-05-21 11:40:00,3309.67,3312.26,3309.14,3309.14,371.0
2025-05-21 11:45:00,3309.12,3310.09,3308.61,3309.34,317.0
2025-05-21 11:50:00,3309.39,3309.74,3307.87,3309.21,337.0
2025-05-21 11:55:00,3309.27,3310.62,3308.26,3308.48,366.0
2025-05-21 12:00:00,3308.54,3311.08,3307.17,3310.69,379.0
2025-05-21 12:05:00,3310.68,3311.38,3310.05,3310.05,355.0
2025-05-21 12:10:00,3310.05,3310.05,3307.57,3307.67,358.0
2025-05-21 12:15:00,3307.63,3308.81,3307.44,3308.33,312.0
2025-05-21 12:20:00,3308.3,3310.14,3308.13,3310.12,341.0
2025-05-21 12:25:00,3310.19,3312.05,3310.01,3310.76,365.0
2025-05-21 12:30:00,3310.82,3312.33,3309.5,3311.07,375.0
2025-05-21 12:35:00,3310.88,3312.08,3308.04,3308.67,367.0
2025-05-21 12:40:00,3308.69,3309.4,3307.56,3307.57,375.0
2025-05-21 12:45:00,3307.57,3310.34,3307.19,3309.94,354.0
2025-05-21 12:50:00,3310.07,3311.6,3309.72,3310.81,381.0
2025-05-21 12:55:00,3310.79,3313.51,3310.57,3313.5,333.0
2025-05-21 13:00:00,3313.7,3314.07,3312.1,3312.45,360.0
2025-05-21 13:05:00,3312.38,3312.7,3311.24,3312.1,307.0
2025-05-21 13:10:00,3311.89,3312.54,3310.72,3311.34,326.0
2025-05-21 13:15:00,3311.51,3314.11,3311.05,3314.07,340.0
2025-05-21 13:20:00,3313.95,3317.6,3313.68,3316.27,402.0
2025-05-21 13:25:00,3316.31,3317.72,3316.08,3316.36,402.0
2025-05-21 13:30:00,3316.37,3318.23,3314.81,3317.4,400.0
2025-05-21 13:35:00,3317.32,3317.57,3316.13,3316.13,365.0
2025-05-21 13:40:00,3316.09,3316.75,3311.1,3311.21,412.0
2025-05-21 13:45:00,3310.99,3311.16,3308.95,3309.01,374.0
2025-05-21 13:50:00,3308.99,3310.97,3308.62,3310.77,377.0
2025-05-21 13:55:00,3310.84,3312.41,3310.09,3311.75,307.0
2025-05-21 14:00:00,3311.77,3316.41,3311.77,3315.25,367.0
2025-05-21 14:05:00,3315.05,3315.37,3311.67,3312.31,362.0
2025-05-21 14:10:00,3312.3,3312.32,3308.63,3309.84,401.0
2025-05-21 14:15:00,3309.85,3311.58,3309.39,3311.43,386.0
2025-05-21 14:20:00,3311.42,3312.33,3310.25,3311.62,318.0
2025-05-21 14:25:00,3311.71,3312.58,3310.24,3312.56,338.0
2025-05-21 14:30:00,3312.65,3313.04,3308.88,3308.96,377.0
2025-05-21 14:35:00,3309.03,3310.12,3307.67,3309.08,380.0
2025-05-21 14:40:00,3309.09,3309.14,3306.7,3307.75,385.0
2025-05-21 14:45:00,3307.78,3308.96,3306.55,3308.86,372.0
2025-05-21 14:50:00,3308.89,3312.4,3308.35,3311.12,396.0
2025-05-21 14:55:00,3310.95,3311.19,3307.7,3311.19,399.0
2025-05-21 15:00:00,3311.21,3312.65,3307.99,3311.03,439.0
2025-05-21 15:05:00,3311.16,3311.87,3308.84,3309.09,418.0
2025-05-21 15:10:00,3309.06,3311.69,3308.31,3309.69,416.0
2025-05-21 15:15:00,3309.85,3311.58,3307.6,3308.73,408.0
2025-05-21 15:20:00,3308.85,3308.85,3302.01,3302.64,496.0
2025-05-21 15:25:00,3302.53,3304.13,3290.95,3295.86,511.0
2025-05-21 15:30:00,3296.01,3297.8,3291.8,3294.16,494.0
2025-05-21 15:35:00,3294.19,3298.53,3291.1,3297.96,471.0
2025-05-21 15:40:00,3297.94,3299.39,3296.12,3298.95,456.0
2025-05-21 15:45:00,3298.99,3300.42,3297.34,3299.92,428.0
2025-05-21 15:50:00,3299.91,3302.95,3299.77,3302.73,419.0
2025-05-21 15:55:00,3302.65,3303.98,3300.06,3302.52,436.0
2025-05-21 16:00:00,3302.71,3306.2,3302.71,3304.24,472.0
2025-05-21 16:05:00,3304.41,3305.77,3300.39,3303.06,435.0
2025-05-21 16:10:00,3303.0,3305.89,3299.91,3305.68,451.0
2025-05-21 16:15:00,3305.64,3307.03,3304.15,3306.03,456.0
2025-05-21 16:20:00,3306.16,3307.42,3303.29,3303.94,429.0
2025-05-21 16:25:00,3303.92,3304.56,3300.52,3304.4,410.0
2025-05-21 16:30:00,3304.69,3309.26,3304.69,3308.23,458.0
2025-05-21 16:35:00,3308.32,3309.57,3301.39,3303.76,481.0
2025-05-21 16:40:00,3303.73,3306.6,3302.18,3305.54,457.0
2025-05-21 16:45:00,3305.07,3306.31,3298.81,3301.05,486.0
2025-05-21 16:50:00,3301.1,3301.37,3295.46,3300.62,462.0
2025-05-21 16:55:00,3300.67,3305.02,3300.45,3303.66,469.0
2025-05-21 17:00:00,3303.62,3303.94,3295.43,3297.98,489.0
2025-05-21 17:05:00,3298.12,3301.8,3296.88,3298.16,483.0
2025-05-21 17:10:00,3298.02,3300.02,3296.21,3298.55,434.0
2025-05-21 17:15:00,3298.61,3301.95,3298.28,3300.48,443.0
2025-05-21 17:20:00,3300.62,3305.26,3299.2,3305.15,441.0
2025-05-21 17:25:00,3305.13,3307.46,3304.08,3306.23,436.0
2025-05-21 17:30:00,3306.29,3306.29,3302.56,3304.88,422.0
2025-05-21 17:35:00,3304.84,3304.84,3301.81,3304.25,395.0
2025-05-21 17:40:00,3304.35,3304.78,3302.43,3303.43,402.0
2025-05-21 17:45:00,3303.48,3307.68,3301.76,3306.92,419.0
2025-05-21 17:50:00,3306.94,3307.63,3305.23,3306.67,428.0
2025-05-21 17:55:00,3306.09,3306.19,3304.2,3304.36,429.0
2025-05-21 18:00:00,3304.51,3307.7,3303.58,3305.66,428.0
2025-05-21 18:05:00,3305.83,3311.28,3304.65,3308.6,455.0
2025-05-21 18:10:00,3308.54,3313.25,3307.55,3312.16,456.0
2025-05-21 18:15:00,3312.19,3315.01,3311.68,3314.5,450.0
2025-05-21 18:20:00,3314.58,3315.17,3311.61,3312.97,440.0
2025-05-21 18:25:00,3313.27,3313.74,3310.85,3311.7,401.0
2025-05-21 18:30:00,3311.71,3312.78,3309.01,3311.06,428.0
2025-05-21 18:35:00,3311.03,3313.26,3310.67,3312.27,393.0
2025-05-21 18:40:00,3312.41,3313.32,3311.29,3312.07,348.0
2025-05-21 18:45:00,3312.08,3312.88,3310.85,3312.67,358.0
2025-05-21 18:50:00,3312.67,3313.77,3312.52,3313.27,349.0
2025-05-21 18:55:00,3313.4,3313.77,3311.6,3311.97,347.0
2025-05-21 19:00:00,3311.95,3312.09,3310.14,3311.47,361.0
2025-05-21 19:05:00,3311.8,3313.27,3311.3,3312.03,375.0
2025-05-21 19:10:00,3312.02,3314.63,3311.97,3312.68,383.0
2025-05-21 19:15:00,3312.69,3313.59,3311.96,3312.71,345.0
2025-05-21 19:20:00,3312.67,3313.15,3311.03,3311.9,335.0
2025-05-21 19:25:00,3312.02,3312.03,3309.49,3309.97,386.0
2025-05-21 19:30:00,3309.9,3310.68,3305.02,3305.02,372.0
2025-05-21 19:35:00,3305.02,3308.21,3304.15,3308.0,376.0
2025-05-21 19:40:00,3308.01,3309.09,3305.76,3305.81,357.0
2025-05-21 19:45:00,3305.94,3307.09,3304.85,3306.4,358.0
2025-05-21 19:50:00,3306.4,3307.77,3303.74,3303.94,366.0
2025-05-21 19:55:00,3303.96,3305.31,3302.75,3303.08,364.0
2025-05-21 20:00:00,3303.1,3306.36,3302.78,3306.23,371.0
2025-05-21 20:05:00,3306.13,3308.71,3305.99,3308.67,372.0
2025-05-21 20:10:00,3308.68,3311.22,3308.68,3311.22,388.0
2025-05-21 20:15:00,3311.22,3313.1,3309.37,3312.29,409.0
2025-05-21 20:20:00,3312.16,3315.45,3312.03,3315.01,446.0
2025-05-21 20:25:00,3315.08,3315.2,3310.38,3310.89,434.0
2025-05-21 20:30:00,3311.07,3311.7,3306.88,3310.69,456.0
2025-05-21 20:35:00,3310.94,3313.0,3309.96,3311.42,413.0
2025-05-21 20:40:00,3311.4,3314.32,3311.35,3313.44,393.0
2025-05-21 20:45:00,3313.46,3314.12,3312.32,3312.95,394.0
2025-05-21 20:50:00,3313.0,3313.68,3312.29,3312.79,395.0
2025-05-21 20:55:00,3312.78,3316.35,3312.75,3316.33,395.0
2025-05-21 21:00:00,3316.36,3316.46,3312.04,3312.35,400.0
2025-05-21 21:05:00,3312.56,3314.62,3312.02,3313.3,394.0
2025-05-21 21:10:00,3313.32,3314.11,3312.75,3313.06,380.0
2025-05-21 21:15:00,3313.09,3314.51,3312.1,3313.33,333.0
2025-05-21 21:20:00,3313.54,3314.87,3313.44,3314.23,347.0
2025-05-21 21:25:00,3314.23,3314.34,3312.47,3313.92,352.0
2025-05-21 21:30:00,3313.96,3315.3,3313.59,3314.94,311.0
2025-05-21 21:35:00,3314.95,3316.18,3314.59,3315.31,338.0
2025-05-21 21:40:00,3315.34,3316.0,3314.6,3315.28,303.0
2025-05-21 21:45:00,3315.26,3315.92,3313.94,3315.5,337.0
2025-05-21 21:50:00,3315.58,3315.82,3313.8,3314.07,306.0
2025-05-21 21:55:00,3313.96,3314.91,3312.25,3314.33,338.0
2025-05-21 22:00:00,3314.34,3318.69,3314.34,3318.54,366.0
2025-05-21 22:05:00,3318.58,3322.63,3318.26,3322.63,427.0
2025-05-21 22:10:00,3322.88,3324.23,3322.01,3322.76,399.0
2025-05-21 22:15:00,3322.76,3323.76,3321.38,3322.63,371.0
2025-05-21 22:20:00,3322.64,3323.7,3320.9,3323.25,387.0
2025-05-21 22:25:00,3323.23,3324.84,3323.14,3324.63,383.0
2025-05-21 22:30:00,3324.62,3324.72,3322.62,3323.29,390.0
2025-05-21 22:35:00,3323.18,3323.7,3321.33,3322.0,372.0
2025-05-21 22:40:00,3322.07,3322.41,3320.14,3322.36,387.0
2025-05-21 22:45:00,3322.44,3323.71,3321.78,3322.81,372.0
2025-05-21 22:50:00,3322.52,3322.65,3318.91,3319.59,397.0
2025-05-21 22:55:00,3319.15,3319.34,3317.1,3318.34,372.0
2025-05-21 23:00:00,3318.49,3319.84,3318.04,3318.62,294.0
2025-05-21 23:05:00,3318.64,3319.03,3317.14,3317.35,223.0
2025-05-21 23:10:00,3317.37,3318.99,3316.0,3316.15,199.0
2025-05-21 23:15:00,3316.08,3316.8,3313.21,3316.64,290.0
2025-05-21 23:20:00,3316.6,3317.3,3315.89,3316.05,182.0
2025-05-21 23:25:00,3315.72,3317.77,3315.72,3317.47,189.0
2025-05-21 23:30:00,3317.47,3317.89,3314.1,3317.29,207.0
2025-05-21 23:35:00,3317.33,3317.73,3315.12,3315.12,195.0
2025-05-21 23:40:00,3315.39,3316.51,3315.36,3315.7,207.0
2025-05-21 23:45:00,3315.7,3316.92,3314.81,3314.91,193.0
2025-05-21 23:50:00,3315.05,3315.53,3314.15,3314.43,168.0
2025-05-21 23:55:00,3313.75,3315.76,3313.64,3315.11,148.0
2025-05-22 01:00:00,3316.05,3319.98,3315.85,3319.28,396.0
2025-05-22 01:05:00,3319.79,3320.32,3315.67,3317.68,192.0
2025-05-22 01:10:00,3317.72,3318.05,3316.23,3317.32,147.0
2025-05-22 01:15:00,3317.35,3319.8,3315.65,3319.68,172.0
2025-05-22 01:20:00,3319.23,3320.95,3318.82,3320.36,257.0
2025-05-22 01:25:00,3320.34,3321.02,3318.9,3319.52,202.0
2025-05-22 01:30:00,3319.53,3319.63,3316.87,3317.59,214.0
2025-05-22 01:35:00,3317.66,3318.84,3315.63,3317.65,237.0
2025-05-22 01:40:00,3317.53,3318.9,3317.24,3318.14,199.0
2025-05-22 01:45:00,3318.22,3319.22,3317.87,3318.89,182.0
2025-05-22 01:50:00,3318.9,3319.13,3317.76,3318.1,193.0
2025-05-22 01:55:00,3318.34,3318.78,3316.75,3317.94,210.0
2025-05-22 02:00:00,3317.92,3321.31,3317.92,3318.9,302.0
2025-05-22 02:05:00,3319.01,3320.56,3318.22,3320.08,236.0
2025-05-22 02:10:00,3320.06,3321.45,3319.78,3320.9,216.0
2025-05-22 02:15:00,3320.82,3322.17,3319.73,3322.09,236.0
2025-05-22 02:20:00,3322.11,3323.12,3321.54,3322.77,229.0
2025-05-22 02:25:00,3322.81,3323.61,3322.38,3322.6,205.0
2025-05-22 02:30:00,3322.57,3324.02,3321.42,3323.96,234.0
2025-05-22 02:35:00,3323.88,3324.13,3321.98,3322.32,223.0
2025-05-22 02:40:00,3322.27,3322.81,3320.6,3322.36,241.0
2025-05-22 02:45:00,3322.08,3322.19,3320.94,3322.19,220.0
2025-05-22 02:50:00,3322.17,3322.67,3317.33,3319.53,304.0
2025-05-22 02:55:00,3319.52,3321.04,3318.88,3320.02,341.0
2025-05-22 03:00:00,3320.32,3323.85,3320.17,3322.64,383.0
2025-05-22 03:05:00,3321.98,3324.71,3321.98,3324.49,308.0
2025-05-22 03:10:00,3324.55,3326.24,3323.64,3323.72,362.0
2025-05-22 03:15:00,3323.78,3324.0,3321.95,3322.86,350.0
2025-05-22 03:20:00,3322.81,3322.84,3319.96,3321.09,356.0
2025-05-22 03:25:00,3321.05,3321.11,3319.41,3320.38,302.0
2025-05-22 03:30:00,3320.57,3323.06,3319.79,3322.68,314.0
2025-05-22 03:35:00,3322.65,3322.77,3321.04,3322.26,279.0
2025-05-22 03:40:00,3322.32,3323.77,3321.59,3323.77,272.0
2025-05-22 03:45:00,3323.57,3323.73,3321.13,3323.34,337.0
2025-05-22 03:50:00,3323.32,3325.36,3322.76,3325.15,354.0
2025-05-22 03:55:00,3325.03,3325.59,3322.88,3323.77,374.0
2025-05-22 04:00:00,3323.77,3326.47,3320.5,3326.47,458.0
2025-05-22 04:05:00,3326.53,3329.78,3325.51,3326.91,469.0
2025-05-22 04:10:00,3326.77,3329.72,3326.47,3327.28,400.0
2025-05-22 04:15:00,3327.23,3332.43,3325.78,3330.43,442.0
2025-05-22 04:20:00,3330.42,3337.65,3329.97,3337.41,434.0
2025-05-22 04:25:00,3337.45,3339.09,3336.47,3338.38,419.0
2025-05-22 04:30:00,3338.46,3339.93,3336.37,3338.65,471.0
2025-05-22 04:35:00,3338.74,3341.77,3338.18,3339.25,419.0
2025-05-22 04:40:00,3339.09,3342.83,3337.37,3342.6,449.0
2025-05-22 04:45:00,3342.69,3342.84,3339.84,3340.64,394.0
2025-05-22 04:50:00,3340.61,3342.63,3339.18,3341.23,421.0
2025-05-22 04:55:00,3341.18,3342.06,3337.39,3338.03,430.0
2025-05-22 05:00:00,3338.13,3341.23,3336.92,3338.14,399.0
2025-05-22 05:05:00,3337.68,3339.67,3336.57,3338.71,362.0
2025-05-22 05:10:00,3338.69,3340.66,3337.35,3340.41,349.0
2025-05-22 05:15:00,3340.47,3340.52,3338.8,3338.8,341.0
2025-05-22 05:20:00,3338.8,3339.15,3336.57,3337.79,333.0
2025-05-22 05:25:00,3337.81,3340.46,3337.27,3337.3,383.0
2025-05-22 05:30:00,3337.35,3340.0,3337.08,3338.86,357.0
2025-05-22 05:35:00,3338.73,3340.23,3338.65,3339.88,353.0
2025-05-22 05:40:00,3339.89,3343.72,3339.54,3343.52,396.0
2025-05-22 05:45:00,3343.55,3344.68,3342.75,3343.44,376.0
2025-05-22 05:50:00,3343.38,3343.83,3339.52,3341.1,380.0
2025-05-22 05:55:00,3341.1,3341.94,3340.21,3341.11,382.0
2025-05-22 06:00:00,3341.14,3341.27,3338.54,3340.63,398.0
2025-05-22 06:05:00,3340.71,3343.76,3340.71,3342.19,385.0
2025-05-22 06:10:00,3342.14,3343.83,3341.74,3342.37,317.0
2025-05-22 06:15:00,3342.46,3345.31,3342.37,3342.79,362.0
2025-05-22 06:20:00,3342.79,3343.27,3340.98,3343.05,351.0
2025-05-22 06:25:00,3343.04,3343.19,3340.21,3340.23,320.0
2025-05-22 06:30:00,3340.21,3340.76,3337.81,3340.39,357.0
2025-05-22 06:35:00,3340.38,3340.77,3338.82,3340.24,290.0
2025-05-22 06:40:00,3340.34,3340.62,3339.24,3339.51,252.0
2025-05-22 06:45:00,3339.5,3339.62,3337.99,3338.41,326.0
2025-05-22 06:50:00,3338.36,3338.46,3336.53,3336.77,313.0
2025-05-22 06:55:00,3336.72,3337.01,3334.9,3335.43,346.0
2025-05-22 07:00:00,3335.41,3336.37,3332.78,3333.48,357.0
2025-05-22 07:05:00,3333.53,3334.95,3333.53,3334.84,275.0
2025-05-22 07:10:00,3334.87,3335.97,3334.55,3335.12,274.0
2025-05-22 07:15:00,3335.13,3336.67,3334.96,3336.45,247.0
2025-05-22 07:20:00,3336.2,3336.61,3335.46,3336.4,261.0
2025-05-22 07:25:00,3336.44,3337.19,3335.69,3336.9,251.0
2025-05-22 07:30:00,3336.89,3337.76,3334.99,3336.04,336.0
2025-05-22 07:35:00,3335.94,3337.47,3335.43,3336.22,264.0
2025-05-22 07:40:00,3336.17,3337.23,3336.1,3336.44,274.0
2025-05-22 07:45:00,3336.4,3337.96,3336.28,3337.86,260.0
2025-05-22 07:50:00,3337.96,3338.49,3337.31,3337.88,261.0
2025-05-22 07:55:00,3337.88,3339.12,3336.97,3338.56,258.0
2025-05-22 08:00:00,3338.56,3339.24,3338.29,3338.87,246.0
2025-05-22 08:05:00,3338.86,3339.41,3337.01,3337.55,270.0
2025-05-22 08:10:00,3337.53,3337.82,3336.31,3336.6,237.0
2025-05-22 08:15:00,3336.6,3337.18,3336.22,3336.24,216.0
2025-05-22 08:20:00,3336.2,3338.62,3336.09,3338.35,275.0
2025-05-22 08:25:00,3338.43,3338.88,3337.32,3337.78,266.0
2025-05-22 08:30:00,3337.78,3339.07,3336.18,3337.3,339.0
2025-05-22 08:35:00,3337.3,3339.11,3337.19,3337.91,350.0
2025-05-22 08:40:00,3337.74,3337.74,3335.45,3335.98,377.0
2025-05-22 08:45:00,3335.96,3335.96,3330.32,3330.79,426.0
2025-05-22 08:50:00,3330.73,3331.81,3326.33,3328.24,440.0
2025-05-22 08:55:00,3328.23,3332.53,3327.5,3332.34,390.0
2025-05-22 09:00:00,3332.34,3334.97,3332.34,3334.82,368.0
2025-05-22 09:05:00,3334.81,3335.5,3332.71,3332.8,401.0
2025-05-22 09:10:00,3332.98,3335.09,3332.64,3333.2,368.0
2025-05-22 09:15:00,3333.57,3333.93,3331.62,3331.66,362.0
2025-05-22 09:20:00,3331.59,3331.83,3329.0,3329.74,374.0
2025-05-22 09:25:00,3329.75,3331.95,3327.63,3331.76,400.0
2025-05-22 09:30:00,3331.7,3333.32,3329.08,3329.61,380.0
2025-05-22 09:35:00,3329.7,3332.5,3329.45,3332.3,374.0
2025-05-22 09:40:00,3332.3,3332.91,3329.71,3330.86,384.0
2025-05-22 09:45:00,3330.91,3332.01,3328.63,3328.71,348.0
2025-05-22 09:50:00,3328.65,3329.45,3326.27,3326.37,393.0
2025-05-22 09:55:00,3326.35,3327.21,3325.68,3326.46,401.0
2025-05-22 10:00:00,3326.5,3327.61,3325.35,3325.69,402.0
2025-05-22 10:05:00,3325.67,3326.58,3323.99,3326.28,382.0
2025-05-22 10:10:00,3326.45,3327.27,3325.47,3325.59,359.0
2025-05-22 10:15:00,3325.42,3325.99,3322.61,3325.99,407.0
2025-05-22 10:20:00,3326.03,3330.82,3325.93,3330.22,384.0
2025-05-22 10:25:00,3330.35,3331.22,3329.02,3329.83,390.0
2025-05-22 10:30:00,3329.77,3330.42,3326.58,3327.46,490.0
2025-05-22 10:35:00,3327.63,3328.86,3325.9,3327.51,456.0
2025-05-22 10:40:00,3327.55,3329.26,3326.73,3328.15,377.0
2025-05-22 10:45:00,3327.99,3329.57,3327.24,3329.48,336.0
2025-05-22 10:50:00,3329.49,3329.69,3327.84,3329.18,336.0
2025-05-22 10:55:00,3329.09,3330.64,3327.51,3327.54,351.0
2025-05-22 11:00:00,3327.5,3328.72,3325.54,3327.01,435.0
2025-05-22 11:05:00,3327.26,3329.91,3326.45,3327.92,446.0
2025-05-22 11:10:00,3328.0,3329.61,3326.79,3326.97,392.0
2025-05-22 11:15:00,3326.85,3326.87,3321.76,3323.83,477.0
2025-05-22 11:20:00,3323.99,3324.25,3321.42,3322.36,392.0
2025-05-22 11:25:00,3322.63,3322.91,3317.82,3318.64,426.0
2025-05-22 11:30:00,3318.64,3318.64,3312.6,3314.47,467.0
2025-05-22 11:35:00,3314.5,3315.86,3311.23,3315.4,430.0
2025-05-22 11:40:00,3315.32,3316.91,3313.72,3314.88,414.0
2025-05-22 11:45:00,3314.91,3314.91,3312.11,3313.88,419.0
2025-05-22 11:50:00,3314.22,3315.47,3313.18,3315.19,416.0
2025-05-22 11:55:00,3315.26,3315.26,3310.27,3311.35,405.0
2025-05-22 12:00:00,3311.25,3313.79,3307.1,3313.56,489.0
2025-05-22 12:05:00,3313.6,3313.76,3310.9,3311.12,426.0
2025-05-22 12:10:00,3311.07,3311.67,3309.22,3311.37,380.0
2025-05-22 12:15:00,3311.08,3311.15,3308.02,3308.52,358.0
2025-05-22 12:20:00,3308.42,3309.35,3304.47,3304.83,456.0
2025-05-22 12:25:00,3304.8,3307.63,3304.64,3306.57,388.0
2025-05-22 12:30:00,3306.68,3308.48,3306.34,3308.27,376.0
2025-05-22 12:35:00,3308.08,3309.83,3307.65,3308.11,358.0
2025-05-22 12:40:00,3308.25,3309.62,3307.17,3308.44,356.0
2025-05-22 12:45:00,3308.44,3309.63,3306.6,3309.49,376.0
2025-05-22 12:50:00,3309.44,3309.82,3308.09,3309.63,288.0
2025-05-22 12:55:00,3309.65,3309.82,3304.22,3304.79,360.0
2025-05-22 13:00:00,3304.64,3307.46,3303.96,3304.82,387.0
2025-05-22 13:05:00,3304.72,3305.62,3301.65,3304.77,430.0
2025-05-22 13:10:00,3304.89,3306.58,3304.67,3304.82,339.0
2025-05-22 13:15:00,3304.85,3305.29,3302.43,3303.93,387.0
2025-05-22 13:20:00,3304.13,3304.36,3301.51,3302.86,370.0
2025-05-22 13:25:00,3303.28,3303.28,3298.68,3299.38,405.0
2025-05-22 13:30:00,3299.03,3299.03,3290.9,3295.58,477.0
2025-05-22 13:35:00,3295.59,3298.65,3294.48,3296.24,418.0
2025-05-22 13:40:00,3296.42,3299.83,3296.22,3299.3,413.0
2025-05-22 13:45:00,3299.36,3300.44,3296.39,3297.48,398.0
2025-05-22 13:50:00,3297.41,3297.74,3294.3,3296.37,437.0
2025-05-22 13:55:00,3296.35,3296.35,3288.5,3289.71,470.0
2025-05-22 14:00:00,3289.35,3289.35,3283.15,3288.56,503.0
2025-05-22 14:05:00,3288.56,3290.03,3286.58,3287.9,468.0
2025-05-22 14:10:00,3287.88,3293.79,3287.72,3293.47,448.0
2025-05-22 14:15:00,3293.27,3293.78,3291.7,3292.3,391.0
2025-05-22 14:20:00,3291.93,3295.85,3291.83,3294.54,436.0
2025-05-22 14:25:00,3294.52,3296.81,3294.05,3294.88,405.0
2025-05-22 14:30:00,3294.78,3297.3,3291.48,3296.79,412.0
2025-05-22 14:35:00,3296.67,3299.28,3296.33,3297.81,445.0
2025-05-22 14:40:00,3297.86,3300.58,3297.16,3299.98,394.0
2025-05-22 14:45:00,3299.96,3303.72,3298.8,3301.42,430.0
2025-05-22 14:50:00,3301.38,3309.11,3301.29,3307.21,457.0
2025-05-22 14:55:00,3308.16,3314.71,3307.79,3314.56,508.0
2025-05-22 15:00:00,3314.35,3314.52,3311.61,3312.83,460.0
2025-05-22 15:05:00,3312.53,3314.29,3306.79,3307.45,490.0
2025-05-22 15:10:00,3307.56,3308.75,3305.89,3307.13,474.0
2025-05-22 15:15:00,3307.4,3310.19,3305.64,3309.47,454.0
2025-05-22 15:20:00,3309.54,3312.68,3309.16,3309.16,460.0
2025-05-22 15:25:00,3309.15,3311.95,3309.15,3310.72,382.0
2025-05-22 15:30:00,3310.7,3311.5,3308.35,3310.36,392.0
2025-05-22 15:35:00,3310.46,3311.02,3302.84,3304.85,478.0
2025-05-22 15:40:00,3304.42,3307.84,3304.36,3306.8,481.0
2025-05-22 15:45:00,3306.79,3308.08,3303.57,3303.87,432.0
2025-05-22 15:50:00,3303.95,3304.8,3300.94,3303.56,468.0
2025-05-22 15:55:00,3303.56,3305.13,3302.22,3304.04,443.0
2025-05-22 16:00:00,3304.16,3312.27,3304.16,3312.0,502.0
2025-05-22 16:05:00,3311.69,3312.89,3310.15,3312.04,473.0
2025-05-22 16:10:00,3312.06,3314.97,3311.34,3314.83,438.0
2025-05-22 16:15:00,3314.87,3315.72,3311.45,3314.5,452.0
2025-05-22 16:20:00,3314.27,3315.47,3311.47,3313.06,448.0
2025-05-22 16:25:00,3313.09,3313.85,3309.41,3311.14,429.0
2025-05-22 16:30:00,3311.14,3313.26,3307.75,3312.07,480.0
2025-05-22 16:35:00,3311.83,3312.09,3305.67,3306.33,516.0
2025-05-22 16:40:00,3306.98,3309.87,3306.67,3309.65,457.0
2025-05-22 16:45:00,3306.61,3309.3,3302.47,3302.66,497.0
2025-05-22 16:50:00,3302.66,3305.06,3292.04,3296.25,536.0
2025-05-22 16:55:00,3296.18,3296.58,3286.94,3287.9,460.0
2025-05-22 17:00:00,3287.7,3289.81,3279.37,3283.65,525.0
2025-05-22 17:05:00,3283.64,3295.39,3283.4,3292.39,330.0
2025-05-22 17:10:00,3291.94,3294.11,3289.59,3290.05,485.0
2025-05-22 17:15:00,3289.96,3293.59,3287.35,3293.58,463.0
2025-05-22 17:20:00,3293.92,3296.19,3292.25,3294.83,460.0
2025-05-22 17:25:00,3295.04,3298.63,3294.33,3297.58,472.0
2025-05-22 17:30:00,3297.55,3299.18,3295.44,3298.27,468.0
2025-05-22 17:35:00,3298.42,3300.3,3296.44,3299.81,432.0
2025-05-22 17:40:00,3299.81,3302.97,3299.81,3302.49,463.0
2025-05-22 17:45:00,3302.71,3304.47,3300.75,3301.01,454.0
2025-05-22 17:50:00,3300.99,3301.09,3296.68,3300.73,465.0
2025-05-22 17:55:00,3300.66,3302.53,3296.96,3296.96,436.0
2025-05-22 18:00:00,3297.15,3298.77,3291.42,3292.59,479.0
2025-05-22 18:05:00,3292.96,3293.52,3281.49,3285.07,508.0
2025-05-22 18:10:00,3285.3,3289.65,3283.32,3289.48,493.0
2025-05-22 18:15:00,3289.55,3293.19,3289.55,3290.61,476.0
2025-05-22 18:20:00,3290.73,3294.07,3290.37,3292.73,437.0
2025-05-22 18:25:00,3292.76,3294.67,3292.7,3294.4,430.0
2025-05-22 18:30:00,3294.42,3295.7,3292.73,3293.52,426.0
2025-05-22 18:35:00,3293.53,3293.81,3289.02,3289.34,420.0
2025-05-22 18:40:00,3289.45,3293.91,3288.65,3292.31,414.0
2025-05-22 18:45:00,3292.56,3294.4,3292.01,3293.33,401.0
2025-05-22 18:50:00,3293.3,3295.22,3291.86,3294.77,389.0
2025-05-22 18:55:00,3294.69,3295.39,3292.86,3294.75,393.0
2025-05-22 19:00:00,3294.86,3296.63,3293.43,3294.82,411.0
2025-05-22 19:05:00,3295.14,3295.55,3291.81,3292.73,403.0
2025-05-22 19:10:00,3292.63,3294.09,3291.13,3293.67,389.0
2025-05-22 19:15:00,3293.88,3296.13,3293.78,3294.38,400.0
2025-05-22 19:20:00,3294.4,3298.78,3294.27,3298.77,395.0
2025-05-22 19:25:00,3298.8,3299.79,3297.55,3299.7,374.0
2025-05-22 19:30:00,3299.72,3300.15,3298.29,3298.89,368.0
2025-05-22 19:35:00,3298.8,3303.19,3298.72,3303.19,373.0
2025-05-22 19:40:00,3303.17,3304.71,3301.46,3302.65,403.0
2025-05-22 19:45:00,3302.64,3304.73,3302.4,3304.68,373.0
2025-05-22 19:50:00,3304.67,3304.8,3301.26,3301.89,368.0
2025-05-22 19:55:00,3302.0,3302.14,3300.68,3301.54,375.0
2025-05-22 20:00:00,3301.56,3301.76,3298.22,3298.45,383.0
2025-05-22 20:05:00,3298.57,3299.48,3297.25,3299.26,384.0
2025-05-22 20:10:00,3299.67,3300.8,3298.26,3298.37,381.0
2025-05-22 20:15:00,3298.31,3300.56,3298.03,3299.16,370.0
2025-05-22 20:20:00,3299.24,3299.87,3297.59,3297.71,381.0
2025-05-22 20:25:00,3297.66,3297.94,3293.21,3295.76,421.0
2025-05-22 20:30:00,3295.79,3297.44,3292.57,3293.38,394.0
2025-05-22 20:35:00,3293.39,3293.81,3290.32,3293.8,375.0
2025-05-22 20:40:00,3293.8,3295.5,3293.39,3295.12,350.0
2025-05-22 20:45:00,3295.24,3296.06,3293.62,3294.62,346.0
2025-05-22 20:50:00,3294.61,3295.26,3294.24,3294.93,317.0
2025-05-22 20:55:00,3294.97,3298.79,3293.71,3296.63,391.0
2025-05-22 21:00:00,3296.78,3298.63,3296.49,3298.2,374.0
2025-05-22 21:05:00,3298.31,3298.86,3295.77,3296.6,368.0
2025-05-22 21:10:00,3296.59,3297.96,3295.86,3297.92,342.0
2025-05-22 21:15:00,3297.85,3297.85,3293.02,3293.31,351.0
2025-05-22 21:20:00,3293.33,3295.61,3292.93,3295.31,357.0
2025-05-22 21:25:00,3295.46,3296.27,3294.3,3294.83,359.0
2025-05-22 21:30:00,3294.34,3294.93,3293.09,3293.34,327.0
2025-05-22 21:35:00,3293.33,3295.31,3292.37,3295.14,341.0
2025-05-22 21:40:00,3295.19,3295.45,3293.91,3294.04,361.0
2025-05-22 21:45:00,3294.03,3295.65,3294.03,3294.95,311.0
2025-05-22 21:50:00,3294.96,3296.02,3294.62,3295.08,317.0
2025-05-22 21:55:00,3295.09,3295.27,3293.48,3293.82,315.0
2025-05-22 22:00:00,3294.02,3297.07,3293.97,3296.87,329.0
2025-05-22 22:05:00,3296.65,3297.07,3296.11,3296.36,290.0
2025-05-22 22:10:00,3296.35,3296.94,3295.62,3295.62,292.0
2025-05-22 22:15:00,3295.63,3296.46,3294.77,3294.93,298.0
2025-05-22 22:20:00,3294.74,3295.01,3293.33,3293.41,331.0
2025-05-22 22:25:00,3293.41,3293.48,3289.09,3290.2,372.0
2025-05-22 22:30:00,3290.02,3291.79,3289.47,3291.79,363.0
2025-05-22 22:35:00,3291.8,3294.17,3291.62,3294.04,341.0
2025-05-22 22:40:00,3294.12,3294.24,3292.76,3293.21,322.0
2025-05-22 22:45:00,3293.33,3293.53,3291.74,3291.9,315.0
2025-05-22 22:50:00,3291.76,3293.43,3290.93,3293.32,332.0
2025-05-22 22:55:00,3293.12,3293.34,3290.17,3290.32,379.0
2025-05-22 23:00:00,3290.32,3291.97,3289.81,3291.31,266.0
2025-05-22 23:05:00,3291.33,3291.46,3290.29,3290.29,180.0
2025-05-22 23:10:00,3290.32,3291.16,3289.61,3291.13,167.0
2025-05-22 23:15:00,3291.06,3291.69,3290.97,3291.57,124.0
2025-05-22 23:20:00,3291.62,3292.03,3291.21,3291.53,169.0
2025-05-22 23:25:00,3291.49,3293.49,3291.19,3293.03,228.0
2025-05-22 23:30:00,3293.05,3294.4,3292.9,3293.91,235.0
2025-05-22 23:35:00,3293.83,3294.91,3293.7,3293.73,219.0
2025-05-22 23:40:00,3293.73,3293.73,3292.57,3293.28,137.0
2025-05-22 23:45:00,3293.36,3294.61,3293.17,3294.19,182.0
2025-05-22 23:50:00,3294.2,3295.53,3293.4,3295.1,169.0
2025-05-22 23:55:00,3294.56,3294.75,3294.3,3294.71,97.0
2025-05-23 01:00:00,3294.54,3298.38,3294.13,3297.54,298.0
2025-05-23 01:05:00,3297.54,3298.15,3295.9,3296.08,157.0
2025-05-23 01:10:00,3296.1,3297.22,3295.93,3296.59,132.0
2025-05-23 01:15:00,3296.58,3296.89,3295.18,3295.63,167.0
2025-05-23 01:20:00,3295.55,3296.27,3295.2,3296.12,123.0
2025-05-23 01:25:00,3295.98,3298.6,3295.98,3298.49,169.0
2025-05-23 01:30:00,3298.46,3298.51,3295.26,3295.54,170.0
2025-05-23 01:35:00,3295.99,3297.07,3295.69,3297.0,159.0
2025-05-23 01:40:00,3297.34,3298.24,3297.03,3297.91,128.0
2025-05-23 01:45:00,3297.83,3299.36,3296.58,3296.61,177.0
2025-05-23 01:50:00,3296.62,3297.73,3296.39,3296.62,132.0
2025-05-23 01:55:00,3296.65,3297.76,3296.3,3297.76,118.0
2025-05-23 02:00:00,3297.76,3299.65,3297.67,3299.38,160.0
2025-05-23 02:05:00,3299.56,3301.39,3299.41,3300.14,211.0
2025-05-23 02:10:00,3300.19,3301.73,3298.94,3299.22,195.0
2025-05-23 02:15:00,3299.19,3299.19,3297.41,3298.27,198.0
2025-05-23 02:20:00,3298.26,3298.95,3297.86,3298.68,131.0
2025-05-23 02:25:00,3298.69,3299.44,3298.38,3299.29,105.0
2025-05-23 02:30:00,3299.28,3300.22,3298.09,3299.03,145.0
2025-05-23 02:35:00,3299.14,3300.09,3298.69,3299.42,116.0
2025-05-23 02:40:00,3299.36,3299.77,3298.31,3298.75,151.0
2025-05-23 02:45:00,3298.79,3301.65,3298.79,3301.54,179.0
2025-05-23 02:50:00,3301.5,3301.98,3300.59,3301.11,168.0
2025-05-23 02:55:00,3301.09,3301.65,3299.58,3300.05,270.0
2025-05-23 03:00:00,3300.07,3300.98,3294.23,3295.42,397.0
2025-05-23 03:05:00,3294.79,3298.63,3293.5,3298.61,341.0
2025-05-23 03:10:00,3298.69,3300.19,3298.64,3299.97,307.0
2025-05-23 03:15:00,3300.2,3302.81,3300.17,3302.81,326.0
2025-05-23 03:20:00,3302.81,3305.78,3302.68,3304.64,375.0
2025-05-23 03:25:00,3304.68,3304.72,3302.24,3303.25,304.0
2025-05-23 03:30:00,3303.22,3308.46,3303.12,3308.08,398.0
2025-05-23 03:35:00,3307.86,3308.85,3306.42,3306.71,383.0
2025-05-23 03:40:00,3306.72,3306.74,3302.77,3302.84,374.0
2025-05-23 03:45:00,3302.88,3303.84,3295.66,3295.84,427.0
2025-05-23 03:50:00,3295.92,3295.92,3287.05,3294.97,508.0
2025-05-23 03:55:00,3294.68,3300.93,3293.92,3300.93,454.0
2025-05-23 04:00:00,3301.35,3305.29,3297.94,3301.69,495.0
2025-05-23 04:05:00,3301.76,3306.4,3301.76,3304.38,453.0
2025-05-23 04:10:00,3304.21,3305.82,3302.92,3303.27,415.0
2025-05-23 04:15:00,3303.28,3305.16,3299.69,3300.54,397.0
2025-05-23 04:20:00,3300.47,3303.37,3299.47,3303.08,361.0
2025-05-23 04:25:00,3303.07,3304.43,3301.47,3303.94,362.0
2025-05-23 04:30:00,3304.11,3304.54,3297.6,3298.21,409.0
2025-05-23 04:35:00,3298.2,3301.54,3295.95,3300.35,427.0
2025-05-23 04:40:00,3300.35,3304.86,3300.29,3304.34,393.0
2025-05-23 04:45:00,3304.35,3305.31,3302.83,3303.96,354.0
2025-05-23 04:50:00,3303.96,3305.2,3301.22,3302.34,401.0
2025-05-23 04:55:00,3302.4,3305.62,3301.73,3305.17,392.0
2025-05-23 05:00:00,3305.28,3305.28,3303.2,3303.94,373.0
2025-05-23 05:05:00,3303.89,3303.89,3299.07,3300.29,374.0
2025-05-23 05:10:00,3300.26,3300.72,3297.28,3299.13,387.0
2025-05-23 05:15:00,3299.29,3300.36,3295.2,3296.32,344.0
2025-05-23 05:20:00,3295.99,3297.82,3295.82,3296.64,271.0
2025-05-23 05:25:00,3296.62,3297.98,3293.91,3294.23,305.0
2025-05-23 05:30:00,3294.18,3294.31,3291.25,3293.45,409.0
2025-05-23 05:35:00,3293.47,3297.93,3293.34,3296.02,378.0
2025-05-23 05:40:00,3296.13,3296.79,3292.32,3294.01,354.0
2025-05-23 05:45:00,3293.9,3294.11,3291.05,3293.56,368.0
2025-05-23 05:50:00,3293.57,3296.11,3293.55,3295.75,324.0
2025-05-23 05:55:00,3295.71,3298.11,3295.58,3296.94,359.0
2025-05-23 06:00:00,3296.87,3298.85,3296.56,3297.72,363.0
2025-05-23 06:05:00,3297.74,3298.58,3297.18,3298.44,336.0
2025-05-23 06:10:00,3298.44,3300.2,3298.25,3298.91,327.0
2025-05-23 06:15:00,3298.89,3299.62,3297.84,3297.93,286.0
2025-05-23 06:20:00,3297.93,3300.18,3297.1,3299.65,319.0
2025-05-23 06:25:00,3299.67,3299.82,3298.05,3298.35,345.0
2025-05-23 06:30:00,3298.19,3300.18,3297.9,3300.13,276.0
2025-05-23 06:35:00,3300.11,3301.05,3298.84,3300.99,255.0
2025-05-23 06:40:00,3300.99,3301.64,3300.06,3301.19,276.0
2025-05-23 06:45:00,3301.49,3303.37,3301.47,3302.12,253.0
2025-05-23 06:50:00,3302.19,3302.31,3299.51,3301.36,279.0
2025-05-23 06:55:00,3301.42,3302.72,3301.24,3302.07,278.0
2025-05-23 07:00:00,3302.02,3304.17,3301.94,3303.39,272.0
2025-05-23 07:05:00,3303.41,3304.15,3302.32,3304.01,246.0
2025-05-23 07:10:00,3304.02,3306.23,3304.0,3305.98,305.0
2025-05-23 07:15:00,3306.02,3310.28,3306.02,3310.28,352.0
2025-05-23 07:20:00,3310.0,3312.3,3309.46,3311.65,362.0
2025-05-23 07:25:00,3311.67,3313.57,3311.49,3311.9,328.0
2025-05-23 07:30:00,3312.14,3314.31,3312.14,3313.84,305.0
2025-05-23 07:35:00,3313.85,3314.56,3313.29,3313.89,311.0
2025-05-23 07:40:00,3313.87,3314.63,3312.73,3313.85,307.0
2025-05-23 07:45:00,3313.83,3315.05,3313.63,3314.81,275.0
2025-05-23 07:50:00,3314.81,3316.14,3313.0,3313.78,358.0
2025-05-23 07:55:00,3313.72,3314.34,3313.2,3313.6,286.0
2025-05-23 08:00:00,3313.55,3315.88,3313.55,3314.71,277.0
2025-05-23 08:05:00,3314.7,3315.04,3312.55,3314.66,275.0
2025-05-23 08:10:00,3314.66,3318.06,3314.44,3317.88,283.0
2025-05-23 08:15:00,3317.74,3318.81,3316.69,3318.05,389.0
2025-05-23 08:20:00,3318.01,3321.28,3317.41,3320.91,371.0
2025-05-23 08:25:00,3321.12,3321.9,3319.7,3320.28,388.0
2025-05-23 08:30:00,3320.31,3321.13,3317.96,3318.38,426.0
2025-05-23 08:35:00,3318.28,3320.12,3317.76,3319.63,393.0
2025-05-23 08:40:00,3319.62,3320.32,3316.49,3317.37,377.0
2025-05-23 08:45:00,3317.89,3321.04,3317.89,3321.04,405.0
2025-05-23 08:50:00,3321.03,3324.63,3321.03,3324.26,426.0
2025-05-23 08:55:00,3324.28,3325.69,3323.28,3323.79,396.0
2025-05-23 09:00:00,3323.64,3329.86,3323.09,3329.22,460.0
2025-05-23 09:05:00,3329.19,3329.9,3327.66,3327.9,458.0
2025-05-23 09:10:00,3327.67,3329.53,3326.63,3328.38,411.0
2025-05-23 09:15:00,3328.37,3330.11,3326.49,3326.83,407.0
2025-05-23 09:20:00,3326.75,3327.93,3324.63,3324.63,397.0
2025-05-23 09:25:00,3324.62,3328.38,3324.47,3325.9,412.0
2025-05-23 09:30:00,3325.75,3327.4,3325.38,3326.73,387.0
2025-05-23 09:35:00,3326.88,3328.55,3325.46,3326.53,373.0
2025-05-23 09:40:00,3326.51,3328.53,3325.54,3328.53,358.0
2025-05-23 09:45:00,3328.5,3331.98,3328.42,3329.33,422.0
2025-05-23 09:50:00,3329.34,3331.14,3329.04,3329.82,393.0
2025-05-23 09:55:00,3329.74,3331.07,3329.06,3330.94,393.0
2025-05-23 10:00:00,3331.09,3332.83,3328.28,3328.6,410.0
2025-05-23 10:05:00,3328.55,3329.82,3326.75,3327.5,408.0
2025-05-23 10:10:00,3328.04,3330.66,3327.74,3330.01,360.0
2025-05-23 10:15:00,3330.04,3331.23,3329.96,3330.63,352.0
2025-05-23 10:20:00,3330.64,3332.16,3330.16,3330.74,379.0
2025-05-23 10:25:00,3330.73,3331.31,3329.12,3330.92,367.0
2025-05-23 10:30:00,3330.93,3330.99,3329.21,3329.3,342.0
2025-05-23 10:35:00,3329.3,3330.78,3328.7,3329.72,334.0
2025-05-23 10:40:00,3329.71,3331.66,3329.57,3331.27,347.0
2025-05-23 10:45:00,3331.26,3334.33,3330.68,3333.64,397.0
2025-05-23 10:50:00,3333.63,3333.64,3330.83,3331.49,359.0
2025-05-23 10:55:00,3331.4,3332.02,3329.25,3329.25,370.0
2025-05-23 11:00:00,3329.14,3329.43,3325.55,3327.36,403.0
2025-05-23 11:05:00,3327.35,3329.22,3326.34,3328.22,385.0
2025-05-23 11:10:00,3328.23,3329.21,3327.29,3329.1,323.0
2025-05-23 11:15:00,3329.11,3329.35,3326.92,3327.39,318.0
2025-05-23 11:20:00,3327.39,3327.39,3324.38,3325.66,370.0
2025-05-23 11:25:00,3325.78,3326.04,3322.78,3322.98,396.0
2025-05-23 11:30:00,3322.97,3326.78,3322.62,3326.78,354.0
2025-05-23 11:35:00,3326.86,3327.58,3326.18,3326.88,340.0
2025-05-23 11:40:00,3326.88,3326.95,3325.69,3325.69,276.0
2025-05-23 11:45:00,3325.59,3326.67,3323.82,3324.61,321.0
2025-05-23 11:50:00,3324.58,3326.46,3324.01,3325.79,326.0
2025-05-23 11:55:00,3325.8,3327.46,3325.28,3326.37,313.0
2025-05-23 12:00:00,3326.37,3329.22,3324.94,3329.19,406.0
2025-05-23 12:05:00,3329.13,3329.13,3326.18,3328.14,372.0
2025-05-23 12:10:00,3327.96,3328.63,3327.11,3328.17,319.0
2025-05-23 12:15:00,3328.15,3329.37,3327.79,3328.44,363.0
2025-05-23 12:20:00,3328.41,3331.3,3328.17,3330.84,371.0
2025-05-23 12:25:00,3330.86,3334.07,3328.86,3332.34,395.0
2025-05-23 12:30:00,3332.17,3333.8,3330.15,3331.51,379.0
2025-05-23 12:35:00,3331.48,3331.53,3329.74,3329.87,324.0
2025-05-23 12:40:00,3330.01,3330.18,3329.24,3329.58,291.0
2025-05-23 12:45:00,3329.64,3331.26,3327.83,3329.35,357.0
2025-05-23 12:50:00,3329.48,3330.31,3329.1,3329.32,341.0
2025-05-23 12:55:00,3329.49,3329.81,3327.53,3328.62,350.0
2025-05-23 13:00:00,3328.72,3329.21,3324.65,3325.75,379.0
2025-05-23 13:05:00,3325.6,3326.84,3323.46,3324.11,365.0
2025-05-23 13:10:00,3324.1,3326.7,3324.08,3326.57,348.0
2025-05-23 13:15:00,3326.36,3328.56,3325.87,3328.15,332.0
2025-05-23 13:20:00,3328.13,3328.45,3327.0,3327.8,332.0
2025-05-23 13:25:00,3327.83,3328.51,3326.88,3328.03,302.0
2025-05-23 13:30:00,3327.77,3328.1,3326.29,3326.77,302.0
2025-05-23 13:35:00,3326.78,3330.42,3326.3,3329.77,344.0
2025-05-23 13:40:00,3329.76,3331.59,3329.39,3331.4,340.0
2025-05-23 13:45:00,3331.4,3331.4,3328.94,3329.15,280.0
2025-05-23 13:50:00,3329.04,3331.8,3328.89,3331.0,309.0
2025-05-23 13:55:00,3330.96,3330.96,3328.31,3328.63,311.0
2025-05-23 14:00:00,3328.58,3328.63,3327.03,3328.26,344.0
2025-05-23 14:05:00,3328.49,3329.93,3328.49,3328.7,271.0
2025-05-23 14:10:00,3328.64,3328.79,3326.63,3326.82,306.0
2025-05-23 14:15:00,3326.81,3328.66,3325.47,3328.41,314.0
2025-05-23 14:20:00,3329.03,3333.57,3326.87,3331.0,489.0
2025-05-23 14:25:00,3331.12,3331.84,3329.19,3331.4,459.0
2025-05-23 14:30:00,3331.72,3332.15,3327.94,3327.99,416.0
2025-05-23 14:35:00,3327.99,3328.58,3325.03,3326.18,383.0
2025-05-23 14:40:00,3326.1,3335.68,3324.56,3334.74,440.0
2025-05-23 14:45:00,3333.44,3348.48,3330.49,3346.69,570.0
2025-05-23 14:50:00,3346.8,3349.74,3339.57,3343.44,563.0
2025-05-23 14:55:00,3343.56,3348.47,3341.38,3348.03,522.0
2025-05-23 15:00:00,3347.43,3354.19,3347.43,3348.89,538.0
2025-05-23 15:05:00,3348.65,3355.42,3344.95,3351.69,525.0
2025-05-23 15:10:00,3351.59,3353.72,3345.15,3350.07,515.0
2025-05-23 15:15:00,3349.98,3353.04,3347.32,3348.6,497.0
2025-05-23 15:20:00,3348.61,3352.75,3346.57,3351.91,491.0
2025-05-23 15:25:00,3351.8,3352.04,3346.13,3347.56,457.0
2025-05-23 15:30:00,3347.62,3355.61,3346.21,3354.25,459.0
2025-05-23 15:35:00,3354.15,3359.57,3352.87,3358.51,483.0
2025-05-23 15:40:00,3358.74,3360.43,3355.51,3358.08,501.0
2025-05-23 15:45:00,3358.11,3360.26,3356.28,3356.84,491.0
2025-05-23 15:50:00,3357.02,3359.06,3350.64,3352.25,498.0
2025-05-23 15:55:00,3352.01,3358.92,3350.47,3357.07,475.0
2025-05-23 16:00:00,3357.49,3364.53,3357.49,3360.41,532.0
2025-05-23 16:05:00,3360.31,3361.19,3354.12,3354.4,498.0
2025-05-23 16:10:00,3353.81,3356.38,3353.74,3355.13,472.0
2025-05-23 16:15:00,3355.33,3358.15,3353.6,3353.69,466.0
2025-05-23 16:20:00,3353.53,3354.88,3347.4,3351.21,490.0
2025-05-23 16:25:00,3351.03,3351.94,3345.8,3350.93,472.0
2025-05-23 16:30:00,3351.31,3352.4,3341.37,3342.23,537.0
2025-05-23 16:35:00,3341.99,3345.21,3337.22,3343.44,526.0
2025-05-23 16:40:00,3344.21,3348.61,3342.28,3345.37,511.0
2025-05-23 16:45:00,3345.75,3348.75,3343.36,3343.8,493.0
2025-05-23 16:50:00,3343.5,3347.36,3341.93,3345.44,486.0
2025-05-23 16:55:00,3345.19,3346.52,3339.9,3339.99,473.0
2025-05-23 17:00:00,3340.3,3345.23,3336.56,3342.32,510.0
2025-05-23 17:05:00,3342.42,3348.59,3341.89,3348.59,485.0
2025-05-23 17:10:00,3348.29,3348.43,3343.11,3343.87,488.0
2025-05-23 17:15:00,3344.25,3352.88,3343.97,3352.67,482.0
2025-05-23 17:20:00,3352.76,3354.19,3349.8,3351.67,490.0
2025-05-23 17:25:00,3351.72,3352.41,3347.43,3351.39,494.0
2025-05-23 17:30:00,3351.43,3351.67,3348.53,3350.75,475.0
2025-05-23 17:35:00,3350.74,3354.62,3350.72,3353.64,466.0
2025-05-23 17:40:00,3353.64,3353.74,3351.79,3353.04,440.0
2025-05-23 17:45:00,3353.0,3353.59,3350.74,3351.4,404.0
2025-05-23 17:50:00,3354.17,3358.0,3354.01,3356.59,389.0
2025-05-23 17:55:00,3356.78,3359.61,3356.78,3359.19,458.0
2025-05-23 18:00:00,3359.21,3359.93,3357.37,3359.02,472.0
2025-05-23 18:05:00,3359.01,3360.04,3357.99,3358.87,452.0
2025-05-23 18:10:00,3358.86,3359.34,3354.41,3357.06,461.0
2025-05-23 18:15:00,3357.04,3359.18,3352.7,3352.7,456.0
2025-05-23 18:20:00,3352.8,3354.46,3352.1,3353.01,433.0
2025-05-23 18:25:00,3353.05,3358.15,3352.93,3357.99,434.0
2025-05-23 18:30:00,3358.27,3359.39,3356.81,3357.92,404.0
2025-05-23 18:35:00,3358.05,3359.01,3355.65,3356.57,422.0
2025-05-23 18:40:00,3356.53,3357.76,3356.12,3357.3,386.0
2025-05-23 18:45:00,3357.27,3359.8,3357.27,3359.67,380.0
2025-05-23 18:50:00,3359.7,3360.89,3359.04,3360.01,415.0
2025-05-23 18:55:00,3360.03,3362.36,3360.03,3361.68,416.0
2025-05-23 19:00:00,3361.9,3362.62,3358.89,3359.42,399.0
2025-05-23 19:05:00,3359.45,3359.56,3357.39,3357.98,404.0
2025-05-23 19:10:00,3357.97,3361.43,3357.74,3360.45,376.0
2025-05-23 19:15:00,3360.44,3361.49,3360.02,3360.08,366.0
2025-05-23 19:20:00,3360.03,3360.47,3358.47,3360.39,385.0
2025-05-23 19:25:00,3360.35,3360.88,3359.97,3360.36,340.0
2025-05-23 19:30:00,3360.38,3362.67,3360.33,3362.06,369.0
2025-05-23 19:35:00,3362.01,3362.37,3360.94,3361.76,395.0
2025-05-23 19:40:00,3361.8,3363.1,3361.8,3363.05,352.0
2025-05-23 19:45:00,3363.13,3364.55,3362.23,3362.57,370.0
2025-05-23 19:50:00,3362.62,3362.62,3358.58,3359.3,365.0
2025-05-23 19:55:00,3359.24,3359.92,3357.56,3359.02,383.0
2025-05-23 20:00:00,3359.01,3360.19,3358.68,3359.63,359.0
2025-05-23 20:05:00,3359.64,3359.7,3357.78,3358.8,358.0
2025-05-23 20:10:00,3358.74,3360.07,3358.22,3359.83,309.0
2025-05-23 20:15:00,3360.6,3360.63,3356.45,3359.37,300.0
2025-05-23 20:20:00,3359.26,3363.25,3359.22,3363.14,369.0
2025-05-23 20:25:00,3363.15,3365.85,3362.96,3365.74,412.0
2025-05-23 20:30:00,3365.8,3365.87,3362.94,3365.17,364.0
2025-05-23 20:35:00,3365.16,3365.64,3364.16,3365.03,340.0
2025-05-23 20:40:00,3365.06,3365.06,3363.24,3363.8,287.0
2025-05-23 20:45:00,3363.83,3364.62,3362.42,3363.93,349.0
2025-05-23 20:50:00,3364.01,3364.36,3362.43,3363.25,344.0
2025-05-23 20:55:00,3363.2,3364.0,3362.09,3362.64,363.0
2025-05-23 21:00:00,3362.65,3364.43,3361.23,3363.95,347.0
2025-05-23 21:05:00,3363.85,3365.52,3363.8,3365.28,324.0
2025-05-23 21:10:00,3365.19,3365.78,3364.41,3365.21,308.0
2025-05-23 21:15:00,3365.2,3365.5,3364.15,3364.87,344.0
2025-05-23 21:20:00,3364.72,3365.37,3364.4,3365.15,365.0
2025-05-23 21:25:00,3365.15,3365.46,3363.89,3365.34,352.0
2025-05-23 21:30:00,3365.1,3365.84,3364.8,3365.68,310.0
2025-05-23 21:35:00,3365.67,3365.75,3363.95,3364.39,276.0
2025-05-23 21:40:00,3364.44,3365.16,3363.59,3365.05,310.0
2025-05-23 21:45:00,3365.05,3365.1,3363.42,3363.49,298.0
2025-05-23 21:50:00,3363.56,3363.56,3361.11,3362.11,297.0
2025-05-23 21:55:00,3362.11,3363.23,3361.5,3362.06,300.0
2025-05-23 22:00:00,3362.13,3365.49,3360.51,3365.48,354.0
2025-05-23 22:05:00,3365.5,3365.69,3364.21,3364.48,281.0
2025-05-23 22:10:00,3364.41,3364.53,3363.47,3364.26,307.0
2025-05-23 22:15:00,3364.39,3365.11,3363.78,3365.07,276.0
2025-05-23 22:20:00,3365.19,3365.56,3363.7,3363.9,294.0
2025-05-23 22:25:00,3363.91,3364.39,3363.11,3364.2,269.0
2025-05-23 22:30:00,3364.29,3364.31,3361.44,3361.45,337.0
2025-05-23 22:35:00,3361.63,3362.06,3359.68,3362.06,332.0
2025-05-23 22:40:00,3362.11,3362.72,3361.31,3361.34,312.0
2025-05-23 22:45:00,3361.34,3361.34,3359.44,3360.31,363.0
2025-05-23 22:50:00,3360.18,3360.88,3358.31,3359.79,347.0
2025-05-23 22:55:00,3359.82,3361.64,3359.73,3360.69,367.0
2025-05-23 23:00:00,3360.83,3361.69,3360.4,3360.94,239.0
2025-05-23 23:05:00,3360.95,3361.38,3360.41,3360.83,197.0
2025-05-23 23:10:00,3360.84,3361.45,3360.11,3361.45,148.0
2025-05-23 23:15:00,3361.42,3361.42,3359.73,3360.12,158.0
2025-05-23 23:20:00,3360.11,3360.45,3359.29,3360.38,183.0
2025-05-23 23:25:00,3360.32,3361.69,3360.31,3361.28,164.0
2025-05-23 23:30:00,3361.29,3361.57,3358.97,3359.23,169.0
2025-05-23 23:35:00,3359.21,3360.03,3358.33,3358.35,146.0
2025-05-23 23:40:00,3358.34,3358.66,3357.14,3357.86,207.0
2025-05-23 23:45:00,3357.81,3360.01,3357.43,3359.41,225.0
2025-05-23 23:50:00,3359.42,3360.34,3358.72,3360.2,192.0
2025-05-23 23:55:00,3359.13,3359.14,3357.56,3357.9,81.0
2025-05-26 01:00:00,3353.88,3356.33,3351.04,3351.67,489.0
2025-05-26 01:05:00,3348.63,3350.74,3346.32,3347.95,323.0
2025-05-26 01:10:00,3348.01,3352.56,3346.38,3351.5,296.0
2025-05-26 01:15:00,3351.53,3352.25,3345.74,3345.86,272.0
2025-05-26 01:20:00,3346.01,3346.75,3341.97,3344.41,323.0
2025-05-26 01:25:00,3344.44,3344.82,3341.4,3343.38,276.0
2025-05-26 01:30:00,3344.06,3348.69,3342.95,3346.12,310.0
2025-05-26 01:35:00,3346.13,3349.94,3346.0,3349.49,240.0
2025-05-26 01:40:00,3349.44,3350.96,3348.4,3349.83,238.0
2025-05-26 01:45:00,3349.61,3351.2,3349.08,3350.84,190.0
2025-05-26 01:50:00,3350.88,3351.12,3347.64,3347.71,234.0
2025-05-26 01:55:00,3347.7,3348.52,3344.09,3344.34,295.0
2025-05-26 02:00:00,3344.51,3350.41,3344.51,3349.88,254.0
2025-05-26 02:05:00,3349.86,3350.64,3349.0,3349.01,179.0
2025-05-26 02:10:00,3348.98,3349.74,3348.56,3348.64,189.0
2025-05-26 02:15:00,3348.65,3348.8,3346.3,3346.94,197.0
2025-05-26 02:20:00,3346.94,3347.46,3345.45,3347.08,207.0
2025-05-26 02:25:00,3347.07,3348.96,3346.21,3348.68,207.0
2025-05-26 02:30:00,3348.73,3349.16,3347.78,3348.17,165.0
2025-05-26 02:35:00,3347.9,3348.7,3347.22,3347.52,158.0
2025-05-26 02:40:00,3347.53,3347.54,3345.05,3345.91,204.0
2025-05-26 02:45:00,3345.91,3345.91,3342.36,3343.83,296.0
2025-05-26 02:50:00,3343.82,3344.05,3341.47,3343.97,290.0
2025-05-26 02:55:00,3344.2,3344.45,3342.19,3342.63,265.0
2025-05-26 03:00:00,3342.76,3345.48,3342.16,3344.49,333.0
2025-05-26 03:05:00,3344.36,3346.17,3340.53,3341.93,336.0
2025-05-26 03:10:00,3341.95,3341.95,3335.5,3336.94,351.0
2025-05-26 03:15:00,3336.91,3338.44,3333.62,3337.66,359.0
2025-05-26 03:20:00,3337.55,3338.34,3334.9,3336.82,277.0
2025-05-26 03:25:00,3336.86,3336.93,3331.6,3335.53,304.0
2025-05-26 03:30:00,3335.42,3338.72,3335.42,3336.51,339.0
2025-05-26 03:35:00,3336.38,3337.92,3334.76,3337.6,309.0
2025-05-26 03:40:00,3337.56,3337.78,3333.65,3333.81,298.0
2025-05-26 03:45:00,3333.88,3335.93,3332.7,3335.27,280.0
2025-05-26 03:50:00,3335.64,3339.5,3335.64,3339.01,296.0
2025-05-26 03:55:00,3339.12,3342.24,3338.78,3341.82,340.0
2025-05-26 04:00:00,3342.6,3344.43,3337.03,3337.92,430.0
2025-05-26 04:05:00,3337.95,3341.36,3337.36,3338.09,383.0
2025-05-26 04:10:00,3338.2,3340.4,3335.68,3338.38,370.0
2025-05-26 04:15:00,3338.4,3342.47,3338.31,3341.69,390.0
2025-05-26 04:20:00,3341.77,3342.66,3336.92,3336.92,353.0
2025-05-26 04:25:00,3336.81,3341.88,3336.72,3341.33,358.0
2025-05-26 04:30:00,3341.45,3344.25,3339.45,3344.25,382.0
2025-05-26 04:35:00,3344.38,3345.64,3343.41,3343.72,373.0
2025-05-26 04:40:00,3343.73,3345.67,3343.17,3344.92,359.0
2025-05-26 04:45:00,3344.93,3346.58,3344.86,3345.32,358.0
2025-05-26 04:50:00,3345.27,3347.6,3342.67,3346.74,353.0
2025-05-26 04:55:00,3346.7,3347.16,3344.12,3345.02,384.0
2025-05-26 05:00:00,3344.71,3347.91,3343.36,3347.8,371.0
2025-05-26 05:05:00,3347.9,3350.5,3346.81,3347.27,359.0
2025-05-26 05:10:00,3347.28,3348.84,3346.85,3347.26,306.0
2025-05-26 05:15:00,3347.6,3348.58,3345.94,3347.43,319.0
2025-05-26 05:20:00,3347.36,3347.98,3345.97,3347.64,305.0
2025-05-26 05:25:00,3347.68,3349.73,3347.47,3348.01,307.0
2025-05-26 05:30:00,3347.99,3350.8,3346.93,3350.13,331.0
2025-05-26 05:35:00,3349.97,3355.31,3349.64,3352.77,353.0
2025-05-26 05:40:00,3352.79,3354.52,3351.47,3352.84,347.0
2025-05-26 05:45:00,3353.21,3356.76,3353.21,3355.66,347.0
2025-05-26 05:50:00,3355.64,3355.92,3350.71,3351.49,336.0
2025-05-26 05:55:00,3351.23,3352.31,3347.5,3348.21,361.0
2025-05-26 06:00:00,3348.17,3349.83,3347.07,3349.75,310.0
2025-05-26 06:05:00,3349.65,3349.97,3346.46,3347.32,290.0
2025-05-26 06:10:00,3347.31,3348.32,3346.13,3348.04,298.0
2025-05-26 06:15:00,3348.15,3348.24,3346.06,3346.35,288.0
2025-05-26 06:20:00,3346.36,3347.45,3344.34,3346.0,336.0
2025-05-26 06:25:00,3345.78,3346.12,3344.34,3344.95,299.0
2025-05-26 06:30:00,3344.9,3348.43,3344.9,3347.75,294.0
2025-05-26 06:35:00,3347.84,3348.34,3346.95,3347.91,245.0
2025-05-26 06:40:00,3347.91,3348.79,3347.47,3347.98,250.0
2025-05-26 06:45:00,3347.93,3349.14,3347.75,3348.59,239.0
2025-05-26 06:50:00,3348.6,3349.15,3347.75,3347.97,246.0
2025-05-26 06:55:00,3347.81,3348.18,3347.37,3347.63,228.0
2025-05-26 07:00:00,3347.59,3348.38,3347.25,3348.05,264.0
2025-05-26 07:05:00,3348.04,3349.02,3347.7,3348.72,205.0
2025-05-26 07:10:00,3348.79,3350.9,3348.52,3348.73,293.0
2025-05-26 07:15:00,3348.75,3349.03,3347.58,3348.76,212.0
2025-05-26 07:20:00,3348.75,3349.24,3347.86,3348.52,218.0
2025-05-26 07:25:00,3348.53,3348.95,3347.31,3348.04,263.0
2025-05-26 07:30:00,3348.02,3350.05,3347.5,3349.2,253.0
2025-05-26 07:35:00,3349.22,3349.22,3346.57,3346.83,250.0
2025-05-26 07:40:00,3346.77,3349.47,3346.3,3349.34,231.0
2025-05-26 07:45:00,3349.34,3350.89,3349.2,3350.89,257.0
2025-05-26 07:50:00,3351.1,3351.1,3348.92,3349.17,234.0
2025-05-26 07:55:00,3349.1,3350.0,3348.91,3349.84,205.0
2025-05-26 08:00:00,3349.83,3351.4,3348.77,3349.07,273.0
2025-05-26 08:05:00,3348.79,3351.83,3347.76,3349.32,304.0
2025-05-26 08:10:00,3349.37,3349.88,3348.51,3349.02,244.0
2025-05-26 08:15:00,3349.0,3349.45,3346.0,3347.42,244.0
2025-05-26 08:20:00,3347.44,3348.95,3346.12,3348.8,265.0
2025-05-26 08:25:00,3348.81,3349.06,3345.43,3345.97,257.0
2025-05-26 08:30:00,3345.28,3348.43,3344.36,3344.54,323.0
2025-05-26 08:35:00,3344.62,3347.3,3344.62,3345.51,323.0
2025-05-26 08:40:00,3345.38,3348.61,3345.29,3348.61,239.0
2025-05-26 08:45:00,3348.72,3350.21,3346.58,3347.8,321.0
2025-05-26 08:50:00,3347.69,3348.44,3346.77,3348.39,297.0
2025-05-26 08:55:00,3348.42,3349.53,3347.24,3347.43,276.0
2025-05-26 09:00:00,3347.36,3347.51,3345.54,3346.24,296.0
2025-05-26 09:05:00,3346.38,3346.61,3344.97,3345.35,323.0
2025-05-26 09:10:00,3345.29,3346.92,3344.96,3346.01,298.0
2025-05-26 09:15:00,3346.01,3346.01,3342.66,3343.37,299.0
2025-05-26 09:20:00,3343.52,3343.95,3341.41,3342.3,369.0
2025-05-26 09:25:00,3342.2,3342.23,3338.84,3340.05,379.0
2025-05-26 09:30:00,3339.97,3342.17,3338.64,3341.27,344.0
2025-05-26 09:35:00,3341.26,3343.85,3340.89,3343.09,274.0
2025-05-26 09:40:00,3343.08,3343.66,3341.99,3342.7,272.0
2025-05-26 09:45:00,3342.83,3343.0,3340.63,3341.52,307.0
2025-05-26 09:50:00,3341.54,3341.71,3338.0,3338.8,315.0
2025-05-26 09:55:00,3338.94,3339.44,3337.09,3337.18,362.0
2025-05-26 10:00:00,3337.15,3338.68,3334.15,3337.22,381.0
2025-05-26 10:05:00,3337.23,3337.78,3335.03,3336.24,330.0
2025-05-26 10:10:00,3336.34,3336.51,3334.31,3334.57,335.0
2025-05-26 10:15:00,3334.6,3334.82,3332.56,3332.82,341.0
2025-05-26 10:20:00,3332.75,3335.81,3332.58,3335.68,305.0
2025-05-26 10:25:00,3335.5,3335.92,3334.59,3334.59,306.0
2025-05-26 10:30:00,3334.5,3334.83,3333.04,3334.31,302.0
2025-05-26 10:35:00,3334.28,3335.09,3332.21,3334.03,313.0
2025-05-26 10:40:00,3334.04,3334.76,3333.55,3334.2,289.0
2025-05-26 10:45:00,3334.07,3335.28,3333.43,3334.95,265.0
2025-05-26 10:50:00,3334.9,3337.28,3334.37,3336.13,300.0
2025-05-26 10:55:00,3336.1,3337.76,3333.68,3337.33,333.0
2025-05-26 11:00:00,3337.34,3339.64,3337.34,3338.08,314.0
2025-05-26 11:05:00,3338.15,3339.27,3335.69,3336.26,313.0
2025-05-26 11:10:00,3335.98,3336.86,3333.56,3334.36,363.0
2025-05-26 11:15:00,3334.42,3336.11,3333.49,3335.81,313.0
2025-05-26 11:20:00,3335.8,3336.77,3334.18,3334.42,298.0
2025-05-26 11:25:00,3334.47,3337.22,3334.37,3336.41,276.0
2025-05-26 11:30:00,3336.38,3336.62,3334.89,3336.15,299.0
2025-05-26 11:35:00,3336.27,3336.35,3333.71,3333.78,229.0
2025-05-26 11:40:00,3333.68,3335.18,3331.13,3333.96,324.0
2025-05-26 11:45:00,3334.15,3336.11,3332.64,3334.29,351.0
2025-05-26 11:50:00,3334.24,3335.24,3333.3,3333.7,285.0
2025-05-26 11:55:00,3333.72,3335.61,3333.45,3334.39,301.0
2025-05-26 12:00:00,3334.77,3335.57,3333.68,3334.49,302.0
2025-05-26 12:05:00,3334.63,3335.07,3333.85,3334.42,285.0
2025-05-26 12:10:00,3334.4,3335.59,3333.81,3333.97,278.0
2025-05-26 12:15:00,3333.97,3335.48,3332.83,3334.61,272.0
2025-05-26 12:20:00,3334.48,3336.12,3330.38,3332.21,368.0
2025-05-26 12:25:00,3332.33,3332.68,3323.52,3327.2,415.0
2025-05-26 12:30:00,3327.06,3328.89,3324.96,3327.71,345.0
2025-05-26 12:35:00,3327.71,3329.44,3327.71,3329.44,271.0
2025-05-26 12:40:00,3329.42,3329.48,3327.47,3328.76,254.0
2025-05-26 12:45:00,3328.8,3328.95,3326.96,3326.98,205.0
2025-05-26 12:50:00,3326.99,3329.27,3326.86,3329.08,229.0
2025-05-26 12:55:00,3329.09,3329.51,3328.0,3328.53,266.0
2025-05-26 13:00:00,3328.54,3329.77,3328.54,3329.62,237.0
2025-05-26 13:05:00,3329.72,3332.14,3329.52,3332.04,253.0
2025-05-26 13:10:00,3332.1,3332.98,3331.69,3332.05,254.0
2025-05-26 13:15:00,3332.12,3332.86,3331.83,3332.85,175.0
2025-05-26 13:20:00,3332.68,3333.31,3331.98,3332.97,227.0
2025-05-26 13:25:00,3333.01,3333.5,3331.03,3331.2,209.0
2025-05-26 13:30:00,3331.24,3331.61,3329.96,3331.04,198.0
2025-05-26 13:35:00,3331.05,3331.05,3329.62,3329.96,180.0
2025-05-26 13:40:00,3329.88,3330.73,3329.36,3329.55,199.0
2025-05-26 13:45:00,3329.56,3330.3,3329.44,3330.28,165.0
2025-05-26 13:50:00,3330.3,3330.71,3329.32,3330.71,156.0
2025-05-26 13:55:00,3330.71,3331.84,3330.48,3331.53,223.0
2025-05-26 14:00:00,3331.54,3332.84,3331.43,3332.6,208.0
2025-05-26 14:05:00,3332.59,3332.68,3331.33,3331.81,194.0
2025-05-26 14:10:00,3331.8,3332.41,3330.57,3331.45,173.0
2025-05-26 14:15:00,3331.45,3331.7,3330.79,3331.25,191.0
2025-05-26 14:20:00,3331.31,3331.58,3330.78,3331.5,161.0
2025-05-26 14:25:00,3331.56,3332.14,3331.44,3331.58,158.0
2025-05-26 14:30:00,3331.63,3331.63,3329.23,3330.28,217.0
2025-05-26 14:35:00,3330.25,3330.66,3329.84,3330.32,211.0
2025-05-26 14:40:00,3330.3,3331.01,3329.93,3330.74,190.0
2025-05-26 14:45:00,3330.77,3331.66,3330.56,3331.66,199.0
2025-05-26 14:50:00,3331.69,3334.37,3331.5,3333.03,252.0
2025-05-26 14:55:00,3333.07,3333.38,3332.06,3333.1,225.0
2025-05-26 15:00:00,3333.21,3334.42,3332.67,3333.65,291.0
2025-05-26 15:05:00,3333.59,3335.03,3332.98,3335.02,220.0
2025-05-26 15:10:00,3334.99,3334.99,3333.81,3334.02,222.0
2025-05-26 15:15:00,3334.0,3334.29,3332.84,3333.08,232.0
2025-05-26 15:20:00,3333.1,3333.76,3328.29,3328.35,294.0
2025-05-26 15:25:00,3328.37,3329.7,3326.59,3326.79,364.0
2025-05-26 15:30:00,3326.88,3329.76,3326.37,3329.29,324.0
2025-05-26 15:35:00,3329.23,3331.86,3329.22,3331.71,269.0
2025-05-26 15:40:00,3331.85,3334.05,3331.58,3333.8,273.0
2025-05-26 15:45:00,3333.91,3334.38,3332.14,3332.39,262.0
2025-05-26 15:50:00,3332.38,3334.26,3332.04,3333.83,292.0
2025-05-26 15:55:00,3333.83,3334.87,3333.31,3334.39,269.0
2025-05-26 16:00:00,3334.4,3336.83,3334.3,3334.47,367.0
2025-05-26 16:05:00,3334.49,3335.75,3333.54,3333.61,268.0
2025-05-26 16:10:00,3333.43,3334.17,3331.49,3334.17,312.0
2025-05-26 16:15:00,3334.2,3335.3,3334.09,3335.3,154.0
2025-05-26 17:35:00,3338.32,3338.42,3338.31,3338.38,12.0
2025-05-26 17:40:00,3338.37,3338.86,3337.22,3338.55,253.0
2025-05-26 17:45:00,3338.5,3338.61,3335.93,3337.23,294.0
2025-05-26 17:50:00,3337.3,3337.53,3335.85,3336.69,298.0
2025-05-26 17:55:00,3336.71,3337.42,3335.53,3337.25,321.0
2025-05-26 18:00:00,3337.24,3339.06,3337.24,3338.64,325.0
2025-05-26 18:05:00,3338.6,3338.79,3336.88,3337.74,291.0
2025-05-26 18:10:00,3337.76,3338.51,3337.2,3338.39,229.0
2025-05-26 18:15:00,3338.38,3339.37,3337.56,3338.91,219.0
2025-05-26 18:20:00,3338.91,3339.2,3338.44,3338.97,134.0
2025-05-26 18:25:00,3338.95,3339.1,3337.55,3338.94,169.0
2025-05-26 18:30:00,3338.98,3339.2,3338.26,3338.97,183.0
2025-05-26 18:35:00,3338.97,3339.71,3337.97,3338.45,176.0
2025-05-26 18:40:00,3338.45,3338.7,3337.24,3338.33,188.0
2025-05-26 18:45:00,3338.34,3338.62,3337.82,3338.1,126.0
2025-05-26 18:50:00,3338.1,3339.3,3337.72,3338.89,180.0
2025-05-26 18:55:00,3338.86,3338.86,3337.59,3337.95,150.0
2025-05-26 19:00:00,3337.95,3339.48,3337.95,3339.22,183.0
2025-05-26 19:05:00,3339.2,3339.2,3337.58,3338.1,210.0
2025-05-26 19:10:00,3338.11,3339.38,3337.8,3338.74,176.0
2025-05-26 19:15:00,3338.75,3338.8,3338.14,3338.62,124.0
2025-05-26 19:20:00,3338.64,3340.39,3338.6,3339.83,108.0
2025-05-26 19:25:00,3339.79,3341.02,3339.79,3340.59,206.0
2025-05-26 19:30:00,3340.55,3341.08,3340.44,3340.91,145.0
2025-05-26 19:35:00,3340.91,3341.61,3339.65,3341.54,198.0
2025-05-26 19:40:00,3341.55,3343.54,3341.41,3342.91,216.0
2025-05-26 19:45:00,3342.96,3343.37,3342.28,3342.57,151.0
2025-05-26 19:50:00,3342.54,3342.57,3341.66,3342.08,131.0
2025-05-26 19:55:00,3342.07,3342.42,3341.56,3342.11,155.0
2025-05-26 20:00:00,3342.1,3342.42,3340.76,3341.52,162.0
2025-05-26 20:05:00,3341.51,3343.09,3340.84,3341.79,180.0
2025-05-26 20:10:00,3341.71,3342.16,3341.52,3341.88,109.0
2025-05-26 20:15:00,3341.84,3341.92,3341.24,3341.28,109.0
2025-05-26 20:20:00,3341.25,3341.57,3340.76,3340.78,106.0
2025-05-26 20:25:00,3340.82,3341.52,3340.63,3340.86,121.0
2025-05-26 20:30:00,3340.91,3341.34,3340.48,3341.27,151.0
2025-05-26 20:35:00,3341.55,3341.71,3340.97,3341.42,125.0
2025-05-26 20:40:00,3341.43,3341.67,3340.94,3341.24,80.0
2025-05-26 20:45:00,3341.19,3341.49,3341.16,3341.29,128.0
2025-05-26 20:50:00,3341.32,3341.74,3341.16,3341.25,149.0
2025-05-26 20:55:00,3341.16,3341.41,3340.88,3341.22,111.0
2025-05-26 21:00:00,3341.25,3341.8,3340.97,3341.52,146.0
2025-05-26 21:05:00,3341.53,3341.89,3341.25,3341.5,116.0
2025-05-26 21:10:00,3341.49,3341.94,3341.27,3341.47,110.0
2025-05-26 21:15:00,3341.46,3342.01,3341.23,3341.63,138.0
2025-05-26 21:20:00,3341.64,3343.16,3341.53,3341.63,126.0
2025-05-26 21:25:00,3341.63,3342.56,3341.23,3342.19,129.0
2025-05-27 01:00:00,3343.87,3346.81,3343.02,3346.37,415.0
2025-05-27 01:05:00,3346.37,3347.74,3343.31,3343.52,208.0
2025-05-27 01:10:00,3343.5,3344.56,3342.82,3343.61,163.0
2025-05-27 01:15:00,3343.64,3344.59,3343.15,3344.48,163.0
2025-05-27 01:20:00,3344.37,3345.08,3343.97,3345.05,177.0
2025-05-27 01:25:00,3345.23,3347.07,3345.21,3346.83,158.0
2025-05-27 01:30:00,3346.85,3348.79,3346.26,3348.6,193.0
2025-05-27 01:35:00,3348.58,3348.6,3346.6,3347.16,195.0
2025-05-27 01:40:00,3347.05,3348.3,3347.03,3347.56,153.0
2025-05-27 01:45:00,3347.56,3347.87,3346.87,3347.62,169.0
2025-05-27 01:50:00,3347.65,3348.11,3347.18,3347.47,113.0
2025-05-27 01:55:00,3347.49,3347.7,3347.17,3347.57,92.0
2025-05-27 02:00:00,3347.66,3348.1,3346.74,3347.28,176.0
2025-05-27 02:05:00,3347.29,3348.48,3347.15,3347.18,115.0
2025-05-27 02:10:00,3347.18,3347.49,3346.33,3346.59,151.0
2025-05-27 02:15:00,3346.48,3346.94,3345.62,3346.87,177.0
2025-05-27 02:20:00,3346.75,3347.65,3346.49,3347.17,155.0
2025-05-27 02:25:00,3347.16,3347.26,3346.3,3347.23,138.0
2025-05-27 02:30:00,3347.32,3348.19,3347.28,3347.54,158.0
2025-05-27 02:35:00,3347.53,3347.53,3347.05,3347.41,148.0
2025-05-27 02:40:00,3347.4,3347.64,3346.54,3346.68,149.0
2025-05-27 02:45:00,3346.68,3347.45,3345.6,3346.31,193.0
2025-05-27 02:50:00,3346.31,3346.36,3345.35,3345.42,226.0
2025-05-27 02:55:00,3345.44,3346.82,3344.58,3346.13,291.0
2025-05-27 03:00:00,3346.12,3346.47,3344.29,3345.38,307.0
2025-05-27 03:05:00,3345.2,3347.35,3345.2,3347.32,299.0
2025-05-27 03:10:00,3347.28,3349.54,3346.66,3349.41,335.0
2025-05-27 03:15:00,3349.46,3349.77,3346.33,3346.5,358.0
2025-05-27 03:20:00,3346.45,3346.5,3344.01,3344.44,360.0
2025-05-27 03:25:00,3344.42,3345.26,3343.7,3344.31,224.0
2025-05-27 03:30:00,3344.28,3346.58,3344.28,3346.56,276.0
2025-05-27 03:35:00,3346.42,3346.63,3343.84,3343.84,269.0
2025-05-27 03:40:00,3343.75,3345.28,3342.55,3345.19,362.0
2025-05-27 03:45:00,3345.26,3345.37,3344.37,3344.37,250.0
2025-05-27 03:50:00,3344.4,3344.66,3342.5,3343.09,326.0
2025-05-27 03:55:00,3343.0,3345.24,3342.96,3345.04,336.0
2025-05-27 04:00:00,3345.08,3347.34,3342.07,3342.33,445.0
2025-05-27 04:05:00,3342.35,3344.16,3340.65,3340.86,377.0
2025-05-27 04:10:00,3341.09,3343.85,3341.09,3343.46,324.0
2025-05-27 04:15:00,3343.37,3343.46,3340.48,3340.48,370.0
2025-05-27 04:20:00,3340.49,3340.95,3338.6,3338.76,324.0
2025-05-27 04:25:00,3338.7,3340.19,3337.64,3339.33,362.0
2025-05-27 04:30:00,3339.31,3341.3,3337.59,3340.64,368.0
2025-05-27 04:35:00,3340.65,3340.79,3335.46,3335.61,390.0
2025-05-27 04:40:00,3335.39,3335.57,3332.15,3332.15,432.0
2025-05-27 04:45:00,3332.16,3335.13,3331.75,3332.83,413.0
2025-05-27 04:50:00,3332.83,3333.89,3332.1,3333.83,359.0
2025-05-27 04:55:00,3333.85,3335.93,3333.36,3335.93,366.0
2025-05-27 05:00:00,3335.99,3336.67,3335.06,3336.63,378.0
2025-05-27 05:05:00,3336.37,3339.08,3336.36,3337.94,390.0
2025-05-27 05:10:00,3337.94,3340.0,3337.68,3339.59,318.0
2025-05-27 05:15:00,3339.62,3341.95,3339.5,3341.4,363.0
2025-05-27 05:20:00,3341.41,3341.41,3338.81,3339.57,332.0
2025-05-27 05:25:00,3339.62,3341.86,3339.27,3341.14,299.0
2025-05-27 05:30:00,3341.13,3341.88,3338.96,3341.01,377.0
2025-05-27 05:35:00,3341.01,3341.41,3339.17,3341.35,301.0
2025-05-27 05:40:00,3341.36,3342.19,3340.79,3341.43,311.0
2025-05-27 05:45:00,3341.27,3343.13,3340.55,3341.9,309.0
2025-05-27 05:50:00,3341.86,3343.09,3341.33,3342.93,290.0
2025-05-27 05:55:00,3342.94,3344.38,3342.88,3342.99,357.0
2025-05-27 06:00:00,3342.92,3344.17,3342.11,3343.88,291.0
2025-05-27 06:05:00,3343.78,3344.02,3342.2,3342.65,258.0
2025-05-27 06:10:00,3342.64,3344.18,3341.64,3343.97,277.0
2025-05-27 06:15:00,3344.11,3346.24,3343.72,3346.08,336.0
2025-05-27 06:20:00,3346.16,3346.83,3345.31,3346.33,280.0
2025-05-27 06:25:00,3346.4,3347.22,3346.14,3346.79,310.0
2025-05-27 06:30:00,3346.77,3347.26,3345.98,3346.04,264.0
2025-05-27 06:35:00,3345.97,3346.41,3344.93,3345.02,270.0
2025-05-27 06:40:00,3344.93,3345.21,3343.77,3344.29,248.0
2025-05-27 06:45:00,3344.29,3344.69,3341.25,3342.56,299.0
2025-05-27 06:50:00,3342.58,3342.87,3341.56,3341.95,260.0
2025-05-27 06:55:00,3341.88,3342.48,3340.89,3341.11,240.0
2025-05-27 07:00:00,3341.12,3341.46,3339.26,3340.66,330.0
2025-05-27 07:05:00,3340.65,3341.05,3339.97,3340.33,236.0
2025-05-27 07:10:00,3340.28,3341.06,3340.18,3340.7,188.0
2025-05-27 07:15:00,3340.69,3341.02,3339.82,3340.76,177.0
2025-05-27 07:20:00,3340.75,3340.97,3339.13,3339.53,241.0
2025-05-27 07:25:00,3339.55,3340.31,3339.55,3339.86,242.0
2025-05-27 07:30:00,3339.89,3340.09,3337.13,3337.51,290.0
2025-05-27 07:35:00,3337.48,3338.07,3336.39,3337.78,326.0
2025-05-27 07:40:00,3337.72,3338.13,3335.56,3336.42,326.0
2025-05-27 07:45:00,3336.35,3336.93,3332.36,3333.57,339.0
2025-05-27 07:50:00,3333.62,3334.46,3332.2,3334.31,311.0
2025-05-27 07:55:00,3334.16,3334.31,3330.72,3330.9,333.0
2025-05-27 08:00:00,3330.9,3332.66,3330.43,3330.68,365.0
2025-05-27 08:05:00,3330.79,3330.83,3327.64,3330.41,412.0
2025-05-27 08:10:00,3330.48,3331.15,3328.37,3328.54,392.0
2025-05-27 08:15:00,3328.54,3330.28,3328.4,3328.65,289.0
2025-05-27 08:20:00,3328.44,3329.45,3327.8,3327.83,326.0
2025-05-27 08:25:00,3327.63,3327.89,3326.24,3326.92,393.0
2025-05-27 08:30:00,3327.0,3328.05,3324.76,3326.44,489.0
2025-05-27 08:35:00,3326.3,3327.93,3324.04,3324.5,449.0
2025-05-27 08:40:00,3324.32,3327.03,3324.14,3324.62,429.0
2025-05-27 08:45:00,3324.5,3324.7,3316.08,3322.34,493.0
2025-05-27 08:50:00,3322.33,3328.37,3322.33,3324.79,437.0
2025-05-27 08:55:00,3324.74,3325.92,3322.86,3323.51,400.0
2025-05-27 09:00:00,3323.53,3326.41,3321.33,3323.46,423.0
2025-05-27 09:05:00,3323.53,3326.89,3322.63,3325.15,408.0
2025-05-27 09:10:00,3325.18,3328.39,3323.75,3324.17,411.0
2025-05-27 09:15:00,3323.98,3325.54,3321.97,3324.59,454.0
2025-05-27 09:20:00,3324.59,3327.1,3322.59,3323.08,401.0
2025-05-27 09:25:00,3323.12,3323.46,3319.61,3320.36,364.0
2025-05-27 09:30:00,3320.37,3322.09,3318.25,3319.51,449.0
2025-05-27 09:35:00,3319.6,3319.6,3316.03,3317.13,416.0
2025-05-27 09:40:00,3317.31,3319.32,3315.86,3316.22,411.0
2025-05-27 09:45:00,3316.59,3316.59,3305.79,3313.24,512.0
2025-05-27 09:50:00,3313.19,3313.35,3306.18,3308.01,484.0
2025-05-27 09:55:00,3307.38,3309.87,3305.15,3308.78,447.0
2025-05-27 10:00:00,3308.74,3309.86,3305.22,3306.56,238.0
2025-05-27 10:05:00,3306.63,3306.91,3303.15,3306.82,206.0
2025-05-27 10:10:00,3306.86,3312.4,3306.55,3310.68,336.0
2025-05-27 10:15:00,3310.57,3310.81,3305.81,3308.37,399.0
2025-05-27 10:35:00,3308.18,3308.69,3307.75,3307.76,127.0
2025-05-27 10:40:00,3307.6,3310.64,3307.49,3309.68,373.0
2025-05-27 10:45:00,3309.87,3311.27,3305.34,3306.23,433.0
2025-05-27 10:50:00,3306.52,3306.53,3293.48,3293.91,515.0
2025-05-27 10:55:00,3293.76,3297.31,3292.64,3296.38,458.0
2025-05-27 11:00:00,3296.24,3308.06,3296.24,3307.06,499.0
2025-05-27 11:05:00,3307.45,3308.55,3305.92,3307.91,455.0
2025-05-27 11:10:00,3307.85,3310.38,3305.51,3305.72,441.0
2025-05-27 11:15:00,3305.7,3306.87,3304.02,3305.73,379.0
2025-05-27 11:20:00,3305.53,3308.33,3305.53,3307.34,381.0
2025-05-27 11:25:00,3307.3,3307.81,3306.24,3307.06,354.0
2025-05-27 11:30:00,3306.71,3307.34,3299.32,3299.76,411.0
2025-05-27 11:35:00,3299.62,3303.71,3298.59,3302.71,447.0
2025-05-27 11:40:00,3302.75,3303.49,3297.39,3299.67,440.0
2025-05-27 11:45:00,3299.77,3301.57,3299.26,3300.38,418.0
2025-05-27 11:50:00,3300.25,3302.17,3299.36,3299.64,403.0
2025-05-27 11:55:00,3299.66,3300.22,3297.63,3298.56,351.0
2025-05-27 12:00:00,3298.58,3302.74,3298.05,3299.77,379.0
2025-05-27 12:05:00,3299.55,3309.2,3299.54,3309.08,432.0
2025-05-27 12:10:00,3308.77,3309.59,3304.78,3306.22,429.0
2025-05-27 12:15:00,3306.21,3306.21,3304.6,3305.04,332.0
2025-05-27 12:20:00,3305.02,3305.02,3302.09,3304.15,391.0
2025-05-27 12:25:00,3304.15,3304.21,3300.73,3301.52,349.0
2025-05-27 12:30:00,3301.22,3301.36,3295.37,3297.05,422.0
2025-05-27 12:35:00,3297.03,3297.43,3294.86,3295.95,427.0
2025-05-27 12:40:00,3295.36,3297.19,3294.72,3296.27,398.0
2025-05-27 12:45:00,3296.29,3297.29,3295.13,3296.01,403.0
2025-05-27 12:50:00,3296.04,3298.6,3295.81,3297.73,371.0
2025-05-27 12:55:00,3297.71,3298.11,3295.54,3296.33,420.0
2025-05-27 13:00:00,3296.16,3299.34,3295.91,3298.45,388.0
2025-05-27 13:05:00,3298.31,3299.09,3296.47,3298.36,335.0
2025-05-27 13:10:00,3298.39,3298.91,3296.59,3296.89,342.0
2025-05-27 13:15:00,3296.83,3297.0,3290.86,3295.13,447.0
2025-05-27 13:20:00,3295.16,3298.91,3295.04,3298.62,385.0
2025-05-27 13:25:00,3298.67,3298.67,3294.57,3294.77,383.0
2025-05-27 13:30:00,3294.47,3295.73,3292.88,3294.29,393.0
2025-05-27 13:35:00,3294.28,3296.45,3292.38,3296.23,334.0
2025-05-27 13:40:00,3296.21,3297.56,3295.26,3296.04,354.0
2025-05-27 13:45:00,3296.07,3297.21,3295.35,3296.44,315.0
2025-05-27 13:50:00,3295.99,3296.99,3294.27,3294.54,335.0
2025-05-27 13:55:00,3294.42,3295.17,3291.29,3293.24,432.0
2025-05-27 14:00:00,3293.46,3298.11,3292.79,3296.28,418.0
2025-05-27 14:05:00,3296.15,3296.43,3294.04,3294.89,400.0
2025-05-27 14:10:00,3294.88,3295.51,3293.41,3293.45,345.0
2025-05-27 14:15:00,3293.54,3294.0,3290.34,3290.8,389.0
2025-05-27 14:20:00,3290.83,3292.28,3289.21,3290.98,389.0
2025-05-27 14:25:00,3290.94,3292.1,3288.05,3290.16,389.0
2025-05-27 14:30:00,3290.28,3293.62,3290.28,3290.84,405.0
2025-05-27 14:35:00,3290.99,3293.58,3290.43,3293.0,402.0
2025-05-27 14:40:00,3293.07,3293.39,3291.51,3291.86,328.0
2025-05-27 14:45:00,3291.78,3293.15,3291.12,3292.45,371.0
2025-05-27 14:50:00,3292.51,3293.48,3289.15,3290.67,415.0
2025-05-27 14:55:00,3290.55,3290.83,3287.84,3288.35,410.0
2025-05-27 15:00:00,3288.23,3290.98,3288.03,3290.32,436.0
2025-05-27 15:05:00,3290.34,3292.82,3290.32,3292.36,421.0
2025-05-27 15:10:00,3292.24,3294.53,3292.05,3294.18,405.0
2025-05-27 15:15:00,3294.22,3295.96,3293.49,3295.86,356.0
2025-05-27 15:20:00,3295.51,3296.89,3294.14,3296.49,436.0
2025-05-27 15:25:00,3296.48,3297.9,3293.9,3294.78,385.0
2025-05-27 15:30:00,3295.14,3295.19,3293.38,3293.53,378.0
2025-05-27 15:35:00,3293.49,3294.72,3292.22,3294.37,394.0
2025-05-27 15:40:00,3294.31,3297.17,3292.25,3294.52,481.0
2025-05-27 15:45:00,3294.47,3296.26,3293.83,3294.91,438.0
2025-05-27 15:50:00,3294.88,3295.84,3292.53,3293.38,427.0
2025-05-27 15:55:00,3293.55,3294.8,3291.6,3293.81,395.0
2025-05-27 16:00:00,3294.19,3298.09,3293.11,3297.62,486.0
2025-05-27 16:05:00,3297.67,3298.19,3295.36,3296.66,432.0
2025-05-27 16:10:00,3296.67,3299.43,3296.61,3298.16,436.0
2025-05-27 16:15:00,3298.2,3298.81,3296.94,3297.57,413.0
2025-05-27 16:20:00,3297.39,3297.39,3294.66,3295.9,433.0
2025-05-27 16:25:00,3295.65,3297.47,3294.85,3296.49,422.0
2025-05-27 16:30:00,3296.5,3303.75,3294.68,3303.47,504.0
2025-05-27 16:35:00,3303.29,3304.66,3299.14,3299.56,500.0
2025-05-27 16:40:00,3299.38,3301.56,3298.42,3300.84,464.0
2025-05-27 16:45:00,3300.92,3302.78,3296.52,3298.23,470.0
2025-05-27 16:50:00,3298.46,3298.62,3295.43,3296.23,465.0
2025-05-27 16:55:00,3296.27,3297.11,3292.34,3295.33,436.0
2025-05-27 17:00:00,3294.69,3295.45,3284.9,3290.42,505.0
2025-05-27 17:05:00,3289.95,3295.31,3288.95,3295.22,474.0
2025-05-27 17:10:00,3295.34,3298.44,3294.48,3298.01,474.0
2025-05-27 17:15:00,3297.89,3298.48,3295.77,3296.32,447.0
2025-05-27 17:20:00,3296.04,3298.63,3295.78,3296.8,422.0
2025-05-27 17:25:00,3296.77,3297.62,3295.43,3296.31,434.0
2025-05-27 17:30:00,3296.15,3297.6,3295.56,3297.36,448.0
2025-05-27 17:35:00,3297.33,3300.48,3296.67,3298.44,450.0
2025-05-27 17:40:00,3298.41,3299.35,3297.94,3298.6,419.0
2025-05-27 17:45:00,3298.61,3300.59,3297.82,3300.49,408.0
2025-05-27 17:50:00,3300.5,3301.69,3299.29,3300.09,402.0
2025-05-27 17:55:00,3300.07,3303.26,3298.89,3299.87,452.0
2025-05-27 18:00:00,3299.73,3300.67,3298.4,3300.5,410.0
2025-05-27 18:05:00,3300.55,3303.04,3300.51,3301.77,393.0
2025-05-27 18:10:00,3301.79,3302.43,3297.65,3297.92,432.0
2025-05-27 18:15:00,3297.94,3298.15,3295.19,3295.42,445.0
2025-05-27 18:20:00,3295.4,3296.71,3294.6,3295.33,415.0
2025-05-27 18:25:00,3295.18,3296.3,3294.67,3296.22,392.0
2025-05-27 18:30:00,3296.11,3296.23,3293.26,3294.03,378.0
2025-05-27 18:35:00,3294.04,3294.95,3289.73,3290.99,411.0
2025-05-27 18:40:00,3290.72,3292.72,3290.26,3291.47,400.0
2025-05-27 18:45:00,3291.57,3294.59,3291.13,3294.17,388.0
2025-05-27 18:50:00,3294.12,3295.47,3292.17,3292.28,375.0
2025-05-27 18:55:00,3292.39,3294.41,3291.84,3293.57,409.0
2025-05-27 19:00:00,3293.7,3295.39,3293.51,3294.67,374.0
2025-05-27 19:05:00,3294.68,3295.07,3293.05,3294.35,362.0
2025-05-27 19:10:00,3294.23,3296.31,3293.95,3295.55,371.0
2025-05-27 19:15:00,3295.52,3297.4,3295.43,3295.98,362.0
2025-05-27 19:20:00,3296.07,3298.78,3296.01,3298.38,342.0
2025-05-27 19:25:00,3298.39,3298.7,3296.61,3297.97,338.0
2025-05-27 19:30:00,3298.07,3298.3,3296.47,3296.84,323.0
2025-05-27 19:35:00,3296.88,3297.54,3295.95,3297.01,354.0
2025-05-27 19:40:00,3296.95,3297.66,3296.14,3296.21,326.0
2025-05-27 19:45:00,3296.24,3296.51,3294.98,3295.93,347.0
2025-05-27 19:50:00,3295.91,3296.85,3295.54,3296.73,296.0
2025-05-27 19:55:00,3296.69,3297.81,3296.61,3297.79,299.0
2025-05-27 20:00:00,3297.84,3298.51,3296.95,3297.1,323.0
2025-05-27 20:05:00,3297.12,3298.25,3296.87,3297.99,314.0
2025-05-27 20:10:00,3297.92,3299.27,3297.81,3299.25,302.0
2025-05-27 20:15:00,3299.29,3300.63,3299.24,3300.54,340.0
2025-05-27 20:20:00,3300.47,3302.54,3300.47,3301.97,354.0
2025-05-27 20:25:00,3301.97,3302.89,3301.06,3301.86,372.0
2025-05-27 20:30:00,3301.96,3302.18,3300.36,3301.24,372.0
2025-05-27 20:35:00,3301.29,3302.56,3300.62,3302.43,310.0
2025-05-27 20:40:00,3302.41,3303.59,3301.59,3303.56,331.0
2025-05-27 20:45:00,3303.67,3304.35,3302.96,3303.29,303.0
2025-05-27 20:50:00,3303.26,3303.37,3301.5,3302.41,322.0
2025-05-27 20:55:00,3302.4,3302.46,3301.19,3301.35,312.0
2025-05-27 21:00:00,3301.37,3303.42,3301.21,3302.1,316.0
2025-05-27 21:05:00,3302.09,3302.52,3301.52,3301.97,287.0
2025-05-27 21:10:00,3301.98,3302.53,3301.34,3302.31,299.0
2025-05-27 21:15:00,3302.3,3302.37,3300.36,3300.36,294.0
2025-05-27 21:20:00,3300.38,3300.76,3299.18,3299.99,322.0
2025-05-27 21:25:00,3300.06,3301.15,3299.81,3301.15,329.0
2025-05-27 21:30:00,3301.2,3303.26,3301.2,3302.39,287.0
2025-05-27 21:35:00,3302.43,3303.27,3301.21,3301.64,288.0
2025-05-27 21:40:00,3301.65,3301.95,3301.15,3301.3,251.0
2025-05-27 21:45:00,3301.3,3303.17,3301.29,3302.85,271.0
2025-05-27 21:50:00,3302.85,3303.91,3302.72,3303.65,263.0
2025-05-27 21:55:00,3303.64,3303.96,3303.09,3303.09,273.0
2025-05-27 22:00:00,3303.1,3305.04,3302.99,3304.34,334.0
2025-05-27 22:05:00,3304.31,3304.89,3303.67,3304.11,308.0
2025-05-27 22:10:00,3304.17,3305.14,3303.93,3304.36,289.0
2025-05-27 22:15:00,3304.35,3305.16,3304.06,3304.39,313.0
2025-05-27 22:20:00,3304.3,3305.12,3304.3,3304.85,193.0
2025-05-27 22:25:00,3304.61,3305.0,3304.53,3304.81,156.0
2025-05-27 22:30:00,3304.81,3305.65,3304.81,3305.31,331.0
2025-05-27 22:35:00,3305.36,3306.82,3305.09,3306.7,316.0
2025-05-27 22:40:00,3306.89,3307.96,3306.78,3307.39,289.0
2025-05-27 23:00:00,3304.8,3304.82,3303.59,3303.8,135.0
2025-05-27 23:05:00,3303.97,3304.07,3303.36,3303.49,167.0
2025-05-27 23:10:00,3303.49,3303.6,3302.8,3303.57,161.0
2025-05-27 23:15:00,3303.6,3304.01,3303.32,3304.01,95.0
2025-05-27 23:20:00,3304.0,3305.1,3304.0,3304.92,131.0
2025-05-27 23:25:00,3305.02,3305.02,3303.7,3303.83,148.0
2025-05-27 23:30:00,3303.78,3304.89,3303.71,3304.38,98.0
2025-05-27 23:35:00,3304.42,3304.97,3304.13,3304.78,178.0
2025-05-27 23:40:00,3304.77,3304.99,3303.8,3303.8,118.0
2025-05-27 23:45:00,3303.8,3304.13,3303.18,3303.18,145.0
2025-05-27 23:50:00,3303.18,3303.42,3300.18,3300.53,217.0
2025-05-27 23:55:00,3300.19,3300.6,3299.58,3300.56,143.0
2025-05-28 01:00:00,3301.03,3304.34,3301.03,3304.21,395.0
2025-05-28 01:05:00,3304.42,3305.24,3303.18,3303.97,146.0
2025-05-28 01:10:00,3303.96,3304.41,3302.84,3303.22,168.0
2025-05-28 01:15:00,3303.56,3303.93,3302.6,3303.76,157.0
2025-05-28 01:20:00,3303.78,3305.38,3303.52,3305.25,141.0
2025-05-28 01:25:00,3305.28,3305.67,3304.49,3304.63,145.0
2025-05-28 01:30:00,3304.62,3304.94,3303.76,3303.93,110.0
2025-05-28 01:35:00,3303.95,3305.33,3303.95,3304.9,113.0
2025-05-28 01:40:00,3304.9,3305.45,3304.41,3304.41,106.0
2025-05-28 01:45:00,3304.36,3305.51,3303.83,3305.24,208.0
2025-05-28 01:50:00,3305.26,3305.26,3303.93,3303.93,176.0
2025-05-28 01:55:00,3303.99,3305.07,3302.7,3303.06,193.0
2025-05-28 02:00:00,3303.47,3305.5,3302.93,3305.5,177.0
2025-05-28 02:05:00,3305.45,3306.14,3298.18,3305.24,256.0
2025-05-28 02:10:00,3305.13,3307.71,3304.97,3306.9,247.0
2025-05-28 02:15:00,3306.86,3308.72,3306.83,3307.61,257.0
2025-05-28 02:20:00,3307.75,3309.06,3307.39,3309.02,147.0
2025-05-28 02:25:00,3308.88,3310.1,3308.55,3308.55,181.0
2025-05-28 02:30:00,3308.5,3310.71,3308.09,3308.59,195.0
2025-05-28 02:35:00,3308.61,3310.09,3308.26,3309.73,155.0
2025-05-28 02:40:00,3309.74,3310.57,3309.36,3310.35,152.0
2025-05-28 02:45:00,3310.28,3310.74,3309.47,3309.51,172.0
2025-05-28 02:50:00,3309.56,3310.9,3309.55,3310.81,180.0
2025-05-28 02:55:00,3310.82,3310.89,3308.76,3309.43,227.0
2025-05-28 03:00:00,3309.46,3310.92,3309.33,3310.78,228.0
2025-05-28 03:05:00,3310.72,3311.74,3310.43,3311.51,199.0
2025-05-28 03:10:00,3311.46,3311.58,3310.8,3311.14,228.0
2025-05-28 03:15:00,3311.14,3312.5,3311.14,3311.29,212.0
2025-05-28 03:20:00,3311.3,3311.96,3310.39,3311.86,202.0
2025-05-28 03:25:00,3311.88,3312.57,3311.66,3312.06,198.0
2025-05-28 03:30:00,3312.05,3315.23,3312.01,3315.06,297.0
2025-05-28 03:35:00,3315.19,3315.76,3313.75,3315.29,273.0
2025-05-28 03:40:00,3315.18,3315.18,3314.0,3314.34,227.0
2025-05-28 03:45:00,3314.29,3314.67,3313.43,3313.6,208.0
2025-05-28 03:50:00,3313.58,3313.72,3310.35,3311.23,354.0
2025-05-28 03:55:00,3311.08,3311.22,3308.24,3308.51,318.0
2025-05-28 04:00:00,3308.44,3310.79,3307.78,3308.13,365.0
2025-05-28 04:05:00,3308.16,3308.24,3303.24,3303.38,369.0
2025-05-28 04:10:00,3303.58,3306.33,3303.29,3306.29,350.0
2025-05-28 04:15:00,3306.29,3308.09,3305.37,3306.22,298.0
2025-05-28 04:20:00,3306.24,3308.05,3305.6,3306.87,299.0
2025-05-28 04:25:00,3306.91,3307.18,3305.33,3307.18,299.0
2025-05-28 04:30:00,3307.04,3309.23,3306.9,3307.5,338.0
2025-05-28 04:35:00,3307.61,3307.87,3305.91,3306.28,303.0
2025-05-28 04:40:00,3306.1,3306.1,3300.63,3301.56,384.0
2025-05-28 04:45:00,3301.52,3302.99,3298.67,3302.27,379.0
2025-05-28 04:50:00,3302.26,3304.26,3301.71,3301.91,319.0
2025-05-28 04:55:00,3302.07,3303.54,3301.53,3301.82,220.0
2025-05-28 05:00:00,3301.64,3313.48,3300.34,3304.06,349.0
2025-05-28 05:05:00,3304.09,3306.48,3302.51,3306.07,385.0
2025-05-28 05:10:00,3305.94,3306.93,3304.95,3306.4,343.0
2025-05-28 05:15:00,3306.34,3308.37,3305.59,3307.01,298.0
2025-05-28 05:20:00,3307.02,3307.6,3305.54,3306.54,267.0
2025-05-28 05:25:00,3306.51,3310.47,3306.51,3309.76,334.0
2025-05-28 05:30:00,3309.75,3311.8,3308.39,3308.97,364.0
2025-05-28 05:35:00,3308.94,3309.76,3307.83,3308.08,312.0
2025-05-28 05:40:00,3308.07,3308.58,3305.22,3305.58,304.0
2025-05-28 05:45:00,3305.6,3306.27,3302.2,3302.21,315.0
2025-05-28 05:50:00,3302.22,3304.17,3302.14,3302.87,351.0
2025-05-28 05:55:00,3302.9,3303.78,3301.75,3302.38,316.0
2025-05-28 06:00:00,3302.24,3304.04,3301.55,3302.2,333.0
2025-05-28 06:05:00,3302.21,3303.25,3301.98,3302.22,258.0
2025-05-28 06:10:00,3302.14,3303.16,3301.33,3301.67,250.0
2025-05-28 06:15:00,3301.65,3303.2,3297.75,3297.75,315.0
2025-05-28 06:20:00,3297.67,3297.78,3293.38,3296.09,424.0
2025-05-28 06:25:00,3296.01,3296.58,3291.68,3294.0,400.0
2025-05-28 06:30:00,3293.92,3294.6,3292.54,3292.69,318.0
2025-05-28 06:35:00,3292.95,3297.03,3292.52,3296.5,357.0
2025-05-28 06:40:00,3296.41,3298.67,3295.91,3298.05,294.0
2025-05-28 06:45:00,3298.02,3300.34,3296.54,3296.61,351.0
2025-05-28 06:50:00,3296.62,3297.81,3296.29,3296.85,271.0
2025-05-28 06:55:00,3296.8,3298.13,3296.75,3297.77,243.0
2025-05-28 07:00:00,3297.74,3298.43,3296.76,3297.79,280.0
2025-05-28 07:05:00,3297.92,3298.26,3295.99,3296.99,250.0
2025-05-28 07:10:00,3296.87,3298.84,3296.86,3297.1,302.0
2025-05-28 07:15:00,3297.26,3297.55,3294.64,3295.78,248.0
2025-05-28 07:20:00,3295.92,3297.21,3294.4,3294.6,303.0
2025-05-28 07:25:00,3294.61,3295.41,3294.59,3295.06,235.0
2025-05-28 07:30:00,3295.03,3296.7,3294.66,3296.36,215.0
2025-05-28 07:35:00,3296.37,3299.32,3296.24,3297.29,302.0
2025-05-28 07:40:00,3297.31,3297.31,3296.03,3296.5,217.0
2025-05-28 07:45:00,3296.5,3297.57,3295.53,3295.89,222.0
2025-05-28 07:50:00,3295.88,3297.84,3295.88,3297.58,222.0
2025-05-28 07:55:00,3297.57,3297.96,3296.2,3296.41,213.0
2025-05-28 08:00:00,3296.29,3298.65,3296.03,3298.23,264.0
2025-05-28 08:05:00,3298.37,3302.09,3298.33,3300.36,317.0
2025-05-28 08:10:00,3300.31,3303.08,3300.31,3303.08,326.0
2025-05-28 08:15:00,3303.07,3307.08,3303.07,3306.78,385.0
2025-05-28 08:20:00,3306.56,3308.01,3305.68,3306.17,336.0
2025-05-28 08:25:00,3306.18,3310.28,3305.54,3308.71,367.0
2025-05-28 08:30:00,3308.46,3308.46,3305.1,3305.87,348.0
2025-05-28 08:35:00,3305.84,3307.13,3305.36,3306.04,261.0
2025-05-28 08:40:00,3306.13,3309.45,3305.74,3309.21,263.0
2025-05-28 08:45:00,3309.25,3309.25,3305.88,3306.28,314.0
2025-05-28 08:50:00,3306.15,3307.7,3305.39,3307.41,272.0
2025-05-28 08:55:00,3307.53,3308.45,3306.48,3307.24,286.0
2025-05-28 09:00:00,3307.26,3307.96,3303.89,3304.34,363.0
2025-05-28 09:05:00,3304.33,3304.81,3298.91,3300.58,385.0
2025-05-28 09:10:00,3300.61,3300.71,3298.39,3300.14,368.0
2025-05-28 09:15:00,3299.48,3302.52,3298.86,3301.93,369.0
2025-05-28 09:20:00,3302.12,3304.23,3301.9,3303.39,350.0
2025-05-28 09:25:00,3303.28,3305.72,3301.29,3304.16,335.0
2025-05-28 09:30:00,3304.15,3305.37,3303.84,3303.99,280.0
2025-05-28 09:35:00,3304.01,3305.85,3303.31,3304.84,289.0
2025-05-28 09:40:00,3304.75,3306.71,3304.4,3306.61,324.0
2025-05-28 09:45:00,3306.62,3308.7,3305.87,3307.92,325.0
2025-05-28 09:50:00,3308.02,3308.08,3306.72,3307.37,289.0
2025-05-28 09:55:00,3307.28,3308.62,3306.61,3308.33,329.0
2025-05-28 10:00:00,3308.31,3310.53,3307.27,3307.61,370.0
2025-05-28 10:05:00,3307.8,3312.01,3307.6,3309.77,363.0
2025-05-28 10:10:00,3309.77,3313.32,3309.76,3312.95,378.0
2025-05-28 10:15:00,3312.9,3313.16,3311.04,3311.97,342.0
2025-05-28 10:20:00,3311.8,3312.06,3310.61,3310.95,296.0
2025-05-28 10:25:00,3310.97,3311.47,3310.41,3310.69,301.0
2025-05-28 10:30:00,3310.64,3314.21,3310.13,3312.56,363.0
2025-05-28 10:35:00,3312.49,3312.49,3308.88,3310.69,415.0
2025-05-28 10:40:00,3311.36,3317.66,3310.26,3317.47,456.0
2025-05-28 10:45:00,3317.54,3320.32,3317.43,3319.7,396.0
2025-05-28 10:50:00,3319.7,3322.36,3317.98,3321.59,358.0
2025-05-28 10:55:00,3320.82,3321.33,3318.51,3319.27,311.0
2025-05-28 11:00:00,3319.15,3321.39,3317.44,3320.72,369.0
2025-05-28 11:05:00,3320.73,3320.83,3317.9,3320.02,314.0
2025-05-28 11:10:00,3320.14,3323.7,3319.06,3323.7,300.0
2025-05-28 11:15:00,3323.69,3323.77,3319.95,3321.46,373.0
2025-05-28 11:20:00,3321.45,3322.38,3316.51,3318.1,371.0
2025-05-28 11:25:00,3318.06,3319.05,3317.43,3318.5,354.0
2025-05-28 11:30:00,3318.52,3318.94,3316.63,3317.95,340.0
2025-05-28 11:35:00,3317.93,3318.53,3315.99,3317.36,304.0
2025-05-28 11:40:00,3317.33,3317.95,3316.06,3317.53,273.0
2025-05-28 11:45:00,3317.37,3320.88,3315.18,3320.81,344.0
2025-05-28 11:50:00,3320.62,3323.64,3319.45,3322.96,361.0
2025-05-28 11:55:00,3322.53,3323.3,3320.5,3321.57,359.0
2025-05-28 12:00:00,3321.58,3323.31,3321.49,3322.38,303.0
2025-05-28 12:05:00,3322.42,3322.42,3321.01,3321.5,272.0
2025-05-28 12:10:00,3321.46,3321.87,3320.92,3321.62,264.0
2025-05-28 12:15:00,3321.7,3322.38,3321.07,3321.49,241.0
2025-05-28 12:20:00,3321.45,3322.71,3320.15,3322.59,290.0
2025-05-28 12:25:00,3322.56,3323.49,3321.98,3323.43,280.0
2025-05-28 12:30:00,3323.21,3323.46,3321.44,3322.19,324.0
2025-05-28 12:35:00,3322.04,3322.76,3321.39,3321.86,236.0
2025-05-28 12:40:00,3321.86,3322.85,3321.06,3322.63,294.0
2025-05-28 12:45:00,3322.62,3325.44,3322.59,3323.91,331.0
2025-05-28 12:50:00,3323.89,3324.23,3323.48,3323.87,235.0
2025-05-28 12:55:00,3323.86,3325.33,3323.75,3324.1,299.0
2025-05-28 13:00:00,3324.18,3324.57,3323.09,3324.51,237.0
2025-05-28 13:05:00,3324.64,3324.71,3322.7,3323.57,225.0
2025-05-28 13:10:00,3323.56,3323.88,3319.5,3319.5,275.0
2025-05-28 13:15:00,3319.49,3320.45,3318.16,3319.21,318.0
2025-05-28 13:20:00,3319.13,3320.57,3318.42,3320.47,255.0
2025-05-28 13:25:00,3320.47,3321.01,3319.14,3319.48,265.0
2025-05-28 13:30:00,3319.46,3319.49,3317.4,3317.41,319.0
2025-05-28 13:35:00,3317.42,3317.85,3315.23,3315.75,313.0
2025-05-28 13:40:00,3315.71,3316.75,3314.93,3315.84,340.0
2025-05-28 13:45:00,3315.83,3316.04,3311.88,3313.51,323.0
2025-05-28 13:50:00,3313.86,3314.47,3313.45,3313.96,300.0
2025-05-28 13:55:00,3313.9,3315.13,3312.45,3313.41,282.0
2025-05-28 14:00:00,3313.5,3313.71,3311.08,3312.53,318.0
2025-05-28 14:05:00,3312.51,3313.48,3312.19,3312.97,271.0
2025-05-28 14:10:00,3312.97,3313.68,3309.74,3309.9,297.0
2025-05-28 14:15:00,3309.78,3311.66,3309.48,3311.29,308.0
2025-05-28 14:20:00,3311.27,3312.58,3309.88,3311.16,320.0
2025-05-28 14:25:00,3311.46,3313.56,3311.27,3313.19,274.0
2025-05-28 14:30:00,3313.26,3315.09,3313.06,3313.14,337.0
2025-05-28 14:35:00,3313.15,3313.96,3310.23,3311.69,328.0
2025-05-28 14:40:00,3311.69,3312.41,3310.39,3311.41,292.0
2025-05-28 14:45:00,3311.42,3311.42,3307.47,3307.88,302.0
2025-05-28 14:50:00,3307.92,3310.48,3307.86,3309.91,349.0
2025-05-28 14:55:00,3310.0,3311.92,3309.59,3311.19,358.0
2025-05-28 15:00:00,3311.52,3313.56,3311.52,3311.71,337.0
2025-05-28 15:05:00,3311.65,3311.9,3308.07,3309.67,343.0
2025-05-28 15:10:00,3309.81,3309.81,3305.38,3309.2,360.0
2025-05-28 15:15:00,3309.22,3312.08,3309.22,3310.2,319.0
2025-05-28 15:20:00,3310.53,3311.94,3308.07,3308.58,345.0
2025-05-28 15:25:00,3308.62,3311.38,3306.83,3310.92,374.0
2025-05-28 15:30:00,3311.16,3314.52,3311.16,3313.39,358.0
2025-05-28 15:35:00,3313.55,3313.55,3310.8,3311.51,334.0
2025-05-28 15:40:00,3311.64,3313.76,3311.06,3311.59,328.0
2025-05-28 15:45:00,3311.37,3313.1,3310.99,3313.1,342.0
2025-05-28 15:50:00,3313.19,3313.26,3312.18,3312.19,317.0
2025-05-28 15:55:00,3312.15,3313.23,3310.56,3312.27,364.0
2025-05-28 16:00:00,3312.26,3316.28,3310.61,3312.89,409.0
2025-05-28 16:05:00,3312.62,3312.76,3308.23,3309.72,402.0
2025-05-28 16:10:00,3309.52,3309.83,3306.83,3306.96,371.0
2025-05-28 16:15:00,3306.95,3310.45,3304.7,3310.06,381.0
2025-05-28 16:20:00,3310.27,3310.72,3307.5,3308.23,335.0
2025-05-28 16:25:00,3308.32,3309.71,3305.57,3305.94,356.0
2025-05-28 16:30:00,3305.61,3308.52,3304.19,3308.23,430.0
2025-05-28 16:35:00,3308.35,3309.49,3303.51,3303.87,432.0
2025-05-28 16:40:00,3303.71,3303.71,3297.7,3301.34,460.0
2025-05-28 16:45:00,3301.52,3304.55,3301.14,3304.27,422.0
2025-05-28 16:50:00,3304.28,3307.63,3302.96,3306.59,408.0
2025-05-28 16:55:00,3306.59,3306.95,3304.75,3305.15,403.0
2025-05-28 17:00:00,3305.33,3308.47,3300.79,3307.67,427.0
2025-05-28 17:05:00,3307.53,3309.03,3305.0,3305.29,388.0
2025-05-28 17:10:00,3305.32,3305.7,3303.22,3304.07,373.0
2025-05-28 17:15:00,3304.15,3305.56,3302.67,3304.26,347.0
2025-05-28 17:20:00,3304.26,3307.52,3304.09,3307.1,379.0
2025-05-28 17:25:00,3307.19,3308.35,3306.44,3307.83,358.0
2025-05-28 17:30:00,3307.86,3308.34,3305.47,3306.72,375.0
2025-05-28 17:35:00,3306.71,3308.21,3302.47,3303.14,395.0
2025-05-28 17:40:00,3303.18,3305.02,3301.71,3304.23,381.0
2025-05-28 17:45:00,3304.3,3304.63,3300.93,3302.56,398.0
2025-05-28 17:50:00,3302.47,3303.29,3300.64,3301.39,406.0
2025-05-28 17:55:00,3301.32,3303.16,3300.49,3302.58,392.0
2025-05-28 18:00:00,3302.61,3302.72,3295.22,3297.82,413.0
2025-05-28 18:05:00,3297.58,3298.39,3295.52,3298.14,391.0
2025-05-28 18:10:00,3298.16,3300.21,3297.65,3299.09,379.0
2025-05-28 18:15:00,3299.13,3299.48,3297.89,3299.1,381.0
2025-05-28 18:20:00,3299.21,3300.85,3298.51,3298.91,381.0
2025-05-28 18:25:00,3299.04,3299.28,3294.72,3295.09,344.0
2025-05-28 18:30:00,3295.37,3295.44,3292.58,3295.26,373.0
2025-05-28 18:35:00,3295.22,3297.84,3294.33,3295.62,347.0
2025-05-28 18:40:00,3295.58,3296.71,3294.43,3295.47,329.0
2025-05-28 18:45:00,3295.42,3296.0,3294.67,3295.0,322.0
2025-05-28 18:50:00,3295.0,3296.17,3294.02,3295.54,345.0
2025-05-28 18:55:00,3295.55,3296.68,3295.16,3296.04,348.0
2025-05-28 19:00:00,3296.26,3296.61,3294.44,3295.75,342.0
2025-05-28 19:05:00,3295.96,3296.38,3294.75,3295.38,306.0
2025-05-28 19:10:00,3295.37,3297.81,3295.11,3297.32,372.0
2025-05-28 19:15:00,3297.21,3299.21,3296.93,3298.74,311.0
2025-05-28 19:20:00,3298.76,3298.94,3297.61,3298.21,287.0
2025-05-28 19:25:00,3298.22,3298.33,3296.87,3297.43,306.0
2025-05-28 19:30:00,3297.42,3297.48,3294.02,3294.74,329.0
2025-05-28 19:35:00,3294.68,3295.58,3290.82,3293.99,358.0
2025-05-28 19:40:00,3293.98,3294.43,3291.32,3291.53,337.0
2025-05-28 19:45:00,3291.86,3291.86,3288.62,3290.83,379.0
2025-05-28 19:50:00,3290.77,3292.52,3290.63,3292.34,309.0
2025-05-28 19:55:00,3292.41,3293.54,3292.12,3293.44,329.0
2025-05-28 20:00:00,3293.66,3293.73,3292.68,3292.68,316.0
2025-05-28 20:05:00,3292.73,3293.37,3291.61,3291.68,279.0
2025-05-28 20:10:00,3291.7,3295.94,3291.34,3295.94,336.0
2025-05-28 20:15:00,3296.06,3298.42,3295.93,3298.32,344.0
2025-05-28 20:20:00,3298.28,3299.01,3297.96,3298.53,302.0
2025-05-28 20:25:00,3298.52,3298.53,3296.69,3296.79,321.0
2025-05-28 20:30:00,3296.92,3297.47,3295.3,3297.24,315.0
2025-05-28 20:35:00,3297.25,3298.33,3297.06,3297.84,264.0
2025-05-28 20:40:00,3297.85,3298.34,3297.03,3297.38,296.0
2025-05-28 20:45:00,3297.39,3297.76,3295.85,3295.86,280.0
2025-05-28 20:50:00,3295.85,3296.62,3294.67,3296.2,269.0
2025-05-28 20:55:00,3296.2,3297.12,3295.27,3296.83,245.0
2025-05-28 21:00:00,3296.82,3299.27,3296.61,3297.04,286.0
2025-05-28 21:05:00,3297.09,3300.64,3297.09,3300.23,314.0
2025-05-28 21:10:00,3300.21,3300.66,3299.43,3299.43,309.0
2025-05-28 21:15:00,3299.47,3300.24,3298.33,3300.12,300.0
2025-05-28 21:20:00,3299.85,3302.12,3299.63,3302.12,299.0
2025-05-28 21:25:00,3301.93,3302.8,3301.27,3301.62,328.0
2025-05-28 21:30:00,3301.64,3302.33,3300.58,3300.69,298.0
2025-05-28 21:35:00,3300.83,3301.99,3300.74,3301.37,291.0
2025-05-28 21:40:00,3301.39,3302.02,3300.68,3300.71,289.0
2025-05-28 21:45:00,3300.71,3301.4,3299.36,3301.11,298.0
2025-05-28 21:50:00,3301.13,3302.95,3301.01,3302.42,326.0
2025-05-28 21:55:00,3302.4,3302.83,3301.4,3302.27,315.0
2025-05-28 22:00:00,3302.05,3303.04,3300.97,3300.97,337.0
2025-05-28 22:05:00,3301.0,3301.38,3299.13,3299.47,321.0
2025-05-28 22:10:00,3299.51,3299.77,3295.5,3295.77,348.0
2025-05-28 22:15:00,3295.78,3297.92,3294.68,3296.72,337.0
2025-05-28 22:20:00,3296.72,3298.49,3296.32,3297.53,278.0
2025-05-28 22:25:00,3297.46,3297.48,3294.09,3294.1,323.0
2025-05-28 22:30:00,3294.1,3296.03,3293.88,3295.69,325.0
2025-05-28 22:35:00,3295.68,3297.27,3295.16,3297.13,302.0
2025-05-28 22:40:00,3297.13,3297.91,3294.46,3294.83,343.0
2025-05-28 22:45:00,3294.94,3296.64,3294.44,3296.53,302.0
2025-05-28 22:50:00,3296.74,3297.58,3295.36,3297.58,326.0
2025-05-28 22:55:00,3297.58,3298.28,3296.63,3297.02,356.0
2025-05-28 23:00:00,3297.14,3297.28,3295.23,3296.13,226.0
2025-05-28 23:05:00,3296.13,3297.01,3295.75,3296.17,176.0
2025-05-28 23:10:00,3296.2,3296.2,3292.88,3294.12,215.0
2025-05-28 23:15:00,3294.1,3296.1,3294.1,3295.75,191.0
2025-05-28 23:20:00,3295.63,3296.26,3295.13,3295.8,172.0
2025-05-28 23:25:00,3295.78,3296.82,3295.49,3296.82,143.0
2025-05-28 23:30:00,3296.89,3297.24,3295.8,3297.07,142.0
2025-05-28 23:35:00,3297.08,3297.1,3295.42,3295.48,110.0
2025-05-28 23:40:00,3295.51,3295.58,3293.9,3293.99,164.0
2025-05-28 23:45:00,3294.01,3294.22,3290.94,3290.99,164.0
2025-05-28 23:50:00,3290.98,3291.88,3276.94,3287.12,353.0
2025-05-28 23:55:00,3286.25,3288.64,3285.28,3288.64,309.0
2025-05-29 01:00:00,3287.71,3290.36,3286.31,3289.53,310.0
2025-05-29 01:05:00,3289.91,3295.15,3288.67,3291.37,251.0
2025-05-29 01:10:00,3291.38,3294.04,3290.18,3290.34,205.0
2025-05-29 01:15:00,3290.36,3290.8,3288.71,3289.64,171.0
2025-05-29 01:20:00,3289.64,3290.11,3282.12,3287.11,275.0
2025-05-29 01:25:00,3286.98,3287.24,3284.52,3285.43,305.0
2025-05-29 01:30:00,3285.49,3287.36,3282.77,3286.82,322.0
2025-05-29 01:35:00,3286.85,3287.21,3284.26,3286.84,301.0
2025-05-29 01:40:00,3286.75,3286.99,3285.28,3285.84,235.0
2025-05-29 01:45:00,3285.84,3286.16,3284.66,3285.91,229.0
2025-05-29 01:50:00,3285.93,3287.68,3285.31,3287.04,228.0
2025-05-29 01:55:00,3287.04,3288.51,3286.25,3286.65,255.0
2025-05-29 02:00:00,3286.58,3287.69,3282.27,3282.29,335.0
2025-05-29 02:05:00,3282.34,3282.83,3275.49,3277.04,379.0
2025-05-29 02:10:00,3277.21,3277.31,3265.95,3270.28,517.0
2025-05-29 02:15:00,3270.29,3271.61,3263.41,3270.27,488.0
2025-05-29 02:20:00,3270.31,3270.78,3261.34,3263.12,473.0
2025-05-29 02:25:00,3263.58,3266.2,3262.66,3266.12,405.0
2025-05-29 02:30:00,3266.23,3268.27,3260.29,3260.38,409.0
2025-05-29 02:35:00,3260.46,3262.16,3255.83,3259.03,512.0
2025-05-29 02:40:00,3259.25,3259.25,3250.33,3252.68,488.0
2025-05-29 02:45:00,3252.66,3259.61,3251.92,3259.12,494.0
2025-05-29 02:50:00,3258.92,3263.12,3258.6,3261.59,486.0
2025-05-29 02:55:00,3261.43,3261.68,3258.46,3259.87,439.0
2025-05-29 03:00:00,3259.94,3263.89,3256.51,3262.84,517.0
2025-05-29 03:05:00,3262.53,3264.66,3259.62,3261.57,465.0
2025-05-29 03:10:00,3261.78,3261.8,3257.44,3260.7,472.0
2025-05-29 03:15:00,3260.61,3261.28,3253.83,3258.27,503.0
2025-05-29 03:20:00,3258.48,3261.02,3258.06,3258.87,446.0
2025-05-29 03:25:00,3258.9,3262.72,3258.39,3261.47,461.0
2025-05-29 03:30:00,3261.48,3263.81,3260.05,3260.39,438.0
2025-05-29 03:35:00,3260.15,3265.4,3258.54,3264.31,452.0
2025-05-29 03:40:00,3264.3,3267.83,3263.81,3266.9,440.0
2025-05-29 03:45:00,3266.96,3268.25,3263.7,3268.07,482.0
2025-05-29 03:50:00,3268.2,3269.05,3266.99,3268.27,454.0
2025-05-29 03:55:00,3268.08,3268.38,3261.38,3264.81,459.0
2025-05-29 04:00:00,3265.03,3265.76,3254.35,3255.25,521.0
2025-05-29 04:05:00,3255.29,3256.51,3249.35,3255.56,516.0
2025-05-29 04:10:00,3255.49,3256.05,3251.96,3252.58,474.0
2025-05-29 04:15:00,3252.88,3253.03,3245.52,3247.79,501.0
2025-05-29 04:20:00,3247.72,3255.4,3247.72,3255.4,448.0
2025-05-29 04:25:00,3255.31,3257.28,3252.28,3256.33,459.0
2025-05-29 04:30:00,3256.31,3258.08,3248.24,3249.42,440.0
2025-05-29 04:35:00,3249.31,3256.31,3248.65,3255.45,461.0
2025-05-29 04:40:00,3255.15,3255.89,3251.92,3251.92,450.0
2025-05-29 04:45:00,3252.02,3258.92,3252.02,3258.54,444.0
2025-05-29 04:50:00,3258.47,3263.59,3257.96,3262.31,464.0
2025-05-29 04:55:00,3262.46,3264.34,3260.29,3263.55,480.0
2025-05-29 05:00:00,3263.56,3264.57,3262.35,3262.51,446.0
2025-05-29 05:05:00,3262.63,3266.15,3261.04,3265.34,415.0
2025-05-29 05:10:00,3265.33,3265.39,3262.4,3264.24,429.0
2025-05-29 05:15:00,3264.46,3266.03,3263.57,3264.29,358.0
2025-05-29 05:20:00,3264.23,3266.01,3263.68,3263.8,363.0
2025-05-29 05:25:00,3263.78,3265.65,3261.59,3265.4,426.0
2025-05-29 05:30:00,3265.41,3266.41,3262.42,3262.78,437.0
2025-05-29 05:35:00,3262.87,3265.37,3262.84,3265.0,353.0
2025-05-29 05:40:00,3265.0,3269.83,3264.99,3269.52,409.0
2025-05-29 05:45:00,3269.51,3275.39,3269.51,3272.28,457.0
2025-05-29 05:50:00,3272.3,3272.81,3269.41,3271.15,445.0
2025-05-29 05:55:00,3271.15,3271.88,3269.7,3269.95,396.0
2025-05-29 06:00:00,3269.97,3271.44,3268.1,3271.07,388.0
2025-05-29 06:05:00,3271.08,3271.84,3269.28,3271.23,391.0
2025-05-29 06:10:00,3271.24,3273.66,3269.84,3270.24,385.0
2025-05-29 06:15:00,3270.24,3272.27,3269.67,3272.15,366.0
2025-05-29 06:20:00,3272.08,3277.35,3272.07,3277.1,404.0
2025-05-29 06:25:00,3276.94,3277.04,3274.07,3274.35,387.0
2025-05-29 06:30:00,3274.23,3275.83,3274.14,3275.15,363.0
2025-05-29 06:35:00,3275.06,3276.25,3274.14,3276.03,340.0
2025-05-29 06:40:00,3276.05,3278.23,3275.5,3277.98,308.0
2025-05-29 06:45:00,3278.08,3280.09,3275.79,3275.88,389.0
2025-05-29 06:50:00,3275.9,3276.99,3274.38,3275.66,379.0
2025-05-29 06:55:00,3275.62,3275.65,3273.5,3274.56,361.0
2025-05-29 07:00:00,3274.58,3275.39,3273.43,3274.36,365.0
2025-05-29 07:05:00,3274.39,3275.06,3272.34,3272.39,288.0
2025-05-29 07:10:00,3272.47,3274.51,3272.39,3273.79,306.0
2025-05-29 07:15:00,3273.75,3274.99,3272.81,3273.69,330.0
2025-05-29 07:20:00,3273.7,3274.82,3273.12,3273.93,285.0
2025-05-29 07:25:00,3273.93,3274.97,3272.8,3274.97,301.0
2025-05-29 07:30:00,3274.97,3275.37,3272.64,3273.29,304.0
2025-05-29 07:35:00,3273.27,3273.68,3271.89,3273.38,268.0
2025-05-29 07:40:00,3273.37,3274.2,3272.14,3273.55,334.0
2025-05-29 07:45:00,3273.42,3274.28,3271.86,3273.27,364.0
2025-05-29 07:50:00,3273.26,3273.83,3270.29,3270.95,374.0
2025-05-29 07:55:00,3271.13,3272.0,3269.08,3269.13,328.0
2025-05-29 08:00:00,3269.28,3269.98,3268.65,3269.78,309.0
2025-05-29 08:05:00,3270.06,3270.69,3268.47,3268.52,262.0
2025-05-29 08:10:00,3268.53,3271.94,3268.45,3271.08,323.0
2025-05-29 08:15:00,3271.09,3271.89,3269.81,3271.08,369.0
2025-05-29 08:20:00,3271.39,3271.77,3269.2,3269.77,325.0
2025-05-29 08:25:00,3269.78,3272.17,3269.53,3271.94,312.0
2025-05-29 08:30:00,3271.92,3271.94,3269.85,3270.54,424.0
2025-05-29 08:35:00,3270.54,3270.71,3266.04,3266.52,425.0
2025-05-29 08:40:00,3266.51,3268.4,3266.23,3268.15,389.0
2025-05-29 08:45:00,3268.29,3269.3,3266.51,3266.53,343.0
2025-05-29 08:50:00,3266.51,3269.58,3266.35,3269.58,370.0
2025-05-29 08:55:00,3269.57,3272.7,3268.53,3272.48,403.0
2025-05-29 09:00:00,3272.51,3276.35,3272.01,3274.35,460.0
2025-05-29 09:05:00,3274.34,3274.34,3270.35,3270.35,424.0
2025-05-29 09:10:00,3270.42,3271.33,3268.09,3268.79,423.0
2025-05-29 09:15:00,3268.68,3272.72,3268.3,3272.71,371.0
2025-05-29 09:20:00,3272.63,3274.66,3270.86,3273.99,414.0
2025-05-29 09:25:00,3274.2,3274.31,3272.2,3273.84,399.0
2025-05-29 09:30:00,3273.68,3274.29,3272.82,3273.45,383.0
2025-05-29 09:35:00,3273.36,3273.36,3271.19,3271.6,347.0
2025-05-29 09:40:00,3271.67,3272.71,3270.85,3271.42,369.0
2025-05-29 09:45:00,3271.39,3273.39,3270.57,3270.97,376.0
2025-05-29 09:50:00,3271.04,3272.41,3270.58,3271.77,371.0
2025-05-29 09:55:00,3271.8,3272.23,3270.9,3271.61,406.0
2025-05-29 10:00:00,3271.78,3274.51,3271.78,3274.42,426.0
2025-05-29 10:05:00,3274.42,3275.9,3274.13,3274.86,351.0
2025-05-29 10:10:00,3274.99,3278.24,3274.65,3278.24,364.0
2025-05-29 10:15:00,3278.14,3282.82,3278.14,3278.68,439.0
2025-05-29 10:20:00,3278.66,3281.56,3278.33,3281.25,377.0
2025-05-29 10:25:00,3281.19,3283.33,3280.89,3281.13,386.0
2025-05-29 10:30:00,3281.0,3281.68,3276.88,3277.17,377.0
2025-05-29 10:35:00,3277.14,3279.12,3276.63,3277.85,356.0
2025-05-29 10:40:00,3277.77,3279.79,3277.7,3279.7,332.0
2025-05-29 10:45:00,3279.68,3281.46,3279.23,3280.95,355.0
2025-05-29 10:50:00,3280.95,3284.86,3280.94,3284.49,400.0
2025-05-29 10:55:00,3284.48,3287.42,3283.95,3286.62,417.0
2025-05-29 11:00:00,3286.28,3289.25,3284.9,3285.93,420.0
2025-05-29 11:05:00,3285.95,3286.66,3284.26,3284.81,381.0
2025-05-29 11:10:00,3284.82,3286.69,3283.8,3284.21,381.0
2025-05-29 11:15:00,3284.14,3284.8,3282.36,3283.08,319.0
2025-05-29 11:20:00,3283.31,3283.59,3281.46,3282.01,376.0
2025-05-29 11:25:00,3282.0,3284.42,3281.54,3283.46,388.0
2025-05-29 11:30:00,3283.21,3284.01,3280.65,3280.95,369.0
2025-05-29 11:35:00,3280.97,3281.39,3278.75,3279.69,346.0
2025-05-29 11:40:00,3279.75,3280.51,3278.21,3280.45,337.0
2025-05-29 11:45:00,3280.4,3281.36,3279.61,3280.25,341.0
2025-05-29 11:50:00,3280.24,3280.76,3279.67,3280.34,329.0
2025-05-29 11:55:00,3280.28,3282.17,3280.18,3281.75,340.0
2025-05-29 12:00:00,3281.67,3282.2,3280.64,3280.95,343.0
2025-05-29 12:05:00,3281.08,3281.37,3279.47,3280.11,280.0
2025-05-29 12:10:00,3280.12,3280.47,3278.85,3279.38,279.0
2025-05-29 12:15:00,3279.38,3280.21,3278.37,3279.46,349.0
2025-05-29 12:20:00,3279.45,3279.75,3276.87,3277.11,348.0
2025-05-29 12:25:00,3277.09,3279.63,3276.25,3278.59,387.0
2025-05-29 12:30:00,3278.46,3281.56,3278.18,3281.56,353.0
2025-05-29 12:35:00,3281.47,3283.21,3281.29,3281.78,346.0
2025-05-29 12:40:00,3281.79,3282.76,3281.58,3281.78,299.0
2025-05-29 12:45:00,3281.77,3282.18,3279.74,3280.08,319.0
2025-05-29 12:50:00,3280.08,3282.02,3279.74,3281.42,344.0
2025-05-29 12:55:00,3281.39,3282.19,3280.22,3282.05,339.0
2025-05-29 13:00:00,3282.07,3287.17,3281.98,3285.29,419.0
2025-05-29 13:05:00,3285.4,3287.5,3284.9,3287.28,372.0
2025-05-29 13:10:00,3287.28,3289.1,3286.88,3288.76,396.0
2025-05-29 13:15:00,3288.87,3294.81,3288.71,3294.67,423.0
2025-05-29 13:20:00,3294.73,3297.8,3294.53,3297.09,437.0
2025-05-29 13:25:00,3297.08,3299.4,3296.18,3298.32,432.0
2025-05-29 13:30:00,3298.38,3299.33,3296.75,3298.54,410.0
2025-05-29 13:35:00,3298.55,3298.95,3297.21,3298.04,355.0
2025-05-29 13:40:00,3298.09,3298.09,3296.45,3297.05,361.0
2025-05-29 13:45:00,3297.15,3297.55,3295.47,3296.83,371.0
2025-05-29 13:50:00,3296.84,3299.47,3296.54,3299.47,337.0
2025-05-29 13:55:00,3299.47,3300.73,3296.6,3296.68,402.0
2025-05-29 14:00:00,3296.64,3298.79,3296.14,3297.53,404.0
2025-05-29 14:05:00,3297.56,3299.84,3296.19,3297.39,400.0
2025-05-29 14:10:00,3297.41,3297.82,3296.04,3296.76,320.0
2025-05-29 14:15:00,3296.75,3298.02,3295.42,3296.56,365.0
2025-05-29 14:20:00,3296.73,3298.83,3296.61,3298.57,318.0
2025-05-29 14:25:00,3298.77,3302.39,3297.85,3302.25,376.0
2025-05-29 14:30:00,3302.26,3304.69,3300.97,3301.93,461.0
2025-05-29 14:35:00,3301.94,3302.07,3299.04,3300.17,398.0
2025-05-29 14:40:00,3300.23,3302.16,3299.86,3301.4,389.0
2025-05-29 14:45:00,3301.4,3304.96,3300.88,3304.96,381.0
2025-05-29 14:50:00,3304.91,3305.46,3300.86,3301.21,413.0
2025-05-29 14:55:00,3301.08,3301.08,3299.34,3299.74,396.0
2025-05-29 15:00:00,3300.02,3302.66,3298.66,3302.11,448.0
2025-05-29 15:05:00,3302.18,3303.4,3300.04,3302.17,454.0
2025-05-29 15:10:00,3302.14,3304.75,3302.14,3304.3,463.0
2025-05-29 15:15:00,3304.4,3310.45,3304.37,3308.76,495.0
2025-05-29 15:20:00,3308.83,3311.39,3307.99,3309.64,473.0
2025-05-29 15:25:00,3309.6,3310.48,3307.94,3309.9,420.0
2025-05-29 15:30:00,3309.44,3313.52,3309.44,3312.92,488.0
2025-05-29 15:35:00,3313.18,3314.82,3311.13,3311.57,474.0
2025-05-29 15:40:00,3311.86,3313.95,3309.82,3313.64,478.0
2025-05-29 15:45:00,3313.61,3315.66,3311.96,3312.15,485.0
2025-05-29 15:50:00,3312.19,3312.25,3309.88,3311.68,464.0
2025-05-29 15:55:00,3311.71,3317.49,3311.58,3316.45,490.0
2025-05-29 16:00:00,3316.52,3318.49,3310.8,3311.4,535.0
2025-05-29 16:05:00,3311.35,3312.74,3310.45,3311.1,489.0
2025-05-29 16:10:00,3311.07,3315.05,3310.44,3311.03,499.0
2025-05-29 16:15:00,3310.94,3314.55,3310.33,3314.37,481.0
2025-05-29 16:20:00,3314.29,3318.59,3314.21,3317.78,464.0
2025-05-29 16:25:00,3317.5,3319.04,3317.24,3318.99,460.0
2025-05-29 16:30:00,3319.0,3322.02,3317.3,3317.6,544.0
2025-05-29 16:35:00,3317.52,3320.53,3314.45,3315.12,509.0
2025-05-29 16:40:00,3314.73,3316.2,3312.29,3312.8,517.0
2025-05-29 16:45:00,3312.62,3315.86,3311.7,3314.84,510.0
2025-05-29 16:50:00,3314.77,3320.03,3314.12,3319.95,507.0
2025-05-29 16:55:00,3319.85,3320.25,3311.89,3312.6,492.0
2025-05-29 17:00:00,3313.49,3314.92,3309.97,3312.63,506.0
2025-05-29 17:05:00,3312.54,3318.32,3312.54,3317.74,505.0
2025-05-29 17:10:00,3317.73,3319.48,3315.63,3317.53,455.0
2025-05-29 17:15:00,3317.46,3317.87,3315.64,3316.45,438.0
2025-05-29 17:20:00,3316.47,3317.8,3313.13,3314.88,467.0
2025-05-29 17:25:00,3314.92,3314.92,3310.05,3310.94,465.0
2025-05-29 17:30:00,3310.87,3312.48,3307.23,3312.48,481.0
2025-05-29 17:35:00,3312.48,3312.48,3308.5,3308.85,470.0
2025-05-29 17:40:00,3308.84,3308.84,3304.8,3308.04,489.0
2025-05-29 17:45:00,3308.22,3312.76,3307.78,3312.36,472.0
2025-05-29 17:50:00,3312.36,3313.44,3310.74,3311.41,445.0
2025-05-29 17:55:00,3311.34,3313.8,3310.13,3310.3,451.0
2025-05-29 18:00:00,3310.32,3314.77,3309.78,3314.69,454.0
2025-05-29 18:05:00,3314.83,3317.03,3314.07,3316.91,435.0
2025-05-29 18:10:00,3316.93,3317.59,3314.88,3316.25,428.0
2025-05-29 18:15:00,3316.27,3317.5,3315.28,3315.93,408.0
2025-05-29 18:20:00,3315.92,3316.29,3314.72,3315.86,368.0
2025-05-29 18:25:00,3315.87,3316.72,3314.78,3316.28,379.0
2025-05-29 18:30:00,3316.28,3317.12,3315.55,3315.97,391.0
2025-05-29 18:35:00,3316.05,3318.15,3315.5,3316.83,386.0
2025-05-29 18:40:00,3317.03,3317.21,3314.85,3317.0,380.0
2025-05-29 18:45:00,3317.0,3319.53,3316.88,3319.38,406.0
2025-05-29 18:50:00,3319.27,3319.63,3316.86,3318.4,407.0
2025-05-29 18:55:00,3318.72,3321.97,3318.67,3321.62,459.0
2025-05-29 19:00:00,3321.89,3326.32,3319.79,3326.3,489.0
2025-05-29 19:05:00,3326.26,3328.44,3325.39,3326.09,486.0
2025-05-29 19:10:00,3326.0,3329.49,3324.37,3329.49,424.0
2025-05-29 19:15:00,3329.56,3331.23,3326.13,3327.49,435.0
2025-05-29 19:20:00,3327.5,3328.11,3324.72,3325.17,373.0
2025-05-29 19:25:00,3325.16,3326.38,3325.15,3326.05,350.0
2025-05-29 19:30:00,3326.29,3327.24,3325.69,3326.15,338.0
2025-05-29 19:35:00,3326.03,3326.38,3324.87,3324.87,333.0
2025-05-29 19:40:00,3324.88,3327.23,3324.64,3326.35,373.0
2025-05-29 19:45:00,3326.14,3326.84,3324.27,3324.27,366.0
2025-05-29 19:50:00,3324.31,3324.7,3322.48,3322.67,383.0
2025-05-29 19:55:00,3323.12,3323.36,3321.59,3322.26,378.0
2025-05-29 20:00:00,3322.28,3323.27,3321.43,3321.6,381.0
2025-05-29 20:05:00,3321.61,3322.95,3320.68,3320.71,373.0
2025-05-29 20:10:00,3320.67,3322.58,3319.92,3321.92,405.0
2025-05-29 20:15:00,3321.96,3322.34,3320.04,3320.51,349.0
2025-05-29 20:20:00,3320.7,3322.2,3320.18,3321.72,328.0
2025-05-29 20:25:00,3321.9,3321.94,3318.83,3318.88,367.0
2025-05-29 20:30:00,3318.98,3320.65,3318.12,3320.41,373.0
2025-05-29 20:35:00,3320.32,3321.48,3319.95,3320.05,352.0
2025-05-29 20:40:00,3320.22,3323.0,3319.6,3322.98,358.0
2025-05-29 20:45:00,3322.99,3324.05,3322.65,3323.71,390.0
2025-05-29 20:50:00,3323.7,3323.7,3321.48,3321.48,309.0
2025-05-29 20:55:00,3321.49,3324.42,3321.49,3324.21,350.0
2025-05-29 21:00:00,3324.21,3325.74,3322.01,3322.99,390.0
2025-05-29 21:05:00,3323.02,3323.95,3322.25,3322.72,340.0
2025-05-29 21:10:00,3322.76,3322.78,3319.87,3321.49,372.0
2025-05-29 21:15:00,3321.52,3321.83,3320.36,3320.55,378.0
2025-05-29 21:20:00,3320.57,3321.02,3317.59,3317.88,332.0
2025-05-29 21:25:00,3317.86,3319.67,3317.86,3319.12,358.0
2025-05-29 21:30:00,3319.02,3320.08,3318.27,3319.0,330.0
2025-05-29 21:35:00,3319.0,3320.54,3318.96,3319.54,303.0
2025-05-29 21:40:00,3319.46,3321.22,3319.07,3321.15,353.0
2025-05-29 21:45:00,3321.17,3321.28,3320.03,3321.04,320.0
2025-05-29 21:50:00,3321.06,3321.06,3320.23,3320.68,347.0
2025-05-29 21:55:00,3320.66,3321.56,3319.98,3321.13,319.0
2025-05-29 22:00:00,3321.1,3321.47,3319.75,3320.14,306.0
2025-05-29 22:05:00,3320.13,3320.72,3319.22,3320.39,328.0
2025-05-29 22:10:00,3320.39,3320.42,3318.73,3319.54,321.0
2025-05-29 22:15:00,3319.53,3319.62,3317.14,3317.85,330.0
2025-05-29 22:20:00,3317.88,3319.12,3317.31,3318.97,310.0
2025-05-29 22:25:00,3319.09,3319.57,3318.18,3319.17,308.0
2025-05-29 22:30:00,3319.17,3319.27,3317.26,3317.39,350.0
2025-05-29 22:35:00,3317.4,3318.28,3316.39,3316.65,319.0
2025-05-29 22:40:00,3316.59,3317.07,3315.56,3316.28,338.0
2025-05-29 22:45:00,3316.33,3317.52,3315.62,3316.47,326.0
2025-05-29 22:50:00,3316.34,3316.65,3315.74,3315.92,342.0
2025-05-29 22:55:00,3316.16,3317.14,3316.13,3316.59,350.0
2025-05-29 23:00:00,3316.54,3316.75,3315.85,3316.66,216.0
2025-05-29 23:05:00,3316.55,3317.27,3316.15,3316.48,139.0
2025-05-29 23:10:00,3316.47,3316.47,3315.51,3316.25,149.0
2025-05-29 23:15:00,3316.19,3316.19,3315.64,3315.68,94.0
2025-05-29 23:20:00,3315.7,3316.79,3315.31,3316.68,190.0
2025-05-29 23:25:00,3316.69,3317.85,3316.06,3317.85,182.0
2025-05-29 23:30:00,3317.82,3318.12,3317.24,3317.31,142.0
2025-05-29 23:35:00,3317.24,3317.52,3316.49,3316.52,120.0
2025-05-29 23:40:00,3316.52,3317.09,3315.86,3316.72,130.0
2025-05-29 23:45:00,3316.69,3317.95,3316.2,3317.94,140.0
2025-05-29 23:50:00,3317.87,3318.28,3317.49,3318.23,171.0
2025-05-29 23:55:00,3318.02,3318.22,3317.23,3317.56,102.0
2025-05-30 01:00:00,3318.43,3320.96,3317.69,3317.9,212.0
2025-05-30 01:05:00,3317.68,3317.92,3315.97,3315.99,126.0
2025-05-30 01:10:00,3316.1,3317.35,3316.06,3316.56,144.0
2025-05-30 01:15:00,3316.57,3317.59,3316.32,3316.74,135.0
2025-05-30 01:20:00,3316.76,3317.72,3316.32,3317.52,130.0
2025-05-30 01:25:00,3317.6,3317.91,3317.22,3317.56,155.0
2025-05-30 01:30:00,3317.56,3317.94,3316.89,3317.11,172.0
2025-05-30 01:35:00,3317.17,3317.17,3315.56,3315.58,167.0
2025-05-30 01:40:00,3315.44,3316.78,3314.87,3316.59,250.0
2025-05-30 01:45:00,3316.59,3317.95,3316.34,3316.39,252.0
2025-05-30 01:50:00,3316.39,3316.65,3315.07,3315.22,185.0
2025-05-30 01:55:00,3315.16,3315.21,3313.64,3314.32,248.0
2025-05-30 02:00:00,3314.48,3315.88,3314.48,3314.67,206.0
2025-05-30 02:05:00,3314.71,3315.78,3313.85,3315.3,198.0
2025-05-30 02:10:00,3315.29,3315.29,3313.55,3314.73,212.0
2025-05-30 02:15:00,3314.75,3314.8,3313.74,3313.84,180.0
2025-05-30 02:20:00,3313.85,3315.14,3313.63,3314.72,231.0
2025-05-30 02:25:00,3314.71,3317.24,3314.44,3315.71,190.0
2025-05-30 02:30:00,3315.79,3316.45,3314.18,3314.9,265.0
2025-05-30 02:35:00,3314.91,3315.32,3314.14,3314.33,169.0
2025-05-30 02:40:00,3314.32,3314.59,3312.93,3314.3,211.0
2025-05-30 02:45:00,3314.33,3314.86,3313.78,3314.29,216.0
2025-05-30 02:50:00,3314.28,3315.25,3314.18,3315.02,187.0
2025-05-30 02:55:00,3315.05,3316.05,3314.96,3315.54,280.0
2025-05-30 03:00:00,3315.68,3318.42,3315.33,3318.12,386.0
2025-05-30 03:05:00,3318.12,3318.83,3316.08,3316.32,284.0
2025-05-30 03:10:00,3316.32,3316.38,3313.53,3314.23,295.0
2025-05-30 03:15:00,3314.28,3314.86,3313.44,3314.33,287.0
2025-05-30 03:20:00,3314.24,3314.48,3312.11,3313.44,290.0
2025-05-30 03:25:00,3313.41,3314.33,3313.01,3313.42,318.0
2025-05-30 03:30:00,3313.31,3313.7,3311.71,3311.89,301.0
2025-05-30 03:35:00,3311.89,3312.87,3310.45,3312.73,353.0
2025-05-30 03:40:00,3312.86,3313.74,3312.23,3313.36,272.0
2025-05-30 03:45:00,3313.21,3314.18,3312.67,3313.67,284.0
2025-05-30 03:50:00,3313.54,3313.54,3309.65,3312.19,369.0
2025-05-30 03:55:00,3312.21,3312.81,3311.46,3312.52,323.0
2025-05-30 04:00:00,3312.51,3315.49,3311.67,3312.43,413.0
2025-05-30 04:05:00,3312.54,3317.42,3312.22,3315.86,423.0
2025-05-30 04:10:00,3315.79,3318.51,3314.84,3316.2,401.0
2025-05-30 04:15:00,3316.19,3320.46,3316.11,3319.9,405.0
2025-05-30 04:20:00,3319.76,3322.7,3317.92,3317.93,442.0
2025-05-30 04:25:00,3317.91,3317.99,3314.87,3316.45,381.0
2025-05-30 04:30:00,3316.31,3317.23,3312.28,3315.2,418.0
2025-05-30 04:35:00,3314.87,3317.23,3312.24,3314.59,415.0
2025-05-30 04:40:00,3314.59,3314.93,3310.35,3312.47,414.0
2025-05-30 04:45:00,3312.43,3312.43,3309.58,3310.46,367.0
2025-05-30 04:50:00,3310.51,3311.23,3308.16,3309.93,383.0
2025-05-30 04:55:00,3309.74,3310.91,3308.75,3310.07,417.0
2025-05-30 05:00:00,3309.71,3312.18,3306.68,3306.97,410.0
2025-05-30 05:05:00,3307.15,3309.32,3307.09,3308.1,387.0
2025-05-30 05:10:00,3308.12,3308.17,3302.54,3305.56,449.0
2025-05-30 05:15:00,3305.68,3306.11,3303.41,3305.52,354.0
2025-05-30 05:20:00,3305.64,3305.64,3300.06,3302.06,380.0
2025-05-30 05:25:00,3302.14,3303.31,3299.59,3301.88,432.0
2025-05-30 05:30:00,3301.91,3302.16,3299.52,3301.91,408.0
2025-05-30 05:35:00,3302.03,3303.89,3299.77,3300.56,405.0
2025-05-30 05:40:00,3300.48,3301.24,3298.68,3300.36,397.0
2025-05-30 05:45:00,3300.31,3300.42,3296.54,3297.48,345.0
2025-05-30 05:50:00,3297.39,3297.97,3295.16,3296.43,397.0
2025-05-30 05:55:00,3296.35,3297.62,3295.06,3297.19,328.0
2025-05-30 06:00:00,3297.29,3300.15,3296.23,3298.48,387.0
2025-05-30 06:05:00,3298.5,3301.67,3297.8,3301.44,372.0
2025-05-30 06:10:00,3301.35,3302.31,3299.8,3300.15,350.0
2025-05-30 06:15:00,3300.4,3300.78,3298.82,3298.91,313.0
2025-05-30 06:20:00,3298.84,3299.45,3297.96,3298.69,325.0
2025-05-30 06:25:00,3298.7,3300.06,3296.8,3296.81,323.0
2025-05-30 06:30:00,3296.8,3299.43,3296.51,3299.14,318.0
2025-05-30 06:35:00,3299.12,3299.13,3297.0,3297.45,272.0
2025-05-30 06:40:00,3297.38,3297.38,3293.67,3293.82,332.0
2025-05-30 06:45:00,3293.76,3294.13,3291.27,3291.86,386.0
2025-05-30 06:50:00,3291.68,3296.37,3291.58,3296.22,345.0
2025-05-30 06:55:00,3296.26,3296.26,3293.42,3294.5,304.0
2025-05-30 07:00:00,3294.5,3295.08,3292.94,3293.22,270.0
2025-05-30 07:05:00,3293.2,3294.26,3292.13,3292.55,262.0
2025-05-30 07:10:00,3292.56,3294.18,3292.34,3293.91,253.0
2025-05-30 07:15:00,3293.92,3295.15,3293.46,3294.74,263.0
2025-05-30 07:20:00,3294.67,3294.87,3293.6,3294.41,265.0
2025-05-30 07:25:00,3294.37,3295.51,3293.71,3294.77,296.0
2025-05-30 07:30:00,3294.79,3294.93,3292.99,3293.77,262.0
2025-05-30 07:35:00,3293.74,3293.88,3291.62,3293.28,274.0
2025-05-30 07:40:00,3293.26,3294.11,3292.45,3292.45,260.0
2025-05-30 07:45:00,3292.53,3294.67,3292.33,3294.4,251.0
2025-05-30 07:50:00,3294.26,3294.67,3293.72,3294.22,230.0
2025-05-30 07:55:00,3294.1,3296.36,3293.97,3296.28,239.0
2025-05-30 08:00:00,3296.22,3296.32,3293.79,3294.11,300.0
2025-05-30 08:05:00,3294.06,3294.06,3290.25,3292.44,343.0
2025-05-30 08:10:00,3292.44,3293.56,3290.82,3292.37,261.0
2025-05-30 08:15:00,3292.38,3293.29,3291.45,3292.89,240.0
2025-05-30 08:20:00,3292.85,3295.83,3292.85,3295.34,310.0
2025-05-30 08:25:00,3295.44,3298.75,3294.93,3296.87,342.0
2025-05-30 08:30:00,3296.88,3299.33,3296.79,3298.69,353.0
2025-05-30 08:35:00,3298.69,3300.14,3297.24,3300.08,348.0
2025-05-30 08:40:00,3300.16,3300.34,3298.01,3299.29,341.0
2025-05-30 08:45:00,3299.24,3300.79,3297.73,3300.77,294.0
2025-05-30 08:50:00,3300.78,3303.25,3300.52,3302.97,367.0
2025-05-30 08:55:00,3302.94,3305.02,3302.94,3303.88,388.0
2025-05-30 09:00:00,3303.75,3304.21,3300.98,3301.7,361.0
2025-05-30 09:05:00,3301.52,3301.52,3295.57,3295.9,399.0
2025-05-30 09:10:00,3296.06,3296.06,3291.55,3294.2,449.0
2025-05-30 09:15:00,3294.24,3297.07,3293.55,3294.35,379.0
2025-05-30 09:20:00,3294.5,3295.13,3293.12,3294.35,359.0
2025-05-30 09:25:00,3294.33,3294.4,3290.46,3291.13,400.0
2025-05-30 09:30:00,3291.16,3296.04,3291.01,3294.72,395.0
2025-05-30 09:35:00,3294.76,3297.98,3294.44,3297.69,366.0
2025-05-30 09:40:00,3297.77,3298.48,3295.83,3295.9,362.0
2025-05-30 09:45:00,3295.9,3297.81,3294.58,3297.68,386.0
2025-05-30 09:50:00,3297.65,3301.1,3297.5,3300.98,367.0
2025-05-30 09:55:00,3300.99,3302.1,3299.94,3301.71,389.0
2025-05-30 10:00:00,3301.62,3301.62,3293.61,3296.27,445.0
2025-05-30 10:05:00,3296.37,3296.94,3293.29,3293.77,414.0
2025-05-30 10:10:00,3293.77,3294.99,3287.51,3292.08,447.0
2025-05-30 10:15:00,3292.13,3294.64,3290.49,3294.52,366.0
2025-05-30 10:20:00,3294.47,3296.51,3293.68,3296.51,348.0
2025-05-30 10:25:00,3296.45,3297.44,3295.39,3296.02,353.0
2025-05-30 10:30:00,3296.0,3297.13,3294.87,3295.03,325.0
2025-05-30 10:35:00,3294.99,3295.38,3292.67,3293.44,355.0
2025-05-30 10:40:00,3293.44,3295.66,3293.18,3293.92,271.0
2025-05-30 10:45:00,3294.02,3296.85,3294.02,3296.42,365.0
2025-05-30 10:50:00,3296.45,3297.31,3295.95,3296.74,365.0
2025-05-30 10:55:00,3296.92,3296.99,3293.87,3294.98,381.0
2025-05-30 11:00:00,3294.57,3296.46,3294.44,3295.99,410.0
2025-05-30 11:05:00,3295.88,3299.25,3293.42,3293.84,413.0
2025-05-30 11:10:00,3293.81,3295.75,3291.61,3295.58,414.0
2025-05-30 11:15:00,3295.61,3297.83,3294.75,3297.81,396.0
2025-05-30 11:20:00,3297.75,3297.85,3296.0,3297.56,361.0
2025-05-30 11:25:00,3297.55,3299.09,3297.03,3297.84,359.0
2025-05-30 11:30:00,3297.78,3298.98,3296.73,3296.92,380.0
2025-05-30 11:35:00,3296.94,3297.81,3296.36,3296.6,333.0
2025-05-30 11:40:00,3296.58,3297.31,3295.7,3296.81,318.0
2025-05-30 11:45:00,3296.82,3297.09,3295.67,3296.64,282.0
2025-05-30 11:50:00,3296.52,3297.57,3295.07,3295.39,319.0
2025-05-30 11:55:00,3295.38,3296.05,3294.45,3295.77,325.0
2025-05-30 12:00:00,3295.54,3296.92,3294.87,3295.1,367.0
2025-05-30 12:05:00,3295.12,3295.76,3294.25,3295.64,318.0
2025-05-30 12:10:00,3295.64,3298.48,3295.24,3298.11,299.0
2025-05-30 12:15:00,3297.96,3298.51,3296.98,3298.51,343.0
2025-05-30 12:20:00,3298.48,3299.2,3297.28,3297.52,279.0
2025-05-30 12:25:00,3297.56,3297.56,3295.65,3296.3,336.0
2025-05-30 12:30:00,3295.98,3295.98,3292.61,3294.72,346.0
2025-05-30 12:35:00,3294.72,3296.4,3294.65,3295.58,331.0
2025-05-30 12:40:00,3295.59,3298.13,3295.48,3297.87,256.0
2025-05-30 12:45:00,3297.93,3298.15,3296.79,3297.93,269.0
2025-05-30 12:50:00,3297.9,3297.93,3297.09,3297.55,267.0
2025-05-30 12:55:00,3297.33,3297.62,3295.22,3295.62,301.0
2025-05-30 13:00:00,3295.54,3299.13,3295.09,3298.81,329.0
2025-05-30 13:05:00,3298.83,3300.34,3298.81,3299.43,254.0
2025-05-30 13:10:00,3299.35,3299.79,3298.47,3299.67,299.0
2025-05-30 13:15:00,3299.67,3300.61,3299.22,3300.01,291.0
2025-05-30 13:20:00,3299.96,3300.36,3297.09,3297.09,294.0
2025-05-30 13:25:00,3297.06,3297.24,3295.77,3296.51,275.0
2025-05-30 13:30:00,3296.48,3296.76,3295.16,3295.62,282.0
2025-05-30 13:35:00,3295.63,3296.34,3294.25,3294.61,320.0
2025-05-30 13:40:00,3294.76,3296.01,3294.07,3294.36,288.0
2025-05-30 13:45:00,3294.42,3295.14,3293.12,3293.44,317.0
2025-05-30 13:50:00,3293.53,3295.33,3292.55,3295.16,334.0
2025-05-30 13:55:00,3295.16,3296.14,3294.6,3295.21,297.0
2025-05-30 14:00:00,3295.21,3297.17,3293.32,3296.89,380.0
2025-05-30 14:05:00,3296.95,3297.25,3295.43,3296.06,328.0
2025-05-30 14:10:00,3295.84,3296.1,3293.28,3293.56,311.0
2025-05-30 14:15:00,3293.54,3295.05,3291.83,3292.24,331.0
2025-05-30 14:20:00,3292.07,3292.59,3290.15,3292.36,311.0
2025-05-30 14:25:00,3292.23,3294.27,3291.27,3293.39,317.0
2025-05-30 14:30:00,3293.41,3293.92,3292.78,3293.16,285.0
2025-05-30 14:35:00,3293.17,3293.79,3292.02,3292.75,297.0
2025-05-30 14:40:00,3292.68,3293.31,3291.43,3292.1,322.0
2025-05-30 14:45:00,3292.18,3293.51,3290.73,3290.93,336.0
2025-05-30 14:50:00,3290.9,3292.78,3288.67,3292.38,417.0
2025-05-30 14:55:00,3292.33,3294.85,3292.33,3294.03,337.0
2025-05-30 15:00:00,3294.08,3294.85,3288.39,3289.94,412.0
2025-05-30 15:05:00,3289.58,3295.81,3289.06,3289.06,441.0
2025-05-30 15:10:00,3289.13,3306.73,3282.82,3303.04,559.0
2025-05-30 15:15:00,3302.89,3303.86,3297.81,3301.75,520.0
2025-05-30 15:20:00,3301.93,3304.79,3300.32,3300.96,495.0
2025-05-30 15:25:00,3300.88,3305.43,3300.26,3301.52,420.0
2025-05-30 15:30:00,3301.52,3303.25,3296.1,3299.44,435.0
2025-05-30 15:35:00,3299.43,3301.75,3298.12,3301.65,490.0
2025-05-30 15:40:00,3301.99,3305.9,3301.67,3304.49,466.0
2025-05-30 15:45:00,3304.69,3305.08,3301.87,3302.54,423.0
2025-05-30 15:50:00,3302.56,3304.09,3301.73,3303.08,426.0
2025-05-30 15:55:00,3303.06,3305.56,3302.94,3304.09,418.0
2025-05-30 16:00:00,3303.96,3305.92,3303.36,3304.45,425.0
2025-05-30 16:05:00,3304.45,3306.45,3302.29,3306.44,411.0
2025-05-30 16:10:00,3306.49,3308.24,3302.61,3302.74,458.0
2025-05-30 16:15:00,3302.64,3302.84,3294.37,3298.24,493.0
2025-05-30 16:20:00,3298.12,3300.3,3296.6,3298.88,427.0
2025-05-30 16:25:00,3299.39,3299.69,3293.89,3294.63,421.0
2025-05-30 16:30:00,3293.9,3295.67,3290.7,3292.21,514.0
2025-05-30 16:35:00,3292.33,3299.34,3292.33,3296.31,491.0
2025-05-30 16:40:00,3296.36,3296.96,3288.18,3289.56,431.0
2025-05-30 16:45:00,3289.57,3290.91,3284.05,3286.9,509.0
2025-05-30 16:50:00,3286.15,3288.89,3279.27,3281.06,514.0
2025-05-30 16:55:00,3281.44,3281.53,3275.32,3276.66,477.0
2025-05-30 17:00:00,3277.06,3278.04,3271.82,3277.09,525.0
2025-05-30 17:05:00,3277.08,3284.04,3276.32,3283.34,502.0
2025-05-30 17:10:00,3283.43,3286.57,3281.36,3282.18,479.0
2025-05-30 17:15:00,3282.17,3285.28,3279.64,3284.67,482.0
2025-05-30 17:20:00,3284.64,3287.28,3284.63,3285.49,437.0
2025-05-30 17:25:00,3285.56,3286.4,3281.63,3283.56,472.0
2025-05-30 17:30:00,3284.05,3285.13,3277.39,3279.94,474.0
2025-05-30 17:35:00,3279.81,3282.74,3276.5,3276.71,476.0
2025-05-30 17:40:00,3276.68,3278.88,3273.41,3278.88,495.0
2025-05-30 17:45:00,3278.9,3279.92,3276.45,3277.28,486.0
2025-05-30 17:50:00,3277.33,3281.08,3276.73,3280.61,484.0
2025-05-30 17:55:00,3280.52,3282.98,3279.54,3282.7,479.0
2025-05-30 18:00:00,3282.68,3283.14,3276.06,3279.93,492.0
2025-05-30 18:05:00,3279.97,3283.16,3279.25,3281.01,487.0
2025-05-30 18:10:00,3281.01,3287.7,3280.97,3284.05,466.0
2025-05-30 18:15:00,3284.0,3288.37,3282.96,3285.46,440.0
2025-05-30 18:20:00,3285.46,3288.72,3283.72,3288.37,419.0
2025-05-30 18:25:00,3288.38,3288.79,3286.9,3286.96,390.0
2025-05-30 18:30:00,3287.03,3289.88,3286.67,3289.49,411.0
2025-05-30 18:35:00,3289.42,3291.29,3289.42,3289.92,401.0
2025-05-30 18:40:00,3289.92,3292.67,3289.83,3290.88,401.0
2025-05-30 18:45:00,3290.72,3291.71,3288.63,3289.75,405.0
2025-05-30 18:50:00,3290.11,3291.87,3288.52,3288.56,397.0
2025-05-30 18:55:00,3288.58,3289.0,3287.36,3288.62,402.0
2025-05-30 19:00:00,3288.59,3290.95,3288.48,3290.03,372.0
2025-05-30 19:05:00,3289.97,3290.78,3288.02,3288.32,360.0
2025-05-30 19:10:00,3288.31,3290.29,3287.72,3289.12,357.0
2025-05-30 19:15:00,3289.01,3290.47,3288.78,3289.65,341.0
2025-05-30 19:20:00,3289.67,3290.72,3289.03,3289.03,336.0
2025-05-30 19:25:00,3289.11,3292.28,3287.07,3289.16,410.0
2025-05-30 19:30:00,3289.16,3290.05,3285.48,3286.22,451.0
2025-05-30 19:35:00,3286.22,3288.19,3284.05,3285.63,430.0
2025-05-30 19:40:00,3285.64,3287.99,3284.86,3287.8,417.0
2025-05-30 19:45:00,3287.77,3289.5,3285.98,3288.84,398.0
2025-05-30 19:50:00,3289.01,3291.92,3288.66,3291.87,400.0
2025-05-30 19:55:00,3291.88,3295.66,3291.88,3293.52,429.0
2025-05-30 20:00:00,3293.32,3294.07,3291.61,3292.58,382.0
2025-05-30 20:05:00,3292.63,3293.88,3291.26,3291.97,369.0
2025-05-30 20:10:00,3291.98,3294.64,3291.73,3294.45,371.0
2025-05-30 20:15:00,3294.44,3294.77,3290.82,3291.45,345.0
2025-05-30 20:20:00,3291.37,3292.7,3291.04,3292.02,339.0
2025-05-30 20:25:00,3292.15,3292.62,3289.79,3291.7,370.0
2025-05-30 20:30:00,3291.6,3292.31,3290.29,3291.72,297.0
2025-05-30 20:35:00,3291.95,3293.64,3291.7,3293.31,213.0
2025-05-30 20:40:00,3293.29,3294.18,3291.26,3293.89,319.0
2025-05-30 20:45:00,3293.94,3294.2,3291.55,3292.28,295.0
2025-05-30 20:50:00,3292.28,3292.71,3291.49,3292.03,286.0
2025-05-30 20:55:00,3292.01,3292.84,3290.89,3290.95,311.0
2025-05-30 21:00:00,3290.95,3293.27,3290.95,3293.02,299.0
2025-05-30 21:05:00,3293.07,3294.82,3292.97,3294.55,311.0
2025-05-30 21:10:00,3294.55,3294.63,3293.45,3293.99,304.0
2025-05-30 21:15:00,3293.99,3294.61,3291.92,3292.68,299.0
2025-05-30 21:20:00,3292.63,3294.52,3292.27,3293.54,295.0
2025-05-30 21:25:00,3293.53,3294.97,3293.5,3294.55,315.0
2025-05-30 21:30:00,3294.57,3295.02,3293.82,3294.89,291.0
2025-05-30 21:35:00,3294.89,3294.93,3293.49,3294.07,281.0
2025-05-30 21:40:00,3293.99,3294.43,3293.58,3294.41,287.0
2025-05-30 21:45:00,3294.47,3294.93,3294.18,3294.18,263.0
2025-05-30 21:50:00,3294.18,3294.47,3293.93,3294.08,284.0
2025-05-30 21:55:00,3294.2,3294.76,3293.73,3293.78,285.0
2025-05-30 22:00:00,3293.81,3295.14,3292.92,3294.73,312.0
2025-05-30 22:05:00,3294.71,3294.84,3293.41,3293.79,296.0
2025-05-30 22:10:00,3293.73,3294.43,3293.68,3294.28,252.0
2025-05-30 22:15:00,3294.28,3294.31,3292.54,3292.63,260.0
2025-05-30 22:20:00,3292.67,3294.11,3292.67,3293.48,257.0
2025-05-30 22:25:00,3293.58,3293.84,3292.95,3293.23,272.0
2025-05-30 22:30:00,3293.26,3294.6,3293.26,3293.38,268.0
2025-05-30 22:35:00,3293.4,3293.94,3293.05,3293.05,271.0
2025-05-30 22:40:00,3293.12,3293.98,3292.74,3293.82,300.0
2025-05-30 22:45:00,3293.9,3293.91,3291.69,3291.99,328.0
2025-05-30 22:50:00,3291.95,3294.51,3291.7,3294.51,327.0
2025-05-30 22:55:00,3294.53,3295.04,3292.93,3294.86,386.0
2025-05-30 23:00:00,3294.92,3295.71,3293.78,3294.52,290.0
2025-05-30 23:05:00,3294.54,3294.85,3293.35,3294.08,188.0
2025-05-30 23:10:00,3294.07,3294.08,3292.8,3293.22,168.0
2025-05-30 23:15:00,3293.15,3293.41,3291.11,3291.18,212.0
2025-05-30 23:20:00,3291.17,3291.7,3290.7,3291.37,162.0
2025-05-30 23:25:00,3291.24,3291.65,3290.17,3290.22,144.0
2025-05-30 23:30:00,3290.2,3290.77,3289.9,3290.54,131.0
2025-05-30 23:35:00,3290.58,3291.55,3290.3,3290.51,134.0
2025-05-30 23:40:00,3290.5,3292.24,3290.03,3292.09,149.0
2025-05-30 23:45:00,3292.05,3292.31,3291.69,3291.81,160.0
2025-05-30 23:50:00,3291.8,3292.22,3290.15,3291.03,171.0
2025-05-30 23:55:00,3290.28,3290.58,3288.72,3288.72,78.0
