time,open,high,low,close,volume
2025-08-01 01:05:00,3291.51,3291.92,3290.29,3291.09,134.0
2025-08-01 01:10:00,3291.09,3291.82,3290.83,3291.3,81.0
2025-08-01 01:15:00,3291.3,3292.79,3291.02,3292.7,99.0
2025-08-01 01:20:00,3292.71,3293.61,3292.17,3293.52,120.0
2025-08-01 01:25:00,3293.58,3293.75,3293.05,3293.34,108.0
2025-08-01 01:30:00,3293.36,3293.93,3292.77,3293.53,105.0
2025-08-01 01:35:00,3293.51,3293.86,3292.78,3293.78,113.0
2025-08-01 01:40:00,3293.82,3294.11,3293.08,3294.01,106.0
2025-08-01 01:45:00,3294.05,3295.14,3293.85,3294.68,129.0
2025-08-01 01:50:00,3294.32,3295.0,3293.5,3294.69,120.0
2025-08-01 01:55:00,3294.68,3295.02,3293.96,3295.0,131.0
2025-08-01 02:00:00,3295.01,3295.11,3292.8,3292.8,199.0
2025-08-01 02:05:00,3292.88,3293.46,3292.01,3292.34,219.0
2025-08-01 02:10:00,3292.44,3292.52,3290.37,3290.59,228.0
2025-08-01 02:15:00,3290.56,3290.57,3288.82,3288.88,208.0
2025-08-01 02:20:00,3288.82,3290.72,3288.38,3290.42,206.0
2025-08-01 02:25:00,3290.33,3292.31,3290.16,3292.13,161.0
2025-08-01 02:30:00,3292.16,3292.16,3289.86,3291.16,179.0
2025-08-01 02:35:00,3291.19,3291.59,3290.49,3290.79,149.0
2025-08-01 02:40:00,3290.81,3291.73,3290.66,3291.51,131.0
2025-08-01 02:45:00,3291.5,3291.7,3290.42,3290.42,159.0
2025-08-01 02:50:00,3290.66,3290.89,3289.8,3290.02,147.0
2025-08-01 02:55:00,3289.92,3290.0,3288.06,3288.57,215.0
2025-08-01 03:00:00,3288.46,3289.32,3287.35,3287.78,278.0
2025-08-01 03:05:00,3287.76,3288.05,3286.7,3287.54,265.0
2025-08-01 03:10:00,3287.52,3288.65,3287.24,3288.42,236.0
2025-08-01 03:15:00,3288.41,3288.41,3286.47,3287.32,227.0
2025-08-01 03:20:00,3287.42,3288.85,3287.16,3288.17,229.0
2025-08-01 03:25:00,3288.13,3290.05,3287.62,3288.56,282.0
2025-08-01 03:30:00,3288.51,3289.61,3288.18,3288.97,210.0
2025-08-01 03:35:00,3288.76,3290.48,3288.74,3289.63,233.0
2025-08-01 03:40:00,3289.61,3293.77,3289.4,3292.82,273.0
2025-08-01 03:45:00,3292.84,3293.08,3291.38,3291.91,251.0
2025-08-01 03:50:00,3291.89,3292.11,3290.59,3290.83,291.0
2025-08-01 03:55:00,3290.79,3291.06,3289.62,3290.25,283.0
2025-08-01 04:00:00,3290.2,3293.58,3290.02,3291.67,369.0
2025-08-01 04:05:00,3291.5,3292.74,3290.07,3291.21,297.0
2025-08-01 04:10:00,3291.2,3292.32,3291.09,3291.92,267.0
2025-08-01 04:15:00,3291.89,3293.18,3290.96,3291.03,264.0
2025-08-01 04:20:00,3290.98,3291.42,3289.63,3289.63,273.0
2025-08-01 04:25:00,3289.64,3290.56,3288.83,3290.33,266.0
2025-08-01 04:30:00,3290.34,3291.55,3288.71,3288.71,276.0
2025-08-01 04:35:00,3288.7,3289.25,3287.93,3288.16,287.0
2025-08-01 04:40:00,3288.15,3288.15,3286.07,3287.86,316.0
2025-08-01 04:45:00,3287.94,3288.36,3286.34,3286.36,254.0
2025-08-01 04:50:00,3286.31,3286.58,3281.92,3282.43,342.0
2025-08-01 04:55:00,3282.78,3284.04,3281.59,3283.8,338.0
2025-08-01 05:00:00,3283.7,3289.96,3283.35,3288.85,382.0
2025-08-01 05:05:00,3288.75,3290.12,3287.94,3289.17,329.0
2025-08-01 05:10:00,3289.16,3291.08,3288.11,3291.03,295.0
2025-08-01 05:15:00,3290.98,3291.14,3289.1,3289.74,244.0
2025-08-01 05:20:00,3289.73,3291.03,3288.98,3289.43,230.0
2025-08-01 05:25:00,3289.44,3289.53,3287.89,3289.49,248.0
2025-08-01 05:30:00,3289.52,3290.1,3288.54,3289.51,245.0
2025-08-01 05:35:00,3289.52,3290.09,3288.12,3288.69,256.0
2025-08-01 05:40:00,3288.59,3289.68,3287.15,3289.42,302.0
2025-08-01 05:45:00,3289.42,3289.85,3288.18,3289.05,241.0
2025-08-01 05:50:00,3289.04,3291.54,3288.83,3290.93,249.0
2025-08-01 05:55:00,3290.98,3292.46,3290.46,3291.78,313.0
2025-08-01 06:00:00,3291.78,3293.1,3291.78,3292.86,265.0
2025-08-01 06:05:00,3292.8,3294.22,3292.21,3294.01,282.0
2025-08-01 06:10:00,3293.98,3297.08,3293.98,3296.0,321.0
2025-08-01 06:15:00,3295.99,3296.31,3293.88,3294.02,255.0
2025-08-01 06:20:00,3294.11,3294.4,3293.06,3293.68,190.0
2025-08-01 06:25:00,3293.69,3293.69,3291.29,3292.64,241.0
2025-08-01 06:30:00,3292.65,3293.06,3291.77,3292.33,224.0
2025-08-01 06:35:00,3292.34,3293.09,3291.41,3292.21,226.0
2025-08-01 06:40:00,3292.19,3292.8,3291.89,3291.94,204.0
2025-08-01 06:45:00,3291.95,3293.25,3291.41,3292.72,208.0
2025-08-01 06:50:00,3292.67,3293.23,3291.75,3291.75,177.0
2025-08-01 06:55:00,3291.71,3291.71,3290.54,3291.39,215.0
2025-08-01 07:00:00,3291.38,3293.36,3291.38,3292.41,190.0
2025-08-01 07:05:00,3292.4,3293.94,3291.15,3291.17,247.0
2025-08-01 07:10:00,3291.12,3292.09,3290.52,3291.42,248.0
2025-08-01 07:15:00,3291.46,3292.8,3290.99,3292.63,202.0
2025-08-01 07:20:00,3292.62,3292.97,3292.11,3292.29,164.0
2025-08-01 07:25:00,3292.27,3293.29,3292.0,3292.71,196.0
2025-08-01 07:30:00,3292.8,3295.94,3292.8,3294.23,252.0
2025-08-01 07:35:00,3294.25,3295.36,3293.87,3294.96,205.0
2025-08-01 07:40:00,3294.95,3295.43,3291.98,3292.06,211.0
2025-08-01 07:45:00,3292.05,3292.14,3290.44,3290.73,254.0
2025-08-01 07:50:00,3290.74,3290.97,3290.07,3290.95,233.0
2025-08-01 07:55:00,3290.98,3292.44,3290.41,3292.07,267.0
2025-08-01 08:00:00,3292.09,3294.53,3291.91,3294.01,225.0
2025-08-01 08:05:00,3294.05,3294.35,3292.92,3294.16,214.0
2025-08-01 08:10:00,3294.11,3294.22,3292.16,3292.58,215.0
2025-08-01 08:15:00,3292.59,3292.92,3291.81,3292.79,200.0
2025-08-01 08:20:00,3292.75,3293.58,3292.36,3293.06,199.0
2025-08-01 08:25:00,3292.9,3294.37,3292.79,3293.17,209.0
2025-08-01 08:30:00,3293.18,3294.28,3292.72,3293.66,240.0
2025-08-01 08:35:00,3293.73,3294.27,3292.68,3293.91,236.0
2025-08-01 08:40:00,3293.91,3295.52,3293.47,3295.52,236.0
2025-08-01 08:45:00,3295.48,3296.75,3294.88,3296.75,265.0
2025-08-01 08:50:00,3296.76,3300.3,3296.75,3297.12,325.0
2025-08-01 08:55:00,3297.44,3297.71,3295.95,3296.71,296.0
2025-08-01 09:00:00,3296.63,3297.17,3296.01,3296.87,269.0
2025-08-01 09:05:00,3296.8,3296.97,3295.48,3296.44,332.0
2025-08-01 09:10:00,3296.49,3297.37,3295.04,3295.04,276.0
2025-08-01 09:15:00,3295.07,3295.98,3294.47,3294.66,301.0
2025-08-01 09:20:00,3294.69,3295.99,3293.99,3294.34,264.0
2025-08-01 09:25:00,3294.26,3295.34,3291.79,3292.06,338.0
2025-08-01 09:30:00,3292.11,3292.79,3291.36,3291.51,269.0
2025-08-01 09:35:00,3291.46,3291.87,3290.56,3291.5,288.0
2025-08-01 09:40:00,3291.49,3293.1,3291.28,3291.48,300.0
2025-08-01 09:45:00,3291.44,3291.94,3290.76,3290.81,225.0
2025-08-01 09:50:00,3290.75,3292.14,3290.66,3291.32,243.0
2025-08-01 09:55:00,3291.47,3292.36,3290.67,3292.36,232.0
2025-08-01 10:00:00,3292.22,3292.22,3289.82,3290.11,282.0
2025-08-01 10:05:00,3290.08,3292.22,3289.51,3291.95,274.0
2025-08-01 10:10:00,3291.99,3292.79,3290.71,3292.47,277.0
2025-08-01 10:15:00,3292.34,3293.44,3289.8,3290.51,321.0
2025-08-01 10:20:00,3290.46,3292.21,3290.03,3291.33,280.0
2025-08-01 10:25:00,3291.26,3291.86,3290.62,3290.91,260.0
2025-08-01 10:30:00,3290.9,3291.0,3288.13,3288.13,283.0
2025-08-01 10:35:00,3288.14,3288.39,3286.19,3286.25,329.0
2025-08-01 10:40:00,3286.24,3287.88,3285.72,3287.38,313.0
2025-08-01 10:45:00,3287.53,3289.58,3287.51,3288.4,289.0
2025-08-01 10:50:00,3288.4,3288.56,3285.31,3286.69,312.0
2025-08-01 10:55:00,3286.69,3287.69,3286.09,3286.87,272.0
2025-08-01 11:00:00,3286.71,3287.74,3285.59,3286.15,293.0
2025-08-01 11:05:00,3286.24,3288.04,3285.43,3287.75,281.0
2025-08-01 11:10:00,3287.68,3288.73,3286.33,3287.81,315.0
2025-08-01 11:15:00,3287.8,3289.56,3287.71,3288.61,290.0
2025-08-01 11:20:00,3288.59,3288.63,3286.51,3287.83,248.0
2025-08-01 11:25:00,3287.89,3288.12,3286.68,3287.98,233.0
2025-08-01 11:30:00,3287.97,3288.31,3286.67,3286.84,235.0
2025-08-01 11:35:00,3286.85,3289.32,3286.85,3289.15,261.0
2025-08-01 11:40:00,3289.2,3289.98,3288.15,3289.28,274.0
2025-08-01 11:45:00,3289.29,3291.17,3289.07,3290.46,298.0
2025-08-01 11:50:00,3290.47,3293.21,3290.47,3293.08,316.0
2025-08-01 11:55:00,3292.95,3294.37,3292.66,3294.26,241.0
2025-08-01 12:00:00,3294.35,3295.37,3293.14,3294.49,272.0
2025-08-01 12:05:00,3294.5,3295.33,3293.75,3294.9,292.0
2025-08-01 12:10:00,3294.82,3295.51,3294.29,3295.09,257.0
2025-08-01 12:15:00,3295.22,3295.36,3293.71,3294.69,270.0
2025-08-01 12:20:00,3294.69,3294.99,3293.89,3294.66,213.0
2025-08-01 12:25:00,3294.66,3296.27,3294.11,3294.34,280.0
2025-08-01 12:30:00,3294.33,3294.68,3292.99,3293.68,315.0
2025-08-01 12:35:00,3293.68,3294.81,3293.6,3294.57,246.0
2025-08-01 12:40:00,3294.54,3295.76,3294.14,3295.75,288.0
2025-08-01 12:45:00,3295.75,3296.39,3294.19,3295.54,278.0
2025-08-01 12:50:00,3295.58,3295.58,3293.56,3294.27,258.0
2025-08-01 12:55:00,3294.23,3294.5,3292.79,3294.49,236.0
2025-08-01 13:00:00,3294.57,3296.3,3294.52,3295.18,226.0
2025-08-01 13:05:00,3295.19,3295.26,3294.22,3295.17,219.0
2025-08-01 13:10:00,3295.28,3295.31,3294.28,3294.59,228.0
2025-08-01 13:15:00,3294.6,3295.05,3293.45,3294.02,204.0
2025-08-01 13:20:00,3294.08,3294.65,3293.52,3293.99,180.0
2025-08-01 13:25:00,3293.79,3294.44,3293.75,3293.97,169.0
2025-08-01 13:30:00,3294.1,3296.29,3293.34,3296.27,240.0
2025-08-01 13:35:00,3296.28,3297.83,3295.0,3295.02,286.0
2025-08-01 13:40:00,3294.98,3295.9,3294.45,3295.86,251.0
2025-08-01 13:45:00,3295.82,3296.83,3294.9,3296.81,204.0
2025-08-01 13:50:00,3296.84,3302.97,3296.68,3299.46,354.0
2025-08-01 13:55:00,3299.3,3300.09,3298.11,3298.28,360.0
2025-08-01 14:00:00,3298.7,3300.98,3298.52,3299.8,291.0
2025-08-01 14:05:00,3299.67,3300.52,3298.43,3299.49,294.0
2025-08-01 14:10:00,3299.51,3301.17,3299.04,3300.71,247.0
2025-08-01 14:15:00,3300.7,3301.31,3298.84,3298.84,217.0
2025-08-01 14:20:00,3298.79,3300.29,3298.76,3299.78,249.0
2025-08-01 14:25:00,3299.81,3300.61,3299.03,3299.85,250.0
2025-08-01 14:30:00,3299.79,3300.81,3298.75,3300.4,250.0
2025-08-01 14:35:00,3300.4,3301.32,3300.2,3300.43,201.0
2025-08-01 14:40:00,3299.98,3300.3,3299.1,3299.36,216.0
2025-08-01 14:45:00,3299.45,3299.65,3297.31,3297.98,258.0
2025-08-01 14:50:00,3298.02,3298.84,3296.87,3298.38,266.0
2025-08-01 14:55:00,3298.41,3300.37,3298.34,3300.36,211.0
2025-08-01 15:00:00,3300.44,3300.83,3297.55,3299.34,288.0
2025-08-01 15:05:00,3299.29,3299.97,3297.37,3299.02,298.0
2025-08-01 15:10:00,3298.98,3301.16,3298.5,3300.82,296.0
2025-08-01 15:15:00,3300.92,3302.66,3300.44,3302.51,296.0
2025-08-01 15:20:00,3302.61,3304.08,3301.11,3303.19,372.0
2025-08-01 15:25:00,3303.12,3304.01,3300.77,3300.88,291.0
2025-08-01 15:30:00,3300.86,3330.7,3300.86,3328.14,525.0
2025-08-01 15:35:00,3328.04,3335.35,3328.04,3331.86,510.0
2025-08-01 15:40:00,3332.57,3340.58,3330.61,3339.21,500.0
2025-08-01 15:45:00,3339.11,3345.22,3339.11,3343.13,489.0
2025-08-01 15:50:00,3343.39,3345.01,3335.71,3339.37,488.0
2025-08-01 15:55:00,3339.73,3342.18,3335.45,3341.26,492.0
2025-08-01 16:00:00,3341.5,3344.75,3339.67,3344.44,493.0
2025-08-01 16:05:00,3344.43,3345.67,3340.04,3345.67,474.0
2025-08-01 16:10:00,3346.56,3350.93,3346.56,3350.93,483.0
2025-08-01 16:15:00,3351.0,3354.46,3349.2,3353.07,484.0
2025-08-01 16:20:00,3353.0,3354.41,3349.78,3352.07,450.0
2025-08-01 16:25:00,3351.93,3352.74,3349.29,3351.77,420.0
2025-08-01 16:30:00,3351.93,3353.11,3345.18,3346.86,484.0
2025-08-01 16:35:00,3347.05,3349.34,3342.15,3343.72,483.0
2025-08-01 16:40:00,3344.15,3348.65,3342.16,3347.95,478.0
2025-08-01 16:45:00,3347.71,3349.93,3341.98,3342.74,461.0
2025-08-01 16:50:00,3343.11,3344.31,3339.7,3341.77,462.0
2025-08-01 16:55:00,3341.72,3342.36,3338.85,3342.07,409.0
2025-08-01 17:00:00,3344.94,3351.24,3344.37,3345.13,491.0
2025-08-01 17:05:00,3344.57,3350.48,3344.44,3349.88,465.0
2025-08-01 17:10:00,3349.92,3351.38,3348.03,3348.68,459.0
2025-08-01 17:15:00,3348.88,3353.88,3347.91,3352.59,447.0
2025-08-01 17:20:00,3352.61,3355.07,3351.22,3352.63,435.0
2025-08-01 17:25:00,3352.62,3353.13,3345.33,3346.21,437.0
2025-08-01 17:30:00,3345.96,3346.66,3342.76,3343.16,452.0
2025-08-01 17:35:00,3343.42,3345.41,3342.08,3343.0,444.0
2025-08-01 17:40:00,3342.69,3345.11,3341.46,3344.83,426.0
2025-08-01 17:45:00,3344.88,3347.76,3344.63,3347.21,414.0
2025-08-01 17:50:00,3347.31,3347.31,3341.39,3344.22,425.0
2025-08-01 17:55:00,3344.23,3345.88,3342.0,3345.88,402.0
2025-08-01 18:00:00,3346.08,3346.68,3341.59,3344.65,422.0
2025-08-01 18:05:00,3344.45,3348.98,3343.83,3348.96,407.0
2025-08-01 18:10:00,3348.96,3350.61,3348.6,3349.34,427.0
2025-08-01 18:15:00,3349.09,3350.36,3348.7,3350.15,421.0
2025-08-01 18:20:00,3350.17,3350.95,3348.86,3349.9,399.0
2025-08-01 18:25:00,3349.92,3350.55,3348.75,3349.53,395.0
2025-08-01 18:30:00,3349.55,3351.26,3348.76,3350.95,348.0
2025-08-01 18:35:00,3350.91,3350.98,3346.98,3348.38,398.0
2025-08-01 18:40:00,3348.4,3349.34,3347.01,3348.71,357.0
2025-08-01 18:45:00,3348.76,3349.84,3347.92,3348.25,327.0
2025-08-01 18:50:00,3348.11,3350.42,3347.25,3350.03,327.0
2025-08-01 18:55:00,3350.02,3350.37,3347.88,3348.55,294.0
2025-08-01 19:00:00,3348.53,3349.36,3345.96,3346.11,302.0
2025-08-01 19:05:00,3346.01,3346.8,3344.44,3346.54,350.0
2025-08-01 19:10:00,3346.56,3346.64,3344.33,3345.47,346.0
2025-08-01 19:15:00,3345.55,3346.2,3343.03,3344.14,327.0
2025-08-01 19:20:00,3344.12,3344.24,3341.1,3342.11,374.0
2025-08-01 19:25:00,3342.08,3342.11,3340.65,3341.16,328.0
2025-08-01 19:30:00,3341.12,3343.57,3340.55,3342.7,330.0
2025-08-01 19:35:00,3342.72,3343.37,3340.73,3341.35,311.0
2025-08-01 19:40:00,3341.33,3342.83,3341.03,3342.72,280.0
2025-08-01 19:45:00,3342.64,3342.77,3341.04,3342.6,296.0
2025-08-01 19:50:00,3342.76,3345.43,3342.05,3345.38,319.0
2025-08-01 19:55:00,3345.36,3348.74,3343.98,3347.28,429.0
2025-08-01 20:00:00,3347.24,3349.12,3346.96,3347.79,403.0
2025-08-01 20:05:00,3347.93,3349.45,3346.63,3347.6,379.0
2025-08-01 20:10:00,3347.52,3348.29,3346.59,3346.59,299.0
2025-08-01 20:15:00,3346.7,3347.55,3345.57,3347.55,302.0
2025-08-01 20:20:00,3347.53,3348.93,3346.57,3348.92,308.0
2025-08-01 20:25:00,3348.92,3349.16,3347.11,3347.48,333.0
2025-08-01 20:30:00,3347.36,3348.61,3346.98,3348.37,301.0
2025-08-01 20:35:00,3348.38,3349.1,3347.44,3347.44,287.0
2025-08-01 20:40:00,3347.46,3349.21,3346.99,3347.99,295.0
2025-08-01 20:45:00,3347.98,3348.45,3347.09,3348.2,282.0
2025-08-01 20:50:00,3348.23,3348.43,3347.6,3348.09,250.0
2025-08-01 20:55:00,3347.93,3348.57,3347.79,3348.25,231.0
2025-08-01 21:00:00,3348.39,3348.87,3346.26,3346.27,270.0
2025-08-01 21:05:00,3346.19,3348.04,3345.93,3347.96,263.0
2025-08-01 21:10:00,3347.82,3349.8,3347.52,3348.36,314.0
2025-08-01 21:15:00,3348.32,3348.65,3347.06,3347.47,279.0
2025-08-01 21:20:00,3347.59,3348.15,3346.44,3347.92,274.0
2025-08-01 21:25:00,3347.9,3349.53,3347.87,3349.28,303.0
2025-08-01 21:30:00,3349.4,3349.4,3348.16,3349.1,257.0
2025-08-01 21:35:00,3349.02,3350.37,3348.38,3350.32,235.0
2025-08-01 21:40:00,3350.21,3351.1,3349.94,3350.82,241.0
2025-08-01 21:45:00,3350.84,3351.29,3349.55,3349.59,219.0
2025-08-01 21:50:00,3349.68,3350.36,3347.79,3347.93,262.0
2025-08-01 21:55:00,3347.91,3348.27,3347.43,3347.59,242.0
2025-08-01 22:00:00,3347.8,3348.84,3347.71,3347.95,248.0
2025-08-01 22:05:00,3348.03,3349.21,3347.89,3348.52,206.0
2025-08-01 22:10:00,3348.49,3349.89,3348.4,3349.19,248.0
2025-08-01 22:15:00,3348.91,3349.39,3348.6,3348.86,214.0
2025-08-01 22:20:00,3348.98,3350.32,3348.76,3350.3,211.0
2025-08-01 22:25:00,3350.34,3351.12,3349.99,3351.02,247.0
2025-08-01 22:30:00,3351.0,3358.06,3350.94,3356.79,455.0
2025-08-01 22:35:00,3356.8,3361.0,3356.52,3359.84,397.0
2025-08-01 22:40:00,3359.58,3360.85,3359.09,3360.25,372.0
2025-08-01 22:45:00,3360.23,3361.27,3358.92,3360.99,262.0
2025-08-01 22:50:00,3360.99,3360.99,3357.84,3358.52,371.0
2025-08-01 22:55:00,3358.54,3360.42,3356.51,3357.17,375.0
2025-08-01 23:00:00,3357.13,3360.09,3357.08,3359.67,276.0
2025-08-01 23:05:00,3359.72,3360.14,3358.99,3359.83,229.0
2025-08-01 23:10:00,3360.01,3360.09,3358.94,3360.09,214.0
2025-08-01 23:15:00,3360.14,3360.74,3359.74,3360.2,207.0
2025-08-01 23:20:00,3360.19,3360.81,3359.96,3360.8,162.0
2025-08-01 23:25:00,3360.64,3360.9,3360.16,3360.4,183.0
2025-08-01 23:30:00,3360.37,3361.79,3360.37,3361.61,214.0
2025-08-01 23:35:00,3361.44,3362.27,3361.21,3362.27,186.0
2025-08-01 23:40:00,3362.0,3362.77,3361.22,3362.66,217.0
2025-08-01 23:45:00,3362.66,3362.92,3362.15,3362.54,213.0
2025-08-01 23:50:00,3362.63,3363.45,3362.34,3363.23,235.0
2025-08-04 01:05:00,3362.95,3364.62,3361.67,3363.42,294.0
2025-08-04 01:10:00,3363.45,3363.93,3359.92,3360.36,255.0
2025-08-04 01:15:00,3360.53,3360.82,3359.09,3360.3,279.0
2025-08-04 01:20:00,3360.29,3361.61,3359.48,3361.28,226.0
2025-08-04 01:25:00,3361.27,3361.56,3359.83,3360.62,191.0
2025-08-04 01:30:00,3360.61,3360.62,3357.61,3357.61,244.0
2025-08-04 01:35:00,3357.61,3360.61,3357.61,3360.46,234.0
2025-08-04 01:40:00,3360.18,3360.21,3358.64,3359.94,206.0
2025-08-04 01:45:00,3359.82,3359.99,3358.4,3358.4,181.0
2025-08-04 01:50:00,3358.51,3359.92,3358.21,3358.62,178.0
2025-08-04 01:55:00,3358.85,3360.06,3358.7,3359.01,189.0
2025-08-04 02:00:00,3359.11,3359.41,3358.13,3358.68,200.0
2025-08-04 02:05:00,3358.73,3358.73,3357.79,3358.23,177.0
2025-08-04 02:10:00,3358.13,3358.92,3357.85,3358.32,165.0
2025-08-04 02:15:00,3358.33,3358.33,3357.01,3357.41,174.0
2025-08-04 02:20:00,3357.25,3357.31,3354.59,3356.22,250.0
2025-08-04 02:25:00,3356.38,3356.55,3355.54,3355.99,168.0
2025-08-04 02:30:00,3356.05,3357.21,3355.96,3356.05,177.0
2025-08-04 02:35:00,3356.04,3358.3,3355.98,3358.24,158.0
2025-08-04 02:40:00,3358.22,3358.82,3357.44,3357.74,155.0
2025-08-04 02:45:00,3357.65,3360.27,3357.53,3360.16,198.0
2025-08-04 02:50:00,3360.16,3361.23,3359.4,3361.09,198.0
2025-08-04 02:55:00,3361.17,3362.0,3360.46,3362.0,223.0
2025-08-04 03:00:00,3361.96,3362.39,3356.18,3357.4,342.0
2025-08-04 03:05:00,3357.73,3360.0,3356.9,3359.12,273.0
2025-08-04 03:10:00,3359.19,3359.32,3356.18,3356.23,243.0
2025-08-04 03:15:00,3356.25,3356.54,3355.56,3355.91,262.0
2025-08-04 03:20:00,3355.93,3356.9,3354.85,3355.09,238.0
2025-08-04 03:25:00,3355.16,3355.88,3354.52,3355.52,222.0
2025-08-04 03:30:00,3355.51,3355.51,3353.99,3354.2,253.0
2025-08-04 03:35:00,3354.19,3355.47,3353.56,3354.1,246.0
2025-08-04 03:40:00,3354.21,3354.34,3351.78,3352.29,287.0
2025-08-04 03:45:00,3352.33,3353.04,3351.86,3352.78,228.0
2025-08-04 03:50:00,3352.82,3353.26,3351.69,3352.28,252.0
2025-08-04 03:55:00,3352.23,3352.31,3350.26,3352.18,314.0
2025-08-04 04:00:00,3352.05,3353.49,3350.22,3352.52,374.0
2025-08-04 04:05:00,3352.46,3353.61,3350.79,3350.9,341.0
2025-08-04 04:10:00,3350.89,3351.28,3349.45,3349.68,353.0
2025-08-04 04:15:00,3349.64,3351.29,3349.3,3349.6,304.0
2025-08-04 04:20:00,3349.62,3349.79,3345.91,3346.56,315.0
2025-08-04 04:25:00,3346.45,3347.79,3345.07,3347.6,346.0
2025-08-04 04:30:00,3347.75,3349.06,3346.73,3347.38,358.0
2025-08-04 04:35:00,3347.37,3349.22,3347.36,3348.81,343.0
2025-08-04 04:40:00,3348.8,3350.35,3348.44,3349.27,310.0
2025-08-04 04:45:00,3349.22,3351.37,3349.0,3350.9,301.0
2025-08-04 04:50:00,3351.05,3352.5,3350.63,3352.49,274.0
2025-08-04 04:55:00,3352.43,3353.25,3351.93,3352.28,257.0
2025-08-04 05:00:00,3352.24,3352.7,3350.25,3351.43,275.0
2025-08-04 05:05:00,3351.44,3351.6,3350.61,3351.5,249.0
2025-08-04 05:10:00,3351.49,3352.7,3350.99,3351.13,231.0
2025-08-04 05:15:00,3351.23,3353.25,3350.97,3352.78,214.0
2025-08-04 05:20:00,3352.77,3354.22,3352.77,3353.84,214.0
2025-08-04 05:25:00,3353.81,3355.21,3353.71,3353.97,244.0
2025-08-04 05:30:00,3354.02,3354.02,3352.13,3353.19,263.0
2025-08-04 05:35:00,3353.27,3353.39,3352.34,3352.84,233.0
2025-08-04 05:40:00,3352.78,3353.62,3352.69,3353.5,197.0
2025-08-04 05:45:00,3353.51,3353.77,3352.58,3353.7,209.0
2025-08-04 05:50:00,3353.64,3354.77,3352.63,3353.89,264.0
2025-08-04 05:55:00,3353.79,3354.59,3353.53,3354.35,239.0
2025-08-04 06:00:00,3354.42,3356.77,3354.42,3356.05,314.0
2025-08-04 06:05:00,3355.81,3357.71,3355.46,3356.97,320.0
2025-08-04 06:10:00,3356.98,3357.59,3355.86,3355.9,262.0
2025-08-04 06:15:00,3355.89,3356.6,3354.42,3354.49,258.0
2025-08-04 06:20:00,3354.52,3356.44,3354.46,3356.24,243.0
2025-08-04 06:25:00,3356.26,3357.42,3355.96,3356.96,213.0
2025-08-04 06:30:00,3356.89,3357.13,3355.58,3355.93,240.0
2025-08-04 06:35:00,3355.96,3357.43,3355.4,3357.01,207.0
2025-08-04 06:40:00,3356.96,3358.15,3356.96,3357.87,187.0
2025-08-04 06:45:00,3357.86,3358.71,3357.85,3358.71,188.0
2025-08-04 06:50:00,3358.7,3360.78,3358.62,3360.32,305.0
2025-08-04 06:55:00,3360.38,3360.84,3359.87,3360.4,184.0
2025-08-04 07:00:00,3360.28,3361.0,3360.04,3360.78,202.0
2025-08-04 07:05:00,3360.8,3361.05,3360.43,3361.03,160.0
2025-08-04 07:10:00,3360.98,3361.04,3360.54,3360.95,157.0
2025-08-04 07:15:00,3360.96,3361.75,3360.61,3360.77,182.0
2025-08-04 07:20:00,3360.78,3361.47,3360.45,3360.92,180.0
2025-08-04 07:25:00,3360.91,3361.24,3360.67,3360.95,184.0
2025-08-04 07:30:00,3360.91,3361.48,3360.23,3360.76,180.0
2025-08-04 07:35:00,3360.76,3361.4,3358.83,3360.89,281.0
2025-08-04 07:40:00,3360.78,3362.16,3360.61,3360.65,215.0
2025-08-04 07:45:00,3360.66,3361.02,3360.43,3360.69,155.0
2025-08-04 07:50:00,3360.7,3360.94,3358.86,3359.58,213.0
2025-08-04 07:55:00,3359.5,3359.77,3358.96,3358.97,181.0
2025-08-04 08:00:00,3358.97,3361.0,3358.75,3360.52,233.0
2025-08-04 08:05:00,3360.55,3360.79,3359.52,3359.8,143.0
2025-08-04 08:10:00,3359.81,3360.11,3359.65,3359.9,109.0
2025-08-04 08:15:00,3359.88,3360.02,3358.98,3359.57,173.0
2025-08-04 08:20:00,3359.55,3359.69,3358.16,3359.32,218.0
2025-08-04 08:25:00,3359.41,3360.72,3358.81,3358.92,247.0
2025-08-04 08:30:00,3358.83,3359.46,3357.04,3357.15,310.0
2025-08-04 08:35:00,3357.24,3357.35,3356.35,3356.56,202.0
2025-08-04 08:40:00,3356.54,3356.91,3355.51,3356.83,227.0
2025-08-04 08:45:00,3356.86,3357.35,3356.15,3356.5,199.0
2025-08-04 08:50:00,3356.48,3357.22,3356.17,3356.51,200.0
2025-08-04 08:55:00,3356.56,3357.89,3356.45,3357.56,255.0
2025-08-04 09:00:00,3357.29,3357.99,3355.77,3355.91,279.0
2025-08-04 09:05:00,3355.9,3357.62,3355.56,3357.39,278.0
2025-08-04 09:10:00,3357.73,3360.84,3357.46,3359.07,392.0
2025-08-04 09:15:00,3359.17,3359.28,3357.84,3357.84,302.0
2025-08-04 09:20:00,3357.93,3358.21,3355.71,3355.88,259.0
2025-08-04 09:25:00,3356.07,3356.56,3353.64,3353.79,257.0
2025-08-04 09:30:00,3353.94,3357.33,3353.77,3356.98,294.0
2025-08-04 09:35:00,3356.88,3359.73,3356.33,3359.5,310.0
2025-08-04 09:40:00,3359.56,3360.69,3359.01,3360.08,319.0
2025-08-04 09:45:00,3360.33,3361.28,3359.94,3360.51,273.0
2025-08-04 09:50:00,3360.42,3361.9,3360.41,3361.5,267.0
2025-08-04 09:55:00,3361.53,3362.65,3361.08,3362.6,267.0
2025-08-04 10:00:00,3362.46,3362.52,3359.94,3360.61,348.0
2025-08-04 10:05:00,3360.33,3360.49,3359.03,3359.42,364.0
2025-08-04 10:10:00,3359.46,3361.91,3359.46,3361.17,330.0
2025-08-04 10:15:00,3361.17,3361.49,3357.52,3357.79,313.0
2025-08-04 10:20:00,3357.51,3358.91,3355.72,3355.85,301.0
2025-08-04 10:25:00,3355.62,3356.11,3353.26,3353.67,300.0
2025-08-04 10:30:00,3353.81,3355.95,3351.7,3355.95,349.0
2025-08-04 10:35:00,3356.06,3356.61,3354.15,3354.25,326.0
2025-08-04 10:40:00,3354.26,3356.35,3354.1,3354.95,275.0
2025-08-04 10:45:00,3355.07,3355.07,3353.63,3354.25,282.0
2025-08-04 10:50:00,3354.28,3356.16,3354.22,3355.43,300.0
2025-08-04 10:55:00,3355.43,3356.15,3354.37,3355.81,309.0
2025-08-04 11:00:00,3356.0,3356.26,3354.13,3355.44,334.0
2025-08-04 11:05:00,3355.42,3356.06,3354.5,3355.19,282.0
2025-08-04 11:10:00,3355.33,3357.04,3355.15,3356.36,283.0
2025-08-04 11:15:00,3356.33,3358.13,3356.24,3358.02,253.0
2025-08-04 11:20:00,3357.97,3359.5,3357.72,3359.17,273.0
2025-08-04 11:25:00,3359.19,3359.75,3358.48,3358.83,248.0
2025-08-04 11:30:00,3358.8,3359.03,3356.98,3358.26,313.0
2025-08-04 11:35:00,3358.24,3359.18,3358.14,3358.14,280.0
2025-08-04 11:40:00,3358.18,3359.21,3358.12,3358.24,264.0
2025-08-04 11:45:00,3358.27,3359.36,3357.91,3359.32,262.0
2025-08-04 11:50:00,3359.33,3359.48,3358.31,3359.34,238.0
2025-08-04 11:55:00,3359.29,3359.74,3358.15,3358.43,284.0
2025-08-04 12:00:00,3358.41,3359.49,3358.1,3359.08,289.0
2025-08-04 12:05:00,3358.95,3360.87,3358.9,3360.81,248.0
2025-08-04 12:10:00,3360.81,3361.08,3359.13,3359.25,274.0
2025-08-04 12:15:00,3359.24,3360.16,3357.96,3359.83,290.0
2025-08-04 12:20:00,3359.87,3360.7,3359.36,3360.61,287.0
2025-08-04 12:25:00,3360.65,3361.73,3360.65,3361.06,259.0
2025-08-04 12:30:00,3361.03,3361.13,3359.1,3359.91,299.0
2025-08-04 12:35:00,3359.93,3360.69,3358.52,3358.52,292.0
2025-08-04 12:40:00,3358.56,3359.4,3357.76,3359.29,286.0
2025-08-04 12:45:00,3359.29,3359.49,3358.64,3358.97,250.0
2025-08-04 12:50:00,3358.98,3359.37,3358.61,3358.93,210.0
2025-08-04 12:55:00,3358.96,3359.05,3356.93,3357.97,285.0
2025-08-04 13:00:00,3357.86,3358.24,3356.82,3357.64,256.0
2025-08-04 13:05:00,3357.6,3358.33,3357.38,3357.49,268.0
2025-08-04 13:10:00,3357.48,3358.95,3356.74,3358.12,290.0
2025-08-04 13:15:00,3358.12,3358.35,3356.82,3357.01,235.0
2025-08-04 13:20:00,3356.99,3356.99,3353.03,3353.51,289.0
2025-08-04 13:25:00,3353.46,3356.51,3353.2,3356.49,275.0
2025-08-04 13:30:00,3356.45,3358.33,3356.18,3358.07,243.0
2025-08-04 13:35:00,3358.15,3358.42,3357.19,3357.57,251.0
2025-08-04 13:40:00,3357.55,3358.37,3357.42,3358.14,216.0
2025-08-04 13:45:00,3358.11,3358.44,3356.97,3357.16,205.0
2025-08-04 13:50:00,3357.04,3358.2,3356.97,3357.91,196.0
2025-08-04 13:55:00,3357.92,3358.34,3357.04,3357.81,268.0
2025-08-04 14:00:00,3357.87,3360.04,3357.72,3359.57,290.0
2025-08-04 14:05:00,3359.57,3364.08,3359.57,3361.56,341.0
2025-08-04 14:10:00,3361.83,3364.56,3361.57,3363.75,319.0
2025-08-04 14:15:00,3363.95,3366.25,3363.93,3365.46,319.0
2025-08-04 14:20:00,3365.74,3368.14,3365.46,3367.83,296.0
2025-08-04 14:25:00,3367.82,3367.85,3366.33,3367.65,262.0
2025-08-04 14:30:00,3367.69,3368.01,3366.71,3367.21,288.0
2025-08-04 14:35:00,3367.24,3367.74,3365.73,3365.93,261.0
2025-08-04 14:40:00,3365.87,3368.36,3365.87,3368.27,306.0
2025-08-04 14:45:00,3368.1,3368.37,3367.69,3368.01,265.0
2025-08-04 14:50:00,3368.01,3370.66,3367.79,3368.56,315.0
2025-08-04 14:55:00,3368.58,3370.59,3368.31,3370.27,313.0
2025-08-04 15:00:00,3370.28,3370.63,3368.62,3370.12,328.0
2025-08-04 15:05:00,3370.14,3371.48,3368.98,3369.39,326.0
2025-08-04 15:10:00,3369.41,3369.54,3367.04,3367.04,326.0
2025-08-04 15:15:00,3367.07,3368.71,3367.07,3367.37,275.0
2025-08-04 15:20:00,3367.63,3368.37,3366.73,3367.13,318.0
2025-08-04 15:25:00,3367.07,3367.58,3363.74,3363.81,387.0
2025-08-04 15:30:00,3363.95,3364.61,3361.04,3363.89,409.0
2025-08-04 15:35:00,3363.81,3364.31,3361.66,3362.52,319.0
2025-08-04 15:40:00,3362.56,3363.97,3361.49,3363.14,304.0
2025-08-04 15:45:00,3363.19,3367.65,3363.07,3367.48,328.0
2025-08-04 15:50:00,3367.56,3368.92,3366.34,3366.34,316.0
2025-08-04 15:55:00,3366.34,3368.47,3365.56,3367.78,323.0
2025-08-04 16:00:00,3367.83,3372.32,3367.13,3372.29,384.0
2025-08-04 16:05:00,3372.26,3372.28,3370.14,3371.6,358.0
2025-08-04 16:10:00,3371.63,3373.47,3370.83,3373.28,324.0
2025-08-04 16:15:00,3373.24,3375.66,3373.0,3375.16,402.0
2025-08-04 16:20:00,3375.17,3377.39,3374.5,3375.85,366.0
2025-08-04 16:25:00,3375.88,3376.81,3373.88,3375.53,384.0
2025-08-04 16:30:00,3375.35,3378.06,3375.33,3375.98,417.0
2025-08-04 16:35:00,3375.83,3377.01,3373.56,3376.57,396.0
2025-08-04 16:40:00,3376.66,3377.61,3374.57,3376.09,391.0
2025-08-04 16:45:00,3376.12,3382.5,3376.12,3381.62,429.0
2025-08-04 16:50:00,3381.81,3385.34,3381.28,3385.19,428.0
2025-08-04 16:55:00,3385.37,3385.37,3382.63,3383.23,386.0
2025-08-04 17:00:00,3383.51,3384.62,3380.13,3380.37,374.0
2025-08-04 17:05:00,3380.46,3382.1,3378.25,3380.53,428.0
2025-08-04 17:10:00,3380.5,3381.03,3376.78,3377.52,389.0
2025-08-04 17:15:00,3377.5,3378.08,3375.84,3376.58,386.0
2025-08-04 17:20:00,3376.55,3377.42,3374.9,3377.09,389.0
2025-08-04 17:25:00,3376.93,3378.7,3376.19,3377.38,343.0
2025-08-04 17:30:00,3377.36,3379.55,3377.36,3379.47,350.0
2025-08-04 17:35:00,3379.42,3379.85,3377.91,3378.47,331.0
2025-08-04 17:40:00,3378.52,3379.21,3376.75,3376.75,336.0
2025-08-04 17:45:00,3376.71,3376.75,3373.57,3373.57,394.0
2025-08-04 17:50:00,3373.54,3373.64,3371.92,3372.35,394.0
2025-08-04 17:55:00,3372.29,3375.49,3372.19,3374.34,362.0
2025-08-04 18:00:00,3372.62,3375.35,3372.53,3375.35,341.0
2025-08-04 18:05:00,3375.34,3375.64,3371.65,3373.17,361.0
2025-08-04 18:10:00,3373.22,3374.35,3371.94,3374.11,341.0
2025-08-04 18:15:00,3374.1,3374.88,3373.05,3373.92,301.0
2025-08-04 18:20:00,3373.94,3374.08,3371.45,3372.07,334.0
2025-08-04 18:25:00,3372.06,3374.0,3371.89,3372.22,322.0
2025-08-04 18:30:00,3372.19,3373.66,3370.71,3372.87,351.0
2025-08-04 18:35:00,3372.68,3375.1,3372.62,3374.97,310.0
2025-08-04 18:40:00,3375.07,3375.79,3373.96,3375.5,294.0
2025-08-04 18:45:00,3375.74,3376.08,3374.64,3375.01,272.0
2025-08-04 18:50:00,3375.04,3375.48,3373.93,3374.27,248.0
2025-08-04 18:55:00,3374.19,3375.01,3373.88,3374.27,285.0
2025-08-04 19:00:00,3374.28,3375.91,3373.69,3375.17,288.0
2025-08-04 19:05:00,3375.0,3376.27,3374.08,3376.19,288.0
2025-08-04 19:10:00,3376.07,3378.12,3375.69,3377.65,289.0
2025-08-04 19:15:00,3377.58,3378.02,3376.47,3376.6,265.0
2025-08-04 19:20:00,3376.58,3376.89,3375.7,3376.38,275.0
2025-08-04 19:25:00,3376.45,3376.45,3372.88,3374.03,329.0
2025-08-04 19:30:00,3374.03,3374.03,3372.36,3372.84,302.0
2025-08-04 19:35:00,3372.92,3373.57,3371.62,3372.02,255.0
2025-08-04 19:40:00,3372.0,3372.3,3371.28,3371.73,264.0
2025-08-04 19:45:00,3371.75,3372.44,3370.87,3371.28,271.0
2025-08-04 19:50:00,3371.15,3371.96,3370.79,3371.94,236.0
2025-08-04 19:55:00,3371.89,3372.0,3370.58,3370.96,228.0
2025-08-04 20:00:00,3370.95,3373.07,3370.7,3372.78,284.0
2025-08-04 20:05:00,3372.76,3373.16,3371.43,3371.94,232.0
2025-08-04 20:10:00,3371.93,3372.5,3371.54,3372.01,198.0
2025-08-04 20:15:00,3371.99,3372.27,3371.75,3372.07,203.0
2025-08-04 20:20:00,3372.06,3373.27,3371.16,3373.0,260.0
2025-08-04 20:25:00,3372.99,3373.28,3371.33,3372.5,270.0
2025-08-04 20:30:00,3372.39,3374.27,3372.39,3373.04,237.0
2025-08-04 20:35:00,3373.19,3373.6,3371.84,3372.79,229.0
2025-08-04 20:40:00,3372.82,3373.47,3372.47,3372.9,223.0
2025-08-04 20:45:00,3372.95,3373.62,3371.94,3372.96,254.0
2025-08-04 20:50:00,3372.94,3373.47,3372.6,3373.38,250.0
2025-08-04 20:55:00,3373.42,3374.26,3373.11,3374.04,221.0
2025-08-04 21:00:00,3374.03,3374.09,3373.22,3373.57,186.0
2025-08-04 21:05:00,3373.57,3374.39,3373.52,3374.11,190.0
2025-08-04 21:10:00,3374.11,3375.2,3374.09,3374.31,207.0
2025-08-04 21:15:00,3374.3,3375.53,3374.08,3375.32,248.0
2025-08-04 21:20:00,3375.37,3376.78,3375.35,3376.43,236.0
2025-08-04 21:25:00,3376.51,3376.75,3375.91,3375.91,204.0
2025-08-04 21:30:00,3375.94,3376.61,3375.72,3376.35,224.0
2025-08-04 21:35:00,3376.38,3376.38,3375.54,3375.86,199.0
2025-08-04 21:40:00,3375.78,3375.95,3375.05,3375.61,186.0
2025-08-04 21:45:00,3375.6,3376.64,3375.38,3376.39,206.0
2025-08-04 21:50:00,3376.42,3376.61,3375.84,3375.96,234.0
2025-08-04 21:55:00,3376.02,3376.27,3375.48,3375.72,241.0
2025-08-04 22:00:00,3375.69,3376.61,3375.62,3376.3,237.0
2025-08-04 22:05:00,3376.32,3377.06,3376.05,3376.6,188.0
2025-08-04 22:10:00,3376.61,3376.83,3375.77,3376.11,217.0
2025-08-04 22:15:00,3376.12,3376.52,3375.88,3376.11,266.0
2025-08-04 22:20:00,3376.09,3376.11,3375.4,3376.03,233.0
2025-08-04 22:25:00,3376.0,3376.8,3375.85,3376.52,195.0
2025-08-04 22:30:00,3376.52,3376.99,3376.45,3376.86,235.0
2025-08-04 22:35:00,3376.75,3377.0,3376.14,3376.64,254.0
2025-08-04 22:40:00,3376.63,3376.66,3375.64,3375.96,257.0
2025-08-04 22:45:00,3376.01,3376.13,3374.75,3374.76,246.0
2025-08-04 22:50:00,3374.66,3375.66,3374.66,3375.08,261.0
2025-08-04 22:55:00,3374.99,3376.36,3374.43,3376.0,308.0
2025-08-04 23:00:00,3375.81,3376.02,3374.8,3374.83,168.0
2025-08-04 23:05:00,3374.75,3375.66,3374.72,3375.18,161.0
2025-08-04 23:10:00,3375.14,3376.34,3374.67,3376.18,161.0
2025-08-04 23:15:00,3376.19,3376.85,3376.11,3376.65,125.0
2025-08-04 23:20:00,3376.68,3376.72,3375.96,3376.06,139.0
2025-08-04 23:25:00,3376.04,3376.2,3375.51,3375.9,118.0
2025-08-04 23:30:00,3375.92,3376.05,3375.2,3375.2,86.0
2025-08-04 23:35:00,3375.02,3375.14,3374.26,3374.36,126.0
2025-08-04 23:40:00,3374.32,3374.38,3373.49,3373.54,115.0
2025-08-04 23:45:00,3373.54,3374.17,3373.42,3373.9,117.0
2025-08-04 23:50:00,3373.89,3374.31,3373.89,3374.01,111.0
2025-08-05 01:05:00,3376.19,3376.46,3375.44,3375.57,138.0
2025-08-05 01:10:00,3375.62,3375.68,3374.67,3374.74,104.0
2025-08-05 01:15:00,3374.72,3374.9,3374.43,3374.9,114.0
2025-08-05 01:20:00,3374.92,3376.16,3374.77,3374.9,84.0
2025-08-05 01:25:00,3374.77,3375.41,3374.66,3374.66,70.0
2025-08-05 01:30:00,3374.67,3375.31,3374.45,3375.27,86.0
2025-08-05 01:35:00,3375.31,3375.31,3374.4,3374.4,83.0
2025-08-05 01:40:00,3374.41,3374.41,3373.6,3374.17,103.0
2025-08-05 01:45:00,3374.19,3374.87,3374.14,3374.34,117.0
2025-08-05 01:50:00,3374.34,3374.87,3374.19,3374.83,81.0
2025-08-05 01:55:00,3374.85,3374.99,3374.01,3374.74,105.0
2025-08-05 02:00:00,3374.74,3377.25,3374.72,3376.95,225.0
2025-08-05 02:05:00,3377.02,3377.54,3376.6,3377.51,163.0
2025-08-05 02:10:00,3377.57,3378.94,3377.5,3378.72,207.0
2025-08-05 02:15:00,3378.72,3378.86,3377.39,3377.85,192.0
2025-08-05 02:20:00,3377.76,3378.64,3377.75,3377.8,147.0
2025-08-05 02:25:00,3377.81,3379.32,3377.79,3379.22,127.0
2025-08-05 02:30:00,3379.28,3379.63,3378.99,3379.25,132.0
2025-08-05 02:35:00,3379.24,3379.64,3377.29,3377.38,170.0
2025-08-05 02:40:00,3377.44,3377.84,3376.93,3377.56,166.0
2025-08-05 02:45:00,3377.38,3378.34,3377.13,3378.07,105.0
2025-08-05 02:50:00,3378.12,3378.55,3377.69,3377.78,122.0
2025-08-05 02:55:00,3377.76,3377.86,3376.45,3377.5,197.0
2025-08-05 03:00:00,3377.41,3378.91,3377.16,3378.84,199.0
2025-08-05 03:05:00,3378.83,3378.88,3377.04,3377.04,156.0
2025-08-05 03:10:00,3377.1,3377.52,3375.93,3377.06,197.0
2025-08-05 03:15:00,3377.15,3377.99,3376.88,3377.12,162.0
2025-08-05 03:20:00,3377.16,3378.59,3376.84,3377.54,159.0
2025-08-05 03:25:00,3377.64,3377.85,3376.71,3377.47,179.0
2025-08-05 03:30:00,3377.63,3379.39,3377.63,3379.39,216.0
2025-08-05 03:35:00,3379.26,3379.38,3378.61,3378.65,192.0
2025-08-05 03:40:00,3378.66,3380.6,3378.26,3379.58,216.0
2025-08-05 03:45:00,3379.58,3381.27,3379.57,3380.39,280.0
2025-08-05 03:50:00,3380.3,3381.14,3380.18,3380.5,218.0
2025-08-05 03:55:00,3380.59,3380.59,3379.07,3379.81,243.0
2025-08-05 04:00:00,3379.89,3381.64,3379.84,3379.98,302.0
2025-08-05 04:05:00,3380.0,3382.41,3379.72,3381.65,325.0
2025-08-05 04:10:00,3381.65,3382.08,3379.3,3379.67,253.0
2025-08-05 04:15:00,3379.66,3380.33,3379.17,3379.88,224.0
2025-08-05 04:20:00,3379.89,3380.16,3378.97,3379.34,247.0
2025-08-05 04:25:00,3379.26,3380.02,3378.01,3379.99,224.0
2025-08-05 04:30:00,3379.98,3382.22,3379.98,3380.58,295.0
2025-08-05 04:35:00,3380.5,3380.95,3379.72,3380.77,240.0
2025-08-05 04:40:00,3380.73,3381.08,3379.64,3380.65,212.0
2025-08-05 04:45:00,3380.73,3381.59,3380.16,3381.13,220.0
2025-08-05 04:50:00,3381.25,3381.37,3380.15,3381.13,207.0
2025-08-05 04:55:00,3381.23,3381.32,3379.13,3379.13,193.0
2025-08-05 05:00:00,3379.06,3380.38,3378.26,3380.06,243.0
2025-08-05 05:05:00,3380.02,3380.43,3379.12,3379.99,211.0
2025-08-05 05:10:00,3379.97,3381.26,3379.9,3380.42,246.0
2025-08-05 05:15:00,3380.48,3381.4,3378.39,3378.69,225.0
2025-08-05 05:20:00,3378.74,3378.74,3376.39,3376.51,225.0
2025-08-05 05:25:00,3376.52,3376.65,3375.68,3375.98,191.0
2025-08-05 05:30:00,3375.8,3377.56,3374.57,3377.0,308.0
2025-08-05 05:35:00,3376.99,3378.58,3375.62,3376.19,295.0
2025-08-05 05:40:00,3376.21,3376.92,3375.43,3375.47,215.0
2025-08-05 05:45:00,3375.46,3375.79,3374.82,3375.17,209.0
2025-08-05 05:50:00,3375.19,3375.94,3373.94,3375.82,227.0
2025-08-05 05:55:00,3375.81,3376.28,3373.75,3373.75,197.0
2025-08-05 06:00:00,3373.68,3374.99,3373.46,3374.72,221.0
2025-08-05 06:05:00,3374.83,3374.83,3373.92,3374.19,164.0
2025-08-05 06:10:00,3374.17,3374.17,3373.3,3373.43,179.0
2025-08-05 06:15:00,3373.37,3374.57,3372.85,3374.57,214.0
2025-08-05 06:20:00,3374.56,3375.36,3373.48,3373.83,242.0
2025-08-05 06:25:00,3373.82,3373.86,3373.12,3373.28,184.0
2025-08-05 06:30:00,3373.26,3373.99,3373.02,3373.55,139.0
2025-08-05 06:35:00,3373.54,3373.57,3372.67,3372.68,155.0
2025-08-05 06:40:00,3372.68,3373.27,3372.34,3372.96,131.0
2025-08-05 06:45:00,3372.91,3374.31,3372.12,3374.0,189.0
2025-08-05 06:50:00,3373.99,3374.64,3372.62,3374.64,191.0
2025-08-05 06:55:00,3374.76,3374.76,3372.14,3372.14,222.0
2025-08-05 07:00:00,3372.05,3372.5,3371.48,3371.99,193.0
2025-08-05 07:05:00,3372.05,3372.48,3371.36,3371.59,184.0
2025-08-05 07:10:00,3371.55,3373.26,3371.3,3372.5,198.0
2025-08-05 07:15:00,3372.48,3372.81,3372.11,3372.57,172.0
2025-08-05 07:20:00,3372.55,3372.76,3372.35,3372.67,130.0
2025-08-05 07:25:00,3372.65,3372.66,3371.66,3372.44,139.0
2025-08-05 07:30:00,3372.45,3372.45,3371.4,3371.68,135.0
2025-08-05 07:35:00,3371.7,3372.03,3371.52,3371.93,140.0
2025-08-05 07:40:00,3372.07,3372.32,3371.45,3371.79,140.0
2025-08-05 07:45:00,3371.8,3373.11,3371.23,3372.23,168.0
2025-08-05 07:50:00,3372.26,3372.28,3371.37,3371.4,121.0
2025-08-05 07:55:00,3371.39,3372.27,3371.08,3371.16,204.0
2025-08-05 08:00:00,3371.15,3371.15,3369.59,3370.6,239.0
2025-08-05 08:05:00,3370.62,3370.64,3369.09,3370.04,235.0
2025-08-05 08:10:00,3370.06,3370.28,3368.62,3368.85,229.0
2025-08-05 08:15:00,3369.02,3369.05,3367.53,3368.81,278.0
2025-08-05 08:20:00,3368.78,3370.69,3368.78,3369.91,257.0
2025-08-05 08:25:00,3369.9,3370.14,3368.95,3369.33,205.0
2025-08-05 08:30:00,3369.37,3371.21,3369.14,3370.37,265.0
2025-08-05 08:35:00,3370.4,3371.86,3370.38,3371.86,269.0
2025-08-05 08:40:00,3371.85,3372.05,3370.08,3370.55,253.0
2025-08-05 08:45:00,3370.56,3372.18,3370.25,3372.0,265.0
2025-08-05 08:50:00,3371.98,3372.73,3371.44,3372.71,212.0
2025-08-05 08:55:00,3372.65,3374.07,3371.93,3374.07,275.0
2025-08-05 09:00:00,3374.05,3374.15,3371.93,3371.98,287.0
2025-08-05 09:05:00,3371.92,3372.0,3370.53,3370.68,246.0
2025-08-05 09:10:00,3370.67,3370.96,3370.04,3370.72,245.0
2025-08-05 09:15:00,3370.65,3370.76,3369.31,3369.45,184.0
2025-08-05 09:20:00,3369.47,3370.92,3368.59,3369.65,270.0
2025-08-05 09:25:00,3369.59,3370.07,3368.85,3369.48,249.0
2025-08-05 09:30:00,3369.47,3370.41,3368.55,3368.97,265.0
2025-08-05 09:35:00,3368.96,3368.96,3368.07,3368.34,196.0
2025-08-05 09:40:00,3368.36,3368.36,3366.47,3366.47,287.0
2025-08-05 09:45:00,3366.45,3368.01,3365.72,3366.89,264.0
2025-08-05 09:50:00,3366.88,3368.09,3366.58,3367.02,278.0
2025-08-05 09:55:00,3367.13,3367.46,3366.07,3366.27,245.0
2025-08-05 10:00:00,3366.28,3368.15,3366.27,3367.9,288.0
2025-08-05 10:05:00,3367.86,3370.47,3367.86,3369.41,301.0
2025-08-05 10:10:00,3369.49,3371.08,3368.69,3369.44,277.0
2025-08-05 10:15:00,3369.46,3371.64,3369.1,3371.07,302.0
2025-08-05 10:20:00,3371.07,3373.86,3370.82,3373.59,306.0
2025-08-05 10:25:00,3373.62,3374.66,3373.34,3374.23,292.0
2025-08-05 10:30:00,3374.35,3375.33,3373.5,3375.15,253.0
2025-08-05 10:35:00,3375.17,3375.47,3373.52,3374.23,225.0
2025-08-05 10:40:00,3374.2,3374.39,3372.31,3373.44,274.0
2025-08-05 10:45:00,3373.4,3373.4,3371.4,3372.44,262.0
2025-08-05 10:50:00,3372.41,3372.41,3371.26,3372.05,262.0
2025-08-05 10:55:00,3372.09,3374.36,3372.0,3373.65,261.0
2025-08-05 11:00:00,3373.6,3373.6,3371.94,3372.3,277.0
2025-08-05 11:05:00,3372.29,3372.83,3370.75,3371.43,269.0
2025-08-05 11:10:00,3371.7,3373.23,3371.41,3371.96,223.0
2025-08-05 11:15:00,3371.99,3372.69,3371.36,3372.25,221.0
2025-08-05 11:20:00,3372.26,3374.62,3372.26,3373.63,267.0
2025-08-05 11:25:00,3373.64,3373.67,3372.38,3372.82,205.0
2025-08-05 11:30:00,3372.78,3373.34,3371.51,3373.33,211.0
2025-08-05 11:35:00,3373.27,3373.43,3371.24,3371.34,166.0
2025-08-05 11:40:00,3371.38,3371.62,3368.61,3369.06,240.0
2025-08-05 11:45:00,3368.83,3369.33,3367.8,3368.06,270.0
2025-08-05 11:50:00,3368.07,3368.28,3366.26,3366.67,285.0
2025-08-05 11:55:00,3366.63,3367.79,3366.07,3366.09,277.0
2025-08-05 12:00:00,3366.13,3366.3,3364.27,3365.09,283.0
2025-08-05 12:05:00,3365.08,3365.74,3364.79,3365.7,245.0
2025-08-05 12:10:00,3365.8,3365.99,3364.91,3365.27,185.0
2025-08-05 12:15:00,3365.1,3366.2,3364.83,3365.42,227.0
2025-08-05 12:20:00,3365.4,3365.94,3365.0,3365.23,229.0
2025-08-05 12:25:00,3365.21,3365.94,3364.88,3364.88,166.0
2025-08-05 12:30:00,3364.84,3364.97,3363.0,3363.45,289.0
2025-08-05 12:35:00,3363.41,3364.04,3362.78,3362.79,211.0
2025-08-05 12:40:00,3362.82,3363.79,3362.12,3363.79,217.0
2025-08-05 12:45:00,3363.88,3365.3,3362.37,3365.18,269.0
2025-08-05 12:50:00,3365.17,3365.28,3360.72,3360.88,263.0
2025-08-05 12:55:00,3360.96,3361.25,3359.03,3359.69,359.0
2025-08-05 13:00:00,3359.73,3361.78,3358.88,3361.17,316.0
2025-08-05 13:05:00,3361.28,3361.28,3356.82,3356.82,298.0
2025-08-05 13:10:00,3356.79,3358.04,3354.98,3356.73,338.0
2025-08-05 13:15:00,3356.72,3357.09,3354.52,3356.29,302.0
2025-08-05 13:20:00,3356.28,3358.17,3356.08,3357.51,257.0
2025-08-05 13:25:00,3357.52,3357.98,3356.25,3356.29,224.0
2025-08-05 13:30:00,3356.26,3357.66,3355.79,3356.42,256.0
2025-08-05 13:35:00,3356.38,3357.6,3355.99,3357.49,219.0
2025-08-05 13:40:00,3357.47,3357.93,3356.42,3357.72,226.0
2025-08-05 13:45:00,3357.66,3357.9,3355.93,3356.25,241.0
2025-08-05 13:50:00,3356.23,3356.76,3355.25,3355.52,241.0
2025-08-05 13:55:00,3355.4,3356.05,3352.94,3353.19,299.0
2025-08-05 14:00:00,3353.15,3354.17,3351.38,3352.79,330.0
2025-08-05 14:05:00,3352.74,3353.58,3352.31,3353.34,275.0
2025-08-05 14:10:00,3353.33,3353.5,3352.06,3353.27,234.0
2025-08-05 14:15:00,3353.29,3353.74,3351.81,3352.47,259.0
2025-08-05 14:20:00,3352.39,3353.92,3352.09,3352.77,257.0
2025-08-05 14:25:00,3352.7,3353.09,3351.89,3352.15,226.0
2025-08-05 14:30:00,3352.13,3352.69,3350.13,3350.7,256.0
2025-08-05 14:35:00,3350.72,3352.68,3349.99,3350.14,275.0
2025-08-05 14:40:00,3350.33,3352.26,3349.99,3351.38,225.0
2025-08-05 14:45:00,3351.4,3353.91,3351.28,3352.42,231.0
2025-08-05 14:50:00,3352.56,3354.28,3352.56,3353.51,266.0
2025-08-05 14:55:00,3353.26,3353.26,3350.95,3351.38,246.0
2025-08-05 15:00:00,3351.39,3352.96,3349.99,3351.92,247.0
2025-08-05 15:05:00,3351.91,3354.42,3351.88,3354.29,274.0
2025-08-05 15:10:00,3354.14,3355.11,3351.46,3353.12,330.0
2025-08-05 15:15:00,3353.13,3355.62,3352.17,3354.66,324.0
2025-08-05 15:20:00,3354.49,3358.06,3353.84,3357.75,383.0
2025-08-05 15:25:00,3357.73,3360.77,3357.73,3360.75,328.0
2025-08-05 15:30:00,3360.92,3364.37,3360.25,3362.97,374.0
2025-08-05 15:35:00,3363.16,3365.83,3363.05,3363.9,370.0
2025-08-05 15:40:00,3363.84,3364.2,3362.68,3363.82,336.0
2025-08-05 15:45:00,3363.81,3365.15,3362.92,3365.12,293.0
2025-08-05 15:50:00,3365.18,3366.38,3363.9,3365.77,327.0
2025-08-05 15:55:00,3365.69,3366.98,3365.69,3366.08,296.0
2025-08-05 16:00:00,3366.38,3368.33,3365.95,3366.97,381.0
2025-08-05 16:05:00,3366.76,3368.79,3366.53,3367.21,347.0
2025-08-05 16:10:00,3367.3,3369.1,3366.91,3369.05,286.0
2025-08-05 16:15:00,3368.92,3369.89,3368.65,3369.12,323.0
2025-08-05 16:20:00,3369.13,3371.13,3369.13,3370.13,288.0
2025-08-05 16:25:00,3369.97,3371.68,3369.69,3370.35,261.0
2025-08-05 16:30:00,3370.4,3376.05,3369.29,3375.95,411.0
2025-08-05 16:35:00,3376.16,3379.58,3375.65,3378.08,459.0
2025-08-05 16:40:00,3378.21,3379.41,3376.57,3376.88,416.0
2025-08-05 16:45:00,3376.86,3378.4,3375.0,3377.27,412.0
2025-08-05 16:50:00,3377.37,3377.37,3373.11,3373.11,382.0
2025-08-05 16:55:00,3373.24,3375.49,3372.12,3373.78,394.0
2025-08-05 17:00:00,3376.47,3380.69,3372.48,3376.38,496.0
2025-08-05 17:05:00,3376.25,3377.74,3374.62,3374.93,480.0
2025-08-05 17:10:00,3374.86,3374.86,3370.56,3372.7,437.0
2025-08-05 17:15:00,3372.75,3377.51,3372.75,3376.73,424.0
2025-08-05 17:20:00,3376.68,3382.13,3375.46,3382.13,405.0
2025-08-05 17:25:00,3382.2,3382.2,3378.97,3379.85,440.0
2025-08-05 17:30:00,3379.98,3382.21,3378.77,3382.02,416.0
2025-08-05 17:35:00,3382.04,3382.87,3380.95,3382.76,428.0
2025-08-05 17:40:00,3382.73,3384.54,3381.64,3384.26,433.0
2025-08-05 17:45:00,3384.18,3384.49,3382.36,3383.52,435.0
2025-08-05 17:50:00,3383.42,3386.33,3383.36,3386.12,406.0
2025-08-05 17:55:00,3386.11,3386.57,3385.11,3385.21,368.0
2025-08-05 18:00:00,3385.28,3386.54,3384.33,3385.45,356.0
2025-08-05 18:05:00,3385.5,3387.35,3385.5,3386.75,342.0
2025-08-05 18:10:00,3386.7,3386.85,3385.01,3386.27,328.0
2025-08-05 18:15:00,3386.51,3387.92,3385.88,3387.85,307.0
2025-08-05 18:20:00,3387.84,3387.84,3385.48,3385.82,297.0
2025-08-05 18:25:00,3385.62,3385.89,3383.82,3384.81,301.0
2025-08-05 18:30:00,3385.03,3386.57,3382.2,3382.59,340.0
2025-08-05 18:35:00,3382.55,3385.29,3382.24,3384.6,289.0
2025-08-05 18:40:00,3384.54,3386.72,3383.86,3386.66,315.0
2025-08-05 18:45:00,3386.65,3389.07,3386.64,3388.85,322.0
2025-08-05 18:50:00,3388.86,3390.01,3388.85,3389.5,277.0
2025-08-05 18:55:00,3389.49,3389.92,3389.1,3389.47,247.0
2025-08-05 19:00:00,3389.52,3390.38,3389.52,3390.03,276.0
2025-08-05 19:05:00,3390.05,3390.05,3388.73,3388.97,270.0
2025-08-05 19:10:00,3388.99,3389.33,3386.52,3387.07,298.0
2025-08-05 19:15:00,3387.05,3387.23,3381.7,3383.14,341.0
2025-08-05 19:20:00,3383.08,3383.76,3382.41,3383.33,273.0
2025-08-05 19:25:00,3383.32,3383.5,3382.02,3382.47,251.0
2025-08-05 19:30:00,3382.6,3383.09,3377.0,3382.18,370.0
2025-08-05 19:35:00,3382.17,3382.18,3378.61,3379.84,335.0
2025-08-05 19:40:00,3379.94,3381.8,3379.52,3380.37,281.0
2025-08-05 19:45:00,3380.36,3380.47,3378.77,3379.53,294.0
2025-08-05 19:50:00,3379.66,3381.7,3379.64,3380.69,267.0
2025-08-05 19:55:00,3380.79,3382.14,3380.67,3382.06,221.0
2025-08-05 20:00:00,3382.07,3382.21,3380.23,3381.21,221.0
2025-08-05 20:05:00,3381.1,3381.54,3380.55,3381.03,189.0
2025-08-05 20:10:00,3381.0,3381.62,3380.55,3381.09,209.0
2025-08-05 20:15:00,3381.13,3382.34,3380.88,3381.23,243.0
2025-08-05 20:20:00,3381.24,3381.52,3380.34,3381.04,213.0
2025-08-05 20:25:00,3381.09,3381.09,3379.05,3380.16,293.0
2025-08-05 20:30:00,3380.2,3381.82,3379.91,3381.02,217.0
2025-08-05 20:35:00,3381.1,3382.4,3380.78,3382.38,205.0
2025-08-05 20:40:00,3382.39,3382.77,3381.64,3381.78,246.0
2025-08-05 20:45:00,3381.78,3381.91,3380.18,3380.4,235.0
2025-08-05 20:50:00,3380.39,3380.93,3379.02,3380.32,263.0
2025-08-05 20:55:00,3380.3,3380.71,3379.6,3380.03,183.0
2025-08-05 21:00:00,3380.02,3380.2,3379.01,3379.09,168.0
2025-08-05 21:05:00,3379.17,3380.54,3379.17,3380.15,233.0
2025-08-05 21:10:00,3380.13,3380.25,3378.92,3379.19,201.0
2025-08-05 21:15:00,3379.0,3379.59,3378.47,3378.65,200.0
2025-08-05 21:20:00,3378.67,3380.99,3378.67,3380.99,233.0
2025-08-05 21:25:00,3380.96,3381.13,3379.5,3379.65,226.0
2025-08-05 21:30:00,3379.63,3379.69,3378.79,3379.69,237.0
2025-08-05 21:35:00,3379.68,3380.95,3379.68,3380.58,211.0
2025-08-05 21:40:00,3380.59,3380.6,3379.72,3379.77,210.0
2025-08-05 21:45:00,3379.82,3380.43,3379.51,3380.43,237.0
2025-08-05 21:50:00,3380.48,3380.65,3379.32,3380.0,225.0
2025-08-05 21:55:00,3380.01,3380.55,3379.68,3380.01,236.0
2025-08-05 22:00:00,3380.0,3380.09,3378.34,3378.51,197.0
2025-08-05 22:05:00,3378.58,3379.45,3378.15,3379.41,217.0
2025-08-05 22:10:00,3379.42,3380.25,3379.11,3380.1,176.0
2025-08-05 22:15:00,3380.11,3381.38,3380.01,3380.59,202.0
2025-08-05 22:20:00,3380.58,3381.04,3380.41,3380.57,188.0
2025-08-05 22:25:00,3380.21,3380.24,3379.59,3379.64,181.0
2025-08-05 22:30:00,3379.62,3380.7,3379.52,3380.33,225.0
2025-08-05 22:35:00,3380.35,3380.93,3380.24,3380.3,198.0
2025-08-05 22:40:00,3380.32,3380.54,3379.26,3379.57,224.0
2025-08-05 22:45:00,3379.59,3379.76,3378.95,3379.13,273.0
2025-08-05 22:50:00,3379.15,3380.5,3379.12,3380.42,257.0
2025-08-05 22:55:00,3380.33,3380.7,3378.83,3378.92,308.0
2025-08-05 23:00:00,3378.99,3379.43,3378.78,3379.22,149.0
2025-08-05 23:05:00,3379.25,3380.15,3379.18,3379.86,96.0
2025-08-05 23:10:00,3379.83,3380.12,3379.25,3379.7,102.0
2025-08-05 23:15:00,3379.68,3380.48,3379.61,3380.04,108.0
2025-08-05 23:20:00,3380.05,3380.09,3379.6,3379.93,102.0
2025-08-05 23:25:00,3379.94,3379.95,3379.59,3379.75,81.0
2025-08-05 23:30:00,3379.74,3379.74,3378.79,3378.84,93.0
2025-08-05 23:35:00,3378.83,3379.93,3378.44,3379.91,142.0
2025-08-05 23:40:00,3379.92,3380.31,3379.44,3379.7,123.0
2025-08-05 23:45:00,3379.74,3379.9,3379.07,3379.08,125.0
2025-08-05 23:50:00,3379.07,3380.81,3379.0,3380.47,113.0
2025-08-06 01:05:00,3381.14,3381.14,3380.11,3380.41,100.0
2025-08-06 01:10:00,3380.37,3380.62,3379.72,3379.88,76.0
2025-08-06 01:15:00,3379.87,3379.91,3379.14,3379.14,122.0
2025-08-06 01:20:00,3379.37,3379.77,3379.12,3379.74,141.0
2025-08-06 01:25:00,3379.59,3379.77,3379.06,3379.07,73.0
2025-08-06 01:30:00,3379.09,3379.34,3378.19,3378.27,123.0
2025-08-06 01:35:00,3378.28,3379.45,3378.27,3379.07,114.0
2025-08-06 01:40:00,3379.07,3379.72,3379.04,3379.66,90.0
2025-08-06 01:45:00,3379.61,3380.47,3379.51,3380.39,105.0
2025-08-06 01:50:00,3380.37,3380.37,3379.68,3379.82,104.0
2025-08-06 01:55:00,3379.81,3380.04,3379.56,3379.63,63.0
2025-08-06 02:00:00,3379.62,3380.48,3378.9,3380.02,163.0
2025-08-06 02:05:00,3380.01,3381.15,3379.73,3380.93,93.0
2025-08-06 02:10:00,3380.94,3381.26,3380.55,3380.86,145.0
2025-08-06 02:15:00,3380.88,3382.0,3380.76,3381.73,128.0
2025-08-06 02:20:00,3381.72,3381.85,3381.15,3381.37,122.0
2025-08-06 02:25:00,3381.38,3382.16,3381.36,3381.79,128.0
2025-08-06 02:30:00,3381.89,3382.86,3381.89,3382.56,164.0
2025-08-06 02:35:00,3382.49,3383.17,3381.76,3382.13,178.0
2025-08-06 02:40:00,3382.14,3382.74,3381.93,3382.63,159.0
2025-08-06 02:45:00,3382.59,3383.95,3382.13,3382.36,187.0
2025-08-06 02:50:00,3382.31,3383.25,3382.11,3382.75,144.0
2025-08-06 02:55:00,3382.76,3383.82,3382.52,3383.2,159.0
2025-08-06 03:00:00,3383.21,3383.62,3382.25,3383.21,286.0
2025-08-06 03:05:00,3383.24,3383.36,3382.26,3382.71,170.0
2025-08-06 03:10:00,3382.61,3383.12,3381.5,3382.93,220.0
2025-08-06 03:15:00,3382.93,3383.83,3382.7,3383.51,225.0
2025-08-06 03:20:00,3383.52,3384.19,3383.24,3384.08,182.0
2025-08-06 03:25:00,3384.06,3385.1,3383.87,3384.84,186.0
2025-08-06 03:30:00,3384.83,3385.62,3384.21,3384.47,174.0
2025-08-06 03:35:00,3384.2,3384.21,3383.31,3383.67,188.0
2025-08-06 03:40:00,3383.69,3383.86,3380.93,3382.75,288.0
2025-08-06 03:45:00,3382.74,3382.74,3380.85,3382.33,275.0
2025-08-06 03:50:00,3382.41,3383.71,3381.87,3382.61,211.0
2025-08-06 03:55:00,3382.79,3383.51,3381.74,3383.44,224.0
2025-08-06 04:00:00,3383.28,3383.59,3380.78,3381.43,338.0
2025-08-06 04:05:00,3381.4,3382.5,3380.27,3380.27,259.0
2025-08-06 04:10:00,3380.2,3380.86,3377.64,3377.97,276.0
2025-08-06 04:15:00,3377.98,3379.16,3377.19,3377.3,276.0
2025-08-06 04:20:00,3377.3,3379.09,3375.72,3378.01,326.0
2025-08-06 04:25:00,3377.99,3378.82,3377.08,3378.1,277.0
2025-08-06 04:30:00,3378.1,3379.36,3378.0,3378.89,291.0
2025-08-06 04:35:00,3378.79,3381.52,3378.74,3381.34,348.0
2025-08-06 04:40:00,3381.34,3381.34,3379.02,3379.17,289.0
2025-08-06 04:45:00,3379.18,3379.39,3377.01,3377.36,295.0
2025-08-06 04:50:00,3377.4,3377.64,3374.48,3375.43,338.0
2025-08-06 04:55:00,3375.31,3376.06,3372.69,3376.04,338.0
2025-08-06 05:00:00,3375.88,3376.27,3374.86,3375.93,297.0
2025-08-06 05:05:00,3375.96,3377.81,3375.9,3376.12,312.0
2025-08-06 05:10:00,3376.11,3376.14,3374.25,3375.13,237.0
2025-08-06 05:15:00,3375.12,3376.98,3374.43,3374.88,240.0
2025-08-06 05:20:00,3374.9,3376.27,3374.34,3375.12,244.0
2025-08-06 05:25:00,3375.13,3375.44,3374.26,3375.44,198.0
2025-08-06 05:30:00,3375.36,3377.08,3375.05,3377.0,270.0
2025-08-06 05:35:00,3377.01,3377.29,3376.2,3376.86,221.0
2025-08-06 05:40:00,3376.85,3377.47,3376.18,3376.21,208.0
2025-08-06 05:45:00,3376.25,3376.25,3374.35,3375.74,224.0
2025-08-06 05:50:00,3375.7,3376.18,3375.33,3375.73,178.0
2025-08-06 05:55:00,3375.71,3376.62,3375.21,3376.31,177.0
2025-08-06 06:00:00,3376.33,3377.48,3376.17,3377.2,195.0
2025-08-06 06:05:00,3377.09,3377.28,3375.57,3375.79,170.0
2025-08-06 06:10:00,3375.79,3376.35,3375.51,3375.75,214.0
2025-08-06 06:15:00,3375.81,3377.49,3375.49,3377.46,194.0
2025-08-06 06:20:00,3377.45,3378.35,3377.36,3377.78,243.0
2025-08-06 06:25:00,3377.8,3378.85,3376.98,3377.03,233.0
2025-08-06 06:30:00,3376.98,3377.25,3374.66,3375.11,237.0
2025-08-06 06:35:00,3375.08,3375.98,3373.42,3374.28,278.0
2025-08-06 06:40:00,3374.28,3375.57,3374.11,3375.17,184.0
2025-08-06 06:45:00,3375.12,3375.12,3374.29,3375.0,145.0
2025-08-06 06:50:00,3375.01,3375.19,3373.4,3374.16,168.0
2025-08-06 06:55:00,3374.22,3374.95,3374.08,3374.57,134.0
2025-08-06 07:00:00,3374.63,3375.49,3374.56,3375.0,126.0
2025-08-06 07:05:00,3374.97,3375.46,3374.95,3375.04,152.0
2025-08-06 07:10:00,3375.05,3375.27,3374.62,3374.67,145.0
2025-08-06 07:15:00,3374.66,3376.45,3374.6,3375.74,167.0
2025-08-06 07:20:00,3375.75,3375.76,3374.91,3374.94,147.0
2025-08-06 07:25:00,3374.93,3375.03,3374.05,3374.73,140.0
2025-08-06 07:30:00,3374.73,3375.12,3374.34,3374.91,138.0
2025-08-06 07:35:00,3374.89,3376.09,3374.7,3375.4,143.0
2025-08-06 07:40:00,3375.42,3375.88,3374.74,3374.76,164.0
2025-08-06 07:45:00,3374.76,3374.95,3373.47,3373.76,179.0
2025-08-06 07:50:00,3373.62,3373.76,3372.58,3372.91,213.0
2025-08-06 07:55:00,3372.91,3373.5,3372.11,3372.42,179.0
2025-08-06 08:00:00,3372.25,3373.24,3371.92,3373.11,226.0
2025-08-06 08:05:00,3373.1,3373.11,3371.28,3372.1,168.0
2025-08-06 08:10:00,3372.11,3372.53,3371.29,3372.09,187.0
2025-08-06 08:15:00,3372.12,3372.33,3371.7,3372.22,150.0
2025-08-06 08:20:00,3372.21,3372.84,3370.73,3370.8,204.0
2025-08-06 08:25:00,3370.96,3371.87,3370.89,3371.7,172.0
2025-08-06 08:30:00,3371.73,3374.14,3371.22,3372.79,287.0
2025-08-06 08:35:00,3372.82,3372.82,3370.96,3372.01,273.0
2025-08-06 08:40:00,3372.03,3372.75,3370.81,3370.87,222.0
2025-08-06 08:45:00,3370.81,3372.07,3370.66,3372.03,236.0
2025-08-06 08:50:00,3372.11,3373.12,3371.55,3373.07,235.0
2025-08-06 08:55:00,3372.99,3374.72,3371.98,3374.23,290.0
2025-08-06 09:00:00,3374.23,3376.34,3373.02,3376.32,326.0
2025-08-06 09:05:00,3376.33,3376.67,3375.38,3376.17,287.0
2025-08-06 09:10:00,3376.23,3376.33,3375.13,3375.48,233.0
2025-08-06 09:15:00,3375.43,3375.86,3375.02,3375.13,224.0
2025-08-06 09:20:00,3375.12,3377.9,3375.03,3377.82,269.0
2025-08-06 09:25:00,3377.87,3377.88,3376.28,3377.24,319.0
2025-08-06 09:30:00,3377.19,3378.39,3376.54,3378.1,234.0
2025-08-06 09:35:00,3378.17,3378.58,3377.14,3377.53,274.0
2025-08-06 09:40:00,3377.52,3377.83,3376.61,3376.95,215.0
2025-08-06 09:45:00,3376.9,3377.32,3375.32,3376.18,242.0
2025-08-06 09:50:00,3376.17,3376.17,3374.75,3375.09,223.0
2025-08-06 09:55:00,3375.13,3375.55,3373.97,3375.16,262.0
2025-08-06 10:00:00,3375.17,3375.17,3372.84,3373.81,280.0
2025-08-06 10:05:00,3373.78,3374.52,3372.37,3372.95,270.0
2025-08-06 10:10:00,3372.96,3373.42,3371.26,3372.11,239.0
2025-08-06 10:15:00,3372.11,3372.83,3371.72,3372.53,226.0
2025-08-06 10:20:00,3372.43,3372.43,3369.06,3369.78,270.0
2025-08-06 10:25:00,3369.91,3371.03,3369.8,3370.27,249.0
2025-08-06 10:30:00,3370.23,3371.79,3370.08,3371.17,204.0
2025-08-06 10:35:00,3371.27,3373.38,3371.27,3373.24,237.0
2025-08-06 10:40:00,3373.47,3375.05,3373.28,3374.52,314.0
2025-08-06 10:45:00,3374.65,3377.06,3374.38,3376.57,277.0
2025-08-06 10:50:00,3376.55,3376.76,3375.47,3375.71,256.0
2025-08-06 10:55:00,3375.7,3375.92,3373.38,3373.6,277.0
2025-08-06 11:00:00,3373.38,3374.61,3371.73,3372.42,329.0
2025-08-06 11:05:00,3372.43,3372.87,3369.27,3369.27,339.0
2025-08-06 11:10:00,3369.27,3370.83,3368.57,3369.22,310.0
2025-08-06 11:15:00,3369.21,3370.29,3366.52,3367.2,336.0
2025-08-06 11:20:00,3367.35,3367.74,3366.41,3367.64,268.0
2025-08-06 11:25:00,3367.62,3367.71,3365.18,3366.71,248.0
2025-08-06 11:30:00,3366.6,3366.81,3364.94,3364.96,235.0
2025-08-06 11:35:00,3364.95,3367.27,3364.87,3367.11,277.0
2025-08-06 11:40:00,3367.02,3367.56,3365.89,3366.35,274.0
2025-08-06 11:45:00,3366.36,3367.08,3365.3,3366.41,242.0
2025-08-06 11:50:00,3366.33,3366.47,3365.27,3365.61,198.0
2025-08-06 11:55:00,3365.6,3366.81,3364.9,3365.13,234.0
2025-08-06 12:00:00,3365.12,3366.97,3365.12,3366.28,257.0
2025-08-06 12:05:00,3366.27,3367.33,3365.96,3366.17,224.0
2025-08-06 12:10:00,3366.12,3366.13,3364.98,3365.93,280.0
2025-08-06 12:15:00,3365.95,3367.07,3365.46,3367.0,237.0
2025-08-06 12:20:00,3367.0,3367.77,3365.09,3365.09,269.0
2025-08-06 12:25:00,3365.07,3365.97,3364.1,3364.51,299.0
2025-08-06 12:30:00,3364.55,3364.55,3362.75,3363.78,354.0
2025-08-06 12:35:00,3363.82,3364.05,3363.02,3363.61,277.0
2025-08-06 12:40:00,3363.59,3363.86,3362.33,3362.33,243.0
2025-08-06 12:45:00,3362.33,3362.45,3360.62,3360.96,346.0
2025-08-06 12:50:00,3360.98,3360.98,3358.24,3360.66,347.0
2025-08-06 12:55:00,3360.65,3360.75,3358.51,3358.89,331.0
2025-08-06 13:00:00,3358.73,3360.33,3358.24,3359.66,321.0
2025-08-06 13:05:00,3359.69,3360.91,3358.99,3360.17,319.0
2025-08-06 13:10:00,3360.12,3362.89,3359.5,3362.88,351.0
2025-08-06 13:15:00,3362.87,3364.31,3362.01,3364.15,338.0
2025-08-06 13:20:00,3364.08,3365.14,3363.73,3365.01,305.0
2025-08-06 13:25:00,3365.0,3365.33,3363.32,3363.72,280.0
2025-08-06 13:30:00,3363.7,3363.7,3361.77,3361.82,296.0
2025-08-06 13:35:00,3361.78,3361.87,3360.44,3361.43,276.0
2025-08-06 13:40:00,3361.45,3361.77,3359.95,3361.17,253.0
2025-08-06 13:45:00,3361.18,3363.35,3360.52,3363.35,259.0
2025-08-06 13:50:00,3363.34,3365.28,3363.14,3363.35,312.0
2025-08-06 13:55:00,3363.32,3363.56,3362.07,3363.56,259.0
2025-08-06 14:00:00,3363.55,3363.55,3360.73,3361.01,225.0
2025-08-06 14:05:00,3361.05,3362.41,3360.68,3362.32,207.0
2025-08-06 14:10:00,3362.39,3364.35,3362.29,3364.28,234.0
2025-08-06 14:15:00,3364.28,3364.68,3363.64,3364.42,251.0
2025-08-06 14:20:00,3364.32,3366.0,3363.84,3365.53,242.0
2025-08-06 14:25:00,3365.51,3366.63,3365.51,3366.16,229.0
2025-08-06 14:30:00,3366.18,3366.85,3365.82,3366.76,237.0
2025-08-06 14:35:00,3366.75,3366.94,3365.33,3365.43,208.0
2025-08-06 14:40:00,3365.4,3366.74,3364.96,3365.54,259.0
2025-08-06 14:45:00,3365.58,3365.78,3364.69,3365.0,206.0
2025-08-06 14:50:00,3365.0,3365.2,3364.21,3364.33,194.0
2025-08-06 14:55:00,3364.32,3365.77,3363.96,3365.13,233.0
2025-08-06 15:00:00,3365.0,3365.13,3363.11,3363.44,279.0
2025-08-06 15:05:00,3363.41,3364.12,3362.85,3363.35,281.0
2025-08-06 15:10:00,3363.34,3363.34,3360.6,3360.65,308.0
2025-08-06 15:15:00,3360.67,3362.45,3360.25,3362.38,276.0
2025-08-06 15:20:00,3362.61,3364.56,3361.22,3364.39,367.0
2025-08-06 15:25:00,3364.47,3365.34,3364.13,3364.5,265.0
2025-08-06 15:30:00,3364.29,3364.83,3361.85,3363.51,339.0
2025-08-06 15:35:00,3363.49,3363.57,3360.94,3362.05,302.0
2025-08-06 15:40:00,3362.14,3364.82,3361.64,3364.08,302.0
2025-08-06 15:45:00,3364.28,3364.9,3363.41,3364.54,313.0
2025-08-06 15:50:00,3364.55,3368.6,3363.37,3368.58,357.0
2025-08-06 15:55:00,3368.37,3369.24,3367.12,3367.59,400.0
2025-08-06 16:00:00,3367.57,3371.52,3367.23,3370.52,435.0
2025-08-06 16:05:00,3370.51,3370.62,3368.43,3370.17,422.0
2025-08-06 16:10:00,3370.15,3370.48,3367.64,3368.54,356.0
2025-08-06 16:15:00,3368.44,3370.48,3368.13,3370.39,302.0
2025-08-06 16:20:00,3370.46,3370.47,3368.25,3368.68,337.0
2025-08-06 16:25:00,3368.88,3369.71,3368.08,3369.05,360.0
2025-08-06 16:30:00,3369.35,3370.98,3365.64,3366.77,479.0
2025-08-06 16:35:00,3366.79,3367.64,3365.47,3366.73,464.0
2025-08-06 16:40:00,3366.77,3367.87,3365.59,3366.11,429.0
2025-08-06 16:45:00,3366.1,3367.98,3365.63,3367.23,389.0
2025-08-06 16:50:00,3367.4,3373.37,3366.92,3372.83,456.0
2025-08-06 16:55:00,3373.02,3373.48,3371.12,3371.64,460.0
2025-08-06 17:00:00,3371.62,3373.72,3370.96,3373.59,447.0
2025-08-06 17:05:00,3373.6,3373.83,3370.44,3371.04,396.0
2025-08-06 17:10:00,3370.98,3372.22,3369.73,3371.81,359.0
2025-08-06 17:15:00,3371.91,3374.25,3371.24,3372.73,353.0
2025-08-06 17:20:00,3372.74,3376.17,3372.68,3375.83,371.0
2025-08-06 17:25:00,3375.82,3376.51,3374.9,3376.31,322.0
2025-08-06 17:30:00,3376.48,3377.36,3374.99,3375.79,403.0
2025-08-06 17:35:00,3375.78,3377.1,3374.65,3376.96,383.0
2025-08-06 17:40:00,3376.86,3377.24,3375.16,3377.23,362.0
2025-08-06 17:45:00,3377.26,3378.28,3377.26,3378.12,301.0
2025-08-06 17:50:00,3378.21,3378.27,3376.02,3377.36,316.0
2025-08-06 17:55:00,3377.35,3379.32,3377.35,3379.32,325.0
2025-08-06 18:00:00,3379.31,3379.98,3378.53,3378.99,375.0
2025-08-06 18:05:00,3379.04,3379.06,3377.3,3378.88,332.0
2025-08-06 18:10:00,3378.9,3379.57,3377.56,3378.11,309.0
2025-08-06 18:15:00,3378.14,3378.43,3375.92,3377.14,333.0
2025-08-06 18:20:00,3377.11,3377.68,3376.14,3376.48,307.0
2025-08-06 18:25:00,3376.47,3377.07,3375.54,3376.59,313.0
2025-08-06 18:30:00,3376.68,3376.8,3375.06,3375.28,344.0
2025-08-06 18:35:00,3375.25,3375.63,3372.18,3373.48,429.0
2025-08-06 18:40:00,3373.46,3375.67,3370.24,3375.51,440.0
2025-08-06 18:45:00,3375.52,3377.56,3375.3,3376.08,393.0
2025-08-06 18:50:00,3376.09,3378.82,3376.04,3378.49,387.0
2025-08-06 18:55:00,3378.47,3379.04,3377.18,3377.39,296.0
2025-08-06 19:00:00,3377.4,3378.49,3376.78,3377.92,358.0
2025-08-06 19:05:00,3377.92,3379.41,3377.22,3378.94,303.0
2025-08-06 19:10:00,3378.96,3379.43,3375.61,3375.69,355.0
2025-08-06 19:15:00,3375.51,3375.95,3372.96,3374.47,397.0
2025-08-06 19:20:00,3374.47,3376.06,3374.1,3375.93,312.0
2025-08-06 19:25:00,3375.92,3376.0,3374.03,3374.75,294.0
2025-08-06 19:30:00,3374.76,3375.71,3374.28,3375.13,324.0
2025-08-06 19:35:00,3375.1,3375.82,3374.55,3375.56,310.0
2025-08-06 19:40:00,3375.55,3376.89,3375.48,3376.27,289.0
2025-08-06 19:45:00,3376.34,3376.87,3375.25,3375.25,357.0
2025-08-06 19:50:00,3375.3,3375.56,3374.26,3374.98,334.0
2025-08-06 19:55:00,3374.94,3376.16,3374.59,3376.05,262.0
2025-08-06 20:00:00,3376.08,3377.56,3376.08,3376.58,330.0
2025-08-06 20:05:00,3376.58,3377.04,3375.36,3376.76,357.0
2025-08-06 20:10:00,3376.79,3376.95,3374.03,3374.48,327.0
2025-08-06 20:15:00,3374.53,3374.6,3372.59,3372.7,328.0
2025-08-06 20:20:00,3372.71,3373.83,3371.32,3371.6,344.0
2025-08-06 20:25:00,3371.63,3372.6,3370.86,3372.6,382.0
2025-08-06 20:30:00,3372.63,3374.35,3372.4,3373.58,344.0
2025-08-06 20:35:00,3373.58,3376.16,3373.33,3375.62,350.0
2025-08-06 20:40:00,3375.6,3376.04,3375.2,3375.56,270.0
2025-08-06 20:45:00,3375.55,3376.36,3374.84,3375.34,290.0
2025-08-06 20:50:00,3375.35,3375.8,3374.81,3375.12,288.0
2025-08-06 20:55:00,3375.12,3375.37,3374.41,3374.57,262.0
2025-08-06 21:00:00,3374.54,3374.57,3372.78,3373.31,279.0
2025-08-06 21:05:00,3373.31,3373.31,3371.17,3371.85,331.0
2025-08-06 21:10:00,3371.84,3371.87,3370.09,3370.11,300.0
2025-08-06 21:15:00,3370.14,3370.64,3369.21,3369.86,295.0
2025-08-06 21:20:00,3369.84,3370.65,3369.06,3370.07,358.0
2025-08-06 21:25:00,3370.04,3370.18,3369.53,3369.73,291.0
2025-08-06 21:30:00,3369.7,3371.57,3369.7,3371.08,288.0
2025-08-06 21:35:00,3371.09,3372.03,3370.29,3370.86,316.0
2025-08-06 21:40:00,3370.91,3372.69,3370.29,3372.66,278.0
2025-08-06 21:45:00,3372.75,3374.42,3372.66,3373.95,303.0
2025-08-06 21:50:00,3373.96,3373.97,3372.32,3372.52,263.0
2025-08-06 21:55:00,3372.63,3373.4,3371.37,3371.59,326.0
2025-08-06 22:00:00,3371.86,3371.86,3370.41,3370.78,311.0
2025-08-06 22:05:00,3370.69,3371.95,3370.55,3371.01,250.0
2025-08-06 22:10:00,3370.97,3371.66,3370.82,3371.04,254.0
2025-08-06 22:15:00,3371.04,3373.14,3370.82,3372.16,320.0
2025-08-06 22:20:00,3372.11,3372.72,3371.52,3372.07,368.0
2025-08-06 22:25:00,3372.06,3372.38,3371.22,3371.7,292.0
2025-08-06 22:30:00,3371.69,3372.23,3371.46,3371.89,242.0
2025-08-06 22:35:00,3371.58,3372.73,3371.51,3372.04,250.0
2025-08-06 22:40:00,3372.03,3372.76,3371.64,3371.82,241.0
2025-08-06 22:45:00,3371.84,3372.04,3371.2,3371.4,238.0
2025-08-06 22:50:00,3371.41,3372.03,3370.99,3371.06,268.0
2025-08-06 22:55:00,3371.04,3371.74,3370.37,3371.66,328.0
2025-08-06 23:00:00,3371.49,3372.17,3371.14,3371.38,184.0
2025-08-06 23:05:00,3371.37,3371.44,3370.36,3370.36,147.0
2025-08-06 23:10:00,3370.39,3370.72,3369.88,3370.09,152.0
2025-08-06 23:15:00,3370.09,3370.15,3369.07,3369.84,171.0
2025-08-06 23:20:00,3369.85,3369.85,3368.9,3369.13,146.0
2025-08-06 23:25:00,3369.15,3369.15,3368.45,3368.78,159.0
2025-08-06 23:30:00,3368.75,3368.79,3367.78,3367.85,169.0
2025-08-06 23:35:00,3367.92,3368.93,3367.15,3368.32,249.0
2025-08-06 23:40:00,3368.33,3368.33,3367.16,3367.6,251.0
2025-08-06 23:45:00,3367.67,3368.24,3367.35,3368.14,218.0
2025-08-06 23:50:00,3368.16,3369.06,3367.93,3368.4,196.0
2025-08-07 01:05:00,3372.59,3374.8,3372.46,3374.67,161.0
2025-08-07 01:10:00,3374.63,3374.63,3371.48,3371.78,229.0
2025-08-07 01:15:00,3371.79,3372.42,3370.62,3371.06,212.0
2025-08-07 01:20:00,3371.08,3371.49,3369.93,3371.11,223.0
2025-08-07 01:25:00,3371.1,3371.93,3370.06,3371.4,230.0
2025-08-07 01:30:00,3371.31,3371.59,3370.37,3370.47,165.0
2025-08-07 01:35:00,3370.38,3371.38,3370.24,3371.21,146.0
2025-08-07 01:40:00,3371.23,3372.4,3370.86,3371.95,199.0
2025-08-07 01:45:00,3372.0,3372.45,3370.67,3370.67,258.0
2025-08-07 01:50:00,3370.69,3371.95,3370.69,3371.71,145.0
2025-08-07 01:55:00,3371.7,3372.42,3371.69,3372.09,144.0
2025-08-07 02:00:00,3372.03,3372.03,3369.06,3369.32,203.0
2025-08-07 02:05:00,3369.41,3370.78,3368.8,3370.63,224.0
2025-08-07 02:10:00,3370.66,3371.26,3370.21,3370.36,173.0
2025-08-07 02:15:00,3370.3,3370.6,3369.8,3370.12,132.0
2025-08-07 02:20:00,3370.03,3371.21,3369.89,3371.01,171.0
2025-08-07 02:25:00,3371.02,3371.32,3368.73,3368.97,193.0
2025-08-07 02:30:00,3368.98,3369.27,3368.37,3368.51,167.0
2025-08-07 02:35:00,3368.47,3369.42,3368.16,3369.05,174.0
2025-08-07 02:40:00,3369.05,3369.38,3367.76,3368.7,194.0
2025-08-07 02:45:00,3368.7,3370.59,3368.55,3370.35,207.0
2025-08-07 02:50:00,3370.36,3370.71,3369.01,3369.46,203.0
2025-08-07 02:55:00,3369.43,3370.6,3368.61,3370.12,293.0
2025-08-07 03:00:00,3370.26,3370.26,3365.3,3367.18,312.0
2025-08-07 03:05:00,3367.19,3368.13,3366.89,3368.11,246.0
2025-08-07 03:10:00,3368.03,3370.65,3367.29,3369.9,280.0
2025-08-07 03:15:00,3369.86,3371.06,3369.39,3370.86,301.0
2025-08-07 03:20:00,3370.94,3371.44,3369.19,3369.65,316.0
2025-08-07 03:25:00,3369.72,3372.99,3369.72,3372.38,378.0
2025-08-07 03:30:00,3372.49,3374.9,3372.11,3374.23,380.0
2025-08-07 03:35:00,3374.2,3374.35,3372.5,3372.9,362.0
2025-08-07 03:40:00,3372.96,3373.67,3371.55,3371.55,343.0
2025-08-07 03:45:00,3371.59,3372.09,3370.1,3371.69,365.0
2025-08-07 03:50:00,3371.63,3372.83,3371.2,3372.36,336.0
2025-08-07 03:55:00,3372.26,3373.36,3371.72,3372.4,321.0
2025-08-07 04:00:00,3372.37,3372.5,3370.29,3371.92,399.0
2025-08-07 04:05:00,3371.95,3374.64,3371.82,3373.97,357.0
2025-08-07 04:10:00,3374.01,3376.89,3373.58,3376.32,362.0
2025-08-07 04:15:00,3376.41,3378.23,3375.11,3376.14,383.0
2025-08-07 04:20:00,3376.02,3377.78,3375.98,3376.73,327.0
2025-08-07 04:25:00,3376.76,3378.53,3376.42,3378.03,321.0
2025-08-07 04:30:00,3378.04,3380.3,3377.63,3378.99,383.0
2025-08-07 04:35:00,3379.15,3379.67,3378.3,3379.18,296.0
2025-08-07 04:40:00,3379.22,3382.04,3378.6,3381.71,298.0
2025-08-07 04:45:00,3381.69,3381.85,3379.66,3380.31,331.0
2025-08-07 04:50:00,3380.32,3382.18,3379.77,3381.44,301.0
2025-08-07 04:55:00,3381.39,3382.44,3381.33,3382.28,285.0
2025-08-07 05:00:00,3382.31,3382.72,3380.83,3380.98,327.0
2025-08-07 05:05:00,3381.03,3382.4,3380.4,3382.17,255.0
2025-08-07 05:10:00,3382.16,3384.22,3381.71,3381.86,343.0
2025-08-07 05:15:00,3381.85,3382.01,3379.62,3380.02,359.0
2025-08-07 05:20:00,3380.05,3381.37,3378.61,3380.01,324.0
2025-08-07 05:25:00,3380.06,3380.37,3378.71,3378.96,285.0
2025-08-07 05:30:00,3379.01,3379.96,3378.08,3379.12,303.0
2025-08-07 05:35:00,3379.15,3381.45,3379.15,3380.97,313.0
2025-08-07 05:40:00,3380.95,3381.26,3380.48,3380.84,260.0
2025-08-07 05:45:00,3380.85,3381.64,3380.24,3380.8,266.0
2025-08-07 05:50:00,3380.86,3381.47,3379.92,3380.76,233.0
2025-08-07 05:55:00,3380.79,3381.6,3379.56,3379.56,241.0
2025-08-07 06:00:00,3379.58,3379.97,3377.19,3377.91,331.0
2025-08-07 06:05:00,3377.99,3379.72,3377.91,3378.76,275.0
2025-08-07 06:10:00,3378.67,3379.35,3377.14,3377.88,251.0
2025-08-07 06:15:00,3377.89,3378.28,3376.54,3377.03,238.0
2025-08-07 06:20:00,3377.0,3377.88,3376.74,3377.65,241.0
2025-08-07 06:25:00,3377.68,3378.35,3377.1,3378.12,225.0
2025-08-07 06:30:00,3378.11,3378.27,3376.95,3377.32,197.0
2025-08-07 06:35:00,3377.27,3378.63,3377.27,3378.63,207.0
2025-08-07 06:40:00,3378.69,3379.19,3377.19,3377.47,262.0
2025-08-07 06:45:00,3377.68,3379.6,3377.68,3378.86,309.0
2025-08-07 06:50:00,3378.69,3379.76,3378.57,3378.92,269.0
2025-08-07 06:55:00,3378.99,3380.32,3378.96,3379.68,237.0
2025-08-07 07:00:00,3379.75,3380.2,3378.61,3379.44,267.0
2025-08-07 07:05:00,3379.45,3380.0,3377.57,3378.48,273.0
2025-08-07 07:10:00,3378.47,3379.08,3378.31,3378.5,219.0
2025-08-07 07:15:00,3378.52,3379.33,3378.25,3379.14,239.0
2025-08-07 07:20:00,3379.13,3380.68,3379.04,3379.84,303.0
2025-08-07 07:25:00,3379.82,3380.5,3377.45,3377.82,275.0
2025-08-07 07:30:00,3377.82,3379.08,3377.82,3379.01,260.0
2025-08-07 07:35:00,3379.03,3379.7,3378.01,3378.61,251.0
2025-08-07 07:40:00,3378.6,3378.75,3378.18,3378.55,227.0
2025-08-07 07:45:00,3378.53,3378.91,3378.21,3378.21,179.0
2025-08-07 07:50:00,3378.2,3378.98,3377.98,3378.66,244.0
2025-08-07 07:55:00,3378.69,3379.66,3376.86,3377.57,265.0
2025-08-07 08:00:00,3377.6,3379.64,3377.34,3379.32,331.0
2025-08-07 08:05:00,3379.38,3380.93,3379.21,3379.98,373.0
2025-08-07 08:10:00,3380.01,3380.23,3378.65,3378.86,276.0
2025-08-07 08:15:00,3378.92,3379.18,3377.97,3378.37,321.0
2025-08-07 08:20:00,3378.37,3378.76,3377.3,3378.11,318.0
2025-08-07 08:25:00,3378.1,3379.71,3377.36,3379.64,283.0
2025-08-07 08:30:00,3379.58,3379.71,3374.76,3374.82,376.0
2025-08-07 08:35:00,3374.83,3375.29,3373.62,3374.65,341.0
2025-08-07 08:40:00,3374.62,3374.63,3372.01,3372.29,357.0
2025-08-07 08:45:00,3372.23,3373.42,3372.01,3372.01,322.0
2025-08-07 08:50:00,3372.0,3374.14,3371.68,3373.18,358.0
2025-08-07 08:55:00,3373.31,3375.8,3372.66,3375.45,378.0
2025-08-07 09:00:00,3376.25,3377.69,3375.05,3376.99,428.0
2025-08-07 09:05:00,3376.71,3378.31,3376.14,3377.36,411.0
2025-08-07 09:10:00,3377.37,3379.1,3377.37,3378.43,384.0
2025-08-07 09:15:00,3378.45,3379.44,3377.5,3379.2,342.0
2025-08-07 09:20:00,3379.53,3380.09,3378.32,3378.72,390.0
2025-08-07 09:25:00,3378.71,3380.72,3378.34,3380.28,326.0
2025-08-07 09:30:00,3380.35,3380.89,3379.97,3380.72,298.0
2025-08-07 09:35:00,3380.65,3381.55,3380.56,3381.44,250.0
2025-08-07 09:40:00,3381.45,3386.21,3381.28,3385.15,368.0
2025-08-07 09:45:00,3385.5,3386.42,3383.99,3385.61,313.0
2025-08-07 09:50:00,3385.49,3386.59,3385.29,3385.57,271.0
2025-08-07 09:55:00,3385.59,3387.88,3385.56,3387.58,307.0
2025-08-07 10:00:00,3387.61,3388.31,3386.46,3387.17,305.0
2025-08-07 10:05:00,3387.17,3388.14,3386.31,3387.9,277.0
2025-08-07 10:10:00,3387.91,3388.46,3386.86,3387.92,245.0
2025-08-07 10:15:00,3387.95,3389.77,3387.95,3389.77,270.0
2025-08-07 10:20:00,3389.74,3390.04,3388.2,3389.99,255.0
2025-08-07 10:25:00,3389.99,3393.82,3389.99,3392.13,380.0
2025-08-07 10:30:00,3392.11,3395.43,3392.0,3394.49,406.0
2025-08-07 10:35:00,3394.46,3396.24,3394.0,3395.63,392.0
2025-08-07 10:40:00,3395.53,3396.12,3394.26,3394.69,386.0
2025-08-07 10:45:00,3394.73,3396.55,3393.42,3396.55,373.0
2025-08-07 10:50:00,3396.31,3397.44,3394.53,3395.8,378.0
2025-08-07 10:55:00,3395.8,3396.24,3394.55,3396.17,328.0
2025-08-07 11:00:00,3396.38,3396.5,3391.36,3392.28,425.0
2025-08-07 11:05:00,3392.27,3392.27,3380.23,3384.47,468.0
2025-08-07 11:10:00,3384.52,3386.77,3380.99,3381.52,442.0
2025-08-07 11:15:00,3381.53,3381.79,3379.4,3379.89,433.0
2025-08-07 11:20:00,3379.88,3380.03,3373.09,3374.07,427.0
2025-08-07 11:25:00,3374.07,3376.42,3373.59,3374.52,413.0
2025-08-07 11:30:00,3374.22,3376.2,3372.56,3376.1,386.0
2025-08-07 11:35:00,3376.06,3379.47,3375.08,3377.76,365.0
2025-08-07 11:40:00,3377.81,3379.52,3375.9,3378.39,409.0
2025-08-07 11:45:00,3378.42,3382.37,3377.89,3380.9,407.0
2025-08-07 11:50:00,3380.93,3381.6,3379.73,3379.93,377.0
2025-08-07 11:55:00,3379.7,3379.94,3377.62,3378.09,393.0
2025-08-07 12:00:00,3378.14,3378.93,3376.43,3376.96,388.0
2025-08-07 12:05:00,3376.92,3379.49,3376.73,3379.41,381.0
2025-08-07 12:10:00,3379.33,3381.07,3378.59,3381.05,393.0
2025-08-07 12:15:00,3381.03,3381.23,3377.02,3377.81,374.0
2025-08-07 12:20:00,3377.77,3380.51,3377.15,3379.53,391.0
2025-08-07 12:25:00,3379.55,3379.65,3376.57,3376.78,398.0
2025-08-07 12:30:00,3376.74,3377.83,3373.24,3374.42,384.0
2025-08-07 12:35:00,3374.47,3375.56,3373.59,3375.26,410.0
2025-08-07 12:40:00,3375.25,3378.48,3375.24,3378.46,362.0
2025-08-07 12:45:00,3378.42,3380.6,3377.94,3379.39,359.0
2025-08-07 12:50:00,3379.4,3379.43,3377.42,3377.61,333.0
2025-08-07 12:55:00,3377.59,3378.72,3376.49,3376.7,307.0
2025-08-07 13:00:00,3376.72,3376.99,3374.64,3376.3,348.0
2025-08-07 13:05:00,3376.22,3376.89,3375.2,3376.24,325.0
2025-08-07 13:10:00,3376.23,3377.69,3375.38,3377.65,326.0
2025-08-07 13:15:00,3377.66,3377.66,3375.1,3376.48,327.0
2025-08-07 13:20:00,3376.48,3378.78,3376.22,3377.97,319.0
2025-08-07 13:25:00,3377.97,3378.0,3374.5,3374.5,313.0
2025-08-07 13:30:00,3374.45,3376.55,3374.4,3375.61,319.0
2025-08-07 13:35:00,3375.66,3376.95,3374.63,3376.22,277.0
2025-08-07 13:40:00,3376.23,3378.08,3375.95,3377.3,313.0
2025-08-07 13:45:00,3377.29,3377.32,3374.98,3376.68,340.0
2025-08-07 13:50:00,3376.63,3376.63,3372.11,3373.14,286.0
2025-08-07 13:55:00,3373.1,3373.17,3371.83,3372.89,257.0
2025-08-07 14:00:00,3372.89,3373.95,3371.74,3373.2,356.0
2025-08-07 14:05:00,3373.18,3374.88,3372.7,3374.57,312.0
2025-08-07 14:10:00,3375.01,3380.08,3375.01,3380.08,406.0
2025-08-07 14:15:00,3380.05,3381.29,3378.98,3380.45,377.0
2025-08-07 14:20:00,3380.48,3382.0,3380.21,3381.14,393.0
2025-08-07 14:25:00,3381.19,3383.13,3380.46,3381.83,387.0
2025-08-07 14:30:00,3381.93,3383.17,3381.01,3381.47,396.0
2025-08-07 14:35:00,3381.48,3382.54,3376.84,3377.16,404.0
2025-08-07 14:40:00,3377.29,3380.08,3375.88,3379.09,403.0
2025-08-07 14:45:00,3379.07,3379.27,3376.43,3378.45,401.0
2025-08-07 14:50:00,3378.43,3379.05,3376.96,3377.19,344.0
2025-08-07 14:55:00,3377.28,3378.23,3377.1,3378.2,350.0
2025-08-07 15:00:00,3378.28,3380.41,3376.42,3379.88,340.0
2025-08-07 15:05:00,3379.88,3379.93,3376.36,3376.43,328.0
2025-08-07 15:10:00,3376.29,3378.09,3375.31,3376.41,382.0
2025-08-07 15:15:00,3376.37,3379.25,3376.26,3378.84,336.0
2025-08-07 15:20:00,3378.82,3380.31,3378.42,3379.58,375.0
2025-08-07 15:25:00,3379.4,3381.82,3379.04,3381.02,334.0
2025-08-07 15:30:00,3381.21,3388.02,3381.21,3387.91,411.0
2025-08-07 15:35:00,3387.91,3389.64,3384.69,3385.32,426.0
2025-08-07 15:40:00,3385.4,3386.36,3383.92,3385.04,399.0
2025-08-07 15:45:00,3384.95,3385.12,3380.45,3380.85,418.0
2025-08-07 15:50:00,3380.86,3383.69,3380.86,3382.2,404.0
2025-08-07 15:55:00,3382.16,3382.8,3379.84,3380.81,417.0
2025-08-07 16:00:00,3380.81,3384.36,3380.18,3383.72,411.0
2025-08-07 16:05:00,3383.65,3383.91,3381.95,3383.62,362.0
2025-08-07 16:10:00,3383.98,3385.37,3382.49,3384.6,377.0
2025-08-07 16:15:00,3384.59,3385.85,3382.5,3384.39,404.0
2025-08-07 16:20:00,3384.38,3387.32,3382.93,3385.08,398.0
2025-08-07 16:25:00,3385.09,3387.17,3384.63,3386.46,423.0
2025-08-07 16:30:00,3386.53,3388.77,3386.25,3388.53,447.0
2025-08-07 16:35:00,3388.54,3390.01,3385.95,3386.48,445.0
2025-08-07 16:40:00,3386.46,3391.09,3385.96,3390.52,441.0
2025-08-07 16:45:00,3390.47,3393.79,3386.93,3387.56,443.0
2025-08-07 16:50:00,3387.54,3392.25,3387.11,3389.71,428.0
2025-08-07 16:55:00,3389.79,3389.88,3384.85,3384.85,440.0
2025-08-07 17:00:00,3384.6,3384.65,3381.47,3383.73,461.0
2025-08-07 17:05:00,3383.86,3388.27,3375.39,3380.5,487.0
2025-08-07 17:10:00,3380.94,3390.09,3378.39,3390.09,466.0
2025-08-07 17:15:00,3390.06,3390.31,3384.38,3385.39,468.0
2025-08-07 17:20:00,3385.49,3387.86,3379.7,3380.93,471.0
2025-08-07 17:25:00,3381.19,3384.86,3380.6,3382.1,440.0
2025-08-07 17:30:00,3382.1,3386.23,3380.72,3386.2,438.0
2025-08-07 17:35:00,3386.21,3387.77,3384.12,3387.41,438.0
2025-08-07 17:40:00,3387.49,3389.16,3386.6,3387.21,439.0
2025-08-07 17:45:00,3387.26,3388.66,3385.66,3387.26,415.0
2025-08-07 17:50:00,3387.11,3388.38,3386.21,3388.05,387.0
2025-08-07 17:55:00,3388.0,3389.38,3385.87,3387.7,389.0
2025-08-07 18:00:00,3387.77,3388.93,3386.79,3388.37,398.0
2025-08-07 18:05:00,3387.92,3390.04,3387.85,3388.82,397.0
2025-08-07 18:10:00,3388.82,3389.67,3388.04,3389.28,383.0
2025-08-07 18:15:00,3389.39,3390.26,3387.28,3387.54,380.0
2025-08-07 18:20:00,3387.52,3387.9,3386.58,3386.76,368.0
2025-08-07 18:25:00,3386.75,3386.86,3384.56,3385.97,393.0
2025-08-07 18:30:00,3386.26,3388.4,3386.16,3387.96,361.0
2025-08-07 18:35:00,3387.96,3388.64,3386.6,3387.02,331.0
2025-08-07 18:40:00,3387.01,3387.17,3385.22,3386.07,271.0
2025-08-07 18:45:00,3386.05,3388.33,3385.95,3388.12,297.0
2025-08-07 18:50:00,3388.06,3390.05,3387.85,3389.59,338.0
2025-08-07 18:55:00,3389.51,3390.62,3389.49,3390.15,357.0
2025-08-07 19:00:00,3390.21,3392.52,3390.1,3391.42,366.0
2025-08-07 19:05:00,3391.41,3392.61,3391.28,3391.9,332.0
2025-08-07 19:10:00,3391.98,3392.33,3390.5,3390.74,341.0
2025-08-07 19:15:00,3390.82,3391.53,3390.65,3391.25,326.0
2025-08-07 19:20:00,3391.26,3391.3,3389.65,3390.11,287.0
2025-08-07 19:25:00,3390.09,3391.14,3389.34,3389.7,273.0
2025-08-07 19:30:00,3389.71,3390.23,3387.54,3388.78,322.0
2025-08-07 19:35:00,3388.81,3388.86,3387.65,3387.65,299.0
2025-08-07 19:40:00,3387.64,3388.84,3387.15,3388.41,278.0
2025-08-07 19:45:00,3388.41,3390.05,3388.01,3389.14,256.0
2025-08-07 19:50:00,3389.14,3389.21,3388.09,3389.09,287.0
2025-08-07 19:55:00,3388.97,3389.19,3388.63,3388.83,245.0
2025-08-07 20:00:00,3388.77,3388.97,3386.12,3386.21,301.0
2025-08-07 20:05:00,3386.4,3387.07,3385.24,3386.13,344.0
2025-08-07 20:10:00,3386.05,3386.61,3384.87,3385.61,344.0
2025-08-07 20:15:00,3385.48,3386.75,3384.37,3386.32,376.0
2025-08-07 20:20:00,3386.3,3388.11,3386.03,3387.6,349.0
2025-08-07 20:25:00,3387.44,3389.16,3386.9,3388.93,337.0
2025-08-07 20:30:00,3388.93,3390.03,3388.03,3388.3,282.0
2025-08-07 20:35:00,3388.18,3390.14,3388.03,3389.56,311.0
2025-08-07 20:40:00,3389.55,3392.13,3389.55,3391.68,321.0
2025-08-07 20:45:00,3391.7,3392.94,3391.69,3392.65,256.0
2025-08-07 20:50:00,3392.67,3392.95,3392.13,3392.42,266.0
2025-08-07 20:55:00,3392.46,3392.75,3392.1,3392.21,270.0
2025-08-07 21:00:00,3392.23,3393.33,3392.23,3393.32,266.0
2025-08-07 21:05:00,3393.34,3393.87,3392.91,3393.14,303.0
2025-08-07 21:10:00,3393.1,3393.1,3391.39,3391.39,259.0
2025-08-07 21:15:00,3391.4,3392.34,3390.64,3391.51,287.0
2025-08-07 21:20:00,3391.42,3391.42,3389.17,3390.01,303.0
2025-08-07 21:25:00,3389.94,3390.12,3389.1,3389.1,279.0
2025-08-07 21:30:00,3389.13,3389.89,3388.83,3389.13,243.0
2025-08-07 21:35:00,3389.09,3390.25,3388.52,3390.25,303.0
2025-08-07 21:40:00,3390.21,3390.92,3388.99,3389.15,301.0
2025-08-07 21:45:00,3389.18,3390.1,3387.79,3389.45,300.0
2025-08-07 21:50:00,3389.48,3389.76,3388.09,3388.65,264.0
2025-08-07 21:55:00,3388.66,3389.02,3388.18,3388.26,249.0
2025-08-07 22:00:00,3388.25,3388.41,3387.4,3388.13,255.0
2025-08-07 22:05:00,3388.11,3389.29,3387.98,3388.83,278.0
2025-08-07 22:10:00,3388.78,3389.55,3388.64,3388.95,217.0
2025-08-07 22:15:00,3389.02,3389.88,3388.74,3389.64,260.0
2025-08-07 22:20:00,3389.71,3390.25,3389.12,3389.24,260.0
2025-08-07 22:25:00,3389.27,3390.04,3388.98,3389.84,247.0
2025-08-07 22:30:00,3389.87,3397.58,3389.87,3396.72,456.0
2025-08-07 22:35:00,3396.79,3398.7,3395.22,3397.09,444.0
2025-08-07 22:40:00,3397.1,3399.9,3396.77,3399.66,376.0
2025-08-07 22:45:00,3399.65,3400.28,3398.42,3399.25,379.0
2025-08-07 22:50:00,3399.0,3399.32,3396.97,3399.28,372.0
2025-08-07 22:55:00,3399.31,3400.74,3398.98,3399.82,413.0
2025-08-07 23:00:00,3399.81,3400.79,3398.51,3399.26,289.0
2025-08-07 23:05:00,3399.91,3401.08,3398.87,3399.19,340.0
2025-08-07 23:10:00,3399.0,3400.43,3397.96,3400.14,306.0
2025-08-07 23:15:00,3400.11,3400.61,3399.68,3399.82,225.0
2025-08-07 23:20:00,3399.88,3400.57,3399.54,3400.25,290.0
2025-08-07 23:25:00,3400.21,3401.81,3399.6,3401.16,261.0
2025-08-07 23:30:00,3401.23,3401.24,3397.74,3398.6,305.0
2025-08-07 23:35:00,3398.58,3401.47,3397.24,3401.47,264.0
2025-08-07 23:40:00,3401.51,3401.68,3397.05,3399.01,352.0
2025-08-07 23:45:00,3398.95,3399.35,3395.9,3396.26,355.0
2025-08-07 23:50:00,3396.25,3396.25,3392.52,3395.84,353.0
2025-08-08 01:05:00,3402.94,3408.84,3398.03,3401.65,211.0
2025-08-08 01:10:00,3401.72,3401.94,3391.82,3394.31,361.0
2025-08-08 01:15:00,3394.61,3394.61,3389.82,3390.12,353.0
2025-08-08 01:20:00,3390.75,3393.93,3389.17,3391.79,381.0
2025-08-08 01:25:00,3391.79,3394.01,3389.73,3392.98,400.0
2025-08-08 01:30:00,3393.09,3395.8,3390.81,3395.27,375.0
2025-08-08 01:35:00,3395.31,3402.44,3395.17,3402.12,380.0
2025-08-08 01:40:00,3401.66,3403.84,3400.98,3401.36,385.0
2025-08-08 01:45:00,3401.17,3402.44,3394.64,3397.47,367.0
2025-08-08 01:50:00,3397.89,3402.04,3395.41,3400.85,356.0
2025-08-08 01:55:00,3400.49,3406.59,3400.49,3405.59,300.0
2025-08-08 02:00:00,3403.86,3406.83,3400.01,3402.77,124.0
2025-08-08 02:05:00,3402.65,3403.91,3397.35,3400.81,253.0
2025-08-08 02:10:00,3400.61,3401.97,3399.54,3399.85,296.0
2025-08-08 02:15:00,3399.8,3399.97,3398.12,3399.94,233.0
2025-08-08 02:20:00,3399.88,3400.64,3397.64,3399.27,222.0
2025-08-08 02:25:00,3399.26,3399.5,3396.61,3397.88,294.0
2025-08-08 02:30:00,3397.93,3401.11,3396.94,3399.97,216.0
2025-08-08 02:35:00,3400.6,3401.04,3398.94,3400.53,136.0
2025-08-08 02:40:00,3400.92,3401.97,3400.08,3400.77,260.0
2025-08-08 02:45:00,3400.79,3401.9,3399.45,3400.61,248.0
2025-08-08 02:50:00,3400.63,3400.65,3398.52,3400.64,263.0
2025-08-08 02:55:00,3400.68,3401.51,3398.62,3400.55,377.0
2025-08-08 03:00:00,3400.55,3402.02,3397.75,3399.69,446.0
2025-08-08 03:05:00,3399.68,3402.15,3398.34,3401.93,428.0
2025-08-08 03:10:00,3401.48,3402.42,3399.14,3399.83,420.0
2025-08-08 03:15:00,3399.85,3400.11,3393.96,3394.6,433.0
2025-08-08 03:20:00,3394.59,3395.36,3391.17,3391.54,450.0
2025-08-08 03:25:00,3391.65,3393.86,3391.46,3392.06,416.0
2025-08-08 03:30:00,3391.7,3392.97,3391.17,3391.57,412.0
2025-08-08 03:35:00,3391.51,3392.34,3389.78,3390.01,425.0
2025-08-08 03:40:00,3389.95,3394.23,3389.68,3394.07,432.0
2025-08-08 03:45:00,3393.89,3395.45,3391.08,3394.59,463.0
2025-08-08 03:50:00,3394.43,3394.63,3391.61,3392.16,428.0
2025-08-08 03:55:00,3392.18,3392.85,3387.83,3389.93,444.0
2025-08-08 04:00:00,3389.93,3390.84,3387.76,3389.71,456.0
2025-08-08 04:05:00,3389.75,3389.88,3384.32,3384.9,456.0
2025-08-08 04:10:00,3384.77,3387.35,3382.95,3384.49,442.0
2025-08-08 04:15:00,3384.4,3385.72,3382.19,3385.66,443.0
2025-08-08 04:20:00,3385.75,3385.75,3381.92,3382.82,465.0
2025-08-08 04:25:00,3382.7,3385.56,3382.25,3384.69,449.0
2025-08-08 04:30:00,3384.66,3385.34,3383.19,3383.8,423.0
2025-08-08 04:35:00,3383.79,3384.64,3381.95,3384.3,406.0
2025-08-08 04:40:00,3384.16,3384.44,3381.19,3383.11,408.0
2025-08-08 04:45:00,3383.09,3385.58,3382.8,3385.09,383.0
2025-08-08 04:50:00,3385.16,3385.16,3382.45,3383.48,398.0
2025-08-08 04:55:00,3383.69,3384.16,3382.63,3383.32,417.0
2025-08-08 05:00:00,3383.35,3385.45,3383.16,3384.84,393.0
2025-08-08 05:05:00,3384.8,3385.54,3383.64,3383.95,400.0
2025-08-08 05:10:00,3384.06,3388.02,3383.45,3387.52,417.0
2025-08-08 05:15:00,3387.55,3388.53,3386.81,3387.95,375.0
2025-08-08 05:20:00,3387.96,3388.05,3386.94,3387.8,376.0
2025-08-08 05:25:00,3387.78,3388.3,3386.16,3386.82,399.0
2025-08-08 05:30:00,3386.77,3388.59,3386.41,3387.99,403.0
2025-08-08 05:35:00,3388.19,3389.34,3387.12,3388.81,408.0
2025-08-08 05:40:00,3388.78,3389.46,3387.43,3388.65,379.0
2025-08-08 05:45:00,3388.8,3389.98,3388.33,3388.69,372.0
2025-08-08 05:50:00,3388.7,3389.43,3388.48,3389.04,345.0
2025-08-08 05:55:00,3389.03,3389.5,3387.62,3388.19,359.0
2025-08-08 06:00:00,3388.22,3388.52,3387.4,3387.83,386.0
2025-08-08 06:05:00,3387.75,3387.87,3383.64,3384.1,403.0
2025-08-08 06:10:00,3384.27,3386.3,3383.99,3386.11,415.0
2025-08-08 06:15:00,3386.12,3387.39,3385.29,3386.91,381.0
2025-08-08 06:20:00,3387.1,3388.56,3386.08,3388.03,386.0
2025-08-08 06:25:00,3387.86,3389.67,3387.45,3388.79,430.0
2025-08-08 06:30:00,3388.78,3393.42,3388.26,3392.56,464.0
2025-08-08 06:35:00,3392.56,3396.79,3391.92,3396.56,444.0
2025-08-08 06:40:00,3396.77,3397.79,3395.34,3395.75,433.0
2025-08-08 06:45:00,3395.78,3396.67,3394.73,3395.21,430.0
2025-08-08 06:50:00,3395.3,3396.03,3394.68,3395.49,404.0
2025-08-08 06:55:00,3395.7,3396.89,3395.7,3395.77,366.0
2025-08-08 07:00:00,3395.81,3396.74,3395.06,3396.39,329.0
2025-08-08 07:05:00,3396.38,3397.29,3395.53,3396.53,336.0
2025-08-08 07:10:00,3396.5,3396.78,3395.98,3396.31,290.0
2025-08-08 07:15:00,3396.35,3397.05,3395.82,3396.84,265.0
2025-08-08 07:20:00,3396.68,3398.96,3396.29,3398.09,330.0
2025-08-08 07:25:00,3398.08,3398.81,3397.56,3398.14,317.0
2025-08-08 07:30:00,3398.13,3398.8,3397.59,3397.76,333.0
2025-08-08 07:35:00,3397.76,3398.42,3397.35,3397.62,333.0
2025-08-08 07:40:00,3397.53,3398.52,3396.15,3397.63,363.0
2025-08-08 07:45:00,3397.7,3399.15,3397.04,3398.88,314.0
2025-08-08 07:50:00,3398.86,3399.22,3397.17,3397.56,330.0
2025-08-08 07:55:00,3397.64,3398.06,3393.55,3394.3,398.0
2025-08-08 08:00:00,3394.26,3395.56,3392.23,3394.76,377.0
2025-08-08 08:05:00,3394.76,3396.07,3393.31,3393.68,288.0
2025-08-08 08:10:00,3393.72,3394.86,3393.67,3394.14,279.0
2025-08-08 08:15:00,3394.2,3395.81,3392.82,3394.95,300.0
2025-08-08 08:20:00,3395.02,3395.47,3394.1,3394.14,287.0
2025-08-08 08:25:00,3394.13,3394.47,3390.76,3391.94,375.0
2025-08-08 08:30:00,3391.8,3392.02,3390.28,3390.61,375.0
2025-08-08 08:35:00,3390.57,3393.9,3390.2,3393.02,355.0
2025-08-08 08:40:00,3393.28,3393.77,3391.84,3392.27,354.0
2025-08-08 08:45:00,3392.39,3393.22,3391.7,3392.23,338.0
2025-08-08 08:50:00,3392.26,3394.7,3392.24,3394.31,369.0
2025-08-08 08:55:00,3394.28,3394.4,3391.9,3392.56,355.0
2025-08-08 09:00:00,3392.41,3395.05,3391.91,3395.01,396.0
2025-08-08 09:05:00,3395.12,3397.61,3394.49,3395.51,450.0
2025-08-08 09:10:00,3395.52,3395.63,3393.98,3394.68,386.0
2025-08-08 09:15:00,3394.89,3395.44,3393.98,3394.05,363.0
2025-08-08 09:20:00,3393.99,3395.12,3392.43,3394.29,385.0
2025-08-08 09:25:00,3394.39,3395.04,3393.49,3393.94,382.0
2025-08-08 09:30:00,3393.83,3395.42,3391.32,3391.88,406.0
2025-08-08 09:35:00,3391.94,3392.14,3390.06,3391.14,408.0
2025-08-08 09:40:00,3391.2,3391.85,3389.53,3390.07,336.0
2025-08-08 09:45:00,3390.11,3390.78,3388.68,3389.81,365.0
2025-08-08 09:50:00,3389.75,3392.46,3389.56,3392.36,417.0
2025-08-08 09:55:00,3392.26,3394.96,3392.13,3393.46,383.0
2025-08-08 10:00:00,3393.46,3397.97,3393.46,3397.95,376.0
2025-08-08 10:05:00,3398.07,3400.42,3397.61,3397.76,428.0
2025-08-08 10:10:00,3397.69,3397.96,3395.57,3396.05,416.0
2025-08-08 10:15:00,3396.08,3397.49,3395.45,3397.23,391.0
2025-08-08 10:20:00,3397.2,3397.24,3394.3,3395.74,384.0
2025-08-08 10:25:00,3395.8,3396.61,3394.51,3395.05,402.0
2025-08-08 10:30:00,3394.92,3399.03,3393.87,3397.65,430.0
2025-08-08 10:35:00,3397.66,3398.01,3392.71,3394.46,434.0
2025-08-08 10:40:00,3394.47,3400.39,3392.29,3398.71,485.0
2025-08-08 10:45:00,3398.62,3402.72,3398.19,3401.43,456.0
2025-08-08 10:50:00,3401.55,3404.24,3400.69,3403.33,404.0
2025-08-08 10:55:00,3403.34,3403.71,3401.31,3401.72,414.0
2025-08-08 11:00:00,3402.11,3402.7,3400.01,3401.74,395.0
2025-08-08 11:05:00,3401.72,3401.99,3400.66,3401.4,417.0
2025-08-08 11:10:00,3401.62,3401.84,3400.83,3400.83,318.0
2025-08-08 11:15:00,3400.86,3401.54,3400.8,3401.38,271.0
2025-08-08 11:20:00,3401.32,3401.45,3399.45,3399.67,353.0
2025-08-08 11:25:00,3399.68,3399.85,3398.21,3399.47,393.0
2025-08-08 11:30:00,3399.29,3399.88,3397.25,3398.3,433.0
2025-08-08 11:35:00,3398.24,3399.82,3397.54,3399.35,418.0
2025-08-08 11:40:00,3399.35,3399.78,3398.46,3398.86,400.0
2025-08-08 11:45:00,3398.99,3399.19,3395.69,3397.7,429.0
2025-08-08 11:50:00,3397.71,3398.11,3394.35,3395.69,426.0
2025-08-08 11:55:00,3395.69,3396.43,3394.13,3394.36,400.0
2025-08-08 12:00:00,3394.42,3398.58,3394.01,3397.25,442.0
2025-08-08 12:05:00,3397.33,3397.67,3395.85,3396.94,413.0
2025-08-08 12:10:00,3396.9,3399.18,3396.89,3398.62,323.0
2025-08-08 12:15:00,3398.65,3400.86,3398.48,3400.17,359.0
2025-08-08 12:20:00,3400.23,3401.28,3399.29,3399.72,385.0
2025-08-08 12:25:00,3399.61,3400.35,3399.23,3399.45,368.0
2025-08-08 12:30:00,3399.57,3399.89,3396.67,3399.22,416.0
2025-08-08 12:35:00,3399.3,3400.63,3399.17,3399.36,415.0
2025-08-08 12:40:00,3399.39,3401.31,3399.39,3400.31,324.0
2025-08-08 12:45:00,3400.29,3400.85,3399.98,3400.25,339.0
2025-08-08 12:50:00,3400.17,3400.9,3399.66,3399.9,365.0
2025-08-08 12:55:00,3399.89,3401.22,3399.73,3400.59,390.0
2025-08-08 13:00:00,3400.72,3401.04,3399.75,3400.78,348.0
2025-08-08 13:05:00,3400.78,3400.8,3398.83,3399.09,341.0
2025-08-08 13:10:00,3399.09,3399.09,3395.65,3397.06,387.0
2025-08-08 13:15:00,3397.07,3397.13,3392.93,3392.93,374.0
2025-08-08 13:20:00,3392.97,3393.3,3390.37,3391.68,441.0
2025-08-08 13:25:00,3392.22,3393.01,3389.65,3390.29,408.0
2025-08-08 13:30:00,3390.35,3391.56,3389.43,3389.43,428.0
2025-08-08 13:35:00,3389.53,3391.2,3386.57,3387.25,448.0
2025-08-08 13:40:00,3387.18,3389.82,3387.18,3388.18,419.0
2025-08-08 13:45:00,3388.29,3389.54,3387.89,3388.68,434.0
2025-08-08 13:50:00,3388.7,3389.07,3388.02,3388.4,374.0
2025-08-08 13:55:00,3388.3,3388.57,3384.45,3384.91,426.0
2025-08-08 14:00:00,3385.03,3388.55,3384.26,3386.85,454.0
2025-08-08 14:05:00,3386.71,3387.19,3385.43,3385.98,417.0
2025-08-08 14:10:00,3386.1,3387.94,3384.8,3385.44,433.0
2025-08-08 14:15:00,3385.45,3385.97,3382.49,3382.94,376.0
2025-08-08 14:20:00,3382.89,3383.59,3380.73,3382.27,435.0
2025-08-08 14:25:00,3382.32,3382.64,3380.52,3381.86,419.0
2025-08-08 14:30:00,3381.91,3387.22,3381.37,3387.0,456.0
2025-08-08 14:35:00,3386.97,3387.09,3384.68,3385.14,445.0
2025-08-08 14:40:00,3385.1,3387.0,3384.28,3386.95,419.0
2025-08-08 14:45:00,3387.15,3388.52,3386.01,3386.96,434.0
2025-08-08 14:50:00,3386.98,3388.63,3385.23,3385.31,446.0
2025-08-08 14:55:00,3385.4,3386.17,3383.85,3386.12,396.0
2025-08-08 15:00:00,3386.09,3389.67,3385.3,3386.12,467.0
2025-08-08 15:05:00,3386.15,3387.9,3385.99,3387.9,434.0
2025-08-08 15:10:00,3387.9,3390.45,3387.24,3387.38,448.0
2025-08-08 15:15:00,3387.53,3388.76,3385.89,3388.33,456.0
2025-08-08 15:20:00,3389.02,3393.38,3388.97,3391.81,435.0
2025-08-08 15:25:00,3391.84,3396.48,3391.67,3394.48,468.0
2025-08-08 15:30:00,3394.35,3399.59,3394.35,3398.62,484.0
2025-08-08 15:35:00,3398.75,3401.32,3398.51,3400.65,486.0
2025-08-08 15:40:00,3400.8,3401.96,3398.95,3398.95,475.0
2025-08-08 15:45:00,3399.01,3399.45,3389.34,3396.29,499.0
2025-08-08 15:50:00,3396.62,3396.62,3394.05,3396.21,460.0
2025-08-08 15:55:00,3396.29,3397.16,3390.54,3391.49,463.0
2025-08-08 16:00:00,3391.71,3394.74,3388.39,3389.08,480.0
2025-08-08 16:05:00,3388.79,3394.23,3388.57,3392.43,470.0
2025-08-08 16:10:00,3393.19,3395.88,3393.11,3395.58,458.0
2025-08-08 16:15:00,3395.63,3395.63,3392.14,3392.46,460.0
2025-08-08 16:20:00,3392.61,3393.7,3387.67,3387.85,457.0
2025-08-08 16:25:00,3387.66,3392.43,3387.66,3392.43,444.0
2025-08-08 16:30:00,3392.6,3396.37,3391.0,3391.09,463.0
2025-08-08 16:35:00,3391.12,3396.06,3389.71,3394.72,453.0
2025-08-08 16:40:00,3394.94,3397.75,3394.61,3396.3,445.0
2025-08-08 16:45:00,3396.48,3398.68,3395.94,3397.75,432.0
2025-08-08 16:50:00,3397.86,3399.86,3397.28,3399.42,434.0
2025-08-08 16:55:00,3399.25,3401.65,3398.94,3400.15,442.0
2025-08-08 17:00:00,3400.07,3401.11,3394.36,3396.81,456.0
2025-08-08 17:05:00,3396.82,3396.94,3384.36,3389.43,472.0
2025-08-08 17:10:00,3390.05,3391.7,3386.11,3388.0,481.0
2025-08-08 17:15:00,3388.02,3390.03,3385.98,3389.01,448.0
2025-08-08 17:20:00,3389.13,3389.98,3386.8,3388.73,440.0
2025-08-08 17:25:00,3388.9,3389.42,3383.18,3383.28,450.0
2025-08-08 17:30:00,3383.19,3387.48,3381.31,3387.07,444.0
2025-08-08 17:35:00,3387.14,3388.64,3386.19,3387.3,370.0
2025-08-08 17:40:00,3387.33,3387.88,3386.35,3386.83,388.0
2025-08-08 17:45:00,3386.95,3388.95,3386.1,3386.87,394.0
2025-08-08 17:50:00,3386.88,3389.44,3386.88,3389.13,366.0
2025-08-08 17:55:00,3389.19,3391.17,3388.84,3390.62,368.0
2025-08-08 18:00:00,3390.67,3392.67,3390.6,3391.43,386.0
2025-08-08 18:05:00,3391.42,3392.29,3388.78,3389.82,387.0
2025-08-08 18:10:00,3389.9,3392.01,3389.53,3391.28,363.0
2025-08-08 18:15:00,3391.24,3393.98,3389.81,3393.17,396.0
2025-08-08 18:20:00,3393.15,3395.06,3392.21,3393.65,378.0
2025-08-08 18:25:00,3393.56,3394.55,3392.49,3393.21,361.0
2025-08-08 18:30:00,3393.27,3393.53,3391.05,3392.69,344.0
2025-08-08 18:35:00,3392.64,3394.68,3392.61,3394.03,358.0
2025-08-08 18:40:00,3393.93,3394.2,3390.99,3392.48,391.0
2025-08-08 18:45:00,3392.46,3393.74,3391.08,3393.74,389.0
2025-08-08 18:50:00,3393.76,3394.31,3392.53,3393.91,400.0
2025-08-08 18:55:00,3394.0,3395.29,3393.39,3395.29,367.0
2025-08-08 19:00:00,3395.44,3396.45,3394.55,3396.3,338.0
2025-08-08 19:05:00,3396.44,3397.35,3395.67,3397.08,362.0
2025-08-08 19:10:00,3397.1,3397.43,3394.17,3395.24,350.0
2025-08-08 19:15:00,3395.17,3395.65,3393.61,3394.89,379.0
2025-08-08 19:20:00,3394.93,3397.71,3394.24,3397.64,348.0
2025-08-08 19:25:00,3397.61,3398.52,3396.99,3397.86,369.0
2025-08-08 19:30:00,3397.82,3400.63,3397.82,3399.46,398.0
2025-08-08 19:35:00,3399.45,3400.27,3398.1,3398.15,294.0
2025-08-08 19:40:00,3398.2,3399.34,3397.96,3398.6,326.0
2025-08-08 19:45:00,3398.59,3400.22,3398.58,3400.06,318.0
2025-08-08 19:50:00,3400.03,3400.19,3399.22,3399.9,321.0
2025-08-08 19:55:00,3399.95,3400.39,3397.52,3397.56,329.0
2025-08-08 20:00:00,3397.52,3397.57,3395.34,3396.4,363.0
2025-08-08 20:05:00,3396.47,3398.5,3396.05,3397.6,328.0
2025-08-08 20:10:00,3397.61,3398.99,3395.64,3398.8,361.0
2025-08-08 20:15:00,3398.79,3398.95,3398.05,3398.17,342.0
2025-08-08 20:20:00,3398.12,3398.3,3396.47,3396.62,390.0
2025-08-08 20:25:00,3396.67,3398.66,3395.75,3398.54,372.0
2025-08-08 20:30:00,3398.53,3399.6,3396.68,3396.97,347.0
2025-08-08 20:35:00,3397.02,3398.8,3396.41,3396.63,277.0
2025-08-08 20:40:00,3396.59,3397.44,3396.01,3397.14,257.0
2025-08-08 20:45:00,3397.16,3397.81,3396.99,3397.6,277.0
2025-08-08 20:50:00,3397.59,3398.22,3397.16,3397.16,288.0
2025-08-08 20:55:00,3397.07,3397.67,3382.87,3382.87,345.0
2025-08-08 21:00:00,3381.78,3398.35,3376.62,3398.03,712.0
2025-08-08 21:05:00,3398.14,3401.61,3391.27,3400.05,539.0
2025-08-08 21:10:00,3400.45,3404.19,3395.62,3397.33,541.0
2025-08-08 21:15:00,3397.78,3398.92,3389.87,3391.15,507.0
2025-08-08 21:20:00,3391.76,3397.31,3389.58,3396.32,446.0
2025-08-08 21:25:00,3396.28,3396.96,3390.54,3394.21,435.0
2025-08-08 21:30:00,3394.23,3397.15,3391.99,3394.74,409.0
2025-08-08 21:35:00,3394.53,3395.23,3391.27,3391.61,439.0
2025-08-08 21:40:00,3391.86,3395.79,3390.95,3395.69,389.0
2025-08-08 21:45:00,3395.72,3397.47,3393.44,3394.19,392.0
2025-08-08 21:50:00,3394.29,3399.42,3393.44,3398.59,388.0
2025-08-08 21:55:00,3398.79,3400.54,3395.43,3395.45,398.0
2025-08-08 22:00:00,3395.4,3397.02,3394.32,3395.14,418.0
2025-08-08 22:05:00,3395.12,3400.9,3395.11,3396.74,427.0
2025-08-08 22:10:00,3396.35,3400.01,3396.35,3397.96,417.0
2025-08-08 22:15:00,3397.88,3399.45,3397.88,3398.36,361.0
2025-08-08 22:20:00,3398.32,3399.36,3397.09,3398.19,400.0
2025-08-08 22:25:00,3398.19,3398.24,3393.37,3394.38,432.0
2025-08-08 22:30:00,3394.33,3397.03,3392.46,3395.64,430.0
2025-08-08 22:35:00,3395.66,3396.76,3393.67,3394.0,413.0
2025-08-08 22:40:00,3394.29,3398.49,3393.98,3396.17,406.0
2025-08-08 22:45:00,3396.3,3398.15,3395.31,3397.08,418.0
2025-08-08 22:50:00,3397.08,3399.09,3395.8,3397.78,432.0
2025-08-08 22:55:00,3397.76,3399.53,3397.52,3398.65,419.0
2025-08-08 23:00:00,3398.54,3398.89,3395.74,3397.66,328.0
2025-08-08 23:05:00,3397.65,3398.54,3396.71,3397.17,309.0
2025-08-08 23:10:00,3397.08,3397.08,3394.56,3394.99,307.0
2025-08-08 23:15:00,3394.89,3396.36,3394.19,3394.69,330.0
2025-08-08 23:20:00,3394.58,3395.52,3393.6,3395.52,294.0
2025-08-08 23:25:00,3395.31,3396.31,3394.65,3395.44,333.0
2025-08-08 23:30:00,3395.41,3397.76,3393.25,3393.32,254.0
2025-08-08 23:35:00,3393.5,3396.8,3392.5,3396.8,240.0
2025-08-08 23:40:00,3396.93,3398.65,3396.52,3398.06,290.0
2025-08-08 23:45:00,3397.73,3398.35,3397.25,3397.93,177.0
2025-08-08 23:50:00,3397.92,3398.31,3395.99,3397.14,216.0
2025-08-11 01:05:00,3400.5,3401.85,3396.09,3397.57,317.0
2025-08-11 01:10:00,3397.54,3397.54,3390.69,3394.84,299.0
2025-08-11 01:15:00,3394.75,3396.55,3394.58,3396.1,235.0
2025-08-11 01:20:00,3396.19,3396.31,3392.4,3393.69,211.0
2025-08-11 01:25:00,3393.66,3395.41,3392.39,3394.69,212.0
2025-08-11 01:30:00,3394.55,3394.57,3392.46,3393.1,230.0
2025-08-11 01:35:00,3393.09,3394.2,3392.62,3393.69,174.0
2025-08-11 01:40:00,3393.66,3394.05,3392.98,3393.7,166.0
2025-08-11 01:45:00,3393.61,3394.26,3393.23,3393.27,127.0
2025-08-11 01:50:00,3393.27,3395.61,3393.18,3395.61,178.0
2025-08-11 01:55:00,3395.66,3395.72,3394.77,3395.28,134.0
2025-08-11 02:00:00,3395.3,3395.61,3393.43,3393.86,171.0
2025-08-11 02:05:00,3393.81,3396.56,3393.44,3396.14,213.0
2025-08-11 02:10:00,3396.05,3396.91,3393.37,3393.71,198.0
2025-08-11 02:15:00,3393.68,3394.24,3392.59,3394.01,158.0
2025-08-11 02:20:00,3394.0,3395.1,3393.92,3395.06,147.0
2025-08-11 02:25:00,3395.07,3395.81,3394.48,3394.64,143.0
2025-08-11 02:30:00,3394.65,3394.88,3393.48,3394.8,164.0
2025-08-11 02:35:00,3394.8,3395.04,3393.99,3394.18,126.0
2025-08-11 02:40:00,3394.14,3394.8,3393.41,3394.01,131.0
2025-08-11 02:45:00,3393.97,3394.39,3392.69,3393.8,211.0
2025-08-11 02:50:00,3393.79,3393.82,3391.69,3391.8,199.0
2025-08-11 02:55:00,3391.79,3392.33,3390.43,3391.55,305.0
2025-08-11 03:00:00,3391.66,3391.66,3387.5,3388.78,394.0
2025-08-11 03:05:00,3388.71,3391.51,3387.13,3389.1,377.0
2025-08-11 03:10:00,3389.2,3389.39,3386.59,3387.52,358.0
2025-08-11 03:15:00,3387.5,3389.01,3386.35,3389.01,384.0
2025-08-11 03:20:00,3389.06,3390.11,3388.46,3389.14,298.0
2025-08-11 03:25:00,3389.22,3389.43,3387.85,3388.01,316.0
2025-08-11 03:30:00,3388.0,3388.18,3385.7,3386.26,364.0
2025-08-11 03:35:00,3386.21,3387.05,3384.62,3385.05,358.0
2025-08-11 03:40:00,3385.05,3385.13,3382.62,3383.66,372.0
2025-08-11 03:45:00,3383.66,3384.55,3381.77,3384.32,380.0
2025-08-11 03:50:00,3384.32,3384.43,3381.84,3383.52,352.0
2025-08-11 03:55:00,3383.41,3384.64,3381.59,3381.59,394.0
2025-08-11 04:00:00,3381.63,3384.28,3378.9,3381.45,436.0
2025-08-11 04:05:00,3381.48,3382.06,3369.98,3371.81,442.0
2025-08-11 04:10:00,3371.91,3374.57,3367.8,3372.9,452.0
2025-08-11 04:15:00,3372.91,3375.15,3371.74,3372.04,411.0
2025-08-11 04:20:00,3372.05,3376.15,3372.05,3375.07,392.0
2025-08-11 04:25:00,3375.09,3375.68,3374.03,3375.25,375.0
2025-08-11 04:30:00,3375.16,3375.59,3373.41,3374.53,362.0
2025-08-11 04:35:00,3374.68,3374.78,3372.45,3372.78,375.0
2025-08-11 04:40:00,3372.73,3375.13,3371.09,3374.76,351.0
2025-08-11 04:45:00,3374.77,3377.4,3373.78,3376.77,404.0
2025-08-11 04:50:00,3376.95,3379.95,3376.55,3378.05,395.0
2025-08-11 04:55:00,3377.92,3377.99,3375.95,3377.47,358.0
2025-08-11 05:00:00,3377.47,3378.75,3375.7,3377.97,366.0
2025-08-11 05:05:00,3377.75,3377.82,3374.32,3374.54,383.0
2025-08-11 05:10:00,3374.53,3374.87,3373.11,3373.19,370.0
2025-08-11 05:15:00,3373.42,3373.67,3369.76,3372.67,420.0
2025-08-11 05:20:00,3372.62,3376.28,3372.61,3376.14,317.0
2025-08-11 05:25:00,3376.11,3377.4,3375.46,3377.3,321.0
2025-08-11 05:30:00,3377.93,3378.37,3374.1,3374.38,367.0
2025-08-11 05:35:00,3374.4,3376.41,3374.08,3375.15,332.0
2025-08-11 05:40:00,3375.14,3376.62,3375.1,3376.07,301.0
2025-08-11 05:45:00,3376.08,3378.13,3376.08,3378.13,306.0
2025-08-11 05:50:00,3378.08,3379.13,3378.05,3379.13,323.0
2025-08-11 05:55:00,3378.99,3379.93,3376.94,3377.22,331.0
2025-08-11 06:00:00,3377.16,3377.92,3376.76,3377.26,287.0
2025-08-11 06:05:00,3377.3,3378.44,3376.58,3377.47,305.0
2025-08-11 06:10:00,3377.42,3378.21,3376.12,3377.96,310.0
2025-08-11 06:15:00,3377.97,3379.23,3377.84,3379.04,309.0
2025-08-11 06:20:00,3379.01,3379.71,3378.45,3379.25,290.0
2025-08-11 06:25:00,3379.29,3379.43,3378.06,3378.46,280.0
2025-08-11 06:30:00,3378.4,3380.14,3375.62,3375.64,327.0
2025-08-11 06:35:00,3375.59,3376.33,3375.1,3375.86,309.0
2025-08-11 06:40:00,3375.85,3375.85,3374.15,3375.05,248.0
2025-08-11 06:45:00,3375.03,3376.3,3374.66,3375.59,277.0
2025-08-11 06:50:00,3375.57,3378.2,3374.92,3378.19,297.0
2025-08-11 06:55:00,3378.24,3378.77,3377.35,3378.25,272.0
2025-08-11 07:00:00,3378.37,3378.61,3376.57,3377.17,289.0
2025-08-11 07:05:00,3377.17,3377.7,3376.17,3377.56,274.0
2025-08-11 07:10:00,3377.54,3378.31,3376.83,3377.82,297.0
2025-08-11 07:15:00,3377.96,3379.73,3377.38,3377.49,297.0
2025-08-11 07:20:00,3377.51,3379.0,3376.82,3378.22,277.0
2025-08-11 07:25:00,3378.31,3378.42,3377.45,3377.71,236.0
2025-08-11 07:30:00,3377.7,3378.11,3376.61,3377.18,285.0
2025-08-11 07:35:00,3377.08,3378.71,3376.75,3378.16,249.0
2025-08-11 07:40:00,3378.14,3378.39,3377.16,3377.5,236.0
2025-08-11 07:45:00,3377.51,3377.72,3376.34,3377.7,239.0
2025-08-11 07:50:00,3377.72,3377.76,3375.58,3375.78,255.0
2025-08-11 07:55:00,3375.77,3376.79,3375.42,3375.9,258.0
2025-08-11 08:00:00,3375.84,3376.06,3374.52,3374.7,291.0
2025-08-11 08:05:00,3374.74,3376.11,3374.05,3375.79,303.0
2025-08-11 08:10:00,3375.77,3379.33,3374.83,3378.57,325.0
2025-08-11 08:15:00,3378.52,3380.08,3378.11,3378.79,329.0
2025-08-11 08:20:00,3379.02,3380.05,3378.32,3379.15,272.0
2025-08-11 08:25:00,3379.11,3379.87,3377.2,3377.3,262.0
2025-08-11 08:30:00,3377.24,3377.8,3376.0,3377.66,316.0
2025-08-11 08:35:00,3377.83,3377.87,3375.29,3376.3,311.0
2025-08-11 08:40:00,3376.23,3376.66,3375.15,3376.45,297.0
2025-08-11 08:45:00,3376.5,3378.57,3376.33,3377.34,287.0
2025-08-11 08:50:00,3377.35,3378.76,3377.32,3378.21,251.0
2025-08-11 08:55:00,3378.22,3378.81,3376.99,3377.33,266.0
2025-08-11 09:00:00,3377.3,3377.3,3373.94,3374.3,362.0
2025-08-11 09:05:00,3374.29,3374.92,3372.14,3373.91,334.0
2025-08-11 09:10:00,3373.87,3374.53,3371.64,3373.42,330.0
2025-08-11 09:15:00,3373.41,3374.01,3372.59,3372.85,289.0
2025-08-11 09:20:00,3372.8,3373.11,3369.61,3370.1,330.0
2025-08-11 09:25:00,3370.08,3370.44,3366.41,3366.8,368.0
2025-08-11 09:30:00,3366.54,3368.27,3364.07,3367.52,386.0
2025-08-11 09:35:00,3367.6,3369.28,3365.29,3365.47,358.0
2025-08-11 09:40:00,3365.44,3366.62,3363.75,3365.85,342.0
2025-08-11 09:45:00,3365.84,3368.31,3364.14,3368.21,324.0
2025-08-11 09:50:00,3368.22,3368.7,3367.17,3367.17,294.0
2025-08-11 09:55:00,3367.21,3368.14,3365.5,3365.88,321.0
2025-08-11 10:00:00,3365.8,3365.8,3362.33,3362.65,370.0
2025-08-11 10:05:00,3362.57,3363.59,3360.53,3361.1,386.0
2025-08-11 10:10:00,3361.11,3363.55,3359.61,3362.99,387.0
2025-08-11 10:15:00,3362.91,3365.82,3362.83,3364.7,360.0
2025-08-11 10:20:00,3364.64,3365.91,3362.9,3365.08,333.0
2025-08-11 10:25:00,3365.09,3366.42,3364.19,3365.4,293.0
2025-08-11 10:30:00,3365.46,3365.7,3361.01,3362.11,347.0
2025-08-11 10:35:00,3361.91,3363.12,3359.11,3360.03,377.0
2025-08-11 10:40:00,3359.94,3363.56,3358.85,3362.29,362.0
2025-08-11 10:45:00,3362.28,3362.38,3358.27,3358.84,383.0
2025-08-11 10:50:00,3358.67,3360.61,3357.31,3357.77,390.0
2025-08-11 10:55:00,3357.69,3361.04,3357.55,3360.13,363.0
2025-08-11 11:00:00,3360.16,3363.0,3359.44,3360.16,386.0
2025-08-11 11:05:00,3360.4,3361.86,3359.73,3361.63,325.0
2025-08-11 11:10:00,3361.8,3362.34,3358.98,3358.98,346.0
2025-08-11 11:15:00,3359.05,3361.48,3358.79,3360.78,341.0
2025-08-11 11:20:00,3360.7,3365.67,3359.83,3365.56,381.0
2025-08-11 11:25:00,3365.58,3365.8,3364.19,3365.02,325.0
2025-08-11 11:30:00,3364.97,3365.6,3363.3,3363.33,319.0
2025-08-11 11:35:00,3363.32,3364.09,3362.15,3362.65,286.0
2025-08-11 11:40:00,3362.59,3364.31,3362.3,3363.16,323.0
2025-08-11 11:45:00,3363.26,3364.41,3362.26,3362.26,341.0
2025-08-11 11:50:00,3362.16,3362.98,3361.46,3362.54,311.0
2025-08-11 11:55:00,3362.59,3363.41,3361.51,3361.9,348.0
2025-08-11 12:00:00,3361.84,3361.84,3359.46,3359.77,332.0
2025-08-11 12:05:00,3359.72,3359.83,3357.03,3357.44,357.0
2025-08-11 12:10:00,3357.4,3358.52,3355.99,3356.03,343.0
2025-08-11 12:15:00,3356.02,3357.07,3354.36,3356.34,377.0
2025-08-11 12:20:00,3356.29,3361.75,3355.38,3360.83,337.0
2025-08-11 12:25:00,3360.84,3363.61,3360.39,3363.49,346.0
2025-08-11 12:30:00,3363.49,3363.62,3358.33,3360.52,381.0
2025-08-11 12:35:00,3360.55,3360.72,3358.79,3359.61,370.0
2025-08-11 12:40:00,3359.44,3359.59,3357.37,3358.87,321.0
2025-08-11 12:45:00,3358.9,3359.22,3357.55,3359.06,281.0
2025-08-11 12:50:00,3359.06,3359.08,3353.3,3353.81,357.0
2025-08-11 12:55:00,3353.84,3355.12,3353.02,3353.34,360.0
2025-08-11 13:00:00,3353.33,3356.7,3353.11,3355.87,324.0
2025-08-11 13:05:00,3355.96,3358.48,3355.96,3357.57,310.0
2025-08-11 13:10:00,3357.99,3359.79,3357.76,3359.75,329.0
2025-08-11 13:15:00,3359.85,3362.42,3359.4,3362.2,322.0
2025-08-11 13:20:00,3362.22,3363.8,3361.28,3362.82,342.0
2025-08-11 13:25:00,3362.81,3363.65,3360.82,3360.92,333.0
2025-08-11 13:30:00,3360.97,3363.46,3360.95,3363.28,345.0
2025-08-11 13:35:00,3363.3,3363.44,3361.39,3361.82,308.0
2025-08-11 13:40:00,3361.83,3361.85,3360.24,3360.64,299.0
2025-08-11 13:45:00,3360.67,3360.91,3359.46,3359.81,328.0
2025-08-11 13:50:00,3359.76,3360.42,3358.45,3359.58,281.0
2025-08-11 13:55:00,3359.57,3359.58,3358.23,3358.46,264.0
2025-08-11 14:00:00,3358.41,3358.84,3356.88,3357.64,311.0
2025-08-11 14:05:00,3357.78,3358.54,3354.64,3355.38,329.0
2025-08-11 14:10:00,3354.68,3355.55,3353.45,3354.41,351.0
2025-08-11 14:15:00,3354.42,3355.83,3352.99,3354.89,312.0
2025-08-11 14:20:00,3354.9,3355.18,3352.4,3352.84,337.0
2025-08-11 14:25:00,3352.86,3352.86,3350.13,3352.14,383.0
2025-08-11 14:30:00,3352.01,3352.31,3349.83,3351.31,379.0
2025-08-11 14:35:00,3351.3,3352.71,3350.16,3350.92,367.0
2025-08-11 14:40:00,3350.63,3353.67,3350.38,3353.66,374.0
2025-08-11 14:45:00,3353.7,3355.24,3353.08,3354.28,376.0
2025-08-11 14:50:00,3354.15,3354.19,3351.3,3351.51,359.0
2025-08-11 14:55:00,3351.46,3355.34,3351.33,3355.21,317.0
2025-08-11 15:00:00,3355.09,3356.0,3354.43,3355.78,323.0
2025-08-11 15:05:00,3355.72,3356.89,3354.4,3356.89,344.0
2025-08-11 15:10:00,3356.92,3356.93,3353.25,3353.67,344.0
2025-08-11 15:15:00,3353.79,3355.54,3353.5,3353.66,316.0
2025-08-11 15:20:00,3353.32,3356.6,3351.77,3355.72,396.0
2025-08-11 15:25:00,3355.7,3355.7,3347.44,3349.07,406.0
2025-08-11 15:30:00,3348.25,3350.3,3344.54,3350.28,455.0
2025-08-11 15:35:00,3350.25,3354.0,3348.01,3354.0,411.0
2025-08-11 15:40:00,3354.0,3355.31,3351.47,3354.99,397.0
2025-08-11 15:45:00,3355.02,3356.19,3352.9,3355.61,403.0
2025-08-11 15:50:00,3354.74,3356.52,3354.07,3355.8,348.0
2025-08-11 15:55:00,3355.88,3357.55,3355.76,3356.85,344.0
2025-08-11 16:00:00,3356.56,3358.75,3353.29,3353.95,381.0
2025-08-11 16:05:00,3353.91,3353.91,3350.56,3350.79,398.0
2025-08-11 16:10:00,3350.2,3352.71,3348.67,3350.03,397.0
2025-08-11 16:15:00,3350.05,3352.62,3348.44,3350.3,406.0
2025-08-11 16:20:00,3350.33,3351.62,3348.75,3350.33,379.0
2025-08-11 16:25:00,3350.06,3351.46,3348.96,3350.5,356.0
2025-08-11 16:30:00,3350.38,3356.53,3349.73,3356.12,416.0
2025-08-11 16:35:00,3356.14,3356.17,3352.06,3354.12,418.0
2025-08-11 16:40:00,3353.83,3358.41,3353.81,3357.81,406.0
2025-08-11 16:45:00,3358.15,3360.72,3358.15,3360.29,403.0
2025-08-11 16:50:00,3360.27,3361.56,3359.51,3360.88,375.0
2025-08-11 16:55:00,3360.88,3362.82,3358.37,3358.52,396.0
2025-08-11 17:00:00,3358.56,3359.27,3356.44,3356.99,400.0
2025-08-11 17:05:00,3357.34,3358.67,3356.05,3356.2,405.0
2025-08-11 17:10:00,3356.24,3358.77,3354.89,3358.57,406.0
2025-08-11 17:15:00,3358.58,3359.23,3355.59,3356.79,394.0
2025-08-11 17:20:00,3356.63,3358.47,3355.02,3355.57,377.0
2025-08-11 17:25:00,3355.42,3356.28,3351.93,3352.03,374.0
2025-08-11 17:30:00,3351.92,3352.61,3349.67,3350.8,428.0
2025-08-11 17:35:00,3350.79,3350.95,3344.36,3344.38,409.0
2025-08-11 17:40:00,3344.38,3349.07,3341.47,3346.64,437.0
2025-08-11 17:45:00,3346.74,3348.18,3344.87,3348.18,372.0
2025-08-11 17:50:00,3348.18,3348.9,3346.42,3347.02,342.0
2025-08-11 17:55:00,3347.05,3347.56,3345.03,3346.24,319.0
2025-08-11 18:00:00,3346.51,3348.96,3345.9,3346.72,343.0
2025-08-11 18:05:00,3346.73,3347.2,3344.97,3346.35,339.0
2025-08-11 18:10:00,3346.31,3347.1,3344.93,3346.24,319.0
2025-08-11 18:15:00,3346.26,3347.16,3346.01,3346.71,319.0
2025-08-11 18:20:00,3346.72,3349.11,3346.22,3348.27,336.0
2025-08-11 18:25:00,3348.23,3350.19,3348.23,3349.88,294.0
2025-08-11 18:30:00,3349.83,3351.42,3349.66,3351.37,326.0
2025-08-11 18:35:00,3351.47,3352.25,3350.26,3351.07,306.0
2025-08-11 18:40:00,3351.11,3351.19,3348.04,3349.24,298.0
2025-08-11 18:45:00,3349.23,3349.51,3347.74,3349.44,343.0
2025-08-11 18:50:00,3349.43,3349.76,3348.21,3349.28,294.0
2025-08-11 18:55:00,3349.31,3349.45,3347.76,3349.38,310.0
2025-08-11 19:00:00,3349.39,3350.28,3347.23,3347.32,366.0
2025-08-11 19:05:00,3347.17,3347.29,3345.38,3345.82,386.0
2025-08-11 19:10:00,3345.89,3348.08,3345.46,3347.62,321.0
2025-08-11 19:15:00,3347.64,3349.47,3347.58,3348.23,294.0
2025-08-11 19:20:00,3348.48,3349.23,3347.82,3348.91,247.0
2025-08-11 19:25:00,3348.75,3349.02,3346.42,3346.49,298.0
2025-08-11 19:30:00,3346.48,3347.07,3344.51,3344.54,315.0
2025-08-11 19:35:00,3344.58,3345.03,3343.62,3343.62,285.0
2025-08-11 19:40:00,3343.76,3344.36,3342.9,3344.36,293.0
2025-08-11 19:45:00,3344.49,3344.61,3342.52,3343.59,336.0
2025-08-11 19:50:00,3343.5,3344.66,3343.33,3344.14,299.0
2025-08-11 19:55:00,3344.18,3344.58,3343.55,3344.09,315.0
2025-08-11 20:00:00,3344.16,3344.55,3343.1,3343.2,270.0
2025-08-11 20:05:00,3343.16,3343.92,3342.78,3343.25,305.0
2025-08-11 20:10:00,3343.2,3343.31,3342.23,3343.13,272.0
2025-08-11 20:15:00,3343.15,3343.56,3342.0,3342.99,263.0
2025-08-11 20:20:00,3342.99,3343.77,3342.17,3342.24,306.0
2025-08-11 20:25:00,3342.22,3345.69,3342.13,3345.32,305.0
2025-08-11 20:30:00,3345.39,3347.68,3341.4,3343.25,397.0
2025-08-11 20:35:00,3343.06,3356.42,3342.43,3355.09,471.0
2025-08-11 20:40:00,3355.13,3358.66,3353.34,3358.42,444.0
2025-08-11 20:45:00,3358.5,3358.84,3355.1,3356.24,391.0
2025-08-11 20:50:00,3356.21,3358.64,3356.21,3356.74,360.0
2025-08-11 20:55:00,3356.72,3357.71,3356.15,3357.59,303.0
2025-08-11 21:00:00,3357.64,3357.98,3356.65,3356.89,312.0
2025-08-11 21:05:00,3356.8,3358.64,3356.14,3356.16,336.0
2025-08-11 21:10:00,3356.14,3356.41,3353.86,3354.18,312.0
2025-08-11 21:15:00,3354.17,3354.44,3352.95,3353.1,301.0
2025-08-11 21:20:00,3353.17,3354.14,3352.29,3354.03,284.0
2025-08-11 21:25:00,3354.07,3356.13,3354.07,3355.12,314.0
2025-08-11 21:30:00,3355.31,3355.51,3354.0,3354.6,277.0
2025-08-11 21:35:00,3354.64,3356.07,3354.13,3355.78,261.0
2025-08-11 21:40:00,3355.85,3356.93,3355.45,3355.89,251.0
2025-08-11 21:45:00,3355.9,3356.01,3354.19,3355.22,274.0
2025-08-11 21:50:00,3355.33,3355.96,3355.13,3355.62,216.0
2025-08-11 21:55:00,3355.58,3356.52,3355.45,3356.16,204.0
2025-08-11 22:00:00,3356.16,3356.82,3355.39,3355.39,234.0
2025-08-11 22:05:00,3355.43,3355.43,3353.65,3354.37,235.0
2025-08-11 22:10:00,3354.37,3354.39,3352.78,3353.22,205.0
2025-08-11 22:15:00,3353.18,3353.73,3352.8,3352.8,175.0
2025-08-11 22:20:00,3352.55,3353.21,3351.76,3352.75,202.0
2025-08-11 22:25:00,3352.73,3352.97,3352.06,3352.92,193.0
2025-08-11 22:30:00,3352.89,3353.47,3352.11,3352.62,222.0
2025-08-11 22:35:00,3352.61,3353.78,3352.6,3353.77,211.0
2025-08-11 22:40:00,3353.75,3354.08,3353.11,3353.94,239.0
2025-08-11 22:45:00,3353.94,3354.34,3352.97,3353.56,250.0
2025-08-11 22:50:00,3353.54,3353.79,3352.58,3353.03,302.0
2025-08-11 22:55:00,3352.86,3352.86,3350.53,3351.6,349.0
2025-08-11 23:00:00,3351.21,3351.58,3350.39,3350.87,188.0
2025-08-11 23:05:00,3350.81,3351.75,3350.52,3350.58,199.0
2025-08-11 23:10:00,3350.61,3351.49,3350.17,3350.31,182.0
2025-08-11 23:15:00,3350.34,3351.35,3349.92,3350.63,164.0
2025-08-11 23:20:00,3350.42,3351.18,3350.18,3350.25,140.0
2025-08-11 23:25:00,3350.27,3350.43,3349.59,3349.72,161.0
2025-08-11 23:30:00,3349.74,3349.87,3348.26,3349.33,214.0
2025-08-11 23:35:00,3349.37,3349.47,3347.4,3347.43,214.0
2025-08-11 23:40:00,3347.55,3348.55,3346.57,3346.97,215.0
2025-08-11 23:45:00,3346.99,3347.34,3342.58,3343.87,274.0
2025-08-11 23:50:00,3343.87,3345.4,3342.14,3342.29,247.0
2025-08-12 01:05:00,3344.31,3345.9,3342.54,3345.1,183.0
2025-08-12 01:10:00,3345.11,3346.56,3345.11,3346.16,182.0
2025-08-12 01:15:00,3346.17,3346.17,3344.73,3345.36,136.0
2025-08-12 01:20:00,3345.06,3345.46,3344.15,3345.25,140.0
2025-08-12 01:25:00,3345.32,3346.17,3344.42,3344.67,169.0
2025-08-12 01:30:00,3344.63,3345.21,3342.96,3343.53,182.0
2025-08-12 01:35:00,3343.46,3343.83,3342.81,3342.89,146.0
2025-08-12 01:40:00,3342.89,3343.94,3342.82,3343.26,130.0
2025-08-12 01:45:00,3343.18,3344.08,3343.18,3343.73,151.0
2025-08-12 01:50:00,3343.73,3344.89,3343.41,3344.89,160.0
2025-08-12 01:55:00,3344.7,3347.07,3344.49,3346.96,191.0
2025-08-12 02:00:00,3346.92,3347.75,3346.79,3347.27,192.0
2025-08-12 02:05:00,3347.32,3347.43,3346.21,3346.83,154.0
2025-08-12 02:10:00,3346.79,3347.8,3346.79,3347.57,148.0
2025-08-12 02:15:00,3347.58,3349.44,3346.91,3347.16,205.0
2025-08-12 02:20:00,3347.2,3347.85,3346.88,3347.51,137.0
2025-08-12 02:25:00,3347.48,3347.92,3346.86,3346.86,139.0
2025-08-12 02:30:00,3346.87,3348.82,3346.62,3348.82,165.0
2025-08-12 02:35:00,3348.83,3349.13,3347.07,3347.07,157.0
2025-08-12 02:40:00,3347.07,3348.14,3346.97,3347.76,174.0
2025-08-12 02:45:00,3347.76,3349.26,3347.76,3349.2,136.0
2025-08-12 02:50:00,3349.22,3349.41,3348.68,3349.15,128.0
2025-08-12 02:55:00,3349.16,3349.52,3348.65,3348.98,151.0
2025-08-12 03:00:00,3348.97,3349.59,3347.47,3348.93,277.0
2025-08-12 03:05:00,3348.93,3350.58,3348.79,3350.51,256.0
2025-08-12 03:10:00,3350.46,3351.39,3350.23,3351.13,236.0
2025-08-12 03:15:00,3351.36,3353.26,3351.29,3351.54,298.0
2025-08-12 03:20:00,3351.45,3352.88,3350.29,3350.95,281.0
2025-08-12 03:25:00,3350.98,3351.69,3350.17,3350.68,258.0
2025-08-12 03:30:00,3350.7,3353.38,3350.36,3353.2,255.0
2025-08-12 03:35:00,3353.22,3353.89,3352.12,3353.71,236.0
2025-08-12 03:40:00,3353.58,3354.96,3353.41,3354.76,225.0
2025-08-12 03:45:00,3354.78,3355.58,3354.22,3355.38,258.0
2025-08-12 03:50:00,3354.82,3355.73,3354.51,3355.46,244.0
2025-08-12 03:55:00,3355.45,3355.45,3354.35,3354.47,238.0
2025-08-12 04:00:00,3354.5,3355.5,3352.91,3354.46,322.0
2025-08-12 04:05:00,3354.4,3356.4,3354.32,3355.42,287.0
2025-08-12 04:10:00,3355.54,3357.39,3355.29,3356.55,318.0
2025-08-12 04:15:00,3356.45,3357.41,3355.56,3355.98,257.0
2025-08-12 04:20:00,3356.09,3356.12,3350.73,3351.79,329.0
2025-08-12 04:25:00,3351.83,3351.89,3349.93,3351.11,289.0
2025-08-12 04:30:00,3351.16,3351.66,3348.74,3348.79,321.0
2025-08-12 04:35:00,3348.81,3350.01,3346.25,3349.99,374.0
2025-08-12 04:40:00,3350.0,3351.33,3348.99,3350.08,339.0
2025-08-12 04:45:00,3349.88,3352.26,3349.36,3351.47,342.0
2025-08-12 04:50:00,3351.5,3352.49,3349.61,3350.24,320.0
2025-08-12 04:55:00,3350.26,3351.35,3348.93,3349.81,329.0
2025-08-12 05:00:00,3349.85,3352.69,3349.73,3351.38,289.0
2025-08-12 05:05:00,3351.37,3352.03,3350.79,3351.76,227.0
2025-08-12 05:10:00,3351.75,3351.83,3350.71,3351.09,187.0
2025-08-12 05:15:00,3351.13,3351.89,3350.62,3350.81,205.0
2025-08-12 05:20:00,3350.8,3352.76,3350.8,3351.41,218.0
2025-08-12 05:25:00,3351.44,3352.95,3350.26,3352.31,285.0
2025-08-12 05:30:00,3352.34,3354.23,3352.08,3353.97,281.0
2025-08-12 05:35:00,3353.91,3353.91,3351.78,3351.79,214.0
2025-08-12 05:40:00,3351.73,3351.92,3350.24,3350.61,242.0
2025-08-12 05:45:00,3350.56,3352.57,3350.14,3351.56,298.0
2025-08-12 05:50:00,3351.63,3353.49,3351.46,3353.25,240.0
2025-08-12 05:55:00,3353.24,3353.46,3352.78,3353.06,262.0
2025-08-12 06:00:00,3353.1,3354.36,3353.08,3353.97,210.0
2025-08-12 06:05:00,3353.99,3355.33,3353.99,3354.99,230.0
2025-08-12 06:10:00,3354.94,3355.26,3353.83,3354.77,219.0
2025-08-12 06:15:00,3354.89,3354.89,3352.39,3352.61,249.0
2025-08-12 06:20:00,3352.63,3352.93,3351.08,3352.19,251.0
2025-08-12 06:25:00,3351.9,3352.16,3351.11,3351.25,237.0
2025-08-12 06:30:00,3351.28,3351.59,3349.42,3350.28,255.0
2025-08-12 06:35:00,3350.27,3351.1,3349.65,3350.63,217.0
2025-08-12 06:40:00,3350.58,3351.14,3349.56,3350.24,183.0
2025-08-12 06:45:00,3350.27,3350.9,3349.98,3349.99,163.0
2025-08-12 06:50:00,3350.01,3350.51,3348.47,3348.54,228.0
2025-08-12 06:55:00,3348.54,3349.54,3347.64,3349.44,238.0
2025-08-12 07:00:00,3349.57,3350.42,3348.63,3350.36,194.0
2025-08-12 07:05:00,3350.08,3352.01,3349.95,3351.97,196.0
2025-08-12 07:10:00,3351.93,3352.24,3350.98,3351.22,211.0
2025-08-12 07:15:00,3351.27,3352.24,3351.15,3351.41,196.0
2025-08-12 07:20:00,3351.43,3352.14,3351.27,3351.95,182.0
2025-08-12 07:25:00,3351.94,3353.47,3351.19,3352.0,191.0
2025-08-12 07:30:00,3352.01,3352.27,3349.69,3352.19,258.0
2025-08-12 07:35:00,3352.17,3353.61,3351.26,3353.41,252.0
2025-08-12 07:40:00,3353.47,3354.19,3352.33,3354.08,208.0
2025-08-12 07:45:00,3354.24,3354.99,3353.77,3354.11,207.0
2025-08-12 07:50:00,3354.12,3355.85,3353.23,3355.5,255.0
2025-08-12 07:55:00,3355.53,3355.53,3354.13,3354.4,203.0
2025-08-12 08:00:00,3354.49,3354.9,3353.72,3354.62,236.0
2025-08-12 08:05:00,3354.61,3354.91,3354.19,3354.56,227.0
2025-08-12 08:10:00,3354.54,3354.89,3353.03,3353.7,217.0
2025-08-12 08:15:00,3353.73,3354.57,3352.98,3353.42,210.0
2025-08-12 08:20:00,3353.38,3354.76,3353.35,3354.54,221.0
2025-08-12 08:25:00,3354.53,3354.53,3353.16,3353.16,200.0
2025-08-12 08:30:00,3353.26,3354.17,3352.58,3353.78,261.0
2025-08-12 08:35:00,3353.8,3353.8,3352.34,3353.15,248.0
2025-08-12 08:40:00,3353.14,3354.09,3352.31,3352.55,230.0
2025-08-12 08:45:00,3352.55,3354.08,3351.6,3352.65,245.0
2025-08-12 08:50:00,3352.65,3352.68,3350.6,3352.31,264.0
2025-08-12 08:55:00,3352.43,3355.69,3351.29,3354.59,296.0
2025-08-12 09:00:00,3354.78,3354.9,3350.47,3351.24,291.0
2025-08-12 09:05:00,3351.25,3352.15,3349.52,3349.85,339.0
2025-08-12 09:10:00,3349.85,3350.17,3347.15,3348.53,340.0
2025-08-12 09:15:00,3348.52,3348.52,3344.0,3345.61,384.0
2025-08-12 09:20:00,3345.44,3345.72,3342.3,3343.92,338.0
2025-08-12 09:25:00,3343.91,3346.15,3343.17,3344.92,327.0
2025-08-12 09:30:00,3345.02,3345.75,3342.37,3344.88,344.0
2025-08-12 09:35:00,3344.92,3348.91,3344.74,3347.82,347.0
2025-08-12 09:40:00,3347.98,3348.8,3346.95,3348.8,289.0
2025-08-12 09:45:00,3348.81,3348.83,3346.05,3347.34,284.0
2025-08-12 09:50:00,3347.17,3347.17,3344.53,3345.58,284.0
2025-08-12 09:55:00,3345.67,3345.88,3343.71,3345.37,273.0
2025-08-12 10:00:00,3345.23,3347.43,3343.77,3347.03,302.0
2025-08-12 10:05:00,3347.05,3348.04,3344.72,3345.22,263.0
2025-08-12 10:10:00,3345.16,3346.29,3344.07,3344.89,240.0
2025-08-12 10:15:00,3344.85,3347.62,3344.82,3347.01,229.0
2025-08-12 10:20:00,3347.06,3347.49,3346.14,3346.21,247.0
2025-08-12 10:25:00,3346.37,3349.11,3346.22,3349.1,231.0
2025-08-12 10:30:00,3349.18,3353.4,3348.35,3353.23,356.0
2025-08-12 10:35:00,3353.16,3358.11,3353.16,3356.48,367.0
2025-08-12 10:40:00,3356.38,3356.38,3354.04,3355.48,283.0
2025-08-12 10:45:00,3355.47,3357.21,3354.97,3355.98,282.0
2025-08-12 10:50:00,3355.93,3355.93,3352.63,3354.78,331.0
2025-08-12 10:55:00,3354.82,3356.23,3354.26,3355.63,274.0
2025-08-12 11:00:00,3355.6,3355.77,3352.63,3352.76,295.0
2025-08-12 11:05:00,3352.69,3354.73,3351.42,3354.45,297.0
2025-08-12 11:10:00,3354.5,3354.73,3352.36,3353.01,208.0
2025-08-12 11:15:00,3353.02,3353.61,3351.98,3352.66,214.0
2025-08-12 11:20:00,3352.59,3353.48,3349.95,3351.13,288.0
2025-08-12 11:25:00,3351.08,3351.13,3348.59,3349.7,281.0
2025-08-12 11:30:00,3349.8,3350.89,3348.15,3348.8,278.0
2025-08-12 11:35:00,3348.81,3348.81,3346.29,3346.96,264.0
2025-08-12 11:40:00,3346.93,3347.83,3345.97,3347.07,286.0
2025-08-12 11:45:00,3347.07,3347.2,3345.89,3346.21,271.0
2025-08-12 11:50:00,3346.27,3347.3,3345.56,3346.9,275.0
2025-08-12 11:55:00,3346.88,3349.2,3346.88,3347.91,234.0
2025-08-12 12:00:00,3347.92,3349.76,3346.85,3349.56,254.0
2025-08-12 12:05:00,3349.58,3350.95,3349.21,3350.87,263.0
2025-08-12 12:10:00,3350.88,3351.79,3349.73,3350.94,297.0
2025-08-12 12:15:00,3350.95,3351.36,3350.39,3350.4,207.0
2025-08-12 12:20:00,3350.39,3350.47,3349.43,3349.5,194.0
2025-08-12 12:25:00,3349.49,3349.53,3348.28,3348.47,207.0
2025-08-12 12:30:00,3348.39,3349.06,3347.51,3348.63,231.0
2025-08-12 12:35:00,3348.59,3348.84,3347.8,3348.29,153.0
2025-08-12 12:40:00,3348.26,3349.13,3347.33,3348.05,174.0
2025-08-12 12:45:00,3348.14,3348.54,3346.13,3346.41,216.0
2025-08-12 12:50:00,3346.39,3347.39,3346.12,3346.15,212.0
2025-08-12 12:55:00,3346.22,3346.56,3344.44,3345.6,282.0
2025-08-12 13:00:00,3345.48,3346.59,3344.14,3344.7,274.0
2025-08-12 13:05:00,3344.68,3347.42,3344.14,3347.35,289.0
2025-08-12 13:10:00,3347.34,3348.68,3346.86,3348.48,276.0
2025-08-12 13:15:00,3348.49,3349.82,3348.35,3349.41,241.0
2025-08-12 13:20:00,3349.45,3349.8,3347.14,3347.14,260.0
2025-08-12 13:25:00,3347.12,3350.48,3347.12,3349.41,292.0
2025-08-12 13:30:00,3349.31,3350.11,3348.18,3348.99,235.0
2025-08-12 13:35:00,3348.87,3349.09,3346.28,3347.35,229.0
2025-08-12 13:40:00,3347.35,3347.84,3345.62,3345.64,235.0
2025-08-12 13:45:00,3345.11,3346.43,3344.15,3345.29,297.0
2025-08-12 13:50:00,3345.26,3346.78,3345.01,3346.18,278.0
2025-08-12 13:55:00,3346.16,3346.26,3344.32,3344.74,245.0
2025-08-12 14:00:00,3344.9,3345.17,3342.03,3343.18,300.0
2025-08-12 14:05:00,3343.21,3344.65,3342.4,3343.92,291.0
2025-08-12 14:10:00,3343.91,3344.81,3343.38,3343.71,246.0
2025-08-12 14:15:00,3343.73,3343.82,3341.19,3342.18,252.0
2025-08-12 14:20:00,3342.13,3343.55,3339.53,3343.53,316.0
2025-08-12 14:25:00,3343.49,3343.54,3342.24,3343.04,270.0
2025-08-12 14:30:00,3343.08,3344.19,3340.17,3340.44,249.0
2025-08-12 14:35:00,3340.35,3343.52,3336.09,3343.15,403.0
2025-08-12 14:40:00,3343.28,3346.33,3343.27,3346.33,342.0
2025-08-12 14:45:00,3346.37,3347.02,3344.68,3346.34,262.0
2025-08-12 14:50:00,3346.33,3348.21,3346.25,3347.93,261.0
2025-08-12 14:55:00,3347.91,3348.28,3346.26,3347.45,254.0
2025-08-12 15:00:00,3347.57,3348.32,3346.08,3346.38,295.0
2025-08-12 15:05:00,3346.41,3346.52,3345.31,3345.56,261.0
2025-08-12 15:10:00,3345.49,3345.65,3343.86,3344.22,305.0
2025-08-12 15:15:00,3344.24,3344.59,3343.45,3343.67,251.0
2025-08-12 15:20:00,3343.89,3343.89,3339.07,3339.27,395.0
2025-08-12 15:25:00,3339.16,3341.47,3338.59,3339.92,356.0
2025-08-12 15:30:00,3339.91,3354.53,3339.85,3350.74,508.0
2025-08-12 15:35:00,3350.1,3350.1,3344.08,3348.12,463.0
2025-08-12 15:40:00,3348.04,3353.78,3345.74,3349.4,465.0
2025-08-12 15:45:00,3349.51,3357.69,3349.5,3357.45,454.0
2025-08-12 15:50:00,3358.04,3358.04,3349.48,3351.84,454.0
2025-08-12 15:55:00,3352.17,3352.43,3347.94,3349.98,408.0
2025-08-12 16:00:00,3349.8,3354.18,3348.46,3351.11,427.0
2025-08-12 16:05:00,3351.12,3352.02,3346.5,3347.83,420.0
2025-08-12 16:10:00,3347.8,3349.27,3342.63,3343.95,433.0
2025-08-12 16:15:00,3343.83,3350.08,3343.83,3345.56,420.0
2025-08-12 16:20:00,3345.57,3347.88,3344.56,3347.1,409.0
2025-08-12 16:25:00,3347.04,3348.45,3344.29,3347.52,401.0
2025-08-12 16:30:00,3347.58,3350.34,3346.19,3346.89,414.0
2025-08-12 16:35:00,3347.06,3347.43,3340.71,3340.71,441.0
2025-08-12 16:40:00,3340.84,3355.64,3340.14,3355.43,462.0
2025-08-12 16:45:00,3354.76,3356.96,3345.96,3350.82,510.0
2025-08-12 16:50:00,3350.63,3351.12,3343.63,3346.19,462.0
2025-08-12 16:55:00,3346.09,3348.75,3345.11,3345.59,459.0
2025-08-12 17:00:00,3345.7,3346.42,3342.01,3342.8,464.0
2025-08-12 17:05:00,3342.84,3344.79,3342.58,3343.22,401.0
2025-08-12 17:10:00,3343.04,3343.04,3335.74,3335.78,450.0
2025-08-12 17:15:00,3335.88,3336.24,3331.13,3332.92,476.0
2025-08-12 17:20:00,3332.89,3335.03,3331.66,3334.31,444.0
2025-08-12 17:25:00,3334.25,3337.43,3333.52,3335.38,426.0
2025-08-12 17:30:00,3334.94,3338.34,3333.41,3337.35,416.0
2025-08-12 17:35:00,3337.44,3338.77,3335.78,3336.45,368.0
2025-08-12 17:40:00,3336.54,3337.9,3335.59,3336.13,336.0
2025-08-12 17:45:00,3336.11,3336.13,3332.52,3332.63,376.0
2025-08-12 17:50:00,3332.75,3335.79,3332.43,3334.48,386.0
2025-08-12 17:55:00,3334.35,3338.38,3332.78,3337.36,378.0
2025-08-12 18:00:00,3337.4,3341.48,3337.01,3340.78,412.0
2025-08-12 18:05:00,3340.78,3341.72,3340.3,3341.02,365.0
2025-08-12 18:10:00,3340.96,3344.77,3340.96,3343.05,372.0
2025-08-12 18:15:00,3342.99,3345.68,3341.86,3345.3,413.0
2025-08-12 18:20:00,3345.34,3348.37,3344.94,3348.07,410.0
2025-08-12 18:25:00,3348.13,3359.03,3347.89,3354.8,446.0
2025-08-12 18:30:00,3355.03,3358.2,3349.85,3351.42,460.0
2025-08-12 18:35:00,3351.26,3353.28,3350.4,3351.99,411.0
2025-08-12 18:40:00,3352.08,3354.39,3351.45,3353.21,417.0
2025-08-12 18:45:00,3353.27,3353.51,3351.81,3352.04,343.0
2025-08-12 18:50:00,3352.31,3354.3,3349.09,3350.74,396.0
2025-08-12 18:55:00,3350.54,3352.16,3349.42,3349.82,374.0
2025-08-12 19:00:00,3349.81,3350.42,3348.18,3349.13,377.0
2025-08-12 19:05:00,3349.13,3350.54,3348.56,3349.5,338.0
2025-08-12 19:10:00,3349.53,3349.71,3346.74,3347.01,345.0
2025-08-12 19:15:00,3346.95,3347.52,3345.92,3346.86,353.0
2025-08-12 19:20:00,3346.8,3348.38,3346.72,3347.81,354.0
2025-08-12 19:25:00,3347.81,3349.25,3347.16,3349.01,352.0
2025-08-12 19:30:00,3349.05,3351.08,3347.25,3351.08,350.0
2025-08-12 19:35:00,3351.12,3351.23,3348.67,3349.29,345.0
2025-08-12 19:40:00,3349.31,3350.41,3348.51,3348.96,332.0
2025-08-12 19:45:00,3349.01,3349.01,3347.15,3347.97,313.0
2025-08-12 19:50:00,3348.0,3349.88,3348.0,3348.78,316.0
2025-08-12 19:55:00,3348.8,3349.49,3347.94,3349.47,276.0
2025-08-12 20:00:00,3349.48,3349.66,3347.96,3348.12,318.0
2025-08-12 20:05:00,3348.1,3349.49,3348.1,3348.88,314.0
2025-08-12 20:10:00,3348.91,3349.88,3348.03,3349.88,273.0
2025-08-12 20:15:00,3349.75,3349.93,3348.05,3349.21,272.0
2025-08-12 20:20:00,3349.07,3350.54,3348.87,3349.69,306.0
2025-08-12 20:25:00,3349.72,3349.84,3347.36,3348.1,305.0
2025-08-12 20:30:00,3348.09,3349.44,3347.97,3348.55,264.0
2025-08-12 20:35:00,3348.47,3349.89,3348.25,3349.72,291.0
2025-08-12 20:40:00,3349.72,3349.72,3347.77,3348.37,226.0
2025-08-12 20:45:00,3348.38,3348.94,3347.66,3347.76,262.0
2025-08-12 20:50:00,3347.41,3348.39,3346.44,3348.05,271.0
2025-08-12 20:55:00,3348.01,3349.07,3347.29,3349.07,241.0
2025-08-12 21:00:00,3349.04,3350.19,3348.43,3349.93,266.0
2025-08-12 21:05:00,3349.91,3350.8,3348.84,3349.68,232.0
2025-08-12 21:10:00,3349.66,3349.85,3349.02,3349.03,250.0
2025-08-12 21:15:00,3349.01,3350.53,3348.93,3349.19,259.0
2025-08-12 21:20:00,3349.17,3349.53,3348.02,3348.34,240.0
2025-08-12 21:25:00,3348.3,3349.07,3347.98,3349.01,246.0
2025-08-12 21:30:00,3349.03,3349.61,3348.94,3349.57,218.0
2025-08-12 21:35:00,3349.58,3349.6,3348.41,3348.41,232.0
2025-08-12 21:40:00,3348.4,3348.75,3347.49,3348.6,215.0
2025-08-12 21:45:00,3348.59,3349.1,3348.19,3348.89,215.0
2025-08-12 21:50:00,3348.87,3349.12,3348.35,3349.08,212.0
2025-08-12 21:55:00,3349.08,3349.66,3348.68,3348.98,240.0
2025-08-12 22:00:00,3348.91,3349.32,3348.57,3349.03,237.0
2025-08-12 22:05:00,3348.93,3348.93,3345.6,3346.47,244.0
2025-08-12 22:10:00,3346.47,3347.15,3346.0,3346.57,265.0
2025-08-12 22:15:00,3346.6,3346.71,3346.06,3346.3,233.0
2025-08-12 22:20:00,3346.36,3346.69,3345.89,3346.66,237.0
2025-08-12 22:25:00,3346.67,3348.39,3346.42,3348.18,190.0
2025-08-12 22:30:00,3348.17,3349.29,3348.17,3348.48,300.0
2025-08-12 22:35:00,3348.47,3349.0,3348.14,3348.16,279.0
2025-08-12 22:40:00,3348.35,3348.44,3347.56,3347.94,232.0
2025-08-12 22:45:00,3347.95,3348.52,3347.71,3348.11,249.0
2025-08-12 22:50:00,3348.12,3348.26,3347.37,3347.38,240.0
2025-08-12 22:55:00,3347.16,3348.45,3346.8,3347.63,273.0
2025-08-12 23:00:00,3347.46,3347.81,3346.46,3346.46,160.0
2025-08-12 23:05:00,3346.46,3346.99,3346.04,3346.82,205.0
2025-08-12 23:10:00,3346.81,3347.29,3346.57,3346.75,196.0
2025-08-12 23:15:00,3346.79,3347.86,3346.67,3347.66,200.0
2025-08-12 23:20:00,3347.69,3348.15,3347.53,3348.15,121.0
2025-08-12 23:25:00,3348.16,3348.38,3347.93,3348.06,124.0
2025-08-12 23:30:00,3348.05,3348.57,3347.36,3348.09,149.0
2025-08-12 23:35:00,3348.05,3348.19,3347.45,3347.73,164.0
2025-08-12 23:40:00,3347.75,3349.36,3347.72,3349.3,147.0
2025-08-12 23:45:00,3349.29,3350.0,3349.21,3349.48,167.0
2025-08-12 23:50:00,3349.46,3349.46,3348.02,3348.28,134.0
2025-08-13 01:05:00,3349.92,3350.5,3349.16,3350.2,134.0
2025-08-13 01:10:00,3350.2,3351.6,3349.86,3351.38,149.0
2025-08-13 01:15:00,3351.38,3353.71,3351.24,3352.1,178.0
2025-08-13 01:20:00,3352.14,3353.2,3352.14,3352.27,137.0
2025-08-13 01:25:00,3352.26,3352.27,3351.12,3351.82,106.0
2025-08-13 01:30:00,3351.81,3352.06,3351.18,3351.47,116.0
2025-08-13 01:35:00,3351.48,3351.6,3350.76,3351.1,140.0
2025-08-13 01:40:00,3351.06,3351.31,3350.4,3350.4,132.0
2025-08-13 01:45:00,3350.08,3351.21,3350.08,3351.14,123.0
2025-08-13 01:50:00,3351.14,3351.21,3350.19,3350.2,104.0
2025-08-13 01:55:00,3350.19,3350.46,3349.83,3350.41,143.0
2025-08-13 02:00:00,3350.45,3351.32,3350.37,3351.14,130.0
2025-08-13 02:05:00,3351.13,3351.21,3350.0,3350.91,154.0
2025-08-13 02:10:00,3350.85,3351.64,3350.41,3351.24,163.0
2025-08-13 02:15:00,3351.23,3351.75,3350.98,3351.56,113.0
2025-08-13 02:20:00,3351.56,3351.97,3351.38,3351.93,75.0
2025-08-13 02:25:00,3351.93,3352.05,3351.08,3351.44,137.0
2025-08-13 02:30:00,3351.49,3352.06,3350.88,3351.08,151.0
2025-08-13 02:35:00,3351.1,3352.02,3350.91,3352.02,172.0
2025-08-13 02:40:00,3352.03,3352.03,3350.99,3351.35,149.0
2025-08-13 02:45:00,3351.34,3351.34,3349.74,3350.76,150.0
2025-08-13 02:50:00,3350.75,3351.23,3350.47,3350.47,110.0
2025-08-13 02:55:00,3350.49,3350.92,3350.34,3350.55,147.0
2025-08-13 03:00:00,3350.56,3350.69,3348.83,3349.22,234.0
2025-08-13 03:05:00,3349.48,3349.49,3346.73,3347.09,281.0
2025-08-13 03:10:00,3347.09,3348.19,3346.08,3347.83,287.0
2025-08-13 03:15:00,3347.81,3347.81,3345.08,3346.1,314.0
2025-08-13 03:20:00,3346.01,3346.29,3343.88,3344.0,243.0
2025-08-13 03:25:00,3344.03,3346.58,3343.69,3346.58,279.0
2025-08-13 03:30:00,3346.63,3347.03,3344.64,3346.43,322.0
2025-08-13 03:35:00,3346.44,3346.63,3345.23,3345.56,220.0
2025-08-13 03:40:00,3345.56,3346.04,3344.83,3345.47,179.0
2025-08-13 03:45:00,3345.46,3345.97,3344.32,3344.36,241.0
2025-08-13 03:50:00,3344.33,3344.47,3342.72,3344.28,290.0
2025-08-13 03:55:00,3344.21,3344.22,3343.3,3343.55,233.0
2025-08-13 04:00:00,3343.57,3346.22,3343.57,3346.02,357.0
2025-08-13 04:05:00,3346.03,3348.05,3344.88,3347.08,331.0
2025-08-13 04:10:00,3347.04,3348.73,3346.45,3348.47,288.0
2025-08-13 04:15:00,3348.47,3349.21,3347.35,3347.35,293.0
2025-08-13 04:20:00,3347.29,3347.92,3342.9,3343.48,372.0
2025-08-13 04:25:00,3343.4,3346.04,3343.2,3345.76,344.0
2025-08-13 04:30:00,3345.7,3347.78,3345.4,3347.44,330.0
2025-08-13 04:35:00,3347.45,3349.75,3346.93,3349.44,354.0
2025-08-13 04:40:00,3349.35,3349.92,3348.52,3349.59,341.0
2025-08-13 04:45:00,3349.6,3351.99,3349.25,3350.09,364.0
2025-08-13 04:50:00,3350.08,3350.86,3349.61,3350.3,312.0
2025-08-13 04:55:00,3350.29,3351.61,3349.78,3350.83,300.0
2025-08-13 05:00:00,3350.85,3351.52,3347.92,3347.94,316.0
2025-08-13 05:05:00,3347.97,3348.96,3346.75,3346.93,341.0
2025-08-13 05:10:00,3346.9,3348.1,3346.73,3346.92,279.0
2025-08-13 05:15:00,3346.97,3350.38,3346.75,3349.37,323.0
2025-08-13 05:20:00,3349.36,3351.77,3349.06,3350.18,277.0
2025-08-13 05:25:00,3350.17,3351.9,3350.1,3351.87,239.0
2025-08-13 05:30:00,3351.85,3351.95,3349.55,3350.43,264.0
2025-08-13 05:35:00,3350.43,3352.66,3350.4,3352.45,255.0
2025-08-13 05:40:00,3352.44,3353.42,3351.93,3352.9,289.0
2025-08-13 05:45:00,3352.96,3354.26,3352.52,3353.31,281.0
2025-08-13 05:50:00,3353.17,3354.25,3353.17,3353.48,266.0
2025-08-13 05:55:00,3353.43,3353.43,3351.2,3351.8,263.0
2025-08-13 06:00:00,3351.78,3351.87,3349.56,3349.73,280.0
2025-08-13 06:05:00,3349.7,3351.88,3349.69,3350.91,287.0
2025-08-13 06:10:00,3350.9,3352.06,3350.9,3350.99,220.0
2025-08-13 06:15:00,3350.98,3351.28,3348.61,3351.0,300.0
2025-08-13 06:20:00,3350.99,3352.05,3350.63,3351.85,235.0
2025-08-13 06:25:00,3351.84,3352.97,3351.21,3351.39,263.0
2025-08-13 06:30:00,3351.38,3351.38,3349.44,3350.04,232.0
2025-08-13 06:35:00,3349.99,3351.15,3349.77,3350.81,167.0
2025-08-13 06:40:00,3350.8,3351.57,3350.56,3351.18,176.0
2025-08-13 06:45:00,3351.17,3351.41,3349.82,3349.98,203.0
2025-08-13 06:50:00,3349.97,3350.4,3349.58,3350.12,197.0
2025-08-13 06:55:00,3350.14,3350.22,3349.18,3349.57,196.0
2025-08-13 07:00:00,3349.57,3350.43,3348.17,3350.37,247.0
2025-08-13 07:05:00,3350.43,3350.98,3349.25,3349.25,200.0
2025-08-13 07:10:00,3349.27,3352.28,3349.25,3351.74,236.0
2025-08-13 07:15:00,3351.74,3352.32,3350.86,3351.1,221.0
2025-08-13 07:20:00,3351.07,3351.17,3350.78,3350.97,140.0
2025-08-13 07:25:00,3350.93,3350.93,3350.23,3350.65,151.0
2025-08-13 07:30:00,3350.64,3350.64,3349.33,3350.26,178.0
2025-08-13 07:35:00,3350.28,3350.65,3349.92,3350.55,138.0
2025-08-13 07:40:00,3350.54,3350.94,3350.33,3350.36,122.0
2025-08-13 07:45:00,3350.35,3350.82,3349.98,3350.33,159.0
2025-08-13 07:50:00,3350.3,3351.45,3350.3,3351.43,167.0
2025-08-13 07:55:00,3351.44,3351.87,3351.25,3351.84,170.0
2025-08-13 08:00:00,3351.82,3352.09,3351.31,3351.58,164.0
2025-08-13 08:05:00,3351.53,3351.6,3350.57,3350.58,169.0
2025-08-13 08:10:00,3350.61,3350.69,3348.6,3350.15,273.0
2025-08-13 08:15:00,3350.17,3350.69,3349.04,3349.76,200.0
2025-08-13 08:20:00,3349.77,3350.25,3349.4,3349.84,176.0
2025-08-13 08:25:00,3349.85,3351.25,3349.43,3350.94,182.0
2025-08-13 08:30:00,3351.01,3351.01,3347.9,3348.93,288.0
2025-08-13 08:35:00,3348.87,3349.02,3347.31,3347.58,359.0
2025-08-13 08:40:00,3347.59,3348.15,3345.92,3345.94,304.0
2025-08-13 08:45:00,3346.04,3348.04,3345.78,3346.7,281.0
2025-08-13 08:50:00,3347.84,3349.22,3347.71,3349.21,253.0
2025-08-13 08:55:00,3349.16,3349.45,3348.08,3349.24,228.0
2025-08-13 09:00:00,3349.26,3351.85,3348.93,3351.43,302.0
2025-08-13 09:05:00,3351.81,3353.65,3351.8,3352.48,375.0
2025-08-13 09:10:00,3352.5,3354.55,3351.76,3353.53,317.0
2025-08-13 09:15:00,3353.52,3355.72,3353.52,3354.93,359.0
2025-08-13 09:20:00,3354.9,3356.43,3354.76,3356.24,314.0
2025-08-13 09:25:00,3356.23,3356.55,3354.89,3355.06,292.0
2025-08-13 09:30:00,3355.12,3355.8,3354.03,3354.19,270.0
2025-08-13 09:35:00,3354.14,3356.26,3353.77,3356.06,324.0
2025-08-13 09:40:00,3356.23,3356.52,3354.6,3354.89,283.0
2025-08-13 09:45:00,3354.8,3357.03,3354.8,3355.55,274.0
2025-08-13 09:50:00,3355.57,3356.59,3354.9,3355.68,258.0
2025-08-13 09:55:00,3355.66,3357.51,3355.49,3357.07,321.0
2025-08-13 10:00:00,3357.09,3357.57,3354.62,3355.33,257.0
2025-08-13 10:05:00,3355.34,3356.52,3353.87,3356.34,305.0
2025-08-13 10:10:00,3356.25,3359.25,3356.25,3358.08,323.0
2025-08-13 10:15:00,3358.11,3358.7,3356.22,3358.68,284.0
2025-08-13 10:20:00,3358.72,3360.24,3357.84,3360.22,264.0
2025-08-13 10:25:00,3360.22,3360.75,3359.1,3359.21,308.0
2025-08-13 10:30:00,3359.17,3360.96,3358.84,3360.32,269.0
2025-08-13 10:35:00,3360.17,3360.17,3358.48,3359.93,252.0
2025-08-13 10:40:00,3359.85,3360.01,3356.54,3356.93,250.0
2025-08-13 10:45:00,3356.82,3357.58,3356.09,3357.58,263.0
2025-08-13 10:50:00,3357.56,3358.69,3355.58,3355.58,282.0
2025-08-13 10:55:00,3355.55,3356.45,3354.53,3354.67,300.0
2025-08-13 11:00:00,3354.29,3355.63,3352.84,3353.01,327.0
2025-08-13 11:05:00,3352.96,3355.81,3352.95,3354.0,320.0
2025-08-13 11:10:00,3354.03,3354.49,3353.19,3353.85,274.0
2025-08-13 11:15:00,3353.85,3355.76,3353.03,3354.01,333.0
2025-08-13 11:20:00,3354.12,3354.72,3352.91,3354.17,300.0
2025-08-13 11:25:00,3354.16,3354.68,3353.63,3353.88,239.0
2025-08-13 11:30:00,3353.86,3357.61,3353.64,3357.35,290.0
2025-08-13 11:35:00,3357.4,3359.36,3356.8,3359.36,326.0
2025-08-13 11:40:00,3359.39,3360.21,3358.98,3359.92,318.0
2025-08-13 11:45:00,3359.97,3363.42,3359.88,3362.37,352.0
2025-08-13 11:50:00,3362.33,3362.7,3359.76,3359.87,287.0
2025-08-13 11:55:00,3359.84,3361.75,3358.61,3360.19,314.0
2025-08-13 12:00:00,3360.35,3360.89,3359.45,3359.85,251.0
2025-08-13 12:05:00,3359.84,3360.69,3359.52,3359.58,231.0
2025-08-13 12:10:00,3359.51,3359.55,3358.63,3359.28,230.0
2025-08-13 12:15:00,3359.33,3360.96,3358.84,3360.72,254.0
2025-08-13 12:20:00,3360.75,3361.76,3360.65,3361.72,273.0
2025-08-13 12:25:00,3361.69,3363.4,3361.69,3361.97,301.0
2025-08-13 12:30:00,3362.03,3363.45,3361.79,3363.22,315.0
2025-08-13 12:35:00,3363.22,3363.87,3362.6,3363.55,346.0
2025-08-13 12:40:00,3363.53,3366.2,3362.87,3365.29,384.0
2025-08-13 12:45:00,3365.29,3365.29,3364.08,3364.96,335.0
2025-08-13 12:50:00,3365.0,3366.61,3364.44,3364.7,333.0
2025-08-13 12:55:00,3364.73,3366.01,3364.06,3364.59,306.0
2025-08-13 13:00:00,3364.55,3366.23,3364.51,3364.73,289.0
2025-08-13 13:05:00,3364.65,3365.52,3363.89,3363.89,246.0
2025-08-13 13:10:00,3363.82,3364.58,3363.07,3364.01,223.0
2025-08-13 13:15:00,3363.97,3365.86,3363.97,3365.84,262.0
2025-08-13 13:20:00,3365.87,3365.89,3363.66,3363.67,190.0
2025-08-13 13:25:00,3363.63,3364.5,3363.61,3364.05,190.0
2025-08-13 13:30:00,3364.47,3366.02,3364.43,3365.82,235.0
2025-08-13 13:35:00,3365.83,3366.53,3365.4,3366.2,235.0
2025-08-13 13:40:00,3366.3,3366.73,3365.37,3365.59,249.0
2025-08-13 13:45:00,3365.56,3366.47,3363.78,3366.42,289.0
2025-08-13 13:50:00,3366.41,3366.98,3365.66,3366.31,226.0
2025-08-13 13:55:00,3366.28,3366.63,3365.61,3366.06,187.0
2025-08-13 14:00:00,3366.07,3366.96,3364.33,3364.33,255.0
2025-08-13 14:05:00,3364.32,3364.96,3362.57,3362.85,269.0
2025-08-13 14:10:00,3362.86,3363.54,3361.19,3362.76,366.0
2025-08-13 14:15:00,3362.76,3363.11,3361.79,3362.22,322.0
2025-08-13 14:20:00,3362.0,3362.91,3359.83,3360.95,320.0
2025-08-13 14:25:00,3360.99,3361.01,3359.46,3360.12,334.0
2025-08-13 14:30:00,3360.17,3362.22,3359.26,3359.7,384.0
2025-08-13 14:35:00,3359.73,3360.47,3359.23,3359.57,312.0
2025-08-13 14:40:00,3359.56,3360.71,3359.0,3359.0,303.0
2025-08-13 14:45:00,3358.99,3361.15,3358.87,3359.73,270.0
2025-08-13 14:50:00,3359.7,3360.68,3358.96,3360.31,250.0
2025-08-13 14:55:00,3360.26,3362.44,3359.88,3362.31,275.0
2025-08-13 15:00:00,3362.36,3363.73,3361.4,3361.62,330.0
2025-08-13 15:05:00,3361.56,3361.6,3356.42,3357.07,380.0
2025-08-13 15:10:00,3357.12,3358.36,3356.61,3357.33,322.0
2025-08-13 15:15:00,3357.35,3359.04,3356.53,3359.0,300.0
2025-08-13 15:20:00,3358.97,3361.86,3358.61,3360.84,350.0
2025-08-13 15:25:00,3360.84,3361.04,3357.93,3358.7,339.0
2025-08-13 15:30:00,3358.71,3359.29,3355.56,3358.56,452.0
2025-08-13 15:35:00,3358.55,3360.05,3357.99,3359.03,347.0
2025-08-13 15:40:00,3358.86,3359.71,3357.22,3358.5,318.0
2025-08-13 15:45:00,3358.44,3360.89,3357.96,3360.43,330.0
2025-08-13 15:50:00,3360.26,3360.26,3357.47,3357.75,354.0
2025-08-13 15:55:00,3357.96,3359.05,3357.57,3358.03,305.0
2025-08-13 16:00:00,3358.09,3358.29,3354.93,3355.32,441.0
2025-08-13 16:05:00,3355.28,3357.35,3354.64,3354.64,359.0
2025-08-13 16:10:00,3354.68,3357.97,3354.56,3357.66,353.0
2025-08-13 16:15:00,3357.61,3358.36,3354.68,3355.91,349.0
2025-08-13 16:20:00,3355.9,3357.48,3354.26,3356.49,354.0
2025-08-13 16:25:00,3356.44,3357.6,3355.38,3357.27,270.0
2025-08-13 16:30:00,3357.16,3358.64,3356.39,3357.24,371.0
2025-08-13 16:35:00,3357.25,3362.45,3357.14,3361.47,431.0
2025-08-13 16:40:00,3361.52,3362.35,3359.6,3362.26,415.0
2025-08-13 16:45:00,3362.5,3364.09,3360.08,3361.92,407.0
2025-08-13 16:50:00,3361.89,3365.86,3361.89,3365.25,427.0
2025-08-13 16:55:00,3365.24,3365.81,3364.09,3365.09,401.0
2025-08-13 17:00:00,3365.2,3368.49,3363.19,3366.3,422.0
2025-08-13 17:05:00,3366.29,3370.76,3364.77,3368.55,448.0
2025-08-13 17:10:00,3368.78,3369.16,3366.08,3366.7,394.0
2025-08-13 17:15:00,3366.75,3367.36,3363.94,3365.89,391.0
2025-08-13 17:20:00,3365.75,3366.93,3364.44,3364.73,365.0
2025-08-13 17:25:00,3364.23,3366.53,3363.55,3365.1,379.0
2025-08-13 17:30:00,3364.96,3366.44,3364.09,3366.38,365.0
2025-08-13 17:35:00,3366.4,3366.74,3364.78,3366.0,317.0
2025-08-13 17:40:00,3366.02,3366.31,3363.32,3364.1,330.0
2025-08-13 17:45:00,3364.09,3364.25,3361.19,3362.98,398.0
2025-08-13 17:50:00,3362.95,3363.55,3361.62,3362.03,342.0
2025-08-13 17:55:00,3362.06,3363.16,3361.06,3363.15,298.0
2025-08-13 18:00:00,3363.24,3363.47,3360.15,3361.13,343.0
2025-08-13 18:05:00,3361.15,3362.3,3359.52,3360.39,338.0
2025-08-13 18:10:00,3360.14,3360.9,3358.08,3358.31,373.0
2025-08-13 18:15:00,3358.32,3358.39,3355.95,3356.77,368.0
2025-08-13 18:20:00,3356.78,3358.11,3355.71,3357.33,344.0
2025-08-13 18:25:00,3357.36,3357.47,3355.89,3355.89,318.0
2025-08-13 18:30:00,3355.86,3357.37,3354.38,3355.33,356.0
2025-08-13 18:35:00,3355.39,3356.56,3355.22,3355.65,320.0
2025-08-13 18:40:00,3355.68,3356.47,3354.84,3355.21,266.0
2025-08-13 18:45:00,3355.27,3357.03,3354.99,3356.97,296.0
2025-08-13 18:50:00,3357.04,3357.32,3356.14,3356.59,248.0
2025-08-13 18:55:00,3356.65,3357.78,3356.64,3357.78,218.0
2025-08-13 19:00:00,3357.77,3358.24,3357.31,3357.33,260.0
2025-08-13 19:05:00,3357.35,3358.16,3357.16,3357.71,237.0
2025-08-13 19:10:00,3357.84,3359.5,3357.81,3359.2,273.0
2025-08-13 19:15:00,3359.22,3360.27,3358.87,3359.66,267.0
2025-08-13 19:20:00,3359.66,3360.23,3358.98,3359.74,260.0
2025-08-13 19:25:00,3359.75,3360.41,3359.28,3359.68,252.0
2025-08-13 19:30:00,3359.66,3360.91,3359.57,3360.51,263.0
2025-08-13 19:35:00,3360.5,3360.66,3357.94,3357.96,261.0
2025-08-13 19:40:00,3357.93,3358.82,3357.1,3357.35,206.0
2025-08-13 19:45:00,3357.35,3359.3,3357.35,3359.03,258.0
2025-08-13 19:50:00,3359.02,3359.66,3358.61,3358.62,198.0
2025-08-13 19:55:00,3358.61,3358.72,3357.51,3357.92,172.0
2025-08-13 20:00:00,3358.01,3358.91,3357.93,3358.15,212.0
2025-08-13 20:05:00,3358.13,3358.15,3357.24,3357.52,186.0
2025-08-13 20:10:00,3357.5,3358.5,3357.28,3358.48,188.0
2025-08-13 20:15:00,3358.49,3358.9,3357.91,3358.16,218.0
2025-08-13 20:20:00,3358.2,3359.33,3358.15,3358.57,222.0
2025-08-13 20:25:00,3358.53,3358.56,3356.99,3357.56,263.0
2025-08-13 20:30:00,3357.66,3357.87,3355.0,3355.17,234.0
2025-08-13 20:35:00,3355.16,3355.71,3354.15,3355.07,202.0
2025-08-13 20:40:00,3355.1,3355.31,3353.28,3354.66,228.0
2025-08-13 20:45:00,3354.52,3355.3,3354.34,3354.41,209.0
2025-08-13 20:50:00,3354.42,3354.44,3353.05,3353.82,235.0
2025-08-13 20:55:00,3353.82,3353.97,3352.75,3353.67,173.0
2025-08-13 21:00:00,3353.66,3353.75,3351.38,3352.06,244.0
2025-08-13 21:05:00,3352.06,3354.43,3351.58,3354.04,268.0
2025-08-13 21:10:00,3354.01,3354.01,3352.94,3353.08,186.0
2025-08-13 21:15:00,3353.15,3353.26,3351.59,3352.15,202.0
2025-08-13 21:20:00,3352.17,3352.22,3350.92,3350.98,215.0
2025-08-13 21:25:00,3350.96,3351.31,3349.97,3351.02,266.0
2025-08-13 21:30:00,3351.02,3351.95,3350.96,3351.12,196.0
2025-08-13 21:35:00,3351.15,3353.35,3351.15,3353.1,232.0
2025-08-13 21:40:00,3353.17,3353.19,3352.41,3352.53,155.0
2025-08-13 21:45:00,3352.65,3353.24,3352.65,3353.11,169.0
2025-08-13 21:50:00,3353.09,3354.39,3352.93,3354.39,194.0
2025-08-13 21:55:00,3354.39,3354.4,3353.72,3353.74,207.0
2025-08-13 22:00:00,3353.71,3354.16,3352.97,3352.97,164.0
2025-08-13 22:05:00,3352.96,3353.38,3352.6,3352.6,172.0
2025-08-13 22:10:00,3352.59,3353.9,3352.59,3353.87,149.0
2025-08-13 22:15:00,3353.88,3354.41,3353.67,3354.28,159.0
2025-08-13 22:20:00,3354.29,3356.62,3354.05,3356.42,187.0
2025-08-13 22:25:00,3356.45,3356.86,3355.53,3355.55,178.0
2025-08-13 22:30:00,3355.55,3356.02,3355.37,3355.43,182.0
2025-08-13 22:35:00,3355.44,3356.16,3355.39,3355.72,220.0
2025-08-13 22:40:00,3355.7,3356.07,3354.68,3355.77,226.0
2025-08-13 22:45:00,3355.77,3356.6,3355.26,3356.47,179.0
2025-08-13 22:50:00,3356.4,3357.88,3356.33,3357.76,282.0
2025-08-13 22:55:00,3357.78,3358.77,3357.61,3357.79,335.0
2025-08-13 23:00:00,3357.78,3358.21,3356.41,3356.8,217.0
2025-08-13 23:05:00,3356.81,3357.59,3356.53,3357.38,118.0
2025-08-13 23:10:00,3357.38,3357.91,3357.12,3357.64,110.0
2025-08-13 23:15:00,3357.64,3358.17,3356.67,3356.67,128.0
2025-08-13 23:20:00,3356.66,3357.2,3356.5,3356.7,116.0
2025-08-13 23:25:00,3356.69,3357.05,3356.58,3357.02,130.0
2025-08-13 23:30:00,3357.03,3357.03,3356.05,3356.31,92.0
2025-08-13 23:35:00,3356.33,3356.59,3355.68,3356.21,102.0
2025-08-13 23:40:00,3356.2,3356.69,3356.16,3356.2,97.0
2025-08-13 23:45:00,3356.2,3356.43,3355.97,3356.09,99.0
2025-08-13 23:50:00,3356.07,3356.38,3355.84,3355.97,101.0
2025-08-14 01:05:00,3357.05,3357.68,3356.82,3357.63,130.0
2025-08-14 01:10:00,3357.6,3357.98,3356.78,3356.85,129.0
2025-08-14 01:15:00,3356.87,3357.73,3356.87,3357.73,129.0
2025-08-14 01:20:00,3357.78,3358.03,3357.44,3357.5,93.0
2025-08-14 01:25:00,3357.49,3357.52,3357.03,3357.07,78.0
2025-08-14 01:30:00,3357.07,3357.65,3356.7,3357.41,156.0
2025-08-14 01:35:00,3357.42,3358.71,3357.16,3358.18,144.0
2025-08-14 01:40:00,3358.2,3358.35,3357.32,3357.67,135.0
2025-08-14 01:45:00,3357.49,3358.09,3357.49,3357.96,110.0
2025-08-14 01:50:00,3357.97,3358.27,3357.41,3357.5,85.0
2025-08-14 01:55:00,3357.52,3357.8,3357.42,3357.63,104.0
2025-08-14 02:00:00,3357.59,3360.6,3357.57,3360.6,239.0
2025-08-14 02:05:00,3360.58,3361.32,3360.4,3360.68,206.0
2025-08-14 02:10:00,3360.68,3360.86,3359.94,3360.17,119.0
2025-08-14 02:15:00,3360.2,3361.03,3360.16,3360.67,143.0
2025-08-14 02:20:00,3360.66,3360.68,3359.85,3360.22,124.0
2025-08-14 02:25:00,3360.22,3361.46,3360.22,3361.0,184.0
2025-08-14 02:30:00,3361.01,3362.24,3360.78,3361.23,187.0
2025-08-14 02:35:00,3361.23,3362.52,3361.23,3362.52,160.0
2025-08-14 02:40:00,3362.49,3363.13,3361.83,3362.86,249.0
2025-08-14 02:45:00,3362.79,3363.37,3362.34,3362.66,208.0
2025-08-14 02:50:00,3362.66,3362.78,3361.58,3362.54,197.0
2025-08-14 02:55:00,3362.53,3362.81,3362.27,3362.75,174.0
2025-08-14 03:00:00,3362.72,3365.56,3362.7,3365.48,356.0
2025-08-14 03:05:00,3365.43,3367.86,3365.43,3367.19,334.0
2025-08-14 03:10:00,3367.17,3368.5,3366.82,3367.94,299.0
2025-08-14 03:15:00,3367.92,3370.02,3367.92,3369.08,317.0
2025-08-14 03:20:00,3369.14,3372.12,3368.31,3371.82,321.0
2025-08-14 03:25:00,3371.78,3373.39,3371.41,3372.99,324.0
2025-08-14 03:30:00,3372.96,3374.81,3371.04,3371.78,366.0
2025-08-14 03:35:00,3371.77,3372.13,3369.67,3371.79,340.0
2025-08-14 03:40:00,3371.8,3371.88,3370.33,3371.1,236.0
2025-08-14 03:45:00,3371.12,3371.98,3370.44,3371.37,258.0
2025-08-14 03:50:00,3371.34,3372.04,3370.15,3370.81,245.0
2025-08-14 03:55:00,3370.73,3371.89,3369.19,3369.61,305.0
2025-08-14 04:00:00,3369.43,3370.9,3368.27,3368.39,379.0
2025-08-14 04:05:00,3368.3,3369.72,3367.3,3369.55,309.0
2025-08-14 04:10:00,3369.39,3370.06,3368.08,3369.01,330.0
2025-08-14 04:15:00,3369.07,3369.91,3367.54,3369.4,354.0
2025-08-14 04:20:00,3369.42,3370.27,3365.68,3366.23,361.0
2025-08-14 04:25:00,3366.4,3366.67,3365.36,3366.07,286.0
2025-08-14 04:30:00,3366.16,3367.86,3365.47,3365.5,317.0
2025-08-14 04:35:00,3365.47,3366.24,3365.14,3366.12,287.0
2025-08-14 04:40:00,3365.97,3367.09,3365.53,3366.82,304.0
2025-08-14 04:45:00,3366.73,3368.94,3366.62,3368.71,296.0
2025-08-14 04:50:00,3368.71,3370.48,3367.55,3368.56,339.0
2025-08-14 04:55:00,3368.74,3368.74,3366.35,3367.38,337.0
2025-08-14 05:00:00,3367.41,3368.49,3367.33,3367.6,284.0
2025-08-14 05:05:00,3367.75,3368.28,3365.71,3368.28,305.0
2025-08-14 05:10:00,3368.29,3369.27,3367.19,3368.65,287.0
2025-08-14 05:15:00,3368.61,3368.91,3367.34,3367.44,219.0
2025-08-14 05:20:00,3367.43,3367.83,3366.41,3367.36,206.0
2025-08-14 05:25:00,3367.42,3367.75,3365.21,3365.35,265.0
2025-08-14 05:30:00,3365.38,3366.16,3364.46,3365.01,284.0
2025-08-14 05:35:00,3365.02,3367.88,3365.02,3367.53,229.0
2025-08-14 05:40:00,3367.57,3368.35,3367.29,3367.77,210.0
2025-08-14 05:45:00,3367.76,3367.81,3365.69,3365.98,272.0
2025-08-14 05:50:00,3365.87,3366.15,3364.65,3364.67,257.0
2025-08-14 05:55:00,3364.64,3365.13,3362.79,3362.85,314.0
2025-08-14 06:00:00,3362.84,3364.13,3360.79,3361.04,360.0
2025-08-14 06:05:00,3361.03,3361.03,3359.28,3359.39,347.0
2025-08-14 06:10:00,3359.39,3360.71,3358.78,3359.95,337.0
2025-08-14 06:15:00,3359.87,3359.93,3357.15,3357.71,341.0
2025-08-14 06:20:00,3357.42,3359.65,3357.12,3358.76,329.0
2025-08-14 06:25:00,3358.69,3358.69,3357.35,3357.42,302.0
2025-08-14 06:30:00,3357.44,3357.78,3356.09,3356.46,291.0
2025-08-14 06:35:00,3356.43,3356.91,3355.4,3356.11,281.0
2025-08-14 06:40:00,3356.08,3358.42,3355.95,3357.36,262.0
2025-08-14 06:45:00,3357.27,3358.51,3356.56,3357.95,279.0
2025-08-14 06:50:00,3357.96,3358.67,3357.59,3357.78,307.0
2025-08-14 06:55:00,3357.84,3360.47,3357.75,3360.47,322.0
2025-08-14 07:00:00,3360.75,3361.2,3359.58,3360.15,271.0
2025-08-14 07:05:00,3360.06,3360.3,3359.35,3360.05,229.0
2025-08-14 07:10:00,3360.07,3360.63,3359.74,3360.4,181.0
2025-08-14 07:15:00,3360.42,3361.23,3359.77,3360.15,215.0
2025-08-14 07:20:00,3360.17,3360.77,3360.15,3360.24,201.0
2025-08-14 07:25:00,3360.26,3361.07,3359.86,3360.99,232.0
2025-08-14 07:30:00,3361.05,3361.54,3358.62,3359.09,249.0
2025-08-14 07:35:00,3359.04,3361.21,3358.94,3361.04,240.0
2025-08-14 07:40:00,3360.99,3361.79,3360.57,3360.79,236.0
2025-08-14 07:45:00,3360.78,3361.66,3360.5,3360.77,173.0
2025-08-14 07:50:00,3360.76,3361.32,3360.69,3360.99,197.0
2025-08-14 07:55:00,3361.05,3361.44,3360.34,3360.44,188.0
2025-08-14 08:00:00,3360.45,3360.81,3359.16,3360.52,254.0
2025-08-14 08:05:00,3360.5,3361.43,3360.08,3360.76,180.0
2025-08-14 08:10:00,3360.76,3361.4,3360.24,3360.89,195.0
2025-08-14 08:15:00,3360.9,3361.76,3360.89,3361.24,212.0
2025-08-14 08:20:00,3361.25,3361.27,3358.7,3358.9,285.0
2025-08-14 08:25:00,3358.93,3359.78,3358.65,3359.15,279.0
2025-08-14 08:30:00,3359.21,3359.21,3356.19,3357.7,376.0
2025-08-14 08:35:00,3357.61,3358.66,3357.5,3358.46,284.0
2025-08-14 08:40:00,3358.5,3359.23,3357.91,3359.08,241.0
2025-08-14 08:45:00,3358.77,3359.89,3358.65,3358.89,247.0
2025-08-14 08:50:00,3358.94,3359.5,3358.19,3359.02,222.0
2025-08-14 08:55:00,3359.01,3359.69,3358.48,3358.93,215.0
2025-08-14 09:00:00,3358.9,3358.9,3356.34,3356.8,304.0
2025-08-14 09:05:00,3356.83,3359.68,3356.02,3359.64,370.0
2025-08-14 09:10:00,3359.59,3361.25,3359.15,3359.4,339.0
2025-08-14 09:15:00,3359.34,3359.4,3357.79,3358.77,325.0
2025-08-14 09:20:00,3358.73,3358.73,3356.43,3358.03,315.0
2025-08-14 09:25:00,3358.04,3358.99,3357.9,3358.9,277.0
2025-08-14 09:30:00,3358.85,3359.92,3357.48,3359.22,372.0
2025-08-14 09:35:00,3359.2,3359.6,3358.28,3358.71,253.0
2025-08-14 09:40:00,3358.77,3359.3,3357.34,3358.67,275.0
2025-08-14 09:45:00,3358.66,3359.37,3358.06,3358.33,266.0
2025-08-14 09:50:00,3358.31,3360.65,3358.13,3360.35,256.0
2025-08-14 09:55:00,3360.4,3362.37,3360.29,3361.97,358.0
2025-08-14 10:00:00,3362.03,3366.27,3361.64,3365.63,404.0
2025-08-14 10:05:00,3365.54,3365.71,3362.56,3364.47,400.0
2025-08-14 10:10:00,3364.48,3365.24,3362.19,3362.66,333.0
2025-08-14 10:15:00,3362.64,3365.05,3361.52,3363.11,345.0
2025-08-14 10:20:00,3363.12,3364.01,3361.88,3363.82,294.0
2025-08-14 10:25:00,3363.8,3364.03,3362.33,3362.59,242.0
2025-08-14 10:30:00,3362.55,3362.64,3358.5,3358.83,332.0
2025-08-14 10:35:00,3358.86,3359.2,3355.89,3357.14,368.0
2025-08-14 10:40:00,3357.09,3357.34,3352.46,3352.46,392.0
2025-08-14 10:45:00,3352.62,3352.62,3349.69,3350.69,420.0
2025-08-14 10:50:00,3350.68,3351.47,3346.68,3348.87,412.0
2025-08-14 10:55:00,3348.93,3349.1,3343.68,3346.08,391.0
2025-08-14 11:00:00,3345.97,3346.13,3341.74,3345.03,429.0
2025-08-14 11:05:00,3345.09,3347.54,3343.22,3344.67,394.0
2025-08-14 11:10:00,3344.57,3347.3,3344.03,3344.65,334.0
2025-08-14 11:15:00,3344.45,3345.94,3341.79,3345.82,363.0
2025-08-14 11:20:00,3345.91,3348.1,3345.12,3348.06,362.0
2025-08-14 11:25:00,3347.64,3349.81,3347.53,3349.73,301.0
2025-08-14 11:30:00,3349.66,3350.33,3348.04,3349.06,298.0
2025-08-14 11:35:00,3349.03,3349.37,3344.73,3346.05,341.0
2025-08-14 11:40:00,3345.83,3346.86,3344.54,3346.32,303.0
2025-08-14 11:45:00,3346.3,3347.01,3345.98,3346.48,270.0
2025-08-14 11:50:00,3346.44,3348.23,3345.96,3346.89,305.0
2025-08-14 11:55:00,3346.78,3348.05,3345.97,3346.17,309.0
2025-08-14 12:00:00,3346.18,3349.45,3345.11,3349.2,336.0
2025-08-14 12:05:00,3349.26,3353.37,3349.12,3352.82,347.0
2025-08-14 12:10:00,3352.46,3355.28,3351.13,3354.89,412.0
2025-08-14 12:15:00,3354.78,3358.14,3354.62,3357.63,378.0
2025-08-14 12:20:00,3357.77,3358.1,3355.4,3357.02,344.0
2025-08-14 12:25:00,3357.04,3359.1,3356.07,3356.19,337.0
2025-08-14 12:30:00,3356.23,3358.09,3356.19,3356.79,311.0
2025-08-14 12:35:00,3356.8,3357.12,3355.91,3356.29,302.0
2025-08-14 12:40:00,3356.29,3356.66,3354.59,3355.04,276.0
2025-08-14 12:45:00,3355.0,3355.33,3353.91,3355.33,288.0
2025-08-14 12:50:00,3355.35,3358.18,3355.08,3358.15,294.0
2025-08-14 12:55:00,3358.04,3358.04,3356.01,3356.56,289.0
2025-08-14 13:00:00,3356.58,3357.34,3355.73,3356.08,286.0
2025-08-14 13:05:00,3356.08,3356.22,3355.38,3355.82,225.0
2025-08-14 13:10:00,3355.68,3358.75,3355.58,3358.23,267.0
2025-08-14 13:15:00,3358.24,3358.24,3356.3,3357.51,260.0
2025-08-14 13:20:00,3357.69,3357.69,3356.31,3357.29,260.0
2025-08-14 13:25:00,3357.33,3358.82,3357.33,3357.5,294.0
2025-08-14 13:30:00,3357.51,3358.96,3357.48,3358.28,262.0
2025-08-14 13:35:00,3358.28,3358.63,3357.08,3357.38,257.0
2025-08-14 13:40:00,3357.32,3357.39,3353.46,3354.18,297.0
2025-08-14 13:45:00,3354.44,3354.44,3352.16,3352.87,298.0
2025-08-14 13:50:00,3352.9,3354.6,3352.9,3353.71,257.0
2025-08-14 13:55:00,3353.73,3355.13,3353.51,3354.99,261.0
2025-08-14 14:00:00,3355.09,3357.11,3355.09,3356.69,344.0
2025-08-14 14:05:00,3356.7,3356.7,3354.65,3354.71,228.0
2025-08-14 14:10:00,3355.48,3355.67,3353.29,3354.3,253.0
2025-08-14 14:15:00,3354.3,3355.34,3352.51,3352.82,284.0
2025-08-14 14:20:00,3352.85,3355.45,3352.53,3355.08,296.0
2025-08-14 14:25:00,3355.07,3355.54,3354.87,3355.22,265.0
2025-08-14 14:30:00,3355.24,3355.89,3354.17,3355.18,233.0
2025-08-14 14:35:00,3355.28,3356.73,3354.68,3354.94,207.0
2025-08-14 14:40:00,3354.94,3354.94,3353.22,3354.06,224.0
2025-08-14 14:45:00,3354.07,3355.21,3353.86,3354.64,245.0
2025-08-14 14:50:00,3354.65,3355.71,3354.34,3355.69,240.0
2025-08-14 14:55:00,3355.47,3355.79,3354.87,3355.4,245.0
2025-08-14 15:00:00,3355.48,3357.19,3354.87,3355.84,233.0
2025-08-14 15:05:00,3355.66,3358.34,3355.66,3357.28,283.0
2025-08-14 15:10:00,3357.2,3358.18,3355.34,3355.42,314.0
2025-08-14 15:15:00,3355.35,3355.39,3352.83,3353.79,332.0
2025-08-14 15:20:00,3353.62,3356.11,3353.62,3354.76,334.0
2025-08-14 15:25:00,3354.92,3355.79,3353.09,3353.17,284.0
2025-08-14 15:30:00,3352.95,3352.95,3341.97,3348.0,520.0
2025-08-14 15:35:00,3348.05,3351.8,3347.45,3350.3,512.0
2025-08-14 15:40:00,3350.39,3353.54,3347.43,3352.94,480.0
2025-08-14 15:45:00,3352.92,3356.44,3351.81,3351.81,455.0
2025-08-14 15:50:00,3351.96,3353.93,3350.29,3350.8,449.0
2025-08-14 15:55:00,3350.69,3351.81,3349.16,3350.58,438.0
2025-08-14 16:00:00,3350.48,3354.48,3348.99,3353.98,454.0
2025-08-14 16:05:00,3354.04,3355.87,3352.96,3355.57,444.0
2025-08-14 16:10:00,3355.62,3355.75,3352.84,3352.97,416.0
2025-08-14 16:15:00,3352.95,3356.02,3351.34,3353.02,437.0
2025-08-14 16:20:00,3352.69,3352.82,3346.01,3346.01,442.0
2025-08-14 16:25:00,3345.73,3347.75,3344.9,3345.35,438.0
2025-08-14 16:30:00,3344.51,3349.05,3344.51,3346.25,481.0
2025-08-14 16:35:00,3346.27,3348.87,3345.51,3348.4,460.0
2025-08-14 16:40:00,3348.3,3349.27,3346.41,3348.24,431.0
2025-08-14 16:45:00,3348.08,3348.82,3344.69,3346.63,459.0
2025-08-14 16:50:00,3346.65,3347.62,3345.04,3347.58,421.0
2025-08-14 16:55:00,3347.0,3347.79,3343.85,3344.15,443.0
2025-08-14 17:00:00,3344.1,3345.93,3341.78,3345.08,434.0
2025-08-14 17:05:00,3345.08,3345.21,3335.04,3336.61,498.0
2025-08-14 17:10:00,3336.52,3339.47,3334.3,3338.32,452.0
2025-08-14 17:15:00,3338.32,3344.51,3337.26,3344.04,479.0
2025-08-14 17:20:00,3344.06,3345.95,3342.16,3344.75,448.0
2025-08-14 17:25:00,3344.94,3345.82,3343.19,3344.87,394.0
2025-08-14 17:30:00,3344.83,3346.52,3343.76,3344.64,387.0
2025-08-14 17:35:00,3344.57,3345.59,3341.81,3343.39,376.0
2025-08-14 17:40:00,3343.27,3343.87,3340.56,3340.8,382.0
2025-08-14 17:45:00,3340.77,3342.25,3339.24,3340.22,392.0
2025-08-14 17:50:00,3340.14,3342.41,3339.61,3341.21,405.0
2025-08-14 17:55:00,3341.24,3341.81,3339.6,3340.57,360.0
2025-08-14 18:00:00,3340.67,3341.74,3336.67,3337.28,390.0
2025-08-14 18:05:00,3337.23,3338.86,3335.4,3337.06,436.0
2025-08-14 18:10:00,3337.05,3337.91,3336.32,3337.0,356.0
2025-08-14 18:15:00,3336.99,3339.62,3336.75,3339.23,338.0
2025-08-14 18:20:00,3339.25,3339.29,3336.07,3336.53,342.0
2025-08-14 18:25:00,3336.62,3340.64,3336.53,3339.48,361.0
2025-08-14 18:30:00,3339.53,3340.56,3337.94,3340.42,331.0
2025-08-14 18:35:00,3340.42,3342.05,3339.8,3340.47,339.0
2025-08-14 18:40:00,3340.47,3342.61,3339.65,3340.52,337.0
2025-08-14 18:45:00,3340.54,3342.2,3339.75,3341.66,323.0
2025-08-14 18:50:00,3341.78,3342.83,3341.02,3341.76,326.0
2025-08-14 18:55:00,3341.89,3342.01,3340.63,3341.74,293.0
2025-08-14 19:00:00,3341.89,3342.01,3339.55,3340.71,310.0
2025-08-14 19:05:00,3340.62,3340.64,3337.06,3337.36,310.0
2025-08-14 19:10:00,3337.32,3337.68,3333.31,3334.25,406.0
2025-08-14 19:15:00,3334.37,3334.95,3329.85,3333.47,465.0
2025-08-14 19:20:00,3333.42,3333.45,3330.19,3332.92,373.0
2025-08-14 19:25:00,3332.94,3333.44,3331.36,3332.17,368.0
2025-08-14 19:30:00,3332.01,3333.36,3330.83,3333.2,344.0
2025-08-14 19:35:00,3333.23,3335.38,3333.23,3333.33,351.0
2025-08-14 19:40:00,3333.49,3334.79,3332.66,3334.09,275.0
2025-08-14 19:45:00,3334.08,3334.28,3333.1,3333.15,284.0
2025-08-14 19:50:00,3333.14,3335.08,3332.86,3334.27,281.0
2025-08-14 19:55:00,3334.26,3334.63,3333.57,3334.38,302.0
2025-08-14 20:00:00,3334.24,3335.11,3332.29,3332.6,303.0
2025-08-14 20:05:00,3332.8,3336.26,3331.91,3335.89,325.0
2025-08-14 20:10:00,3335.91,3337.24,3335.81,3337.16,293.0
2025-08-14 20:15:00,3337.18,3337.64,3336.27,3336.42,286.0
2025-08-14 20:20:00,3336.41,3338.43,3336.08,3338.09,258.0
2025-08-14 20:25:00,3338.1,3338.44,3336.5,3336.88,293.0
2025-08-14 20:30:00,3337.04,3337.39,3336.17,3336.43,242.0
2025-08-14 20:35:00,3336.44,3336.88,3336.02,3336.54,251.0
2025-08-14 20:40:00,3336.49,3337.45,3335.54,3337.28,259.0
2025-08-14 20:45:00,3337.28,3337.71,3335.99,3337.69,215.0
2025-08-14 20:50:00,3337.7,3338.16,3337.01,3338.11,208.0
2025-08-14 20:55:00,3338.12,3338.35,3337.4,3337.83,236.0
2025-08-14 21:00:00,3337.92,3338.32,3336.38,3336.4,243.0
2025-08-14 21:05:00,3336.4,3337.15,3336.11,3336.51,217.0
2025-08-14 21:10:00,3336.5,3337.11,3336.49,3336.83,181.0
2025-08-14 21:15:00,3336.86,3337.3,3336.03,3337.3,227.0
2025-08-14 21:20:00,3337.37,3337.95,3336.82,3336.99,217.0
2025-08-14 21:25:00,3336.99,3337.62,3336.92,3337.03,260.0
2025-08-14 21:30:00,3337.05,3338.33,3336.83,3338.2,235.0
2025-08-14 21:35:00,3338.24,3338.6,3337.85,3338.51,251.0
2025-08-14 21:40:00,3338.52,3339.36,3338.43,3338.7,265.0
2025-08-14 21:45:00,3338.64,3339.09,3338.16,3338.94,231.0
2025-08-14 21:50:00,3338.93,3339.08,3338.6,3338.85,194.0
2025-08-14 21:55:00,3338.85,3339.0,3338.28,3338.29,198.0
2025-08-14 22:00:00,3337.98,3340.47,3337.98,3340.45,234.0
2025-08-14 22:05:00,3340.46,3340.75,3339.77,3340.05,206.0
2025-08-14 22:10:00,3340.05,3341.02,3339.79,3340.85,229.0
2025-08-14 22:15:00,3340.89,3341.03,3340.34,3340.41,212.0
2025-08-14 22:20:00,3340.41,3340.78,3339.58,3339.58,169.0
2025-08-14 22:25:00,3339.58,3340.71,3339.53,3340.51,153.0
2025-08-14 22:30:00,3340.5,3341.01,3340.33,3340.48,189.0
2025-08-14 22:35:00,3340.35,3340.35,3339.14,3339.81,204.0
2025-08-14 22:40:00,3339.8,3340.05,3339.34,3339.5,185.0
2025-08-14 22:45:00,3339.55,3340.12,3338.77,3339.17,225.0
2025-08-14 22:50:00,3339.15,3339.44,3338.26,3338.91,229.0
2025-08-14 22:55:00,3338.88,3338.88,3337.94,3337.96,285.0
2025-08-14 23:00:00,3337.96,3338.51,3337.14,3337.14,182.0
2025-08-14 23:05:00,3337.17,3337.35,3336.44,3336.69,149.0
2025-08-14 23:10:00,3336.68,3337.21,3335.0,3335.15,152.0
2025-08-14 23:15:00,3335.18,3335.89,3334.52,3335.85,180.0
2025-08-14 23:20:00,3335.83,3335.91,3335.09,3335.37,148.0
2025-08-14 23:25:00,3335.46,3335.77,3335.27,3335.48,140.0
2025-08-14 23:30:00,3335.45,3335.79,3335.27,3335.39,152.0
2025-08-14 23:35:00,3335.29,3335.42,3334.73,3335.09,144.0
2025-08-14 23:40:00,3335.09,3335.91,3335.0,3335.33,148.0
2025-08-14 23:45:00,3335.24,3335.93,3335.15,3335.16,155.0
2025-08-14 23:50:00,3335.16,3335.63,3334.73,3334.75,124.0
2025-08-15 01:05:00,3336.51,3336.98,3335.88,3336.53,82.0
2025-08-15 01:10:00,3336.52,3336.72,3335.31,3335.46,107.0
2025-08-15 01:15:00,3335.37,3335.42,3333.76,3333.78,172.0
2025-08-15 01:20:00,3333.76,3334.32,3332.58,3333.98,153.0
2025-08-15 01:25:00,3334.06,3335.12,3333.85,3334.01,119.0
2025-08-15 01:30:00,3334.01,3334.59,3333.46,3333.74,137.0
2025-08-15 01:35:00,3333.74,3334.81,3333.11,3334.78,153.0
2025-08-15 01:40:00,3334.7,3334.81,3333.78,3333.97,135.0
2025-08-15 01:45:00,3333.81,3334.03,3332.48,3333.13,183.0
2025-08-15 01:50:00,3333.14,3333.96,3332.66,3332.98,149.0
2025-08-15 01:55:00,3333.01,3333.4,3332.59,3333.32,139.0
2025-08-15 02:00:00,3333.32,3333.45,3332.83,3333.03,110.0
2025-08-15 02:05:00,3333.03,3333.73,3332.2,3333.15,172.0
2025-08-15 02:10:00,3333.02,3333.89,3332.8,3333.61,144.0
2025-08-15 02:15:00,3333.61,3333.9,3333.38,3333.65,112.0
2025-08-15 02:20:00,3333.66,3334.55,3333.56,3334.33,129.0
2025-08-15 02:25:00,3334.34,3334.59,3333.71,3334.58,113.0
2025-08-15 02:30:00,3334.56,3335.22,3334.45,3334.49,152.0
2025-08-15 02:35:00,3334.44,3335.81,3334.03,3335.79,134.0
2025-08-15 02:40:00,3335.9,3336.55,3335.72,3336.41,142.0
2025-08-15 02:45:00,3336.39,3336.49,3335.77,3336.19,140.0
2025-08-15 02:50:00,3336.29,3336.64,3335.03,3335.04,168.0
2025-08-15 02:55:00,3335.03,3335.58,3334.72,3335.58,173.0
2025-08-15 03:00:00,3335.57,3335.92,3332.45,3332.92,280.0
2025-08-15 03:05:00,3333.14,3335.63,3332.69,3335.34,293.0
2025-08-15 03:10:00,3335.33,3335.37,3333.09,3333.3,241.0
2025-08-15 03:15:00,3333.28,3335.51,3333.23,3334.26,217.0
2025-08-15 03:20:00,3334.36,3335.46,3333.41,3335.07,224.0
2025-08-15 03:25:00,3335.19,3336.1,3335.08,3335.87,208.0
2025-08-15 03:30:00,3335.91,3336.68,3335.34,3335.39,202.0
2025-08-15 03:35:00,3335.38,3336.25,3334.71,3336.22,152.0
2025-08-15 03:40:00,3336.23,3336.69,3335.58,3336.45,173.0
2025-08-15 03:45:00,3336.48,3337.09,3335.72,3336.95,152.0
2025-08-15 03:50:00,3337.09,3338.66,3336.64,3338.27,258.0
2025-08-15 03:55:00,3338.31,3338.74,3336.84,3337.25,309.0
2025-08-15 04:00:00,3337.24,3337.59,3335.55,3337.53,300.0
2025-08-15 04:05:00,3337.49,3337.49,3335.16,3336.22,318.0
2025-08-15 04:10:00,3336.21,3336.77,3335.72,3336.56,256.0
2025-08-15 04:15:00,3336.62,3337.34,3334.54,3334.66,279.0
2025-08-15 04:20:00,3334.31,3335.35,3333.33,3335.35,306.0
2025-08-15 04:25:00,3335.52,3336.75,3334.33,3336.63,279.0
2025-08-15 04:30:00,3336.6,3337.26,3335.22,3336.94,336.0
2025-08-15 04:35:00,3336.93,3339.2,3336.78,3338.53,303.0
2025-08-15 04:40:00,3338.56,3339.05,3337.64,3338.55,306.0
2025-08-15 04:45:00,3338.57,3339.12,3337.99,3338.97,290.0
2025-08-15 04:50:00,3339.0,3340.22,3338.9,3339.37,287.0
2025-08-15 04:55:00,3339.31,3340.2,3339.07,3339.63,258.0
2025-08-15 05:00:00,3339.62,3340.08,3339.29,3339.79,223.0
2025-08-15 05:05:00,3339.82,3340.04,3338.29,3338.41,251.0
2025-08-15 05:10:00,3338.41,3339.16,3338.37,3338.64,237.0
2025-08-15 05:15:00,3338.63,3339.18,3337.45,3338.27,245.0
2025-08-15 05:20:00,3338.25,3338.54,3336.98,3337.51,205.0
2025-08-15 05:25:00,3337.6,3338.01,3336.73,3338.01,256.0
2025-08-15 05:30:00,3338.0,3339.96,3337.55,3339.28,283.0
2025-08-15 05:35:00,3339.33,3339.79,3338.88,3339.79,210.0
2025-08-15 05:40:00,3339.78,3340.14,3338.44,3339.32,224.0
2025-08-15 05:45:00,3339.38,3339.94,3339.15,3339.79,232.0
2025-08-15 05:50:00,3339.8,3340.37,3339.49,3339.69,221.0
2025-08-15 05:55:00,3339.68,3340.84,3339.28,3340.51,237.0
2025-08-15 06:00:00,3340.69,3341.01,3340.13,3340.53,237.0
2025-08-15 06:05:00,3340.55,3340.93,3340.41,3340.58,214.0
2025-08-15 06:10:00,3340.48,3341.1,3340.47,3341.03,208.0
2025-08-15 06:15:00,3341.04,3341.12,3340.22,3340.75,241.0
2025-08-15 06:20:00,3340.76,3340.9,3340.5,3340.7,194.0
2025-08-15 06:25:00,3340.71,3340.91,3340.45,3340.81,187.0
2025-08-15 06:30:00,3340.84,3344.19,3340.81,3343.72,294.0
2025-08-15 06:35:00,3343.66,3343.99,3343.34,3343.52,196.0
2025-08-15 06:40:00,3343.45,3343.58,3342.08,3342.27,213.0
2025-08-15 06:45:00,3342.29,3344.44,3342.29,3344.43,207.0
2025-08-15 06:50:00,3344.41,3344.76,3343.68,3343.87,184.0
2025-08-15 06:55:00,3343.71,3343.83,3343.15,3343.42,147.0
2025-08-15 07:00:00,3343.37,3345.01,3343.32,3344.31,182.0
2025-08-15 07:05:00,3344.33,3345.2,3343.95,3344.43,272.0
2025-08-15 07:10:00,3344.47,3345.39,3344.35,3345.28,219.0
2025-08-15 07:15:00,3345.29,3345.47,3344.57,3344.91,180.0
2025-08-15 07:20:00,3344.9,3345.48,3344.77,3345.24,206.0
2025-08-15 07:25:00,3345.25,3346.23,3344.68,3345.72,251.0
2025-08-15 07:30:00,3345.66,3346.61,3345.27,3345.3,268.0
2025-08-15 07:35:00,3345.29,3345.49,3343.97,3344.19,246.0
2025-08-15 07:40:00,3344.27,3345.57,3343.44,3345.1,210.0
2025-08-15 07:45:00,3345.16,3345.43,3344.79,3345.21,174.0
2025-08-15 07:50:00,3345.2,3345.25,3344.07,3344.32,212.0
2025-08-15 07:55:00,3344.34,3345.54,3344.17,3345.47,175.0
2025-08-15 08:00:00,3345.16,3348.09,3345.12,3347.85,278.0
2025-08-15 08:05:00,3347.86,3348.67,3346.31,3346.73,253.0
2025-08-15 08:10:00,3346.75,3347.21,3345.87,3345.87,215.0
2025-08-15 08:15:00,3345.99,3346.0,3344.14,3344.56,223.0
2025-08-15 08:20:00,3344.58,3344.79,3343.23,3343.88,233.0
2025-08-15 08:25:00,3343.9,3344.43,3343.34,3343.41,175.0
2025-08-15 08:30:00,3343.26,3344.27,3342.01,3343.49,307.0
2025-08-15 08:35:00,3343.6,3345.12,3343.41,3344.79,229.0
2025-08-15 08:40:00,3344.81,3346.89,3344.72,3346.86,231.0
2025-08-15 08:45:00,3346.37,3347.34,3344.77,3344.83,271.0
2025-08-15 08:50:00,3344.78,3345.35,3343.89,3344.85,270.0
2025-08-15 08:55:00,3344.99,3345.01,3343.08,3343.78,212.0
2025-08-15 09:00:00,3343.79,3343.87,3342.17,3343.0,285.0
2025-08-15 09:05:00,3342.95,3342.99,3341.61,3342.03,285.0
2025-08-15 09:10:00,3341.98,3342.6,3341.45,3342.22,281.0
2025-08-15 09:15:00,3342.03,3343.81,3341.11,3343.05,285.0
2025-08-15 09:20:00,3343.12,3344.68,3341.22,3341.71,295.0
2025-08-15 09:25:00,3341.73,3343.19,3340.95,3341.49,271.0
2025-08-15 09:30:00,3341.46,3342.47,3340.9,3341.82,251.0
2025-08-15 09:35:00,3341.85,3343.51,3341.74,3343.12,218.0
2025-08-15 09:40:00,3343.13,3343.94,3341.47,3341.9,198.0
2025-08-15 09:45:00,3341.89,3343.53,3341.43,3343.29,193.0
2025-08-15 09:50:00,3343.27,3343.35,3341.54,3341.8,205.0
2025-08-15 09:55:00,3341.9,3341.98,3340.2,3340.41,249.0
2025-08-15 10:00:00,3340.53,3342.0,3340.4,3341.81,247.0
2025-08-15 10:05:00,3341.89,3342.89,3340.12,3341.19,256.0
2025-08-15 10:10:00,3341.16,3342.12,3340.92,3342.12,248.0
2025-08-15 10:15:00,3342.0,3344.18,3341.77,3344.18,262.0
2025-08-15 10:20:00,3344.27,3345.44,3344.27,3345.29,287.0
2025-08-15 10:25:00,3345.27,3345.83,3344.3,3344.69,232.0
2025-08-15 10:30:00,3344.67,3345.14,3342.72,3342.8,285.0
2025-08-15 10:35:00,3342.77,3342.77,3340.58,3340.76,315.0
2025-08-15 10:40:00,3340.64,3344.07,3340.34,3343.28,281.0
2025-08-15 10:45:00,3343.27,3344.71,3342.7,3343.98,252.0
2025-08-15 10:50:00,3343.75,3345.35,3343.62,3345.07,264.0
2025-08-15 10:55:00,3345.12,3346.52,3345.05,3346.19,286.0
2025-08-15 11:00:00,3346.12,3348.28,3345.93,3346.42,322.0
2025-08-15 11:05:00,3346.45,3346.45,3343.79,3344.37,287.0
2025-08-15 11:10:00,3344.36,3344.36,3341.58,3341.6,285.0
2025-08-15 11:15:00,3341.62,3341.82,3340.26,3340.83,336.0
2025-08-15 11:20:00,3340.88,3342.31,3340.23,3340.67,285.0
2025-08-15 11:25:00,3340.67,3342.03,3338.95,3339.44,315.0
2025-08-15 11:30:00,3339.34,3340.99,3338.9,3340.96,236.0
2025-08-15 11:35:00,3340.91,3341.37,3339.02,3339.56,232.0
2025-08-15 11:40:00,3339.49,3340.15,3338.37,3339.4,213.0
2025-08-15 11:45:00,3339.38,3342.61,3339.19,3342.33,256.0
2025-08-15 11:50:00,3342.34,3342.82,3340.79,3341.02,283.0
2025-08-15 11:55:00,3340.93,3342.01,3340.28,3341.22,305.0
2025-08-15 12:00:00,3341.18,3342.31,3340.72,3341.74,256.0
2025-08-15 12:05:00,3341.73,3342.01,3338.52,3339.34,265.0
2025-08-15 12:10:00,3339.32,3341.36,3338.61,3339.52,316.0
2025-08-15 12:15:00,3339.4,3342.24,3338.69,3342.13,275.0
2025-08-15 12:20:00,3342.12,3344.91,3341.7,3344.6,306.0
2025-08-15 12:25:00,3344.59,3344.59,3342.52,3344.28,270.0
2025-08-15 12:30:00,3344.2,3344.77,3343.15,3343.41,289.0
2025-08-15 12:35:00,3343.54,3344.06,3341.36,3341.82,278.0
2025-08-15 12:40:00,3341.79,3342.09,3340.64,3341.84,236.0
2025-08-15 12:45:00,3341.85,3342.96,3341.33,3341.43,230.0
2025-08-15 12:50:00,3341.41,3342.79,3341.01,3342.64,207.0
2025-08-15 12:55:00,3342.43,3343.19,3342.07,3342.62,225.0
2025-08-15 13:00:00,3342.66,3342.66,3340.76,3341.62,239.0
2025-08-15 13:05:00,3341.61,3341.92,3339.31,3340.06,265.0
2025-08-15 13:10:00,3340.05,3341.11,3339.42,3339.92,242.0
2025-08-15 13:15:00,3340.13,3341.17,3339.06,3339.98,256.0
2025-08-15 13:20:00,3339.98,3340.54,3339.33,3339.98,176.0
2025-08-15 13:25:00,3339.91,3340.02,3337.42,3338.14,253.0
2025-08-15 13:30:00,3338.06,3339.48,3337.56,3339.47,249.0
2025-08-15 13:35:00,3339.42,3339.58,3337.41,3337.74,202.0
2025-08-15 13:40:00,3337.8,3339.08,3336.95,3338.16,236.0
2025-08-15 13:45:00,3338.11,3340.33,3337.83,3340.22,254.0
2025-08-15 13:50:00,3340.35,3340.48,3337.72,3337.74,269.0
2025-08-15 13:55:00,3337.75,3338.08,3336.33,3337.62,255.0
2025-08-15 14:00:00,3337.68,3339.86,3337.13,3339.86,297.0
2025-08-15 14:05:00,3339.98,3340.63,3337.96,3338.17,276.0
2025-08-15 14:10:00,3338.14,3339.62,3337.74,3339.6,243.0
2025-08-15 14:15:00,3339.59,3340.1,3339.08,3339.26,215.0
2025-08-15 14:20:00,3339.25,3339.45,3337.72,3339.11,217.0
2025-08-15 14:25:00,3339.09,3340.2,3338.93,3340.0,207.0
2025-08-15 14:30:00,3339.99,3343.01,3339.91,3342.08,311.0
2025-08-15 14:35:00,3342.07,3343.42,3341.27,3343.17,292.0
2025-08-15 14:40:00,3343.13,3343.92,3342.82,3343.28,262.0
2025-08-15 14:45:00,3343.28,3343.68,3342.14,3342.31,263.0
2025-08-15 14:50:00,3342.34,3343.69,3341.99,3343.41,265.0
2025-08-15 14:55:00,3343.39,3344.17,3342.26,3342.32,276.0
2025-08-15 15:00:00,3342.35,3342.85,3341.31,3341.39,232.0
2025-08-15 15:05:00,3341.22,3341.25,3339.0,3339.48,278.0
2025-08-15 15:10:00,3339.39,3340.99,3338.37,3338.99,336.0
2025-08-15 15:15:00,3339.15,3339.68,3337.4,3337.88,343.0
2025-08-15 15:20:00,3338.23,3339.74,3337.57,3338.2,391.0
2025-08-15 15:25:00,3338.33,3339.0,3337.08,3337.25,316.0
2025-08-15 15:30:00,3337.7,3339.57,3333.59,3338.91,419.0
2025-08-15 15:35:00,3338.9,3341.72,3337.1,3341.16,421.0
2025-08-15 15:40:00,3341.14,3343.64,3341.05,3342.8,441.0
2025-08-15 15:45:00,3342.79,3343.85,3341.13,3342.35,399.0
2025-08-15 15:50:00,3342.3,3342.87,3340.5,3340.5,367.0
2025-08-15 15:55:00,3340.36,3343.43,3340.35,3342.65,365.0
2025-08-15 16:00:00,3342.7,3345.88,3341.29,3341.87,439.0
2025-08-15 16:05:00,3341.99,3343.48,3340.93,3341.77,350.0
2025-08-15 16:10:00,3341.32,3342.17,3340.49,3341.41,283.0
2025-08-15 16:15:00,3341.43,3341.66,3336.52,3337.15,377.0
2025-08-15 16:20:00,3337.3,3341.66,3337.26,3338.63,429.0
2025-08-15 16:25:00,3338.67,3339.08,3336.44,3338.41,370.0
2025-08-15 16:30:00,3338.21,3340.22,3335.7,3336.56,399.0
2025-08-15 16:35:00,3336.57,3338.74,3335.85,3336.28,394.0
2025-08-15 16:40:00,3336.34,3336.73,3334.94,3336.32,369.0
2025-08-15 16:45:00,3336.34,3336.36,3333.99,3335.39,404.0
2025-08-15 16:50:00,3335.49,3335.69,3332.89,3333.98,377.0
2025-08-15 16:55:00,3333.87,3337.12,3333.74,3335.39,346.0
2025-08-15 17:00:00,3335.28,3337.95,3335.1,3337.45,356.0
2025-08-15 17:05:00,3337.62,3341.0,3337.38,3338.07,393.0
2025-08-15 17:10:00,3337.86,3340.07,3337.86,3338.76,349.0
2025-08-15 17:15:00,3338.76,3342.45,3338.31,3341.61,389.0
2025-08-15 17:20:00,3341.66,3342.67,3340.61,3340.93,384.0
2025-08-15 17:25:00,3340.97,3341.4,3338.54,3338.54,347.0
2025-08-15 17:30:00,3338.59,3341.55,3338.48,3340.61,343.0
2025-08-15 17:35:00,3340.66,3342.53,3340.48,3341.86,306.0
2025-08-15 17:40:00,3341.93,3343.26,3341.64,3341.97,317.0
2025-08-15 17:45:00,3342.11,3342.2,3340.54,3341.78,305.0
2025-08-15 17:50:00,3341.83,3343.59,3341.11,3342.18,326.0
2025-08-15 17:55:00,3342.19,3342.88,3341.62,3341.77,292.0
2025-08-15 18:00:00,3341.98,3344.07,3341.96,3343.83,307.0
2025-08-15 18:05:00,3343.67,3344.61,3342.06,3343.33,320.0
2025-08-15 18:10:00,3343.3,3343.5,3342.08,3342.35,291.0
2025-08-15 18:15:00,3342.41,3343.77,3341.91,3343.5,285.0
2025-08-15 18:20:00,3343.63,3343.76,3342.23,3343.56,268.0
2025-08-15 18:25:00,3343.5,3344.04,3342.68,3343.34,265.0
2025-08-15 18:30:00,3343.33,3344.98,3343.22,3343.67,240.0
2025-08-15 18:35:00,3343.71,3344.94,3343.08,3343.76,267.0
2025-08-15 18:40:00,3343.69,3343.9,3342.21,3342.64,264.0
2025-08-15 18:45:00,3342.67,3343.71,3341.42,3342.86,280.0
2025-08-15 18:50:00,3342.85,3343.23,3341.77,3342.28,244.0
2025-08-15 18:55:00,3342.39,3342.59,3341.8,3342.33,225.0
2025-08-15 19:00:00,3342.38,3342.46,3341.02,3341.3,257.0
2025-08-15 19:05:00,3341.27,3341.42,3339.76,3340.99,281.0
2025-08-15 19:10:00,3340.92,3341.22,3339.76,3339.82,268.0
2025-08-15 19:15:00,3339.85,3340.28,3338.44,3338.92,237.0
2025-08-15 19:20:00,3338.93,3338.93,3337.21,3337.64,254.0
2025-08-15 19:25:00,3337.63,3339.06,3337.27,3338.65,281.0
2025-08-15 19:30:00,3338.68,3338.96,3337.75,3337.99,272.0
2025-08-15 19:35:00,3338.12,3339.38,3337.56,3339.32,247.0
2025-08-15 19:40:00,3339.36,3339.51,3338.34,3338.49,203.0
2025-08-15 19:45:00,3338.51,3338.51,3337.23,3337.41,207.0
2025-08-15 19:50:00,3337.47,3337.62,3335.77,3336.68,249.0
2025-08-15 19:55:00,3336.66,3338.22,3336.23,3338.22,239.0
2025-08-15 20:00:00,3338.21,3338.94,3336.93,3336.96,227.0
2025-08-15 20:05:00,3336.98,3336.99,3335.13,3335.15,243.0
2025-08-15 20:10:00,3335.13,3335.96,3335.13,3335.74,231.0
2025-08-15 20:15:00,3335.75,3337.14,3335.75,3336.3,231.0
2025-08-15 20:20:00,3336.26,3337.37,3335.86,3337.06,224.0
2025-08-15 20:25:00,3336.98,3337.46,3336.09,3336.5,246.0
2025-08-15 20:30:00,3336.42,3336.73,3335.54,3335.94,221.0
2025-08-15 20:35:00,3336.06,3337.03,3335.92,3336.82,196.0
2025-08-15 20:40:00,3336.81,3337.26,3336.53,3336.71,186.0
2025-08-15 20:45:00,3336.69,3336.69,3335.88,3336.2,215.0
2025-08-15 20:50:00,3336.13,3336.49,3335.49,3335.8,201.0
2025-08-15 20:55:00,3335.8,3336.5,3335.6,3336.03,208.0
2025-08-15 21:00:00,3336.11,3336.38,3334.75,3335.48,264.0
2025-08-15 21:05:00,3335.49,3335.95,3334.86,3335.39,226.0
2025-08-15 21:10:00,3335.4,3336.44,3335.25,3336.27,202.0
2025-08-15 21:15:00,3336.25,3336.91,3336.24,3336.48,183.0
2025-08-15 21:20:00,3336.49,3338.23,3336.19,3338.06,204.0
2025-08-15 21:25:00,3338.07,3338.21,3337.01,3337.11,200.0
2025-08-15 21:30:00,3337.15,3337.6,3336.92,3337.13,177.0
2025-08-15 21:35:00,3337.15,3337.24,3336.74,3336.87,137.0
2025-08-15 21:40:00,3336.85,3337.07,3336.56,3336.75,130.0
2025-08-15 21:45:00,3336.74,3336.74,3335.62,3336.12,185.0
2025-08-15 21:50:00,3336.11,3336.39,3335.81,3335.84,154.0
2025-08-15 21:55:00,3335.82,3336.62,3335.6,3335.98,210.0
2025-08-15 22:00:00,3335.98,3335.98,3334.79,3335.44,252.0
2025-08-15 22:05:00,3335.48,3335.83,3334.43,3335.82,228.0
2025-08-15 22:10:00,3335.85,3336.35,3335.28,3335.32,215.0
2025-08-15 22:15:00,3335.35,3336.07,3335.19,3335.55,197.0
2025-08-15 22:20:00,3335.41,3336.04,3335.24,3336.03,143.0
2025-08-15 22:25:00,3336.01,3337.44,3335.58,3337.22,209.0
2025-08-15 22:30:00,3337.27,3338.03,3336.95,3337.72,232.0
2025-08-15 22:35:00,3337.73,3338.18,3337.46,3337.52,213.0
2025-08-15 22:40:00,3337.51,3337.68,3336.85,3336.9,174.0
2025-08-15 22:45:00,3336.93,3337.47,3336.58,3337.14,173.0
2025-08-15 22:50:00,3337.29,3338.56,3337.14,3338.55,192.0
2025-08-15 22:55:00,3338.5,3339.59,3338.3,3339.17,286.0
2025-08-15 23:00:00,3338.94,3339.42,3338.48,3339.29,204.0
2025-08-15 23:05:00,3339.25,3339.47,3338.21,3338.65,158.0
2025-08-15 23:10:00,3338.63,3338.66,3338.2,3338.21,110.0
2025-08-15 23:15:00,3338.21,3338.33,3337.59,3337.69,137.0
2025-08-15 23:20:00,3337.72,3338.16,3337.22,3337.35,162.0
2025-08-15 23:25:00,3337.35,3337.35,3336.38,3336.96,164.0
2025-08-15 23:30:00,3336.88,3337.44,3336.75,3336.81,158.0
2025-08-15 23:35:00,3336.83,3337.23,3336.77,3336.99,99.0
2025-08-15 23:40:00,3336.99,3337.15,3336.19,3336.27,150.0
2025-08-15 23:45:00,3336.2,3336.83,3335.88,3335.88,140.0
2025-08-15 23:50:00,3335.78,3336.63,3335.69,3336.08,207.0
2025-08-18 01:05:00,3335.35,3335.35,3332.98,3333.63,223.0
2025-08-18 01:10:00,3333.66,3334.6,3333.07,3333.4,181.0
2025-08-18 01:15:00,3333.39,3334.6,3333.01,3333.74,184.0
2025-08-18 01:20:00,3334.1,3335.05,3333.75,3335.01,158.0
2025-08-18 01:25:00,3335.01,3335.26,3334.39,3335.02,157.0
2025-08-18 01:30:00,3334.88,3334.88,3333.94,3334.49,119.0
2025-08-18 01:35:00,3334.49,3334.79,3334.0,3334.52,114.0
2025-08-18 01:40:00,3334.44,3335.19,3334.39,3334.7,127.0
2025-08-18 01:45:00,3334.68,3335.06,3334.43,3334.43,98.0
2025-08-18 01:50:00,3334.43,3334.44,3333.99,3334.22,98.0
2025-08-18 01:55:00,3334.21,3334.71,3334.21,3334.33,108.0
2025-08-18 02:00:00,3334.29,3334.4,3332.65,3332.9,169.0
2025-08-18 02:05:00,3332.9,3333.62,3332.4,3332.97,179.0
2025-08-18 02:10:00,3332.96,3333.3,3330.04,3330.25,261.0
2025-08-18 02:15:00,3330.26,3330.7,3323.9,3324.78,344.0
2025-08-18 02:20:00,3324.78,3326.48,3323.62,3325.66,313.0
2025-08-18 02:25:00,3325.7,3329.67,3325.25,3329.17,244.0
2025-08-18 02:30:00,3329.17,3329.66,3327.96,3328.53,216.0
2025-08-18 02:35:00,3328.53,3328.99,3327.95,3328.38,150.0
2025-08-18 02:40:00,3328.42,3328.86,3328.2,3328.29,138.0
2025-08-18 02:45:00,3328.22,3328.22,3326.84,3327.59,193.0
2025-08-18 02:50:00,3327.57,3328.41,3326.39,3328.21,216.0
2025-08-18 02:55:00,3328.01,3328.07,3325.87,3327.1,201.0
2025-08-18 03:00:00,3327.1,3329.14,3326.78,3328.7,277.0
2025-08-18 03:05:00,3328.69,3331.83,3328.39,3331.67,304.0
2025-08-18 03:10:00,3331.7,3335.07,3331.66,3334.87,336.0
2025-08-18 03:15:00,3334.83,3337.46,3334.21,3337.46,320.0
2025-08-18 03:20:00,3337.46,3342.07,3337.46,3339.61,400.0
2025-08-18 03:25:00,3339.52,3340.36,3337.49,3340.24,332.0
2025-08-18 03:30:00,3340.24,3340.83,3338.91,3340.26,281.0
2025-08-18 03:35:00,3340.29,3341.28,3339.21,3341.28,258.0
2025-08-18 03:40:00,3341.19,3341.46,3340.59,3340.86,255.0
2025-08-18 03:45:00,3340.75,3342.51,3340.42,3342.33,263.0
2025-08-18 03:50:00,3342.09,3342.72,3340.54,3340.97,262.0
2025-08-18 03:55:00,3341.02,3341.06,3340.22,3340.67,208.0
2025-08-18 04:00:00,3340.56,3343.63,3340.08,3340.74,392.0
2025-08-18 04:05:00,3340.74,3343.33,3340.35,3343.02,343.0
2025-08-18 04:10:00,3343.07,3344.12,3342.03,3342.75,335.0
2025-08-18 04:15:00,3342.78,3343.99,3341.6,3342.32,302.0
2025-08-18 04:20:00,3342.32,3342.64,3340.92,3341.07,315.0
2025-08-18 04:25:00,3341.06,3341.53,3339.85,3340.41,259.0
2025-08-18 04:30:00,3340.41,3341.2,3339.64,3340.84,312.0
2025-08-18 04:35:00,3340.84,3344.37,3340.5,3344.06,318.0
2025-08-18 04:40:00,3343.98,3345.43,3343.44,3344.18,296.0
2025-08-18 04:45:00,3344.19,3345.87,3343.59,3345.59,289.0
2025-08-18 04:50:00,3345.61,3347.39,3345.54,3346.67,307.0
2025-08-18 04:55:00,3346.65,3347.09,3345.38,3346.86,306.0
2025-08-18 05:00:00,3346.83,3347.5,3346.01,3346.01,264.0
2025-08-18 05:05:00,3345.99,3346.6,3344.92,3346.19,237.0
2025-08-18 05:10:00,3346.2,3346.28,3344.51,3344.51,247.0
2025-08-18 05:15:00,3344.43,3344.68,3343.39,3343.74,255.0
2025-08-18 05:20:00,3343.68,3344.15,3343.17,3343.39,198.0
2025-08-18 05:25:00,3343.37,3343.76,3342.39,3342.78,189.0
2025-08-18 05:30:00,3342.82,3344.38,3342.82,3343.43,241.0
2025-08-18 05:35:00,3343.53,3344.68,3343.33,3344.02,254.0
2025-08-18 05:40:00,3343.97,3344.51,3343.08,3344.08,210.0
2025-08-18 05:45:00,3344.07,3344.39,3342.72,3343.08,197.0
2025-08-18 05:50:00,3343.1,3343.69,3342.92,3343.12,172.0
2025-08-18 05:55:00,3343.08,3343.61,3343.03,3343.4,137.0
2025-08-18 06:00:00,3343.34,3345.96,3343.34,3345.22,229.0
2025-08-18 06:05:00,3345.22,3345.55,3344.2,3344.27,188.0
2025-08-18 06:10:00,3344.12,3344.6,3343.85,3344.1,184.0
2025-08-18 06:15:00,3343.95,3345.96,3343.95,3345.96,157.0
2025-08-18 06:20:00,3345.94,3346.88,3345.9,3346.44,234.0
2025-08-18 06:25:00,3346.5,3346.85,3346.04,3346.71,241.0
2025-08-18 06:30:00,3346.67,3347.86,3346.44,3347.86,247.0
2025-08-18 06:35:00,3347.86,3348.51,3347.65,3347.77,188.0
2025-08-18 06:40:00,3347.76,3348.25,3347.43,3348.25,192.0
2025-08-18 06:45:00,3348.27,3351.24,3348.27,3350.7,229.0
2025-08-18 06:50:00,3350.86,3351.73,3349.1,3349.33,343.0
2025-08-18 06:55:00,3349.32,3349.55,3346.44,3347.07,313.0
2025-08-18 07:00:00,3347.04,3349.03,3346.79,3348.99,224.0
2025-08-18 07:05:00,3348.95,3350.16,3348.88,3349.82,188.0
2025-08-18 07:10:00,3349.85,3350.89,3349.4,3350.85,197.0
2025-08-18 07:15:00,3350.8,3351.77,3350.55,3351.48,199.0
2025-08-18 07:20:00,3351.49,3352.67,3351.1,3351.33,232.0
2025-08-18 07:25:00,3351.3,3352.43,3350.7,3352.43,213.0
2025-08-18 07:30:00,3352.42,3354.17,3352.42,3353.01,287.0
2025-08-18 07:35:00,3352.88,3354.52,3352.87,3354.42,225.0
2025-08-18 07:40:00,3354.38,3355.6,3354.38,3355.12,262.0
2025-08-18 07:45:00,3355.11,3356.77,3355.08,3356.57,275.0
2025-08-18 07:50:00,3356.58,3356.92,3355.49,3356.77,262.0
2025-08-18 07:55:00,3356.79,3358.19,3356.79,3357.53,260.0
2025-08-18 08:00:00,3357.51,3358.39,3355.45,3356.47,295.0
2025-08-18 08:05:00,3356.47,3357.19,3355.19,3355.19,252.0
2025-08-18 08:10:00,3355.07,3355.8,3354.99,3355.18,225.0
2025-08-18 08:15:00,3355.26,3355.46,3353.45,3353.95,253.0
2025-08-18 08:20:00,3353.98,3354.34,3352.8,3352.91,233.0
2025-08-18 08:25:00,3352.84,3353.45,3351.33,3351.33,308.0
2025-08-18 08:30:00,3351.21,3351.45,3348.32,3349.23,359.0
2025-08-18 08:35:00,3349.31,3349.31,3346.67,3347.19,358.0
2025-08-18 08:40:00,3347.18,3349.44,3346.99,3348.16,361.0
2025-08-18 08:45:00,3348.08,3349.33,3347.01,3348.94,314.0
2025-08-18 08:50:00,3348.95,3349.09,3347.82,3348.56,246.0
2025-08-18 08:55:00,3348.57,3351.5,3348.19,3349.64,308.0
2025-08-18 09:00:00,3349.59,3351.12,3349.43,3350.61,294.0
2025-08-18 09:05:00,3350.6,3350.61,3349.21,3349.8,264.0
2025-08-18 09:10:00,3349.78,3350.19,3348.81,3349.71,241.0
2025-08-18 09:15:00,3349.64,3349.75,3346.01,3347.52,360.0
2025-08-18 09:20:00,3347.46,3349.4,3347.18,3348.64,280.0
2025-08-18 09:25:00,3348.64,3349.74,3347.99,3349.49,279.0
2025-08-18 09:30:00,3349.47,3349.52,3348.35,3348.49,275.0
2025-08-18 09:35:00,3348.53,3350.12,3348.24,3349.48,274.0
2025-08-18 09:40:00,3349.53,3350.69,3349.28,3349.63,222.0
2025-08-18 09:45:00,3349.37,3350.33,3348.95,3348.95,237.0
2025-08-18 09:50:00,3349.0,3349.92,3348.63,3348.8,242.0
2025-08-18 09:55:00,3348.79,3349.43,3347.81,3349.43,242.0
2025-08-18 10:00:00,3349.48,3350.85,3348.14,3349.86,338.0
2025-08-18 10:05:00,3349.86,3352.63,3349.66,3350.89,328.0
2025-08-18 10:10:00,3350.82,3354.31,3350.01,3353.74,288.0
2025-08-18 10:15:00,3353.63,3354.63,3353.44,3354.24,245.0
2025-08-18 10:20:00,3354.25,3355.58,3354.2,3355.12,275.0
2025-08-18 10:25:00,3355.09,3355.09,3352.31,3352.32,273.0
2025-08-18 10:30:00,3352.23,3352.61,3350.14,3350.3,265.0
2025-08-18 10:35:00,3350.26,3350.4,3349.05,3350.09,283.0
2025-08-18 10:40:00,3350.05,3351.31,3349.89,3350.6,258.0
2025-08-18 10:45:00,3350.62,3351.26,3349.78,3349.82,243.0
2025-08-18 10:50:00,3349.91,3349.95,3347.2,3348.14,309.0
2025-08-18 10:55:00,3348.16,3349.63,3347.3,3349.06,281.0
2025-08-18 11:00:00,3349.02,3349.94,3347.42,3347.46,290.0
2025-08-18 11:05:00,3347.49,3348.23,3346.85,3347.22,268.0
2025-08-18 11:10:00,3347.2,3347.22,3344.61,3345.49,291.0
2025-08-18 11:15:00,3345.46,3346.59,3344.99,3345.52,289.0
2025-08-18 11:20:00,3345.48,3346.16,3344.58,3345.67,285.0
2025-08-18 11:25:00,3345.6,3347.96,3345.2,3347.85,279.0
2025-08-18 11:30:00,3347.82,3347.96,3347.18,3347.61,241.0
2025-08-18 11:35:00,3347.59,3348.89,3346.73,3348.78,262.0
2025-08-18 11:40:00,3348.75,3348.81,3347.75,3348.75,207.0
2025-08-18 11:45:00,3348.74,3349.33,3348.15,3348.4,209.0
2025-08-18 11:50:00,3348.4,3348.68,3347.7,3348.58,221.0
2025-08-18 11:55:00,3348.55,3349.83,3348.35,3348.65,251.0
2025-08-18 12:00:00,3348.58,3349.79,3348.18,3349.09,221.0
2025-08-18 12:05:00,3349.1,3350.95,3348.66,3350.81,243.0
2025-08-18 12:10:00,3350.5,3351.0,3349.99,3350.39,215.0
2025-08-18 12:15:00,3350.37,3350.49,3348.11,3349.42,255.0
2025-08-18 12:20:00,3349.43,3349.6,3348.7,3349.09,225.0
2025-08-18 12:25:00,3349.12,3349.5,3348.67,3348.77,216.0
2025-08-18 12:30:00,3348.59,3350.1,3347.89,3349.74,298.0
2025-08-18 12:35:00,3349.75,3351.68,3349.67,3350.58,299.0
2025-08-18 12:40:00,3350.64,3350.86,3348.53,3349.38,309.0
2025-08-18 12:45:00,3349.34,3350.19,3348.41,3348.66,196.0
2025-08-18 12:50:00,3348.66,3349.36,3347.58,3348.72,244.0
2025-08-18 12:55:00,3348.72,3350.62,3347.71,3348.16,352.0
2025-08-18 13:00:00,3347.96,3349.83,3347.96,3349.73,256.0
2025-08-18 13:05:00,3349.75,3349.81,3348.35,3349.01,193.0
2025-08-18 13:10:00,3348.97,3350.36,3348.77,3350.0,235.0
2025-08-18 13:15:00,3349.94,3351.35,3349.04,3349.21,291.0
2025-08-18 13:20:00,3349.25,3349.66,3348.04,3348.95,212.0
2025-08-18 13:25:00,3348.9,3349.23,3348.54,3348.69,172.0
2025-08-18 13:30:00,3348.67,3349.77,3348.2,3349.06,231.0
2025-08-18 13:35:00,3349.05,3350.11,3347.99,3348.92,289.0
2025-08-18 13:40:00,3348.91,3349.66,3348.67,3349.35,209.0
2025-08-18 13:45:00,3349.29,3349.56,3348.27,3348.45,168.0
2025-08-18 13:50:00,3348.43,3348.69,3347.06,3347.65,208.0
2025-08-18 13:55:00,3347.6,3347.62,3346.52,3346.61,205.0
2025-08-18 14:00:00,3346.59,3348.65,3346.53,3348.44,270.0
2025-08-18 14:05:00,3348.34,3348.45,3347.52,3348.15,191.0
2025-08-18 14:10:00,3348.2,3348.69,3347.7,3348.06,199.0
2025-08-18 14:15:00,3348.07,3348.67,3348.02,3348.31,205.0
2025-08-18 14:20:00,3348.3,3348.69,3347.75,3348.39,213.0
2025-08-18 14:25:00,3348.4,3348.66,3347.48,3348.58,240.0
2025-08-18 14:30:00,3348.57,3348.59,3347.23,3347.49,199.0
2025-08-18 14:35:00,3347.48,3348.52,3347.35,3348.01,211.0
2025-08-18 14:40:00,3347.96,3347.96,3346.77,3346.95,186.0
2025-08-18 14:45:00,3346.94,3347.03,3346.37,3346.8,205.0
2025-08-18 14:50:00,3346.83,3347.0,3345.85,3346.07,233.0
2025-08-18 14:55:00,3346.13,3346.34,3344.55,3345.46,264.0
2025-08-18 15:00:00,3345.64,3346.92,3345.12,3346.8,260.0
2025-08-18 15:05:00,3346.74,3347.19,3345.94,3346.15,233.0
2025-08-18 15:10:00,3346.12,3347.98,3346.12,3347.01,250.0
2025-08-18 15:15:00,3347.02,3347.47,3345.3,3345.32,262.0
2025-08-18 15:20:00,3345.36,3347.55,3345.36,3346.0,282.0
2025-08-18 15:25:00,3346.14,3347.26,3345.79,3346.35,285.0
2025-08-18 15:30:00,3346.44,3347.57,3345.9,3346.57,289.0
2025-08-18 15:35:00,3346.5,3348.44,3346.05,3347.95,300.0
2025-08-18 15:40:00,3347.96,3348.77,3347.36,3347.82,266.0
2025-08-18 15:45:00,3347.8,3347.92,3345.91,3346.35,254.0
2025-08-18 15:50:00,3346.37,3346.76,3344.11,3344.89,250.0
2025-08-18 15:55:00,3344.67,3345.9,3343.16,3344.63,365.0
2025-08-18 16:00:00,3344.53,3344.93,3342.25,3342.75,384.0
2025-08-18 16:05:00,3342.66,3344.5,3341.5,3341.53,353.0
2025-08-18 16:10:00,3341.64,3343.7,3341.06,3341.21,343.0
2025-08-18 16:15:00,3341.16,3342.49,3340.38,3341.97,338.0
2025-08-18 16:20:00,3342.0,3344.0,3341.7,3343.84,353.0
2025-08-18 16:25:00,3343.92,3344.17,3341.52,3343.04,325.0
2025-08-18 16:30:00,3342.99,3343.94,3340.16,3340.76,374.0
2025-08-18 16:35:00,3340.7,3341.36,3337.89,3338.55,373.0
2025-08-18 16:40:00,3338.65,3341.66,3337.9,3339.95,359.0
2025-08-18 16:45:00,3340.01,3340.1,3338.44,3339.14,333.0
2025-08-18 16:50:00,3339.02,3339.31,3337.17,3337.38,344.0
2025-08-18 16:55:00,3337.31,3337.79,3335.82,3336.81,385.0
2025-08-18 17:00:00,3336.73,3337.0,3332.44,3336.82,421.0
2025-08-18 17:05:00,3336.8,3338.34,3335.26,3335.51,388.0
2025-08-18 17:10:00,3335.45,3336.23,3333.41,3335.51,356.0
2025-08-18 17:15:00,3335.5,3336.65,3335.03,3336.17,330.0
2025-08-18 17:20:00,3336.24,3337.29,3335.04,3336.76,325.0
2025-08-18 17:25:00,3336.71,3337.2,3335.61,3335.82,309.0
2025-08-18 17:30:00,3335.7,3338.64,3335.36,3337.85,316.0
2025-08-18 17:35:00,3337.82,3338.2,3334.71,3336.48,316.0
2025-08-18 17:40:00,3336.5,3337.3,3335.58,3335.58,311.0
2025-08-18 17:45:00,3335.61,3335.89,3333.95,3335.5,350.0
2025-08-18 17:50:00,3335.53,3335.97,3332.93,3333.18,337.0
2025-08-18 17:55:00,3333.18,3334.71,3333.04,3334.3,316.0
2025-08-18 18:00:00,3334.59,3335.17,3332.64,3332.73,333.0
2025-08-18 18:05:00,3332.64,3334.11,3332.25,3333.89,324.0
2025-08-18 18:10:00,3333.92,3334.89,3332.88,3334.58,251.0
2025-08-18 18:15:00,3334.63,3335.29,3333.58,3333.93,231.0
2025-08-18 18:20:00,3333.88,3335.89,3333.44,3334.21,327.0
2025-08-18 18:25:00,3334.22,3335.03,3333.99,3334.65,252.0
2025-08-18 18:30:00,3334.67,3334.68,3333.22,3333.82,253.0
2025-08-18 18:35:00,3333.83,3335.62,3333.69,3335.43,222.0
2025-08-18 18:40:00,3335.46,3335.55,3334.69,3335.11,198.0
2025-08-18 18:45:00,3334.97,3336.4,3334.81,3336.4,238.0
2025-08-18 18:50:00,3336.29,3336.83,3334.01,3334.63,242.0
2025-08-18 18:55:00,3334.62,3336.05,3334.62,3335.64,203.0
2025-08-18 19:00:00,3335.75,3335.84,3333.31,3333.38,287.0
2025-08-18 19:05:00,3333.41,3333.41,3331.96,3333.12,270.0
2025-08-18 19:10:00,3333.13,3333.77,3332.25,3333.53,246.0
2025-08-18 19:15:00,3333.42,3333.42,3332.02,3332.49,222.0
2025-08-18 19:20:00,3332.42,3332.99,3331.85,3332.37,256.0
2025-08-18 19:25:00,3332.44,3332.86,3332.05,3332.45,209.0
2025-08-18 19:30:00,3332.54,3333.01,3331.76,3331.99,203.0
2025-08-18 19:35:00,3331.91,3334.59,3331.87,3334.4,251.0
2025-08-18 19:40:00,3334.41,3334.59,3332.56,3332.59,215.0
2025-08-18 19:45:00,3332.55,3333.27,3332.4,3333.04,251.0
2025-08-18 19:50:00,3332.98,3334.34,3332.93,3333.97,244.0
2025-08-18 19:55:00,3333.86,3334.48,3333.53,3334.31,269.0
2025-08-18 20:00:00,3334.33,3334.36,3331.75,3332.49,263.0
2025-08-18 20:05:00,3332.54,3333.72,3332.2,3333.3,216.0
2025-08-18 20:10:00,3333.29,3333.92,3332.84,3333.86,229.0
2025-08-18 20:15:00,3333.83,3334.12,3333.1,3333.11,231.0
2025-08-18 20:20:00,3333.15,3333.7,3332.31,3332.6,216.0
2025-08-18 20:25:00,3332.69,3333.15,3331.98,3332.58,249.0
2025-08-18 20:30:00,3332.58,3333.37,3332.37,3332.48,248.0
2025-08-18 20:35:00,3332.57,3333.68,3332.57,3333.58,185.0
2025-08-18 20:40:00,3333.63,3334.45,3333.06,3334.32,192.0
2025-08-18 20:45:00,3334.32,3334.86,3334.01,3334.52,175.0
2025-08-18 20:50:00,3334.53,3334.54,3332.87,3333.45,189.0
2025-08-18 20:55:00,3333.44,3334.26,3333.4,3333.69,141.0
2025-08-18 21:00:00,3333.6,3333.72,3332.87,3333.12,173.0
2025-08-18 21:05:00,3333.26,3333.76,3333.21,3333.41,148.0
2025-08-18 21:10:00,3333.37,3333.38,3332.77,3332.97,159.0
2025-08-18 21:15:00,3332.96,3333.11,3332.06,3332.12,137.0
2025-08-18 21:20:00,3332.2,3332.55,3332.04,3332.25,165.0
2025-08-18 21:25:00,3332.37,3333.19,3332.37,3332.96,200.0
2025-08-18 21:30:00,3332.94,3333.39,3332.37,3332.59,147.0
2025-08-18 21:35:00,3332.57,3332.57,3331.74,3331.86,159.0
2025-08-18 21:40:00,3332.01,3332.19,3331.44,3331.94,183.0
2025-08-18 21:45:00,3331.95,3332.47,3331.73,3332.03,165.0
2025-08-18 21:50:00,3332.02,3332.18,3331.56,3331.56,145.0
2025-08-18 21:55:00,3331.53,3332.15,3331.44,3331.85,155.0
2025-08-18 22:00:00,3332.01,3332.01,3331.49,3331.91,183.0
2025-08-18 22:05:00,3331.93,3331.96,3330.58,3330.59,185.0
2025-08-18 22:10:00,3330.62,3331.6,3330.24,3331.22,235.0
2025-08-18 22:15:00,3331.19,3332.2,3330.53,3330.91,247.0
2025-08-18 22:20:00,3330.8,3332.31,3330.8,3332.02,186.0
2025-08-18 22:25:00,3332.02,3332.28,3331.73,3331.84,197.0
2025-08-18 22:30:00,3331.81,3332.75,3331.81,3332.43,188.0
2025-08-18 22:35:00,3332.38,3332.56,3332.13,3332.25,203.0
2025-08-18 22:40:00,3332.2,3332.23,3331.33,3331.4,193.0
2025-08-18 22:45:00,3331.41,3332.81,3331.41,3332.62,214.0
2025-08-18 22:50:00,3332.67,3333.41,3332.67,3333.06,236.0
2025-08-18 22:55:00,3333.01,3334.55,3332.57,3333.94,268.0
2025-08-18 23:00:00,3333.91,3334.31,3333.26,3333.99,157.0
2025-08-18 23:05:00,3334.01,3334.17,3333.39,3333.52,89.0
2025-08-18 23:10:00,3333.53,3333.88,3333.37,3333.52,82.0
2025-08-18 23:15:00,3333.58,3333.64,3333.25,3333.64,72.0
2025-08-18 23:20:00,3333.68,3333.73,3333.31,3333.37,57.0
2025-08-18 23:25:00,3333.36,3333.61,3333.27,3333.31,83.0
2025-08-18 23:30:00,3333.33,3334.0,3333.23,3333.82,91.0
2025-08-18 23:35:00,3333.77,3333.77,3332.41,3333.12,73.0
2025-08-18 23:40:00,3333.12,3333.15,3332.67,3332.9,102.0
2025-08-18 23:45:00,3332.91,3333.09,3332.69,3332.79,93.0
2025-08-18 23:50:00,3332.79,3333.22,3332.79,3332.89,72.0
2025-08-19 01:05:00,3333.25,3334.35,3333.01,3333.49,158.0
2025-08-19 01:10:00,3333.47,3333.76,3332.9,3332.97,101.0
2025-08-19 01:15:00,3332.96,3333.42,3332.94,3333.42,98.0
2025-08-19 01:20:00,3333.43,3334.33,3333.36,3334.19,174.0
2025-08-19 01:25:00,3334.19,3334.58,3333.83,3333.83,125.0
2025-08-19 01:30:00,3333.8,3334.3,3333.55,3334.0,110.0
2025-08-19 01:35:00,3334.02,3334.09,3333.62,3333.76,86.0
2025-08-19 01:40:00,3333.78,3334.21,3333.32,3333.33,98.0
2025-08-19 01:45:00,3333.31,3333.35,3333.0,3333.31,82.0
2025-08-19 01:50:00,3333.37,3333.63,3333.3,3333.54,69.0
2025-08-19 01:55:00,3333.49,3334.43,3333.48,3334.43,110.0
2025-08-19 02:00:00,3334.47,3334.5,3333.72,3334.25,102.0
2025-08-19 02:05:00,3334.18,3334.45,3333.88,3334.42,75.0
2025-08-19 02:10:00,3334.45,3334.62,3333.5,3333.53,123.0
2025-08-19 02:15:00,3333.51,3333.58,3332.73,3333.4,133.0
2025-08-19 02:20:00,3333.35,3333.43,3332.76,3332.83,93.0
2025-08-19 02:25:00,3332.82,3332.88,3331.71,3332.25,150.0
2025-08-19 02:30:00,3332.25,3332.26,3331.41,3331.52,158.0
2025-08-19 02:35:00,3331.52,3332.57,3331.49,3332.42,143.0
2025-08-19 02:40:00,3332.43,3333.29,3332.0,3332.85,162.0
2025-08-19 02:45:00,3332.85,3332.85,3331.53,3331.77,157.0
2025-08-19 02:50:00,3331.76,3331.94,3330.7,3331.18,168.0
2025-08-19 02:55:00,3331.18,3331.83,3330.56,3330.95,210.0
2025-08-19 03:00:00,3330.97,3330.97,3326.04,3329.15,428.0
2025-08-19 03:05:00,3329.22,3333.45,3329.03,3333.19,368.0
2025-08-19 03:10:00,3333.27,3337.79,3332.62,3336.23,351.0
2025-08-19 03:15:00,3336.14,3339.14,3336.14,3338.4,295.0
2025-08-19 03:20:00,3338.36,3338.49,3335.68,3336.09,295.0
2025-08-19 03:25:00,3336.05,3338.37,3336.05,3337.2,286.0
2025-08-19 03:30:00,3337.25,3338.38,3336.7,3336.95,288.0
2025-08-19 03:35:00,3336.93,3338.05,3336.5,3336.51,241.0
2025-08-19 03:40:00,3336.47,3336.98,3334.9,3335.94,271.0
2025-08-19 03:45:00,3335.92,3336.29,3333.6,3333.96,270.0
2025-08-19 03:50:00,3333.9,3334.78,3332.7,3334.05,292.0
2025-08-19 03:55:00,3334.22,3335.31,3333.95,3335.15,274.0
2025-08-19 04:00:00,3335.15,3335.69,3331.73,3332.01,365.0
2025-08-19 04:05:00,3332.0,3333.73,3329.85,3331.61,331.0
2025-08-19 04:10:00,3331.62,3332.65,3330.39,3331.42,368.0
2025-08-19 04:15:00,3331.39,3333.34,3330.9,3333.34,327.0
2025-08-19 04:20:00,3333.24,3335.24,3332.8,3333.83,371.0
2025-08-19 04:25:00,3333.78,3334.48,3332.11,3332.53,290.0
2025-08-19 04:30:00,3332.54,3333.64,3330.95,3333.29,303.0
2025-08-19 04:35:00,3333.44,3334.05,3332.67,3333.24,308.0
2025-08-19 04:40:00,3333.19,3333.47,3331.98,3333.14,314.0
2025-08-19 04:45:00,3333.14,3335.97,3332.65,3333.12,345.0
2025-08-19 04:50:00,3333.1,3334.83,3333.1,3333.97,294.0
2025-08-19 04:55:00,3333.97,3334.35,3332.99,3332.99,314.0
2025-08-19 05:00:00,3332.89,3332.95,3329.71,3330.53,364.0
2025-08-19 05:05:00,3330.56,3332.68,3330.01,3332.08,308.0
2025-08-19 05:10:00,3332.11,3333.04,3331.09,3332.11,276.0
2025-08-19 05:15:00,3332.1,3332.8,3331.73,3332.13,249.0
2025-08-19 05:20:00,3332.12,3334.53,3332.04,3334.52,214.0
2025-08-19 05:25:00,3334.57,3334.75,3333.41,3333.57,266.0
2025-08-19 05:30:00,3333.77,3334.08,3333.15,3333.64,242.0
2025-08-19 05:35:00,3333.65,3334.77,3333.39,3333.5,202.0
2025-08-19 05:40:00,3333.51,3334.47,3333.3,3333.75,169.0
2025-08-19 05:45:00,3333.73,3334.74,3332.34,3334.74,251.0
2025-08-19 05:50:00,3334.71,3336.24,3334.71,3336.09,266.0
2025-08-19 05:55:00,3336.11,3338.08,3335.07,3337.83,297.0
2025-08-19 06:00:00,3338.06,3338.98,3337.53,3338.5,310.0
2025-08-19 06:05:00,3338.58,3339.98,3338.58,3339.87,289.0
2025-08-19 06:10:00,3339.85,3341.1,3338.46,3341.1,304.0
2025-08-19 06:15:00,3341.08,3341.37,3340.02,3340.86,294.0
2025-08-19 06:20:00,3340.77,3341.55,3340.61,3341.32,257.0
2025-08-19 06:25:00,3341.33,3341.58,3340.84,3340.98,238.0
2025-08-19 06:30:00,3340.97,3341.55,3339.53,3339.55,237.0
2025-08-19 06:35:00,3339.53,3339.63,3338.13,3338.73,262.0
2025-08-19 06:40:00,3338.74,3339.46,3338.01,3338.3,217.0
2025-08-19 06:45:00,3338.37,3338.51,3337.32,3337.38,182.0
2025-08-19 06:50:00,3337.41,3338.34,3337.41,3338.01,238.0
2025-08-19 06:55:00,3337.98,3338.24,3337.16,3337.81,222.0
2025-08-19 07:00:00,3337.83,3338.01,3337.09,3337.29,191.0
2025-08-19 07:05:00,3337.28,3337.51,3336.1,3337.27,208.0
2025-08-19 07:10:00,3337.25,3337.42,3336.88,3336.9,151.0
2025-08-19 07:15:00,3336.89,3337.32,3336.7,3337.0,178.0
2025-08-19 07:20:00,3337.03,3338.07,3336.86,3337.96,194.0
2025-08-19 07:25:00,3337.95,3337.97,3335.75,3336.32,173.0
2025-08-19 07:30:00,3336.32,3338.22,3336.14,3338.08,209.0
2025-08-19 07:35:00,3337.99,3338.0,3334.76,3335.41,274.0
2025-08-19 07:40:00,3335.51,3336.18,3334.46,3335.13,242.0
2025-08-19 07:45:00,3335.19,3335.86,3335.1,3335.44,172.0
2025-08-19 07:50:00,3335.43,3337.63,3335.18,3337.5,162.0
2025-08-19 07:55:00,3337.5,3337.92,3336.61,3337.68,181.0
2025-08-19 08:00:00,3337.57,3338.74,3337.5,3338.3,207.0
2025-08-19 08:05:00,3338.27,3338.61,3337.72,3337.88,168.0
2025-08-19 08:10:00,3337.83,3338.18,3337.51,3338.05,138.0
2025-08-19 08:15:00,3338.03,3338.03,3336.44,3337.21,182.0
2025-08-19 08:20:00,3337.25,3338.72,3336.61,3338.71,181.0
2025-08-19 08:25:00,3338.75,3340.64,3338.62,3339.91,315.0
2025-08-19 08:30:00,3339.94,3340.62,3338.64,3338.64,283.0
2025-08-19 08:35:00,3338.64,3338.9,3337.98,3338.45,234.0
2025-08-19 08:40:00,3338.49,3339.52,3338.49,3338.58,204.0
2025-08-19 08:45:00,3338.57,3339.23,3337.5,3338.17,287.0
2025-08-19 08:50:00,3338.15,3338.17,3336.26,3336.93,257.0
2025-08-19 08:55:00,3336.98,3337.04,3335.84,3336.18,260.0
2025-08-19 09:00:00,3336.02,3338.07,3335.13,3337.39,339.0
2025-08-19 09:05:00,3337.42,3338.05,3337.04,3337.72,246.0
2025-08-19 09:10:00,3337.7,3338.01,3337.1,3337.38,196.0
2025-08-19 09:15:00,3337.35,3338.01,3336.91,3337.93,196.0
2025-08-19 09:20:00,3337.88,3338.73,3336.29,3336.53,250.0
2025-08-19 09:25:00,3336.59,3337.08,3336.03,3336.52,240.0
2025-08-19 09:30:00,3336.5,3337.42,3335.92,3337.29,224.0
2025-08-19 09:35:00,3337.27,3337.34,3336.01,3336.09,232.0
2025-08-19 09:40:00,3336.08,3336.38,3334.66,3334.83,273.0
2025-08-19 09:45:00,3334.83,3336.5,3334.46,3336.28,300.0
2025-08-19 09:50:00,3336.28,3336.81,3335.7,3336.36,250.0
2025-08-19 09:55:00,3336.47,3336.81,3335.82,3335.99,243.0
2025-08-19 10:00:00,3336.0,3336.82,3335.02,3336.53,276.0
2025-08-19 10:05:00,3336.51,3341.27,3336.44,3341.06,371.0
2025-08-19 10:10:00,3340.98,3341.74,3338.48,3338.56,336.0
2025-08-19 10:15:00,3338.56,3341.23,3338.53,3340.25,309.0
2025-08-19 10:20:00,3340.29,3340.71,3338.89,3339.41,296.0
2025-08-19 10:25:00,3339.42,3340.49,3339.42,3339.79,275.0
2025-08-19 10:30:00,3339.8,3339.87,3338.1,3338.9,255.0
2025-08-19 10:35:00,3338.83,3339.55,3337.61,3338.96,282.0
2025-08-19 10:40:00,3338.97,3340.16,3338.3,3339.79,277.0
2025-08-19 10:45:00,3339.84,3340.47,3338.71,3339.29,248.0
2025-08-19 10:50:00,3339.28,3340.29,3338.66,3339.89,226.0
2025-08-19 10:55:00,3339.88,3340.89,3339.81,3340.75,225.0
2025-08-19 11:00:00,3340.75,3340.91,3338.64,3339.02,282.0
2025-08-19 11:05:00,3339.01,3339.01,3337.6,3337.96,235.0
2025-08-19 11:10:00,3337.95,3338.2,3336.77,3336.95,266.0
2025-08-19 11:15:00,3336.94,3338.5,3336.55,3338.38,295.0
2025-08-19 11:20:00,3338.34,3339.49,3338.25,3338.28,251.0
2025-08-19 11:25:00,3338.26,3339.38,3338.23,3338.66,209.0
2025-08-19 11:30:00,3338.67,3339.1,3337.68,3337.68,233.0
2025-08-19 11:35:00,3337.7,3338.95,3337.58,3338.07,229.0
2025-08-19 11:40:00,3338.26,3338.87,3337.69,3338.53,193.0
2025-08-19 11:45:00,3338.49,3339.4,3338.34,3338.88,200.0
2025-08-19 11:50:00,3338.9,3339.48,3338.48,3338.76,206.0
2025-08-19 11:55:00,3338.79,3338.97,3337.08,3338.0,242.0
2025-08-19 12:00:00,3338.02,3339.42,3337.51,3338.77,274.0
2025-08-19 12:05:00,3338.79,3338.81,3337.89,3338.22,209.0
2025-08-19 12:10:00,3338.2,3338.41,3337.34,3337.41,223.0
2025-08-19 12:15:00,3337.41,3338.15,3337.0,3338.01,217.0
2025-08-19 12:20:00,3338.03,3338.35,3337.56,3337.61,174.0
2025-08-19 12:25:00,3337.6,3338.16,3337.13,3337.9,191.0
2025-08-19 12:30:00,3337.75,3338.49,3337.37,3337.45,216.0
2025-08-19 12:35:00,3337.44,3338.02,3336.97,3337.47,166.0
2025-08-19 12:40:00,3337.5,3339.35,3337.49,3338.86,220.0
2025-08-19 12:45:00,3338.97,3339.5,3338.53,3338.95,186.0
2025-08-19 12:50:00,3338.93,3339.66,3338.84,3338.87,189.0
2025-08-19 12:55:00,3338.92,3339.47,3338.68,3339.35,210.0
2025-08-19 13:00:00,3339.34,3340.79,3339.28,3340.59,233.0
2025-08-19 13:05:00,3340.65,3342.56,3340.65,3341.71,275.0
2025-08-19 13:10:00,3341.65,3343.01,3341.41,3342.78,254.0
2025-08-19 13:15:00,3342.75,3344.82,3342.75,3343.94,287.0
2025-08-19 13:20:00,3343.99,3345.29,3343.78,3344.33,268.0
2025-08-19 13:25:00,3344.32,3344.48,3342.84,3343.82,279.0
2025-08-19 13:30:00,3343.8,3343.9,3343.06,3343.29,213.0
2025-08-19 13:35:00,3343.3,3343.54,3342.96,3343.35,193.0
2025-08-19 13:40:00,3343.36,3343.49,3342.23,3342.59,212.0
2025-08-19 13:45:00,3342.6,3343.26,3341.71,3343.05,217.0
2025-08-19 13:50:00,3342.9,3343.41,3342.53,3343.1,180.0
2025-08-19 13:55:00,3343.09,3344.05,3343.06,3343.51,235.0
2025-08-19 14:00:00,3343.63,3344.59,3342.95,3343.62,283.0
2025-08-19 14:05:00,3343.6,3344.75,3343.43,3344.52,230.0
2025-08-19 14:10:00,3344.5,3344.62,3342.78,3343.04,239.0
2025-08-19 14:15:00,3343.05,3343.08,3341.99,3342.47,210.0
2025-08-19 14:20:00,3342.46,3343.38,3342.2,3342.22,187.0
2025-08-19 14:25:00,3342.2,3342.36,3341.06,3341.71,194.0
2025-08-19 14:30:00,3341.73,3341.85,3341.25,3341.48,184.0
2025-08-19 14:35:00,3341.46,3341.95,3341.14,3341.17,215.0
2025-08-19 14:40:00,3341.16,3341.3,3339.27,3341.3,269.0
2025-08-19 14:45:00,3341.3,3342.21,3341.13,3342.02,266.0
2025-08-19 14:50:00,3342.0,3342.11,3339.69,3340.6,264.0
2025-08-19 14:55:00,3340.58,3340.95,3339.72,3339.73,255.0
2025-08-19 15:00:00,3339.74,3340.55,3339.04,3339.34,274.0
2025-08-19 15:05:00,3339.34,3339.39,3337.53,3337.55,303.0
2025-08-19 15:10:00,3337.66,3338.67,3336.8,3336.81,291.0
2025-08-19 15:15:00,3336.83,3339.14,3336.09,3338.79,302.0
2025-08-19 15:20:00,3339.23,3339.95,3337.3,3337.88,303.0
2025-08-19 15:25:00,3337.9,3338.67,3337.51,3338.07,226.0
2025-08-19 15:30:00,3337.96,3338.05,3335.79,3336.74,323.0
2025-08-19 15:35:00,3336.84,3337.83,3335.52,3336.35,325.0
2025-08-19 15:40:00,3336.3,3336.66,3334.57,3335.9,346.0
2025-08-19 15:45:00,3335.93,3337.28,3335.78,3336.92,266.0
2025-08-19 15:50:00,3336.93,3337.07,3334.91,3335.76,269.0
2025-08-19 15:55:00,3335.75,3335.85,3334.32,3334.73,302.0
2025-08-19 16:00:00,3334.84,3335.56,3333.56,3334.51,344.0
2025-08-19 16:05:00,3334.49,3334.99,3330.62,3330.62,367.0
2025-08-19 16:10:00,3330.65,3330.65,3325.71,3329.69,458.0
2025-08-19 16:15:00,3329.64,3332.43,3329.23,3330.21,430.0
2025-08-19 16:20:00,3330.38,3331.27,3328.68,3331.1,350.0
2025-08-19 16:25:00,3331.1,3332.87,3331.06,3331.72,328.0
2025-08-19 16:30:00,3331.77,3335.99,3331.6,3335.67,416.0
2025-08-19 16:35:00,3335.66,3337.87,3334.52,3335.82,420.0
2025-08-19 16:40:00,3335.7,3338.21,3335.52,3337.92,393.0
2025-08-19 16:45:00,3338.03,3339.21,3336.13,3336.47,392.0
2025-08-19 16:50:00,3336.0,3337.33,3334.99,3336.54,384.0
2025-08-19 16:55:00,3336.56,3337.36,3333.84,3333.95,336.0
2025-08-19 17:00:00,3334.26,3336.87,3332.21,3335.97,404.0
2025-08-19 17:05:00,3335.82,3336.96,3334.67,3336.83,338.0
2025-08-19 17:10:00,3336.82,3336.93,3333.93,3334.76,331.0
2025-08-19 17:15:00,3334.78,3336.27,3333.64,3335.44,342.0
2025-08-19 17:20:00,3335.61,3336.37,3334.51,3335.25,324.0
2025-08-19 17:25:00,3335.24,3335.68,3334.35,3335.48,313.0
2025-08-19 17:30:00,3335.5,3336.66,3331.95,3332.71,397.0
2025-08-19 17:35:00,3332.79,3333.07,3327.94,3328.53,414.0
2025-08-19 17:40:00,3328.43,3328.97,3325.5,3326.19,442.0
2025-08-19 17:45:00,3326.35,3326.97,3323.13,3323.83,443.0
2025-08-19 17:50:00,3323.78,3324.27,3321.01,3321.89,426.0
2025-08-19 17:55:00,3321.88,3325.63,3321.63,3325.28,413.0
2025-08-19 18:00:00,3325.67,3326.53,3321.88,3322.74,393.0
2025-08-19 18:05:00,3322.69,3324.04,3321.89,3323.12,364.0
2025-08-19 18:10:00,3323.04,3323.99,3321.58,3323.21,384.0
2025-08-19 18:15:00,3323.18,3325.03,3322.13,3324.44,344.0
2025-08-19 18:20:00,3324.35,3325.91,3324.24,3325.08,328.0
2025-08-19 18:25:00,3324.95,3326.74,3324.22,3324.22,332.0
2025-08-19 18:30:00,3324.11,3326.0,3324.1,3325.87,267.0
2025-08-19 18:35:00,3325.86,3326.16,3325.37,3325.77,263.0
2025-08-19 18:40:00,3325.77,3326.13,3322.53,3323.19,306.0
2025-08-19 18:45:00,3323.09,3323.78,3321.71,3322.48,295.0
2025-08-19 18:50:00,3322.33,3323.47,3322.07,3322.26,291.0
2025-08-19 18:55:00,3322.28,3323.08,3322.08,3322.64,247.0
2025-08-19 19:00:00,3322.68,3324.38,3322.58,3324.09,257.0
2025-08-19 19:05:00,3323.97,3324.4,3321.93,3322.22,277.0
2025-08-19 19:10:00,3322.18,3322.44,3320.55,3320.93,303.0
2025-08-19 19:15:00,3320.96,3322.68,3320.91,3321.74,278.0
2025-08-19 19:20:00,3321.77,3322.44,3319.74,3319.84,250.0
2025-08-19 19:25:00,3319.84,3320.26,3318.67,3319.46,301.0
2025-08-19 19:30:00,3319.48,3320.77,3318.38,3318.56,291.0
2025-08-19 19:35:00,3318.53,3319.13,3318.13,3318.51,275.0
2025-08-19 19:40:00,3318.56,3319.91,3318.12,3319.22,275.0
2025-08-19 19:45:00,3319.23,3320.51,3318.54,3318.7,290.0
2025-08-19 19:50:00,3318.66,3318.81,3317.04,3317.18,311.0
2025-08-19 19:55:00,3317.19,3318.64,3317.12,3317.45,282.0
2025-08-19 20:00:00,3317.42,3318.85,3316.86,3318.11,325.0
2025-08-19 20:05:00,3318.1,3318.97,3317.06,3318.34,294.0
2025-08-19 20:10:00,3318.32,3318.39,3317.43,3317.84,262.0
2025-08-19 20:15:00,3317.88,3318.5,3317.0,3317.0,265.0
2025-08-19 20:20:00,3317.02,3318.92,3317.01,3317.59,245.0
2025-08-19 20:25:00,3317.77,3318.2,3314.89,3315.53,329.0
2025-08-19 20:30:00,3315.53,3317.63,3315.53,3316.51,315.0
2025-08-19 20:35:00,3316.97,3318.17,3316.89,3317.47,255.0
2025-08-19 20:40:00,3317.27,3319.96,3317.2,3319.3,266.0
2025-08-19 20:45:00,3319.29,3319.29,3317.71,3318.15,254.0
2025-08-19 20:50:00,3318.19,3319.51,3317.99,3318.09,208.0
2025-08-19 20:55:00,3318.07,3318.13,3317.49,3317.5,209.0
2025-08-19 21:00:00,3317.49,3318.3,3316.97,3317.03,249.0
2025-08-19 21:05:00,3317.25,3317.78,3316.8,3317.45,235.0
2025-08-19 21:10:00,3317.47,3318.48,3317.32,3318.09,228.0
2025-08-19 21:15:00,3318.08,3319.04,3318.07,3318.74,230.0
2025-08-19 21:20:00,3318.75,3319.09,3318.37,3318.79,184.0
2025-08-19 21:25:00,3318.84,3318.94,3318.35,3318.94,188.0
2025-08-19 21:30:00,3318.93,3319.57,3318.72,3319.11,190.0
2025-08-19 21:35:00,3319.02,3319.27,3318.33,3318.95,204.0
2025-08-19 21:40:00,3318.96,3319.06,3318.15,3318.18,174.0
2025-08-19 21:45:00,3318.17,3320.25,3318.16,3320.2,194.0
2025-08-19 21:50:00,3320.09,3320.09,3318.25,3319.08,215.0
2025-08-19 21:55:00,3319.07,3319.07,3318.28,3318.52,232.0
2025-08-19 22:00:00,3318.52,3318.9,3318.12,3318.54,256.0
2025-08-19 22:05:00,3318.47,3318.49,3316.84,3316.84,222.0
2025-08-19 22:10:00,3316.83,3317.74,3316.58,3317.29,265.0
2025-08-19 22:15:00,3317.32,3318.11,3317.01,3318.05,186.0
2025-08-19 22:20:00,3318.0,3318.06,3316.97,3317.19,226.0
2025-08-19 22:25:00,3317.18,3317.4,3316.66,3316.98,230.0
2025-08-19 22:30:00,3317.08,3317.42,3316.27,3316.41,219.0
2025-08-19 22:35:00,3316.43,3316.54,3315.68,3315.81,207.0
2025-08-19 22:40:00,3315.76,3316.17,3315.54,3316.0,200.0
2025-08-19 22:45:00,3316.01,3316.73,3315.81,3316.64,192.0
2025-08-19 22:50:00,3316.65,3316.73,3316.09,3316.09,199.0
2025-08-19 22:55:00,3316.09,3316.59,3315.59,3315.9,251.0
2025-08-19 23:00:00,3315.83,3316.7,3315.83,3316.08,159.0
2025-08-19 23:05:00,3316.07,3316.29,3315.51,3315.92,101.0
2025-08-19 23:10:00,3315.97,3315.97,3315.37,3315.49,126.0
2025-08-19 23:15:00,3315.44,3316.12,3314.93,3316.0,186.0
2025-08-19 23:20:00,3316.01,3316.45,3315.7,3316.28,136.0
2025-08-19 23:25:00,3316.25,3316.95,3315.96,3316.69,131.0
2025-08-19 23:30:00,3316.74,3317.48,3316.65,3317.25,132.0
2025-08-19 23:35:00,3317.24,3317.24,3316.14,3316.34,149.0
2025-08-19 23:40:00,3316.45,3316.53,3315.78,3315.86,130.0
2025-08-19 23:45:00,3315.86,3315.88,3315.07,3315.47,141.0
2025-08-19 23:50:00,3315.47,3315.72,3315.12,3315.6,133.0
2025-08-20 01:05:00,3316.47,3317.59,3316.37,3316.39,117.0
2025-08-20 01:10:00,3316.39,3316.89,3315.85,3316.6,83.0
2025-08-20 01:15:00,3316.63,3317.1,3316.05,3316.39,115.0
2025-08-20 01:20:00,3316.38,3316.57,3316.05,3316.26,73.0
2025-08-20 01:25:00,3316.3,3317.34,3316.19,3317.12,90.0
2025-08-20 01:30:00,3317.12,3317.12,3316.44,3316.44,95.0
2025-08-20 01:35:00,3316.44,3316.61,3315.92,3316.28,120.0
2025-08-20 01:40:00,3316.28,3316.89,3316.25,3316.6,103.0
2025-08-20 01:45:00,3316.61,3316.64,3316.09,3316.25,109.0
2025-08-20 01:50:00,3316.27,3317.1,3315.77,3316.95,139.0
2025-08-20 01:55:00,3316.91,3317.44,3316.74,3316.86,143.0
2025-08-20 02:00:00,3316.8,3316.87,3315.04,3315.97,221.0
2025-08-20 02:05:00,3316.11,3316.56,3315.31,3315.79,145.0
2025-08-20 02:10:00,3315.76,3315.95,3315.2,3315.2,132.0
2025-08-20 02:15:00,3315.22,3315.48,3315.03,3315.24,125.0
2025-08-20 02:20:00,3315.17,3315.42,3315.04,3315.33,118.0
2025-08-20 02:25:00,3315.34,3315.97,3315.03,3315.55,171.0
2025-08-20 02:30:00,3315.52,3315.93,3315.14,3315.67,170.0
2025-08-20 02:35:00,3315.79,3316.69,3315.55,3316.0,144.0
2025-08-20 02:40:00,3316.0,3316.42,3315.15,3315.54,150.0
2025-08-20 02:45:00,3315.46,3315.65,3315.04,3315.11,97.0
2025-08-20 02:50:00,3315.11,3315.15,3312.78,3313.77,238.0
2025-08-20 02:55:00,3313.98,3315.3,3313.69,3314.25,263.0
2025-08-20 03:00:00,3314.23,3315.6,3313.41,3313.72,285.0
2025-08-20 03:05:00,3313.68,3315.12,3313.26,3315.03,271.0
2025-08-20 03:10:00,3315.04,3316.12,3313.81,3313.94,274.0
2025-08-20 03:15:00,3313.93,3314.92,3313.47,3313.47,200.0
2025-08-20 03:20:00,3313.38,3314.68,3313.24,3313.87,208.0
2025-08-20 03:25:00,3313.87,3314.86,3313.43,3313.74,228.0
2025-08-20 03:30:00,3313.69,3314.07,3312.98,3312.98,202.0
2025-08-20 03:35:00,3312.98,3313.69,3312.85,3313.19,188.0
2025-08-20 03:40:00,3313.18,3314.49,3313.03,3313.71,225.0
2025-08-20 03:45:00,3313.69,3315.8,3313.08,3315.76,254.0
2025-08-20 03:50:00,3315.73,3317.27,3314.83,3315.4,330.0
2025-08-20 03:55:00,3315.32,3316.88,3315.28,3315.99,324.0
2025-08-20 04:00:00,3316.04,3316.79,3313.66,3313.99,372.0
2025-08-20 04:05:00,3314.06,3314.06,3312.21,3313.71,328.0
2025-08-20 04:10:00,3313.96,3315.28,3312.23,3313.54,346.0
2025-08-20 04:15:00,3313.36,3315.26,3312.62,3315.03,317.0
2025-08-20 04:20:00,3315.03,3315.59,3314.26,3314.26,280.0
2025-08-20 04:25:00,3314.23,3314.26,3311.55,3312.05,355.0
2025-08-20 04:30:00,3311.99,3313.73,3311.57,3313.55,345.0
2025-08-20 04:35:00,3313.52,3314.68,3311.91,3314.47,338.0
2025-08-20 04:40:00,3314.49,3317.19,3314.49,3317.12,355.0
2025-08-20 04:45:00,3317.33,3317.76,3316.74,3316.88,350.0
2025-08-20 04:50:00,3316.91,3317.07,3315.04,3316.13,303.0
2025-08-20 04:55:00,3316.15,3316.45,3315.25,3315.25,262.0
2025-08-20 05:00:00,3315.22,3316.11,3314.32,3314.73,303.0
2025-08-20 05:05:00,3314.71,3315.46,3313.24,3313.24,303.0
2025-08-20 05:10:00,3313.23,3315.13,3313.12,3314.43,282.0
2025-08-20 05:15:00,3314.47,3315.56,3313.64,3314.94,250.0
2025-08-20 05:20:00,3314.93,3317.13,3314.57,3314.76,269.0
2025-08-20 05:25:00,3314.77,3315.99,3314.47,3314.65,216.0
2025-08-20 05:30:00,3314.54,3315.09,3314.16,3314.54,258.0
2025-08-20 05:35:00,3314.49,3315.43,3312.99,3314.73,296.0
2025-08-20 05:40:00,3314.77,3314.84,3312.68,3312.9,304.0
2025-08-20 05:45:00,3312.95,3314.18,3312.45,3314.12,270.0
2025-08-20 05:50:00,3314.1,3315.15,3313.81,3314.44,262.0
2025-08-20 05:55:00,3314.41,3314.92,3313.91,3314.07,225.0
2025-08-20 06:00:00,3314.03,3315.41,3314.03,3314.85,254.0
2025-08-20 06:05:00,3314.87,3317.35,3314.87,3317.32,307.0
2025-08-20 06:10:00,3317.31,3317.5,3316.22,3316.53,284.0
2025-08-20 06:15:00,3316.6,3317.53,3315.4,3317.25,304.0
2025-08-20 06:20:00,3317.19,3318.2,3316.69,3316.89,264.0
2025-08-20 06:25:00,3316.94,3317.68,3316.59,3317.34,272.0
2025-08-20 06:30:00,3317.3,3317.39,3316.65,3316.99,214.0
2025-08-20 06:35:00,3316.92,3318.2,3316.62,3318.14,237.0
2025-08-20 06:40:00,3318.13,3318.57,3317.44,3317.93,216.0
2025-08-20 06:45:00,3317.91,3318.26,3317.56,3317.75,221.0
2025-08-20 06:50:00,3317.78,3318.49,3317.6,3318.17,173.0
2025-08-20 06:55:00,3318.16,3318.37,3317.08,3317.53,164.0
2025-08-20 07:00:00,3317.5,3318.53,3317.17,3318.34,185.0
2025-08-20 07:05:00,3318.31,3318.82,3318.19,3318.74,185.0
2025-08-20 07:10:00,3318.8,3318.85,3317.81,3318.69,209.0
2025-08-20 07:15:00,3318.68,3319.39,3318.59,3319.21,159.0
2025-08-20 07:20:00,3319.22,3319.36,3318.18,3318.83,171.0
2025-08-20 07:25:00,3318.82,3319.45,3318.25,3318.44,150.0
2025-08-20 07:30:00,3318.47,3319.84,3318.3,3319.75,212.0
2025-08-20 07:35:00,3319.66,3320.63,3319.51,3320.48,224.0
2025-08-20 07:40:00,3320.66,3320.75,3319.91,3320.26,200.0
2025-08-20 07:45:00,3320.3,3320.93,3319.35,3319.8,243.0
2025-08-20 07:50:00,3319.77,3319.95,3318.98,3319.27,195.0
2025-08-20 07:55:00,3319.23,3319.3,3318.67,3318.69,192.0
2025-08-20 08:00:00,3318.7,3320.27,3318.69,3320.23,226.0
2025-08-20 08:05:00,3320.27,3320.44,3319.56,3319.97,189.0
2025-08-20 08:10:00,3319.94,3320.03,3318.94,3319.28,183.0
2025-08-20 08:15:00,3319.32,3319.4,3318.45,3318.55,215.0
2025-08-20 08:20:00,3318.58,3318.88,3318.16,3318.67,191.0
2025-08-20 08:25:00,3318.65,3319.02,3318.21,3318.61,159.0
2025-08-20 08:30:00,3318.83,3320.03,3318.47,3319.98,276.0
2025-08-20 08:35:00,3319.92,3321.37,3319.92,3320.88,288.0
2025-08-20 08:40:00,3320.82,3321.11,3319.64,3320.3,235.0
2025-08-20 08:45:00,3320.33,3321.22,3319.88,3320.55,214.0
2025-08-20 08:50:00,3320.57,3322.17,3320.31,3321.86,226.0
2025-08-20 08:55:00,3321.88,3324.21,3321.43,3323.51,262.0
2025-08-20 09:00:00,3323.43,3324.58,3322.66,3324.47,324.0
2025-08-20 09:05:00,3324.36,3324.72,3323.5,3324.33,334.0
2025-08-20 09:10:00,3324.38,3325.51,3324.36,3325.41,304.0
2025-08-20 09:15:00,3325.47,3325.91,3324.96,3325.61,308.0
2025-08-20 09:20:00,3325.62,3325.9,3323.43,3324.08,307.0
2025-08-20 09:25:00,3323.96,3324.54,3323.03,3323.49,274.0
2025-08-20 09:30:00,3323.54,3324.03,3323.12,3323.64,234.0
2025-08-20 09:35:00,3323.62,3324.16,3323.17,3323.89,232.0
2025-08-20 09:40:00,3323.96,3324.81,3323.91,3324.21,238.0
2025-08-20 09:45:00,3324.22,3324.52,3322.36,3323.04,298.0
2025-08-20 09:50:00,3323.03,3323.29,3322.22,3323.29,279.0
2025-08-20 09:55:00,3323.19,3323.52,3322.54,3323.05,251.0
2025-08-20 10:00:00,3323.15,3324.0,3321.63,3323.03,290.0
2025-08-20 10:05:00,3323.02,3324.69,3322.63,3324.69,248.0
2025-08-20 10:10:00,3324.68,3326.0,3324.68,3326.0,279.0
2025-08-20 10:15:00,3325.99,3327.56,3325.56,3327.41,282.0
2025-08-20 10:20:00,3327.24,3327.41,3324.6,3325.1,263.0
2025-08-20 10:25:00,3325.12,3325.42,3324.35,3324.56,253.0
2025-08-20 10:30:00,3324.55,3324.66,3323.72,3324.44,214.0
2025-08-20 10:35:00,3324.37,3325.27,3323.65,3325.12,238.0
2025-08-20 10:40:00,3325.09,3326.32,3324.59,3325.55,262.0
2025-08-20 10:45:00,3325.53,3326.55,3325.36,3325.91,253.0
2025-08-20 10:50:00,3325.91,3326.06,3323.97,3324.42,193.0
2025-08-20 10:55:00,3324.39,3325.37,3324.2,3324.83,239.0
2025-08-20 11:00:00,3324.8,3324.8,3323.5,3324.25,229.0
2025-08-20 11:05:00,3324.25,3324.87,3323.09,3324.19,248.0
2025-08-20 11:10:00,3324.26,3324.71,3322.95,3322.96,210.0
2025-08-20 11:15:00,3322.94,3323.63,3322.05,3322.27,242.0
2025-08-20 11:20:00,3322.32,3323.47,3321.7,3321.81,276.0
2025-08-20 11:25:00,3321.83,3322.79,3321.57,3321.6,267.0
2025-08-20 11:30:00,3321.65,3322.47,3321.35,3321.6,252.0
2025-08-20 11:35:00,3321.59,3323.05,3320.93,3323.05,275.0
2025-08-20 11:40:00,3323.15,3323.87,3322.97,3323.78,216.0
2025-08-20 11:45:00,3323.56,3323.99,3323.06,3323.39,228.0
2025-08-20 11:50:00,3323.38,3324.86,3323.09,3324.6,263.0
2025-08-20 11:55:00,3324.66,3325.59,3324.12,3324.89,216.0
2025-08-20 12:00:00,3324.95,3325.41,3323.52,3323.75,249.0
2025-08-20 12:05:00,3323.75,3326.84,3323.68,3326.53,273.0
2025-08-20 12:10:00,3326.51,3326.97,3326.0,3326.84,244.0
2025-08-20 12:15:00,3326.91,3327.26,3325.7,3326.29,249.0
2025-08-20 12:20:00,3326.3,3326.46,3325.45,3325.91,251.0
2025-08-20 12:25:00,3325.89,3327.35,3325.43,3325.51,231.0
2025-08-20 12:30:00,3325.43,3327.38,3325.41,3325.69,262.0
2025-08-20 12:35:00,3325.57,3326.69,3325.41,3326.36,230.0
2025-08-20 12:40:00,3326.37,3326.47,3325.59,3325.78,210.0
2025-08-20 12:45:00,3325.77,3326.39,3325.53,3326.12,203.0
2025-08-20 12:50:00,3326.12,3326.99,3326.0,3326.68,187.0
2025-08-20 12:55:00,3326.64,3327.22,3325.66,3326.19,305.0
2025-08-20 13:00:00,3326.16,3326.72,3325.77,3326.08,213.0
2025-08-20 13:05:00,3326.07,3326.6,3325.34,3326.42,197.0
2025-08-20 13:10:00,3326.38,3327.0,3325.6,3325.85,202.0
2025-08-20 13:15:00,3325.9,3326.44,3325.46,3325.72,240.0
2025-08-20 13:20:00,3325.73,3325.74,3323.87,3325.03,304.0
2025-08-20 13:25:00,3325.05,3326.81,3325.05,3326.81,299.0
2025-08-20 13:30:00,3326.83,3327.84,3326.83,3327.13,296.0
2025-08-20 13:35:00,3327.08,3327.49,3326.45,3326.97,228.0
2025-08-20 13:40:00,3326.99,3327.14,3326.1,3327.08,224.0
2025-08-20 13:45:00,3327.02,3327.52,3326.39,3326.99,249.0
2025-08-20 13:50:00,3327.02,3327.03,3325.5,3325.96,239.0
2025-08-20 13:55:00,3325.98,3326.59,3325.53,3326.59,208.0
2025-08-20 14:00:00,3326.4,3327.13,3325.75,3326.48,268.0
2025-08-20 14:05:00,3326.49,3328.51,3326.45,3328.35,311.0
2025-08-20 14:10:00,3328.34,3329.11,3327.39,3328.95,287.0
2025-08-20 14:15:00,3328.96,3330.45,3328.55,3329.13,317.0
2025-08-20 14:20:00,3329.12,3330.01,3328.63,3329.57,283.0
2025-08-20 14:25:00,3329.55,3331.17,3329.43,3330.85,298.0
2025-08-20 14:30:00,3330.58,3331.04,3329.9,3330.81,255.0
2025-08-20 14:35:00,3330.74,3331.63,3329.97,3330.53,300.0
2025-08-20 14:40:00,3330.52,3330.78,3328.97,3328.98,318.0
2025-08-20 14:45:00,3328.97,3330.25,3328.97,3330.05,266.0
2025-08-20 14:50:00,3329.97,3331.15,3329.77,3330.86,318.0
2025-08-20 14:55:00,3330.79,3332.89,3330.59,3332.29,346.0
2025-08-20 15:00:00,3332.42,3334.54,3332.12,3334.54,337.0
2025-08-20 15:05:00,3334.54,3334.82,3333.09,3334.3,347.0
2025-08-20 15:10:00,3334.32,3335.34,3333.31,3334.97,313.0
2025-08-20 15:15:00,3334.92,3336.66,3334.67,3336.46,294.0
2025-08-20 15:20:00,3336.67,3338.27,3335.79,3337.06,331.0
2025-08-20 15:25:00,3337.08,3338.3,3336.8,3337.91,357.0
2025-08-20 15:30:00,3338.11,3341.73,3337.59,3339.3,420.0
2025-08-20 15:35:00,3339.31,3340.4,3338.62,3340.06,380.0
2025-08-20 15:40:00,3340.0,3340.95,3338.74,3339.66,305.0
2025-08-20 15:45:00,3339.7,3341.68,3339.14,3341.04,313.0
2025-08-20 15:50:00,3341.03,3343.03,3340.85,3342.02,321.0
2025-08-20 15:55:00,3342.05,3344.8,3342.05,3342.9,342.0
2025-08-20 16:00:00,3342.82,3343.29,3340.83,3341.83,392.0
2025-08-20 16:05:00,3341.95,3342.43,3340.28,3342.42,363.0
2025-08-20 16:10:00,3342.41,3343.05,3341.32,3343.05,313.0
2025-08-20 16:15:00,3343.17,3343.76,3341.24,3341.24,313.0
2025-08-20 16:20:00,3341.21,3341.66,3339.71,3340.24,313.0
2025-08-20 16:25:00,3340.36,3340.64,3338.93,3340.55,294.0
2025-08-20 16:30:00,3340.77,3343.71,3340.51,3342.7,396.0
2025-08-20 16:35:00,3342.7,3343.42,3341.57,3342.19,343.0
2025-08-20 16:40:00,3342.3,3348.24,3341.85,3346.64,356.0
2025-08-20 16:45:00,3346.81,3346.85,3340.92,3340.96,417.0
2025-08-20 16:50:00,3341.11,3343.22,3340.33,3342.98,389.0
2025-08-20 16:55:00,3342.75,3345.84,3342.09,3344.86,380.0
2025-08-20 17:00:00,3344.9,3345.85,3342.08,3343.52,426.0
2025-08-20 17:05:00,3343.53,3344.02,3340.58,3341.16,313.0
2025-08-20 17:10:00,3341.31,3342.84,3340.87,3342.1,311.0
2025-08-20 17:15:00,3342.13,3342.91,3339.99,3342.86,370.0
2025-08-20 17:20:00,3342.83,3343.11,3341.79,3342.45,322.0
2025-08-20 17:25:00,3342.38,3344.66,3341.55,3344.35,341.0
2025-08-20 17:30:00,3344.52,3346.39,3344.2,3345.78,352.0
2025-08-20 17:35:00,3345.79,3346.86,3344.66,3346.39,322.0
2025-08-20 17:40:00,3346.43,3346.44,3345.4,3346.2,278.0
2025-08-20 17:45:00,3346.21,3350.19,3345.71,3349.35,319.0
2025-08-20 17:50:00,3349.19,3349.29,3346.51,3347.55,390.0
2025-08-20 17:55:00,3347.54,3348.41,3346.76,3346.91,343.0
2025-08-20 18:00:00,3346.88,3346.95,3344.92,3345.24,333.0
2025-08-20 18:05:00,3345.19,3345.4,3342.84,3342.88,253.0
2025-08-20 18:10:00,3343.0,3344.21,3342.12,3342.79,343.0
2025-08-20 18:15:00,3342.83,3343.07,3341.36,3342.38,309.0
2025-08-20 18:20:00,3342.48,3342.5,3340.6,3340.6,314.0
2025-08-20 18:25:00,3340.62,3341.32,3339.58,3341.23,296.0
2025-08-20 18:30:00,3341.24,3341.7,3339.98,3339.98,300.0
2025-08-20 18:35:00,3339.95,3342.36,3339.95,3341.78,277.0
2025-08-20 18:40:00,3341.77,3342.96,3340.2,3340.48,189.0
2025-08-20 18:45:00,3340.53,3341.58,3340.37,3340.47,201.0
2025-08-20 18:50:00,3340.32,3340.32,3338.95,3339.04,264.0
2025-08-20 18:55:00,3339.13,3341.04,3339.0,3340.68,230.0
2025-08-20 19:00:00,3340.69,3343.56,3340.69,3343.16,258.0
2025-08-20 19:05:00,3343.16,3343.41,3342.25,3343.02,227.0
2025-08-20 19:10:00,3342.99,3343.87,3342.45,3343.28,244.0
2025-08-20 19:15:00,3343.27,3345.88,3343.24,3344.21,297.0
2025-08-20 19:20:00,3344.2,3344.35,3342.77,3342.81,241.0
2025-08-20 19:25:00,3342.89,3343.95,3342.8,3343.7,230.0
2025-08-20 19:30:00,3343.68,3344.78,3343.68,3344.78,238.0
2025-08-20 19:35:00,3344.79,3344.91,3343.99,3344.23,210.0
2025-08-20 19:40:00,3344.25,3345.55,3343.84,3345.54,217.0
2025-08-20 19:45:00,3345.53,3345.57,3344.35,3344.39,202.0
2025-08-20 19:50:00,3344.33,3344.69,3344.07,3344.65,212.0
2025-08-20 19:55:00,3344.83,3345.98,3344.83,3345.11,224.0
2025-08-20 20:00:00,3345.12,3345.53,3344.83,3345.36,221.0
2025-08-20 20:05:00,3345.37,3345.81,3344.18,3344.6,218.0
2025-08-20 20:10:00,3344.61,3346.22,3344.07,3346.06,254.0
2025-08-20 20:15:00,3346.08,3346.08,3345.36,3345.64,237.0
2025-08-20 20:20:00,3345.66,3346.17,3345.26,3345.58,215.0
2025-08-20 20:25:00,3345.52,3346.31,3345.33,3345.55,250.0
2025-08-20 20:30:00,3345.61,3346.27,3345.22,3345.53,255.0
2025-08-20 20:35:00,3345.54,3345.78,3345.21,3345.78,233.0
2025-08-20 20:40:00,3345.79,3346.25,3345.33,3346.07,187.0
2025-08-20 20:45:00,3346.1,3346.59,3345.49,3346.47,180.0
2025-08-20 20:50:00,3346.41,3348.05,3346.39,3347.65,231.0
2025-08-20 20:55:00,3347.63,3347.67,3346.75,3346.89,212.0
2025-08-20 21:00:00,3347.06,3347.14,3344.14,3344.85,305.0
2025-08-20 21:05:00,3344.85,3345.0,3344.12,3344.47,256.0
2025-08-20 21:10:00,3344.49,3345.61,3344.32,3344.76,201.0
2025-08-20 21:15:00,3344.69,3345.3,3344.45,3344.62,230.0
2025-08-20 21:20:00,3344.63,3345.01,3344.21,3344.36,208.0
2025-08-20 21:25:00,3344.37,3345.18,3344.02,3344.21,213.0
2025-08-20 21:30:00,3344.17,3345.49,3344.16,3345.37,206.0
2025-08-20 21:35:00,3345.35,3346.33,3344.95,3345.8,206.0
2025-08-20 21:40:00,3345.84,3345.93,3344.87,3345.31,194.0
2025-08-20 21:45:00,3345.3,3345.83,3345.23,3345.64,191.0
2025-08-20 21:50:00,3345.64,3346.2,3345.18,3345.73,201.0
2025-08-20 21:55:00,3345.75,3345.93,3345.45,3345.69,186.0
2025-08-20 22:00:00,3345.69,3346.27,3345.1,3345.31,206.0
2025-08-20 22:05:00,3345.32,3346.74,3345.24,3346.74,179.0
2025-08-20 22:10:00,3346.73,3348.04,3346.73,3347.87,220.0
2025-08-20 22:15:00,3347.78,3348.55,3347.75,3348.23,239.0
2025-08-20 22:20:00,3348.35,3349.09,3348.35,3348.98,220.0
2025-08-20 22:25:00,3349.02,3349.21,3348.42,3348.58,197.0
2025-08-20 22:30:00,3348.57,3349.03,3347.84,3347.92,167.0
2025-08-20 22:35:00,3347.93,3348.14,3347.73,3347.95,183.0
2025-08-20 22:40:00,3347.95,3348.37,3347.44,3348.1,198.0
2025-08-20 22:45:00,3348.1,3349.02,3348.01,3348.72,226.0
2025-08-20 22:50:00,3348.74,3348.96,3348.25,3348.83,258.0
2025-08-20 22:55:00,3348.71,3349.16,3348.17,3348.69,280.0
2025-08-20 23:00:00,3348.59,3348.9,3347.67,3348.83,158.0
2025-08-20 23:05:00,3348.83,3348.87,3347.64,3347.78,156.0
2025-08-20 23:10:00,3347.79,3348.2,3347.53,3347.67,120.0
2025-08-20 23:15:00,3347.7,3348.12,3347.7,3347.88,144.0
2025-08-20 23:20:00,3347.86,3348.45,3347.44,3348.44,133.0
2025-08-20 23:25:00,3348.45,3349.08,3348.45,3349.08,117.0
2025-08-20 23:30:00,3349.08,3349.22,3348.09,3348.66,154.0
2025-08-20 23:35:00,3348.62,3349.04,3348.42,3348.86,134.0
2025-08-20 23:40:00,3348.85,3348.85,3348.29,3348.64,100.0
2025-08-20 23:45:00,3348.54,3348.54,3348.07,3348.43,102.0
2025-08-20 23:50:00,3348.39,3348.52,3347.47,3347.8,182.0
2025-08-21 01:05:00,3351.04,3352.06,3350.96,3351.54,176.0
2025-08-21 01:10:00,3351.5,3351.64,3350.73,3350.94,140.0
2025-08-21 01:15:00,3350.94,3351.41,3349.99,3350.22,160.0
2025-08-21 01:20:00,3350.25,3350.36,3348.77,3348.95,150.0
2025-08-21 01:25:00,3349.12,3350.53,3349.08,3350.12,205.0
2025-08-21 01:30:00,3350.11,3350.94,3349.21,3350.88,151.0
2025-08-21 01:35:00,3350.89,3351.18,3350.14,3350.35,152.0
2025-08-21 01:40:00,3350.22,3350.9,3350.02,3350.12,151.0
2025-08-21 01:45:00,3350.17,3350.54,3349.91,3350.23,143.0
2025-08-21 01:50:00,3350.22,3350.42,3349.67,3350.17,137.0
2025-08-21 01:55:00,3350.17,3350.22,3349.53,3349.66,136.0
2025-08-21 02:00:00,3349.57,3349.59,3348.63,3348.65,127.0
2025-08-21 02:05:00,3348.71,3348.71,3347.47,3347.87,211.0
2025-08-21 02:10:00,3347.87,3348.85,3347.31,3347.82,214.0
2025-08-21 02:15:00,3347.81,3348.14,3347.18,3347.63,166.0
2025-08-21 02:20:00,3347.64,3348.22,3347.2,3348.19,165.0
2025-08-21 02:25:00,3348.18,3348.46,3347.7,3347.92,159.0
2025-08-21 02:30:00,3347.93,3348.35,3347.58,3348.22,133.0
2025-08-21 02:35:00,3348.21,3348.21,3346.69,3346.81,171.0
2025-08-21 02:40:00,3346.78,3347.52,3346.69,3346.69,131.0
2025-08-21 02:45:00,3346.69,3347.15,3346.32,3346.56,200.0
2025-08-21 02:50:00,3346.56,3347.97,3346.51,3347.31,185.0
2025-08-21 02:55:00,3347.33,3347.43,3346.49,3346.86,197.0
2025-08-21 03:00:00,3346.86,3346.86,3344.93,3345.27,276.0
2025-08-21 03:05:00,3345.29,3345.55,3344.23,3344.51,237.0
2025-08-21 03:10:00,3344.51,3344.7,3344.14,3344.64,211.0
2025-08-21 03:15:00,3344.64,3345.5,3344.57,3344.95,198.0
2025-08-21 03:20:00,3345.01,3345.08,3342.85,3343.79,230.0
2025-08-21 03:25:00,3343.73,3343.86,3342.42,3343.82,282.0
2025-08-21 03:30:00,3343.83,3343.83,3343.07,3343.2,193.0
2025-08-21 03:35:00,3343.2,3343.53,3342.54,3343.04,161.0
2025-08-21 03:40:00,3343.02,3343.96,3342.76,3343.96,210.0
2025-08-21 03:45:00,3343.96,3343.97,3342.9,3342.9,240.0
2025-08-21 03:50:00,3342.86,3343.21,3341.44,3342.59,317.0
2025-08-21 03:55:00,3342.73,3343.05,3341.86,3342.3,247.0
2025-08-21 04:00:00,3342.36,3342.64,3340.99,3342.1,334.0
2025-08-21 04:05:00,3342.12,3342.23,3340.79,3341.41,235.0
2025-08-21 04:10:00,3341.43,3343.87,3341.43,3343.87,233.0
2025-08-21 04:15:00,3343.86,3344.68,3342.55,3342.77,334.0
2025-08-21 04:20:00,3342.85,3343.18,3341.76,3342.15,248.0
2025-08-21 04:25:00,3342.21,3342.9,3341.72,3342.81,207.0
2025-08-21 04:30:00,3342.78,3344.62,3341.59,3344.54,292.0
2025-08-21 04:35:00,3344.61,3346.11,3344.34,3345.57,294.0
2025-08-21 04:40:00,3345.48,3346.35,3344.17,3344.68,287.0
2025-08-21 04:45:00,3344.58,3344.97,3343.24,3343.85,276.0
2025-08-21 04:50:00,3343.84,3344.67,3343.76,3343.76,216.0
2025-08-21 04:55:00,3343.69,3344.09,3342.62,3342.75,237.0
2025-08-21 05:00:00,3342.73,3342.75,3341.61,3342.6,245.0
2025-08-21 05:05:00,3342.64,3344.01,3342.64,3343.1,233.0
2025-08-21 05:10:00,3343.02,3344.07,3342.93,3343.07,230.0
2025-08-21 05:15:00,3343.04,3343.23,3341.7,3341.84,226.0
2025-08-21 05:20:00,3341.83,3342.0,3340.76,3341.13,223.0
2025-08-21 05:25:00,3341.13,3341.42,3340.41,3341.15,188.0
2025-08-21 05:30:00,3341.34,3342.25,3341.17,3342.12,232.0
2025-08-21 05:35:00,3342.19,3342.38,3341.43,3341.69,223.0
2025-08-21 05:40:00,3341.71,3342.32,3341.17,3341.96,214.0
2025-08-21 05:45:00,3342.0,3343.37,3341.94,3343.26,230.0
2025-08-21 05:50:00,3343.3,3345.0,3343.23,3344.53,262.0
2025-08-21 05:55:00,3344.53,3344.84,3343.83,3344.63,259.0
2025-08-21 06:00:00,3344.59,3344.69,3343.69,3344.31,183.0
2025-08-21 06:05:00,3344.3,3344.5,3342.95,3343.35,191.0
2025-08-21 06:10:00,3343.35,3344.43,3343.35,3343.96,188.0
2025-08-21 06:15:00,3343.94,3344.49,3343.43,3343.53,181.0
2025-08-21 06:20:00,3343.5,3344.81,3343.18,3343.63,218.0
2025-08-21 06:25:00,3343.7,3343.96,3342.81,3342.84,201.0
2025-08-21 06:30:00,3342.77,3343.17,3342.22,3342.66,188.0
2025-08-21 06:35:00,3342.6,3343.05,3341.88,3343.04,169.0
2025-08-21 06:40:00,3343.03,3343.04,3342.17,3342.38,140.0
2025-08-21 06:45:00,3342.39,3343.01,3340.81,3340.81,199.0
2025-08-21 06:50:00,3340.83,3341.01,3339.74,3339.97,245.0
2025-08-21 06:55:00,3339.93,3340.74,3339.79,3339.9,197.0
2025-08-21 07:00:00,3339.87,3340.4,3339.37,3340.06,189.0
2025-08-21 07:05:00,3340.3,3340.45,3340.04,3340.3,171.0
2025-08-21 07:10:00,3340.32,3340.47,3339.77,3339.79,126.0
2025-08-21 07:15:00,3339.78,3339.87,3339.17,3339.68,168.0
2025-08-21 07:20:00,3339.65,3339.89,3339.07,3339.64,153.0
2025-08-21 07:25:00,3339.65,3340.01,3338.67,3339.98,196.0
2025-08-21 07:30:00,3339.96,3341.0,3339.96,3340.63,204.0
2025-08-21 07:35:00,3340.6,3340.83,3338.72,3338.74,123.0
2025-08-21 07:40:00,3338.69,3339.09,3338.59,3338.75,172.0
2025-08-21 07:45:00,3338.76,3339.09,3338.28,3338.44,142.0
2025-08-21 07:50:00,3338.45,3338.94,3338.19,3338.48,139.0
2025-08-21 07:55:00,3338.41,3338.51,3338.0,3338.27,155.0
2025-08-21 08:00:00,3338.28,3338.51,3337.47,3338.4,178.0
2025-08-21 08:05:00,3338.41,3338.41,3337.39,3337.62,150.0
2025-08-21 08:10:00,3337.7,3337.78,3337.02,3337.18,182.0
2025-08-21 08:15:00,3337.33,3339.21,3337.14,3339.19,209.0
2025-08-21 08:20:00,3339.18,3339.93,3338.43,3338.49,203.0
2025-08-21 08:25:00,3338.47,3339.23,3337.82,3338.83,205.0
2025-08-21 08:30:00,3339.24,3340.63,3338.92,3340.15,274.0
2025-08-21 08:35:00,3340.46,3340.53,3338.89,3339.57,202.0
2025-08-21 08:40:00,3339.59,3339.94,3338.66,3339.15,214.0
2025-08-21 08:45:00,3339.14,3340.22,3339.04,3340.13,182.0
2025-08-21 08:50:00,3340.14,3340.18,3338.68,3339.83,220.0
2025-08-21 08:55:00,3339.77,3339.85,3338.73,3338.83,182.0
2025-08-21 09:00:00,3338.76,3339.84,3337.92,3338.48,251.0
2025-08-21 09:05:00,3338.5,3339.55,3338.28,3338.53,267.0
2025-08-21 09:10:00,3338.52,3339.39,3337.97,3338.35,283.0
2025-08-21 09:15:00,3338.36,3338.46,3336.83,3337.53,289.0
2025-08-21 09:20:00,3337.28,3337.82,3335.26,3335.55,322.0
2025-08-21 09:25:00,3335.53,3336.03,3334.29,3334.56,292.0
2025-08-21 09:30:00,3334.61,3335.98,3334.5,3335.98,283.0
2025-08-21 09:35:00,3335.98,3337.76,3335.84,3337.74,252.0
2025-08-21 09:40:00,3337.73,3337.91,3336.92,3337.41,226.0
2025-08-21 09:45:00,3337.4,3337.4,3336.04,3336.24,200.0
2025-08-21 09:50:00,3336.23,3336.43,3335.25,3335.77,204.0
2025-08-21 09:55:00,3335.8,3336.8,3335.22,3336.51,251.0
2025-08-21 10:00:00,3336.58,3337.18,3335.28,3336.31,269.0
2025-08-21 10:05:00,3336.35,3337.75,3336.0,3337.02,259.0
2025-08-21 10:10:00,3337.03,3338.81,3336.8,3338.8,218.0
2025-08-21 10:15:00,3339.02,3339.23,3337.0,3337.5,267.0
2025-08-21 10:20:00,3337.53,3338.34,3337.02,3338.07,245.0
2025-08-21 10:25:00,3338.03,3338.17,3337.26,3337.85,218.0
2025-08-21 10:30:00,3337.95,3338.84,3337.18,3338.33,229.0
2025-08-21 10:35:00,3338.34,3340.61,3337.99,3339.48,274.0
2025-08-21 10:40:00,3339.47,3340.03,3339.15,3339.9,237.0
2025-08-21 10:45:00,3339.86,3340.93,3339.86,3340.67,252.0
2025-08-21 10:50:00,3340.35,3341.47,3339.98,3340.94,225.0
2025-08-21 10:55:00,3340.93,3341.21,3338.68,3339.6,218.0
2025-08-21 11:00:00,3339.64,3340.44,3338.97,3339.79,221.0
2025-08-21 11:05:00,3339.78,3340.09,3339.41,3340.09,170.0
2025-08-21 11:10:00,3340.05,3340.5,3339.25,3340.3,196.0
2025-08-21 11:15:00,3340.29,3340.45,3339.78,3339.94,188.0
2025-08-21 11:20:00,3339.93,3340.7,3339.3,3339.48,148.0
2025-08-21 11:25:00,3339.39,3340.16,3339.28,3339.95,178.0
2025-08-21 11:30:00,3340.11,3340.95,3339.87,3340.87,208.0
2025-08-21 11:35:00,3340.87,3340.95,3339.74,3339.92,155.0
2025-08-21 11:40:00,3339.85,3339.96,3338.67,3338.85,181.0
2025-08-21 11:45:00,3338.86,3338.98,3337.9,3338.29,228.0
2025-08-21 11:50:00,3338.64,3340.48,3338.55,3340.47,255.0
2025-08-21 11:55:00,3340.49,3341.33,3339.47,3339.62,255.0
2025-08-21 12:00:00,3339.55,3339.68,3338.02,3338.83,218.0
2025-08-21 12:05:00,3338.84,3340.29,3338.79,3340.29,190.0
2025-08-21 12:10:00,3340.35,3340.63,3339.58,3340.47,201.0
2025-08-21 12:15:00,3340.46,3340.65,3339.07,3339.11,205.0
2025-08-21 12:20:00,3339.12,3339.39,3338.49,3338.87,207.0
2025-08-21 12:25:00,3338.85,3339.55,3338.64,3339.4,158.0
2025-08-21 12:30:00,3339.32,3339.97,3338.89,3339.28,157.0
2025-08-21 12:35:00,3339.27,3339.42,3338.55,3339.37,197.0
2025-08-21 12:40:00,3339.39,3340.37,3339.16,3339.36,210.0
2025-08-21 12:45:00,3339.44,3340.86,3339.44,3340.81,189.0
2025-08-21 12:50:00,3340.81,3342.12,3340.05,3340.17,229.0
2025-08-21 12:55:00,3340.12,3340.97,3339.57,3340.61,219.0
2025-08-21 13:00:00,3340.62,3341.5,3339.69,3340.16,189.0
2025-08-21 13:05:00,3340.3,3340.82,3339.78,3339.78,147.0
2025-08-21 13:10:00,3339.78,3340.71,3339.09,3340.39,180.0
2025-08-21 13:15:00,3340.31,3340.54,3339.45,3339.78,151.0
2025-08-21 13:20:00,3339.77,3340.0,3339.11,3339.17,147.0
2025-08-21 13:25:00,3339.13,3339.6,3338.56,3339.54,187.0
2025-08-21 13:30:00,3339.4,3339.4,3336.89,3337.13,207.0
2025-08-21 13:35:00,3337.13,3337.13,3333.34,3333.62,270.0
2025-08-21 13:40:00,3333.67,3333.67,3329.01,3330.52,418.0
2025-08-21 13:45:00,3330.49,3331.66,3328.83,3331.45,355.0
2025-08-21 13:50:00,3331.47,3331.6,3329.06,3329.06,271.0
2025-08-21 13:55:00,3329.04,3329.83,3327.55,3328.4,350.0
2025-08-21 14:00:00,3328.95,3329.67,3325.17,3326.3,390.0
2025-08-21 14:05:00,3326.3,3328.91,3326.27,3327.83,283.0
2025-08-21 14:10:00,3327.83,3329.49,3326.88,3329.45,305.0
2025-08-21 14:15:00,3329.46,3329.91,3328.86,3329.39,266.0
2025-08-21 14:20:00,3329.75,3331.05,3329.46,3330.87,289.0
2025-08-21 14:25:00,3330.89,3332.77,3330.84,3331.05,311.0
2025-08-21 14:30:00,3331.06,3331.76,3330.16,3330.63,265.0
2025-08-21 14:35:00,3330.69,3333.05,3330.69,3332.96,273.0
2025-08-21 14:40:00,3333.02,3334.23,3332.7,3333.74,291.0
2025-08-21 14:45:00,3333.72,3333.84,3332.24,3332.7,265.0
2025-08-21 14:50:00,3332.59,3334.13,3332.54,3334.09,242.0
2025-08-21 14:55:00,3334.09,3334.36,3332.78,3333.6,280.0
2025-08-21 15:00:00,3333.59,3338.3,3333.59,3337.9,325.0
2025-08-21 15:05:00,3337.94,3341.08,3337.75,3341.08,378.0
2025-08-21 15:10:00,3340.98,3342.76,3340.7,3341.44,329.0
2025-08-21 15:15:00,3341.45,3342.14,3339.64,3339.64,352.0
2025-08-21 15:20:00,3339.65,3340.74,3337.89,3338.12,384.0
2025-08-21 15:25:00,3338.09,3338.21,3336.39,3337.83,335.0
2025-08-21 15:30:00,3338.88,3344.67,3336.7,3344.67,443.0
2025-08-21 15:35:00,3344.89,3345.04,3340.79,3340.98,393.0
2025-08-21 15:40:00,3341.04,3343.27,3339.1,3339.18,331.0
2025-08-21 15:45:00,3339.21,3343.24,3337.85,3342.15,375.0
2025-08-21 15:50:00,3342.13,3342.22,3338.82,3340.19,329.0
2025-08-21 15:55:00,3340.28,3341.96,3339.65,3341.96,291.0
2025-08-21 16:00:00,3341.88,3343.49,3340.93,3341.61,381.0
2025-08-21 16:05:00,3341.56,3342.07,3339.2,3341.65,357.0
2025-08-21 16:10:00,3341.69,3342.83,3340.45,3342.22,329.0
2025-08-21 16:15:00,3342.19,3344.79,3341.37,3344.64,342.0
2025-08-21 16:20:00,3344.58,3345.45,3343.91,3344.22,357.0
2025-08-21 16:25:00,3344.36,3345.29,3343.06,3345.27,335.0
2025-08-21 16:30:00,3345.44,3347.42,3345.43,3346.79,406.0
2025-08-21 16:35:00,3346.82,3347.38,3344.82,3346.32,389.0
2025-08-21 16:40:00,3346.38,3346.57,3345.11,3345.26,332.0
2025-08-21 16:45:00,3341.09,3341.36,3336.25,3340.41,462.0
2025-08-21 16:50:00,3340.53,3341.0,3337.64,3338.12,435.0
2025-08-21 16:55:00,3338.09,3339.77,3337.45,3339.35,376.0
2025-08-21 17:00:00,3339.44,3342.38,3337.96,3339.56,429.0
2025-08-21 17:05:00,3339.5,3343.47,3339.24,3342.72,413.0
2025-08-21 17:10:00,3342.6,3345.43,3342.54,3344.88,371.0
2025-08-21 17:15:00,3344.82,3344.99,3343.21,3344.22,336.0
2025-08-21 17:20:00,3344.08,3345.02,3342.4,3344.58,388.0
2025-08-21 17:25:00,3344.67,3345.55,3344.07,3344.8,361.0
2025-08-21 17:30:00,3344.79,3346.21,3344.79,3345.8,348.0
2025-08-21 17:35:00,3345.9,3348.06,3344.82,3347.09,368.0
2025-08-21 17:40:00,3347.11,3347.15,3342.65,3342.77,382.0
2025-08-21 17:45:00,3342.95,3343.54,3341.57,3342.42,331.0
2025-08-21 17:50:00,3342.59,3344.15,3341.99,3343.99,307.0
2025-08-21 17:55:00,3343.98,3344.7,3342.79,3344.21,322.0
2025-08-21 18:00:00,3344.44,3345.24,3342.09,3342.23,308.0
2025-08-21 18:05:00,3342.22,3342.36,3340.22,3341.25,355.0
2025-08-21 18:10:00,3341.37,3342.02,3338.61,3338.63,355.0
2025-08-21 18:15:00,3338.71,3339.79,3337.57,3339.45,354.0
2025-08-21 18:20:00,3339.48,3340.31,3338.37,3339.43,331.0
2025-08-21 18:25:00,3339.47,3344.67,3339.29,3342.98,347.0
2025-08-21 18:30:00,3343.15,3344.09,3341.32,3343.26,372.0
2025-08-21 18:35:00,3343.26,3345.86,3342.85,3345.0,343.0
2025-08-21 18:40:00,3344.96,3345.93,3344.0,3345.63,320.0
2025-08-21 18:45:00,3345.68,3346.14,3344.45,3344.8,285.0
2025-08-21 18:50:00,3344.76,3344.86,3343.22,3343.42,286.0
2025-08-21 18:55:00,3343.44,3343.89,3343.04,3343.55,236.0
2025-08-21 19:00:00,3343.58,3343.87,3342.18,3342.79,250.0
2025-08-21 19:05:00,3342.76,3343.53,3341.68,3343.52,243.0
2025-08-21 19:10:00,3343.43,3343.71,3341.61,3341.87,279.0
2025-08-21 19:15:00,3341.86,3342.22,3340.52,3341.25,249.0
2025-08-21 19:20:00,3341.26,3341.83,3340.25,3340.37,216.0
2025-08-21 19:25:00,3340.35,3341.2,3340.05,3341.06,230.0
2025-08-21 19:30:00,3341.02,3341.22,3340.21,3340.47,240.0
2025-08-21 19:35:00,3340.52,3340.58,3339.0,3339.73,239.0
2025-08-21 19:40:00,3339.71,3341.27,3339.31,3340.96,240.0
2025-08-21 19:45:00,3340.83,3341.23,3339.87,3339.89,212.0
2025-08-21 19:50:00,3339.96,3340.18,3338.5,3339.2,242.0
2025-08-21 19:55:00,3339.25,3339.91,3338.3,3339.73,204.0
2025-08-21 20:00:00,3339.74,3340.77,3339.46,3340.77,203.0
2025-08-21 20:05:00,3340.78,3342.01,3340.78,3341.63,215.0
2025-08-21 20:10:00,3341.68,3341.84,3340.32,3341.2,210.0
2025-08-21 20:15:00,3341.19,3341.39,3339.54,3339.95,214.0
2025-08-21 20:20:00,3339.93,3340.42,3339.88,3340.06,173.0
2025-08-21 20:25:00,3340.16,3340.27,3337.88,3338.44,257.0
2025-08-21 20:30:00,3338.58,3339.97,3338.39,3339.79,212.0
2025-08-21 20:35:00,3339.77,3340.12,3339.09,3339.1,183.0
2025-08-21 20:40:00,3339.11,3339.16,3338.03,3338.05,188.0
2025-08-21 20:45:00,3338.05,3338.65,3337.57,3338.64,194.0
2025-08-21 20:50:00,3338.65,3338.67,3337.9,3338.14,163.0
2025-08-21 20:55:00,3338.12,3338.12,3336.96,3337.05,199.0
2025-08-21 21:00:00,3337.03,3337.46,3336.62,3337.4,252.0
2025-08-21 21:05:00,3337.29,3338.4,3337.27,3337.44,199.0
2025-08-21 21:10:00,3337.39,3337.9,3337.23,3337.43,192.0
2025-08-21 21:15:00,3337.43,3339.01,3337.33,3338.98,184.0
2025-08-21 21:20:00,3339.01,3339.38,3338.5,3338.62,193.0
2025-08-21 21:25:00,3338.66,3338.91,3338.31,3338.57,189.0
2025-08-21 21:30:00,3338.54,3338.84,3338.17,3338.61,186.0
2025-08-21 21:35:00,3338.6,3338.86,3338.5,3338.54,135.0
2025-08-21 21:40:00,3338.54,3339.09,3338.44,3338.72,150.0
2025-08-21 21:45:00,3338.57,3338.8,3338.46,3338.6,146.0
2025-08-21 21:50:00,3338.61,3339.36,3338.61,3339.27,146.0
2025-08-21 21:55:00,3339.29,3339.53,3339.01,3339.3,153.0
2025-08-21 22:00:00,3339.32,3339.55,3339.0,3339.27,145.0
2025-08-21 22:05:00,3339.25,3339.76,3339.12,3339.74,186.0
2025-08-21 22:10:00,3339.73,3340.4,3339.45,3340.2,196.0
2025-08-21 22:15:00,3340.19,3341.05,3340.12,3341.05,170.0
2025-08-21 22:20:00,3341.05,3341.65,3340.52,3341.52,173.0
2025-08-21 22:25:00,3341.25,3341.7,3340.97,3341.52,199.0
2025-08-21 22:30:00,3341.54,3341.89,3341.26,3341.76,150.0
2025-08-21 22:35:00,3341.84,3341.84,3341.16,3341.53,153.0
2025-08-21 22:40:00,3341.51,3341.63,3340.67,3340.74,162.0
2025-08-21 22:45:00,3340.76,3341.23,3339.26,3340.47,191.0
2025-08-21 22:50:00,3340.52,3340.61,3338.25,3338.56,200.0
2025-08-21 22:55:00,3338.17,3339.22,3337.94,3338.76,257.0
2025-08-21 23:00:00,3339.04,3339.22,3338.32,3338.34,145.0
2025-08-21 23:05:00,3338.35,3338.66,3338.22,3338.49,104.0
2025-08-21 23:10:00,3338.48,3338.52,3338.13,3338.43,92.0
2025-08-21 23:15:00,3338.44,3338.66,3338.22,3338.32,91.0
2025-08-21 23:20:00,3338.33,3338.48,3338.15,3338.22,79.0
2025-08-21 23:25:00,3338.2,3338.65,3337.97,3338.64,143.0
2025-08-21 23:30:00,3338.63,3339.06,3338.51,3338.6,148.0
2025-08-21 23:35:00,3338.59,3338.63,3338.27,3338.44,88.0
2025-08-21 23:40:00,3338.44,3338.53,3338.15,3338.33,91.0
2025-08-21 23:45:00,3338.35,3338.38,3337.88,3338.38,77.0
2025-08-21 23:50:00,3338.45,3338.54,3338.07,3338.44,87.0
2025-08-22 01:05:00,3339.94,3339.94,3338.54,3338.57,92.0
2025-08-22 01:10:00,3338.6,3339.74,3338.6,3339.15,94.0
2025-08-22 01:15:00,3339.09,3339.46,3338.96,3339.39,89.0
2025-08-22 01:20:00,3339.34,3340.07,3339.06,3339.95,120.0
2025-08-22 01:25:00,3340.0,3340.55,3339.74,3340.22,144.0
2025-08-22 01:30:00,3340.23,3340.53,3339.9,3340.26,129.0
2025-08-22 01:35:00,3340.26,3340.27,3339.72,3340.02,103.0
2025-08-22 01:40:00,3340.03,3340.32,3339.82,3340.05,145.0
2025-08-22 01:45:00,3340.07,3340.27,3339.72,3340.22,118.0
2025-08-22 01:50:00,3340.19,3340.31,3339.29,3339.4,116.0
2025-08-22 01:55:00,3339.45,3340.01,3338.82,3338.93,138.0
2025-08-22 02:00:00,3339.06,3339.48,3338.61,3338.7,123.0
2025-08-22 02:05:00,3338.77,3338.87,3338.25,3338.49,137.0
2025-08-22 02:10:00,3338.49,3338.57,3338.04,3338.08,109.0
2025-08-22 02:15:00,3338.08,3338.08,3337.38,3337.89,121.0
2025-08-22 02:20:00,3337.88,3338.05,3337.76,3337.78,84.0
2025-08-22 02:25:00,3337.99,3338.17,3337.83,3337.9,79.0
2025-08-22 02:30:00,3337.75,3338.2,3337.53,3337.89,112.0
2025-08-22 02:35:00,3337.85,3339.48,3337.77,3339.48,132.0
2025-08-22 02:40:00,3339.41,3339.46,3338.7,3338.81,109.0
2025-08-22 02:45:00,3338.8,3339.52,3338.49,3339.04,103.0
2025-08-22 02:50:00,3339.05,3339.26,3338.12,3338.19,120.0
2025-08-22 02:55:00,3338.21,3338.5,3338.0,3338.32,121.0
2025-08-22 03:00:00,3338.25,3338.4,3336.99,3336.99,189.0
2025-08-22 03:05:00,3336.95,3338.0,3336.51,3337.48,221.0
2025-08-22 03:10:00,3337.49,3337.98,3336.23,3336.46,202.0
2025-08-22 03:15:00,3336.46,3336.53,3335.08,3335.78,298.0
2025-08-22 03:20:00,3335.9,3338.18,3335.51,3337.52,250.0
2025-08-22 03:25:00,3337.87,3338.37,3337.34,3337.62,239.0
2025-08-22 03:30:00,3337.58,3339.06,3337.51,3339.06,245.0
2025-08-22 03:35:00,3339.06,3339.06,3337.35,3337.65,179.0
2025-08-22 03:40:00,3337.53,3337.67,3337.1,3337.49,163.0
2025-08-22 03:45:00,3337.34,3338.54,3336.88,3338.54,176.0
2025-08-22 03:50:00,3338.49,3339.42,3338.21,3339.15,172.0
2025-08-22 03:55:00,3339.13,3339.84,3338.62,3339.55,229.0
2025-08-22 04:00:00,3339.56,3340.15,3338.81,3339.04,277.0
2025-08-22 04:05:00,3339.06,3339.8,3338.96,3339.56,260.0
2025-08-22 04:10:00,3339.34,3339.63,3338.54,3338.92,206.0
2025-08-22 04:15:00,3338.94,3339.01,3337.96,3338.12,244.0
2025-08-22 04:20:00,3338.12,3339.03,3336.88,3337.57,252.0
2025-08-22 04:25:00,3337.41,3338.03,3337.03,3337.34,219.0
2025-08-22 04:30:00,3337.34,3338.52,3337.23,3337.55,241.0
2025-08-22 04:35:00,3337.56,3338.06,3337.25,3338.06,217.0
2025-08-22 04:40:00,3338.07,3338.07,3336.27,3337.99,308.0
2025-08-22 04:45:00,3338.01,3338.28,3337.01,3337.05,250.0
2025-08-22 04:50:00,3336.91,3336.98,3333.78,3334.67,340.0
2025-08-22 04:55:00,3334.71,3334.77,3333.9,3334.1,309.0
2025-08-22 05:00:00,3334.13,3334.97,3333.43,3333.96,288.0
2025-08-22 05:05:00,3333.81,3335.55,3333.39,3335.51,271.0
2025-08-22 05:10:00,3335.5,3336.24,3334.49,3334.51,287.0
2025-08-22 05:15:00,3334.52,3336.11,3334.14,3335.8,250.0
2025-08-22 05:20:00,3335.77,3335.9,3335.24,3335.58,216.0
2025-08-22 05:25:00,3335.57,3335.57,3334.58,3335.18,240.0
2025-08-22 05:30:00,3335.17,3335.17,3333.65,3334.61,250.0
2025-08-22 05:35:00,3334.69,3335.58,3333.53,3334.95,245.0
2025-08-22 05:40:00,3334.94,3334.94,3333.64,3333.86,242.0
2025-08-22 05:45:00,3333.91,3334.49,3333.17,3333.33,218.0
2025-08-22 05:50:00,3333.33,3334.51,3332.78,3334.32,201.0
2025-08-22 05:55:00,3334.28,3334.33,3333.58,3334.09,208.0
2025-08-22 06:00:00,3334.1,3334.1,3331.99,3332.34,249.0
2025-08-22 06:05:00,3332.23,3333.32,3331.44,3332.8,237.0
2025-08-22 06:10:00,3332.79,3333.6,3332.4,3332.41,216.0
2025-08-22 06:15:00,3332.49,3333.55,3332.39,3333.08,223.0
2025-08-22 06:20:00,3333.11,3333.98,3332.72,3333.61,210.0
2025-08-22 06:25:00,3333.59,3334.19,3333.42,3333.67,234.0
2025-08-22 06:30:00,3333.6,3334.73,3333.34,3334.31,230.0
2025-08-22 06:35:00,3334.3,3335.25,3334.03,3335.15,211.0
2025-08-22 06:40:00,3335.14,3335.33,3333.92,3334.09,222.0
2025-08-22 06:45:00,3334.07,3334.07,3332.46,3332.92,178.0
2025-08-22 06:50:00,3332.98,3333.4,3332.76,3333.02,178.0
2025-08-22 06:55:00,3332.97,3332.99,3331.78,3331.93,226.0
2025-08-22 07:00:00,3332.01,3332.69,3331.52,3331.7,217.0
2025-08-22 07:05:00,3331.61,3332.04,3331.47,3331.87,215.0
2025-08-22 07:10:00,3331.88,3332.18,3331.53,3331.81,192.0
2025-08-22 07:15:00,3331.85,3331.97,3330.88,3330.94,185.0
2025-08-22 07:20:00,3330.93,3331.01,3329.5,3329.98,239.0
2025-08-22 07:25:00,3330.01,3330.16,3329.25,3329.37,194.0
2025-08-22 07:30:00,3329.38,3329.97,3328.69,3329.62,215.0
2025-08-22 07:35:00,3329.68,3329.72,3329.04,3329.12,193.0
2025-08-22 07:40:00,3329.16,3329.52,3328.63,3329.15,199.0
2025-08-22 07:45:00,3329.14,3329.43,3328.29,3328.5,200.0
2025-08-22 07:50:00,3328.51,3328.51,3328.08,3328.14,182.0
2025-08-22 07:55:00,3328.13,3328.63,3327.99,3328.45,187.0
2025-08-22 08:00:00,3328.36,3329.05,3328.09,3328.93,209.0
2025-08-22 08:05:00,3328.98,3329.05,3328.02,3328.06,190.0
2025-08-22 08:10:00,3328.08,3328.69,3327.77,3328.61,198.0
2025-08-22 08:15:00,3328.64,3329.51,3327.81,3328.28,230.0
2025-08-22 08:20:00,3328.27,3328.5,3327.25,3327.58,199.0
2025-08-22 08:25:00,3327.58,3329.78,3327.45,3329.59,245.0
2025-08-22 08:30:00,3329.78,3330.31,3329.07,3329.72,273.0
2025-08-22 08:35:00,3329.7,3329.79,3328.2,3328.74,234.0
2025-08-22 08:40:00,3328.75,3330.2,3328.06,3330.15,228.0
2025-08-22 08:45:00,3330.05,3330.91,3329.74,3330.86,247.0
2025-08-22 08:50:00,3330.87,3331.23,3330.29,3330.51,208.0
2025-08-22 08:55:00,3330.5,3330.5,3329.3,3330.06,219.0
2025-08-22 09:00:00,3329.94,3329.94,3327.74,3328.46,300.0
2025-08-22 09:05:00,3328.48,3330.13,3328.48,3329.93,255.0
2025-08-22 09:10:00,3329.88,3329.92,3328.67,3329.41,250.0
2025-08-22 09:15:00,3329.43,3330.37,3329.04,3330.36,187.0
2025-08-22 09:20:00,3330.26,3330.26,3327.01,3327.42,275.0
2025-08-22 09:25:00,3327.38,3328.18,3327.12,3327.45,267.0
2025-08-22 09:30:00,3327.44,3327.78,3326.72,3327.43,237.0
2025-08-22 09:35:00,3327.47,3327.47,3326.34,3326.76,236.0
2025-08-22 09:40:00,3326.75,3327.04,3326.13,3326.13,225.0
2025-08-22 09:45:00,3325.98,3327.14,3325.81,3326.29,242.0
2025-08-22 09:50:00,3326.34,3328.42,3326.33,3328.29,233.0
2025-08-22 09:55:00,3328.35,3329.46,3328.0,3329.43,230.0
2025-08-22 10:00:00,3329.37,3331.45,3328.86,3331.2,294.0
2025-08-22 10:05:00,3331.23,3333.89,3330.97,3333.77,317.0
2025-08-22 10:10:00,3333.74,3333.74,3331.19,3333.15,270.0
2025-08-22 10:15:00,3333.16,3334.86,3332.93,3334.72,269.0
2025-08-22 10:20:00,3334.69,3335.02,3333.13,3333.27,272.0
2025-08-22 10:25:00,3333.26,3333.56,3332.29,3332.44,278.0
2025-08-22 10:30:00,3332.39,3332.61,3330.39,3330.4,260.0
2025-08-22 10:35:00,3330.33,3330.48,3329.22,3330.14,233.0
2025-08-22 10:40:00,3330.03,3330.44,3328.07,3328.33,233.0
2025-08-22 10:45:00,3328.34,3328.34,3325.82,3326.92,314.0
2025-08-22 10:50:00,3326.9,3328.03,3326.52,3326.84,264.0
2025-08-22 10:55:00,3326.82,3327.52,3326.19,3327.48,284.0
2025-08-22 11:00:00,3327.45,3329.23,3327.19,3328.26,318.0
2025-08-22 11:05:00,3328.22,3328.41,3326.66,3326.94,236.0
2025-08-22 11:10:00,3326.95,3328.68,3325.99,3328.66,239.0
2025-08-22 11:15:00,3328.58,3328.68,3326.39,3327.36,280.0
2025-08-22 11:20:00,3327.38,3328.17,3325.37,3328.09,303.0
2025-08-22 11:25:00,3328.14,3330.52,3327.75,3329.17,339.0
2025-08-22 11:30:00,3329.18,3330.4,3328.81,3330.02,239.0
2025-08-22 11:35:00,3329.98,3330.17,3328.84,3328.84,235.0
2025-08-22 11:40:00,3328.84,3328.94,3327.87,3328.16,209.0
2025-08-22 11:45:00,3328.14,3329.58,3327.07,3329.48,278.0
2025-08-22 11:50:00,3329.36,3330.47,3328.53,3328.53,240.0
2025-08-22 11:55:00,3328.47,3329.43,3328.27,3328.77,184.0
2025-08-22 12:00:00,3328.76,3330.23,3328.69,3329.9,221.0
2025-08-22 12:05:00,3329.89,3331.1,3329.39,3330.32,236.0
2025-08-22 12:10:00,3330.32,3331.01,3329.92,3331.01,170.0
2025-08-22 12:15:00,3331.14,3331.31,3329.8,3330.51,173.0
2025-08-22 12:20:00,3330.56,3330.63,3329.39,3329.89,161.0
2025-08-22 12:25:00,3329.82,3329.82,3328.21,3328.27,149.0
2025-08-22 12:30:00,3328.21,3329.62,3328.18,3329.37,188.0
2025-08-22 12:35:00,3329.4,3331.52,3329.32,3330.82,242.0
2025-08-22 12:40:00,3330.86,3331.58,3330.46,3330.48,196.0
2025-08-22 12:45:00,3330.45,3331.12,3330.25,3330.44,169.0
2025-08-22 12:50:00,3330.43,3330.57,3329.63,3330.05,178.0
2025-08-22 12:55:00,3330.04,3330.45,3329.4,3330.13,204.0
2025-08-22 13:00:00,3330.08,3331.35,3330.02,3331.12,207.0
2025-08-22 13:05:00,3331.13,3331.47,3330.8,3331.27,123.0
2025-08-22 13:10:00,3331.21,3331.33,3330.46,3330.63,172.0
2025-08-22 13:15:00,3330.7,3330.73,3329.54,3329.8,175.0
2025-08-22 13:20:00,3329.78,3330.12,3328.93,3329.9,209.0
2025-08-22 13:25:00,3329.71,3330.43,3329.58,3330.43,159.0
2025-08-22 13:30:00,3330.52,3331.08,3329.47,3331.03,202.0
2025-08-22 13:35:00,3331.02,3331.19,3329.98,3330.47,168.0
2025-08-22 13:40:00,3330.5,3330.65,3329.23,3330.31,187.0
2025-08-22 13:45:00,3330.29,3330.92,3329.86,3330.74,154.0
2025-08-22 13:50:00,3330.66,3331.68,3330.62,3331.23,202.0
2025-08-22 13:55:00,3331.2,3331.34,3330.7,3330.91,163.0
2025-08-22 14:00:00,3330.93,3331.01,3329.99,3330.54,234.0
2025-08-22 14:05:00,3330.53,3330.6,3329.49,3330.35,204.0
2025-08-22 14:10:00,3330.21,3330.48,3329.2,3329.51,157.0
2025-08-22 14:15:00,3329.49,3329.57,3328.12,3328.54,239.0
2025-08-22 14:20:00,3328.62,3329.26,3327.85,3329.18,297.0
2025-08-22 14:25:00,3329.18,3329.5,3328.88,3329.39,250.0
2025-08-22 14:30:00,3329.41,3330.27,3328.86,3330.03,208.0
2025-08-22 14:35:00,3330.05,3331.05,3329.97,3330.08,256.0
2025-08-22 14:40:00,3330.02,3330.39,3328.56,3329.24,245.0
2025-08-22 14:45:00,3329.26,3330.11,3328.47,3328.55,212.0
2025-08-22 14:50:00,3328.59,3329.3,3327.7,3328.14,214.0
2025-08-22 14:55:00,3328.15,3329.4,3328.03,3329.39,236.0
2025-08-22 15:00:00,3329.36,3329.5,3327.32,3327.75,318.0
2025-08-22 15:05:00,3327.75,3328.79,3327.4,3327.88,249.0
2025-08-22 15:10:00,3327.74,3327.74,3325.26,3325.69,334.0
2025-08-22 15:15:00,3325.7,3329.94,3325.54,3329.85,349.0
2025-08-22 15:20:00,3329.6,3329.82,3326.99,3327.05,365.0
2025-08-22 15:25:00,3326.66,3327.58,3325.45,3326.02,337.0
2025-08-22 15:30:00,3325.69,3327.16,3321.44,3323.79,384.0
2025-08-22 15:35:00,3323.77,3325.72,3321.72,3323.78,376.0
2025-08-22 15:40:00,3323.82,3324.67,3322.29,3324.33,325.0
2025-08-22 15:45:00,3324.34,3326.12,3323.55,3326.12,309.0
2025-08-22 15:50:00,3326.09,3326.38,3323.93,3325.65,329.0
2025-08-22 15:55:00,3325.91,3325.97,3323.38,3323.51,326.0
2025-08-22 16:00:00,3323.46,3326.1,3323.29,3325.3,356.0
2025-08-22 16:05:00,3325.26,3326.99,3324.09,3325.89,339.0
2025-08-22 16:10:00,3325.84,3326.95,3324.47,3324.79,329.0
2025-08-22 16:15:00,3324.82,3328.37,3324.7,3327.64,346.0
2025-08-22 16:20:00,3327.68,3328.4,3327.13,3327.96,293.0
2025-08-22 16:25:00,3327.93,3329.26,3326.98,3328.74,298.0
2025-08-22 16:30:00,3329.09,3331.59,3328.82,3331.14,427.0
2025-08-22 16:35:00,3331.11,3334.06,3330.56,3334.06,386.0
2025-08-22 16:40:00,3334.35,3336.19,3332.65,3333.77,420.0
2025-08-22 16:45:00,3333.54,3334.56,3331.87,3333.26,353.0
2025-08-22 16:50:00,3333.27,3335.11,3333.03,3333.81,349.0
2025-08-22 16:55:00,3333.83,3335.55,3333.12,3333.65,360.0
2025-08-22 17:00:00,3335.45,3355.63,3335.27,3348.09,503.0
2025-08-22 17:05:00,3347.96,3356.17,3347.96,3354.77,479.0
2025-08-22 17:10:00,3355.44,3361.11,3355.44,3358.99,466.0
2025-08-22 17:15:00,3358.94,3367.69,3357.29,3365.67,473.0
2025-08-22 17:20:00,3366.64,3366.65,3359.36,3362.18,469.0
2025-08-22 17:25:00,3362.06,3366.76,3361.73,3365.93,442.0
2025-08-22 17:30:00,3366.12,3373.13,3366.12,3373.01,465.0
2025-08-22 17:35:00,3373.55,3374.09,3371.44,3372.64,427.0
2025-08-22 17:40:00,3373.34,3374.02,3371.41,3373.48,428.0
2025-08-22 17:45:00,3373.36,3375.39,3372.5,3373.84,429.0
2025-08-22 17:50:00,3373.79,3376.73,3373.39,3373.83,413.0
2025-08-22 17:55:00,3374.0,3374.99,3372.95,3373.84,380.0
2025-08-22 18:00:00,3373.8,3377.17,3373.08,3376.91,396.0
2025-08-22 18:05:00,3376.95,3377.75,3374.51,3374.89,413.0
2025-08-22 18:10:00,3375.33,3377.22,3374.5,3376.36,402.0
2025-08-22 18:15:00,3376.44,3377.35,3374.13,3374.72,365.0
2025-08-22 18:20:00,3375.0,3377.35,3374.96,3376.79,362.0
2025-08-22 18:25:00,3376.77,3378.02,3376.24,3376.82,342.0
2025-08-22 18:30:00,3377.05,3378.79,3376.41,3378.45,351.0
2025-08-22 18:35:00,3378.52,3378.63,3375.39,3376.32,339.0
2025-08-22 18:40:00,3376.35,3376.88,3371.84,3371.84,346.0
2025-08-22 18:45:00,3371.94,3373.11,3368.2,3368.51,427.0
2025-08-22 18:50:00,3368.55,3369.9,3367.61,3369.78,371.0
2025-08-22 18:55:00,3369.82,3372.25,3367.41,3367.92,394.0
2025-08-22 19:00:00,3368.03,3371.43,3367.94,3371.03,344.0
2025-08-22 19:05:00,3371.12,3373.15,3370.6,3373.03,314.0
2025-08-22 19:10:00,3373.0,3374.11,3371.4,3371.49,306.0
2025-08-22 19:15:00,3371.55,3373.52,3371.48,3371.96,277.0
2025-08-22 19:20:00,3372.12,3372.33,3370.54,3371.06,298.0
2025-08-22 19:25:00,3371.11,3371.12,3368.55,3368.78,317.0
2025-08-22 19:30:00,3368.92,3371.54,3368.8,3370.85,315.0
2025-08-22 19:35:00,3370.69,3372.14,3370.21,3371.26,279.0
2025-08-22 19:40:00,3371.47,3372.01,3369.84,3370.76,255.0
2025-08-22 19:45:00,3370.78,3371.05,3369.95,3370.38,232.0
2025-08-22 19:50:00,3370.47,3371.48,3369.13,3369.35,242.0
2025-08-22 19:55:00,3369.32,3370.6,3369.12,3370.6,232.0
2025-08-22 20:00:00,3370.56,3372.55,3370.52,3372.51,245.0
2025-08-22 20:05:00,3372.48,3373.16,3372.19,3372.82,225.0
2025-08-22 20:10:00,3372.72,3372.92,3371.29,3372.03,259.0
2025-08-22 20:15:00,3372.02,3373.61,3371.79,3373.42,240.0
2025-08-22 20:20:00,3373.39,3373.81,3372.25,3373.62,253.0
2025-08-22 20:25:00,3373.61,3373.93,3372.22,3373.93,281.0
2025-08-22 20:30:00,3373.85,3374.63,3373.31,3373.92,254.0
2025-08-22 20:35:00,3373.87,3374.82,3373.77,3374.25,204.0
2025-08-22 20:40:00,3374.27,3374.53,3373.94,3374.33,185.0
2025-08-22 20:45:00,3374.36,3374.93,3374.31,3374.53,200.0
2025-08-22 20:50:00,3374.53,3375.53,3374.44,3374.91,220.0
2025-08-22 20:55:00,3374.9,3375.05,3374.09,3374.23,248.0
2025-08-22 21:00:00,3374.16,3375.02,3373.99,3373.99,234.0
2025-08-22 21:05:00,3373.98,3374.58,3373.7,3373.78,226.0
2025-08-22 21:10:00,3373.76,3374.06,3373.17,3373.82,208.0
2025-08-22 21:15:00,3373.82,3373.94,3372.91,3373.05,205.0
2025-08-22 21:20:00,3373.04,3373.07,3371.07,3371.65,236.0
2025-08-22 21:25:00,3371.57,3372.88,3371.45,3372.74,236.0
2025-08-22 21:30:00,3372.85,3373.99,3372.66,3373.72,210.0
2025-08-22 21:35:00,3373.72,3373.83,3372.81,3373.2,198.0
2025-08-22 21:40:00,3373.26,3373.28,3372.05,3372.25,205.0
2025-08-22 21:45:00,3372.24,3373.53,3371.82,3373.52,202.0
2025-08-22 21:50:00,3373.47,3373.84,3373.28,3373.36,196.0
2025-08-22 21:55:00,3373.19,3373.37,3372.39,3372.74,203.0
2025-08-22 22:00:00,3372.73,3372.88,3371.55,3371.74,248.0
2025-08-22 22:05:00,3371.79,3372.46,3371.71,3371.85,207.0
2025-08-22 22:10:00,3371.82,3371.84,3370.81,3370.87,225.0
2025-08-22 22:15:00,3370.84,3370.9,3370.03,3370.52,228.0
2025-08-22 22:20:00,3370.53,3370.7,3369.26,3369.62,199.0
2025-08-22 22:25:00,3369.6,3370.07,3368.92,3369.99,204.0
2025-08-22 22:30:00,3370.0,3370.07,3369.01,3369.68,209.0
2025-08-22 22:35:00,3369.57,3370.36,3369.3,3369.65,207.0
2025-08-22 22:40:00,3369.69,3370.24,3369.23,3370.06,230.0
2025-08-22 22:45:00,3370.07,3371.03,3370.07,3370.91,220.0
2025-08-22 22:50:00,3370.73,3371.96,3370.73,3371.88,267.0
2025-08-22 22:55:00,3371.89,3373.6,3371.89,3373.2,333.0
2025-08-22 23:00:00,3373.49,3373.57,3372.38,3372.51,247.0
2025-08-22 23:05:00,3372.55,3372.56,3371.68,3371.86,176.0
2025-08-22 23:10:00,3371.85,3371.93,3371.23,3371.24,102.0
2025-08-22 23:15:00,3371.28,3371.49,3370.29,3370.84,191.0
2025-08-22 23:20:00,3370.84,3371.25,3370.24,3370.24,191.0
2025-08-22 23:25:00,3370.39,3371.23,3370.22,3371.23,160.0
2025-08-22 23:30:00,3371.28,3371.4,3370.75,3371.32,105.0
2025-08-22 23:35:00,3371.32,3371.33,3370.82,3371.03,92.0
2025-08-22 23:40:00,3371.06,3371.92,3371.06,3371.8,136.0
2025-08-22 23:45:00,3371.8,3372.07,3371.73,3371.87,111.0
2025-08-22 23:50:00,3371.83,3372.29,3371.49,3371.86,142.0
2025-08-25 01:05:00,3368.71,3370.25,3367.39,3368.67,265.0
2025-08-25 01:10:00,3368.67,3368.75,3367.16,3367.61,216.0
2025-08-25 01:15:00,3367.65,3368.69,3367.6,3368.01,204.0
2025-08-25 01:20:00,3367.94,3368.47,3367.89,3368.29,158.0
2025-08-25 01:25:00,3368.33,3368.47,3367.67,3367.77,130.0
2025-08-25 01:30:00,3367.67,3367.78,3367.23,3367.31,152.0
2025-08-25 01:35:00,3367.3,3367.46,3366.6,3366.79,186.0
2025-08-25 01:40:00,3366.78,3367.19,3366.02,3366.27,179.0
2025-08-25 01:45:00,3366.27,3367.22,3365.87,3367.15,195.0
2025-08-25 01:50:00,3367.13,3367.44,3366.64,3367.44,123.0
2025-08-25 01:55:00,3367.44,3367.67,3366.9,3367.23,141.0
2025-08-25 02:00:00,3367.23,3368.02,3366.74,3366.82,177.0
2025-08-25 02:05:00,3366.82,3367.82,3366.37,3367.81,164.0
2025-08-25 02:10:00,3367.85,3368.31,3367.3,3367.59,161.0
2025-08-25 02:15:00,3367.57,3368.06,3367.52,3367.89,120.0
2025-08-25 02:20:00,3367.88,3368.04,3367.69,3367.79,102.0
2025-08-25 02:25:00,3367.79,3367.83,3366.76,3367.35,131.0
2025-08-25 02:30:00,3367.35,3367.51,3366.9,3367.11,113.0
2025-08-25 02:35:00,3367.16,3367.71,3367.1,3367.58,154.0
2025-08-25 02:40:00,3367.53,3368.29,3366.79,3367.17,190.0
2025-08-25 02:45:00,3367.17,3369.2,3366.95,3369.2,225.0
2025-08-25 02:50:00,3369.13,3371.0,3368.96,3370.43,266.0
2025-08-25 02:55:00,3370.41,3370.41,3368.38,3369.08,185.0
2025-08-25 03:00:00,3369.07,3369.63,3366.04,3366.25,331.0
2025-08-25 03:05:00,3366.25,3366.54,3364.5,3365.3,320.0
2025-08-25 03:10:00,3365.29,3365.57,3364.41,3365.28,250.0
2025-08-25 03:15:00,3365.29,3365.82,3364.7,3364.93,226.0
2025-08-25 03:20:00,3364.92,3366.19,3364.52,3365.39,211.0
2025-08-25 03:25:00,3365.37,3365.9,3364.62,3364.89,227.0
2025-08-25 03:30:00,3364.88,3365.56,3364.62,3364.87,179.0
2025-08-25 03:35:00,3364.87,3365.16,3364.47,3364.57,165.0
2025-08-25 03:40:00,3364.58,3365.42,3364.4,3364.88,176.0
2025-08-25 03:45:00,3364.72,3364.81,3363.28,3363.84,247.0
2025-08-25 03:50:00,3363.87,3365.6,3363.79,3364.34,266.0
2025-08-25 03:55:00,3364.33,3365.27,3363.73,3364.86,237.0
2025-08-25 04:00:00,3364.86,3367.76,3364.58,3365.87,400.0
2025-08-25 04:05:00,3365.86,3365.97,3364.38,3364.75,311.0
2025-08-25 04:10:00,3364.62,3365.57,3364.01,3364.44,250.0
2025-08-25 04:15:00,3364.56,3365.88,3364.42,3365.36,310.0
2025-08-25 04:20:00,3365.17,3366.06,3364.55,3365.71,263.0
2025-08-25 04:25:00,3365.7,3365.8,3364.21,3364.71,293.0
2025-08-25 04:30:00,3364.58,3365.09,3363.22,3363.43,314.0
2025-08-25 04:35:00,3363.43,3363.73,3362.41,3362.85,285.0
2025-08-25 04:40:00,3362.95,3364.27,3361.95,3362.21,324.0
2025-08-25 04:45:00,3362.23,3362.47,3360.86,3361.94,264.0
2025-08-25 04:50:00,3362.04,3362.18,3360.67,3361.54,290.0
2025-08-25 04:55:00,3361.55,3363.14,3361.54,3362.88,291.0
2025-08-25 05:00:00,3362.88,3362.97,3361.68,3362.33,283.0
2025-08-25 05:05:00,3362.34,3362.83,3359.99,3360.78,291.0
2025-08-25 05:10:00,3360.67,3361.38,3359.81,3360.62,258.0
2025-08-25 05:15:00,3360.54,3361.75,3360.05,3361.71,261.0
2025-08-25 05:20:00,3361.71,3362.61,3361.31,3362.22,248.0
2025-08-25 05:25:00,3362.18,3362.9,3360.94,3362.41,241.0
2025-08-25 05:30:00,3362.39,3364.1,3362.39,3364.01,284.0
2025-08-25 05:35:00,3364.06,3364.9,3363.58,3364.4,250.0
2025-08-25 05:40:00,3364.41,3364.5,3363.71,3363.83,190.0
2025-08-25 05:45:00,3363.81,3364.23,3363.25,3363.58,222.0
2025-08-25 05:50:00,3363.59,3364.28,3363.54,3364.05,219.0
2025-08-25 05:55:00,3363.76,3365.13,3363.76,3364.43,215.0
2025-08-25 06:00:00,3364.18,3365.32,3364.18,3365.29,201.0
2025-08-25 06:05:00,3365.34,3366.03,3365.26,3365.89,216.0
2025-08-25 06:10:00,3365.91,3366.71,3365.9,3366.56,245.0
2025-08-25 06:15:00,3366.58,3367.21,3366.17,3366.99,193.0
2025-08-25 06:20:00,3367.07,3367.39,3365.48,3365.64,263.0
2025-08-25 06:25:00,3365.66,3366.57,3365.38,3366.27,228.0
2025-08-25 06:30:00,3366.33,3367.01,3365.94,3366.7,226.0
2025-08-25 06:35:00,3366.74,3366.93,3366.03,3366.18,181.0
2025-08-25 06:40:00,3366.19,3367.45,3366.0,3367.44,202.0
2025-08-25 06:45:00,3367.43,3368.2,3367.21,3367.71,196.0
2025-08-25 06:50:00,3367.72,3367.91,3367.16,3367.48,159.0
2025-08-25 06:55:00,3367.62,3368.01,3367.13,3367.26,154.0
2025-08-25 07:00:00,3367.27,3367.65,3365.16,3365.7,242.0
2025-08-25 07:05:00,3365.68,3365.96,3363.86,3363.92,271.0
2025-08-25 07:10:00,3363.98,3365.95,3363.87,3365.54,257.0
2025-08-25 07:15:00,3365.74,3366.17,3365.03,3365.22,208.0
2025-08-25 07:20:00,3365.21,3365.69,3364.93,3365.17,125.0
2025-08-25 07:25:00,3365.18,3365.75,3365.16,3365.64,138.0
2025-08-25 07:30:00,3365.63,3366.39,3365.47,3365.9,143.0
2025-08-25 07:35:00,3365.89,3366.98,3365.77,3365.82,163.0
2025-08-25 07:40:00,3365.84,3365.95,3365.69,3365.8,136.0
2025-08-25 07:45:00,3365.78,3366.18,3365.26,3365.29,147.0
2025-08-25 07:50:00,3365.26,3366.47,3365.21,3365.84,159.0
2025-08-25 07:55:00,3365.83,3366.84,3365.67,3366.08,150.0
2025-08-25 08:00:00,3366.02,3366.05,3364.79,3364.86,169.0
2025-08-25 08:05:00,3364.85,3365.53,3364.26,3365.53,219.0
2025-08-25 08:10:00,3365.54,3366.04,3365.2,3365.31,213.0
2025-08-25 08:15:00,3365.3,3365.3,3364.09,3364.77,200.0
2025-08-25 08:20:00,3364.8,3365.42,3364.3,3365.13,202.0
2025-08-25 08:25:00,3365.12,3365.15,3363.68,3363.76,156.0
2025-08-25 08:30:00,3363.82,3364.86,3363.72,3364.69,221.0
2025-08-25 08:35:00,3364.67,3365.02,3364.43,3364.86,211.0
2025-08-25 08:40:00,3364.87,3365.08,3364.46,3364.84,218.0
2025-08-25 08:45:00,3364.83,3364.9,3364.3,3364.34,131.0
2025-08-25 08:50:00,3364.28,3365.08,3363.99,3364.23,186.0
2025-08-25 08:55:00,3364.26,3364.67,3363.07,3364.64,276.0
2025-08-25 09:00:00,3364.61,3366.3,3364.59,3366.23,270.0
2025-08-25 09:05:00,3366.32,3367.51,3365.78,3367.27,294.0
2025-08-25 09:10:00,3367.29,3367.81,3366.47,3367.7,239.0
2025-08-25 09:15:00,3367.63,3368.31,3367.39,3367.89,298.0
2025-08-25 09:20:00,3367.9,3368.37,3367.63,3368.21,266.0
2025-08-25 09:25:00,3368.2,3369.22,3368.09,3368.6,292.0
2025-08-25 09:30:00,3368.65,3368.85,3367.36,3367.48,259.0
2025-08-25 09:35:00,3367.41,3367.93,3365.9,3365.93,274.0
2025-08-25 09:40:00,3365.97,3368.16,3365.93,3368.11,245.0
2025-08-25 09:45:00,3368.12,3369.31,3367.94,3368.61,296.0
2025-08-25 09:50:00,3368.96,3369.04,3368.48,3368.84,234.0
2025-08-25 09:55:00,3368.89,3369.5,3368.73,3368.91,247.0
2025-08-25 10:00:00,3368.73,3368.96,3367.48,3368.89,261.0
2025-08-25 10:05:00,3368.83,3369.79,3368.35,3369.38,230.0
2025-08-25 10:10:00,3369.37,3369.37,3367.72,3367.76,148.0
2025-08-25 10:15:00,3367.77,3367.87,3366.37,3366.62,199.0
2025-08-25 10:20:00,3366.57,3368.28,3366.55,3367.68,208.0
2025-08-25 10:25:00,3367.67,3368.91,3367.66,3368.91,132.0
2025-08-25 10:30:00,3368.94,3369.49,3368.32,3368.41,180.0
2025-08-25 10:35:00,3368.4,3368.4,3366.56,3366.66,224.0
2025-08-25 10:40:00,3366.67,3368.29,3366.66,3368.29,187.0
2025-08-25 10:45:00,3368.32,3368.77,3367.91,3367.99,170.0
2025-08-25 10:50:00,3367.59,3367.63,3366.88,3367.02,164.0
2025-08-25 10:55:00,3366.95,3367.14,3366.09,3366.2,194.0
2025-08-25 11:00:00,3366.24,3366.75,3365.3,3365.33,264.0
2025-08-25 11:05:00,3365.28,3366.22,3364.7,3366.2,266.0
2025-08-25 11:10:00,3366.21,3366.65,3365.57,3365.62,183.0
2025-08-25 11:15:00,3365.61,3365.7,3364.78,3365.14,206.0
2025-08-25 11:20:00,3365.15,3365.15,3364.22,3364.28,211.0
2025-08-25 11:25:00,3364.23,3364.6,3363.7,3363.81,220.0
2025-08-25 11:30:00,3363.81,3364.92,3363.54,3364.63,227.0
2025-08-25 11:35:00,3364.61,3364.64,3363.46,3364.02,187.0
2025-08-25 11:40:00,3364.01,3364.1,3363.58,3363.98,164.0
2025-08-25 11:45:00,3363.99,3364.75,3363.47,3364.7,201.0
2025-08-25 11:50:00,3364.71,3365.28,3364.32,3364.51,171.0
2025-08-25 11:55:00,3364.43,3364.43,3363.63,3363.94,169.0
2025-08-25 12:00:00,3363.84,3364.34,3363.41,3363.42,148.0
2025-08-25 12:05:00,3363.36,3363.88,3362.96,3363.03,134.0
2025-08-25 12:10:00,3363.03,3363.25,3362.41,3362.66,151.0
2025-08-25 12:15:00,3362.62,3362.69,3362.13,3362.56,171.0
2025-08-25 12:20:00,3362.49,3363.05,3362.13,3362.73,191.0
2025-08-25 12:25:00,3362.71,3362.77,3361.98,3362.68,158.0
2025-08-25 12:30:00,3362.66,3365.3,3362.17,3364.79,226.0
2025-08-25 12:35:00,3364.84,3365.07,3363.71,3364.98,169.0
2025-08-25 12:40:00,3365.01,3366.27,3365.01,3366.2,246.0
2025-08-25 12:45:00,3366.21,3367.45,3366.21,3367.25,252.0
2025-08-25 12:50:00,3367.25,3367.49,3365.9,3367.29,282.0
2025-08-25 12:55:00,3367.28,3367.9,3366.89,3367.43,225.0
2025-08-25 13:00:00,3367.4,3368.41,3367.14,3367.8,212.0
2025-08-25 13:05:00,3367.82,3368.13,3367.54,3367.62,184.0
2025-08-25 13:10:00,3367.64,3368.34,3367.09,3367.78,207.0
2025-08-25 13:15:00,3367.67,3368.02,3367.38,3367.83,166.0
2025-08-25 13:20:00,3367.82,3368.11,3366.36,3366.46,234.0
2025-08-25 13:25:00,3366.48,3366.6,3365.18,3365.28,211.0
2025-08-25 13:30:00,3365.31,3367.81,3365.19,3367.81,232.0
2025-08-25 13:35:00,3367.77,3367.85,3366.89,3367.2,184.0
2025-08-25 13:40:00,3367.21,3367.21,3366.26,3367.04,187.0
2025-08-25 13:45:00,3367.03,3367.26,3366.19,3366.3,155.0
2025-08-25 13:50:00,3366.31,3366.96,3365.28,3365.28,224.0
2025-08-25 13:55:00,3365.26,3366.31,3365.15,3366.05,177.0
2025-08-25 14:00:00,3366.04,3367.05,3365.75,3367.05,208.0
2025-08-25 14:05:00,3367.1,3368.3,3366.85,3367.41,248.0
2025-08-25 14:10:00,3367.43,3367.7,3366.53,3366.76,144.0
2025-08-25 14:15:00,3366.83,3368.09,3366.24,3367.78,159.0
2025-08-25 14:20:00,3367.85,3368.09,3366.98,3367.24,171.0
2025-08-25 14:25:00,3367.22,3368.34,3367.2,3367.74,162.0
2025-08-25 14:30:00,3367.85,3369.73,3367.85,3369.59,197.0
2025-08-25 14:35:00,3369.59,3369.71,3368.71,3369.5,226.0
2025-08-25 14:40:00,3369.51,3370.08,3368.52,3369.76,244.0
2025-08-25 14:45:00,3369.78,3371.42,3369.69,3370.41,237.0
2025-08-25 14:50:00,3370.42,3371.45,3370.33,3371.06,234.0
2025-08-25 14:55:00,3371.07,3371.34,3370.1,3370.59,220.0
2025-08-25 15:00:00,3370.61,3371.21,3369.45,3369.49,217.0
2025-08-25 15:05:00,3369.58,3369.72,3368.81,3368.97,230.0
2025-08-25 15:10:00,3368.95,3369.26,3368.37,3368.61,224.0
2025-08-25 15:15:00,3368.62,3369.55,3368.36,3369.54,192.0
2025-08-25 15:20:00,3369.56,3370.35,3369.04,3369.74,236.0
2025-08-25 15:25:00,3369.58,3370.17,3368.25,3368.86,238.0
2025-08-25 15:30:00,3369.09,3369.13,3366.48,3367.39,299.0
2025-08-25 15:35:00,3367.43,3367.82,3365.73,3366.93,308.0
2025-08-25 15:40:00,3366.98,3367.58,3365.5,3365.71,281.0
2025-08-25 15:45:00,3365.84,3366.01,3365.14,3365.87,271.0
2025-08-25 15:50:00,3366.01,3366.52,3365.17,3365.57,279.0
2025-08-25 15:55:00,3365.52,3365.71,3364.25,3364.5,328.0
2025-08-25 16:00:00,3364.49,3364.91,3363.43,3363.5,342.0
2025-08-25 16:05:00,3363.59,3364.04,3362.17,3362.75,333.0
2025-08-25 16:10:00,3362.77,3364.15,3362.63,3363.74,326.0
2025-08-25 16:15:00,3363.73,3365.1,3363.61,3365.06,312.0
2025-08-25 16:20:00,3365.04,3365.04,3363.4,3363.44,310.0
2025-08-25 16:25:00,3363.39,3364.67,3362.37,3363.89,345.0
2025-08-25 16:30:00,3364.12,3367.21,3363.8,3366.05,426.0
2025-08-25 16:35:00,3366.08,3367.75,3365.52,3367.35,413.0
2025-08-25 16:40:00,3367.49,3368.3,3366.61,3368.08,379.0
2025-08-25 16:45:00,3368.09,3369.75,3366.53,3369.55,410.0
2025-08-25 16:50:00,3369.57,3371.28,3369.44,3370.2,417.0
2025-08-25 16:55:00,3369.93,3370.92,3369.7,3370.8,363.0
2025-08-25 17:00:00,3370.8,3372.99,3370.38,3372.81,438.0
2025-08-25 17:05:00,3372.85,3372.95,3370.02,3371.12,460.0
2025-08-25 17:10:00,3371.07,3374.22,3370.94,3373.73,421.0
2025-08-25 17:15:00,3373.79,3374.18,3372.07,3373.22,373.0
2025-08-25 17:20:00,3373.22,3373.66,3371.13,3372.69,383.0
2025-08-25 17:25:00,3372.73,3373.31,3369.38,3370.94,372.0
2025-08-25 17:30:00,3371.09,3374.03,3371.09,3371.49,397.0
2025-08-25 17:35:00,3371.51,3373.72,3371.46,3373.02,348.0
2025-08-25 17:40:00,3373.08,3374.36,3372.8,3374.2,328.0
2025-08-25 17:45:00,3374.21,3375.04,3374.02,3374.45,303.0
2025-08-25 17:50:00,3374.53,3375.41,3373.74,3374.0,373.0
2025-08-25 17:55:00,3374.0,3374.76,3373.64,3374.32,361.0
2025-08-25 18:00:00,3374.34,3375.7,3373.88,3374.43,351.0
2025-08-25 18:05:00,3374.25,3375.82,3374.09,3375.07,299.0
2025-08-25 18:10:00,3375.1,3376.06,3374.86,3375.37,310.0
2025-08-25 18:15:00,3375.36,3375.6,3373.89,3374.11,321.0
2025-08-25 18:20:00,3374.1,3376.22,3373.69,3374.99,363.0
2025-08-25 18:25:00,3374.99,3375.02,3373.95,3374.06,292.0
2025-08-25 18:30:00,3374.06,3374.18,3372.71,3373.35,337.0
2025-08-25 18:35:00,3373.27,3373.43,3372.25,3372.35,340.0
2025-08-25 18:40:00,3372.26,3373.07,3371.86,3373.04,288.0
2025-08-25 18:45:00,3373.09,3374.73,3372.7,3373.77,292.0
2025-08-25 18:50:00,3373.82,3374.37,3373.18,3374.2,283.0
2025-08-25 18:55:00,3374.16,3374.3,3373.25,3374.02,271.0
2025-08-25 19:00:00,3374.02,3374.03,3373.15,3373.72,262.0
2025-08-25 19:05:00,3373.72,3373.87,3372.53,3373.38,236.0
2025-08-25 19:10:00,3373.38,3373.67,3372.93,3373.17,234.0
2025-08-25 19:15:00,3373.17,3373.4,3372.72,3373.23,268.0
2025-08-25 19:20:00,3373.19,3373.28,3372.39,3372.85,219.0
2025-08-25 19:25:00,3372.79,3373.35,3372.42,3372.87,218.0
2025-08-25 19:30:00,3372.86,3373.92,3372.8,3373.04,202.0
2025-08-25 19:35:00,3373.05,3373.25,3371.68,3372.58,212.0
2025-08-25 19:40:00,3372.57,3373.37,3372.57,3373.24,207.0
2025-08-25 19:45:00,3373.25,3374.34,3373.18,3373.51,211.0
2025-08-25 19:50:00,3373.5,3373.5,3372.51,3373.04,214.0
2025-08-25 19:55:00,3373.09,3373.93,3372.73,3373.81,229.0
2025-08-25 20:00:00,3373.83,3374.07,3373.13,3373.69,231.0
2025-08-25 20:05:00,3373.68,3374.19,3373.21,3373.75,190.0
2025-08-25 20:10:00,3373.78,3374.7,3373.78,3374.18,198.0
2025-08-25 20:15:00,3374.2,3374.83,3374.08,3374.49,199.0
2025-08-25 20:20:00,3374.5,3374.56,3373.53,3373.74,222.0
2025-08-25 20:25:00,3373.7,3374.32,3372.86,3372.97,271.0
2025-08-25 20:30:00,3372.99,3372.99,3371.55,3371.82,256.0
2025-08-25 20:35:00,3371.81,3372.21,3371.29,3371.72,211.0
2025-08-25 20:40:00,3371.73,3372.85,3371.53,3372.61,213.0
2025-08-25 20:45:00,3372.6,3372.87,3372.2,3372.35,169.0
2025-08-25 20:50:00,3372.33,3372.86,3371.9,3371.98,174.0
2025-08-25 20:55:00,3371.99,3372.04,3370.88,3371.12,210.0
2025-08-25 21:00:00,3371.17,3371.41,3370.49,3371.08,249.0
2025-08-25 21:05:00,3371.09,3371.24,3370.74,3371.17,236.0
2025-08-25 21:10:00,3371.21,3372.36,3370.93,3372.2,246.0
2025-08-25 21:15:00,3372.25,3373.23,3371.94,3372.43,221.0
2025-08-25 21:20:00,3372.44,3372.84,3372.06,3372.35,183.0
2025-08-25 21:25:00,3372.31,3372.5,3371.68,3372.42,190.0
2025-08-25 21:30:00,3372.36,3372.66,3371.95,3371.98,189.0
2025-08-25 21:35:00,3372.08,3372.32,3371.66,3371.89,218.0
2025-08-25 21:40:00,3371.9,3372.47,3371.83,3372.08,205.0
2025-08-25 21:45:00,3372.07,3372.07,3371.24,3371.45,171.0
2025-08-25 21:50:00,3370.82,3371.28,3369.92,3370.7,233.0
2025-08-25 21:55:00,3370.69,3370.72,3369.85,3370.52,203.0
2025-08-25 22:00:00,3370.52,3370.85,3368.94,3368.96,206.0
2025-08-25 22:05:00,3368.96,3369.32,3368.17,3369.04,265.0
2025-08-25 22:10:00,3369.03,3369.14,3368.58,3368.74,233.0
2025-08-25 22:15:00,3368.73,3369.3,3368.17,3368.26,210.0
2025-08-25 22:20:00,3368.17,3369.16,3368.17,3368.55,192.0
2025-08-25 22:25:00,3368.48,3368.66,3367.99,3368.36,179.0
2025-08-25 22:30:00,3368.35,3369.05,3368.32,3368.67,232.0
2025-08-25 22:35:00,3368.61,3369.16,3368.55,3368.6,223.0
2025-08-25 22:40:00,3368.6,3368.6,3367.28,3367.35,219.0
2025-08-25 22:45:00,3367.35,3367.68,3366.96,3367.0,246.0
2025-08-25 22:50:00,3366.98,3367.13,3366.09,3366.1,334.0
2025-08-25 22:55:00,3366.08,3366.08,3365.22,3365.4,313.0
2025-08-25 23:00:00,3365.62,3365.98,3365.25,3365.93,158.0
2025-08-25 23:05:00,3365.94,3365.98,3365.08,3365.25,129.0
2025-08-25 23:10:00,3365.22,3365.35,3364.93,3365.09,131.0
2025-08-25 23:15:00,3365.1,3365.39,3364.64,3364.81,157.0
2025-08-25 23:20:00,3364.82,3365.58,3364.55,3365.53,163.0
2025-08-25 23:25:00,3365.51,3365.67,3364.95,3364.99,134.0
2025-08-25 23:30:00,3365.0,3365.48,3364.55,3364.56,118.0
2025-08-25 23:35:00,3364.59,3365.21,3364.59,3364.67,128.0
2025-08-25 23:40:00,3364.68,3364.94,3364.45,3364.73,134.0
2025-08-25 23:45:00,3364.73,3364.77,3364.22,3364.63,154.0
2025-08-25 23:50:00,3364.62,3365.81,3364.62,3365.73,153.0
2025-08-26 01:05:00,3366.56,3367.24,3365.22,3365.33,143.0
2025-08-26 01:10:00,3365.34,3365.64,3364.5,3365.12,173.0
2025-08-26 01:15:00,3365.15,3365.47,3364.22,3364.75,217.0
2025-08-26 01:20:00,3364.68,3365.15,3364.23,3364.88,183.0
2025-08-26 01:25:00,3364.88,3365.24,3364.56,3364.61,136.0
2025-08-26 01:30:00,3364.6,3364.69,3364.01,3364.26,109.0
2025-08-26 01:35:00,3364.23,3364.39,3363.67,3363.73,158.0
2025-08-26 01:40:00,3363.75,3364.37,3363.74,3364.36,92.0
2025-08-26 01:45:00,3364.36,3365.16,3364.36,3364.95,147.0
2025-08-26 01:50:00,3364.96,3365.17,3364.67,3364.73,96.0
2025-08-26 01:55:00,3364.73,3364.77,3364.09,3364.32,122.0
2025-08-26 02:00:00,3364.22,3364.23,3363.16,3363.18,206.0
2025-08-26 02:05:00,3363.19,3363.21,3362.55,3362.58,191.0
2025-08-26 02:10:00,3362.54,3362.59,3358.21,3358.54,321.0
2025-08-26 02:15:00,3358.44,3358.44,3356.05,3356.64,327.0
2025-08-26 02:20:00,3356.5,3358.19,3354.22,3357.16,356.0
2025-08-26 02:25:00,3357.33,3357.84,3354.61,3355.89,315.0
2025-08-26 02:30:00,3355.77,3355.77,3352.61,3353.52,336.0
2025-08-26 02:35:00,3353.43,3353.95,3352.74,3352.96,278.0
2025-08-26 02:40:00,3353.21,3354.12,3352.12,3353.96,305.0
2025-08-26 02:45:00,3353.82,3354.44,3351.71,3352.92,291.0
2025-08-26 02:50:00,3352.87,3354.68,3352.83,3354.06,250.0
2025-08-26 02:55:00,3354.06,3355.09,3353.79,3354.79,220.0
2025-08-26 03:00:00,3354.82,3358.26,3351.29,3356.96,408.0
2025-08-26 03:05:00,3357.38,3360.54,3355.28,3359.6,505.0
2025-08-26 03:10:00,3360.26,3370.81,3359.21,3369.02,500.0
2025-08-26 03:15:00,3369.01,3375.46,3368.76,3372.16,503.0
2025-08-26 03:20:00,3372.12,3380.09,3372.11,3378.12,484.0
2025-08-26 03:25:00,3378.23,3379.53,3375.3,3377.58,485.0
2025-08-26 03:30:00,3377.39,3381.69,3377.29,3381.33,487.0
2025-08-26 03:35:00,3381.41,3382.11,3378.82,3378.97,474.0
2025-08-26 03:40:00,3378.89,3382.98,3378.43,3382.08,462.0
2025-08-26 03:45:00,3381.84,3385.06,3381.84,3383.19,480.0
2025-08-26 03:50:00,3383.22,3385.0,3382.54,3384.78,494.0
2025-08-26 03:55:00,3384.88,3386.44,3383.05,3383.26,439.0
2025-08-26 04:00:00,3383.33,3384.85,3380.22,3381.22,492.0
2025-08-26 04:05:00,3381.26,3381.55,3375.21,3375.59,477.0
2025-08-26 04:10:00,3375.44,3377.76,3375.44,3375.84,450.0
2025-08-26 04:15:00,3375.84,3376.39,3372.92,3373.08,479.0
2025-08-26 04:20:00,3373.09,3376.07,3372.62,3374.5,413.0
2025-08-26 04:25:00,3374.65,3374.65,3373.23,3373.97,352.0
2025-08-26 04:30:00,3373.97,3374.96,3372.66,3372.82,406.0
2025-08-26 04:35:00,3372.83,3374.0,3371.83,3372.25,420.0
2025-08-26 04:40:00,3372.28,3376.23,3372.28,3375.94,411.0
2025-08-26 04:45:00,3376.03,3377.87,3374.84,3375.14,377.0
2025-08-26 04:50:00,3375.18,3375.96,3373.02,3375.94,374.0
2025-08-26 04:55:00,3375.9,3377.34,3375.72,3376.75,317.0
2025-08-26 05:00:00,3376.73,3379.01,3376.44,3377.53,313.0
2025-08-26 05:05:00,3377.57,3378.91,3377.46,3378.35,361.0
2025-08-26 05:10:00,3378.34,3378.39,3376.72,3376.99,305.0
2025-08-26 05:15:00,3376.99,3377.52,3376.15,3377.05,290.0
2025-08-26 05:20:00,3377.04,3378.35,3376.64,3378.14,277.0
2025-08-26 05:25:00,3378.12,3378.72,3377.45,3377.62,280.0
2025-08-26 05:30:00,3377.61,3377.83,3375.69,3377.51,325.0
2025-08-26 05:35:00,3377.33,3377.5,3376.5,3377.1,286.0
2025-08-26 05:40:00,3377.21,3377.81,3374.54,3375.66,351.0
2025-08-26 05:45:00,3375.4,3375.45,3373.09,3373.25,323.0
2025-08-26 05:50:00,3373.2,3373.95,3372.88,3373.53,317.0
2025-08-26 05:55:00,3373.58,3375.4,3373.48,3375.37,278.0
2025-08-26 06:00:00,3375.4,3375.43,3372.58,3372.86,280.0
2025-08-26 06:05:00,3372.93,3372.95,3370.99,3371.45,342.0
2025-08-26 06:10:00,3371.41,3371.59,3370.23,3370.96,355.0
2025-08-26 06:15:00,3370.97,3370.97,3369.84,3370.42,341.0
2025-08-26 06:20:00,3370.37,3372.24,3370.05,3371.83,333.0
2025-08-26 06:25:00,3371.9,3372.84,3371.9,3372.25,291.0
2025-08-26 06:30:00,3372.24,3372.9,3371.97,3372.58,242.0
2025-08-26 06:35:00,3372.65,3373.91,3372.55,3373.24,280.0
2025-08-26 06:40:00,3373.26,3373.5,3371.96,3372.78,245.0
2025-08-26 06:45:00,3372.75,3373.52,3372.61,3373.23,257.0
2025-08-26 06:50:00,3373.19,3373.34,3372.35,3372.6,234.0
2025-08-26 06:55:00,3372.47,3372.69,3371.79,3372.2,254.0
2025-08-26 07:00:00,3372.16,3373.6,3372.1,3373.21,257.0
2025-08-26 07:05:00,3373.25,3373.67,3372.83,3373.33,211.0
2025-08-26 07:10:00,3373.29,3373.52,3372.73,3373.16,194.0
2025-08-26 07:15:00,3373.24,3375.31,3373.16,3375.24,246.0
2025-08-26 07:20:00,3375.28,3375.85,3374.73,3375.09,305.0
2025-08-26 07:25:00,3375.07,3376.09,3374.66,3375.49,274.0
2025-08-26 07:30:00,3375.44,3376.36,3375.44,3375.66,298.0
2025-08-26 07:35:00,3375.71,3377.62,3375.58,3377.42,251.0
2025-08-26 07:40:00,3377.45,3377.95,3377.13,3377.72,242.0
2025-08-26 07:45:00,3377.67,3378.18,3376.72,3377.93,238.0
2025-08-26 07:50:00,3377.95,3378.69,3377.8,3378.69,276.0
2025-08-26 07:55:00,3378.63,3378.92,3376.97,3377.34,282.0
2025-08-26 08:00:00,3377.38,3379.02,3376.83,3377.87,296.0
2025-08-26 08:05:00,3377.88,3377.89,3376.69,3376.97,245.0
2025-08-26 08:10:00,3376.98,3377.04,3374.81,3375.12,311.0
2025-08-26 08:15:00,3375.1,3375.1,3373.62,3373.9,268.0
2025-08-26 08:20:00,3373.89,3374.14,3372.86,3373.48,278.0
2025-08-26 08:25:00,3373.3,3374.79,3372.99,3373.37,331.0
2025-08-26 08:30:00,3373.27,3374.14,3372.51,3373.57,296.0
2025-08-26 08:35:00,3373.51,3375.58,3373.51,3375.14,342.0
2025-08-26 08:40:00,3375.1,3377.62,3375.09,3377.31,354.0
2025-08-26 08:45:00,3377.31,3378.04,3375.99,3376.89,368.0
2025-08-26 08:50:00,3376.89,3377.15,3375.53,3375.75,288.0
2025-08-26 08:55:00,3375.78,3376.78,3375.28,3376.59,305.0
2025-08-26 09:00:00,3376.55,3376.55,3375.23,3375.56,324.0
2025-08-26 09:05:00,3375.56,3376.05,3374.89,3375.82,306.0
2025-08-26 09:10:00,3375.83,3376.63,3375.43,3376.37,280.0
2025-08-26 09:15:00,3376.32,3376.51,3374.63,3374.64,274.0
2025-08-26 09:20:00,3374.62,3374.68,3372.5,3372.87,391.0
2025-08-26 09:25:00,3372.84,3374.48,3372.84,3373.48,326.0
2025-08-26 09:30:00,3373.47,3376.07,3373.25,3375.52,293.0
2025-08-26 09:35:00,3375.52,3376.88,3375.5,3375.69,328.0
2025-08-26 09:40:00,3375.7,3375.93,3374.8,3374.94,284.0
2025-08-26 09:45:00,3374.98,3376.8,3374.93,3376.42,273.0
2025-08-26 09:50:00,3376.41,3377.7,3375.98,3376.81,266.0
2025-08-26 09:55:00,3376.9,3377.33,3375.6,3376.32,285.0
2025-08-26 10:00:00,3376.2,3377.0,3374.81,3376.25,290.0
2025-08-26 10:05:00,3376.23,3376.75,3373.94,3373.98,333.0
2025-08-26 10:10:00,3373.88,3374.32,3370.31,3372.02,413.0
2025-08-26 10:15:00,3372.02,3372.95,3368.3,3368.76,439.0
2025-08-26 10:20:00,3368.89,3370.53,3367.32,3369.7,378.0
2025-08-26 10:25:00,3369.41,3371.8,3369.11,3370.86,317.0
2025-08-26 10:30:00,3370.82,3374.06,3370.61,3373.74,378.0
2025-08-26 10:35:00,3373.69,3374.88,3373.04,3374.69,345.0
2025-08-26 10:40:00,3374.64,3377.89,3374.16,3377.67,364.0
2025-08-26 10:45:00,3377.51,3379.11,3377.23,3377.7,360.0
2025-08-26 10:50:00,3377.71,3378.53,3376.25,3376.56,371.0
2025-08-26 10:55:00,3376.54,3377.58,3375.91,3376.74,344.0
2025-08-26 11:00:00,3376.73,3379.46,3376.73,3378.41,366.0
2025-08-26 11:05:00,3378.27,3378.85,3377.03,3377.42,343.0
2025-08-26 11:10:00,3377.47,3378.09,3376.74,3376.75,343.0
2025-08-26 11:15:00,3376.8,3378.23,3376.45,3377.09,321.0
2025-08-26 11:20:00,3377.06,3377.19,3375.5,3376.18,315.0
2025-08-26 11:25:00,3376.12,3378.96,3376.04,3378.91,346.0
2025-08-26 11:30:00,3378.81,3379.6,3378.3,3379.6,312.0
2025-08-26 11:35:00,3379.52,3379.67,3378.06,3378.98,237.0
2025-08-26 11:40:00,3379.09,3379.86,3377.2,3377.7,264.0
2025-08-26 11:45:00,3377.56,3378.79,3377.47,3378.21,292.0
2025-08-26 11:50:00,3378.22,3378.41,3377.35,3377.81,346.0
2025-08-26 11:55:00,3377.81,3377.92,3376.46,3376.62,344.0
2025-08-26 12:00:00,3376.6,3376.6,3374.57,3375.6,320.0
2025-08-26 12:05:00,3375.59,3377.51,3375.59,3376.71,250.0
2025-08-26 12:10:00,3376.68,3377.2,3376.44,3376.9,265.0
2025-08-26 12:15:00,3376.91,3378.36,3376.23,3378.11,303.0
2025-08-26 12:20:00,3378.12,3378.56,3376.4,3376.48,311.0
2025-08-26 12:25:00,3376.47,3376.48,3374.57,3375.26,297.0
2025-08-26 12:30:00,3375.28,3375.28,3372.42,3372.71,388.0
2025-08-26 12:35:00,3372.59,3373.51,3371.84,3371.89,353.0
2025-08-26 12:40:00,3371.9,3372.92,3371.64,3372.5,323.0
2025-08-26 12:45:00,3372.42,3373.45,3369.62,3370.33,348.0
2025-08-26 12:50:00,3370.33,3371.48,3370.09,3370.31,354.0
2025-08-26 12:55:00,3370.27,3373.51,3370.09,3372.0,372.0
2025-08-26 13:00:00,3372.05,3375.12,3371.89,3373.83,336.0
2025-08-26 13:05:00,3373.65,3373.84,3372.43,3372.7,277.0
2025-08-26 13:10:00,3372.62,3373.25,3370.92,3371.59,255.0
2025-08-26 13:15:00,3371.67,3372.91,3371.36,3372.31,232.0
2025-08-26 13:20:00,3372.29,3372.43,3371.29,3371.5,207.0
2025-08-26 13:25:00,3371.52,3371.91,3370.37,3370.67,234.0
2025-08-26 13:30:00,3370.52,3370.72,3368.52,3368.52,324.0
2025-08-26 13:35:00,3368.52,3369.1,3367.29,3368.12,375.0
2025-08-26 13:40:00,3368.34,3369.92,3367.57,3369.38,298.0
2025-08-26 13:45:00,3369.41,3370.1,3369.01,3369.85,233.0
2025-08-26 13:50:00,3369.8,3371.6,3369.79,3371.19,284.0
2025-08-26 13:55:00,3371.24,3372.59,3370.71,3371.99,246.0
2025-08-26 14:00:00,3372.16,3373.02,3370.67,3372.89,315.0
2025-08-26 14:05:00,3373.05,3376.22,3372.39,3376.12,387.0
2025-08-26 14:10:00,3376.14,3377.16,3375.49,3376.35,389.0
2025-08-26 14:15:00,3376.44,3377.71,3375.89,3377.1,339.0
2025-08-26 14:20:00,3377.15,3377.77,3376.47,3377.45,346.0
2025-08-26 14:25:00,3377.46,3378.41,3377.41,3378.32,322.0
2025-08-26 14:30:00,3378.34,3379.63,3377.94,3378.02,328.0
2025-08-26 14:35:00,3377.88,3379.07,3376.4,3378.57,390.0
2025-08-26 14:40:00,3378.58,3379.6,3378.38,3378.93,357.0
2025-08-26 14:45:00,3378.98,3380.23,3378.7,3379.01,381.0
2025-08-26 14:50:00,3379.09,3379.11,3377.58,3378.08,312.0
2025-08-26 14:55:00,3378.15,3379.04,3376.74,3377.49,327.0
2025-08-26 15:00:00,3377.48,3378.4,3376.93,3377.02,360.0
2025-08-26 15:05:00,3377.07,3379.26,3376.08,3377.42,373.0
2025-08-26 15:10:00,3377.42,3378.91,3377.42,3377.97,372.0
2025-08-26 15:15:00,3378.01,3378.92,3377.18,3378.92,318.0
2025-08-26 15:20:00,3378.98,3379.79,3377.17,3378.28,371.0
2025-08-26 15:25:00,3378.2,3378.52,3376.72,3376.91,326.0
2025-08-26 15:30:00,3376.95,3377.81,3375.56,3377.52,349.0
2025-08-26 15:35:00,3377.43,3378.03,3375.98,3376.58,339.0
2025-08-26 15:40:00,3376.51,3378.93,3376.35,3378.14,341.0
2025-08-26 15:45:00,3378.22,3378.43,3376.62,3377.65,308.0
2025-08-26 15:50:00,3377.64,3377.64,3375.59,3375.64,353.0
2025-08-26 15:55:00,3375.39,3375.4,3371.05,3371.94,432.0
2025-08-26 16:00:00,3371.92,3374.46,3370.59,3370.73,488.0
2025-08-26 16:05:00,3370.81,3372.62,3370.69,3372.13,442.0
2025-08-26 16:10:00,3372.07,3373.5,3370.83,3372.52,417.0
2025-08-26 16:15:00,3372.53,3373.1,3371.06,3372.22,397.0
2025-08-26 16:20:00,3372.25,3372.71,3370.88,3371.32,377.0
2025-08-26 16:25:00,3371.3,3373.74,3370.67,3373.71,380.0
2025-08-26 16:30:00,3373.62,3376.35,3373.59,3375.45,476.0
2025-08-26 16:35:00,3375.48,3378.03,3375.48,3376.32,484.0
2025-08-26 16:40:00,3376.19,3378.04,3375.99,3377.47,469.0
2025-08-26 16:45:00,3377.42,3377.59,3372.81,3373.52,436.0
2025-08-26 16:50:00,3373.56,3377.55,3373.53,3376.36,423.0
2025-08-26 16:55:00,3376.42,3376.71,3374.89,3375.72,380.0
2025-08-26 17:00:00,3375.61,3375.86,3372.4,3373.72,467.0
2025-08-26 17:05:00,3373.88,3374.8,3371.2,3371.82,456.0
2025-08-26 17:10:00,3371.96,3373.63,3370.53,3371.48,459.0
2025-08-26 17:15:00,3371.46,3374.52,3370.39,3374.46,426.0
2025-08-26 17:20:00,3374.69,3376.28,3373.45,3375.18,427.0
2025-08-26 17:25:00,3375.19,3375.64,3373.21,3374.2,397.0
2025-08-26 17:30:00,3374.16,3375.48,3374.02,3374.94,375.0
2025-08-26 17:35:00,3374.99,3377.03,3374.4,3374.88,412.0
2025-08-26 17:40:00,3374.87,3376.49,3373.64,3376.41,378.0
2025-08-26 17:45:00,3376.43,3378.52,3376.02,3378.35,401.0
2025-08-26 17:50:00,3378.32,3379.01,3377.5,3378.6,433.0
2025-08-26 17:55:00,3378.83,3379.54,3378.45,3379.35,409.0
2025-08-26 18:00:00,3379.38,3381.13,3378.64,3380.01,329.0
2025-08-26 18:05:00,3380.1,3380.89,3379.22,3379.54,359.0
2025-08-26 18:10:00,3379.53,3382.1,3379.11,3381.42,380.0
2025-08-26 18:15:00,3381.42,3381.54,3379.66,3380.29,364.0
2025-08-26 18:20:00,3380.22,3382.81,3379.99,3382.34,274.0
2025-08-26 18:25:00,3382.29,3383.55,3381.81,3381.95,387.0
2025-08-26 18:30:00,3381.94,3383.08,3381.61,3383.08,332.0
2025-08-26 18:35:00,3383.02,3383.98,3382.81,3383.68,356.0
2025-08-26 18:40:00,3383.68,3384.92,3383.33,3384.76,346.0
2025-08-26 18:45:00,3384.91,3385.86,3384.35,3385.11,376.0
2025-08-26 18:50:00,3385.21,3386.03,3383.85,3385.86,350.0
2025-08-26 18:55:00,3385.85,3389.39,3385.85,3386.67,406.0
2025-08-26 19:00:00,3386.66,3387.05,3385.35,3386.72,357.0
2025-08-26 19:05:00,3386.72,3387.66,3385.15,3385.22,338.0
2025-08-26 19:10:00,3385.14,3386.03,3384.68,3385.3,352.0
2025-08-26 19:15:00,3385.19,3385.22,3383.47,3383.57,285.0
2025-08-26 19:20:00,3383.45,3385.91,3383.08,3385.6,355.0
2025-08-26 19:25:00,3385.42,3385.61,3383.43,3384.5,294.0
2025-08-26 19:30:00,3384.48,3385.85,3384.21,3385.45,262.0
2025-08-26 19:35:00,3385.42,3385.43,3384.66,3384.85,237.0
2025-08-26 19:40:00,3384.86,3385.18,3383.33,3383.35,243.0
2025-08-26 19:45:00,3383.34,3383.45,3382.53,3383.45,266.0
2025-08-26 19:50:00,3383.49,3383.49,3382.77,3382.93,229.0
2025-08-26 19:55:00,3383.11,3383.5,3382.88,3382.99,191.0
2025-08-26 20:00:00,3383.01,3384.1,3382.84,3383.19,234.0
2025-08-26 20:05:00,3383.25,3383.48,3382.73,3382.83,198.0
2025-08-26 20:10:00,3382.84,3383.67,3382.68,3383.38,214.0
2025-08-26 20:15:00,3383.39,3384.46,3383.24,3383.87,309.0
2025-08-26 20:20:00,3383.96,3385.52,3383.96,3385.46,277.0
2025-08-26 20:25:00,3385.48,3385.94,3383.68,3384.0,303.0
2025-08-26 20:30:00,3383.99,3384.17,3383.28,3383.7,237.0
2025-08-26 20:35:00,3383.71,3383.93,3381.82,3381.83,281.0
2025-08-26 20:40:00,3381.83,3382.3,3381.53,3381.88,218.0
2025-08-26 20:45:00,3381.87,3382.97,3381.85,3382.48,200.0
2025-08-26 20:50:00,3382.46,3382.46,3381.71,3381.73,208.0
2025-08-26 20:55:00,3381.74,3382.18,3381.57,3381.69,206.0
2025-08-26 21:00:00,3381.69,3381.91,3380.59,3380.75,268.0
2025-08-26 21:05:00,3380.75,3381.01,3380.33,3380.78,262.0
2025-08-26 21:10:00,3380.77,3382.55,3380.65,3382.54,277.0
2025-08-26 21:15:00,3382.47,3382.9,3381.47,3382.3,261.0
2025-08-26 21:20:00,3382.36,3383.28,3382.32,3382.89,224.0
2025-08-26 21:25:00,3382.91,3383.14,3382.33,3382.79,229.0
2025-08-26 21:30:00,3382.8,3383.54,3382.8,3383.44,227.0
2025-08-26 21:35:00,3383.45,3384.48,3383.33,3384.2,219.0
2025-08-26 21:40:00,3384.18,3384.5,3383.93,3384.34,219.0
2025-08-26 21:45:00,3384.4,3385.43,3384.4,3385.27,255.0
2025-08-26 21:50:00,3385.26,3385.41,3384.86,3384.9,202.0
2025-08-26 21:55:00,3384.92,3385.6,3384.8,3385.56,257.0
2025-08-26 22:00:00,3385.59,3385.86,3385.17,3385.75,212.0
2025-08-26 22:05:00,3385.79,3387.92,3385.56,3387.64,313.0
2025-08-26 22:10:00,3387.59,3388.84,3387.59,3388.31,265.0
2025-08-26 22:15:00,3388.3,3388.5,3388.08,3388.35,204.0
2025-08-26 22:20:00,3388.37,3389.2,3388.32,3389.04,259.0
2025-08-26 22:25:00,3389.05,3389.3,3388.37,3388.49,249.0
2025-08-26 22:30:00,3388.47,3388.76,3388.0,3388.37,275.0
2025-08-26 22:35:00,3388.35,3388.43,3387.93,3388.42,221.0
2025-08-26 22:40:00,3388.43,3389.41,3388.33,3388.91,265.0
2025-08-26 22:45:00,3388.92,3390.67,3388.92,3390.49,329.0
2025-08-26 22:50:00,3390.45,3390.73,3389.79,3390.45,288.0
2025-08-26 22:55:00,3390.43,3390.83,3389.54,3389.6,343.0
2025-08-26 23:00:00,3389.78,3390.02,3389.21,3389.75,191.0
2025-08-26 23:05:00,3389.79,3390.89,3389.79,3390.88,191.0
2025-08-26 23:10:00,3390.88,3390.97,3389.76,3390.05,139.0
2025-08-26 23:15:00,3390.03,3390.88,3389.97,3390.35,147.0
2025-08-26 23:20:00,3390.38,3390.51,3390.07,3390.1,120.0
2025-08-26 23:25:00,3390.09,3390.37,3389.76,3390.22,91.0
2025-08-26 23:30:00,3390.25,3390.98,3390.04,3390.88,118.0
2025-08-26 23:35:00,3390.88,3391.03,3390.02,3390.29,122.0
2025-08-26 23:40:00,3390.26,3391.14,3390.24,3391.07,109.0
2025-08-26 23:45:00,3391.08,3391.27,3390.86,3391.25,135.0
2025-08-26 23:50:00,3391.31,3393.31,3391.12,3392.96,221.0
2025-08-27 01:05:00,3390.76,3391.77,3389.95,3391.57,238.0
2025-08-27 01:10:00,3391.49,3391.49,3389.36,3389.36,199.0
2025-08-27 01:15:00,3389.45,3389.83,3388.83,3388.83,245.0
2025-08-27 01:20:00,3388.91,3390.39,3388.76,3390.17,166.0
2025-08-27 01:25:00,3390.18,3390.3,3389.51,3389.68,183.0
2025-08-27 01:30:00,3389.71,3391.85,3389.71,3391.42,242.0
2025-08-27 01:35:00,3391.49,3392.03,3390.96,3391.24,168.0
2025-08-27 01:40:00,3391.25,3391.26,3390.43,3390.78,185.0
2025-08-27 01:45:00,3390.8,3390.91,3390.35,3390.57,170.0
2025-08-27 01:50:00,3390.57,3391.12,3390.31,3391.06,156.0
2025-08-27 01:55:00,3391.06,3391.4,3390.77,3391.06,154.0
2025-08-27 02:00:00,3391.15,3391.21,3390.64,3391.11,159.0
2025-08-27 02:05:00,3391.12,3391.71,3390.82,3391.19,161.0
2025-08-27 02:10:00,3391.23,3392.13,3391.19,3391.7,188.0
2025-08-27 02:15:00,3391.65,3392.18,3391.6,3392.02,164.0
2025-08-27 02:20:00,3392.03,3392.98,3392.0,3392.38,184.0
2025-08-27 02:25:00,3392.34,3392.51,3391.63,3391.65,158.0
2025-08-27 02:30:00,3391.66,3392.26,3391.53,3391.58,136.0
2025-08-27 02:35:00,3391.58,3391.75,3390.41,3390.42,219.0
2025-08-27 02:40:00,3390.45,3391.04,3390.3,3390.53,186.0
2025-08-27 02:45:00,3390.55,3391.57,3390.06,3391.23,203.0
2025-08-27 02:50:00,3391.24,3391.79,3390.51,3391.42,178.0
2025-08-27 02:55:00,3391.41,3391.43,3390.19,3390.87,202.0
2025-08-27 03:00:00,3390.89,3391.92,3389.67,3390.97,334.0
2025-08-27 03:05:00,3390.96,3392.14,3390.26,3391.97,261.0
2025-08-27 03:10:00,3392.01,3392.47,3391.07,3392.37,282.0
2025-08-27 03:15:00,3392.37,3393.49,3391.6,3393.1,220.0
2025-08-27 03:20:00,3393.13,3393.2,3391.72,3391.92,256.0
2025-08-27 03:25:00,3391.94,3391.94,3390.84,3391.43,260.0
2025-08-27 03:30:00,3391.43,3392.62,3389.82,3389.82,284.0
2025-08-27 03:35:00,3389.91,3390.29,3388.98,3389.96,321.0
2025-08-27 03:40:00,3389.95,3390.03,3389.31,3389.43,212.0
2025-08-27 03:45:00,3389.43,3390.58,3389.2,3389.55,221.0
2025-08-27 03:50:00,3389.54,3391.23,3389.15,3391.14,315.0
2025-08-27 03:55:00,3391.12,3391.25,3389.43,3389.62,311.0
2025-08-27 04:00:00,3389.65,3390.01,3387.1,3387.45,414.0
2025-08-27 04:05:00,3387.45,3388.01,3386.67,3387.22,382.0
2025-08-27 04:10:00,3387.17,3387.88,3386.23,3386.35,378.0
2025-08-27 04:15:00,3386.35,3386.9,3385.4,3385.5,351.0
2025-08-27 04:20:00,3385.51,3385.58,3384.46,3385.17,349.0
2025-08-27 04:25:00,3385.17,3385.48,3384.37,3384.72,300.0
2025-08-27 04:30:00,3384.76,3385.7,3384.4,3385.05,342.0
2025-08-27 04:35:00,3385.11,3385.72,3383.84,3383.85,305.0
2025-08-27 04:40:00,3383.83,3386.2,3383.38,3386.01,375.0
2025-08-27 04:45:00,3386.06,3387.77,3385.19,3385.83,362.0
2025-08-27 04:50:00,3385.84,3387.86,3385.22,3387.4,365.0
2025-08-27 04:55:00,3387.4,3387.53,3385.74,3386.22,309.0
2025-08-27 05:00:00,3386.19,3387.01,3385.18,3385.18,310.0
2025-08-27 05:05:00,3385.1,3385.95,3384.9,3385.58,271.0
2025-08-27 05:10:00,3385.59,3385.97,3385.18,3385.81,228.0
2025-08-27 05:15:00,3385.85,3386.47,3385.33,3386.23,225.0
2025-08-27 05:20:00,3386.32,3386.6,3384.69,3384.83,283.0
2025-08-27 05:25:00,3384.82,3385.83,3384.38,3385.62,277.0
2025-08-27 05:30:00,3385.62,3386.47,3384.89,3384.89,287.0
2025-08-27 05:35:00,3384.92,3385.13,3382.68,3382.88,306.0
2025-08-27 05:40:00,3382.85,3384.01,3382.16,3383.69,336.0
2025-08-27 05:45:00,3383.69,3385.04,3383.6,3384.99,244.0
2025-08-27 05:50:00,3384.97,3385.14,3383.28,3384.04,289.0
2025-08-27 05:55:00,3384.01,3384.43,3383.87,3384.17,239.0
2025-08-27 06:00:00,3384.16,3384.42,3383.62,3384.38,258.0
2025-08-27 06:05:00,3384.4,3384.4,3383.9,3383.97,226.0
2025-08-27 06:10:00,3383.96,3384.49,3383.63,3384.03,231.0
2025-08-27 06:15:00,3383.99,3383.99,3382.74,3382.88,228.0
2025-08-27 06:20:00,3382.89,3382.89,3381.94,3382.51,230.0
2025-08-27 06:25:00,3382.5,3382.85,3381.99,3382.1,280.0
2025-08-27 06:30:00,3382.16,3382.54,3381.19,3382.23,285.0
2025-08-27 06:35:00,3382.23,3383.04,3381.83,3382.42,269.0
2025-08-27 06:40:00,3382.4,3382.59,3382.03,3382.48,209.0
2025-08-27 06:45:00,3382.49,3382.91,3382.17,3382.33,186.0
2025-08-27 06:50:00,3382.32,3383.22,3380.85,3381.4,273.0
2025-08-27 06:55:00,3381.41,3381.6,3380.57,3380.64,238.0
2025-08-27 07:00:00,3380.63,3381.33,3379.77,3379.77,317.0
2025-08-27 07:05:00,3379.78,3380.38,3379.3,3379.73,286.0
2025-08-27 07:10:00,3379.66,3379.77,3379.02,3379.6,263.0
2025-08-27 07:15:00,3379.59,3379.65,3379.01,3379.16,233.0
2025-08-27 07:20:00,3379.14,3379.14,3377.91,3378.06,265.0
2025-08-27 07:25:00,3378.09,3378.67,3377.23,3377.3,300.0
2025-08-27 07:30:00,3377.28,3377.9,3376.66,3376.73,269.0
2025-08-27 07:35:00,3376.78,3377.45,3375.81,3376.82,245.0
2025-08-27 07:40:00,3376.78,3377.38,3374.84,3374.99,332.0
2025-08-27 07:45:00,3374.94,3375.92,3374.5,3374.95,307.0
2025-08-27 07:50:00,3374.92,3375.0,3373.89,3374.13,286.0
2025-08-27 07:55:00,3374.08,3375.38,3373.99,3374.99,303.0
2025-08-27 08:00:00,3375.03,3376.17,3374.36,3375.25,370.0
2025-08-27 08:05:00,3375.25,3375.77,3374.63,3375.72,288.0
2025-08-27 08:10:00,3375.76,3376.13,3374.14,3374.71,338.0
2025-08-27 08:15:00,3374.73,3376.2,3374.18,3375.72,294.0
2025-08-27 08:20:00,3375.72,3377.23,3375.63,3376.52,275.0
2025-08-27 08:25:00,3376.53,3377.37,3375.7,3375.7,263.0
2025-08-27 08:30:00,3375.68,3378.29,3375.68,3378.0,362.0
2025-08-27 08:35:00,3377.99,3378.74,3377.7,3378.18,313.0
2025-08-27 08:40:00,3378.17,3378.58,3377.47,3377.71,306.0
2025-08-27 08:45:00,3377.75,3378.56,3376.68,3378.44,313.0
2025-08-27 08:50:00,3378.43,3378.91,3377.18,3377.35,263.0
2025-08-27 08:55:00,3377.41,3377.42,3375.89,3377.2,272.0
2025-08-27 09:00:00,3377.18,3378.4,3377.16,3378.15,353.0
2025-08-27 09:05:00,3378.23,3379.06,3378.17,3378.47,313.0
2025-08-27 09:10:00,3378.47,3379.66,3378.38,3379.38,275.0
2025-08-27 09:15:00,3379.33,3381.92,3379.33,3381.59,333.0
2025-08-27 09:20:00,3381.52,3381.91,3380.38,3380.67,321.0
2025-08-27 09:25:00,3380.71,3381.27,3380.06,3381.01,297.0
2025-08-27 09:30:00,3380.98,3381.55,3380.02,3380.1,287.0
2025-08-27 09:35:00,3380.17,3380.17,3378.73,3378.97,250.0
2025-08-27 09:40:00,3378.96,3379.82,3378.25,3379.82,276.0
2025-08-27 09:45:00,3379.77,3380.09,3379.05,3379.6,249.0
2025-08-27 09:50:00,3379.56,3379.71,3377.27,3377.38,285.0
2025-08-27 09:55:00,3377.42,3377.7,3376.31,3377.49,298.0
2025-08-27 10:00:00,3377.44,3377.58,3375.29,3375.34,279.0
2025-08-27 10:05:00,3375.32,3378.17,3375.02,3376.24,307.0
2025-08-27 10:10:00,3376.16,3376.4,3374.16,3374.58,302.0
2025-08-27 10:15:00,3374.55,3375.77,3373.81,3375.08,320.0
2025-08-27 10:20:00,3375.06,3375.54,3374.18,3374.97,245.0
2025-08-27 10:25:00,3374.91,3376.5,3374.91,3375.04,299.0
2025-08-27 10:30:00,3375.04,3376.08,3374.43,3375.25,340.0
2025-08-27 10:35:00,3375.34,3377.07,3375.11,3377.01,355.0
2025-08-27 10:40:00,3377.06,3378.19,3377.0,3378.11,264.0
2025-08-27 10:45:00,3378.13,3379.99,3377.73,3379.71,320.0
2025-08-27 10:50:00,3379.73,3381.21,3379.12,3380.63,329.0
2025-08-27 10:55:00,3380.62,3381.59,3380.25,3381.48,319.0
2025-08-27 11:00:00,3381.44,3382.71,3381.11,3382.17,333.0
2025-08-27 11:05:00,3382.15,3383.87,3381.72,3382.7,374.0
2025-08-27 11:10:00,3382.7,3383.58,3381.02,3382.11,343.0
2025-08-27 11:15:00,3382.12,3383.54,3382.12,3383.35,353.0
2025-08-27 11:20:00,3383.29,3384.99,3383.17,3384.72,299.0
2025-08-27 11:25:00,3384.75,3384.81,3383.55,3384.26,290.0
2025-08-27 11:30:00,3384.3,3384.55,3382.27,3382.77,321.0
2025-08-27 11:35:00,3382.7,3383.11,3382.28,3382.55,266.0
2025-08-27 11:40:00,3382.54,3383.65,3381.79,3383.56,305.0
2025-08-27 11:45:00,3383.64,3383.95,3382.93,3383.03,255.0
2025-08-27 11:50:00,3383.04,3383.91,3383.04,3383.8,218.0
2025-08-27 11:55:00,3383.79,3384.7,3383.58,3384.53,237.0
2025-08-27 12:00:00,3384.55,3385.3,3384.15,3384.58,280.0
2025-08-27 12:05:00,3384.58,3385.05,3384.04,3384.86,250.0
2025-08-27 12:10:00,3384.78,3385.44,3383.78,3384.65,259.0
2025-08-27 12:15:00,3384.66,3384.93,3384.1,3384.62,241.0
2025-08-27 12:20:00,3384.63,3384.83,3383.14,3383.73,280.0
2025-08-27 12:25:00,3383.68,3384.17,3382.47,3382.57,336.0
2025-08-27 12:30:00,3382.4,3383.33,3382.1,3383.12,263.0
2025-08-27 12:35:00,3383.04,3383.58,3381.55,3382.26,284.0
2025-08-27 12:40:00,3382.18,3382.49,3381.65,3381.76,260.0
2025-08-27 12:45:00,3381.76,3382.28,3381.01,3381.22,251.0
2025-08-27 12:50:00,3381.22,3381.63,3378.16,3378.51,383.0
2025-08-27 12:55:00,3378.47,3379.38,3377.62,3378.22,346.0
2025-08-27 13:00:00,3378.29,3379.17,3376.94,3376.94,350.0
2025-08-27 13:05:00,3376.95,3378.1,3376.77,3377.51,308.0
2025-08-27 13:10:00,3377.49,3378.4,3376.78,3378.07,346.0
2025-08-27 13:15:00,3377.63,3378.29,3377.14,3377.98,322.0
2025-08-27 13:20:00,3378.04,3378.43,3377.36,3377.87,342.0
2025-08-27 13:25:00,3377.88,3377.95,3376.35,3376.5,282.0
2025-08-27 13:30:00,3376.48,3376.48,3375.15,3375.34,333.0
2025-08-27 13:35:00,3375.36,3376.88,3374.92,3376.71,325.0
2025-08-27 13:40:00,3376.89,3378.03,3375.56,3375.86,337.0
2025-08-27 13:45:00,3375.85,3376.87,3374.89,3376.41,371.0
2025-08-27 13:50:00,3376.38,3376.48,3375.27,3375.7,333.0
2025-08-27 13:55:00,3375.76,3377.25,3375.36,3375.55,397.0
2025-08-27 14:00:00,3375.73,3376.46,3374.69,3376.1,340.0
2025-08-27 14:05:00,3376.11,3377.01,3374.94,3376.88,330.0
2025-08-27 14:10:00,3376.93,3377.22,3375.72,3376.76,262.0
2025-08-27 14:15:00,3376.77,3376.88,3375.75,3375.84,278.0
2025-08-27 14:20:00,3375.83,3375.95,3374.61,3374.88,299.0
2025-08-27 14:25:00,3374.91,3375.61,3374.09,3375.26,291.0
2025-08-27 14:30:00,3375.3,3375.96,3374.7,3375.19,296.0
2025-08-27 14:35:00,3375.18,3375.74,3373.84,3374.92,310.0
2025-08-27 14:40:00,3375.07,3375.88,3374.93,3375.0,255.0
2025-08-27 14:45:00,3374.99,3376.78,3374.93,3376.78,263.0
2025-08-27 14:50:00,3376.81,3378.18,3376.71,3377.29,309.0
2025-08-27 14:55:00,3377.24,3377.93,3376.8,3376.83,336.0
2025-08-27 15:00:00,3376.78,3377.45,3375.63,3375.93,260.0
2025-08-27 15:05:00,3375.9,3376.67,3374.43,3376.07,295.0
2025-08-27 15:10:00,3376.2,3377.61,3375.96,3376.94,290.0
2025-08-27 15:15:00,3377.0,3377.92,3376.58,3377.77,275.0
2025-08-27 15:20:00,3377.82,3380.74,3377.67,3380.33,405.0
2025-08-27 15:25:00,3380.42,3382.87,3379.83,3381.68,389.0
2025-08-27 15:30:00,3381.72,3382.65,3380.33,3381.86,403.0
2025-08-27 15:35:00,3381.66,3381.89,3379.66,3381.24,384.0
2025-08-27 15:40:00,3381.22,3382.04,3380.51,3381.37,338.0
2025-08-27 15:45:00,3381.39,3382.76,3380.62,3381.98,376.0
2025-08-27 15:50:00,3381.98,3382.46,3381.37,3382.17,310.0
2025-08-27 15:55:00,3382.15,3382.47,3380.04,3381.13,352.0
2025-08-27 16:00:00,3381.4,3382.58,3380.62,3380.8,376.0
2025-08-27 16:05:00,3380.77,3384.21,3380.53,3383.76,350.0
2025-08-27 16:10:00,3383.66,3384.02,3382.36,3382.36,335.0
2025-08-27 16:15:00,3382.37,3384.82,3382.3,3383.53,322.0
2025-08-27 16:20:00,3383.54,3384.13,3382.97,3384.09,341.0
2025-08-27 16:25:00,3384.1,3384.1,3381.86,3382.0,325.0
2025-08-27 16:30:00,3382.12,3382.12,3377.95,3378.75,462.0
2025-08-27 16:35:00,3378.71,3381.65,3378.24,3381.23,472.0
2025-08-27 16:40:00,3381.38,3381.91,3377.57,3378.09,438.0
2025-08-27 16:45:00,3378.13,3378.16,3375.65,3376.24,470.0
2025-08-27 16:50:00,3376.24,3378.21,3376.21,3377.82,435.0
2025-08-27 16:55:00,3377.91,3378.56,3377.25,3377.79,358.0
2025-08-27 17:00:00,3377.88,3379.18,3376.65,3377.43,435.0
2025-08-27 17:05:00,3377.21,3379.99,3376.2,3378.59,399.0
2025-08-27 17:10:00,3378.39,3379.71,3378.21,3379.51,372.0
2025-08-27 17:15:00,3379.68,3380.82,3379.0,3380.67,347.0
2025-08-27 17:20:00,3380.71,3382.23,3380.71,3381.92,335.0
2025-08-27 17:25:00,3381.82,3383.6,3381.82,3383.09,395.0
2025-08-27 17:30:00,3383.06,3384.01,3381.78,3381.85,365.0
2025-08-27 17:35:00,3381.8,3383.18,3380.96,3382.66,408.0
2025-08-27 17:40:00,3382.7,3384.01,3382.66,3383.6,346.0
2025-08-27 17:45:00,3383.58,3384.28,3383.08,3383.42,327.0
2025-08-27 17:50:00,3383.36,3385.34,3383.24,3385.34,376.0
2025-08-27 17:55:00,3385.35,3386.81,3384.65,3386.4,390.0
2025-08-27 18:00:00,3386.46,3387.02,3385.17,3385.76,367.0
2025-08-27 18:05:00,3385.7,3387.76,3385.54,3387.76,339.0
2025-08-27 18:10:00,3387.78,3390.39,3387.75,3389.11,435.0
2025-08-27 18:15:00,3389.15,3390.2,3387.27,3387.46,436.0
2025-08-27 18:20:00,3387.65,3389.65,3387.49,3387.69,358.0
2025-08-27 18:25:00,3387.75,3388.29,3386.11,3387.92,336.0
2025-08-27 18:30:00,3387.92,3388.55,3387.74,3387.9,259.0
2025-08-27 18:35:00,3387.95,3389.62,3387.04,3389.48,313.0
2025-08-27 18:40:00,3389.5,3389.61,3388.25,3388.93,275.0
2025-08-27 18:45:00,3388.85,3388.85,3386.55,3386.92,288.0
2025-08-27 18:50:00,3386.96,3387.21,3386.52,3387.06,273.0
2025-08-27 18:55:00,3387.07,3388.62,3386.85,3387.95,263.0
2025-08-27 19:00:00,3388.21,3388.87,3387.48,3388.57,257.0
2025-08-27 19:05:00,3388.56,3389.73,3388.15,3388.59,296.0
2025-08-27 19:10:00,3388.6,3389.32,3388.12,3388.94,275.0
2025-08-27 19:15:00,3388.95,3390.44,3388.14,3389.61,292.0
2025-08-27 19:20:00,3389.6,3390.72,3389.43,3390.55,295.0
2025-08-27 19:25:00,3390.56,3391.17,3390.35,3391.17,294.0
2025-08-27 19:30:00,3391.06,3394.18,3390.25,3393.98,367.0
2025-08-27 19:35:00,3393.98,3395.3,3392.74,3394.79,395.0
2025-08-27 19:40:00,3394.89,3395.94,3394.35,3394.53,349.0
2025-08-27 19:45:00,3394.58,3398.81,3394.07,3397.67,395.0
2025-08-27 19:50:00,3397.64,3398.31,3394.98,3395.77,411.0
2025-08-27 19:55:00,3395.78,3397.53,3395.14,3395.44,320.0
2025-08-27 20:00:00,3395.48,3396.87,3394.96,3396.44,329.0
2025-08-27 20:05:00,3396.42,3397.46,3395.86,3396.31,348.0
2025-08-27 20:10:00,3396.37,3396.66,3395.37,3396.25,334.0
2025-08-27 20:15:00,3396.27,3397.18,3395.98,3396.58,291.0
2025-08-27 20:20:00,3396.43,3396.97,3396.18,3396.97,284.0
2025-08-27 20:25:00,3396.96,3397.35,3395.83,3396.46,335.0
2025-08-27 20:30:00,3396.44,3396.9,3395.89,3395.96,254.0
2025-08-27 20:35:00,3395.97,3396.04,3394.97,3395.67,318.0
2025-08-27 20:40:00,3395.68,3396.39,3395.45,3395.86,258.0
2025-08-27 20:45:00,3395.85,3396.4,3395.37,3396.0,226.0
2025-08-27 20:50:00,3396.01,3396.4,3395.23,3395.52,245.0
2025-08-27 20:55:00,3395.5,3395.83,3394.99,3395.18,213.0
2025-08-27 21:00:00,3395.11,3395.23,3394.28,3394.37,239.0
2025-08-27 21:05:00,3394.42,3394.45,3392.45,3392.47,279.0
2025-08-27 21:10:00,3392.46,3393.6,3392.32,3393.52,247.0
2025-08-27 21:15:00,3393.54,3395.33,3393.52,3394.84,232.0
2025-08-27 21:20:00,3394.84,3395.13,3394.51,3394.94,202.0
2025-08-27 21:25:00,3394.92,3395.59,3394.68,3395.35,198.0
2025-08-27 21:30:00,3395.36,3395.79,3394.3,3394.5,206.0
2025-08-27 21:35:00,3394.52,3395.62,3394.52,3395.11,197.0
2025-08-27 21:40:00,3395.14,3396.03,3395.14,3396.03,224.0
2025-08-27 21:45:00,3396.04,3396.3,3394.9,3395.25,205.0
2025-08-27 21:50:00,3395.27,3395.63,3394.79,3395.26,218.0
2025-08-27 21:55:00,3395.21,3395.56,3394.49,3394.54,203.0
2025-08-27 22:00:00,3394.53,3395.48,3393.77,3395.47,210.0
2025-08-27 22:05:00,3395.4,3396.31,3395.16,3395.47,237.0
2025-08-27 22:10:00,3395.48,3395.98,3394.94,3395.63,241.0
2025-08-27 22:15:00,3395.62,3395.84,3394.8,3395.14,156.0
2025-08-27 22:20:00,3395.13,3395.2,3394.77,3394.88,206.0
2025-08-27 22:25:00,3394.89,3395.74,3394.84,3395.48,193.0
2025-08-27 22:30:00,3395.47,3395.75,3394.67,3394.73,202.0
2025-08-27 22:35:00,3394.75,3395.16,3394.09,3394.77,190.0
2025-08-27 22:40:00,3394.76,3395.43,3394.73,3395.35,232.0
2025-08-27 22:45:00,3395.35,3395.49,3394.51,3394.56,204.0
2025-08-27 22:50:00,3394.58,3395.3,3394.57,3395.09,251.0
2025-08-27 22:55:00,3395.07,3396.34,3395.07,3396.2,329.0
2025-08-27 23:00:00,3396.21,3396.41,3395.19,3395.46,184.0
2025-08-27 23:05:00,3395.4,3395.54,3394.59,3394.87,151.0
2025-08-27 23:10:00,3394.84,3395.27,3394.74,3395.1,126.0
2025-08-27 23:15:00,3395.14,3395.2,3394.73,3394.74,151.0
2025-08-27 23:20:00,3394.73,3395.38,3394.16,3395.08,199.0
2025-08-27 23:25:00,3395.1,3396.02,3394.86,3395.83,149.0
2025-08-27 23:30:00,3395.85,3396.57,3395.82,3396.36,201.0
2025-08-27 23:35:00,3396.36,3396.49,3396.22,3396.42,119.0
2025-08-27 23:40:00,3396.46,3396.64,3396.4,3396.41,157.0
2025-08-27 23:45:00,3396.35,3396.43,3395.7,3396.14,172.0
2025-08-27 23:50:00,3396.15,3397.38,3396.13,3397.38,231.0
2025-08-28 01:05:00,3398.01,3398.13,3396.18,3396.18,250.0
2025-08-28 01:10:00,3396.2,3398.07,3396.18,3396.94,192.0
2025-08-28 01:15:00,3396.93,3397.62,3394.82,3396.31,223.0
2025-08-28 01:20:00,3396.31,3396.45,3395.74,3395.92,170.0
2025-08-28 01:25:00,3395.93,3396.56,3395.93,3396.46,120.0
2025-08-28 01:30:00,3396.42,3397.42,3395.94,3397.24,179.0
2025-08-28 01:35:00,3397.25,3397.7,3395.81,3396.75,210.0
2025-08-28 01:40:00,3396.74,3397.25,3396.28,3397.14,143.0
2025-08-28 01:45:00,3397.13,3397.32,3396.21,3396.22,152.0
2025-08-28 01:50:00,3396.24,3396.55,3396.2,3396.52,91.0
2025-08-28 01:55:00,3396.5,3396.52,3395.65,3395.78,134.0
2025-08-28 02:00:00,3395.77,3398.38,3395.69,3398.14,298.0
2025-08-28 02:05:00,3398.14,3399.07,3397.45,3397.47,237.0
2025-08-28 02:10:00,3397.45,3398.07,3397.3,3397.84,152.0
2025-08-28 02:15:00,3397.83,3398.36,3397.67,3397.85,158.0
2025-08-28 02:20:00,3397.85,3398.27,3397.53,3398.11,154.0
2025-08-28 02:25:00,3398.09,3398.64,3397.47,3398.41,169.0
2025-08-28 02:30:00,3398.39,3399.17,3398.37,3398.49,216.0
2025-08-28 02:35:00,3398.43,3398.74,3398.07,3398.5,194.0
2025-08-28 02:40:00,3398.5,3398.89,3398.19,3398.85,141.0
2025-08-28 02:45:00,3398.93,3399.33,3395.82,3395.82,263.0
2025-08-28 02:50:00,3395.82,3396.96,3395.76,3396.18,275.0
2025-08-28 02:55:00,3396.19,3396.58,3395.13,3395.8,218.0
2025-08-28 03:00:00,3395.78,3396.72,3395.59,3396.5,264.0
2025-08-28 03:05:00,3396.47,3397.25,3394.82,3395.03,278.0
2025-08-28 03:10:00,3394.99,3395.6,3394.64,3394.65,239.0
2025-08-28 03:15:00,3394.69,3396.1,3394.62,3396.1,243.0
2025-08-28 03:20:00,3396.11,3397.86,3396.08,3397.51,303.0
2025-08-28 03:25:00,3397.41,3397.57,3395.53,3395.54,274.0
2025-08-28 03:30:00,3395.61,3396.41,3395.12,3395.91,307.0
2025-08-28 03:35:00,3395.92,3396.37,3394.95,3396.06,306.0
2025-08-28 03:40:00,3396.06,3397.64,3395.41,3397.36,299.0
2025-08-28 03:45:00,3397.45,3398.06,3396.13,3396.25,331.0
2025-08-28 03:50:00,3396.26,3396.26,3393.0,3393.31,395.0
2025-08-28 03:55:00,3393.26,3393.31,3391.36,3392.0,397.0
2025-08-28 04:00:00,3391.96,3391.96,3390.12,3391.45,492.0
2025-08-28 04:05:00,3391.48,3391.64,3389.4,3390.27,431.0
2025-08-28 04:10:00,3390.38,3392.83,3389.33,3390.72,437.0
2025-08-28 04:15:00,3390.64,3390.83,3389.39,3390.43,394.0
2025-08-28 04:20:00,3390.49,3390.83,3387.51,3389.18,435.0
2025-08-28 04:25:00,3389.2,3389.6,3387.71,3388.18,342.0
2025-08-28 04:30:00,3388.17,3389.61,3387.52,3387.7,438.0
2025-08-28 04:35:00,3387.68,3389.0,3385.99,3386.72,451.0
2025-08-28 04:40:00,3386.66,3387.25,3385.82,3386.3,433.0
2025-08-28 04:45:00,3386.32,3386.81,3385.59,3386.0,420.0
2025-08-28 04:50:00,3385.97,3386.74,3385.56,3385.65,378.0
2025-08-28 04:55:00,3385.64,3386.82,3385.39,3386.03,363.0
2025-08-28 05:00:00,3385.83,3388.0,3385.7,3386.56,367.0
2025-08-28 05:05:00,3386.52,3386.9,3385.4,3385.4,368.0
2025-08-28 05:10:00,3385.41,3387.25,3384.72,3386.33,383.0
2025-08-28 05:15:00,3386.41,3387.36,3386.22,3387.12,376.0
2025-08-28 05:20:00,3387.14,3387.8,3385.71,3386.52,325.0
2025-08-28 05:25:00,3386.55,3386.76,3385.74,3386.64,287.0
2025-08-28 05:30:00,3386.95,3386.99,3385.82,3385.86,333.0
2025-08-28 05:35:00,3385.87,3387.27,3384.6,3387.03,367.0
2025-08-28 05:40:00,3387.04,3388.22,3386.71,3388.11,325.0
2025-08-28 05:45:00,3387.97,3390.49,3387.95,3390.42,362.0
2025-08-28 05:50:00,3390.4,3390.66,3389.53,3390.66,365.0
2025-08-28 05:55:00,3390.58,3391.31,3390.21,3391.31,325.0
2025-08-28 06:00:00,3391.31,3391.92,3390.45,3391.63,374.0
2025-08-28 06:05:00,3391.62,3392.45,3391.42,3391.84,372.0
2025-08-28 06:10:00,3391.88,3392.45,3391.51,3391.82,292.0
2025-08-28 06:15:00,3391.94,3392.12,3391.02,3391.11,293.0
2025-08-28 06:20:00,3391.13,3391.52,3390.37,3390.98,261.0
2025-08-28 06:25:00,3390.96,3391.07,3390.33,3390.45,259.0
2025-08-28 06:30:00,3390.43,3391.07,3389.7,3390.52,265.0
2025-08-28 06:35:00,3390.51,3391.8,3390.32,3391.43,232.0
2025-08-28 06:40:00,3391.46,3391.71,3390.07,3390.15,252.0
2025-08-28 06:45:00,3390.12,3390.55,3389.24,3389.24,316.0
2025-08-28 06:50:00,3389.37,3389.93,3388.96,3389.81,285.0
2025-08-28 06:55:00,3389.83,3390.44,3389.79,3390.13,224.0
2025-08-28 07:00:00,3390.11,3390.11,3389.0,3389.0,214.0
2025-08-28 07:05:00,3389.03,3389.65,3388.73,3389.36,258.0
2025-08-28 07:10:00,3389.37,3390.28,3389.35,3389.89,240.0
2025-08-28 07:15:00,3389.89,3390.89,3389.85,3390.72,266.0
2025-08-28 07:20:00,3390.7,3391.29,3390.66,3390.99,223.0
2025-08-28 07:25:00,3390.99,3392.22,3390.87,3391.19,263.0
2025-08-28 07:30:00,3391.16,3391.49,3390.36,3391.37,219.0
2025-08-28 07:35:00,3391.35,3392.26,3391.34,3391.8,275.0
2025-08-28 07:40:00,3391.85,3391.92,3390.85,3391.26,240.0
2025-08-28 07:45:00,3391.35,3391.35,3390.43,3390.87,258.0
2025-08-28 07:50:00,3390.89,3391.27,3390.25,3390.25,228.0
2025-08-28 07:55:00,3390.34,3390.56,3389.47,3390.15,264.0
2025-08-28 08:00:00,3390.16,3390.16,3389.53,3389.88,234.0
2025-08-28 08:05:00,3389.86,3390.56,3389.62,3390.55,223.0
2025-08-28 08:10:00,3390.56,3390.62,3389.76,3389.94,236.0
2025-08-28 08:15:00,3389.95,3390.44,3389.74,3389.92,222.0
2025-08-28 08:20:00,3389.94,3390.24,3389.28,3389.49,321.0
2025-08-28 08:25:00,3389.47,3390.64,3389.32,3390.37,309.0
2025-08-28 08:30:00,3390.45,3390.76,3389.83,3389.94,339.0
2025-08-28 08:35:00,3389.94,3390.35,3389.46,3389.71,289.0
2025-08-28 08:40:00,3389.7,3389.92,3387.72,3388.23,360.0
2025-08-28 08:45:00,3388.23,3388.47,3387.92,3388.1,305.0
2025-08-28 08:50:00,3388.11,3388.79,3387.71,3388.5,288.0
2025-08-28 08:55:00,3388.46,3389.27,3388.18,3389.21,307.0
2025-08-28 09:00:00,3389.39,3391.62,3389.1,3391.21,373.0
2025-08-28 09:05:00,3391.29,3392.45,3391.15,3391.44,379.0
2025-08-28 09:10:00,3391.44,3391.48,3389.7,3390.71,384.0
2025-08-28 09:15:00,3390.7,3390.78,3388.84,3389.35,340.0
2025-08-28 09:20:00,3389.36,3392.0,3389.36,3391.72,330.0
2025-08-28 09:25:00,3391.73,3391.81,3389.68,3390.25,341.0
2025-08-28 09:30:00,3390.22,3391.44,3389.79,3391.12,229.0
2025-08-28 09:35:00,3391.07,3394.42,3390.68,3394.02,337.0
2025-08-28 09:40:00,3394.0,3395.75,3393.8,3395.34,326.0
2025-08-28 09:45:00,3395.35,3395.6,3393.9,3394.65,375.0
2025-08-28 09:50:00,3394.68,3395.64,3394.39,3395.0,310.0
2025-08-28 09:55:00,3395.09,3395.61,3394.52,3395.36,304.0
2025-08-28 10:00:00,3395.13,3396.56,3394.48,3394.85,362.0
2025-08-28 10:05:00,3394.76,3395.74,3393.83,3395.51,373.0
2025-08-28 10:10:00,3395.38,3396.86,3394.77,3396.72,371.0
2025-08-28 10:15:00,3396.76,3397.64,3395.86,3396.07,363.0
2025-08-28 10:20:00,3396.03,3397.22,3394.84,3395.09,332.0
2025-08-28 10:25:00,3394.95,3395.61,3394.19,3395.26,300.0
2025-08-28 10:30:00,3395.14,3395.65,3394.07,3394.5,344.0
2025-08-28 10:35:00,3394.56,3394.64,3393.8,3394.01,313.0
2025-08-28 10:40:00,3394.03,3395.68,3393.84,3394.92,278.0
2025-08-28 10:45:00,3394.91,3395.39,3394.2,3394.43,290.0
2025-08-28 10:50:00,3394.44,3395.83,3394.35,3395.34,269.0
2025-08-28 10:55:00,3395.33,3396.07,3395.12,3395.81,246.0
2025-08-28 11:00:00,3395.54,3397.01,3394.8,3397.0,360.0
2025-08-28 11:05:00,3396.83,3397.33,3395.08,3395.51,352.0
2025-08-28 11:10:00,3395.5,3395.62,3393.95,3394.58,291.0
2025-08-28 11:15:00,3394.59,3395.64,3394.03,3395.41,352.0
2025-08-28 11:20:00,3395.43,3395.85,3394.71,3395.44,270.0
2025-08-28 11:25:00,3395.45,3396.6,3394.65,3395.63,336.0
2025-08-28 11:30:00,3395.66,3397.33,3395.34,3397.12,350.0
2025-08-28 11:35:00,3397.19,3399.81,3396.85,3399.64,354.0
2025-08-28 11:40:00,3399.63,3400.09,3398.09,3398.51,402.0
2025-08-28 11:45:00,3398.53,3400.92,3398.4,3400.75,327.0
2025-08-28 11:50:00,3400.6,3400.84,3399.54,3400.33,342.0
2025-08-28 11:55:00,3400.27,3401.05,3399.96,3400.72,293.0
2025-08-28 12:00:00,3400.8,3401.42,3400.45,3401.32,306.0
2025-08-28 12:05:00,3401.31,3401.5,3400.39,3400.6,300.0
2025-08-28 12:10:00,3400.58,3401.11,3400.23,3400.89,292.0
2025-08-28 12:15:00,3401.1,3401.56,3400.44,3400.95,283.0
2025-08-28 12:20:00,3401.04,3401.1,3400.51,3400.51,255.0
2025-08-28 12:25:00,3400.43,3401.25,3399.35,3399.37,307.0
2025-08-28 12:30:00,3399.42,3399.5,3398.47,3399.43,339.0
2025-08-28 12:35:00,3399.46,3400.35,3398.82,3399.81,239.0
2025-08-28 12:40:00,3399.83,3400.16,3399.37,3399.39,213.0
2025-08-28 12:45:00,3399.39,3399.62,3398.69,3399.43,241.0
2025-08-28 12:50:00,3399.39,3400.27,3399.31,3400.24,261.0
2025-08-28 12:55:00,3400.24,3400.27,3399.26,3399.26,235.0
2025-08-28 13:00:00,3399.33,3399.33,3396.2,3396.22,351.0
2025-08-28 13:05:00,3396.2,3396.47,3393.99,3395.29,387.0
2025-08-28 13:10:00,3395.31,3396.1,3394.53,3395.25,371.0
2025-08-28 13:15:00,3395.29,3395.91,3394.61,3395.23,360.0
2025-08-28 13:20:00,3395.25,3395.48,3394.47,3395.15,314.0
2025-08-28 13:25:00,3395.19,3396.9,3394.95,3396.74,328.0
2025-08-28 13:30:00,3396.73,3398.65,3396.46,3396.61,344.0
2025-08-28 13:35:00,3396.53,3396.66,3395.22,3395.77,276.0
2025-08-28 13:40:00,3395.75,3397.39,3395.47,3397.18,270.0
2025-08-28 13:45:00,3397.19,3398.04,3397.08,3397.35,271.0
2025-08-28 13:50:00,3397.25,3397.35,3396.19,3397.28,295.0
2025-08-28 13:55:00,3397.27,3397.32,3396.38,3397.06,267.0
2025-08-28 14:00:00,3397.03,3398.1,3396.74,3397.79,310.0
2025-08-28 14:05:00,3397.68,3398.2,3396.35,3396.66,292.0
2025-08-28 14:10:00,3396.51,3397.52,3396.23,3397.52,231.0
2025-08-28 14:15:00,3397.6,3398.98,3397.28,3398.9,276.0
2025-08-28 14:20:00,3398.94,3401.72,3398.89,3401.54,354.0
2025-08-28 14:25:00,3401.57,3404.24,3401.46,3404.22,394.0
2025-08-28 14:30:00,3404.26,3407.7,3404.15,3405.27,444.0
2025-08-28 14:35:00,3405.27,3406.9,3404.03,3406.12,477.0
2025-08-28 14:40:00,3406.24,3406.34,3404.01,3404.76,428.0
2025-08-28 14:45:00,3404.75,3406.16,3404.75,3405.44,348.0
2025-08-28 14:50:00,3405.39,3405.98,3404.89,3405.88,328.0
2025-08-28 14:55:00,3405.89,3406.29,3403.94,3404.08,342.0
2025-08-28 15:00:00,3404.13,3405.56,3403.69,3405.36,381.0
2025-08-28 15:05:00,3405.57,3408.36,3405.54,3408.08,371.0
2025-08-28 15:10:00,3407.99,3408.75,3406.15,3406.54,376.0
2025-08-28 15:15:00,3406.53,3408.34,3406.53,3408.01,353.0
2025-08-28 15:20:00,3408.07,3408.52,3406.75,3407.76,407.0
2025-08-28 15:25:00,3407.79,3408.3,3406.22,3406.93,388.0
2025-08-28 15:30:00,3406.9,3406.95,3401.17,3404.22,517.0
2025-08-28 15:35:00,3404.08,3405.04,3401.69,3402.09,482.0
2025-08-28 15:40:00,3402.09,3404.48,3401.47,3402.56,456.0
2025-08-28 15:45:00,3402.55,3402.99,3398.78,3400.02,459.0
2025-08-28 15:50:00,3399.97,3400.88,3398.18,3399.32,481.0
2025-08-28 15:55:00,3399.31,3399.94,3396.92,3396.98,432.0
2025-08-28 16:00:00,3397.16,3399.99,3396.66,3399.38,481.0
2025-08-28 16:05:00,3399.41,3400.41,3394.59,3396.83,491.0
2025-08-28 16:10:00,3396.8,3399.49,3396.8,3398.23,426.0
2025-08-28 16:15:00,3398.28,3401.39,3398.15,3401.15,399.0
2025-08-28 16:20:00,3401.23,3405.66,3401.01,3404.06,460.0
2025-08-28 16:25:00,3404.07,3405.36,3403.07,3404.67,439.0
2025-08-28 16:30:00,3405.08,3406.62,3403.57,3406.46,472.0
2025-08-28 16:35:00,3406.41,3406.72,3401.78,3404.82,482.0
2025-08-28 16:40:00,3404.85,3407.72,3404.85,3405.86,479.0
2025-08-28 16:45:00,3405.68,3408.33,3404.54,3407.9,474.0
2025-08-28 16:50:00,3407.89,3410.21,3407.86,3409.93,482.0
2025-08-28 16:55:00,3409.87,3410.36,3407.34,3407.4,450.0
2025-08-28 17:00:00,3407.24,3410.14,3406.58,3409.81,432.0
2025-08-28 17:05:00,3409.97,3410.6,3408.21,3409.8,461.0
2025-08-28 17:10:00,3409.77,3411.68,3409.59,3411.56,428.0
2025-08-28 17:15:00,3411.58,3411.93,3410.03,3410.4,443.0
2025-08-28 17:20:00,3410.41,3410.76,3407.56,3409.78,457.0
2025-08-28 17:25:00,3409.87,3411.96,3409.26,3410.91,423.0
2025-08-28 17:30:00,3410.67,3411.68,3409.95,3411.29,431.0
2025-08-28 17:35:00,3411.34,3411.79,3409.9,3411.45,413.0
2025-08-28 17:40:00,3411.44,3413.45,3410.61,3411.7,454.0
2025-08-28 17:45:00,3411.8,3412.97,3411.17,3411.94,414.0
2025-08-28 17:50:00,3411.96,3412.35,3410.65,3411.75,415.0
2025-08-28 17:55:00,3411.76,3412.85,3411.4,3412.26,379.0
2025-08-28 18:00:00,3412.23,3413.17,3411.49,3411.61,385.0
2025-08-28 18:05:00,3411.6,3412.64,3411.13,3411.13,386.0
2025-08-28 18:10:00,3411.2,3412.27,3410.94,3411.63,379.0
2025-08-28 18:15:00,3411.62,3411.69,3409.13,3409.2,376.0
2025-08-28 18:20:00,3409.17,3409.17,3405.48,3407.79,442.0
2025-08-28 18:25:00,3407.83,3408.56,3406.08,3406.39,400.0
2025-08-28 18:30:00,3406.37,3407.47,3404.54,3407.47,382.0
2025-08-28 18:35:00,3407.43,3407.69,3406.29,3406.49,350.0
2025-08-28 18:40:00,3406.44,3407.04,3405.72,3406.4,327.0
2025-08-28 18:45:00,3406.41,3408.51,3406.15,3408.49,354.0
2025-08-28 18:50:00,3408.48,3410.22,3408.35,3409.95,299.0
2025-08-28 18:55:00,3409.94,3410.94,3409.21,3410.9,272.0
2025-08-28 19:00:00,3410.94,3411.75,3410.23,3410.44,354.0
2025-08-28 19:05:00,3410.43,3412.03,3409.92,3411.71,351.0
2025-08-28 19:10:00,3411.78,3414.42,3411.76,3413.76,399.0
2025-08-28 19:15:00,3413.95,3414.63,3413.62,3413.98,388.0
2025-08-28 19:20:00,3414.01,3415.5,3413.79,3414.99,385.0
2025-08-28 19:25:00,3414.89,3415.62,3414.25,3415.6,351.0
2025-08-28 19:30:00,3415.65,3417.25,3415.63,3416.92,416.0
2025-08-28 19:35:00,3416.97,3417.09,3415.06,3415.09,358.0
2025-08-28 19:40:00,3415.1,3415.51,3414.45,3414.73,392.0
2025-08-28 19:45:00,3414.73,3417.73,3414.39,3417.03,390.0
2025-08-28 19:50:00,3417.04,3417.1,3415.94,3416.06,326.0
2025-08-28 19:55:00,3416.07,3416.44,3415.15,3415.51,237.0
2025-08-28 20:00:00,3415.49,3416.75,3415.05,3416.69,360.0
2025-08-28 20:05:00,3416.69,3416.93,3415.62,3415.97,369.0
2025-08-28 20:10:00,3415.95,3416.44,3415.55,3415.57,334.0
2025-08-28 20:15:00,3415.59,3416.38,3415.32,3415.71,258.0
2025-08-28 20:20:00,3415.73,3415.73,3414.67,3415.35,304.0
2025-08-28 20:25:00,3415.42,3416.36,3414.84,3415.11,378.0
2025-08-28 20:30:00,3415.16,3416.26,3415.16,3415.92,323.0
2025-08-28 20:35:00,3415.93,3416.2,3415.13,3415.58,288.0
2025-08-28 20:40:00,3415.61,3416.16,3415.12,3416.14,279.0
2025-08-28 20:45:00,3416.11,3416.59,3415.77,3416.5,279.0
2025-08-28 20:50:00,3416.53,3418.74,3416.24,3418.51,399.0
2025-08-28 20:55:00,3418.48,3418.48,3417.4,3418.01,343.0
2025-08-28 21:00:00,3417.98,3418.3,3417.53,3418.22,352.0
2025-08-28 21:05:00,3418.22,3418.4,3417.67,3418.07,313.0
2025-08-28 21:10:00,3418.11,3418.41,3417.63,3418.1,298.0
2025-08-28 21:15:00,3418.12,3418.84,3417.79,3418.79,312.0
2025-08-28 21:20:00,3418.76,3418.77,3417.7,3417.74,269.0
2025-08-28 21:25:00,3417.74,3418.37,3417.3,3418.23,290.0
2025-08-28 21:30:00,3418.25,3418.76,3418.05,3418.63,294.0
2025-08-28 21:35:00,3418.6,3418.88,3417.95,3418.67,301.0
2025-08-28 21:40:00,3418.64,3418.87,3418.29,3418.77,264.0
2025-08-28 21:45:00,3418.76,3419.01,3417.65,3417.92,280.0
2025-08-28 21:50:00,3417.89,3420.17,3417.89,3420.17,336.0
2025-08-28 21:55:00,3420.12,3420.25,3419.37,3419.99,341.0
2025-08-28 22:00:00,3419.95,3420.33,3419.77,3419.86,264.0
2025-08-28 22:05:00,3419.86,3420.04,3418.78,3418.89,310.0
2025-08-28 22:10:00,3418.9,3419.16,3418.34,3418.63,315.0
2025-08-28 22:15:00,3418.63,3419.81,3418.62,3419.75,342.0
2025-08-28 22:20:00,3419.69,3420.01,3419.19,3419.2,319.0
2025-08-28 22:25:00,3419.2,3419.92,3419.02,3419.45,323.0
2025-08-28 22:30:00,3419.49,3419.65,3418.3,3418.81,363.0
2025-08-28 22:35:00,3418.79,3419.04,3417.99,3418.15,314.0
2025-08-28 22:40:00,3418.18,3418.59,3418.18,3418.54,320.0
2025-08-28 22:45:00,3418.56,3420.33,3418.51,3420.2,395.0
2025-08-28 22:50:00,3420.16,3422.04,3419.94,3422.04,428.0
2025-08-28 22:55:00,3422.01,3423.17,3421.62,3422.15,448.0
2025-08-28 23:00:00,3422.32,3422.4,3419.74,3419.79,402.0
2025-08-28 23:05:00,3419.86,3420.97,3419.86,3420.0,272.0
2025-08-28 23:10:00,3419.99,3420.52,3419.34,3419.48,246.0
2025-08-28 23:15:00,3419.5,3419.71,3417.43,3417.63,264.0
2025-08-28 23:20:00,3417.63,3418.01,3417.33,3417.44,258.0
2025-08-28 23:25:00,3417.44,3417.83,3417.09,3417.25,238.0
2025-08-28 23:30:00,3417.23,3417.63,3416.86,3417.45,185.0
2025-08-28 23:35:00,3417.39,3417.53,3416.93,3417.41,207.0
2025-08-28 23:40:00,3417.4,3417.52,3416.68,3416.73,211.0
2025-08-28 23:45:00,3416.73,3416.91,3416.41,3416.74,201.0
2025-08-28 23:50:00,3416.75,3417.37,3416.72,3417.36,124.0
2025-08-29 01:05:00,3417.06,3417.4,3416.89,3417.18,161.0
2025-08-29 01:10:00,3417.07,3417.97,3416.64,3417.22,249.0
2025-08-29 01:15:00,3417.21,3417.48,3416.86,3417.13,193.0
2025-08-29 01:20:00,3417.15,3417.72,3417.15,3417.58,141.0
2025-08-29 01:25:00,3417.56,3417.72,3416.64,3416.84,127.0
2025-08-29 01:30:00,3416.89,3417.12,3415.82,3416.15,207.0
2025-08-29 01:35:00,3416.2,3416.51,3415.55,3416.3,196.0
2025-08-29 01:40:00,3416.29,3416.5,3416.03,3416.29,128.0
2025-08-29 01:45:00,3416.29,3416.38,3416.14,3416.3,129.0
2025-08-29 01:50:00,3416.31,3416.7,3416.23,3416.69,129.0
2025-08-29 01:55:00,3416.66,3416.96,3416.52,3416.9,99.0
2025-08-29 02:00:00,3416.82,3416.82,3416.36,3416.37,131.0
2025-08-29 02:05:00,3416.38,3416.5,3416.14,3416.14,119.0
2025-08-29 02:10:00,3416.12,3416.25,3416.05,3416.14,104.0
2025-08-29 02:15:00,3416.14,3416.67,3416.12,3416.45,112.0
2025-08-29 02:20:00,3416.44,3416.6,3416.29,3416.49,119.0
2025-08-29 02:25:00,3416.48,3416.48,3415.69,3415.83,123.0
2025-08-29 02:30:00,3415.8,3416.14,3415.46,3415.73,152.0
2025-08-29 02:35:00,3415.72,3415.94,3415.24,3415.28,105.0
2025-08-29 02:40:00,3415.25,3415.55,3415.16,3415.3,85.0
2025-08-29 02:45:00,3415.29,3415.68,3415.06,3415.56,148.0
2025-08-29 02:50:00,3415.52,3415.89,3415.17,3415.73,143.0
2025-08-29 02:55:00,3415.72,3415.74,3414.83,3414.83,172.0
2025-08-29 03:00:00,3414.84,3416.32,3414.7,3416.32,296.0
2025-08-29 03:05:00,3416.32,3417.13,3415.65,3416.77,317.0
2025-08-29 03:10:00,3416.72,3417.42,3416.51,3417.24,209.0
2025-08-29 03:15:00,3417.25,3417.9,3415.33,3415.44,301.0
2025-08-29 03:20:00,3415.44,3415.44,3413.6,3413.61,310.0
2025-08-29 03:25:00,3413.6,3414.72,3413.1,3414.67,251.0
2025-08-29 03:30:00,3414.68,3415.25,3413.58,3414.05,366.0
2025-08-29 03:35:00,3414.09,3414.65,3413.65,3414.38,290.0
2025-08-29 03:40:00,3414.38,3414.63,3413.47,3413.77,301.0
2025-08-29 03:45:00,3413.77,3414.64,3413.06,3413.7,324.0
2025-08-29 03:50:00,3413.69,3414.97,3413.55,3414.37,336.0
2025-08-29 03:55:00,3414.37,3415.31,3413.43,3413.46,359.0
2025-08-29 04:00:00,3413.52,3413.68,3412.13,3412.26,429.0
2025-08-29 04:05:00,3412.28,3412.97,3411.35,3412.27,395.0
2025-08-29 04:10:00,3412.29,3412.4,3411.29,3411.95,390.0
2025-08-29 04:15:00,3411.95,3412.62,3411.19,3411.24,395.0
2025-08-29 04:20:00,3411.25,3411.54,3410.47,3410.72,388.0
2025-08-29 04:25:00,3410.72,3411.62,3409.44,3410.3,336.0
2025-08-29 04:30:00,3410.26,3410.6,3409.45,3409.59,378.0
2025-08-29 04:35:00,3409.5,3410.22,3408.0,3408.12,416.0
2025-08-29 04:40:00,3408.1,3410.75,3408.01,3410.52,369.0
2025-08-29 04:45:00,3410.53,3410.92,3409.56,3410.04,386.0
2025-08-29 04:50:00,3410.0,3410.82,3409.16,3409.9,382.0
2025-08-29 04:55:00,3409.93,3410.43,3409.38,3409.96,411.0
2025-08-29 05:00:00,3409.95,3411.88,3409.95,3411.66,367.0
2025-08-29 05:05:00,3411.65,3412.33,3410.88,3412.14,315.0
2025-08-29 05:10:00,3412.11,3412.89,3411.55,3412.86,341.0
2025-08-29 05:15:00,3412.82,3413.0,3411.64,3412.14,339.0
2025-08-29 05:20:00,3412.13,3413.15,3411.8,3412.84,291.0
2025-08-29 05:25:00,3412.86,3413.41,3412.0,3412.08,276.0
2025-08-29 05:30:00,3412.14,3413.09,3411.98,3412.11,333.0
2025-08-29 05:35:00,3412.15,3413.36,3412.13,3412.73,321.0
2025-08-29 05:40:00,3412.73,3413.94,3412.2,3413.59,318.0
2025-08-29 05:45:00,3413.56,3413.9,3412.03,3412.63,367.0
2025-08-29 05:50:00,3412.66,3413.47,3412.04,3412.06,348.0
2025-08-29 05:55:00,3412.05,3412.07,3410.89,3411.34,332.0
2025-08-29 06:00:00,3411.34,3412.22,3410.77,3411.8,371.0
2025-08-29 06:05:00,3411.79,3412.11,3411.11,3411.63,299.0
2025-08-29 06:10:00,3411.63,3412.01,3409.97,3410.09,350.0
2025-08-29 06:15:00,3410.07,3411.37,3410.07,3411.05,361.0
2025-08-29 06:20:00,3411.04,3411.8,3411.04,3411.33,250.0
2025-08-29 06:25:00,3411.26,3412.22,3410.99,3412.05,271.0
2025-08-29 06:30:00,3411.97,3412.24,3410.85,3411.21,306.0
2025-08-29 06:35:00,3411.2,3412.59,3411.1,3412.54,258.0
2025-08-29 06:40:00,3412.51,3413.6,3412.49,3412.58,283.0
2025-08-29 06:45:00,3412.57,3412.91,3412.29,3412.41,214.0
2025-08-29 06:50:00,3412.41,3412.49,3411.76,3411.91,205.0
2025-08-29 06:55:00,3411.87,3411.88,3410.86,3410.86,239.0
2025-08-29 07:00:00,3410.86,3411.64,3409.16,3409.61,317.0
2025-08-29 07:05:00,3409.59,3410.06,3408.66,3409.01,367.0
2025-08-29 07:10:00,3409.0,3409.81,3408.49,3409.39,338.0
2025-08-29 07:15:00,3409.47,3409.8,3408.74,3408.77,266.0
2025-08-29 07:20:00,3408.64,3408.75,3407.62,3408.46,325.0
2025-08-29 07:25:00,3408.49,3409.65,3408.36,3408.51,317.0
2025-08-29 07:30:00,3408.49,3409.02,3408.09,3408.51,289.0
2025-08-29 07:35:00,3408.53,3409.19,3408.47,3408.74,251.0
2025-08-29 07:40:00,3408.84,3409.21,3408.46,3408.66,202.0
2025-08-29 07:45:00,3408.65,3408.81,3408.3,3408.66,193.0
2025-08-29 07:50:00,3408.72,3409.36,3408.23,3408.34,279.0
2025-08-29 07:55:00,3408.38,3408.94,3408.04,3408.85,239.0
2025-08-29 08:00:00,3408.92,3409.19,3408.11,3408.29,293.0
2025-08-29 08:05:00,3408.25,3409.54,3408.25,3408.62,298.0
2025-08-29 08:10:00,3408.59,3408.72,3407.76,3407.76,290.0
2025-08-29 08:15:00,3407.79,3407.83,3407.31,3407.52,266.0
2025-08-29 08:20:00,3407.53,3407.76,3406.98,3407.64,241.0
2025-08-29 08:25:00,3407.6,3408.55,3407.6,3408.07,270.0
2025-08-29 08:30:00,3408.08,3409.27,3408.06,3409.25,309.0
2025-08-29 08:35:00,3409.28,3410.33,3408.83,3409.23,303.0
2025-08-29 08:40:00,3409.22,3409.64,3408.01,3409.57,293.0
2025-08-29 08:45:00,3409.54,3410.27,3409.38,3410.25,261.0
2025-08-29 08:50:00,3410.26,3410.55,3409.51,3410.43,325.0
2025-08-29 08:55:00,3410.42,3410.81,3409.71,3410.31,358.0
2025-08-29 09:00:00,3410.32,3412.57,3410.27,3412.57,373.0
2025-08-29 09:05:00,3412.53,3412.53,3411.01,3411.49,356.0
2025-08-29 09:10:00,3411.51,3411.93,3410.87,3411.48,314.0
2025-08-29 09:15:00,3411.44,3412.0,3411.36,3411.75,248.0
2025-08-29 09:20:00,3411.77,3412.3,3411.25,3411.59,245.0
2025-08-29 09:25:00,3411.6,3411.93,3411.22,3411.61,272.0
2025-08-29 09:30:00,3411.6,3411.67,3410.68,3411.0,294.0
2025-08-29 09:35:00,3410.99,3411.24,3409.69,3409.82,238.0
2025-08-29 09:40:00,3409.94,3410.2,3407.99,3409.44,287.0
2025-08-29 09:45:00,3409.45,3410.82,3408.69,3409.86,263.0
2025-08-29 09:50:00,3409.89,3410.49,3409.27,3410.41,220.0
2025-08-29 09:55:00,3410.39,3410.42,3409.69,3410.26,271.0
2025-08-29 10:00:00,3410.12,3412.65,3409.61,3411.75,316.0
2025-08-29 10:05:00,3411.83,3412.16,3410.71,3410.86,272.0
2025-08-29 10:10:00,3410.84,3410.94,3409.77,3409.78,243.0
2025-08-29 10:15:00,3409.77,3410.13,3408.22,3408.83,306.0
2025-08-29 10:20:00,3408.82,3409.23,3407.55,3408.27,354.0
2025-08-29 10:25:00,3408.25,3408.3,3406.86,3407.27,294.0
2025-08-29 10:30:00,3407.28,3408.27,3406.57,3407.04,330.0
2025-08-29 10:35:00,3407.03,3408.23,3406.64,3407.99,332.0
2025-08-29 10:40:00,3407.95,3410.27,3407.87,3409.86,315.0
2025-08-29 10:45:00,3409.85,3411.08,3409.74,3410.83,274.0
2025-08-29 10:50:00,3410.84,3411.91,3409.98,3411.8,267.0
2025-08-29 10:55:00,3411.8,3412.57,3411.08,3412.22,363.0
2025-08-29 11:00:00,3412.2,3413.0,3411.45,3412.92,342.0
2025-08-29 11:05:00,3412.91,3413.0,3411.26,3412.78,350.0
2025-08-29 11:10:00,3412.8,3414.03,3412.47,3413.88,382.0
2025-08-29 11:15:00,3413.89,3414.83,3412.69,3412.69,279.0
2025-08-29 11:20:00,3412.69,3413.28,3412.23,3412.28,327.0
2025-08-29 11:25:00,3412.27,3413.14,3412.27,3412.61,310.0
2025-08-29 11:30:00,3412.66,3413.75,3412.63,3413.11,317.0
2025-08-29 11:35:00,3413.16,3414.23,3412.95,3413.03,254.0
2025-08-29 11:40:00,3413.02,3413.02,3412.25,3412.85,302.0
2025-08-29 11:45:00,3412.86,3413.05,3412.13,3412.21,284.0
2025-08-29 11:50:00,3412.23,3412.27,3410.52,3411.33,338.0
2025-08-29 11:55:00,3411.36,3411.4,3409.8,3410.35,341.0
2025-08-29 12:00:00,3410.45,3410.62,3409.17,3409.99,343.0
2025-08-29 12:05:00,3409.88,3410.41,3409.22,3409.42,323.0
2025-08-29 12:10:00,3409.4,3409.57,3408.92,3409.45,311.0
2025-08-29 12:15:00,3409.46,3410.81,3409.12,3410.35,383.0
2025-08-29 12:20:00,3410.37,3410.93,3409.53,3409.93,365.0
2025-08-29 12:25:00,3409.93,3410.3,3408.62,3408.84,307.0
2025-08-29 12:30:00,3408.86,3408.92,3407.45,3407.5,376.0
2025-08-29 12:35:00,3407.42,3407.85,3407.0,3407.42,280.0
2025-08-29 12:40:00,3407.4,3408.75,3407.11,3408.07,343.0
2025-08-29 12:45:00,3408.09,3408.69,3407.79,3407.84,331.0
2025-08-29 12:50:00,3407.85,3408.3,3407.01,3407.52,306.0
2025-08-29 12:55:00,3407.49,3408.15,3406.88,3407.38,352.0
2025-08-29 13:00:00,3407.42,3407.89,3406.37,3406.62,367.0
2025-08-29 13:05:00,3406.64,3407.44,3406.37,3406.78,297.0
2025-08-29 13:10:00,3406.78,3408.81,3406.61,3406.72,330.0
2025-08-29 13:15:00,3406.68,3407.54,3406.27,3406.7,321.0
2025-08-29 13:20:00,3406.71,3406.87,3405.88,3406.52,283.0
2025-08-29 13:25:00,3406.57,3407.06,3406.27,3406.42,231.0
2025-08-29 13:30:00,3406.44,3406.86,3405.43,3406.63,293.0
2025-08-29 13:35:00,3406.61,3407.63,3406.6,3407.55,293.0
2025-08-29 13:40:00,3407.53,3407.75,3407.1,3407.21,263.0
2025-08-29 13:45:00,3407.22,3407.37,3406.91,3406.97,235.0
2025-08-29 13:50:00,3407.03,3407.08,3405.31,3405.47,252.0
2025-08-29 13:55:00,3405.56,3405.82,3404.71,3405.52,301.0
2025-08-29 14:00:00,3405.54,3405.96,3404.93,3405.43,265.0
2025-08-29 14:05:00,3405.49,3405.78,3404.56,3405.1,266.0
2025-08-29 14:10:00,3405.12,3405.16,3404.36,3404.95,256.0
2025-08-29 14:15:00,3404.97,3406.64,3404.87,3406.49,307.0
2025-08-29 14:20:00,3406.5,3406.75,3405.0,3405.53,251.0
2025-08-29 14:25:00,3405.51,3407.34,3405.51,3407.26,264.0
2025-08-29 14:30:00,3407.27,3408.42,3406.98,3408.32,329.0
2025-08-29 14:35:00,3408.3,3408.55,3407.37,3407.97,350.0
2025-08-29 14:40:00,3407.93,3408.18,3407.35,3408.15,319.0
2025-08-29 14:45:00,3408.16,3409.87,3407.72,3409.65,321.0
2025-08-29 14:50:00,3409.72,3411.26,3409.25,3410.88,367.0
2025-08-29 14:55:00,3410.84,3411.0,3409.11,3410.69,365.0
2025-08-29 15:00:00,3410.74,3411.0,3409.6,3410.19,328.0
2025-08-29 15:05:00,3410.08,3410.41,3409.29,3409.52,303.0
2025-08-29 15:10:00,3409.56,3409.83,3408.26,3408.77,350.0
2025-08-29 15:15:00,3408.81,3409.18,3406.68,3409.11,365.0
2025-08-29 15:20:00,3409.33,3410.91,3408.47,3408.85,391.0
2025-08-29 15:25:00,3408.91,3409.67,3407.82,3408.03,362.0
2025-08-29 15:30:00,3408.15,3412.61,3408.15,3411.73,489.0
2025-08-29 15:35:00,3411.75,3413.6,3411.56,3412.97,448.0
2025-08-29 15:40:00,3413.06,3414.29,3412.09,3412.67,463.0
2025-08-29 15:45:00,3412.7,3415.45,3412.63,3415.4,438.0
2025-08-29 15:50:00,3415.3,3415.84,3413.82,3415.53,410.0
2025-08-29 15:55:00,3415.64,3416.86,3415.47,3416.49,405.0
2025-08-29 16:00:00,3416.75,3418.3,3416.71,3417.42,454.0
2025-08-29 16:05:00,3417.42,3417.59,3413.69,3415.09,447.0
2025-08-29 16:10:00,3415.08,3419.04,3414.38,3418.65,462.0
2025-08-29 16:15:00,3418.72,3420.15,3417.88,3418.26,476.0
2025-08-29 16:20:00,3418.24,3419.16,3417.93,3417.95,449.0
2025-08-29 16:25:00,3417.86,3418.33,3416.37,3417.54,396.0
2025-08-29 16:30:00,3417.53,3421.12,3417.53,3420.9,478.0
2025-08-29 16:35:00,3420.93,3423.89,3420.6,3423.48,486.0
2025-08-29 16:40:00,3423.51,3426.18,3423.3,3424.57,432.0
2025-08-29 16:45:00,3424.34,3425.74,3423.32,3425.01,443.0
2025-08-29 16:50:00,3425.02,3426.89,3425.02,3426.41,438.0
2025-08-29 16:55:00,3426.38,3429.06,3426.33,3428.65,430.0
2025-08-29 17:00:00,3429.27,3431.5,3429.17,3431.45,493.0
2025-08-29 17:05:00,3431.49,3433.29,3429.34,3432.45,496.0
2025-08-29 17:10:00,3432.44,3437.32,3432.44,3435.4,490.0
2025-08-29 17:15:00,3435.11,3436.86,3432.39,3433.07,489.0
2025-08-29 17:20:00,3433.38,3435.63,3433.22,3434.41,464.0
2025-08-29 17:25:00,3434.38,3436.41,3434.12,3435.89,443.0
2025-08-29 17:30:00,3436.0,3439.41,3436.0,3437.56,510.0
2025-08-29 17:35:00,3437.35,3440.08,3436.87,3438.23,477.0
2025-08-29 17:40:00,3438.25,3439.05,3436.16,3436.18,465.0
2025-08-29 17:45:00,3436.24,3437.73,3433.4,3437.43,477.0
2025-08-29 17:50:00,3437.57,3438.93,3436.45,3437.98,475.0
2025-08-29 17:55:00,3438.06,3440.94,3437.67,3440.9,455.0
2025-08-29 18:00:00,3441.03,3441.41,3439.81,3440.93,483.0
2025-08-29 18:05:00,3440.96,3441.62,3438.97,3440.69,449.0
2025-08-29 18:10:00,3440.67,3442.5,3440.08,3442.18,431.0
2025-08-29 18:15:00,3442.25,3445.62,3442.22,3444.96,499.0
2025-08-29 18:20:00,3444.89,3446.16,3444.41,3445.11,476.0
2025-08-29 18:25:00,3445.06,3445.33,3442.52,3444.83,448.0
2025-08-29 18:30:00,3445.06,3446.07,3444.25,3444.73,422.0
2025-08-29 18:35:00,3444.75,3446.11,3444.75,3445.99,401.0
2025-08-29 18:40:00,3445.96,3447.52,3444.89,3447.24,449.0
2025-08-29 18:45:00,3447.22,3447.61,3446.0,3446.06,422.0
2025-08-29 18:50:00,3446.27,3447.57,3446.18,3446.51,450.0
2025-08-29 18:55:00,3446.48,3447.47,3444.98,3445.44,451.0
2025-08-29 19:00:00,3445.44,3447.25,3444.2,3446.0,462.0
2025-08-29 19:05:00,3446.14,3448.36,3445.37,3446.16,431.0
2025-08-29 19:10:00,3446.14,3446.4,3444.07,3444.15,444.0
2025-08-29 19:15:00,3444.12,3444.97,3442.31,3442.73,435.0
2025-08-29 19:20:00,3442.6,3446.05,3442.54,3445.52,404.0
2025-08-29 19:25:00,3445.58,3446.32,3444.97,3445.54,370.0
2025-08-29 19:30:00,3445.63,3447.38,3445.37,3447.24,387.0
2025-08-29 19:35:00,3447.26,3447.58,3446.38,3446.52,393.0
2025-08-29 19:40:00,3446.52,3447.07,3445.33,3446.95,362.0
2025-08-29 19:45:00,3446.94,3447.16,3446.05,3446.33,344.0
2025-08-29 19:50:00,3446.31,3447.9,3446.31,3447.86,390.0
2025-08-29 19:55:00,3447.87,3449.38,3447.87,3449.17,434.0
2025-08-29 20:00:00,3449.05,3450.05,3448.16,3448.79,401.0
2025-08-29 20:05:00,3448.85,3449.94,3447.64,3447.71,361.0
2025-08-29 20:10:00,3447.57,3448.4,3447.25,3447.26,361.0
2025-08-29 20:15:00,3447.22,3450.05,3446.5,3449.66,372.0
2025-08-29 20:20:00,3449.58,3450.11,3448.72,3448.96,397.0
2025-08-29 20:25:00,3448.91,3449.53,3447.84,3448.16,403.0
2025-08-29 20:30:00,3448.03,3448.31,3447.16,3447.26,353.0
2025-08-29 20:35:00,3447.22,3447.45,3446.05,3446.08,308.0
2025-08-29 20:40:00,3446.07,3446.09,3443.81,3444.68,399.0
2025-08-29 20:45:00,3444.75,3445.29,3441.08,3441.08,422.0
2025-08-29 20:50:00,3441.01,3444.08,3441.01,3444.08,402.0
2025-08-29 20:55:00,3444.02,3445.12,3443.63,3443.74,351.0
2025-08-29 21:00:00,3443.72,3444.4,3441.65,3442.09,336.0
2025-08-29 21:05:00,3442.08,3442.81,3441.12,3442.78,337.0
2025-08-29 21:10:00,3442.83,3442.97,3441.0,3442.95,306.0
2025-08-29 21:15:00,3442.88,3443.92,3442.88,3443.63,282.0
2025-08-29 21:20:00,3443.64,3444.54,3442.76,3444.38,297.0
2025-08-29 21:25:00,3444.36,3445.59,3444.36,3444.72,339.0
2025-08-29 21:30:00,3444.71,3445.11,3444.13,3444.27,296.0
2025-08-29 21:35:00,3444.22,3445.63,3444.22,3444.8,252.0
2025-08-29 21:40:00,3444.79,3444.84,3443.59,3444.05,295.0
2025-08-29 21:45:00,3444.04,3445.33,3443.62,3445.31,273.0
2025-08-29 21:50:00,3445.32,3445.32,3443.02,3443.06,329.0
2025-08-29 21:55:00,3443.1,3444.38,3443.01,3443.01,378.0
2025-08-29 22:00:00,3442.95,3443.34,3441.65,3443.26,354.0
2025-08-29 22:05:00,3443.23,3443.9,3442.72,3443.24,331.0
2025-08-29 22:10:00,3443.25,3444.45,3443.09,3444.06,367.0
2025-08-29 22:15:00,3444.1,3445.71,3444.02,3444.37,359.0
2025-08-29 22:20:00,3444.38,3445.09,3443.85,3444.25,373.0
2025-08-29 22:25:00,3444.25,3444.79,3443.84,3444.23,349.0
2025-08-29 22:30:00,3444.25,3446.19,3443.7,3445.99,404.0
2025-08-29 22:35:00,3446.0,3446.9,3445.51,3446.64,365.0
2025-08-29 22:40:00,3446.58,3448.04,3446.3,3448.02,423.0
2025-08-29 22:45:00,3447.94,3450.62,3447.67,3450.32,454.0
2025-08-29 22:50:00,3450.33,3453.88,3450.33,3453.36,519.0
2025-08-29 22:55:00,3453.26,3453.8,3452.16,3452.6,484.0
2025-08-29 23:00:00,3452.73,3452.73,3446.06,3447.44,467.0
2025-08-29 23:05:00,3447.44,3448.5,3447.03,3447.15,396.0
2025-08-29 23:10:00,3447.11,3447.63,3445.86,3446.95,362.0
2025-08-29 23:15:00,3446.98,3447.51,3446.44,3447.5,289.0
2025-08-29 23:20:00,3447.5,3448.83,3447.49,3448.53,304.0
2025-08-29 23:25:00,3448.54,3450.32,3448.28,3450.11,256.0
2025-08-29 23:30:00,3450.11,3450.11,3447.91,3447.95,252.0
2025-08-29 23:35:00,3447.97,3448.54,3447.23,3448.17,226.0
2025-08-29 23:40:00,3448.1,3449.39,3447.76,3449.35,230.0
2025-08-29 23:45:00,3449.37,3449.37,3447.82,3447.96,220.0
2025-08-29 23:50:00,3447.97,3448.31,3447.76,3448.16,233.0
