time,open,high,low,close,volume
2025-04-01 01:00:00,3123.22,3125.78,3123.07,3124.7,233.0
2025-04-01 01:05:00,3124.7,3125.47,3124.7,3125.06,81.0
2025-04-01 01:10:00,3125.05,3125.07,3124.34,3124.42,59.0
2025-04-01 01:15:00,3124.33,3124.33,3121.76,3121.85,131.0
2025-04-01 01:20:00,3121.84,3123.13,3121.75,3123.12,107.0
2025-04-01 01:25:00,3123.13,3123.63,3122.93,3123.2,56.0
2025-04-01 01:30:00,3123.22,3123.5,3123.04,3123.04,77.0
2025-04-01 01:35:00,3123.03,3123.28,3122.18,3122.47,92.0
2025-04-01 01:40:00,3122.46,3123.17,3122.34,3123.17,74.0
2025-04-01 01:45:00,3123.17,3123.64,3123.03,3123.41,68.0
2025-04-01 01:50:00,3123.42,3123.58,3122.67,3122.72,70.0
2025-04-01 01:55:00,3122.7,3123.09,3122.54,3122.8,63.0
2025-04-01 02:00:00,3122.81,3125.14,3122.78,3124.99,178.0
2025-04-01 02:05:00,3125.02,3125.84,3125.02,3125.38,108.0
2025-04-01 02:10:00,3125.4,3125.95,3125.15,3125.47,96.0
2025-04-01 02:15:00,3125.51,3125.8,3125.16,3125.54,82.0
2025-04-01 02:20:00,3125.52,3125.88,3125.0,3125.05,94.0
2025-04-01 02:25:00,3125.05,3125.46,3125.02,3125.42,71.0
2025-04-01 02:30:00,3125.41,3125.56,3125.09,3125.55,97.0
2025-04-01 02:35:00,3125.55,3126.1,3125.11,3125.76,144.0
2025-04-01 02:40:00,3125.79,3126.25,3125.42,3126.04,107.0
2025-04-01 02:45:00,3126.02,3126.41,3123.6,3124.17,140.0
2025-04-01 02:50:00,3124.25,3124.32,3120.28,3120.3,192.0
2025-04-01 02:55:00,3120.29,3121.34,3120.1,3120.61,233.0
2025-04-01 03:00:00,3120.59,3124.46,3120.3,3123.0,302.0
2025-04-01 03:05:00,3123.06,3124.03,3121.17,3122.14,229.0
2025-04-01 03:10:00,3122.08,3123.59,3122.08,3122.89,215.0
2025-04-01 03:15:00,3122.9,3125.4,3122.47,3125.12,216.0
2025-04-01 03:20:00,3125.11,3125.53,3124.12,3124.28,225.0
2025-04-01 03:25:00,3124.24,3124.64,3123.87,3124.19,159.0
2025-04-01 03:30:00,3124.02,3125.5,3124.02,3124.58,155.0
2025-04-01 03:35:00,3124.58,3125.74,3124.26,3125.34,163.0
2025-04-01 03:40:00,3125.28,3126.5,3124.98,3126.5,148.0
2025-04-01 03:45:00,3126.43,3127.57,3125.82,3127.54,250.0
2025-04-01 03:50:00,3127.59,3127.78,3126.59,3127.58,299.0
2025-04-01 03:55:00,3127.6,3127.91,3126.91,3127.25,246.0
2025-04-01 04:00:00,3127.15,3134.26,3127.13,3129.59,434.0
2025-04-01 04:05:00,3129.2,3133.23,3126.64,3131.37,415.0
2025-04-01 04:10:00,3131.31,3133.65,3131.18,3132.67,397.0
2025-04-01 04:15:00,3132.89,3133.32,3131.08,3132.14,377.0
2025-04-01 04:20:00,3132.24,3134.28,3131.82,3133.35,376.0
2025-04-01 04:25:00,3133.26,3134.57,3132.21,3133.38,332.0
2025-04-01 04:30:00,3133.1,3133.45,3129.76,3133.28,379.0
2025-04-01 04:35:00,3133.34,3135.07,3133.05,3134.41,321.0
2025-04-01 04:40:00,3134.54,3136.06,3133.28,3135.74,307.0
2025-04-01 04:45:00,3135.82,3138.14,3135.39,3136.64,341.0
2025-04-01 04:50:00,3136.52,3137.58,3135.48,3135.89,340.0
2025-04-01 04:55:00,3135.82,3135.95,3133.86,3135.44,332.0
2025-04-01 05:00:00,3135.38,3136.34,3133.06,3133.68,377.0
2025-04-01 05:05:00,3133.52,3137.87,3133.32,3136.95,343.0
2025-04-01 05:10:00,3136.77,3139.88,3136.43,3139.34,338.0
2025-04-01 05:15:00,3139.44,3139.92,3138.04,3139.52,251.0
2025-04-01 05:20:00,3139.31,3140.07,3139.18,3139.97,255.0
2025-04-01 05:25:00,3139.95,3143.58,3139.36,3142.44,298.0
2025-04-01 05:30:00,3142.7,3143.42,3141.59,3142.63,349.0
2025-04-01 05:35:00,3142.67,3143.09,3140.95,3142.0,303.0
2025-04-01 05:40:00,3142.02,3142.81,3140.95,3142.78,336.0
2025-04-01 05:45:00,3142.8,3144.73,3142.27,3144.26,352.0
2025-04-01 05:50:00,3144.32,3145.0,3143.38,3144.56,336.0
2025-04-01 05:55:00,3144.63,3145.67,3144.29,3145.1,322.0
2025-04-01 06:00:00,3145.03,3145.13,3143.37,3143.65,287.0
2025-04-01 06:05:00,3143.57,3144.92,3142.91,3143.79,279.0
2025-04-01 06:10:00,3143.68,3144.3,3142.61,3144.08,263.0
2025-04-01 06:15:00,3144.27,3145.06,3143.68,3144.7,232.0
2025-04-01 06:20:00,3144.48,3144.55,3142.85,3144.41,327.0
2025-04-01 06:25:00,3144.32,3145.27,3144.1,3144.78,225.0
2025-04-01 06:30:00,3144.79,3145.66,3144.53,3145.18,228.0
2025-04-01 06:35:00,3145.45,3145.9,3143.81,3143.87,212.0
2025-04-01 06:40:00,3143.79,3144.89,3143.66,3144.18,250.0
2025-04-01 06:45:00,3144.16,3145.74,3144.16,3145.66,241.0
2025-04-01 06:50:00,3145.67,3147.16,3145.05,3146.65,224.0
2025-04-01 06:55:00,3146.7,3147.32,3145.99,3146.01,232.0
2025-04-01 07:00:00,3145.95,3146.52,3144.86,3145.42,247.0
2025-04-01 07:05:00,3145.43,3147.27,3144.57,3146.55,228.0
2025-04-01 07:10:00,3146.53,3147.92,3146.25,3146.5,210.0
2025-04-01 07:15:00,3146.49,3146.49,3144.78,3145.49,217.0
2025-04-01 07:20:00,3145.48,3145.6,3143.79,3144.02,209.0
2025-04-01 07:25:00,3144.02,3144.86,3142.81,3143.69,239.0
2025-04-01 07:30:00,3143.76,3145.5,3143.43,3144.73,218.0
2025-04-01 07:35:00,3144.79,3145.72,3144.62,3145.36,253.0
2025-04-01 07:40:00,3145.34,3145.35,3143.31,3144.1,197.0
2025-04-01 07:45:00,3144.17,3145.14,3144.16,3145.08,216.0
2025-04-01 07:50:00,3145.13,3145.46,3144.07,3144.15,196.0
2025-04-01 07:55:00,3144.09,3145.0,3143.94,3144.69,187.0
2025-04-01 08:00:00,3144.69,3144.99,3141.59,3143.69,327.0
2025-04-01 08:05:00,3143.82,3145.11,3141.7,3142.17,322.0
2025-04-01 08:10:00,3142.17,3143.38,3141.85,3142.65,217.0
2025-04-01 08:15:00,3142.75,3144.76,3142.56,3144.75,260.0
2025-04-01 08:20:00,3144.64,3145.73,3144.58,3145.73,214.0
2025-04-01 08:25:00,3145.58,3145.59,3143.66,3145.1,267.0
2025-04-01 08:30:00,3145.34,3148.11,3144.95,3148.11,345.0
2025-04-01 08:35:00,3147.85,3149.04,3146.78,3146.88,320.0
2025-04-01 08:40:00,3146.87,3147.16,3144.25,3145.33,344.0
2025-04-01 08:45:00,3145.33,3146.24,3142.7,3142.91,323.0
2025-04-01 08:50:00,3142.85,3142.85,3133.78,3134.4,415.0
2025-04-01 08:55:00,3134.52,3135.35,3130.58,3132.07,425.0
2025-04-01 09:00:00,3131.94,3131.94,3126.55,3131.74,450.0
2025-04-01 09:05:00,3131.78,3132.76,3128.2,3129.1,416.0
2025-04-01 09:10:00,3129.09,3131.52,3127.98,3130.8,378.0
2025-04-01 09:15:00,3130.8,3134.97,3130.08,3132.93,371.0
2025-04-01 09:20:00,3132.96,3135.68,3131.69,3134.73,329.0
2025-04-01 09:25:00,3134.9,3138.09,3134.68,3136.27,338.0
2025-04-01 09:30:00,3136.3,3138.05,3134.84,3137.2,351.0
2025-04-01 09:35:00,3137.23,3137.71,3134.77,3135.71,361.0
2025-04-01 09:40:00,3135.65,3136.45,3133.32,3133.53,358.0
2025-04-01 09:45:00,3133.52,3134.16,3131.81,3133.96,346.0
2025-04-01 09:50:00,3133.84,3136.68,3133.2,3134.23,355.0
2025-04-01 09:55:00,3134.12,3134.14,3132.31,3133.64,376.0
2025-04-01 10:00:00,3133.57,3134.3,3132.84,3133.6,368.0
2025-04-01 10:05:00,3133.63,3133.78,3131.26,3132.77,337.0
2025-04-01 10:10:00,3132.78,3136.78,3132.75,3136.53,331.0
2025-04-01 10:15:00,3136.61,3137.67,3134.3,3134.3,338.0
2025-04-01 10:20:00,3134.42,3134.88,3131.73,3133.88,351.0
2025-04-01 10:25:00,3133.81,3134.59,3131.02,3132.72,311.0
2025-04-01 10:30:00,3132.81,3133.24,3129.29,3129.58,320.0
2025-04-01 10:35:00,3129.9,3130.3,3127.72,3127.99,331.0
2025-04-01 10:40:00,3127.91,3128.26,3125.87,3126.28,361.0
2025-04-01 10:45:00,3126.23,3127.43,3124.19,3124.75,382.0
2025-04-01 10:50:00,3124.67,3127.3,3124.6,3126.92,349.0
2025-04-01 10:55:00,3126.93,3128.42,3126.68,3127.61,360.0
2025-04-01 11:00:00,3127.49,3130.52,3126.48,3129.93,361.0
2025-04-01 11:05:00,3129.95,3133.99,3129.86,3133.77,361.0
2025-04-01 11:10:00,3134.0,3135.33,3133.47,3135.02,362.0
2025-04-01 11:15:00,3135.09,3135.67,3132.55,3132.74,315.0
2025-04-01 11:20:00,3132.65,3134.31,3131.51,3132.63,331.0
2025-04-01 11:25:00,3132.53,3133.47,3131.73,3132.37,232.0
2025-04-01 11:30:00,3132.22,3132.9,3131.6,3131.96,233.0
2025-04-01 11:35:00,3131.94,3133.91,3131.1,3132.86,284.0
2025-04-01 11:40:00,3132.89,3133.62,3132.23,3132.42,212.0
2025-04-01 11:45:00,3132.38,3133.29,3131.49,3131.65,185.0
2025-04-01 11:50:00,3131.73,3132.25,3130.25,3132.02,272.0
2025-04-01 11:55:00,3132.0,3132.14,3129.47,3130.87,216.0
2025-04-01 12:00:00,3130.9,3132.46,3130.07,3131.28,259.0
2025-04-01 12:05:00,3131.27,3132.14,3130.54,3132.11,244.0
2025-04-01 12:10:00,3132.11,3132.88,3131.31,3131.53,192.0
2025-04-01 12:15:00,3131.54,3132.44,3131.02,3132.09,255.0
2025-04-01 12:20:00,3132.06,3134.08,3131.78,3133.5,274.0
2025-04-01 12:25:00,3133.54,3133.71,3132.13,3132.33,297.0
2025-04-01 12:30:00,3132.24,3133.41,3131.63,3132.42,291.0
2025-04-01 12:35:00,3132.4,3132.62,3130.99,3131.55,224.0
2025-04-01 12:40:00,3131.53,3133.14,3131.42,3133.12,193.0
2025-04-01 12:45:00,3133.14,3133.25,3131.64,3131.85,231.0
2025-04-01 12:50:00,3131.84,3133.63,3130.4,3132.4,320.0
2025-04-01 12:55:00,3132.41,3133.28,3132.2,3132.2,291.0
2025-04-01 13:00:00,3132.31,3133.09,3130.8,3133.09,324.0
2025-04-01 13:05:00,3133.06,3133.75,3132.47,3132.82,357.0
2025-04-01 13:10:00,3132.8,3135.74,3131.37,3135.27,341.0
2025-04-01 13:15:00,3135.28,3136.73,3134.92,3135.9,325.0
2025-04-01 13:20:00,3136.0,3138.91,3135.12,3137.74,368.0
2025-04-01 13:25:00,3137.74,3137.94,3135.67,3136.14,342.0
2025-04-01 13:30:00,3136.17,3137.76,3135.36,3135.41,305.0
2025-04-01 13:35:00,3135.39,3136.22,3131.91,3134.88,372.0
2025-04-01 13:40:00,3134.89,3135.79,3133.47,3133.95,287.0
2025-04-01 13:45:00,3133.95,3134.73,3133.29,3133.46,290.0
2025-04-01 13:50:00,3133.4,3134.7,3132.69,3132.91,300.0
2025-04-01 13:55:00,3132.94,3133.77,3132.23,3132.35,300.0
2025-04-01 14:00:00,3132.35,3133.45,3131.83,3132.56,317.0
2025-04-01 14:05:00,3132.55,3133.28,3131.61,3131.61,316.0
2025-04-01 14:10:00,3131.6,3133.8,3130.79,3133.62,308.0
2025-04-01 14:15:00,3133.67,3135.79,3132.55,3134.23,304.0
2025-04-01 14:20:00,3133.99,3134.18,3130.0,3130.77,334.0
2025-04-01 14:25:00,3130.79,3131.64,3129.39,3130.78,282.0
2025-04-01 14:30:00,3130.85,3133.64,3130.16,3133.54,334.0
2025-04-01 14:35:00,3133.53,3133.53,3131.02,3131.08,294.0
2025-04-01 14:40:00,3131.01,3132.96,3129.93,3132.72,341.0
2025-04-01 14:45:00,3132.56,3133.14,3131.83,3132.39,278.0
2025-04-01 14:50:00,3132.42,3132.42,3130.09,3131.18,290.0
2025-04-01 14:55:00,3131.15,3131.15,3128.73,3130.37,376.0
2025-04-01 15:00:00,3130.44,3130.62,3127.74,3129.2,351.0
2025-04-01 15:05:00,3129.4,3131.94,3129.29,3131.43,319.0
2025-04-01 15:10:00,3131.58,3132.93,3130.75,3132.01,318.0
2025-04-01 15:15:00,3132.05,3132.64,3130.84,3131.6,288.0
2025-04-01 15:20:00,3132.22,3133.99,3131.14,3133.26,379.0
2025-04-01 15:25:00,3133.29,3134.28,3132.66,3133.63,353.0
2025-04-01 15:30:00,3133.59,3134.55,3130.87,3131.83,344.0
2025-04-01 15:35:00,3131.85,3133.95,3131.1,3132.8,333.0
2025-04-01 15:40:00,3132.76,3133.4,3131.72,3133.17,324.0
2025-04-01 15:45:00,3133.16,3133.99,3132.37,3133.21,287.0
2025-04-01 15:50:00,3132.84,3133.28,3132.07,3132.51,229.0
2025-04-01 15:55:00,3132.55,3134.31,3132.34,3133.33,292.0
2025-04-01 16:00:00,3133.49,3135.17,3131.49,3134.78,380.0
2025-04-01 16:05:00,3134.4,3137.0,3133.52,3136.91,377.0
2025-04-01 16:10:00,3137.02,3137.03,3133.28,3134.61,344.0
2025-04-01 16:15:00,3134.67,3135.12,3133.24,3133.63,320.0
2025-04-01 16:20:00,3133.62,3134.23,3128.87,3130.75,342.0
2025-04-01 16:25:00,3130.78,3131.2,3128.3,3129.24,363.0
2025-04-01 16:30:00,3129.85,3133.03,3128.26,3130.84,427.0
2025-04-01 16:35:00,3130.89,3132.43,3129.59,3132.17,420.0
2025-04-01 16:40:00,3132.04,3134.98,3131.68,3132.25,378.0
2025-04-01 16:45:00,3132.04,3134.46,3131.61,3134.24,402.0
2025-04-01 16:50:00,3134.15,3134.19,3130.99,3133.68,423.0
2025-04-01 16:55:00,3133.53,3134.13,3132.4,3133.82,343.0
2025-04-01 17:00:00,3133.04,3135.31,3130.16,3132.46,419.0
2025-04-01 17:05:00,3132.41,3134.68,3131.77,3132.13,403.0
2025-04-01 17:10:00,3132.18,3133.35,3124.43,3125.45,451.0
2025-04-01 17:15:00,3125.42,3130.26,3125.03,3127.36,436.0
2025-04-01 17:20:00,3127.35,3127.6,3123.79,3127.34,417.0
2025-04-01 17:25:00,3127.33,3130.52,3126.85,3126.85,382.0
2025-04-01 17:30:00,3126.65,3127.19,3124.48,3126.64,409.0
2025-04-01 17:35:00,3126.98,3129.5,3125.42,3127.89,406.0
2025-04-01 17:40:00,3127.86,3130.03,3126.85,3126.9,397.0
2025-04-01 17:45:00,3126.92,3130.25,3126.1,3130.03,394.0
2025-04-01 17:50:00,3130.04,3131.58,3127.77,3129.0,409.0
2025-04-01 17:55:00,3129.34,3129.93,3128.0,3128.75,380.0
2025-04-01 18:00:00,3128.72,3131.91,3128.21,3131.3,362.0
2025-04-01 18:05:00,3131.2,3133.02,3130.48,3130.48,369.0
2025-04-01 18:10:00,3130.32,3131.6,3129.0,3130.92,387.0
2025-04-01 18:15:00,3130.99,3131.58,3127.34,3127.71,362.0
2025-04-01 18:20:00,3127.52,3129.76,3126.81,3128.73,387.0
2025-04-01 18:25:00,3128.45,3128.53,3125.72,3126.63,357.0
2025-04-01 18:30:00,3126.6,3127.3,3125.06,3126.24,372.0
2025-04-01 18:35:00,3126.18,3127.07,3124.7,3125.19,332.0
2025-04-01 18:40:00,3125.18,3125.44,3119.27,3121.18,385.0
2025-04-01 18:45:00,3121.13,3124.18,3120.82,3122.57,401.0
2025-04-01 18:50:00,3122.97,3122.97,3116.42,3118.29,424.0
2025-04-01 18:55:00,3118.29,3119.19,3113.36,3113.68,411.0
2025-04-01 19:00:00,3113.59,3116.71,3111.49,3114.34,424.0
2025-04-01 19:05:00,3114.54,3114.88,3108.45,3109.85,427.0
2025-04-01 19:10:00,3109.72,3110.25,3106.64,3107.04,407.0
2025-04-01 19:15:00,3106.98,3108.84,3100.87,3102.41,438.0
2025-04-01 19:20:00,3102.61,3108.09,3102.2,3106.91,413.0
2025-04-01 19:25:00,3106.83,3108.53,3105.81,3107.85,380.0
2025-04-01 19:30:00,3107.96,3109.18,3105.22,3105.63,402.0
2025-04-01 19:35:00,3105.48,3109.9,3105.48,3108.96,402.0
2025-04-01 19:40:00,3109.3,3110.54,3106.98,3107.08,398.0
2025-04-01 19:45:00,3107.08,3110.85,3106.45,3110.45,352.0
2025-04-01 19:50:00,3110.45,3110.61,3107.87,3108.53,327.0
2025-04-01 19:55:00,3108.54,3108.54,3106.34,3106.65,316.0
2025-04-01 20:00:00,3106.62,3108.5,3106.5,3107.62,315.0
2025-04-01 20:05:00,3107.58,3107.82,3105.71,3107.5,277.0
2025-04-01 20:10:00,3107.47,3108.63,3106.5,3108.63,272.0
2025-04-01 20:15:00,3108.57,3111.24,3108.57,3110.0,299.0
2025-04-01 20:20:00,3110.11,3112.98,3109.94,3112.63,291.0
2025-04-01 20:25:00,3112.59,3114.22,3112.01,3113.92,361.0
2025-04-01 20:30:00,3114.1,3114.54,3112.39,3112.83,354.0
2025-04-01 20:35:00,3112.91,3113.44,3112.1,3113.14,274.0
2025-04-01 20:40:00,3113.08,3113.48,3112.25,3113.06,260.0
2025-04-01 20:45:00,3113.01,3114.18,3112.62,3113.51,242.0
2025-04-01 20:50:00,3113.45,3114.39,3113.42,3114.08,276.0
2025-04-01 20:55:00,3114.18,3114.49,3113.42,3113.79,285.0
2025-04-01 21:00:00,3113.66,3115.57,3113.33,3115.25,348.0
2025-04-01 21:05:00,3115.23,3116.59,3114.87,3116.04,301.0
2025-04-01 21:10:00,3116.07,3117.1,3115.64,3116.81,285.0
2025-04-01 21:15:00,3116.82,3116.89,3114.07,3115.16,294.0
2025-04-01 21:20:00,3115.12,3116.38,3114.78,3115.25,285.0
2025-04-01 21:25:00,3115.33,3117.28,3114.96,3116.41,285.0
2025-04-01 21:30:00,3116.62,3118.64,3116.42,3118.36,269.0
2025-04-01 21:35:00,3118.35,3118.35,3116.56,3116.85,252.0
2025-04-01 21:40:00,3116.85,3116.85,3113.37,3113.53,260.0
2025-04-01 21:45:00,3113.53,3114.83,3113.29,3114.48,243.0
2025-04-01 21:50:00,3114.66,3114.98,3113.66,3113.92,246.0
2025-04-01 21:55:00,3113.82,3114.61,3113.74,3114.17,265.0
2025-04-01 22:00:00,3114.17,3114.65,3113.73,3113.75,239.0
2025-04-01 22:05:00,3113.77,3114.74,3113.74,3114.26,223.0
2025-04-01 22:10:00,3114.28,3115.2,3113.97,3115.12,193.0
2025-04-01 22:15:00,3115.02,3116.89,3115.0,3116.02,201.0
2025-04-01 22:20:00,3116.01,3116.63,3116.0,3116.47,199.0
2025-04-01 22:25:00,3116.45,3118.38,3116.24,3117.08,199.0
2025-04-01 22:30:00,3117.2,3117.68,3116.82,3116.83,216.0
2025-04-01 22:35:00,3116.83,3117.44,3116.68,3117.05,202.0
2025-04-01 22:40:00,3116.97,3117.21,3116.5,3116.93,237.0
2025-04-01 22:45:00,3117.08,3117.36,3116.86,3117.21,260.0
2025-04-01 22:50:00,3117.09,3118.0,3116.74,3117.83,256.0
2025-04-01 22:55:00,3117.79,3118.99,3117.43,3118.7,263.0
2025-04-01 23:00:00,3118.64,3118.97,3118.26,3118.49,143.0
2025-04-01 23:05:00,3118.47,3118.73,3118.26,3118.49,76.0
2025-04-01 23:10:00,3118.49,3118.57,3118.11,3118.44,66.0
2025-04-01 23:15:00,3118.44,3118.51,3118.09,3118.29,58.0
2025-04-01 23:20:00,3118.29,3118.75,3118.24,3118.53,53.0
2025-04-01 23:25:00,3118.55,3119.96,3118.55,3119.71,88.0
2025-04-01 23:30:00,3119.67,3120.77,3118.56,3118.72,129.0
2025-04-01 23:35:00,3118.86,3119.24,3118.33,3118.47,80.0
2025-04-01 23:40:00,3118.47,3118.69,3118.26,3118.44,65.0
2025-04-01 23:45:00,3118.44,3119.46,3117.32,3117.39,146.0
2025-04-01 23:50:00,3117.39,3117.57,3113.31,3114.02,191.0
2025-04-01 23:55:00,3114.27,3114.62,3113.12,3114.12,158.0
2025-04-02 01:00:00,3114.22,3114.55,3113.04,3114.1,211.0
2025-04-02 01:05:00,3114.1,3114.87,3113.53,3113.97,95.0
2025-04-02 01:10:00,3114.06,3114.06,3112.19,3112.36,115.0
2025-04-02 01:15:00,3112.3,3112.55,3107.8,3107.8,253.0
2025-04-02 01:20:00,3107.76,3110.96,3107.76,3110.78,159.0
2025-04-02 01:25:00,3110.79,3112.33,3110.76,3111.33,146.0
2025-04-02 01:30:00,3111.34,3113.25,3111.34,3113.12,136.0
2025-04-02 01:35:00,3113.06,3113.52,3112.52,3113.17,100.0
2025-04-02 01:40:00,3113.17,3113.47,3112.59,3112.74,93.0
2025-04-02 01:45:00,3112.69,3113.24,3112.63,3113.2,134.0
2025-04-02 01:50:00,3113.13,3113.28,3112.57,3112.57,126.0
2025-04-02 01:55:00,3112.48,3112.48,3110.91,3111.35,133.0
2025-04-02 02:00:00,3111.43,3113.97,3111.33,3113.64,150.0
2025-04-02 02:05:00,3113.69,3113.72,3112.16,3112.17,96.0
2025-04-02 02:10:00,3112.18,3112.47,3111.36,3111.97,108.0
2025-04-02 02:15:00,3111.88,3113.13,3111.88,3113.04,98.0
2025-04-02 02:20:00,3113.08,3113.35,3112.85,3113.26,67.0
2025-04-02 02:25:00,3113.26,3113.39,3112.67,3112.68,69.0
2025-04-02 02:30:00,3112.65,3112.84,3111.59,3111.76,137.0
2025-04-02 02:35:00,3111.7,3112.74,3111.31,3112.38,126.0
2025-04-02 02:40:00,3112.31,3113.85,3112.27,3113.81,94.0
2025-04-02 02:45:00,3113.68,3113.99,3113.29,3113.95,159.0
2025-04-02 02:50:00,3113.95,3116.23,3113.91,3115.79,237.0
2025-04-02 02:55:00,3115.77,3115.78,3113.99,3115.19,134.0
2025-04-02 03:00:00,3115.18,3115.37,3113.61,3114.0,201.0
2025-04-02 03:05:00,3113.96,3114.89,3113.27,3114.42,251.0
2025-04-02 03:10:00,3114.35,3114.36,3113.03,3113.71,262.0
2025-04-02 03:15:00,3113.59,3115.15,3113.31,3115.0,237.0
2025-04-02 03:20:00,3115.02,3120.77,3115.0,3120.24,358.0
2025-04-02 03:25:00,3119.94,3121.85,3119.48,3121.56,300.0
2025-04-02 03:30:00,3121.6,3122.17,3120.37,3121.52,252.0
2025-04-02 03:35:00,3121.49,3122.93,3120.91,3122.72,220.0
2025-04-02 03:40:00,3122.68,3122.8,3120.7,3120.7,247.0
2025-04-02 03:45:00,3120.72,3122.72,3120.42,3122.66,205.0
2025-04-02 03:50:00,3122.53,3123.67,3121.93,3121.93,277.0
2025-04-02 03:55:00,3121.94,3123.14,3121.73,3122.92,245.0
2025-04-02 04:00:00,3122.93,3124.14,3121.35,3122.74,379.0
2025-04-02 04:05:00,3122.4,3129.34,3122.4,3128.45,385.0
2025-04-02 04:10:00,3128.26,3132.51,3128.26,3132.22,412.0
2025-04-02 04:15:00,3132.22,3132.82,3131.11,3132.59,397.0
2025-04-02 04:20:00,3132.46,3134.04,3130.67,3132.01,341.0
2025-04-02 04:25:00,3132.08,3133.89,3132.05,3133.47,326.0
2025-04-02 04:30:00,3133.49,3135.36,3132.31,3132.53,399.0
2025-04-02 04:35:00,3132.43,3132.71,3129.84,3130.4,386.0
2025-04-02 04:40:00,3130.21,3131.79,3129.55,3130.12,360.0
2025-04-02 04:45:00,3130.13,3133.72,3129.74,3132.56,355.0
2025-04-02 04:50:00,3132.57,3133.56,3132.18,3133.12,299.0
2025-04-02 04:55:00,3133.05,3133.9,3132.18,3132.98,381.0
2025-04-02 05:00:00,3133.12,3134.17,3132.98,3134.02,338.0
2025-04-02 05:05:00,3133.94,3135.64,3132.23,3132.82,365.0
2025-04-02 05:10:00,3132.81,3133.09,3132.15,3132.75,244.0
2025-04-02 05:15:00,3132.75,3133.06,3131.56,3132.48,286.0
2025-04-02 05:20:00,3132.63,3133.68,3130.8,3131.57,274.0
2025-04-02 05:25:00,3131.6,3133.29,3131.44,3132.38,279.0
2025-04-02 05:30:00,3132.4,3132.92,3130.63,3131.81,328.0
2025-04-02 05:35:00,3131.74,3131.95,3131.22,3131.34,222.0
2025-04-02 05:40:00,3131.35,3131.74,3130.12,3131.6,293.0
2025-04-02 05:45:00,3131.58,3133.8,3130.31,3130.79,320.0
2025-04-02 05:50:00,3130.79,3131.61,3130.25,3131.51,250.0
2025-04-02 05:55:00,3131.52,3132.22,3128.59,3128.59,274.0
2025-04-02 06:00:00,3128.44,3130.82,3127.25,3130.79,290.0
2025-04-02 06:05:00,3130.69,3132.22,3129.82,3131.11,236.0
2025-04-02 06:10:00,3131.21,3131.55,3130.35,3131.54,218.0
2025-04-02 06:15:00,3131.55,3131.76,3129.84,3130.15,211.0
2025-04-02 06:20:00,3130.16,3130.36,3128.76,3129.92,272.0
2025-04-02 06:25:00,3129.91,3130.14,3128.95,3129.15,247.0
2025-04-02 06:30:00,3129.21,3129.3,3126.98,3127.41,217.0
2025-04-02 06:35:00,3127.39,3128.39,3126.21,3127.11,238.0
2025-04-02 06:40:00,3127.11,3128.32,3127.08,3127.88,201.0
2025-04-02 06:45:00,3127.88,3127.9,3126.65,3127.03,150.0
2025-04-02 06:50:00,3127.12,3127.41,3125.15,3125.29,186.0
2025-04-02 06:55:00,3125.28,3126.27,3124.62,3125.48,276.0
2025-04-02 07:00:00,3125.43,3126.73,3125.43,3125.82,212.0
2025-04-02 07:05:00,3125.77,3126.61,3125.22,3125.47,194.0
2025-04-02 07:10:00,3125.4,3125.65,3124.86,3125.61,193.0
2025-04-02 07:15:00,3125.69,3125.97,3124.42,3125.21,177.0
2025-04-02 07:20:00,3125.21,3125.75,3125.19,3125.31,114.0
2025-04-02 07:25:00,3125.29,3125.32,3124.14,3124.17,145.0
2025-04-02 07:30:00,3124.2,3124.65,3122.55,3122.95,190.0
2025-04-02 07:35:00,3122.94,3122.94,3119.08,3119.46,240.0
2025-04-02 07:40:00,3119.5,3120.22,3118.24,3119.48,278.0
2025-04-02 07:45:00,3119.48,3120.6,3117.53,3117.73,316.0
2025-04-02 07:50:00,3117.61,3118.09,3115.8,3117.05,327.0
2025-04-02 07:55:00,3117.04,3117.92,3115.53,3116.12,246.0
2025-04-02 08:00:00,3116.4,3117.59,3115.13,3116.83,278.0
2025-04-02 08:05:00,3116.8,3116.9,3114.22,3114.34,298.0
2025-04-02 08:10:00,3114.32,3116.77,3114.29,3116.57,279.0
2025-04-02 08:15:00,3116.47,3117.87,3115.81,3116.42,273.0
2025-04-02 08:20:00,3116.43,3116.57,3115.08,3116.13,204.0
2025-04-02 08:25:00,3116.08,3116.1,3112.01,3112.69,251.0
2025-04-02 08:30:00,3113.42,3115.87,3109.51,3113.07,484.0
2025-04-02 08:35:00,3112.96,3116.92,3111.87,3115.15,422.0
2025-04-02 08:40:00,3115.04,3117.24,3114.68,3116.35,292.0
2025-04-02 08:45:00,3116.48,3118.24,3115.47,3117.81,275.0
2025-04-02 08:50:00,3117.81,3118.96,3117.32,3118.83,313.0
2025-04-02 08:55:00,3118.78,3119.16,3115.68,3117.95,321.0
2025-04-02 09:00:00,3117.97,3118.96,3117.36,3117.88,326.0
2025-04-02 09:05:00,3117.86,3118.5,3115.52,3116.13,340.0
2025-04-02 09:10:00,3116.12,3116.12,3113.98,3115.4,392.0
2025-04-02 09:15:00,3115.52,3118.39,3115.41,3118.39,317.0
2025-04-02 09:20:00,3118.39,3119.66,3115.52,3116.12,349.0
2025-04-02 09:25:00,3116.09,3116.93,3115.53,3116.38,303.0
2025-04-02 09:30:00,3116.37,3116.91,3114.63,3116.19,355.0
2025-04-02 09:35:00,3115.97,3117.31,3115.69,3116.85,268.0
2025-04-02 09:40:00,3116.98,3118.87,3116.82,3118.37,241.0
2025-04-02 09:45:00,3118.27,3118.88,3117.09,3117.98,266.0
2025-04-02 09:50:00,3117.94,3118.98,3117.44,3117.44,262.0
2025-04-02 09:55:00,3117.45,3117.94,3116.37,3116.48,283.0
2025-04-02 10:00:00,3116.71,3117.14,3113.73,3114.29,375.0
2025-04-02 10:05:00,3114.23,3115.59,3112.17,3112.17,347.0
2025-04-02 10:10:00,3112.26,3115.29,3112.25,3113.63,351.0
2025-04-02 10:15:00,3113.62,3117.33,3113.48,3117.09,329.0
2025-04-02 10:20:00,3117.15,3118.27,3116.7,3117.73,304.0
2025-04-02 10:25:00,3117.8,3118.26,3116.09,3116.7,324.0
2025-04-02 10:30:00,3116.76,3117.78,3115.82,3115.97,272.0
2025-04-02 10:35:00,3116.03,3117.32,3115.75,3117.16,259.0
2025-04-02 10:40:00,3117.15,3119.6,3116.88,3119.59,292.0
2025-04-02 10:45:00,3119.59,3122.39,3119.19,3122.39,307.0
2025-04-02 10:50:00,3122.38,3124.76,3122.32,3124.12,287.0
2025-04-02 10:55:00,3124.12,3126.06,3123.68,3125.22,341.0
2025-04-02 11:00:00,3125.28,3125.42,3123.56,3125.41,354.0
2025-04-02 11:05:00,3125.41,3127.37,3125.3,3127.04,349.0
2025-04-02 11:10:00,3127.01,3127.68,3123.35,3125.49,315.0
2025-04-02 11:15:00,3125.44,3126.47,3124.81,3125.26,283.0
2025-04-02 11:20:00,3125.29,3127.52,3124.96,3127.52,293.0
2025-04-02 11:25:00,3127.52,3130.21,3127.23,3128.56,365.0
2025-04-02 11:30:00,3128.41,3132.66,3128.05,3132.42,439.0
2025-04-02 11:35:00,3132.39,3133.69,3130.94,3132.25,398.0
2025-04-02 11:40:00,3132.45,3133.2,3131.61,3132.94,342.0
2025-04-02 11:45:00,3132.99,3133.78,3131.99,3132.8,308.0
2025-04-02 11:50:00,3132.78,3133.76,3132.24,3132.35,293.0
2025-04-02 11:55:00,3132.36,3133.28,3130.89,3131.2,295.0
2025-04-02 12:00:00,3131.29,3131.52,3129.33,3130.5,342.0
2025-04-02 12:05:00,3130.56,3130.84,3127.91,3130.07,339.0
2025-04-02 12:10:00,3130.19,3130.65,3128.82,3128.82,349.0
2025-04-02 12:15:00,3128.84,3129.46,3128.14,3129.31,302.0
2025-04-02 12:20:00,3129.32,3130.58,3127.81,3128.79,304.0
2025-04-02 12:25:00,3128.9,3131.12,3128.19,3130.77,315.0
2025-04-02 12:30:00,3130.69,3131.17,3127.05,3128.98,331.0
2025-04-02 12:35:00,3128.98,3129.24,3127.94,3128.67,250.0
2025-04-02 12:40:00,3128.58,3130.02,3127.86,3129.04,259.0
2025-04-02 12:45:00,3129.04,3129.55,3128.68,3129.13,180.0
2025-04-02 12:50:00,3129.19,3130.24,3128.9,3129.51,207.0
2025-04-02 12:55:00,3129.69,3131.2,3129.61,3131.02,277.0
2025-04-02 13:00:00,3131.01,3131.31,3128.81,3129.99,360.0
2025-04-02 13:05:00,3129.96,3130.59,3129.33,3130.05,302.0
2025-04-02 13:10:00,3130.05,3130.15,3129.08,3130.05,236.0
2025-04-02 13:15:00,3130.1,3130.37,3129.42,3129.42,284.0
2025-04-02 13:20:00,3129.43,3129.71,3128.74,3128.86,276.0
2025-04-02 13:25:00,3128.88,3128.88,3125.77,3127.02,328.0
2025-04-02 13:30:00,3127.08,3127.73,3125.36,3125.45,296.0
2025-04-02 13:35:00,3125.49,3125.97,3123.76,3123.84,290.0
2025-04-02 13:40:00,3123.42,3124.07,3116.46,3117.31,429.0
2025-04-02 13:45:00,3117.31,3117.31,3112.55,3116.32,416.0
2025-04-02 13:50:00,3116.3,3116.77,3111.53,3111.63,360.0
2025-04-02 13:55:00,3111.46,3114.98,3110.14,3114.41,379.0
2025-04-02 14:00:00,3114.46,3117.93,3114.4,3117.7,355.0
2025-04-02 14:05:00,3117.56,3120.74,3117.04,3118.91,402.0
2025-04-02 14:10:00,3118.78,3120.01,3118.17,3119.63,328.0
2025-04-02 14:15:00,3119.67,3120.5,3118.75,3119.49,325.0
2025-04-02 14:20:00,3119.49,3120.86,3117.72,3120.86,373.0
2025-04-02 14:25:00,3120.97,3123.83,3120.97,3122.84,330.0
2025-04-02 14:30:00,3122.96,3123.08,3121.6,3122.89,330.0
2025-04-02 14:35:00,3123.12,3123.4,3119.87,3119.87,305.0
2025-04-02 14:40:00,3119.75,3123.4,3119.0,3121.57,344.0
2025-04-02 14:45:00,3121.62,3122.69,3121.28,3122.5,221.0
2025-04-02 14:50:00,3122.71,3123.0,3121.68,3122.78,174.0
2025-04-02 14:55:00,3122.67,3122.82,3119.77,3121.23,269.0
2025-04-02 15:00:00,3121.29,3122.0,3119.09,3119.35,344.0
2025-04-02 15:05:00,3119.35,3120.33,3117.88,3120.0,355.0
2025-04-02 15:10:00,3119.93,3120.09,3119.07,3119.07,269.0
2025-04-02 15:15:00,3119.22,3119.61,3117.08,3118.89,311.0
2025-04-02 15:20:00,3119.12,3121.98,3119.12,3121.68,356.0
2025-04-02 15:25:00,3121.74,3126.02,3120.54,3125.83,412.0
2025-04-02 15:30:00,3125.85,3127.13,3124.64,3124.7,380.0
2025-04-02 15:35:00,3124.67,3124.78,3122.65,3123.54,345.0
2025-04-02 15:40:00,3123.65,3124.82,3122.32,3124.36,369.0
2025-04-02 15:45:00,3124.24,3124.72,3123.37,3123.87,294.0
2025-04-02 15:50:00,3123.84,3124.79,3123.55,3124.11,315.0
2025-04-02 15:55:00,3124.16,3124.77,3122.37,3122.43,344.0
2025-04-02 16:00:00,3122.02,3123.9,3120.72,3122.61,431.0
2025-04-02 16:05:00,3122.71,3126.9,3122.22,3126.52,408.0
2025-04-02 16:10:00,3126.37,3126.73,3123.65,3123.93,418.0
2025-04-02 16:15:00,3123.98,3126.75,3122.79,3124.99,407.0
2025-04-02 16:20:00,3125.12,3127.09,3124.65,3125.37,388.0
2025-04-02 16:25:00,3125.46,3126.61,3124.09,3125.77,353.0
2025-04-02 16:30:00,3125.76,3131.44,3124.85,3130.56,460.0
2025-04-02 16:35:00,3130.37,3132.28,3127.63,3128.77,484.0
2025-04-02 16:40:00,3128.7,3131.24,3127.42,3127.52,430.0
2025-04-02 16:45:00,3127.58,3127.58,3118.52,3119.66,485.0
2025-04-02 16:50:00,3119.63,3120.03,3116.69,3117.78,501.0
2025-04-02 16:55:00,3117.8,3124.37,3117.8,3122.16,426.0
2025-04-02 17:00:00,3122.42,3123.29,3119.45,3120.79,446.0
2025-04-02 17:05:00,3120.96,3122.84,3119.42,3122.09,437.0
2025-04-02 17:10:00,3122.07,3124.56,3121.92,3124.06,372.0
2025-04-02 17:15:00,3123.85,3125.75,3123.65,3124.33,394.0
2025-04-02 17:20:00,3124.16,3127.12,3123.91,3126.48,385.0
2025-04-02 17:25:00,3126.53,3128.39,3126.18,3126.44,378.0
2025-04-02 17:30:00,3126.82,3127.46,3124.13,3125.32,379.0
2025-04-02 17:35:00,3125.44,3125.87,3124.07,3125.19,347.0
2025-04-02 17:40:00,3125.18,3126.65,3124.16,3125.71,349.0
2025-04-02 17:45:00,3125.75,3129.2,3125.62,3128.99,351.0
2025-04-02 17:50:00,3129.01,3129.33,3126.58,3126.59,370.0
2025-04-02 17:55:00,3126.58,3127.39,3124.63,3124.79,350.0
2025-04-02 18:00:00,3124.8,3128.12,3124.0,3127.47,350.0
2025-04-02 18:05:00,3127.44,3127.44,3124.41,3124.82,343.0
2025-04-02 18:10:00,3124.81,3126.02,3124.74,3125.66,327.0
2025-04-02 18:15:00,3125.78,3128.04,3124.71,3127.34,274.0
2025-04-02 18:20:00,3127.38,3127.83,3120.82,3124.17,354.0
2025-04-02 18:25:00,3124.29,3125.61,3123.03,3124.72,360.0
2025-04-02 18:30:00,3124.66,3127.54,3124.21,3127.08,392.0
2025-04-02 18:35:00,3127.08,3128.01,3126.01,3126.93,350.0
2025-04-02 18:40:00,3126.92,3127.61,3124.49,3127.43,373.0
2025-04-02 18:45:00,3127.27,3127.85,3125.84,3127.18,349.0
2025-04-02 18:50:00,3127.21,3127.81,3126.37,3126.8,313.0
2025-04-02 18:55:00,3126.75,3126.75,3125.12,3125.81,341.0
2025-04-02 19:00:00,3126.04,3128.31,3126.03,3128.08,336.0
2025-04-02 19:05:00,3128.03,3129.59,3127.88,3129.47,359.0
2025-04-02 19:10:00,3129.46,3130.25,3129.07,3129.92,357.0
2025-04-02 19:15:00,3130.0,3130.25,3129.02,3129.51,327.0
2025-04-02 19:20:00,3129.51,3131.05,3129.38,3130.99,338.0
2025-04-02 19:25:00,3130.93,3134.27,3130.65,3132.29,422.0
2025-04-02 19:30:00,3132.58,3133.99,3132.04,3133.63,376.0
2025-04-02 19:35:00,3133.38,3133.65,3131.47,3131.5,385.0
2025-04-02 19:40:00,3131.52,3132.54,3130.82,3132.48,320.0
2025-04-02 19:45:00,3132.43,3133.56,3129.72,3129.76,369.0
2025-04-02 19:50:00,3129.75,3131.05,3127.14,3130.99,408.0
2025-04-02 19:55:00,3131.1,3132.57,3129.58,3131.43,376.0
2025-04-02 20:00:00,3131.46,3131.46,3128.7,3129.06,333.0
2025-04-02 20:05:00,3129.11,3130.84,3129.11,3129.86,322.0
2025-04-02 20:10:00,3129.95,3130.46,3128.73,3129.54,328.0
2025-04-02 20:15:00,3129.53,3129.54,3127.43,3127.64,380.0
2025-04-02 20:20:00,3127.62,3129.0,3125.84,3126.15,378.0
2025-04-02 20:25:00,3126.23,3126.39,3123.23,3124.3,367.0
2025-04-02 20:30:00,3124.19,3124.4,3121.54,3122.98,344.0
2025-04-02 20:35:00,3122.98,3122.98,3121.14,3121.47,349.0
2025-04-02 20:40:00,3121.37,3123.91,3120.84,3123.88,366.0
2025-04-02 20:45:00,3123.85,3124.01,3122.65,3122.87,329.0
2025-04-02 20:50:00,3122.87,3123.72,3122.7,3123.68,312.0
2025-04-02 20:55:00,3123.62,3124.88,3122.91,3123.48,333.0
2025-04-02 21:00:00,3123.49,3126.19,3123.49,3125.17,347.0
2025-04-02 21:05:00,3125.13,3125.21,3122.36,3123.14,354.0
2025-04-02 21:10:00,3123.11,3123.51,3122.06,3123.36,318.0
2025-04-02 21:15:00,3123.36,3125.13,3123.36,3124.04,355.0
2025-04-02 21:20:00,3124.04,3124.08,3120.88,3120.96,339.0
2025-04-02 21:25:00,3120.97,3120.98,3118.73,3118.92,350.0
2025-04-02 21:30:00,3118.98,3120.59,3118.62,3119.56,310.0
2025-04-02 21:35:00,3119.94,3122.88,3119.27,3121.89,286.0
2025-04-02 21:40:00,3121.91,3123.15,3121.72,3122.75,262.0
2025-04-02 21:45:00,3122.76,3123.48,3121.49,3122.29,291.0
2025-04-02 21:50:00,3122.28,3122.47,3121.48,3122.39,185.0
2025-04-02 21:55:00,3122.37,3122.37,3120.98,3121.82,245.0
2025-04-02 22:00:00,3121.88,3124.82,3121.51,3124.25,240.0
2025-04-02 22:05:00,3124.11,3125.13,3124.11,3125.0,220.0
2025-04-02 22:10:00,3124.99,3125.0,3123.08,3123.2,265.0
2025-04-02 22:15:00,3123.2,3123.78,3121.98,3123.2,250.0
2025-04-02 22:20:00,3123.25,3125.78,3123.03,3125.77,285.0
2025-04-02 22:25:00,3125.74,3126.17,3125.39,3125.65,232.0
2025-04-02 22:30:00,3125.84,3127.21,3125.55,3127.18,277.0
2025-04-02 22:35:00,3127.23,3127.28,3126.01,3126.3,293.0
2025-04-02 22:40:00,3126.32,3126.65,3125.65,3126.58,285.0
2025-04-02 22:45:00,3126.58,3126.73,3125.28,3125.59,258.0
2025-04-02 22:50:00,3125.6,3125.6,3124.65,3124.75,309.0
2025-04-02 22:55:00,3124.91,3126.11,3124.23,3124.33,358.0
2025-04-02 23:00:00,3123.95,3124.9,3123.23,3123.7,237.0
2025-04-02 23:05:00,3123.86,3124.72,3123.82,3124.06,140.0
2025-04-02 23:10:00,3123.84,3124.88,3104.45,3118.01,373.0
2025-04-02 23:15:00,3117.27,3127.93,3106.43,3119.69,592.0
2025-04-02 23:20:00,3120.09,3129.25,3117.09,3121.48,447.0
2025-04-02 23:25:00,3122.34,3142.05,3121.06,3134.7,317.0
2025-04-02 23:30:00,3134.9,3136.88,3128.96,3133.8,341.0
2025-04-02 23:35:00,3133.86,3134.04,3126.11,3129.86,290.0
2025-04-02 23:40:00,3129.86,3134.44,3127.55,3129.78,486.0
2025-04-02 23:45:00,3129.59,3136.6,3128.69,3129.71,404.0
2025-04-02 23:50:00,3129.61,3131.77,3125.54,3130.77,196.0
2025-04-02 23:55:00,3133.84,3136.84,3128.99,3132.12,555.0
2025-04-03 01:00:00,3140.28,3140.46,3121.87,3130.07,980.0
2025-04-03 01:05:00,3130.06,3141.82,3124.66,3140.27,258.0
2025-04-03 01:10:00,3140.27,3146.96,3139.26,3143.89,579.0
2025-04-03 01:15:00,3143.81,3147.61,3137.33,3141.04,454.0
2025-04-03 01:20:00,3141.18,3143.25,3135.45,3138.37,424.0
2025-04-03 01:25:00,3138.68,3138.91,3131.28,3136.45,422.0
2025-04-03 01:30:00,3136.45,3138.47,3135.33,3137.73,387.0
2025-04-03 01:35:00,3137.73,3144.75,3137.58,3141.81,399.0
2025-04-03 01:40:00,3141.98,3143.93,3140.84,3142.11,368.0
2025-04-03 01:45:00,3142.2,3145.01,3142.07,3144.28,329.0
2025-04-03 01:50:00,3144.34,3145.03,3141.06,3141.82,339.0
2025-04-03 01:55:00,3141.8,3146.0,3141.27,3145.74,266.0
2025-04-03 02:00:00,3145.77,3149.79,3145.32,3148.26,316.0
2025-04-03 02:05:00,3148.42,3153.28,3148.42,3153.27,305.0
2025-04-03 02:10:00,3153.31,3156.93,3151.92,3156.66,351.0
2025-04-03 02:15:00,3156.53,3159.24,3154.82,3157.63,349.0
2025-04-03 02:20:00,3157.94,3158.96,3155.7,3156.71,313.0
2025-04-03 02:25:00,3156.73,3159.99,3155.62,3159.69,321.0
2025-04-03 02:30:00,3159.22,3159.75,3157.36,3158.1,362.0
2025-04-03 02:35:00,3158.03,3159.95,3157.29,3159.92,288.0
2025-04-03 02:40:00,3159.79,3161.2,3159.07,3161.2,302.0
2025-04-03 02:45:00,3160.65,3165.41,3160.22,3164.39,389.0
2025-04-03 02:50:00,3164.36,3167.73,3164.01,3164.09,426.0
2025-04-03 02:55:00,3164.08,3164.13,3159.6,3162.59,397.0
2025-04-03 03:00:00,3162.38,3164.78,3160.82,3163.21,428.0
2025-04-03 03:05:00,3163.24,3163.66,3153.91,3154.66,430.0
2025-04-03 03:10:00,3154.55,3156.54,3149.56,3150.65,431.0
2025-04-03 03:15:00,3150.48,3152.07,3142.82,3142.82,397.0
2025-04-03 03:20:00,3143.04,3144.99,3140.8,3143.5,409.0
2025-04-03 03:25:00,3143.58,3148.77,3142.41,3148.1,399.0
2025-04-03 03:30:00,3148.19,3149.58,3144.47,3148.9,376.0
2025-04-03 03:35:00,3149.18,3154.58,3149.18,3152.27,367.0
2025-04-03 03:40:00,3152.25,3155.66,3146.54,3146.75,390.0
2025-04-03 03:45:00,3146.73,3150.64,3146.15,3149.85,354.0
2025-04-03 03:50:00,3149.8,3151.1,3148.11,3150.28,382.0
2025-04-03 03:55:00,3150.25,3152.81,3148.89,3151.27,354.0
2025-04-03 04:00:00,3151.51,3156.09,3149.33,3152.99,486.0
2025-04-03 04:05:00,3153.05,3156.15,3149.91,3155.68,434.0
2025-04-03 04:10:00,3155.68,3156.35,3147.94,3151.87,422.0
2025-04-03 04:15:00,3152.35,3153.29,3148.13,3151.06,437.0
2025-04-03 04:20:00,3150.97,3151.58,3148.75,3150.36,360.0
2025-04-03 04:25:00,3150.37,3154.34,3149.79,3152.33,378.0
2025-04-03 04:30:00,3152.32,3156.32,3152.14,3155.43,375.0
2025-04-03 04:35:00,3155.45,3162.95,3154.7,3156.81,417.0
2025-04-03 04:40:00,3156.71,3161.51,3156.6,3160.11,407.0
2025-04-03 04:45:00,3160.07,3160.35,3153.53,3153.63,376.0
2025-04-03 04:50:00,3153.5,3154.14,3150.79,3152.7,346.0
2025-04-03 04:55:00,3153.24,3154.58,3151.82,3153.41,324.0
2025-04-03 05:00:00,3153.28,3155.35,3152.83,3152.98,320.0
2025-04-03 05:05:00,3152.71,3153.73,3150.73,3150.94,331.0
2025-04-03 05:10:00,3150.9,3153.11,3150.35,3151.93,308.0
2025-04-03 05:15:00,3151.97,3154.57,3151.31,3153.1,269.0
2025-04-03 05:20:00,3153.1,3153.1,3151.44,3152.3,236.0
2025-04-03 05:25:00,3152.1,3152.1,3147.84,3149.93,288.0
2025-04-03 05:30:00,3150.01,3150.88,3146.11,3146.35,372.0
2025-04-03 05:35:00,3146.22,3147.78,3144.73,3147.6,348.0
2025-04-03 05:40:00,3147.7,3149.39,3144.73,3148.86,346.0
2025-04-03 05:45:00,3148.87,3149.05,3145.49,3145.69,306.0
2025-04-03 05:50:00,3145.77,3147.0,3142.19,3143.76,336.0
2025-04-03 05:55:00,3143.77,3145.13,3143.2,3145.13,314.0
2025-04-03 06:00:00,3145.36,3149.68,3144.83,3148.96,385.0
2025-04-03 06:05:00,3148.98,3152.2,3144.84,3144.98,386.0
2025-04-03 06:10:00,3145.09,3150.06,3144.88,3149.18,336.0
2025-04-03 06:15:00,3149.03,3149.43,3146.43,3147.86,345.0
2025-04-03 06:20:00,3147.87,3149.26,3146.7,3148.04,321.0
2025-04-03 06:25:00,3148.06,3148.45,3146.57,3148.19,311.0
2025-04-03 06:30:00,3148.26,3149.68,3148.15,3148.53,244.0
2025-04-03 06:35:00,3148.5,3149.67,3146.33,3146.89,269.0
2025-04-03 06:40:00,3146.96,3148.4,3146.27,3147.93,290.0
2025-04-03 06:45:00,3147.81,3150.13,3147.43,3148.94,262.0
2025-04-03 06:50:00,3148.95,3150.16,3147.86,3149.06,243.0
2025-04-03 06:55:00,3149.13,3149.21,3147.08,3148.06,239.0
2025-04-03 07:00:00,3147.98,3148.93,3147.1,3147.72,224.0
2025-04-03 07:05:00,3147.72,3149.61,3147.12,3147.77,291.0
2025-04-03 07:10:00,3147.75,3149.37,3147.33,3149.18,225.0
2025-04-03 07:15:00,3149.04,3149.66,3148.23,3148.58,137.0
2025-04-03 07:20:00,3148.3,3148.99,3147.29,3147.87,183.0
2025-04-03 07:25:00,3147.85,3149.14,3147.71,3148.01,179.0
2025-04-03 07:30:00,3147.91,3148.05,3146.18,3147.16,236.0
2025-04-03 07:35:00,3147.25,3147.25,3145.99,3146.61,150.0
2025-04-03 07:40:00,3146.58,3147.11,3145.75,3146.03,160.0
2025-04-03 07:45:00,3146.07,3146.16,3141.87,3141.89,266.0
2025-04-03 07:50:00,3141.86,3142.74,3139.2,3142.41,323.0
2025-04-03 07:55:00,3142.42,3143.59,3140.15,3140.32,307.0
2025-04-03 08:00:00,3140.17,3140.8,3136.82,3140.3,319.0
2025-04-03 08:05:00,3140.31,3140.92,3138.53,3140.12,272.0
2025-04-03 08:10:00,3140.13,3140.2,3135.11,3135.81,286.0
2025-04-03 08:15:00,3135.55,3136.12,3130.72,3131.86,322.0
2025-04-03 08:20:00,3131.96,3134.51,3131.27,3131.66,323.0
2025-04-03 08:25:00,3131.63,3131.9,3127.72,3130.54,328.0
2025-04-03 08:30:00,3130.74,3131.65,3126.35,3128.91,431.0
2025-04-03 08:35:00,3128.97,3133.89,3127.55,3130.55,416.0
2025-04-03 08:40:00,3130.38,3132.55,3126.66,3127.75,360.0
2025-04-03 08:45:00,3127.71,3129.5,3124.07,3126.53,389.0
2025-04-03 08:50:00,3126.21,3131.92,3125.97,3131.92,372.0
2025-04-03 08:55:00,3131.91,3133.08,3130.93,3131.78,355.0
2025-04-03 09:00:00,3131.94,3134.07,3128.76,3129.68,411.0
2025-04-03 09:05:00,3129.69,3130.8,3127.9,3130.59,392.0
2025-04-03 09:10:00,3130.78,3132.4,3129.76,3130.97,366.0
2025-04-03 09:15:00,3130.99,3131.31,3127.99,3128.4,398.0
2025-04-03 09:20:00,3128.38,3128.38,3124.86,3127.31,401.0
2025-04-03 09:25:00,3127.31,3129.28,3121.55,3122.1,378.0
2025-04-03 09:30:00,3122.22,3123.94,3116.39,3123.94,428.0
2025-04-03 09:35:00,3124.44,3125.81,3123.05,3125.44,424.0
2025-04-03 09:40:00,3125.55,3126.16,3123.27,3124.47,409.0
2025-04-03 09:45:00,3124.34,3130.32,3122.29,3130.31,401.0
2025-04-03 09:50:00,3130.44,3131.56,3126.62,3128.22,422.0
2025-04-03 09:55:00,3128.33,3130.34,3127.43,3127.68,390.0
2025-04-03 10:00:00,3127.09,3128.03,3124.11,3124.11,404.0
2025-04-03 10:05:00,3124.28,3125.47,3121.68,3121.75,397.0
2025-04-03 10:10:00,3121.78,3122.78,3119.86,3120.95,410.0
2025-04-03 10:15:00,3120.99,3123.09,3120.0,3122.37,380.0
2025-04-03 10:20:00,3122.71,3124.58,3121.58,3123.99,385.0
2025-04-03 10:25:00,3124.0,3125.81,3122.7,3124.9,385.0
2025-04-03 10:30:00,3124.95,3125.79,3122.13,3124.68,384.0
2025-04-03 10:35:00,3124.42,3126.46,3122.89,3123.04,370.0
2025-04-03 10:40:00,3123.35,3123.91,3121.05,3122.35,349.0
2025-04-03 10:45:00,3122.62,3125.76,3121.87,3125.53,328.0
2025-04-03 10:50:00,3125.74,3128.61,3125.52,3128.18,359.0
2025-04-03 10:55:00,3128.19,3130.18,3128.19,3129.06,354.0
2025-04-03 11:00:00,3129.12,3130.96,3128.08,3128.55,381.0
2025-04-03 11:05:00,3128.52,3131.97,3128.33,3129.48,381.0
2025-04-03 11:10:00,3129.45,3129.79,3127.31,3129.45,363.0
2025-04-03 11:15:00,3129.44,3131.5,3129.18,3131.5,326.0
2025-04-03 11:20:00,3131.14,3131.41,3127.87,3130.08,343.0
2025-04-03 11:25:00,3130.04,3131.12,3127.92,3128.3,317.0
2025-04-03 11:30:00,3128.27,3130.56,3127.79,3130.14,302.0
2025-04-03 11:35:00,3130.13,3130.35,3128.5,3128.66,323.0
2025-04-03 11:40:00,3128.6,3130.08,3128.11,3128.49,342.0
2025-04-03 11:45:00,3128.48,3128.53,3126.05,3127.75,386.0
2025-04-03 11:50:00,3127.67,3129.54,3127.67,3129.33,349.0
2025-04-03 11:55:00,3129.34,3129.83,3128.46,3129.08,337.0
2025-04-03 12:00:00,3129.17,3129.18,3127.23,3128.33,347.0
2025-04-03 12:05:00,3128.32,3128.98,3126.83,3127.7,360.0
2025-04-03 12:10:00,3127.51,3129.43,3127.17,3128.48,392.0
2025-04-03 12:15:00,3128.59,3129.61,3126.31,3127.58,372.0
2025-04-03 12:20:00,3127.55,3129.21,3125.04,3125.33,378.0
2025-04-03 12:25:00,3125.33,3127.47,3125.21,3125.67,358.0
2025-04-03 12:30:00,3125.62,3129.16,3124.52,3128.86,318.0
2025-04-03 12:35:00,3128.83,3128.83,3124.48,3125.49,396.0
2025-04-03 12:40:00,3125.69,3128.88,3125.69,3127.81,383.0
2025-04-03 12:45:00,3127.79,3128.17,3123.82,3125.19,371.0
2025-04-03 12:50:00,3125.21,3126.05,3124.78,3125.36,296.0
2025-04-03 12:55:00,3125.36,3125.6,3121.67,3121.67,335.0
2025-04-03 13:00:00,3121.78,3122.93,3119.73,3121.73,428.0
2025-04-03 13:05:00,3121.9,3122.36,3112.52,3113.31,427.0
2025-04-03 13:10:00,3112.9,3121.24,3112.08,3119.32,447.0
2025-04-03 13:15:00,3119.48,3119.98,3110.56,3113.33,444.0
2025-04-03 13:20:00,3113.35,3115.46,3111.27,3111.31,421.0
2025-04-03 13:25:00,3111.27,3111.68,3104.6,3107.54,441.0
2025-04-03 13:30:00,3107.45,3108.15,3102.66,3102.76,430.0
2025-04-03 13:35:00,3103.06,3106.79,3101.07,3106.79,429.0
2025-04-03 13:40:00,3106.8,3108.25,3104.9,3107.21,425.0
2025-04-03 13:45:00,3107.15,3112.9,3107.05,3109.2,411.0
2025-04-03 13:50:00,3109.29,3109.34,3104.45,3104.93,416.0
2025-04-03 13:55:00,3104.84,3105.19,3088.99,3095.33,433.0
2025-04-03 14:00:00,3095.92,3098.0,3087.32,3096.41,467.0
2025-04-03 14:05:00,3096.4,3098.29,3093.96,3097.41,428.0
2025-04-03 14:10:00,3097.48,3099.77,3094.72,3098.28,434.0
2025-04-03 14:15:00,3098.46,3099.77,3095.0,3095.29,399.0
2025-04-03 14:20:00,3095.32,3098.17,3093.23,3095.48,396.0
2025-04-03 14:25:00,3095.2,3095.99,3091.86,3092.32,366.0
2025-04-03 14:30:00,3092.22,3092.43,3087.59,3091.45,418.0
2025-04-03 14:35:00,3091.43,3093.17,3088.34,3089.08,408.0
2025-04-03 14:40:00,3088.72,3091.09,3085.32,3090.89,414.0
2025-04-03 14:45:00,3091.07,3092.55,3089.49,3092.11,402.0
2025-04-03 14:50:00,3092.1,3097.23,3091.83,3094.69,419.0
2025-04-03 14:55:00,3094.46,3095.13,3092.48,3093.16,384.0
2025-04-03 15:00:00,3092.95,3093.75,3090.45,3092.14,383.0
2025-04-03 15:05:00,3092.29,3094.68,3091.01,3092.1,402.0
2025-04-03 15:10:00,3092.24,3092.24,3087.44,3090.52,412.0
2025-04-03 15:15:00,3090.45,3090.74,3087.68,3088.87,394.0
2025-04-03 15:20:00,3088.88,3089.19,3080.9,3080.9,421.0
2025-04-03 15:25:00,3080.62,3080.77,3075.03,3078.16,435.0
2025-04-03 15:30:00,3077.17,3079.13,3068.35,3068.37,441.0
2025-04-03 15:35:00,3068.36,3073.0,3062.9,3065.14,463.0
2025-04-03 15:40:00,3065.1,3066.86,3060.95,3065.57,457.0
2025-04-03 15:45:00,3065.61,3074.05,3065.1,3072.35,454.0
2025-04-03 15:50:00,3072.45,3077.62,3071.97,3077.18,445.0
2025-04-03 15:55:00,3077.28,3080.22,3075.33,3076.35,438.0
2025-04-03 16:00:00,3076.24,3076.24,3067.83,3068.16,446.0
2025-04-03 16:05:00,3068.11,3068.68,3063.13,3064.59,441.0
2025-04-03 16:10:00,3064.58,3065.49,3054.08,3059.4,456.0
2025-04-03 16:15:00,3059.39,3069.53,3056.27,3067.33,445.0
2025-04-03 16:20:00,3067.69,3067.69,3059.64,3065.22,437.0
2025-04-03 16:25:00,3065.33,3067.56,3060.33,3065.53,427.0
2025-04-03 16:30:00,3065.28,3071.7,3064.22,3070.39,477.0
2025-04-03 16:35:00,3070.54,3085.18,3069.92,3085.18,474.0
2025-04-03 16:40:00,3084.92,3088.91,3081.66,3086.65,455.0
2025-04-03 16:45:00,3086.92,3093.41,3086.73,3090.19,475.0
2025-04-03 16:50:00,3090.16,3093.44,3086.81,3087.42,469.0
2025-04-03 16:55:00,3087.6,3089.14,3084.3,3085.61,418.0
2025-04-03 17:00:00,3088.56,3100.68,3087.24,3099.16,477.0
2025-04-03 17:05:00,3099.68,3107.05,3096.01,3105.86,468.0
2025-04-03 17:10:00,3105.08,3116.27,3104.05,3114.28,473.0
2025-04-03 17:15:00,3114.24,3119.3,3113.65,3114.85,469.0
2025-04-03 17:20:00,3115.07,3119.07,3111.02,3118.98,463.0
2025-04-03 17:25:00,3119.04,3126.65,3118.42,3125.26,466.0
2025-04-03 17:30:00,3125.36,3127.65,3117.65,3121.64,466.0
2025-04-03 17:35:00,3121.25,3127.87,3120.47,3122.85,439.0
2025-04-03 17:40:00,3122.49,3124.9,3119.3,3123.68,441.0
2025-04-03 17:45:00,3123.91,3134.3,3123.91,3134.27,455.0
2025-04-03 17:50:00,3134.11,3135.52,3131.69,3133.99,456.0
2025-04-03 17:55:00,3133.81,3133.81,3127.71,3128.77,433.0
2025-04-03 18:00:00,3128.91,3129.56,3125.04,3126.91,413.0
2025-04-03 18:05:00,3126.25,3127.72,3118.32,3118.42,425.0
2025-04-03 18:10:00,3118.13,3119.53,3110.41,3111.48,440.0
2025-04-03 18:15:00,3111.79,3113.32,3105.79,3107.07,434.0
2025-04-03 18:20:00,3107.05,3110.89,3106.72,3110.44,428.0
2025-04-03 18:25:00,3110.52,3112.43,3103.95,3106.16,436.0
2025-04-03 18:30:00,3106.49,3110.8,3106.0,3109.63,420.0
2025-04-03 18:35:00,3109.09,3112.21,3107.69,3109.71,411.0
2025-04-03 18:40:00,3109.65,3113.43,3105.54,3112.81,417.0
2025-04-03 18:45:00,3112.63,3112.87,3108.07,3110.96,389.0
2025-04-03 18:50:00,3110.73,3110.86,3105.64,3108.56,400.0
2025-04-03 18:55:00,3108.38,3110.67,3107.93,3110.48,382.0
2025-04-03 19:00:00,3110.66,3114.22,3109.61,3113.14,331.0
2025-04-03 19:05:00,3112.85,3112.97,3104.08,3106.49,375.0
2025-04-03 19:10:00,3106.59,3110.7,3106.22,3108.78,393.0
2025-04-03 19:15:00,3108.59,3109.37,3107.54,3108.26,354.0
2025-04-03 19:20:00,3108.33,3108.48,3101.87,3103.79,373.0
2025-04-03 19:25:00,3103.97,3108.54,3102.11,3108.45,387.0
2025-04-03 19:30:00,3108.69,3109.52,3106.41,3107.79,354.0
2025-04-03 19:35:00,3107.84,3109.11,3107.1,3107.74,352.0
2025-04-03 19:40:00,3108.3,3110.77,3107.87,3109.4,363.0
2025-04-03 19:45:00,3109.41,3110.42,3108.49,3109.38,358.0
2025-04-03 19:50:00,3109.37,3110.73,3108.91,3109.51,341.0
2025-04-03 19:55:00,3109.36,3110.22,3107.31,3107.59,340.0
2025-04-03 20:00:00,3107.51,3107.64,3103.57,3104.3,381.0
2025-04-03 20:05:00,3104.25,3104.25,3101.95,3103.76,348.0
2025-04-03 20:10:00,3103.53,3104.28,3102.19,3103.9,335.0
2025-04-03 20:15:00,3103.91,3105.56,3100.84,3103.45,347.0
2025-04-03 20:20:00,3103.56,3105.07,3102.33,3102.54,370.0
2025-04-03 20:25:00,3102.43,3103.69,3100.73,3100.9,346.0
2025-04-03 20:30:00,3101.32,3104.43,3100.03,3102.89,356.0
2025-04-03 20:35:00,3102.91,3106.1,3102.91,3105.39,340.0
2025-04-03 20:40:00,3105.4,3107.72,3105.31,3106.61,321.0
2025-04-03 20:45:00,3106.4,3108.74,3106.03,3108.0,311.0
2025-04-03 20:50:00,3107.89,3108.82,3107.65,3108.78,308.0
2025-04-03 20:55:00,3108.75,3109.92,3108.42,3109.58,293.0
2025-04-03 21:00:00,3109.6,3110.19,3107.6,3107.6,301.0
2025-04-03 21:05:00,3107.6,3108.56,3106.94,3108.43,289.0
2025-04-03 21:10:00,3108.54,3109.35,3107.2,3107.28,298.0
2025-04-03 21:15:00,3107.26,3108.49,3105.33,3105.47,291.0
2025-04-03 21:20:00,3105.5,3106.23,3102.95,3103.35,310.0
2025-04-03 21:25:00,3103.27,3105.04,3103.11,3105.04,295.0
2025-04-03 21:30:00,3105.08,3105.09,3102.17,3103.05,311.0
2025-04-03 21:35:00,3103.03,3104.86,3102.28,3104.83,288.0
2025-04-03 21:40:00,3104.83,3106.84,3104.76,3106.59,288.0
2025-04-03 21:45:00,3106.56,3106.88,3105.51,3106.14,307.0
2025-04-03 21:50:00,3106.17,3109.67,3106.17,3109.67,310.0
2025-04-03 21:55:00,3109.73,3111.7,3109.1,3111.58,272.0
2025-04-03 22:00:00,3111.64,3112.78,3111.04,3112.47,278.0
2025-04-03 22:05:00,3112.38,3112.64,3110.52,3110.57,283.0
2025-04-03 22:10:00,3110.57,3111.88,3110.24,3111.69,257.0
2025-04-03 22:15:00,3111.7,3113.22,3108.94,3112.95,299.0
2025-04-03 22:20:00,3112.82,3113.01,3109.3,3109.33,332.0
2025-04-03 22:25:00,3109.35,3109.41,3106.74,3107.12,298.0
2025-04-03 22:30:00,3107.02,3107.25,3104.19,3104.55,342.0
2025-04-03 22:35:00,3104.1,3104.96,3102.55,3103.41,286.0
2025-04-03 22:40:00,3103.48,3104.82,3102.46,3104.81,286.0
2025-04-03 22:45:00,3104.51,3104.87,3102.26,3102.64,255.0
2025-04-03 22:50:00,3102.55,3105.91,3101.56,3105.78,351.0
2025-04-03 22:55:00,3105.69,3108.18,3105.54,3107.62,337.0
2025-04-03 23:00:00,3106.69,3108.57,3106.69,3107.44,208.0
2025-04-03 23:05:00,3107.59,3109.27,3107.56,3108.53,166.0
2025-04-03 23:10:00,3108.73,3108.75,3107.45,3107.62,108.0
2025-04-03 23:15:00,3107.64,3108.65,3107.64,3108.32,126.0
2025-04-03 23:20:00,3108.45,3108.79,3107.98,3108.52,113.0
2025-04-03 23:25:00,3108.47,3110.87,3108.41,3109.83,189.0
2025-04-03 23:30:00,3109.81,3111.36,3109.8,3110.44,190.0
2025-04-03 23:35:00,3110.53,3113.94,3110.37,3113.9,180.0
2025-04-03 23:40:00,3113.8,3117.79,3113.33,3117.28,174.0
2025-04-03 23:45:00,3117.02,3119.83,3115.58,3116.5,220.0
2025-04-03 23:50:00,3116.64,3116.89,3112.94,3114.33,220.0
2025-04-03 23:55:00,3113.84,3114.31,3113.02,3114.19,170.0
2025-04-04 01:00:00,3115.38,3115.38,3113.79,3114.46,217.0
2025-04-04 01:05:00,3114.46,3114.68,3112.88,3113.61,104.0
2025-04-04 01:10:00,3113.61,3114.9,3113.51,3114.22,141.0
2025-04-04 01:15:00,3114.2,3115.12,3113.64,3114.8,158.0
2025-04-04 01:20:00,3114.81,3114.83,3113.26,3113.39,135.0
2025-04-04 01:25:00,3113.37,3114.45,3112.81,3114.4,124.0
2025-04-04 01:30:00,3114.35,3116.6,3114.26,3116.51,178.0
2025-04-04 01:35:00,3116.5,3116.57,3115.27,3115.49,124.0
2025-04-04 01:40:00,3115.36,3116.07,3114.84,3115.91,139.0
2025-04-04 01:45:00,3115.86,3115.86,3112.48,3112.83,187.0
2025-04-04 01:50:00,3112.74,3113.19,3112.32,3113.04,161.0
2025-04-04 01:55:00,3113.0,3116.06,3112.63,3115.33,143.0
2025-04-04 02:00:00,3115.34,3115.37,3112.21,3112.51,211.0
2025-04-04 02:05:00,3112.36,3112.68,3110.96,3110.96,154.0
2025-04-04 02:10:00,3111.0,3111.72,3109.82,3111.18,191.0
2025-04-04 02:15:00,3111.19,3111.98,3110.55,3111.96,131.0
2025-04-04 02:20:00,3111.96,3112.0,3110.77,3111.8,117.0
2025-04-04 02:25:00,3111.81,3112.99,3111.17,3112.7,127.0
2025-04-04 02:30:00,3112.69,3115.15,3112.47,3115.15,179.0
2025-04-04 02:35:00,3115.08,3115.24,3114.11,3114.34,134.0
2025-04-04 02:40:00,3114.03,3114.62,3113.64,3114.44,114.0
2025-04-04 02:45:00,3114.46,3115.78,3113.85,3115.7,200.0
2025-04-04 02:50:00,3115.63,3116.22,3115.21,3115.24,300.0
2025-04-04 02:55:00,3114.96,3114.96,3112.78,3112.85,310.0
2025-04-04 03:00:00,3112.86,3114.2,3111.91,3114.15,346.0
2025-04-04 03:05:00,3114.17,3115.02,3112.75,3113.27,295.0
2025-04-04 03:10:00,3113.28,3113.79,3112.31,3112.53,287.0
2025-04-04 03:15:00,3112.51,3113.26,3111.77,3111.85,253.0
2025-04-04 03:20:00,3111.81,3112.85,3111.28,3112.47,299.0
2025-04-04 03:25:00,3112.44,3112.61,3109.08,3109.21,329.0
2025-04-04 03:30:00,3108.91,3110.69,3107.85,3109.48,332.0
2025-04-04 03:35:00,3109.48,3109.48,3106.02,3107.8,323.0
2025-04-04 03:40:00,3107.81,3110.91,3107.77,3110.85,273.0
2025-04-04 03:45:00,3110.83,3111.02,3108.46,3110.44,299.0
2025-04-04 03:50:00,3110.43,3111.5,3109.36,3110.78,260.0
2025-04-04 03:55:00,3110.77,3111.32,3109.75,3110.57,257.0
2025-04-04 04:00:00,3110.57,3113.0,3110.4,3112.7,308.0
2025-04-04 04:05:00,3112.73,3115.25,3112.56,3114.97,363.0
2025-04-04 04:10:00,3114.82,3115.73,3113.93,3114.62,288.0
2025-04-04 04:15:00,3114.61,3114.92,3111.73,3113.97,297.0
2025-04-04 04:20:00,3113.99,3114.86,3113.44,3114.02,228.0
2025-04-04 04:25:00,3113.94,3113.94,3111.93,3113.78,270.0
2025-04-04 04:30:00,3113.79,3114.33,3110.43,3111.07,293.0
2025-04-04 04:35:00,3111.01,3111.73,3109.44,3111.01,314.0
2025-04-04 04:40:00,3110.76,3111.9,3109.15,3110.0,269.0
2025-04-04 04:45:00,3109.97,3111.72,3109.66,3110.79,294.0
2025-04-04 04:50:00,3110.82,3112.78,3110.03,3111.75,277.0
2025-04-04 04:55:00,3111.68,3111.68,3109.47,3109.82,286.0
2025-04-04 05:00:00,3109.95,3111.16,3107.48,3111.0,315.0
2025-04-04 05:05:00,3111.02,3112.88,3110.74,3111.99,271.0
2025-04-04 05:10:00,3112.03,3112.97,3111.48,3112.82,273.0
2025-04-04 05:15:00,3112.75,3112.85,3110.21,3110.64,296.0
2025-04-04 05:20:00,3110.63,3111.12,3106.86,3107.62,360.0
2025-04-04 05:25:00,3107.61,3108.73,3104.4,3104.45,372.0
2025-04-04 05:30:00,3104.89,3106.04,3102.6,3104.26,370.0
2025-04-04 05:35:00,3104.57,3105.4,3091.23,3092.67,433.0
2025-04-04 05:40:00,3092.87,3098.93,3091.89,3098.52,395.0
2025-04-04 05:45:00,3098.51,3099.11,3092.87,3094.98,326.0
2025-04-04 05:50:00,3094.83,3096.29,3093.67,3095.76,248.0
2025-04-04 05:55:00,3095.35,3097.53,3093.79,3096.77,275.0
2025-04-04 06:00:00,3096.7,3099.0,3095.9,3098.06,343.0
2025-04-04 06:05:00,3098.06,3098.06,3087.29,3091.74,406.0
2025-04-04 06:10:00,3092.07,3095.45,3092.07,3093.68,312.0
2025-04-04 06:15:00,3093.68,3094.16,3091.15,3092.93,279.0
2025-04-04 06:20:00,3093.23,3093.67,3089.78,3092.35,328.0
2025-04-04 06:25:00,3092.29,3093.47,3090.36,3093.39,292.0
2025-04-04 06:30:00,3093.33,3095.64,3093.33,3093.63,357.0
2025-04-04 06:35:00,3093.65,3093.81,3091.98,3091.98,332.0
2025-04-04 06:40:00,3092.03,3094.94,3091.78,3094.93,337.0
2025-04-04 06:45:00,3094.86,3096.04,3093.24,3093.58,290.0
2025-04-04 06:50:00,3093.57,3097.49,3092.8,3096.26,337.0
2025-04-04 06:55:00,3096.25,3098.4,3095.75,3098.34,304.0
2025-04-04 07:00:00,3098.5,3099.49,3096.19,3098.21,312.0
2025-04-04 07:05:00,3098.2,3099.96,3097.9,3098.14,313.0
2025-04-04 07:10:00,3098.14,3100.37,3097.22,3099.39,308.0
2025-04-04 07:15:00,3099.45,3101.06,3098.21,3100.71,319.0
2025-04-04 07:20:00,3100.8,3101.71,3098.41,3098.41,307.0
2025-04-04 07:25:00,3098.38,3100.31,3098.35,3098.88,252.0
2025-04-04 07:30:00,3098.84,3101.31,3097.4,3101.29,312.0
2025-04-04 07:35:00,3101.31,3103.09,3101.18,3102.13,270.0
2025-04-04 07:40:00,3102.17,3104.5,3101.32,3104.29,314.0
2025-04-04 07:45:00,3104.22,3105.05,3102.55,3102.82,290.0
2025-04-04 07:50:00,3102.74,3103.41,3099.27,3100.0,334.0
2025-04-04 07:55:00,3099.98,3100.71,3098.15,3100.14,361.0
2025-04-04 08:00:00,3099.92,3103.33,3098.87,3103.06,331.0
2025-04-04 08:05:00,3103.08,3104.91,3102.77,3103.21,301.0
2025-04-04 08:10:00,3103.13,3103.43,3101.31,3101.93,257.0
2025-04-04 08:15:00,3101.85,3103.66,3101.52,3101.96,247.0
2025-04-04 08:20:00,3101.89,3104.26,3101.89,3104.12,269.0
2025-04-04 08:25:00,3103.99,3107.38,3102.95,3105.89,359.0
2025-04-04 08:30:00,3105.95,3105.95,3103.28,3103.28,303.0
2025-04-04 08:35:00,3103.28,3104.28,3101.64,3104.05,295.0
2025-04-04 08:40:00,3104.03,3104.54,3102.41,3102.83,266.0
2025-04-04 08:45:00,3102.79,3105.57,3102.64,3104.68,283.0
2025-04-04 08:50:00,3104.66,3107.44,3104.62,3106.24,312.0
2025-04-04 08:55:00,3106.31,3108.74,3106.15,3108.69,250.0
2025-04-04 09:00:00,3108.84,3109.87,3107.62,3109.01,313.0
2025-04-04 09:05:00,3109.12,3109.44,3106.43,3107.59,313.0
2025-04-04 09:10:00,3107.68,3108.7,3107.08,3107.57,263.0
2025-04-04 09:15:00,3107.56,3108.0,3104.14,3104.14,286.0
2025-04-04 09:20:00,3104.12,3105.09,3102.82,3104.63,356.0
2025-04-04 09:25:00,3104.59,3104.59,3102.62,3102.81,281.0
2025-04-04 09:30:00,3102.92,3104.76,3101.03,3102.35,316.0
2025-04-04 09:35:00,3102.48,3103.89,3100.62,3101.16,326.0
2025-04-04 09:40:00,3101.16,3102.44,3101.08,3101.22,288.0
2025-04-04 09:45:00,3101.27,3103.55,3100.62,3100.66,293.0
2025-04-04 09:50:00,3100.66,3102.75,3100.66,3101.66,311.0
2025-04-04 09:55:00,3101.66,3102.31,3100.48,3101.03,310.0
2025-04-04 10:00:00,3100.79,3102.18,3094.99,3097.37,404.0
2025-04-04 10:05:00,3097.49,3101.73,3096.61,3101.18,400.0
2025-04-04 10:10:00,3101.18,3102.61,3099.15,3099.97,343.0
2025-04-04 10:15:00,3099.96,3100.55,3097.19,3097.23,367.0
2025-04-04 10:20:00,3097.23,3097.8,3093.0,3096.59,428.0
2025-04-04 10:25:00,3096.88,3102.88,3096.49,3100.39,290.0
2025-04-04 10:30:00,3100.41,3100.41,3096.0,3097.16,381.0
2025-04-04 10:35:00,3097.17,3097.77,3094.41,3094.6,376.0
2025-04-04 10:40:00,3094.57,3095.63,3093.64,3093.88,366.0
2025-04-04 10:45:00,3093.9,3096.64,3093.52,3095.34,356.0
2025-04-04 10:50:00,3095.31,3095.93,3092.1,3094.13,312.0
2025-04-04 10:55:00,3094.08,3094.64,3092.14,3092.89,322.0
2025-04-04 11:00:00,3092.69,3093.75,3088.32,3091.05,435.0
2025-04-04 11:05:00,3091.21,3094.09,3090.66,3090.66,373.0
2025-04-04 11:10:00,3090.58,3091.34,3088.41,3088.98,371.0
2025-04-04 11:15:00,3089.2,3089.28,3085.29,3086.78,371.0
2025-04-04 11:20:00,3087.03,3087.33,3081.47,3086.11,433.0
2025-04-04 11:25:00,3086.31,3087.37,3083.86,3084.73,189.0
2025-04-04 11:30:00,3084.57,3084.71,3080.41,3081.77,364.0
2025-04-04 11:35:00,3081.78,3084.19,3081.02,3082.25,379.0
2025-04-04 11:40:00,3082.23,3083.14,3078.54,3083.14,394.0
2025-04-04 11:45:00,3083.15,3085.28,3083.06,3083.82,348.0
2025-04-04 11:50:00,3083.77,3084.12,3081.59,3083.94,336.0
2025-04-04 11:55:00,3083.91,3085.71,3083.88,3084.18,379.0
2025-04-04 12:00:00,3083.99,3090.77,3083.87,3089.91,400.0
2025-04-04 12:05:00,3089.87,3090.47,3086.84,3089.79,397.0
2025-04-04 12:10:00,3089.73,3092.4,3089.17,3090.93,357.0
2025-04-04 12:15:00,3090.95,3091.91,3090.04,3091.04,370.0
2025-04-04 12:20:00,3091.05,3094.27,3091.01,3094.27,341.0
2025-04-04 12:25:00,3094.28,3095.93,3093.22,3093.57,349.0
2025-04-04 12:30:00,3093.63,3093.63,3090.67,3090.72,349.0
2025-04-04 12:35:00,3090.66,3093.04,3088.9,3091.44,346.0
2025-04-04 12:40:00,3091.34,3091.95,3088.2,3088.2,282.0
2025-04-04 12:45:00,3088.21,3091.17,3086.54,3091.15,306.0
2025-04-04 12:50:00,3091.14,3094.68,3090.62,3092.08,306.0
2025-04-04 12:55:00,3092.27,3092.33,3089.78,3090.67,345.0
2025-04-04 13:00:00,3090.71,3096.13,3090.56,3094.23,355.0
2025-04-04 13:05:00,3094.05,3100.14,3093.86,3095.31,438.0
2025-04-04 13:10:00,3095.38,3096.06,3093.22,3095.45,429.0
2025-04-04 13:15:00,3095.56,3099.23,3095.43,3098.1,406.0
2025-04-04 13:20:00,3098.14,3099.96,3093.84,3095.15,457.0
2025-04-04 13:25:00,3095.43,3106.98,3094.79,3106.98,457.0
2025-04-04 13:30:00,3106.86,3114.81,3104.46,3113.84,472.0
2025-04-04 13:35:00,3113.83,3114.49,3108.18,3108.27,450.0
2025-04-04 13:40:00,3107.92,3116.11,3106.97,3111.19,429.0
2025-04-04 13:45:00,3111.12,3113.19,3109.77,3112.69,423.0
2025-04-04 13:50:00,3112.51,3115.55,3107.57,3108.02,420.0
2025-04-04 13:55:00,3108.03,3111.85,3104.79,3110.29,443.0
2025-04-04 14:00:00,3110.42,3114.17,3109.23,3112.96,453.0
2025-04-04 14:05:00,3113.04,3128.17,3112.24,3128.17,464.0
2025-04-04 14:10:00,3127.58,3136.58,3126.77,3134.41,482.0
2025-04-04 14:15:00,3134.14,3134.56,3127.95,3133.74,475.0
2025-04-04 14:20:00,3133.61,3133.91,3127.95,3128.5,443.0
2025-04-04 14:25:00,3128.37,3132.66,3126.11,3127.34,450.0
2025-04-04 14:30:00,3127.43,3129.18,3118.91,3119.64,463.0
2025-04-04 14:35:00,3119.16,3122.13,3114.09,3114.67,474.0
2025-04-04 14:40:00,3114.68,3115.2,3106.15,3109.44,499.0
2025-04-04 14:45:00,3109.18,3111.2,3095.46,3109.95,496.0
2025-04-04 14:50:00,3110.09,3110.09,3104.85,3107.26,379.0
2025-04-04 14:55:00,3107.41,3112.19,3107.33,3110.22,426.0
2025-04-04 15:00:00,3110.82,3111.66,3100.32,3100.32,456.0
2025-04-04 15:05:00,3100.09,3100.64,3094.07,3099.87,432.0
2025-04-04 15:10:00,3099.58,3099.85,3091.53,3092.97,415.0
2025-04-04 15:15:00,3092.57,3100.99,3091.56,3100.8,445.0
2025-04-04 15:20:00,3101.52,3104.13,3093.15,3093.27,477.0
2025-04-04 15:25:00,3092.63,3099.67,3091.06,3096.86,435.0
2025-04-04 15:30:00,3090.84,3101.05,3088.01,3092.57,568.0
2025-04-04 15:35:00,3092.45,3095.18,3077.59,3080.46,504.0
2025-04-04 15:40:00,3080.03,3089.27,3070.78,3088.73,527.0
2025-04-04 15:45:00,3088.45,3090.16,3074.79,3078.95,478.0
2025-04-04 15:50:00,3079.18,3080.52,3069.89,3070.5,466.0
2025-04-04 15:55:00,3070.31,3076.07,3069.63,3071.14,449.0
2025-04-04 16:00:00,3071.12,3080.17,3069.89,3076.84,455.0
2025-04-04 16:05:00,3076.75,3082.0,3073.61,3079.73,455.0
2025-04-04 16:10:00,3079.27,3082.72,3077.31,3082.32,425.0
2025-04-04 16:15:00,3082.21,3087.45,3081.15,3084.84,431.0
2025-04-04 16:20:00,3084.98,3086.84,3082.57,3083.68,398.0
2025-04-04 16:25:00,3083.48,3084.01,3075.45,3075.73,434.0
2025-04-04 16:30:00,3075.79,3080.44,3069.94,3070.81,475.0
2025-04-04 16:35:00,3070.53,3075.96,3059.36,3075.1,502.0
2025-04-04 16:40:00,3075.01,3079.5,3072.76,3074.82,412.0
2025-04-04 16:45:00,3074.69,3076.93,3071.68,3072.07,464.0
2025-04-04 16:50:00,3071.79,3072.13,3064.34,3064.34,456.0
2025-04-04 16:55:00,3064.35,3068.2,3061.5,3061.76,466.0
2025-04-04 17:00:00,3061.84,3061.84,3052.88,3056.16,484.0
2025-04-04 17:05:00,3056.71,3058.17,3047.89,3050.16,487.0
2025-04-04 17:10:00,3049.47,3053.53,3047.48,3048.95,457.0
2025-04-04 17:15:00,3048.84,3048.84,3041.69,3047.91,491.0
2025-04-04 17:20:00,3047.95,3058.64,3046.77,3055.45,463.0
2025-04-04 17:25:00,3055.39,3055.39,3047.07,3047.62,443.0
2025-04-04 17:30:00,3047.8,3051.56,3046.21,3046.27,441.0
2025-04-04 17:35:00,3046.06,3047.13,3041.87,3043.93,464.0
2025-04-04 17:40:00,3044.0,3046.3,3041.94,3042.67,468.0
2025-04-04 17:45:00,3042.21,3042.35,3029.54,3029.99,486.0
2025-04-04 17:50:00,3029.53,3050.23,3026.85,3049.09,531.0
2025-04-04 17:55:00,3048.55,3050.34,3038.44,3038.44,473.0
2025-04-04 18:00:00,3038.09,3050.3,3036.13,3045.2,519.0
2025-04-04 18:05:00,3045.44,3046.55,3037.12,3037.12,494.0
2025-04-04 18:10:00,3037.14,3047.89,3030.78,3043.93,504.0
2025-04-04 18:15:00,3043.96,3044.5,3038.19,3039.16,471.0
2025-04-04 18:20:00,3039.27,3040.48,3034.81,3037.08,442.0
2025-04-04 18:25:00,3037.1,3037.19,3023.47,3026.11,503.0
2025-04-04 18:30:00,3026.13,3035.4,3024.55,3024.83,490.0
2025-04-04 18:35:00,3025.64,3026.16,3018.51,3022.87,489.0
2025-04-04 18:40:00,3022.88,3026.87,3017.34,3017.99,468.0
2025-04-04 18:45:00,3017.83,3024.99,3017.03,3021.56,462.0
2025-04-04 18:50:00,3021.52,3022.48,3017.64,3019.3,433.0
2025-04-04 18:55:00,3019.4,3023.43,3019.11,3021.86,430.0
2025-04-04 19:00:00,3021.89,3025.8,3020.49,3020.49,447.0
2025-04-04 19:05:00,3020.57,3024.19,3019.54,3021.07,425.0
2025-04-04 19:10:00,3021.15,3024.14,3017.68,3022.36,432.0
2025-04-04 19:15:00,3022.14,3028.11,3020.8,3026.56,438.0
2025-04-04 19:20:00,3026.3,3029.42,3021.9,3022.5,420.0
2025-04-04 19:25:00,3022.8,3032.33,3022.8,3030.66,426.0
2025-04-04 19:30:00,3030.47,3032.4,3027.16,3028.98,430.0
2025-04-04 19:35:00,3029.41,3034.48,3026.75,3033.42,431.0
2025-04-04 19:40:00,3033.49,3036.63,3032.05,3032.49,410.0
2025-04-04 19:45:00,3032.51,3032.67,3029.24,3031.04,398.0
2025-04-04 19:50:00,3030.51,3031.72,3029.96,3030.93,410.0
2025-04-04 19:55:00,3030.96,3031.73,3029.62,3030.93,394.0
2025-04-04 20:00:00,3030.96,3032.79,3029.54,3030.89,386.0
2025-04-04 20:05:00,3030.77,3032.75,3026.84,3027.12,364.0
2025-04-04 20:10:00,3027.13,3027.76,3024.66,3027.26,420.0
2025-04-04 20:15:00,3027.59,3027.82,3022.74,3023.56,409.0
2025-04-04 20:20:00,3023.97,3024.54,3021.17,3023.07,430.0
2025-04-04 20:25:00,3022.98,3024.01,3017.42,3018.0,422.0
2025-04-04 20:30:00,3017.95,3024.83,3015.78,3024.81,443.0
2025-04-04 20:35:00,3024.85,3027.51,3022.69,3025.38,430.0
2025-04-04 20:40:00,3025.36,3028.45,3022.63,3023.88,425.0
2025-04-04 20:45:00,3023.87,3025.55,3022.85,3023.6,408.0
2025-04-04 20:50:00,3023.58,3026.44,3022.6,3024.6,403.0
2025-04-04 20:55:00,3024.6,3026.18,3023.66,3025.82,398.0
2025-04-04 21:00:00,3025.8,3027.76,3022.83,3022.96,404.0
2025-04-04 21:05:00,3022.97,3024.76,3022.93,3024.24,390.0
2025-04-04 21:10:00,3024.23,3024.91,3022.28,3024.17,366.0
2025-04-04 21:15:00,3024.17,3025.57,3022.38,3023.78,328.0
2025-04-04 21:20:00,3023.72,3024.04,3021.77,3021.97,340.0
2025-04-04 21:25:00,3021.96,3024.57,3021.57,3024.56,377.0
2025-04-04 21:30:00,3024.91,3025.91,3023.73,3024.67,351.0
2025-04-04 21:35:00,3024.69,3025.98,3021.84,3021.97,366.0
2025-04-04 21:40:00,3022.07,3022.82,3021.4,3021.87,363.0
2025-04-04 21:45:00,3021.8,3021.86,3017.94,3020.49,386.0
2025-04-04 21:50:00,3020.49,3025.89,3019.94,3025.64,388.0
2025-04-04 21:55:00,3025.55,3025.74,3022.44,3025.33,373.0
2025-04-04 22:00:00,3025.5,3027.76,3024.62,3027.76,384.0
2025-04-04 22:05:00,3027.69,3027.69,3023.73,3023.74,375.0
2025-04-04 22:10:00,3023.59,3024.39,3022.24,3023.64,363.0
2025-04-04 22:15:00,3023.59,3032.1,3022.01,3030.49,364.0
2025-04-04 22:20:00,3030.25,3032.56,3028.48,3032.47,352.0
2025-04-04 22:25:00,3032.37,3034.7,3027.05,3028.58,379.0
2025-04-04 22:30:00,3028.23,3030.41,3027.77,3029.9,371.0
2025-04-04 22:35:00,3029.41,3030.33,3027.71,3029.46,387.0
2025-04-04 22:40:00,3029.65,3031.55,3029.58,3030.13,359.0
2025-04-04 22:45:00,3030.21,3040.79,3030.21,3037.74,438.0
2025-04-04 22:50:00,3037.83,3038.36,3035.52,3036.32,418.0
2025-04-04 22:55:00,3036.32,3038.06,3035.81,3036.35,420.0
2025-04-04 23:00:00,3036.3,3037.86,3036.23,3036.36,321.0
2025-04-04 23:05:00,3036.27,3036.96,3033.71,3036.49,246.0
2025-04-04 23:10:00,3036.52,3038.34,3035.44,3038.34,258.0
2025-04-04 23:15:00,3038.18,3040.87,3037.64,3037.98,205.0
2025-04-04 23:20:00,3037.78,3038.32,3035.65,3037.86,236.0
2025-04-04 23:25:00,3037.79,3039.29,3036.83,3038.11,274.0
2025-04-04 23:30:00,3038.04,3038.36,3036.2,3036.56,192.0
2025-04-04 23:35:00,3036.58,3038.14,3036.21,3036.82,195.0
2025-04-04 23:40:00,3036.87,3037.35,3035.49,3035.97,217.0
2025-04-04 23:45:00,3036.18,3038.11,3035.69,3037.91,205.0
2025-04-04 23:50:00,3037.9,3038.41,3036.1,3037.07,195.0
2025-04-04 23:55:00,3036.68,3037.34,3036.61,3037.34,59.0
2025-04-07 01:00:00,3008.13,3036.38,3008.01,3029.63,805.0
2025-04-07 01:05:00,3029.63,3029.63,2973.05,3013.69,281.0
2025-04-07 01:10:00,3014.3,3032.16,3014.3,3031.91,288.0
2025-04-07 01:15:00,3031.77,3031.83,3019.03,3020.54,413.0
2025-04-07 01:20:00,3020.57,3022.54,3000.79,3011.54,305.0
2025-04-07 01:25:00,3011.54,3016.66,3011.54,3014.69,118.0
2025-04-07 01:30:00,3014.11,3015.99,3006.86,3012.39,197.0
2025-04-07 01:35:00,3011.88,3019.69,3011.77,3019.03,225.0
2025-04-07 01:40:00,3019.31,3021.44,3012.28,3016.24,428.0
2025-04-07 01:45:00,3015.98,3017.28,3009.78,3014.76,240.0
2025-04-07 01:50:00,3014.78,3015.55,3005.86,3009.07,213.0
2025-04-07 01:55:00,3009.04,3010.14,3007.52,3009.39,99.0
2025-04-07 02:00:00,3009.44,3015.18,3008.57,3013.96,160.0
2025-04-07 02:05:00,3013.96,3016.6,3011.81,3012.26,138.0
2025-04-07 02:10:00,3012.37,3013.48,3004.27,3008.66,283.0
2025-04-07 02:15:00,3008.46,3008.63,2998.21,2999.05,307.0
2025-04-07 02:20:00,2998.94,2999.37,2987.38,2991.26,392.0
2025-04-07 02:25:00,2992.75,2993.7,2982.34,2984.51,417.0
2025-04-07 02:30:00,2984.97,2987.18,2977.46,2980.75,430.0
2025-04-07 02:35:00,2980.78,2985.6,2976.41,2980.42,379.0
2025-04-07 02:40:00,2980.32,2990.53,2980.32,2987.44,339.0
2025-04-07 02:45:00,2987.87,2997.98,2984.22,2995.64,380.0
2025-04-07 02:50:00,2995.42,2999.92,2988.85,2993.13,434.0
2025-04-07 02:55:00,2993.51,3001.86,2993.42,2999.93,431.0
2025-04-07 03:00:00,2999.32,3009.42,2998.98,2999.41,534.0
2025-04-07 03:05:00,2998.79,3002.36,2985.63,2987.44,512.0
2025-04-07 03:10:00,2987.15,2987.75,2970.37,2981.1,462.0
2025-04-07 03:15:00,2980.43,2989.96,2975.06,2987.0,458.0
2025-04-07 03:20:00,2986.93,2991.03,2981.51,2983.43,438.0
2025-04-07 03:25:00,2983.57,2987.39,2981.75,2985.05,365.0
2025-04-07 03:30:00,2985.04,2988.46,2979.2,2985.25,384.0
2025-04-07 03:35:00,2985.27,2992.64,2985.05,2987.53,394.0
2025-04-07 03:40:00,2987.59,2989.17,2980.1,2982.71,407.0
2025-04-07 03:45:00,2982.32,2983.15,2972.34,2980.81,411.0
2025-04-07 03:50:00,2980.43,2984.58,2977.99,2981.09,363.0
2025-04-07 03:55:00,2981.57,2988.72,2978.05,2978.75,483.0
2025-04-07 04:00:00,2978.29,2994.98,2972.36,2979.93,615.0
2025-04-07 04:05:00,2979.58,2994.87,2971.76,2993.01,601.0
2025-04-07 04:10:00,2992.87,3008.66,2991.86,3006.14,610.0
2025-04-07 04:15:00,3006.0,3014.14,3004.5,3012.8,606.0
2025-04-07 04:20:00,3012.81,3020.06,3009.68,3019.05,613.0
2025-04-07 04:25:00,3019.12,3020.53,3015.72,3018.86,590.0
2025-04-07 04:30:00,3018.81,3030.45,3016.13,3028.66,595.0
2025-04-07 04:35:00,3029.64,3049.55,3021.27,3048.59,616.0
2025-04-07 04:40:00,3048.78,3054.28,3038.27,3051.79,684.0
2025-04-07 04:45:00,3051.78,3055.01,3044.32,3048.37,643.0
2025-04-07 04:50:00,3047.58,3047.84,3036.76,3041.76,634.0
2025-04-07 04:55:00,3041.46,3045.7,3036.49,3038.09,589.0
2025-04-07 05:00:00,3038.32,3045.79,3035.84,3045.79,556.0
2025-04-07 05:05:00,3045.9,3055.05,3044.3,3053.79,595.0
2025-04-07 05:10:00,3052.89,3055.31,3046.53,3052.46,548.0
2025-04-07 05:15:00,3052.38,3053.3,3045.63,3048.21,410.0
2025-04-07 05:20:00,3048.3,3052.04,3043.68,3044.43,426.0
2025-04-07 05:25:00,3044.44,3045.34,3039.85,3042.25,408.0
2025-04-07 05:30:00,3042.85,3044.82,3032.65,3035.86,537.0
2025-04-07 05:35:00,3035.87,3035.9,3026.63,3034.21,524.0
2025-04-07 05:40:00,3034.22,3036.79,3032.09,3032.1,453.0
2025-04-07 05:45:00,3032.75,3034.98,3026.77,3030.85,480.0
2025-04-07 05:50:00,3030.89,3035.32,3030.12,3034.59,380.0
2025-04-07 05:55:00,3034.85,3035.76,3023.82,3025.83,467.0
2025-04-07 06:00:00,3025.85,3029.68,3021.68,3027.8,480.0
2025-04-07 06:05:00,3027.72,3030.14,3023.34,3025.85,423.0
2025-04-07 06:10:00,3025.62,3028.06,3023.11,3026.13,441.0
2025-04-07 06:15:00,3026.13,3031.29,3025.52,3030.58,444.0
2025-04-07 06:20:00,3030.65,3030.82,3027.62,3028.73,342.0
2025-04-07 06:25:00,3028.88,3030.49,3026.83,3029.75,353.0
2025-04-07 06:30:00,3029.33,3030.02,3027.31,3028.24,374.0
2025-04-07 06:35:00,3028.03,3029.9,3026.81,3029.21,328.0
2025-04-07 06:40:00,3029.2,3033.88,3026.11,3027.08,372.0
2025-04-07 06:45:00,3026.82,3029.08,3018.09,3019.53,344.0
2025-04-07 06:50:00,3019.56,3023.1,3018.32,3019.26,306.0
2025-04-07 06:55:00,3018.94,3019.33,3016.81,3018.94,356.0
2025-04-07 07:00:00,3018.91,3026.05,3018.9,3025.52,348.0
2025-04-07 07:05:00,3025.69,3027.68,3022.83,3027.11,291.0
2025-04-07 07:10:00,3027.11,3031.7,3026.05,3027.15,346.0
2025-04-07 07:15:00,3026.87,3028.18,3025.85,3026.5,240.0
2025-04-07 07:20:00,3025.8,3027.75,3023.82,3027.38,236.0
2025-04-07 07:25:00,3027.68,3030.12,3025.98,3026.42,249.0
2025-04-07 07:30:00,3026.54,3030.55,3025.13,3027.79,258.0
2025-04-07 07:35:00,3027.7,3032.71,3027.3,3031.99,331.0
2025-04-07 07:40:00,3031.32,3031.82,3027.11,3027.84,271.0
2025-04-07 07:45:00,3027.84,3028.99,3025.96,3026.92,252.0
2025-04-07 07:50:00,3026.92,3029.71,3025.88,3029.24,299.0
2025-04-07 07:55:00,3029.22,3035.63,3029.22,3034.73,320.0
2025-04-07 08:00:00,3035.31,3037.33,3031.45,3031.56,324.0
2025-04-07 08:05:00,3031.63,3033.31,3029.79,3030.06,284.0
2025-04-07 08:10:00,3030.09,3030.33,3024.78,3029.29,294.0
2025-04-07 08:15:00,3029.28,3038.14,3029.23,3037.94,340.0
2025-04-07 08:20:00,3038.01,3039.8,3035.09,3038.62,366.0
2025-04-07 08:25:00,3038.0,3040.1,3037.25,3038.65,341.0
2025-04-07 08:30:00,3038.94,3044.45,3038.9,3039.79,458.0
2025-04-07 08:35:00,3039.39,3040.8,3033.86,3036.07,421.0
2025-04-07 08:40:00,3036.15,3040.24,3035.31,3039.2,414.0
2025-04-07 08:45:00,3039.09,3043.34,3039.07,3041.7,360.0
2025-04-07 08:50:00,3041.53,3041.66,3033.97,3034.51,330.0
2025-04-07 08:55:00,3034.42,3035.15,3031.63,3031.63,411.0
2025-04-07 09:00:00,3031.68,3033.46,3028.62,3030.11,489.0
2025-04-07 09:05:00,3029.95,3030.38,3024.7,3027.67,509.0
2025-04-07 09:10:00,3027.58,3029.64,3022.29,3026.89,477.0
2025-04-07 09:15:00,3026.67,3027.89,3021.69,3023.3,479.0
2025-04-07 09:20:00,3023.32,3025.24,3019.39,3021.24,473.0
2025-04-07 09:25:00,3021.22,3022.21,3016.64,3018.36,520.0
2025-04-07 09:30:00,3018.56,3024.88,3018.56,3024.57,497.0
2025-04-07 09:35:00,3024.59,3031.19,3024.46,3029.29,511.0
2025-04-07 09:40:00,3029.31,3029.82,3026.8,3027.84,461.0
2025-04-07 09:45:00,3027.67,3027.69,3025.1,3025.21,485.0
2025-04-07 09:50:00,3025.19,3026.66,3018.8,3025.49,524.0
2025-04-07 09:55:00,3025.88,3030.56,3025.02,3029.33,511.0
2025-04-07 10:00:00,3029.63,3030.72,3024.2,3024.59,552.0
2025-04-07 10:05:00,3024.59,3026.54,3018.09,3018.33,546.0
2025-04-07 10:10:00,3017.51,3020.36,3013.27,3014.21,513.0
2025-04-07 10:15:00,3014.22,3023.85,3013.69,3015.66,540.0
2025-04-07 10:20:00,3016.03,3027.08,3015.82,3025.81,547.0
2025-04-07 10:25:00,3025.55,3026.66,3018.57,3019.11,555.0
2025-04-07 10:30:00,3019.12,3026.38,3019.12,3022.8,524.0
2025-04-07 10:35:00,3022.82,3024.31,3019.38,3019.46,520.0
2025-04-07 10:40:00,3019.36,3022.33,3019.3,3019.3,454.0
2025-04-07 10:45:00,3019.3,3025.69,3018.16,3023.52,516.0
2025-04-07 10:50:00,3023.51,3029.06,3022.45,3022.63,503.0
2025-04-07 10:55:00,3022.53,3022.87,3015.95,3018.57,469.0
2025-04-07 11:00:00,3018.85,3022.28,3017.61,3022.02,499.0
2025-04-07 11:05:00,3022.13,3026.48,3020.78,3024.92,505.0
2025-04-07 11:10:00,3024.98,3028.27,3024.67,3027.77,481.0
2025-04-07 11:15:00,3027.82,3029.91,3025.7,3026.69,509.0
2025-04-07 11:20:00,3026.64,3028.39,3024.81,3026.09,500.0
2025-04-07 11:25:00,3025.51,3029.51,3023.18,3023.41,511.0
2025-04-07 11:30:00,3023.3,3026.54,3022.6,3023.63,445.0
2025-04-07 11:35:00,3023.55,3027.1,3021.04,3027.1,432.0
2025-04-07 11:40:00,3027.12,3028.72,3023.89,3027.44,484.0
2025-04-07 11:45:00,3027.25,3029.49,3026.45,3028.5,449.0
2025-04-07 11:50:00,3028.49,3034.83,3027.94,3034.64,470.0
2025-04-07 11:55:00,3034.9,3035.44,3030.88,3031.16,381.0
2025-04-07 12:00:00,3031.73,3033.38,3027.82,3032.41,421.0
2025-04-07 12:05:00,3032.52,3032.62,3026.51,3029.64,477.0
2025-04-07 12:10:00,3029.65,3029.94,3025.7,3027.75,402.0
2025-04-07 12:15:00,3027.64,3027.64,3019.65,3020.65,400.0
2025-04-07 12:20:00,3020.58,3024.06,3019.83,3021.96,421.0
2025-04-07 12:25:00,3022.19,3026.64,3021.85,3026.54,503.0
2025-04-07 12:30:00,3026.69,3031.67,3024.23,3026.64,483.0
2025-04-07 12:35:00,3026.53,3030.35,3026.16,3028.47,428.0
2025-04-07 12:40:00,3028.44,3030.48,3025.24,3025.66,432.0
2025-04-07 12:45:00,3025.42,3028.53,3023.97,3026.05,439.0
2025-04-07 12:50:00,3025.66,3026.18,3022.33,3023.62,450.0
2025-04-07 12:55:00,3023.35,3026.22,3019.75,3025.21,448.0
2025-04-07 13:00:00,3025.31,3030.66,3025.07,3027.08,475.0
2025-04-07 13:05:00,3027.05,3030.15,3024.25,3029.59,473.0
2025-04-07 13:10:00,3029.47,3029.47,3025.01,3026.48,402.0
2025-04-07 13:15:00,3026.64,3030.99,3026.29,3030.44,448.0
2025-04-07 13:20:00,3030.39,3031.9,3029.07,3029.52,448.0
2025-04-07 13:25:00,3029.56,3033.11,3028.57,3032.67,469.0
2025-04-07 13:30:00,3032.52,3036.06,3031.84,3035.78,461.0
2025-04-07 13:35:00,3035.7,3036.1,3032.33,3033.81,456.0
2025-04-07 13:40:00,3033.79,3036.2,3032.19,3032.35,502.0
2025-04-07 13:45:00,3032.26,3035.16,3030.04,3034.05,420.0
2025-04-07 13:50:00,3034.05,3036.38,3033.35,3034.3,442.0
2025-04-07 13:55:00,3034.07,3035.53,3031.0,3031.23,457.0
2025-04-07 14:00:00,3031.09,3036.93,3031.03,3035.16,459.0
2025-04-07 14:05:00,3035.27,3041.65,3034.22,3040.18,442.0
2025-04-07 14:10:00,3040.43,3042.24,3036.3,3040.23,490.0
2025-04-07 14:15:00,3040.27,3042.31,3038.92,3041.38,385.0
2025-04-07 14:20:00,3041.2,3044.19,3038.75,3043.24,470.0
2025-04-07 14:25:00,3043.02,3043.37,3039.32,3039.94,507.0
2025-04-07 14:30:00,3040.09,3042.13,3038.78,3040.67,495.0
2025-04-07 14:35:00,3040.63,3045.98,3039.73,3041.28,500.0
2025-04-07 14:40:00,3041.29,3044.76,3039.14,3039.31,489.0
2025-04-07 14:45:00,3039.46,3040.24,3035.38,3038.65,457.0
2025-04-07 14:50:00,3038.71,3039.72,3034.66,3035.87,451.0
2025-04-07 14:55:00,3036.41,3036.65,3030.28,3031.19,446.0
2025-04-07 15:00:00,3031.43,3031.48,3026.91,3027.51,503.0
2025-04-07 15:05:00,3027.49,3029.24,3025.67,3028.91,504.0
2025-04-07 15:10:00,3028.76,3028.76,3025.07,3025.76,482.0
2025-04-07 15:15:00,3025.75,3031.38,3024.41,3030.08,519.0
2025-04-07 15:20:00,3028.77,3031.5,3026.35,3029.17,547.0
2025-04-07 15:25:00,3029.41,3030.98,3025.77,3026.64,538.0
2025-04-07 15:30:00,3026.8,3030.13,3021.57,3021.81,536.0
2025-04-07 15:35:00,3021.57,3021.84,3015.01,3016.21,565.0
2025-04-07 15:40:00,3016.35,3020.31,3014.7,3020.31,546.0
2025-04-07 15:45:00,3020.09,3027.79,3019.64,3026.0,519.0
2025-04-07 15:50:00,3026.04,3032.48,3024.11,3032.1,494.0
2025-04-07 15:55:00,3032.16,3032.89,3028.31,3031.23,449.0
2025-04-07 16:00:00,3030.82,3034.01,3029.07,3029.64,562.0
2025-04-07 16:05:00,3029.61,3030.54,3025.94,3030.1,536.0
2025-04-07 16:10:00,3029.85,3029.86,3024.55,3027.56,506.0
2025-04-07 16:15:00,3027.49,3027.98,3021.42,3026.69,523.0
2025-04-07 16:20:00,3026.23,3028.31,3024.5,3027.52,466.0
2025-04-07 16:25:00,3027.56,3030.35,3024.06,3024.68,540.0
2025-04-07 16:30:00,3024.24,3026.74,3014.53,3014.66,578.0
2025-04-07 16:35:00,3014.73,3015.29,3004.42,3010.95,594.0
2025-04-07 16:40:00,3011.01,3013.85,3001.73,3006.85,590.0
2025-04-07 16:45:00,3006.73,3011.12,3004.05,3007.07,580.0
2025-04-07 16:50:00,3006.92,3011.08,3006.43,3010.17,563.0
2025-04-07 16:55:00,3010.27,3019.11,3009.48,3015.37,575.0
2025-04-07 17:00:00,3014.84,3017.38,3011.06,3014.14,580.0
2025-04-07 17:05:00,3014.12,3019.59,3013.39,3015.36,566.0
2025-04-07 17:10:00,3015.42,3032.25,3014.65,3026.53,623.0
2025-04-07 17:15:00,3027.16,3037.97,3026.37,3028.04,630.0
2025-04-07 17:20:00,3028.35,3029.98,3015.35,3017.84,634.0
2025-04-07 17:25:00,3017.67,3018.71,3004.99,3008.86,631.0
2025-04-07 17:30:00,3007.82,3013.65,3004.99,3006.01,613.0
2025-04-07 17:35:00,3005.07,3007.69,2996.91,2998.08,613.0
2025-04-07 17:40:00,2998.38,3004.32,2997.92,3003.07,587.0
2025-04-07 17:45:00,3003.29,3009.67,3001.37,3002.35,554.0
2025-04-07 17:50:00,3001.84,3006.19,2996.2,2999.96,605.0
2025-04-07 17:55:00,3000.11,3003.9,2998.71,2999.25,530.0
2025-04-07 18:00:00,2999.52,3004.72,2997.42,3000.41,573.0
2025-04-07 18:05:00,3000.3,3000.37,2991.55,2991.74,540.0
2025-04-07 18:10:00,2991.55,2992.54,2983.85,2984.78,585.0
2025-04-07 18:15:00,2984.08,2998.76,2984.08,2994.9,615.0
2025-04-07 18:20:00,2994.29,2997.4,2989.71,2989.79,548.0
2025-04-07 18:25:00,2989.3,2993.2,2984.34,2986.66,521.0
2025-04-07 18:30:00,2987.11,2988.66,2981.49,2981.98,555.0
2025-04-07 18:35:00,2981.63,2986.08,2981.15,2984.54,562.0
2025-04-07 18:40:00,2984.47,2986.55,2982.82,2984.5,553.0
2025-04-07 18:45:00,2984.52,2985.78,2981.14,2981.97,553.0
2025-04-07 18:50:00,2981.97,2983.62,2979.81,2981.81,540.0
2025-04-07 18:55:00,2981.81,2988.07,2981.61,2987.46,533.0
2025-04-07 19:00:00,2987.45,2987.79,2979.22,2980.74,546.0
2025-04-07 19:05:00,2980.75,2982.2,2979.68,2980.24,509.0
2025-04-07 19:10:00,2979.81,2983.07,2977.34,2979.88,531.0
2025-04-07 19:15:00,2979.93,2985.3,2979.48,2981.73,508.0
2025-04-07 19:20:00,2981.72,2981.95,2975.16,2978.48,509.0
2025-04-07 19:25:00,2978.59,2982.48,2977.39,2977.86,497.0
2025-04-07 19:30:00,2977.77,2984.69,2977.55,2984.26,473.0
2025-04-07 19:35:00,2984.35,2984.67,2978.89,2979.27,470.0
2025-04-07 19:40:00,2979.36,2981.24,2975.13,2975.3,512.0
2025-04-07 19:45:00,2975.29,2975.65,2972.03,2972.57,492.0
2025-04-07 19:50:00,2972.33,2974.36,2970.91,2972.02,542.0
2025-04-07 19:55:00,2972.06,2972.69,2969.94,2970.43,493.0
2025-04-07 20:00:00,2970.4,2975.15,2965.67,2966.48,523.0
2025-04-07 20:05:00,2966.44,2970.71,2960.85,2962.32,473.0
2025-04-07 20:10:00,2962.34,2966.91,2959.59,2966.2,570.0
2025-04-07 20:15:00,2965.59,2969.25,2964.82,2967.38,534.0
2025-04-07 20:20:00,2967.34,2969.65,2964.91,2969.08,549.0
2025-04-07 20:25:00,2969.14,2970.44,2956.89,2958.95,570.0
2025-04-07 20:30:00,2958.27,2962.59,2956.26,2962.45,545.0
2025-04-07 20:35:00,2962.2,2967.65,2961.14,2965.4,515.0
2025-04-07 20:40:00,2965.61,2968.89,2964.15,2968.19,504.0
2025-04-07 20:45:00,2968.51,2969.94,2966.09,2967.72,521.0
2025-04-07 20:50:00,2967.68,2972.82,2967.47,2972.02,489.0
2025-04-07 20:55:00,2972.12,2973.66,2970.14,2970.14,502.0
2025-04-07 21:00:00,2970.07,2972.63,2969.34,2971.75,503.0
2025-04-07 21:05:00,2971.52,2973.38,2969.34,2970.29,501.0
2025-04-07 21:10:00,2970.27,2971.78,2969.3,2970.93,474.0
2025-04-07 21:15:00,2970.99,2973.26,2969.73,2971.81,490.0
2025-04-07 21:20:00,2971.55,2974.03,2970.56,2972.68,472.0
2025-04-07 21:25:00,2972.71,2972.9,2969.17,2969.79,484.0
2025-04-07 21:30:00,2969.89,2971.86,2968.57,2971.84,490.0
2025-04-07 21:35:00,2971.75,2976.18,2971.25,2974.98,494.0
2025-04-07 21:40:00,2975.06,2976.67,2971.56,2971.84,495.0
2025-04-07 21:45:00,2971.8,2972.42,2970.1,2970.31,464.0
2025-04-07 21:50:00,2970.21,2970.21,2964.97,2965.24,459.0
2025-04-07 21:55:00,2965.07,2966.39,2963.94,2965.78,382.0
2025-04-07 22:00:00,2965.79,2972.14,2965.32,2971.36,477.0
2025-04-07 22:05:00,2971.35,2972.85,2968.66,2968.67,485.0
2025-04-07 22:10:00,2968.57,2971.76,2968.08,2971.76,460.0
2025-04-07 22:15:00,2971.28,2972.02,2969.44,2971.83,455.0
2025-04-07 22:20:00,2971.87,2975.14,2971.8,2974.85,471.0
2025-04-07 22:25:00,2974.98,2975.44,2973.02,2974.11,491.0
2025-04-07 22:30:00,2974.22,2978.32,2973.55,2977.53,485.0
2025-04-07 22:35:00,2977.59,2982.21,2976.06,2979.69,518.0
2025-04-07 22:40:00,2979.67,2980.77,2977.95,2978.36,491.0
2025-04-07 22:45:00,2978.48,2978.78,2976.45,2976.6,411.0
2025-04-07 22:50:00,2976.65,2978.05,2975.7,2975.74,367.0
2025-04-07 22:55:00,2975.82,2978.52,2974.52,2976.45,388.0
2025-04-07 23:00:00,2976.5,2976.5,2969.5,2974.98,325.0
2025-04-07 23:05:00,2974.98,2977.2,2974.72,2976.77,185.0
2025-04-07 23:10:00,2976.73,2980.25,2976.66,2978.87,217.0
2025-04-07 23:15:00,2979.06,2982.58,2979.06,2982.12,240.0
2025-04-07 23:20:00,2982.13,2985.42,2981.91,2984.62,194.0
2025-04-07 23:25:00,2984.64,2985.44,2982.36,2983.26,181.0
2025-04-07 23:30:00,2983.27,2985.39,2982.62,2984.33,134.0
2025-04-07 23:35:00,2984.33,2985.29,2983.55,2984.17,143.0
2025-04-07 23:40:00,2984.17,2985.56,2984.14,2984.67,103.0
2025-04-07 23:45:00,2984.67,2984.67,2982.63,2983.27,178.0
2025-04-07 23:50:00,2983.07,2984.05,2982.01,2982.62,146.0
2025-04-07 23:55:00,2983.06,2983.84,2982.01,2982.01,193.0
2025-04-08 01:00:00,2982.99,2987.22,2981.71,2982.09,343.0
2025-04-08 01:05:00,2982.04,2984.73,2980.54,2982.45,93.0
2025-04-08 01:10:00,2981.85,2984.39,2980.93,2984.35,82.0
2025-04-08 01:15:00,2984.35,2985.01,2983.65,2984.61,236.0
2025-04-08 01:20:00,2984.57,2984.58,2982.49,2983.32,170.0
2025-04-08 01:25:00,2983.28,2985.74,2983.08,2985.62,134.0
2025-04-08 01:30:00,2985.66,2987.82,2984.68,2987.59,172.0
2025-04-08 01:35:00,2987.66,2988.56,2986.31,2986.48,177.0
2025-04-08 01:40:00,2986.47,2986.47,2983.58,2983.74,167.0
2025-04-08 01:45:00,2983.73,2985.66,2983.5,2985.66,142.0
2025-04-08 01:50:00,2985.75,2988.12,2985.59,2987.85,177.0
2025-04-08 01:55:00,2987.93,2988.52,2986.55,2986.73,183.0
2025-04-08 02:00:00,2986.73,2986.73,2985.29,2985.8,202.0
2025-04-08 02:05:00,2985.81,2987.37,2985.79,2986.61,169.0
2025-04-08 02:10:00,2986.6,2986.9,2985.07,2985.92,145.0
2025-04-08 02:15:00,2985.92,2985.92,2982.69,2982.76,196.0
2025-04-08 02:20:00,2982.8,2984.05,2981.98,2983.57,204.0
2025-04-08 02:25:00,2983.54,2984.1,2981.64,2981.88,166.0
2025-04-08 02:30:00,2981.81,2983.06,2980.82,2980.95,180.0
2025-04-08 02:35:00,2980.96,2981.39,2978.98,2979.26,186.0
2025-04-08 02:40:00,2979.25,2980.66,2978.49,2979.87,194.0
2025-04-08 02:45:00,2979.86,2982.96,2979.86,2982.44,268.0
2025-04-08 02:50:00,2982.21,2983.22,2980.06,2981.23,268.0
2025-04-08 02:55:00,2981.2,2982.61,2980.78,2981.31,256.0
2025-04-08 03:00:00,2981.22,2983.86,2980.34,2983.43,434.0
2025-04-08 03:05:00,2983.56,2983.88,2981.41,2982.69,307.0
2025-04-08 03:10:00,2982.76,2987.3,2982.76,2985.33,334.0
2025-04-08 03:15:00,2985.73,2986.4,2983.75,2984.66,362.0
2025-04-08 03:20:00,2984.65,2988.58,2984.55,2988.23,298.0
2025-04-08 03:25:00,2988.35,2988.91,2987.98,2988.83,193.0
2025-04-08 03:30:00,2988.81,2991.73,2988.65,2990.03,299.0
2025-04-08 03:35:00,2989.91,2992.55,2988.82,2992.19,257.0
2025-04-08 03:40:00,2992.2,2992.52,2990.49,2991.64,284.0
2025-04-08 03:45:00,2991.65,2991.74,2989.1,2990.48,350.0
2025-04-08 03:50:00,2990.32,2990.48,2986.45,2986.99,359.0
2025-04-08 03:55:00,2986.89,2986.94,2982.91,2985.24,444.0
2025-04-08 04:00:00,2985.32,2992.2,2983.6,2990.53,519.0
2025-04-08 04:05:00,2990.17,2997.3,2988.8,2997.24,460.0
2025-04-08 04:10:00,2997.05,3000.64,2994.37,2995.35,405.0
2025-04-08 04:15:00,2995.58,2997.29,2989.67,2995.18,466.0
2025-04-08 04:20:00,2995.19,2997.24,2994.11,2994.4,395.0
2025-04-08 04:25:00,2994.4,2999.79,2993.95,2996.08,444.0
2025-04-08 04:30:00,2995.99,2999.16,2994.88,2999.16,432.0
2025-04-08 04:35:00,2999.04,3003.13,2997.76,2998.68,463.0
2025-04-08 04:40:00,2998.61,3001.07,2998.61,3000.05,414.0
2025-04-08 04:45:00,3000.11,3001.15,2997.41,2997.82,375.0
2025-04-08 04:50:00,2997.86,2999.24,2996.83,2997.16,348.0
2025-04-08 04:55:00,2996.89,3000.1,2996.26,2999.71,367.0
2025-04-08 05:00:00,2999.79,3002.78,2998.97,3000.43,390.0
2025-04-08 05:05:00,3000.42,3004.7,3000.42,3002.83,403.0
2025-04-08 05:10:00,3002.83,3003.57,3000.64,3002.5,348.0
2025-04-08 05:15:00,3002.49,3003.29,3001.46,3001.77,256.0
2025-04-08 05:20:00,3001.74,3002.5,2997.99,2999.84,285.0
2025-04-08 05:25:00,2999.86,3001.24,2999.42,2999.72,248.0
2025-04-08 05:30:00,2999.65,3003.02,2998.62,3002.91,343.0
2025-04-08 05:35:00,3002.91,3004.69,3002.77,3003.41,371.0
2025-04-08 05:40:00,3003.38,3004.28,3001.12,3003.54,349.0
2025-04-08 05:45:00,3004.04,3004.25,3002.18,3003.53,314.0
2025-04-08 05:50:00,3003.4,3003.69,3000.99,3001.75,287.0
2025-04-08 05:55:00,3001.78,3001.89,2999.44,3000.87,314.0
2025-04-08 06:00:00,3000.85,3001.05,2997.26,2997.8,366.0
2025-04-08 06:05:00,2997.31,2998.1,2995.71,2996.4,379.0
2025-04-08 06:10:00,2996.65,2996.77,2993.22,2995.24,338.0
2025-04-08 06:15:00,2995.23,2999.31,2994.07,2999.27,356.0
2025-04-08 06:20:00,2999.35,3000.56,2997.95,2998.22,388.0
2025-04-08 06:25:00,2998.21,2998.21,2994.62,2995.31,351.0
2025-04-08 06:30:00,2995.22,2997.95,2994.78,2996.07,324.0
2025-04-08 06:35:00,2995.93,2996.74,2994.78,2996.53,232.0
2025-04-08 06:40:00,2996.52,2998.48,2995.23,2998.18,298.0
2025-04-08 06:45:00,2998.19,2998.97,2997.1,2997.27,238.0
2025-04-08 06:50:00,2997.27,2997.34,2994.68,2995.67,291.0
2025-04-08 06:55:00,2995.43,2995.7,2993.35,2994.73,296.0
2025-04-08 07:00:00,2994.6,2999.19,2994.23,2998.39,257.0
2025-04-08 07:05:00,2998.5,2999.75,2998.22,2999.02,263.0
2025-04-08 07:10:00,2999.09,2999.64,2998.18,2998.52,202.0
2025-04-08 07:15:00,2998.63,2998.95,2997.34,2997.34,223.0
2025-04-08 07:20:00,2997.21,2997.76,2995.32,2995.34,247.0
2025-04-08 07:25:00,2995.36,2997.14,2995.36,2996.05,201.0
2025-04-08 07:30:00,2996.04,2996.09,2992.7,2993.3,265.0
2025-04-08 07:35:00,2993.29,2994.9,2990.98,2994.81,331.0
2025-04-08 07:40:00,2994.81,2997.2,2994.31,2995.42,313.0
2025-04-08 07:45:00,2995.34,2998.51,2994.31,2997.78,297.0
2025-04-08 07:50:00,2997.77,3000.5,2997.61,3000.22,255.0
2025-04-08 07:55:00,3000.05,3002.88,3000.03,3002.17,288.0
2025-04-08 08:00:00,3001.86,3002.32,3000.38,3000.89,318.0
2025-04-08 08:05:00,3000.93,3002.51,2999.92,3002.09,267.0
2025-04-08 08:10:00,3002.09,3004.17,3000.59,3003.99,238.0
2025-04-08 08:15:00,3003.85,3005.19,3001.43,3001.68,336.0
2025-04-08 08:20:00,3001.73,3003.43,3000.8,3002.36,296.0
2025-04-08 08:25:00,3002.37,3002.4,2999.99,3000.03,329.0
2025-04-08 08:30:00,2999.99,3004.4,2999.52,3003.51,439.0
2025-04-08 08:35:00,3003.5,3005.17,3002.31,3003.8,344.0
2025-04-08 08:40:00,3003.65,3004.67,2999.99,3000.47,367.0
2025-04-08 08:45:00,3000.51,3004.75,3000.37,3004.46,321.0
2025-04-08 08:50:00,3004.47,3008.05,3002.28,3005.92,335.0
2025-04-08 08:55:00,3005.71,3006.16,3003.26,3005.59,359.0
2025-04-08 09:00:00,3005.4,3006.38,3003.94,3005.2,398.0
2025-04-08 09:05:00,3005.31,3005.53,3003.39,3004.07,309.0
2025-04-08 09:10:00,3003.99,3005.05,3002.46,3004.53,322.0
2025-04-08 09:15:00,3004.46,3009.61,3004.21,3009.57,361.0
2025-04-08 09:20:00,3009.51,3013.32,3007.94,3009.86,457.0
2025-04-08 09:25:00,3009.83,3013.41,3009.57,3011.8,417.0
2025-04-08 09:30:00,3011.51,3013.52,3010.82,3013.31,420.0
2025-04-08 09:35:00,3013.13,3014.76,3011.71,3014.47,346.0
2025-04-08 09:40:00,3014.47,3015.7,3012.34,3013.65,276.0
2025-04-08 09:45:00,3013.63,3013.95,3012.35,3012.49,265.0
2025-04-08 09:50:00,3012.47,3013.99,3010.97,3013.26,336.0
2025-04-08 09:55:00,3013.22,3013.4,3011.56,3013.28,407.0
2025-04-08 10:00:00,3013.24,3013.41,3008.35,3009.08,451.0
2025-04-08 10:05:00,3009.11,3012.18,3009.09,3011.63,405.0
2025-04-08 10:10:00,3011.58,3013.03,3009.66,3012.06,432.0
2025-04-08 10:15:00,3012.11,3013.78,3008.57,3009.74,434.0
2025-04-08 10:20:00,3009.65,3011.92,3007.62,3008.25,418.0
2025-04-08 10:25:00,3008.28,3011.06,3008.04,3009.96,409.0
2025-04-08 10:30:00,3009.72,3011.3,3008.52,3008.57,411.0
2025-04-08 10:35:00,3008.6,3009.09,3004.85,3006.2,439.0
2025-04-08 10:40:00,3006.12,3007.92,3002.25,3003.14,363.0
2025-04-08 10:45:00,3003.18,3006.68,3001.88,3004.92,399.0
2025-04-08 10:50:00,3004.99,3005.67,3002.89,3005.28,286.0
2025-04-08 10:55:00,3005.26,3005.26,3002.6,3003.51,362.0
2025-04-08 11:00:00,3003.13,3004.34,3001.41,3002.15,335.0
2025-04-08 11:05:00,3002.5,3006.32,3002.23,3005.97,298.0
2025-04-08 11:10:00,3005.97,3007.94,3005.53,3007.16,256.0
2025-04-08 11:15:00,3007.16,3007.99,3006.21,3007.66,294.0
2025-04-08 11:20:00,3007.42,3008.74,3006.74,3007.77,195.0
2025-04-08 11:25:00,3007.76,3009.26,3007.05,3008.82,188.0
2025-04-08 11:30:00,3008.81,3008.93,3006.39,3007.51,182.0
2025-04-08 11:35:00,3007.5,3008.05,3003.73,3004.29,222.0
2025-04-08 11:40:00,3004.27,3009.04,3003.66,3007.42,315.0
2025-04-08 11:45:00,3007.42,3007.76,3004.26,3004.36,309.0
2025-04-08 11:50:00,3004.48,3006.75,3004.44,3006.75,222.0
2025-04-08 11:55:00,3006.67,3008.03,3006.24,3007.45,218.0
2025-04-08 12:00:00,3007.41,3007.41,3002.48,3006.34,331.0
2025-04-08 12:05:00,3006.32,3006.76,3004.66,3005.45,204.0
2025-04-08 12:10:00,3005.27,3006.04,3003.05,3003.13,246.0
2025-04-08 12:15:00,3002.8,3003.12,3000.15,3000.38,235.0
2025-04-08 12:20:00,3000.38,3000.91,2997.22,2998.69,246.0
2025-04-08 12:25:00,2998.66,2998.66,2994.89,2995.61,383.0
2025-04-08 12:30:00,2995.66,3003.14,2995.66,3001.7,354.0
2025-04-08 12:35:00,3001.7,3004.14,3000.97,3003.93,258.0
2025-04-08 12:40:00,3003.95,3007.75,3003.95,3006.32,352.0
2025-04-08 12:45:00,3006.28,3007.55,3003.66,3004.12,337.0
2025-04-08 12:50:00,3004.1,3006.8,3003.07,3006.61,275.0
2025-04-08 12:55:00,3006.89,3007.73,3005.89,3006.78,289.0
2025-04-08 13:00:00,3006.8,3008.6,3005.48,3008.27,345.0
2025-04-08 13:05:00,3008.28,3008.61,3004.44,3004.6,284.0
2025-04-08 13:10:00,3004.6,3005.9,3004.13,3005.31,241.0
2025-04-08 13:15:00,3005.3,3007.03,3004.87,3006.22,259.0
2025-04-08 13:20:00,3006.17,3007.28,3004.79,3005.71,272.0
2025-04-08 13:25:00,3005.53,3008.74,3005.53,3008.03,325.0
2025-04-08 13:30:00,3008.02,3009.8,3007.02,3007.31,287.0
2025-04-08 13:35:00,3007.33,3008.05,3005.52,3007.64,274.0
2025-04-08 13:40:00,3007.63,3008.19,3006.06,3008.16,227.0
2025-04-08 13:45:00,3008.16,3010.19,3007.53,3010.09,255.0
2025-04-08 13:50:00,3010.18,3010.18,3007.21,3008.59,272.0
2025-04-08 13:55:00,3008.58,3010.0,3008.22,3008.98,290.0
2025-04-08 14:00:00,3008.97,3011.73,3008.97,3010.23,357.0
2025-04-08 14:05:00,3010.22,3011.32,3008.82,3009.72,353.0
2025-04-08 14:10:00,3009.76,3011.68,3008.68,3011.39,330.0
2025-04-08 14:15:00,3011.32,3012.27,3010.56,3012.18,304.0
2025-04-08 14:20:00,3012.13,3014.25,3011.44,3013.43,304.0
2025-04-08 14:25:00,3013.3,3014.12,3010.47,3010.72,295.0
2025-04-08 14:30:00,3010.62,3012.65,3010.4,3012.65,235.0
2025-04-08 14:35:00,3012.87,3013.37,3010.47,3010.72,295.0
2025-04-08 14:40:00,3010.61,3011.93,3008.91,3009.88,297.0
2025-04-08 14:45:00,3009.23,3012.73,3009.17,3011.05,346.0
2025-04-08 14:50:00,3010.99,3017.13,3009.68,3015.1,391.0
2025-04-08 14:55:00,3015.1,3019.58,3015.07,3017.5,365.0
2025-04-08 15:00:00,3017.59,3018.52,3014.34,3017.02,442.0
2025-04-08 15:05:00,3017.12,3018.67,3014.19,3018.42,416.0
2025-04-08 15:10:00,3018.4,3019.36,3015.31,3017.84,409.0
2025-04-08 15:15:00,3017.51,3017.51,3014.31,3014.49,406.0
2025-04-08 15:20:00,3013.35,3013.65,3005.76,3005.9,453.0
2025-04-08 15:25:00,3005.9,3009.73,3003.31,3009.65,425.0
2025-04-08 15:30:00,3009.74,3012.84,3006.8,3012.31,432.0
2025-04-08 15:35:00,3012.34,3012.82,3009.71,3010.92,396.0
2025-04-08 15:40:00,3010.93,3011.08,3006.91,3007.03,402.0
2025-04-08 15:45:00,3007.05,3008.55,3005.35,3006.69,398.0
2025-04-08 15:50:00,3006.52,3007.38,3002.73,3003.58,393.0
2025-04-08 15:55:00,3003.56,3005.62,3002.44,3002.6,387.0
2025-04-08 16:00:00,3002.55,3005.56,3002.55,3004.95,445.0
2025-04-08 16:05:00,3004.75,3009.02,3004.65,3006.99,439.0
2025-04-08 16:10:00,3006.71,3020.38,3006.23,3018.42,473.0
2025-04-08 16:15:00,3018.52,3022.73,3016.31,3020.7,469.0
2025-04-08 16:20:00,3020.89,3021.76,3014.9,3018.05,440.0
2025-04-08 16:25:00,3018.05,3018.69,3013.26,3013.74,438.0
2025-04-08 16:30:00,3013.19,3017.12,3011.99,3012.39,479.0
2025-04-08 16:35:00,3012.26,3012.26,3006.7,3010.56,481.0
2025-04-08 16:40:00,3010.65,3010.65,3006.34,3006.77,496.0
2025-04-08 16:45:00,3006.78,3008.44,3004.93,3005.91,469.0
2025-04-08 16:50:00,3005.67,3010.11,3004.13,3010.11,465.0
2025-04-08 16:55:00,3009.86,3011.83,3009.14,3010.4,455.0
2025-04-08 17:00:00,3010.55,3014.98,3009.3,3014.9,460.0
2025-04-08 17:05:00,3014.93,3017.84,3013.93,3015.01,479.0
2025-04-08 17:10:00,3015.02,3015.92,3009.98,3011.52,473.0
2025-04-08 17:15:00,3011.5,3012.67,3008.84,3010.87,448.0
2025-04-08 17:20:00,3011.06,3014.84,3010.12,3010.35,437.0
2025-04-08 17:25:00,3010.33,3013.3,3008.38,3012.43,441.0
2025-04-08 17:30:00,3012.82,3014.66,3010.39,3013.96,436.0
2025-04-08 17:35:00,3013.98,3017.53,3013.44,3016.01,442.0
2025-04-08 17:40:00,3016.06,3016.99,3013.61,3013.95,458.0
2025-04-08 17:45:00,3014.08,3018.06,3012.94,3016.44,428.0
2025-04-08 17:50:00,3016.46,3016.46,3009.0,3009.3,445.0
2025-04-08 17:55:00,3009.34,3009.49,3005.88,3006.14,443.0
2025-04-08 18:00:00,3006.17,3007.92,3004.91,3005.8,451.0
2025-04-08 18:05:00,3005.91,3007.6,3004.71,3006.06,445.0
2025-04-08 18:10:00,3006.27,3006.32,3002.59,3004.46,408.0
2025-04-08 18:15:00,3004.55,3009.21,3004.49,3008.78,446.0
2025-04-08 18:20:00,3008.78,3009.79,3006.45,3007.54,437.0
2025-04-08 18:25:00,3007.7,3008.92,3006.72,3007.7,419.0
2025-04-08 18:30:00,3007.76,3008.3,3005.99,3008.23,420.0
2025-04-08 18:35:00,3008.23,3012.32,3008.1,3009.15,423.0
2025-04-08 18:40:00,3009.2,3009.26,3004.64,3005.1,413.0
2025-04-08 18:45:00,3005.11,3006.13,3003.67,3003.99,407.0
2025-04-08 18:50:00,3004.02,3005.36,3002.7,3005.33,409.0
2025-04-08 18:55:00,3005.32,3005.61,3001.28,3001.42,420.0
2025-04-08 19:00:00,3001.53,3001.53,2997.37,2997.84,416.0
2025-04-08 19:05:00,2997.75,2997.96,2994.47,2996.67,414.0
2025-04-08 19:10:00,2996.66,3000.71,2996.6,2999.27,417.0
2025-04-08 19:15:00,2999.4,2999.51,2996.1,2996.55,424.0
2025-04-08 19:20:00,2996.56,2998.25,2993.94,2995.1,417.0
2025-04-08 19:25:00,2995.11,2995.77,2992.43,2994.74,437.0
2025-04-08 19:30:00,2994.98,2996.05,2991.04,2991.04,452.0
2025-04-08 19:35:00,2991.51,2992.38,2988.29,2988.29,424.0
2025-04-08 19:40:00,2988.32,2989.47,2985.22,2985.55,454.0
2025-04-08 19:45:00,2985.34,2990.97,2984.43,2988.48,457.0
2025-04-08 19:50:00,2988.41,2989.23,2985.44,2986.72,422.0
2025-04-08 19:55:00,2986.77,2988.86,2985.38,2985.99,427.0
2025-04-08 20:00:00,2986.15,2986.39,2980.62,2982.36,442.0
2025-04-08 20:05:00,2982.34,2984.62,2981.4,2983.04,432.0
2025-04-08 20:10:00,2983.17,2983.32,2976.45,2981.06,449.0
2025-04-08 20:15:00,2981.16,2984.15,2980.82,2982.33,429.0
2025-04-08 20:20:00,2982.36,2983.13,2978.26,2979.58,429.0
2025-04-08 20:25:00,2979.82,2981.7,2975.34,2976.59,453.0
2025-04-08 20:30:00,2976.32,2977.63,2974.73,2975.94,431.0
2025-04-08 20:35:00,2975.74,2979.91,2975.11,2978.81,422.0
2025-04-08 20:40:00,2978.77,2983.7,2978.15,2983.24,437.0
2025-04-08 20:45:00,2983.21,2986.72,2981.77,2986.66,430.0
2025-04-08 20:50:00,2986.71,2987.37,2984.72,2985.27,433.0
2025-04-08 20:55:00,2985.25,2985.4,2982.92,2985.08,427.0
2025-04-08 21:00:00,2985.09,2985.57,2983.2,2983.2,412.0
2025-04-08 21:05:00,2983.32,2983.98,2982.13,2982.54,410.0
2025-04-08 21:10:00,2982.51,2985.0,2979.35,2980.72,426.0
2025-04-08 21:15:00,2980.59,2985.47,2979.99,2983.72,412.0
2025-04-08 21:20:00,2983.72,2985.33,2983.25,2985.18,437.0
2025-04-08 21:25:00,2985.14,2985.84,2984.41,2985.73,411.0
2025-04-08 21:30:00,2985.75,2992.42,2985.75,2989.46,455.0
2025-04-08 21:35:00,2989.47,2991.46,2988.89,2990.39,432.0
2025-04-08 21:40:00,2990.43,2990.64,2986.36,2986.79,390.0
2025-04-08 21:45:00,2986.77,2988.08,2985.77,2986.2,384.0
2025-04-08 21:50:00,2986.22,2986.26,2982.27,2982.27,393.0
2025-04-08 21:55:00,2982.26,2983.67,2981.69,2983.58,376.0
2025-04-08 22:00:00,2983.41,2987.43,2983.41,2987.38,366.0
2025-04-08 22:05:00,2987.37,2987.49,2983.68,2984.06,419.0
2025-04-08 22:10:00,2984.06,2984.38,2981.6,2982.55,387.0
2025-04-08 22:15:00,2982.59,2982.64,2979.07,2979.67,395.0
2025-04-08 22:20:00,2979.59,2979.89,2978.07,2979.34,431.0
2025-04-08 22:25:00,2979.37,2982.84,2979.26,2981.27,422.0
2025-04-08 22:30:00,2981.14,2981.51,2979.04,2979.27,409.0
2025-04-08 22:35:00,2979.26,2979.37,2976.7,2977.04,396.0
2025-04-08 22:40:00,2977.07,2982.82,2976.96,2981.65,425.0
2025-04-08 22:45:00,2981.76,2983.34,2980.93,2983.15,371.0
2025-04-08 22:50:00,2983.21,2987.51,2982.67,2987.48,360.0
2025-04-08 22:55:00,2987.44,2987.44,2984.24,2985.13,398.0
2025-04-08 23:00:00,2984.96,2986.55,2983.51,2984.02,259.0
2025-04-08 23:05:00,2984.1,2986.48,2983.6,2983.6,218.0
2025-04-08 23:10:00,2983.61,2984.3,2980.61,2980.61,244.0
2025-04-08 23:15:00,2980.46,2980.48,2977.14,2980.16,249.0
2025-04-08 23:20:00,2980.09,2980.57,2977.65,2978.02,201.0
2025-04-08 23:25:00,2978.09,2980.65,2978.04,2980.64,205.0
2025-04-08 23:30:00,2980.57,2981.75,2979.21,2981.63,183.0
2025-04-08 23:35:00,2981.66,2981.72,2980.54,2980.91,158.0
2025-04-08 23:40:00,2980.93,2981.2,2980.26,2980.77,150.0
2025-04-08 23:45:00,2980.73,2982.83,2980.67,2982.28,186.0
2025-04-08 23:50:00,2982.25,2982.72,2981.61,2982.58,179.0
2025-04-08 23:55:00,2982.13,2982.9,2981.96,2981.96,119.0
2025-04-09 01:00:00,2982.88,2985.64,2982.39,2982.67,401.0
2025-04-09 01:05:00,2982.67,2982.75,2981.12,2982.6,155.0
2025-04-09 01:10:00,2982.55,2982.65,2981.19,2981.61,117.0
2025-04-09 01:15:00,2981.59,2982.51,2981.04,2981.4,113.0
2025-04-09 01:20:00,2981.41,2984.99,2981.4,2984.11,152.0
2025-04-09 01:25:00,2984.09,2985.06,2983.48,2984.4,133.0
2025-04-09 01:30:00,2984.42,2985.28,2982.79,2982.79,146.0
2025-04-09 01:35:00,2982.75,2984.53,2982.39,2982.8,150.0
2025-04-09 01:40:00,2982.8,2982.8,2980.57,2980.68,190.0
2025-04-09 01:45:00,2980.68,2981.83,2980.15,2980.45,199.0
2025-04-09 01:50:00,2980.56,2982.21,2980.37,2981.38,137.0
2025-04-09 01:55:00,2981.35,2983.12,2981.35,2981.86,160.0
2025-04-09 02:00:00,2982.39,2989.71,2982.39,2989.35,175.0
2025-04-09 02:05:00,2989.16,2990.91,2986.11,2986.56,251.0
2025-04-09 02:10:00,2986.77,2986.77,2984.48,2984.94,167.0
2025-04-09 02:15:00,2984.93,2985.17,2980.75,2982.02,232.0
2025-04-09 02:20:00,2982.07,2983.0,2979.37,2979.51,178.0
2025-04-09 02:25:00,2979.51,2982.15,2979.23,2981.05,200.0
2025-04-09 02:30:00,2980.9,2981.22,2977.96,2978.48,218.0
2025-04-09 02:35:00,2978.48,2978.58,2970.07,2974.34,338.0
2025-04-09 02:40:00,2974.34,2975.43,2972.93,2973.83,244.0
2025-04-09 02:45:00,2974.12,2975.14,2970.55,2970.62,313.0
2025-04-09 02:50:00,2970.58,2976.53,2970.42,2976.31,321.0
2025-04-09 02:55:00,2976.27,2979.94,2976.27,2978.22,323.0
2025-04-09 03:00:00,2978.61,2980.08,2975.14,2978.0,369.0
2025-04-09 03:05:00,2977.82,2984.7,2977.82,2980.8,369.0
2025-04-09 03:10:00,2981.57,2984.69,2977.23,2977.92,354.0
2025-04-09 03:15:00,2978.02,2979.57,2975.63,2979.17,362.0
2025-04-09 03:20:00,2979.12,2984.16,2978.76,2984.15,364.0
2025-04-09 03:25:00,2983.64,2985.69,2982.34,2984.32,345.0
2025-04-09 03:30:00,2984.34,2987.01,2980.39,2980.39,354.0
2025-04-09 03:35:00,2980.38,2981.17,2976.86,2979.64,364.0
2025-04-09 03:40:00,2979.69,2984.64,2979.49,2984.64,344.0
2025-04-09 03:45:00,2984.77,2986.02,2978.74,2979.58,346.0
2025-04-09 03:50:00,2979.62,2983.95,2978.34,2981.35,353.0
2025-04-09 03:55:00,2981.33,2982.17,2974.79,2980.42,390.0
2025-04-09 04:00:00,2980.5,2981.21,2972.5,2973.4,406.0
2025-04-09 04:05:00,2973.43,2977.99,2973.34,2977.86,389.0
2025-04-09 04:10:00,2978.23,2980.64,2975.64,2978.57,377.0
2025-04-09 04:15:00,2978.7,2981.81,2977.28,2979.86,408.0
2025-04-09 04:20:00,2979.83,2986.51,2979.52,2983.24,397.0
2025-04-09 04:25:00,2983.18,2991.5,2982.16,2990.18,408.0
2025-04-09 04:30:00,2990.05,2998.84,2988.53,2994.65,430.0
2025-04-09 04:35:00,2994.66,2999.72,2994.42,2997.75,425.0
2025-04-09 04:40:00,2997.78,3002.84,2996.28,3000.23,403.0
2025-04-09 04:45:00,3000.31,3004.68,2999.72,3003.46,398.0
2025-04-09 04:50:00,3003.33,3008.81,3001.78,3008.59,381.0
2025-04-09 04:55:00,3008.54,3009.79,3005.54,3008.91,354.0
2025-04-09 05:00:00,3009.01,3011.26,3005.85,3006.17,364.0
2025-04-09 05:05:00,3006.0,3009.01,3004.48,3005.75,354.0
2025-04-09 05:10:00,3005.9,3008.66,3005.29,3007.47,357.0
2025-04-09 05:15:00,3007.22,3009.57,3005.14,3009.3,324.0
2025-04-09 05:20:00,3009.01,3009.01,3001.45,3002.47,361.0
2025-04-09 05:25:00,3002.17,3007.27,2999.99,3004.66,361.0
2025-04-09 05:30:00,3004.66,3006.8,3002.75,3006.34,352.0
2025-04-09 05:35:00,3006.32,3007.64,3004.23,3004.66,331.0
2025-04-09 05:40:00,3004.68,3006.12,3004.37,3006.1,300.0
2025-04-09 05:45:00,3006.08,3008.46,3000.07,3001.32,334.0
2025-04-09 05:50:00,3001.33,3003.32,3000.6,3002.85,324.0
2025-04-09 05:55:00,3002.93,3004.02,3001.85,3003.02,310.0
2025-04-09 06:00:00,3002.97,3005.44,3002.66,3005.33,327.0
2025-04-09 06:05:00,3005.07,3005.89,3003.88,3005.41,310.0
2025-04-09 06:10:00,3005.41,3008.11,3005.26,3007.72,312.0
2025-04-09 06:15:00,3007.72,3008.27,3006.08,3006.33,317.0
2025-04-09 06:20:00,3006.43,3006.78,3004.64,3004.9,317.0
2025-04-09 06:25:00,3004.88,3008.94,3004.86,3008.32,300.0
2025-04-09 06:30:00,3008.37,3009.78,3007.67,3008.97,299.0
2025-04-09 06:35:00,3009.0,3009.0,3003.03,3006.26,332.0
2025-04-09 06:40:00,3006.29,3008.22,3006.03,3007.01,315.0
2025-04-09 06:45:00,3006.74,3009.24,3006.74,3008.08,301.0
2025-04-09 06:50:00,3008.04,3008.85,3006.82,3006.82,276.0
2025-04-09 06:55:00,3006.71,3007.09,3003.62,3004.45,333.0
2025-04-09 07:00:00,3004.45,3005.76,2999.39,3005.75,356.0
2025-04-09 07:05:00,3005.73,3008.58,3004.31,3007.63,348.0
2025-04-09 07:10:00,3007.69,3009.34,3005.84,3006.76,354.0
2025-04-09 07:15:00,3006.53,3009.27,3006.33,3008.88,302.0
2025-04-09 07:20:00,3008.91,3012.05,3008.91,3011.47,327.0
2025-04-09 07:25:00,3011.45,3011.66,3007.76,3008.47,339.0
2025-04-09 07:30:00,3008.44,3009.76,3007.47,3009.01,310.0
2025-04-09 07:35:00,3008.98,3011.92,3008.06,3011.42,303.0
2025-04-09 07:40:00,3011.4,3011.75,3008.53,3010.4,336.0
2025-04-09 07:45:00,3010.41,3011.02,3008.54,3010.97,309.0
2025-04-09 07:50:00,3010.94,3011.64,3009.08,3010.46,306.0
2025-04-09 07:55:00,3010.44,3014.13,3009.52,3012.41,323.0
2025-04-09 08:00:00,3012.38,3012.38,3005.51,3005.91,349.0
2025-04-09 08:05:00,3005.94,3009.98,3005.81,3009.09,343.0
2025-04-09 08:10:00,3008.99,3018.31,3008.83,3015.74,374.0
2025-04-09 08:15:00,3016.05,3020.3,3013.91,3019.8,372.0
2025-04-09 08:20:00,3019.81,3020.53,3016.22,3017.96,347.0
2025-04-09 08:25:00,3017.99,3018.77,3016.82,3017.44,333.0
2025-04-09 08:30:00,3016.85,3018.63,3013.58,3013.77,387.0
2025-04-09 08:35:00,3013.76,3017.23,3012.89,3014.67,365.0
2025-04-09 08:40:00,3014.73,3016.7,3012.22,3015.87,376.0
2025-04-09 08:45:00,3015.84,3017.71,3014.37,3017.2,344.0
2025-04-09 08:50:00,3017.14,3018.22,3016.25,3017.0,320.0
2025-04-09 08:55:00,3017.06,3017.83,3015.27,3015.6,324.0
2025-04-09 09:00:00,3015.49,3019.36,3014.93,3018.93,364.0
2025-04-09 09:05:00,3018.88,3023.15,3015.27,3017.46,400.0
2025-04-09 09:10:00,3017.75,3025.17,3017.75,3020.45,384.0
2025-04-09 09:15:00,3020.29,3025.88,3019.9,3025.63,396.0
2025-04-09 09:20:00,3025.63,3033.29,3024.52,3030.62,372.0
2025-04-09 09:25:00,3030.59,3032.83,3027.43,3029.45,380.0
2025-04-09 09:30:00,3029.36,3035.69,3028.59,3034.14,380.0
2025-04-09 09:35:00,3034.14,3034.14,3029.48,3031.3,370.0
2025-04-09 09:40:00,3031.45,3032.9,3027.97,3030.42,357.0
2025-04-09 09:45:00,3030.43,3032.3,3029.68,3031.26,346.0
2025-04-09 09:50:00,3031.29,3033.62,3030.62,3033.29,356.0
2025-04-09 09:55:00,3033.27,3041.01,3033.06,3039.12,376.0
2025-04-09 10:00:00,3038.77,3043.52,3034.4,3041.83,407.0
2025-04-09 10:05:00,3041.69,3045.4,3040.52,3043.84,358.0
2025-04-09 10:10:00,3043.81,3052.56,3042.32,3045.29,386.0
2025-04-09 10:15:00,3045.38,3046.48,3041.43,3041.57,407.0
2025-04-09 10:20:00,3041.85,3046.35,3041.38,3043.69,351.0
2025-04-09 10:25:00,3043.67,3046.43,3042.14,3043.15,367.0
2025-04-09 10:30:00,3043.1,3045.86,3041.87,3043.06,337.0
2025-04-09 10:35:00,3043.0,3046.18,3041.38,3045.03,328.0
2025-04-09 10:40:00,3044.95,3048.45,3044.88,3046.11,349.0
2025-04-09 10:45:00,3046.11,3047.21,3043.15,3046.5,343.0
2025-04-09 10:50:00,3046.54,3047.48,3044.5,3044.85,344.0
2025-04-09 10:55:00,3044.26,3045.05,3039.58,3041.05,371.0
2025-04-09 11:00:00,3041.06,3041.57,3038.23,3041.16,368.0
2025-04-09 11:05:00,3041.21,3042.46,3038.95,3041.25,343.0
2025-04-09 11:10:00,3041.34,3047.19,3041.05,3043.72,344.0
2025-04-09 11:15:00,3044.01,3051.02,3043.8,3049.04,333.0
2025-04-09 11:20:00,3048.98,3051.26,3047.53,3050.55,306.0
2025-04-09 11:25:00,3050.52,3050.94,3045.56,3045.56,330.0
2025-04-09 11:30:00,3045.57,3045.76,3040.52,3040.52,322.0
2025-04-09 11:35:00,3040.53,3045.71,3040.53,3043.89,307.0
2025-04-09 11:40:00,3043.98,3046.43,3043.55,3044.84,294.0
2025-04-09 11:45:00,3044.93,3046.74,3043.08,3045.22,318.0
2025-04-09 11:50:00,3045.19,3045.19,3041.78,3042.58,304.0
2025-04-09 11:55:00,3042.62,3044.66,3042.51,3043.89,315.0
2025-04-09 12:00:00,3043.9,3046.31,3041.4,3045.47,337.0
2025-04-09 12:05:00,3045.52,3046.11,3039.63,3039.81,322.0
2025-04-09 12:10:00,3039.79,3043.61,3038.59,3042.3,337.0
2025-04-09 12:15:00,3042.3,3045.99,3042.07,3045.78,296.0
2025-04-09 12:20:00,3045.69,3048.0,3044.7,3047.0,307.0
2025-04-09 12:25:00,3047.03,3047.6,3043.49,3043.71,297.0
2025-04-09 12:30:00,3043.67,3048.25,3043.47,3047.89,301.0
2025-04-09 12:35:00,3047.97,3049.61,3046.34,3048.4,334.0
2025-04-09 12:40:00,3048.28,3049.05,3046.36,3047.01,306.0
2025-04-09 12:45:00,3047.08,3047.08,3044.71,3046.4,311.0
2025-04-09 12:50:00,3046.61,3047.34,3044.54,3046.49,303.0
2025-04-09 12:55:00,3046.48,3047.06,3044.9,3044.92,286.0
2025-04-09 13:00:00,3044.9,3045.73,3043.8,3044.85,352.0
2025-04-09 13:05:00,3044.85,3047.12,3043.92,3045.28,345.0
2025-04-09 13:10:00,3045.27,3045.82,3040.64,3041.23,321.0
2025-04-09 13:15:00,3040.44,3042.56,3038.52,3038.62,332.0
2025-04-09 13:20:00,3039.14,3040.92,3038.19,3040.06,353.0
2025-04-09 13:25:00,3040.04,3041.9,3038.56,3039.45,292.0
2025-04-09 13:30:00,3039.45,3044.22,3039.39,3043.07,315.0
2025-04-09 13:35:00,3043.15,3043.29,3041.56,3042.84,289.0
2025-04-09 13:40:00,3042.8,3044.48,3042.43,3043.18,315.0
2025-04-09 13:45:00,3043.17,3044.26,3041.47,3043.68,315.0
2025-04-09 13:50:00,3043.77,3045.35,3042.25,3042.44,325.0
2025-04-09 13:55:00,3042.35,3044.61,3042.27,3042.74,278.0
2025-04-09 14:00:00,3043.16,3045.89,3036.29,3043.72,387.0
2025-04-09 14:05:00,3043.71,3045.63,3041.19,3041.59,386.0
2025-04-09 14:10:00,3041.54,3045.69,3041.54,3045.49,378.0
2025-04-09 14:15:00,3045.4,3057.67,3045.23,3055.58,382.0
2025-04-09 14:20:00,3055.94,3064.62,3055.93,3063.18,407.0
2025-04-09 14:25:00,3062.94,3064.85,3059.76,3060.27,373.0
2025-04-09 14:30:00,3060.21,3065.17,3058.32,3058.65,391.0
2025-04-09 14:35:00,3058.64,3067.15,3057.91,3063.76,411.0
2025-04-09 14:40:00,3063.74,3064.43,3060.52,3063.14,385.0
2025-04-09 14:45:00,3063.06,3068.01,3061.15,3063.13,369.0
2025-04-09 14:50:00,3063.21,3063.67,3058.42,3060.76,369.0
2025-04-09 14:55:00,3060.73,3067.79,3058.5,3066.64,383.0
2025-04-09 15:00:00,3066.54,3072.78,3066.54,3069.55,423.0
2025-04-09 15:05:00,3071.17,3071.17,3064.44,3064.69,394.0
2025-04-09 15:10:00,3064.77,3064.79,3058.55,3062.95,401.0
2025-04-09 15:15:00,3062.75,3067.48,3060.77,3061.08,407.0
2025-04-09 15:20:00,3060.22,3061.0,3050.55,3051.67,430.0
2025-04-09 15:25:00,3051.83,3054.59,3048.93,3053.89,407.0
2025-04-09 15:30:00,3053.1,3055.06,3048.06,3050.76,408.0
2025-04-09 15:35:00,3051.03,3053.3,3047.39,3049.24,395.0
2025-04-09 15:40:00,3049.04,3051.11,3043.94,3043.94,398.0
2025-04-09 15:45:00,3043.93,3051.15,3042.79,3044.46,415.0
2025-04-09 15:50:00,3044.48,3050.07,3042.68,3049.87,400.0
2025-04-09 15:55:00,3049.67,3050.16,3043.48,3047.35,374.0
2025-04-09 16:00:00,3047.95,3051.66,3047.41,3048.57,430.0
2025-04-09 16:05:00,3048.48,3057.13,3048.28,3055.5,432.0
2025-04-09 16:10:00,3055.91,3060.6,3055.86,3056.95,403.0
2025-04-09 16:15:00,3056.77,3060.08,3055.96,3058.26,402.0
2025-04-09 16:20:00,3058.55,3061.58,3056.8,3060.92,410.0
2025-04-09 16:25:00,3060.88,3061.13,3058.03,3060.42,390.0
2025-04-09 16:30:00,3060.76,3072.56,3060.21,3072.49,437.0
2025-04-09 16:35:00,3072.28,3077.86,3071.7,3075.95,450.0
2025-04-09 16:40:00,3075.75,3076.86,3071.9,3072.7,424.0
2025-04-09 16:45:00,3072.83,3075.77,3067.52,3074.1,423.0
2025-04-09 16:50:00,3074.09,3076.43,3070.63,3076.23,413.0
2025-04-09 16:55:00,3076.28,3076.73,3074.04,3075.26,408.0
2025-04-09 17:00:00,3075.4,3076.34,3071.78,3073.71,402.0
2025-04-09 17:05:00,3073.9,3076.02,3068.29,3073.06,415.0
2025-04-09 17:10:00,3072.65,3078.09,3072.26,3074.65,403.0
2025-04-09 17:15:00,3075.11,3082.07,3075.11,3081.0,415.0
2025-04-09 17:20:00,3080.96,3084.63,3079.27,3082.98,409.0
2025-04-09 17:25:00,3082.65,3084.28,3081.58,3083.48,388.0
2025-04-09 17:30:00,3083.51,3084.14,3077.91,3078.25,376.0
2025-04-09 17:35:00,3078.04,3081.43,3077.49,3078.6,389.0
2025-04-09 17:40:00,3078.68,3078.77,3075.5,3076.03,384.0
2025-04-09 17:45:00,3075.91,3079.44,3074.48,3076.07,380.0
2025-04-09 17:50:00,3076.11,3076.11,3069.66,3070.24,397.0
2025-04-09 17:55:00,3070.39,3073.55,3069.38,3070.5,382.0
2025-04-09 18:00:00,3070.05,3070.35,3066.0,3067.38,402.0
2025-04-09 18:05:00,3067.39,3073.25,3065.41,3071.7,384.0
2025-04-09 18:10:00,3071.75,3075.21,3071.23,3074.99,369.0
2025-04-09 18:15:00,3075.02,3082.61,3075.02,3082.61,359.0
2025-04-09 18:20:00,3082.57,3086.46,3082.56,3085.34,364.0
2025-04-09 18:25:00,3085.2,3087.76,3082.66,3084.45,384.0
2025-04-09 18:30:00,3084.41,3087.67,3083.8,3085.02,349.0
2025-04-09 18:35:00,3084.96,3086.62,3084.87,3084.92,363.0
2025-04-09 18:40:00,3084.9,3085.99,3078.93,3079.2,346.0
2025-04-09 18:45:00,3079.19,3081.58,3078.54,3080.55,358.0
2025-04-09 18:50:00,3080.5,3084.38,3080.5,3083.08,330.0
2025-04-09 18:55:00,3083.1,3086.4,3081.29,3086.22,321.0
2025-04-09 19:00:00,3086.32,3086.89,3082.76,3084.83,338.0
2025-04-09 19:05:00,3084.85,3085.68,3083.25,3083.89,318.0
2025-04-09 19:10:00,3083.85,3090.35,3082.99,3088.82,349.0
2025-04-09 19:15:00,3088.71,3090.75,3087.7,3088.84,327.0
2025-04-09 19:20:00,3088.84,3088.97,3085.2,3085.71,330.0
2025-04-09 19:25:00,3085.4,3086.01,3083.84,3085.99,340.0
2025-04-09 19:30:00,3086.19,3089.26,3085.67,3088.65,319.0
2025-04-09 19:35:00,3088.4,3090.72,3087.92,3088.58,324.0
2025-04-09 19:40:00,3088.57,3088.7,3086.01,3088.33,337.0
2025-04-09 19:45:00,3088.32,3090.85,3087.98,3090.4,322.0
2025-04-09 19:50:00,3090.3,3092.93,3090.14,3092.39,317.0
2025-04-09 19:55:00,3092.51,3094.8,3091.45,3092.42,338.0
2025-04-09 20:00:00,3092.64,3095.26,3086.96,3087.74,382.0
2025-04-09 20:05:00,3087.65,3089.28,3084.78,3085.11,346.0
2025-04-09 20:10:00,3085.13,3089.3,3084.47,3089.3,322.0
2025-04-09 20:15:00,3089.37,3097.93,3088.5,3092.27,404.0
2025-04-09 20:20:00,3092.69,3099.08,3072.51,3072.51,452.0
2025-04-09 20:25:00,3072.05,3081.0,3059.12,3060.27,486.0
2025-04-09 20:30:00,3060.03,3070.18,3051.12,3067.76,485.0
2025-04-09 20:35:00,3067.8,3069.56,3053.05,3059.51,480.0
2025-04-09 20:40:00,3059.58,3067.66,3056.58,3063.7,434.0
2025-04-09 20:45:00,3063.7,3073.86,3063.7,3070.09,431.0
2025-04-09 20:50:00,3069.4,3075.62,3064.04,3068.91,427.0
2025-04-09 20:55:00,3068.46,3069.71,3059.28,3060.06,380.0
2025-04-09 21:00:00,3059.76,3068.91,3058.08,3064.99,401.0
2025-04-09 21:05:00,3064.94,3065.66,3053.35,3058.11,418.0
2025-04-09 21:10:00,3058.02,3059.92,3051.31,3052.21,420.0
2025-04-09 21:15:00,3052.22,3054.25,3048.38,3052.44,414.0
2025-04-09 21:20:00,3052.42,3064.55,3051.7,3063.63,419.0
2025-04-09 21:25:00,3063.79,3067.24,3060.58,3064.28,402.0
2025-04-09 21:30:00,3064.13,3071.24,3064.13,3069.62,377.0
2025-04-09 21:35:00,3070.21,3072.53,3065.88,3071.03,392.0
2025-04-09 21:40:00,3071.06,3073.38,3064.04,3064.23,381.0
2025-04-09 21:45:00,3064.24,3068.38,3063.48,3067.11,367.0
2025-04-09 21:50:00,3067.34,3067.73,3064.16,3066.73,316.0
2025-04-09 21:55:00,3068.38,3069.49,3065.81,3067.2,189.0
2025-04-09 22:00:00,3067.2,3075.39,3064.3,3074.79,354.0
2025-04-09 22:05:00,3075.04,3086.94,3074.96,3086.22,392.0
2025-04-09 22:10:00,3086.07,3090.87,3084.38,3086.33,366.0
2025-04-09 22:15:00,3086.37,3094.03,3085.75,3092.8,402.0
2025-04-09 22:20:00,3092.87,3094.28,3091.66,3092.21,375.0
2025-04-09 22:25:00,3092.47,3095.8,3088.48,3091.51,372.0
2025-04-09 22:30:00,3091.21,3093.77,3087.82,3093.06,376.0
2025-04-09 22:35:00,3093.12,3093.28,3087.54,3089.25,350.0
2025-04-09 22:40:00,3089.19,3098.95,3088.95,3098.44,359.0
2025-04-09 22:45:00,3098.39,3099.6,3087.81,3088.55,388.0
2025-04-09 22:50:00,3088.59,3092.64,3087.84,3088.7,348.0
2025-04-09 22:55:00,3088.89,3095.01,3084.49,3094.02,389.0
2025-04-09 23:00:00,3093.62,3095.14,3090.28,3093.99,288.0
2025-04-09 23:05:00,3094.0,3095.38,3090.86,3094.9,263.0
2025-04-09 23:10:00,3095.07,3095.18,3090.35,3092.01,238.0
2025-04-09 23:15:00,3091.97,3092.13,3088.83,3089.28,216.0
2025-04-09 23:20:00,3089.28,3090.81,3086.21,3087.29,238.0
2025-04-09 23:25:00,3087.4,3091.53,3087.16,3090.45,210.0
2025-04-09 23:30:00,3090.45,3091.38,3084.04,3085.53,237.0
2025-04-09 23:35:00,3085.56,3085.66,3080.22,3081.6,208.0
2025-04-09 23:40:00,3081.62,3082.78,3080.24,3082.58,191.0
2025-04-09 23:45:00,3082.56,3082.63,3079.32,3079.39,187.0
2025-04-09 23:50:00,3079.36,3080.95,3078.0,3079.87,176.0
2025-04-09 23:55:00,3079.95,3082.96,3079.48,3082.78,151.0
2025-04-10 01:00:00,3079.66,3082.61,3079.45,3080.54,377.0
2025-04-10 01:05:00,3080.54,3080.54,3071.36,3073.89,194.0
2025-04-10 01:10:00,3073.73,3077.14,3071.45,3075.74,200.0
2025-04-10 01:15:00,3075.76,3080.47,3073.74,3076.23,249.0
2025-04-10 01:20:00,3076.25,3082.82,3076.25,3080.65,214.0
2025-04-10 01:25:00,3080.61,3081.04,3077.63,3078.52,147.0
2025-04-10 01:30:00,3078.6,3088.82,3078.5,3087.89,221.0
2025-04-10 01:35:00,3087.67,3089.79,3083.34,3085.25,290.0
2025-04-10 01:40:00,3085.22,3085.24,3083.05,3083.54,199.0
2025-04-10 01:45:00,3083.62,3086.48,3083.09,3084.86,211.0
2025-04-10 01:50:00,3084.86,3085.03,3082.54,3082.74,211.0
2025-04-10 01:55:00,3082.65,3083.07,3079.95,3080.02,254.0
2025-04-10 02:00:00,3080.24,3081.96,3079.67,3081.18,244.0
2025-04-10 02:05:00,3081.14,3082.29,3080.57,3082.05,249.0
2025-04-10 02:10:00,3081.87,3084.1,3081.87,3083.13,234.0
2025-04-10 02:15:00,3083.27,3083.28,3080.35,3080.53,241.0
2025-04-10 02:20:00,3080.53,3081.26,3079.54,3080.98,217.0
2025-04-10 02:25:00,3080.99,3086.1,3080.91,3085.5,277.0
2025-04-10 02:30:00,3085.48,3086.93,3083.68,3086.79,242.0
2025-04-10 02:35:00,3086.79,3086.81,3084.89,3085.91,255.0
2025-04-10 02:40:00,3085.89,3088.31,3084.98,3085.23,262.0
2025-04-10 02:45:00,3085.09,3088.96,3084.13,3084.13,287.0
2025-04-10 02:50:00,3084.0,3085.52,3082.48,3082.8,290.0
2025-04-10 02:55:00,3082.82,3086.77,3082.57,3086.74,331.0
2025-04-10 03:00:00,3086.78,3088.39,3081.36,3082.94,395.0
2025-04-10 03:05:00,3082.69,3085.81,3082.64,3084.87,344.0
2025-04-10 03:10:00,3084.81,3087.37,3084.6,3086.89,348.0
2025-04-10 03:15:00,3086.94,3089.88,3085.97,3089.75,352.0
2025-04-10 03:20:00,3089.77,3094.13,3088.4,3093.44,377.0
2025-04-10 03:25:00,3092.87,3096.61,3090.24,3096.15,377.0
2025-04-10 03:30:00,3096.21,3100.33,3094.54,3098.04,395.0
2025-04-10 03:35:00,3098.54,3101.29,3096.66,3096.95,367.0
2025-04-10 03:40:00,3096.96,3098.43,3094.11,3097.2,375.0
2025-04-10 03:45:00,3097.18,3097.18,3093.25,3094.48,337.0
2025-04-10 03:50:00,3094.53,3096.38,3093.4,3096.38,353.0
2025-04-10 03:55:00,3096.04,3098.04,3095.78,3097.1,338.0
2025-04-10 04:00:00,3097.55,3100.45,3090.74,3093.28,430.0
2025-04-10 04:05:00,3093.04,3093.57,3089.63,3092.17,402.0
2025-04-10 04:10:00,3092.03,3094.9,3085.14,3086.5,393.0
2025-04-10 04:15:00,3086.33,3089.85,3084.58,3084.73,406.0
2025-04-10 04:20:00,3084.17,3085.98,3082.6,3084.18,396.0
2025-04-10 04:25:00,3084.13,3087.85,3083.89,3087.71,339.0
2025-04-10 04:30:00,3087.7,3089.12,3084.04,3084.26,358.0
2025-04-10 04:35:00,3084.22,3084.4,3078.42,3081.22,376.0
2025-04-10 04:40:00,3081.14,3087.96,3079.17,3087.96,372.0
2025-04-10 04:45:00,3088.36,3091.39,3085.46,3089.35,377.0
2025-04-10 04:50:00,3089.41,3094.82,3088.27,3093.4,381.0
2025-04-10 04:55:00,3093.42,3095.43,3091.85,3094.09,356.0
2025-04-10 05:00:00,3094.0,3099.62,3094.0,3098.42,387.0
2025-04-10 05:05:00,3098.54,3111.8,3097.16,3111.8,376.0
2025-04-10 05:10:00,3112.59,3112.86,3103.45,3105.25,403.0
2025-04-10 05:15:00,3105.24,3117.11,3105.21,3111.51,386.0
2025-04-10 05:20:00,3111.46,3114.73,3110.56,3113.84,362.0
2025-04-10 05:25:00,3113.82,3114.16,3109.9,3111.5,331.0
2025-04-10 05:30:00,3111.47,3113.87,3110.8,3111.92,355.0
2025-04-10 05:35:00,3111.9,3119.52,3111.89,3116.23,392.0
2025-04-10 05:40:00,3116.27,3117.34,3113.95,3113.95,333.0
2025-04-10 05:45:00,3113.95,3118.34,3111.46,3116.88,358.0
2025-04-10 05:50:00,3116.79,3119.29,3116.38,3116.88,353.0
2025-04-10 05:55:00,3116.86,3120.31,3115.56,3119.25,323.0
2025-04-10 06:00:00,3119.28,3120.73,3115.96,3116.14,343.0
2025-04-10 06:05:00,3116.01,3120.01,3115.33,3118.11,348.0
2025-04-10 06:10:00,3118.08,3125.87,3117.8,3125.45,363.0
2025-04-10 06:15:00,3125.55,3125.85,3122.3,3123.64,364.0
2025-04-10 06:20:00,3123.46,3131.66,3123.19,3127.46,376.0
2025-04-10 06:25:00,3127.39,3127.59,3121.56,3123.92,353.0
2025-04-10 06:30:00,3123.97,3130.29,3123.15,3128.36,307.0
2025-04-10 06:35:00,3128.28,3128.38,3123.03,3123.03,222.0
2025-04-10 06:40:00,3123.02,3123.78,3120.66,3121.89,288.0
2025-04-10 06:45:00,3121.93,3124.69,3121.81,3123.71,236.0
2025-04-10 06:50:00,3123.56,3126.57,3123.2,3124.13,252.0
2025-04-10 06:55:00,3123.98,3125.7,3121.59,3125.24,254.0
2025-04-10 07:00:00,3125.3,3127.88,3125.07,3126.9,275.0
2025-04-10 07:05:00,3126.9,3128.2,3125.62,3126.8,227.0
2025-04-10 07:10:00,3126.79,3128.24,3124.91,3125.95,247.0
2025-04-10 07:15:00,3125.94,3126.71,3124.45,3124.69,249.0
2025-04-10 07:20:00,3124.63,3126.5,3124.38,3126.05,254.0
2025-04-10 07:25:00,3126.05,3129.32,3126.04,3126.9,288.0
2025-04-10 07:30:00,3126.86,3126.86,3122.62,3123.47,247.0
2025-04-10 07:35:00,3123.46,3124.23,3122.19,3122.19,208.0
2025-04-10 07:40:00,3122.51,3123.57,3121.15,3122.24,215.0
2025-04-10 07:45:00,3122.45,3127.75,3122.29,3126.22,249.0
2025-04-10 07:50:00,3125.87,3127.65,3125.04,3126.83,265.0
2025-04-10 07:55:00,3126.87,3127.05,3124.22,3125.27,213.0
2025-04-10 08:00:00,3125.28,3131.22,3124.84,3130.22,298.0
2025-04-10 08:05:00,3130.22,3132.58,3129.2,3130.23,287.0
2025-04-10 08:10:00,3130.24,3130.25,3128.21,3129.7,253.0
2025-04-10 08:15:00,3129.71,3130.47,3127.66,3127.87,252.0
2025-04-10 08:20:00,3127.88,3128.29,3125.93,3127.48,215.0
2025-04-10 08:25:00,3127.49,3127.77,3125.02,3125.41,258.0
2025-04-10 08:30:00,3125.25,3125.53,3122.81,3123.13,250.0
2025-04-10 08:35:00,3123.27,3123.71,3117.21,3118.84,322.0
2025-04-10 08:40:00,3118.81,3119.09,3114.09,3115.48,312.0
2025-04-10 08:45:00,3115.51,3117.1,3112.78,3114.56,295.0
2025-04-10 08:50:00,3114.78,3120.62,3114.78,3119.87,330.0
2025-04-10 08:55:00,3119.9,3123.45,3119.9,3122.38,299.0
2025-04-10 09:00:00,3122.08,3124.68,3122.08,3123.78,350.0
2025-04-10 09:05:00,3123.79,3124.88,3121.81,3122.7,309.0
2025-04-10 09:10:00,3122.71,3126.26,3120.21,3125.67,352.0
2025-04-10 09:15:00,3125.45,3125.46,3120.83,3121.49,328.0
2025-04-10 09:20:00,3121.42,3123.11,3120.22,3121.84,334.0
2025-04-10 09:25:00,3121.85,3123.77,3121.18,3121.52,335.0
2025-04-10 09:30:00,3121.64,3122.35,3118.92,3120.06,363.0
2025-04-10 09:35:00,3119.8,3123.12,3119.8,3122.31,326.0
2025-04-10 09:40:00,3122.31,3122.57,3120.55,3121.07,341.0
2025-04-10 09:45:00,3121.02,3123.02,3120.44,3120.45,325.0
2025-04-10 09:50:00,3120.47,3121.67,3119.46,3120.05,319.0
2025-04-10 09:55:00,3120.0,3122.44,3119.54,3122.2,361.0
2025-04-10 10:00:00,3122.08,3122.56,3118.89,3120.19,360.0
2025-04-10 10:05:00,3120.1,3120.35,3116.89,3118.77,364.0
2025-04-10 10:10:00,3118.92,3119.46,3117.7,3118.59,337.0
2025-04-10 10:15:00,3118.59,3119.5,3116.82,3118.79,350.0
2025-04-10 10:20:00,3118.75,3123.41,3118.09,3122.75,356.0
2025-04-10 10:25:00,3122.72,3122.8,3116.91,3117.08,375.0
2025-04-10 10:30:00,3117.09,3117.12,3111.5,3111.81,396.0
2025-04-10 10:35:00,3111.76,3112.64,3106.59,3108.57,368.0
2025-04-10 10:40:00,3108.4,3114.25,3107.82,3111.95,386.0
2025-04-10 10:45:00,3111.98,3113.45,3111.04,3113.25,349.0
2025-04-10 10:50:00,3113.23,3115.89,3113.07,3115.18,347.0
2025-04-10 10:55:00,3115.2,3115.39,3108.54,3108.76,359.0
2025-04-10 11:00:00,3108.95,3115.54,3108.77,3115.26,396.0
2025-04-10 11:05:00,3115.19,3115.49,3109.72,3111.38,369.0
2025-04-10 11:10:00,3111.36,3112.2,3109.29,3110.92,331.0
2025-04-10 11:15:00,3110.91,3112.65,3110.36,3111.83,311.0
2025-04-10 11:20:00,3111.69,3115.48,3110.64,3114.89,315.0
2025-04-10 11:25:00,3114.86,3115.52,3112.27,3114.27,314.0
2025-04-10 11:30:00,3114.17,3114.17,3106.02,3107.94,347.0
2025-04-10 11:35:00,3108.01,3109.52,3104.84,3108.79,366.0
2025-04-10 11:40:00,3108.77,3112.8,3108.41,3111.86,325.0
2025-04-10 11:45:00,3112.02,3113.51,3110.6,3112.01,320.0
2025-04-10 11:50:00,3112.01,3112.13,3107.97,3108.04,296.0
2025-04-10 11:55:00,3107.84,3108.03,3104.77,3105.08,341.0
2025-04-10 12:00:00,3104.86,3107.61,3103.82,3104.92,348.0
2025-04-10 12:05:00,3104.94,3107.07,3103.99,3104.52,326.0
2025-04-10 12:10:00,3104.49,3107.57,3103.43,3106.83,317.0
2025-04-10 12:15:00,3106.89,3109.34,3106.61,3108.14,308.0
2025-04-10 12:20:00,3108.16,3109.41,3107.9,3109.41,306.0
2025-04-10 12:25:00,3109.41,3111.19,3108.72,3109.91,316.0
2025-04-10 12:30:00,3109.83,3110.33,3105.16,3106.74,340.0
2025-04-10 12:35:00,3106.78,3112.97,3106.45,3111.61,326.0
2025-04-10 12:40:00,3111.29,3112.36,3110.03,3111.25,309.0
2025-04-10 12:45:00,3111.29,3112.64,3110.05,3110.24,290.0
2025-04-10 12:50:00,3110.63,3113.7,3109.3,3113.32,315.0
2025-04-10 12:55:00,3113.45,3118.0,3113.28,3116.08,343.0
2025-04-10 13:00:00,3116.43,3118.48,3115.2,3117.33,330.0
2025-04-10 13:05:00,3117.41,3117.69,3114.34,3115.43,318.0
2025-04-10 13:10:00,3115.43,3118.55,3115.21,3118.44,310.0
2025-04-10 13:15:00,3118.45,3119.5,3115.99,3119.27,305.0
2025-04-10 13:20:00,3119.37,3120.65,3117.43,3119.46,308.0
2025-04-10 13:25:00,3119.45,3122.48,3118.9,3119.11,345.0
2025-04-10 13:30:00,3119.35,3119.49,3117.81,3119.03,357.0
2025-04-10 13:35:00,3118.96,3121.33,3116.84,3119.53,362.0
2025-04-10 13:40:00,3119.54,3119.54,3115.57,3116.48,340.0
2025-04-10 13:45:00,3116.34,3118.93,3115.57,3116.61,305.0
2025-04-10 13:50:00,3116.57,3119.1,3115.22,3119.06,323.0
2025-04-10 13:55:00,3119.05,3120.81,3118.8,3119.71,309.0
2025-04-10 14:00:00,3120.13,3120.82,3114.78,3115.97,358.0
2025-04-10 14:05:00,3116.0,3116.66,3113.13,3115.55,351.0
2025-04-10 14:10:00,3115.42,3116.17,3113.95,3115.92,334.0
2025-04-10 14:15:00,3115.92,3118.76,3114.76,3118.44,344.0
2025-04-10 14:20:00,3118.46,3118.89,3116.77,3117.52,316.0
2025-04-10 14:25:00,3117.58,3122.39,3117.58,3122.22,337.0
2025-04-10 14:30:00,3122.5,3124.87,3121.65,3121.86,376.0
2025-04-10 14:35:00,3121.84,3124.39,3120.88,3123.19,319.0
2025-04-10 14:40:00,3123.18,3124.41,3121.76,3122.11,318.0
2025-04-10 14:45:00,3122.14,3123.27,3120.44,3121.08,316.0
2025-04-10 14:50:00,3120.94,3121.54,3118.86,3121.4,333.0
2025-04-10 14:55:00,3121.34,3125.61,3120.22,3124.72,346.0
2025-04-10 15:00:00,3124.74,3125.34,3122.49,3125.34,329.0
2025-04-10 15:05:00,3125.22,3128.99,3122.84,3128.49,371.0
2025-04-10 15:10:00,3128.66,3128.79,3125.58,3125.88,384.0
2025-04-10 15:15:00,3125.91,3127.15,3124.14,3127.04,354.0
2025-04-10 15:20:00,3126.68,3128.34,3123.0,3125.55,391.0
2025-04-10 15:25:00,3125.83,3128.64,3125.43,3126.2,318.0
2025-04-10 15:30:00,3126.26,3133.96,3124.02,3124.9,415.0
2025-04-10 15:35:00,3124.87,3125.06,3116.76,3117.18,429.0
2025-04-10 15:40:00,3117.03,3125.26,3116.4,3124.67,418.0
2025-04-10 15:45:00,3124.53,3130.28,3123.36,3129.14,395.0
2025-04-10 15:50:00,3129.47,3131.08,3124.66,3124.8,409.0
2025-04-10 15:55:00,3125.04,3125.33,3120.78,3123.03,382.0
2025-04-10 16:00:00,3123.26,3126.85,3121.3,3123.08,400.0
2025-04-10 16:05:00,3123.33,3126.78,3123.33,3125.82,387.0
2025-04-10 16:10:00,3125.8,3127.47,3124.78,3125.63,399.0
2025-04-10 16:15:00,3125.85,3130.14,3125.85,3129.86,402.0
2025-04-10 16:20:00,3129.99,3136.54,3129.43,3134.85,404.0
2025-04-10 16:25:00,3134.87,3135.99,3130.9,3132.65,381.0
2025-04-10 16:30:00,3132.98,3132.98,3119.48,3121.19,443.0
2025-04-10 16:35:00,3121.25,3127.6,3120.49,3123.31,429.0
2025-04-10 16:40:00,3123.24,3124.03,3120.0,3122.13,437.0
2025-04-10 16:45:00,3121.7,3126.88,3121.39,3124.68,398.0
2025-04-10 16:50:00,3124.06,3127.49,3122.82,3124.26,423.0
2025-04-10 16:55:00,3124.17,3124.72,3116.14,3116.94,431.0
2025-04-10 17:00:00,3117.01,3135.23,3116.81,3134.86,443.0
2025-04-10 17:05:00,3134.9,3142.76,3134.9,3142.23,433.0
2025-04-10 17:10:00,3142.83,3145.04,3139.04,3142.95,412.0
2025-04-10 17:15:00,3142.94,3145.51,3141.15,3143.96,394.0
2025-04-10 17:20:00,3144.46,3148.48,3144.28,3148.45,393.0
2025-04-10 17:25:00,3148.54,3149.28,3143.78,3144.6,405.0
2025-04-10 17:30:00,3144.24,3148.84,3144.16,3146.45,409.0
2025-04-10 17:35:00,3147.1,3152.52,3145.27,3151.74,410.0
2025-04-10 17:40:00,3151.78,3152.64,3148.82,3151.09,375.0
2025-04-10 17:45:00,3151.11,3151.14,3145.08,3149.54,368.0
2025-04-10 17:50:00,3149.63,3153.04,3148.03,3151.63,357.0
2025-04-10 17:55:00,3151.73,3154.87,3148.56,3154.52,358.0
2025-04-10 18:00:00,3154.59,3159.72,3154.59,3159.6,388.0
2025-04-10 18:05:00,3159.62,3159.69,3156.6,3157.51,377.0
2025-04-10 18:10:00,3157.6,3159.72,3156.62,3159.44,350.0
2025-04-10 18:15:00,3159.29,3165.82,3158.78,3163.59,390.0
2025-04-10 18:20:00,3163.83,3165.15,3162.23,3164.77,348.0
2025-04-10 18:25:00,3164.75,3170.74,3164.75,3170.72,362.0
2025-04-10 18:30:00,3170.3,3172.02,3162.56,3165.14,386.0
2025-04-10 18:35:00,3165.75,3174.52,3165.75,3174.52,382.0
2025-04-10 18:40:00,3174.49,3174.95,3166.48,3168.12,389.0
2025-04-10 18:45:00,3167.62,3169.05,3164.57,3166.48,383.0
2025-04-10 18:50:00,3166.53,3169.12,3164.62,3166.45,381.0
2025-04-10 18:55:00,3166.76,3166.94,3154.81,3157.9,401.0
2025-04-10 19:00:00,3157.99,3160.51,3154.79,3160.13,389.0
2025-04-10 19:05:00,3160.47,3161.07,3156.07,3156.59,385.0
2025-04-10 19:10:00,3156.62,3159.91,3154.15,3159.88,400.0
2025-04-10 19:15:00,3159.96,3161.27,3156.25,3157.15,363.0
2025-04-10 19:20:00,3157.17,3162.01,3157.17,3162.01,363.0
2025-04-10 19:25:00,3162.21,3165.22,3159.42,3162.66,385.0
2025-04-10 19:30:00,3162.58,3165.63,3160.26,3163.35,393.0
2025-04-10 19:35:00,3162.96,3167.27,3161.76,3162.67,378.0
2025-04-10 19:40:00,3162.72,3165.6,3162.34,3164.79,356.0
2025-04-10 19:45:00,3164.65,3166.38,3162.94,3165.62,364.0
2025-04-10 19:50:00,3165.56,3166.32,3161.93,3161.93,363.0
2025-04-10 19:55:00,3161.97,3162.82,3158.32,3158.6,363.0
2025-04-10 20:00:00,3158.53,3158.94,3156.09,3156.71,345.0
2025-04-10 20:05:00,3156.56,3157.22,3151.58,3153.73,370.0
2025-04-10 20:10:00,3153.7,3158.01,3152.86,3157.6,362.0
2025-04-10 20:15:00,3157.63,3161.68,3156.8,3160.15,345.0
2025-04-10 20:20:00,3160.08,3163.67,3159.17,3160.89,358.0
2025-04-10 20:25:00,3160.52,3162.88,3159.21,3160.08,352.0
2025-04-10 20:30:00,3160.49,3162.77,3158.41,3162.11,347.0
2025-04-10 20:35:00,3162.09,3164.65,3161.61,3162.18,328.0
2025-04-10 20:40:00,3162.19,3165.43,3161.9,3163.7,303.0
2025-04-10 20:45:00,3163.45,3164.45,3160.8,3163.16,320.0
2025-04-10 20:50:00,3163.14,3164.65,3160.31,3160.8,342.0
2025-04-10 20:55:00,3160.76,3162.97,3159.75,3162.68,321.0
2025-04-10 21:00:00,3162.69,3164.02,3161.13,3163.1,310.0
2025-04-10 21:05:00,3163.09,3163.09,3160.07,3160.49,335.0
2025-04-10 21:10:00,3160.49,3161.64,3158.15,3158.46,336.0
2025-04-10 21:15:00,3158.4,3161.64,3158.29,3160.81,357.0
2025-04-10 21:20:00,3160.82,3165.5,3160.77,3164.15,329.0
2025-04-10 21:25:00,3164.16,3166.77,3163.66,3164.86,339.0
2025-04-10 21:30:00,3164.97,3170.26,3164.23,3169.12,344.0
2025-04-10 21:35:00,3169.14,3171.64,3168.75,3171.5,329.0
2025-04-10 21:40:00,3171.47,3174.16,3170.97,3174.03,331.0
2025-04-10 21:45:00,3174.04,3174.97,3172.85,3174.57,330.0
2025-04-10 21:50:00,3174.62,3175.55,3171.32,3172.56,350.0
2025-04-10 21:55:00,3172.74,3174.74,3171.63,3173.42,340.0
2025-04-10 22:00:00,3173.4,3175.84,3172.64,3175.81,349.0
2025-04-10 22:05:00,3175.81,3175.81,3168.02,3169.68,355.0
2025-04-10 22:10:00,3169.9,3172.38,3169.84,3170.41,301.0
2025-04-10 22:15:00,3170.41,3172.03,3168.49,3171.9,322.0
2025-04-10 22:20:00,3171.9,3173.05,3171.31,3172.78,306.0
2025-04-10 22:25:00,3172.76,3174.09,3171.34,3171.57,295.0
2025-04-10 22:30:00,3171.59,3175.75,3170.2,3175.7,322.0
2025-04-10 22:35:00,3175.74,3175.98,3171.39,3171.78,301.0
2025-04-10 22:40:00,3171.64,3174.86,3171.44,3174.09,312.0
2025-04-10 22:45:00,3174.13,3176.1,3173.43,3174.85,305.0
2025-04-10 22:50:00,3174.83,3176.41,3173.62,3176.26,319.0
2025-04-10 22:55:00,3176.02,3176.02,3170.23,3170.85,334.0
2025-04-10 23:00:00,3170.84,3174.53,3170.42,3173.15,225.0
2025-04-10 23:05:00,3173.03,3176.45,3171.89,3176.24,195.0
2025-04-10 23:10:00,3176.24,3176.4,3173.17,3174.39,195.0
2025-04-10 23:15:00,3174.35,3174.59,3173.02,3173.77,144.0
2025-04-10 23:20:00,3173.77,3173.9,3172.39,3173.18,125.0
2025-04-10 23:25:00,3173.13,3173.26,3170.11,3170.2,169.0
2025-04-10 23:30:00,3170.24,3172.44,3169.91,3170.95,188.0
2025-04-10 23:35:00,3170.96,3172.2,3168.53,3168.6,183.0
2025-04-10 23:40:00,3168.46,3172.65,3168.43,3172.65,154.0
2025-04-10 23:45:00,3172.66,3173.33,3171.39,3172.84,150.0
2025-04-10 23:50:00,3172.97,3174.88,3172.62,3174.81,155.0
2025-04-10 23:55:00,3174.7,3175.98,3174.46,3175.39,116.0
2025-04-11 01:00:00,3176.0,3180.02,3176.0,3179.54,337.0
2025-04-11 01:05:00,3179.54,3179.8,3177.21,3179.71,179.0
2025-04-11 01:10:00,3179.7,3179.85,3178.74,3179.72,176.0
2025-04-11 01:15:00,3179.7,3179.71,3177.65,3178.2,228.0
2025-04-11 01:20:00,3178.12,3180.77,3178.11,3180.02,218.0
2025-04-11 01:25:00,3179.93,3180.45,3178.54,3179.47,208.0
2025-04-11 01:30:00,3179.45,3188.58,3177.93,3183.15,356.0
2025-04-11 01:35:00,3183.05,3186.03,3182.16,3185.06,327.0
2025-04-11 01:40:00,3184.85,3187.52,3184.2,3187.1,303.0
2025-04-11 01:45:00,3187.06,3190.1,3186.97,3188.57,373.0
2025-04-11 01:50:00,3188.6,3189.16,3183.32,3185.57,345.0
2025-04-11 01:55:00,3185.57,3188.93,3183.77,3188.77,332.0
2025-04-11 02:00:00,3188.78,3190.44,3188.42,3189.94,330.0
2025-04-11 02:05:00,3189.81,3189.82,3188.37,3189.19,225.0
2025-04-11 02:10:00,3189.03,3189.64,3183.6,3183.73,329.0
2025-04-11 02:15:00,3183.69,3184.62,3183.11,3184.45,277.0
2025-04-11 02:20:00,3184.44,3187.51,3183.95,3184.59,294.0
2025-04-11 02:25:00,3184.57,3188.39,3184.07,3188.32,284.0
2025-04-11 02:30:00,3188.35,3188.47,3185.54,3185.92,328.0
2025-04-11 02:35:00,3186.0,3189.49,3185.65,3187.92,309.0
2025-04-11 02:40:00,3187.84,3189.52,3187.56,3189.24,322.0
2025-04-11 02:45:00,3189.37,3189.37,3187.3,3188.74,298.0
2025-04-11 02:50:00,3188.74,3190.76,3188.58,3190.1,359.0
2025-04-11 02:55:00,3190.12,3191.26,3188.89,3188.95,387.0
2025-04-11 03:00:00,3188.92,3189.93,3186.67,3186.81,444.0
2025-04-11 03:05:00,3186.81,3187.31,3184.99,3185.78,418.0
2025-04-11 03:10:00,3185.62,3190.46,3185.6,3190.02,384.0
2025-04-11 03:15:00,3190.02,3191.37,3188.7,3191.12,366.0
2025-04-11 03:20:00,3191.13,3198.92,3190.3,3198.87,464.0
2025-04-11 03:25:00,3198.93,3199.9,3192.76,3194.82,464.0
2025-04-11 03:30:00,3194.75,3201.65,3194.75,3201.32,499.0
2025-04-11 03:35:00,3201.35,3207.4,3201.35,3206.31,508.0
2025-04-11 03:40:00,3206.63,3217.75,3206.02,3212.69,504.0
2025-04-11 03:45:00,3212.52,3215.63,3206.82,3210.09,496.0
2025-04-11 03:50:00,3210.26,3210.26,3203.4,3205.06,470.0
2025-04-11 03:55:00,3205.25,3210.32,3204.45,3205.51,456.0
2025-04-11 04:00:00,3205.08,3216.01,3205.08,3214.94,521.0
2025-04-11 04:05:00,3214.63,3219.37,3210.41,3210.84,520.0
2025-04-11 04:10:00,3210.51,3215.19,3208.37,3210.38,474.0
2025-04-11 04:15:00,3210.64,3211.94,3201.05,3207.47,516.0
2025-04-11 04:20:00,3207.84,3209.96,3202.71,3208.59,480.0
2025-04-11 04:25:00,3208.6,3212.55,3208.49,3210.76,472.0
2025-04-11 04:30:00,3210.59,3212.98,3207.95,3210.13,484.0
2025-04-11 04:35:00,3210.04,3214.33,3208.11,3209.43,488.0
2025-04-11 04:40:00,3209.43,3216.07,3208.37,3214.8,460.0
2025-04-11 04:45:00,3214.65,3216.23,3211.83,3215.82,483.0
2025-04-11 04:50:00,3215.73,3216.01,3210.06,3210.12,452.0
2025-04-11 04:55:00,3210.08,3210.21,3205.52,3207.03,464.0
2025-04-11 05:00:00,3206.99,3213.28,3205.97,3211.52,449.0
2025-04-11 05:05:00,3211.5,3214.72,3210.99,3213.99,407.0
2025-04-11 05:10:00,3214.05,3217.49,3211.9,3216.38,442.0
2025-04-11 05:15:00,3216.47,3219.41,3216.47,3217.46,422.0
2025-04-11 05:20:00,3217.51,3219.46,3217.51,3218.48,387.0
2025-04-11 05:25:00,3218.51,3219.65,3213.96,3216.01,417.0
2025-04-11 05:30:00,3216.15,3219.79,3215.69,3216.32,442.0
2025-04-11 05:35:00,3216.35,3217.66,3216.25,3216.35,401.0
2025-04-11 05:40:00,3216.56,3217.3,3214.83,3216.96,417.0
2025-04-11 05:45:00,3216.99,3219.03,3214.99,3218.63,426.0
2025-04-11 05:50:00,3218.61,3219.68,3217.06,3217.96,413.0
2025-04-11 05:55:00,3217.89,3218.17,3214.86,3217.44,415.0
2025-04-11 06:00:00,3217.35,3219.31,3214.32,3214.95,444.0
2025-04-11 06:05:00,3214.85,3219.64,3214.16,3218.17,374.0
2025-04-11 06:10:00,3218.17,3218.64,3215.47,3216.41,399.0
2025-04-11 06:15:00,3216.46,3218.68,3216.27,3216.8,395.0
2025-04-11 06:20:00,3216.84,3218.4,3214.96,3218.31,410.0
2025-04-11 06:25:00,3218.25,3219.76,3217.32,3219.03,434.0
2025-04-11 06:30:00,3218.95,3220.18,3218.55,3218.64,410.0
2025-04-11 06:35:00,3218.61,3218.77,3215.14,3216.62,379.0
2025-04-11 06:40:00,3216.49,3217.81,3215.15,3216.04,383.0
2025-04-11 06:45:00,3216.17,3218.29,3214.77,3218.07,391.0
2025-04-11 06:50:00,3218.03,3218.88,3217.53,3217.57,340.0
2025-04-11 06:55:00,3217.56,3217.89,3216.3,3217.77,349.0
2025-04-11 07:00:00,3217.77,3218.13,3216.53,3216.65,304.0
2025-04-11 07:05:00,3216.72,3216.93,3214.63,3216.9,408.0
2025-04-11 07:10:00,3216.82,3216.95,3215.54,3216.21,355.0
2025-04-11 07:15:00,3216.22,3216.3,3210.85,3212.04,391.0
2025-04-11 07:20:00,3212.02,3215.14,3211.52,3214.56,350.0
2025-04-11 07:25:00,3214.56,3217.02,3214.31,3216.17,320.0
2025-04-11 07:30:00,3216.16,3217.2,3215.12,3215.28,276.0
2025-04-11 07:35:00,3215.26,3215.6,3212.65,3212.72,345.0
2025-04-11 07:40:00,3212.72,3215.35,3212.43,3214.08,316.0
2025-04-11 07:45:00,3213.99,3213.99,3211.17,3211.85,368.0
2025-04-11 07:50:00,3211.86,3212.59,3210.09,3210.38,346.0
2025-04-11 07:55:00,3210.59,3211.61,3208.47,3208.52,356.0
2025-04-11 08:00:00,3208.53,3209.64,3206.61,3206.76,390.0
2025-04-11 08:05:00,3206.6,3208.85,3205.86,3207.54,385.0
2025-04-11 08:10:00,3207.53,3209.14,3204.07,3208.61,413.0
2025-04-11 08:15:00,3208.63,3216.02,3208.16,3215.64,451.0
2025-04-11 08:20:00,3215.55,3216.28,3213.71,3215.67,382.0
2025-04-11 08:25:00,3215.7,3218.66,3214.95,3217.0,377.0
2025-04-11 08:30:00,3217.01,3219.24,3212.69,3213.03,452.0
2025-04-11 08:35:00,3212.99,3213.67,3206.79,3207.56,492.0
2025-04-11 08:40:00,3207.62,3207.62,3189.0,3189.2,544.0
2025-04-11 08:45:00,3189.42,3195.38,3187.15,3191.24,531.0
2025-04-11 08:50:00,3191.2,3196.02,3188.61,3191.06,492.0
2025-04-11 08:55:00,3191.03,3196.15,3190.54,3195.64,428.0
2025-04-11 09:00:00,3195.97,3202.04,3193.32,3195.65,462.0
2025-04-11 09:05:00,3195.86,3197.73,3190.27,3196.78,509.0
2025-04-11 09:10:00,3196.64,3199.19,3194.32,3195.05,479.0
2025-04-11 09:15:00,3194.89,3196.75,3192.66,3196.14,465.0
2025-04-11 09:20:00,3196.33,3200.28,3195.29,3197.31,433.0
2025-04-11 09:25:00,3197.15,3203.53,3196.95,3202.69,465.0
2025-04-11 09:30:00,3202.58,3205.09,3200.02,3200.65,452.0
2025-04-11 09:35:00,3200.55,3207.52,3199.82,3206.52,439.0
2025-04-11 09:40:00,3206.54,3209.47,3204.19,3206.47,443.0
2025-04-11 09:45:00,3206.4,3207.49,3201.01,3201.01,458.0
2025-04-11 09:50:00,3201.12,3202.98,3197.45,3200.27,474.0
2025-04-11 09:55:00,3200.31,3200.31,3194.91,3197.13,432.0
2025-04-11 10:00:00,3197.03,3207.51,3194.05,3207.04,457.0
2025-04-11 10:05:00,3206.8,3211.99,3206.8,3208.24,462.0
2025-04-11 10:10:00,3208.15,3213.14,3207.92,3211.69,443.0
2025-04-11 10:15:00,3211.71,3212.89,3203.98,3204.87,429.0
2025-04-11 10:20:00,3204.81,3207.45,3202.74,3207.05,372.0
2025-04-11 10:25:00,3206.82,3209.01,3205.21,3205.75,381.0
2025-04-11 10:30:00,3205.9,3208.76,3205.12,3207.79,384.0
2025-04-11 10:35:00,3207.54,3212.25,3207.4,3210.28,447.0
2025-04-11 10:40:00,3210.29,3210.32,3207.24,3208.93,427.0
2025-04-11 10:45:00,3208.76,3209.2,3204.57,3207.45,426.0
2025-04-11 10:50:00,3207.45,3209.41,3206.52,3208.68,386.0
2025-04-11 10:55:00,3208.81,3212.61,3207.26,3212.43,426.0
2025-04-11 11:00:00,3212.49,3215.79,3208.46,3209.93,516.0
2025-04-11 11:05:00,3209.6,3216.3,3209.6,3214.7,468.0
2025-04-11 11:10:00,3214.8,3219.52,3214.39,3217.99,464.0
2025-04-11 11:15:00,3217.77,3219.41,3215.82,3219.24,442.0
2025-04-11 11:20:00,3219.23,3227.4,3218.72,3223.23,503.0
2025-04-11 11:25:00,3223.11,3223.38,3217.91,3219.22,423.0
2025-04-11 11:30:00,3219.2,3219.76,3215.98,3215.98,378.0
2025-04-11 11:35:00,3215.94,3219.99,3215.06,3219.01,400.0
2025-04-11 11:40:00,3219.0,3219.01,3213.5,3217.77,410.0
2025-04-11 11:45:00,3217.99,3224.68,3217.14,3220.41,418.0
2025-04-11 11:50:00,3220.36,3224.32,3218.02,3218.68,398.0
2025-04-11 11:55:00,3218.72,3220.93,3215.72,3216.01,413.0
2025-04-11 12:00:00,3216.0,3218.86,3214.66,3216.06,415.0
2025-04-11 12:05:00,3216.18,3218.91,3215.1,3217.57,404.0
2025-04-11 12:10:00,3217.45,3219.73,3216.57,3218.54,372.0
2025-04-11 12:15:00,3218.69,3218.95,3213.31,3216.75,394.0
2025-04-11 12:20:00,3216.86,3217.65,3215.0,3217.11,382.0
2025-04-11 12:25:00,3217.12,3219.81,3214.55,3215.02,397.0
2025-04-11 12:30:00,3215.18,3216.35,3212.07,3216.24,393.0
2025-04-11 12:35:00,3216.34,3222.25,3216.21,3221.74,399.0
2025-04-11 12:40:00,3220.98,3223.84,3219.7,3222.28,380.0
2025-04-11 12:45:00,3222.24,3227.51,3221.89,3226.61,370.0
2025-04-11 12:50:00,3226.6,3229.71,3226.4,3229.55,422.0
2025-04-11 12:55:00,3229.65,3230.11,3227.06,3227.73,395.0
2025-04-11 13:00:00,3227.68,3229.93,3225.43,3226.86,442.0
2025-04-11 13:05:00,3226.32,3229.89,3226.16,3229.84,406.0
2025-04-11 13:10:00,3229.89,3237.82,3228.9,3234.89,440.0
2025-04-11 13:15:00,3234.92,3235.33,3228.27,3228.66,398.0
2025-04-11 13:20:00,3228.66,3230.03,3226.35,3229.1,371.0
2025-04-11 13:25:00,3228.95,3229.96,3225.27,3228.07,360.0
2025-04-11 13:30:00,3228.09,3228.17,3224.62,3224.98,354.0
2025-04-11 13:35:00,3224.97,3225.02,3223.24,3224.26,343.0
2025-04-11 13:40:00,3224.28,3224.53,3214.99,3215.64,406.0
2025-04-11 13:45:00,3215.67,3217.25,3212.4,3216.03,446.0
2025-04-11 13:50:00,3215.85,3216.36,3210.11,3211.71,455.0
2025-04-11 13:55:00,3211.5,3213.28,3210.48,3212.59,405.0
2025-04-11 14:00:00,3212.97,3219.08,3212.1,3217.22,428.0
2025-04-11 14:05:00,3217.11,3222.49,3216.13,3221.45,395.0
2025-04-11 14:10:00,3221.28,3224.69,3219.51,3221.09,385.0
2025-04-11 14:15:00,3221.11,3221.97,3217.03,3221.97,380.0
2025-04-11 14:20:00,3222.01,3223.85,3218.85,3220.4,365.0
2025-04-11 14:25:00,3220.23,3221.14,3217.51,3220.82,377.0
2025-04-11 14:30:00,3220.74,3220.8,3216.66,3218.54,369.0
2025-04-11 14:35:00,3218.58,3219.79,3214.93,3215.47,354.0
2025-04-11 14:40:00,3215.54,3220.4,3213.26,3213.91,386.0
2025-04-11 14:45:00,3214.14,3216.05,3212.78,3214.41,377.0
2025-04-11 14:50:00,3214.56,3215.8,3211.52,3215.77,385.0
2025-04-11 14:55:00,3215.89,3217.66,3212.39,3213.89,405.0
2025-04-11 15:00:00,3213.94,3218.48,3211.16,3218.26,453.0
2025-04-11 15:05:00,3218.09,3220.48,3216.77,3218.13,450.0
2025-04-11 15:10:00,3218.15,3219.29,3216.05,3218.78,435.0
2025-04-11 15:15:00,3218.45,3220.29,3215.39,3218.18,443.0
2025-04-11 15:20:00,3218.79,3220.52,3215.92,3217.78,506.0
2025-04-11 15:25:00,3218.01,3226.28,3217.8,3224.96,462.0
2025-04-11 15:30:00,3225.03,3230.16,3224.97,3226.96,492.0
2025-04-11 15:35:00,3226.89,3229.25,3224.55,3226.9,475.0
2025-04-11 15:40:00,3226.88,3229.49,3225.74,3226.45,449.0
2025-04-11 15:45:00,3226.46,3227.07,3223.71,3226.45,466.0
2025-04-11 15:50:00,3226.4,3229.93,3225.77,3229.54,451.0
2025-04-11 15:55:00,3229.64,3234.01,3228.94,3233.58,452.0
2025-04-11 16:00:00,3233.63,3235.31,3229.17,3231.11,501.0
2025-04-11 16:05:00,3231.11,3235.46,3231.11,3235.17,466.0
2025-04-11 16:10:00,3235.09,3236.88,3231.73,3233.45,480.0
2025-04-11 16:15:00,3233.67,3236.23,3228.84,3229.36,463.0
2025-04-11 16:20:00,3229.47,3230.85,3227.65,3228.61,456.0
2025-04-11 16:25:00,3228.6,3232.52,3227.98,3230.23,453.0
2025-04-11 16:30:00,3230.99,3244.05,3230.53,3240.19,530.0
2025-04-11 16:35:00,3240.32,3241.97,3232.37,3233.19,528.0
2025-04-11 16:40:00,3233.16,3240.63,3232.32,3240.51,519.0
2025-04-11 16:45:00,3240.46,3240.5,3226.59,3230.06,531.0
2025-04-11 16:50:00,3230.05,3231.7,3224.56,3225.58,524.0
2025-04-11 16:55:00,3225.72,3225.83,3219.6,3224.12,465.0
2025-04-11 17:00:00,3223.61,3232.77,3222.76,3226.17,526.0
2025-04-11 17:05:00,3226.71,3233.72,3225.42,3232.11,513.0
2025-04-11 17:10:00,3232.66,3234.65,3231.11,3232.9,497.0
2025-04-11 17:15:00,3232.85,3235.8,3231.54,3235.8,476.0
2025-04-11 17:20:00,3235.56,3237.84,3227.51,3227.54,510.0
2025-04-11 17:25:00,3227.55,3229.45,3225.25,3228.01,518.0
2025-04-11 17:30:00,3228.15,3232.91,3227.22,3230.12,508.0
2025-04-11 17:35:00,3230.32,3231.25,3223.03,3224.17,518.0
2025-04-11 17:40:00,3224.15,3230.96,3224.15,3230.52,494.0
2025-04-11 17:45:00,3230.58,3232.69,3228.46,3230.27,461.0
2025-04-11 17:50:00,3230.22,3230.53,3227.14,3228.73,494.0
2025-04-11 17:55:00,3228.67,3231.31,3227.88,3230.19,469.0
2025-04-11 18:00:00,3230.08,3235.36,3229.46,3234.7,496.0
2025-04-11 18:05:00,3234.73,3235.96,3232.48,3235.45,483.0
2025-04-11 18:10:00,3235.46,3239.02,3233.46,3236.68,469.0
2025-04-11 18:15:00,3236.56,3237.36,3234.83,3236.93,468.0
2025-04-11 18:20:00,3236.82,3239.98,3235.14,3239.29,469.0
2025-04-11 18:25:00,3239.28,3240.31,3238.59,3239.24,448.0
2025-04-11 18:30:00,3239.26,3239.53,3237.9,3239.15,406.0
2025-04-11 18:35:00,3239.13,3239.45,3235.3,3237.99,449.0
2025-04-11 18:40:00,3238.13,3239.04,3235.74,3236.89,437.0
2025-04-11 18:45:00,3236.88,3240.26,3236.81,3240.04,441.0
2025-04-11 18:50:00,3240.06,3241.95,3239.34,3241.43,416.0
2025-04-11 18:55:00,3241.22,3241.36,3239.68,3240.55,451.0
2025-04-11 19:00:00,3240.63,3241.75,3239.23,3240.96,435.0
2025-04-11 19:05:00,3241.0,3245.36,3241.0,3241.75,431.0
2025-04-11 19:10:00,3241.84,3244.48,3241.81,3243.51,413.0
2025-04-11 19:15:00,3243.53,3243.73,3239.74,3241.43,421.0
2025-04-11 19:20:00,3241.43,3244.15,3239.98,3240.1,442.0
2025-04-11 19:25:00,3240.12,3240.12,3233.14,3234.46,441.0
2025-04-11 19:30:00,3234.45,3236.69,3233.59,3234.11,448.0
2025-04-11 19:35:00,3233.93,3234.38,3230.33,3230.33,413.0
2025-04-11 19:40:00,3230.26,3232.02,3229.04,3231.31,445.0
2025-04-11 19:45:00,3231.27,3233.64,3226.99,3227.32,455.0
2025-04-11 19:50:00,3227.28,3227.28,3221.35,3222.73,484.0
2025-04-11 19:55:00,3222.68,3224.5,3219.45,3223.3,487.0
2025-04-11 20:00:00,3223.81,3229.48,3223.81,3229.48,469.0
2025-04-11 20:05:00,3229.56,3231.46,3229.08,3230.1,444.0
2025-04-11 20:10:00,3229.97,3231.2,3224.51,3225.58,444.0
2025-04-11 20:15:00,3225.42,3228.15,3224.57,3225.6,423.0
2025-04-11 20:20:00,3225.67,3228.99,3223.79,3226.5,447.0
2025-04-11 20:25:00,3226.58,3228.03,3224.42,3227.2,450.0
2025-04-11 20:30:00,3227.48,3234.13,3227.07,3234.11,447.0
2025-04-11 20:35:00,3234.23,3235.42,3232.75,3234.91,432.0
2025-04-11 20:40:00,3234.84,3235.11,3231.25,3231.9,448.0
2025-04-11 20:45:00,3231.9,3234.38,3231.46,3232.73,423.0
2025-04-11 20:50:00,3232.74,3233.76,3232.04,3232.36,453.0
2025-04-11 20:55:00,3232.18,3233.96,3231.54,3233.96,442.0
2025-04-11 21:00:00,3234.18,3237.06,3232.73,3237.06,406.0
2025-04-11 21:05:00,3237.05,3237.23,3232.92,3233.23,444.0
2025-04-11 21:10:00,3233.33,3235.55,3233.24,3233.4,434.0
2025-04-11 21:15:00,3233.38,3233.52,3231.22,3233.22,418.0
2025-04-11 21:20:00,3233.31,3234.88,3233.24,3234.74,422.0
2025-04-11 21:25:00,3234.71,3236.57,3233.92,3236.32,415.0
2025-04-11 21:30:00,3236.28,3237.62,3236.08,3236.86,406.0
2025-04-11 21:35:00,3236.85,3238.34,3236.24,3237.23,396.0
2025-04-11 21:40:00,3237.4,3237.46,3235.09,3235.82,425.0
2025-04-11 21:45:00,3235.85,3236.25,3234.9,3235.73,381.0
2025-04-11 21:50:00,3235.68,3236.04,3233.66,3234.66,384.0
2025-04-11 21:55:00,3234.67,3236.78,3234.58,3235.88,394.0
2025-04-11 22:00:00,3235.76,3235.77,3233.21,3235.64,423.0
2025-04-11 22:05:00,3235.64,3235.72,3231.21,3231.84,436.0
2025-04-11 22:10:00,3231.84,3232.4,3229.92,3230.65,405.0
2025-04-11 22:15:00,3230.7,3230.89,3227.56,3228.89,409.0
2025-04-11 22:20:00,3228.95,3229.7,3227.9,3228.2,429.0
2025-04-11 22:25:00,3228.22,3231.79,3228.16,3231.35,417.0
2025-04-11 22:30:00,3231.39,3231.43,3229.53,3230.37,409.0
2025-04-11 22:35:00,3230.39,3230.39,3227.98,3227.98,407.0
2025-04-11 22:40:00,3228.02,3230.33,3227.84,3230.12,416.0
2025-04-11 22:45:00,3230.07,3230.61,3228.58,3230.61,355.0
2025-04-11 22:50:00,3230.62,3232.13,3230.02,3231.43,371.0
2025-04-11 22:55:00,3231.49,3232.08,3229.47,3230.98,376.0
2025-04-11 23:00:00,3231.01,3233.16,3230.92,3232.73,236.0
2025-04-11 23:05:00,3232.6,3236.93,3232.26,3236.71,255.0
2025-04-11 23:10:00,3236.71,3236.92,3234.24,3235.98,184.0
2025-04-11 23:15:00,3235.99,3236.32,3235.05,3235.34,129.0
2025-04-11 23:20:00,3235.35,3235.53,3233.4,3235.33,178.0
2025-04-11 23:25:00,3235.32,3235.39,3233.96,3234.65,143.0
2025-04-11 23:30:00,3234.52,3236.29,3234.21,3235.83,168.0
2025-04-11 23:35:00,3235.9,3237.04,3235.46,3237.04,109.0
2025-04-11 23:40:00,3236.94,3237.4,3235.65,3236.02,159.0
2025-04-11 23:45:00,3236.01,3236.01,3234.76,3234.85,193.0
2025-04-11 23:50:00,3234.78,3238.12,3233.95,3237.92,189.0
2025-04-11 23:55:00,3237.76,3238.3,3237.53,3237.53,73.0
2025-04-14 01:00:00,3228.31,3228.34,3210.24,3221.94,924.0
2025-04-14 01:05:00,3221.12,3223.12,3215.48,3221.25,312.0
2025-04-14 01:10:00,3221.2,3224.81,3220.33,3220.33,259.0
2025-04-14 01:15:00,3220.12,3221.83,3213.71,3221.57,310.0
2025-04-14 01:20:00,3221.61,3223.34,3218.81,3219.1,338.0
2025-04-14 01:25:00,3219.01,3220.19,3217.51,3219.06,339.0
2025-04-14 01:30:00,3219.05,3223.4,3218.99,3220.41,385.0
2025-04-14 01:35:00,3220.45,3221.77,3217.36,3219.97,350.0
2025-04-14 01:40:00,3220.08,3221.72,3219.8,3220.62,316.0
2025-04-14 01:45:00,3220.61,3222.74,3220.39,3222.61,276.0
2025-04-14 01:50:00,3222.61,3223.44,3221.6,3222.41,289.0
2025-04-14 01:55:00,3222.42,3223.96,3220.77,3221.37,322.0
2025-04-14 02:00:00,3221.43,3222.64,3216.88,3218.28,373.0
2025-04-14 02:05:00,3218.26,3220.65,3217.71,3220.38,326.0
2025-04-14 02:10:00,3220.38,3221.86,3218.76,3219.65,330.0
2025-04-14 02:15:00,3219.66,3222.08,3217.62,3219.0,343.0
2025-04-14 02:20:00,3219.11,3220.27,3217.2,3218.96,264.0
2025-04-14 02:25:00,3218.91,3219.79,3218.11,3218.49,248.0
2025-04-14 02:30:00,3218.45,3221.27,3218.05,3220.21,297.0
2025-04-14 02:35:00,3220.12,3220.48,3218.33,3219.4,251.0
2025-04-14 02:40:00,3219.42,3220.03,3218.31,3219.7,246.0
2025-04-14 02:45:00,3219.66,3221.84,3218.61,3221.84,355.0
2025-04-14 02:50:00,3221.75,3222.3,3219.56,3220.65,310.0
2025-04-14 02:55:00,3220.65,3224.43,3219.52,3223.73,360.0
2025-04-14 03:00:00,3223.75,3224.75,3220.88,3221.35,414.0
2025-04-14 03:05:00,3221.41,3224.04,3221.41,3223.36,370.0
2025-04-14 03:10:00,3223.47,3224.9,3221.51,3222.73,353.0
2025-04-14 03:15:00,3222.69,3224.95,3221.81,3224.65,306.0
2025-04-14 03:20:00,3224.43,3227.24,3223.82,3224.47,355.0
2025-04-14 03:25:00,3224.48,3225.08,3223.28,3224.03,307.0
2025-04-14 03:30:00,3224.0,3226.53,3222.92,3223.98,309.0
2025-04-14 03:35:00,3223.98,3224.81,3222.72,3223.81,309.0
2025-04-14 03:40:00,3223.78,3223.99,3220.4,3220.74,341.0
2025-04-14 03:45:00,3220.62,3221.67,3219.22,3221.25,307.0
2025-04-14 03:50:00,3221.24,3222.76,3221.2,3222.51,299.0
2025-04-14 03:55:00,3222.49,3222.92,3220.68,3220.97,374.0
2025-04-14 04:00:00,3220.99,3222.46,3215.41,3216.31,508.0
2025-04-14 04:05:00,3216.41,3220.48,3216.04,3219.83,460.0
2025-04-14 04:10:00,3219.83,3223.27,3219.27,3220.77,427.0
2025-04-14 04:15:00,3220.75,3221.95,3217.83,3220.24,444.0
2025-04-14 04:20:00,3220.19,3228.32,3219.17,3227.52,458.0
2025-04-14 04:25:00,3227.33,3232.29,3226.43,3228.91,456.0
2025-04-14 04:30:00,3228.82,3235.12,3226.49,3234.51,451.0
2025-04-14 04:35:00,3234.44,3239.59,3234.26,3238.77,476.0
2025-04-14 04:40:00,3238.74,3241.39,3237.23,3240.6,449.0
2025-04-14 04:45:00,3240.63,3242.28,3237.13,3240.55,459.0
2025-04-14 04:50:00,3240.37,3241.45,3238.51,3241.11,407.0
2025-04-14 04:55:00,3241.17,3243.57,3239.0,3239.8,417.0
2025-04-14 05:00:00,3239.6,3244.34,3239.29,3243.37,407.0
2025-04-14 05:05:00,3243.45,3244.59,3242.56,3244.32,399.0
2025-04-14 05:10:00,3244.44,3245.69,3242.78,3243.63,391.0
2025-04-14 05:15:00,3243.7,3243.75,3237.1,3237.3,403.0
2025-04-14 05:20:00,3237.27,3237.38,3235.05,3235.64,391.0
2025-04-14 05:25:00,3235.22,3235.36,3233.23,3234.58,394.0
2025-04-14 05:30:00,3234.57,3236.74,3231.36,3232.44,442.0
2025-04-14 05:35:00,3232.45,3235.93,3229.48,3235.58,449.0
2025-04-14 05:40:00,3235.59,3237.14,3233.48,3234.3,406.0
2025-04-14 05:45:00,3234.35,3237.52,3232.45,3236.08,381.0
2025-04-14 05:50:00,3236.09,3236.23,3232.82,3233.66,320.0
2025-04-14 05:55:00,3233.63,3233.89,3230.34,3231.93,364.0
2025-04-14 06:00:00,3231.89,3231.89,3226.97,3229.31,429.0
2025-04-14 06:05:00,3229.49,3232.58,3229.37,3232.42,415.0
2025-04-14 06:10:00,3232.38,3233.95,3230.72,3231.29,377.0
2025-04-14 06:15:00,3231.21,3232.62,3229.02,3231.29,350.0
2025-04-14 06:20:00,3231.27,3232.85,3231.27,3231.61,359.0
2025-04-14 06:25:00,3231.69,3233.69,3231.69,3232.88,366.0
2025-04-14 06:30:00,3232.94,3234.7,3231.84,3232.54,307.0
2025-04-14 06:35:00,3232.55,3234.36,3231.26,3233.37,294.0
2025-04-14 06:40:00,3233.35,3233.4,3231.11,3233.05,253.0
2025-04-14 06:45:00,3232.84,3233.08,3231.44,3232.16,262.0
2025-04-14 06:50:00,3232.15,3232.5,3231.52,3232.49,221.0
2025-04-14 06:55:00,3232.57,3233.18,3231.97,3232.45,209.0
2025-04-14 07:00:00,3232.45,3233.96,3232.35,3233.29,236.0
2025-04-14 07:05:00,3233.3,3234.02,3232.27,3232.94,256.0
2025-04-14 07:10:00,3232.57,3235.77,3232.41,3234.52,327.0
2025-04-14 07:15:00,3234.5,3235.13,3232.55,3232.85,304.0
2025-04-14 07:20:00,3232.81,3233.17,3231.27,3231.27,275.0
2025-04-14 07:25:00,3231.3,3232.62,3229.17,3232.49,305.0
2025-04-14 07:30:00,3232.54,3232.54,3230.14,3230.99,251.0
2025-04-14 07:35:00,3230.99,3231.3,3229.95,3230.14,213.0
2025-04-14 07:40:00,3230.16,3230.5,3229.13,3229.99,223.0
2025-04-14 07:45:00,3229.99,3229.99,3227.26,3227.26,313.0
2025-04-14 07:50:00,3227.31,3228.83,3226.85,3227.13,283.0
2025-04-14 07:55:00,3227.12,3227.4,3226.16,3227.35,242.0
2025-04-14 08:00:00,3227.37,3227.76,3223.95,3225.08,327.0
2025-04-14 08:05:00,3225.28,3227.08,3224.4,3226.97,328.0
2025-04-14 08:10:00,3226.98,3227.53,3224.66,3226.55,286.0
2025-04-14 08:15:00,3226.55,3227.06,3223.04,3224.18,323.0
2025-04-14 08:20:00,3224.18,3224.8,3221.71,3222.42,329.0
2025-04-14 08:25:00,3222.42,3225.04,3221.49,3225.02,330.0
2025-04-14 08:30:00,3225.1,3226.96,3223.26,3225.42,396.0
2025-04-14 08:35:00,3225.67,3231.49,3225.61,3229.21,399.0
2025-04-14 08:40:00,3229.21,3231.55,3227.49,3228.01,364.0
2025-04-14 08:45:00,3227.97,3230.29,3227.91,3230.29,308.0
2025-04-14 08:50:00,3230.27,3233.15,3229.77,3233.08,342.0
2025-04-14 08:55:00,3233.11,3236.0,3232.14,3234.47,396.0
2025-04-14 09:00:00,3234.28,3235.55,3229.88,3230.91,435.0
2025-04-14 09:05:00,3230.88,3233.56,3230.34,3232.09,399.0
2025-04-14 09:10:00,3232.12,3233.33,3229.83,3230.62,358.0
2025-04-14 09:15:00,3230.64,3232.39,3229.2,3231.96,399.0
2025-04-14 09:20:00,3231.94,3234.98,3231.52,3234.83,368.0
2025-04-14 09:25:00,3234.84,3238.06,3232.99,3235.86,376.0
2025-04-14 09:30:00,3235.86,3236.16,3233.41,3233.72,379.0
2025-04-14 09:35:00,3233.55,3233.76,3231.2,3232.48,377.0
2025-04-14 09:40:00,3232.65,3232.72,3230.16,3231.35,408.0
2025-04-14 09:45:00,3231.36,3231.97,3229.03,3229.03,379.0
2025-04-14 09:50:00,3228.92,3231.64,3228.92,3230.92,370.0
2025-04-14 09:55:00,3230.97,3231.43,3229.15,3230.75,388.0
2025-04-14 10:00:00,3231.0,3233.44,3229.89,3231.14,396.0
2025-04-14 10:05:00,3231.03,3231.19,3228.77,3229.87,374.0
2025-04-14 10:10:00,3229.89,3230.54,3229.22,3229.46,361.0
2025-04-14 10:15:00,3229.43,3230.16,3228.47,3229.79,340.0
2025-04-14 10:20:00,3230.07,3232.53,3229.87,3232.33,357.0
2025-04-14 10:25:00,3232.35,3232.42,3230.49,3231.23,359.0
2025-04-14 10:30:00,3231.25,3233.66,3231.12,3232.56,362.0
2025-04-14 10:35:00,3232.51,3233.65,3228.71,3230.5,386.0
2025-04-14 10:40:00,3230.5,3230.82,3228.18,3228.18,381.0
2025-04-14 10:45:00,3228.28,3229.27,3225.99,3228.95,392.0
2025-04-14 10:50:00,3228.87,3230.35,3226.15,3226.31,370.0
2025-04-14 10:55:00,3226.39,3228.87,3224.92,3227.84,396.0
2025-04-14 11:00:00,3227.93,3229.13,3222.06,3222.41,418.0
2025-04-14 11:05:00,3222.35,3223.33,3218.92,3220.3,426.0
2025-04-14 11:10:00,3220.06,3221.8,3217.4,3219.27,428.0
2025-04-14 11:15:00,3219.31,3221.67,3216.55,3218.05,388.0
2025-04-14 11:20:00,3218.05,3222.26,3217.4,3220.34,362.0
2025-04-14 11:25:00,3220.42,3224.55,3219.29,3224.55,372.0
2025-04-14 11:30:00,3224.51,3225.27,3223.47,3224.33,378.0
2025-04-14 11:35:00,3224.55,3226.28,3222.89,3225.17,368.0
2025-04-14 11:40:00,3225.28,3225.74,3221.55,3222.13,339.0
2025-04-14 11:45:00,3222.11,3225.14,3221.39,3221.88,352.0
2025-04-14 11:50:00,3221.94,3224.27,3221.39,3224.13,339.0
2025-04-14 11:55:00,3224.0,3230.01,3223.78,3226.92,371.0
2025-04-14 12:00:00,3226.91,3229.91,3225.23,3228.9,381.0
2025-04-14 12:05:00,3228.9,3230.34,3227.04,3229.63,342.0
2025-04-14 12:10:00,3229.68,3230.77,3228.25,3230.06,330.0
2025-04-14 12:15:00,3230.07,3231.55,3227.16,3227.69,392.0
2025-04-14 12:20:00,3227.78,3227.96,3225.34,3225.37,351.0
2025-04-14 12:25:00,3225.38,3225.45,3223.5,3224.42,363.0
2025-04-14 12:30:00,3224.22,3224.22,3220.89,3223.75,403.0
2025-04-14 12:35:00,3223.73,3224.05,3221.48,3222.7,359.0
2025-04-14 12:40:00,3222.71,3223.93,3222.27,3222.98,332.0
2025-04-14 12:45:00,3222.97,3225.38,3222.58,3225.06,323.0
2025-04-14 12:50:00,3225.3,3226.27,3222.58,3223.88,344.0
2025-04-14 12:55:00,3223.89,3224.1,3221.82,3223.82,327.0
2025-04-14 13:00:00,3223.81,3224.58,3222.06,3224.19,396.0
2025-04-14 13:05:00,3224.16,3224.19,3220.74,3221.9,323.0
2025-04-14 13:10:00,3221.8,3222.16,3220.1,3220.5,326.0
2025-04-14 13:15:00,3220.49,3220.66,3218.08,3218.95,326.0
2025-04-14 13:20:00,3218.85,3218.85,3206.4,3207.37,441.0
2025-04-14 13:25:00,3207.24,3211.79,3206.82,3209.43,425.0
2025-04-14 13:30:00,3209.46,3211.0,3206.4,3206.46,414.0
2025-04-14 13:35:00,3206.61,3209.68,3206.35,3207.41,430.0
2025-04-14 13:40:00,3207.64,3213.61,3207.59,3208.26,429.0
2025-04-14 13:45:00,3208.2,3213.79,3207.41,3212.85,397.0
2025-04-14 13:50:00,3213.27,3215.73,3213.04,3213.78,390.0
2025-04-14 13:55:00,3214.07,3215.92,3213.76,3215.28,346.0
2025-04-14 14:00:00,3215.25,3217.85,3214.01,3217.85,375.0
2025-04-14 14:05:00,3217.7,3221.36,3215.88,3221.36,379.0
2025-04-14 14:10:00,3221.35,3223.04,3219.37,3223.02,372.0
2025-04-14 14:15:00,3222.79,3225.22,3222.3,3223.92,392.0
2025-04-14 14:20:00,3223.99,3224.91,3221.04,3221.44,427.0
2025-04-14 14:25:00,3221.3,3224.73,3221.03,3223.01,357.0
2025-04-14 14:30:00,3223.0,3224.59,3222.78,3224.18,350.0
2025-04-14 14:35:00,3224.09,3224.19,3222.3,3223.12,307.0
2025-04-14 14:40:00,3223.11,3225.71,3222.48,3224.81,348.0
2025-04-14 14:45:00,3224.94,3225.8,3224.41,3224.82,334.0
2025-04-14 14:50:00,3225.27,3225.82,3224.54,3225.02,326.0
2025-04-14 14:55:00,3225.03,3225.08,3221.64,3223.35,363.0
2025-04-14 15:00:00,3223.53,3226.75,3222.58,3226.71,401.0
2025-04-14 15:05:00,3226.66,3227.67,3223.64,3225.08,417.0
2025-04-14 15:10:00,3225.08,3227.39,3224.23,3226.3,407.0
2025-04-14 15:15:00,3226.44,3226.44,3223.14,3223.14,395.0
2025-04-14 15:20:00,3222.44,3225.47,3217.99,3219.06,477.0
2025-04-14 15:25:00,3218.93,3218.96,3210.96,3211.79,448.0
2025-04-14 15:30:00,3212.1,3214.08,3210.09,3211.07,447.0
2025-04-14 15:35:00,3211.23,3211.41,3206.75,3208.93,440.0
2025-04-14 15:40:00,3208.9,3209.4,3200.63,3206.7,465.0
2025-04-14 15:45:00,3206.68,3211.86,3206.52,3211.28,463.0
2025-04-14 15:50:00,3211.3,3211.3,3205.89,3206.32,425.0
2025-04-14 15:55:00,3206.35,3207.36,3203.46,3206.47,428.0
2025-04-14 16:00:00,3206.68,3210.69,3204.76,3208.9,499.0
2025-04-14 16:05:00,3208.95,3210.52,3202.14,3202.24,460.0
2025-04-14 16:10:00,3202.24,3202.75,3195.21,3196.47,508.0
2025-04-14 16:15:00,3196.67,3202.23,3193.57,3199.15,506.0
2025-04-14 16:20:00,3198.95,3200.7,3195.27,3200.39,469.0
2025-04-14 16:25:00,3200.53,3205.37,3199.21,3204.82,466.0
2025-04-14 16:30:00,3205.06,3205.06,3194.81,3198.02,522.0
2025-04-14 16:35:00,3198.08,3202.01,3195.05,3200.2,514.0
2025-04-14 16:40:00,3200.5,3207.82,3200.4,3207.82,518.0
2025-04-14 16:45:00,3207.87,3209.66,3206.3,3207.9,476.0
2025-04-14 16:50:00,3207.56,3207.66,3203.12,3204.84,484.0
2025-04-14 16:55:00,3204.7,3205.91,3201.73,3204.58,490.0
2025-04-14 17:00:00,3204.44,3205.47,3198.05,3199.26,488.0
2025-04-14 17:05:00,3199.39,3200.97,3195.24,3199.65,469.0
2025-04-14 17:10:00,3199.52,3204.0,3199.19,3202.46,443.0
2025-04-14 17:15:00,3202.69,3203.29,3199.91,3200.38,450.0
2025-04-14 17:20:00,3200.54,3204.06,3199.89,3202.75,448.0
2025-04-14 17:25:00,3202.78,3205.37,3200.38,3204.44,439.0
2025-04-14 17:30:00,3204.41,3208.47,3204.41,3208.21,413.0
2025-04-14 17:35:00,3208.2,3209.63,3207.52,3208.89,382.0
2025-04-14 17:40:00,3209.23,3209.49,3206.66,3208.56,412.0
2025-04-14 17:45:00,3208.81,3215.04,3207.94,3213.99,436.0
2025-04-14 17:50:00,3214.35,3215.7,3212.23,3212.49,457.0
2025-04-14 17:55:00,3212.86,3213.62,3210.11,3211.16,456.0
2025-04-14 18:00:00,3210.89,3211.08,3207.06,3209.33,442.0
2025-04-14 18:05:00,3209.48,3209.57,3206.77,3209.28,433.0
2025-04-14 18:10:00,3209.28,3210.19,3208.3,3209.46,416.0
2025-04-14 18:15:00,3209.78,3209.81,3205.76,3208.94,448.0
2025-04-14 18:20:00,3208.91,3209.69,3206.77,3207.71,433.0
2025-04-14 18:25:00,3207.63,3207.8,3205.51,3205.78,426.0
2025-04-14 18:30:00,3205.87,3207.14,3205.17,3206.27,404.0
2025-04-14 18:35:00,3206.31,3207.4,3200.61,3200.77,436.0
2025-04-14 18:40:00,3200.81,3202.57,3197.22,3198.1,440.0
2025-04-14 18:45:00,3198.07,3201.39,3197.71,3199.27,453.0
2025-04-14 18:50:00,3199.29,3199.62,3196.57,3196.57,438.0
2025-04-14 18:55:00,3196.59,3199.26,3196.34,3197.97,408.0
2025-04-14 19:00:00,3198.13,3201.48,3197.66,3201.08,420.0
2025-04-14 19:05:00,3200.9,3203.18,3200.47,3201.45,422.0
2025-04-14 19:10:00,3201.44,3203.08,3199.47,3202.56,439.0
2025-04-14 19:15:00,3202.59,3204.61,3202.03,3203.87,415.0
2025-04-14 19:20:00,3203.79,3205.83,3203.75,3205.72,384.0
2025-04-14 19:25:00,3205.74,3206.31,3204.08,3204.83,392.0
2025-04-14 19:30:00,3204.74,3206.31,3204.39,3205.88,384.0
2025-04-14 19:35:00,3205.86,3207.41,3205.48,3206.48,392.0
2025-04-14 19:40:00,3206.45,3207.1,3205.59,3206.39,361.0
2025-04-14 19:45:00,3206.43,3206.84,3204.88,3206.84,390.0
2025-04-14 19:50:00,3206.76,3207.92,3205.83,3207.0,382.0
2025-04-14 19:55:00,3207.2,3208.26,3206.85,3207.5,380.0
2025-04-14 20:00:00,3207.51,3210.1,3207.0,3208.5,436.0
2025-04-14 20:05:00,3208.49,3210.59,3207.72,3209.35,408.0
2025-04-14 20:10:00,3209.38,3211.45,3208.5,3210.46,376.0
2025-04-14 20:15:00,3210.55,3210.82,3209.1,3209.95,359.0
2025-04-14 20:20:00,3209.96,3211.06,3209.25,3209.63,394.0
2025-04-14 20:25:00,3209.57,3210.78,3208.39,3210.51,383.0
2025-04-14 20:30:00,3210.49,3215.29,3210.38,3214.55,407.0
2025-04-14 20:35:00,3214.61,3216.44,3214.61,3215.5,392.0
2025-04-14 20:40:00,3215.52,3216.3,3214.57,3216.04,375.0
2025-04-14 20:45:00,3216.05,3216.05,3213.52,3213.6,360.0
2025-04-14 20:50:00,3213.68,3214.59,3212.28,3212.87,366.0
2025-04-14 20:55:00,3213.07,3214.11,3212.48,3214.11,393.0
2025-04-14 21:00:00,3214.09,3214.82,3213.44,3214.73,362.0
2025-04-14 21:05:00,3214.75,3214.84,3212.52,3212.61,275.0
2025-04-14 21:10:00,3212.67,3213.41,3212.37,3213.19,345.0
2025-04-14 21:15:00,3213.25,3214.4,3212.41,3212.89,331.0
2025-04-14 21:20:00,3212.9,3213.38,3210.8,3210.99,350.0
2025-04-14 21:25:00,3210.97,3210.97,3209.3,3210.26,416.0
2025-04-14 21:30:00,3210.25,3211.25,3205.84,3205.86,397.0
2025-04-14 21:35:00,3205.92,3206.44,3201.45,3201.47,389.0
2025-04-14 21:40:00,3201.48,3204.7,3201.48,3204.33,323.0
2025-04-14 21:45:00,3204.39,3205.31,3202.74,3204.59,303.0
2025-04-14 21:50:00,3204.49,3204.49,3202.31,3204.22,280.0
2025-04-14 21:55:00,3204.35,3209.16,3204.07,3208.11,384.0
2025-04-14 22:00:00,3208.08,3209.83,3207.78,3208.32,365.0
2025-04-14 22:05:00,3208.3,3209.5,3207.99,3208.52,331.0
2025-04-14 22:10:00,3208.52,3210.16,3208.32,3209.87,285.0
2025-04-14 22:15:00,3209.9,3211.5,3209.51,3211.25,320.0
2025-04-14 22:20:00,3211.27,3212.35,3210.26,3211.01,355.0
2025-04-14 22:25:00,3210.73,3212.02,3210.08,3211.26,362.0
2025-04-14 22:30:00,3211.25,3211.94,3208.73,3209.3,370.0
2025-04-14 22:35:00,3209.32,3211.31,3209.26,3210.11,358.0
2025-04-14 22:40:00,3210.09,3211.18,3209.41,3209.65,345.0
2025-04-14 22:45:00,3209.85,3212.83,3209.75,3211.89,375.0
2025-04-14 22:50:00,3211.74,3212.95,3211.73,3212.87,350.0
2025-04-14 22:55:00,3212.85,3212.85,3211.85,3212.77,366.0
2025-04-14 23:00:00,3212.84,3213.03,3210.34,3213.03,234.0
2025-04-14 23:05:00,3213.03,3213.75,3211.93,3212.75,138.0
2025-04-14 23:10:00,3212.76,3212.92,3211.61,3212.18,207.0
2025-04-14 23:15:00,3212.18,3212.18,3209.65,3210.95,147.0
2025-04-14 23:20:00,3210.97,3211.23,3209.39,3210.83,154.0
2025-04-14 23:25:00,3210.83,3212.1,3210.65,3211.82,179.0
2025-04-14 23:30:00,3211.88,3212.02,3208.51,3208.72,146.0
2025-04-14 23:35:00,3208.78,3210.31,3207.36,3210.31,156.0
2025-04-14 23:40:00,3210.29,3211.34,3210.11,3211.34,102.0
2025-04-14 23:45:00,3211.49,3211.59,3209.96,3211.47,101.0
2025-04-14 23:50:00,3211.38,3211.59,3210.75,3211.04,92.0
2025-04-14 23:55:00,3210.84,3210.86,3210.19,3210.46,76.0
2025-04-15 01:00:00,3211.57,3213.59,3210.93,3212.54,253.0
2025-04-15 01:05:00,3212.54,3212.54,3210.72,3211.31,103.0
2025-04-15 01:10:00,3211.35,3212.9,3211.32,3212.56,104.0
2025-04-15 01:15:00,3212.56,3212.85,3212.29,3212.63,151.0
2025-04-15 01:20:00,3212.66,3212.75,3212.08,3212.35,119.0
2025-04-15 01:25:00,3212.34,3213.11,3212.27,3212.88,87.0
2025-04-15 01:30:00,3212.82,3213.19,3212.37,3213.01,135.0
2025-04-15 01:35:00,3213.02,3213.96,3212.83,3213.51,149.0
2025-04-15 01:40:00,3213.49,3215.19,3213.49,3214.64,203.0
2025-04-15 01:45:00,3214.54,3214.64,3212.45,3212.47,173.0
2025-04-15 01:50:00,3212.48,3213.0,3212.15,3212.57,133.0
2025-04-15 01:55:00,3212.65,3212.75,3212.16,3212.18,135.0
2025-04-15 02:00:00,3212.19,3212.29,3211.23,3211.5,186.0
2025-04-15 02:05:00,3211.5,3212.07,3210.45,3210.96,195.0
2025-04-15 02:10:00,3210.97,3211.66,3210.85,3211.55,154.0
2025-04-15 02:15:00,3211.45,3211.99,3211.35,3211.95,141.0
2025-04-15 02:20:00,3211.95,3212.67,3211.43,3212.3,152.0
2025-04-15 02:25:00,3212.43,3213.28,3212.41,3213.06,123.0
2025-04-15 02:30:00,3213.05,3213.33,3212.45,3212.6,150.0
2025-04-15 02:35:00,3212.61,3213.02,3212.3,3212.43,167.0
2025-04-15 02:40:00,3212.41,3212.67,3211.04,3212.02,192.0
2025-04-15 02:45:00,3212.04,3214.15,3211.65,3213.79,277.0
2025-04-15 02:50:00,3213.77,3213.82,3211.86,3212.09,192.0
2025-04-15 02:55:00,3212.08,3213.21,3211.75,3212.61,196.0
2025-04-15 03:00:00,3212.72,3212.78,3211.13,3211.15,279.0
2025-04-15 03:05:00,3211.24,3212.13,3210.82,3211.53,221.0
2025-04-15 03:10:00,3211.48,3214.09,3211.43,3214.07,260.0
2025-04-15 03:15:00,3213.99,3214.62,3212.58,3214.06,278.0
2025-04-15 03:20:00,3214.31,3215.16,3213.0,3213.15,214.0
2025-04-15 03:25:00,3213.23,3213.51,3211.29,3213.03,261.0
2025-04-15 03:30:00,3213.11,3214.38,3211.73,3212.21,259.0
2025-04-15 03:35:00,3212.14,3212.9,3211.24,3211.87,260.0
2025-04-15 03:40:00,3211.84,3212.24,3211.11,3212.06,209.0
2025-04-15 03:45:00,3212.03,3212.64,3211.51,3212.05,181.0
2025-04-15 03:50:00,3212.04,3212.9,3211.32,3212.0,232.0
2025-04-15 03:55:00,3212.08,3212.51,3211.28,3211.91,227.0
2025-04-15 04:00:00,3211.77,3213.9,3210.01,3212.76,350.0
2025-04-15 04:05:00,3212.84,3215.49,3211.84,3214.13,358.0
2025-04-15 04:10:00,3214.22,3217.57,3214.06,3217.57,335.0
2025-04-15 04:15:00,3217.52,3221.26,3217.11,3220.12,350.0
2025-04-15 04:20:00,3220.38,3225.2,3220.25,3224.27,357.0
2025-04-15 04:25:00,3224.34,3224.34,3222.01,3223.04,304.0
2025-04-15 04:30:00,3223.18,3225.45,3222.57,3224.24,306.0
2025-04-15 04:35:00,3224.23,3225.86,3222.03,3222.87,340.0
2025-04-15 04:40:00,3222.83,3222.83,3217.15,3221.53,360.0
2025-04-15 04:45:00,3221.47,3222.33,3219.81,3221.37,322.0
2025-04-15 04:50:00,3221.29,3223.22,3220.57,3222.47,269.0
2025-04-15 04:55:00,3222.48,3223.97,3222.29,3223.66,296.0
2025-04-15 05:00:00,3223.72,3224.16,3221.89,3223.83,321.0
2025-04-15 05:05:00,3223.86,3224.23,3220.89,3221.15,306.0
2025-04-15 05:10:00,3221.12,3222.99,3218.83,3219.16,312.0
2025-04-15 05:15:00,3219.26,3221.57,3219.06,3221.43,261.0
2025-04-15 05:20:00,3221.43,3221.61,3219.79,3219.92,243.0
2025-04-15 05:25:00,3219.87,3221.66,3219.54,3221.0,214.0
2025-04-15 05:30:00,3220.98,3222.45,3220.48,3222.1,279.0
2025-04-15 05:35:00,3222.2,3223.02,3221.51,3222.53,273.0
2025-04-15 05:40:00,3222.49,3224.35,3221.6,3222.33,308.0
2025-04-15 05:45:00,3222.43,3223.19,3221.87,3222.23,264.0
2025-04-15 05:50:00,3222.21,3223.54,3221.99,3222.25,244.0
2025-04-15 05:55:00,3222.25,3225.04,3222.17,3224.42,269.0
2025-04-15 06:00:00,3224.29,3228.13,3224.03,3225.86,322.0
2025-04-15 06:05:00,3226.02,3227.03,3224.63,3225.67,288.0
2025-04-15 06:10:00,3225.67,3226.21,3224.45,3225.1,259.0
2025-04-15 06:15:00,3225.14,3225.73,3223.8,3223.91,255.0
2025-04-15 06:20:00,3223.9,3224.88,3223.73,3224.69,239.0
2025-04-15 06:25:00,3224.68,3225.59,3223.95,3224.02,253.0
2025-04-15 06:30:00,3224.06,3225.42,3223.54,3225.26,228.0
2025-04-15 06:35:00,3225.26,3226.08,3224.83,3225.19,215.0
2025-04-15 06:40:00,3225.15,3225.78,3224.48,3225.77,196.0
2025-04-15 06:45:00,3225.69,3226.32,3223.28,3225.88,265.0
2025-04-15 06:50:00,3225.71,3226.69,3223.87,3225.64,275.0
2025-04-15 06:55:00,3225.61,3228.87,3225.61,3228.29,276.0
2025-04-15 07:00:00,3228.31,3230.07,3228.3,3228.58,241.0
2025-04-15 07:05:00,3228.4,3229.06,3227.43,3227.79,236.0
2025-04-15 07:10:00,3227.67,3228.57,3227.33,3227.96,198.0
2025-04-15 07:15:00,3227.97,3228.61,3227.52,3227.95,168.0
2025-04-15 07:20:00,3227.9,3228.34,3226.84,3227.91,224.0
2025-04-15 07:25:00,3228.02,3229.01,3228.02,3228.93,212.0
2025-04-15 07:30:00,3228.92,3230.48,3227.65,3227.68,266.0
2025-04-15 07:35:00,3227.7,3228.36,3227.48,3227.5,232.0
2025-04-15 07:40:00,3227.45,3229.78,3227.36,3229.53,206.0
2025-04-15 07:45:00,3229.48,3230.84,3229.39,3230.57,241.0
2025-04-15 07:50:00,3230.59,3231.95,3230.14,3231.31,253.0
2025-04-15 07:55:00,3231.37,3232.68,3230.38,3231.88,242.0
2025-04-15 08:00:00,3231.87,3232.15,3229.61,3230.63,301.0
2025-04-15 08:05:00,3230.63,3231.23,3230.25,3230.28,247.0
2025-04-15 08:10:00,3230.18,3230.21,3227.53,3227.75,280.0
2025-04-15 08:15:00,3227.75,3228.61,3225.86,3226.3,285.0
2025-04-15 08:20:00,3226.21,3227.08,3225.02,3225.94,273.0
2025-04-15 08:25:00,3225.94,3226.18,3223.79,3223.81,306.0
2025-04-15 08:30:00,3223.77,3226.06,3223.77,3224.68,353.0
2025-04-15 08:35:00,3224.72,3227.32,3224.16,3225.12,291.0
2025-04-15 08:40:00,3225.1,3225.3,3221.74,3222.27,313.0
2025-04-15 08:45:00,3222.26,3223.77,3221.0,3223.37,327.0
2025-04-15 08:50:00,3223.38,3225.87,3222.98,3225.8,274.0
2025-04-15 08:55:00,3225.82,3226.27,3224.17,3224.59,222.0
2025-04-15 09:00:00,3224.48,3224.77,3223.22,3223.56,288.0
2025-04-15 09:05:00,3223.55,3227.48,3223.41,3226.23,308.0
2025-04-15 09:10:00,3226.14,3227.84,3225.75,3226.13,262.0
2025-04-15 09:15:00,3226.12,3227.44,3224.08,3226.92,271.0
2025-04-15 09:20:00,3226.88,3227.02,3225.39,3226.55,242.0
2025-04-15 09:25:00,3226.52,3227.62,3225.79,3226.94,257.0
2025-04-15 09:30:00,3226.95,3228.68,3225.46,3227.68,289.0
2025-04-15 09:35:00,3227.65,3228.59,3226.59,3228.44,263.0
2025-04-15 09:40:00,3228.4,3228.63,3226.91,3227.95,282.0
2025-04-15 09:45:00,3227.91,3228.31,3224.72,3225.61,308.0
2025-04-15 09:50:00,3225.72,3226.73,3224.87,3225.34,235.0
2025-04-15 09:55:00,3225.55,3225.87,3224.41,3224.98,266.0
2025-04-15 10:00:00,3225.05,3226.42,3225.03,3225.8,300.0
2025-04-15 10:05:00,3225.84,3226.47,3224.23,3224.39,307.0
2025-04-15 10:10:00,3224.4,3224.42,3222.11,3222.24,315.0
2025-04-15 10:15:00,3222.23,3223.69,3221.09,3222.81,304.0
2025-04-15 10:20:00,3222.75,3222.75,3220.54,3222.09,280.0
2025-04-15 10:25:00,3222.1,3222.19,3219.77,3220.51,267.0
2025-04-15 10:30:00,3220.48,3220.48,3218.05,3218.72,313.0
2025-04-15 10:35:00,3218.72,3220.02,3217.58,3219.74,297.0
2025-04-15 10:40:00,3219.64,3220.98,3218.83,3220.32,288.0
2025-04-15 10:45:00,3220.22,3220.61,3217.44,3219.56,345.0
2025-04-15 10:50:00,3219.58,3221.9,3218.72,3221.52,315.0
2025-04-15 10:55:00,3221.52,3225.62,3221.42,3225.62,292.0
2025-04-15 11:00:00,3225.68,3228.08,3224.55,3226.1,363.0
2025-04-15 11:05:00,3226.08,3227.68,3224.37,3227.45,356.0
2025-04-15 11:10:00,3227.4,3231.31,3227.4,3231.12,365.0
2025-04-15 11:15:00,3231.14,3231.43,3228.8,3229.84,296.0
2025-04-15 11:20:00,3229.88,3230.64,3228.89,3229.62,284.0
2025-04-15 11:25:00,3229.6,3232.11,3228.56,3229.35,307.0
2025-04-15 11:30:00,3229.51,3230.13,3228.0,3229.8,307.0
2025-04-15 11:35:00,3229.91,3230.34,3227.48,3227.51,269.0
2025-04-15 11:40:00,3227.49,3228.93,3225.86,3227.74,304.0
2025-04-15 11:45:00,3227.63,3229.19,3225.54,3228.48,331.0
2025-04-15 11:50:00,3228.45,3229.22,3227.55,3227.89,272.0
2025-04-15 11:55:00,3227.94,3228.52,3227.02,3227.66,245.0
2025-04-15 12:00:00,3227.73,3230.14,3227.53,3229.38,259.0
2025-04-15 12:05:00,3229.33,3229.85,3228.09,3228.09,266.0
2025-04-15 12:10:00,3228.11,3228.8,3226.56,3228.66,278.0
2025-04-15 12:15:00,3228.69,3229.23,3227.93,3229.05,257.0
2025-04-15 12:20:00,3229.06,3229.72,3227.06,3227.25,267.0
2025-04-15 12:25:00,3227.29,3229.21,3227.12,3228.55,257.0
2025-04-15 12:30:00,3228.58,3228.78,3226.45,3226.54,269.0
2025-04-15 12:35:00,3226.49,3226.83,3224.94,3225.3,278.0
2025-04-15 12:40:00,3225.2,3225.2,3223.36,3223.74,287.0
2025-04-15 12:45:00,3223.71,3224.19,3222.51,3222.9,252.0
2025-04-15 12:50:00,3222.92,3223.81,3221.9,3222.56,295.0
2025-04-15 12:55:00,3222.57,3223.32,3221.19,3222.52,284.0
2025-04-15 13:00:00,3222.58,3224.63,3221.74,3224.35,275.0
2025-04-15 13:05:00,3224.37,3226.34,3224.16,3225.79,282.0
2025-04-15 13:10:00,3225.33,3226.91,3224.69,3226.24,242.0
2025-04-15 13:15:00,3226.29,3226.32,3224.9,3225.27,210.0
2025-04-15 13:20:00,3225.26,3225.88,3224.33,3224.45,252.0
2025-04-15 13:25:00,3224.3,3224.44,3223.41,3224.3,231.0
2025-04-15 13:30:00,3224.24,3224.8,3222.49,3222.83,247.0
2025-04-15 13:35:00,3222.86,3225.34,3222.37,3224.96,278.0
2025-04-15 13:40:00,3225.01,3225.31,3223.09,3223.64,279.0
2025-04-15 13:45:00,3223.53,3224.18,3221.87,3223.44,255.0
2025-04-15 13:50:00,3223.43,3223.59,3219.85,3221.79,285.0
2025-04-15 13:55:00,3221.82,3222.92,3219.7,3220.25,276.0
2025-04-15 14:00:00,3220.24,3223.88,3220.14,3223.88,288.0
2025-04-15 14:05:00,3223.82,3224.06,3222.23,3222.3,276.0
2025-04-15 14:10:00,3222.3,3223.23,3221.56,3221.94,252.0
2025-04-15 14:15:00,3221.93,3222.81,3220.44,3221.47,299.0
2025-04-15 14:20:00,3221.42,3221.55,3219.98,3221.36,284.0
2025-04-15 14:25:00,3221.26,3221.76,3219.68,3220.33,258.0
2025-04-15 14:30:00,3220.36,3220.96,3219.35,3220.55,293.0
2025-04-15 14:35:00,3220.5,3220.58,3218.44,3219.2,273.0
2025-04-15 14:40:00,3219.24,3219.37,3218.1,3218.81,287.0
2025-04-15 14:45:00,3218.76,3219.48,3216.86,3217.29,283.0
2025-04-15 14:50:00,3217.89,3218.9,3217.34,3218.15,287.0
2025-04-15 14:55:00,3218.05,3220.83,3218.01,3219.89,317.0
2025-04-15 15:00:00,3220.2,3222.24,3219.5,3221.22,333.0
2025-04-15 15:05:00,3221.15,3222.34,3220.2,3221.26,281.0
2025-04-15 15:10:00,3221.3,3224.24,3221.08,3223.69,300.0
2025-04-15 15:15:00,3223.76,3226.03,3221.98,3222.46,336.0
2025-04-15 15:20:00,3222.42,3222.77,3216.9,3218.08,360.0
2025-04-15 15:25:00,3218.03,3219.61,3214.23,3219.29,331.0
2025-04-15 15:30:00,3219.44,3221.98,3217.82,3219.04,328.0
2025-04-15 15:35:00,3218.99,3218.99,3215.47,3216.85,326.0
2025-04-15 15:40:00,3216.76,3222.31,3216.57,3220.59,338.0
2025-04-15 15:45:00,3220.46,3223.39,3220.37,3222.04,307.0
2025-04-15 15:50:00,3222.08,3223.1,3221.12,3221.72,319.0
2025-04-15 15:55:00,3221.71,3221.74,3218.51,3221.48,349.0
2025-04-15 16:00:00,3221.44,3224.38,3219.84,3223.93,375.0
2025-04-15 16:05:00,3223.79,3226.31,3222.39,3224.1,371.0
2025-04-15 16:10:00,3224.08,3224.43,3222.11,3222.61,325.0
2025-04-15 16:15:00,3222.62,3223.52,3221.19,3223.05,322.0
2025-04-15 16:20:00,3222.98,3223.85,3219.4,3220.31,340.0
2025-04-15 16:25:00,3220.33,3221.73,3218.97,3220.89,349.0
2025-04-15 16:30:00,3220.99,3224.19,3220.5,3220.5,380.0
2025-04-15 16:35:00,3220.33,3221.74,3215.93,3216.36,381.0
2025-04-15 16:40:00,3216.21,3217.72,3215.0,3215.07,386.0
2025-04-15 16:45:00,3215.04,3218.09,3214.92,3217.05,393.0
2025-04-15 16:50:00,3217.67,3218.41,3211.66,3211.9,401.0
2025-04-15 16:55:00,3212.06,3214.6,3211.62,3213.12,382.0
2025-04-15 17:00:00,3213.23,3219.84,3213.23,3219.77,394.0
2025-04-15 17:05:00,3219.64,3221.03,3217.94,3220.82,388.0
2025-04-15 17:10:00,3220.67,3221.7,3218.78,3220.24,361.0
2025-04-15 17:15:00,3220.15,3222.89,3218.96,3222.58,377.0
2025-04-15 17:20:00,3222.66,3225.3,3221.98,3225.07,379.0
2025-04-15 17:25:00,3225.11,3226.82,3223.11,3224.57,387.0
2025-04-15 17:30:00,3224.41,3225.35,3222.67,3224.39,361.0
2025-04-15 17:35:00,3224.46,3225.67,3222.74,3223.19,357.0
2025-04-15 17:40:00,3223.22,3223.54,3220.1,3222.2,345.0
2025-04-15 17:45:00,3222.18,3222.69,3219.56,3221.97,358.0
2025-04-15 17:50:00,3221.9,3222.84,3221.29,3222.53,350.0
2025-04-15 17:55:00,3222.7,3224.39,3222.5,3222.65,343.0
2025-04-15 18:00:00,3222.63,3222.79,3218.1,3218.77,359.0
2025-04-15 18:05:00,3218.7,3219.53,3216.89,3219.25,355.0
2025-04-15 18:10:00,3219.14,3219.76,3218.05,3219.17,330.0
2025-04-15 18:15:00,3219.1,3219.85,3217.69,3218.38,318.0
2025-04-15 18:20:00,3218.43,3221.77,3218.42,3221.66,325.0
2025-04-15 18:25:00,3221.54,3221.94,3220.29,3221.81,304.0
2025-04-15 18:30:00,3221.82,3223.42,3221.47,3222.94,325.0
2025-04-15 18:35:00,3222.94,3224.1,3221.71,3221.93,292.0
2025-04-15 18:40:00,3221.9,3222.22,3219.11,3219.15,322.0
2025-04-15 18:45:00,3219.12,3220.69,3218.43,3220.61,318.0
2025-04-15 18:50:00,3220.64,3221.83,3219.78,3221.77,313.0
2025-04-15 18:55:00,3221.87,3221.89,3220.19,3221.29,297.0
2025-04-15 19:00:00,3221.33,3222.46,3221.19,3222.24,300.0
2025-04-15 19:05:00,3222.23,3223.03,3220.94,3221.84,294.0
2025-04-15 19:10:00,3221.85,3223.34,3221.13,3222.95,281.0
2025-04-15 19:15:00,3222.99,3223.3,3220.75,3221.19,303.0
2025-04-15 19:20:00,3221.17,3221.59,3219.86,3221.05,277.0
2025-04-15 19:25:00,3221.11,3222.42,3219.94,3221.62,294.0
2025-04-15 19:30:00,3221.52,3221.69,3219.45,3219.62,295.0
2025-04-15 19:35:00,3219.63,3221.24,3219.63,3220.8,275.0
2025-04-15 19:40:00,3220.82,3222.47,3220.61,3221.73,282.0
2025-04-15 19:45:00,3221.72,3222.24,3221.16,3222.23,273.0
2025-04-15 19:50:00,3222.31,3222.31,3220.78,3220.79,294.0
2025-04-15 19:55:00,3220.79,3221.52,3220.64,3221.4,260.0
2025-04-15 20:00:00,3221.39,3222.38,3220.38,3222.29,263.0
2025-04-15 20:05:00,3222.34,3223.25,3221.51,3222.2,280.0
2025-04-15 20:10:00,3222.28,3222.32,3221.33,3221.4,276.0
2025-04-15 20:15:00,3221.4,3221.52,3220.6,3220.64,297.0
2025-04-15 20:20:00,3220.59,3221.8,3220.58,3221.57,293.0
2025-04-15 20:25:00,3221.52,3224.07,3221.41,3223.72,307.0
2025-04-15 20:30:00,3223.6,3225.57,3223.6,3225.11,305.0
2025-04-15 20:35:00,3225.11,3227.41,3225.11,3226.62,280.0
2025-04-15 20:40:00,3226.63,3229.62,3226.56,3228.8,302.0
2025-04-15 20:45:00,3228.72,3230.69,3228.44,3228.61,315.0
2025-04-15 20:50:00,3228.76,3229.48,3227.57,3229.28,317.0
2025-04-15 20:55:00,3229.22,3229.44,3227.54,3227.98,302.0
2025-04-15 21:00:00,3228.07,3228.84,3226.29,3226.35,308.0
2025-04-15 21:05:00,3226.38,3227.19,3225.68,3226.18,287.0
2025-04-15 21:10:00,3226.26,3227.89,3226.2,3226.81,270.0
2025-04-15 21:15:00,3226.79,3227.66,3226.41,3227.11,278.0
2025-04-15 21:20:00,3227.1,3227.82,3226.24,3226.41,276.0
2025-04-15 21:25:00,3226.33,3228.77,3226.27,3228.56,303.0
2025-04-15 21:30:00,3228.49,3229.6,3227.5,3227.5,310.0
2025-04-15 21:35:00,3227.49,3228.39,3226.73,3227.13,271.0
2025-04-15 21:40:00,3227.18,3228.61,3227.18,3228.09,244.0
2025-04-15 21:45:00,3228.09,3228.17,3227.42,3228.02,256.0
2025-04-15 21:50:00,3227.99,3229.77,3227.99,3229.43,241.0
2025-04-15 21:55:00,3229.44,3229.53,3228.77,3229.16,262.0
2025-04-15 22:00:00,3229.16,3229.9,3228.85,3229.76,274.0
2025-04-15 22:05:00,3229.76,3231.14,3229.34,3231.11,254.0
2025-04-15 22:10:00,3231.12,3231.77,3230.77,3231.77,243.0
2025-04-15 22:15:00,3231.77,3231.85,3229.2,3229.2,259.0
2025-04-15 22:20:00,3229.26,3229.42,3226.59,3226.8,299.0
2025-04-15 22:25:00,3226.77,3229.05,3226.73,3226.83,291.0
2025-04-15 22:30:00,3226.83,3227.44,3226.21,3226.31,261.0
2025-04-15 22:35:00,3226.32,3227.94,3226.22,3227.38,279.0
2025-04-15 22:40:00,3227.44,3227.95,3226.91,3227.9,277.0
2025-04-15 22:45:00,3227.83,3228.43,3226.95,3227.14,275.0
2025-04-15 22:50:00,3227.39,3228.76,3226.98,3228.71,302.0
2025-04-15 22:55:00,3228.57,3229.87,3228.43,3229.87,288.0
2025-04-15 23:00:00,3230.1,3233.36,3229.84,3232.62,248.0
2025-04-15 23:05:00,3232.61,3233.57,3231.22,3231.43,176.0
2025-04-15 23:10:00,3231.38,3231.65,3230.12,3231.12,171.0
2025-04-15 23:15:00,3231.12,3231.12,3227.58,3227.78,151.0
2025-04-15 23:20:00,3227.74,3228.42,3226.62,3228.02,193.0
2025-04-15 23:25:00,3228.05,3228.78,3228.04,3228.51,150.0
2025-04-15 23:30:00,3228.52,3230.34,3228.47,3230.32,134.0
2025-04-15 23:35:00,3230.16,3230.16,3228.26,3228.28,134.0
2025-04-15 23:40:00,3228.28,3229.33,3227.9,3228.2,136.0
2025-04-15 23:45:00,3228.2,3229.0,3226.49,3228.79,147.0
2025-04-15 23:50:00,3228.61,3231.49,3228.24,3230.34,142.0
2025-04-15 23:55:00,3230.19,3230.32,3229.22,3229.36,90.0
2025-04-16 01:00:00,3230.96,3231.07,3229.84,3230.8,199.0
2025-04-16 01:05:00,3230.8,3233.35,3230.68,3231.44,144.0
2025-04-16 01:10:00,3231.43,3232.56,3231.19,3232.16,139.0
2025-04-16 01:15:00,3232.15,3232.77,3231.74,3231.74,125.0
2025-04-16 01:20:00,3231.75,3232.47,3231.47,3232.38,111.0
2025-04-16 01:25:00,3232.41,3235.25,3232.41,3235.25,132.0
2025-04-16 01:30:00,3234.82,3235.99,3234.37,3235.83,288.0
2025-04-16 01:35:00,3235.83,3238.9,3235.38,3238.76,222.0
2025-04-16 01:40:00,3238.87,3238.87,3236.47,3238.82,223.0
2025-04-16 01:45:00,3238.76,3239.28,3237.48,3238.72,230.0
2025-04-16 01:50:00,3238.76,3242.14,3238.76,3240.73,257.0
2025-04-16 01:55:00,3240.74,3242.23,3240.15,3241.47,265.0
2025-04-16 02:00:00,3241.52,3241.74,3238.94,3240.12,268.0
2025-04-16 02:05:00,3240.2,3240.2,3238.36,3238.81,257.0
2025-04-16 02:10:00,3238.81,3241.74,3238.81,3241.73,231.0
2025-04-16 02:15:00,3241.77,3242.33,3240.1,3242.0,249.0
2025-04-16 02:20:00,3241.97,3243.69,3241.1,3242.4,290.0
2025-04-16 02:25:00,3242.41,3243.07,3242.09,3242.69,215.0
2025-04-16 02:30:00,3242.68,3243.39,3242.31,3243.1,248.0
2025-04-16 02:35:00,3243.35,3248.5,3242.99,3244.71,349.0
2025-04-16 02:40:00,3244.65,3245.66,3243.1,3243.92,290.0
2025-04-16 02:45:00,3243.85,3244.65,3242.36,3243.95,247.0
2025-04-16 02:50:00,3243.97,3244.13,3240.65,3241.21,282.0
2025-04-16 02:55:00,3241.33,3251.82,3241.33,3251.82,404.0
2025-04-16 03:00:00,3251.78,3261.46,3251.63,3259.05,483.0
2025-04-16 03:05:00,3259.06,3259.38,3254.84,3255.96,410.0
2025-04-16 03:10:00,3255.79,3258.58,3253.31,3255.88,425.0
2025-04-16 03:15:00,3256.1,3259.67,3255.88,3259.08,372.0
2025-04-16 03:20:00,3259.06,3260.24,3256.03,3258.2,377.0
2025-04-16 03:25:00,3258.21,3262.29,3258.21,3261.6,398.0
2025-04-16 03:30:00,3261.59,3266.64,3261.23,3264.28,409.0
2025-04-16 03:35:00,3264.23,3266.67,3263.67,3264.57,365.0
2025-04-16 03:40:00,3264.44,3266.17,3263.46,3263.81,375.0
2025-04-16 03:45:00,3263.82,3267.99,3263.6,3267.52,362.0
2025-04-16 03:50:00,3267.39,3267.66,3265.13,3266.42,324.0
2025-04-16 03:55:00,3266.42,3266.95,3263.45,3264.44,407.0
2025-04-16 04:00:00,3264.52,3273.68,3264.27,3272.96,505.0
2025-04-16 04:05:00,3273.09,3274.98,3269.44,3269.95,485.0
2025-04-16 04:10:00,3269.93,3270.87,3266.6,3269.55,464.0
2025-04-16 04:15:00,3269.74,3273.38,3267.57,3268.34,478.0
2025-04-16 04:20:00,3268.39,3271.59,3268.21,3270.9,422.0
2025-04-16 04:25:00,3270.91,3271.27,3264.78,3264.98,399.0
2025-04-16 04:30:00,3264.93,3265.12,3256.08,3259.46,464.0
2025-04-16 04:35:00,3259.48,3263.5,3258.45,3261.83,392.0
2025-04-16 04:40:00,3261.81,3266.7,3261.81,3265.71,402.0
2025-04-16 04:45:00,3265.7,3267.78,3265.41,3267.13,356.0
2025-04-16 04:50:00,3266.97,3268.46,3266.53,3268.46,355.0
2025-04-16 04:55:00,3268.47,3271.47,3268.4,3270.23,342.0
2025-04-16 05:00:00,3270.64,3273.63,3269.0,3272.82,390.0
2025-04-16 05:05:00,3272.7,3275.35,3271.33,3273.16,405.0
2025-04-16 05:10:00,3273.12,3274.26,3271.28,3271.31,392.0
2025-04-16 05:15:00,3271.37,3272.74,3269.88,3271.92,358.0
2025-04-16 05:20:00,3271.92,3271.92,3270.11,3271.1,284.0
2025-04-16 05:25:00,3271.11,3273.08,3270.81,3271.71,298.0
2025-04-16 05:30:00,3271.65,3273.52,3269.76,3272.31,354.0
2025-04-16 05:35:00,3272.32,3274.14,3272.32,3272.99,333.0
2025-04-16 05:40:00,3272.99,3273.08,3268.86,3269.35,315.0
2025-04-16 05:45:00,3269.38,3270.41,3267.73,3269.72,377.0
2025-04-16 05:50:00,3269.72,3269.84,3268.6,3269.34,285.0
2025-04-16 05:55:00,3269.45,3270.1,3266.99,3267.75,328.0
2025-04-16 06:00:00,3267.75,3270.74,3266.19,3268.87,359.0
2025-04-16 06:05:00,3268.87,3273.38,3268.5,3272.33,353.0
2025-04-16 06:10:00,3272.39,3272.96,3270.91,3271.92,303.0
2025-04-16 06:15:00,3271.96,3271.96,3267.28,3268.84,292.0
2025-04-16 06:20:00,3268.85,3272.22,3268.51,3272.18,288.0
2025-04-16 06:25:00,3272.29,3276.31,3271.91,3275.57,353.0
2025-04-16 06:30:00,3276.12,3277.1,3275.08,3276.25,325.0
2025-04-16 06:35:00,3276.2,3276.87,3275.68,3275.86,246.0
2025-04-16 06:40:00,3275.75,3277.05,3275.65,3276.21,263.0
2025-04-16 06:45:00,3276.2,3277.84,3275.31,3276.7,330.0
2025-04-16 06:50:00,3276.71,3281.26,3276.53,3279.89,371.0
2025-04-16 06:55:00,3279.89,3281.7,3279.54,3281.44,264.0
2025-04-16 07:00:00,3281.39,3283.62,3280.29,3280.9,294.0
2025-04-16 07:05:00,3280.94,3281.62,3279.76,3280.56,270.0
2025-04-16 07:10:00,3280.5,3280.64,3279.49,3279.69,228.0
2025-04-16 07:15:00,3279.64,3279.64,3277.86,3278.3,266.0
2025-04-16 07:20:00,3278.46,3278.67,3275.26,3275.44,263.0
2025-04-16 07:25:00,3275.52,3275.87,3270.88,3271.53,363.0
2025-04-16 07:30:00,3271.6,3273.75,3270.4,3271.15,352.0
2025-04-16 07:35:00,3270.86,3273.0,3269.32,3272.92,378.0
2025-04-16 07:40:00,3272.76,3280.03,3272.75,3279.23,413.0
2025-04-16 07:45:00,3279.24,3281.29,3276.78,3279.54,343.0
2025-04-16 07:50:00,3279.37,3282.63,3279.03,3282.45,285.0
2025-04-16 07:55:00,3282.44,3287.59,3282.21,3283.65,403.0
2025-04-16 08:00:00,3283.69,3287.03,3283.62,3286.59,323.0
2025-04-16 08:05:00,3286.58,3289.06,3286.29,3287.45,317.0
2025-04-16 08:10:00,3287.46,3288.5,3284.63,3287.25,350.0
2025-04-16 08:15:00,3287.31,3290.63,3286.24,3289.34,290.0
2025-04-16 08:20:00,3289.22,3290.09,3288.25,3289.54,305.0
2025-04-16 08:25:00,3289.53,3289.88,3288.58,3289.19,319.0
2025-04-16 08:30:00,3289.02,3291.67,3287.7,3291.53,428.0
2025-04-16 08:35:00,3290.74,3290.94,3288.55,3289.3,376.0
2025-04-16 08:40:00,3289.27,3289.87,3288.35,3288.89,351.0
2025-04-16 08:45:00,3288.89,3288.89,3286.56,3287.92,384.0
2025-04-16 08:50:00,3288.0,3291.13,3288.0,3290.06,311.0
2025-04-16 08:55:00,3290.06,3290.66,3287.71,3289.72,389.0
2025-04-16 09:00:00,3289.56,3289.56,3286.11,3286.96,410.0
2025-04-16 09:05:00,3287.11,3288.91,3286.77,3287.81,380.0
2025-04-16 09:10:00,3287.86,3290.14,3287.53,3289.55,370.0
2025-04-16 09:15:00,3289.77,3290.72,3289.52,3290.67,347.0
2025-04-16 09:20:00,3290.68,3292.68,3289.74,3290.46,380.0
2025-04-16 09:25:00,3290.43,3291.21,3289.48,3290.2,334.0
2025-04-16 09:30:00,3290.27,3293.68,3290.14,3293.09,409.0
2025-04-16 09:35:00,3293.08,3295.06,3289.5,3289.74,449.0
2025-04-16 09:40:00,3289.76,3291.59,3286.84,3288.75,422.0
2025-04-16 09:45:00,3288.83,3289.92,3287.4,3289.37,397.0
2025-04-16 09:50:00,3289.32,3291.14,3287.72,3290.26,395.0
2025-04-16 09:55:00,3290.25,3292.0,3289.73,3291.81,363.0
2025-04-16 10:00:00,3291.82,3297.18,3291.82,3295.01,464.0
2025-04-16 10:05:00,3295.14,3297.47,3291.8,3292.06,444.0
2025-04-16 10:10:00,3292.09,3298.0,3291.34,3297.09,434.0
2025-04-16 10:15:00,3297.2,3297.97,3293.11,3294.37,379.0
2025-04-16 10:20:00,3294.2,3294.63,3292.28,3294.51,382.0
2025-04-16 10:25:00,3294.28,3297.51,3293.4,3297.13,400.0
2025-04-16 10:30:00,3297.33,3297.33,3294.69,3295.15,413.0
2025-04-16 10:35:00,3295.14,3297.54,3294.51,3295.41,396.0
2025-04-16 10:40:00,3295.46,3296.28,3294.65,3294.98,327.0
2025-04-16 10:45:00,3294.85,3299.86,3294.82,3299.44,372.0
2025-04-16 10:50:00,3299.48,3300.61,3297.59,3297.92,376.0
2025-04-16 10:55:00,3297.84,3300.45,3294.84,3300.45,400.0
2025-04-16 11:00:00,3300.23,3306.95,3299.51,3306.85,453.0
2025-04-16 11:05:00,3306.86,3307.33,3304.0,3305.29,416.0
2025-04-16 11:10:00,3305.18,3309.7,3303.53,3309.65,433.0
2025-04-16 11:15:00,3309.72,3317.76,3309.57,3312.31,481.0
2025-04-16 11:20:00,3312.34,3313.89,3310.07,3313.62,448.0
2025-04-16 11:25:00,3313.66,3315.49,3299.75,3299.75,488.0
2025-04-16 11:30:00,3299.68,3300.95,3288.62,3295.44,543.0
2025-04-16 11:35:00,3295.51,3297.45,3291.69,3293.28,495.0
2025-04-16 11:40:00,3293.4,3296.04,3290.91,3292.35,489.0
2025-04-16 11:45:00,3292.33,3303.69,3291.0,3302.24,463.0
2025-04-16 11:50:00,3302.23,3309.39,3302.23,3307.13,453.0
2025-04-16 11:55:00,3306.96,3309.8,3305.44,3306.96,428.0
2025-04-16 12:00:00,3306.93,3307.36,3304.63,3306.15,386.0
2025-04-16 12:05:00,3305.95,3307.75,3300.16,3303.9,447.0
2025-04-16 12:10:00,3304.11,3307.55,3302.37,3307.06,406.0
2025-04-16 12:15:00,3307.07,3310.85,3306.27,3309.63,419.0
2025-04-16 12:20:00,3309.56,3309.76,3305.98,3307.38,372.0
2025-04-16 12:25:00,3307.38,3308.47,3305.39,3305.39,368.0
2025-04-16 12:30:00,3305.38,3306.05,3303.46,3305.33,384.0
2025-04-16 12:35:00,3305.33,3306.86,3304.67,3306.45,348.0
2025-04-16 12:40:00,3306.62,3307.35,3302.05,3302.08,350.0
2025-04-16 12:45:00,3302.07,3304.72,3301.84,3304.41,341.0
2025-04-16 12:50:00,3304.42,3305.16,3303.73,3303.76,319.0
2025-04-16 12:55:00,3303.8,3304.94,3303.0,3303.46,329.0
2025-04-16 13:00:00,3303.52,3305.96,3303.28,3303.31,348.0
2025-04-16 13:05:00,3303.38,3303.8,3299.79,3301.62,348.0
2025-04-16 13:10:00,3301.55,3302.0,3299.83,3299.92,340.0
2025-04-16 13:15:00,3299.91,3302.8,3299.63,3302.3,358.0
2025-04-16 13:20:00,3302.36,3304.54,3301.82,3303.85,321.0
2025-04-16 13:25:00,3303.85,3304.21,3302.68,3303.96,346.0
2025-04-16 13:30:00,3303.94,3304.41,3302.25,3302.98,334.0
2025-04-16 13:35:00,3302.89,3304.97,3302.53,3304.63,314.0
2025-04-16 13:40:00,3304.6,3305.19,3303.31,3304.73,320.0
2025-04-16 13:45:00,3304.38,3306.36,3302.27,3305.33,358.0
2025-04-16 13:50:00,3305.29,3306.81,3304.02,3304.42,328.0
2025-04-16 13:55:00,3304.42,3304.9,3303.11,3304.11,269.0
2025-04-16 14:00:00,3304.12,3305.32,3299.97,3302.51,366.0
2025-04-16 14:05:00,3302.48,3303.27,3297.44,3297.92,374.0
2025-04-16 14:10:00,3297.8,3298.79,3296.3,3297.72,355.0
2025-04-16 14:15:00,3297.69,3300.59,3297.69,3300.23,376.0
2025-04-16 14:20:00,3300.2,3300.2,3294.98,3295.26,353.0
2025-04-16 14:25:00,3295.3,3297.48,3293.17,3294.8,368.0
2025-04-16 14:30:00,3294.99,3300.19,3294.99,3299.25,343.0
2025-04-16 14:35:00,3299.19,3299.47,3296.12,3298.68,316.0
2025-04-16 14:40:00,3298.63,3303.66,3297.4,3302.91,340.0
2025-04-16 14:45:00,3302.98,3311.15,3302.98,3310.59,465.0
2025-04-16 14:50:00,3309.92,3311.13,3308.71,3310.63,423.0
2025-04-16 14:55:00,3310.32,3313.7,3306.51,3306.86,422.0
2025-04-16 15:00:00,3306.71,3308.35,3304.84,3306.18,419.0
2025-04-16 15:05:00,3306.11,3309.12,3305.63,3307.63,379.0
2025-04-16 15:10:00,3307.48,3309.6,3306.73,3307.1,388.0
2025-04-16 15:15:00,3307.17,3307.87,3305.82,3306.06,362.0
2025-04-16 15:20:00,3306.58,3308.96,3304.89,3305.27,427.0
2025-04-16 15:25:00,3305.24,3307.85,3305.13,3306.86,332.0
2025-04-16 15:30:00,3306.95,3308.29,3305.27,3306.36,405.0
2025-04-16 15:35:00,3306.35,3307.92,3303.08,3303.55,417.0
2025-04-16 15:40:00,3303.7,3312.54,3302.52,3312.42,439.0
2025-04-16 15:45:00,3312.73,3313.29,3310.37,3311.98,417.0
2025-04-16 15:50:00,3311.99,3312.87,3307.89,3308.88,436.0
2025-04-16 15:55:00,3308.81,3310.77,3305.91,3307.31,439.0
2025-04-16 16:00:00,3307.54,3309.17,3304.95,3307.26,472.0
2025-04-16 16:05:00,3307.3,3310.19,3307.01,3310.05,428.0
2025-04-16 16:10:00,3310.07,3311.14,3306.52,3306.55,383.0
2025-04-16 16:15:00,3306.2,3306.27,3303.77,3304.86,428.0
2025-04-16 16:20:00,3304.83,3308.84,3300.02,3300.36,476.0
2025-04-16 16:25:00,3300.31,3305.94,3299.02,3304.97,463.0
2025-04-16 16:30:00,3304.74,3306.52,3302.65,3303.31,504.0
2025-04-16 16:35:00,3303.33,3304.66,3297.14,3298.01,489.0
2025-04-16 16:40:00,3297.8,3300.01,3296.92,3298.56,434.0
2025-04-16 16:45:00,3298.43,3305.32,3298.43,3304.78,454.0
2025-04-16 16:50:00,3305.03,3310.28,3305.03,3309.87,497.0
2025-04-16 16:55:00,3310.04,3316.45,3309.65,3311.59,483.0
2025-04-16 17:00:00,3311.74,3319.49,3311.74,3315.6,525.0
2025-04-16 17:05:00,3315.69,3317.72,3312.55,3313.35,511.0
2025-04-16 17:10:00,3313.48,3313.48,3307.39,3309.05,483.0
2025-04-16 17:15:00,3309.14,3314.04,3307.54,3311.12,488.0
2025-04-16 17:20:00,3311.27,3314.56,3310.23,3313.53,473.0
2025-04-16 17:25:00,3313.62,3314.59,3312.26,3312.96,435.0
2025-04-16 17:30:00,3312.92,3314.72,3309.47,3309.95,452.0
2025-04-16 17:35:00,3309.84,3312.41,3309.63,3312.21,437.0
2025-04-16 17:40:00,3312.28,3313.57,3309.77,3309.77,448.0
2025-04-16 17:45:00,3309.69,3312.56,3308.74,3310.31,461.0
2025-04-16 17:50:00,3310.35,3310.35,3307.07,3308.94,455.0
2025-04-16 17:55:00,3308.98,3309.62,3306.26,3308.42,492.0
2025-04-16 18:00:00,3308.43,3313.3,3306.2,3312.7,488.0
2025-04-16 18:05:00,3312.83,3314.26,3305.84,3307.12,468.0
2025-04-16 18:10:00,3307.14,3309.43,3305.24,3309.12,461.0
2025-04-16 18:15:00,3309.17,3311.94,3308.91,3311.02,439.0
2025-04-16 18:20:00,3310.96,3311.95,3308.72,3311.38,434.0
2025-04-16 18:25:00,3311.38,3314.02,3310.68,3314.02,437.0
2025-04-16 18:30:00,3314.15,3317.52,3313.9,3315.85,438.0
2025-04-16 18:35:00,3315.79,3319.3,3315.51,3318.38,426.0
2025-04-16 18:40:00,3317.77,3325.1,3317.69,3321.94,450.0
2025-04-16 18:45:00,3322.05,3324.17,3321.04,3323.75,432.0
2025-04-16 18:50:00,3323.66,3328.11,3323.62,3328.04,429.0
2025-04-16 18:55:00,3327.98,3327.98,3325.07,3325.28,417.0
2025-04-16 19:00:00,3325.3,3328.41,3324.34,3326.41,450.0
2025-04-16 19:05:00,3326.33,3327.42,3324.68,3327.34,417.0
2025-04-16 19:10:00,3327.33,3328.45,3326.0,3326.28,397.0
2025-04-16 19:15:00,3326.27,3328.88,3325.99,3328.85,408.0
2025-04-16 19:20:00,3328.77,3332.03,3327.98,3331.44,401.0
2025-04-16 19:25:00,3331.53,3333.02,3330.4,3332.06,408.0
2025-04-16 19:30:00,3332.05,3332.23,3329.9,3331.51,400.0
2025-04-16 19:35:00,3331.51,3331.74,3327.65,3327.8,410.0
2025-04-16 19:40:00,3327.64,3327.64,3321.48,3322.52,447.0
2025-04-16 19:45:00,3322.56,3326.38,3322.28,3325.67,434.0
2025-04-16 19:50:00,3325.66,3325.94,3324.09,3324.52,395.0
2025-04-16 19:55:00,3324.49,3327.24,3324.49,3327.24,416.0
2025-04-16 20:00:00,3327.31,3328.69,3325.44,3326.87,434.0
2025-04-16 20:05:00,3326.9,3327.38,3325.5,3327.08,407.0
2025-04-16 20:10:00,3327.08,3328.02,3326.44,3326.67,363.0
2025-04-16 20:15:00,3326.69,3329.69,3326.56,3328.84,418.0
2025-04-16 20:20:00,3328.78,3329.83,3327.86,3329.35,419.0
2025-04-16 20:25:00,3329.39,3330.42,3328.48,3329.98,407.0
2025-04-16 20:30:00,3329.75,3330.08,3324.48,3329.93,447.0
2025-04-16 20:35:00,3329.89,3332.8,3329.4,3331.14,443.0
2025-04-16 20:40:00,3331.11,3331.15,3327.51,3330.06,427.0
2025-04-16 20:45:00,3328.44,3329.81,3327.7,3329.14,411.0
2025-04-16 20:50:00,3329.15,3329.39,3327.11,3328.53,427.0
2025-04-16 20:55:00,3328.53,3329.21,3325.95,3328.19,419.0
2025-04-16 21:00:00,3328.08,3332.46,3326.42,3332.34,426.0
2025-04-16 21:05:00,3332.36,3332.93,3328.83,3328.86,409.0
2025-04-16 21:10:00,3328.93,3332.17,3328.42,3332.16,391.0
2025-04-16 21:15:00,3332.35,3332.92,3331.68,3332.03,411.0
2025-04-16 21:20:00,3331.98,3336.41,3331.95,3336.21,405.0
2025-04-16 21:25:00,3336.27,3338.87,3336.09,3338.37,418.0
2025-04-16 21:30:00,3338.23,3338.34,3336.36,3337.82,397.0
2025-04-16 21:35:00,3337.75,3339.38,3336.82,3338.86,393.0
2025-04-16 21:40:00,3338.76,3339.49,3337.45,3338.1,383.0
2025-04-16 21:45:00,3338.09,3340.42,3338.09,3340.23,394.0
2025-04-16 21:50:00,3340.12,3340.47,3337.5,3339.88,393.0
2025-04-16 21:55:00,3339.91,3340.73,3337.29,3338.36,411.0
2025-04-16 22:00:00,3338.39,3339.55,3337.48,3339.47,412.0
2025-04-16 22:05:00,3339.46,3342.47,3339.46,3342.22,413.0
2025-04-16 22:10:00,3342.03,3342.17,3338.36,3338.92,417.0
2025-04-16 22:15:00,3338.99,3339.79,3338.05,3338.98,387.0
2025-04-16 22:20:00,3338.98,3341.09,3338.59,3340.19,390.0
2025-04-16 22:25:00,3340.24,3341.19,3339.28,3339.56,392.0
2025-04-16 22:30:00,3339.55,3340.18,3338.68,3338.74,385.0
2025-04-16 22:35:00,3338.77,3339.71,3338.35,3339.28,379.0
2025-04-16 22:40:00,3339.24,3339.58,3336.66,3338.09,403.0
2025-04-16 22:45:00,3338.35,3339.83,3337.13,3339.74,392.0
2025-04-16 22:50:00,3339.75,3339.93,3337.23,3339.14,401.0
2025-04-16 22:55:00,3338.98,3338.98,3335.99,3336.46,406.0
2025-04-16 23:00:00,3336.59,3339.97,3336.39,3339.05,244.0
2025-04-16 23:05:00,3339.06,3339.68,3337.49,3337.69,212.0
2025-04-16 23:10:00,3337.77,3337.77,3334.47,3334.49,264.0
2025-04-16 23:15:00,3334.64,3336.48,3334.54,3336.26,225.0
2025-04-16 23:20:00,3336.26,3337.99,3335.88,3337.73,195.0
2025-04-16 23:25:00,3337.75,3338.88,3336.53,3338.62,209.0
2025-04-16 23:30:00,3338.56,3339.04,3337.64,3338.69,225.0
2025-04-16 23:35:00,3338.68,3339.03,3337.53,3339.01,205.0
2025-04-16 23:40:00,3339.01,3339.22,3338.64,3339.16,196.0
2025-04-16 23:45:00,3339.21,3341.18,3338.61,3341.04,218.0
2025-04-16 23:50:00,3341.08,3342.26,3340.62,3341.57,264.0
2025-04-16 23:55:00,3341.48,3342.94,3341.46,3342.85,188.0
2025-04-17 01:00:00,3343.19,3350.93,3342.85,3348.6,567.0
2025-04-17 01:05:00,3348.6,3353.18,3348.6,3352.82,262.0
2025-04-17 01:10:00,3352.78,3355.98,3351.4,3354.4,313.0
2025-04-17 01:15:00,3354.39,3355.41,3353.32,3354.3,292.0
2025-04-17 01:20:00,3354.38,3357.65,3352.56,3353.53,313.0
2025-04-17 01:25:00,3353.49,3354.33,3352.45,3352.98,239.0
2025-04-17 01:30:00,3352.97,3354.8,3352.37,3352.7,282.0
2025-04-17 01:35:00,3352.7,3353.78,3351.75,3352.52,234.0
2025-04-17 01:40:00,3352.57,3354.56,3352.57,3353.0,264.0
2025-04-17 01:45:00,3352.75,3353.24,3352.16,3352.16,231.0
2025-04-17 01:50:00,3352.15,3352.48,3351.23,3352.1,221.0
2025-04-17 01:55:00,3352.0,3352.16,3350.48,3351.05,201.0
2025-04-17 02:00:00,3351.22,3353.44,3350.69,3351.84,292.0
2025-04-17 02:05:00,3351.87,3351.88,3349.66,3350.45,216.0
2025-04-17 02:10:00,3350.46,3351.16,3348.9,3349.97,192.0
2025-04-17 02:15:00,3349.96,3352.01,3349.47,3351.01,187.0
2025-04-17 02:20:00,3351.02,3351.56,3350.01,3350.58,208.0
2025-04-17 02:25:00,3350.58,3351.85,3350.26,3351.07,194.0
2025-04-17 02:30:00,3351.06,3351.56,3350.12,3351.23,250.0
2025-04-17 02:35:00,3351.21,3351.87,3349.86,3350.29,266.0
2025-04-17 02:40:00,3350.29,3351.63,3349.51,3351.48,271.0
2025-04-17 02:45:00,3351.5,3352.24,3350.84,3352.03,232.0
2025-04-17 02:50:00,3351.88,3352.43,3348.8,3349.09,280.0
2025-04-17 02:55:00,3349.08,3351.18,3346.96,3350.14,343.0
2025-04-17 03:00:00,3350.17,3350.64,3344.82,3346.09,417.0
2025-04-17 03:05:00,3346.06,3347.99,3343.68,3345.5,403.0
2025-04-17 03:10:00,3344.88,3346.36,3344.26,3345.41,353.0
2025-04-17 03:15:00,3345.41,3346.45,3344.42,3344.96,327.0
2025-04-17 03:20:00,3344.99,3346.36,3344.77,3345.79,300.0
2025-04-17 03:25:00,3345.75,3349.51,3345.35,3348.75,367.0
2025-04-17 03:30:00,3348.76,3351.3,3346.44,3347.63,350.0
2025-04-17 03:35:00,3347.67,3349.08,3346.38,3347.78,344.0
2025-04-17 03:40:00,3347.76,3347.76,3342.1,3342.84,382.0
2025-04-17 03:45:00,3342.83,3347.55,3342.79,3346.59,366.0
2025-04-17 03:50:00,3346.9,3348.51,3342.96,3343.49,370.0
2025-04-17 03:55:00,3343.73,3345.3,3342.02,3345.07,339.0
2025-04-17 04:00:00,3345.42,3348.19,3343.42,3346.73,440.0
2025-04-17 04:05:00,3346.72,3347.82,3344.04,3345.87,413.0
2025-04-17 04:10:00,3345.76,3353.28,3345.57,3352.85,399.0
2025-04-17 04:15:00,3353.07,3356.26,3352.81,3356.26,419.0
2025-04-17 04:20:00,3356.09,3356.1,3353.26,3353.66,366.0
2025-04-17 04:25:00,3353.77,3353.89,3347.62,3348.16,368.0
2025-04-17 04:30:00,3348.08,3348.08,3329.5,3338.09,512.0
2025-04-17 04:35:00,3338.05,3342.74,3336.29,3338.63,466.0
2025-04-17 04:40:00,3338.8,3344.12,3337.4,3342.88,442.0
2025-04-17 04:45:00,3342.68,3342.69,3328.3,3328.75,476.0
2025-04-17 04:50:00,3329.1,3332.35,3322.86,3322.86,478.0
2025-04-17 04:55:00,3323.61,3326.61,3320.87,3323.9,474.0
2025-04-17 05:00:00,3323.83,3330.23,3321.15,3329.17,474.0
2025-04-17 05:05:00,3328.78,3332.98,3328.66,3332.23,416.0
2025-04-17 05:10:00,3332.2,3335.08,3332.14,3335.08,417.0
2025-04-17 05:15:00,3335.03,3336.04,3332.26,3335.83,379.0
2025-04-17 05:20:00,3335.87,3338.51,3335.29,3338.32,367.0
2025-04-17 05:25:00,3338.45,3338.7,3336.64,3337.25,306.0
2025-04-17 05:30:00,3337.17,3339.89,3331.22,3334.72,391.0
2025-04-17 05:35:00,3334.45,3334.68,3330.35,3331.9,367.0
2025-04-17 05:40:00,3331.9,3332.9,3329.92,3331.73,380.0
2025-04-17 05:45:00,3331.52,3334.69,3329.62,3332.53,401.0
2025-04-17 05:50:00,3332.54,3336.33,3331.95,3336.28,350.0
2025-04-17 05:55:00,3336.29,3340.66,3335.39,3340.52,363.0
2025-04-17 06:00:00,3340.41,3340.41,3338.27,3338.98,367.0
2025-04-17 06:05:00,3339.0,3340.23,3338.63,3339.13,351.0
2025-04-17 06:10:00,3339.13,3341.68,3337.56,3340.82,341.0
2025-04-17 06:15:00,3341.04,3343.0,3339.07,3341.84,377.0
2025-04-17 06:20:00,3341.76,3342.25,3339.89,3341.72,272.0
2025-04-17 06:25:00,3341.7,3343.14,3341.45,3342.71,293.0
2025-04-17 06:30:00,3342.74,3343.1,3339.24,3341.57,341.0
2025-04-17 06:35:00,3341.58,3342.66,3340.61,3340.63,292.0
2025-04-17 06:40:00,3340.69,3342.21,3339.44,3341.98,336.0
2025-04-17 06:45:00,3341.96,3342.6,3340.31,3341.0,277.0
2025-04-17 06:50:00,3340.98,3343.97,3340.98,3343.88,293.0
2025-04-17 06:55:00,3343.93,3344.51,3342.76,3344.51,314.0
2025-04-17 07:00:00,3344.51,3344.51,3339.07,3342.04,383.0
2025-04-17 07:05:00,3341.89,3344.22,3341.52,3342.54,309.0
2025-04-17 07:10:00,3342.55,3344.09,3342.21,3343.7,263.0
2025-04-17 07:15:00,3343.63,3343.66,3341.6,3341.6,247.0
2025-04-17 07:20:00,3341.67,3342.69,3340.59,3341.19,275.0
2025-04-17 07:25:00,3341.13,3342.07,3340.37,3341.82,245.0
2025-04-17 07:30:00,3341.77,3341.83,3338.62,3339.79,279.0
2025-04-17 07:35:00,3339.73,3339.92,3338.64,3339.61,288.0
2025-04-17 07:40:00,3340.01,3340.17,3338.53,3338.59,280.0
2025-04-17 07:45:00,3338.56,3339.79,3338.49,3338.84,252.0
2025-04-17 07:50:00,3338.84,3339.71,3337.82,3339.32,258.0
2025-04-17 07:55:00,3339.42,3341.55,3339.37,3341.47,259.0
2025-04-17 08:00:00,3341.58,3345.4,3341.4,3342.02,325.0
2025-04-17 08:05:00,3341.93,3343.22,3337.46,3337.46,359.0
2025-04-17 08:10:00,3337.46,3339.45,3336.69,3336.74,293.0
2025-04-17 08:15:00,3336.77,3340.72,3336.74,3339.33,263.0
2025-04-17 08:20:00,3339.33,3339.78,3338.11,3338.16,246.0
2025-04-17 08:25:00,3338.16,3338.36,3336.9,3336.9,251.0
2025-04-17 08:30:00,3337.09,3337.09,3333.42,3335.65,404.0
2025-04-17 08:35:00,3335.6,3337.39,3335.32,3336.57,351.0
2025-04-17 08:40:00,3336.6,3336.62,3333.34,3333.34,351.0
2025-04-17 08:45:00,3333.3,3336.15,3332.14,3332.28,349.0
2025-04-17 08:50:00,3332.2,3333.36,3331.63,3332.5,345.0
2025-04-17 08:55:00,3332.51,3333.15,3328.42,3329.4,349.0
2025-04-17 09:00:00,3329.5,3330.36,3325.16,3326.39,443.0
2025-04-17 09:05:00,3326.35,3329.81,3326.16,3329.5,421.0
2025-04-17 09:10:00,3329.5,3330.9,3328.64,3330.74,410.0
2025-04-17 09:15:00,3330.85,3332.95,3330.84,3332.35,384.0
2025-04-17 09:20:00,3332.14,3332.64,3327.75,3327.77,379.0
2025-04-17 09:25:00,3327.84,3329.31,3325.54,3327.93,406.0
2025-04-17 09:30:00,3327.9,3331.42,3327.12,3331.1,386.0
2025-04-17 09:35:00,3331.15,3332.9,3330.18,3331.36,373.0
2025-04-17 09:40:00,3331.4,3332.17,3328.96,3329.1,344.0
2025-04-17 09:45:00,3329.07,3332.24,3328.84,3331.95,339.0
2025-04-17 09:50:00,3332.25,3332.38,3328.31,3328.31,356.0
2025-04-17 09:55:00,3328.53,3330.21,3328.37,3328.87,347.0
2025-04-17 10:00:00,3328.86,3329.96,3325.52,3329.49,389.0
2025-04-17 10:05:00,3329.67,3329.67,3322.94,3324.23,415.0
2025-04-17 10:10:00,3324.27,3324.73,3320.23,3322.07,397.0
2025-04-17 10:15:00,3322.04,3323.07,3314.76,3318.27,449.0
2025-04-17 10:20:00,3318.42,3320.23,3314.23,3317.74,427.0
2025-04-17 10:25:00,3317.82,3319.42,3316.55,3316.87,388.0
2025-04-17 10:30:00,3316.88,3321.38,3316.63,3319.0,405.0
2025-04-17 10:35:00,3319.02,3322.68,3318.49,3322.21,411.0
2025-04-17 10:40:00,3322.28,3325.12,3321.91,3323.05,378.0
2025-04-17 10:45:00,3323.14,3324.19,3320.66,3320.93,346.0
2025-04-17 10:50:00,3320.89,3322.72,3320.44,3321.4,351.0
2025-04-17 10:55:00,3321.36,3323.52,3321.33,3323.48,344.0
2025-04-17 11:00:00,3323.34,3324.79,3320.59,3321.5,374.0
2025-04-17 11:05:00,3321.16,3323.59,3319.78,3323.05,354.0
2025-04-17 11:10:00,3322.87,3324.62,3322.17,3322.34,317.0
2025-04-17 11:15:00,3322.33,3323.42,3321.45,3321.64,295.0
2025-04-17 11:20:00,3321.43,3321.74,3317.6,3320.03,369.0
2025-04-17 11:25:00,3320.0,3320.02,3316.87,3316.95,374.0
2025-04-17 11:30:00,3316.88,3317.81,3314.66,3314.81,364.0
2025-04-17 11:35:00,3315.07,3317.6,3312.99,3317.31,354.0
2025-04-17 11:40:00,3317.36,3321.29,3316.82,3318.32,388.0
2025-04-17 11:45:00,3318.44,3321.36,3318.21,3321.27,327.0
2025-04-17 11:50:00,3321.26,3322.61,3321.11,3321.72,302.0
2025-04-17 11:55:00,3321.69,3324.24,3321.37,3324.23,349.0
2025-04-17 12:00:00,3324.19,3324.62,3320.85,3321.56,349.0
2025-04-17 12:05:00,3321.51,3321.86,3320.65,3321.29,280.0
2025-04-17 12:10:00,3321.34,3322.55,3320.65,3322.47,269.0
2025-04-17 12:15:00,3322.39,3324.53,3322.23,3324.24,296.0
2025-04-17 12:20:00,3324.25,3326.09,3323.86,3326.05,326.0
2025-04-17 12:25:00,3326.11,3326.86,3321.71,3324.0,392.0
2025-04-17 12:30:00,3323.95,3324.62,3323.26,3323.93,338.0
2025-04-17 12:35:00,3323.94,3323.94,3322.23,3323.57,310.0
2025-04-17 12:40:00,3323.55,3324.37,3322.04,3322.04,276.0
2025-04-17 12:45:00,3322.01,3323.66,3321.76,3323.27,260.0
2025-04-17 12:50:00,3323.21,3323.5,3321.35,3321.35,294.0
2025-04-17 12:55:00,3321.31,3323.32,3321.31,3321.63,301.0
2025-04-17 13:00:00,3321.61,3322.75,3321.07,3321.73,315.0
2025-04-17 13:05:00,3321.75,3323.35,3321.45,3322.81,318.0
2025-04-17 13:10:00,3322.84,3324.53,3322.82,3324.18,332.0
2025-04-17 13:15:00,3324.19,3324.46,3322.48,3323.25,316.0
2025-04-17 13:20:00,3323.01,3325.01,3322.82,3324.47,351.0
2025-04-17 13:25:00,3324.44,3333.85,3324.08,3325.68,383.0
2025-04-17 13:30:00,3325.56,3328.62,3325.1,3328.26,372.0
2025-04-17 13:35:00,3328.39,3329.84,3327.8,3328.72,336.0
2025-04-17 13:40:00,3328.77,3329.68,3327.82,3328.63,304.0
2025-04-17 13:45:00,3328.38,3329.17,3327.7,3328.77,292.0
2025-04-17 13:50:00,3328.67,3328.7,3326.45,3326.93,312.0
2025-04-17 13:55:00,3326.91,3327.92,3326.06,3327.51,316.0
2025-04-17 14:00:00,3327.61,3329.73,3326.98,3328.32,340.0
2025-04-17 14:05:00,3328.23,3328.97,3327.46,3328.83,281.0
2025-04-17 14:10:00,3328.92,3331.05,3328.92,3329.84,296.0
2025-04-17 14:15:00,3329.36,3332.28,3327.84,3331.63,348.0
2025-04-17 14:20:00,3331.6,3332.47,3329.0,3329.01,350.0
2025-04-17 14:25:00,3329.01,3329.19,3323.16,3326.9,372.0
2025-04-17 14:30:00,3326.7,3327.38,3325.95,3326.07,272.0
2025-04-17 14:35:00,3326.49,3329.74,3324.46,3325.05,355.0
2025-04-17 14:40:00,3325.22,3325.81,3322.53,3323.13,331.0
2025-04-17 14:45:00,3323.18,3324.74,3322.71,3324.74,329.0
2025-04-17 14:50:00,3324.83,3325.08,3322.42,3323.95,355.0
2025-04-17 14:55:00,3323.92,3327.59,3323.92,3327.47,367.0
2025-04-17 15:00:00,3327.42,3331.89,3327.35,3330.94,411.0
2025-04-17 15:05:00,3330.97,3332.45,3329.44,3330.41,397.0
2025-04-17 15:10:00,3330.53,3338.68,3329.48,3336.29,346.0
2025-04-17 15:15:00,3336.51,3342.17,3333.93,3333.94,416.0
2025-04-17 15:20:00,3333.84,3334.51,3328.17,3328.17,437.0
2025-04-17 15:25:00,3328.19,3328.48,3325.3,3325.78,388.0
2025-04-17 15:30:00,3325.55,3329.37,3322.82,3328.02,403.0
2025-04-17 15:35:00,3328.02,3328.93,3324.02,3326.63,424.0
2025-04-17 15:40:00,3326.62,3326.74,3323.75,3324.11,408.0
2025-04-17 15:45:00,3323.94,3327.57,3323.91,3325.74,399.0
2025-04-17 15:50:00,3325.84,3327.53,3323.75,3323.81,390.0
2025-04-17 15:55:00,3323.6,3328.31,3322.3,3328.15,412.0
2025-04-17 16:00:00,3328.34,3331.38,3325.07,3325.85,441.0
2025-04-17 16:05:00,3325.33,3331.31,3325.27,3329.8,419.0
2025-04-17 16:10:00,3329.68,3329.74,3325.44,3326.02,392.0
2025-04-17 16:15:00,3326.37,3329.16,3325.83,3326.21,381.0
2025-04-17 16:20:00,3326.22,3326.32,3321.62,3323.7,425.0
2025-04-17 16:25:00,3323.94,3325.75,3321.91,3322.5,410.0
2025-04-17 16:30:00,3322.94,3325.38,3320.18,3323.77,460.0
2025-04-17 16:35:00,3323.6,3330.3,3323.38,3330.3,455.0
2025-04-17 16:40:00,3330.33,3331.96,3328.8,3329.49,444.0
2025-04-17 16:45:00,3329.47,3329.66,3320.09,3322.49,456.0
2025-04-17 16:50:00,3322.53,3323.57,3314.94,3317.81,470.0
2025-04-17 16:55:00,3317.82,3318.49,3311.96,3314.81,477.0
2025-04-17 17:00:00,3314.89,3314.89,3305.3,3307.03,497.0
2025-04-17 17:05:00,3306.58,3313.72,3306.53,3309.13,481.0
2025-04-17 17:10:00,3309.3,3313.55,3308.51,3312.58,449.0
2025-04-17 17:15:00,3312.58,3313.51,3307.88,3309.11,446.0
2025-04-17 17:20:00,3309.08,3310.09,3306.26,3309.18,462.0
2025-04-17 17:25:00,3309.32,3310.13,3301.66,3303.55,457.0
2025-04-17 17:30:00,3303.84,3304.43,3289.69,3293.03,508.0
2025-04-17 17:35:00,3292.9,3295.19,3283.84,3292.29,502.0
2025-04-17 17:40:00,3292.31,3297.33,3292.31,3294.67,447.0
2025-04-17 17:45:00,3294.78,3296.79,3289.68,3289.84,440.0
2025-04-17 17:50:00,3289.82,3292.77,3286.15,3287.93,468.0
2025-04-17 17:55:00,3287.94,3292.3,3286.73,3291.18,469.0
2025-04-17 18:00:00,3291.31,3297.82,3290.86,3295.9,451.0
2025-04-17 18:05:00,3295.9,3301.51,3295.58,3297.3,468.0
2025-04-17 18:10:00,3297.11,3303.78,3296.95,3303.39,470.0
2025-04-17 18:15:00,3303.31,3304.74,3300.23,3303.75,453.0
2025-04-17 18:20:00,3303.7,3303.77,3297.96,3298.21,426.0
2025-04-17 18:25:00,3298.2,3299.78,3297.19,3298.02,419.0
2025-04-17 18:30:00,3297.71,3299.14,3295.66,3296.84,409.0
2025-04-17 18:35:00,3296.84,3299.53,3293.46,3299.11,407.0
2025-04-17 18:40:00,3299.11,3299.84,3296.24,3297.25,380.0
2025-04-17 18:45:00,3297.47,3298.24,3295.02,3295.38,389.0
2025-04-17 18:50:00,3295.43,3299.4,3294.8,3295.17,396.0
2025-04-17 18:55:00,3295.36,3297.81,3295.27,3296.32,392.0
2025-04-17 19:00:00,3296.8,3298.3,3294.96,3298.05,404.0
2025-04-17 19:05:00,3298.34,3299.96,3297.12,3297.93,413.0
2025-04-17 19:10:00,3297.92,3299.7,3296.85,3299.7,400.0
2025-04-17 19:15:00,3299.75,3305.45,3299.74,3304.66,412.0
2025-04-17 19:20:00,3304.67,3309.71,3304.67,3308.36,421.0
2025-04-17 19:25:00,3308.27,3310.03,3305.66,3309.85,408.0
2025-04-17 19:30:00,3309.89,3312.32,3309.76,3312.02,408.0
2025-04-17 19:35:00,3311.93,3313.68,3311.55,3313.22,409.0
2025-04-17 19:40:00,3313.11,3313.22,3310.27,3310.42,421.0
2025-04-17 19:45:00,3310.36,3316.4,3308.71,3316.35,423.0
2025-04-17 19:50:00,3316.52,3318.65,3315.27,3316.45,436.0
2025-04-17 19:55:00,3316.52,3317.92,3315.97,3316.04,389.0
2025-04-17 20:00:00,3316.17,3319.47,3315.94,3319.37,406.0
2025-04-17 20:05:00,3319.17,3319.17,3316.25,3318.27,370.0
2025-04-17 20:10:00,3318.34,3322.35,3318.02,3319.32,394.0
2025-04-17 20:15:00,3319.36,3320.38,3316.65,3318.44,385.0
2025-04-17 20:20:00,3318.54,3319.0,3317.02,3317.53,353.0
2025-04-17 20:25:00,3317.53,3318.15,3314.76,3315.1,379.0
2025-04-17 20:30:00,3315.23,3317.77,3314.32,3316.19,362.0
2025-04-17 20:35:00,3316.16,3317.63,3315.51,3316.94,333.0
2025-04-17 20:40:00,3316.92,3318.59,3316.92,3318.54,343.0
2025-04-17 20:45:00,3318.61,3321.19,3318.53,3320.79,358.0
2025-04-17 20:50:00,3320.72,3322.27,3320.72,3321.68,327.0
2025-04-17 20:55:00,3321.74,3322.22,3317.9,3318.94,344.0
2025-04-17 21:00:00,3319.0,3319.25,3317.66,3319.25,324.0
2025-04-17 21:05:00,3319.25,3320.76,3318.43,3320.5,335.0
2025-04-17 21:10:00,3320.48,3320.87,3319.19,3319.27,346.0
2025-04-17 21:15:00,3319.29,3319.58,3317.96,3318.62,331.0
2025-04-17 21:20:00,3318.55,3319.69,3318.38,3319.33,276.0
2025-04-17 21:25:00,3319.32,3320.35,3319.23,3319.36,313.0
2025-04-17 21:30:00,3319.2,3319.22,3316.4,3316.56,309.0
2025-04-17 21:35:00,3316.65,3318.57,3315.6,3315.6,294.0
2025-04-17 21:40:00,3315.67,3316.88,3315.01,3316.69,310.0
2025-04-17 21:45:00,3316.66,3316.79,3314.36,3315.62,343.0
2025-04-17 21:50:00,3315.64,3317.42,3315.26,3316.83,317.0
2025-04-17 21:55:00,3317.0,3317.41,3315.57,3316.46,302.0
2025-04-17 22:00:00,3316.45,3317.95,3316.31,3316.88,306.0
2025-04-17 22:05:00,3316.67,3317.17,3315.61,3316.44,330.0
2025-04-17 22:10:00,3316.44,3316.73,3315.47,3315.59,330.0
2025-04-17 22:15:00,3315.5,3315.64,3313.39,3313.79,357.0
2025-04-17 22:20:00,3313.69,3313.82,3311.01,3312.02,335.0
2025-04-17 22:25:00,3312.08,3313.59,3311.71,3312.73,331.0
2025-04-17 22:30:00,3312.75,3317.0,3312.2,3317.0,313.0
2025-04-17 22:35:00,3317.03,3319.26,3316.86,3318.34,351.0
2025-04-17 22:40:00,3318.42,3320.17,3317.9,3320.08,320.0
2025-04-17 22:45:00,3320.12,3321.62,3319.26,3319.35,321.0
2025-04-17 22:50:00,3319.31,3321.86,3319.23,3321.32,350.0
2025-04-17 22:55:00,3321.35,3321.87,3319.03,3320.73,365.0
2025-04-17 23:00:00,3320.73,3320.88,3317.98,3320.37,256.0
2025-04-17 23:05:00,3320.39,3321.9,3319.86,3321.62,189.0
2025-04-17 23:10:00,3321.62,3322.45,3320.66,3321.96,200.0
2025-04-17 23:15:00,3321.9,3321.9,3320.51,3321.29,184.0
2025-04-17 23:20:00,3321.3,3323.57,3320.94,3323.42,151.0
2025-04-17 23:25:00,3323.45,3325.01,3322.82,3324.92,172.0
2025-04-17 23:30:00,3324.91,3325.07,3324.02,3325.01,204.0
2025-04-17 23:35:00,3325.03,3326.55,3324.78,3326.55,166.0
2025-04-17 23:40:00,3326.53,3327.42,3326.2,3327.08,145.0
2025-04-17 23:45:00,3327.0,3328.39,3326.14,3328.38,255.0
2025-04-17 23:50:00,3328.36,3328.73,3326.87,3327.94,216.0
2025-04-17 23:55:00,3328.42,3328.42,3327.18,3327.24,162.0
2025-04-21 01:00:00,3332.92,3335.43,3329.03,3331.9,644.0
2025-04-21 01:05:00,3332.9,3336.93,3331.31,3332.48,265.0
2025-04-21 01:10:00,3332.62,3338.5,3331.88,3338.38,314.0
2025-04-21 01:15:00,3338.26,3348.42,3338.18,3347.29,417.0
2025-04-21 01:20:00,3347.26,3353.09,3345.09,3346.71,394.0
2025-04-21 01:25:00,3346.73,3349.13,3342.97,3343.42,334.0
2025-04-21 01:30:00,3343.43,3347.11,3343.37,3344.38,321.0
2025-04-21 01:35:00,3344.3,3345.78,3340.86,3345.73,308.0
2025-04-21 01:40:00,3345.77,3347.96,3345.52,3346.79,310.0
2025-04-21 01:45:00,3346.55,3346.64,3343.3,3343.62,278.0
2025-04-21 01:50:00,3343.61,3345.44,3342.49,3345.42,276.0
2025-04-21 01:55:00,3345.44,3348.24,3345.04,3346.03,301.0
2025-04-21 02:00:00,3346.25,3349.74,3343.45,3348.96,308.0
2025-04-21 02:05:00,3348.97,3351.6,3344.47,3350.91,367.0
2025-04-21 02:10:00,3350.66,3350.66,3346.78,3347.79,308.0
2025-04-21 02:15:00,3347.8,3348.42,3344.73,3346.74,276.0
2025-04-21 02:20:00,3346.75,3346.95,3344.03,3346.52,256.0
2025-04-21 02:25:00,3346.61,3348.96,3344.69,3348.64,254.0
2025-04-21 02:30:00,3348.66,3350.77,3347.37,3347.37,277.0
2025-04-21 02:35:00,3347.36,3348.07,3345.01,3347.39,313.0
2025-04-21 02:40:00,3347.4,3347.42,3344.04,3346.43,262.0
2025-04-21 02:45:00,3346.44,3349.36,3346.44,3349.2,333.0
2025-04-21 02:50:00,3349.16,3349.7,3346.82,3347.08,302.0
2025-04-21 02:55:00,3347.1,3348.98,3344.69,3348.05,330.0
2025-04-21 03:00:00,3348.28,3354.12,3347.49,3353.54,403.0
2025-04-21 03:05:00,3353.55,3355.07,3352.78,3353.74,385.0
2025-04-21 03:10:00,3353.74,3356.15,3352.44,3354.25,383.0
2025-04-21 03:15:00,3354.25,3355.87,3353.0,3355.45,330.0
2025-04-21 03:20:00,3355.46,3355.56,3352.37,3353.27,345.0
2025-04-21 03:25:00,3353.33,3356.14,3353.28,3355.57,317.0
2025-04-21 03:30:00,3355.55,3359.39,3355.35,3358.72,389.0
2025-04-21 03:35:00,3358.83,3364.31,3357.33,3360.91,408.0
2025-04-21 03:40:00,3360.91,3370.48,3359.61,3369.82,382.0
2025-04-21 03:45:00,3369.85,3369.87,3365.62,3366.14,396.0
2025-04-21 03:50:00,3366.27,3369.7,3364.96,3367.51,401.0
2025-04-21 03:55:00,3367.37,3368.98,3365.14,3368.73,403.0
2025-04-21 04:00:00,3368.38,3374.14,3368.38,3370.17,483.0
2025-04-21 04:05:00,3370.34,3376.46,3369.38,3373.46,467.0
2025-04-21 04:10:00,3373.48,3375.47,3371.24,3373.55,454.0
2025-04-21 04:15:00,3373.89,3375.7,3372.88,3373.48,423.0
2025-04-21 04:20:00,3373.57,3374.66,3367.29,3373.41,432.0
2025-04-21 04:25:00,3373.38,3373.38,3370.58,3370.99,393.0
2025-04-21 04:30:00,3370.97,3374.48,3370.42,3373.77,393.0
2025-04-21 04:35:00,3373.77,3376.02,3372.36,3375.9,350.0
2025-04-21 04:40:00,3375.84,3376.98,3375.42,3376.15,385.0
2025-04-21 04:45:00,3376.18,3377.05,3371.97,3373.63,390.0
2025-04-21 04:50:00,3373.62,3377.74,3373.55,3377.33,405.0
2025-04-21 04:55:00,3377.32,3378.45,3376.1,3377.53,400.0
2025-04-21 05:00:00,3377.55,3382.41,3377.55,3379.39,408.0
2025-04-21 05:05:00,3379.4,3380.71,3377.93,3378.09,360.0
2025-04-21 05:10:00,3378.19,3378.38,3374.21,3377.51,410.0
2025-04-21 05:15:00,3377.88,3380.42,3376.49,3380.03,369.0
2025-04-21 05:20:00,3379.96,3382.09,3379.19,3380.17,370.0
2025-04-21 05:25:00,3380.2,3381.88,3379.41,3381.52,375.0
2025-04-21 05:30:00,3381.57,3382.28,3379.59,3380.49,431.0
2025-04-21 05:35:00,3380.48,3383.89,3379.62,3383.82,379.0
2025-04-21 05:40:00,3383.86,3384.53,3381.96,3382.74,400.0
2025-04-21 05:45:00,3382.53,3384.11,3382.09,3382.98,345.0
2025-04-21 05:50:00,3383.0,3384.68,3382.69,3383.97,322.0
2025-04-21 05:55:00,3384.15,3384.97,3382.89,3384.71,366.0
2025-04-21 06:00:00,3384.81,3385.16,3381.85,3382.68,357.0
2025-04-21 06:05:00,3382.91,3383.76,3380.88,3382.19,348.0
2025-04-21 06:10:00,3382.18,3383.4,3380.55,3381.23,376.0
2025-04-21 06:15:00,3381.23,3382.08,3378.36,3379.73,382.0
2025-04-21 06:20:00,3379.72,3381.32,3379.09,3381.1,336.0
2025-04-21 06:25:00,3381.35,3383.19,3381.1,3382.34,366.0
2025-04-21 06:30:00,3382.34,3384.72,3382.34,3384.18,284.0
2025-04-21 06:35:00,3384.28,3385.15,3383.67,3383.7,296.0
2025-04-21 06:40:00,3383.68,3383.73,3382.42,3383.08,340.0
2025-04-21 06:45:00,3383.07,3383.86,3382.29,3383.06,311.0
2025-04-21 06:50:00,3382.96,3384.6,3382.64,3382.93,332.0
2025-04-21 06:55:00,3382.89,3383.53,3382.03,3382.47,352.0
2025-04-21 07:00:00,3382.38,3382.38,3377.64,3377.66,365.0
2025-04-21 07:05:00,3377.66,3378.59,3375.67,3378.04,397.0
2025-04-21 07:10:00,3378.08,3378.08,3373.94,3373.94,319.0
2025-04-21 07:15:00,3373.93,3374.59,3369.91,3372.68,385.0
2025-04-21 07:20:00,3372.59,3375.12,3372.32,3375.12,328.0
2025-04-21 07:25:00,3375.12,3376.63,3373.09,3374.34,355.0
2025-04-21 07:30:00,3374.42,3375.01,3373.4,3374.59,258.0
2025-04-21 07:35:00,3374.6,3376.85,3374.36,3376.65,240.0
2025-04-21 07:40:00,3376.65,3377.01,3375.53,3376.95,237.0
2025-04-21 07:45:00,3376.99,3377.01,3375.12,3375.47,272.0
2025-04-21 07:50:00,3375.28,3376.16,3375.2,3375.27,207.0
2025-04-21 07:55:00,3375.28,3376.31,3374.08,3376.3,277.0
2025-04-21 08:00:00,3376.32,3381.91,3376.1,3381.91,339.0
2025-04-21 08:05:00,3381.66,3385.73,3380.44,3381.92,410.0
2025-04-21 08:10:00,3381.92,3382.93,3375.94,3382.64,407.0
2025-04-21 08:15:00,3382.69,3383.03,3378.95,3380.05,306.0
2025-04-21 08:20:00,3380.0,3381.29,3379.44,3379.52,274.0
2025-04-21 08:25:00,3379.61,3382.1,3379.11,3381.72,322.0
2025-04-21 08:30:00,3381.74,3384.3,3380.59,3382.25,426.0
2025-04-21 08:35:00,3382.32,3382.62,3379.73,3380.17,343.0
2025-04-21 08:40:00,3380.25,3383.19,3379.71,3382.73,325.0
2025-04-21 08:45:00,3382.73,3384.01,3381.79,3382.37,316.0
2025-04-21 08:50:00,3382.37,3383.96,3382.16,3383.92,322.0
2025-04-21 08:55:00,3383.99,3385.8,3383.19,3385.53,363.0
2025-04-21 09:00:00,3385.36,3386.91,3383.59,3385.56,368.0
2025-04-21 09:05:00,3385.47,3388.61,3382.53,3387.0,401.0
2025-04-21 09:10:00,3387.0,3389.48,3386.94,3388.06,369.0
2025-04-21 09:15:00,3388.07,3389.38,3387.29,3389.19,337.0
2025-04-21 09:20:00,3389.25,3390.35,3388.74,3389.76,332.0
2025-04-21 09:25:00,3389.77,3390.84,3388.12,3389.48,337.0
2025-04-21 09:30:00,3389.35,3391.11,3387.77,3389.03,332.0
2025-04-21 09:35:00,3388.99,3391.65,3387.92,3390.55,344.0
2025-04-21 09:40:00,3390.55,3391.62,3389.7,3391.08,312.0
2025-04-21 09:45:00,3391.0,3392.12,3389.54,3391.22,353.0
2025-04-21 09:50:00,3391.22,3393.07,3390.88,3391.8,349.0
2025-04-21 09:55:00,3391.54,3392.57,3391.29,3392.26,329.0
2025-04-21 10:00:00,3392.1,3394.5,3390.87,3394.16,379.0
2025-04-21 10:05:00,3394.1,3394.5,3392.36,3394.5,313.0
2025-04-21 10:10:00,3394.49,3394.84,3392.98,3393.6,277.0
2025-04-21 10:15:00,3393.69,3394.78,3393.0,3394.78,287.0
2025-04-21 10:20:00,3394.79,3395.93,3392.61,3395.43,373.0
2025-04-21 10:25:00,3395.4,3395.53,3393.27,3394.44,351.0
2025-04-21 10:30:00,3394.39,3395.69,3393.81,3395.45,341.0
2025-04-21 10:35:00,3395.44,3395.49,3392.49,3392.84,371.0
2025-04-21 10:40:00,3392.77,3392.8,3390.9,3391.65,369.0
2025-04-21 10:45:00,3391.68,3391.73,3386.0,3386.3,395.0
2025-04-21 10:50:00,3386.2,3387.54,3381.81,3385.38,429.0
2025-04-21 10:55:00,3385.11,3386.24,3384.01,3385.16,400.0
2025-04-21 11:00:00,3385.25,3387.58,3385.21,3387.18,355.0
2025-04-21 11:05:00,3387.19,3387.19,3384.48,3385.2,321.0
2025-04-21 11:10:00,3385.2,3385.66,3383.66,3385.36,331.0
2025-04-21 11:15:00,3385.38,3387.66,3384.03,3387.01,368.0
2025-04-21 11:20:00,3387.05,3388.86,3386.67,3388.16,323.0
2025-04-21 11:25:00,3388.21,3389.98,3388.2,3389.07,300.0
2025-04-21 11:30:00,3389.14,3390.06,3387.61,3388.43,322.0
2025-04-21 11:35:00,3388.41,3389.03,3387.15,3387.86,315.0
2025-04-21 11:40:00,3387.88,3390.35,3387.76,3390.24,285.0
2025-04-21 11:45:00,3390.25,3394.1,3390.25,3391.9,358.0
2025-04-21 11:50:00,3391.82,3393.93,3391.82,3392.89,301.0
2025-04-21 11:55:00,3392.77,3394.1,3392.14,3392.83,318.0
2025-04-21 12:00:00,3392.75,3393.25,3392.11,3393.07,314.0
2025-04-21 12:05:00,3393.09,3393.57,3392.68,3393.42,277.0
2025-04-21 12:10:00,3393.41,3396.53,3393.37,3394.45,372.0
2025-04-21 12:15:00,3394.45,3394.89,3391.8,3393.69,352.0
2025-04-21 12:20:00,3393.72,3395.33,3393.62,3393.97,313.0
2025-04-21 12:25:00,3393.98,3397.01,3393.19,3395.87,333.0
2025-04-21 12:30:00,3395.88,3395.88,3393.69,3395.51,335.0
2025-04-21 12:35:00,3395.53,3396.09,3394.91,3395.5,273.0
2025-04-21 12:40:00,3395.51,3396.23,3395.14,3395.35,271.0
2025-04-21 12:45:00,3395.35,3395.43,3392.84,3392.93,300.0
2025-04-21 12:50:00,3392.85,3395.09,3390.92,3394.44,356.0
2025-04-21 12:55:00,3394.41,3395.2,3394.06,3394.84,325.0
2025-04-21 13:00:00,3394.91,3395.06,3392.92,3393.72,304.0
2025-04-21 13:05:00,3393.66,3394.72,3393.15,3393.23,283.0
2025-04-21 13:10:00,3393.2,3396.84,3392.96,3396.84,313.0
2025-04-21 13:15:00,3396.78,3397.73,3395.82,3397.07,334.0
2025-04-21 13:20:00,3397.09,3397.6,3396.32,3396.32,295.0
2025-04-21 13:25:00,3396.34,3396.99,3394.74,3395.9,318.0
2025-04-21 13:30:00,3395.8,3396.43,3394.87,3395.0,310.0
2025-04-21 13:35:00,3394.96,3394.96,3392.25,3393.54,312.0
2025-04-21 13:40:00,3393.52,3394.16,3392.16,3392.67,277.0
2025-04-21 13:45:00,3392.64,3393.65,3391.97,3393.19,273.0
2025-04-21 13:50:00,3393.19,3395.01,3393.19,3394.45,329.0
2025-04-21 13:55:00,3394.43,3396.86,3394.43,3394.99,377.0
2025-04-21 14:00:00,3394.66,3394.79,3393.26,3394.58,356.0
2025-04-21 14:05:00,3394.63,3394.74,3392.4,3392.62,284.0
2025-04-21 14:10:00,3392.67,3393.04,3386.61,3388.86,343.0
2025-04-21 14:15:00,3388.85,3390.24,3386.77,3390.11,384.0
2025-04-21 14:20:00,3390.12,3391.27,3387.75,3390.65,361.0
2025-04-21 14:25:00,3390.51,3392.68,3388.02,3392.59,399.0
2025-04-21 14:30:00,3392.8,3397.45,3392.55,3396.9,391.0
2025-04-21 14:35:00,3396.95,3400.31,3395.52,3398.92,424.0
2025-04-21 14:40:00,3398.91,3403.9,3398.84,3403.44,414.0
2025-04-21 14:45:00,3403.44,3405.13,3401.77,3403.77,396.0
2025-04-21 14:50:00,3403.79,3405.44,3402.94,3405.01,333.0
2025-04-21 14:55:00,3404.76,3405.85,3403.78,3404.45,339.0
2025-04-21 15:00:00,3404.45,3406.69,3404.45,3404.48,380.0
2025-04-21 15:05:00,3404.48,3405.75,3403.41,3403.68,364.0
2025-04-21 15:10:00,3403.64,3404.39,3401.69,3402.63,386.0
2025-04-21 15:15:00,3402.71,3407.71,3402.58,3406.54,374.0
2025-04-21 15:20:00,3406.45,3407.75,3399.83,3400.45,419.0
2025-04-21 15:25:00,3400.53,3403.05,3398.09,3398.47,431.0
2025-04-21 15:30:00,3398.56,3403.52,3398.17,3403.49,398.0
2025-04-21 15:35:00,3403.43,3404.54,3402.19,3403.05,373.0
2025-04-21 15:40:00,3402.97,3407.26,3402.09,3407.22,364.0
2025-04-21 15:45:00,3407.18,3410.44,3406.7,3409.53,426.0
2025-04-21 15:50:00,3409.53,3411.3,3408.33,3410.71,375.0
2025-04-21 15:55:00,3410.62,3415.67,3410.58,3414.94,420.0
2025-04-21 16:00:00,3414.88,3422.18,3414.87,3420.94,490.0
2025-04-21 16:05:00,3421.11,3424.3,3419.67,3421.47,455.0
2025-04-21 16:10:00,3421.41,3422.27,3418.79,3420.5,445.0
2025-04-21 16:15:00,3420.59,3421.69,3416.41,3417.95,455.0
2025-04-21 16:20:00,3417.77,3418.8,3414.64,3414.72,423.0
2025-04-21 16:25:00,3414.62,3416.85,3412.92,3416.66,445.0
2025-04-21 16:30:00,3416.62,3420.4,3405.5,3407.48,479.0
2025-04-21 16:35:00,3407.82,3414.54,3405.56,3414.32,482.0
2025-04-21 16:40:00,3414.42,3419.61,3413.1,3416.8,482.0
2025-04-21 16:45:00,3416.98,3423.12,3414.86,3422.31,468.0
2025-04-21 16:50:00,3422.11,3426.64,3419.0,3424.46,477.0
2025-04-21 16:55:00,3423.93,3424.08,3419.08,3420.46,430.0
2025-04-21 17:00:00,3420.38,3424.38,3419.25,3424.38,440.0
2025-04-21 17:05:00,3424.59,3429.81,3423.71,3429.42,458.0
2025-04-21 17:10:00,3429.4,3430.17,3424.8,3426.49,434.0
2025-04-21 17:15:00,3426.05,3428.0,3425.27,3427.24,431.0
2025-04-21 17:20:00,3427.34,3428.34,3421.55,3423.94,439.0
2025-04-21 17:25:00,3423.98,3429.38,3421.86,3426.45,431.0
2025-04-21 17:30:00,3426.32,3427.59,3422.63,3422.95,418.0
2025-04-21 17:35:00,3423.08,3423.41,3415.36,3420.03,437.0
2025-04-21 17:40:00,3420.05,3420.11,3415.55,3418.09,426.0
2025-04-21 17:45:00,3418.12,3418.74,3411.42,3411.72,436.0
2025-04-21 17:50:00,3411.52,3414.66,3408.98,3413.4,442.0
2025-04-21 17:55:00,3413.43,3417.65,3413.27,3416.72,399.0
2025-04-21 18:00:00,3417.36,3418.45,3413.75,3415.81,394.0
2025-04-21 18:05:00,3415.85,3416.97,3408.21,3410.95,429.0
2025-04-21 18:10:00,3411.19,3414.98,3409.81,3411.86,427.0
2025-04-21 18:15:00,3412.04,3418.2,3411.32,3417.54,419.0
2025-04-21 18:20:00,3417.58,3419.36,3416.53,3419.15,387.0
2025-04-21 18:25:00,3419.19,3421.07,3417.7,3420.82,395.0
2025-04-21 18:30:00,3420.81,3421.19,3414.82,3418.12,392.0
2025-04-21 18:35:00,3418.44,3424.14,3417.96,3422.99,403.0
2025-04-21 18:40:00,3422.99,3426.16,3422.99,3423.51,421.0
2025-04-21 18:45:00,3423.38,3424.22,3421.13,3422.51,386.0
2025-04-21 18:50:00,3422.42,3422.42,3418.94,3420.9,360.0
2025-04-21 18:55:00,3420.87,3423.02,3419.65,3422.92,381.0
2025-04-21 19:00:00,3422.88,3424.02,3421.36,3421.88,357.0
2025-04-21 19:05:00,3421.66,3422.11,3415.96,3418.4,406.0
2025-04-21 19:10:00,3418.41,3419.1,3416.62,3416.62,377.0
2025-04-21 19:15:00,3416.64,3416.98,3414.42,3414.42,389.0
2025-04-21 19:20:00,3414.45,3417.1,3413.84,3415.81,362.0
2025-04-21 19:25:00,3415.87,3416.38,3413.68,3414.5,351.0
2025-04-21 19:30:00,3414.47,3415.52,3412.87,3413.43,357.0
2025-04-21 19:35:00,3413.72,3414.84,3411.16,3412.89,360.0
2025-04-21 19:40:00,3412.81,3414.13,3410.21,3413.12,355.0
2025-04-21 19:45:00,3413.13,3415.23,3413.04,3413.45,352.0
2025-04-21 19:50:00,3413.48,3415.14,3413.48,3414.91,330.0
2025-04-21 19:55:00,3414.81,3415.99,3412.85,3414.54,354.0
2025-04-21 20:00:00,3414.58,3414.94,3408.9,3409.18,407.0
2025-04-21 20:05:00,3409.22,3410.41,3406.05,3410.4,412.0
2025-04-21 20:10:00,3410.42,3410.91,3408.83,3409.04,379.0
2025-04-21 20:15:00,3408.89,3411.7,3408.25,3408.74,374.0
2025-04-21 20:20:00,3408.75,3412.37,3408.52,3412.15,383.0
2025-04-21 20:25:00,3412.37,3415.29,3411.08,3414.06,397.0
2025-04-21 20:30:00,3414.2,3418.16,3414.2,3417.87,352.0
2025-04-21 20:35:00,3417.76,3419.93,3417.23,3419.86,346.0
2025-04-21 20:40:00,3419.86,3421.22,3417.89,3417.9,352.0
2025-04-21 20:45:00,3417.83,3419.46,3417.34,3419.4,357.0
2025-04-21 20:50:00,3419.41,3420.72,3418.96,3420.31,325.0
2025-04-21 20:55:00,3420.28,3422.89,3420.21,3422.53,341.0
2025-04-21 21:00:00,3422.52,3424.44,3421.8,3424.42,384.0
2025-04-21 21:05:00,3424.4,3424.77,3418.97,3419.97,375.0
2025-04-21 21:10:00,3419.86,3420.06,3419.1,3419.79,344.0
2025-04-21 21:15:00,3419.81,3420.35,3418.27,3418.58,338.0
2025-04-21 21:20:00,3418.6,3424.07,3417.7,3423.99,398.0
2025-04-21 21:25:00,3423.98,3425.08,3422.42,3424.94,354.0
2025-04-21 21:30:00,3424.91,3426.56,3424.91,3426.12,338.0
2025-04-21 21:35:00,3426.14,3426.56,3425.24,3425.79,334.0
2025-04-21 21:40:00,3425.79,3426.18,3424.53,3425.77,334.0
2025-04-21 21:45:00,3425.74,3426.47,3425.05,3426.41,344.0
2025-04-21 21:50:00,3426.39,3426.7,3426.01,3426.27,320.0
2025-04-21 21:55:00,3426.28,3426.67,3425.16,3426.44,328.0
2025-04-21 22:00:00,3426.43,3427.99,3425.58,3427.46,361.0
2025-04-21 22:05:00,3427.54,3430.5,3427.53,3429.84,361.0
2025-04-21 22:10:00,3430.02,3430.33,3427.76,3427.95,375.0
2025-04-21 22:15:00,3427.84,3429.24,3427.16,3428.72,380.0
2025-04-21 22:20:00,3428.73,3428.73,3426.43,3427.67,377.0
2025-04-21 22:25:00,3427.6,3427.73,3422.18,3422.22,366.0
2025-04-21 22:30:00,3422.17,3424.2,3420.76,3421.46,393.0
2025-04-21 22:35:00,3421.39,3422.71,3421.07,3421.11,369.0
2025-04-21 22:40:00,3421.1,3421.86,3418.39,3418.4,373.0
2025-04-21 22:45:00,3418.4,3421.07,3417.48,3421.02,369.0
2025-04-21 22:50:00,3420.67,3421.83,3420.05,3420.13,338.0
2025-04-21 22:55:00,3420.06,3423.96,3419.17,3423.31,354.0
2025-04-21 23:00:00,3423.3,3424.16,3420.59,3420.87,200.0
2025-04-21 23:05:00,3420.87,3421.66,3419.77,3420.12,151.0
2025-04-21 23:10:00,3420.06,3421.29,3419.62,3420.9,187.0
2025-04-21 23:15:00,3420.92,3421.79,3420.81,3421.63,161.0
2025-04-21 23:20:00,3421.67,3423.41,3421.28,3423.41,179.0
2025-04-21 23:25:00,3423.4,3423.49,3422.2,3422.25,179.0
2025-04-21 23:30:00,3422.22,3422.89,3421.94,3422.3,113.0
2025-04-21 23:35:00,3422.29,3423.73,3421.47,3423.58,138.0
2025-04-21 23:40:00,3423.62,3425.25,3423.4,3424.27,186.0
2025-04-21 23:45:00,3424.27,3425.04,3423.77,3424.99,165.0
2025-04-21 23:50:00,3424.87,3427.22,3424.87,3426.27,169.0
2025-04-21 23:55:00,3425.72,3425.82,3423.82,3424.4,170.0
2025-04-22 01:00:00,3425.06,3428.39,3423.54,3428.1,297.0
2025-04-22 01:05:00,3430.16,3430.67,3427.91,3429.18,205.0
2025-04-22 01:10:00,3429.18,3433.36,3428.81,3432.09,276.0
2025-04-22 01:15:00,3432.11,3433.18,3430.88,3433.17,271.0
2025-04-22 01:20:00,3433.16,3435.39,3431.02,3434.24,313.0
2025-04-22 01:25:00,3434.22,3435.85,3433.63,3433.66,235.0
2025-04-22 01:30:00,3433.47,3433.47,3430.4,3430.4,245.0
2025-04-22 01:35:00,3430.41,3431.39,3429.14,3429.85,211.0
2025-04-22 01:40:00,3429.86,3430.32,3428.77,3430.21,143.0
2025-04-22 01:45:00,3430.27,3433.56,3430.27,3432.6,239.0
2025-04-22 01:50:00,3432.6,3433.54,3431.92,3432.13,226.0
2025-04-22 01:55:00,3432.04,3432.08,3428.19,3431.04,223.0
2025-04-22 02:00:00,3431.09,3432.49,3430.69,3431.2,200.0
2025-04-22 02:05:00,3431.32,3431.71,3429.29,3430.52,217.0
2025-04-22 02:10:00,3430.53,3434.52,3430.3,3433.78,254.0
2025-04-22 02:15:00,3433.82,3441.4,3433.82,3440.82,351.0
2025-04-22 02:20:00,3440.85,3441.54,3437.0,3437.38,355.0
2025-04-22 02:25:00,3437.34,3441.43,3437.17,3441.43,286.0
2025-04-22 02:30:00,3441.42,3442.62,3440.02,3440.41,300.0
2025-04-22 02:35:00,3440.4,3444.21,3440.4,3441.41,324.0
2025-04-22 02:40:00,3441.5,3443.21,3439.79,3441.8,301.0
2025-04-22 02:45:00,3441.82,3441.82,3434.98,3436.26,348.0
2025-04-22 02:50:00,3436.48,3436.67,3431.76,3436.12,400.0
2025-04-22 02:55:00,3436.15,3437.26,3433.99,3434.58,355.0
2025-04-22 03:00:00,3434.35,3435.42,3412.26,3418.9,459.0
2025-04-22 03:05:00,3418.17,3421.98,3416.14,3418.77,399.0
2025-04-22 03:10:00,3418.66,3420.81,3415.44,3417.31,374.0
2025-04-22 03:15:00,3417.31,3426.36,3415.49,3424.74,394.0
2025-04-22 03:20:00,3424.69,3431.85,3424.43,3431.16,431.0
2025-04-22 03:25:00,3431.18,3431.2,3427.11,3427.7,384.0
2025-04-22 03:30:00,3427.67,3429.72,3422.12,3422.13,350.0
2025-04-22 03:35:00,3422.25,3424.05,3418.65,3421.38,371.0
2025-04-22 03:40:00,3421.29,3426.57,3420.15,3424.76,347.0
2025-04-22 03:45:00,3424.79,3427.18,3423.09,3426.98,309.0
2025-04-22 03:50:00,3427.16,3427.18,3423.04,3424.93,308.0
2025-04-22 03:55:00,3425.01,3426.44,3421.98,3425.46,332.0
2025-04-22 04:00:00,3425.2,3431.66,3421.91,3430.01,428.0
2025-04-22 04:05:00,3430.0,3434.01,3429.96,3432.13,396.0
2025-04-22 04:10:00,3432.3,3434.15,3429.17,3433.7,397.0
2025-04-22 04:15:00,3433.7,3436.37,3432.16,3435.76,385.0
2025-04-22 04:20:00,3435.76,3441.23,3435.72,3439.78,410.0
2025-04-22 04:25:00,3439.93,3440.24,3437.69,3439.83,348.0
2025-04-22 04:30:00,3439.17,3444.7,3437.7,3444.7,403.0
2025-04-22 04:35:00,3444.72,3452.94,3443.55,3450.4,442.0
2025-04-22 04:40:00,3450.07,3450.81,3447.2,3450.46,395.0
2025-04-22 04:45:00,3450.45,3455.06,3449.35,3452.21,422.0
2025-04-22 04:50:00,3452.11,3453.97,3448.32,3453.45,381.0
2025-04-22 04:55:00,3453.31,3454.52,3449.51,3452.95,377.0
2025-04-22 05:00:00,3453.06,3453.46,3444.5,3446.88,417.0
2025-04-22 05:05:00,3447.16,3448.48,3443.28,3444.5,407.0
2025-04-22 05:10:00,3444.53,3450.22,3442.51,3449.65,390.0
2025-04-22 05:15:00,3449.65,3452.93,3449.62,3451.66,330.0
2025-04-22 05:20:00,3451.65,3457.71,3451.53,3454.05,385.0
2025-04-22 05:25:00,3453.87,3455.91,3452.73,3455.9,325.0
2025-04-22 05:30:00,3455.82,3462.25,3453.42,3460.37,411.0
2025-04-22 05:35:00,3460.65,3463.12,3459.09,3462.86,360.0
2025-04-22 05:40:00,3462.9,3468.82,3462.88,3468.19,402.0
2025-04-22 05:45:00,3468.19,3473.16,3467.58,3469.73,416.0
2025-04-22 05:50:00,3469.73,3471.32,3466.38,3471.07,364.0
2025-04-22 05:55:00,3471.12,3475.82,3471.06,3473.23,388.0
2025-04-22 06:00:00,3472.94,3477.71,3472.12,3473.45,417.0
2025-04-22 06:05:00,3473.79,3476.74,3472.71,3473.42,352.0
2025-04-22 06:10:00,3473.92,3476.43,3472.54,3476.15,336.0
2025-04-22 06:15:00,3476.13,3485.19,3476.13,3484.7,407.0
2025-04-22 06:20:00,3484.7,3486.38,3481.23,3486.38,403.0
2025-04-22 06:25:00,3486.17,3489.09,3484.15,3488.54,411.0
2025-04-22 06:30:00,3488.6,3491.7,3484.79,3486.07,356.0
2025-04-22 06:35:00,3486.09,3488.15,3483.9,3486.7,319.0
2025-04-22 06:40:00,3486.69,3494.77,3486.69,3490.42,379.0
2025-04-22 06:45:00,3490.23,3491.26,3487.38,3490.44,338.0
2025-04-22 06:50:00,3490.5,3491.79,3488.0,3489.27,288.0
2025-04-22 06:55:00,3489.25,3489.43,3486.95,3487.78,254.0
2025-04-22 07:00:00,3487.77,3488.42,3482.16,3483.81,335.0
2025-04-22 07:05:00,3483.67,3486.47,3482.59,3483.75,332.0
2025-04-22 07:10:00,3483.72,3486.0,3479.57,3481.59,345.0
2025-04-22 07:15:00,3481.83,3485.65,3481.21,3485.56,280.0
2025-04-22 07:20:00,3485.56,3485.66,3480.95,3482.0,248.0
2025-04-22 07:25:00,3482.1,3483.51,3480.07,3483.3,272.0
2025-04-22 07:30:00,3483.24,3483.87,3481.52,3483.21,245.0
2025-04-22 07:35:00,3483.14,3484.34,3481.55,3483.7,247.0
2025-04-22 07:40:00,3483.92,3484.13,3480.49,3481.6,267.0
2025-04-22 07:45:00,3481.6,3482.43,3480.87,3481.37,194.0
2025-04-22 07:50:00,3481.32,3482.2,3479.63,3482.05,245.0
2025-04-22 07:55:00,3482.09,3487.11,3482.03,3484.39,264.0
2025-04-22 08:00:00,3484.37,3486.69,3483.5,3484.31,300.0
2025-04-22 08:05:00,3484.47,3484.87,3480.08,3480.24,316.0
2025-04-22 08:10:00,3480.25,3480.86,3477.58,3479.52,316.0
2025-04-22 08:15:00,3479.51,3479.78,3477.24,3479.09,266.0
2025-04-22 08:20:00,3479.01,3480.77,3477.85,3478.3,271.0
2025-04-22 08:25:00,3478.39,3482.23,3478.08,3480.35,262.0
2025-04-22 08:30:00,3480.66,3481.51,3473.59,3479.36,399.0
2025-04-22 08:35:00,3479.37,3482.66,3477.67,3482.2,361.0
2025-04-22 08:40:00,3481.86,3488.14,3481.43,3487.96,370.0
2025-04-22 08:45:00,3488.0,3490.31,3487.76,3489.42,346.0
2025-04-22 08:50:00,3489.36,3493.18,3488.27,3492.6,344.0
2025-04-22 08:55:00,3492.78,3495.53,3488.58,3494.32,428.0
2025-04-22 09:00:00,3494.67,3494.67,3489.18,3490.1,414.0
2025-04-22 09:05:00,3490.29,3494.73,3489.29,3492.77,396.0
2025-04-22 09:10:00,3493.04,3498.33,3492.03,3497.33,377.0
2025-04-22 09:15:00,3497.36,3499.98,3494.21,3495.45,424.0
2025-04-22 09:20:00,3495.46,3495.6,3484.81,3485.72,447.0
2025-04-22 09:25:00,3485.82,3488.98,3482.51,3488.4,417.0
2025-04-22 09:30:00,3488.23,3488.33,3477.32,3479.55,420.0
2025-04-22 09:35:00,3479.8,3483.04,3476.81,3480.08,422.0
2025-04-22 09:40:00,3480.11,3485.74,3479.37,3485.68,423.0
2025-04-22 09:45:00,3485.77,3490.66,3483.6,3484.18,439.0
2025-04-22 09:50:00,3484.27,3485.44,3475.32,3479.59,438.0
2025-04-22 09:55:00,3479.25,3482.64,3477.24,3479.74,416.0
2025-04-22 10:00:00,3479.39,3480.56,3475.51,3476.4,414.0
2025-04-22 10:05:00,3476.64,3476.64,3470.18,3474.24,432.0
2025-04-22 10:10:00,3474.2,3474.55,3460.92,3461.93,449.0
2025-04-22 10:15:00,3462.09,3470.3,3461.14,3467.91,441.0
2025-04-22 10:20:00,3468.06,3470.4,3466.95,3468.59,384.0
2025-04-22 10:25:00,3468.64,3471.31,3465.38,3465.47,361.0
2025-04-22 10:30:00,3465.38,3473.19,3465.23,3473.18,388.0
2025-04-22 10:35:00,3473.19,3477.34,3472.89,3476.98,398.0
2025-04-22 10:40:00,3476.77,3479.78,3472.98,3473.71,389.0
2025-04-22 10:45:00,3473.79,3473.88,3469.55,3470.62,354.0
2025-04-22 10:50:00,3470.58,3473.81,3469.48,3470.43,377.0
2025-04-22 10:55:00,3470.32,3470.36,3468.09,3468.65,372.0
2025-04-22 11:00:00,3468.55,3472.68,3468.01,3471.89,369.0
2025-04-22 11:05:00,3471.92,3471.95,3465.96,3468.28,351.0
2025-04-22 11:10:00,3468.38,3469.49,3467.4,3469.14,332.0
2025-04-22 11:15:00,3469.06,3469.29,3466.95,3466.95,313.0
2025-04-22 11:20:00,3466.95,3467.81,3463.3,3463.56,368.0
2025-04-22 11:25:00,3463.58,3466.5,3463.49,3464.36,345.0
2025-04-22 11:30:00,3464.26,3464.57,3462.1,3464.13,358.0
2025-04-22 11:35:00,3464.18,3464.18,3452.4,3456.81,446.0
2025-04-22 11:40:00,3457.02,3458.52,3451.12,3451.25,408.0
2025-04-22 11:45:00,3451.24,3452.74,3448.85,3452.38,390.0
2025-04-22 11:50:00,3452.37,3454.24,3446.14,3446.68,390.0
2025-04-22 11:55:00,3446.88,3447.46,3443.19,3444.07,424.0
2025-04-22 12:00:00,3444.2,3452.73,3443.97,3447.62,414.0
2025-04-22 12:05:00,3447.6,3455.66,3446.93,3452.97,424.0
2025-04-22 12:10:00,3452.88,3456.89,3452.63,3454.39,372.0
2025-04-22 12:15:00,3454.38,3458.26,3453.73,3455.39,384.0
2025-04-22 12:20:00,3455.4,3457.34,3454.74,3457.34,343.0
2025-04-22 12:25:00,3457.34,3458.72,3455.09,3456.32,325.0
2025-04-22 12:30:00,3456.33,3457.07,3453.1,3453.57,370.0
2025-04-22 12:35:00,3453.6,3454.99,3451.57,3454.99,379.0
2025-04-22 12:40:00,3455.01,3457.35,3454.9,3456.51,347.0
2025-04-22 12:45:00,3456.54,3457.53,3455.35,3455.71,325.0
2025-04-22 12:50:00,3455.7,3456.51,3451.17,3451.92,359.0
2025-04-22 12:55:00,3451.96,3455.32,3451.82,3454.61,376.0
2025-04-22 13:00:00,3454.66,3462.7,3454.66,3462.42,395.0
2025-04-22 13:05:00,3462.36,3468.19,3462.33,3465.01,403.0
2025-04-22 13:10:00,3464.99,3466.84,3463.66,3465.54,339.0
2025-04-22 13:15:00,3465.55,3465.59,3460.04,3461.16,330.0
2025-04-22 13:20:00,3461.2,3461.41,3456.01,3457.5,391.0
2025-04-22 13:25:00,3457.31,3458.88,3455.69,3457.79,341.0
2025-04-22 13:30:00,3457.83,3461.11,3454.48,3460.23,373.0
2025-04-22 13:35:00,3460.39,3463.13,3457.61,3458.14,363.0
2025-04-22 13:40:00,3458.04,3458.33,3455.53,3458.02,345.0
2025-04-22 13:45:00,3457.99,3458.03,3451.66,3453.01,348.0
2025-04-22 13:50:00,3452.91,3457.44,3451.32,3455.38,340.0
2025-04-22 13:55:00,3455.25,3456.26,3452.37,3452.42,335.0
2025-04-22 14:00:00,3452.43,3453.28,3448.36,3450.69,373.0
2025-04-22 14:05:00,3450.78,3455.06,3449.03,3454.01,358.0
2025-04-22 14:10:00,3454.07,3457.18,3453.61,3456.0,304.0
2025-04-22 14:15:00,3455.8,3458.81,3455.74,3456.83,307.0
2025-04-22 14:20:00,3456.8,3456.96,3450.72,3452.53,338.0
2025-04-22 14:25:00,3452.84,3453.84,3450.32,3452.9,288.0
2025-04-22 14:30:00,3452.89,3453.54,3449.27,3450.83,349.0
2025-04-22 14:35:00,3450.97,3453.04,3448.18,3452.69,359.0
2025-04-22 14:40:00,3452.71,3454.5,3451.61,3453.14,330.0
2025-04-22 14:45:00,3453.15,3457.31,3452.98,3455.88,319.0
2025-04-22 14:50:00,3455.78,3461.2,3455.78,3458.7,337.0
2025-04-22 14:55:00,3458.8,3459.77,3456.67,3456.67,334.0
2025-04-22 15:00:00,3456.52,3459.85,3453.42,3457.97,378.0
2025-04-22 15:05:00,3458.19,3458.7,3452.61,3455.33,356.0
2025-04-22 15:10:00,3455.33,3457.45,3454.21,3456.05,340.0
2025-04-22 15:15:00,3456.2,3462.43,3456.2,3460.71,359.0
2025-04-22 15:20:00,3461.29,3464.75,3451.72,3453.19,431.0
2025-04-22 15:25:00,3453.28,3456.22,3451.5,3454.51,410.0
2025-04-22 15:30:00,3454.47,3454.89,3451.68,3451.68,383.0
2025-04-22 15:35:00,3451.68,3454.29,3447.51,3448.17,390.0
2025-04-22 15:40:00,3447.58,3448.97,3441.85,3445.44,443.0
2025-04-22 15:45:00,3445.5,3445.72,3435.17,3435.5,427.0
2025-04-22 15:50:00,3435.16,3436.75,3424.47,3429.66,439.0
2025-04-22 15:55:00,3429.35,3433.03,3424.29,3431.38,407.0
2025-04-22 16:00:00,3431.48,3436.16,3425.05,3425.06,455.0
2025-04-22 16:05:00,3425.27,3438.33,3420.55,3436.93,453.0
2025-04-22 16:10:00,3436.86,3444.35,3436.3,3443.28,447.0
2025-04-22 16:15:00,3443.27,3443.57,3436.35,3436.35,404.0
2025-04-22 16:20:00,3436.59,3446.02,3435.64,3445.45,418.0
2025-04-22 16:25:00,3445.63,3449.53,3443.65,3443.65,397.0
2025-04-22 16:30:00,3443.63,3445.18,3434.05,3434.15,456.0
2025-04-22 16:35:00,3434.19,3436.29,3424.38,3424.88,441.0
2025-04-22 16:40:00,3424.69,3426.96,3411.19,3411.76,484.0
2025-04-22 16:45:00,3411.72,3426.98,3408.63,3421.75,476.0
2025-04-22 16:50:00,3421.7,3430.66,3421.7,3425.88,445.0
2025-04-22 16:55:00,3425.85,3427.86,3418.23,3418.65,425.0
2025-04-22 17:00:00,3418.92,3433.27,3417.99,3430.82,431.0
2025-04-22 17:05:00,3430.83,3435.13,3425.81,3426.0,412.0
2025-04-22 17:10:00,3426.01,3432.44,3424.7,3430.66,413.0
2025-04-22 17:15:00,3430.66,3433.76,3424.56,3424.64,389.0
2025-04-22 17:20:00,3424.7,3428.89,3423.49,3427.9,392.0
2025-04-22 17:25:00,3427.86,3433.08,3427.31,3431.96,388.0
2025-04-22 17:30:00,3432.07,3438.55,3431.8,3437.67,393.0
2025-04-22 17:35:00,3437.51,3438.94,3433.31,3434.54,400.0
2025-04-22 17:40:00,3434.52,3436.07,3431.37,3431.37,371.0
2025-04-22 17:45:00,3431.16,3431.33,3425.14,3428.33,398.0
2025-04-22 17:50:00,3428.43,3429.73,3425.29,3425.58,364.0
2025-04-22 17:55:00,3425.58,3430.02,3424.57,3429.98,343.0
2025-04-22 18:00:00,3430.0,3433.2,3428.05,3428.69,369.0
2025-04-22 18:05:00,3428.71,3429.67,3419.23,3420.68,384.0
2025-04-22 18:10:00,3420.68,3426.18,3420.6,3426.07,362.0
2025-04-22 18:15:00,3426.07,3427.49,3423.76,3423.81,360.0
2025-04-22 18:20:00,3423.51,3427.02,3420.34,3421.87,364.0
2025-04-22 18:25:00,3421.81,3422.06,3412.08,3412.65,395.0
2025-04-22 18:30:00,3412.05,3420.12,3410.35,3420.0,415.0
2025-04-22 18:35:00,3420.0,3425.54,3418.06,3425.54,381.0
2025-04-22 18:40:00,3425.68,3429.41,3424.66,3429.03,386.0
2025-04-22 18:45:00,3429.0,3429.21,3422.24,3422.24,366.0
2025-04-22 18:50:00,3422.24,3425.72,3422.02,3425.62,363.0
2025-04-22 18:55:00,3425.61,3429.98,3414.82,3417.62,396.0
2025-04-22 19:00:00,3417.59,3421.01,3405.27,3416.09,482.0
2025-04-22 19:05:00,3415.9,3419.25,3410.96,3418.43,425.0
2025-04-22 19:10:00,3417.98,3418.26,3412.43,3413.92,417.0
2025-04-22 19:15:00,3413.8,3414.34,3399.49,3400.62,467.0
2025-04-22 19:20:00,3400.82,3401.14,3391.64,3397.68,462.0
2025-04-22 19:25:00,3397.98,3398.61,3385.09,3386.39,460.0
2025-04-22 19:30:00,3387.4,3390.8,3379.77,3390.13,458.0
2025-04-22 19:35:00,3390.09,3392.21,3372.75,3376.91,472.0
2025-04-22 19:40:00,3376.74,3383.87,3372.09,3383.66,452.0
2025-04-22 19:45:00,3383.88,3388.12,3381.42,3385.8,445.0
2025-04-22 19:50:00,3386.0,3386.28,3382.7,3384.16,403.0
2025-04-22 19:55:00,3384.03,3394.34,3384.03,3392.84,409.0
2025-04-22 20:00:00,3392.93,3395.07,3386.08,3391.1,398.0
2025-04-22 20:05:00,3391.1,3393.04,3386.94,3391.57,401.0
2025-04-22 20:10:00,3391.43,3398.25,3389.4,3396.34,423.0
2025-04-22 20:15:00,3396.57,3403.23,3396.08,3401.64,411.0
2025-04-22 20:20:00,3401.43,3407.51,3400.98,3403.06,423.0
2025-04-22 20:25:00,3403.14,3410.29,3403.14,3407.44,444.0
2025-04-22 20:30:00,3406.83,3407.89,3401.52,3402.54,392.0
2025-04-22 20:35:00,3402.55,3403.0,3398.55,3398.75,385.0
2025-04-22 20:40:00,3398.1,3400.81,3396.11,3396.46,387.0
2025-04-22 20:45:00,3396.46,3399.12,3395.86,3398.93,346.0
2025-04-22 20:50:00,3398.89,3404.67,3398.57,3404.17,367.0
2025-04-22 20:55:00,3404.14,3404.14,3401.26,3401.89,331.0
2025-04-22 21:00:00,3401.99,3402.5,3397.21,3398.74,360.0
2025-04-22 21:05:00,3398.94,3400.35,3392.79,3394.13,364.0
2025-04-22 21:10:00,3394.18,3398.59,3394.18,3397.49,325.0
2025-04-22 21:15:00,3397.29,3397.68,3393.11,3393.11,324.0
2025-04-22 21:20:00,3393.07,3393.51,3388.93,3390.19,359.0
2025-04-22 21:25:00,3390.19,3390.19,3386.29,3388.6,358.0
2025-04-22 21:30:00,3388.11,3390.78,3387.42,3390.43,323.0
2025-04-22 21:35:00,3390.47,3391.6,3385.99,3386.29,311.0
2025-04-22 21:40:00,3386.3,3386.3,3381.02,3382.32,357.0
2025-04-22 21:45:00,3382.32,3382.32,3377.93,3378.61,357.0
2025-04-22 21:50:00,3378.55,3380.05,3373.77,3373.95,369.0
2025-04-22 21:55:00,3373.96,3382.17,3373.14,3381.27,380.0
2025-04-22 22:00:00,3381.38,3385.77,3381.03,3384.63,376.0
2025-04-22 22:05:00,3384.5,3385.48,3381.83,3382.56,295.0
2025-04-22 22:10:00,3382.55,3383.23,3380.84,3381.61,324.0
2025-04-22 22:15:00,3381.62,3384.32,3378.27,3379.43,363.0
2025-04-22 22:20:00,3379.24,3381.63,3378.73,3379.69,320.0
2025-04-22 22:25:00,3379.81,3380.75,3375.36,3375.36,324.0
2025-04-22 22:30:00,3375.29,3375.29,3368.11,3368.65,399.0
2025-04-22 22:35:00,3368.7,3375.35,3366.78,3372.47,389.0
2025-04-22 22:40:00,3372.48,3377.1,3372.48,3374.73,351.0
2025-04-22 22:45:00,3374.78,3375.48,3370.65,3370.71,337.0
2025-04-22 22:50:00,3370.59,3375.94,3369.76,3375.92,349.0
2025-04-22 22:55:00,3375.96,3377.79,3374.27,3374.74,373.0
2025-04-22 23:00:00,3374.87,3379.81,3373.27,3378.46,308.0
2025-04-22 23:05:00,3378.44,3381.61,3377.16,3379.19,257.0
2025-04-22 23:10:00,3379.35,3382.28,3377.84,3382.07,252.0
2025-04-22 23:15:00,3382.08,3382.38,3380.56,3382.11,221.0
2025-04-22 23:20:00,3382.13,3382.13,3379.53,3381.14,188.0
2025-04-22 23:25:00,3381.49,3382.6,3380.82,3381.22,164.0
2025-04-22 23:30:00,3381.29,3381.75,3379.66,3380.23,177.0
2025-04-22 23:35:00,3380.19,3380.65,3377.97,3380.26,176.0
2025-04-22 23:40:00,3379.89,3380.06,3376.77,3379.57,197.0
2025-04-22 23:45:00,3379.78,3380.32,3378.17,3379.98,159.0
2025-04-22 23:50:00,3379.96,3382.54,3377.1,3381.94,200.0
2025-04-22 23:55:00,3381.65,3381.84,3380.48,3380.93,151.0
2025-04-23 01:00:00,3347.99,3347.99,3312.89,3325.11,1181.0
2025-04-23 01:05:00,3318.13,3338.72,3318.13,3332.76,406.0
2025-04-23 01:10:00,3332.9,3347.06,3332.9,3335.39,379.0
2025-04-23 01:15:00,3335.45,3336.42,3325.73,3328.48,390.0
2025-04-23 01:20:00,3328.53,3333.58,3326.36,3330.72,329.0
2025-04-23 01:25:00,3330.71,3333.73,3319.27,3319.64,361.0
2025-04-23 01:30:00,3318.83,3327.93,3316.19,3326.39,423.0
2025-04-23 01:35:00,3326.81,3332.15,3322.66,3328.95,365.0
2025-04-23 01:40:00,3328.94,3333.34,3327.68,3332.23,345.0
2025-04-23 01:45:00,3332.33,3333.97,3328.46,3331.49,355.0
2025-04-23 01:50:00,3331.49,3331.49,3323.27,3326.19,383.0
2025-04-23 01:55:00,3326.28,3328.85,3325.39,3327.57,318.0
2025-04-23 02:00:00,3328.14,3335.15,3326.85,3335.15,328.0
2025-04-23 02:05:00,3334.79,3340.11,3334.22,3340.02,332.0
2025-04-23 02:10:00,3340.02,3341.29,3336.53,3340.96,303.0
2025-04-23 02:15:00,3341.02,3349.82,3341.02,3346.18,355.0
2025-04-23 02:20:00,3346.17,3349.89,3341.82,3341.82,314.0
2025-04-23 02:25:00,3341.62,3344.69,3338.16,3339.65,306.0
2025-04-23 02:30:00,3339.67,3341.56,3335.66,3336.32,310.0
2025-04-23 02:35:00,3336.33,3337.97,3332.83,3336.08,284.0
2025-04-23 02:40:00,3336.09,3341.2,3335.24,3338.21,287.0
2025-04-23 02:45:00,3337.66,3341.03,3337.1,3339.18,316.0
2025-04-23 02:50:00,3339.19,3340.65,3337.45,3337.45,326.0
2025-04-23 02:55:00,3337.42,3337.59,3332.18,3336.66,339.0
2025-04-23 03:00:00,3336.45,3340.11,3334.58,3338.38,372.0
2025-04-23 03:05:00,3338.22,3340.11,3337.23,3340.1,334.0
2025-04-23 03:10:00,3339.95,3342.85,3339.84,3342.85,313.0
2025-04-23 03:15:00,3342.29,3343.99,3341.27,3342.94,332.0
2025-04-23 03:20:00,3342.79,3343.06,3338.96,3342.61,316.0
2025-04-23 03:25:00,3342.61,3352.43,3341.87,3350.75,344.0
2025-04-23 03:30:00,3350.73,3357.74,3350.7,3352.32,378.0
2025-04-23 03:35:00,3352.24,3357.77,3352.23,3355.27,350.0
2025-04-23 03:40:00,3355.19,3358.08,3353.89,3357.03,306.0
2025-04-23 03:45:00,3357.04,3362.09,3356.33,3360.88,381.0
2025-04-23 03:50:00,3360.84,3369.54,3360.84,3369.54,409.0
2025-04-23 03:55:00,3369.55,3371.23,3365.42,3367.85,380.0
2025-04-23 04:00:00,3368.52,3380.48,3365.11,3365.11,499.0
2025-04-23 04:05:00,3364.31,3370.65,3360.6,3368.11,477.0
2025-04-23 04:10:00,3367.9,3374.81,3367.14,3371.45,437.0
2025-04-23 04:15:00,3371.61,3377.2,3371.61,3373.69,427.0
2025-04-23 04:20:00,3373.74,3376.79,3369.95,3370.98,392.0
2025-04-23 04:25:00,3370.98,3372.66,3366.52,3368.34,412.0
2025-04-23 04:30:00,3368.31,3370.75,3359.04,3362.26,424.0
2025-04-23 04:35:00,3362.19,3374.06,3361.46,3373.28,417.0
2025-04-23 04:40:00,3373.06,3386.19,3373.06,3385.76,433.0
2025-04-23 04:45:00,3385.96,3386.58,3378.57,3381.19,443.0
2025-04-23 04:50:00,3381.36,3386.42,3380.89,3384.59,401.0
2025-04-23 04:55:00,3384.63,3385.41,3377.79,3379.25,387.0
2025-04-23 05:00:00,3379.22,3379.33,3375.25,3379.2,381.0
2025-04-23 05:05:00,3379.17,3379.8,3372.86,3373.18,378.0
2025-04-23 05:10:00,3373.14,3376.02,3371.2,3372.29,365.0
2025-04-23 05:15:00,3372.6,3373.55,3371.33,3372.55,296.0
2025-04-23 05:20:00,3372.5,3372.87,3368.78,3372.76,279.0
2025-04-23 05:25:00,3372.74,3373.24,3371.42,3373.22,255.0
2025-04-23 05:30:00,3373.18,3375.06,3370.21,3372.28,363.0
2025-04-23 05:35:00,3372.29,3372.43,3362.56,3363.19,406.0
2025-04-23 05:40:00,3363.09,3365.94,3358.01,3362.61,439.0
2025-04-23 05:45:00,3362.45,3363.59,3357.83,3359.06,461.0
2025-04-23 05:50:00,3358.94,3362.25,3357.07,3358.38,426.0
2025-04-23 05:55:00,3358.23,3361.28,3348.8,3354.48,450.0
2025-04-23 06:00:00,3354.13,3355.59,3344.72,3344.99,415.0
2025-04-23 06:05:00,3345.16,3347.67,3342.14,3343.76,456.0
2025-04-23 06:10:00,3343.08,3345.41,3329.24,3336.54,467.0
2025-04-23 06:15:00,3336.45,3339.99,3331.17,3338.97,448.0
2025-04-23 06:20:00,3339.27,3341.1,3333.84,3338.79,415.0
2025-04-23 06:25:00,3338.58,3340.99,3333.32,3334.96,394.0
2025-04-23 06:30:00,3335.85,3339.48,3335.73,3338.62,334.0
2025-04-23 06:35:00,3338.04,3342.47,3337.79,3341.8,326.0
2025-04-23 06:40:00,3341.98,3344.56,3338.84,3344.56,306.0
2025-04-23 06:45:00,3344.67,3346.7,3342.06,3342.31,359.0
2025-04-23 06:50:00,3342.31,3342.39,3335.94,3340.25,349.0
2025-04-23 06:55:00,3340.34,3340.4,3337.79,3338.91,271.0
2025-04-23 07:00:00,3338.93,3341.45,3337.63,3339.56,267.0
2025-04-23 07:05:00,3339.65,3343.11,3339.58,3341.68,281.0
2025-04-23 07:10:00,3341.72,3342.34,3340.01,3340.21,237.0
2025-04-23 07:15:00,3340.14,3342.99,3337.62,3338.45,241.0
2025-04-23 07:20:00,3338.27,3338.59,3335.71,3336.23,256.0
2025-04-23 07:25:00,3336.22,3340.09,3336.1,3339.39,231.0
2025-04-23 07:30:00,3339.4,3341.33,3338.13,3341.33,187.0
2025-04-23 07:35:00,3341.2,3344.52,3340.06,3344.46,216.0
2025-04-23 07:40:00,3344.45,3345.43,3343.85,3345.07,252.0
2025-04-23 07:45:00,3345.09,3347.09,3342.78,3344.1,309.0
2025-04-23 07:50:00,3343.88,3346.51,3343.38,3344.91,263.0
2025-04-23 07:55:00,3344.93,3346.55,3344.46,3346.55,200.0
2025-04-23 08:00:00,3346.65,3347.08,3343.88,3343.89,197.0
2025-04-23 08:05:00,3343.89,3346.33,3342.22,3343.88,275.0
2025-04-23 08:10:00,3343.81,3347.58,3342.73,3346.62,242.0
2025-04-23 08:15:00,3346.63,3349.24,3346.6,3347.78,262.0
2025-04-23 08:20:00,3347.79,3349.0,3345.37,3345.94,274.0
2025-04-23 08:25:00,3345.94,3346.26,3336.27,3338.96,334.0
2025-04-23 08:30:00,3338.95,3342.49,3336.48,3340.87,398.0
2025-04-23 08:35:00,3340.9,3342.71,3327.89,3327.91,444.0
2025-04-23 08:40:00,3327.93,3328.75,3319.25,3325.57,459.0
2025-04-23 08:45:00,3325.84,3326.14,3316.2,3317.86,429.0
2025-04-23 08:50:00,3317.09,3322.42,3316.01,3321.79,428.0
2025-04-23 08:55:00,3321.86,3322.3,3317.73,3319.11,388.0
2025-04-23 09:00:00,3319.18,3321.01,3308.12,3310.36,468.0
2025-04-23 09:05:00,3310.13,3316.25,3309.96,3313.5,452.0
2025-04-23 09:10:00,3313.5,3317.18,3309.87,3316.39,453.0
2025-04-23 09:15:00,3316.61,3324.65,3314.34,3322.14,466.0
2025-04-23 09:20:00,3322.31,3325.72,3319.77,3320.13,435.0
2025-04-23 09:25:00,3320.14,3322.3,3316.96,3322.26,421.0
2025-04-23 09:30:00,3322.19,3322.67,3319.87,3322.01,429.0
2025-04-23 09:35:00,3322.08,3322.61,3318.01,3318.97,417.0
2025-04-23 09:40:00,3318.81,3321.12,3312.57,3312.8,410.0
2025-04-23 09:45:00,3312.71,3317.88,3312.27,3316.46,412.0
2025-04-23 09:50:00,3316.29,3316.53,3297.96,3299.22,476.0
2025-04-23 09:55:00,3298.64,3303.24,3291.82,3300.52,472.0
2025-04-23 10:00:00,3301.19,3310.47,3301.19,3310.34,405.0
2025-04-23 10:05:00,3310.55,3312.71,3307.89,3310.63,391.0
2025-04-23 10:10:00,3310.34,3310.98,3306.1,3307.68,407.0
2025-04-23 10:15:00,3307.41,3307.92,3303.18,3305.62,394.0
2025-04-23 10:20:00,3305.62,3307.72,3303.35,3306.97,408.0
2025-04-23 10:25:00,3306.89,3310.82,3306.16,3308.94,391.0
2025-04-23 10:30:00,3308.88,3312.13,3307.59,3310.75,393.0
2025-04-23 10:35:00,3310.63,3313.58,3309.65,3312.5,377.0
2025-04-23 10:40:00,3312.56,3318.59,3312.26,3318.25,361.0
2025-04-23 10:45:00,3317.77,3317.77,3313.46,3313.93,324.0
2025-04-23 10:50:00,3313.99,3319.32,3313.33,3319.17,304.0
2025-04-23 10:55:00,3319.18,3320.51,3317.27,3319.0,297.0
2025-04-23 11:00:00,3319.45,3319.45,3315.5,3317.58,315.0
2025-04-23 11:05:00,3317.59,3318.41,3313.05,3315.13,325.0
2025-04-23 11:10:00,3315.13,3315.56,3305.51,3306.28,365.0
2025-04-23 11:15:00,3306.56,3311.98,3306.23,3309.99,342.0
2025-04-23 11:20:00,3309.67,3315.51,3309.6,3315.51,278.0
2025-04-23 11:25:00,3315.54,3316.81,3314.0,3315.71,305.0
2025-04-23 11:30:00,3315.71,3317.35,3314.45,3314.67,308.0
2025-04-23 11:35:00,3315.05,3318.76,3314.39,3316.53,315.0
2025-04-23 11:40:00,3316.5,3318.99,3316.25,3317.35,297.0
2025-04-23 11:45:00,3317.31,3319.39,3317.04,3317.57,246.0
2025-04-23 11:50:00,3317.58,3320.59,3317.37,3320.35,261.0
2025-04-23 11:55:00,3320.46,3321.47,3319.36,3321.4,255.0
2025-04-23 12:00:00,3321.52,3327.25,3320.16,3327.25,345.0
2025-04-23 12:05:00,3327.19,3328.96,3325.73,3328.36,348.0
2025-04-23 12:10:00,3328.34,3332.7,3327.88,3331.69,375.0
2025-04-23 12:15:00,3331.71,3337.34,3329.58,3337.23,332.0
2025-04-23 12:20:00,3337.14,3340.51,3335.8,3337.46,330.0
2025-04-23 12:25:00,3337.49,3338.62,3334.68,3335.55,321.0
2025-04-23 12:30:00,3335.81,3335.91,3331.65,3334.99,313.0
2025-04-23 12:35:00,3335.18,3337.73,3335.06,3335.32,281.0
2025-04-23 12:40:00,3335.32,3335.74,3328.88,3331.65,348.0
2025-04-23 12:45:00,3331.51,3331.51,3327.95,3328.35,285.0
2025-04-23 12:50:00,3328.04,3328.04,3322.78,3323.53,331.0
2025-04-23 12:55:00,3323.51,3323.89,3317.28,3317.65,351.0
2025-04-23 13:00:00,3317.6,3327.16,3316.86,3326.5,337.0
2025-04-23 13:05:00,3326.49,3328.42,3325.2,3326.48,313.0
2025-04-23 13:10:00,3326.48,3330.46,3324.87,3328.72,315.0
2025-04-23 13:15:00,3328.6,3328.72,3326.11,3326.9,280.0
2025-04-23 13:20:00,3326.77,3329.59,3326.57,3329.11,275.0
2025-04-23 13:25:00,3329.05,3334.64,3325.85,3334.2,311.0
2025-04-23 13:30:00,3334.24,3336.34,3329.83,3331.52,322.0
2025-04-23 13:35:00,3331.52,3332.49,3327.97,3329.93,319.0
2025-04-23 13:40:00,3330.01,3330.72,3327.52,3330.13,231.0
2025-04-23 13:45:00,3330.13,3330.17,3326.63,3327.04,288.0
2025-04-23 13:50:00,3326.86,3331.47,3325.44,3331.47,292.0
2025-04-23 13:55:00,3331.44,3332.22,3329.2,3329.99,306.0
2025-04-23 14:00:00,3329.73,3329.96,3322.28,3325.05,328.0
2025-04-23 14:05:00,3325.02,3327.53,3323.68,3325.12,290.0
2025-04-23 14:10:00,3325.16,3332.2,3324.72,3331.41,295.0
2025-04-23 14:15:00,3331.51,3336.27,3330.57,3335.11,310.0
2025-04-23 14:20:00,3335.13,3338.36,3332.38,3337.26,340.0
2025-04-23 14:25:00,3337.13,3339.01,3334.15,3336.18,315.0
2025-04-23 14:30:00,3336.18,3336.94,3332.39,3336.1,305.0
2025-04-23 14:35:00,3335.97,3337.09,3334.29,3334.29,265.0
2025-04-23 14:40:00,3334.14,3336.31,3332.65,3334.5,286.0
2025-04-23 14:45:00,3334.45,3334.65,3329.93,3332.99,287.0
2025-04-23 14:50:00,3332.86,3332.86,3324.91,3324.91,315.0
2025-04-23 14:55:00,3324.88,3327.13,3322.2,3324.6,370.0
2025-04-23 15:00:00,3324.74,3325.66,3320.37,3322.79,418.0
2025-04-23 15:05:00,3322.71,3323.59,3318.66,3319.03,397.0
2025-04-23 15:10:00,3319.21,3319.9,3313.79,3317.82,408.0
2025-04-23 15:15:00,3317.94,3323.67,3315.43,3323.67,384.0
2025-04-23 15:20:00,3323.72,3330.27,3323.72,3329.2,403.0
2025-04-23 15:25:00,3329.36,3333.34,3328.01,3329.45,406.0
2025-04-23 15:30:00,3329.0,3329.0,3321.21,3323.41,431.0
2025-04-23 15:35:00,3323.4,3325.68,3318.66,3324.25,435.0
2025-04-23 15:40:00,3324.27,3324.8,3319.05,3319.95,334.0
2025-04-23 15:45:00,3319.83,3320.43,3317.57,3317.82,387.0
2025-04-23 15:50:00,3317.3,3317.8,3313.97,3316.37,431.0
2025-04-23 15:55:00,3316.1,3316.84,3310.65,3310.78,434.0
2025-04-23 16:00:00,3310.59,3313.62,3305.61,3308.18,482.0
2025-04-23 16:05:00,3307.99,3309.9,3304.7,3305.76,437.0
2025-04-23 16:10:00,3305.73,3311.89,3304.79,3305.76,443.0
2025-04-23 16:15:00,3305.74,3306.96,3300.29,3300.53,326.0
2025-04-23 16:20:00,3300.93,3309.5,3300.84,3306.5,432.0
2025-04-23 16:25:00,3306.53,3308.17,3298.34,3299.87,424.0
2025-04-23 16:30:00,3299.12,3303.11,3293.64,3301.56,475.0
2025-04-23 16:35:00,3301.75,3304.45,3285.36,3287.5,493.0
2025-04-23 16:40:00,3287.55,3292.82,3280.81,3292.2,511.0
2025-04-23 16:45:00,3292.68,3294.53,3279.27,3279.27,497.0
2025-04-23 16:50:00,3279.18,3282.66,3272.25,3275.55,518.0
2025-04-23 16:55:00,3275.48,3278.97,3271.16,3277.71,477.0
2025-04-23 17:00:00,3277.5,3278.02,3261.71,3265.54,520.0
2025-04-23 17:05:00,3266.0,3273.99,3261.87,3263.65,500.0
2025-04-23 17:10:00,3263.24,3270.04,3259.98,3269.69,493.0
2025-04-23 17:15:00,3270.1,3280.35,3268.76,3278.24,488.0
2025-04-23 17:20:00,3279.0,3284.89,3276.44,3281.26,482.0
2025-04-23 17:25:00,3281.06,3281.06,3272.1,3275.42,465.0
2025-04-23 17:30:00,3275.39,3279.76,3271.56,3276.88,456.0
2025-04-23 17:35:00,3277.05,3280.03,3273.08,3278.39,446.0
2025-04-23 17:40:00,3278.43,3288.87,3277.78,3288.87,463.0
2025-04-23 17:45:00,3289.01,3296.09,3288.13,3296.09,461.0
2025-04-23 17:50:00,3296.06,3296.14,3286.62,3291.74,465.0
2025-04-23 17:55:00,3291.48,3291.8,3285.69,3287.47,447.0
2025-04-23 18:00:00,3287.38,3294.27,3283.27,3285.51,483.0
2025-04-23 18:05:00,3285.32,3291.66,3285.32,3287.09,415.0
2025-04-23 18:10:00,3286.96,3287.05,3277.17,3277.55,449.0
2025-04-23 18:15:00,3277.48,3279.06,3274.46,3275.29,456.0
2025-04-23 18:20:00,3275.23,3283.74,3269.22,3280.0,489.0
2025-04-23 18:25:00,3279.7,3282.16,3275.51,3276.73,457.0
2025-04-23 18:30:00,3277.31,3279.95,3269.84,3271.7,433.0
2025-04-23 18:35:00,3271.47,3280.16,3271.47,3277.98,410.0
2025-04-23 18:40:00,3278.03,3281.56,3274.28,3281.24,418.0
2025-04-23 18:45:00,3281.57,3287.8,3280.94,3284.03,432.0
2025-04-23 18:50:00,3284.2,3287.87,3283.28,3284.98,400.0
2025-04-23 18:55:00,3285.0,3285.58,3275.92,3280.35,419.0
2025-04-23 19:00:00,3280.96,3285.69,3279.14,3285.01,398.0
2025-04-23 19:05:00,3285.04,3288.93,3284.43,3288.91,393.0
2025-04-23 19:10:00,3288.93,3289.32,3284.44,3288.11,395.0
2025-04-23 19:15:00,3288.04,3291.99,3287.95,3291.47,413.0
2025-04-23 19:20:00,3291.46,3294.15,3290.91,3293.8,420.0
2025-04-23 19:25:00,3293.78,3294.68,3290.15,3291.83,380.0
2025-04-23 19:30:00,3291.96,3293.9,3289.11,3293.9,410.0
2025-04-23 19:35:00,3294.05,3298.98,3293.29,3298.37,428.0
2025-04-23 19:40:00,3298.28,3299.84,3296.07,3298.08,408.0
2025-04-23 19:45:00,3298.06,3305.51,3296.13,3302.82,411.0
2025-04-23 19:50:00,3302.96,3303.26,3297.66,3297.71,393.0
2025-04-23 19:55:00,3297.71,3298.73,3294.87,3294.98,362.0
2025-04-23 20:00:00,3295.05,3301.47,3295.05,3300.36,391.0
2025-04-23 20:05:00,3300.39,3300.89,3295.98,3296.07,396.0
2025-04-23 20:10:00,3295.88,3296.03,3289.23,3289.3,411.0
2025-04-23 20:15:00,3289.46,3289.88,3284.15,3287.11,415.0
2025-04-23 20:20:00,3287.13,3289.42,3285.61,3287.68,373.0
2025-04-23 20:25:00,3286.99,3287.28,3281.69,3282.4,428.0
2025-04-23 20:30:00,3282.43,3283.12,3277.76,3282.92,420.0
2025-04-23 20:35:00,3282.87,3284.4,3281.25,3282.12,406.0
2025-04-23 20:40:00,3282.03,3283.87,3279.68,3283.0,383.0
2025-04-23 20:45:00,3282.89,3284.5,3281.82,3282.95,378.0
2025-04-23 20:50:00,3283.13,3283.89,3281.16,3282.83,369.0
2025-04-23 20:55:00,3282.99,3283.56,3280.29,3281.36,319.0
2025-04-23 21:00:00,3281.32,3282.96,3279.73,3280.14,319.0
2025-04-23 21:05:00,3280.0,3282.84,3277.99,3282.79,375.0
2025-04-23 21:10:00,3282.8,3286.44,3282.62,3285.78,364.0
2025-04-23 21:15:00,3285.74,3286.93,3284.99,3285.59,362.0
2025-04-23 21:20:00,3285.75,3286.31,3279.39,3279.61,366.0
2025-04-23 21:25:00,3279.68,3282.15,3279.46,3280.28,376.0
2025-04-23 21:30:00,3280.23,3281.86,3279.68,3279.78,315.0
2025-04-23 21:35:00,3279.76,3281.4,3279.13,3280.05,336.0
2025-04-23 21:40:00,3280.08,3280.43,3277.85,3280.3,316.0
2025-04-23 21:45:00,3280.3,3282.5,3280.08,3282.27,329.0
2025-04-23 21:50:00,3282.24,3283.76,3281.07,3281.1,311.0
2025-04-23 21:55:00,3281.15,3282.94,3281.09,3282.78,329.0
2025-04-23 22:00:00,3282.77,3285.45,3282.66,3284.92,336.0
2025-04-23 22:05:00,3284.94,3287.37,3284.87,3287.37,312.0
2025-04-23 22:10:00,3289.71,3292.53,3288.95,3289.64,375.0
2025-04-23 22:15:00,3289.63,3293.6,3288.79,3291.94,349.0
2025-04-23 22:20:00,3291.93,3294.59,3290.05,3293.33,356.0
2025-04-23 22:25:00,3293.2,3296.46,3293.2,3295.79,356.0
2025-04-23 22:30:00,3295.75,3296.0,3291.26,3292.43,360.0
2025-04-23 22:35:00,3292.36,3294.07,3290.82,3292.76,357.0
2025-04-23 22:40:00,3292.76,3295.83,3291.55,3295.46,338.0
2025-04-23 22:45:00,3295.37,3297.09,3292.34,3292.38,341.0
2025-04-23 22:50:00,3292.62,3294.22,3290.66,3293.31,344.0
2025-04-23 22:55:00,3293.32,3294.63,3292.26,3293.6,378.0
2025-04-23 23:00:00,3294.36,3294.81,3292.14,3293.99,255.0
2025-04-23 23:05:00,3294.0,3294.84,3291.76,3294.79,243.0
2025-04-23 23:10:00,3294.89,3295.76,3292.68,3293.45,215.0
2025-04-23 23:15:00,3293.44,3294.98,3292.93,3294.38,190.0
2025-04-23 23:20:00,3294.26,3294.79,3293.48,3293.73,229.0
2025-04-23 23:25:00,3293.62,3293.8,3290.0,3290.3,241.0
2025-04-23 23:30:00,3290.28,3290.32,3284.12,3286.01,296.0
2025-04-23 23:35:00,3286.03,3288.67,3285.69,3286.14,213.0
2025-04-23 23:40:00,3286.14,3289.19,3286.13,3289.02,205.0
2025-04-23 23:45:00,3288.95,3289.53,3286.84,3289.52,226.0
2025-04-23 23:50:00,3289.5,3289.98,3287.83,3289.38,167.0
2025-04-23 23:55:00,3288.74,3288.94,3287.91,3288.12,142.0
2025-04-24 01:00:00,3289.07,3306.36,3288.83,3305.84,730.0
2025-04-24 01:05:00,3305.87,3311.9,3305.87,3309.6,365.0
2025-04-24 01:10:00,3309.52,3311.36,3308.97,3310.1,259.0
2025-04-24 01:15:00,3310.22,3310.61,3305.2,3308.11,241.0
2025-04-24 01:20:00,3308.42,3311.0,3306.92,3311.0,283.0
2025-04-24 01:25:00,3310.99,3311.29,3309.15,3310.82,273.0
2025-04-24 01:30:00,3310.81,3310.9,3309.1,3310.9,268.0
2025-04-24 01:35:00,3310.91,3315.91,3308.58,3315.21,330.0
2025-04-24 01:40:00,3315.47,3315.53,3313.02,3313.98,339.0
2025-04-24 01:45:00,3314.04,3314.78,3310.91,3310.98,259.0
2025-04-24 01:50:00,3311.24,3312.35,3308.22,3308.22,292.0
2025-04-24 01:55:00,3308.2,3310.31,3307.67,3309.03,273.0
2025-04-24 02:00:00,3309.03,3311.52,3309.03,3310.71,253.0
2025-04-24 02:05:00,3310.7,3311.7,3308.26,3309.5,222.0
2025-04-24 02:10:00,3309.49,3311.2,3308.87,3310.37,214.0
2025-04-24 02:15:00,3310.38,3311.6,3310.06,3311.24,220.0
2025-04-24 02:20:00,3311.17,3311.82,3309.22,3310.47,244.0
2025-04-24 02:25:00,3310.45,3312.16,3310.1,3311.09,247.0
2025-04-24 02:30:00,3311.31,3313.26,3311.1,3312.99,213.0
2025-04-24 02:35:00,3312.98,3313.94,3312.06,3313.6,195.0
2025-04-24 02:40:00,3313.63,3313.69,3310.51,3311.81,233.0
2025-04-24 02:45:00,3311.83,3314.86,3311.39,3314.5,268.0
2025-04-24 02:50:00,3314.48,3316.77,3312.92,3313.02,275.0
2025-04-24 02:55:00,3312.99,3316.5,3312.29,3316.27,293.0
2025-04-24 03:00:00,3316.32,3316.8,3314.19,3315.09,352.0
2025-04-24 03:05:00,3314.97,3318.18,3313.29,3317.5,353.0
2025-04-24 03:10:00,3317.42,3321.33,3317.42,3321.33,378.0
2025-04-24 03:15:00,3321.46,3323.42,3319.31,3323.18,374.0
2025-04-24 03:20:00,3323.2,3324.89,3321.32,3324.31,396.0
2025-04-24 03:25:00,3324.36,3335.07,3323.43,3334.73,454.0
2025-04-24 03:30:00,3334.82,3339.07,3332.91,3336.38,477.0
2025-04-24 03:35:00,3336.4,3339.0,3332.88,3333.22,420.0
2025-04-24 03:40:00,3333.29,3333.99,3329.81,3333.02,406.0
2025-04-24 03:45:00,3332.88,3334.5,3330.96,3330.96,380.0
2025-04-24 03:50:00,3330.97,3333.34,3329.1,3332.36,381.0
2025-04-24 03:55:00,3332.3,3334.97,3329.81,3331.77,422.0
2025-04-24 04:00:00,3331.52,3339.98,3330.85,3339.62,510.0
2025-04-24 04:05:00,3339.57,3347.94,3339.27,3344.82,536.0
2025-04-24 04:10:00,3344.73,3348.85,3341.84,3348.29,479.0
2025-04-24 04:15:00,3348.08,3358.45,3347.16,3354.36,507.0
2025-04-24 04:20:00,3354.2,3360.99,3354.02,3360.9,499.0
2025-04-24 04:25:00,3360.88,3360.88,3356.4,3359.34,488.0
2025-04-24 04:30:00,3359.39,3361.02,3356.77,3357.63,505.0
2025-04-24 04:35:00,3357.88,3367.17,3354.91,3366.09,518.0
2025-04-24 04:40:00,3366.1,3366.82,3360.6,3361.95,503.0
2025-04-24 04:45:00,3361.85,3365.04,3357.66,3357.66,506.0
2025-04-24 04:50:00,3357.74,3358.41,3350.38,3351.87,484.0
2025-04-24 04:55:00,3351.82,3357.56,3348.59,3357.41,483.0
2025-04-24 05:00:00,3357.5,3363.42,3357.5,3358.87,490.0
2025-04-24 05:05:00,3358.73,3360.17,3353.07,3358.49,455.0
2025-04-24 05:10:00,3358.26,3359.67,3356.26,3356.48,416.0
2025-04-24 05:15:00,3356.79,3359.17,3354.17,3354.59,337.0
2025-04-24 05:20:00,3355.18,3355.66,3349.69,3352.6,405.0
2025-04-24 05:25:00,3352.59,3354.56,3351.55,3353.78,324.0
2025-04-24 05:30:00,3354.05,3355.45,3350.8,3350.95,410.0
2025-04-24 05:35:00,3350.72,3351.03,3338.73,3343.14,476.0
2025-04-24 05:40:00,3342.88,3342.88,3335.73,3341.63,487.0
2025-04-24 05:45:00,3340.91,3344.83,3337.87,3344.05,450.0
2025-04-24 05:50:00,3343.99,3345.0,3338.7,3341.56,411.0
2025-04-24 05:55:00,3341.57,3344.55,3341.03,3342.21,376.0
2025-04-24 06:00:00,3342.17,3342.75,3339.7,3341.06,387.0
2025-04-24 06:05:00,3341.05,3342.13,3338.33,3338.82,360.0
2025-04-24 06:10:00,3338.81,3340.1,3332.09,3333.97,416.0
2025-04-24 06:15:00,3333.97,3337.88,3333.37,3336.03,428.0
2025-04-24 06:20:00,3335.97,3335.97,3326.65,3329.22,432.0
2025-04-24 06:25:00,3329.42,3333.38,3327.19,3330.38,437.0
2025-04-24 06:30:00,3330.25,3330.68,3322.73,3323.41,376.0
2025-04-24 06:35:00,3322.78,3327.07,3320.74,3324.19,373.0
2025-04-24 06:40:00,3324.22,3327.99,3323.11,3326.77,323.0
2025-04-24 06:45:00,3326.77,3329.47,3326.14,3328.06,292.0
2025-04-24 06:50:00,3328.06,3329.23,3327.52,3328.24,226.0
2025-04-24 06:55:00,3328.31,3329.37,3326.87,3326.96,247.0
2025-04-24 07:00:00,3326.98,3329.29,3326.98,3327.72,244.0
2025-04-24 07:05:00,3327.83,3327.86,3326.27,3327.36,230.0
2025-04-24 07:10:00,3327.45,3331.7,3326.65,3330.84,267.0
2025-04-24 07:15:00,3330.65,3330.65,3327.04,3328.28,303.0
2025-04-24 07:20:00,3328.45,3328.51,3326.07,3326.98,244.0
2025-04-24 07:25:00,3326.95,3328.96,3326.79,3328.76,206.0
2025-04-24 07:30:00,3328.68,3330.11,3326.73,3329.19,253.0
2025-04-24 07:35:00,3329.2,3330.89,3328.45,3330.42,206.0
2025-04-24 07:40:00,3330.35,3331.05,3327.1,3327.78,218.0
2025-04-24 07:45:00,3327.79,3329.94,3327.18,3328.84,229.0
2025-04-24 07:50:00,3328.44,3329.05,3325.94,3328.85,274.0
2025-04-24 07:55:00,3328.82,3329.88,3325.92,3326.08,291.0
2025-04-24 08:00:00,3326.18,3327.82,3325.44,3326.35,236.0
2025-04-24 08:05:00,3326.42,3328.41,3324.99,3325.01,217.0
2025-04-24 08:10:00,3324.99,3326.32,3323.64,3325.83,292.0
2025-04-24 08:15:00,3325.85,3327.51,3324.5,3327.22,208.0
2025-04-24 08:20:00,3327.26,3327.75,3322.24,3323.46,282.0
2025-04-24 08:25:00,3323.36,3325.26,3323.25,3324.79,220.0
2025-04-24 08:30:00,3324.78,3326.0,3320.47,3324.85,433.0
2025-04-24 08:35:00,3324.83,3334.82,3324.73,3332.38,413.0
2025-04-24 08:40:00,3332.72,3335.46,3330.65,3331.29,414.0
2025-04-24 08:45:00,3331.08,3333.91,3331.08,3332.28,362.0
2025-04-24 08:50:00,3332.25,3333.05,3328.02,3328.38,358.0
2025-04-24 08:55:00,3328.38,3328.4,3321.69,3323.86,393.0
2025-04-24 09:00:00,3323.9,3325.54,3319.04,3325.42,423.0
2025-04-24 09:05:00,3325.51,3326.34,3322.97,3326.14,375.0
2025-04-24 09:10:00,3326.14,3327.89,3322.36,3323.58,451.0
2025-04-24 09:15:00,3323.47,3323.79,3314.81,3318.15,507.0
2025-04-24 09:20:00,3318.11,3323.05,3317.14,3323.03,407.0
2025-04-24 09:25:00,3323.01,3325.13,3318.96,3319.97,415.0
2025-04-24 09:30:00,3319.92,3321.25,3318.52,3319.93,403.0
2025-04-24 09:35:00,3319.93,3319.93,3317.05,3318.74,442.0
2025-04-24 09:40:00,3318.56,3320.27,3315.41,3320.26,429.0
2025-04-24 09:45:00,3320.25,3322.78,3319.98,3321.76,430.0
2025-04-24 09:50:00,3321.9,3328.12,3321.02,3325.03,441.0
2025-04-24 09:55:00,3324.92,3326.92,3322.37,3325.09,471.0
2025-04-24 10:00:00,3324.63,3335.77,3324.26,3334.97,459.0
2025-04-24 10:05:00,3334.37,3338.58,3334.24,3338.36,470.0
2025-04-24 10:10:00,3338.41,3339.68,3335.94,3337.65,407.0
2025-04-24 10:15:00,3337.87,3338.3,3329.33,3331.99,467.0
2025-04-24 10:20:00,3331.97,3333.27,3327.75,3328.76,467.0
2025-04-24 10:25:00,3328.77,3331.22,3326.54,3330.31,431.0
2025-04-24 10:30:00,3330.3,3330.47,3327.75,3327.77,397.0
2025-04-24 10:35:00,3328.1,3328.53,3323.14,3323.68,391.0
2025-04-24 10:40:00,3323.73,3329.98,3323.61,3329.32,381.0
2025-04-24 10:45:00,3329.78,3333.97,3328.67,3333.03,354.0
2025-04-24 10:50:00,3333.23,3335.96,3332.36,3334.33,351.0
2025-04-24 10:55:00,3334.32,3336.4,3333.07,3333.74,318.0
2025-04-24 11:00:00,3333.71,3333.83,3330.18,3331.18,372.0
2025-04-24 11:05:00,3331.08,3334.14,3330.3,3331.79,366.0
2025-04-24 11:10:00,3331.78,3332.97,3330.41,3332.39,328.0
2025-04-24 11:15:00,3332.39,3335.11,3330.09,3330.47,369.0
2025-04-24 11:20:00,3330.42,3331.39,3327.4,3331.39,383.0
2025-04-24 11:25:00,3331.39,3333.85,3330.69,3333.05,364.0
2025-04-24 11:30:00,3333.38,3334.91,3331.83,3334.9,334.0
2025-04-24 11:35:00,3334.9,3335.61,3331.89,3333.44,365.0
2025-04-24 11:40:00,3333.4,3338.74,3332.96,3337.12,424.0
2025-04-24 11:45:00,3337.09,3340.0,3336.53,3339.67,349.0
2025-04-24 11:50:00,3339.64,3341.6,3337.24,3337.99,389.0
2025-04-24 11:55:00,3337.99,3338.55,3335.41,3335.98,359.0
2025-04-24 12:00:00,3336.17,3339.73,3335.66,3339.73,395.0
2025-04-24 12:05:00,3339.76,3342.91,3339.19,3340.2,371.0
2025-04-24 12:10:00,3340.3,3340.9,3335.89,3337.7,360.0
2025-04-24 12:15:00,3337.57,3339.16,3336.74,3336.98,314.0
2025-04-24 12:20:00,3336.97,3337.88,3335.96,3337.16,322.0
2025-04-24 12:25:00,3337.17,3337.17,3334.79,3335.18,324.0
2025-04-24 12:30:00,3335.77,3335.97,3330.4,3330.42,364.0
2025-04-24 12:35:00,3330.45,3330.98,3328.73,3330.8,322.0
2025-04-24 12:40:00,3330.88,3331.34,3328.26,3330.14,349.0
2025-04-24 12:45:00,3330.17,3332.0,3325.47,3328.78,385.0
2025-04-24 12:50:00,3328.79,3330.4,3328.44,3330.24,334.0
2025-04-24 12:55:00,3330.45,3336.36,3330.23,3335.68,403.0
2025-04-24 13:00:00,3335.64,3336.72,3332.65,3334.11,393.0
2025-04-24 13:05:00,3334.22,3335.24,3333.21,3335.14,348.0
2025-04-24 13:10:00,3335.12,3335.14,3332.08,3333.22,300.0
2025-04-24 13:15:00,3333.24,3333.46,3328.21,3328.89,353.0
2025-04-24 13:20:00,3329.07,3330.51,3326.29,3330.41,382.0
2025-04-24 13:25:00,3330.21,3331.23,3329.92,3330.58,321.0
2025-04-24 13:30:00,3330.6,3331.88,3329.49,3331.64,339.0
2025-04-24 13:35:00,3331.66,3331.66,3329.81,3329.84,301.0
2025-04-24 13:40:00,3330.06,3330.68,3327.3,3330.39,311.0
2025-04-24 13:45:00,3330.38,3331.94,3329.6,3331.19,305.0
2025-04-24 13:50:00,3331.27,3332.22,3329.47,3332.04,335.0
2025-04-24 13:55:00,3332.04,3333.79,3325.74,3329.92,387.0
2025-04-24 14:00:00,3329.54,3333.85,3329.54,3331.48,355.0
2025-04-24 14:05:00,3331.48,3335.53,3330.94,3335.15,319.0
2025-04-24 14:10:00,3335.11,3335.63,3333.21,3334.51,346.0
2025-04-24 14:15:00,3334.41,3338.27,3334.41,3337.52,342.0
2025-04-24 14:20:00,3337.41,3340.54,3336.87,3340.18,314.0
2025-04-24 14:25:00,3340.25,3342.3,3339.39,3341.39,357.0
2025-04-24 14:30:00,3341.64,3343.88,3339.44,3342.31,391.0
2025-04-24 14:35:00,3342.32,3342.34,3338.53,3338.54,373.0
2025-04-24 14:40:00,3338.46,3339.55,3336.3,3337.24,390.0
2025-04-24 14:45:00,3337.5,3339.88,3336.44,3339.42,318.0
2025-04-24 14:50:00,3339.41,3339.61,3337.15,3338.18,368.0
2025-04-24 14:55:00,3338.57,3339.64,3335.04,3337.02,366.0
2025-04-24 15:00:00,3337.25,3341.25,3337.25,3339.09,420.0
2025-04-24 15:05:00,3338.96,3338.96,3336.03,3336.98,375.0
2025-04-24 15:10:00,3336.93,3338.4,3336.14,3337.01,404.0
2025-04-24 15:15:00,3337.14,3339.48,3336.61,3339.47,363.0
2025-04-24 15:20:00,3339.46,3340.38,3336.02,3337.3,406.0
2025-04-24 15:25:00,3337.55,3339.18,3336.13,3337.09,362.0
2025-04-24 15:30:00,3336.92,3341.69,3335.91,3341.22,367.0
2025-04-24 15:35:00,3341.53,3343.82,3340.71,3343.38,383.0
2025-04-24 15:40:00,3343.25,3344.38,3337.42,3338.17,471.0
2025-04-24 15:45:00,3338.0,3340.84,3336.72,3338.42,458.0
2025-04-24 15:50:00,3338.44,3341.4,3338.44,3340.31,450.0
2025-04-24 15:55:00,3340.33,3341.39,3335.55,3335.87,443.0
2025-04-24 16:00:00,3335.99,3335.99,3329.9,3332.46,496.0
2025-04-24 16:05:00,3332.65,3336.26,3331.09,3334.68,459.0
2025-04-24 16:10:00,3334.7,3334.7,3328.14,3328.85,470.0
2025-04-24 16:15:00,3328.92,3329.73,3326.71,3327.45,472.0
2025-04-24 16:20:00,3327.45,3332.12,3325.1,3330.89,486.0
2025-04-24 16:25:00,3330.61,3332.86,3329.09,3330.5,460.0
2025-04-24 16:30:00,3330.97,3333.27,3322.22,3326.84,546.0
2025-04-24 16:35:00,3326.73,3326.75,3320.04,3323.67,510.0
2025-04-24 16:40:00,3323.25,3323.25,3316.22,3316.48,497.0
2025-04-24 16:45:00,3316.45,3320.74,3314.85,3315.76,530.0
2025-04-24 16:50:00,3315.7,3315.76,3312.62,3314.64,517.0
2025-04-24 16:55:00,3313.94,3317.82,3312.83,3315.21,468.0
2025-04-24 17:00:00,3315.14,3318.15,3311.22,3312.08,515.0
2025-04-24 17:05:00,3312.06,3312.46,3306.97,3309.24,531.0
2025-04-24 17:10:00,3308.83,3315.56,3308.21,3313.65,513.0
2025-04-24 17:15:00,3313.79,3314.38,3308.74,3309.67,494.0
2025-04-24 17:20:00,3309.68,3315.71,3309.49,3315.71,477.0
2025-04-24 17:25:00,3315.44,3319.81,3314.1,3318.27,495.0
2025-04-24 17:30:00,3318.27,3325.0,3318.08,3321.3,496.0
2025-04-24 17:35:00,3321.14,3323.13,3316.95,3320.48,460.0
2025-04-24 17:40:00,3320.81,3327.05,3319.69,3326.48,479.0
2025-04-24 17:45:00,3326.35,3330.41,3325.76,3328.05,485.0
2025-04-24 17:50:00,3328.02,3328.39,3325.49,3327.68,468.0
2025-04-24 17:55:00,3327.66,3329.0,3324.53,3327.55,473.0
2025-04-24 18:00:00,3327.5,3327.59,3322.44,3322.75,455.0
2025-04-24 18:05:00,3322.5,3326.46,3322.37,3325.04,448.0
2025-04-24 18:10:00,3325.26,3327.24,3323.9,3325.61,418.0
2025-04-24 18:15:00,3325.65,3327.6,3319.55,3320.92,448.0
2025-04-24 18:20:00,3320.88,3321.64,3319.57,3320.61,404.0
2025-04-24 18:25:00,3320.59,3325.18,3320.59,3324.09,451.0
2025-04-24 18:30:00,3323.96,3329.57,3323.93,3328.71,429.0
2025-04-24 18:35:00,3328.75,3329.61,3324.52,3326.27,440.0
2025-04-24 18:40:00,3326.49,3327.68,3323.63,3324.41,421.0
2025-04-24 18:45:00,3324.5,3324.65,3320.71,3324.64,437.0
2025-04-24 18:50:00,3324.62,3328.82,3324.11,3328.55,428.0
2025-04-24 18:55:00,3328.54,3330.37,3327.46,3329.46,402.0
2025-04-24 19:00:00,3329.42,3332.44,3328.12,3332.21,407.0
2025-04-24 19:05:00,3331.68,3333.22,3330.94,3332.44,417.0
2025-04-24 19:10:00,3332.44,3335.4,3331.66,3335.26,385.0
2025-04-24 19:15:00,3335.14,3335.14,3330.83,3331.92,403.0
2025-04-24 19:20:00,3331.72,3333.46,3331.72,3331.94,364.0
2025-04-24 19:25:00,3331.95,3332.27,3327.82,3328.47,396.0
2025-04-24 19:30:00,3328.59,3329.55,3325.23,3325.63,429.0
2025-04-24 19:35:00,3325.87,3326.81,3322.5,3325.22,419.0
2025-04-24 19:40:00,3324.99,3327.64,3324.99,3327.49,408.0
2025-04-24 19:45:00,3327.61,3329.84,3327.17,3328.24,409.0
2025-04-24 19:50:00,3328.24,3331.59,3328.07,3330.56,392.0
2025-04-24 19:55:00,3330.49,3331.58,3329.48,3331.5,362.0
2025-04-24 20:00:00,3331.52,3332.2,3330.04,3331.13,366.0
2025-04-24 20:05:00,3331.32,3333.67,3331.06,3332.67,385.0
2025-04-24 20:10:00,3332.68,3334.7,3332.29,3333.98,373.0
2025-04-24 20:15:00,3334.04,3336.85,3333.43,3336.82,386.0
2025-04-24 20:20:00,3336.82,3337.66,3333.05,3333.18,384.0
2025-04-24 20:25:00,3333.29,3336.92,3332.91,3336.73,430.0
2025-04-24 20:30:00,3336.73,3338.73,3334.03,3334.98,381.0
2025-04-24 20:35:00,3334.88,3336.08,3334.14,3335.34,365.0
2025-04-24 20:40:00,3335.19,3335.19,3332.94,3333.49,357.0
2025-04-24 20:45:00,3333.44,3335.0,3333.44,3335.0,326.0
2025-04-24 20:50:00,3335.0,3337.32,3334.54,3336.44,352.0
2025-04-24 20:55:00,3336.39,3337.26,3335.75,3336.74,345.0
2025-04-24 21:00:00,3336.77,3336.77,3335.03,3335.71,346.0
2025-04-24 21:05:00,3335.78,3338.66,3335.71,3338.66,298.0
2025-04-24 21:10:00,3338.66,3339.22,3337.66,3338.42,356.0
2025-04-24 21:15:00,3338.42,3339.06,3337.96,3338.74,341.0
2025-04-24 21:20:00,3338.73,3338.78,3337.37,3337.66,303.0
2025-04-24 21:25:00,3337.71,3340.18,3337.51,3338.09,352.0
2025-04-24 21:30:00,3338.19,3338.25,3335.82,3336.54,303.0
2025-04-24 21:35:00,3336.58,3336.99,3334.32,3334.9,315.0
2025-04-24 21:40:00,3334.9,3335.25,3333.99,3335.15,275.0
2025-04-24 21:45:00,3335.21,3336.16,3335.02,3335.66,297.0
2025-04-24 21:50:00,3335.64,3336.2,3333.67,3333.87,312.0
2025-04-24 21:55:00,3333.77,3335.22,3333.67,3334.73,294.0
2025-04-24 22:00:00,3334.89,3334.95,3333.45,3334.26,316.0
2025-04-24 22:05:00,3334.3,3335.72,3334.24,3335.26,301.0
2025-04-24 22:10:00,3335.24,3336.3,3334.03,3336.29,327.0
2025-04-24 22:15:00,3336.23,3336.98,3335.76,3336.94,309.0
2025-04-24 22:20:00,3336.95,3337.42,3336.24,3336.65,305.0
2025-04-24 22:25:00,3336.67,3337.21,3335.46,3336.79,330.0
2025-04-24 22:30:00,3336.93,3339.58,3336.93,3338.87,331.0
2025-04-24 22:35:00,3338.9,3340.65,3338.45,3340.51,320.0
2025-04-24 22:40:00,3340.57,3341.72,3339.92,3341.72,307.0
2025-04-24 22:45:00,3341.74,3344.31,3341.59,3343.96,388.0
2025-04-24 22:50:00,3343.85,3345.78,3342.38,3345.78,381.0
2025-04-24 22:55:00,3345.79,3346.98,3342.17,3342.32,444.0
2025-04-24 23:00:00,3342.66,3342.66,3339.74,3342.2,310.0
2025-04-24 23:05:00,3342.16,3342.16,3338.09,3338.24,225.0
2025-04-24 23:10:00,3338.42,3340.8,3338.42,3339.33,208.0
2025-04-24 23:15:00,3339.29,3340.59,3338.92,3339.49,158.0
2025-04-24 23:20:00,3339.47,3340.36,3338.89,3339.88,173.0
2025-04-24 23:25:00,3339.88,3341.82,3339.07,3341.71,173.0
2025-04-24 23:30:00,3341.76,3346.11,3341.76,3345.34,216.0
2025-04-24 23:35:00,3345.37,3346.32,3344.06,3344.65,172.0
2025-04-24 23:40:00,3344.7,3345.86,3343.81,3345.41,180.0
2025-04-24 23:45:00,3345.32,3348.1,3345.3,3347.87,215.0
2025-04-24 23:50:00,3347.87,3349.8,3346.69,3349.51,204.0
2025-04-24 23:55:00,3349.7,3349.84,3348.44,3348.58,114.0
2025-04-25 01:00:00,3351.34,3358.55,3344.36,3347.85,682.0
2025-04-25 01:05:00,3347.85,3354.04,3341.87,3346.29,310.0
2025-04-25 01:10:00,3346.28,3354.29,3341.45,3353.72,242.0
2025-04-25 01:15:00,3346.47,3356.5,3345.69,3353.6,268.0
2025-04-25 01:20:00,3354.27,3357.99,3352.89,3357.07,242.0
2025-04-25 01:25:00,3353.71,3363.43,3349.55,3363.43,316.0
2025-04-25 01:30:00,3363.38,3370.36,3362.11,3364.07,435.0
2025-04-25 01:35:00,3363.92,3370.76,3363.7,3365.81,359.0
2025-04-25 01:40:00,3365.73,3366.2,3364.78,3365.53,299.0
2025-04-25 01:45:00,3365.47,3365.65,3361.51,3364.37,299.0
2025-04-25 01:50:00,3364.31,3364.97,3361.91,3364.23,299.0
2025-04-25 01:55:00,3364.34,3367.46,3363.49,3367.08,284.0
2025-04-25 02:00:00,3366.97,3368.13,3358.4,3359.49,409.0
2025-04-25 02:05:00,3359.47,3362.34,3358.12,3362.34,338.0
2025-04-25 02:10:00,3362.35,3362.48,3360.35,3361.76,273.0
2025-04-25 02:15:00,3361.68,3361.7,3359.07,3359.59,278.0
2025-04-25 02:20:00,3359.59,3359.7,3352.41,3352.79,361.0
2025-04-25 02:25:00,3352.76,3355.27,3352.51,3354.65,319.0
2025-04-25 02:30:00,3354.63,3355.48,3349.66,3349.66,351.0
2025-04-25 02:35:00,3349.74,3351.61,3347.31,3351.55,378.0
2025-04-25 02:40:00,3351.56,3353.18,3349.97,3351.03,329.0
2025-04-25 02:45:00,3351.14,3354.26,3350.53,3353.06,334.0
2025-04-25 02:50:00,3352.99,3354.74,3349.66,3349.66,303.0
2025-04-25 02:55:00,3349.47,3351.1,3347.17,3348.97,411.0
2025-04-25 03:00:00,3348.88,3353.18,3347.38,3352.11,401.0
2025-04-25 03:05:00,3352.35,3357.36,3352.25,3354.42,402.0
2025-04-25 03:10:00,3354.54,3358.15,3353.75,3355.83,401.0
2025-04-25 03:15:00,3355.8,3361.14,3355.28,3359.28,410.0
2025-04-25 03:20:00,3359.35,3360.44,3357.76,3358.59,386.0
2025-04-25 03:25:00,3358.6,3359.54,3357.32,3357.49,336.0
2025-04-25 03:30:00,3357.5,3361.28,3357.5,3359.41,370.0
2025-04-25 03:35:00,3359.42,3359.42,3351.19,3352.71,412.0
2025-04-25 03:40:00,3352.84,3353.63,3348.24,3351.79,448.0
2025-04-25 03:45:00,3351.8,3354.06,3349.74,3353.85,382.0
2025-04-25 03:50:00,3353.88,3356.75,3353.83,3356.62,373.0
2025-04-25 03:55:00,3356.82,3358.25,3355.42,3357.88,418.0
2025-04-25 04:00:00,3357.62,3358.51,3353.26,3358.29,490.0
2025-04-25 04:05:00,3358.38,3360.56,3354.97,3360.5,452.0
2025-04-25 04:10:00,3360.33,3363.09,3355.1,3355.34,434.0
2025-04-25 04:15:00,3355.4,3356.35,3351.19,3351.94,408.0
2025-04-25 04:20:00,3351.87,3354.06,3348.7,3348.7,413.0
2025-04-25 04:25:00,3348.73,3352.85,3348.73,3352.85,412.0
2025-04-25 04:30:00,3353.14,3354.65,3351.32,3353.29,392.0
2025-04-25 04:35:00,3353.16,3353.16,3349.39,3349.74,389.0
2025-04-25 04:40:00,3349.73,3352.37,3348.12,3349.23,426.0
2025-04-25 04:45:00,3349.19,3351.5,3347.05,3347.7,405.0
2025-04-25 04:50:00,3347.53,3347.7,3343.3,3344.21,445.0
2025-04-25 04:55:00,3344.21,3346.87,3343.02,3345.64,441.0
2025-04-25 05:00:00,3345.76,3350.75,3345.06,3349.36,431.0
2025-04-25 05:05:00,3349.34,3350.42,3347.61,3349.02,360.0
2025-04-25 05:10:00,3349.09,3353.3,3349.02,3352.59,391.0
2025-04-25 05:15:00,3352.59,3352.96,3349.53,3350.67,307.0
2025-04-25 05:20:00,3350.62,3350.63,3347.69,3347.94,376.0
2025-04-25 05:25:00,3347.94,3348.36,3346.0,3347.95,314.0
2025-04-25 05:30:00,3348.63,3349.94,3346.3,3348.62,421.0
2025-04-25 05:35:00,3348.59,3350.97,3346.66,3347.04,361.0
2025-04-25 05:40:00,3347.0,3347.11,3344.59,3346.73,414.0
2025-04-25 05:45:00,3346.37,3348.56,3344.75,3348.38,350.0
2025-04-25 05:50:00,3348.3,3348.41,3345.7,3346.33,372.0
2025-04-25 05:55:00,3346.23,3348.69,3346.11,3348.69,340.0
2025-04-25 06:00:00,3348.65,3350.3,3347.37,3348.88,328.0
2025-04-25 06:05:00,3348.9,3351.19,3348.67,3351.07,278.0
2025-04-25 06:10:00,3351.03,3351.13,3348.83,3349.41,322.0
2025-04-25 06:15:00,3349.42,3350.14,3348.65,3350.14,325.0
2025-04-25 06:20:00,3350.12,3354.12,3349.24,3350.54,426.0
2025-04-25 06:25:00,3350.55,3352.15,3348.53,3348.79,385.0
2025-04-25 06:30:00,3348.76,3349.49,3346.08,3346.21,329.0
2025-04-25 06:35:00,3346.12,3349.01,3344.7,3347.39,402.0
2025-04-25 06:40:00,3347.43,3348.1,3341.69,3342.14,412.0
2025-04-25 06:45:00,3342.03,3342.62,3337.53,3338.34,424.0
2025-04-25 06:50:00,3338.35,3338.51,3333.4,3336.37,410.0
2025-04-25 06:55:00,3336.32,3336.43,3322.64,3323.56,487.0
2025-04-25 07:00:00,3323.68,3327.63,3320.65,3324.26,497.0
2025-04-25 07:05:00,3324.05,3326.37,3320.22,3321.57,420.0
2025-04-25 07:10:00,3321.74,3322.44,3317.33,3321.68,450.0
2025-04-25 07:15:00,3321.85,3324.29,3321.68,3322.47,445.0
2025-04-25 07:20:00,3321.77,3325.01,3321.06,3324.81,392.0
2025-04-25 07:25:00,3324.84,3326.43,3322.9,3323.91,400.0
2025-04-25 07:30:00,3323.77,3323.77,3316.46,3321.21,425.0
2025-04-25 07:35:00,3321.24,3322.5,3317.86,3320.91,389.0
2025-04-25 07:40:00,3320.93,3323.23,3320.46,3323.04,366.0
2025-04-25 07:45:00,3323.04,3324.63,3322.13,3324.48,337.0
2025-04-25 07:50:00,3324.39,3325.39,3322.87,3324.46,348.0
2025-04-25 07:55:00,3324.45,3326.22,3324.42,3324.78,304.0
2025-04-25 08:00:00,3324.79,3327.1,3323.17,3323.5,400.0
2025-04-25 08:05:00,3323.51,3324.24,3320.19,3321.64,434.0
2025-04-25 08:10:00,3321.64,3322.79,3319.1,3321.21,348.0
2025-04-25 08:15:00,3321.21,3321.25,3317.45,3317.59,374.0
2025-04-25 08:20:00,3317.6,3320.21,3316.1,3320.14,409.0
2025-04-25 08:25:00,3320.14,3320.25,3317.83,3319.14,352.0
2025-04-25 08:30:00,3319.04,3319.04,3311.68,3313.31,503.0
2025-04-25 08:35:00,3313.04,3318.69,3312.59,3314.5,480.0
2025-04-25 08:40:00,3314.28,3314.28,3306.78,3309.26,481.0
2025-04-25 08:45:00,3309.26,3309.35,3299.59,3303.08,556.0
2025-04-25 08:50:00,3302.99,3304.8,3287.22,3291.06,529.0
2025-04-25 08:55:00,3291.71,3295.45,3287.23,3294.31,536.0
2025-04-25 09:00:00,3294.21,3297.07,3290.34,3296.8,518.0
2025-04-25 09:05:00,3296.92,3297.52,3287.58,3291.25,525.0
2025-04-25 09:10:00,3291.39,3294.18,3288.08,3288.89,525.0
2025-04-25 09:15:00,3288.99,3296.5,3287.77,3295.07,517.0
2025-04-25 09:20:00,3295.05,3298.3,3294.22,3296.21,518.0
2025-04-25 09:25:00,3296.2,3298.39,3292.98,3297.81,504.0
2025-04-25 09:30:00,3297.58,3301.68,3295.37,3300.43,515.0
2025-04-25 09:35:00,3300.45,3304.94,3299.22,3304.13,503.0
2025-04-25 09:40:00,3304.58,3306.11,3301.72,3304.87,499.0
2025-04-25 09:45:00,3304.95,3305.59,3300.81,3301.96,473.0
2025-04-25 09:50:00,3302.02,3302.75,3299.38,3301.04,444.0
2025-04-25 09:55:00,3301.02,3304.61,3300.78,3304.39,406.0
2025-04-25 10:00:00,3304.55,3308.79,3303.84,3307.6,450.0
2025-04-25 10:05:00,3307.27,3308.48,3306.01,3306.29,400.0
2025-04-25 10:10:00,3306.3,3310.12,3303.3,3308.98,435.0
2025-04-25 10:15:00,3308.85,3314.54,3308.83,3313.39,496.0
2025-04-25 10:20:00,3313.35,3314.43,3309.57,3310.34,431.0
2025-04-25 10:25:00,3310.34,3310.55,3306.28,3306.75,397.0
2025-04-25 10:30:00,3306.69,3309.82,3305.68,3309.57,445.0
2025-04-25 10:35:00,3309.53,3310.07,3307.83,3308.81,372.0
2025-04-25 10:40:00,3308.73,3309.0,3304.75,3304.94,377.0
2025-04-25 10:45:00,3304.93,3308.41,3304.03,3307.87,355.0
2025-04-25 10:50:00,3307.86,3308.22,3306.3,3308.02,344.0
2025-04-25 10:55:00,3308.0,3308.41,3305.69,3306.98,365.0
2025-04-25 11:00:00,3307.15,3307.86,3302.77,3303.5,392.0
2025-04-25 11:05:00,3303.44,3304.61,3299.71,3300.12,372.0
2025-04-25 11:10:00,3299.92,3300.4,3295.42,3295.74,410.0
2025-04-25 11:15:00,3295.67,3298.89,3292.54,3294.39,430.0
2025-04-25 11:20:00,3294.61,3297.86,3291.93,3297.27,419.0
2025-04-25 11:25:00,3296.8,3301.61,3296.68,3301.5,415.0
2025-04-25 11:30:00,3301.5,3301.5,3298.15,3299.65,366.0
2025-04-25 11:35:00,3299.97,3301.48,3297.88,3301.48,361.0
2025-04-25 11:40:00,3301.43,3303.42,3300.05,3300.41,387.0
2025-04-25 11:45:00,3300.41,3305.37,3300.32,3300.88,414.0
2025-04-25 11:50:00,3300.85,3303.13,3300.82,3302.23,302.0
2025-04-25 11:55:00,3302.24,3304.19,3301.96,3303.66,307.0
2025-04-25 12:00:00,3303.9,3307.15,3303.85,3304.6,390.0
2025-04-25 12:05:00,3304.51,3308.47,3304.19,3307.54,389.0
2025-04-25 12:10:00,3307.49,3308.74,3303.78,3304.62,387.0
2025-04-25 12:15:00,3304.63,3306.63,3304.04,3304.48,327.0
2025-04-25 12:20:00,3304.49,3304.52,3301.27,3304.35,361.0
2025-04-25 12:25:00,3304.35,3306.91,3303.45,3303.84,407.0
2025-04-25 12:30:00,3303.84,3303.91,3298.71,3299.07,427.0
2025-04-25 12:35:00,3298.97,3299.84,3298.16,3299.41,345.0
2025-04-25 12:40:00,3299.42,3299.88,3298.34,3298.92,294.0
2025-04-25 12:45:00,3299.12,3299.69,3295.64,3296.08,351.0
2025-04-25 12:50:00,3296.13,3297.83,3292.59,3292.74,362.0
2025-04-25 12:55:00,3292.7,3295.29,3292.08,3292.15,413.0
2025-04-25 13:00:00,3291.98,3295.73,3291.98,3295.54,376.0
2025-04-25 13:05:00,3295.56,3299.49,3294.85,3298.68,373.0
2025-04-25 13:10:00,3298.65,3299.2,3297.47,3297.82,334.0
2025-04-25 13:15:00,3297.83,3300.78,3295.83,3300.05,427.0
2025-04-25 13:20:00,3300.05,3303.06,3299.57,3299.57,411.0
2025-04-25 13:25:00,3299.53,3304.82,3299.37,3304.82,377.0
2025-04-25 13:30:00,3304.61,3305.01,3302.68,3303.7,401.0
2025-04-25 13:35:00,3303.68,3306.26,3302.92,3304.19,398.0
2025-04-25 13:40:00,3304.12,3306.34,3301.24,3303.61,414.0
2025-04-25 13:45:00,3303.61,3303.64,3299.82,3300.11,378.0
2025-04-25 13:50:00,3300.07,3301.11,3298.07,3299.73,420.0
2025-04-25 13:55:00,3299.71,3301.2,3297.87,3297.99,405.0
2025-04-25 14:00:00,3297.98,3299.25,3296.97,3298.58,368.0
2025-04-25 14:05:00,3298.56,3300.34,3297.87,3299.55,325.0
2025-04-25 14:10:00,3299.51,3300.95,3298.11,3298.51,375.0
2025-04-25 14:15:00,3298.49,3298.85,3294.76,3295.35,360.0
2025-04-25 14:20:00,3295.43,3297.07,3294.56,3295.71,376.0
2025-04-25 14:25:00,3295.74,3299.09,3294.45,3298.58,396.0
2025-04-25 14:30:00,3298.62,3299.6,3298.1,3298.64,350.0
2025-04-25 14:35:00,3298.63,3298.63,3293.66,3293.69,360.0
2025-04-25 14:40:00,3293.67,3293.85,3288.29,3289.32,453.0
2025-04-25 14:45:00,3289.22,3294.32,3287.99,3293.2,423.0
2025-04-25 14:50:00,3292.76,3295.36,3291.78,3294.07,363.0
2025-04-25 14:55:00,3293.85,3294.98,3292.31,3293.41,372.0
2025-04-25 15:00:00,3293.45,3299.94,3293.39,3298.45,428.0
2025-04-25 15:05:00,3298.69,3299.92,3295.45,3297.0,410.0
2025-04-25 15:10:00,3296.91,3297.31,3292.92,3293.16,378.0
2025-04-25 15:15:00,3293.15,3294.26,3291.21,3292.69,408.0
2025-04-25 15:20:00,3292.42,3295.69,3291.51,3294.4,418.0
2025-04-25 15:25:00,3294.28,3303.03,3294.08,3298.42,429.0
2025-04-25 15:30:00,3298.56,3298.56,3291.98,3295.49,425.0
2025-04-25 15:35:00,3295.56,3298.56,3293.75,3295.28,395.0
2025-04-25 15:40:00,3295.17,3296.51,3293.7,3295.52,301.0
2025-04-25 15:45:00,3295.52,3298.17,3294.3,3298.17,327.0
2025-04-25 15:50:00,3297.97,3297.97,3294.55,3295.45,359.0
2025-04-25 15:55:00,3295.46,3296.98,3292.47,3292.63,407.0
2025-04-25 16:00:00,3292.67,3292.89,3276.82,3284.02,576.0
2025-04-25 16:05:00,3284.42,3288.64,3281.16,3283.54,536.0
2025-04-25 16:10:00,3283.53,3287.44,3280.98,3284.54,483.0
2025-04-25 16:15:00,3284.35,3284.53,3271.46,3277.02,552.0
2025-04-25 16:20:00,3277.33,3278.74,3269.92,3270.71,496.0
2025-04-25 16:25:00,3270.54,3273.87,3268.41,3273.44,502.0
2025-04-25 16:30:00,3273.04,3274.54,3265.19,3270.21,528.0
2025-04-25 16:35:00,3269.77,3269.95,3265.55,3268.8,522.0
2025-04-25 16:40:00,3268.91,3279.97,3267.59,3279.02,532.0
2025-04-25 16:45:00,3278.41,3284.25,3277.7,3282.01,499.0
2025-04-25 16:50:00,3281.81,3284.35,3280.2,3281.38,491.0
2025-04-25 16:55:00,3281.17,3284.44,3279.55,3281.17,430.0
2025-04-25 17:00:00,3281.11,3281.41,3275.46,3278.45,509.0
2025-04-25 17:05:00,3278.73,3286.19,3278.07,3281.82,511.0
2025-04-25 17:10:00,3281.88,3285.92,3281.88,3282.82,527.0
2025-04-25 17:15:00,3282.72,3283.54,3277.65,3279.47,503.0
2025-04-25 17:20:00,3279.46,3283.86,3278.08,3282.16,456.0
2025-04-25 17:25:00,3282.08,3287.01,3281.95,3285.9,462.0
2025-04-25 17:30:00,3285.83,3286.44,3282.18,3285.3,452.0
2025-04-25 17:35:00,3285.38,3285.71,3280.03,3281.89,451.0
2025-04-25 17:40:00,3281.68,3282.56,3280.24,3282.2,444.0
2025-04-25 17:45:00,3282.28,3282.53,3279.57,3280.75,445.0
2025-04-25 17:50:00,3280.83,3280.85,3274.63,3277.26,461.0
2025-04-25 17:55:00,3277.26,3278.6,3275.06,3277.96,448.0
2025-04-25 18:00:00,3278.04,3280.85,3277.03,3280.07,467.0
2025-04-25 18:05:00,3280.16,3280.33,3274.5,3274.51,432.0
2025-04-25 18:10:00,3274.57,3274.92,3271.25,3272.47,432.0
2025-04-25 18:15:00,3272.53,3275.35,3272.5,3273.72,431.0
2025-04-25 18:20:00,3273.66,3273.66,3270.17,3272.02,431.0
2025-04-25 18:25:00,3272.07,3273.11,3270.69,3272.33,391.0
2025-04-25 18:30:00,3272.43,3275.36,3272.1,3274.21,403.0
2025-04-25 18:35:00,3274.26,3278.45,3273.98,3276.88,433.0
2025-04-25 18:40:00,3276.9,3280.17,3274.84,3279.98,417.0
2025-04-25 18:45:00,3279.72,3281.1,3278.29,3280.61,392.0
2025-04-25 18:50:00,3280.41,3285.39,3280.34,3284.42,406.0
2025-04-25 18:55:00,3284.31,3284.4,3281.76,3282.89,384.0
2025-04-25 19:00:00,3282.89,3284.39,3281.37,3284.36,386.0
2025-04-25 19:05:00,3284.38,3285.65,3282.38,3282.71,351.0
2025-04-25 19:10:00,3282.71,3284.06,3281.5,3283.87,372.0
2025-04-25 19:15:00,3283.9,3284.0,3282.08,3283.46,345.0
2025-04-25 19:20:00,3283.38,3283.43,3281.39,3281.8,331.0
2025-04-25 19:25:00,3281.8,3284.11,3281.65,3283.33,356.0
2025-04-25 19:30:00,3283.27,3285.51,3283.16,3284.78,361.0
2025-04-25 19:35:00,3284.82,3285.55,3283.22,3284.84,348.0
2025-04-25 19:40:00,3284.85,3285.59,3280.47,3280.88,353.0
2025-04-25 19:45:00,3280.88,3283.02,3280.41,3283.0,338.0
2025-04-25 19:50:00,3283.04,3285.23,3283.04,3284.29,367.0
2025-04-25 19:55:00,3284.49,3287.5,3283.61,3285.35,364.0
2025-04-25 20:00:00,3285.41,3285.45,3282.08,3282.34,431.0
2025-04-25 20:05:00,3282.29,3285.52,3281.89,3285.51,381.0
2025-04-25 20:10:00,3285.43,3288.51,3285.07,3287.62,403.0
2025-04-25 20:15:00,3287.68,3290.36,3286.56,3290.1,372.0
2025-04-25 20:20:00,3290.08,3291.38,3286.73,3287.19,365.0
2025-04-25 20:25:00,3287.2,3289.05,3286.69,3287.09,377.0
2025-04-25 20:30:00,3287.47,3289.19,3286.21,3289.19,323.0
2025-04-25 20:35:00,3289.28,3294.57,3289.28,3294.42,370.0
2025-04-25 20:40:00,3294.52,3294.67,3291.89,3292.0,391.0
2025-04-25 20:45:00,3292.0,3292.63,3289.82,3291.8,391.0
2025-04-25 20:50:00,3291.84,3295.15,3291.84,3293.82,397.0
2025-04-25 20:55:00,3293.81,3294.61,3291.93,3293.11,367.0
2025-04-25 21:00:00,3293.19,3294.97,3291.52,3293.64,350.0
2025-04-25 21:05:00,3293.67,3297.06,3293.6,3295.89,348.0
2025-04-25 21:10:00,3295.99,3296.82,3293.48,3293.63,338.0
2025-04-25 21:15:00,3293.62,3294.8,3292.46,3294.52,344.0
2025-04-25 21:20:00,3294.52,3294.71,3293.35,3293.73,323.0
2025-04-25 21:25:00,3293.72,3294.68,3292.2,3293.21,350.0
2025-04-25 21:30:00,3293.23,3294.45,3292.47,3292.57,327.0
2025-04-25 21:35:00,3292.74,3293.27,3291.07,3291.07,328.0
2025-04-25 21:40:00,3291.28,3291.78,3290.54,3291.31,321.0
2025-04-25 21:45:00,3291.33,3292.12,3290.4,3290.8,305.0
2025-04-25 21:50:00,3290.8,3290.98,3288.97,3289.4,304.0
2025-04-25 21:55:00,3289.25,3290.18,3288.36,3288.39,331.0
2025-04-25 22:00:00,3288.46,3290.17,3288.2,3289.69,346.0
2025-04-25 22:05:00,3289.68,3290.07,3287.86,3288.59,322.0
2025-04-25 22:10:00,3288.6,3290.06,3287.94,3289.76,317.0
2025-04-25 22:15:00,3289.78,3292.81,3289.71,3291.67,345.0
2025-04-25 22:20:00,3292.09,3294.98,3291.77,3294.97,304.0
2025-04-25 22:25:00,3294.95,3295.25,3294.31,3294.71,342.0
2025-04-25 22:30:00,3294.71,3299.09,3294.71,3298.63,344.0
2025-04-25 22:35:00,3298.63,3304.8,3298.51,3304.13,457.0
2025-04-25 22:40:00,3303.88,3308.73,3303.88,3308.46,435.0
2025-04-25 22:45:00,3308.49,3308.58,3304.21,3308.07,455.0
2025-04-25 22:50:00,3308.06,3312.39,3306.97,3307.04,476.0
2025-04-25 22:55:00,3307.33,3308.69,3304.46,3304.79,456.0
2025-04-25 23:00:00,3305.0,3306.83,3304.73,3305.49,263.0
2025-04-25 23:05:00,3305.69,3306.09,3304.6,3305.69,179.0
2025-04-25 23:10:00,3305.69,3306.79,3304.54,3305.36,171.0
2025-04-25 23:15:00,3305.36,3306.98,3305.25,3306.56,176.0
2025-04-25 23:20:00,3306.56,3311.17,3306.38,3308.94,214.0
2025-04-25 23:25:00,3308.92,3308.92,3306.66,3308.51,243.0
2025-04-25 23:30:00,3308.51,3309.2,3308.09,3308.79,166.0
2025-04-25 23:35:00,3308.84,3309.94,3307.1,3309.84,214.0
2025-04-25 23:40:00,3309.89,3314.37,3309.53,3314.37,225.0
2025-04-25 23:45:00,3314.82,3315.53,3313.57,3314.16,232.0
2025-04-25 23:50:00,3314.17,3316.38,3314.17,3316.38,199.0
2025-04-25 23:55:00,3316.66,3319.18,3316.58,3318.62,148.0
2025-04-28 01:00:00,3325.67,3337.54,3321.21,3326.27,765.0
2025-04-28 01:05:00,3324.86,3325.14,3321.8,3321.8,273.0
2025-04-28 01:10:00,3321.71,3330.1,3320.92,3326.85,344.0
2025-04-28 01:15:00,3326.68,3327.24,3322.74,3325.47,289.0
2025-04-28 01:20:00,3325.18,3326.09,3316.38,3317.54,344.0
2025-04-28 01:25:00,3317.57,3321.26,3316.64,3317.47,330.0
2025-04-28 01:30:00,3317.46,3317.53,3309.47,3310.12,398.0
2025-04-28 01:35:00,3310.32,3313.95,3309.66,3312.82,338.0
2025-04-28 01:40:00,3312.81,3313.0,3309.13,3309.48,301.0
2025-04-28 01:45:00,3309.64,3314.53,3309.64,3311.68,333.0
2025-04-28 01:50:00,3311.71,3312.78,3310.46,3310.96,245.0
2025-04-28 01:55:00,3310.98,3312.81,3310.42,3310.63,266.0
2025-04-28 02:00:00,3310.63,3312.18,3308.33,3312.0,329.0
2025-04-28 02:05:00,3312.0,3316.27,3310.82,3315.55,344.0
2025-04-28 02:10:00,3315.56,3318.1,3308.84,3308.84,358.0
2025-04-28 02:15:00,3308.1,3308.1,3303.18,3304.55,392.0
2025-04-28 02:20:00,3304.55,3305.73,3300.27,3305.19,376.0
2025-04-28 02:25:00,3305.31,3311.42,3305.3,3308.1,371.0
2025-04-28 02:30:00,3307.96,3308.78,3305.51,3307.29,303.0
2025-04-28 02:35:00,3307.28,3307.9,3305.18,3307.85,314.0
2025-04-28 02:40:00,3307.87,3308.33,3305.87,3306.14,330.0
2025-04-28 02:45:00,3306.13,3306.54,3300.55,3302.02,434.0
2025-04-28 02:50:00,3302.04,3302.74,3299.25,3302.32,402.0
2025-04-28 02:55:00,3302.3,3303.29,3298.68,3302.62,418.0
2025-04-28 03:00:00,3302.61,3308.15,3301.69,3308.09,434.0
2025-04-28 03:05:00,3308.06,3313.52,3307.44,3310.86,435.0
2025-04-28 03:10:00,3310.89,3311.32,3305.05,3307.13,354.0
2025-04-28 03:15:00,3307.21,3311.47,3306.94,3307.27,335.0
2025-04-28 03:20:00,3307.28,3309.02,3306.39,3307.88,283.0
2025-04-28 03:25:00,3307.87,3311.04,3305.59,3310.64,309.0
2025-04-28 03:30:00,3311.23,3313.44,3310.73,3311.16,297.0
2025-04-28 03:35:00,3311.19,3311.91,3308.99,3310.43,282.0
2025-04-28 03:40:00,3310.72,3312.2,3307.87,3308.68,297.0
2025-04-28 03:45:00,3308.68,3313.45,3308.68,3312.54,292.0
2025-04-28 03:50:00,3312.8,3315.91,3311.64,3314.06,368.0
2025-04-28 03:55:00,3313.95,3315.55,3312.25,3314.15,309.0
2025-04-28 04:00:00,3314.09,3315.13,3309.63,3310.7,493.0
2025-04-28 04:05:00,3310.8,3311.47,3305.72,3308.96,470.0
2025-04-28 04:10:00,3308.76,3312.15,3306.18,3307.12,398.0
2025-04-28 04:15:00,3307.18,3308.01,3301.48,3301.91,478.0
2025-04-28 04:20:00,3301.78,3303.77,3295.39,3295.39,453.0
2025-04-28 04:25:00,3295.63,3296.01,3290.21,3291.04,493.0
2025-04-28 04:30:00,3290.46,3290.52,3282.92,3288.89,557.0
2025-04-28 04:35:00,3289.01,3290.91,3284.22,3284.62,464.0
2025-04-28 04:40:00,3284.6,3286.8,3279.18,3285.9,483.0
2025-04-28 04:45:00,3285.95,3290.94,3285.84,3286.9,428.0
2025-04-28 04:50:00,3286.94,3291.32,3286.52,3287.66,393.0
2025-04-28 04:55:00,3287.61,3288.51,3279.66,3281.02,438.0
2025-04-28 05:00:00,3281.44,3283.24,3271.44,3275.6,503.0
2025-04-28 05:05:00,3275.69,3279.13,3271.64,3272.74,475.0
2025-04-28 05:10:00,3272.82,3273.18,3268.19,3271.27,442.0
2025-04-28 05:15:00,3271.17,3275.33,3269.22,3273.32,393.0
2025-04-28 05:20:00,3273.3,3276.26,3271.4,3274.7,347.0
2025-04-28 05:25:00,3274.48,3275.89,3273.16,3274.64,293.0
2025-04-28 05:30:00,3274.57,3278.89,3272.21,3276.93,446.0
2025-04-28 05:35:00,3277.16,3280.78,3276.46,3279.3,381.0
2025-04-28 05:40:00,3279.3,3283.18,3279.3,3280.18,392.0
2025-04-28 05:45:00,3280.24,3286.18,3279.69,3284.25,350.0
2025-04-28 05:50:00,3284.04,3286.24,3282.68,3283.08,361.0
2025-04-28 05:55:00,3283.15,3283.15,3280.84,3280.84,310.0
2025-04-28 06:00:00,3280.62,3284.55,3280.28,3284.1,293.0
2025-04-28 06:05:00,3284.09,3286.08,3283.9,3284.0,325.0
2025-04-28 06:10:00,3284.01,3285.21,3281.39,3283.16,363.0
2025-04-28 06:15:00,3283.27,3292.13,3282.47,3289.9,416.0
2025-04-28 06:20:00,3289.81,3293.98,3289.35,3292.84,381.0
2025-04-28 06:25:00,3292.72,3295.1,3291.57,3292.77,319.0
2025-04-28 06:30:00,3292.73,3293.25,3290.74,3291.41,283.0
2025-04-28 06:35:00,3291.39,3294.2,3289.98,3293.7,317.0
2025-04-28 06:40:00,3293.7,3294.13,3292.53,3293.4,211.0
2025-04-28 06:45:00,3293.39,3294.27,3292.5,3293.22,179.0
2025-04-28 06:50:00,3293.14,3294.26,3292.64,3294.16,205.0
2025-04-28 06:55:00,3294.11,3294.28,3290.32,3290.86,308.0
2025-04-28 07:00:00,3290.87,3293.12,3290.72,3292.47,236.0
2025-04-28 07:05:00,3292.48,3292.78,3289.2,3289.54,238.0
2025-04-28 07:10:00,3289.6,3291.83,3289.23,3290.33,288.0
2025-04-28 07:15:00,3290.33,3291.78,3288.69,3291.66,237.0
2025-04-28 07:20:00,3291.63,3292.89,3290.88,3292.66,228.0
2025-04-28 07:25:00,3292.66,3294.2,3291.51,3293.84,238.0
2025-04-28 07:30:00,3293.58,3293.98,3292.14,3292.89,210.0
2025-04-28 07:35:00,3292.89,3294.23,3291.98,3293.93,173.0
2025-04-28 07:40:00,3293.93,3294.22,3291.44,3291.74,202.0
2025-04-28 07:45:00,3291.77,3297.68,3289.9,3296.61,365.0
2025-04-28 07:50:00,3296.55,3298.58,3295.28,3298.1,285.0
2025-04-28 07:55:00,3298.1,3299.01,3297.56,3298.95,231.0
2025-04-28 08:00:00,3298.95,3299.75,3297.0,3298.26,271.0
2025-04-28 08:05:00,3298.26,3299.62,3297.01,3297.23,153.0
2025-04-28 08:10:00,3297.49,3297.96,3296.0,3296.6,192.0
2025-04-28 08:15:00,3296.91,3297.58,3295.01,3297.22,215.0
2025-04-28 08:20:00,3297.19,3298.16,3296.46,3297.52,200.0
2025-04-28 08:25:00,3297.69,3298.91,3296.76,3297.42,240.0
2025-04-28 08:30:00,3298.47,3300.91,3295.16,3297.9,351.0
2025-04-28 08:35:00,3297.86,3299.4,3288.45,3291.77,442.0
2025-04-28 08:40:00,3291.79,3292.16,3287.95,3288.23,342.0
2025-04-28 08:45:00,3287.89,3293.19,3287.86,3293.19,347.0
2025-04-28 08:50:00,3293.0,3295.16,3292.02,3293.0,321.0
2025-04-28 08:55:00,3292.93,3295.98,3292.93,3295.07,313.0
2025-04-28 09:00:00,3295.47,3295.58,3292.14,3292.81,387.0
2025-04-28 09:05:00,3292.8,3296.43,3292.8,3294.16,425.0
2025-04-28 09:10:00,3294.16,3295.9,3292.26,3292.26,399.0
2025-04-28 09:15:00,3292.4,3295.18,3288.26,3294.72,454.0
2025-04-28 09:20:00,3294.96,3294.96,3292.02,3292.67,417.0
2025-04-28 09:25:00,3292.69,3294.1,3291.67,3292.69,388.0
2025-04-28 09:30:00,3292.68,3292.7,3290.82,3291.7,389.0
2025-04-28 09:35:00,3291.66,3291.71,3285.43,3285.61,451.0
2025-04-28 09:40:00,3285.83,3287.47,3284.38,3287.2,444.0
2025-04-28 09:45:00,3287.23,3288.75,3286.16,3287.94,359.0
2025-04-28 09:50:00,3287.86,3287.86,3282.9,3283.11,401.0
2025-04-28 09:55:00,3283.12,3284.91,3281.98,3283.28,439.0
2025-04-28 10:00:00,3283.54,3288.29,3280.12,3280.24,491.0
2025-04-28 10:05:00,3280.47,3286.26,3277.66,3285.99,492.0
2025-04-28 10:10:00,3285.98,3286.75,3284.39,3286.08,386.0
2025-04-28 10:15:00,3286.08,3286.39,3280.69,3280.84,367.0
2025-04-28 10:20:00,3280.71,3282.63,3280.25,3280.71,358.0
2025-04-28 10:25:00,3280.72,3281.73,3278.59,3279.95,414.0
2025-04-28 10:30:00,3280.0,3283.9,3279.18,3283.47,387.0
2025-04-28 10:35:00,3283.53,3290.8,3282.24,3289.44,439.0
2025-04-28 10:40:00,3289.68,3291.67,3286.01,3289.65,488.0
2025-04-28 10:45:00,3289.71,3292.5,3289.14,3290.24,330.0
2025-04-28 10:50:00,3290.24,3290.79,3287.19,3288.87,327.0
2025-04-28 10:55:00,3288.95,3291.62,3286.91,3287.47,415.0
2025-04-28 11:00:00,3287.0,3288.5,3284.2,3284.65,440.0
2025-04-28 11:05:00,3284.66,3287.27,3284.16,3286.48,370.0
2025-04-28 11:10:00,3286.29,3287.26,3283.88,3284.32,314.0
2025-04-28 11:15:00,3284.32,3285.57,3283.89,3285.27,327.0
2025-04-28 11:20:00,3285.15,3287.0,3284.9,3286.65,313.0
2025-04-28 11:25:00,3286.58,3286.58,3283.91,3284.28,295.0
2025-04-28 11:30:00,3284.29,3284.48,3281.92,3282.11,367.0
2025-04-28 11:35:00,3282.07,3284.83,3281.65,3282.76,409.0
2025-04-28 11:40:00,3282.68,3283.81,3282.02,3282.69,342.0
2025-04-28 11:45:00,3282.57,3283.06,3281.24,3281.42,340.0
2025-04-28 11:50:00,3281.44,3283.06,3279.3,3280.16,378.0
2025-04-28 11:55:00,3280.22,3282.9,3280.04,3282.6,355.0
2025-04-28 12:00:00,3282.59,3287.31,3282.48,3286.77,406.0
2025-04-28 12:05:00,3286.77,3286.77,3284.69,3285.26,338.0
2025-04-28 12:10:00,3285.27,3285.48,3282.77,3284.04,322.0
2025-04-28 12:15:00,3284.05,3284.06,3282.07,3282.55,327.0
2025-04-28 12:20:00,3282.38,3283.59,3281.67,3283.46,359.0
2025-04-28 12:25:00,3283.47,3283.69,3277.96,3278.35,409.0
2025-04-28 12:30:00,3278.43,3281.27,3276.65,3280.49,424.0
2025-04-28 12:35:00,3280.44,3281.63,3279.53,3280.61,342.0
2025-04-28 12:40:00,3280.62,3280.62,3279.44,3279.85,278.0
2025-04-28 12:45:00,3279.74,3279.74,3277.98,3279.66,327.0
2025-04-28 12:50:00,3279.65,3279.88,3277.17,3277.43,369.0
2025-04-28 12:55:00,3277.34,3277.88,3274.46,3274.48,401.0
2025-04-28 13:00:00,3274.56,3278.42,3273.28,3276.83,457.0
2025-04-28 13:05:00,3276.8,3279.04,3276.53,3278.02,414.0
2025-04-28 13:10:00,3278.04,3280.58,3277.08,3278.7,312.0
2025-04-28 13:15:00,3278.72,3281.83,3278.68,3280.13,336.0
2025-04-28 13:20:00,3280.1,3282.36,3279.94,3281.95,335.0
2025-04-28 13:25:00,3281.95,3283.75,3281.91,3283.75,355.0
2025-04-28 13:30:00,3283.77,3285.39,3283.51,3284.73,368.0
2025-04-28 13:35:00,3284.82,3288.32,3284.79,3287.24,390.0
2025-04-28 13:40:00,3287.26,3289.86,3287.09,3289.21,365.0
2025-04-28 13:45:00,3289.25,3290.0,3287.66,3288.7,376.0
2025-04-28 13:50:00,3288.7,3291.86,3288.7,3290.97,409.0
2025-04-28 13:55:00,3290.95,3291.01,3287.82,3289.6,452.0
2025-04-28 14:00:00,3289.62,3291.1,3287.82,3291.1,402.0
2025-04-28 14:05:00,3291.25,3294.35,3288.36,3289.04,439.0
2025-04-28 14:10:00,3289.06,3289.06,3287.13,3287.75,401.0
2025-04-28 14:15:00,3287.76,3288.91,3286.16,3287.29,399.0
2025-04-28 14:20:00,3287.29,3288.13,3285.02,3287.41,381.0
2025-04-28 14:25:00,3287.42,3291.02,3287.11,3290.19,409.0
2025-04-28 14:30:00,3290.18,3291.9,3288.49,3291.42,387.0
2025-04-28 14:35:00,3291.5,3293.88,3290.48,3292.89,373.0
2025-04-28 14:40:00,3292.91,3293.73,3291.88,3293.08,355.0
2025-04-28 14:45:00,3293.07,3297.1,3292.4,3292.45,414.0
2025-04-28 14:50:00,3292.44,3293.92,3291.6,3292.45,427.0
2025-04-28 14:55:00,3292.56,3294.35,3291.94,3294.21,363.0
2025-04-28 15:00:00,3294.41,3296.81,3294.41,3294.99,435.0
2025-04-28 15:05:00,3295.0,3297.44,3294.38,3296.57,398.0
2025-04-28 15:10:00,3296.64,3297.88,3295.56,3295.63,429.0
2025-04-28 15:15:00,3295.63,3296.38,3292.77,3295.88,442.0
2025-04-28 15:20:00,3295.95,3299.09,3294.01,3299.0,454.0
2025-04-28 15:25:00,3299.11,3302.04,3297.48,3301.96,447.0
2025-04-28 15:30:00,3302.01,3302.21,3297.54,3298.95,407.0
2025-04-28 15:35:00,3298.96,3300.97,3298.67,3300.93,382.0
2025-04-28 15:40:00,3300.91,3300.96,3295.75,3298.29,430.0
2025-04-28 15:45:00,3298.26,3299.88,3297.54,3297.96,399.0
2025-04-28 15:50:00,3298.0,3298.2,3294.9,3296.43,438.0
2025-04-28 15:55:00,3296.81,3298.14,3296.02,3296.02,394.0
2025-04-28 16:00:00,3295.93,3295.94,3290.99,3294.79,519.0
2025-04-28 16:05:00,3294.73,3295.34,3290.47,3295.19,492.0
2025-04-28 16:10:00,3295.36,3296.75,3293.46,3295.43,475.0
2025-04-28 16:15:00,3295.27,3299.82,3295.27,3299.76,497.0
2025-04-28 16:20:00,3299.74,3300.78,3297.93,3298.11,448.0
2025-04-28 16:25:00,3298.08,3300.97,3296.88,3299.99,422.0
2025-04-28 16:30:00,3299.98,3301.13,3297.83,3297.83,483.0
2025-04-28 16:35:00,3297.33,3297.64,3293.65,3297.5,525.0
2025-04-28 16:40:00,3297.43,3297.89,3290.04,3291.78,513.0
2025-04-28 16:45:00,3291.76,3292.25,3286.99,3289.24,552.0
2025-04-28 16:50:00,3289.24,3291.66,3287.94,3290.84,468.0
2025-04-28 16:55:00,3291.31,3293.4,3288.78,3293.15,472.0
2025-04-28 17:00:00,3293.64,3298.41,3293.64,3297.41,500.0
2025-04-28 17:05:00,3297.48,3300.43,3297.23,3298.09,454.0
2025-04-28 17:10:00,3298.19,3299.44,3296.89,3298.82,425.0
2025-04-28 17:15:00,3298.96,3308.11,3298.96,3307.3,522.0
2025-04-28 17:20:00,3307.44,3314.43,3306.96,3313.29,550.0
2025-04-28 17:25:00,3313.32,3315.72,3310.74,3311.23,530.0
2025-04-28 17:30:00,3311.3,3321.9,3310.76,3321.9,529.0
2025-04-28 17:35:00,3321.89,3328.17,3320.72,3326.71,550.0
2025-04-28 17:40:00,3326.88,3330.51,3325.6,3330.19,546.0
2025-04-28 17:45:00,3330.06,3333.13,3327.92,3328.99,533.0
2025-04-28 17:50:00,3329.36,3332.68,3327.2,3329.77,530.0
2025-04-28 17:55:00,3329.67,3330.81,3327.63,3328.57,509.0
2025-04-28 18:00:00,3328.53,3329.04,3324.06,3324.34,526.0
2025-04-28 18:05:00,3324.36,3327.56,3323.88,3325.69,488.0
2025-04-28 18:10:00,3325.8,3329.87,3323.57,3329.8,492.0
2025-04-28 18:15:00,3329.64,3335.95,3329.32,3333.82,506.0
2025-04-28 18:20:00,3333.82,3334.24,3330.13,3330.6,492.0
2025-04-28 18:25:00,3330.67,3330.67,3327.7,3328.61,468.0
2025-04-28 18:30:00,3328.74,3329.09,3324.57,3328.11,500.0
2025-04-28 18:35:00,3328.06,3328.33,3321.85,3322.51,489.0
2025-04-28 18:40:00,3322.55,3324.27,3319.15,3324.15,511.0
2025-04-28 18:45:00,3324.16,3327.29,3323.95,3327.14,474.0
2025-04-28 18:50:00,3327.15,3327.36,3322.11,3323.43,464.0
2025-04-28 18:55:00,3323.5,3325.44,3322.96,3324.95,457.0
2025-04-28 19:00:00,3324.91,3326.74,3324.4,3326.53,407.0
2025-04-28 19:05:00,3326.74,3334.71,3326.31,3334.54,502.0
2025-04-28 19:10:00,3334.64,3337.79,3331.72,3334.85,488.0
2025-04-28 19:15:00,3334.85,3337.9,3334.04,3334.04,504.0
2025-04-28 19:20:00,3334.02,3334.47,3332.0,3333.51,473.0
2025-04-28 19:25:00,3333.52,3334.85,3332.02,3334.3,441.0
2025-04-28 19:30:00,3334.29,3335.23,3331.36,3334.72,435.0
2025-04-28 19:35:00,3334.85,3338.76,3334.57,3335.39,453.0
2025-04-28 19:40:00,3335.38,3339.25,3335.35,3338.09,424.0
2025-04-28 19:45:00,3338.06,3338.14,3332.63,3332.97,475.0
2025-04-28 19:50:00,3333.09,3335.69,3332.65,3335.58,425.0
2025-04-28 19:55:00,3335.68,3337.44,3335.68,3336.63,424.0
2025-04-28 20:00:00,3336.7,3338.9,3336.53,3337.27,426.0
2025-04-28 20:05:00,3337.23,3338.34,3336.59,3337.02,395.0
2025-04-28 20:10:00,3336.99,3338.87,3336.99,3337.05,402.0
2025-04-28 20:15:00,3337.05,3337.4,3334.1,3334.24,438.0
2025-04-28 20:20:00,3334.2,3336.28,3333.22,3335.79,449.0
2025-04-28 20:25:00,3336.23,3338.4,3334.62,3336.94,478.0
2025-04-28 20:30:00,3336.99,3339.98,3336.99,3339.67,439.0
2025-04-28 20:35:00,3339.62,3340.05,3337.19,3338.3,415.0
2025-04-28 20:40:00,3338.36,3339.6,3337.42,3337.42,409.0
2025-04-28 20:45:00,3337.41,3338.88,3336.13,3338.52,388.0
2025-04-28 20:50:00,3338.53,3338.79,3335.56,3335.91,365.0
2025-04-28 20:55:00,3335.9,3336.15,3334.55,3335.39,372.0
2025-04-28 21:00:00,3335.34,3336.2,3333.99,3334.89,381.0
2025-04-28 21:05:00,3334.88,3337.44,3334.87,3337.31,341.0
2025-04-28 21:10:00,3337.14,3339.46,3337.14,3338.1,367.0
2025-04-28 21:15:00,3338.09,3338.26,3337.36,3337.68,330.0
2025-04-28 21:20:00,3337.69,3345.64,3337.62,3345.49,399.0
2025-04-28 21:25:00,3345.44,3349.86,3343.96,3348.32,510.0
2025-04-28 21:30:00,3348.39,3349.52,3346.1,3347.48,454.0
2025-04-28 21:35:00,3347.64,3349.46,3347.05,3347.77,399.0
2025-04-28 21:40:00,3347.79,3349.39,3347.09,3347.24,368.0
2025-04-28 21:45:00,3347.22,3349.36,3346.58,3348.86,350.0
2025-04-28 21:50:00,3348.85,3349.25,3347.14,3349.15,369.0
2025-04-28 21:55:00,3349.14,3349.7,3347.84,3349.01,369.0
2025-04-28 22:00:00,3349.05,3351.26,3348.21,3350.84,396.0
2025-04-28 22:05:00,3350.83,3352.06,3349.82,3350.48,396.0
2025-04-28 22:10:00,3350.51,3351.67,3349.49,3349.58,374.0
2025-04-28 22:15:00,3349.56,3350.18,3345.58,3350.13,407.0
2025-04-28 22:20:00,3350.15,3350.56,3347.58,3349.63,362.0
2025-04-28 22:25:00,3349.77,3350.21,3348.57,3349.86,361.0
2025-04-28 22:30:00,3349.75,3351.53,3349.38,3351.19,313.0
2025-04-28 22:35:00,3351.19,3351.19,3348.42,3348.65,358.0
2025-04-28 22:40:00,3348.67,3349.84,3346.53,3349.81,344.0
2025-04-28 22:45:00,3349.94,3350.63,3349.53,3350.57,348.0
2025-04-28 22:50:00,3350.57,3351.2,3349.83,3350.52,376.0
2025-04-28 22:55:00,3350.75,3353.0,3350.75,3352.06,418.0
2025-04-28 23:00:00,3352.05,3352.05,3349.6,3351.03,251.0
2025-04-28 23:05:00,3351.01,3351.01,3349.99,3350.34,170.0
2025-04-28 23:10:00,3350.33,3351.18,3350.19,3350.28,137.0
2025-04-28 23:15:00,3350.29,3350.31,3349.14,3349.31,148.0
2025-04-28 23:20:00,3349.32,3349.85,3349.26,3349.32,126.0
2025-04-28 23:25:00,3349.37,3349.96,3347.77,3349.48,182.0
2025-04-28 23:30:00,3349.5,3350.77,3348.12,3349.57,155.0
2025-04-28 23:35:00,3349.46,3349.46,3346.22,3347.64,159.0
2025-04-28 23:40:00,3347.62,3347.88,3345.04,3345.62,183.0
2025-04-28 23:45:00,3345.62,3346.82,3342.31,3343.11,209.0
2025-04-28 23:50:00,3343.14,3345.2,3342.38,3342.87,208.0
2025-04-28 23:55:00,3343.26,3344.5,3343.21,3343.99,114.0
2025-04-29 01:00:00,3344.55,3348.67,3344.55,3345.26,437.0
2025-04-29 01:05:00,3345.02,3345.05,3337.55,3341.87,218.0
2025-04-29 01:10:00,3341.85,3341.85,3337.7,3339.17,216.0
2025-04-29 01:15:00,3339.18,3339.19,3332.81,3333.01,301.0
2025-04-29 01:20:00,3333.14,3337.07,3332.77,3333.33,254.0
2025-04-29 01:25:00,3333.34,3336.66,3332.4,3335.21,302.0
2025-04-29 01:30:00,3335.21,3338.6,3335.21,3337.68,272.0
2025-04-29 01:35:00,3337.67,3339.92,3337.25,3337.39,210.0
2025-04-29 01:40:00,3337.38,3338.75,3336.91,3337.01,177.0
2025-04-29 01:45:00,3337.0,3337.45,3334.33,3335.92,227.0
2025-04-29 01:50:00,3335.99,3338.18,3335.97,3337.96,167.0
2025-04-29 01:55:00,3337.97,3339.28,3337.68,3338.08,146.0
2025-04-29 02:00:00,3337.91,3342.86,3337.88,3341.16,276.0
2025-04-29 02:05:00,3340.59,3341.76,3334.79,3335.27,331.0
2025-04-29 02:10:00,3335.28,3337.92,3334.7,3337.13,232.0
2025-04-29 02:15:00,3337.26,3338.2,3336.75,3337.14,207.0
2025-04-29 02:20:00,3337.16,3338.68,3337.16,3337.95,180.0
2025-04-29 02:25:00,3338.01,3338.52,3337.19,3338.08,136.0
2025-04-29 02:30:00,3338.07,3338.99,3335.59,3337.37,238.0
2025-04-29 02:35:00,3337.38,3338.26,3333.89,3333.89,276.0
2025-04-29 02:40:00,3333.84,3337.48,3333.84,3337.4,323.0
2025-04-29 02:45:00,3337.5,3339.95,3337.32,3339.18,257.0
2025-04-29 02:50:00,3339.07,3340.31,3338.59,3338.64,233.0
2025-04-29 02:55:00,3338.63,3338.76,3337.2,3337.65,200.0
2025-04-29 03:00:00,3337.91,3338.09,3333.86,3334.92,339.0
2025-04-29 03:05:00,3334.91,3336.24,3333.32,3336.21,321.0
2025-04-29 03:10:00,3336.13,3337.8,3335.97,3337.75,262.0
2025-04-29 03:15:00,3337.61,3339.0,3336.13,3336.95,276.0
2025-04-29 03:20:00,3336.94,3337.88,3332.98,3333.99,327.0
2025-04-29 03:25:00,3334.0,3334.51,3330.71,3331.95,294.0
2025-04-29 03:30:00,3331.85,3333.32,3331.41,3333.05,270.0
2025-04-29 03:35:00,3332.93,3334.97,3331.64,3333.5,275.0
2025-04-29 03:40:00,3333.53,3333.55,3331.86,3332.81,291.0
2025-04-29 03:45:00,3332.43,3333.51,3331.31,3333.36,268.0
2025-04-29 03:50:00,3333.37,3333.79,3328.13,3329.21,325.0
2025-04-29 03:55:00,3329.16,3331.17,3327.78,3329.94,338.0
2025-04-29 04:00:00,3329.61,3333.38,3327.08,3329.47,442.0
2025-04-29 04:05:00,3329.26,3329.26,3323.97,3327.43,391.0
2025-04-29 04:10:00,3327.42,3330.42,3326.81,3328.8,353.0
2025-04-29 04:15:00,3328.8,3333.18,3327.53,3331.04,370.0
2025-04-29 04:20:00,3331.01,3333.34,3330.65,3331.79,354.0
2025-04-29 04:25:00,3331.65,3332.4,3329.66,3331.06,301.0
2025-04-29 04:30:00,3331.13,3334.79,3329.69,3334.7,335.0
2025-04-29 04:35:00,3334.68,3340.02,3332.68,3333.83,436.0
2025-04-29 04:40:00,3333.74,3335.18,3327.52,3330.11,390.0
2025-04-29 04:45:00,3330.07,3331.28,3326.45,3327.61,355.0
2025-04-29 04:50:00,3327.6,3328.37,3322.85,3324.5,373.0
2025-04-29 04:55:00,3324.5,3327.36,3323.16,3326.5,382.0
2025-04-29 05:00:00,3326.27,3330.12,3325.23,3327.44,386.0
2025-04-29 05:05:00,3327.39,3330.11,3326.79,3329.14,358.0
2025-04-29 05:10:00,3329.11,3332.27,3328.9,3331.28,378.0
2025-04-29 05:15:00,3331.28,3333.73,3326.03,3332.93,377.0
2025-04-29 05:20:00,3332.93,3333.42,3328.08,3328.08,316.0
2025-04-29 05:25:00,3328.09,3329.96,3327.58,3329.62,305.0
2025-04-29 05:30:00,3329.61,3332.37,3328.79,3332.03,347.0
2025-04-29 05:35:00,3332.03,3332.68,3327.95,3328.88,322.0
2025-04-29 05:40:00,3328.75,3330.43,3328.32,3330.38,307.0
2025-04-29 05:45:00,3330.45,3330.64,3327.86,3329.47,307.0
2025-04-29 05:50:00,3329.33,3329.62,3324.04,3324.04,325.0
2025-04-29 05:55:00,3323.89,3324.15,3319.48,3320.66,400.0
2025-04-29 06:00:00,3320.65,3321.51,3318.03,3318.06,379.0
2025-04-29 06:05:00,3318.18,3321.58,3316.22,3318.55,395.0
2025-04-29 06:10:00,3318.56,3318.56,3313.08,3313.59,387.0
2025-04-29 06:15:00,3313.48,3314.35,3308.83,3312.89,368.0
2025-04-29 06:20:00,3312.93,3316.32,3312.66,3315.51,392.0
2025-04-29 06:25:00,3315.49,3317.79,3311.9,3312.48,390.0
2025-04-29 06:30:00,3312.5,3316.5,3312.5,3316.32,323.0
2025-04-29 06:35:00,3316.31,3316.81,3314.66,3316.28,290.0
2025-04-29 06:40:00,3316.13,3316.42,3314.25,3314.48,255.0
2025-04-29 06:45:00,3314.43,3315.32,3311.33,3311.67,321.0
2025-04-29 06:50:00,3311.76,3312.92,3308.09,3312.48,339.0
2025-04-29 06:55:00,3312.48,3316.05,3309.9,3316.04,324.0
2025-04-29 07:00:00,3316.06,3316.66,3314.45,3316.39,258.0
2025-04-29 07:05:00,3316.38,3317.65,3315.73,3316.08,244.0
2025-04-29 07:10:00,3316.03,3316.44,3314.28,3314.54,225.0
2025-04-29 07:15:00,3314.53,3315.73,3313.44,3314.02,242.0
2025-04-29 07:20:00,3313.95,3315.0,3313.47,3314.93,216.0
2025-04-29 07:25:00,3314.99,3316.31,3314.85,3316.09,269.0
2025-04-29 07:30:00,3316.11,3316.83,3314.75,3315.76,257.0
2025-04-29 07:35:00,3315.75,3317.79,3314.74,3316.36,258.0
2025-04-29 07:40:00,3316.35,3318.13,3312.94,3314.05,263.0
2025-04-29 07:45:00,3314.07,3314.11,3309.98,3311.19,278.0
2025-04-29 07:50:00,3311.2,3311.48,3308.43,3308.5,269.0
2025-04-29 07:55:00,3308.41,3310.99,3306.87,3309.32,324.0
2025-04-29 08:00:00,3309.33,3312.37,3309.33,3311.15,267.0
2025-04-29 08:05:00,3311.12,3312.35,3310.89,3311.64,243.0
2025-04-29 08:10:00,3311.45,3311.45,3307.61,3307.62,284.0
2025-04-29 08:15:00,3307.31,3308.43,3305.07,3305.95,325.0
2025-04-29 08:20:00,3305.94,3308.34,3305.72,3307.49,287.0
2025-04-29 08:25:00,3307.53,3309.45,3306.37,3309.26,244.0
2025-04-29 08:30:00,3309.34,3311.79,3307.9,3311.52,387.0
2025-04-29 08:35:00,3311.47,3314.51,3310.67,3313.13,313.0
2025-04-29 08:40:00,3313.09,3316.48,3313.07,3316.15,338.0
2025-04-29 08:45:00,3316.15,3316.55,3313.03,3313.03,292.0
2025-04-29 08:50:00,3312.89,3313.67,3311.26,3313.09,289.0
2025-04-29 08:55:00,3313.1,3313.25,3310.21,3310.28,282.0
2025-04-29 09:00:00,3310.33,3312.43,3308.76,3310.43,325.0
2025-04-29 09:05:00,3310.42,3313.28,3310.41,3312.97,306.0
2025-04-29 09:10:00,3313.0,3315.45,3312.62,3312.88,326.0
2025-04-29 09:15:00,3312.89,3315.0,3312.89,3314.16,281.0
2025-04-29 09:20:00,3314.19,3316.12,3313.01,3314.6,302.0
2025-04-29 09:25:00,3314.45,3321.82,3313.3,3321.21,374.0
2025-04-29 09:30:00,3321.24,3323.6,3319.64,3323.58,342.0
2025-04-29 09:35:00,3323.63,3323.79,3318.69,3319.01,309.0
2025-04-29 09:40:00,3319.12,3323.77,3318.81,3322.62,343.0
2025-04-29 09:45:00,3322.77,3323.25,3320.12,3320.32,282.0
2025-04-29 09:50:00,3320.24,3320.63,3315.23,3318.01,340.0
2025-04-29 09:55:00,3317.91,3318.82,3316.27,3318.75,339.0
2025-04-29 10:00:00,3318.78,3318.95,3316.38,3316.95,312.0
2025-04-29 10:05:00,3316.79,3317.4,3315.23,3315.75,321.0
2025-04-29 10:10:00,3315.79,3317.65,3312.38,3316.04,360.0
2025-04-29 10:15:00,3316.02,3318.34,3314.99,3318.34,319.0
2025-04-29 10:20:00,3318.35,3320.65,3318.24,3318.58,314.0
2025-04-29 10:25:00,3318.69,3319.0,3316.92,3317.11,282.0
2025-04-29 10:30:00,3317.13,3317.9,3314.92,3317.59,315.0
2025-04-29 10:35:00,3317.59,3318.79,3315.08,3316.52,311.0
2025-04-29 10:40:00,3316.5,3319.98,3316.41,3318.5,280.0
2025-04-29 10:45:00,3318.51,3321.61,3318.1,3321.49,304.0
2025-04-29 10:50:00,3321.48,3323.12,3321.29,3322.77,302.0
2025-04-29 10:55:00,3322.78,3323.15,3321.72,3322.94,283.0
2025-04-29 11:00:00,3323.15,3324.86,3320.0,3320.9,336.0
2025-04-29 11:05:00,3320.61,3321.42,3319.31,3320.64,331.0
2025-04-29 11:10:00,3320.57,3321.1,3319.3,3320.55,297.0
2025-04-29 11:15:00,3320.51,3322.72,3320.45,3321.78,325.0
2025-04-29 11:20:00,3321.73,3322.42,3320.42,3320.49,280.0
2025-04-29 11:25:00,3320.46,3321.15,3318.43,3320.4,298.0
2025-04-29 11:30:00,3320.35,3320.35,3318.91,3319.02,258.0
2025-04-29 11:35:00,3318.83,3318.87,3316.26,3317.45,264.0
2025-04-29 11:40:00,3317.47,3318.39,3315.18,3316.14,278.0
2025-04-29 11:45:00,3315.97,3316.61,3314.42,3315.81,299.0
2025-04-29 11:50:00,3315.83,3316.37,3314.92,3315.43,268.0
2025-04-29 11:55:00,3315.44,3315.44,3311.73,3311.93,255.0
2025-04-29 12:00:00,3311.82,3314.87,3311.73,3313.71,281.0
2025-04-29 12:05:00,3313.69,3314.78,3312.4,3312.87,279.0
2025-04-29 12:10:00,3313.01,3314.35,3312.14,3312.95,270.0
2025-04-29 12:15:00,3312.97,3313.88,3308.64,3313.56,359.0
2025-04-29 12:20:00,3313.68,3314.66,3312.02,3314.39,291.0
2025-04-29 12:25:00,3314.42,3315.16,3313.63,3315.05,280.0
2025-04-29 12:30:00,3315.14,3315.91,3313.81,3315.33,295.0
2025-04-29 12:35:00,3315.32,3315.74,3312.64,3313.44,303.0
2025-04-29 12:40:00,3313.43,3313.44,3310.57,3311.6,283.0
2025-04-29 12:45:00,3311.63,3311.95,3309.9,3310.69,305.0
2025-04-29 12:50:00,3310.47,3312.35,3309.06,3311.16,321.0
2025-04-29 12:55:00,3311.14,3311.7,3308.92,3309.2,293.0
2025-04-29 13:00:00,3309.12,3313.61,3308.96,3312.67,347.0
2025-04-29 13:05:00,3312.7,3315.36,3311.95,3314.8,305.0
2025-04-29 13:10:00,3314.79,3315.06,3311.58,3312.03,273.0
2025-04-29 13:15:00,3312.02,3312.11,3306.24,3307.34,363.0
2025-04-29 13:20:00,3307.37,3309.61,3307.37,3309.33,298.0
2025-04-29 13:25:00,3309.32,3310.22,3306.66,3307.37,341.0
2025-04-29 13:30:00,3307.37,3311.11,3307.06,3310.57,319.0
2025-04-29 13:35:00,3311.04,3311.77,3309.55,3311.47,296.0
2025-04-29 13:40:00,3311.49,3313.63,3310.54,3313.63,281.0
2025-04-29 13:45:00,3313.59,3313.8,3311.95,3313.57,296.0
2025-04-29 13:50:00,3313.56,3315.56,3312.81,3313.14,314.0
2025-04-29 13:55:00,3313.03,3314.39,3311.99,3312.79,309.0
2025-04-29 14:00:00,3313.38,3313.62,3310.5,3311.83,316.0
2025-04-29 14:05:00,3311.81,3315.99,3311.81,3315.8,319.0
2025-04-29 14:10:00,3315.8,3315.8,3310.86,3310.86,287.0
2025-04-29 14:15:00,3310.86,3313.56,3310.55,3311.33,305.0
2025-04-29 14:20:00,3311.61,3314.49,3311.6,3314.29,283.0
2025-04-29 14:25:00,3314.34,3315.91,3313.2,3313.4,318.0
2025-04-29 14:30:00,3313.49,3315.34,3313.14,3314.95,278.0
2025-04-29 14:35:00,3314.94,3315.44,3313.13,3313.13,271.0
2025-04-29 14:40:00,3313.47,3314.37,3312.6,3312.65,265.0
2025-04-29 14:45:00,3312.65,3313.48,3310.27,3310.54,272.0
2025-04-29 14:50:00,3310.56,3312.68,3308.97,3310.09,321.0
2025-04-29 14:55:00,3309.77,3310.96,3307.99,3309.36,309.0
2025-04-29 15:00:00,3309.08,3309.92,3306.7,3306.8,340.0
2025-04-29 15:05:00,3306.83,3308.64,3306.4,3308.64,324.0
2025-04-29 15:10:00,3308.86,3310.05,3306.02,3309.96,364.0
2025-04-29 15:15:00,3309.96,3310.05,3305.94,3306.94,311.0
2025-04-29 15:20:00,3306.7,3308.46,3300.6,3308.29,435.0
2025-04-29 15:25:00,3308.42,3311.12,3306.42,3311.12,402.0
2025-04-29 15:30:00,3311.47,3312.17,3306.42,3308.61,388.0
2025-04-29 15:35:00,3308.65,3310.21,3303.8,3308.89,415.0
2025-04-29 15:40:00,3308.89,3310.14,3307.77,3309.35,377.0
2025-04-29 15:45:00,3309.31,3310.11,3306.94,3309.25,359.0
2025-04-29 15:50:00,3309.29,3314.16,3309.06,3312.52,399.0
2025-04-29 15:55:00,3312.37,3314.54,3310.9,3312.81,391.0
2025-04-29 16:00:00,3312.49,3314.76,3309.95,3311.02,424.0
2025-04-29 16:05:00,3310.98,3315.86,3309.42,3313.69,420.0
2025-04-29 16:10:00,3313.66,3317.23,3312.71,3316.24,405.0
2025-04-29 16:15:00,3315.95,3317.43,3312.53,3316.46,400.0
2025-04-29 16:20:00,3316.4,3317.35,3312.8,3312.81,375.0
2025-04-29 16:25:00,3313.13,3317.56,3311.94,3317.26,404.0
2025-04-29 16:30:00,3316.99,3318.86,3313.11,3317.17,435.0
2025-04-29 16:35:00,3316.97,3321.2,3316.87,3319.71,412.0
2025-04-29 16:40:00,3319.51,3320.55,3311.0,3312.0,438.0
2025-04-29 16:45:00,3312.1,3312.15,3300.32,3301.38,448.0
2025-04-29 16:50:00,3301.38,3307.29,3299.74,3306.2,448.0
2025-04-29 16:55:00,3306.5,3307.68,3303.78,3306.72,386.0
2025-04-29 17:00:00,3306.82,3310.88,3304.97,3305.75,425.0
2025-04-29 17:05:00,3305.85,3307.34,3299.69,3304.96,450.0
2025-04-29 17:10:00,3304.81,3309.68,3304.81,3309.1,401.0
2025-04-29 17:15:00,3309.03,3310.31,3307.42,3308.27,391.0
2025-04-29 17:20:00,3308.31,3310.91,3306.81,3310.17,381.0
2025-04-29 17:25:00,3310.18,3316.99,3309.59,3315.2,405.0
2025-04-29 17:30:00,3314.99,3315.08,3311.4,3313.48,416.0
2025-04-29 17:35:00,3313.46,3317.69,3312.44,3315.69,359.0
2025-04-29 17:40:00,3315.43,3316.84,3313.24,3314.41,345.0
2025-04-29 17:45:00,3314.41,3316.62,3311.42,3315.98,352.0
2025-04-29 17:50:00,3315.97,3317.72,3314.93,3315.23,339.0
2025-04-29 17:55:00,3314.99,3316.11,3313.57,3314.49,351.0
2025-04-29 18:00:00,3314.48,3315.18,3311.07,3313.74,404.0
2025-04-29 18:05:00,3313.61,3315.5,3313.02,3313.93,347.0
2025-04-29 18:10:00,3313.49,3314.6,3309.05,3311.17,377.0
2025-04-29 18:15:00,3311.34,3311.65,3308.62,3309.36,334.0
2025-04-29 18:20:00,3309.62,3311.16,3308.54,3310.28,344.0
2025-04-29 18:25:00,3310.3,3312.73,3308.73,3312.55,386.0
2025-04-29 18:30:00,3312.52,3313.96,3311.17,3311.45,365.0
2025-04-29 18:35:00,3311.43,3312.78,3308.71,3310.09,356.0
2025-04-29 18:40:00,3309.89,3310.0,3305.25,3306.25,364.0
2025-04-29 18:45:00,3306.06,3310.96,3305.76,3310.96,367.0
2025-04-29 18:50:00,3310.95,3314.13,3309.98,3313.44,367.0
2025-04-29 18:55:00,3313.42,3313.81,3311.3,3312.33,357.0
2025-04-29 19:00:00,3312.36,3316.65,3312.18,3315.74,350.0
2025-04-29 19:05:00,3315.73,3316.18,3312.7,3314.43,352.0
2025-04-29 19:10:00,3314.44,3316.2,3314.17,3315.29,320.0
2025-04-29 19:15:00,3315.31,3315.75,3314.0,3314.06,299.0
2025-04-29 19:20:00,3314.24,3317.84,3314.08,3316.97,344.0
2025-04-29 19:25:00,3317.18,3319.93,3316.88,3319.44,375.0
2025-04-29 19:30:00,3319.43,3320.42,3317.9,3318.7,327.0
2025-04-29 19:35:00,3318.6,3324.85,3318.11,3322.94,363.0
2025-04-29 19:40:00,3322.95,3326.81,3322.9,3325.63,373.0
2025-04-29 19:45:00,3325.58,3327.84,3324.62,3327.33,356.0
2025-04-29 19:50:00,3327.28,3329.33,3326.28,3328.66,360.0
2025-04-29 19:55:00,3328.78,3329.93,3326.88,3328.66,329.0
2025-04-29 20:00:00,3328.86,3329.62,3326.09,3326.92,320.0
2025-04-29 20:05:00,3326.93,3327.72,3325.91,3327.03,321.0
2025-04-29 20:10:00,3327.05,3327.26,3325.39,3325.48,288.0
2025-04-29 20:15:00,3325.44,3326.02,3323.61,3323.74,310.0
2025-04-29 20:20:00,3323.92,3324.59,3321.9,3323.56,333.0
2025-04-29 20:25:00,3323.59,3324.14,3322.8,3323.43,281.0
2025-04-29 20:30:00,3323.45,3325.06,3323.44,3324.42,267.0
2025-04-29 20:35:00,3324.42,3324.62,3322.33,3324.58,289.0
2025-04-29 20:40:00,3324.86,3325.12,3323.12,3324.13,250.0
2025-04-29 20:45:00,3324.13,3324.59,3321.89,3322.56,315.0
2025-04-29 20:50:00,3322.56,3323.43,3320.9,3321.47,312.0
2025-04-29 20:55:00,3321.47,3321.47,3314.3,3314.39,400.0
2025-04-29 21:00:00,3314.13,3316.99,3313.3,3316.75,373.0
2025-04-29 21:05:00,3316.75,3318.68,3316.05,3318.45,297.0
2025-04-29 21:10:00,3318.47,3319.43,3317.09,3318.21,289.0
2025-04-29 21:15:00,3318.2,3319.58,3314.43,3315.8,326.0
2025-04-29 21:20:00,3315.86,3317.67,3315.19,3317.62,290.0
2025-04-29 21:25:00,3317.55,3318.46,3316.06,3318.45,279.0
2025-04-29 21:30:00,3318.47,3319.55,3317.58,3319.25,268.0
2025-04-29 21:35:00,3319.28,3319.39,3317.63,3318.99,254.0
2025-04-29 21:40:00,3319.02,3319.02,3317.35,3318.38,230.0
2025-04-29 21:45:00,3318.4,3319.0,3317.0,3318.29,255.0
2025-04-29 21:50:00,3318.26,3319.07,3318.15,3318.87,251.0
2025-04-29 21:55:00,3318.83,3319.99,3318.25,3319.97,278.0
2025-04-29 22:00:00,3319.94,3324.86,3319.85,3323.1,361.0
2025-04-29 22:05:00,3323.11,3324.97,3322.52,3324.45,267.0
2025-04-29 22:10:00,3324.44,3324.45,3322.6,3322.9,299.0
2025-04-29 22:15:00,3322.86,3323.52,3319.5,3321.93,305.0
2025-04-29 22:20:00,3322.16,3323.56,3322.14,3322.8,273.0
2025-04-29 22:25:00,3322.86,3324.67,3321.39,3322.5,291.0
2025-04-29 22:30:00,3322.2,3323.55,3321.02,3323.34,256.0
2025-04-29 22:35:00,3323.33,3324.07,3322.78,3322.85,263.0
2025-04-29 22:40:00,3322.85,3323.52,3321.52,3321.53,255.0
2025-04-29 22:45:00,3321.51,3321.63,3320.32,3321.15,300.0
2025-04-29 22:50:00,3321.1,3321.1,3317.94,3318.73,334.0
2025-04-29 22:55:00,3318.77,3321.43,3318.77,3320.54,330.0
2025-04-29 23:00:00,3319.8,3323.12,3319.8,3322.35,211.0
2025-04-29 23:05:00,3322.37,3323.18,3321.13,3322.92,145.0
2025-04-29 23:10:00,3322.91,3323.52,3321.33,3321.86,135.0
2025-04-29 23:15:00,3321.84,3322.67,3321.54,3321.9,121.0
2025-04-29 23:20:00,3321.99,3322.64,3320.02,3320.06,138.0
2025-04-29 23:25:00,3320.06,3321.21,3320.06,3320.28,149.0
2025-04-29 23:30:00,3320.3,3320.85,3319.15,3320.17,126.0
2025-04-29 23:35:00,3320.22,3321.9,3320.06,3320.46,98.0
2025-04-29 23:40:00,3320.51,3320.84,3318.82,3319.03,134.0
2025-04-29 23:45:00,3319.02,3319.25,3317.54,3318.67,156.0
2025-04-29 23:50:00,3318.83,3319.85,3317.09,3317.21,157.0
2025-04-29 23:55:00,3316.93,3317.46,3316.73,3317.2,108.0
2025-04-30 01:00:00,3313.72,3318.73,3313.41,3317.43,270.0
2025-04-30 01:05:00,3317.43,3323.22,3317.4,3322.5,196.0
2025-04-30 01:10:00,3322.8,3323.21,3320.48,3320.48,137.0
2025-04-30 01:15:00,3320.3,3321.44,3320.3,3320.85,116.0
2025-04-30 01:20:00,3320.84,3320.99,3319.26,3319.31,114.0
2025-04-30 01:25:00,3319.28,3319.74,3317.98,3317.99,163.0
2025-04-30 01:30:00,3318.02,3318.86,3316.48,3318.28,262.0
2025-04-30 01:35:00,3318.27,3318.63,3316.54,3316.71,214.0
2025-04-30 01:40:00,3316.69,3317.43,3316.14,3316.66,181.0
2025-04-30 01:45:00,3316.7,3318.77,3315.96,3318.75,215.0
2025-04-30 01:50:00,3318.87,3319.07,3317.66,3318.15,164.0
2025-04-30 01:55:00,3318.19,3320.5,3317.98,3318.95,187.0
2025-04-30 02:00:00,3318.95,3319.28,3315.74,3315.74,196.0
2025-04-30 02:05:00,3315.86,3316.36,3312.3,3314.58,247.0
2025-04-30 02:10:00,3314.58,3315.66,3312.87,3313.32,204.0
2025-04-30 02:15:00,3313.36,3314.47,3310.99,3314.18,264.0
2025-04-30 02:20:00,3314.28,3315.93,3314.28,3315.26,172.0
2025-04-30 02:25:00,3315.25,3317.78,3315.25,3316.25,181.0
2025-04-30 02:30:00,3316.18,3316.84,3315.16,3316.63,174.0
2025-04-30 02:35:00,3316.6,3317.45,3312.71,3316.31,263.0
2025-04-30 02:40:00,3316.31,3316.86,3315.29,3315.44,171.0
2025-04-30 02:45:00,3315.44,3317.25,3314.69,3315.68,179.0
2025-04-30 02:50:00,3315.68,3316.37,3315.12,3316.33,133.0
2025-04-30 02:55:00,3316.35,3317.28,3316.33,3317.06,184.0
2025-04-30 03:00:00,3317.15,3322.61,3316.35,3321.28,363.0
2025-04-30 03:05:00,3321.39,3324.43,3320.48,3323.37,365.0
2025-04-30 03:10:00,3323.33,3328.02,3322.49,3324.2,369.0
2025-04-30 03:15:00,3324.14,3324.28,3321.12,3322.5,347.0
2025-04-30 03:20:00,3322.43,3322.43,3318.82,3319.5,305.0
2025-04-30 03:25:00,3319.29,3320.45,3318.52,3319.36,322.0
2025-04-30 03:30:00,3319.39,3319.98,3316.96,3318.13,321.0
2025-04-30 03:35:00,3318.12,3318.13,3316.16,3316.28,327.0
2025-04-30 03:40:00,3316.29,3317.0,3313.92,3314.23,354.0
2025-04-30 03:45:00,3314.23,3315.16,3311.64,3311.81,341.0
2025-04-30 03:50:00,3311.83,3313.89,3311.67,3313.08,366.0
2025-04-30 03:55:00,3313.29,3313.76,3311.48,3313.09,330.0
2025-04-30 04:00:00,3313.1,3314.66,3308.44,3310.43,451.0
2025-04-30 04:05:00,3310.0,3312.67,3309.65,3311.23,370.0
2025-04-30 04:10:00,3311.4,3316.2,3311.4,3315.79,373.0
2025-04-30 04:15:00,3315.77,3318.55,3314.29,3317.84,382.0
2025-04-30 04:20:00,3317.85,3320.27,3317.18,3319.93,378.0
2025-04-30 04:25:00,3320.25,3322.67,3317.67,3318.95,393.0
2025-04-30 04:30:00,3318.91,3320.16,3317.29,3319.62,375.0
2025-04-30 04:35:00,3319.75,3322.18,3319.03,3320.18,407.0
2025-04-30 04:40:00,3320.02,3320.44,3316.27,3317.31,344.0
2025-04-30 04:45:00,3317.3,3318.74,3314.48,3314.86,377.0
2025-04-30 04:50:00,3314.88,3316.7,3311.59,3311.68,400.0
2025-04-30 04:55:00,3311.56,3312.19,3307.81,3308.21,436.0
2025-04-30 05:00:00,3308.01,3312.12,3306.0,3310.93,445.0
2025-04-30 05:05:00,3311.19,3311.19,3307.34,3307.63,379.0
2025-04-30 05:10:00,3307.66,3312.66,3307.63,3312.19,393.0
2025-04-30 05:15:00,3312.19,3312.43,3311.27,3311.79,309.0
2025-04-30 05:20:00,3311.8,3312.42,3310.2,3312.42,300.0
2025-04-30 05:25:00,3312.3,3313.17,3311.48,3311.86,277.0
2025-04-30 05:30:00,3311.87,3312.22,3308.21,3308.56,371.0
2025-04-30 05:35:00,3308.62,3310.85,3307.94,3310.41,345.0
2025-04-30 05:40:00,3310.42,3310.78,3307.17,3308.83,357.0
2025-04-30 05:45:00,3308.87,3310.36,3308.61,3309.55,315.0
2025-04-30 05:50:00,3309.54,3311.59,3306.57,3307.42,357.0
2025-04-30 05:55:00,3307.42,3307.99,3305.08,3306.69,326.0
2025-04-30 06:00:00,3306.67,3308.46,3305.46,3306.62,350.0
2025-04-30 06:05:00,3306.62,3308.87,3304.85,3307.22,364.0
2025-04-30 06:10:00,3307.35,3310.41,3306.82,3310.23,359.0
2025-04-30 06:15:00,3310.23,3310.89,3309.58,3310.79,354.0
2025-04-30 06:20:00,3310.79,3311.19,3307.72,3308.66,328.0
2025-04-30 06:25:00,3308.64,3309.21,3308.34,3308.8,276.0
2025-04-30 06:30:00,3308.82,3309.05,3305.1,3307.13,336.0
2025-04-30 06:35:00,3307.12,3307.34,3305.75,3306.99,278.0
2025-04-30 06:40:00,3306.97,3307.47,3303.74,3307.06,314.0
2025-04-30 06:45:00,3307.09,3308.83,3306.58,3307.81,250.0
2025-04-30 06:50:00,3307.79,3308.13,3306.84,3307.79,282.0
2025-04-30 06:55:00,3307.6,3307.6,3304.47,3304.8,327.0
2025-04-30 07:00:00,3304.8,3305.76,3303.82,3303.9,302.0
2025-04-30 07:05:00,3303.93,3304.59,3303.62,3303.7,285.0
2025-04-30 07:10:00,3303.71,3306.12,3302.53,3305.64,345.0
2025-04-30 07:15:00,3305.62,3306.3,3304.74,3305.02,293.0
2025-04-30 07:20:00,3304.92,3304.92,3301.56,3301.65,283.0
2025-04-30 07:25:00,3301.66,3303.35,3301.37,3302.75,308.0
2025-04-30 07:30:00,3302.76,3304.91,3301.35,3304.26,325.0
2025-04-30 07:35:00,3304.25,3304.25,3302.02,3303.74,290.0
2025-04-30 07:40:00,3303.88,3306.28,3303.86,3305.82,301.0
2025-04-30 07:45:00,3305.84,3308.25,3305.79,3307.51,282.0
2025-04-30 07:50:00,3307.5,3308.91,3307.26,3308.32,278.0
2025-04-30 07:55:00,3308.35,3308.83,3307.23,3308.05,269.0
2025-04-30 08:00:00,3308.07,3309.36,3307.73,3309.03,306.0
2025-04-30 08:05:00,3309.04,3311.74,3308.5,3311.45,313.0
2025-04-30 08:10:00,3311.43,3313.17,3310.66,3312.23,347.0
2025-04-30 08:15:00,3312.27,3313.28,3311.43,3311.86,338.0
2025-04-30 08:20:00,3311.9,3312.78,3310.19,3312.78,314.0
2025-04-30 08:25:00,3312.79,3314.25,3312.1,3313.88,330.0
2025-04-30 08:30:00,3314.0,3314.66,3311.37,3311.37,429.0
2025-04-30 08:35:00,3311.42,3312.56,3309.61,3309.66,378.0
2025-04-30 08:40:00,3309.72,3310.75,3308.46,3309.09,342.0
2025-04-30 08:45:00,3309.07,3309.62,3307.78,3308.88,341.0
2025-04-30 08:50:00,3308.9,3310.35,3308.38,3309.75,323.0
2025-04-30 08:55:00,3309.75,3310.41,3307.72,3309.59,375.0
2025-04-30 09:00:00,3309.68,3310.13,3308.99,3309.87,307.0
2025-04-30 09:05:00,3309.95,3311.23,3308.63,3309.02,369.0
2025-04-30 09:10:00,3309.0,3309.0,3305.93,3308.28,383.0
2025-04-30 09:15:00,3308.29,3309.99,3307.6,3307.66,349.0
2025-04-30 09:20:00,3307.79,3308.38,3305.75,3307.92,397.0
2025-04-30 09:25:00,3307.93,3308.99,3305.53,3305.57,384.0
2025-04-30 09:30:00,3305.63,3307.31,3304.97,3307.31,375.0
2025-04-30 09:35:00,3307.3,3309.38,3306.23,3309.23,367.0
2025-04-30 09:40:00,3309.29,3309.45,3307.29,3308.98,345.0
2025-04-30 09:45:00,3309.13,3309.53,3307.92,3308.6,349.0
2025-04-30 09:50:00,3308.62,3308.85,3306.48,3306.58,320.0
2025-04-30 09:55:00,3306.62,3307.09,3305.22,3305.9,330.0
2025-04-30 10:00:00,3305.84,3306.08,3303.55,3304.84,349.0
2025-04-30 10:05:00,3304.86,3306.52,3303.2,3306.25,384.0
2025-04-30 10:10:00,3306.24,3308.36,3306.05,3308.3,356.0
2025-04-30 10:15:00,3308.27,3308.91,3307.49,3308.6,286.0
2025-04-30 10:20:00,3308.59,3311.56,3308.31,3311.49,373.0
2025-04-30 10:25:00,3311.68,3312.33,3310.53,3310.86,366.0
2025-04-30 10:30:00,3310.91,3311.47,3308.94,3310.4,366.0
2025-04-30 10:35:00,3310.38,3312.78,3309.63,3312.68,354.0
2025-04-30 10:40:00,3312.5,3314.6,3312.38,3314.16,378.0
2025-04-30 10:45:00,3314.17,3314.17,3312.26,3312.87,366.0
2025-04-30 10:50:00,3312.86,3312.94,3310.22,3310.57,268.0
2025-04-30 10:55:00,3310.4,3310.43,3307.16,3307.23,337.0
2025-04-30 11:00:00,3307.23,3307.26,3304.93,3305.34,455.0
2025-04-30 11:05:00,3305.34,3307.62,3301.2,3303.34,477.0
2025-04-30 11:10:00,3303.3,3304.1,3285.14,3285.14,532.0
2025-04-30 11:15:00,3285.17,3290.52,3284.11,3288.56,517.0
2025-04-30 11:20:00,3288.58,3288.6,3283.73,3285.26,470.0
2025-04-30 11:25:00,3284.89,3286.26,3280.34,3285.69,489.0
2025-04-30 11:30:00,3285.71,3288.94,3283.1,3287.45,473.0
2025-04-30 11:35:00,3287.44,3288.3,3285.73,3286.66,400.0
2025-04-30 11:40:00,3286.63,3287.72,3285.9,3285.94,387.0
2025-04-30 11:45:00,3285.96,3287.62,3284.57,3284.57,398.0
2025-04-30 11:50:00,3284.44,3286.03,3283.03,3283.94,402.0
2025-04-30 11:55:00,3283.87,3284.6,3283.03,3284.52,326.0
2025-04-30 12:00:00,3284.35,3286.79,3282.6,3282.6,387.0
2025-04-30 12:05:00,3282.43,3283.89,3281.37,3283.29,378.0
2025-04-30 12:10:00,3283.3,3285.15,3280.82,3284.81,387.0
2025-04-30 12:15:00,3284.82,3284.88,3278.25,3280.21,408.0
2025-04-30 12:20:00,3280.03,3282.83,3279.84,3281.62,383.0
2025-04-30 12:25:00,3281.63,3283.28,3280.33,3283.11,383.0
2025-04-30 12:30:00,3282.62,3285.23,3282.62,3285.03,404.0
2025-04-30 12:35:00,3285.04,3286.89,3284.01,3286.57,389.0
2025-04-30 12:40:00,3286.61,3286.8,3284.28,3284.54,350.0
2025-04-30 12:45:00,3284.56,3284.57,3280.05,3280.05,393.0
2025-04-30 12:50:00,3279.98,3281.24,3275.63,3275.65,479.0
2025-04-30 12:55:00,3275.66,3278.07,3275.1,3276.01,456.0
2025-04-30 13:00:00,3275.38,3276.8,3272.19,3274.65,470.0
2025-04-30 13:05:00,3274.62,3276.32,3272.69,3276.26,449.0
2025-04-30 13:10:00,3276.21,3276.24,3273.58,3273.94,369.0
2025-04-30 13:15:00,3273.91,3274.51,3272.46,3274.14,318.0
2025-04-30 13:20:00,3274.09,3275.87,3271.9,3275.84,389.0
2025-04-30 13:25:00,3275.83,3279.1,3275.55,3277.52,410.0
2025-04-30 13:30:00,3277.48,3280.78,3277.25,3278.76,392.0
2025-04-30 13:35:00,3278.71,3278.76,3276.52,3278.13,384.0
2025-04-30 13:40:00,3278.13,3278.67,3275.3,3276.67,397.0
2025-04-30 13:45:00,3276.72,3277.99,3276.23,3276.3,317.0
2025-04-30 13:50:00,3276.0,3276.95,3273.89,3275.48,388.0
2025-04-30 13:55:00,3275.33,3275.58,3272.47,3272.56,330.0
2025-04-30 14:00:00,3272.52,3273.14,3268.28,3270.43,480.0
2025-04-30 14:05:00,3270.54,3277.13,3270.54,3277.07,467.0
2025-04-30 14:10:00,3277.07,3278.23,3275.19,3275.99,409.0
2025-04-30 14:15:00,3276.01,3278.1,3274.96,3275.32,382.0
2025-04-30 14:20:00,3275.32,3278.35,3274.48,3277.79,423.0
2025-04-30 14:25:00,3277.77,3281.53,3277.63,3280.45,393.0
2025-04-30 14:30:00,3280.53,3280.69,3279.29,3280.62,343.0
2025-04-30 14:35:00,3280.59,3281.47,3279.7,3279.87,336.0
2025-04-30 14:40:00,3279.83,3281.14,3279.18,3279.53,323.0
2025-04-30 14:45:00,3279.77,3279.99,3276.77,3278.16,387.0
2025-04-30 14:50:00,3277.97,3277.97,3273.44,3273.9,403.0
2025-04-30 14:55:00,3273.65,3274.72,3269.49,3271.78,409.0
2025-04-30 15:00:00,3272.3,3275.26,3267.66,3267.81,447.0
2025-04-30 15:05:00,3267.71,3276.15,3267.13,3274.41,503.0
2025-04-30 15:10:00,3274.63,3277.72,3274.63,3275.62,405.0
2025-04-30 15:15:00,3274.87,3285.86,3274.87,3283.06,512.0
2025-04-30 15:20:00,3282.42,3292.2,3281.84,3290.01,536.0
2025-04-30 15:25:00,3290.44,3291.42,3287.47,3289.59,486.0
2025-04-30 15:30:00,3289.45,3292.28,3285.71,3286.87,500.0
2025-04-30 15:35:00,3287.41,3289.15,3283.64,3286.58,504.0
2025-04-30 15:40:00,3286.59,3295.56,3286.1,3295.29,533.0
2025-04-30 15:45:00,3295.34,3303.96,3293.94,3303.38,554.0
2025-04-30 15:50:00,3303.28,3304.7,3298.35,3299.17,509.0
2025-04-30 15:55:00,3299.06,3301.24,3297.44,3298.62,474.0
2025-04-30 16:00:00,3298.65,3303.58,3296.81,3297.22,481.0
2025-04-30 16:05:00,3296.94,3302.56,3296.23,3300.58,465.0
2025-04-30 16:10:00,3300.03,3308.51,3299.63,3308.08,486.0
2025-04-30 16:15:00,3307.5,3309.67,3303.09,3305.07,498.0
2025-04-30 16:20:00,3305.07,3306.83,3301.24,3301.68,468.0
2025-04-30 16:25:00,3301.66,3306.35,3300.43,3304.47,458.0
2025-04-30 16:30:00,3304.47,3308.05,3303.99,3308.03,538.0
2025-04-30 16:35:00,3307.88,3319.62,3307.25,3319.08,554.0
2025-04-30 16:40:00,3319.22,3319.68,3313.38,3318.39,528.0
2025-04-30 16:45:00,3318.5,3318.9,3312.54,3313.69,544.0
2025-04-30 16:50:00,3314.15,3315.47,3309.44,3310.16,530.0
2025-04-30 16:55:00,3310.04,3310.06,3305.0,3308.94,512.0
2025-04-30 17:00:00,3308.64,3310.67,3298.71,3305.86,540.0
2025-04-30 17:05:00,3306.03,3308.14,3300.7,3307.58,553.0
2025-04-30 17:10:00,3307.6,3308.86,3305.56,3308.08,520.0
2025-04-30 17:15:00,3308.18,3311.63,3305.83,3311.4,514.0
2025-04-30 17:20:00,3311.37,3313.58,3309.43,3313.21,494.0
2025-04-30 17:25:00,3313.1,3313.33,3304.73,3304.8,506.0
2025-04-30 17:30:00,3304.84,3305.29,3292.89,3295.38,553.0
2025-04-30 17:35:00,3295.51,3300.53,3292.97,3298.68,533.0
2025-04-30 17:40:00,3298.93,3301.11,3293.71,3294.56,498.0
2025-04-30 17:45:00,3294.39,3298.99,3293.01,3298.77,506.0
2025-04-30 17:50:00,3298.77,3305.36,3298.62,3304.73,513.0
2025-04-30 17:55:00,3305.0,3312.85,3304.69,3309.96,543.0
2025-04-30 18:00:00,3310.05,3314.6,3309.9,3310.43,540.0
2025-04-30 18:05:00,3310.18,3310.49,3306.05,3307.07,517.0
2025-04-30 18:10:00,3307.11,3308.12,3303.24,3308.12,493.0
2025-04-30 18:15:00,3307.91,3310.86,3307.18,3308.86,487.0
2025-04-30 18:20:00,3308.52,3309.71,3305.71,3307.43,500.0
2025-04-30 18:25:00,3307.52,3311.3,3306.22,3306.37,484.0
2025-04-30 18:30:00,3306.42,3309.31,3305.37,3305.5,472.0
2025-04-30 18:35:00,3305.49,3308.92,3304.61,3306.66,459.0
2025-04-30 18:40:00,3306.66,3310.18,3301.52,3302.26,493.0
2025-04-30 18:45:00,3301.64,3302.78,3299.01,3300.2,495.0
2025-04-30 18:50:00,3300.24,3306.28,3300.18,3304.02,467.0
2025-04-30 18:55:00,3304.31,3308.85,3302.28,3307.99,466.0
2025-04-30 19:00:00,3308.08,3310.76,3307.18,3308.96,453.0
2025-04-30 19:05:00,3308.99,3312.22,3308.1,3310.09,427.0
2025-04-30 19:10:00,3310.01,3310.28,3308.36,3309.76,409.0
2025-04-30 19:15:00,3309.53,3310.83,3308.23,3309.53,394.0
2025-04-30 19:20:00,3309.59,3312.99,3309.5,3310.4,380.0
2025-04-30 19:25:00,3310.56,3310.79,3307.79,3308.81,371.0
2025-04-30 19:30:00,3308.77,3312.98,3307.66,3312.98,413.0
2025-04-30 19:35:00,3312.95,3314.19,3309.01,3309.56,432.0
2025-04-30 19:40:00,3309.68,3312.56,3308.98,3312.37,369.0
2025-04-30 19:45:00,3312.36,3313.05,3309.87,3309.87,377.0
2025-04-30 19:50:00,3309.89,3312.34,3309.7,3311.8,343.0
2025-04-30 19:55:00,3312.07,3312.55,3310.62,3310.7,346.0
2025-04-30 20:00:00,3310.8,3313.49,3310.12,3312.79,404.0
2025-04-30 20:05:00,3312.79,3312.79,3309.27,3310.75,388.0
2025-04-30 20:10:00,3310.75,3310.88,3305.76,3306.86,416.0
2025-04-30 20:15:00,3306.72,3306.94,3304.99,3306.27,394.0
2025-04-30 20:20:00,3306.35,3308.8,3306.23,3307.4,387.0
2025-04-30 20:25:00,3307.5,3309.56,3307.11,3308.8,413.0
2025-04-30 20:30:00,3309.29,3309.93,3307.32,3309.39,375.0
2025-04-30 20:35:00,3309.38,3310.59,3306.88,3309.8,360.0
2025-04-30 20:40:00,3309.79,3311.09,3309.53,3309.67,325.0
2025-04-30 20:45:00,3309.6,3310.62,3308.18,3310.6,293.0
2025-04-30 20:50:00,3310.61,3310.75,3308.7,3308.74,341.0
2025-04-30 20:55:00,3308.79,3309.2,3305.01,3305.28,371.0
2025-04-30 21:00:00,3305.27,3306.64,3303.26,3306.26,423.0
2025-04-30 21:05:00,3306.23,3306.86,3302.5,3304.68,451.0
2025-04-30 21:10:00,3304.65,3307.42,3303.31,3307.01,476.0
2025-04-30 21:15:00,3307.0,3307.72,3305.41,3305.62,412.0
2025-04-30 21:20:00,3305.58,3305.59,3302.44,3303.11,364.0
2025-04-30 21:25:00,3303.07,3303.54,3300.78,3301.32,387.0
2025-04-30 21:30:00,3301.33,3303.34,3300.74,3302.17,395.0
2025-04-30 21:35:00,3302.14,3303.73,3301.65,3301.82,350.0
2025-04-30 21:40:00,3301.8,3302.34,3300.41,3301.97,361.0
2025-04-30 21:45:00,3301.98,3302.85,3300.5,3302.74,335.0
2025-04-30 21:50:00,3302.72,3303.36,3301.82,3302.45,359.0
2025-04-30 21:55:00,3302.5,3303.4,3301.77,3301.77,344.0
2025-04-30 22:00:00,3301.89,3305.74,3301.75,3304.22,352.0
2025-04-30 22:05:00,3304.23,3305.43,3303.51,3303.51,323.0
2025-04-30 22:10:00,3303.56,3305.32,3303.38,3304.96,332.0
2025-04-30 22:15:00,3304.95,3305.18,3301.94,3302.62,366.0
2025-04-30 22:20:00,3302.61,3302.61,3299.51,3300.47,345.0
2025-04-30 22:25:00,3300.32,3300.62,3298.04,3299.29,348.0
2025-04-30 22:30:00,3299.23,3300.97,3298.46,3298.59,362.0
2025-04-30 22:35:00,3298.64,3298.69,3294.77,3294.77,390.0
2025-04-30 22:40:00,3294.65,3295.17,3292.95,3293.12,362.0
2025-04-30 22:45:00,3293.13,3296.11,3292.94,3294.32,379.0
2025-04-30 22:50:00,3294.31,3295.11,3292.73,3293.53,386.0
2025-04-30 22:55:00,3293.93,3295.69,3292.18,3295.69,412.0
2025-04-30 23:00:00,3295.75,3297.94,3291.93,3296.1,371.0
2025-04-30 23:05:00,3296.2,3296.29,3292.81,3294.23,285.0
2025-04-30 23:10:00,3294.21,3294.73,3293.45,3294.41,209.0
2025-04-30 23:15:00,3294.51,3295.06,3293.48,3293.64,218.0
2025-04-30 23:20:00,3293.91,3294.38,3292.5,3293.0,177.0
2025-04-30 23:25:00,3292.96,3292.96,3289.34,3290.71,268.0
2025-04-30 23:30:00,3290.63,3290.82,3286.08,3288.22,314.0
2025-04-30 23:35:00,3288.27,3288.33,3283.15,3286.53,333.0
2025-04-30 23:40:00,3286.54,3289.79,3285.65,3289.79,254.0
2025-04-30 23:45:00,3289.78,3290.97,3289.19,3290.55,242.0
2025-04-30 23:50:00,3290.54,3290.55,3286.89,3289.05,281.0
2025-04-30 23:55:00,3288.86,3289.56,3288.14,3288.27,186.0
