time,open,high,low,close,volume
2026-01-02 01:00:00,4318.72,4333.69,4318.72,4327.33,794.0
2026-01-02 01:05:00,4327.42,4333.47,4327.41,4333.16,636.0
2026-01-02 01:10:00,4333.15,4335.34,4329.36,4330.89,759.0
2026-01-02 01:15:00,4330.89,4334.33,4328.26,4334.28,698.0
2026-01-02 01:20:00,4334.28,4340.75,4332.92,4339.97,850.0
2026-01-02 01:25:00,4339.97,4342.68,4338.43,4341.03,1260.0
2026-01-02 01:30:00,4341.03,4341.66,4340.02,4340.58,527.0
2026-01-02 01:35:00,4340.58,4344.03,4340.11,4340.67,946.0
2026-01-02 01:40:00,4340.67,4345.62,4339.16,4345.27,811.0
2026-01-02 01:45:00,4345.32,4345.86,4342.32,4343.02,889.0
2026-01-02 01:50:00,4343.02,4347.52,4341.9,4347.52,932.0
2026-01-02 01:55:00,4347.52,4351.3,4346.89,4348.38,925.0
2026-01-02 02:00:00,4348.4,4349.07,4345.25,4346.46,627.0
2026-01-02 02:05:00,4346.46,4350.48,4344.42,4350.13,701.0
2026-01-02 02:10:00,4350.13,4353.01,4347.52,4348.0,885.0
2026-01-02 02:15:00,4347.99,4349.39,4344.59,4344.6,656.0
2026-01-02 02:20:00,4344.6,4347.36,4342.82,4343.49,991.0
2026-01-02 02:25:00,4343.48,4347.59,4341.44,4347.25,1005.0
2026-01-02 02:30:00,4347.25,4349.3,4346.89,4348.41,954.0
2026-01-02 02:35:00,4348.41,4350.77,4347.66,4348.56,1344.0
2026-01-02 02:40:00,4348.57,4350.71,4346.7,4349.64,1308.0
2026-01-02 02:45:00,4349.64,4353.25,4349.62,4351.86,1200.0
2026-01-02 02:50:00,4351.86,4353.09,4350.75,4352.29,940.0
2026-01-02 02:55:00,4352.29,4355.88,4351.12,4354.03,1000.0
2026-01-02 03:00:00,4354.03,4356.0,4347.23,4348.04,1651.0
2026-01-02 03:05:00,4348.04,4350.27,4345.31,4346.31,1787.0
2026-01-02 03:10:00,4346.27,4351.03,4346.0,4346.61,1597.0
2026-01-02 03:15:00,4346.61,4349.72,4345.02,4349.16,1711.0
2026-01-02 03:20:00,4349.16,4349.89,4346.33,4346.34,1613.0
2026-01-02 03:25:00,4346.31,4349.52,4344.61,4349.17,1544.0
2026-01-02 03:30:00,4349.17,4351.38,4348.9,4349.63,1828.0
2026-01-02 03:35:00,4349.62,4351.47,4348.06,4348.94,1739.0
2026-01-02 03:40:00,4348.93,4349.69,4345.72,4346.66,1491.0
2026-01-02 03:45:00,4346.66,4352.25,4346.14,4352.2,1588.0
2026-01-02 03:50:00,4352.2,4354.55,4350.26,4350.26,1704.0
2026-01-02 03:55:00,4350.26,4350.66,4347.61,4347.99,1070.0
2026-01-02 04:00:00,4347.99,4352.02,4347.64,4350.12,1013.0
2026-01-02 04:05:00,4350.12,4350.14,4346.85,4347.8,955.0
2026-01-02 04:10:00,4347.81,4347.81,4345.66,4346.96,919.0
2026-01-02 04:15:00,4346.96,4347.99,4345.33,4347.59,1191.0
2026-01-02 04:20:00,4347.59,4347.85,4345.03,4346.67,1103.0
2026-01-02 04:25:00,4346.69,4348.47,4345.04,4347.86,1789.0
2026-01-02 04:30:00,4347.88,4350.47,4345.74,4346.89,1738.0
2026-01-02 04:35:00,4346.89,4353.33,4346.89,4352.13,1971.0
2026-01-02 04:40:00,4352.13,4352.44,4350.73,4351.42,1241.0
2026-01-02 04:45:00,4351.42,4355.73,4351.13,4354.96,1209.0
2026-01-02 04:50:00,4354.96,4359.87,4354.94,4359.24,1469.0
2026-01-02 04:55:00,4359.24,4363.17,4358.05,4362.89,1903.0
2026-01-02 05:00:00,4362.89,4364.46,4362.17,4364.08,1478.0
2026-01-02 05:05:00,4364.08,4366.42,4363.97,4365.35,1207.0
2026-01-02 05:10:00,4365.36,4371.88,4365.24,4369.05,1671.0
2026-01-02 05:15:00,4369.07,4369.19,4365.62,4366.62,1484.0
2026-01-02 05:20:00,4366.62,4370.94,4365.84,4370.01,1539.0
2026-01-02 05:25:00,4370.01,4370.05,4367.63,4369.03,1522.0
2026-01-02 05:30:00,4369.03,4373.22,4368.08,4371.15,1484.0
2026-01-02 05:35:00,4371.15,4372.07,4369.37,4371.18,1506.0
2026-01-02 05:40:00,4371.18,4374.7,4370.72,4373.73,1224.0
2026-01-02 05:45:00,4373.73,4375.66,4372.69,4373.47,1154.0
2026-01-02 05:50:00,4373.47,4375.55,4372.66,4373.99,1159.0
2026-01-02 05:55:00,4373.98,4375.56,4372.11,4375.08,1438.0
2026-01-02 06:00:00,4375.07,4377.77,4373.97,4377.5,1401.0
2026-01-02 06:05:00,4377.5,4378.41,4375.79,4375.99,1366.0
2026-01-02 06:10:00,4375.99,4377.4,4374.58,4374.82,1224.0
2026-01-02 06:15:00,4374.81,4375.81,4374.05,4375.03,1339.0
2026-01-02 06:20:00,4375.03,4375.45,4371.47,4372.81,1581.0
2026-01-02 06:25:00,4372.81,4375.95,4372.64,4373.63,1295.0
2026-01-02 06:30:00,4373.68,4374.69,4371.68,4373.32,1047.0
2026-01-02 06:35:00,4373.29,4373.87,4371.87,4373.13,998.0
2026-01-02 06:40:00,4373.2,4375.46,4372.77,4375.37,884.0
2026-01-02 06:45:00,4375.37,4375.78,4373.83,4374.54,855.0
2026-01-02 06:50:00,4374.54,4375.39,4372.33,4372.65,782.0
2026-01-02 06:55:00,4372.65,4373.25,4371.34,4373.22,852.0
2026-01-02 07:00:00,4373.26,4373.65,4371.13,4371.6,809.0
2026-01-02 07:05:00,4371.6,4378.05,4371.46,4377.56,1021.0
2026-01-02 07:10:00,4377.57,4380.18,4377.48,4377.73,1074.0
2026-01-02 07:15:00,4377.73,4379.04,4376.44,4376.97,1245.0
2026-01-02 07:20:00,4376.97,4380.06,4375.27,4378.26,1303.0
2026-01-02 07:25:00,4378.21,4378.72,4377.62,4378.45,808.0
2026-01-02 07:30:00,4378.46,4379.62,4378.0,4379.13,896.0
2026-01-02 07:35:00,4379.13,4379.84,4378.11,4379.58,750.0
2026-01-02 07:40:00,4379.58,4379.65,4377.83,4378.76,817.0
2026-01-02 07:45:00,4378.76,4380.01,4378.43,4379.59,692.0
2026-01-02 07:50:00,4379.59,4381.74,4378.65,4381.25,945.0
2026-01-02 07:55:00,4381.25,4381.69,4379.23,4380.74,993.0
2026-01-02 08:00:00,4380.74,4381.01,4376.77,4377.48,1071.0
2026-01-02 08:05:00,4377.48,4377.55,4373.97,4374.89,829.0
2026-01-02 08:10:00,4374.89,4377.69,4374.51,4375.13,1179.0
2026-01-02 08:15:00,4375.13,4377.95,4373.58,4377.56,1919.0
2026-01-02 08:20:00,4377.58,4379.43,4376.3,4378.01,1809.0
2026-01-02 08:25:00,4378.01,4380.08,4377.5,4379.82,1344.0
2026-01-02 08:30:00,4379.84,4379.87,4377.07,4378.53,1339.0
2026-01-02 08:35:00,4378.53,4378.94,4376.28,4376.44,965.0
2026-01-02 08:40:00,4376.44,4376.86,4374.48,4374.48,808.0
2026-01-02 08:45:00,4374.48,4376.2,4373.44,4375.81,1149.0
2026-01-02 08:50:00,4375.81,4376.29,4373.62,4374.4,1294.0
2026-01-02 08:55:00,4374.4,4375.77,4373.36,4374.75,1093.0
2026-01-02 09:00:00,4374.77,4376.07,4373.31,4373.98,1467.0
2026-01-02 09:05:00,4373.98,4375.84,4373.09,4373.09,1219.0
2026-01-02 09:10:00,4373.1,4378.0,4372.37,4377.31,1564.0
2026-01-02 09:15:00,4377.33,4377.48,4374.35,4374.9,1806.0
2026-01-02 09:20:00,4374.9,4375.64,4371.99,4372.56,1274.0
2026-01-02 09:25:00,4372.56,4375.31,4372.48,4373.87,1162.0
2026-01-02 09:30:00,4373.87,4380.09,4372.24,4378.92,1671.0
2026-01-02 09:35:00,4378.91,4380.71,4378.55,4379.76,1437.0
2026-01-02 09:40:00,4379.76,4379.79,4375.62,4375.8,1460.0
2026-01-02 09:45:00,4375.8,4377.87,4375.34,4377.09,1964.0
2026-01-02 09:50:00,4377.09,4381.37,4376.35,4380.47,1432.0
2026-01-02 09:55:00,4380.45,4383.4,4380.36,4382.82,1919.0
2026-01-02 10:00:00,4382.82,4384.84,4380.82,4382.9,1813.0
2026-01-02 10:05:00,4382.9,4385.99,4381.59,4385.99,1318.0
2026-01-02 10:10:00,4385.99,4386.64,4384.19,4385.13,958.0
2026-01-02 10:15:00,4385.14,4385.27,4382.73,4383.1,1252.0
2026-01-02 10:20:00,4383.12,4383.98,4381.69,4383.64,1325.0
2026-01-02 10:25:00,4383.56,4385.77,4383.2,4385.35,1174.0
2026-01-02 10:30:00,4385.35,4389.21,4384.19,4388.78,1360.0
2026-01-02 10:35:00,4388.78,4389.25,4387.47,4388.71,1402.0
2026-01-02 10:40:00,4388.71,4390.6,4388.05,4390.6,1466.0
2026-01-02 10:45:00,4390.6,4397.65,4390.55,4394.97,2670.0
2026-01-02 10:50:00,4394.95,4395.83,4391.59,4392.53,1695.0
2026-01-02 10:55:00,4392.53,4392.92,4386.86,4387.0,1434.0
2026-01-02 11:00:00,4387.0,4389.73,4386.18,4388.57,1594.0
2026-01-02 11:05:00,4388.6,4391.14,4387.96,4390.89,1398.0
2026-01-02 11:10:00,4390.89,4391.09,4387.51,4390.08,1506.0
2026-01-02 11:15:00,4390.06,4391.61,4387.93,4388.73,1559.0
2026-01-02 11:20:00,4388.72,4388.76,4383.32,4386.15,1720.0
2026-01-02 11:25:00,4386.15,4389.05,4385.33,4388.71,1383.0
2026-01-02 11:30:00,4388.71,4389.85,4388.2,4388.26,1288.0
2026-01-02 11:35:00,4388.26,4389.42,4386.85,4387.09,1044.0
2026-01-02 11:40:00,4387.09,4389.4,4386.94,4388.75,1366.0
2026-01-02 11:45:00,4388.81,4389.56,4386.46,4388.27,1346.0
2026-01-02 11:50:00,4388.27,4389.33,4386.99,4389.27,1271.0
2026-01-02 11:55:00,4389.27,4389.33,4385.08,4385.55,1408.0
2026-01-02 12:00:00,4385.54,4388.0,4384.59,4387.88,815.0
2026-01-02 12:05:00,4387.88,4388.47,4386.07,4386.81,1373.0
2026-01-02 12:10:00,4386.81,4388.17,4386.19,4388.12,786.0
2026-01-02 12:15:00,4388.12,4388.41,4386.67,4387.76,1062.0
2026-01-02 12:20:00,4387.76,4390.04,4387.59,4389.05,904.0
2026-01-02 12:25:00,4389.05,4389.8,4385.63,4386.4,1228.0
2026-01-02 12:30:00,4386.4,4388.89,4384.89,4388.75,1542.0
2026-01-02 12:35:00,4388.75,4394.84,4388.57,4394.58,2079.0
2026-01-02 12:40:00,4394.58,4396.58,4393.13,4393.71,1574.0
2026-01-02 12:45:00,4393.71,4396.72,4393.7,4394.93,1282.0
2026-01-02 12:50:00,4394.92,4398.53,4394.92,4396.85,1263.0
2026-01-02 12:55:00,4396.95,4398.48,4396.11,4396.11,1516.0
2026-01-02 13:00:00,4396.11,4397.91,4395.21,4397.0,1401.0
2026-01-02 13:05:00,4397.01,4397.52,4395.37,4395.58,1159.0
2026-01-02 13:10:00,4395.58,4395.83,4393.99,4395.09,1057.0
2026-01-02 13:15:00,4395.09,4397.19,4395.03,4397.02,695.0
2026-01-02 13:20:00,4397.02,4398.25,4396.02,4398.14,701.0
2026-01-02 13:25:00,4398.14,4399.3,4394.29,4394.39,1399.0
2026-01-02 13:30:00,4394.39,4395.12,4391.93,4394.0,1256.0
2026-01-02 13:35:00,4394.0,4394.81,4391.76,4393.19,995.0
2026-01-02 13:40:00,4393.19,4395.71,4392.61,4395.06,943.0
2026-01-02 13:45:00,4395.06,4395.61,4393.39,4394.31,814.0
2026-01-02 13:50:00,4394.31,4394.35,4391.03,4391.77,1301.0
2026-01-02 13:55:00,4391.79,4393.18,4390.85,4392.95,1447.0
2026-01-02 14:00:00,4392.96,4393.05,4391.22,4391.45,1312.0
2026-01-02 14:05:00,4391.45,4396.65,4391.38,4396.15,1140.0
2026-01-02 14:10:00,4396.16,4397.31,4393.63,4395.37,1581.0
2026-01-02 14:15:00,4395.37,4398.04,4394.24,4397.48,1540.0
2026-01-02 14:20:00,4397.49,4398.26,4395.55,4395.56,1277.0
2026-01-02 14:25:00,4395.55,4395.81,4392.99,4393.25,1271.0
2026-01-02 14:30:00,4393.25,4394.54,4392.22,4393.98,1183.0
2026-01-02 14:35:00,4393.98,4394.18,4391.38,4392.62,1566.0
2026-01-02 14:40:00,4392.63,4392.77,4385.29,4388.12,2360.0
2026-01-02 14:45:00,4388.12,4389.11,4385.51,4387.92,1670.0
2026-01-02 14:50:00,4387.91,4390.19,4387.25,4389.98,1841.0
2026-01-02 14:55:00,4389.97,4394.71,4389.97,4394.38,2145.0
2026-01-02 15:00:00,4394.39,4397.74,4392.62,4397.54,2293.0
2026-01-02 15:05:00,4397.55,4398.15,4395.51,4397.23,1415.0
2026-01-02 15:10:00,4397.23,4401.22,4396.85,4399.83,1441.0
2026-01-02 15:15:00,4399.83,4402.31,4398.07,4398.87,1656.0
2026-01-02 15:20:00,4398.87,4399.26,4379.8,4381.48,3224.0
2026-01-02 15:25:00,4381.48,4384.32,4373.22,4374.54,3177.0
2026-01-02 15:30:00,4374.52,4377.32,4368.65,4372.66,3212.0
2026-01-02 15:35:00,4372.84,4374.83,4365.96,4369.67,2789.0
2026-01-02 15:40:00,4369.67,4372.76,4368.33,4372.63,2204.0
2026-01-02 15:45:00,4372.63,4377.76,4370.44,4370.72,2110.0
2026-01-02 15:50:00,4370.64,4371.83,4365.73,4366.76,2687.0
2026-01-02 15:55:00,4366.74,4370.3,4362.01,4366.03,2395.0
2026-01-02 16:00:00,4366.03,4372.12,4364.75,4371.61,2995.0
2026-01-02 16:05:00,4371.61,4372.77,4368.91,4370.79,2041.0
2026-01-02 16:10:00,4370.79,4372.02,4368.82,4370.38,1593.0
2026-01-02 16:15:00,4370.38,4372.12,4367.01,4372.1,2086.0
2026-01-02 16:20:00,4372.11,4373.7,4368.45,4368.75,2339.0
2026-01-02 16:25:00,4368.75,4371.57,4367.82,4368.46,2380.0
2026-01-02 16:30:00,4368.46,4370.23,4354.8,4355.26,4869.0
2026-01-02 16:35:00,4355.29,4359.97,4350.26,4351.22,5109.0
2026-01-02 16:40:00,4351.22,4356.58,4348.23,4356.45,4080.0
2026-01-02 16:45:00,4356.45,4363.14,4353.93,4361.61,3602.0
2026-01-02 16:50:00,4361.61,4363.16,4355.1,4359.11,4073.0
2026-01-02 16:55:00,4359.11,4359.57,4352.36,4353.51,3931.0
2026-01-02 17:00:00,4353.51,4357.12,4342.15,4342.3,4121.0
2026-01-02 17:05:00,4342.31,4350.45,4339.31,4347.37,4025.0
2026-01-02 17:10:00,4347.36,4349.14,4333.82,4340.69,4347.0
2026-01-02 17:15:00,4340.8,4342.85,4334.9,4339.51,4156.0
2026-01-02 17:20:00,4339.62,4341.54,4330.37,4334.39,4164.0
2026-01-02 17:25:00,4334.39,4340.34,4334.2,4336.69,3740.0
2026-01-02 17:30:00,4336.69,4339.82,4331.73,4339.2,3635.0
2026-01-02 17:35:00,4339.2,4341.76,4337.34,4340.29,3235.0
2026-01-02 17:40:00,4340.29,4346.82,4340.29,4346.15,3376.0
2026-01-02 17:45:00,4346.14,4347.12,4341.01,4342.86,3632.0
2026-01-02 17:50:00,4342.85,4344.06,4338.76,4341.49,3735.0
2026-01-02 17:55:00,4341.46,4341.51,4333.72,4335.42,3896.0
2026-01-02 18:00:00,4335.39,4337.4,4324.25,4327.63,4188.0
2026-01-02 18:05:00,4327.63,4329.61,4322.39,4326.74,3891.0
2026-01-02 18:10:00,4326.74,4326.87,4320.45,4322.53,3923.0
2026-01-02 18:15:00,4322.53,4324.74,4315.34,4317.34,4157.0
2026-01-02 18:20:00,4317.34,4321.11,4315.03,4318.7,3554.0
2026-01-02 18:25:00,4318.7,4324.23,4318.37,4321.72,3177.0
2026-01-02 18:30:00,4321.72,4321.93,4315.35,4316.34,2875.0
2026-01-02 18:35:00,4316.38,4324.93,4315.28,4322.38,2628.0
2026-01-02 18:40:00,4322.32,4328.2,4321.11,4325.86,2578.0
2026-01-02 18:45:00,4325.86,4328.29,4323.09,4324.61,2808.0
2026-01-02 18:50:00,4324.61,4326.84,4322.32,4323.8,2753.0
2026-01-02 18:55:00,4323.8,4326.5,4321.52,4326.43,3321.0
2026-01-02 19:00:00,4326.42,4332.39,4324.94,4332.22,3005.0
2026-01-02 19:05:00,4332.22,4333.47,4327.52,4328.33,2590.0
2026-01-02 19:10:00,4328.33,4331.46,4327.66,4330.14,2452.0
2026-01-02 19:15:00,4330.18,4333.07,4328.49,4329.29,2427.0
2026-01-02 19:20:00,4329.32,4330.89,4325.83,4326.14,2275.0
2026-01-02 19:25:00,4326.14,4329.13,4324.06,4328.79,2391.0
2026-01-02 19:30:00,4328.79,4331.27,4326.7,4328.62,2919.0
2026-01-02 19:35:00,4328.62,4329.88,4324.75,4325.6,2280.0
2026-01-02 19:40:00,4325.6,4327.31,4323.55,4326.4,2378.0
2026-01-02 19:45:00,4326.41,4328.13,4324.87,4326.0,2804.0
2026-01-02 19:50:00,4326.02,4327.87,4324.1,4325.3,2902.0
2026-01-02 19:55:00,4325.38,4326.25,4322.81,4323.07,2970.0
2026-01-02 20:00:00,4323.07,4323.75,4320.76,4322.04,2037.0
2026-01-02 20:05:00,4322.04,4323.26,4316.08,4316.59,2033.0
2026-01-02 20:10:00,4316.62,4316.76,4312.72,4314.53,2324.0
2026-01-02 20:15:00,4314.53,4318.45,4310.83,4318.45,2403.0
2026-01-02 20:20:00,4318.44,4320.2,4315.99,4319.32,2488.0
2026-01-02 20:25:00,4319.32,4321.71,4317.72,4318.6,2496.0
2026-01-02 20:30:00,4318.49,4319.52,4314.98,4316.11,1803.0
2026-01-02 20:35:00,4316.11,4318.49,4312.01,4315.6,1899.0
2026-01-02 20:40:00,4315.6,4316.28,4309.97,4312.51,2078.0
2026-01-02 20:45:00,4312.66,4315.08,4312.37,4313.29,2248.0
2026-01-02 20:50:00,4313.28,4315.31,4312.1,4315.1,1857.0
2026-01-02 20:55:00,4315.1,4315.71,4313.88,4315.21,1895.0
2026-01-02 21:00:00,4315.21,4320.48,4315.21,4319.76,2002.0
2026-01-02 21:05:00,4319.74,4321.9,4317.99,4320.93,1750.0
2026-01-02 21:10:00,4320.93,4322.17,4320.05,4321.52,1606.0
2026-01-02 21:15:00,4321.52,4323.18,4321.24,4322.09,1646.0
2026-01-02 21:20:00,4322.08,4322.08,4316.35,4316.62,1607.0
2026-01-02 21:25:00,4316.62,4319.02,4316.52,4318.59,1949.0
2026-01-02 21:30:00,4318.56,4321.69,4318.16,4320.68,2206.0
2026-01-02 21:35:00,4320.65,4326.18,4320.32,4323.75,1800.0
2026-01-02 21:40:00,4323.75,4326.3,4321.81,4322.79,2078.0
2026-01-02 21:45:00,4322.79,4322.94,4319.57,4321.13,1561.0
2026-01-02 21:50:00,4321.13,4321.23,4317.51,4319.99,1700.0
2026-01-02 21:55:00,4319.99,4320.9,4317.9,4318.18,1768.0
2026-01-02 22:00:00,4318.18,4320.43,4317.18,4318.75,2146.0
2026-01-02 22:05:00,4318.76,4320.26,4318.02,4319.28,1989.0
2026-01-02 22:10:00,4319.28,4321.54,4319.28,4320.01,2109.0
2026-01-02 22:15:00,4320.01,4322.36,4318.84,4322.35,2220.0
2026-01-02 22:20:00,4322.37,4326.44,4322.34,4326.27,2303.0
2026-01-02 22:25:00,4326.27,4329.48,4324.68,4328.52,1736.0
2026-01-02 22:30:00,4328.52,4328.56,4325.39,4327.77,1988.0
2026-01-02 22:35:00,4327.77,4329.18,4326.25,4327.65,1469.0
2026-01-02 22:40:00,4327.65,4329.4,4326.86,4327.0,1573.0
2026-01-02 22:45:00,4326.99,4328.23,4326.51,4327.27,1710.0
2026-01-02 22:50:00,4327.27,4329.7,4326.81,4328.06,1764.0
2026-01-02 22:55:00,4328.06,4331.57,4327.89,4331.53,2578.0
2026-01-02 23:00:00,4331.53,4331.73,4328.1,4330.54,1184.0
2026-01-02 23:05:00,4330.52,4331.3,4327.05,4329.57,725.0
2026-01-02 23:10:00,4329.64,4331.33,4328.6,4329.0,564.0
2026-01-02 23:15:00,4329.0,4329.25,4327.82,4328.4,246.0
2026-01-02 23:20:00,4328.43,4329.46,4327.92,4328.99,256.0
2026-01-02 23:25:00,4328.99,4329.63,4327.89,4328.78,708.0
2026-01-02 23:30:00,4328.69,4329.53,4328.04,4329.42,319.0
2026-01-02 23:35:00,4329.42,4330.33,4328.07,4328.14,456.0
2026-01-02 23:40:00,4328.14,4328.71,4327.11,4328.43,595.0
2026-01-02 23:45:00,4328.43,4331.31,4328.27,4330.4,495.0
2026-01-02 23:50:00,4330.4,4333.25,4330.29,4332.98,703.0
2026-01-02 23:55:00,4332.98,4333.24,4331.53,4332.35,596.0
2026-01-05 01:00:00,4352.13,4363.55,4343.87,4356.7,1060.0
2026-01-05 01:05:00,4356.89,4361.89,4349.61,4359.7,2188.0
2026-01-05 01:10:00,4359.88,4370.62,4358.99,4370.1,1974.0
2026-01-05 01:15:00,4370.11,4372.59,4361.05,4365.29,2120.0
2026-01-05 01:20:00,4365.26,4368.91,4364.28,4364.93,1659.0
2026-01-05 01:25:00,4364.93,4368.01,4363.35,4366.86,1201.0
2026-01-05 01:30:00,4366.86,4366.86,4354.42,4356.78,1659.0
2026-01-05 01:35:00,4356.78,4362.32,4354.51,4361.68,1678.0
2026-01-05 01:40:00,4361.68,4363.51,4360.63,4362.2,880.0
2026-01-05 01:45:00,4362.15,4370.97,4361.33,4370.81,1796.0
2026-01-05 01:50:00,4370.81,4375.57,4370.79,4373.42,2357.0
2026-01-05 01:55:00,4373.42,4375.91,4371.81,4372.57,1520.0
2026-01-05 02:00:00,4372.57,4375.33,4370.62,4370.75,1349.0
2026-01-05 02:05:00,4370.75,4375.34,4370.26,4375.22,1096.0
2026-01-05 02:10:00,4375.22,4379.88,4375.14,4377.91,1502.0
2026-01-05 02:15:00,4377.91,4383.41,4377.57,4383.38,1486.0
2026-01-05 02:20:00,4383.38,4385.79,4381.92,4384.56,1735.0
2026-01-05 02:25:00,4384.56,4389.38,4383.18,4387.03,1218.0
2026-01-05 02:30:00,4387.03,4392.36,4386.24,4388.77,2130.0
2026-01-05 02:35:00,4388.76,4396.61,4387.61,4395.21,2349.0
2026-01-05 02:40:00,4395.21,4395.43,4385.66,4387.88,1833.0
2026-01-05 02:45:00,4387.88,4391.85,4384.91,4391.81,2345.0
2026-01-05 02:50:00,4391.92,4392.65,4389.43,4391.98,2173.0
2026-01-05 02:55:00,4391.98,4396.1,4389.32,4394.98,2730.0
2026-01-05 03:00:00,4395.13,4416.99,4394.43,4416.96,4373.0
2026-01-05 03:05:00,4416.93,4421.34,4404.92,4410.58,4000.0
2026-01-05 03:10:00,4410.58,4416.8,4396.98,4402.99,3995.0
2026-01-05 03:15:00,4402.91,4404.57,4395.43,4395.93,3519.0
2026-01-05 03:20:00,4395.91,4401.69,4394.28,4397.68,3168.0
2026-01-05 03:25:00,4397.79,4405.14,4394.15,4396.08,3223.0
2026-01-05 03:30:00,4396.06,4400.8,4393.03,4395.72,3432.0
2026-01-05 03:35:00,4395.72,4405.01,4394.51,4404.44,3552.0
2026-01-05 03:40:00,4404.51,4405.12,4397.94,4404.29,2944.0
2026-01-05 03:45:00,4404.28,4406.9,4399.0,4399.71,3438.0
2026-01-05 03:50:00,4399.71,4400.58,4391.19,4398.51,3668.0
2026-01-05 03:55:00,4398.5,4402.17,4397.28,4401.86,2953.0
2026-01-05 04:00:00,4401.95,4405.07,4395.6,4399.1,3032.0
2026-01-05 04:05:00,4399.0,4400.0,4388.61,4390.95,3271.0
2026-01-05 04:10:00,4390.96,4394.65,4390.04,4394.25,2374.0
2026-01-05 04:15:00,4394.23,4398.35,4392.54,4394.5,2471.0
2026-01-05 04:20:00,4394.5,4397.41,4394.17,4397.26,1488.0
2026-01-05 04:25:00,4397.35,4402.91,4397.25,4402.19,2565.0
2026-01-05 04:30:00,4402.19,4406.95,4401.08,4402.64,3229.0
2026-01-05 04:35:00,4402.64,4405.12,4401.71,4402.39,2748.0
2026-01-05 04:40:00,4402.39,4405.06,4399.68,4399.75,2708.0
2026-01-05 04:45:00,4399.75,4405.21,4398.77,4403.34,2672.0
2026-01-05 04:50:00,4403.21,4408.46,4402.79,4407.29,3195.0
2026-01-05 04:55:00,4407.29,4409.71,4404.35,4405.5,2723.0
2026-01-05 05:00:00,4405.5,4412.3,4405.42,4411.62,2770.0
2026-01-05 05:05:00,4411.62,4414.01,4409.38,4410.25,2688.0
2026-01-05 05:10:00,4410.24,4413.38,4408.56,4410.7,2534.0
2026-01-05 05:15:00,4410.7,4412.59,4408.05,4408.15,2467.0
2026-01-05 05:20:00,4408.15,4410.13,4407.89,4410.1,2211.0
2026-01-05 05:25:00,4410.1,4410.24,4406.16,4407.69,2218.0
2026-01-05 05:30:00,4407.69,4407.69,4403.76,4404.25,2082.0
2026-01-05 05:35:00,4404.25,4409.31,4403.77,4408.77,1949.0
2026-01-05 05:40:00,4408.77,4410.57,4407.9,4409.63,2485.0
2026-01-05 05:45:00,4409.58,4410.23,4406.36,4406.92,2315.0
2026-01-05 05:50:00,4406.92,4409.18,4406.67,4406.67,1478.0
2026-01-05 05:55:00,4406.67,4407.05,4399.82,4399.94,1910.0
2026-01-05 06:00:00,4399.95,4403.14,4397.33,4402.8,1812.0
2026-01-05 06:05:00,4402.8,4404.45,4400.22,4400.24,1626.0
2026-01-05 06:10:00,4400.23,4401.22,4398.7,4400.1,1085.0
2026-01-05 06:15:00,4400.1,4403.84,4400.05,4403.02,1028.0
2026-01-05 06:20:00,4403.02,4406.39,4403.02,4405.24,891.0
2026-01-05 06:25:00,4405.24,4405.93,4404.29,4404.88,990.0
2026-01-05 06:30:00,4404.88,4405.98,4404.42,4405.08,895.0
2026-01-05 06:35:00,4405.08,4406.65,4404.22,4405.63,1188.0
2026-01-05 06:40:00,4405.63,4407.7,4405.42,4405.82,1295.0
2026-01-05 06:45:00,4405.79,4407.29,4405.56,4406.95,885.0
2026-01-05 06:50:00,4406.95,4408.41,4403.65,4403.92,1511.0
2026-01-05 06:55:00,4403.85,4405.62,4403.61,4404.24,1044.0
2026-01-05 07:00:00,4404.24,4406.09,4403.7,4405.78,844.0
2026-01-05 07:05:00,4405.78,4407.3,4405.22,4405.35,1497.0
2026-01-05 07:10:00,4405.35,4408.98,4405.05,4408.19,1340.0
2026-01-05 07:15:00,4408.22,4409.64,4407.77,4408.72,913.0
2026-01-05 07:20:00,4408.71,4408.85,4406.98,4408.19,761.0
2026-01-05 07:25:00,4408.17,4412.83,4407.4,4412.66,1022.0
2026-01-05 07:30:00,4412.66,4414.56,4408.66,4409.57,2059.0
2026-01-05 07:35:00,4409.57,4411.55,4408.44,4409.43,2450.0
2026-01-05 07:40:00,4409.43,4411.29,4401.85,4401.86,2736.0
2026-01-05 07:45:00,4401.86,4407.55,4401.07,4405.96,2459.0
2026-01-05 07:50:00,4406.04,4411.02,4405.86,4410.28,2499.0
2026-01-05 07:55:00,4410.3,4412.69,4407.9,4412.69,3202.0
2026-01-05 08:00:00,4412.67,4416.52,4411.41,4413.98,2321.0
2026-01-05 08:05:00,4413.98,4415.69,4412.91,4414.88,2326.0
2026-01-05 08:10:00,4414.92,4420.21,4412.78,4418.34,2448.0
2026-01-05 08:15:00,4418.36,4419.81,4415.75,4419.15,2101.0
2026-01-05 08:20:00,4419.15,4420.72,4418.38,4419.65,2039.0
2026-01-05 08:25:00,4419.65,4426.26,4419.37,4424.04,2808.0
2026-01-05 08:30:00,4424.04,4426.41,4420.23,4420.64,2104.0
2026-01-05 08:35:00,4420.64,4425.0,4416.35,4424.38,2652.0
2026-01-05 08:40:00,4424.52,4425.52,4420.27,4420.29,2123.0
2026-01-05 08:45:00,4420.27,4422.2,4419.66,4421.86,2116.0
2026-01-05 08:50:00,4421.86,4421.92,4418.16,4419.65,1208.0
2026-01-05 08:55:00,4419.65,4420.66,4419.11,4420.32,1279.0
2026-01-05 09:00:00,4420.31,4423.22,4419.43,4421.74,1826.0
2026-01-05 09:05:00,4421.74,4424.05,4416.8,4419.4,1829.0
2026-01-05 09:10:00,4419.39,4419.99,4417.03,4419.96,1222.0
2026-01-05 09:15:00,4419.96,4423.36,4419.44,4422.77,1634.0
2026-01-05 09:20:00,4422.77,4422.78,4420.36,4420.95,1136.0
2026-01-05 09:25:00,4420.94,4421.59,4418.85,4420.4,1149.0
2026-01-05 09:30:00,4420.4,4422.36,4418.58,4421.09,1418.0
2026-01-05 09:35:00,4421.09,4423.83,4421.04,4422.08,1580.0
2026-01-05 09:40:00,4422.1,4425.17,4421.18,4424.71,2095.0
2026-01-05 09:45:00,4424.71,4424.72,4420.45,4421.8,1574.0
2026-01-05 09:50:00,4421.8,4422.07,4420.0,4420.92,1784.0
2026-01-05 09:55:00,4420.95,4422.48,4420.03,4421.84,929.0
2026-01-05 10:00:00,4421.84,4423.64,4419.36,4421.19,1258.0
2026-01-05 10:05:00,4421.19,4422.52,4419.87,4420.59,1167.0
2026-01-05 10:10:00,4420.59,4425.25,4419.53,4424.35,1326.0
2026-01-05 10:15:00,4424.35,4430.21,4424.3,4427.75,1813.0
2026-01-05 10:20:00,4427.77,4428.58,4425.97,4428.14,1324.0
2026-01-05 10:25:00,4428.14,4430.05,4426.53,4426.57,1279.0
2026-01-05 10:30:00,4426.57,4427.44,4423.61,4425.12,1956.0
2026-01-05 10:35:00,4425.12,4426.18,4424.43,4425.92,2191.0
2026-01-05 10:40:00,4425.91,4430.95,4425.51,4430.06,2499.0
2026-01-05 10:45:00,4430.06,4432.6,4429.97,4432.11,1719.0
2026-01-05 10:50:00,4432.1,4433.89,4430.73,4431.21,1423.0
2026-01-05 10:55:00,4431.21,4432.5,4430.05,4430.15,1086.0
2026-01-05 11:00:00,4430.15,4432.18,4427.45,4428.16,1635.0
2026-01-05 11:05:00,4428.16,4429.0,4426.42,4426.82,1596.0
2026-01-05 11:10:00,4426.82,4431.05,4426.17,4430.53,1624.0
2026-01-05 11:15:00,4430.54,4431.96,4429.87,4431.75,1768.0
2026-01-05 11:20:00,4431.75,4434.38,4431.09,4433.65,1686.0
2026-01-05 11:25:00,4433.65,4434.54,4432.42,4432.58,1768.0
2026-01-05 11:30:00,4432.59,4433.53,4431.46,4433.0,1370.0
2026-01-05 11:35:00,4433.0,4433.25,4430.99,4432.56,1975.0
2026-01-05 11:40:00,4432.56,4438.16,4432.45,4437.62,2045.0
2026-01-05 11:45:00,4437.63,4438.09,4434.45,4434.93,1992.0
2026-01-05 11:50:00,4434.93,4437.27,4434.57,4435.07,2078.0
2026-01-05 11:55:00,4435.07,4436.9,4433.99,4434.85,1779.0
2026-01-05 12:00:00,4434.85,4435.37,4431.21,4432.15,1499.0
2026-01-05 12:05:00,4432.15,4433.59,4430.85,4432.8,1341.0
2026-01-05 12:10:00,4432.8,4433.56,4431.84,4433.17,1096.0
2026-01-05 12:15:00,4433.17,4433.37,4431.47,4431.81,865.0
2026-01-05 12:20:00,4431.79,4434.28,4431.74,4433.99,1045.0
2026-01-05 12:25:00,4433.99,4436.59,4432.54,4433.26,1605.0
2026-01-05 12:30:00,4433.27,4437.15,4432.74,4436.6,1350.0
2026-01-05 12:35:00,4436.6,4438.96,4435.32,4435.98,1408.0
2026-01-05 12:40:00,4435.98,4436.36,4434.76,4435.04,1086.0
2026-01-05 12:45:00,4435.09,4437.2,4434.22,4436.68,1274.0
2026-01-05 12:50:00,4436.68,4439.88,4436.56,4438.48,1968.0
2026-01-05 12:55:00,4438.5,4438.53,4435.25,4436.31,1767.0
2026-01-05 13:00:00,4436.31,4437.49,4431.65,4432.18,2045.0
2026-01-05 13:05:00,4432.18,4433.51,4430.23,4431.36,2183.0
2026-01-05 13:10:00,4431.37,4433.7,4430.74,4433.24,1530.0
2026-01-05 13:15:00,4433.24,4433.72,4427.44,4427.63,2234.0
2026-01-05 13:20:00,4427.69,4430.78,4426.76,4427.89,1768.0
2026-01-05 13:25:00,4427.89,4428.09,4411.07,4417.2,3203.0
2026-01-05 13:30:00,4417.2,4421.62,4415.23,4419.99,2189.0
2026-01-05 13:35:00,4420.01,4422.87,4418.43,4421.66,1637.0
2026-01-05 13:40:00,4421.65,4424.59,4421.38,4424.06,1877.0
2026-01-05 13:45:00,4424.09,4425.93,4422.26,4425.93,1603.0
2026-01-05 13:50:00,4425.88,4426.16,4420.67,4420.73,1800.0
2026-01-05 13:55:00,4420.67,4421.39,4418.16,4419.33,2217.0
2026-01-05 14:00:00,4419.33,4421.42,4418.37,4419.29,2094.0
2026-01-05 14:05:00,4419.32,4419.89,4416.72,4418.94,2189.0
2026-01-05 14:10:00,4418.94,4420.58,4417.15,4417.85,1845.0
2026-01-05 14:15:00,4417.85,4418.5,4416.72,4418.03,2185.0
2026-01-05 14:20:00,4418.03,4418.4,4413.84,4414.43,2061.0
2026-01-05 14:25:00,4414.43,4416.95,4414.14,4415.77,1636.0
2026-01-05 14:30:00,4415.76,4417.18,4413.99,4415.55,1494.0
2026-01-05 14:35:00,4415.55,4416.14,4413.58,4415.28,1559.0
2026-01-05 14:40:00,4415.27,4415.46,4406.23,4409.95,2644.0
2026-01-05 14:45:00,4409.95,4412.42,4406.66,4407.32,2172.0
2026-01-05 14:50:00,4407.32,4411.87,4405.54,4410.56,2253.0
2026-01-05 14:55:00,4410.56,4411.12,4408.11,4409.64,2215.0
2026-01-05 15:00:00,4409.64,4416.09,4407.6,4415.36,3533.0
2026-01-05 15:05:00,4415.36,4418.95,4407.3,4409.05,3126.0
2026-01-05 15:10:00,4409.02,4412.28,4407.33,4409.2,2928.0
2026-01-05 15:15:00,4409.2,4412.59,4407.78,4411.63,3046.0
2026-01-05 15:20:00,4411.52,4413.26,4402.7,4405.88,3384.0
2026-01-05 15:25:00,4405.88,4407.8,4397.09,4399.63,3607.0
2026-01-05 15:30:00,4399.65,4408.86,4396.23,4408.86,3831.0
2026-01-05 15:35:00,4408.85,4412.44,4407.31,4410.87,3648.0
2026-01-05 15:40:00,4410.87,4414.27,4410.84,4412.12,2894.0
2026-01-05 15:45:00,4412.13,4415.34,4411.62,4414.07,2949.0
2026-01-05 15:50:00,4414.03,4415.14,4412.65,4412.94,2781.0
2026-01-05 15:55:00,4412.95,4417.28,4411.4,4416.82,2587.0
2026-01-05 16:00:00,4416.86,4423.38,4416.86,4422.51,3575.0
2026-01-05 16:05:00,4422.51,4424.75,4420.56,4423.34,3277.0
2026-01-05 16:10:00,4423.34,4428.45,4423.3,4426.26,3122.0
2026-01-05 16:15:00,4426.26,4427.68,4423.33,4427.18,3022.0
2026-01-05 16:20:00,4427.2,4429.68,4421.28,4422.0,2782.0
2026-01-05 16:25:00,4421.98,4423.44,4420.2,4421.07,3453.0
2026-01-05 16:30:00,4421.07,4427.43,4418.06,4425.77,4529.0
2026-01-05 16:35:00,4425.77,4427.75,4417.94,4427.42,4558.0
2026-01-05 16:40:00,4427.25,4430.01,4421.95,4429.68,3966.0
2026-01-05 16:45:00,4429.68,4438.59,4428.13,4436.81,3498.0
2026-01-05 16:50:00,4436.81,4439.56,4432.82,4439.56,3694.0
2026-01-05 16:55:00,4439.67,4442.86,4435.0,4436.68,3175.0
2026-01-05 17:00:00,4436.68,4453.55,4436.68,4451.89,3755.0
2026-01-05 17:05:00,4451.89,4455.65,4449.67,4454.3,3851.0
2026-01-05 17:10:00,4454.29,4454.73,4443.93,4449.25,3766.0
2026-01-05 17:15:00,4449.25,4451.66,4446.98,4451.25,3332.0
2026-01-05 17:20:00,4451.25,4452.44,4448.13,4448.72,3263.0
2026-01-05 17:25:00,4448.67,4449.94,4442.39,4444.62,3065.0
2026-01-05 17:30:00,4444.62,4445.4,4440.68,4442.97,2720.0
2026-01-05 17:35:00,4442.97,4444.52,4435.51,4439.94,3300.0
2026-01-05 17:40:00,4439.94,4447.87,4436.95,4447.4,2948.0
2026-01-05 17:45:00,4447.39,4449.9,4442.51,4443.41,2744.0
2026-01-05 17:50:00,4443.5,4445.34,4440.63,4444.89,2500.0
2026-01-05 17:55:00,4444.91,4449.95,4444.58,4448.51,2205.0
2026-01-05 18:00:00,4448.5,4451.49,4445.5,4448.45,2517.0
2026-01-05 18:05:00,4448.5,4448.9,4438.42,4441.73,2395.0
2026-01-05 18:10:00,4441.71,4446.88,4439.53,4446.45,2434.0
2026-01-05 18:15:00,4446.45,4448.77,4444.96,4446.6,2352.0
2026-01-05 18:20:00,4446.6,4447.21,4443.45,4443.73,1678.0
2026-01-05 18:25:00,4443.74,4444.08,4440.31,4440.74,1696.0
2026-01-05 18:30:00,4440.74,4445.92,4440.09,4445.22,1869.0
2026-01-05 18:35:00,4445.22,4445.9,4443.2,4444.36,1499.0
2026-01-05 18:40:00,4444.36,4445.8,4444.13,4445.14,1549.0
2026-01-05 18:45:00,4445.12,4451.06,4444.15,4450.89,2027.0
2026-01-05 18:50:00,4450.89,4454.42,4450.81,4452.65,2629.0
2026-01-05 18:55:00,4452.71,4452.74,4440.81,4441.82,3104.0
2026-01-05 19:00:00,4441.82,4442.36,4433.24,4433.57,3661.0
2026-01-05 19:05:00,4433.57,4439.93,4432.35,4439.41,3084.0
2026-01-05 19:10:00,4439.41,4442.45,4436.11,4442.45,2384.0
2026-01-05 19:15:00,4442.45,4446.48,4442.37,4445.3,2097.0
2026-01-05 19:20:00,4445.34,4447.4,4443.59,4446.8,1880.0
2026-01-05 19:25:00,4446.8,4449.09,4445.06,4445.93,1850.0
2026-01-05 19:30:00,4445.93,4446.91,4443.21,4444.07,2015.0
2026-01-05 19:35:00,4444.11,4447.45,4442.57,4444.81,1910.0
2026-01-05 19:40:00,4444.82,4444.99,4437.73,4439.53,2203.0
2026-01-05 19:45:00,4439.56,4444.49,4439.12,4444.3,2448.0
2026-01-05 19:50:00,4444.38,4445.66,4441.99,4444.65,2187.0
2026-01-05 19:55:00,4444.65,4445.72,4442.97,4443.54,2544.0
2026-01-05 20:00:00,4443.5,4444.5,4441.88,4443.33,2788.0
2026-01-05 20:05:00,4443.33,4446.75,4442.79,4445.38,2369.0
2026-01-05 20:10:00,4445.38,4448.22,4445.17,4447.2,1575.0
2026-01-05 20:15:00,4447.21,4448.53,4444.09,4445.13,1438.0
2026-01-05 20:20:00,4445.15,4446.87,4441.97,4446.27,2227.0
2026-01-05 20:25:00,4446.26,4446.31,4439.84,4441.35,1996.0
2026-01-05 20:30:00,4441.35,4444.47,4441.05,4442.46,1362.0
2026-01-05 20:35:00,4442.46,4445.43,4441.63,4444.45,1114.0
2026-01-05 20:40:00,4444.45,4445.82,4442.91,4443.52,1117.0
2026-01-05 20:45:00,4443.52,4445.93,4442.68,4445.56,888.0
2026-01-05 20:50:00,4445.56,4447.36,4443.44,4446.81,1175.0
2026-01-05 20:55:00,4446.81,4448.58,4445.59,4448.58,1060.0
2026-01-05 21:00:00,4448.61,4449.42,4446.33,4448.2,1677.0
2026-01-05 21:05:00,4448.2,4448.24,4435.24,4437.39,2458.0
2026-01-05 21:10:00,4437.5,4440.58,4434.84,4440.04,2402.0
2026-01-05 21:15:00,4440.05,4441.21,4437.81,4439.96,1903.0
2026-01-05 21:20:00,4439.96,4441.91,4439.36,4441.1,1526.0
2026-01-05 21:25:00,4441.1,4442.96,4440.19,4441.74,1422.0
2026-01-05 21:30:00,4441.74,4445.83,4441.14,4445.07,1597.0
2026-01-05 21:35:00,4445.07,4445.63,4443.91,4444.85,1255.0
2026-01-05 21:40:00,4444.85,4445.35,4442.43,4442.66,1337.0
2026-01-05 21:45:00,4442.65,4444.14,4441.72,4443.5,991.0
2026-01-05 21:50:00,4443.5,4443.54,4440.51,4441.86,1140.0
2026-01-05 21:55:00,4441.86,4442.75,4438.51,4439.75,1214.0
2026-01-05 22:00:00,4439.73,4443.77,4439.02,4442.98,1986.0
2026-01-05 22:05:00,4442.98,4443.39,4439.84,4441.19,1900.0
2026-01-05 22:10:00,4441.19,4445.41,4440.21,4443.86,2320.0
2026-01-05 22:15:00,4443.86,4445.29,4442.72,4444.89,1891.0
2026-01-05 22:20:00,4444.89,4446.97,4443.77,4444.69,2087.0
2026-01-05 22:25:00,4444.69,4446.14,4443.81,4445.53,2386.0
2026-01-05 22:30:00,4445.53,4445.57,4441.37,4441.55,2176.0
2026-01-05 22:35:00,4441.55,4443.24,4439.07,4441.08,2147.0
2026-01-05 22:40:00,4441.08,4441.64,4438.04,4438.05,1409.0
2026-01-05 22:45:00,4438.11,4442.95,4438.11,4440.57,1448.0
2026-01-05 22:50:00,4440.57,4443.0,4439.76,4441.95,2037.0
2026-01-05 22:55:00,4441.93,4445.91,4441.48,4444.8,2402.0
2026-01-05 23:00:00,4444.81,4447.65,4444.8,4446.37,1108.0
2026-01-05 23:05:00,4446.37,4447.38,4445.0,4447.38,674.0
2026-01-05 23:10:00,4447.38,4448.15,4446.52,4446.96,603.0
2026-01-05 23:15:00,4446.96,4447.06,4443.31,4443.67,416.0
2026-01-05 23:20:00,4443.67,4444.81,4443.36,4444.31,364.0
2026-01-05 23:25:00,4444.3,4445.52,4444.16,4445.52,203.0
2026-01-05 23:30:00,4445.44,4448.35,4445.28,4447.61,336.0
2026-01-05 23:35:00,4447.61,4447.67,4446.02,4446.02,206.0
2026-01-05 23:40:00,4446.09,4446.96,4445.78,4445.96,248.0
2026-01-05 23:45:00,4445.96,4448.53,4445.32,4448.37,352.0
2026-01-05 23:50:00,4448.37,4448.71,4447.75,4448.36,423.0
2026-01-05 23:55:00,4448.36,4449.24,4448.02,4449.0,305.0
2026-01-06 01:00:00,4449.0,4455.03,4449.0,4454.66,524.0
2026-01-06 01:05:00,4454.75,4458.22,4453.09,4457.63,679.0
2026-01-06 01:10:00,4457.64,4460.12,4451.42,4451.55,1603.0
2026-01-06 01:15:00,4451.53,4453.49,4448.67,4451.92,1264.0
2026-01-06 01:20:00,4451.92,4453.25,4450.58,4450.59,938.0
2026-01-06 01:25:00,4450.59,4451.02,4448.64,4448.94,860.0
2026-01-06 01:30:00,4448.94,4450.3,4438.71,4441.2,1907.0
2026-01-06 01:35:00,4441.2,4446.31,4441.2,4443.95,1409.0
2026-01-06 01:40:00,4443.95,4444.74,4441.6,4442.96,875.0
2026-01-06 01:45:00,4442.95,4444.07,4439.94,4441.26,813.0
2026-01-06 01:50:00,4441.26,4441.26,4439.09,4439.48,768.0
2026-01-06 01:55:00,4439.49,4441.83,4436.91,4440.52,1409.0
2026-01-06 02:00:00,4440.52,4441.16,4436.62,4440.12,1519.0
2026-01-06 02:05:00,4440.12,4441.68,4436.88,4438.86,989.0
2026-01-06 02:10:00,4438.86,4440.89,4437.75,4440.46,812.0
2026-01-06 02:15:00,4440.46,4442.56,4439.38,4441.54,914.0
2026-01-06 02:20:00,4441.54,4442.1,4439.84,4441.0,731.0
2026-01-06 02:25:00,4441.0,4441.32,4439.52,4440.82,539.0
2026-01-06 02:30:00,4440.83,4444.75,4436.31,4436.54,1463.0
2026-01-06 02:35:00,4436.54,4437.5,4433.89,4434.66,1398.0
2026-01-06 02:40:00,4434.66,4436.81,4430.43,4436.55,2198.0
2026-01-06 02:45:00,4436.55,4438.22,4436.29,4436.6,1337.0
2026-01-06 02:50:00,4436.6,4437.17,4434.61,4435.49,1435.0
2026-01-06 02:55:00,4435.49,4438.06,4435.3,4436.45,1957.0
2026-01-06 03:00:00,4436.45,4440.01,4427.96,4434.12,3935.0
2026-01-06 03:05:00,4434.12,4439.49,4431.91,4436.37,2875.0
2026-01-06 03:10:00,4436.37,4442.33,4436.26,4441.88,2994.0
2026-01-06 03:15:00,4441.82,4444.29,4439.56,4440.86,2906.0
2026-01-06 03:20:00,4440.82,4442.52,4435.35,4435.87,2154.0
2026-01-06 03:25:00,4435.87,4436.9,4433.91,4435.03,2592.0
2026-01-06 03:30:00,4435.01,4436.67,4432.72,4436.28,2603.0
2026-01-06 03:35:00,4436.34,4440.55,4434.31,4440.21,2657.0
2026-01-06 03:40:00,4440.21,4443.31,4439.03,4439.26,2374.0
2026-01-06 03:45:00,4439.26,4442.62,4438.38,4440.64,2513.0
2026-01-06 03:50:00,4440.66,4448.29,4439.7,4447.66,2818.0
2026-01-06 03:55:00,4447.64,4452.35,4447.38,4450.67,3078.0
2026-01-06 04:00:00,4450.66,4455.05,4448.66,4452.9,3074.0
2026-01-06 04:05:00,4452.9,4457.57,4451.4,4457.18,3073.0
2026-01-06 04:10:00,4457.13,4460.44,4456.62,4459.51,3289.0
2026-01-06 04:15:00,4459.51,4459.51,4456.55,4457.98,1493.0
2026-01-06 04:20:00,4457.98,4460.12,4457.05,4459.86,1840.0
2026-01-06 04:25:00,4459.86,4460.82,4457.73,4460.32,1674.0
2026-01-06 04:30:00,4460.29,4461.27,4456.95,4458.76,2619.0
2026-01-06 04:35:00,4458.75,4459.73,4452.4,4452.5,2327.0
2026-01-06 04:40:00,4452.5,4453.86,4448.76,4453.61,2621.0
2026-01-06 04:45:00,4453.61,4457.61,4453.28,4456.02,1815.0
2026-01-06 04:50:00,4456.02,4456.21,4452.84,4454.64,1606.0
2026-01-06 04:55:00,4454.64,4455.81,4451.8,4454.96,1695.0
2026-01-06 05:00:00,4454.96,4457.35,4454.2,4456.63,1880.0
2026-01-06 05:05:00,4456.68,4458.76,4454.89,4458.69,1563.0
2026-01-06 05:10:00,4458.69,4465.6,4458.65,4462.61,1933.0
2026-01-06 05:15:00,4462.61,4467.31,4462.07,4465.09,2166.0
2026-01-06 05:20:00,4465.12,4467.97,4462.32,4467.57,2464.0
2026-01-06 05:25:00,4467.62,4467.69,4463.58,4463.6,2421.0
2026-01-06 05:30:00,4463.6,4465.17,4463.13,4464.61,1731.0
2026-01-06 05:35:00,4464.61,4467.54,4464.44,4467.13,731.0
2026-01-06 05:40:00,4467.13,4467.45,4464.96,4466.24,1059.0
2026-01-06 05:45:00,4466.24,4467.9,4465.59,4465.87,1297.0
2026-01-06 05:50:00,4465.87,4467.21,4464.59,4466.72,871.0
2026-01-06 05:55:00,4466.72,4468.1,4466.33,4467.65,877.0
2026-01-06 06:00:00,4467.64,4467.64,4465.21,4466.48,971.0
2026-01-06 06:05:00,4466.48,4466.49,4464.65,4465.42,702.0
2026-01-06 06:10:00,4465.42,4468.47,4465.25,4465.67,1232.0
2026-01-06 06:15:00,4465.67,4467.41,4463.25,4465.66,1636.0
2026-01-06 06:20:00,4465.66,4466.74,4464.97,4464.97,1513.0
2026-01-06 06:25:00,4464.97,4465.36,4463.48,4464.84,1281.0
2026-01-06 06:30:00,4464.84,4466.38,4464.79,4465.88,903.0
2026-01-06 06:35:00,4465.89,4466.08,4465.05,4466.08,715.0
2026-01-06 06:40:00,4466.07,4466.26,4461.87,4462.7,1413.0
2026-01-06 06:45:00,4462.7,4466.33,4462.6,4465.97,1069.0
2026-01-06 06:50:00,4465.97,4467.44,4465.76,4467.19,889.0
2026-01-06 06:55:00,4467.19,4468.44,4466.63,4467.39,1456.0
2026-01-06 07:00:00,4467.39,4469.31,4467.05,4469.02,1644.0
2026-01-06 07:05:00,4469.02,4469.57,4467.5,4467.7,1371.0
2026-01-06 07:10:00,4467.7,4469.29,4467.34,4467.34,1670.0
2026-01-06 07:15:00,4467.34,4469.97,4466.84,4468.8,1126.0
2026-01-06 07:20:00,4468.78,4469.56,4467.96,4468.17,791.0
2026-01-06 07:25:00,4468.15,4470.8,4467.66,4469.73,1437.0
2026-01-06 07:30:00,4469.73,4474.25,4469.41,4471.36,2371.0
2026-01-06 07:35:00,4471.36,4472.02,4463.48,4463.68,1872.0
2026-01-06 07:40:00,4463.73,4466.25,4461.94,4463.05,2897.0
2026-01-06 07:45:00,4463.24,4464.8,4457.83,4459.86,2267.0
2026-01-06 07:50:00,4459.83,4460.32,4455.06,4455.91,2064.0
2026-01-06 07:55:00,4455.91,4456.22,4449.51,4452.47,2737.0
2026-01-06 08:00:00,4452.52,4456.81,4451.54,4455.2,2483.0
2026-01-06 08:05:00,4455.2,4456.65,4451.77,4455.64,2810.0
2026-01-06 08:10:00,4455.67,4458.43,4455.44,4456.92,1932.0
2026-01-06 08:15:00,4456.92,4459.0,4455.43,4457.96,1674.0
2026-01-06 08:20:00,4457.96,4458.74,4456.24,4458.06,1880.0
2026-01-06 08:25:00,4458.06,4461.19,4457.91,4461.15,2922.0
2026-01-06 08:30:00,4461.17,4465.05,4459.02,4464.56,2714.0
2026-01-06 08:35:00,4464.55,4465.79,4462.65,4464.34,1844.0
2026-01-06 08:40:00,4464.34,4464.94,4461.44,4463.61,2098.0
2026-01-06 08:45:00,4463.61,4463.71,4461.21,4463.2,1735.0
2026-01-06 08:50:00,4463.2,4465.13,4461.74,4464.75,2898.0
2026-01-06 08:55:00,4464.76,4467.01,4464.24,4465.86,1540.0
2026-01-06 09:00:00,4465.86,4468.3,4464.52,4465.31,1766.0
2026-01-06 09:05:00,4465.31,4470.41,4464.25,4469.17,1577.0
2026-01-06 09:10:00,4469.17,4470.24,4467.58,4468.45,1568.0
2026-01-06 09:15:00,4468.44,4469.75,4467.22,4467.41,1040.0
2026-01-06 09:20:00,4467.44,4467.8,4461.98,4463.44,1352.0
2026-01-06 09:25:00,4463.44,4465.24,4461.64,4464.59,848.0
2026-01-06 09:30:00,4464.59,4467.22,4464.48,4465.54,882.0
2026-01-06 09:35:00,4465.54,4466.11,4463.5,4465.39,1491.0
2026-01-06 09:40:00,4465.4,4466.01,4464.13,4464.63,1085.0
2026-01-06 09:45:00,4464.63,4465.8,4463.63,4465.51,1202.0
2026-01-06 09:50:00,4465.52,4466.42,4459.99,4461.13,1732.0
2026-01-06 09:55:00,4461.13,4461.25,4457.19,4459.57,2240.0
2026-01-06 10:00:00,4459.57,4461.26,4457.49,4461.23,2398.0
2026-01-06 10:05:00,4461.23,4463.46,4460.78,4463.09,1983.0
2026-01-06 10:10:00,4463.1,4463.28,4460.26,4461.98,1259.0
2026-01-06 10:15:00,4461.98,4465.97,4461.74,4465.97,1137.0
2026-01-06 10:20:00,4465.97,4470.26,4465.69,4469.29,1117.0
2026-01-06 10:25:00,4469.29,4475.71,4469.29,4471.02,2064.0
2026-01-06 10:30:00,4471.02,4472.63,4465.84,4467.16,1840.0
2026-01-06 10:35:00,4467.16,4469.08,4466.81,4466.92,1295.0
2026-01-06 10:40:00,4466.92,4467.72,4464.45,4465.82,1429.0
2026-01-06 10:45:00,4465.84,4468.42,4465.06,4466.44,1413.0
2026-01-06 10:50:00,4466.44,4467.92,4465.17,4467.03,1109.0
2026-01-06 10:55:00,4467.03,4469.46,4466.62,4468.36,1212.0
2026-01-06 11:00:00,4468.36,4468.47,4463.17,4463.92,1515.0
2026-01-06 11:05:00,4463.94,4464.36,4460.76,4461.62,1739.0
2026-01-06 11:10:00,4461.6,4462.21,4453.83,4457.97,2123.0
2026-01-06 11:15:00,4457.96,4458.26,4452.11,4454.18,2285.0
2026-01-06 11:20:00,4454.18,4457.28,4452.7,4457.26,1843.0
2026-01-06 11:25:00,4457.25,4457.26,4454.25,4456.78,1168.0
2026-01-06 11:30:00,4456.77,4456.99,4455.48,4456.91,1251.0
2026-01-06 11:35:00,4456.9,4457.05,4455.18,4456.13,1333.0
2026-01-06 11:40:00,4456.13,4456.25,4453.95,4455.99,1225.0
2026-01-06 11:45:00,4455.99,4456.28,4445.55,4447.74,2815.0
2026-01-06 11:50:00,4447.74,4450.35,4444.82,4449.39,2293.0
2026-01-06 11:55:00,4449.42,4451.94,4446.3,4446.39,2213.0
2026-01-06 12:00:00,4446.39,4448.73,4442.6,4445.32,1837.0
2026-01-06 12:05:00,4445.32,4449.87,4445.21,4449.87,1598.0
2026-01-06 12:10:00,4449.88,4452.31,4448.86,4450.25,1633.0
2026-01-06 12:15:00,4450.25,4452.63,4449.92,4452.18,1218.0
2026-01-06 12:20:00,4452.17,4452.28,4448.72,4449.91,1201.0
2026-01-06 12:25:00,4449.91,4450.55,4448.71,4450.15,899.0
2026-01-06 12:30:00,4450.15,4453.48,4448.47,4451.42,1528.0
2026-01-06 12:35:00,4451.43,4455.98,4451.24,4454.0,1258.0
2026-01-06 12:40:00,4454.0,4454.48,4449.25,4451.11,1608.0
2026-01-06 12:45:00,4451.11,4451.93,4449.36,4451.15,1315.0
2026-01-06 12:50:00,4451.15,4451.73,4449.96,4451.49,1151.0
2026-01-06 12:55:00,4451.49,4453.2,4451.26,4451.75,1048.0
2026-01-06 13:00:00,4451.75,4453.09,4451.25,4452.28,1007.0
2026-01-06 13:05:00,4452.28,4452.4,4449.9,4451.45,1215.0
2026-01-06 13:10:00,4451.45,4452.4,4450.68,4450.72,889.0
2026-01-06 13:15:00,4450.72,4451.22,4448.71,4450.48,961.0
2026-01-06 13:20:00,4450.48,4453.75,4450.25,4453.65,1195.0
2026-01-06 13:25:00,4453.65,4455.85,4452.3,4455.57,1049.0
2026-01-06 13:30:00,4455.57,4460.78,4454.86,4460.51,1511.0
2026-01-06 13:35:00,4460.51,4462.44,4459.11,4459.47,2114.0
2026-01-06 13:40:00,4459.48,4462.17,4457.95,4462.17,1303.0
2026-01-06 13:45:00,4462.17,4462.36,4459.78,4460.48,1587.0
2026-01-06 13:50:00,4460.48,4463.08,4459.82,4462.64,1031.0
2026-01-06 13:55:00,4462.65,4464.52,4462.37,4463.32,1565.0
2026-01-06 14:00:00,4463.32,4464.7,4461.73,4461.94,1619.0
2026-01-06 14:05:00,4461.93,4464.35,4461.93,4463.36,1606.0
2026-01-06 14:10:00,4463.36,4463.64,4462.08,4462.12,964.0
2026-01-06 14:15:00,4462.12,4464.77,4461.75,4461.79,1356.0
2026-01-06 14:20:00,4461.79,4465.65,4461.64,4465.13,1584.0
2026-01-06 14:25:00,4465.14,4465.61,4463.29,4464.49,1402.0
2026-01-06 14:30:00,4464.49,4466.36,4460.8,4461.02,1977.0
2026-01-06 14:35:00,4461.01,4462.58,4459.76,4460.42,1670.0
2026-01-06 14:40:00,4460.42,4462.11,4458.76,4462.08,1522.0
2026-01-06 14:45:00,4462.08,4462.92,4460.26,4460.4,1259.0
2026-01-06 14:50:00,4460.4,4462.7,4459.62,4462.49,1376.0
2026-01-06 14:55:00,4462.49,4464.86,4462.03,4463.68,1227.0
2026-01-06 15:00:00,4463.68,4465.77,4459.64,4464.37,3722.0
2026-01-06 15:05:00,4464.37,4465.01,4461.12,4464.72,2047.0
2026-01-06 15:10:00,4464.72,4468.18,4464.54,4465.55,2273.0
2026-01-06 15:15:00,4465.61,4470.45,4465.21,4468.78,2433.0
2026-01-06 15:20:00,4468.79,4468.79,4459.55,4459.79,2959.0
2026-01-06 15:25:00,4459.8,4461.53,4457.57,4459.11,2577.0
2026-01-06 15:30:00,4459.11,4461.46,4455.77,4458.44,2904.0
2026-01-06 15:35:00,4458.44,4460.42,4455.85,4458.91,2660.0
2026-01-06 15:40:00,4458.91,4462.26,4458.9,4461.2,1964.0
2026-01-06 15:45:00,4461.23,4463.92,4456.82,4458.18,2187.0
2026-01-06 15:50:00,4458.19,4465.17,4454.2,4465.08,2692.0
2026-01-06 15:55:00,4465.08,4468.36,4465.06,4467.98,3029.0
2026-01-06 16:00:00,4467.98,4471.46,4467.44,4467.48,2848.0
2026-01-06 16:05:00,4467.48,4472.59,4466.33,4471.38,2321.0
2026-01-06 16:10:00,4471.38,4472.43,4469.68,4471.74,2512.0
2026-01-06 16:15:00,4471.74,4473.28,4466.88,4467.35,2547.0
2026-01-06 16:20:00,4467.35,4468.77,4464.49,4466.36,2240.0
2026-01-06 16:25:00,4466.36,4468.42,4465.06,4466.76,2026.0
2026-01-06 16:30:00,4466.76,4479.16,4465.24,4479.12,3805.0
2026-01-06 16:35:00,4479.12,4483.03,4476.74,4479.09,3783.0
2026-01-06 16:40:00,4479.1,4483.12,4476.28,4479.54,3666.0
2026-01-06 16:45:00,4479.54,4485.78,4479.45,4482.1,3548.0
2026-01-06 16:50:00,4482.13,4488.11,4480.12,4487.95,3195.0
2026-01-06 16:55:00,4487.95,4489.74,4486.15,4487.57,2858.0
2026-01-06 17:00:00,4487.53,4490.93,4483.23,4484.86,4207.0
2026-01-06 17:05:00,4484.86,4488.68,4482.15,4487.21,3466.0
2026-01-06 17:10:00,4487.21,4487.62,4479.13,4480.25,3491.0
2026-01-06 17:15:00,4480.25,4483.36,4474.51,4474.55,3066.0
2026-01-06 17:20:00,4474.57,4479.01,4473.87,4476.65,3356.0
2026-01-06 17:25:00,4476.65,4481.88,4476.21,4481.0,3033.0
2026-01-06 17:30:00,4481.0,4481.91,4466.47,4469.88,3974.0
2026-01-06 17:35:00,4469.88,4472.71,4463.08,4470.79,3691.0
2026-01-06 17:40:00,4470.79,4476.37,4470.49,4475.46,3401.0
2026-01-06 17:45:00,4475.46,4479.38,4471.63,4478.27,3123.0
2026-01-06 17:50:00,4478.27,4479.08,4474.59,4477.68,3158.0
2026-01-06 17:55:00,4477.69,4479.85,4473.02,4478.37,3482.0
2026-01-06 18:00:00,4478.37,4483.17,4476.92,4476.93,2787.0
2026-01-06 18:05:00,4476.94,4477.36,4471.63,4474.32,3268.0
2026-01-06 18:10:00,4474.32,4478.86,4473.07,4478.8,2924.0
2026-01-06 18:15:00,4478.8,4481.27,4477.67,4479.95,2731.0
2026-01-06 18:20:00,4479.95,4483.29,4479.8,4481.99,1890.0
2026-01-06 18:25:00,4481.98,4485.34,4481.98,4483.46,3129.0
2026-01-06 18:30:00,4483.43,4485.9,4482.46,4485.52,2751.0
2026-01-06 18:35:00,4485.52,4487.9,4483.69,4486.77,2837.0
2026-01-06 18:40:00,4486.77,4488.88,4484.55,4488.12,2773.0
2026-01-06 18:45:00,4488.12,4488.12,4484.47,4485.55,2156.0
2026-01-06 18:50:00,4485.55,4487.71,4484.36,4486.48,2456.0
2026-01-06 18:55:00,4486.47,4488.8,4484.65,4488.28,3224.0
2026-01-06 19:00:00,4488.28,4489.49,4484.42,4488.76,2279.0
2026-01-06 19:05:00,4488.76,4490.21,4486.02,4488.24,2551.0
2026-01-06 19:10:00,4488.23,4489.03,4486.41,4488.42,2400.0
2026-01-06 19:15:00,4488.42,4490.18,4487.54,4488.68,2085.0
2026-01-06 19:20:00,4488.68,4489.54,4487.22,4488.95,2294.0
2026-01-06 19:25:00,4488.95,4489.05,4485.97,4487.1,1667.0
2026-01-06 19:30:00,4487.1,4489.48,4486.45,4488.96,1839.0
2026-01-06 19:35:00,4488.96,4489.85,4485.62,4486.59,1674.0
2026-01-06 19:40:00,4486.59,4487.19,4481.67,4483.95,2227.0
2026-01-06 19:45:00,4483.96,4486.26,4483.43,4485.81,1826.0
2026-01-06 19:50:00,4485.81,4490.34,4484.48,4490.21,2108.0
2026-01-06 19:55:00,4490.17,4491.51,4488.48,4489.47,2128.0
2026-01-06 20:00:00,4489.47,4489.9,4486.17,4488.56,2483.0
2026-01-06 20:05:00,4488.56,4489.48,4487.5,4489.4,2015.0
2026-01-06 20:10:00,4489.39,4491.63,4489.31,4491.11,1912.0
2026-01-06 20:15:00,4491.11,4494.11,4490.43,4490.89,2112.0
2026-01-06 20:20:00,4490.89,4492.91,4487.65,4488.58,2014.0
2026-01-06 20:25:00,4488.58,4489.98,4484.4,4486.0,1927.0
2026-01-06 20:30:00,4486.0,4487.9,4482.23,4484.15,1928.0
2026-01-06 20:35:00,4484.15,4486.28,4483.58,4485.6,1685.0
2026-01-06 20:40:00,4485.6,4487.22,4484.98,4486.25,1874.0
2026-01-06 20:45:00,4486.25,4488.74,4486.22,4488.71,1357.0
2026-01-06 20:50:00,4488.71,4490.39,4487.27,4487.82,1648.0
2026-01-06 20:55:00,4487.82,4489.4,4487.44,4488.45,1294.0
2026-01-06 21:00:00,4488.45,4489.45,4485.14,4485.84,1900.0
2026-01-06 21:05:00,4485.84,4486.46,4482.94,4483.74,1937.0
2026-01-06 21:10:00,4483.75,4484.61,4482.01,4482.09,1727.0
2026-01-06 21:15:00,4482.09,4482.58,4477.44,4482.12,2408.0
2026-01-06 21:20:00,4482.12,4484.73,4481.4,4482.4,1892.0
2026-01-06 21:25:00,4482.4,4483.71,4480.88,4480.97,1657.0
2026-01-06 21:30:00,4480.97,4481.57,4477.84,4478.87,2009.0
2026-01-06 21:35:00,4478.87,4482.34,4478.01,4482.1,1367.0
2026-01-06 21:40:00,4482.1,4483.67,4481.28,4481.54,1459.0
2026-01-06 21:45:00,4481.54,4483.72,4481.42,4482.49,1611.0
2026-01-06 21:50:00,4482.49,4482.78,4479.21,4481.24,1846.0
2026-01-06 21:55:00,4481.24,4482.58,4480.3,4481.32,1892.0
2026-01-06 22:00:00,4481.32,4483.87,4480.37,4483.85,1661.0
2026-01-06 22:05:00,4483.85,4484.37,4481.83,4483.76,1355.0
2026-01-06 22:10:00,4483.76,4486.79,4482.92,4485.34,1398.0
2026-01-06 22:15:00,4485.34,4487.23,4485.17,4486.9,975.0
2026-01-06 22:20:00,4486.9,4487.63,4486.06,4486.28,1210.0
2026-01-06 22:25:00,4486.28,4487.52,4484.58,4485.52,1204.0
2026-01-06 22:30:00,4485.52,4485.64,4483.62,4485.15,4655.0
2026-01-06 22:35:00,4485.15,4487.44,4483.86,4486.64,1681.0
2026-01-06 22:40:00,4486.64,4490.12,4486.61,4489.73,1530.0
2026-01-06 22:45:00,4489.73,4491.32,4489.41,4489.85,1293.0
2026-01-06 22:50:00,4489.85,4490.33,4488.6,4490.31,1459.0
2026-01-06 22:55:00,4490.24,4496.89,4489.76,4493.74,2330.0
2026-01-06 23:00:00,4493.74,4494.38,4492.07,4493.04,802.0
2026-01-06 23:05:00,4493.04,4494.57,4492.33,4493.66,424.0
2026-01-06 23:10:00,4493.66,4493.98,4491.81,4491.96,368.0
2026-01-06 23:15:00,4491.92,4493.49,4491.89,4492.56,295.0
2026-01-06 23:20:00,4492.51,4493.71,4492.13,4493.07,260.0
2026-01-06 23:25:00,4493.07,4494.54,4492.54,4494.05,337.0
2026-01-06 23:30:00,4493.97,4495.48,4493.81,4495.39,307.0
2026-01-06 23:35:00,4495.39,4496.62,4494.97,4496.6,430.0
2026-01-06 23:40:00,4496.61,4496.88,4495.91,4496.1,325.0
2026-01-06 23:45:00,4496.09,4497.22,4495.74,4497.14,434.0
2026-01-06 23:50:00,4497.14,4497.16,4494.11,4494.99,464.0
2026-01-06 23:55:00,4494.99,4495.32,4493.84,4494.64,260.0
2026-01-07 01:00:00,4494.64,4498.79,4494.64,4498.33,383.0
2026-01-07 01:05:00,4498.41,4499.32,4498.11,4498.37,590.0
2026-01-07 01:10:00,4498.37,4498.63,4494.64,4497.44,1529.0
2026-01-07 01:15:00,4497.44,4499.12,4496.96,4498.64,1058.0
2026-01-07 01:20:00,4498.65,4499.98,4498.31,4499.78,1131.0
2026-01-07 01:25:00,4499.78,4500.42,4498.31,4498.44,808.0
2026-01-07 01:30:00,4498.44,4499.56,4497.85,4498.85,735.0
2026-01-07 01:35:00,4498.85,4499.4,4496.16,4496.4,755.0
2026-01-07 01:40:00,4496.41,4496.48,4494.96,4495.33,1168.0
2026-01-07 01:45:00,4495.33,4495.88,4493.14,4493.59,963.0
2026-01-07 01:50:00,4493.59,4496.28,4492.13,4496.0,1119.0
2026-01-07 01:55:00,4496.0,4496.29,4492.46,4493.36,1104.0
2026-01-07 02:00:00,4493.36,4494.08,4490.36,4493.05,1300.0
2026-01-07 02:05:00,4493.03,4493.08,4491.02,4492.17,728.0
2026-01-07 02:10:00,4492.17,4494.45,4492.13,4493.2,887.0
2026-01-07 02:15:00,4493.24,4493.57,4489.67,4490.51,877.0
2026-01-07 02:20:00,4490.51,4493.03,4490.28,4491.28,694.0
2026-01-07 02:25:00,4491.28,4491.82,4490.23,4491.09,779.0
2026-01-07 02:30:00,4491.09,4493.69,4490.22,4493.65,1294.0
2026-01-07 02:35:00,4493.66,4494.71,4488.09,4489.72,1712.0
2026-01-07 02:40:00,4489.72,4492.25,4488.73,4489.82,1700.0
2026-01-07 02:45:00,4489.82,4491.55,4487.8,4489.97,1468.0
2026-01-07 02:50:00,4489.97,4490.15,4482.47,4485.57,1359.0
2026-01-07 02:55:00,4485.57,4492.25,4485.21,4491.95,1707.0
2026-01-07 03:00:00,4491.94,4495.81,4480.44,4483.23,3482.0
2026-01-07 03:05:00,4483.22,4483.56,4472.08,4475.97,3388.0
2026-01-07 03:10:00,4475.97,4478.71,4469.27,4471.05,3430.0
2026-01-07 03:15:00,4471.07,4476.84,4470.92,4472.76,2881.0
2026-01-07 03:20:00,4472.76,4477.91,4471.19,4476.16,2983.0
2026-01-07 03:25:00,4476.16,4479.01,4473.57,4477.21,2755.0
2026-01-07 03:30:00,4477.21,4477.86,4466.45,4466.84,2974.0
2026-01-07 03:35:00,4466.72,4470.94,4464.86,4470.73,2767.0
2026-01-07 03:40:00,4470.73,4472.63,4467.49,4468.56,2873.0
2026-01-07 03:45:00,4468.56,4470.57,4465.11,4465.11,2541.0
2026-01-07 03:50:00,4465.1,4470.46,4465.04,4470.01,2104.0
2026-01-07 03:55:00,4470.01,4470.01,4461.8,4465.5,2599.0
2026-01-07 04:00:00,4465.5,4467.41,4459.69,4467.37,2994.0
2026-01-07 04:05:00,4467.37,4470.97,4466.17,4470.65,2857.0
2026-01-07 04:10:00,4470.65,4475.6,4470.31,4472.35,2957.0
2026-01-07 04:15:00,4472.35,4475.07,4471.17,4471.9,1607.0
2026-01-07 04:20:00,4471.9,4471.9,4469.31,4470.09,742.0
2026-01-07 04:25:00,4470.09,4475.03,4468.46,4473.88,1666.0
2026-01-07 04:30:00,4473.88,4477.98,4473.55,4475.18,2560.0
2026-01-07 04:35:00,4475.18,4478.11,4474.31,4476.84,1490.0
2026-01-07 04:40:00,4476.84,4478.53,4475.55,4475.85,1870.0
2026-01-07 04:45:00,4475.85,4477.51,4473.79,4477.12,1496.0
2026-01-07 04:50:00,4477.11,4478.68,4475.05,4478.23,2337.0
2026-01-07 04:55:00,4478.23,4478.73,4474.39,4474.69,2478.0
2026-01-07 05:00:00,4474.69,4476.82,4473.13,4475.43,2143.0
2026-01-07 05:05:00,4475.43,4476.37,4473.2,4475.98,2649.0
2026-01-07 05:10:00,4476.12,4477.08,4471.83,4474.72,2112.0
2026-01-07 05:15:00,4474.72,4480.21,4472.68,4479.82,2948.0
2026-01-07 05:20:00,4479.83,4480.23,4476.65,4479.21,2518.0
2026-01-07 05:25:00,4479.21,4479.55,4476.32,4476.43,2392.0
2026-01-07 05:30:00,4476.43,4477.8,4475.67,4476.66,1020.0
2026-01-07 05:35:00,4476.66,4478.82,4476.24,4477.62,1596.0
2026-01-07 05:40:00,4477.63,4478.76,4476.95,4478.37,1456.0
2026-01-07 05:45:00,4478.37,4478.45,4476.37,4476.89,2246.0
2026-01-07 05:50:00,4476.89,4477.26,4473.9,4476.0,1860.0
2026-01-07 05:55:00,4476.0,4476.67,4473.67,4474.75,1959.0
2026-01-07 06:00:00,4474.75,4476.1,4472.45,4473.1,1162.0
2026-01-07 06:05:00,4473.1,4473.76,4470.23,4471.43,1592.0
2026-01-07 06:10:00,4471.43,4472.52,4469.27,4470.39,1930.0
2026-01-07 06:15:00,4470.39,4472.0,4467.05,4468.65,1595.0
2026-01-07 06:20:00,4468.65,4470.77,4466.48,4469.25,1130.0
2026-01-07 06:25:00,4469.19,4471.13,4465.9,4466.19,1334.0
2026-01-07 06:30:00,4466.19,4467.51,4463.85,4467.44,1770.0
2026-01-07 06:35:00,4467.44,4468.58,4463.52,4463.52,1193.0
2026-01-07 06:40:00,4463.52,4468.45,4463.5,4465.32,1371.0
2026-01-07 06:45:00,4465.3,4466.96,4464.0,4466.36,1105.0
2026-01-07 06:50:00,4466.36,4467.2,4464.06,4464.73,1105.0
2026-01-07 06:55:00,4464.73,4465.54,4463.89,4464.8,1152.0
2026-01-07 07:00:00,4464.8,4465.24,4463.42,4463.95,1397.0
2026-01-07 07:05:00,4463.95,4467.07,4461.95,4466.49,1214.0
2026-01-07 07:10:00,4466.4,4467.0,4465.14,4465.89,1221.0
2026-01-07 07:15:00,4465.88,4469.46,4465.31,4468.12,1492.0
2026-01-07 07:20:00,4468.13,4469.85,4467.32,4469.76,1204.0
2026-01-07 07:25:00,4469.76,4470.47,4467.4,4468.66,1441.0
2026-01-07 07:30:00,4468.66,4469.27,4453.13,4453.83,3423.0
2026-01-07 07:35:00,4453.83,4457.16,4451.47,4453.07,2984.0
2026-01-07 07:40:00,4453.07,4454.03,4448.79,4452.4,3646.0
2026-01-07 07:45:00,4452.4,4452.56,4443.27,4447.98,2848.0
2026-01-07 07:50:00,4447.98,4449.95,4446.22,4447.71,2445.0
2026-01-07 07:55:00,4447.71,4454.57,4446.5,4454.33,2391.0
2026-01-07 08:00:00,4454.33,4457.15,4453.01,4456.67,2043.0
2026-01-07 08:05:00,4456.67,4459.17,4456.41,4457.8,1389.0
2026-01-07 08:10:00,4457.82,4459.07,4455.18,4456.31,1886.0
2026-01-07 08:15:00,4456.31,4460.11,4456.28,4459.12,1432.0
2026-01-07 08:20:00,4459.12,4460.45,4454.56,4455.19,1382.0
2026-01-07 08:25:00,4455.19,4456.6,4452.36,4455.22,1566.0
2026-01-07 08:30:00,4455.22,4455.64,4449.16,4451.22,2200.0
2026-01-07 08:35:00,4451.22,4451.24,4443.82,4450.64,2226.0
2026-01-07 08:40:00,4450.62,4452.23,4446.2,4446.65,2025.0
2026-01-07 08:45:00,4446.65,4448.79,4441.57,4446.24,2579.0
2026-01-07 08:50:00,4446.24,4450.98,4445.31,4446.11,2381.0
2026-01-07 08:55:00,4446.11,4446.45,4442.68,4444.24,1711.0
2026-01-07 09:00:00,4444.21,4447.96,4441.72,4447.91,2150.0
2026-01-07 09:05:00,4447.91,4449.63,4447.34,4449.1,1715.0
2026-01-07 09:10:00,4449.1,4450.95,4448.04,4450.28,1549.0
2026-01-07 09:15:00,4450.3,4451.47,4448.41,4451.05,1659.0
2026-01-07 09:20:00,4451.05,4453.01,4450.36,4451.68,1951.0
2026-01-07 09:25:00,4451.66,4455.0,4451.62,4454.89,1759.0
2026-01-07 09:30:00,4454.9,4456.04,4453.65,4455.53,1608.0
2026-01-07 09:35:00,4455.53,4459.92,4455.0,4459.01,1553.0
2026-01-07 09:40:00,4459.01,4460.07,4456.66,4458.92,1964.0
2026-01-07 09:45:00,4458.92,4464.44,4458.61,4462.13,1568.0
2026-01-07 09:50:00,4462.13,4465.05,4460.37,4463.44,1351.0
2026-01-07 09:55:00,4463.44,4463.46,4461.09,4461.24,1320.0
2026-01-07 10:00:00,4461.24,4463.66,4460.63,4463.56,1221.0
2026-01-07 10:05:00,4463.56,4465.85,4459.38,4465.72,1490.0
2026-01-07 10:10:00,4465.72,4466.48,4462.83,4465.85,726.0
2026-01-07 10:15:00,4465.8,4467.98,4464.77,4466.18,373.0
2026-01-07 10:20:00,4466.21,4468.47,4465.51,4466.59,371.0
2026-01-07 10:25:00,4466.58,4466.58,4463.55,4465.3,367.0
2026-01-07 10:30:00,4465.06,4467.88,4464.26,4467.31,383.0
2026-01-07 10:35:00,4467.02,4472.5,4466.47,4471.5,434.0
2026-01-07 10:40:00,4471.49,4474.71,4466.81,4466.87,440.0
2026-01-07 10:45:00,4466.88,4470.35,4465.44,4468.97,444.0
2026-01-07 10:50:00,4468.98,4470.67,4467.73,4468.5,351.0
2026-01-07 10:55:00,4468.54,4469.38,4466.79,4468.33,363.0
2026-01-07 11:00:00,4468.07,4468.74,4464.09,4465.41,433.0
2026-01-07 11:05:00,4465.41,4465.57,4459.73,4461.33,446.0
2026-01-07 11:10:00,4461.42,4466.57,4461.37,4466.02,420.0
2026-01-07 11:15:00,4465.9,4467.25,4464.12,4466.53,395.0
2026-01-07 11:20:00,4466.35,4466.35,4462.33,4464.05,378.0
2026-01-07 11:25:00,4464.08,4465.57,4461.87,4462.08,341.0
2026-01-07 11:30:00,4461.37,4464.17,4461.33,4463.09,393.0
2026-01-07 11:35:00,4463.1,4464.53,4462.41,4462.85,337.0
2026-01-07 11:40:00,4462.87,4463.88,4460.88,4461.51,372.0
2026-01-07 11:45:00,4461.45,4465.28,4460.15,4464.07,372.0
2026-01-07 11:50:00,4464.04,4465.61,4461.88,4465.39,379.0
2026-01-07 11:55:00,4465.25,4465.6,4462.8,4463.37,369.0
2026-01-07 12:00:00,4463.22,4464.03,4461.43,4463.61,334.0
2026-01-07 12:05:00,4463.6,4465.54,4462.81,4463.39,378.0
2026-01-07 12:10:00,4463.34,4465.08,4462.33,4464.82,368.0
2026-01-07 12:15:00,4464.8,4466.62,4464.77,4464.96,358.0
2026-01-07 12:20:00,4464.98,4465.28,4463.55,4464.39,341.0
2026-01-07 12:25:00,4464.36,4464.74,4458.79,4459.91,408.0
2026-01-07 12:30:00,4459.88,4464.61,4458.94,4463.67,425.0
2026-01-07 12:35:00,4464.06,4465.67,4463.54,4464.69,355.0
2026-01-07 12:40:00,4464.78,4467.41,4464.7,4466.1,360.0
2026-01-07 12:45:00,4466.08,4467.91,4465.67,4466.46,355.0
2026-01-07 12:50:00,4466.39,4467.23,4464.98,4465.12,308.0
2026-01-07 12:55:00,4465.14,4465.23,4463.85,4464.52,358.0
2026-01-07 13:00:00,4464.54,4464.93,4461.77,4464.22,365.0
2026-01-07 13:05:00,4464.15,4464.38,4461.2,4462.46,327.0
2026-01-07 13:10:00,4462.47,4463.27,4461.24,4461.88,298.0
2026-01-07 13:15:00,4461.78,4464.26,4460.34,4462.62,344.0
2026-01-07 13:20:00,4462.7,4462.73,4459.56,4459.61,333.0
2026-01-07 13:25:00,4459.59,4460.1,4455.49,4459.02,390.0
2026-01-07 13:30:00,4459.2,4460.08,4454.92,4454.95,335.0
2026-01-07 13:35:00,4454.97,4455.65,4450.48,4451.88,427.0
2026-01-07 13:40:00,4451.67,4454.35,4450.51,4450.51,365.0
2026-01-07 13:45:00,4450.5,4452.22,4449.13,4450.8,433.0
2026-01-07 13:50:00,4450.63,4454.63,4449.6,4454.03,665.0
2026-01-07 13:55:00,4454.03,4454.03,4446.51,4447.4,1807.0
2026-01-07 14:00:00,4447.43,4450.36,4445.95,4448.32,1838.0
2026-01-07 14:05:00,4448.32,4449.16,4445.29,4446.3,1716.0
2026-01-07 14:10:00,4446.3,4446.44,4443.57,4445.73,1702.0
2026-01-07 14:15:00,4445.72,4448.14,4440.34,4442.29,1870.0
2026-01-07 14:20:00,4442.31,4447.8,4439.37,4447.45,2164.0
2026-01-07 14:25:00,4447.45,4450.52,4443.74,4450.14,2929.0
2026-01-07 14:30:00,4450.14,4454.64,4449.44,4453.34,2555.0
2026-01-07 14:35:00,4453.34,4455.04,4451.37,4451.64,1723.0
2026-01-07 14:40:00,4451.64,4453.96,4449.96,4449.96,1408.0
2026-01-07 14:45:00,4450.02,4453.81,4449.47,4453.37,1371.0
2026-01-07 14:50:00,4453.37,4453.83,4448.45,4448.45,2109.0
2026-01-07 14:55:00,4448.45,4448.93,4445.1,4445.14,1902.0
2026-01-07 15:00:00,4445.14,4449.99,4443.57,4445.75,3249.0
2026-01-07 15:05:00,4445.75,4446.84,4429.16,4430.01,3736.0
2026-01-07 15:10:00,4429.99,4436.2,4427.91,4433.07,3243.0
2026-01-07 15:15:00,4433.07,4439.14,4430.13,4433.97,3514.0
2026-01-07 15:20:00,4433.97,4443.58,4432.8,4442.22,3156.0
2026-01-07 15:25:00,4442.22,4447.26,4440.68,4442.11,3296.0
2026-01-07 15:30:00,4442.1,4446.89,4441.1,4443.41,3586.0
2026-01-07 15:35:00,4443.41,4444.58,4438.2,4443.55,3854.0
2026-01-07 15:40:00,4443.56,4450.73,4441.23,4445.46,3116.0
2026-01-07 15:45:00,4445.46,4449.99,4444.75,4447.21,2366.0
2026-01-07 15:50:00,4447.21,4452.26,4446.09,4448.87,2511.0
2026-01-07 15:55:00,4448.84,4453.1,4447.11,4452.89,2896.0
2026-01-07 16:00:00,4452.89,4454.34,4449.8,4452.72,2722.0
2026-01-07 16:05:00,4452.72,4453.97,4448.5,4448.69,2967.0
2026-01-07 16:10:00,4448.67,4451.77,4447.15,4447.21,2727.0
2026-01-07 16:15:00,4447.2,4453.55,4446.98,4449.85,2872.0
2026-01-07 16:20:00,4449.86,4449.86,4443.08,4445.49,2920.0
2026-01-07 16:25:00,4445.49,4446.44,4442.79,4444.65,2395.0
2026-01-07 16:30:00,4444.65,4450.39,4440.75,4449.47,4134.0
2026-01-07 16:35:00,4449.39,4452.28,4435.79,4441.08,4062.0
2026-01-07 16:40:00,4441.04,4445.98,4439.68,4444.22,3924.0
2026-01-07 16:45:00,4444.2,4447.31,4440.87,4442.81,3929.0
2026-01-07 16:50:00,4442.83,4450.08,4440.87,4446.71,3623.0
2026-01-07 16:55:00,4446.71,4453.02,4444.66,4444.99,3042.0
2026-01-07 17:00:00,4444.99,4444.99,4437.93,4441.45,3572.0
2026-01-07 17:05:00,4441.45,4444.59,4439.91,4441.46,3492.0
2026-01-07 17:10:00,4441.46,4442.47,4426.52,4426.71,3667.0
2026-01-07 17:15:00,4426.74,4430.0,4423.48,4424.88,3450.0
2026-01-07 17:20:00,4424.88,4432.77,4424.81,4430.68,3204.0
2026-01-07 17:25:00,4430.68,4442.46,4430.68,4442.15,3380.0
2026-01-07 17:30:00,4442.18,4449.99,4442.11,4448.68,4023.0
2026-01-07 17:35:00,4448.71,4452.25,4445.53,4448.49,3694.0
2026-01-07 17:40:00,4448.51,4449.35,4441.99,4442.15,3304.0
2026-01-07 17:45:00,4442.14,4446.57,4440.57,4446.26,2626.0
2026-01-07 17:50:00,4446.25,4448.03,4442.49,4442.98,2848.0
2026-01-07 17:55:00,4442.98,4446.24,4441.88,4446.08,2696.0
2026-01-07 18:00:00,4446.07,4449.47,4445.32,4446.41,2831.0
2026-01-07 18:05:00,4446.41,4448.17,4443.86,4447.4,2571.0
2026-01-07 18:10:00,4447.4,4450.37,4445.98,4447.1,2272.0
2026-01-07 18:15:00,4447.13,4448.13,4444.62,4447.98,1702.0
2026-01-07 18:20:00,4447.98,4461.14,4447.18,4458.85,2881.0
2026-01-07 18:25:00,4458.85,4460.36,4455.8,4457.92,2851.0
2026-01-07 18:30:00,4457.92,4465.04,4456.9,4464.71,2733.0
2026-01-07 18:35:00,4464.77,4465.27,4458.98,4462.95,2807.0
2026-01-07 18:40:00,4462.95,4468.09,4460.77,4467.71,3254.0
2026-01-07 18:45:00,4467.71,4468.29,4463.8,4467.32,2820.0
2026-01-07 18:50:00,4467.32,4467.87,4463.83,4464.71,2454.0
2026-01-07 18:55:00,4464.73,4464.94,4461.94,4464.13,2058.0
2026-01-07 19:00:00,4464.15,4465.42,4459.74,4463.09,1699.0
2026-01-07 19:05:00,4463.04,4464.14,4460.24,4460.53,1396.0
2026-01-07 19:10:00,4460.52,4461.15,4457.76,4460.16,1254.0
2026-01-07 19:15:00,4460.17,4463.02,4459.02,4461.59,1197.0
2026-01-07 19:20:00,4461.59,4461.85,4459.55,4460.0,1106.0
2026-01-07 19:25:00,4460.0,4460.12,4457.14,4458.43,1323.0
2026-01-07 19:30:00,4458.43,4461.41,4458.1,4459.45,1446.0
2026-01-07 19:35:00,4459.45,4460.47,4456.12,4458.89,1397.0
2026-01-07 19:40:00,4458.89,4459.65,4455.92,4456.9,1426.0
2026-01-07 19:45:00,4456.9,4459.37,4456.55,4457.07,1580.0
2026-01-07 19:50:00,4457.07,4457.07,4452.03,4454.69,2116.0
2026-01-07 19:55:00,4454.69,4454.86,4449.74,4452.01,2156.0
2026-01-07 20:00:00,4452.01,4452.98,4448.18,4450.59,2034.0
2026-01-07 20:05:00,4450.59,4452.66,4448.03,4450.21,2199.0
2026-01-07 20:10:00,4450.21,4452.89,4448.66,4449.9,2023.0
2026-01-07 20:15:00,4449.9,4451.09,4447.23,4450.27,1949.0
2026-01-07 20:20:00,4450.27,4453.69,4449.71,4452.07,2459.0
2026-01-07 20:25:00,4452.1,4455.86,4451.36,4452.13,2499.0
2026-01-07 20:30:00,4452.13,4456.38,4451.73,4456.08,1989.0
2026-01-07 20:35:00,4456.12,4458.88,4454.31,4458.48,1909.0
2026-01-07 20:40:00,4458.48,4458.62,4455.77,4456.24,1493.0
2026-01-07 20:45:00,4456.25,4456.51,4454.12,4454.15,1926.0
2026-01-07 20:50:00,4454.15,4454.42,4450.4,4452.44,1940.0
2026-01-07 20:55:00,4452.44,4452.93,4450.65,4452.1,1888.0
2026-01-07 21:00:00,4452.1,4455.37,4450.67,4455.05,1462.0
2026-01-07 21:05:00,4455.02,4455.43,4449.57,4450.47,1643.0
2026-01-07 21:10:00,4450.47,4451.41,4447.88,4449.65,2641.0
2026-01-07 21:15:00,4449.65,4449.74,4445.42,4448.17,2462.0
2026-01-07 21:20:00,4448.14,4449.12,4447.39,4448.63,1558.0
2026-01-07 21:25:00,4448.63,4451.12,4446.64,4450.64,1355.0
2026-01-07 21:30:00,4450.64,4457.28,4450.51,4455.54,1748.0
2026-01-07 21:35:00,4455.54,4457.1,4454.31,4455.03,1435.0
2026-01-07 21:40:00,4455.03,4455.56,4452.72,4453.29,948.0
2026-01-07 21:45:00,4453.33,4453.87,4452.05,4453.12,1353.0
2026-01-07 21:50:00,4453.12,4457.78,4452.42,4457.63,1488.0
2026-01-07 21:55:00,4457.63,4458.07,4456.57,4456.98,1957.0
2026-01-07 22:00:00,4456.98,4459.47,4456.95,4458.55,1639.0
2026-01-07 22:05:00,4458.55,4459.52,4455.62,4455.71,2011.0
2026-01-07 22:10:00,4455.71,4459.44,4455.37,4458.31,2399.0
2026-01-07 22:15:00,4458.31,4461.55,4457.15,4459.74,2234.0
2026-01-07 22:20:00,4459.74,4461.09,4458.66,4459.05,1104.0
2026-01-07 22:25:00,4459.05,4459.12,4455.91,4458.09,1370.0
2026-01-07 22:30:00,4458.09,4460.36,4457.18,4458.54,3206.0
2026-01-07 22:35:00,4458.31,4459.17,4456.25,4456.57,4300.0
2026-01-07 22:40:00,4456.57,4460.09,4456.54,4456.68,4244.0
2026-01-07 22:45:00,4456.68,4459.18,4456.28,4458.31,4427.0
2026-01-07 22:50:00,4458.39,4459.81,4457.79,4458.68,2432.0
2026-01-07 22:55:00,4458.68,4458.79,4450.54,4452.07,2224.0
2026-01-07 23:00:00,4452.09,4454.65,4449.74,4453.39,843.0
2026-01-07 23:05:00,4453.39,4453.64,4452.12,4452.91,519.0
2026-01-07 23:10:00,4452.91,4454.49,4452.83,4453.88,417.0
2026-01-07 23:15:00,4453.88,4454.53,4453.46,4453.89,359.0
2026-01-07 23:20:00,4453.89,4455.16,4453.07,4453.5,428.0
2026-01-07 23:25:00,4453.5,4453.67,4451.81,4452.41,347.0
2026-01-07 23:30:00,4452.33,4453.61,4452.11,4452.83,369.0
2026-01-07 23:35:00,4452.83,4454.16,4452.28,4453.98,275.0
2026-01-07 23:40:00,4453.98,4454.42,4452.99,4453.15,369.0
2026-01-07 23:45:00,4453.15,4453.96,4452.82,4452.93,370.0
2026-01-07 23:50:00,4452.93,4455.98,4452.65,4455.77,468.0
2026-01-07 23:55:00,4455.73,4456.43,4454.64,4456.15,265.0
2026-01-08 01:00:00,4456.15,4462.57,4456.15,4462.03,477.0
2026-01-08 01:05:00,4462.12,4462.68,4459.79,4459.86,497.0
2026-01-08 01:10:00,4459.86,4460.44,4458.52,4459.77,599.0
2026-01-08 01:15:00,4459.77,4461.91,4459.17,4461.9,639.0
2026-01-08 01:20:00,4461.9,4463.01,4460.53,4461.92,875.0
2026-01-08 01:25:00,4461.92,4463.94,4461.72,4461.97,718.0
2026-01-08 01:30:00,4461.97,4462.81,4459.87,4461.38,730.0
2026-01-08 01:35:00,4461.38,4462.88,4460.51,4461.31,550.0
2026-01-08 01:40:00,4461.31,4462.4,4460.82,4461.68,536.0
2026-01-08 01:45:00,4461.68,4462.92,4459.85,4461.22,892.0
2026-01-08 01:50:00,4461.22,4462.68,4460.85,4461.73,852.0
2026-01-08 01:55:00,4461.73,4463.8,4461.5,4463.42,722.0
2026-01-08 02:00:00,4463.38,4465.94,4462.91,4463.87,1038.0
2026-01-08 02:05:00,4463.88,4465.53,4462.51,4465.21,860.0
2026-01-08 02:10:00,4465.21,4465.8,4464.57,4465.61,733.0
2026-01-08 02:15:00,4465.59,4466.37,4464.01,4464.12,500.0
2026-01-08 02:20:00,4464.12,4464.12,4458.45,4458.56,700.0
2026-01-08 02:25:00,4458.53,4458.55,4454.17,4457.01,1231.0
2026-01-08 02:30:00,4457.01,4459.08,4455.82,4457.93,910.0
2026-01-08 02:35:00,4457.95,4457.95,4451.64,4454.06,1874.0
2026-01-08 02:40:00,4454.06,4454.85,4450.33,4451.47,1747.0
2026-01-08 02:45:00,4451.47,4451.65,4447.15,4447.33,2526.0
2026-01-08 02:50:00,4447.34,4451.31,4446.73,4450.83,2364.0
2026-01-08 02:55:00,4450.83,4452.39,4450.21,4450.25,1678.0
2026-01-08 03:00:00,4450.25,4454.94,4444.61,4451.77,3181.0
2026-01-08 03:05:00,4451.77,4459.7,4451.76,4459.26,2740.0
2026-01-08 03:10:00,4459.28,4460.26,4455.51,4457.17,2442.0
2026-01-08 03:15:00,4457.17,4458.84,4454.72,4458.34,2427.0
2026-01-08 03:20:00,4458.35,4460.39,4457.05,4457.41,2013.0
2026-01-08 03:25:00,4457.42,4458.41,4454.39,4455.02,2456.0
2026-01-08 03:30:00,4455.02,4457.54,4450.77,4452.11,2277.0
2026-01-08 03:35:00,4452.11,4455.89,4450.8,4455.69,2726.0
2026-01-08 03:40:00,4455.69,4456.27,4446.04,4447.56,2481.0
2026-01-08 03:45:00,4447.56,4448.49,4443.23,4447.72,2482.0
2026-01-08 03:50:00,4447.72,4447.76,4444.18,4444.38,1890.0
2026-01-08 03:55:00,4444.37,4448.53,4441.8,4448.53,1884.0
2026-01-08 04:00:00,4448.53,4449.68,4442.19,4443.14,1993.0
2026-01-08 04:05:00,4443.14,4448.53,4440.27,4447.62,2253.0
2026-01-08 04:10:00,4447.63,4448.61,4445.93,4446.64,1600.0
2026-01-08 04:15:00,4446.64,4446.71,4442.72,4443.26,1628.0
2026-01-08 04:20:00,4443.25,4443.57,4441.04,4442.43,2249.0
2026-01-08 04:25:00,4442.42,4444.03,4440.87,4441.18,1815.0
2026-01-08 04:30:00,4441.18,4441.18,4435.7,4436.93,3508.0
2026-01-08 04:35:00,4436.91,4440.24,4433.46,4438.98,4035.0
2026-01-08 04:40:00,4438.98,4442.78,4438.27,4441.89,2602.0
2026-01-08 04:45:00,4441.89,4444.17,4437.41,4437.77,2723.0
2026-01-08 04:50:00,4437.77,4443.45,4437.65,4441.44,2351.0
2026-01-08 04:55:00,4441.44,4443.92,4438.6,4441.23,2688.0
2026-01-08 05:00:00,4441.21,4442.82,4439.14,4441.41,1843.0
2026-01-08 05:05:00,4441.55,4444.09,4438.84,4442.5,3180.0
2026-01-08 05:10:00,4442.5,4445.69,4440.98,4442.71,2784.0
2026-01-08 05:15:00,4442.69,4442.74,4437.34,4441.33,2932.0
2026-01-08 05:20:00,4441.31,4444.78,4440.95,4443.53,3028.0
2026-01-08 05:25:00,4443.51,4445.72,4443.23,4444.17,3082.0
2026-01-08 05:30:00,4444.17,4446.48,4443.41,4443.44,2064.0
2026-01-08 05:35:00,4443.44,4443.45,4440.07,4440.9,769.0
2026-01-08 05:40:00,4440.9,4442.3,4440.7,4442.03,1145.0
2026-01-08 05:45:00,4442.03,4442.9,4440.97,4442.14,1346.0
2026-01-08 05:50:00,4442.13,4442.69,4439.54,4440.08,2010.0
2026-01-08 05:55:00,4440.08,4441.26,4438.15,4440.33,1421.0
2026-01-08 06:00:00,4440.33,4440.35,4437.26,4438.11,1258.0
2026-01-08 06:05:00,4438.11,4438.97,4436.8,4438.52,1233.0
2026-01-08 06:10:00,4438.52,4440.37,4437.96,4440.22,940.0
2026-01-08 06:15:00,4440.22,4440.5,4439.31,4440.31,865.0
2026-01-08 06:20:00,4440.31,4440.31,4436.93,4437.16,1075.0
2026-01-08 06:25:00,4437.15,4439.53,4436.64,4436.69,1314.0
2026-01-08 06:30:00,4436.69,4438.79,4435.5,4438.38,849.0
2026-01-08 06:35:00,4438.38,4438.38,4434.45,4434.65,977.0
2026-01-08 06:40:00,4434.65,4435.49,4431.97,4432.05,1594.0
2026-01-08 06:45:00,4432.05,4432.64,4430.39,4431.27,1486.0
2026-01-08 06:50:00,4431.27,4433.27,4430.21,4432.74,1267.0
2026-01-08 06:55:00,4432.74,4432.79,4430.6,4431.49,1210.0
2026-01-08 07:00:00,4431.49,4432.35,4430.12,4430.22,1608.0
2026-01-08 07:05:00,4430.22,4430.23,4427.02,4427.8,2415.0
2026-01-08 07:10:00,4427.8,4428.87,4425.79,4427.26,2285.0
2026-01-08 07:15:00,4427.26,4428.02,4422.89,4426.43,1614.0
2026-01-08 07:20:00,4426.43,4429.6,4425.68,4428.62,1720.0
2026-01-08 07:25:00,4428.62,4428.7,4423.91,4426.13,1867.0
2026-01-08 07:30:00,4426.13,4426.81,4419.27,4423.17,3922.0
2026-01-08 07:35:00,4423.17,4426.15,4420.45,4424.58,3935.0
2026-01-08 07:40:00,4424.58,4426.45,4415.67,4418.62,3132.0
2026-01-08 07:45:00,4418.62,4422.95,4415.78,4421.02,3406.0
2026-01-08 07:50:00,4421.02,4422.29,4417.98,4418.86,2803.0
2026-01-08 07:55:00,4418.87,4427.88,4418.87,4425.5,2952.0
2026-01-08 08:00:00,4425.49,4429.4,4418.2,4418.64,2945.0
2026-01-08 08:05:00,4418.64,4421.68,4416.01,4419.51,2823.0
2026-01-08 08:10:00,4419.46,4422.76,4418.8,4421.01,2934.0
2026-01-08 08:15:00,4420.97,4424.48,4418.51,4421.69,3417.0
2026-01-08 08:20:00,4421.69,4425.71,4419.46,4425.17,2875.0
2026-01-08 08:25:00,4425.17,4428.33,4425.08,4426.1,1830.0
2026-01-08 08:30:00,4426.12,4435.13,4426.12,4431.65,2792.0
2026-01-08 08:35:00,4431.65,4437.74,4431.65,4434.84,2597.0
2026-01-08 08:40:00,4434.84,4436.55,4433.9,4435.77,2016.0
2026-01-08 08:45:00,4435.77,4436.19,4429.96,4433.63,2871.0
2026-01-08 08:50:00,4433.64,4435.52,4432.18,4435.14,3186.0
2026-01-08 08:55:00,4435.17,4436.02,4433.12,4433.3,3378.0
2026-01-08 09:00:00,4433.31,4435.96,4432.13,4432.68,2094.0
2026-01-08 09:05:00,4432.68,4439.34,4432.24,4437.74,2261.0
2026-01-08 09:10:00,4437.74,4439.75,4435.67,4435.97,1712.0
2026-01-08 09:15:00,4435.97,4436.0,4432.81,4434.55,1639.0
2026-01-08 09:20:00,4434.54,4435.85,4432.04,4433.73,1498.0
2026-01-08 09:25:00,4433.73,4437.03,4430.78,4436.57,1723.0
2026-01-08 09:30:00,4436.58,4436.78,4432.28,4434.07,1136.0
2026-01-08 09:35:00,4434.07,4435.41,4432.7,4432.82,1107.0
2026-01-08 09:40:00,4432.82,4434.8,4431.02,4431.44,1203.0
2026-01-08 09:45:00,4431.44,4432.48,4428.48,4429.56,1436.0
2026-01-08 09:50:00,4429.56,4433.0,4428.71,4432.77,1431.0
2026-01-08 09:55:00,4432.77,4433.98,4430.77,4430.96,2280.0
2026-01-08 10:00:00,4430.96,4431.77,4425.81,4425.81,2264.0
2026-01-08 10:05:00,4425.75,4432.48,4425.63,4432.44,2369.0
2026-01-08 10:10:00,4432.44,4433.4,4425.73,4425.81,2029.0
2026-01-08 10:15:00,4425.81,4430.75,4425.34,4429.0,1845.0
2026-01-08 10:20:00,4429.0,4430.76,4427.21,4427.22,1350.0
2026-01-08 10:25:00,4427.22,4430.28,4426.49,4426.89,1516.0
2026-01-08 10:30:00,4426.89,4428.69,4423.36,4424.34,1849.0
2026-01-08 10:35:00,4424.32,4424.56,4420.77,4421.11,2387.0
2026-01-08 10:40:00,4421.13,4423.96,4419.87,4421.12,1873.0
2026-01-08 10:45:00,4421.29,4424.28,4420.99,4424.2,2281.0
2026-01-08 10:50:00,4424.2,4428.44,4422.49,4427.66,2420.0
2026-01-08 10:55:00,4427.66,4432.95,4425.95,4431.65,2806.0
2026-01-08 11:00:00,4431.67,4435.4,4431.1,4431.43,2090.0
2026-01-08 11:05:00,4431.42,4434.56,4430.92,4432.88,1588.0
2026-01-08 11:10:00,4432.88,4435.06,4430.56,4430.95,1605.0
2026-01-08 11:15:00,4430.95,4431.33,4426.08,4426.68,1907.0
2026-01-08 11:20:00,4426.51,4429.24,4426.11,4427.6,1933.0
2026-01-08 11:25:00,4427.6,4431.16,4427.56,4430.37,1980.0
2026-01-08 11:30:00,4430.37,4434.89,4429.88,4434.47,1985.0
2026-01-08 11:35:00,4434.46,4434.53,4431.88,4432.6,1588.0
2026-01-08 11:40:00,4432.6,4434.7,4432.58,4433.22,1447.0
2026-01-08 11:45:00,4433.21,4433.31,4429.07,4430.96,1594.0
2026-01-08 11:50:00,4430.96,4432.31,4430.28,4431.77,1495.0
2026-01-08 11:55:00,4431.77,4433.48,4431.63,4432.65,1235.0
2026-01-08 12:00:00,4432.64,4432.74,4430.11,4430.19,1414.0
2026-01-08 12:05:00,4430.19,4430.26,4427.95,4428.71,1491.0
2026-01-08 12:10:00,4428.71,4430.0,4427.71,4429.35,1616.0
2026-01-08 12:15:00,4429.35,4430.68,4424.31,4424.39,1865.0
2026-01-08 12:20:00,4424.39,4426.61,4423.06,4425.96,1559.0
2026-01-08 12:25:00,4425.96,4427.48,4423.79,4424.65,1428.0
2026-01-08 12:30:00,4424.65,4431.71,4423.71,4431.32,1534.0
2026-01-08 12:35:00,4431.33,4433.52,4430.48,4432.2,1084.0
2026-01-08 12:40:00,4432.2,4434.88,4431.99,4432.61,959.0
2026-01-08 12:45:00,4432.61,4433.12,4430.92,4431.32,1010.0
2026-01-08 12:50:00,4431.32,4432.28,4430.55,4431.08,1005.0
2026-01-08 12:55:00,4431.08,4433.92,4429.95,4433.29,1327.0
2026-01-08 13:00:00,4433.26,4433.26,4430.94,4432.14,866.0
2026-01-08 13:05:00,4432.14,4432.62,4429.15,4429.2,986.0
2026-01-08 13:10:00,4429.2,4430.39,4427.55,4428.32,1235.0
2026-01-08 13:15:00,4428.31,4429.56,4427.05,4428.81,1437.0
2026-01-08 13:20:00,4428.81,4429.05,4425.67,4425.77,1738.0
2026-01-08 13:25:00,4425.87,4428.06,4424.75,4426.42,1865.0
2026-01-08 13:30:00,4426.41,4427.51,4424.73,4425.03,1221.0
2026-01-08 13:35:00,4425.03,4427.3,4424.81,4427.3,1070.0
2026-01-08 13:40:00,4427.29,4428.12,4426.23,4426.46,1453.0
2026-01-08 13:45:00,4426.46,4427.29,4422.26,4424.75,1572.0
2026-01-08 13:50:00,4424.75,4425.53,4423.31,4423.93,1285.0
2026-01-08 13:55:00,4423.93,4425.34,4422.17,4422.84,1297.0
2026-01-08 14:00:00,4422.86,4422.97,4415.32,4416.98,2604.0
2026-01-08 14:05:00,4417.0,4419.09,4412.34,4418.48,2788.0
2026-01-08 14:10:00,4418.48,4419.5,4411.98,4412.36,2731.0
2026-01-08 14:15:00,4412.37,4414.43,4407.73,4413.89,3041.0
2026-01-08 14:20:00,4413.86,4416.57,4413.45,4415.49,1784.0
2026-01-08 14:25:00,4415.49,4422.4,4413.15,4420.53,2274.0
2026-01-08 14:30:00,4420.53,4426.16,4420.16,4424.02,2002.0
2026-01-08 14:35:00,4424.07,4428.76,4422.17,4428.14,2262.0
2026-01-08 14:40:00,4428.14,4431.34,4427.07,4429.05,2270.0
2026-01-08 14:45:00,4429.03,4430.35,4426.67,4428.53,2101.0
2026-01-08 14:50:00,4428.51,4430.26,4426.74,4427.25,1914.0
2026-01-08 14:55:00,4427.29,4428.85,4426.21,4427.73,1768.0
2026-01-08 15:00:00,4427.73,4429.75,4423.32,4423.81,3140.0
2026-01-08 15:05:00,4423.81,4424.02,4418.21,4418.68,3326.0
2026-01-08 15:10:00,4418.68,4420.92,4417.32,4420.51,2773.0
2026-01-08 15:15:00,4420.51,4427.55,4420.41,4425.77,2555.0
2026-01-08 15:20:00,4425.77,4433.13,4425.77,4432.23,2810.0
2026-01-08 15:25:00,4432.23,4436.03,4430.64,4434.51,2032.0
2026-01-08 15:30:00,4434.51,4434.77,4426.02,4427.03,2218.0
2026-01-08 15:35:00,4427.03,4432.09,4427.02,4429.03,2206.0
2026-01-08 15:40:00,4429.03,4435.63,4426.09,4433.36,2885.0
2026-01-08 15:45:00,4433.36,4433.93,4429.7,4429.72,2424.0
2026-01-08 15:50:00,4429.72,4431.38,4424.92,4425.04,2958.0
2026-01-08 15:55:00,4425.04,4425.71,4421.8,4423.8,3029.0
2026-01-08 16:00:00,4423.8,4428.03,4421.0,4424.39,2861.0
2026-01-08 16:05:00,4424.42,4427.07,4419.16,4423.76,3013.0
2026-01-08 16:10:00,4423.76,4428.05,4422.22,4423.48,2675.0
2026-01-08 16:15:00,4423.48,4427.78,4419.51,4427.37,2368.0
2026-01-08 16:20:00,4427.37,4429.16,4420.6,4429.01,1921.0
2026-01-08 16:25:00,4429.0,4430.18,4426.58,4427.81,2264.0
2026-01-08 16:30:00,4427.75,4433.31,4421.87,4430.69,4728.0
2026-01-08 16:35:00,4430.69,4435.46,4429.12,4429.39,4276.0
2026-01-08 16:40:00,4429.4,4432.24,4425.06,4426.02,4699.0
2026-01-08 16:45:00,4426.02,4437.75,4425.88,4436.57,4652.0
2026-01-08 16:50:00,4436.57,4439.39,4431.06,4434.97,4429.0
2026-01-08 16:55:00,4434.99,4437.21,4432.57,4433.0,3493.0
2026-01-08 17:00:00,4433.0,4434.62,4427.85,4434.6,3473.0
2026-01-08 17:05:00,4434.6,4444.85,4434.23,4444.69,3990.0
2026-01-08 17:10:00,4444.75,4449.15,4443.86,4447.98,3737.0
2026-01-08 17:15:00,4447.99,4453.98,4446.42,4447.23,3883.0
2026-01-08 17:20:00,4447.23,4451.06,4443.87,4447.16,3356.0
2026-01-08 17:25:00,4447.16,4448.63,4443.39,4447.65,3087.0
2026-01-08 17:30:00,4447.65,4453.23,4446.76,4450.96,3266.0
2026-01-08 17:35:00,4450.96,4452.03,4446.85,4450.01,2973.0
2026-01-08 17:40:00,4450.03,4455.43,4450.0,4453.06,3745.0
2026-01-08 17:45:00,4453.14,4455.55,4449.85,4454.66,2997.0
2026-01-08 17:50:00,4454.66,4456.43,4448.13,4448.35,2611.0
2026-01-08 17:55:00,4448.37,4455.65,4447.7,4454.11,3079.0
2026-01-08 18:00:00,4454.11,4457.93,4452.44,4453.66,3146.0
2026-01-08 18:05:00,4453.66,4454.48,4451.18,4451.63,2602.0
2026-01-08 18:10:00,4451.68,4453.15,4447.22,4447.26,2765.0
2026-01-08 18:15:00,4447.28,4452.1,4446.98,4450.5,2656.0
2026-01-08 18:20:00,4450.59,4453.85,4450.51,4452.42,2457.0
2026-01-08 18:25:00,4452.42,4455.12,4451.59,4453.6,2609.0
2026-01-08 18:30:00,4453.58,4461.82,4451.91,4461.06,2483.0
2026-01-08 18:35:00,4461.04,4464.35,4458.35,4463.08,2856.0
2026-01-08 18:40:00,4463.07,4464.49,4459.84,4460.8,2943.0
2026-01-08 18:45:00,4460.81,4461.03,4457.78,4458.27,2413.0
2026-01-08 18:50:00,4458.27,4461.35,4458.27,4461.33,1714.0
2026-01-08 18:55:00,4461.33,4464.34,4460.4,4463.26,2053.0
2026-01-08 19:00:00,4463.28,4465.39,4460.26,4461.92,2446.0
2026-01-08 19:05:00,4461.92,4461.92,4458.14,4458.88,1767.0
2026-01-08 19:10:00,4458.88,4461.78,4458.54,4460.05,1781.0
2026-01-08 19:15:00,4460.01,4461.47,4457.65,4461.12,1887.0
2026-01-08 19:20:00,4461.11,4461.47,4458.9,4461.39,1866.0
2026-01-08 19:25:00,4461.39,4462.34,4459.36,4461.66,1856.0
2026-01-08 19:30:00,4461.67,4463.52,4459.87,4460.22,2031.0
2026-01-08 19:35:00,4460.22,4461.9,4458.91,4461.8,1342.0
2026-01-08 19:40:00,4461.78,4462.66,4461.06,4461.38,1122.0
2026-01-08 19:45:00,4461.38,4462.12,4459.21,4459.91,1476.0
2026-01-08 19:50:00,4459.9,4463.68,4459.9,4462.69,1626.0
2026-01-08 19:55:00,4462.69,4464.05,4461.76,4463.37,1606.0
2026-01-08 20:00:00,4463.37,4463.38,4457.52,4457.78,1766.0
2026-01-08 20:05:00,4457.78,4458.2,4454.43,4455.43,1667.0
2026-01-08 20:10:00,4455.43,4455.47,4452.45,4453.93,1857.0
2026-01-08 20:15:00,4453.94,4456.57,4453.28,4453.29,1929.0
2026-01-08 20:20:00,4453.29,4455.19,4451.39,4454.87,1975.0
2026-01-08 20:25:00,4454.87,4456.56,4449.38,4452.14,2153.0
2026-01-08 20:30:00,4452.14,4453.68,4451.47,4451.97,1769.0
2026-01-08 20:35:00,4451.97,4451.97,4447.97,4449.39,1856.0
2026-01-08 20:40:00,4449.39,4452.24,4449.1,4452.22,1682.0
2026-01-08 20:45:00,4452.22,4454.99,4451.97,4453.52,1807.0
2026-01-08 20:50:00,4453.52,4453.85,4451.64,4451.7,1710.0
2026-01-08 20:55:00,4451.71,4452.22,4449.31,4449.63,1511.0
2026-01-08 21:00:00,4449.63,4451.22,4448.56,4449.38,1842.0
2026-01-08 21:05:00,4449.38,4450.52,4446.95,4447.1,1616.0
2026-01-08 21:10:00,4447.27,4449.19,4447.01,4447.29,1337.0
2026-01-08 21:15:00,4447.29,4448.58,4444.65,4448.52,1938.0
2026-01-08 21:20:00,4448.52,4449.48,4447.87,4449.15,1799.0
2026-01-08 21:25:00,4449.15,4449.8,4446.96,4447.77,1736.0
2026-01-08 21:30:00,4447.77,4450.88,4447.66,4450.72,1506.0
2026-01-08 21:35:00,4450.74,4452.82,4450.2,4451.07,1766.0
2026-01-08 21:40:00,4451.07,4451.88,4449.8,4451.49,1207.0
2026-01-08 21:45:00,4451.49,4452.86,4450.97,4451.41,1116.0
2026-01-08 21:50:00,4451.38,4451.85,4449.58,4451.71,1352.0
2026-01-08 21:55:00,4451.74,4452.35,4449.73,4452.12,1209.0
2026-01-08 22:00:00,4452.08,4458.07,4451.47,4458.06,2110.0
2026-01-08 22:05:00,4458.06,4458.29,4455.72,4456.93,1681.0
2026-01-08 22:10:00,4456.93,4458.85,4456.93,4458.1,1307.0
2026-01-08 22:15:00,4458.1,4460.06,4457.28,4459.29,1325.0
2026-01-08 22:20:00,4459.29,4465.32,4458.57,4464.8,1725.0
2026-01-08 22:25:00,4464.8,4473.74,4464.75,4469.97,3059.0
2026-01-08 22:30:00,4469.97,4477.66,4469.97,4476.16,2563.0
2026-01-08 22:35:00,4476.16,4478.13,4473.11,4473.66,2267.0
2026-01-08 22:40:00,4473.66,4475.25,4472.11,4473.57,1828.0
2026-01-08 22:45:00,4473.57,4477.12,4471.96,4477.06,1872.0
2026-01-08 22:50:00,4477.04,4477.85,4474.32,4474.34,2776.0
2026-01-08 22:55:00,4474.34,4477.54,4473.64,4476.04,2710.0
2026-01-08 23:00:00,4476.07,4479.39,4475.97,4478.49,952.0
2026-01-08 23:05:00,4478.49,4479.26,4477.11,4479.26,513.0
2026-01-08 23:10:00,4479.26,4479.52,4477.35,4477.93,417.0
2026-01-08 23:15:00,4477.93,4478.63,4473.9,4474.08,474.0
2026-01-08 23:20:00,4474.08,4475.54,4472.68,4474.73,503.0
2026-01-08 23:25:00,4474.74,4475.45,4473.08,4475.16,546.0
2026-01-08 23:30:00,4475.08,4475.72,4472.92,4473.58,427.0
2026-01-08 23:35:00,4473.59,4474.68,4472.88,4473.17,472.0
2026-01-08 23:40:00,4473.17,4475.19,4472.63,4474.17,420.0
2026-01-08 23:45:00,4474.17,4476.61,4473.54,4476.28,659.0
2026-01-08 23:50:00,4476.27,4478.58,4475.52,4477.39,391.0
2026-01-08 23:55:00,4477.39,4478.04,4475.86,4477.8,351.0
2026-01-09 01:00:00,4477.8,4483.92,4476.25,4476.96,654.0
2026-01-09 01:05:00,4477.05,4479.98,4475.48,4478.15,1489.0
2026-01-09 01:10:00,4478.15,4478.92,4475.37,4476.96,1854.0
2026-01-09 01:15:00,4476.98,4477.78,4475.27,4475.27,1087.0
2026-01-09 01:20:00,4475.27,4476.36,4475.16,4475.88,901.0
2026-01-09 01:25:00,4475.88,4478.67,4475.5,4477.18,1436.0
2026-01-09 01:30:00,4477.18,4477.48,4475.47,4476.34,947.0
2026-01-09 01:35:00,4476.34,4476.73,4475.39,4476.54,822.0
2026-01-09 01:40:00,4476.55,4476.8,4475.2,4475.74,768.0
2026-01-09 01:45:00,4475.74,4475.88,4472.74,4473.66,774.0
2026-01-09 01:50:00,4473.66,4476.26,4473.66,4474.45,1103.0
2026-01-09 01:55:00,4474.45,4476.03,4474.27,4475.56,665.0
2026-01-09 02:00:00,4475.56,4476.71,4473.89,4474.68,821.0
2026-01-09 02:05:00,4474.68,4476.11,4474.04,4476.03,709.0
2026-01-09 02:10:00,4476.03,4476.59,4471.59,4471.61,974.0
2026-01-09 02:15:00,4471.61,4472.77,4470.42,4471.76,928.0
2026-01-09 02:20:00,4471.76,4471.86,4467.85,4468.4,1305.0
2026-01-09 02:25:00,4468.41,4468.41,4463.47,4465.8,1648.0
2026-01-09 02:30:00,4465.8,4468.64,4463.86,4468.35,1361.0
2026-01-09 02:35:00,4468.35,4468.36,4466.12,4467.4,1074.0
2026-01-09 02:40:00,4467.4,4468.04,4466.64,4467.73,814.0
2026-01-09 02:45:00,4467.73,4467.77,4464.13,4464.53,1222.0
2026-01-09 02:50:00,4464.53,4464.63,4460.03,4462.02,1621.0
2026-01-09 02:55:00,4462.03,4463.16,4460.21,4462.83,1911.0
2026-01-09 03:00:00,4462.83,4465.61,4458.31,4460.03,3848.0
2026-01-09 03:05:00,4460.04,4460.06,4452.87,4458.21,2930.0
2026-01-09 03:10:00,4458.21,4459.97,4455.36,4459.13,2443.0
2026-01-09 03:15:00,4459.13,4461.51,4453.05,4453.44,2683.0
2026-01-09 03:20:00,4453.43,4458.14,4453.07,4456.32,2575.0
2026-01-09 03:25:00,4456.32,4459.82,4455.94,4457.32,2279.0
2026-01-09 03:30:00,4457.32,4459.75,4456.1,4459.74,2460.0
2026-01-09 03:35:00,4459.74,4460.13,4456.2,4458.28,1907.0
2026-01-09 03:40:00,4458.28,4463.34,4457.14,4462.55,2392.0
2026-01-09 03:45:00,4462.55,4466.22,4462.45,4464.76,2079.0
2026-01-09 03:50:00,4464.76,4468.58,4462.65,4467.09,2645.0
2026-01-09 03:55:00,4467.09,4470.0,4467.04,4468.91,1904.0
2026-01-09 04:00:00,4468.9,4475.88,4468.81,4475.44,2587.0
2026-01-09 04:05:00,4475.44,4476.45,4472.57,4474.02,2607.0
2026-01-09 04:10:00,4474.02,4474.85,4471.24,4471.85,2529.0
2026-01-09 04:15:00,4471.85,4473.12,4470.01,4470.59,1162.0
2026-01-09 04:20:00,4470.59,4474.47,4470.18,4472.87,1038.0
2026-01-09 04:25:00,4472.87,4473.37,4470.99,4472.28,855.0
2026-01-09 04:30:00,4472.28,4475.62,4468.31,4471.54,2316.0
2026-01-09 04:35:00,4471.54,4472.61,4468.28,4468.7,1728.0
2026-01-09 04:40:00,4468.7,4473.75,4468.34,4473.22,1861.0
2026-01-09 04:45:00,4473.19,4473.6,4469.74,4471.05,1803.0
2026-01-09 04:50:00,4471.07,4471.07,4465.62,4466.58,2431.0
2026-01-09 04:55:00,4466.6,4470.42,4466.52,4469.47,2114.0
2026-01-09 05:00:00,4469.45,4469.97,4466.4,4466.49,2069.0
2026-01-09 05:05:00,4466.46,4467.34,4464.22,4465.27,1993.0
2026-01-09 05:10:00,4465.36,4465.46,4462.29,4464.31,2508.0
2026-01-09 05:15:00,4464.31,4465.24,4462.12,4464.74,1979.0
2026-01-09 05:20:00,4464.75,4466.5,4461.08,4463.32,2018.0
2026-01-09 05:25:00,4463.3,4464.41,4461.6,4463.45,1819.0
2026-01-09 05:30:00,4463.45,4463.45,4460.49,4463.03,1127.0
2026-01-09 05:35:00,4463.03,4465.23,4462.7,4465.13,763.0
2026-01-09 05:40:00,4465.13,4465.47,4463.24,4463.83,1188.0
2026-01-09 05:45:00,4463.83,4465.81,4463.83,4465.53,844.0
2026-01-09 05:50:00,4465.53,4465.54,4464.15,4465.18,1334.0
2026-01-09 05:55:00,4465.18,4465.76,4463.73,4464.14,1017.0
2026-01-09 06:00:00,4464.14,4465.69,4462.7,4463.53,1066.0
2026-01-09 06:05:00,4463.52,4465.54,4463.47,4465.35,812.0
2026-01-09 06:10:00,4465.33,4465.54,4462.47,4462.53,895.0
2026-01-09 06:15:00,4462.53,4463.65,4460.74,4460.96,893.0
2026-01-09 06:20:00,4460.96,4463.95,4460.87,4463.85,1050.0
2026-01-09 06:25:00,4463.85,4463.95,4462.67,4462.79,682.0
2026-01-09 06:30:00,4462.79,4464.12,4462.03,4463.47,575.0
2026-01-09 06:35:00,4463.48,4464.6,4461.6,4461.87,955.0
2026-01-09 06:40:00,4461.87,4464.74,4461.76,4463.18,835.0
2026-01-09 06:45:00,4463.18,4463.28,4462.2,4463.03,724.0
2026-01-09 06:50:00,4463.03,4464.68,4461.9,4464.34,772.0
2026-01-09 06:55:00,4464.33,4466.8,4464.12,4464.71,732.0
2026-01-09 07:00:00,4464.71,4466.77,4463.88,4465.0,806.0
2026-01-09 07:05:00,4465.0,4465.69,4463.03,4463.2,664.0
2026-01-09 07:10:00,4463.2,4463.71,4461.75,4463.05,665.0
2026-01-09 07:15:00,4463.05,4463.74,4460.07,4463.69,1214.0
2026-01-09 07:20:00,4463.7,4463.89,4458.24,4458.8,1145.0
2026-01-09 07:25:00,4458.8,4465.01,4458.74,4464.63,855.0
2026-01-09 07:30:00,4464.67,4470.94,4464.48,4470.94,1998.0
2026-01-09 07:35:00,4470.94,4471.75,4468.53,4470.42,1876.0
2026-01-09 07:40:00,4470.38,4470.9,4466.23,4467.45,1453.0
2026-01-09 07:45:00,4467.45,4468.94,4465.48,4466.19,1924.0
2026-01-09 07:50:00,4466.19,4468.76,4465.86,4468.23,1774.0
2026-01-09 07:55:00,4468.23,4469.51,4466.43,4468.04,1625.0
2026-01-09 08:00:00,4468.06,4471.0,4467.6,4470.17,1422.0
2026-01-09 08:05:00,4470.16,4470.85,4466.1,4467.85,1823.0
2026-01-09 08:10:00,4467.85,4468.67,4466.03,4467.24,1743.0
2026-01-09 08:15:00,4467.24,4470.01,4466.08,4468.15,1983.0
2026-01-09 08:20:00,4468.17,4469.25,4466.23,4468.02,1896.0
2026-01-09 08:25:00,4468.03,4473.58,4468.01,4473.58,2148.0
2026-01-09 08:30:00,4473.58,4475.24,4473.05,4474.58,1846.0
2026-01-09 08:35:00,4474.57,4475.59,4473.19,4474.95,1590.0
2026-01-09 08:40:00,4474.95,4475.7,4474.04,4475.11,1334.0
2026-01-09 08:45:00,4475.11,4477.42,4474.68,4475.44,1485.0
2026-01-09 08:50:00,4475.44,4476.16,4473.88,4474.32,1500.0
2026-01-09 08:55:00,4474.31,4475.2,4472.81,4474.2,1738.0
2026-01-09 09:00:00,4474.2,4475.54,4471.32,4474.59,1488.0
2026-01-09 09:05:00,4474.59,4475.36,4473.58,4474.7,983.0
2026-01-09 09:10:00,4474.7,4474.78,4470.65,4471.24,997.0
2026-01-09 09:15:00,4471.24,4473.16,4470.66,4472.66,1039.0
2026-01-09 09:20:00,4472.66,4472.96,4469.88,4470.61,1380.0
2026-01-09 09:25:00,4470.61,4471.28,4468.76,4470.29,1203.0
2026-01-09 09:30:00,4470.29,4471.53,4469.14,4469.64,868.0
2026-01-09 09:35:00,4469.65,4472.43,4468.64,4471.98,783.0
2026-01-09 09:40:00,4471.98,4472.96,4471.04,4471.69,789.0
2026-01-09 09:45:00,4471.69,4473.15,4470.91,4472.03,918.0
2026-01-09 09:50:00,4472.03,4473.51,4469.74,4472.15,1166.0
2026-01-09 09:55:00,4472.15,4472.45,4469.47,4470.38,1089.0
2026-01-09 10:00:00,4470.38,4471.87,4466.34,4469.22,1612.0
2026-01-09 10:05:00,4469.22,4476.61,4469.11,4473.96,1995.0
2026-01-09 10:10:00,4474.04,4476.91,4473.58,4474.45,1135.0
2026-01-09 10:15:00,4474.46,4474.67,4472.43,4473.83,1352.0
2026-01-09 10:20:00,4473.83,4475.35,4473.33,4474.01,990.0
2026-01-09 10:25:00,4474.01,4475.33,4472.97,4473.27,1015.0
2026-01-09 10:30:00,4473.27,4473.91,4470.33,4470.38,1207.0
2026-01-09 10:35:00,4470.38,4470.4,4466.49,4466.73,1350.0
2026-01-09 10:40:00,4466.73,4468.33,4465.56,4466.76,1357.0
2026-01-09 10:45:00,4466.76,4468.16,4465.31,4466.91,1090.0
2026-01-09 10:50:00,4466.93,4467.37,4464.05,4467.19,1546.0
2026-01-09 10:55:00,4467.19,4468.67,4467.16,4468.57,1452.0
2026-01-09 11:00:00,4468.57,4470.95,4468.43,4470.66,1241.0
2026-01-09 11:05:00,4470.66,4473.01,4470.3,4471.47,1471.0
2026-01-09 11:10:00,4471.46,4474.99,4471.46,4474.74,1526.0
2026-01-09 11:15:00,4474.74,4476.59,4473.17,4476.03,1238.0
2026-01-09 11:20:00,4476.03,4477.63,4474.68,4474.72,1216.0
2026-01-09 11:25:00,4474.72,4475.64,4473.51,4473.89,1098.0
2026-01-09 11:30:00,4473.88,4475.15,4472.61,4473.02,985.0
2026-01-09 11:35:00,4473.02,4473.23,4471.61,4473.11,1139.0
2026-01-09 11:40:00,4473.11,4473.76,4471.68,4471.71,1000.0
2026-01-09 11:45:00,4471.74,4474.34,4471.74,4473.38,1031.0
2026-01-09 11:50:00,4473.38,4473.4,4470.78,4471.14,798.0
2026-01-09 11:55:00,4471.14,4472.82,4471.05,4471.18,725.0
2026-01-09 12:00:00,4471.18,4472.26,4470.42,4470.7,778.0
2026-01-09 12:05:00,4470.7,4473.98,4469.86,4473.88,796.0
2026-01-09 12:10:00,4473.88,4474.25,4471.99,4472.01,627.0
2026-01-09 12:15:00,4472.01,4473.83,4471.53,4473.73,537.0
2026-01-09 12:20:00,4473.73,4473.91,4471.25,4471.67,582.0
2026-01-09 12:25:00,4471.67,4471.93,4469.07,4469.07,883.0
2026-01-09 12:30:00,4469.07,4472.43,4468.17,4470.69,1292.0
2026-01-09 12:35:00,4470.69,4471.18,4469.18,4470.55,754.0
2026-01-09 12:40:00,4470.55,4471.07,4469.21,4469.21,1001.0
2026-01-09 12:45:00,4469.21,4469.21,4467.1,4468.68,1123.0
2026-01-09 12:50:00,4468.68,4471.75,4467.99,4471.68,788.0
2026-01-09 12:55:00,4471.68,4472.8,4470.51,4472.62,769.0
2026-01-09 13:00:00,4472.62,4474.75,4472.62,4473.7,1058.0
2026-01-09 13:05:00,4473.7,4474.13,4469.92,4470.25,1016.0
2026-01-09 13:10:00,4470.25,4472.11,4470.1,4472.1,789.0
2026-01-09 13:15:00,4472.1,4473.0,4471.53,4472.28,658.0
2026-01-09 13:20:00,4472.28,4473.04,4471.66,4472.34,789.0
2026-01-09 13:25:00,4472.34,4472.54,4470.54,4470.66,803.0
2026-01-09 13:30:00,4470.66,4471.33,4469.26,4470.79,879.0
2026-01-09 13:35:00,4470.79,4471.88,4469.59,4471.88,901.0
2026-01-09 13:40:00,4471.88,4471.88,4469.29,4470.66,1179.0
2026-01-09 13:45:00,4470.66,4472.4,4468.73,4472.33,1178.0
2026-01-09 13:50:00,4472.33,4473.62,4471.57,4473.57,952.0
2026-01-09 13:55:00,4473.57,4476.19,4473.22,4475.38,1152.0
2026-01-09 14:00:00,4475.38,4478.81,4475.38,4477.13,1518.0
2026-01-09 14:05:00,4477.13,4480.45,4477.12,4477.58,1557.0
2026-01-09 14:10:00,4477.58,4477.58,4472.07,4474.23,1505.0
2026-01-09 14:15:00,4474.23,4474.94,4473.2,4473.67,1010.0
2026-01-09 14:20:00,4473.67,4473.67,4470.11,4470.67,1289.0
2026-01-09 14:25:00,4470.67,4471.19,4467.04,4467.72,1824.0
2026-01-09 14:30:00,4467.7,4468.68,4461.04,4464.73,1756.0
2026-01-09 14:35:00,4464.73,4466.41,4463.09,4465.91,1151.0
2026-01-09 14:40:00,4465.91,4467.08,4464.2,4466.04,1468.0
2026-01-09 14:45:00,4466.04,4468.26,4464.98,4467.69,1431.0
2026-01-09 14:50:00,4467.69,4467.69,4463.74,4464.25,1368.0
2026-01-09 14:55:00,4464.25,4467.83,4463.74,4466.02,1334.0
2026-01-09 15:00:00,4466.07,4470.46,4463.77,4469.58,3299.0
2026-01-09 15:05:00,4469.58,4473.75,4469.39,4469.85,2452.0
2026-01-09 15:10:00,4469.85,4471.67,4466.58,4467.58,2304.0
2026-01-09 15:15:00,4467.58,4468.99,4463.32,4463.73,1930.0
2026-01-09 15:20:00,4463.73,4473.77,4462.08,4472.2,2605.0
2026-01-09 15:25:00,4472.2,4474.66,4470.61,4472.57,2346.0
2026-01-09 15:30:00,4472.57,4488.56,4458.95,4487.04,4244.0
2026-01-09 15:35:00,4487.04,4489.5,4479.2,4488.61,4274.0
2026-01-09 15:40:00,4488.61,4491.9,4483.67,4486.95,4237.0
2026-01-09 15:45:00,4486.98,4488.87,4481.69,4483.44,3813.0
2026-01-09 15:50:00,4483.49,4485.08,4479.05,4483.03,3305.0
2026-01-09 15:55:00,4483.03,4485.49,4480.13,4482.79,2973.0
2026-01-09 16:00:00,4482.79,4488.11,4481.38,4485.44,2861.0
2026-01-09 16:05:00,4485.44,4487.29,4480.61,4487.1,3243.0
2026-01-09 16:10:00,4487.1,4496.47,4486.37,4489.33,3970.0
2026-01-09 16:15:00,4489.33,4492.59,4483.73,4487.13,3217.0
2026-01-09 16:20:00,4487.13,4495.9,4486.96,4493.88,3004.0
2026-01-09 16:25:00,4493.86,4495.46,4491.71,4494.4,3009.0
2026-01-09 16:30:00,4494.38,4494.48,4482.63,4489.72,3863.0
2026-01-09 16:35:00,4489.69,4498.12,4489.26,4496.06,3984.0
2026-01-09 16:40:00,4496.04,4498.08,4486.29,4487.93,3927.0
2026-01-09 16:45:00,4487.92,4489.01,4482.39,4485.14,4361.0
2026-01-09 16:50:00,4485.08,4491.06,4479.33,4490.76,4273.0
2026-01-09 16:55:00,4490.76,4495.22,4490.76,4494.03,3723.0
2026-01-09 17:00:00,4494.03,4499.26,4492.26,4493.69,3805.0
2026-01-09 17:05:00,4493.69,4500.34,4490.34,4499.78,3877.0
2026-01-09 17:10:00,4499.78,4499.91,4493.56,4496.64,3657.0
2026-01-09 17:15:00,4496.64,4499.46,4493.6,4499.28,3665.0
2026-01-09 17:20:00,4499.28,4510.99,4495.39,4508.79,4027.0
2026-01-09 17:25:00,4508.79,4510.8,4504.16,4505.37,4063.0
2026-01-09 17:30:00,4505.45,4511.82,4505.38,4506.29,3491.0
2026-01-09 17:35:00,4506.29,4515.67,4506.16,4515.59,3194.0
2026-01-09 17:40:00,4515.59,4517.2,4513.19,4514.42,3382.0
2026-01-09 17:45:00,4514.42,4514.85,4508.5,4510.98,3153.0
2026-01-09 17:50:00,4510.98,4514.57,4508.8,4511.67,3158.0
2026-01-09 17:55:00,4511.69,4514.07,4509.94,4512.33,2566.0
2026-01-09 18:00:00,4512.33,4514.34,4511.11,4511.81,2704.0
2026-01-09 18:05:00,4511.81,4512.55,4505.16,4507.6,3254.0
2026-01-09 18:10:00,4507.6,4508.17,4499.86,4503.11,3633.0
2026-01-09 18:15:00,4503.11,4506.62,4501.67,4506.62,3138.0
2026-01-09 18:20:00,4506.63,4507.13,4500.71,4502.3,3111.0
2026-01-09 18:25:00,4502.3,4505.73,4500.37,4503.72,2718.0
2026-01-09 18:30:00,4503.72,4505.41,4500.89,4503.41,2731.0
2026-01-09 18:35:00,4503.41,4506.95,4501.64,4505.04,2237.0
2026-01-09 18:40:00,4505.04,4505.3,4501.45,4504.74,2413.0
2026-01-09 18:45:00,4504.74,4506.67,4501.87,4505.29,2337.0
2026-01-09 18:50:00,4505.29,4508.14,4505.01,4507.37,1536.0
2026-01-09 18:55:00,4507.35,4508.08,4506.04,4506.58,1499.0
2026-01-09 19:00:00,4506.58,4511.73,4504.63,4507.2,2051.0
2026-01-09 19:05:00,4507.2,4510.23,4505.61,4508.57,2482.0
2026-01-09 19:10:00,4508.57,4510.53,4507.7,4508.87,1754.0
2026-01-09 19:15:00,4508.87,4508.88,4505.0,4506.87,1913.0
2026-01-09 19:20:00,4506.91,4506.95,4502.05,4505.42,1700.0
2026-01-09 19:25:00,4505.45,4505.83,4502.41,4503.88,1454.0
2026-01-09 19:30:00,4503.88,4510.12,4503.33,4508.07,2184.0
2026-01-09 19:35:00,4508.07,4508.22,4505.22,4506.26,2107.0
2026-01-09 19:40:00,4506.26,4506.26,4501.31,4501.96,1736.0
2026-01-09 19:45:00,4501.97,4503.35,4497.04,4497.72,2182.0
2026-01-09 19:50:00,4497.72,4498.57,4485.67,4487.37,3219.0
2026-01-09 19:55:00,4487.37,4488.67,4481.98,4484.47,3066.0
2026-01-09 20:00:00,4484.45,4488.25,4483.04,4486.11,2697.0
2026-01-09 20:05:00,4486.11,4493.22,4485.73,4488.99,2235.0
2026-01-09 20:10:00,4489.06,4493.22,4488.1,4492.89,2017.0
2026-01-09 20:15:00,4492.89,4494.18,4490.97,4492.03,2109.0
2026-01-09 20:20:00,4492.03,4494.61,4489.74,4492.08,2694.0
2026-01-09 20:25:00,4492.09,4493.73,4489.74,4491.38,2632.0
2026-01-09 20:30:00,4491.41,4501.2,4491.17,4501.03,2087.0
2026-01-09 20:35:00,4501.0,4504.15,4500.82,4503.71,2053.0
2026-01-09 20:40:00,4503.71,4504.55,4501.46,4502.36,1955.0
2026-01-09 20:45:00,4502.36,4502.83,4496.47,4498.61,2139.0
2026-01-09 20:50:00,4498.61,4498.62,4495.36,4496.82,1780.0
2026-01-09 20:55:00,4496.83,4498.49,4495.39,4496.09,1421.0
2026-01-09 21:00:00,4496.09,4498.06,4494.17,4494.44,1340.0
2026-01-09 21:05:00,4494.44,4495.42,4492.74,4494.51,1852.0
2026-01-09 21:10:00,4494.51,4497.77,4493.94,4497.1,1550.0
2026-01-09 21:15:00,4497.1,4499.5,4496.69,4497.94,1353.0
2026-01-09 21:20:00,4497.94,4501.64,4497.34,4501.52,1405.0
2026-01-09 21:25:00,4501.52,4501.68,4498.09,4498.87,1494.0
2026-01-09 21:30:00,4498.87,4499.22,4495.9,4498.16,1616.0
2026-01-09 21:35:00,4498.16,4500.24,4497.54,4499.71,1237.0
2026-01-09 21:40:00,4499.71,4500.23,4496.3,4496.81,1225.0
2026-01-09 21:45:00,4496.81,4501.0,4496.81,4500.75,1154.0
2026-01-09 21:50:00,4500.75,4501.85,4499.63,4500.75,1434.0
2026-01-09 21:55:00,4500.75,4501.21,4499.16,4499.28,1317.0
2026-01-09 22:00:00,4499.28,4501.89,4497.82,4501.39,1760.0
2026-01-09 22:05:00,4501.39,4501.81,4499.53,4500.52,1356.0
2026-01-09 22:10:00,4500.52,4507.11,4500.21,4506.74,2010.0
2026-01-09 22:15:00,4506.75,4509.26,4506.67,4508.3,1861.0
2026-01-09 22:20:00,4508.27,4508.59,4503.3,4507.57,2026.0
2026-01-09 22:25:00,4507.57,4507.58,4503.55,4505.35,1960.0
2026-01-09 22:30:00,4505.36,4505.65,4503.18,4505.07,3190.0
2026-01-09 22:35:00,4505.07,4505.93,4503.17,4504.35,1579.0
2026-01-09 22:40:00,4504.35,4504.6,4502.46,4504.04,1670.0
2026-01-09 22:45:00,4504.04,4505.54,4503.79,4504.65,1888.0
2026-01-09 22:50:00,4504.65,4506.97,4504.3,4506.46,2441.0
2026-01-09 22:55:00,4506.46,4510.12,4506.38,4507.54,2157.0
2026-01-09 23:00:00,4507.54,4508.61,4505.83,4506.64,641.0
2026-01-09 23:05:00,4506.64,4507.43,4504.98,4505.29,366.0
2026-01-09 23:10:00,4505.29,4508.49,4505.16,4508.17,294.0
2026-01-09 23:15:00,4508.17,4510.04,4507.41,4509.94,293.0
2026-01-09 23:20:00,4509.94,4510.43,4509.22,4509.87,270.0
2026-01-09 23:25:00,4509.85,4510.16,4509.22,4509.61,279.0
2026-01-09 23:30:00,4509.53,4509.55,4507.66,4507.77,293.0
2026-01-09 23:35:00,4507.77,4507.81,4506.33,4507.42,404.0
2026-01-09 23:40:00,4507.42,4511.02,4505.96,4510.05,554.0
2026-01-09 23:45:00,4510.05,4510.45,4508.14,4510.12,734.0
2026-01-09 23:50:00,4510.12,4510.41,4508.09,4509.77,542.0
2026-01-09 23:55:00,4509.77,4510.03,4508.53,4509.13,371.0
2026-01-12 01:00:00,4518.67,4523.05,4512.82,4521.44,904.0
2026-01-12 01:05:00,4521.42,4529.19,4521.31,4529.09,2107.0
2026-01-12 01:10:00,4529.09,4530.73,4522.89,4530.02,2356.0
2026-01-12 01:15:00,4530.01,4533.54,4529.19,4532.9,1702.0
2026-01-12 01:20:00,4532.83,4535.38,4531.34,4534.82,1683.0
2026-01-12 01:25:00,4534.82,4538.31,4533.76,4537.8,1580.0
2026-01-12 01:30:00,4537.8,4539.13,4534.13,4536.05,1785.0
2026-01-12 01:35:00,4536.05,4537.4,4533.32,4535.08,1230.0
2026-01-12 01:40:00,4535.08,4544.89,4535.05,4542.22,1689.0
2026-01-12 01:45:00,4542.22,4543.9,4540.33,4540.52,1235.0
2026-01-12 01:50:00,4540.55,4543.44,4538.64,4541.77,1507.0
2026-01-12 01:55:00,4541.77,4542.04,4538.37,4540.05,1031.0
2026-01-12 02:00:00,4540.07,4545.28,4536.28,4544.89,1618.0
2026-01-12 02:05:00,4544.89,4550.76,4543.98,4550.15,1757.0
2026-01-12 02:10:00,4550.12,4554.39,4548.4,4553.72,1899.0
2026-01-12 02:15:00,4553.6,4563.78,4551.24,4563.66,2729.0
2026-01-12 02:20:00,4563.66,4564.79,4556.74,4559.07,2125.0
2026-01-12 02:25:00,4559.08,4565.88,4559.05,4564.67,2101.0
2026-01-12 02:30:00,4564.67,4578.29,4562.31,4574.56,3223.0
2026-01-12 02:35:00,4574.57,4586.99,4572.52,4586.7,4285.0
2026-01-12 02:40:00,4586.7,4594.05,4583.18,4591.44,4104.0
2026-01-12 02:45:00,4591.43,4597.58,4588.32,4595.31,3009.0
2026-01-12 02:50:00,4595.31,4598.8,4591.49,4598.77,3128.0
2026-01-12 02:55:00,4598.99,4601.17,4588.42,4588.91,2945.0
2026-01-12 03:00:00,4588.91,4594.95,4583.42,4587.83,4187.0
2026-01-12 03:05:00,4587.85,4591.85,4580.6,4586.3,3825.0
2026-01-12 03:10:00,4586.3,4591.1,4577.94,4581.63,3953.0
2026-01-12 03:15:00,4581.57,4584.13,4574.05,4574.91,4370.0
2026-01-12 03:20:00,4574.91,4582.42,4574.42,4581.06,3791.0
2026-01-12 03:25:00,4580.86,4583.26,4575.73,4582.69,3178.0
2026-01-12 03:30:00,4582.69,4584.22,4577.35,4577.81,3190.0
2026-01-12 03:35:00,4577.82,4580.46,4573.58,4578.99,3531.0
2026-01-12 03:40:00,4578.99,4583.01,4571.81,4573.65,2847.0
2026-01-12 03:45:00,4573.58,4577.76,4573.22,4574.88,2487.0
2026-01-12 03:50:00,4574.87,4579.07,4573.62,4575.84,2961.0
2026-01-12 03:55:00,4575.87,4576.52,4570.15,4570.15,2348.0
2026-01-12 04:00:00,4570.15,4574.95,4565.45,4565.82,2918.0
2026-01-12 04:05:00,4565.89,4569.89,4561.84,4568.14,3240.0
2026-01-12 04:10:00,4568.13,4568.17,4565.19,4567.05,2812.0
2026-01-12 04:15:00,4566.98,4569.62,4564.43,4568.47,1903.0
2026-01-12 04:20:00,4568.47,4570.23,4566.26,4567.4,1891.0
2026-01-12 04:25:00,4567.4,4569.48,4566.13,4566.13,1970.0
2026-01-12 04:30:00,4566.13,4570.58,4562.56,4570.33,3264.0
2026-01-12 04:35:00,4570.34,4574.03,4566.71,4573.6,3042.0
2026-01-12 04:40:00,4573.6,4579.11,4573.23,4578.74,2679.0
2026-01-12 04:45:00,4578.77,4582.14,4576.27,4578.06,2522.0
2026-01-12 04:50:00,4578.06,4578.26,4573.52,4577.48,2493.0
2026-01-12 04:55:00,4577.48,4578.48,4574.67,4577.43,2906.0
2026-01-12 05:00:00,4577.42,4579.29,4575.1,4576.68,2378.0
2026-01-12 05:05:00,4576.68,4580.45,4576.53,4577.31,1873.0
2026-01-12 05:10:00,4577.29,4579.05,4576.28,4578.67,1719.0
2026-01-12 05:15:00,4578.67,4580.41,4577.42,4578.0,1880.0
2026-01-12 05:20:00,4578.0,4578.93,4576.31,4578.5,1959.0
2026-01-12 05:25:00,4578.49,4581.16,4577.6,4581.09,2924.0
2026-01-12 05:30:00,4581.07,4581.34,4576.21,4576.29,2253.0
2026-01-12 05:35:00,4576.29,4577.62,4575.63,4576.82,968.0
2026-01-12 05:40:00,4576.82,4577.0,4572.56,4572.81,1392.0
2026-01-12 05:45:00,4572.83,4574.56,4568.8,4570.92,1548.0
2026-01-12 05:50:00,4570.92,4573.87,4567.86,4573.25,1353.0
2026-01-12 05:55:00,4573.26,4573.96,4569.36,4570.66,1607.0
2026-01-12 06:00:00,4570.68,4571.23,4565.86,4567.29,1618.0
2026-01-12 06:05:00,4567.29,4568.56,4565.48,4568.16,1531.0
2026-01-12 06:10:00,4568.16,4568.84,4567.03,4568.73,1203.0
2026-01-12 06:15:00,4568.73,4571.63,4568.63,4571.19,1474.0
2026-01-12 06:20:00,4571.22,4572.13,4569.63,4569.63,1588.0
2026-01-12 06:25:00,4569.64,4569.97,4567.52,4568.59,1446.0
2026-01-12 06:30:00,4568.59,4569.96,4563.76,4563.8,1742.0
2026-01-12 06:35:00,4563.8,4568.3,4563.41,4566.03,2094.0
2026-01-12 06:40:00,4566.03,4568.24,4565.87,4567.93,1267.0
2026-01-12 06:45:00,4567.93,4570.18,4567.01,4569.48,1085.0
2026-01-12 06:50:00,4569.48,4569.63,4566.4,4566.78,868.0
2026-01-12 06:55:00,4566.78,4568.9,4566.14,4568.57,1308.0
2026-01-12 07:00:00,4568.51,4569.29,4566.06,4567.96,1468.0
2026-01-12 07:05:00,4567.97,4570.53,4567.3,4570.19,1029.0
2026-01-12 07:10:00,4570.19,4572.07,4568.08,4570.13,905.0
2026-01-12 07:15:00,4570.13,4573.25,4569.63,4572.43,953.0
2026-01-12 07:20:00,4572.43,4573.26,4571.0,4572.62,872.0
2026-01-12 07:25:00,4572.63,4573.96,4571.45,4572.54,703.0
2026-01-12 07:30:00,4572.53,4578.42,4569.83,4577.25,2084.0
2026-01-12 07:35:00,4577.25,4578.35,4575.19,4578.13,1681.0
2026-01-12 07:40:00,4578.13,4582.99,4576.4,4581.72,2139.0
2026-01-12 07:45:00,4581.76,4584.95,4580.78,4584.08,2869.0
2026-01-12 07:50:00,4584.08,4584.68,4580.16,4580.23,2475.0
2026-01-12 07:55:00,4580.23,4581.71,4578.85,4580.84,2208.0
2026-01-12 08:00:00,4580.84,4580.85,4576.87,4577.27,2156.0
2026-01-12 08:05:00,4577.13,4577.13,4573.89,4575.52,2146.0
2026-01-12 08:10:00,4575.53,4576.64,4571.47,4572.67,2667.0
2026-01-12 08:15:00,4572.67,4572.88,4569.79,4572.55,1703.0
2026-01-12 08:20:00,4572.58,4575.24,4572.3,4574.46,1626.0
2026-01-12 08:25:00,4574.46,4575.89,4573.23,4573.65,1827.0
2026-01-12 08:30:00,4573.67,4575.69,4573.57,4575.02,1699.0
2026-01-12 08:35:00,4575.02,4576.1,4572.51,4573.04,2165.0
2026-01-12 08:40:00,4573.04,4576.38,4572.01,4574.42,2035.0
2026-01-12 08:45:00,4574.42,4576.02,4573.94,4574.61,1911.0
2026-01-12 08:50:00,4574.69,4579.95,4574.3,4578.83,2073.0
2026-01-12 08:55:00,4578.85,4579.4,4577.63,4578.46,1609.0
2026-01-12 09:00:00,4578.49,4579.29,4574.71,4576.43,2039.0
2026-01-12 09:05:00,4576.43,4582.82,4575.51,4582.0,1899.0
2026-01-12 09:10:00,4582.0,4584.02,4581.21,4583.34,2125.0
2026-01-12 09:15:00,4583.34,4585.99,4582.96,4585.8,2522.0
2026-01-12 09:20:00,4585.8,4587.59,4583.88,4583.89,1941.0
2026-01-12 09:25:00,4583.89,4585.11,4578.93,4581.5,2376.0
2026-01-12 09:30:00,4581.5,4582.52,4579.48,4580.5,1906.0
2026-01-12 09:35:00,4580.5,4585.36,4578.71,4584.39,1861.0
2026-01-12 09:40:00,4584.39,4584.39,4580.29,4583.85,1996.0
2026-01-12 09:45:00,4583.84,4585.59,4583.22,4585.15,1418.0
2026-01-12 09:50:00,4585.15,4587.05,4584.2,4585.98,1338.0
2026-01-12 09:55:00,4585.98,4589.64,4585.34,4587.82,1332.0
2026-01-12 10:00:00,4587.82,4589.41,4585.35,4587.0,1860.0
2026-01-12 10:05:00,4587.0,4588.05,4583.63,4583.84,1939.0
2026-01-12 10:10:00,4583.83,4585.92,4582.06,4583.42,1607.0
2026-01-12 10:15:00,4583.42,4583.55,4579.47,4583.41,2027.0
2026-01-12 10:20:00,4583.41,4584.08,4580.32,4582.61,1698.0
2026-01-12 10:25:00,4582.64,4584.47,4581.31,4583.57,1821.0
2026-01-12 10:30:00,4583.57,4584.44,4581.87,4583.64,1593.0
2026-01-12 10:35:00,4583.64,4589.58,4583.18,4586.83,1754.0
2026-01-12 10:40:00,4586.83,4588.45,4585.53,4585.55,1752.0
2026-01-12 10:45:00,4585.55,4594.95,4585.2,4594.15,2003.0
2026-01-12 10:50:00,4594.15,4598.35,4593.51,4596.27,2069.0
2026-01-12 10:55:00,4596.27,4597.85,4594.39,4596.83,1901.0
2026-01-12 11:00:00,4596.83,4597.46,4593.38,4594.51,2335.0
2026-01-12 11:05:00,4594.51,4596.01,4593.46,4595.19,1971.0
2026-01-12 11:10:00,4595.19,4597.69,4595.1,4597.02,1903.0
2026-01-12 11:15:00,4597.02,4597.68,4596.19,4596.55,1717.0
2026-01-12 11:20:00,4596.55,4599.23,4594.12,4598.48,1805.0
2026-01-12 11:25:00,4598.48,4599.3,4595.78,4596.62,1810.0
2026-01-12 11:30:00,4596.63,4597.02,4594.59,4595.96,1387.0
2026-01-12 11:35:00,4595.99,4596.82,4593.57,4593.64,1225.0
2026-01-12 11:40:00,4593.64,4596.94,4593.59,4595.45,1202.0
2026-01-12 11:45:00,4595.45,4595.55,4591.54,4592.03,1611.0
2026-01-12 11:50:00,4592.03,4592.05,4590.11,4590.18,1533.0
2026-01-12 11:55:00,4590.18,4591.95,4587.72,4589.07,1815.0
2026-01-12 12:00:00,4589.07,4593.39,4589.07,4590.49,1671.0
2026-01-12 12:05:00,4590.47,4591.21,4586.86,4586.97,1401.0
2026-01-12 12:10:00,4586.98,4592.17,4586.06,4592.16,1678.0
2026-01-12 12:15:00,4592.16,4592.6,4589.18,4589.23,1132.0
2026-01-12 12:20:00,4589.23,4591.69,4588.86,4591.53,1213.0
2026-01-12 12:25:00,4591.53,4594.08,4591.08,4592.44,1277.0
2026-01-12 12:30:00,4592.44,4594.61,4586.74,4587.52,1958.0
2026-01-12 12:35:00,4587.52,4592.0,4587.35,4591.96,1655.0
2026-01-12 12:40:00,4591.96,4593.91,4589.7,4589.77,1304.0
2026-01-12 12:45:00,4589.77,4593.2,4589.54,4592.3,1269.0
2026-01-12 12:50:00,4592.34,4594.47,4592.34,4593.61,1190.0
2026-01-12 12:55:00,4593.61,4595.46,4592.99,4594.22,1098.0
2026-01-12 13:00:00,4594.2,4594.88,4591.81,4592.75,1394.0
2026-01-12 13:05:00,4592.76,4593.52,4591.9,4592.13,1060.0
2026-01-12 13:10:00,4592.13,4592.97,4590.58,4591.02,1095.0
2026-01-12 13:15:00,4591.02,4593.99,4589.53,4589.87,997.0
2026-01-12 13:20:00,4589.87,4590.08,4586.59,4588.24,1243.0
2026-01-12 13:25:00,4588.22,4588.22,4584.0,4585.28,1672.0
2026-01-12 13:30:00,4585.28,4587.56,4584.53,4587.53,1574.0
2026-01-12 13:35:00,4587.53,4590.16,4586.99,4590.16,1134.0
2026-01-12 13:40:00,4590.16,4592.0,4589.56,4591.97,1446.0
2026-01-12 13:45:00,4592.0,4592.1,4586.33,4586.35,1060.0
2026-01-12 13:50:00,4586.35,4586.92,4584.67,4585.54,1129.0
2026-01-12 13:55:00,4585.54,4585.78,4581.84,4585.32,1535.0
2026-01-12 14:00:00,4585.32,4586.83,4583.54,4584.51,1937.0
2026-01-12 14:05:00,4584.5,4585.24,4579.61,4581.21,1694.0
2026-01-12 14:10:00,4581.21,4585.39,4581.21,4582.21,1889.0
2026-01-12 14:15:00,4582.21,4582.61,4579.02,4580.71,1646.0
2026-01-12 14:20:00,4580.71,4582.43,4578.43,4582.31,1898.0
2026-01-12 14:25:00,4582.31,4582.92,4580.67,4582.77,1738.0
2026-01-12 14:30:00,4582.78,4585.36,4582.26,4584.97,1560.0
2026-01-12 14:35:00,4584.97,4586.16,4583.95,4584.85,1648.0
2026-01-12 14:40:00,4584.85,4586.86,4584.37,4586.19,1615.0
2026-01-12 14:45:00,4586.19,4587.73,4585.42,4586.92,1820.0
2026-01-12 14:50:00,4586.92,4589.66,4586.63,4588.76,1501.0
2026-01-12 14:55:00,4588.76,4590.67,4587.63,4590.45,1637.0
2026-01-12 15:00:00,4590.45,4596.11,4588.61,4596.1,3381.0
2026-01-12 15:05:00,4596.1,4604.57,4595.98,4601.21,3217.0
2026-01-12 15:10:00,4601.21,4609.42,4601.15,4606.56,3265.0
2026-01-12 15:15:00,4606.56,4610.69,4606.56,4608.66,3007.0
2026-01-12 15:20:00,4608.64,4611.17,4606.77,4609.79,3068.0
2026-01-12 15:25:00,4609.79,4611.11,4604.52,4605.01,2797.0
2026-01-12 15:30:00,4605.01,4609.32,4605.0,4609.01,2261.0
2026-01-12 15:35:00,4609.01,4611.07,4607.33,4610.57,1967.0
2026-01-12 15:40:00,4610.57,4613.32,4606.33,4609.15,2141.0
2026-01-12 15:45:00,4609.15,4615.2,4608.0,4614.4,2037.0
2026-01-12 15:50:00,4614.4,4620.04,4613.95,4619.64,2052.0
2026-01-12 15:55:00,4619.64,4620.32,4615.83,4615.88,2436.0
2026-01-12 16:00:00,4615.88,4617.28,4598.21,4600.28,3529.0
2026-01-12 16:05:00,4600.28,4604.42,4597.94,4598.6,3658.0
2026-01-12 16:10:00,4598.55,4598.65,4592.65,4596.41,3784.0
2026-01-12 16:15:00,4596.41,4598.62,4590.65,4596.86,3531.0
2026-01-12 16:20:00,4596.86,4599.54,4592.49,4596.91,3542.0
2026-01-12 16:25:00,4596.96,4597.73,4584.92,4586.56,4079.0
2026-01-12 16:30:00,4586.56,4601.13,4585.28,4598.09,4841.0
2026-01-12 16:35:00,4598.09,4611.41,4592.24,4610.79,4704.0
2026-01-12 16:40:00,4610.79,4610.93,4601.76,4604.18,4460.0
2026-01-12 16:45:00,4604.18,4604.53,4597.44,4601.95,4764.0
2026-01-12 16:50:00,4601.97,4608.12,4598.87,4604.67,4183.0
2026-01-12 16:55:00,4604.66,4606.3,4600.49,4602.25,1054.0
2026-01-12 17:00:00,4601.91,4613.2,4601.91,4607.25,1927.0
2026-01-12 17:05:00,4607.23,4617.77,4605.86,4615.73,3189.0
2026-01-12 17:10:00,4615.68,4619.31,4614.54,4617.5,3377.0
2026-01-12 17:15:00,4617.5,4619.01,4612.83,4614.4,3265.0
2026-01-12 17:20:00,4614.4,4618.58,4610.39,4618.04,3373.0
2026-01-12 17:25:00,4618.04,4622.26,4616.9,4619.64,2784.0
2026-01-12 17:30:00,4619.64,4624.72,4618.48,4622.9,2844.0
2026-01-12 17:35:00,4622.9,4627.45,4622.66,4626.69,3082.0
2026-01-12 17:40:00,4626.68,4627.47,4622.11,4623.71,2614.0
2026-01-12 17:45:00,4623.6,4624.97,4619.13,4622.14,2683.0
2026-01-12 17:50:00,4622.14,4622.85,4619.05,4621.16,2332.0
2026-01-12 17:55:00,4621.16,4622.72,4618.01,4621.31,2590.0
2026-01-12 18:00:00,4621.31,4624.17,4617.52,4623.69,2508.0
2026-01-12 18:05:00,4623.68,4624.97,4622.72,4624.79,2105.0
2026-01-12 18:10:00,4624.79,4629.73,4622.57,4629.14,1971.0
2026-01-12 18:15:00,4629.14,4630.13,4626.76,4628.15,2278.0
2026-01-12 18:20:00,4628.15,4629.8,4622.32,4624.4,2164.0
2026-01-12 18:25:00,4624.4,4624.81,4619.8,4620.03,2230.0
2026-01-12 18:30:00,4620.03,4622.97,4619.39,4621.41,2467.0
2026-01-12 18:35:00,4621.44,4623.43,4613.16,4613.2,3017.0
2026-01-12 18:40:00,4613.2,4613.72,4607.89,4612.28,3245.0
2026-01-12 18:45:00,4612.32,4617.11,4612.06,4615.88,2288.0
2026-01-12 18:50:00,4615.88,4618.43,4615.63,4616.95,2062.0
2026-01-12 18:55:00,4616.95,4617.61,4614.83,4616.96,1647.0
2026-01-12 19:00:00,4616.96,4618.5,4615.81,4615.96,1569.0
2026-01-12 19:05:00,4615.96,4617.55,4613.66,4614.19,1666.0
2026-01-12 19:10:00,4614.19,4617.05,4613.99,4615.54,1483.0
2026-01-12 19:15:00,4615.54,4618.51,4615.27,4615.79,1498.0
2026-01-12 19:20:00,4615.79,4617.66,4612.08,4616.34,2019.0
2026-01-12 19:25:00,4616.34,4617.73,4615.46,4616.38,1552.0
2026-01-12 19:30:00,4616.38,4616.99,4613.1,4613.31,1691.0
2026-01-12 19:35:00,4613.31,4615.54,4610.7,4613.54,2218.0
2026-01-12 19:40:00,4613.54,4614.89,4611.96,4613.32,1789.0
2026-01-12 19:45:00,4613.32,4618.59,4613.26,4617.45,2030.0
2026-01-12 19:50:00,4617.45,4620.6,4616.75,4617.34,1812.0
2026-01-12 19:55:00,4617.34,4620.26,4616.23,4616.38,1703.0
2026-01-12 20:00:00,4616.38,4618.52,4615.06,4615.35,1714.0
2026-01-12 20:05:00,4615.35,4617.38,4613.71,4614.89,1622.0
2026-01-12 20:10:00,4614.88,4615.76,4608.41,4608.41,1599.0
2026-01-12 20:15:00,4608.41,4608.52,4601.93,4602.83,2182.0
2026-01-12 20:20:00,4602.81,4607.94,4601.49,4604.91,2503.0
2026-01-12 20:25:00,4604.91,4605.92,4600.55,4605.64,2250.0
2026-01-12 20:30:00,4605.64,4610.82,4603.1,4610.1,1712.0
2026-01-12 20:35:00,4610.1,4610.33,4607.28,4610.04,1493.0
2026-01-12 20:40:00,4610.04,4610.77,4605.29,4605.92,1623.0
2026-01-12 20:45:00,4605.91,4609.77,4605.67,4606.58,1654.0
2026-01-12 20:50:00,4606.58,4607.05,4603.67,4606.98,1580.0
2026-01-12 20:55:00,4606.98,4611.23,4606.82,4610.84,1342.0
2026-01-12 21:00:00,4610.83,4611.27,4608.87,4609.08,1193.0
2026-01-12 21:05:00,4609.08,4612.36,4608.75,4612.15,1349.0
2026-01-12 21:10:00,4612.16,4614.8,4612.06,4613.79,1489.0
2026-01-12 21:15:00,4613.79,4615.11,4613.36,4614.5,1301.0
2026-01-12 21:20:00,4614.5,4614.93,4612.67,4614.81,1688.0
2026-01-12 21:25:00,4614.81,4617.3,4613.65,4616.86,1441.0
2026-01-12 21:30:00,4616.86,4618.99,4615.96,4616.18,1476.0
2026-01-12 21:35:00,4616.17,4617.31,4615.29,4616.34,1063.0
2026-01-12 21:40:00,4616.36,4617.04,4614.13,4616.46,878.0
2026-01-12 21:45:00,4616.46,4616.92,4613.06,4613.17,1630.0
2026-01-12 21:50:00,4613.17,4614.37,4610.82,4612.89,1217.0
2026-01-12 21:55:00,4612.89,4612.9,4609.3,4611.24,1289.0
2026-01-12 22:00:00,4611.24,4611.69,4603.3,4604.07,2097.0
2026-01-12 22:05:00,4604.07,4605.21,4599.96,4600.57,2407.0
2026-01-12 22:10:00,4600.57,4604.24,4600.28,4602.99,2715.0
2026-01-12 22:15:00,4603.0,4604.5,4599.72,4601.69,2699.0
2026-01-12 22:20:00,4601.69,4603.01,4600.1,4602.62,2599.0
2026-01-12 22:25:00,4602.62,4604.33,4601.7,4602.55,1833.0
2026-01-12 22:30:00,4602.55,4604.77,4601.34,4602.84,2204.0
2026-01-12 22:35:00,4602.84,4604.77,4601.41,4602.09,1919.0
2026-01-12 22:40:00,4602.09,4602.88,4592.35,4592.54,2088.0
2026-01-12 22:45:00,4592.54,4594.89,4591.68,4593.2,2104.0
2026-01-12 22:50:00,4593.23,4598.69,4592.99,4598.17,1941.0
2026-01-12 22:55:00,4598.17,4599.29,4591.48,4593.67,2654.0
2026-01-12 23:00:00,4593.74,4595.61,4591.14,4592.29,1012.0
2026-01-12 23:05:00,4592.31,4596.86,4592.08,4595.85,793.0
2026-01-12 23:10:00,4595.86,4596.0,4591.7,4592.73,919.0
2026-01-12 23:15:00,4592.73,4593.92,4590.94,4593.03,676.0
2026-01-12 23:20:00,4593.03,4594.21,4592.62,4593.53,1068.0
2026-01-12 23:25:00,4593.51,4594.01,4593.02,4593.62,754.0
2026-01-12 23:30:00,4593.62,4595.03,4593.55,4594.07,871.0
2026-01-12 23:35:00,4594.07,4594.14,4592.23,4592.86,702.0
2026-01-12 23:40:00,4592.89,4592.93,4589.86,4590.16,487.0
2026-01-12 23:45:00,4590.22,4593.7,4589.12,4593.68,931.0
2026-01-12 23:50:00,4593.69,4594.01,4591.68,4592.21,786.0
2026-01-12 23:55:00,4592.21,4597.45,4592.2,4597.17,898.0
2026-01-13 01:00:00,4597.17,4607.74,4596.61,4596.64,838.0
2026-01-13 01:05:00,4596.64,4597.41,4592.06,4594.13,1082.0
2026-01-13 01:10:00,4594.13,4594.13,4578.11,4579.18,2063.0
2026-01-13 01:15:00,4579.13,4587.49,4578.37,4583.71,2219.0
2026-01-13 01:20:00,4583.71,4588.25,4582.63,4587.82,1775.0
2026-01-13 01:25:00,4587.82,4588.7,4584.37,4584.54,1452.0
2026-01-13 01:30:00,4584.54,4590.08,4584.09,4590.05,1577.0
2026-01-13 01:35:00,4590.05,4590.17,4585.72,4587.28,1717.0
2026-01-13 01:40:00,4587.28,4589.74,4585.89,4586.1,1110.0
2026-01-13 01:45:00,4586.1,4590.01,4586.1,4589.57,1289.0
2026-01-13 01:50:00,4589.57,4594.51,4588.64,4590.98,1314.0
2026-01-13 01:55:00,4590.98,4599.74,4590.73,4599.46,1695.0
2026-01-13 02:00:00,4599.46,4599.67,4593.7,4594.63,1420.0
2026-01-13 02:05:00,4594.63,4596.53,4592.47,4592.63,1300.0
2026-01-13 02:10:00,4592.63,4594.7,4592.2,4592.91,1009.0
2026-01-13 02:15:00,4592.91,4595.9,4591.99,4594.64,913.0
2026-01-13 02:20:00,4594.64,4595.31,4590.87,4592.58,790.0
2026-01-13 02:25:00,4592.53,4592.56,4588.19,4588.31,738.0
2026-01-13 02:30:00,4588.31,4590.84,4587.27,4587.9,1233.0
2026-01-13 02:35:00,4587.9,4588.74,4584.47,4585.25,1509.0
2026-01-13 02:40:00,4585.25,4586.58,4585.14,4586.3,1117.0
2026-01-13 02:45:00,4586.3,4590.86,4586.26,4588.99,1129.0
2026-01-13 02:50:00,4588.99,4590.84,4587.84,4590.05,1026.0
2026-01-13 02:55:00,4590.05,4592.17,4587.03,4587.38,1212.0
2026-01-13 03:00:00,4587.38,4589.26,4581.62,4583.28,3764.0
2026-01-13 03:05:00,4583.28,4593.54,4582.74,4588.58,3252.0
2026-01-13 03:10:00,4588.58,4595.74,4588.44,4592.41,2804.0
2026-01-13 03:15:00,4592.41,4595.58,4584.78,4586.91,3002.0
2026-01-13 03:20:00,4586.82,4589.43,4585.12,4587.24,2175.0
2026-01-13 03:25:00,4587.25,4588.39,4581.55,4581.89,2781.0
2026-01-13 03:30:00,4581.87,4582.57,4575.62,4577.33,3042.0
2026-01-13 03:35:00,4577.34,4584.97,4576.78,4584.87,2361.0
2026-01-13 03:40:00,4584.87,4587.2,4581.91,4583.16,2693.0
2026-01-13 03:45:00,4583.16,4586.01,4580.98,4581.75,2832.0
2026-01-13 03:50:00,4581.75,4583.39,4579.77,4580.31,2659.0
2026-01-13 03:55:00,4580.31,4582.27,4577.62,4577.9,2736.0
2026-01-13 04:00:00,4577.9,4586.39,4576.67,4584.82,2803.0
2026-01-13 04:05:00,4584.82,4590.48,4584.64,4587.91,2656.0
2026-01-13 04:10:00,4587.91,4589.04,4584.65,4586.47,2727.0
2026-01-13 04:15:00,4586.48,4587.02,4583.99,4585.5,1918.0
2026-01-13 04:20:00,4585.5,4587.11,4584.31,4587.06,1419.0
2026-01-13 04:25:00,4587.06,4587.25,4583.57,4583.76,1726.0
2026-01-13 04:30:00,4583.76,4589.42,4581.99,4586.55,2490.0
2026-01-13 04:35:00,4586.54,4588.66,4585.57,4588.25,2477.0
2026-01-13 04:40:00,4588.26,4590.31,4586.88,4589.23,2678.0
2026-01-13 04:45:00,4589.23,4594.15,4589.01,4592.05,2564.0
2026-01-13 04:50:00,4592.06,4595.05,4592.06,4593.4,2585.0
2026-01-13 04:55:00,4593.4,4594.87,4592.26,4594.14,1903.0
2026-01-13 05:00:00,4594.13,4596.31,4592.69,4595.29,2106.0
2026-01-13 05:05:00,4595.29,4596.75,4594.67,4595.24,1582.0
2026-01-13 05:10:00,4595.23,4599.6,4595.23,4597.88,1827.0
2026-01-13 05:15:00,4597.88,4597.97,4596.08,4596.73,1518.0
2026-01-13 05:20:00,4596.73,4598.63,4595.74,4595.88,1952.0
2026-01-13 05:25:00,4595.88,4597.03,4594.91,4595.7,2247.0
2026-01-13 05:30:00,4595.7,4596.17,4594.77,4595.29,1084.0
2026-01-13 05:35:00,4595.29,4598.06,4595.23,4597.42,1088.0
2026-01-13 05:40:00,4597.53,4597.53,4593.55,4593.98,1455.0
2026-01-13 05:45:00,4593.98,4595.46,4592.81,4593.45,1400.0
2026-01-13 05:50:00,4593.45,4594.01,4592.49,4593.72,1451.0
2026-01-13 05:55:00,4593.71,4595.11,4592.92,4594.05,1665.0
2026-01-13 06:00:00,4594.05,4596.27,4593.9,4594.94,1278.0
2026-01-13 06:05:00,4594.94,4596.57,4594.71,4596.0,1001.0
2026-01-13 06:10:00,4596.0,4597.9,4595.69,4597.62,932.0
2026-01-13 06:15:00,4597.62,4599.34,4597.02,4598.92,1130.0
2026-01-13 06:20:00,4598.93,4599.75,4597.73,4597.74,1296.0
2026-01-13 06:25:00,4597.74,4598.25,4596.56,4597.36,1371.0
2026-01-13 06:30:00,4597.36,4597.86,4595.69,4595.97,1205.0
2026-01-13 06:35:00,4595.97,4596.14,4594.75,4595.62,1275.0
2026-01-13 06:40:00,4595.62,4599.75,4595.57,4598.79,1363.0
2026-01-13 06:45:00,4598.78,4599.35,4597.55,4598.45,1146.0
2026-01-13 06:50:00,4598.45,4598.45,4596.08,4597.45,1118.0
2026-01-13 06:55:00,4597.45,4598.06,4596.18,4596.5,645.0
2026-01-13 07:00:00,4596.52,4598.54,4596.17,4597.26,976.0
2026-01-13 07:05:00,4597.26,4597.26,4591.78,4594.28,1142.0
2026-01-13 07:10:00,4594.28,4595.4,4592.16,4594.43,1170.0
2026-01-13 07:15:00,4594.43,4596.49,4594.34,4595.22,948.0
2026-01-13 07:20:00,4595.18,4598.14,4594.86,4598.14,608.0
2026-01-13 07:25:00,4598.14,4601.59,4598.1,4601.43,1134.0
2026-01-13 07:30:00,4601.43,4602.16,4585.6,4590.94,2548.0
2026-01-13 07:35:00,4590.94,4591.83,4586.34,4590.72,1722.0
2026-01-13 07:40:00,4590.72,4594.9,4589.25,4594.38,1775.0
2026-01-13 07:45:00,4594.33,4595.95,4592.45,4593.19,1595.0
2026-01-13 07:50:00,4593.19,4595.31,4591.2,4593.33,1714.0
2026-01-13 07:55:00,4593.33,4594.21,4592.01,4592.01,1587.0
2026-01-13 08:00:00,4592.01,4592.02,4589.47,4591.45,1819.0
2026-01-13 08:05:00,4591.45,4592.32,4588.11,4588.89,1933.0
2026-01-13 08:10:00,4588.9,4591.29,4588.03,4590.33,1736.0
2026-01-13 08:15:00,4590.33,4590.43,4587.45,4588.72,1729.0
2026-01-13 08:20:00,4588.71,4590.89,4584.85,4586.76,1716.0
2026-01-13 08:25:00,4586.76,4587.0,4582.23,4584.87,1410.0
2026-01-13 08:30:00,4584.87,4586.0,4579.1,4583.91,1701.0
2026-01-13 08:35:00,4583.91,4584.52,4576.88,4577.85,1776.0
2026-01-13 08:40:00,4577.85,4578.01,4573.56,4575.89,1896.0
2026-01-13 08:45:00,4575.89,4580.24,4575.38,4579.69,1909.0
2026-01-13 08:50:00,4579.69,4583.39,4579.69,4580.35,1769.0
2026-01-13 08:55:00,4580.34,4581.87,4578.82,4581.67,1418.0
2026-01-13 09:00:00,4581.67,4583.33,4579.08,4581.61,1217.0
2026-01-13 09:05:00,4581.61,4585.28,4581.61,4584.6,802.0
2026-01-13 09:10:00,4584.6,4585.17,4584.08,4584.75,596.0
2026-01-13 09:15:00,4584.75,4584.83,4580.83,4581.17,830.0
2026-01-13 09:20:00,4581.17,4582.37,4578.88,4581.08,1048.0
2026-01-13 09:25:00,4581.08,4585.03,4581.0,4583.96,1228.0
2026-01-13 09:30:00,4583.96,4587.15,4583.75,4585.43,1550.0
2026-01-13 09:35:00,4585.43,4586.26,4583.51,4585.05,1206.0
2026-01-13 09:40:00,4585.02,4585.38,4579.65,4580.42,1570.0
2026-01-13 09:45:00,4580.41,4580.83,4578.07,4579.06,1204.0
2026-01-13 09:50:00,4579.06,4580.57,4577.51,4577.6,1528.0
2026-01-13 09:55:00,4577.6,4582.5,4577.49,4580.71,1611.0
2026-01-13 10:00:00,4580.71,4585.5,4579.69,4585.07,1956.0
2026-01-13 10:05:00,4585.07,4587.98,4585.07,4587.23,1409.0
2026-01-13 10:10:00,4587.23,4591.66,4587.04,4587.77,1325.0
2026-01-13 10:15:00,4587.77,4587.86,4584.87,4587.23,1528.0
2026-01-13 10:20:00,4587.23,4589.73,4586.62,4589.34,1373.0
2026-01-13 10:25:00,4589.34,4592.51,4588.7,4589.9,1557.0
2026-01-13 10:30:00,4589.91,4593.79,4589.11,4593.71,1831.0
2026-01-13 10:35:00,4593.71,4597.01,4593.67,4595.37,1806.0
2026-01-13 10:40:00,4595.37,4596.26,4592.73,4593.56,1613.0
2026-01-13 10:45:00,4593.56,4595.48,4592.45,4593.81,1385.0
2026-01-13 10:50:00,4593.81,4594.43,4592.75,4593.21,1000.0
2026-01-13 10:55:00,4593.21,4593.49,4591.85,4592.8,1586.0
2026-01-13 11:00:00,4592.84,4594.35,4589.6,4591.23,1759.0
2026-01-13 11:05:00,4591.23,4595.73,4590.69,4594.94,1076.0
2026-01-13 11:10:00,4594.94,4595.06,4593.86,4593.97,1202.0
2026-01-13 11:15:00,4593.97,4595.0,4591.57,4592.68,1455.0
2026-01-13 11:20:00,4592.67,4593.02,4589.86,4589.92,1046.0
2026-01-13 11:25:00,4589.92,4590.03,4588.05,4589.21,1117.0
2026-01-13 11:30:00,4589.21,4590.13,4588.41,4589.28,985.0
2026-01-13 11:35:00,4589.28,4590.36,4588.36,4590.2,1294.0
2026-01-13 11:40:00,4590.2,4592.1,4586.67,4590.76,1618.0
2026-01-13 11:45:00,4590.76,4591.0,4587.57,4588.14,1227.0
2026-01-13 11:50:00,4588.14,4588.61,4585.92,4585.97,986.0
2026-01-13 11:55:00,4585.97,4587.49,4585.69,4586.15,1235.0
2026-01-13 12:00:00,4586.18,4587.02,4582.89,4583.0,999.0
2026-01-13 12:05:00,4583.0,4584.23,4582.64,4583.63,1036.0
2026-01-13 12:10:00,4583.61,4584.22,4580.42,4583.58,1233.0
2026-01-13 12:15:00,4583.57,4583.65,4580.94,4583.51,1375.0
2026-01-13 12:20:00,4583.51,4586.33,4582.97,4583.9,1335.0
2026-01-13 12:25:00,4583.9,4586.19,4583.9,4584.67,1159.0
2026-01-13 12:30:00,4584.67,4584.67,4581.73,4583.29,997.0
2026-01-13 12:35:00,4583.29,4585.23,4581.89,4584.96,1070.0
2026-01-13 12:40:00,4584.96,4588.3,4584.92,4587.19,1249.0
2026-01-13 12:45:00,4587.23,4587.26,4585.91,4586.01,797.0
2026-01-13 12:50:00,4586.01,4587.23,4584.77,4586.0,1353.0
2026-01-13 12:55:00,4586.0,4586.77,4585.47,4586.33,1278.0
2026-01-13 13:00:00,4586.36,4588.93,4586.16,4586.19,915.0
2026-01-13 13:05:00,4586.19,4587.2,4585.78,4586.01,846.0
2026-01-13 13:10:00,4586.01,4586.98,4584.83,4584.86,1138.0
2026-01-13 13:15:00,4584.86,4586.38,4582.09,4584.41,1782.0
2026-01-13 13:20:00,4584.42,4586.53,4584.27,4585.26,1415.0
2026-01-13 13:25:00,4585.26,4589.07,4585.24,4586.82,1827.0
2026-01-13 13:30:00,4586.82,4586.99,4585.38,4586.47,812.0
2026-01-13 13:35:00,4586.46,4586.76,4585.07,4586.28,915.0
2026-01-13 13:40:00,4586.28,4589.78,4585.72,4589.78,1114.0
2026-01-13 13:45:00,4589.78,4591.31,4587.29,4588.49,1513.0
2026-01-13 13:50:00,4588.49,4592.01,4586.48,4586.85,1621.0
2026-01-13 13:55:00,4586.74,4588.99,4586.23,4588.52,1369.0
2026-01-13 14:00:00,4588.52,4589.15,4587.31,4587.82,1331.0
2026-01-13 14:05:00,4587.82,4587.89,4584.76,4585.85,1076.0
2026-01-13 14:10:00,4585.85,4586.27,4583.26,4583.58,1420.0
2026-01-13 14:15:00,4583.58,4584.72,4583.13,4583.84,1017.0
2026-01-13 14:20:00,4583.84,4584.09,4579.36,4579.73,1421.0
2026-01-13 14:25:00,4579.73,4581.07,4577.87,4580.57,1656.0
2026-01-13 14:30:00,4580.57,4581.07,4579.38,4580.18,1473.0
2026-01-13 14:35:00,4580.18,4584.66,4579.9,4583.91,1399.0
2026-01-13 14:40:00,4583.91,4586.2,4583.81,4585.81,992.0
2026-01-13 14:45:00,4585.8,4590.07,4585.46,4589.89,1292.0
2026-01-13 14:50:00,4589.86,4593.59,4589.43,4591.16,1921.0
2026-01-13 14:55:00,4591.16,4595.23,4591.1,4593.22,2087.0
2026-01-13 15:00:00,4593.22,4596.62,4590.65,4594.19,3536.0
2026-01-13 15:05:00,4594.19,4598.67,4593.63,4598.67,2819.0
2026-01-13 15:10:00,4598.67,4606.37,4596.67,4602.75,2888.0
2026-01-13 15:15:00,4602.76,4605.69,4600.5,4601.58,2800.0
2026-01-13 15:20:00,4601.54,4606.46,4599.69,4605.42,2729.0
2026-01-13 15:25:00,4605.41,4605.44,4599.77,4600.43,2288.0
2026-01-13 15:30:00,4600.43,4614.56,4600.35,4613.36,4230.0
2026-01-13 15:35:00,4613.4,4616.17,4609.45,4614.09,3808.0
2026-01-13 15:40:00,4614.13,4620.45,4612.69,4617.9,3482.0
2026-01-13 15:45:00,4617.9,4620.93,4615.0,4617.58,3390.0
2026-01-13 15:50:00,4617.79,4619.01,4612.48,4613.31,2905.0
2026-01-13 15:55:00,4613.31,4613.34,4607.16,4611.49,3485.0
2026-01-13 16:00:00,4611.49,4613.12,4609.12,4611.36,3100.0
2026-01-13 16:05:00,4611.36,4616.77,4610.66,4614.25,3203.0
2026-01-13 16:10:00,4614.35,4619.05,4611.99,4618.81,3046.0
2026-01-13 16:15:00,4618.82,4618.92,4614.6,4614.61,2602.0
2026-01-13 16:20:00,4614.61,4623.63,4614.56,4622.48,2923.0
2026-01-13 16:25:00,4622.4,4622.78,4618.23,4618.26,2714.0
2026-01-13 16:30:00,4618.26,4621.29,4611.73,4615.2,3996.0
2026-01-13 16:35:00,4615.2,4620.73,4613.1,4617.02,4260.0
2026-01-13 16:40:00,4617.02,4626.01,4615.81,4625.84,4220.0
2026-01-13 16:45:00,4625.84,4634.26,4624.77,4633.75,3829.0
2026-01-13 16:50:00,4633.75,4634.6,4622.97,4624.29,4107.0
2026-01-13 16:55:00,4624.33,4633.24,4623.08,4629.95,3622.0
2026-01-13 17:00:00,4629.95,4630.32,4614.34,4619.35,4184.0
2026-01-13 17:05:00,4619.35,4622.63,4617.05,4619.34,3940.0
2026-01-13 17:10:00,4619.38,4624.54,4617.83,4621.45,3653.0
2026-01-13 17:15:00,4621.45,4623.41,4603.41,4606.82,4695.0
2026-01-13 17:20:00,4606.91,4610.86,4600.9,4604.12,4625.0
2026-01-13 17:25:00,4604.24,4610.84,4603.46,4608.75,4071.0
2026-01-13 17:30:00,4608.76,4614.02,4605.49,4612.46,4209.0
2026-01-13 17:35:00,4612.46,4613.31,4605.19,4609.3,3457.0
2026-01-13 17:40:00,4609.3,4616.31,4606.44,4614.81,2881.0
2026-01-13 17:45:00,4614.81,4618.16,4614.12,4615.44,2563.0
2026-01-13 17:50:00,4615.44,4619.32,4612.85,4615.69,2681.0
2026-01-13 17:55:00,4615.67,4620.64,4614.67,4619.1,2684.0
2026-01-13 18:00:00,4619.08,4620.72,4612.59,4612.6,3046.0
2026-01-13 18:05:00,4612.61,4614.47,4606.67,4607.51,3373.0
2026-01-13 18:10:00,4607.51,4614.01,4606.92,4612.45,2597.0
2026-01-13 18:15:00,4612.45,4612.94,4606.95,4609.63,2872.0
2026-01-13 18:20:00,4609.63,4610.57,4604.03,4606.05,2740.0
2026-01-13 18:25:00,4606.05,4606.43,4593.07,4598.56,3705.0
2026-01-13 18:30:00,4598.56,4606.63,4596.71,4605.65,3119.0
2026-01-13 18:35:00,4605.68,4607.51,4601.19,4607.51,2911.0
2026-01-13 18:40:00,4607.51,4609.34,4606.19,4608.79,2440.0
2026-01-13 18:45:00,4608.79,4612.06,4607.38,4611.02,2283.0
2026-01-13 18:50:00,4611.02,4613.38,4610.06,4612.74,2297.0
2026-01-13 18:55:00,4612.74,4613.91,4610.98,4613.37,2582.0
2026-01-13 19:00:00,4613.37,4616.03,4613.31,4613.46,2131.0
2026-01-13 19:05:00,4613.46,4614.78,4610.84,4611.42,2120.0
2026-01-13 19:10:00,4611.42,4612.21,4606.56,4608.47,1492.0
2026-01-13 19:15:00,4608.47,4610.86,4606.41,4610.41,1395.0
2026-01-13 19:20:00,4610.41,4612.63,4609.39,4612.3,1326.0
2026-01-13 19:25:00,4612.3,4612.3,4606.65,4609.8,1808.0
2026-01-13 19:30:00,4609.8,4611.13,4603.22,4610.0,2487.0
2026-01-13 19:35:00,4610.0,4612.02,4607.86,4609.76,2090.0
2026-01-13 19:40:00,4609.76,4610.46,4604.12,4604.57,2686.0
2026-01-13 19:45:00,4604.55,4607.08,4601.75,4602.18,2608.0
2026-01-13 19:50:00,4602.2,4602.33,4597.13,4600.27,2957.0
2026-01-13 19:55:00,4600.28,4600.62,4586.62,4590.38,3300.0
2026-01-13 20:00:00,4590.38,4593.94,4586.01,4588.61,3618.0
2026-01-13 20:05:00,4588.61,4594.47,4586.76,4592.87,3526.0
2026-01-13 20:10:00,4592.87,4594.37,4591.14,4594.37,2969.0
2026-01-13 20:15:00,4594.37,4595.06,4584.01,4586.2,3119.0
2026-01-13 20:20:00,4586.22,4589.2,4581.11,4588.36,3895.0
2026-01-13 20:25:00,4588.36,4592.6,4588.24,4591.74,3223.0
2026-01-13 20:30:00,4591.74,4594.91,4589.84,4593.48,2625.0
2026-01-13 20:35:00,4593.55,4599.63,4593.36,4599.3,2312.0
2026-01-13 20:40:00,4599.3,4600.79,4598.28,4600.36,2169.0
2026-01-13 20:45:00,4600.36,4601.97,4599.65,4599.91,1944.0
2026-01-13 20:50:00,4599.91,4600.34,4597.76,4599.57,2094.0
2026-01-13 20:55:00,4599.57,4599.57,4594.04,4594.12,2458.0
2026-01-13 21:00:00,4594.12,4594.2,4584.16,4587.39,3122.0
2026-01-13 21:05:00,4587.39,4594.65,4586.24,4593.5,2222.0
2026-01-13 21:10:00,4593.51,4595.85,4590.76,4595.69,1914.0
2026-01-13 21:15:00,4595.69,4597.23,4584.71,4591.14,2534.0
2026-01-13 21:20:00,4591.14,4593.41,4591.02,4592.71,2103.0
2026-01-13 21:25:00,4592.71,4595.12,4592.68,4593.31,1764.0
2026-01-13 21:30:00,4593.31,4596.77,4592.57,4596.1,1891.0
2026-01-13 21:35:00,4596.1,4598.48,4593.07,4598.32,1988.0
2026-01-13 21:40:00,4598.27,4598.86,4593.9,4596.06,1941.0
2026-01-13 21:45:00,4596.08,4596.1,4590.66,4592.7,2336.0
2026-01-13 21:50:00,4592.7,4596.09,4592.45,4595.92,1697.0
2026-01-13 21:55:00,4595.92,4598.99,4595.91,4597.52,1602.0
2026-01-13 22:00:00,4597.52,4597.83,4590.36,4592.26,2317.0
2026-01-13 22:05:00,4592.24,4594.48,4590.33,4592.14,1872.0
2026-01-13 22:10:00,4592.14,4594.68,4591.67,4592.9,1749.0
2026-01-13 22:15:00,4592.9,4595.2,4590.72,4594.58,2251.0
2026-01-13 22:20:00,4594.58,4595.17,4591.35,4592.75,2389.0
2026-01-13 22:25:00,4592.75,4593.63,4587.7,4588.85,2217.0
2026-01-13 22:30:00,4588.85,4589.1,4570.97,4572.03,3867.0
2026-01-13 22:35:00,4572.03,4579.53,4569.58,4576.65,3470.0
2026-01-13 22:40:00,4576.6,4587.35,4574.78,4585.12,3005.0
2026-01-13 22:45:00,4585.12,4589.26,4583.55,4588.92,2518.0
2026-01-13 22:50:00,4588.92,4589.23,4583.33,4586.57,2823.0
2026-01-13 22:55:00,4586.57,4586.9,4582.37,4586.06,2732.0
2026-01-13 23:00:00,4585.97,4589.31,4585.07,4587.42,946.0
2026-01-13 23:05:00,4587.42,4588.29,4585.93,4586.21,548.0
2026-01-13 23:10:00,4586.2,4587.25,4583.35,4583.37,576.0
2026-01-13 23:15:00,4583.38,4586.99,4582.65,4585.98,751.0
2026-01-13 23:20:00,4585.98,4587.28,4585.53,4586.92,800.0
2026-01-13 23:25:00,4586.92,4589.5,4586.48,4587.88,1003.0
2026-01-13 23:30:00,4587.8,4588.36,4585.81,4587.09,623.0
2026-01-13 23:35:00,4587.09,4589.43,4585.54,4587.61,644.0
2026-01-13 23:40:00,4587.67,4589.08,4586.48,4588.96,548.0
2026-01-13 23:45:00,4588.96,4589.78,4587.23,4587.79,615.0
2026-01-13 23:50:00,4587.79,4588.15,4586.81,4587.0,423.0
2026-01-13 23:55:00,4587.0,4587.46,4585.54,4586.1,451.0
2026-01-14 01:00:00,4586.1,4592.53,4586.1,4591.74,589.0
2026-01-14 01:05:00,4591.82,4595.29,4591.39,4593.01,1170.0
2026-01-14 01:10:00,4592.98,4595.99,4592.92,4595.92,1272.0
2026-01-14 01:15:00,4595.92,4596.82,4593.0,4594.89,940.0
2026-01-14 01:20:00,4594.89,4596.41,4594.4,4596.34,794.0
2026-01-14 01:25:00,4596.34,4597.86,4596.22,4597.22,1061.0
2026-01-14 01:30:00,4597.22,4597.22,4594.72,4595.82,1091.0
2026-01-14 01:35:00,4595.82,4596.74,4594.9,4596.74,899.0
2026-01-14 01:40:00,4596.73,4596.73,4593.24,4594.34,1007.0
2026-01-14 01:45:00,4594.34,4596.27,4593.97,4596.2,724.0
2026-01-14 01:50:00,4596.2,4597.44,4594.46,4597.21,620.0
2026-01-14 01:55:00,4597.21,4598.77,4596.86,4597.1,953.0
2026-01-14 02:00:00,4597.12,4603.71,4597.07,4603.5,1409.0
2026-01-14 02:05:00,4603.5,4607.8,4601.93,4606.7,1356.0
2026-01-14 02:10:00,4606.71,4606.96,4604.72,4605.26,1259.0
2026-01-14 02:15:00,4605.27,4607.51,4605.01,4605.53,922.0
2026-01-14 02:20:00,4605.53,4605.98,4603.01,4603.57,1121.0
2026-01-14 02:25:00,4603.57,4610.53,4603.29,4609.66,1561.0
2026-01-14 02:30:00,4609.67,4610.15,4607.71,4608.48,1582.0
2026-01-14 02:35:00,4608.48,4609.04,4607.0,4607.94,1384.0
2026-01-14 02:40:00,4607.94,4610.66,4607.53,4608.61,1208.0
2026-01-14 02:45:00,4608.61,4608.79,4604.82,4605.22,1994.0
2026-01-14 02:50:00,4605.22,4607.34,4604.68,4606.14,1946.0
2026-01-14 02:55:00,4606.14,4610.57,4605.64,4609.12,1817.0
2026-01-14 03:00:00,4609.13,4615.71,4606.24,4615.39,3757.0
2026-01-14 03:05:00,4615.39,4616.17,4611.4,4611.49,2604.0
2026-01-14 03:10:00,4611.42,4617.01,4610.52,4615.5,2386.0
2026-01-14 03:15:00,4615.52,4618.22,4613.11,4617.2,2243.0
2026-01-14 03:20:00,4617.24,4618.4,4612.04,4612.28,2110.0
2026-01-14 03:25:00,4612.28,4616.48,4611.85,4614.61,2170.0
2026-01-14 03:30:00,4614.58,4616.73,4613.57,4615.01,2351.0
2026-01-14 03:35:00,4615.01,4618.37,4614.09,4617.8,2498.0
2026-01-14 03:40:00,4617.8,4618.72,4614.39,4614.64,3050.0
2026-01-14 03:45:00,4614.62,4618.18,4613.61,4613.83,2304.0
2026-01-14 03:50:00,4613.83,4619.68,4613.63,4619.42,2828.0
2026-01-14 03:55:00,4619.42,4619.88,4618.69,4619.16,1964.0
2026-01-14 04:00:00,4619.17,4620.75,4616.98,4618.12,2530.0
2026-01-14 04:05:00,4618.12,4620.37,4614.32,4614.76,2970.0
2026-01-14 04:10:00,4614.76,4619.45,4614.61,4618.25,2681.0
2026-01-14 04:15:00,4618.27,4619.14,4616.61,4617.83,1717.0
2026-01-14 04:20:00,4617.83,4621.35,4617.78,4620.82,1516.0
2026-01-14 04:25:00,4620.82,4621.07,4619.69,4619.97,1436.0
2026-01-14 04:30:00,4619.98,4622.62,4617.97,4619.0,2710.0
2026-01-14 04:35:00,4619.0,4622.25,4618.46,4621.04,2507.0
2026-01-14 04:40:00,4621.03,4622.34,4620.86,4621.27,2321.0
2026-01-14 04:45:00,4621.27,4623.67,4618.16,4621.68,2433.0
2026-01-14 04:50:00,4621.63,4622.12,4619.32,4619.98,1556.0
2026-01-14 04:55:00,4619.98,4622.04,4619.8,4620.56,1039.0
2026-01-14 05:00:00,4620.56,4622.85,4620.23,4622.08,1332.0
2026-01-14 05:05:00,4622.08,4622.52,4619.03,4619.09,1858.0
2026-01-14 05:10:00,4619.07,4620.19,4617.71,4618.12,1927.0
2026-01-14 05:15:00,4618.12,4621.61,4617.66,4620.91,1691.0
2026-01-14 05:20:00,4620.91,4621.26,4618.58,4618.83,1303.0
2026-01-14 05:25:00,4618.83,4619.74,4613.31,4615.12,2904.0
2026-01-14 05:30:00,4615.12,4621.03,4614.9,4621.03,1405.0
2026-01-14 05:35:00,4621.03,4625.6,4620.37,4624.64,1050.0
2026-01-14 05:40:00,4624.63,4624.68,4622.56,4624.13,1255.0
2026-01-14 05:45:00,4624.13,4624.94,4623.19,4623.9,1480.0
2026-01-14 05:50:00,4623.9,4627.71,4623.83,4627.46,1508.0
2026-01-14 05:55:00,4627.44,4629.97,4625.47,4628.22,2044.0
2026-01-14 06:00:00,4628.22,4630.14,4627.85,4628.91,1688.0
2026-01-14 06:05:00,4628.91,4629.2,4627.58,4628.05,1132.0
2026-01-14 06:10:00,4628.05,4628.68,4626.83,4627.42,1220.0
2026-01-14 06:15:00,4627.42,4629.99,4627.23,4628.59,1479.0
2026-01-14 06:20:00,4628.59,4628.66,4626.15,4627.01,1379.0
2026-01-14 06:25:00,4627.01,4627.35,4625.23,4626.52,1602.0
2026-01-14 06:30:00,4626.52,4628.5,4625.32,4628.3,1365.0
2026-01-14 06:35:00,4628.3,4629.87,4627.83,4628.81,1286.0
2026-01-14 06:40:00,4628.81,4629.11,4627.89,4627.99,855.0
2026-01-14 06:45:00,4627.99,4629.73,4626.9,4629.21,1707.0
2026-01-14 06:50:00,4629.21,4630.4,4628.16,4629.68,1689.0
2026-01-14 06:55:00,4629.68,4630.4,4627.84,4629.34,1501.0
2026-01-14 07:00:00,4629.28,4639.65,4629.28,4638.74,1798.0
2026-01-14 07:05:00,4638.74,4638.91,4634.56,4635.38,1820.0
2026-01-14 07:10:00,4635.38,4636.1,4633.12,4634.05,1425.0
2026-01-14 07:15:00,4634.05,4635.38,4631.97,4632.78,1284.0
2026-01-14 07:20:00,4632.78,4633.94,4631.02,4633.68,1375.0
2026-01-14 07:25:00,4633.68,4635.45,4632.56,4634.19,1380.0
2026-01-14 07:30:00,4634.19,4639.7,4631.89,4638.3,3074.0
2026-01-14 07:35:00,4638.31,4638.49,4635.61,4637.01,2048.0
2026-01-14 07:40:00,4637.01,4639.09,4635.16,4636.31,2074.0
2026-01-14 07:45:00,4636.31,4639.53,4634.88,4639.37,1960.0
2026-01-14 07:50:00,4639.39,4639.39,4633.65,4634.02,2036.0
2026-01-14 07:55:00,4634.02,4634.22,4618.01,4619.8,3878.0
2026-01-14 08:00:00,4619.8,4626.92,4618.5,4626.69,3275.0
2026-01-14 08:05:00,4626.69,4629.05,4623.34,4626.02,2635.0
2026-01-14 08:10:00,4626.02,4635.15,4625.06,4633.53,2551.0
2026-01-14 08:15:00,4633.53,4634.42,4631.85,4633.0,2171.0
2026-01-14 08:20:00,4633.0,4634.87,4630.84,4634.68,2275.0
2026-01-14 08:25:00,4634.67,4635.24,4632.61,4633.02,2033.0
2026-01-14 08:30:00,4633.02,4633.39,4626.33,4626.49,2647.0
2026-01-14 08:35:00,4626.49,4631.07,4626.13,4629.22,2407.0
2026-01-14 08:40:00,4629.26,4632.12,4628.47,4630.73,1988.0
2026-01-14 08:45:00,4630.73,4634.76,4630.72,4631.92,1887.0
2026-01-14 08:50:00,4631.92,4633.65,4630.57,4633.55,1785.0
2026-01-14 08:55:00,4633.55,4637.27,4633.14,4637.27,2079.0
2026-01-14 09:00:00,4637.27,4638.43,4632.52,4634.52,1971.0
2026-01-14 09:05:00,4634.51,4634.94,4632.04,4632.17,1100.0
2026-01-14 09:10:00,4632.12,4634.33,4631.55,4632.89,1051.0
2026-01-14 09:15:00,4632.89,4635.72,4632.08,4634.86,1256.0
2026-01-14 09:20:00,4634.83,4638.87,4633.36,4637.95,1641.0
2026-01-14 09:25:00,4637.94,4639.59,4636.66,4637.15,1499.0
2026-01-14 09:30:00,4637.15,4637.16,4633.93,4636.24,1558.0
2026-01-14 09:35:00,4636.22,4638.24,4636.14,4636.67,718.0
2026-01-14 09:40:00,4636.68,4638.39,4635.25,4636.67,1061.0
2026-01-14 09:45:00,4636.65,4637.68,4634.47,4636.28,1181.0
2026-01-14 09:50:00,4636.25,4636.99,4633.39,4634.02,942.0
2026-01-14 09:55:00,4634.02,4634.09,4632.47,4632.52,1688.0
2026-01-14 10:00:00,4632.51,4634.18,4630.66,4631.12,1819.0
2026-01-14 10:05:00,4631.12,4631.63,4624.37,4624.37,2319.0
2026-01-14 10:10:00,4624.37,4627.62,4623.5,4627.32,1756.0
2026-01-14 10:15:00,4627.32,4627.69,4624.23,4625.01,1474.0
2026-01-14 10:20:00,4625.0,4628.79,4622.91,4627.79,1904.0
2026-01-14 10:25:00,4627.79,4628.02,4621.94,4625.06,2331.0
2026-01-14 10:30:00,4625.06,4629.72,4624.46,4629.71,1542.0
2026-01-14 10:35:00,4629.71,4631.03,4628.52,4631.03,2158.0
2026-01-14 10:40:00,4631.03,4632.67,4629.98,4632.3,1793.0
2026-01-14 10:45:00,4632.3,4637.9,4631.71,4635.23,2162.0
2026-01-14 10:50:00,4635.23,4636.39,4633.64,4634.81,1340.0
2026-01-14 10:55:00,4634.81,4635.2,4632.72,4634.91,1668.0
2026-01-14 11:00:00,4634.91,4634.93,4633.25,4634.51,1176.0
2026-01-14 11:05:00,4634.51,4638.69,4634.48,4638.04,1489.0
2026-01-14 11:10:00,4638.04,4639.22,4635.42,4638.42,1522.0
2026-01-14 11:15:00,4638.42,4639.56,4637.7,4639.07,1768.0
2026-01-14 11:20:00,4639.07,4639.38,4636.36,4637.3,1360.0
2026-01-14 11:25:00,4637.29,4638.07,4636.57,4637.5,1091.0
2026-01-14 11:30:00,4637.49,4637.75,4633.83,4633.88,990.0
2026-01-14 11:35:00,4633.88,4633.88,4630.03,4630.26,1469.0
2026-01-14 11:40:00,4630.26,4630.54,4627.31,4627.63,1524.0
2026-01-14 11:45:00,4627.63,4630.02,4627.13,4629.65,1429.0
2026-01-14 11:50:00,4629.71,4631.79,4628.43,4629.51,1393.0
2026-01-14 11:55:00,4629.51,4630.92,4627.93,4630.42,1656.0
2026-01-14 12:00:00,4630.42,4631.04,4627.85,4630.88,1289.0
2026-01-14 12:05:00,4630.88,4632.42,4629.13,4629.85,1019.0
2026-01-14 12:10:00,4629.87,4632.02,4628.1,4631.63,1072.0
2026-01-14 12:15:00,4631.66,4634.93,4631.66,4634.75,1170.0
2026-01-14 12:20:00,4634.75,4636.01,4632.17,4632.69,1444.0
2026-01-14 12:25:00,4632.68,4637.0,4632.63,4634.95,1345.0
2026-01-14 12:30:00,4634.94,4635.56,4632.33,4635.13,1630.0
2026-01-14 12:35:00,4635.13,4636.68,4633.51,4636.51,1223.0
2026-01-14 12:40:00,4636.5,4638.21,4635.74,4635.75,1657.0
2026-01-14 12:45:00,4635.75,4636.52,4633.26,4633.74,1583.0
2026-01-14 12:50:00,4633.7,4635.87,4633.0,4633.25,1828.0
2026-01-14 12:55:00,4633.25,4633.36,4631.22,4633.04,1576.0
2026-01-14 13:00:00,4633.04,4635.44,4630.27,4635.34,1559.0
2026-01-14 13:05:00,4635.34,4636.54,4633.72,4635.05,1314.0
2026-01-14 13:10:00,4635.05,4636.33,4634.44,4635.42,1153.0
2026-01-14 13:15:00,4635.42,4637.44,4634.68,4634.82,1405.0
2026-01-14 13:20:00,4634.82,4635.84,4633.25,4635.18,1379.0
2026-01-14 13:25:00,4635.18,4636.53,4629.25,4630.22,2039.0
2026-01-14 13:30:00,4630.26,4632.83,4627.44,4627.85,1978.0
2026-01-14 13:35:00,4627.85,4630.81,4627.75,4629.95,1260.0
2026-01-14 13:40:00,4629.95,4631.59,4629.87,4630.76,1385.0
2026-01-14 13:45:00,4630.76,4631.53,4628.41,4629.45,1187.0
2026-01-14 13:50:00,4629.45,4630.82,4626.08,4629.16,1792.0
2026-01-14 13:55:00,4629.16,4631.48,4627.6,4630.37,1423.0
2026-01-14 14:00:00,4630.37,4637.6,4630.24,4634.74,2628.0
2026-01-14 14:05:00,4634.74,4638.18,4634.74,4636.99,2164.0
2026-01-14 14:10:00,4636.99,4638.43,4635.09,4635.7,1722.0
2026-01-14 14:15:00,4635.67,4636.7,4633.96,4635.98,1373.0
2026-01-14 14:20:00,4635.98,4638.65,4634.35,4638.61,1431.0
2026-01-14 14:25:00,4638.61,4638.89,4635.51,4636.07,1276.0
2026-01-14 14:30:00,4636.07,4638.19,4635.46,4635.83,1614.0
2026-01-14 14:35:00,4635.8,4636.93,4634.5,4635.37,2128.0
2026-01-14 14:40:00,4635.34,4636.57,4634.03,4634.59,1684.0
2026-01-14 14:45:00,4634.59,4636.04,4633.72,4635.92,1771.0
2026-01-14 14:50:00,4635.95,4636.65,4634.78,4636.31,1602.0
2026-01-14 14:55:00,4636.31,4641.92,4634.69,4638.71,2282.0
2026-01-14 15:00:00,4638.71,4641.6,4632.57,4635.29,3943.0
2026-01-14 15:05:00,4635.28,4635.43,4629.66,4629.78,3224.0
2026-01-14 15:10:00,4629.79,4632.99,4627.34,4628.67,3417.0
2026-01-14 15:15:00,4628.67,4631.88,4627.74,4628.54,3378.0
2026-01-14 15:20:00,4628.56,4635.24,4627.58,4635.01,2551.0
2026-01-14 15:25:00,4634.91,4634.94,4627.93,4631.39,2540.0
2026-01-14 15:30:00,4631.39,4633.57,4624.11,4630.21,3284.0
2026-01-14 15:35:00,4630.21,4633.06,4625.16,4633.03,3561.0
2026-01-14 15:40:00,4633.03,4637.22,4631.05,4636.7,3010.0
2026-01-14 15:45:00,4636.7,4636.91,4634.0,4634.0,2442.0
2026-01-14 15:50:00,4634.0,4635.87,4629.4,4635.47,2815.0
2026-01-14 15:55:00,4635.43,4636.52,4633.98,4635.73,2538.0
2026-01-14 16:00:00,4635.75,4638.92,4633.11,4636.17,2690.0
2026-01-14 16:05:00,4636.16,4637.4,4629.63,4633.14,2676.0
2026-01-14 16:10:00,4633.14,4635.09,4630.51,4634.26,2394.0
2026-01-14 16:15:00,4634.26,4635.38,4631.16,4635.07,2849.0
2026-01-14 16:20:00,4635.05,4638.02,4634.97,4636.21,2608.0
2026-01-14 16:25:00,4636.21,4636.21,4632.89,4635.38,2891.0
2026-01-14 16:30:00,4635.38,4635.38,4626.14,4629.58,4498.0
2026-01-14 16:35:00,4629.57,4630.0,4617.44,4618.66,4476.0
2026-01-14 16:40:00,4618.66,4624.04,4614.17,4618.93,4358.0
2026-01-14 16:45:00,4618.88,4620.62,4607.44,4607.71,4608.0
2026-01-14 16:50:00,4607.71,4617.45,4606.9,4615.53,4524.0
2026-01-14 16:55:00,4615.51,4619.15,4613.58,4617.65,4021.0
2026-01-14 17:00:00,4617.57,4617.57,4602.82,4605.6,4398.0
2026-01-14 17:05:00,4605.6,4611.02,4599.4,4605.07,4143.0
2026-01-14 17:10:00,4605.07,4616.57,4603.77,4615.63,4768.0
2026-01-14 17:15:00,4615.63,4623.13,4614.32,4621.79,3859.0
2026-01-14 17:20:00,4621.82,4626.54,4619.34,4623.51,3454.0
2026-01-14 17:25:00,4623.51,4624.91,4614.47,4615.54,3630.0
2026-01-14 17:30:00,4615.56,4619.2,4609.84,4610.23,3859.0
2026-01-14 17:35:00,4610.26,4620.26,4610.05,4620.17,3306.0
2026-01-14 17:40:00,4620.17,4621.88,4611.61,4613.12,3092.0
2026-01-14 17:45:00,4613.12,4617.37,4611.91,4613.19,2783.0
2026-01-14 17:50:00,4613.19,4615.16,4610.47,4614.95,2961.0
2026-01-14 17:55:00,4614.96,4619.32,4614.96,4617.88,2985.0
2026-01-14 18:00:00,4617.9,4620.88,4615.5,4618.47,3081.0
2026-01-14 18:05:00,4618.58,4621.51,4615.73,4616.14,2713.0
2026-01-14 18:10:00,4616.14,4619.67,4614.92,4617.89,2618.0
2026-01-14 18:15:00,4617.89,4621.14,4616.48,4620.81,2925.0
2026-01-14 18:20:00,4620.75,4623.37,4619.56,4622.48,2438.0
2026-01-14 18:25:00,4622.47,4624.79,4619.25,4621.72,2977.0
2026-01-14 18:30:00,4621.72,4623.18,4617.72,4618.96,2974.0
2026-01-14 18:35:00,4618.96,4621.12,4615.04,4617.44,3348.0
2026-01-14 18:40:00,4617.44,4618.43,4613.89,4615.58,3209.0
2026-01-14 18:45:00,4615.6,4616.64,4611.11,4611.11,3469.0
2026-01-14 18:50:00,4611.06,4616.15,4610.04,4612.73,3212.0
2026-01-14 18:55:00,4612.74,4617.49,4608.54,4616.99,3179.0
2026-01-14 19:00:00,4616.99,4619.12,4615.57,4616.14,2804.0
2026-01-14 19:05:00,4616.14,4616.61,4609.91,4614.68,2821.0
2026-01-14 19:10:00,4614.64,4617.34,4612.04,4615.66,2431.0
2026-01-14 19:15:00,4615.66,4615.79,4611.08,4613.41,3007.0
2026-01-14 19:20:00,4613.39,4614.26,4607.16,4607.46,2864.0
2026-01-14 19:25:00,4607.46,4612.04,4605.61,4611.33,2942.0
2026-01-14 19:30:00,4611.33,4612.06,4605.73,4608.58,3436.0
2026-01-14 19:35:00,4608.63,4611.72,4607.18,4608.55,3061.0
2026-01-14 19:40:00,4608.55,4608.55,4601.18,4604.43,3412.0
2026-01-14 19:45:00,4604.37,4611.27,4604.02,4611.24,3169.0
2026-01-14 19:50:00,4611.24,4613.65,4608.89,4612.47,3650.0
2026-01-14 19:55:00,4612.47,4616.62,4612.16,4614.28,3072.0
2026-01-14 20:00:00,4614.28,4621.03,4612.81,4621.01,3092.0
2026-01-14 20:05:00,4621.01,4622.6,4620.45,4621.01,2591.0
2026-01-14 20:10:00,4621.01,4623.67,4620.35,4623.67,2477.0
2026-01-14 20:15:00,4623.65,4629.32,4622.59,4627.06,2799.0
2026-01-14 20:20:00,4627.06,4628.05,4624.71,4626.75,3155.0
2026-01-14 20:25:00,4626.75,4630.11,4625.64,4628.27,3007.0
2026-01-14 20:30:00,4628.27,4632.4,4628.16,4629.74,2420.0
2026-01-14 20:35:00,4629.74,4630.19,4628.1,4628.83,1709.0
2026-01-14 20:40:00,4628.86,4633.47,4628.83,4631.46,2105.0
2026-01-14 20:45:00,4631.47,4634.01,4630.08,4632.02,2260.0
2026-01-14 20:50:00,4632.02,4636.61,4632.02,4634.87,2364.0
2026-01-14 20:55:00,4634.87,4637.21,4633.87,4635.04,2164.0
2026-01-14 21:00:00,4635.04,4642.91,4635.04,4637.34,3178.0
2026-01-14 21:05:00,4637.37,4638.56,4634.08,4634.88,2811.0
2026-01-14 21:10:00,4634.87,4637.2,4633.39,4637.0,2248.0
2026-01-14 21:15:00,4636.97,4638.56,4634.28,4638.46,2046.0
2026-01-14 21:20:00,4638.47,4639.43,4636.11,4639.21,2113.0
2026-01-14 21:25:00,4639.21,4640.02,4634.67,4635.02,2498.0
2026-01-14 21:30:00,4635.02,4638.0,4634.6,4636.96,2623.0
2026-01-14 21:35:00,4636.93,4640.56,4634.63,4639.17,2551.0
2026-01-14 21:40:00,4639.16,4640.43,4639.04,4639.97,1683.0
2026-01-14 21:45:00,4639.97,4640.8,4638.47,4639.39,1771.0
2026-01-14 21:50:00,4639.39,4641.49,4638.44,4638.93,1729.0
2026-01-14 21:55:00,4638.93,4640.01,4635.78,4639.26,2190.0
2026-01-14 22:00:00,4639.23,4641.18,4627.07,4631.79,3913.0
2026-01-14 22:05:00,4631.79,4638.35,4625.93,4637.07,3850.0
2026-01-14 22:10:00,4637.08,4641.52,4634.71,4636.26,3354.0
2026-01-14 22:15:00,4636.26,4637.88,4630.87,4636.76,3064.0
2026-01-14 22:20:00,4636.76,4637.09,4631.29,4635.62,2538.0
2026-01-14 22:25:00,4635.62,4635.73,4632.33,4634.16,2372.0
2026-01-14 22:30:00,4634.2,4635.52,4630.27,4630.4,2300.0
2026-01-14 22:35:00,4630.4,4634.29,4626.31,4633.73,2676.0
2026-01-14 22:40:00,4633.73,4634.31,4625.77,4625.77,2567.0
2026-01-14 22:45:00,4625.79,4631.04,4625.79,4630.48,2216.0
2026-01-14 22:50:00,4630.48,4632.95,4628.9,4632.33,2592.0
2026-01-14 22:55:00,4632.33,4633.08,4631.1,4632.56,2271.0
2026-01-14 23:00:00,4632.54,4632.93,4629.06,4631.22,880.0
2026-01-14 23:05:00,4631.25,4631.53,4628.64,4629.68,722.0
2026-01-14 23:10:00,4629.68,4630.55,4624.48,4624.48,866.0
2026-01-14 23:15:00,4624.48,4626.59,4622.57,4625.78,1490.0
2026-01-14 23:20:00,4625.78,4626.93,4624.05,4624.16,970.0
2026-01-14 23:25:00,4624.16,4624.19,4620.97,4622.38,909.0
2026-01-14 23:30:00,4622.29,4623.27,4620.1,4620.91,580.0
2026-01-14 23:35:00,4620.9,4621.17,4619.65,4620.67,654.0
2026-01-14 23:40:00,4620.67,4621.16,4617.79,4621.08,925.0
2026-01-14 23:45:00,4621.08,4622.82,4619.82,4620.66,496.0
2026-01-14 23:50:00,4620.66,4627.4,4620.54,4626.84,950.0
2026-01-14 23:55:00,4626.88,4628.17,4624.19,4626.76,1103.0
2026-01-15 01:00:00,4626.76,4632.53,4620.33,4623.11,859.0
2026-01-15 01:05:00,4623.19,4623.78,4612.63,4612.63,1616.0
2026-01-15 01:10:00,4612.63,4617.93,4612.31,4616.74,2415.0
2026-01-15 01:15:00,4616.74,4618.62,4610.81,4612.04,2081.0
2026-01-15 01:20:00,4612.04,4612.32,4607.62,4608.4,1732.0
2026-01-15 01:25:00,4608.4,4609.47,4605.52,4609.09,1988.0
2026-01-15 01:30:00,4609.09,4612.14,4607.99,4609.54,1943.0
2026-01-15 01:35:00,4609.34,4612.97,4606.49,4607.15,1913.0
2026-01-15 01:40:00,4607.15,4607.26,4602.82,4606.51,1804.0
2026-01-15 01:45:00,4606.51,4614.46,4606.43,4613.68,2662.0
2026-01-15 01:50:00,4613.68,4613.73,4609.98,4610.41,1672.0
2026-01-15 01:55:00,4610.41,4616.13,4610.31,4615.23,1645.0
2026-01-15 02:00:00,4615.23,4617.08,4611.59,4616.22,2247.0
2026-01-15 02:05:00,4616.22,4617.51,4614.16,4617.15,1444.0
2026-01-15 02:10:00,4617.15,4617.8,4614.84,4616.57,1269.0
2026-01-15 02:15:00,4616.57,4618.13,4614.53,4616.95,1550.0
2026-01-15 02:20:00,4616.95,4617.67,4614.12,4617.55,1046.0
2026-01-15 02:25:00,4617.54,4617.64,4615.48,4616.69,1403.0
2026-01-15 02:30:00,4616.69,4618.01,4615.56,4616.47,1406.0
2026-01-15 02:35:00,4616.47,4617.7,4615.3,4615.96,1337.0
2026-01-15 02:40:00,4615.96,4616.11,4613.26,4613.79,2083.0
2026-01-15 02:45:00,4613.79,4615.17,4610.33,4610.5,2238.0
2026-01-15 02:50:00,4610.51,4614.42,4610.13,4613.59,2387.0
2026-01-15 02:55:00,4613.59,4617.4,4613.53,4615.26,1537.0
2026-01-15 03:00:00,4615.26,4616.2,4606.99,4609.88,3906.0
2026-01-15 03:05:00,4609.88,4617.58,4606.7,4616.58,3209.0
2026-01-15 03:10:00,4616.58,4617.02,4607.79,4609.15,3298.0
2026-01-15 03:15:00,4609.15,4610.11,4602.72,4603.55,3512.0
2026-01-15 03:20:00,4603.54,4605.72,4597.7,4597.96,3305.0
2026-01-15 03:25:00,4597.98,4603.41,4596.96,4600.46,4310.0
2026-01-15 03:30:00,4600.47,4600.81,4583.6,4591.61,4739.0
2026-01-15 03:35:00,4591.62,4598.95,4590.37,4596.49,3746.0
2026-01-15 03:40:00,4596.49,4602.98,4594.74,4602.44,3368.0
2026-01-15 03:45:00,4602.46,4604.82,4597.28,4601.61,3538.0
2026-01-15 03:50:00,4601.55,4606.95,4600.43,4606.34,3040.0
2026-01-15 03:55:00,4606.34,4606.98,4599.85,4599.99,3040.0
2026-01-15 04:00:00,4599.99,4604.7,4597.49,4604.21,2952.0
2026-01-15 04:05:00,4604.23,4610.96,4604.23,4610.28,2572.0
2026-01-15 04:10:00,4610.27,4614.5,4609.59,4613.87,2656.0
2026-01-15 04:15:00,4613.87,4614.25,4611.57,4614.01,2410.0
2026-01-15 04:20:00,4614.02,4614.64,4607.44,4608.94,2893.0
2026-01-15 04:25:00,4608.95,4611.96,4608.37,4611.14,2325.0
2026-01-15 04:30:00,4611.15,4614.69,4609.12,4609.99,3283.0
2026-01-15 04:35:00,4609.99,4611.16,4604.23,4605.84,3000.0
2026-01-15 04:40:00,4605.84,4608.77,4605.14,4607.42,2739.0
2026-01-15 04:45:00,4607.42,4607.59,4599.97,4604.1,3181.0
2026-01-15 04:50:00,4604.1,4604.11,4595.59,4598.72,3086.0
2026-01-15 04:55:00,4598.73,4605.15,4597.58,4602.98,2337.0
2026-01-15 05:00:00,4602.98,4604.32,4597.64,4598.28,3186.0
2026-01-15 05:05:00,4598.27,4602.3,4595.74,4596.79,3251.0
2026-01-15 05:10:00,4596.79,4598.67,4589.56,4591.28,3048.0
2026-01-15 05:15:00,4591.28,4594.86,4589.89,4591.31,3249.0
2026-01-15 05:20:00,4591.31,4591.31,4582.61,4587.34,3251.0
2026-01-15 05:25:00,4587.18,4587.99,4581.29,4585.27,3591.0
2026-01-15 05:30:00,4585.21,4590.41,4581.14,4590.4,3381.0
2026-01-15 05:35:00,4590.42,4597.34,4588.46,4595.77,2622.0
2026-01-15 05:40:00,4595.77,4597.46,4594.02,4596.62,2504.0
2026-01-15 05:45:00,4596.62,4596.66,4589.3,4593.89,2446.0
2026-01-15 05:50:00,4593.89,4595.08,4591.89,4592.56,2099.0
2026-01-15 05:55:00,4592.56,4593.19,4591.32,4592.27,2760.0
2026-01-15 06:00:00,4592.26,4594.4,4587.67,4589.34,2534.0
2026-01-15 06:05:00,4589.35,4591.23,4586.98,4587.45,1937.0
2026-01-15 06:10:00,4587.45,4594.7,4587.45,4593.99,1821.0
2026-01-15 06:15:00,4593.99,4594.93,4592.39,4593.0,1781.0
2026-01-15 06:20:00,4593.03,4597.3,4590.79,4596.03,1773.0
2026-01-15 06:25:00,4596.02,4597.45,4593.12,4593.9,2358.0
2026-01-15 06:30:00,4593.9,4595.29,4593.25,4594.54,1940.0
2026-01-15 06:35:00,4594.53,4595.77,4593.46,4594.74,994.0
2026-01-15 06:40:00,4594.74,4595.66,4589.21,4590.85,1819.0
2026-01-15 06:45:00,4590.85,4593.35,4589.83,4592.66,2175.0
2026-01-15 06:50:00,4592.66,4595.64,4592.32,4594.81,1809.0
2026-01-15 06:55:00,4594.81,4595.47,4591.57,4592.2,1589.0
2026-01-15 07:00:00,4592.2,4592.31,4589.18,4589.65,1467.0
2026-01-15 07:05:00,4589.65,4591.44,4588.7,4589.67,1294.0
2026-01-15 07:10:00,4589.67,4592.42,4587.46,4587.58,1535.0
2026-01-15 07:15:00,4587.58,4587.77,4581.21,4587.01,2096.0
2026-01-15 07:20:00,4587.01,4588.28,4585.26,4586.44,1494.0
2026-01-15 07:25:00,4586.44,4593.09,4585.86,4593.09,1323.0
2026-01-15 07:30:00,4593.09,4593.95,4582.99,4585.56,2895.0
2026-01-15 07:35:00,4585.56,4587.17,4581.57,4583.67,2852.0
2026-01-15 07:40:00,4583.67,4589.98,4581.53,4589.74,2680.0
2026-01-15 07:45:00,4589.74,4592.0,4587.56,4591.92,2329.0
2026-01-15 07:50:00,4591.92,4598.5,4591.71,4596.68,2387.0
2026-01-15 07:55:00,4596.68,4598.89,4593.6,4595.32,2291.0
2026-01-15 08:00:00,4595.32,4600.85,4593.68,4599.26,2220.0
2026-01-15 08:05:00,4599.18,4604.83,4598.85,4604.54,2374.0
2026-01-15 08:10:00,4604.54,4608.57,4602.67,4605.34,2165.0
2026-01-15 08:15:00,4605.35,4609.29,4604.88,4608.9,2317.0
2026-01-15 08:20:00,4608.9,4609.97,4605.66,4608.19,2455.0
2026-01-15 08:25:00,4608.19,4608.46,4603.89,4604.16,2109.0
2026-01-15 08:30:00,4604.16,4604.64,4600.48,4602.2,2610.0
2026-01-15 08:35:00,4602.2,4607.67,4601.18,4605.59,2407.0
2026-01-15 08:40:00,4605.59,4608.1,4604.73,4605.62,2626.0
2026-01-15 08:45:00,4605.62,4609.28,4603.66,4609.0,2691.0
2026-01-15 08:50:00,4608.99,4610.63,4606.52,4610.11,1815.0
2026-01-15 08:55:00,4610.12,4611.95,4608.36,4610.21,2141.0
2026-01-15 09:00:00,4610.21,4611.09,4607.32,4608.98,1924.0
2026-01-15 09:05:00,4608.98,4609.53,4605.91,4608.85,1658.0
2026-01-15 09:10:00,4608.85,4609.7,4607.47,4609.55,1713.0
2026-01-15 09:15:00,4609.51,4613.52,4608.61,4612.49,1794.0
2026-01-15 09:20:00,4612.45,4612.46,4608.61,4609.77,1536.0
2026-01-15 09:25:00,4609.77,4610.93,4608.74,4610.24,1110.0
2026-01-15 09:30:00,4610.24,4611.19,4608.51,4608.98,1381.0
2026-01-15 09:35:00,4608.98,4609.32,4603.56,4603.61,1479.0
2026-01-15 09:40:00,4603.58,4605.48,4601.62,4604.1,1731.0
2026-01-15 09:45:00,4604.1,4604.44,4601.26,4603.11,1620.0
2026-01-15 09:50:00,4603.1,4603.1,4600.59,4601.95,1602.0
2026-01-15 09:55:00,4601.95,4602.78,4599.26,4601.8,2396.0
2026-01-15 10:00:00,4601.8,4604.48,4597.81,4599.88,2566.0
2026-01-15 10:05:00,4599.87,4603.89,4598.19,4601.74,1878.0
2026-01-15 10:10:00,4601.74,4604.56,4600.33,4603.77,1766.0
2026-01-15 10:15:00,4603.77,4605.91,4603.77,4605.86,1569.0
2026-01-15 10:20:00,4605.86,4606.29,4601.82,4603.28,1952.0
2026-01-15 10:25:00,4603.3,4603.75,4600.35,4602.2,1677.0
2026-01-15 10:30:00,4602.2,4603.87,4599.25,4603.14,1641.0
2026-01-15 10:35:00,4603.14,4605.14,4601.67,4605.08,1508.0
2026-01-15 10:40:00,4605.08,4607.18,4604.05,4606.34,1562.0
2026-01-15 10:45:00,4606.34,4606.66,4602.08,4603.19,1367.0
2026-01-15 10:50:00,4603.24,4604.22,4602.69,4603.28,1120.0
2026-01-15 10:55:00,4603.28,4605.32,4601.08,4604.25,1264.0
2026-01-15 11:00:00,4604.25,4604.84,4601.16,4603.59,1063.0
2026-01-15 11:05:00,4603.59,4603.69,4600.64,4601.66,1183.0
2026-01-15 11:10:00,4601.66,4604.45,4601.65,4603.98,1316.0
2026-01-15 11:15:00,4603.99,4604.42,4601.91,4602.63,1565.0
2026-01-15 11:20:00,4602.63,4603.89,4602.07,4602.6,1441.0
2026-01-15 11:25:00,4602.6,4605.39,4602.53,4604.63,1838.0
2026-01-15 11:30:00,4604.63,4606.15,4602.81,4605.6,1665.0
2026-01-15 11:35:00,4605.61,4610.25,4605.07,4609.05,1853.0
2026-01-15 11:40:00,4609.05,4611.23,4607.78,4609.49,1810.0
2026-01-15 11:45:00,4609.46,4612.33,4607.94,4612.0,1976.0
2026-01-15 11:50:00,4611.99,4612.58,4610.3,4611.69,1740.0
2026-01-15 11:55:00,4611.69,4613.11,4611.01,4612.65,1156.0
2026-01-15 12:00:00,4612.65,4612.82,4609.4,4609.84,1180.0
2026-01-15 12:05:00,4609.84,4613.47,4609.39,4611.45,1856.0
2026-01-15 12:10:00,4611.45,4614.09,4611.4,4612.53,1778.0
2026-01-15 12:15:00,4612.53,4614.61,4611.93,4612.85,1452.0
2026-01-15 12:20:00,4612.84,4615.66,4612.41,4614.93,1508.0
2026-01-15 12:25:00,4614.93,4615.29,4611.3,4612.17,1426.0
2026-01-15 12:30:00,4612.2,4613.82,4610.6,4613.4,1451.0
2026-01-15 12:35:00,4613.4,4618.33,4613.36,4617.92,1824.0
2026-01-15 12:40:00,4617.92,4619.36,4616.53,4617.94,1212.0
2026-01-15 12:45:00,4617.94,4619.73,4617.02,4619.07,1746.0
2026-01-15 12:50:00,4619.07,4619.75,4617.33,4619.52,1046.0
2026-01-15 12:55:00,4619.52,4620.37,4618.01,4619.87,1389.0
2026-01-15 13:00:00,4619.88,4621.48,4619.23,4619.99,1314.0
2026-01-15 13:05:00,4620.06,4621.51,4618.68,4618.78,1091.0
2026-01-15 13:10:00,4618.75,4620.26,4618.61,4619.03,1030.0
2026-01-15 13:15:00,4619.03,4619.11,4617.29,4617.54,1002.0
2026-01-15 13:20:00,4617.54,4620.56,4617.44,4619.06,1086.0
2026-01-15 13:25:00,4619.06,4619.96,4617.83,4619.14,859.0
2026-01-15 13:30:00,4619.14,4621.65,4617.67,4621.52,1002.0
2026-01-15 13:35:00,4621.53,4622.94,4621.07,4621.75,1106.0
2026-01-15 13:40:00,4621.75,4621.76,4617.83,4617.88,830.0
2026-01-15 13:45:00,4617.88,4617.91,4615.53,4616.75,1404.0
2026-01-15 13:50:00,4616.75,4620.42,4616.63,4617.12,1403.0
2026-01-15 13:55:00,4617.12,4619.76,4616.34,4619.23,1288.0
2026-01-15 14:00:00,4619.23,4620.78,4618.29,4618.29,1113.0
2026-01-15 14:05:00,4618.29,4619.45,4616.34,4617.3,1093.0
2026-01-15 14:10:00,4617.3,4617.35,4614.54,4614.94,1574.0
2026-01-15 14:15:00,4614.94,4615.92,4614.0,4614.43,1525.0
2026-01-15 14:20:00,4614.43,4616.41,4614.31,4615.91,2056.0
2026-01-15 14:25:00,4615.91,4618.69,4615.68,4616.52,1543.0
2026-01-15 14:30:00,4616.52,4617.06,4615.36,4615.64,1699.0
2026-01-15 14:35:00,4615.64,4617.39,4615.44,4617.21,1580.0
2026-01-15 14:40:00,4617.21,4618.61,4616.36,4617.19,1535.0
2026-01-15 14:45:00,4617.19,4617.52,4613.36,4614.35,1712.0
2026-01-15 14:50:00,4614.31,4615.69,4612.39,4612.63,1986.0
2026-01-15 14:55:00,4612.63,4613.13,4611.64,4613.03,444.0
2026-01-15 15:10:00,4611.21,4611.61,4610.83,4611.59,307.0
2026-01-15 15:15:00,4611.59,4614.01,4604.8,4605.32,3688.0
2026-01-15 15:20:00,4605.39,4609.54,4604.54,4607.43,3168.0
2026-01-15 15:25:00,4607.43,4609.79,4602.62,4604.94,2623.0
2026-01-15 15:30:00,4604.94,4604.94,4593.86,4595.05,3323.0
2026-01-15 15:35:00,4595.05,4597.0,4590.78,4593.97,3538.0
2026-01-15 15:40:00,4593.96,4595.5,4588.19,4590.01,3734.0
2026-01-15 15:45:00,4590.01,4590.81,4582.19,4588.0,3574.0
2026-01-15 15:50:00,4588.0,4594.3,4587.56,4590.74,3333.0
2026-01-15 15:55:00,4590.72,4591.85,4584.06,4588.3,3536.0
2026-01-15 16:00:00,4588.3,4594.75,4583.51,4591.82,3824.0
2026-01-15 16:05:00,4591.82,4596.63,4588.56,4595.84,3226.0
2026-01-15 16:10:00,4595.84,4599.97,4595.84,4599.89,3003.0
2026-01-15 16:15:00,4599.89,4600.78,4596.35,4599.92,2971.0
2026-01-15 16:20:00,4599.94,4605.76,4598.34,4603.43,2931.0
2026-01-15 16:25:00,4603.43,4606.72,4602.43,4602.7,2838.0
2026-01-15 16:30:00,4602.74,4611.88,4601.6,4608.17,4330.0
2026-01-15 16:35:00,4608.24,4611.43,4605.42,4608.77,4540.0
2026-01-15 16:40:00,4608.68,4610.63,4602.23,4602.84,4394.0
2026-01-15 16:45:00,4602.86,4610.08,4600.28,4609.27,3906.0
2026-01-15 16:50:00,4609.27,4614.02,4607.29,4613.03,4458.0
2026-01-15 16:55:00,4612.98,4614.58,4608.79,4611.11,3269.0
2026-01-15 17:00:00,4611.12,4615.14,4608.14,4608.87,3874.0
2026-01-15 17:05:00,4608.87,4612.09,4603.78,4608.66,3348.0
2026-01-15 17:10:00,4608.66,4614.24,4607.07,4613.22,2971.0
2026-01-15 17:15:00,4613.2,4618.08,4612.3,4615.51,3149.0
2026-01-15 17:20:00,4615.51,4617.72,4613.9,4615.99,3061.0
2026-01-15 17:25:00,4615.99,4616.9,4613.04,4616.54,2896.0
2026-01-15 17:30:00,4616.53,4617.56,4612.48,4614.33,2934.0
2026-01-15 17:35:00,4614.18,4617.43,4612.36,4613.54,2665.0
2026-01-15 17:40:00,4613.54,4614.18,4609.39,4611.67,3011.0
2026-01-15 17:45:00,4611.67,4616.87,4609.94,4615.18,3115.0
2026-01-15 17:50:00,4615.18,4617.04,4611.38,4615.74,2420.0
2026-01-15 17:55:00,4615.74,4616.36,4613.78,4615.37,2551.0
2026-01-15 18:00:00,4615.37,4616.25,4609.65,4610.27,2820.0
2026-01-15 18:05:00,4610.3,4616.34,4608.69,4615.34,2670.0
2026-01-15 18:10:00,4615.36,4623.17,4615.35,4622.09,3016.0
2026-01-15 18:15:00,4622.09,4624.82,4620.48,4620.95,2748.0
2026-01-15 18:20:00,4620.95,4621.93,4615.79,4616.78,3486.0
2026-01-15 18:25:00,4616.78,4616.94,4611.51,4611.62,3258.0
2026-01-15 18:30:00,4611.64,4613.35,4609.25,4609.68,2842.0
2026-01-15 18:35:00,4609.68,4612.23,4606.44,4606.45,2602.0
2026-01-15 18:40:00,4606.45,4607.84,4604.52,4607.38,2938.0
2026-01-15 18:45:00,4607.38,4607.38,4603.23,4603.43,2683.0
2026-01-15 18:50:00,4603.45,4606.2,4601.3,4602.25,2476.0
2026-01-15 18:55:00,4602.25,4607.09,4601.79,4605.61,2582.0
2026-01-15 19:00:00,4605.61,4609.54,4605.56,4608.54,2334.0
2026-01-15 19:05:00,4608.54,4611.2,4608.12,4609.28,1736.0
2026-01-15 19:10:00,4609.28,4611.18,4609.28,4609.74,1479.0
2026-01-15 19:15:00,4609.74,4612.61,4607.65,4612.17,1922.0
2026-01-15 19:20:00,4612.17,4613.74,4611.12,4612.91,1486.0
2026-01-15 19:25:00,4612.9,4613.3,4610.43,4610.81,2342.0
2026-01-15 19:30:00,4610.81,4614.25,4610.21,4613.95,2004.0
2026-01-15 19:35:00,4613.95,4616.64,4613.58,4614.78,1816.0
2026-01-15 19:40:00,4614.78,4615.25,4613.38,4614.43,2300.0
2026-01-15 19:45:00,4614.47,4616.93,4613.86,4615.22,2716.0
2026-01-15 19:50:00,4615.22,4616.03,4613.79,4614.04,2418.0
2026-01-15 19:55:00,4614.04,4616.79,4613.65,4616.52,2863.0
2026-01-15 20:00:00,4616.52,4620.36,4616.48,4618.98,2359.0
2026-01-15 20:05:00,4618.98,4619.73,4616.36,4618.23,2214.0
2026-01-15 20:10:00,4618.23,4619.98,4617.53,4617.85,2139.0
2026-01-15 20:15:00,4617.85,4620.04,4617.29,4619.15,2111.0
2026-01-15 20:20:00,4619.15,4621.17,4618.27,4619.64,2548.0
2026-01-15 20:25:00,4619.64,4621.1,4618.02,4619.41,2317.0
2026-01-15 20:30:00,4619.41,4619.41,4613.52,4616.33,1817.0
2026-01-15 20:35:00,4616.33,4618.65,4616.33,4618.0,1358.0
2026-01-15 20:40:00,4618.0,4618.2,4614.12,4615.56,2283.0
2026-01-15 20:45:00,4615.56,4619.75,4615.43,4618.75,1945.0
2026-01-15 20:50:00,4618.76,4619.11,4615.89,4616.29,1415.0
2026-01-15 20:55:00,4616.29,4617.65,4615.98,4617.59,1139.0
2026-01-15 21:00:00,4617.59,4620.15,4617.5,4619.18,1772.0
2026-01-15 21:05:00,4619.32,4621.43,4618.11,4621.33,2194.0
2026-01-15 21:10:00,4621.33,4621.59,4618.86,4619.03,1464.0
2026-01-15 21:15:00,4619.03,4619.89,4617.64,4619.45,1612.0
2026-01-15 21:20:00,4619.45,4619.96,4618.81,4619.64,1180.0
2026-01-15 21:25:00,4619.65,4620.56,4618.11,4618.36,1252.0
2026-01-15 21:30:00,4618.36,4618.85,4617.04,4618.21,1646.0
2026-01-15 21:35:00,4618.21,4619.2,4615.28,4616.24,1279.0
2026-01-15 21:40:00,4616.24,4617.18,4615.77,4616.91,1850.0
2026-01-15 21:45:00,4616.91,4617.24,4615.29,4615.81,1623.0
2026-01-15 21:50:00,4615.81,4616.32,4615.3,4615.96,879.0
2026-01-15 21:55:00,4615.96,4616.32,4612.65,4615.83,1826.0
2026-01-15 22:00:00,4615.82,4616.32,4612.54,4613.95,1602.0
2026-01-15 22:05:00,4613.95,4614.91,4605.62,4605.83,1905.0
2026-01-15 22:10:00,4605.83,4608.65,4604.05,4605.7,2676.0
2026-01-15 22:15:00,4605.7,4608.73,4600.69,4601.83,2601.0
2026-01-15 22:20:00,4601.82,4605.94,4601.37,4603.38,2969.0
2026-01-15 22:25:00,4603.38,4605.18,4600.98,4604.96,2876.0
2026-01-15 22:30:00,4604.98,4607.94,4603.77,4607.45,2307.0
2026-01-15 22:35:00,4607.45,4609.33,4604.97,4606.89,2424.0
2026-01-15 22:40:00,4606.89,4608.65,4605.52,4608.08,2329.0
2026-01-15 22:45:00,4608.08,4609.06,4604.22,4605.84,2073.0
2026-01-15 22:50:00,4605.84,4607.22,4604.49,4605.59,1981.0
2026-01-15 22:55:00,4605.59,4607.06,4603.43,4605.81,2515.0
2026-01-15 23:00:00,4605.82,4610.07,4604.43,4608.36,938.0
2026-01-15 23:05:00,4608.36,4612.18,4608.36,4610.5,1050.0
2026-01-15 23:10:00,4610.48,4612.11,4610.23,4612.05,1182.0
2026-01-15 23:15:00,4612.05,4613.78,4611.15,4613.62,1253.0
2026-01-15 23:20:00,4613.62,4614.23,4612.84,4613.89,939.0
2026-01-15 23:25:00,4613.89,4615.52,4613.57,4614.14,996.0
2026-01-15 23:30:00,4614.05,4615.35,4613.98,4615.29,601.0
2026-01-15 23:35:00,4615.29,4615.41,4613.59,4613.59,743.0
2026-01-15 23:40:00,4613.62,4615.57,4613.45,4615.54,578.0
2026-01-15 23:45:00,4615.54,4616.27,4614.42,4614.66,730.0
2026-01-15 23:50:00,4614.65,4615.53,4613.46,4615.01,598.0
2026-01-15 23:55:00,4615.0,4616.04,4614.41,4615.95,466.0
2026-01-16 01:00:00,4615.95,4619.65,4615.95,4618.49,510.0
2026-01-16 01:05:00,4618.57,4621.04,4616.8,4618.83,893.0
2026-01-16 01:10:00,4618.96,4619.47,4613.73,4614.11,982.0
2026-01-16 01:15:00,4614.11,4615.18,4612.69,4613.57,1700.0
2026-01-16 01:20:00,4613.57,4614.84,4611.73,4612.26,1095.0
2026-01-16 01:25:00,4612.26,4613.09,4608.77,4608.91,1575.0
2026-01-16 01:30:00,4608.91,4611.28,4607.26,4607.84,1780.0
2026-01-16 01:35:00,4607.84,4611.11,4607.52,4609.02,1023.0
2026-01-16 01:40:00,4609.02,4610.04,4607.05,4608.32,1006.0
2026-01-16 01:45:00,4608.32,4608.63,4606.42,4606.75,1398.0
2026-01-16 01:50:00,4606.75,4608.36,4606.43,4608.13,1026.0
2026-01-16 01:55:00,4608.13,4610.88,4607.22,4610.31,1153.0
2026-01-16 02:00:00,4610.31,4610.37,4606.22,4606.91,1430.0
2026-01-16 02:05:00,4606.88,4608.41,4603.39,4605.02,1004.0
2026-01-16 02:10:00,4605.02,4606.77,4604.8,4605.88,822.0
2026-01-16 02:15:00,4605.88,4610.18,4605.44,4608.29,1041.0
2026-01-16 02:20:00,4608.29,4611.35,4606.36,4606.64,928.0
2026-01-16 02:25:00,4606.64,4608.0,4606.18,4607.68,902.0
2026-01-16 02:30:00,4607.68,4608.11,4602.32,4603.84,1528.0
2026-01-16 02:35:00,4603.86,4604.15,4601.72,4602.97,2804.0
2026-01-16 02:40:00,4602.97,4603.83,4600.98,4601.37,2235.0
2026-01-16 02:45:00,4601.37,4601.74,4599.85,4600.87,1665.0
2026-01-16 02:50:00,4600.87,4600.87,4598.5,4599.92,1285.0
2026-01-16 02:55:00,4599.92,4602.07,4599.77,4599.96,1825.0
2026-01-16 03:00:00,4599.96,4600.13,4593.86,4599.07,3418.0
2026-01-16 03:05:00,4599.07,4604.24,4596.11,4604.14,2842.0
2026-01-16 03:10:00,4604.14,4604.96,4600.72,4603.74,2706.0
2026-01-16 03:15:00,4603.74,4605.14,4599.79,4603.15,2325.0
2026-01-16 03:20:00,4603.15,4604.86,4601.88,4604.85,2122.0
2026-01-16 03:25:00,4604.85,4607.35,4603.37,4606.07,2408.0
2026-01-16 03:30:00,4606.07,4607.5,4601.5,4602.1,2035.0
2026-01-16 03:35:00,4602.1,4607.36,4601.79,4605.66,2033.0
2026-01-16 03:40:00,4605.66,4608.58,4604.78,4605.15,2400.0
2026-01-16 03:45:00,4605.15,4605.47,4602.51,4603.02,2487.0
2026-01-16 03:50:00,4603.02,4604.42,4600.33,4601.6,2629.0
2026-01-16 03:55:00,4601.51,4602.84,4599.19,4600.55,2463.0
2026-01-16 04:00:00,4600.55,4603.49,4598.73,4600.76,3033.0
2026-01-16 04:05:00,4600.76,4603.47,4599.82,4603.34,2344.0
2026-01-16 04:10:00,4603.34,4603.34,4597.55,4598.26,2535.0
2026-01-16 04:15:00,4598.26,4602.98,4596.97,4601.47,2033.0
2026-01-16 04:20:00,4601.48,4604.49,4601.04,4603.17,2104.0
2026-01-16 04:25:00,4603.17,4603.71,4599.04,4600.03,1967.0
2026-01-16 04:30:00,4600.03,4600.98,4594.13,4594.61,3498.0
2026-01-16 04:35:00,4594.61,4595.47,4591.34,4594.67,3660.0
2026-01-16 04:40:00,4594.67,4595.94,4594.07,4595.87,2444.0
2026-01-16 04:45:00,4595.87,4598.51,4594.9,4596.35,2637.0
2026-01-16 04:50:00,4596.35,4598.23,4592.52,4592.52,2161.0
2026-01-16 04:55:00,4592.52,4595.13,4591.89,4594.97,2270.0
2026-01-16 05:00:00,4594.98,4598.19,4594.44,4596.99,2541.0
2026-01-16 05:05:00,4596.99,4599.07,4595.92,4598.22,2121.0
2026-01-16 05:10:00,4598.22,4599.35,4597.77,4598.53,1894.0
2026-01-16 05:15:00,4598.53,4599.66,4597.55,4598.59,1743.0
2026-01-16 05:20:00,4598.59,4599.1,4596.08,4597.18,1826.0
2026-01-16 05:25:00,4597.18,4597.68,4595.24,4595.57,1598.0
2026-01-16 05:30:00,4595.57,4596.18,4592.84,4593.22,1540.0
2026-01-16 05:35:00,4593.24,4597.0,4592.93,4596.86,963.0
2026-01-16 05:40:00,4596.86,4597.38,4595.65,4596.29,872.0
2026-01-16 05:45:00,4596.29,4597.4,4595.17,4595.8,1534.0
2026-01-16 05:50:00,4595.8,4596.94,4595.59,4596.74,986.0
2026-01-16 05:55:00,4596.74,4597.14,4595.78,4596.41,1323.0
2026-01-16 06:00:00,4596.41,4598.59,4596.12,4597.96,857.0
2026-01-16 06:05:00,4597.96,4598.95,4597.3,4598.59,1154.0
2026-01-16 06:10:00,4598.58,4599.54,4598.3,4598.57,1000.0
2026-01-16 06:15:00,4598.57,4600.35,4598.43,4600.28,944.0
2026-01-16 06:20:00,4600.29,4601.38,4598.36,4598.76,1155.0
2026-01-16 06:25:00,4598.75,4599.23,4598.23,4598.53,790.0
2026-01-16 06:30:00,4598.53,4598.8,4597.32,4598.08,801.0
2026-01-16 06:35:00,4598.08,4599.87,4597.49,4599.71,890.0
2026-01-16 06:40:00,4599.71,4600.92,4599.29,4599.97,946.0
2026-01-16 06:45:00,4599.97,4601.06,4599.73,4599.85,1028.0
2026-01-16 06:50:00,4599.85,4600.34,4598.89,4600.25,1231.0
2026-01-16 06:55:00,4600.26,4602.0,4600.22,4601.16,940.0
2026-01-16 07:00:00,4601.19,4601.49,4599.57,4599.96,846.0
2026-01-16 07:05:00,4599.96,4600.34,4599.31,4599.52,1074.0
2026-01-16 07:10:00,4599.52,4599.86,4595.3,4596.53,1329.0
2026-01-16 07:15:00,4596.53,4598.26,4595.51,4597.78,1273.0
2026-01-16 07:20:00,4597.78,4600.59,4597.6,4600.39,873.0
2026-01-16 07:25:00,4600.39,4601.6,4600.27,4601.25,1033.0
2026-01-16 07:30:00,4601.25,4603.55,4596.51,4598.69,2627.0
2026-01-16 07:35:00,4598.69,4604.01,4598.42,4603.34,2114.0
2026-01-16 07:40:00,4603.33,4606.96,4602.97,4606.89,1749.0
2026-01-16 07:45:00,4606.99,4613.01,4606.65,4611.61,2215.0
2026-01-16 07:50:00,4611.6,4613.49,4610.9,4612.16,1786.0
2026-01-16 07:55:00,4612.16,4616.0,4611.27,4611.63,1952.0
2026-01-16 08:00:00,4611.63,4612.36,4606.75,4607.19,2122.0
2026-01-16 08:05:00,4607.19,4609.17,4606.29,4607.76,1773.0
2026-01-16 08:10:00,4607.76,4607.99,4604.01,4604.76,2222.0
2026-01-16 08:15:00,4604.87,4607.08,4603.57,4605.79,2098.0
2026-01-16 08:20:00,4605.8,4609.14,4605.79,4608.25,2025.0
2026-01-16 08:25:00,4608.25,4608.35,4604.52,4604.56,1929.0
2026-01-16 08:30:00,4604.56,4608.09,4602.54,4606.17,2464.0
2026-01-16 08:35:00,4606.17,4606.81,4604.21,4605.22,1490.0
2026-01-16 08:40:00,4605.22,4605.61,4595.67,4595.99,2204.0
2026-01-16 08:45:00,4595.99,4598.87,4594.11,4596.77,2859.0
2026-01-16 08:50:00,4596.8,4598.95,4594.9,4596.84,2410.0
2026-01-16 08:55:00,4596.85,4599.25,4596.75,4598.02,1737.0
2026-01-16 09:00:00,4598.05,4601.39,4596.88,4601.01,1694.0
2026-01-16 09:05:00,4601.01,4606.33,4601.0,4606.29,1419.0
2026-01-16 09:10:00,4606.23,4612.07,4606.02,4610.09,1610.0
2026-01-16 09:15:00,4610.09,4610.09,4607.33,4608.99,1504.0
2026-01-16 09:20:00,4608.99,4609.15,4604.91,4605.84,1335.0
2026-01-16 09:25:00,4605.85,4606.93,4604.94,4605.94,1346.0
2026-01-16 09:30:00,4605.94,4607.49,4603.57,4606.95,1885.0
2026-01-16 09:35:00,4606.95,4611.93,4606.77,4607.35,2206.0
2026-01-16 09:40:00,4607.35,4608.2,4601.03,4603.0,1681.0
2026-01-16 09:45:00,4602.95,4609.67,4601.85,4607.98,1740.0
2026-01-16 09:50:00,4608.1,4608.87,4606.74,4607.69,976.0
2026-01-16 09:55:00,4607.69,4609.15,4607.17,4607.54,1026.0
2026-01-16 10:00:00,4607.54,4610.51,4605.5,4608.34,1643.0
2026-01-16 10:05:00,4608.34,4608.95,4605.28,4605.67,1009.0
2026-01-16 10:10:00,4605.67,4608.68,4604.92,4605.05,1173.0
2026-01-16 10:15:00,4605.05,4607.72,4604.73,4607.4,1033.0
2026-01-16 10:20:00,4607.41,4609.61,4605.4,4609.57,1437.0
2026-01-16 10:25:00,4609.57,4610.65,4607.15,4607.36,1439.0
2026-01-16 10:30:00,4607.33,4609.02,4606.09,4606.3,1299.0
2026-01-16 10:35:00,4606.3,4606.64,4603.61,4605.31,1290.0
2026-01-16 10:40:00,4605.31,4605.48,4602.1,4602.17,1161.0
2026-01-16 10:45:00,4602.17,4603.21,4601.35,4602.93,1262.0
2026-01-16 10:50:00,4602.94,4607.26,4602.42,4606.38,1216.0
2026-01-16 10:55:00,4606.38,4607.46,4602.58,4603.19,724.0
2026-01-16 11:00:00,4602.91,4604.94,4602.46,4604.94,336.0
2026-01-16 11:05:00,4604.95,4608.38,4604.68,4605.94,356.0
2026-01-16 11:10:00,4605.95,4606.19,4604.37,4604.8,279.0
2026-01-16 11:15:00,4604.8,4605.01,4601.99,4603.5,326.0
2026-01-16 11:20:00,4603.49,4604.25,4601.09,4601.64,288.0
2026-01-16 11:25:00,4601.52,4601.98,4599.64,4601.17,299.0
2026-01-16 11:30:00,4601.14,4601.64,4598.98,4599.84,296.0
2026-01-16 11:35:00,4599.85,4600.74,4599.14,4600.59,268.0
2026-01-16 11:40:00,4600.57,4603.47,4599.75,4603.41,299.0
2026-01-16 11:45:00,4603.32,4603.41,4601.4,4601.54,223.0
2026-01-16 11:50:00,4601.63,4601.81,4600.37,4601.21,277.0
2026-01-16 11:55:00,4601.19,4602.22,4600.17,4600.17,279.0
2026-01-16 12:00:00,4600.02,4605.03,4600.02,4604.8,279.0
2026-01-16 12:05:00,4604.87,4605.65,4603.05,4604.27,340.0
2026-01-16 12:10:00,4604.3,4607.78,4604.27,4606.97,315.0
2026-01-16 12:15:00,4606.74,4609.91,4606.74,4609.24,274.0
2026-01-16 12:20:00,4608.91,4610.9,4607.65,4610.69,336.0
2026-01-16 12:25:00,4610.68,4611.12,4607.43,4607.52,301.0
2026-01-16 12:30:00,4607.53,4609.39,4606.97,4608.73,499.0
2026-01-16 12:35:00,4608.7,4608.95,4607.66,4607.95,675.0
2026-01-16 12:40:00,4607.94,4608.06,4606.8,4607.48,782.0
2026-01-16 12:45:00,4607.48,4608.66,4607.27,4607.95,931.0
2026-01-16 12:50:00,4607.94,4608.54,4602.96,4603.72,1309.0
2026-01-16 12:55:00,4603.72,4604.74,4599.81,4600.25,1152.0
2026-01-16 13:00:00,4600.25,4602.69,4598.58,4601.33,1671.0
2026-01-16 13:05:00,4601.36,4602.26,4598.93,4601.99,1310.0
2026-01-16 13:10:00,4602.0,4606.66,4601.4,4606.42,1268.0
2026-01-16 13:15:00,4606.42,4609.28,4605.42,4609.06,1118.0
2026-01-16 13:20:00,4609.06,4610.26,4608.42,4609.86,1084.0
2026-01-16 13:25:00,4609.87,4611.56,4608.62,4611.15,1064.0
2026-01-16 13:30:00,4611.15,4613.3,4609.62,4613.17,1191.0
2026-01-16 13:35:00,4613.17,4614.0,4611.87,4612.81,1016.0
2026-01-16 13:40:00,4612.81,4615.88,4612.72,4615.49,1036.0
2026-01-16 13:45:00,4615.49,4616.11,4612.58,4613.57,1045.0
2026-01-16 13:50:00,4613.54,4614.66,4612.87,4613.76,770.0
2026-01-16 13:55:00,4613.76,4614.61,4612.33,4612.52,976.0
2026-01-16 14:00:00,4612.52,4612.66,4610.15,4610.21,1762.0
2026-01-16 14:05:00,4610.21,4612.33,4609.32,4610.27,1043.0
2026-01-16 14:10:00,4610.24,4611.83,4609.88,4610.9,1060.0
2026-01-16 14:15:00,4610.9,4613.01,4610.45,4612.01,958.0
2026-01-16 14:20:00,4612.01,4612.49,4605.23,4605.94,1245.0
2026-01-16 14:25:00,4605.94,4607.68,4604.76,4606.46,1345.0
2026-01-16 14:30:00,4606.46,4606.81,4602.62,4603.4,1313.0
2026-01-16 14:35:00,4603.4,4604.22,4602.24,4603.57,1115.0
2026-01-16 14:40:00,4603.57,4605.38,4602.51,4603.42,1307.0
2026-01-16 14:45:00,4603.42,4605.25,4602.09,4604.89,1251.0
2026-01-16 14:50:00,4604.91,4605.01,4597.42,4600.31,1679.0
2026-01-16 14:55:00,4600.31,4603.47,4598.68,4601.87,2018.0
2026-01-16 15:00:00,4601.87,4605.55,4598.1,4598.67,3997.0
2026-01-16 15:05:00,4598.69,4603.29,4597.01,4597.13,3379.0
2026-01-16 15:10:00,4597.12,4598.58,4594.52,4596.25,2686.0
2026-01-16 15:15:00,4596.25,4597.73,4583.36,4587.46,3422.0
2026-01-16 15:20:00,4587.46,4593.25,4583.3,4590.7,3847.0
2026-01-16 15:25:00,4590.7,4593.59,4582.4,4586.91,3936.0
2026-01-16 15:30:00,4586.97,4596.59,4585.46,4594.81,3637.0
2026-01-16 15:35:00,4594.81,4598.89,4591.05,4591.89,3512.0
2026-01-16 15:40:00,4591.89,4601.41,4590.98,4599.54,3309.0
2026-01-16 15:45:00,4599.52,4602.28,4597.1,4601.77,2522.0
2026-01-16 15:50:00,4601.77,4602.71,4597.15,4598.55,2538.0
2026-01-16 15:55:00,4598.55,4603.05,4598.42,4601.88,2222.0
2026-01-16 16:00:00,4601.88,4603.7,4598.43,4603.61,2989.0
2026-01-16 16:05:00,4603.61,4607.31,4603.27,4603.8,2597.0
2026-01-16 16:10:00,4603.78,4608.69,4602.7,4607.19,2412.0
2026-01-16 16:15:00,4607.19,4609.35,4604.57,4604.7,2036.0
2026-01-16 16:20:00,4604.7,4605.94,4602.05,4602.27,2393.0
2026-01-16 16:25:00,4602.35,4605.4,4598.41,4599.12,2388.0
2026-01-16 16:30:00,4599.12,4606.95,4596.18,4606.95,4191.0
2026-01-16 16:35:00,4606.95,4611.67,4604.44,4604.89,3042.0
2026-01-16 16:40:00,4604.89,4610.49,4604.72,4608.75,3251.0
2026-01-16 16:45:00,4608.75,4614.59,4607.28,4613.89,3251.0
2026-01-16 16:50:00,4613.92,4614.76,4609.75,4613.5,3328.0
2026-01-16 16:55:00,4613.62,4613.75,4607.39,4607.54,2819.0
2026-01-16 17:00:00,4607.54,4615.53,4607.44,4615.03,3015.0
2026-01-16 17:05:00,4615.03,4620.33,4614.97,4617.19,3139.0
2026-01-16 17:10:00,4617.22,4619.09,4615.08,4616.06,2632.0
2026-01-16 17:15:00,4616.14,4617.63,4601.45,4601.74,3105.0
2026-01-16 17:20:00,4601.76,4611.16,4588.62,4588.67,4555.0
2026-01-16 17:25:00,4588.63,4592.95,4564.88,4565.28,5356.0
2026-01-16 17:30:00,4565.12,4570.31,4536.85,4544.49,5601.0
2026-01-16 17:35:00,4544.49,4555.59,4538.37,4548.23,5197.0
2026-01-16 17:40:00,4548.21,4556.73,4544.09,4555.54,4687.0
2026-01-16 17:45:00,4555.54,4572.16,4555.54,4570.58,4601.0
2026-01-16 17:50:00,4570.62,4572.34,4560.31,4570.46,4766.0
2026-01-16 17:55:00,4570.44,4575.46,4567.09,4571.27,4310.0
2026-01-16 18:00:00,4571.27,4579.86,4567.82,4578.89,4377.0
2026-01-16 18:05:00,4578.89,4590.28,4578.24,4586.55,4328.0
2026-01-16 18:10:00,4586.6,4593.09,4583.84,4592.89,3855.0
2026-01-16 18:15:00,4592.99,4594.6,4584.4,4590.54,4187.0
2026-01-16 18:20:00,4590.54,4595.11,4586.73,4591.44,3319.0
2026-01-16 18:25:00,4591.44,4596.55,4589.28,4591.69,3281.0
2026-01-16 18:30:00,4591.78,4595.3,4588.15,4589.76,3268.0
2026-01-16 18:35:00,4589.76,4598.0,4589.75,4594.46,2898.0
2026-01-16 18:40:00,4594.45,4599.04,4594.04,4596.17,2796.0
2026-01-16 18:45:00,4596.17,4597.41,4585.68,4586.91,3110.0
2026-01-16 18:50:00,4586.93,4589.37,4581.96,4585.08,3306.0
2026-01-16 18:55:00,4585.08,4593.64,4584.16,4591.33,3019.0
2026-01-16 19:00:00,4591.33,4591.82,4586.49,4588.37,2582.0
2026-01-16 19:05:00,4588.37,4593.15,4585.11,4589.71,2588.0
2026-01-16 19:10:00,4589.72,4593.09,4588.81,4590.82,2069.0
2026-01-16 19:15:00,4590.82,4590.89,4584.36,4584.36,2355.0
2026-01-16 19:20:00,4584.36,4586.58,4578.68,4584.53,2818.0
2026-01-16 19:25:00,4584.53,4584.53,4576.83,4578.76,2837.0
2026-01-16 19:30:00,4578.76,4585.06,4577.09,4583.44,2700.0
2026-01-16 19:35:00,4583.44,4586.64,4582.33,4585.07,1993.0
2026-01-16 19:40:00,4585.07,4585.9,4580.55,4580.78,1600.0
2026-01-16 19:45:00,4580.78,4582.35,4578.76,4580.94,2326.0
2026-01-16 19:50:00,4580.94,4583.63,4580.61,4581.9,1925.0
2026-01-16 19:55:00,4581.9,4582.95,4580.44,4581.48,2299.0
2026-01-16 20:00:00,4581.49,4589.04,4580.04,4587.7,2329.0
2026-01-16 20:05:00,4587.7,4588.1,4582.74,4585.4,2597.0
2026-01-16 20:10:00,4585.39,4586.19,4581.91,4584.43,2399.0
2026-01-16 20:15:00,4584.42,4586.55,4581.74,4584.73,2079.0
2026-01-16 20:20:00,4584.73,4590.54,4584.51,4588.23,2499.0
2026-01-16 20:25:00,4588.23,4591.69,4587.79,4590.0,2148.0
2026-01-16 20:30:00,4589.99,4596.17,4588.48,4594.15,2567.0
2026-01-16 20:35:00,4594.15,4594.79,4591.35,4593.06,1866.0
2026-01-16 20:40:00,4593.06,4596.05,4592.67,4595.3,2055.0
2026-01-16 20:45:00,4595.3,4595.92,4587.08,4589.39,2022.0
2026-01-16 20:50:00,4589.4,4590.29,4587.1,4587.87,2041.0
2026-01-16 20:55:00,4587.86,4588.18,4582.28,4582.71,2641.0
2026-01-16 21:00:00,4582.69,4585.59,4580.93,4585.56,2193.0
2026-01-16 21:05:00,4585.56,4588.28,4584.26,4584.51,1988.0
2026-01-16 21:10:00,4584.5,4585.56,4582.41,4584.04,2154.0
2026-01-16 21:15:00,4584.04,4586.08,4580.98,4583.61,1723.0
2026-01-16 21:20:00,4583.61,4586.22,4581.51,4585.27,1576.0
2026-01-16 21:25:00,4585.27,4585.3,4583.35,4584.03,1280.0
2026-01-16 21:30:00,4584.03,4588.24,4583.86,4588.24,1687.0
2026-01-16 21:35:00,4588.24,4589.98,4587.51,4588.71,1422.0
2026-01-16 21:40:00,4588.71,4591.75,4588.23,4589.39,1427.0
2026-01-16 21:45:00,4589.39,4590.64,4588.46,4589.77,1499.0
2026-01-16 21:50:00,4589.77,4592.28,4588.47,4591.06,1746.0
2026-01-16 21:55:00,4591.06,4592.38,4589.97,4590.59,1594.0
2026-01-16 22:00:00,4590.55,4595.08,4588.79,4594.7,2058.0
2026-01-16 22:05:00,4594.7,4595.83,4592.93,4594.72,1331.0
2026-01-16 22:10:00,4594.72,4594.72,4591.63,4593.18,1334.0
2026-01-16 22:15:00,4593.14,4593.3,4589.36,4589.61,1367.0
2026-01-16 22:20:00,4589.61,4590.86,4588.62,4589.58,1428.0
2026-01-16 22:25:00,4589.58,4589.93,4587.59,4588.25,1062.0
2026-01-16 22:30:00,4588.25,4588.25,4580.85,4583.98,2231.0
2026-01-16 22:35:00,4583.99,4586.87,4582.9,4585.35,2384.0
2026-01-16 22:40:00,4585.35,4587.13,4584.23,4584.26,2210.0
2026-01-16 22:45:00,4584.28,4585.84,4584.03,4585.65,2064.0
2026-01-16 22:50:00,4585.65,4589.13,4585.08,4588.94,2130.0
2026-01-16 22:55:00,4588.93,4588.93,4581.54,4581.92,2952.0
2026-01-16 23:00:00,4581.92,4584.99,4581.9,4582.84,2211.0
2026-01-16 23:05:00,4582.83,4584.12,4582.48,4583.6,2772.0
2026-01-16 23:10:00,4583.65,4586.9,4583.25,4586.67,2252.0
2026-01-16 23:15:00,4586.67,4598.56,4586.41,4598.11,1468.0
2026-01-16 23:20:00,4598.11,4598.22,4593.2,4593.44,1643.0
2026-01-16 23:25:00,4593.44,4593.49,4591.27,4592.29,1527.0
2026-01-16 23:30:00,4592.29,4593.26,4591.55,4591.97,554.0
2026-01-16 23:35:00,4591.98,4595.26,4591.8,4594.94,737.0
2026-01-16 23:40:00,4594.93,4595.72,4593.52,4594.41,694.0
2026-01-16 23:45:00,4594.38,4595.85,4594.13,4594.78,662.0
2026-01-16 23:50:00,4594.78,4596.06,4594.27,4595.44,665.0
2026-01-16 23:55:00,4595.44,4596.56,4594.93,4596.42,311.0
2026-01-19 01:00:00,4621.06,4650.45,4621.06,4648.99,1623.0
2026-01-19 01:05:00,4649.07,4662.37,4647.11,4654.62,2526.0
2026-01-19 01:10:00,4654.62,4658.78,4653.67,4654.19,2063.0
2026-01-19 01:15:00,4654.19,4669.37,4653.63,4663.29,2809.0
2026-01-19 01:20:00,4663.29,4675.71,4660.6,4672.88,2822.0
2026-01-19 01:25:00,4672.88,4684.21,4672.0,4678.53,2629.0
2026-01-19 01:30:00,4678.53,4690.69,4676.08,4676.23,2334.0
2026-01-19 01:35:00,4676.37,4680.14,4672.56,4673.98,2150.0
2026-01-19 01:40:00,4673.98,4674.79,4663.76,4671.61,2172.0
2026-01-19 01:45:00,4671.61,4674.97,4663.87,4666.06,2200.0
2026-01-19 01:50:00,4666.06,4673.48,4664.41,4672.25,1800.0
2026-01-19 01:55:00,4672.25,4677.45,4670.72,4672.52,1715.0
2026-01-19 02:00:00,4672.52,4675.96,4668.46,4668.79,2003.0
2026-01-19 02:05:00,4668.79,4670.33,4665.61,4666.45,2641.0
2026-01-19 02:10:00,4666.45,4669.48,4665.19,4665.6,2136.0
2026-01-19 02:15:00,4665.6,4668.93,4661.18,4663.41,2326.0
2026-01-19 02:20:00,4663.41,4678.37,4663.01,4676.81,2370.0
2026-01-19 02:25:00,4676.81,4678.04,4674.05,4675.88,1643.0
2026-01-19 02:30:00,4675.87,4678.48,4673.46,4678.38,1785.0
2026-01-19 02:35:00,4678.37,4680.81,4674.46,4678.65,2359.0
2026-01-19 02:40:00,4678.65,4682.03,4676.3,4677.78,2458.0
2026-01-19 02:45:00,4677.79,4679.16,4674.55,4677.78,2052.0
2026-01-19 02:50:00,4677.78,4677.88,4672.43,4672.89,1790.0
2026-01-19 02:55:00,4672.85,4678.42,4672.01,4675.19,2232.0
2026-01-19 03:00:00,4675.17,4678.41,4669.08,4669.5,4162.0
2026-01-19 03:05:00,4669.5,4676.91,4667.22,4671.48,3681.0
2026-01-19 03:10:00,4671.48,4672.41,4661.99,4663.31,3926.0
2026-01-19 03:15:00,4663.31,4667.97,4656.56,4664.94,3595.0
2026-01-19 03:20:00,4664.94,4669.8,4658.95,4659.07,3014.0
2026-01-19 03:25:00,4659.1,4662.94,4657.08,4662.14,3007.0
2026-01-19 03:30:00,4662.14,4664.5,4659.96,4661.35,3024.0
2026-01-19 03:35:00,4661.35,4663.45,4656.12,4657.58,3166.0
2026-01-19 03:40:00,4657.6,4662.77,4656.7,4662.48,2516.0
2026-01-19 03:45:00,4662.48,4664.39,4659.96,4664.39,2920.0
2026-01-19 03:50:00,4664.39,4667.55,4661.94,4663.14,3047.0
2026-01-19 03:55:00,4663.14,4663.2,4657.14,4657.38,2567.0
2026-01-19 04:00:00,4657.39,4658.87,4653.23,4655.85,3112.0
2026-01-19 04:05:00,4655.85,4664.16,4655.38,4662.25,2853.0
2026-01-19 04:10:00,4662.28,4665.06,4658.91,4659.15,1990.0
2026-01-19 04:15:00,4659.15,4662.22,4657.87,4659.4,1380.0
2026-01-19 04:20:00,4659.4,4660.59,4657.05,4659.64,1325.0
2026-01-19 04:25:00,4659.64,4660.79,4656.86,4660.04,1642.0
2026-01-19 04:30:00,4660.04,4663.82,4659.23,4660.5,2625.0
2026-01-19 04:35:00,4660.5,4662.38,4659.02,4661.35,2289.0
2026-01-19 04:40:00,4661.35,4662.35,4656.59,4658.63,2386.0
2026-01-19 04:45:00,4658.62,4659.67,4655.09,4658.44,2430.0
2026-01-19 04:50:00,4658.43,4661.52,4657.54,4660.55,2667.0
2026-01-19 04:55:00,4660.55,4664.51,4660.07,4662.42,2931.0
2026-01-19 05:00:00,4662.42,4667.69,4662.36,4664.82,1888.0
2026-01-19 05:05:00,4664.82,4667.81,4664.16,4667.46,1603.0
2026-01-19 05:10:00,4667.46,4669.64,4667.15,4668.88,2466.0
2026-01-19 05:15:00,4668.88,4669.85,4666.87,4667.14,1928.0
2026-01-19 05:20:00,4667.14,4667.82,4664.75,4664.76,1939.0
2026-01-19 05:25:00,4664.76,4667.36,4663.89,4664.55,2075.0
2026-01-19 05:30:00,4664.55,4665.71,4661.89,4664.14,1873.0
2026-01-19 05:35:00,4664.14,4664.38,4662.12,4662.93,2071.0
2026-01-19 05:40:00,4662.93,4666.01,4662.19,4662.95,1854.0
2026-01-19 05:45:00,4662.95,4663.5,4659.41,4660.6,1523.0
2026-01-19 05:50:00,4660.59,4660.83,4658.22,4660.35,1337.0
2026-01-19 05:55:00,4660.35,4660.4,4658.29,4658.39,1341.0
2026-01-19 06:00:00,4658.39,4660.8,4658.18,4660.8,1172.0
2026-01-19 06:05:00,4660.83,4661.49,4659.74,4661.09,671.0
2026-01-19 06:10:00,4661.09,4662.17,4659.54,4662.17,1338.0
2026-01-19 06:15:00,4662.17,4663.04,4660.53,4661.87,1281.0
2026-01-19 06:20:00,4661.87,4662.68,4660.52,4662.06,1077.0
2026-01-19 06:25:00,4662.06,4664.89,4661.9,4662.32,1338.0
2026-01-19 06:30:00,4662.32,4663.07,4660.32,4661.7,575.0
2026-01-19 06:35:00,4661.7,4661.9,4659.25,4661.18,1046.0
2026-01-19 06:40:00,4661.18,4662.02,4659.66,4661.51,943.0
2026-01-19 06:45:00,4661.51,4664.26,4661.11,4663.91,988.0
2026-01-19 06:50:00,4663.91,4665.87,4663.49,4664.82,1413.0
2026-01-19 06:55:00,4664.82,4665.26,4663.13,4663.13,1164.0
2026-01-19 07:00:00,4663.16,4669.51,4663.04,4668.85,1259.0
2026-01-19 07:05:00,4668.85,4671.19,4667.08,4669.1,1329.0
2026-01-19 07:10:00,4669.1,4670.41,4668.67,4669.54,907.0
2026-01-19 07:15:00,4669.54,4670.55,4669.34,4669.9,662.0
2026-01-19 07:20:00,4669.9,4672.29,4669.05,4671.77,1094.0
2026-01-19 07:25:00,4671.77,4672.27,4668.82,4669.09,1202.0
2026-01-19 07:30:00,4669.09,4674.24,4668.95,4670.5,1980.0
2026-01-19 07:35:00,4670.5,4671.37,4667.34,4667.4,1659.0
2026-01-19 07:40:00,4667.4,4668.25,4663.81,4664.24,1736.0
2026-01-19 07:45:00,4664.23,4670.02,4664.08,4668.84,1688.0
2026-01-19 07:50:00,4668.84,4669.5,4665.64,4667.32,1450.0
2026-01-19 07:55:00,4667.27,4671.94,4667.27,4669.91,1558.0
2026-01-19 08:00:00,4669.91,4670.39,4668.68,4669.92,1889.0
2026-01-19 08:05:00,4670.03,4670.11,4666.74,4669.19,1566.0
2026-01-19 08:10:00,4669.18,4670.46,4668.7,4669.23,1708.0
2026-01-19 08:15:00,4669.22,4670.08,4668.44,4669.59,1461.0
2026-01-19 08:20:00,4669.59,4672.57,4669.59,4671.33,1046.0
2026-01-19 08:25:00,4671.33,4671.77,4669.35,4669.72,1239.0
2026-01-19 08:30:00,4669.72,4675.08,4669.62,4674.63,1514.0
2026-01-19 08:35:00,4674.63,4676.46,4673.29,4674.45,1477.0
2026-01-19 08:40:00,4674.45,4674.46,4671.47,4672.43,1246.0
2026-01-19 08:45:00,4672.42,4675.47,4672.42,4674.69,1359.0
2026-01-19 08:50:00,4674.69,4677.13,4674.12,4676.6,1508.0
2026-01-19 08:55:00,4676.62,4679.08,4676.48,4677.98,1957.0
2026-01-19 09:00:00,4677.98,4678.33,4674.52,4676.59,1437.0
2026-01-19 09:05:00,4676.59,4678.57,4675.05,4675.23,1352.0
2026-01-19 09:10:00,4675.23,4675.46,4668.3,4669.82,2069.0
2026-01-19 09:15:00,4669.8,4670.11,4663.9,4664.41,1648.0
2026-01-19 09:20:00,4664.49,4665.88,4663.83,4665.28,1502.0
2026-01-19 09:25:00,4665.29,4669.06,4665.18,4667.44,1219.0
2026-01-19 09:30:00,4667.44,4669.66,4666.17,4667.41,854.0
2026-01-19 09:35:00,4667.41,4667.53,4665.33,4666.53,770.0
2026-01-19 09:40:00,4666.53,4666.8,4664.73,4664.75,842.0
2026-01-19 09:45:00,4664.75,4666.33,4663.1,4665.46,1345.0
2026-01-19 09:50:00,4665.48,4665.48,4663.07,4664.13,1101.0
2026-01-19 09:55:00,4664.13,4665.99,4661.95,4665.1,1945.0
2026-01-19 10:00:00,4665.1,4669.77,4663.78,4669.37,2238.0
2026-01-19 10:05:00,4669.37,4672.92,4668.38,4670.63,1893.0
2026-01-19 10:10:00,4670.63,4673.87,4669.21,4669.44,1612.0
2026-01-19 10:15:00,4669.42,4669.78,4667.14,4667.4,1228.0
2026-01-19 10:20:00,4667.4,4670.97,4667.27,4669.87,1051.0
2026-01-19 10:25:00,4669.87,4671.14,4668.08,4669.38,1329.0
2026-01-19 10:30:00,4669.37,4670.91,4668.6,4669.18,873.0
2026-01-19 10:35:00,4669.18,4669.18,4666.71,4668.7,1026.0
2026-01-19 10:40:00,4668.7,4669.5,4666.83,4667.81,1399.0
2026-01-19 10:45:00,4667.81,4669.16,4665.81,4666.75,1397.0
2026-01-19 10:50:00,4666.75,4667.88,4663.81,4663.96,1966.0
2026-01-19 10:55:00,4663.97,4664.22,4661.81,4663.62,1523.0
2026-01-19 11:00:00,4663.62,4666.14,4661.99,4664.47,1221.0
2026-01-19 11:05:00,4664.47,4669.39,4664.45,4668.89,1275.0
2026-01-19 11:10:00,4668.86,4671.49,4668.84,4670.76,1354.0
2026-01-19 11:15:00,4670.76,4672.77,4670.6,4671.45,1566.0
2026-01-19 11:20:00,4671.45,4672.88,4667.25,4667.59,1685.0
2026-01-19 11:25:00,4667.61,4668.94,4666.15,4666.68,1386.0
2026-01-19 11:30:00,4666.66,4669.22,4665.04,4669.12,1417.0
2026-01-19 11:35:00,4669.13,4670.57,4667.98,4668.57,929.0
2026-01-19 11:40:00,4668.57,4669.82,4667.36,4669.62,1047.0
2026-01-19 11:45:00,4669.62,4669.79,4668.91,4669.7,485.0
2026-01-19 11:50:00,4669.7,4669.82,4668.39,4669.37,729.0
2026-01-19 11:55:00,4669.37,4669.39,4667.2,4668.42,788.0
2026-01-19 12:00:00,4668.42,4668.66,4666.77,4667.46,875.0
2026-01-19 12:05:00,4667.46,4669.28,4667.38,4667.95,616.0
2026-01-19 12:10:00,4667.95,4670.27,4667.06,4670.27,823.0
2026-01-19 12:15:00,4670.25,4671.21,4667.11,4667.46,1116.0
2026-01-19 12:20:00,4667.46,4669.27,4666.14,4668.21,1141.0
2026-01-19 12:25:00,4668.21,4668.75,4665.53,4665.82,1035.0
2026-01-19 12:30:00,4665.82,4666.89,4664.06,4666.63,1378.0
2026-01-19 12:35:00,4666.63,4667.05,4664.6,4664.84,847.0
2026-01-19 12:40:00,4664.84,4664.88,4661.27,4661.59,1048.0
2026-01-19 12:45:00,4661.59,4666.44,4661.59,4665.36,1158.0
2026-01-19 12:50:00,4665.36,4666.67,4664.46,4666.58,707.0
2026-01-19 12:55:00,4666.55,4666.92,4663.4,4663.73,1041.0
2026-01-19 13:00:00,4663.73,4664.34,4661.88,4663.7,712.0
2026-01-19 13:05:00,4663.7,4665.26,4662.77,4664.37,597.0
2026-01-19 13:10:00,4664.37,4666.61,4664.33,4664.36,633.0
2026-01-19 13:15:00,4664.36,4664.69,4661.85,4662.47,465.0
2026-01-19 13:20:00,4662.47,4663.95,4662.39,4663.66,600.0
2026-01-19 13:25:00,4663.66,4667.2,4663.5,4667.01,571.0
2026-01-19 13:30:00,4667.01,4667.56,4664.9,4665.16,879.0
2026-01-19 13:35:00,4665.16,4665.16,4663.31,4663.53,758.0
2026-01-19 13:40:00,4663.53,4665.44,4660.14,4664.86,1384.0
2026-01-19 13:45:00,4664.86,4666.06,4661.26,4662.57,1912.0
2026-01-19 13:50:00,4662.57,4663.56,4661.14,4663.18,1899.0
2026-01-19 13:55:00,4663.18,4664.18,4659.68,4660.68,1880.0
2026-01-19 14:00:00,4660.68,4663.48,4660.12,4662.71,1138.0
2026-01-19 14:05:00,4662.7,4665.05,4662.66,4664.2,1035.0
2026-01-19 14:10:00,4664.2,4666.31,4663.43,4665.8,726.0
2026-01-19 14:15:00,4665.86,4672.07,4665.77,4670.1,1562.0
2026-01-19 14:20:00,4670.1,4671.47,4669.09,4670.58,939.0
2026-01-19 14:25:00,4670.58,4672.09,4670.24,4670.93,847.0
2026-01-19 14:30:00,4670.93,4673.45,4669.91,4672.38,1258.0
2026-01-19 14:35:00,4672.38,4672.47,4670.21,4671.58,818.0
2026-01-19 14:40:00,4671.57,4673.75,4670.31,4671.61,1030.0
2026-01-19 14:45:00,4671.61,4672.15,4669.9,4669.95,797.0
2026-01-19 14:50:00,4669.95,4671.08,4668.17,4670.86,1154.0
2026-01-19 14:55:00,4670.86,4672.87,4670.07,4672.01,1399.0
2026-01-19 15:00:00,4672.01,4673.6,4668.59,4670.62,2161.0
2026-01-19 15:05:00,4670.62,4672.94,4669.13,4670.72,1423.0
2026-01-19 15:10:00,4670.74,4671.88,4668.65,4670.31,1726.0
2026-01-19 15:15:00,4670.31,4671.74,4669.94,4670.53,1150.0
2026-01-19 15:20:00,4670.54,4671.93,4668.66,4670.72,1174.0
2026-01-19 15:25:00,4670.72,4672.03,4669.02,4671.72,995.0
2026-01-19 15:30:00,4671.72,4673.81,4670.47,4671.24,1178.0
2026-01-19 15:35:00,4671.24,4671.92,4668.16,4670.43,940.0
2026-01-19 15:40:00,4670.43,4670.78,4666.54,4668.48,990.0
2026-01-19 15:45:00,4668.46,4669.49,4667.45,4668.42,980.0
2026-01-19 15:50:00,4668.42,4668.5,4665.21,4666.43,825.0
2026-01-19 15:55:00,4666.43,4667.04,4664.54,4666.16,1078.0
2026-01-19 16:00:00,4666.16,4666.84,4663.71,4664.36,1285.0
2026-01-19 16:05:00,4664.36,4665.84,4662.41,4662.67,1226.0
2026-01-19 16:10:00,4662.67,4664.84,4661.63,4664.8,925.0
2026-01-19 16:15:00,4664.8,4667.38,4663.45,4667.26,1515.0
2026-01-19 16:20:00,4667.26,4668.37,4667.03,4667.64,1039.0
2026-01-19 16:25:00,4667.63,4668.53,4666.97,4668.03,887.0
2026-01-19 16:30:00,4668.03,4670.36,4667.16,4667.17,1813.0
2026-01-19 16:35:00,4667.17,4668.03,4663.9,4664.86,1420.0
2026-01-19 16:40:00,4664.86,4667.34,4664.05,4667.29,875.0
2026-01-19 16:45:00,4667.29,4667.34,4665.41,4666.35,887.0
2026-01-19 16:50:00,4666.35,4668.93,4666.11,4668.31,1069.0
2026-01-19 16:55:00,4668.32,4668.69,4666.58,4666.59,1532.0
2026-01-19 17:00:00,4666.59,4670.0,4664.69,4667.89,1916.0
2026-01-19 17:05:00,4667.89,4670.92,4667.49,4669.74,1201.0
2026-01-19 17:10:00,4669.74,4669.74,4666.73,4668.15,1416.0
2026-01-19 17:15:00,4668.15,4668.88,4665.73,4665.92,1328.0
2026-01-19 17:20:00,4665.92,4666.81,4664.45,4664.87,1203.0
2026-01-19 17:25:00,4664.87,4666.82,4664.33,4666.71,1014.0
2026-01-19 17:30:00,4666.71,4667.05,4665.99,4666.61,946.0
2026-01-19 17:35:00,4666.61,4669.75,4665.96,4669.65,1154.0
2026-01-19 17:40:00,4669.65,4671.22,4667.14,4670.28,1412.0
2026-01-19 17:45:00,4670.28,4672.69,4669.61,4672.49,1250.0
2026-01-19 17:50:00,4672.49,4674.93,4671.11,4674.92,1065.0
2026-01-19 17:55:00,4674.92,4676.09,4672.98,4674.29,1470.0
2026-01-19 18:00:00,4674.29,4675.6,4671.7,4673.14,1263.0
2026-01-19 18:05:00,4673.14,4673.55,4671.36,4672.86,1030.0
2026-01-19 18:10:00,4672.86,4674.31,4672.22,4672.47,908.0
2026-01-19 18:15:00,4672.47,4672.83,4670.45,4671.8,792.0
2026-01-19 18:20:00,4671.8,4672.9,4671.16,4671.92,822.0
2026-01-19 18:25:00,4671.93,4672.37,4671.2,4671.72,849.0
2026-01-19 18:30:00,4671.75,4672.47,4670.68,4670.79,608.0
2026-01-19 18:35:00,4670.79,4673.6,4670.68,4673.19,703.0
2026-01-19 18:40:00,4673.19,4673.81,4672.55,4673.21,663.0
2026-01-19 18:45:00,4673.21,4673.47,4671.91,4672.91,1490.0
2026-01-19 18:50:00,4672.91,4673.41,4671.54,4672.44,1394.0
2026-01-19 18:55:00,4672.44,4673.68,4671.95,4672.21,1163.0
2026-01-19 19:00:00,4672.21,4673.04,4671.59,4672.93,849.0
2026-01-19 19:05:00,4672.93,4672.96,4670.93,4671.45,788.0
2026-01-19 19:10:00,4671.45,4671.85,4670.56,4670.91,666.0
2026-01-19 19:15:00,4670.91,4671.48,4669.27,4670.55,742.0
2026-01-19 19:20:00,4670.55,4670.77,4670.01,4670.04,481.0
2026-01-19 19:25:00,4670.03,4671.35,4669.25,4670.96,795.0
2026-01-19 19:30:00,4670.96,4673.39,4670.96,4672.12,994.0
2026-01-19 19:35:00,4672.12,4673.05,4671.73,4672.91,611.0
2026-01-19 19:40:00,4672.93,4676.26,4672.93,4676.21,948.0
2026-01-19 19:45:00,4676.2,4676.67,4674.15,4676.03,826.0
2026-01-19 19:50:00,4676.03,4678.8,4676.03,4677.97,1164.0
2026-01-19 19:55:00,4677.97,4678.37,4675.78,4676.26,1293.0
2026-01-19 20:00:00,4676.26,4676.26,4673.8,4674.44,863.0
2026-01-19 20:05:00,4674.44,4675.4,4673.87,4674.43,1124.0
2026-01-19 20:10:00,4674.43,4676.02,4674.24,4675.53,758.0
2026-01-19 20:15:00,4675.53,4676.98,4675.21,4676.01,579.0
2026-01-19 20:20:00,4675.99,4680.36,4675.99,4679.11,1133.0
2026-01-19 20:25:00,4679.11,4679.19,4678.04,4678.36,921.0
2026-01-19 20:30:00,4678.43,4678.53,4676.13,4676.53,654.0
2026-01-19 20:35:00,4676.53,4677.6,4675.23,4677.52,341.0
2026-01-19 20:40:00,4677.52,4678.75,4675.86,4677.7,453.0
2026-01-19 20:45:00,4677.7,4678.2,4676.2,4676.52,667.0
2026-01-19 20:50:00,4676.52,4676.71,4675.62,4676.18,673.0
2026-01-19 20:55:00,4676.18,4676.9,4675.34,4676.59,562.0
2026-01-19 21:00:00,4676.59,4676.74,4673.66,4674.59,1131.0
2026-01-19 21:05:00,4674.59,4675.08,4673.75,4674.66,1260.0
2026-01-19 21:10:00,4674.66,4674.72,4671.84,4671.92,913.0
2026-01-19 21:15:00,4671.92,4672.57,4670.88,4672.35,1370.0
2026-01-19 21:20:00,4672.35,4672.35,4668.18,4670.14,1512.0
2026-01-19 21:25:00,4670.15,4671.52,4666.97,4670.86,1036.0
2026-01-20 01:00:00,4674.79,4676.99,4666.38,4668.7,1304.0
2026-01-20 01:05:00,4668.78,4671.68,4667.91,4670.81,962.0
2026-01-20 01:10:00,4670.81,4671.44,4669.0,4670.89,633.0
2026-01-20 01:15:00,4670.89,4672.42,4669.65,4671.8,585.0
2026-01-20 01:20:00,4671.8,4672.28,4668.06,4668.06,650.0
2026-01-20 01:25:00,4668.06,4669.11,4664.89,4666.4,1056.0
2026-01-20 01:30:00,4666.4,4668.07,4665.46,4667.7,770.0
2026-01-20 01:35:00,4667.7,4668.86,4665.26,4665.89,702.0
2026-01-20 01:40:00,4665.89,4666.98,4664.45,4666.07,923.0
2026-01-20 01:45:00,4666.07,4666.9,4665.8,4665.89,636.0
2026-01-20 01:50:00,4665.89,4666.2,4664.92,4665.56,539.0
2026-01-20 01:55:00,4665.56,4666.48,4664.94,4665.36,724.0
2026-01-20 02:00:00,4665.37,4666.9,4664.18,4664.56,1199.0
2026-01-20 02:05:00,4664.56,4667.24,4664.19,4666.46,836.0
2026-01-20 02:10:00,4666.46,4667.91,4665.87,4667.91,534.0
2026-01-20 02:15:00,4667.91,4667.91,4665.25,4665.51,658.0
2026-01-20 02:20:00,4665.5,4665.84,4663.95,4664.41,784.0
2026-01-20 02:25:00,4664.39,4664.51,4659.5,4659.65,1244.0
2026-01-20 02:30:00,4659.65,4665.71,4659.62,4664.72,1010.0
2026-01-20 02:35:00,4664.72,4666.41,4661.82,4662.12,1635.0
2026-01-20 02:40:00,4662.12,4663.34,4660.75,4663.18,1031.0
2026-01-20 02:45:00,4663.18,4664.12,4662.68,4662.81,1434.0
2026-01-20 02:50:00,4662.81,4663.93,4661.68,4662.74,1216.0
2026-01-20 02:55:00,4662.74,4664.01,4660.39,4660.42,1464.0
2026-01-20 03:00:00,4660.42,4668.82,4659.94,4668.3,3040.0
2026-01-20 03:05:00,4668.3,4673.39,4667.34,4671.6,2119.0
2026-01-20 03:10:00,4671.6,4672.89,4667.42,4670.22,1843.0
2026-01-20 03:15:00,4670.22,4672.32,4668.73,4669.79,2265.0
2026-01-20 03:20:00,4669.79,4670.16,4666.07,4668.9,2572.0
2026-01-20 03:25:00,4668.9,4672.02,4668.77,4670.98,1683.0
2026-01-20 03:30:00,4670.98,4674.27,4670.9,4674.23,1660.0
2026-01-20 03:35:00,4674.23,4675.95,4673.58,4674.67,1569.0
2026-01-20 03:40:00,4674.67,4674.98,4672.46,4673.15,1538.0
2026-01-20 03:45:00,4673.11,4674.85,4672.44,4672.44,1594.0
2026-01-20 03:50:00,4672.44,4673.03,4671.8,4672.12,1874.0
2026-01-20 03:55:00,4672.12,4672.47,4665.8,4669.75,1997.0
2026-01-20 04:00:00,4669.75,4671.93,4669.32,4669.85,1606.0
2026-01-20 04:05:00,4669.85,4670.69,4666.13,4667.11,1806.0
2026-01-20 04:10:00,4667.11,4668.53,4665.52,4666.07,1553.0
2026-01-20 04:15:00,4666.07,4668.22,4665.62,4667.59,1016.0
2026-01-20 04:20:00,4667.59,4669.14,4667.17,4668.07,1156.0
2026-01-20 04:25:00,4668.07,4673.49,4668.07,4672.04,1412.0
2026-01-20 04:30:00,4672.04,4674.32,4670.17,4673.68,1935.0
2026-01-20 04:35:00,4673.68,4674.57,4672.06,4673.64,1772.0
2026-01-20 04:40:00,4673.67,4674.81,4672.2,4674.08,1286.0
2026-01-20 04:45:00,4674.08,4674.21,4667.88,4668.12,1775.0
2026-01-20 04:50:00,4668.12,4669.21,4666.87,4668.61,1450.0
2026-01-20 04:55:00,4668.61,4669.91,4667.51,4668.68,1141.0
2026-01-20 05:00:00,4668.68,4670.0,4666.74,4668.64,1245.0
2026-01-20 05:05:00,4668.64,4669.0,4666.11,4666.59,1713.0
2026-01-20 05:10:00,4666.59,4671.57,4666.59,4671.57,1404.0
2026-01-20 05:15:00,4671.6,4673.48,4671.14,4672.99,1726.0
2026-01-20 05:20:00,4672.99,4674.18,4672.18,4673.19,1648.0
2026-01-20 05:25:00,4673.19,4673.9,4672.62,4673.25,1476.0
2026-01-20 05:30:00,4673.25,4675.62,4672.73,4675.46,1128.0
2026-01-20 05:35:00,4675.46,4676.09,4674.79,4675.86,779.0
2026-01-20 05:40:00,4675.88,4678.92,4675.87,4676.89,1553.0
2026-01-20 05:45:00,4676.89,4678.54,4676.87,4677.77,1535.0
2026-01-20 05:50:00,4677.77,4681.49,4677.73,4680.17,1534.0
2026-01-20 05:55:00,4680.17,4680.81,4678.62,4680.16,900.0
2026-01-20 06:00:00,4680.16,4681.84,4679.69,4679.69,993.0
2026-01-20 06:05:00,4679.68,4682.55,4679.62,4680.3,861.0
2026-01-20 06:10:00,4680.3,4681.05,4679.72,4680.4,1276.0
2026-01-20 06:15:00,4680.4,4682.97,4680.4,4682.48,1066.0
2026-01-20 06:20:00,4682.48,4684.42,4681.98,4683.77,1180.0
2026-01-20 06:25:00,4683.76,4687.16,4683.62,4685.93,1857.0
2026-01-20 06:30:00,4685.93,4687.96,4684.38,4687.48,1457.0
2026-01-20 06:35:00,4687.49,4691.88,4687.19,4690.3,1965.0
2026-01-20 06:40:00,4690.3,4693.44,4688.93,4689.77,1857.0
2026-01-20 06:45:00,4689.77,4694.27,4688.89,4693.11,1873.0
2026-01-20 06:50:00,4693.11,4693.83,4691.59,4693.31,1228.0
2026-01-20 06:55:00,4693.3,4697.03,4692.43,4695.25,1720.0
2026-01-20 07:00:00,4695.25,4697.58,4694.84,4695.16,1434.0
2026-01-20 07:05:00,4695.16,4701.15,4694.65,4696.97,1828.0
2026-01-20 07:10:00,4696.97,4701.43,4696.58,4699.59,1421.0
2026-01-20 07:15:00,4699.59,4700.49,4697.75,4698.13,1352.0
2026-01-20 07:20:00,4698.13,4699.39,4694.91,4695.17,1211.0
2026-01-20 07:25:00,4695.16,4699.38,4695.06,4695.97,1424.0
2026-01-20 07:30:00,4695.96,4705.11,4694.26,4704.8,2606.0
2026-01-20 07:35:00,4704.8,4705.28,4701.22,4703.21,2538.0
2026-01-20 07:40:00,4703.2,4706.16,4701.12,4705.07,2235.0
2026-01-20 07:45:00,4705.1,4707.81,4704.87,4707.56,1969.0
2026-01-20 07:50:00,4707.56,4710.21,4707.51,4710.01,2049.0
2026-01-20 07:55:00,4710.02,4716.76,4709.39,4714.59,2212.0
2026-01-20 08:00:00,4714.59,4716.15,4707.61,4713.18,2645.0
2026-01-20 08:05:00,4713.18,4717.01,4712.48,4713.41,1976.0
2026-01-20 08:10:00,4713.38,4716.68,4711.93,4713.01,2223.0
2026-01-20 08:15:00,4713.01,4715.45,4709.89,4714.14,2166.0
2026-01-20 08:20:00,4714.14,4714.51,4709.54,4710.73,2012.0
2026-01-20 08:25:00,4710.72,4713.53,4709.48,4712.48,1928.0
2026-01-20 08:30:00,4712.48,4715.09,4708.9,4708.9,2387.0
2026-01-20 08:35:00,4708.9,4711.07,4706.64,4706.86,2395.0
2026-01-20 08:40:00,4706.85,4711.28,4705.66,4710.76,2227.0
2026-01-20 08:45:00,4710.76,4714.21,4709.3,4713.64,1657.0
2026-01-20 08:50:00,4713.64,4715.26,4712.75,4714.65,1675.0
2026-01-20 08:55:00,4714.65,4715.21,4712.33,4712.5,1239.0
2026-01-20 09:00:00,4712.5,4715.81,4711.37,4713.89,1575.0
2026-01-20 09:05:00,4713.89,4714.98,4712.71,4713.95,1446.0
2026-01-20 09:10:00,4713.89,4717.7,4713.77,4715.51,1677.0
2026-01-20 09:15:00,4715.54,4716.89,4714.86,4716.42,1370.0
2026-01-20 09:20:00,4716.41,4721.03,4714.84,4719.3,1627.0
2026-01-20 09:25:00,4719.3,4722.24,4716.47,4718.2,1975.0
2026-01-20 09:30:00,4718.26,4721.0,4716.77,4719.32,1557.0
2026-01-20 09:35:00,4719.33,4721.66,4718.79,4719.04,1386.0
2026-01-20 09:40:00,4719.04,4720.75,4718.33,4720.15,1307.0
2026-01-20 09:45:00,4720.15,4722.74,4719.79,4720.69,1626.0
2026-01-20 09:50:00,4720.69,4720.93,4716.62,4716.95,1361.0
2026-01-20 09:55:00,4716.95,4717.83,4714.84,4716.14,1545.0
2026-01-20 10:00:00,4716.21,4720.84,4715.11,4720.65,1501.0
2026-01-20 10:05:00,4720.65,4725.14,4718.75,4724.54,1730.0
2026-01-20 10:10:00,4724.53,4725.66,4723.06,4724.49,1544.0
2026-01-20 10:15:00,4724.49,4724.52,4721.39,4721.66,1222.0
2026-01-20 10:20:00,4721.66,4725.32,4719.83,4720.27,1680.0
2026-01-20 10:25:00,4720.3,4721.6,4718.11,4718.63,1449.0
2026-01-20 10:30:00,4718.63,4724.58,4718.19,4721.02,1790.0
2026-01-20 10:35:00,4721.02,4721.02,4716.03,4719.81,1651.0
2026-01-20 10:40:00,4719.81,4723.68,4719.15,4722.85,1611.0
2026-01-20 10:45:00,4722.85,4725.22,4722.7,4724.03,1748.0
2026-01-20 10:50:00,4724.04,4728.6,4723.92,4728.29,1690.0
2026-01-20 10:55:00,4728.35,4731.56,4727.85,4729.33,1802.0
2026-01-20 11:00:00,4729.31,4730.23,4727.46,4728.72,1651.0
2026-01-20 11:05:00,4728.72,4731.51,4728.1,4728.17,1648.0
2026-01-20 11:10:00,4728.17,4728.69,4724.24,4725.24,1561.0
2026-01-20 11:15:00,4725.24,4726.33,4722.37,4722.65,1722.0
2026-01-20 11:20:00,4722.65,4730.1,4721.25,4728.58,1677.0
2026-01-20 11:25:00,4728.58,4733.71,4727.4,4733.27,1565.0
2026-01-20 11:30:00,4733.27,4736.25,4732.84,4734.1,1600.0
2026-01-20 11:35:00,4734.1,4736.14,4733.22,4734.02,1189.0
2026-01-20 11:40:00,4734.02,4736.2,4733.84,4734.43,1178.0
2026-01-20 11:45:00,4734.29,4737.36,4733.26,4736.23,1153.0
2026-01-20 11:50:00,4736.23,4737.31,4733.43,4733.78,1544.0
2026-01-20 11:55:00,4733.78,4735.24,4732.37,4732.46,1086.0
2026-01-20 12:00:00,4732.46,4735.09,4730.61,4732.52,1311.0
2026-01-20 12:05:00,4732.52,4733.67,4731.4,4732.77,1056.0
2026-01-20 12:10:00,4732.77,4733.32,4730.34,4731.41,1264.0
2026-01-20 12:15:00,4731.41,4733.38,4730.69,4731.83,1061.0
2026-01-20 12:20:00,4731.83,4733.07,4730.48,4732.17,1394.0
2026-01-20 12:25:00,4732.17,4733.23,4727.87,4727.89,1650.0
2026-01-20 12:30:00,4727.89,4729.32,4723.41,4726.55,2144.0
2026-01-20 12:35:00,4726.5,4727.59,4724.86,4726.39,1246.0
2026-01-20 12:40:00,4726.39,4727.78,4723.69,4724.5,1144.0
2026-01-20 12:45:00,4724.5,4725.7,4723.22,4724.94,1042.0
2026-01-20 12:50:00,4724.95,4727.93,4724.95,4727.49,1335.0
2026-01-20 12:55:00,4727.61,4728.21,4726.06,4726.52,1350.0
2026-01-20 13:00:00,4726.54,4728.07,4725.96,4726.17,1134.0
2026-01-20 13:05:00,4726.17,4727.01,4721.65,4725.3,1395.0
2026-01-20 13:10:00,4725.3,4728.0,4725.29,4726.28,1273.0
2026-01-20 13:15:00,4726.31,4728.0,4725.62,4727.79,1026.0
2026-01-20 13:20:00,4727.79,4729.18,4725.97,4727.27,1097.0
2026-01-20 13:25:00,4727.27,4728.5,4726.87,4726.87,1093.0
2026-01-20 13:30:00,4726.87,4727.59,4725.94,4725.96,1017.0
2026-01-20 13:35:00,4725.96,4731.55,4725.8,4731.24,1444.0
2026-01-20 13:40:00,4731.24,4732.29,4729.5,4732.26,1558.0
2026-01-20 13:45:00,4732.27,4733.68,4731.54,4733.65,1562.0
2026-01-20 13:50:00,4733.65,4735.25,4730.84,4730.94,1088.0
2026-01-20 13:55:00,4730.94,4733.14,4730.63,4733.04,1283.0
2026-01-20 14:00:00,4732.94,4732.94,4728.36,4728.97,1566.0
2026-01-20 14:05:00,4728.97,4732.64,4728.54,4731.51,1247.0
2026-01-20 14:10:00,4731.51,4731.64,4728.86,4730.06,1228.0
2026-01-20 14:15:00,4730.06,4730.45,4728.48,4729.74,1427.0
2026-01-20 14:20:00,4729.74,4730.43,4728.36,4729.54,1358.0
2026-01-20 14:25:00,4729.54,4729.83,4726.34,4726.65,1256.0
2026-01-20 14:30:00,4726.67,4728.38,4724.08,4726.46,1372.0
2026-01-20 14:35:00,4726.46,4726.81,4724.52,4725.82,1534.0
2026-01-20 14:40:00,4725.82,4729.1,4724.81,4726.74,2007.0
2026-01-20 14:45:00,4726.74,4727.68,4725.97,4726.91,2048.0
2026-01-20 14:50:00,4726.92,4728.7,4726.73,4728.65,1305.0
2026-01-20 14:55:00,4728.63,4729.44,4727.54,4727.54,1970.0
2026-01-20 15:00:00,4727.58,4728.38,4722.15,4725.03,3005.0
2026-01-20 15:05:00,4725.03,4726.22,4722.19,4723.19,2524.0
2026-01-20 15:10:00,4723.21,4726.29,4722.32,4723.73,2326.0
2026-01-20 15:15:00,4723.72,4725.62,4721.81,4725.2,1936.0
2026-01-20 15:20:00,4725.42,4726.13,4715.9,4721.64,2930.0
2026-01-20 15:25:00,4721.62,4722.03,4717.96,4719.34,2451.0
2026-01-20 15:30:00,4719.34,4728.28,4715.25,4723.93,3352.0
2026-01-20 15:35:00,4723.93,4726.76,4719.29,4720.74,3752.0
2026-01-20 15:40:00,4720.8,4730.42,4720.33,4729.73,2792.0
2026-01-20 15:45:00,4729.76,4730.93,4727.43,4730.32,3093.0
2026-01-20 15:50:00,4730.28,4734.19,4727.68,4731.7,3301.0
2026-01-20 15:55:00,4731.74,4738.27,4730.95,4737.08,2745.0
2026-01-20 16:00:00,4737.07,4748.6,4735.82,4741.34,3461.0
2026-01-20 16:05:00,4741.34,4743.42,4732.36,4737.1,3299.0
2026-01-20 16:10:00,4737.11,4741.97,4735.34,4740.92,3159.0
2026-01-20 16:15:00,4740.86,4745.55,4740.36,4744.97,2695.0
2026-01-20 16:20:00,4744.96,4746.49,4741.12,4742.63,2485.0
2026-01-20 16:25:00,4742.63,4750.78,4740.91,4750.58,2946.0
2026-01-20 16:30:00,4750.62,4751.14,4730.78,4730.95,4963.0
2026-01-20 16:35:00,4730.94,4740.12,4728.55,4739.18,4635.0
2026-01-20 16:40:00,4739.18,4740.82,4732.52,4738.36,4372.0
2026-01-20 16:45:00,4738.36,4742.38,4734.96,4736.65,4474.0
2026-01-20 16:50:00,4736.56,4741.21,4733.21,4737.81,4461.0
2026-01-20 16:55:00,4737.82,4741.51,4735.65,4741.23,4008.0
2026-01-20 17:00:00,4741.21,4747.5,4738.57,4747.16,3480.0
2026-01-20 17:05:00,4747.17,4748.58,4743.42,4745.07,3800.0
2026-01-20 17:10:00,4745.07,4747.15,4741.73,4744.59,3861.0
2026-01-20 17:15:00,4744.59,4744.71,4736.25,4737.85,3677.0
2026-01-20 17:20:00,4737.85,4742.35,4728.28,4729.67,4196.0
2026-01-20 17:25:00,4729.67,4729.67,4722.41,4723.99,4387.0
2026-01-20 17:30:00,4723.99,4735.5,4722.53,4733.47,3382.0
2026-01-20 17:35:00,4733.47,4733.51,4723.68,4726.16,3715.0
2026-01-20 17:40:00,4726.16,4734.06,4726.15,4732.81,3274.0
2026-01-20 17:45:00,4732.81,4738.82,4729.45,4737.64,2911.0
2026-01-20 17:50:00,4737.64,4739.29,4736.27,4736.62,2836.0
2026-01-20 17:55:00,4736.62,4738.37,4731.97,4737.5,3008.0
2026-01-20 18:00:00,4737.5,4739.42,4731.02,4731.2,2765.0
2026-01-20 18:05:00,4731.19,4736.24,4729.06,4734.82,2742.0
2026-01-20 18:10:00,4734.84,4743.57,4734.84,4741.37,2601.0
2026-01-20 18:15:00,4741.37,4744.26,4740.3,4740.79,2623.0
2026-01-20 18:20:00,4740.79,4743.34,4738.44,4739.88,2247.0
2026-01-20 18:25:00,4739.88,4743.15,4735.42,4741.17,2706.0
2026-01-20 18:30:00,4741.19,4743.87,4740.68,4742.42,1967.0
2026-01-20 18:35:00,4742.42,4745.11,4741.83,4744.88,1892.0
2026-01-20 18:40:00,4744.87,4745.67,4742.14,4745.24,1829.0
2026-01-20 18:45:00,4745.23,4748.83,4745.23,4748.77,2182.0
2026-01-20 18:50:00,4748.77,4751.2,4745.74,4751.05,2443.0
2026-01-20 18:55:00,4751.05,4757.73,4750.62,4753.64,2737.0
2026-01-20 19:00:00,4753.64,4753.64,4746.11,4749.86,2415.0
2026-01-20 19:05:00,4749.86,4750.6,4747.85,4748.74,1625.0
2026-01-20 19:10:00,4748.74,4754.37,4746.97,4754.01,1659.0
2026-01-20 19:15:00,4754.01,4755.67,4752.08,4754.31,1397.0
2026-01-20 19:20:00,4754.31,4755.0,4751.87,4751.9,1507.0
2026-01-20 19:25:00,4751.9,4756.71,4751.8,4755.05,1558.0
2026-01-20 19:30:00,4755.05,4756.08,4752.16,4754.5,1274.0
2026-01-20 19:35:00,4754.5,4755.97,4753.35,4754.08,1396.0
2026-01-20 19:40:00,4754.07,4758.14,4752.36,4756.53,1318.0
2026-01-20 19:45:00,4756.53,4757.07,4752.2,4756.71,1748.0
2026-01-20 19:50:00,4756.71,4758.83,4756.43,4758.55,1446.0
2026-01-20 19:55:00,4758.55,4762.4,4757.62,4759.25,1812.0
2026-01-20 20:00:00,4759.25,4763.29,4758.69,4761.16,1865.0
2026-01-20 20:05:00,4761.16,4763.76,4759.61,4763.26,1633.0
2026-01-20 20:10:00,4763.26,4765.24,4762.12,4763.24,1608.0
2026-01-20 20:15:00,4763.24,4765.76,4762.92,4765.39,1419.0
2026-01-20 20:20:00,4765.39,4766.23,4762.83,4763.39,1624.0
2026-01-20 20:25:00,4763.39,4763.39,4759.52,4761.55,1956.0
2026-01-20 20:30:00,4761.55,4762.93,4760.41,4762.25,1874.0
2026-01-20 20:35:00,4762.25,4762.61,4758.96,4759.68,1415.0
2026-01-20 20:40:00,4759.68,4759.75,4757.32,4757.7,1379.0
2026-01-20 20:45:00,4757.7,4759.95,4757.2,4759.31,1559.0
2026-01-20 20:50:00,4759.32,4759.46,4752.87,4754.96,1898.0
2026-01-20 20:55:00,4754.96,4760.34,4754.96,4759.39,1709.0
2026-01-20 21:00:00,4759.39,4760.2,4756.58,4758.25,1644.0
2026-01-20 21:05:00,4758.25,4759.45,4757.38,4757.79,1380.0
2026-01-20 21:10:00,4757.79,4760.46,4757.59,4759.23,1291.0
2026-01-20 21:15:00,4759.23,4766.2,4758.29,4765.66,1620.0
2026-01-20 21:20:00,4765.65,4766.19,4762.43,4764.8,1327.0
2026-01-20 21:25:00,4764.8,4764.8,4759.28,4759.51,1357.0
2026-01-20 21:30:00,4759.5,4760.18,4756.83,4759.38,1788.0
2026-01-20 21:35:00,4759.38,4762.46,4758.24,4762.27,1396.0
2026-01-20 21:40:00,4762.27,4763.97,4761.16,4763.56,1182.0
2026-01-20 21:45:00,4763.49,4763.97,4761.55,4762.22,1081.0
2026-01-20 21:50:00,4762.26,4762.3,4760.18,4760.3,1050.0
2026-01-20 21:55:00,4760.3,4761.15,4758.57,4760.73,1263.0
2026-01-20 22:00:00,4760.7,4760.88,4757.67,4757.79,1239.0
2026-01-20 22:05:00,4757.79,4759.0,4755.79,4757.8,1380.0
2026-01-20 22:10:00,4757.8,4761.15,4757.45,4760.07,1377.0
2026-01-20 22:15:00,4760.07,4760.78,4751.83,4755.71,1956.0
2026-01-20 22:20:00,4755.71,4756.5,4747.47,4749.76,2490.0
2026-01-20 22:25:00,4749.8,4754.96,4748.48,4750.4,2349.0
2026-01-20 22:30:00,4750.4,4755.06,4750.01,4753.08,2030.0
2026-01-20 22:35:00,4753.1,4754.81,4749.99,4750.58,1453.0
2026-01-20 22:40:00,4750.58,4752.29,4748.86,4749.8,1333.0
2026-01-20 22:45:00,4749.8,4754.92,4749.43,4753.62,1355.0
2026-01-20 22:50:00,4753.62,4755.25,4752.06,4755.22,1451.0
2026-01-20 22:55:00,4755.22,4757.83,4754.39,4756.63,1741.0
2026-01-20 23:00:00,4756.63,4759.01,4756.22,4758.83,2597.0
2026-01-20 23:05:00,4758.83,4760.1,4758.39,4758.55,2832.0
2026-01-20 23:10:00,4758.53,4760.27,4758.39,4760.26,1972.0
2026-01-20 23:15:00,4760.16,4760.53,4759.21,4760.26,2862.0
2026-01-20 23:20:00,4760.26,4760.75,4759.36,4760.17,1438.0
2026-01-20 23:25:00,4760.17,4760.52,4759.19,4759.52,1425.0
2026-01-20 23:30:00,4759.52,4759.57,4757.1,4757.73,653.0
2026-01-20 23:35:00,4757.73,4758.26,4757.01,4758.26,511.0
2026-01-20 23:40:00,4758.26,4759.17,4757.48,4759.13,578.0
2026-01-20 23:45:00,4759.13,4763.69,4758.77,4763.29,402.0
2026-01-20 23:50:00,4763.29,4763.58,4761.88,4762.08,379.0
2026-01-20 23:55:00,4762.08,4763.59,4761.96,4763.16,393.0
2026-01-21 01:00:00,4763.16,4766.14,4758.58,4762.22,651.0
2026-01-21 01:05:00,4762.31,4762.61,4759.49,4760.0,671.0
2026-01-21 01:10:00,4760.0,4760.25,4757.84,4758.15,893.0
2026-01-21 01:15:00,4758.15,4761.19,4757.89,4759.99,836.0
2026-01-21 01:20:00,4759.99,4760.52,4758.67,4758.81,594.0
2026-01-21 01:25:00,4758.81,4760.82,4758.03,4759.74,562.0
2026-01-21 01:30:00,4759.74,4762.21,4758.58,4761.39,651.0
2026-01-21 01:35:00,4761.39,4763.35,4761.33,4763.24,607.0
2026-01-21 01:40:00,4763.24,4773.64,4763.24,4773.64,1018.0
2026-01-21 01:45:00,4773.75,4781.07,4772.05,4778.2,2316.0
2026-01-21 01:50:00,4778.2,4779.12,4774.77,4776.76,1481.0
2026-01-21 01:55:00,4776.76,4778.02,4773.97,4775.86,1155.0
2026-01-21 02:00:00,4775.86,4775.86,4770.78,4772.73,1386.0
2026-01-21 02:05:00,4772.73,4776.13,4772.53,4776.08,1244.0
2026-01-21 02:10:00,4776.08,4777.58,4774.81,4776.58,1180.0
2026-01-21 02:15:00,4776.58,4777.4,4775.26,4777.01,950.0
2026-01-21 02:20:00,4777.01,4777.01,4774.51,4774.68,873.0
2026-01-21 02:25:00,4774.68,4779.88,4773.75,4777.14,1061.0
2026-01-21 02:30:00,4777.14,4783.77,4776.69,4782.04,1604.0
2026-01-21 02:35:00,4782.04,4784.01,4779.97,4783.84,1248.0
2026-01-21 02:40:00,4783.86,4785.76,4782.21,4785.0,1595.0
2026-01-21 02:45:00,4785.05,4785.21,4782.11,4784.09,1392.0
2026-01-21 02:50:00,4784.1,4786.51,4784.08,4786.31,1203.0
2026-01-21 02:55:00,4786.31,4787.61,4784.07,4784.63,1460.0
2026-01-21 03:00:00,4784.63,4794.84,4783.56,4792.63,3858.0
2026-01-21 03:05:00,4792.8,4800.0,4791.91,4795.78,3341.0
2026-01-21 03:10:00,4795.78,4809.87,4794.32,4807.63,3144.0
2026-01-21 03:15:00,4807.63,4813.79,4805.03,4812.96,3225.0
2026-01-21 03:20:00,4812.96,4817.96,4810.4,4816.96,3141.0
2026-01-21 03:25:00,4816.96,4827.66,4814.75,4827.46,3534.0
2026-01-21 03:30:00,4827.44,4836.64,4815.38,4816.73,4398.0
2026-01-21 03:35:00,4816.75,4825.77,4815.06,4819.23,3530.0
2026-01-21 03:40:00,4819.22,4820.48,4815.53,4818.76,2765.0
2026-01-21 03:45:00,4818.76,4827.32,4818.7,4826.82,2972.0
2026-01-21 03:50:00,4826.82,4843.99,4826.18,4843.98,3098.0
2026-01-21 03:55:00,4843.98,4844.13,4832.97,4835.21,2808.0
2026-01-21 04:00:00,4835.3,4841.98,4833.46,4834.35,3275.0
2026-01-21 04:05:00,4834.35,4838.81,4829.62,4829.91,2600.0
2026-01-21 04:10:00,4829.91,4832.66,4822.84,4828.18,2973.0
2026-01-21 04:15:00,4828.18,4828.25,4824.19,4826.25,2902.0
2026-01-21 04:20:00,4826.25,4826.84,4817.47,4818.74,3097.0
2026-01-21 04:25:00,4818.74,4825.6,4818.6,4824.94,1868.0
2026-01-21 04:30:00,4824.94,4832.74,4822.46,4832.69,2577.0
2026-01-21 04:35:00,4832.64,4839.52,4831.93,4834.45,2332.0
2026-01-21 04:40:00,4834.46,4838.33,4830.35,4830.99,2790.0
2026-01-21 04:45:00,4830.99,4832.86,4827.83,4829.75,2536.0
2026-01-21 04:50:00,4829.75,4833.06,4827.62,4830.05,2459.0
2026-01-21 04:55:00,4830.05,4837.05,4829.49,4836.65,2437.0
2026-01-21 05:00:00,4836.66,4846.82,4836.28,4843.94,2201.0
2026-01-21 05:05:00,4843.94,4846.16,4841.73,4844.49,2379.0
2026-01-21 05:10:00,4844.49,4849.75,4833.1,4833.85,3233.0
2026-01-21 05:15:00,4833.6,4836.94,4827.17,4832.76,3312.0
2026-01-21 05:20:00,4832.76,4835.2,4827.21,4828.96,2630.0
2026-01-21 05:25:00,4828.97,4833.63,4827.94,4833.59,2445.0
2026-01-21 05:30:00,4833.57,4838.17,4831.74,4837.25,1912.0
2026-01-21 05:35:00,4837.23,4842.12,4837.2,4839.8,1702.0
2026-01-21 05:40:00,4839.78,4846.26,4839.38,4842.83,2196.0
2026-01-21 05:45:00,4842.83,4843.23,4840.06,4841.0,1487.0
2026-01-21 05:50:00,4841.0,4844.15,4840.32,4843.45,1315.0
2026-01-21 05:55:00,4843.45,4847.07,4843.0,4844.95,1546.0
2026-01-21 06:00:00,4844.95,4846.53,4841.93,4842.34,1597.0
2026-01-21 06:05:00,4842.37,4843.05,4839.81,4840.62,1233.0
2026-01-21 06:10:00,4840.62,4844.96,4837.96,4844.89,1886.0
2026-01-21 06:15:00,4844.89,4850.88,4843.87,4850.2,1871.0
2026-01-21 06:20:00,4850.22,4854.15,4848.12,4853.52,2439.0
2026-01-21 06:25:00,4853.51,4853.65,4849.55,4849.85,1711.0
2026-01-21 06:30:00,4849.85,4855.36,4849.8,4854.16,1461.0
2026-01-21 06:35:00,4854.2,4861.04,4853.68,4859.56,1822.0
2026-01-21 06:40:00,4859.56,4865.54,4859.33,4865.4,2147.0
2026-01-21 06:45:00,4865.4,4866.02,4862.57,4863.71,1311.0
2026-01-21 06:50:00,4863.66,4866.99,4862.29,4865.98,1247.0
2026-01-21 06:55:00,4865.98,4870.83,4863.99,4865.97,2090.0
2026-01-21 07:00:00,4865.96,4866.39,4859.59,4860.01,1635.0
2026-01-21 07:05:00,4860.01,4863.07,4858.93,4863.05,1533.0
2026-01-21 07:10:00,4863.05,4867.0,4863.05,4866.9,1318.0
2026-01-21 07:15:00,4866.9,4873.69,4866.07,4873.53,1856.0
2026-01-21 07:20:00,4873.59,4874.1,4869.92,4870.88,1321.0
2026-01-21 07:25:00,4870.88,4871.33,4863.6,4868.76,1663.0
2026-01-21 07:30:00,4868.76,4877.81,4863.91,4876.22,2989.0
2026-01-21 07:35:00,4876.22,4878.13,4873.55,4874.38,2141.0
2026-01-21 07:40:00,4874.38,4874.4,4867.75,4871.05,2415.0
2026-01-21 07:45:00,4871.05,4876.34,4870.47,4873.68,1689.0
2026-01-21 07:50:00,4873.68,4877.02,4871.99,4872.55,1943.0
2026-01-21 07:55:00,4872.55,4874.47,4869.07,4869.91,2062.0
2026-01-21 08:00:00,4869.91,4875.31,4867.4,4869.57,2556.0
2026-01-21 08:05:00,4869.57,4870.02,4864.38,4869.88,2072.0
2026-01-21 08:10:00,4869.88,4872.2,4869.85,4871.58,1773.0
2026-01-21 08:15:00,4871.58,4876.49,4871.38,4875.25,1789.0
2026-01-21 08:20:00,4875.21,4880.39,4870.24,4879.46,2255.0
2026-01-21 08:25:00,4879.46,4888.43,4879.46,4883.92,2188.0
2026-01-21 08:30:00,4883.92,4887.27,4880.24,4881.17,2293.0
2026-01-21 08:35:00,4881.18,4881.36,4867.8,4868.35,2315.0
2026-01-21 08:40:00,4868.32,4868.85,4859.12,4861.63,2885.0
2026-01-21 08:45:00,4861.63,4862.58,4854.03,4862.44,3112.0
2026-01-21 08:50:00,4862.44,4865.98,4860.52,4861.15,2337.0
2026-01-21 08:55:00,4861.15,4861.92,4845.78,4847.68,2777.0
2026-01-21 09:00:00,4847.68,4849.29,4836.62,4841.46,3006.0
2026-01-21 09:05:00,4841.46,4844.24,4835.12,4839.7,2689.0
2026-01-21 09:10:00,4839.7,4841.98,4834.87,4837.17,2606.0
2026-01-21 09:15:00,4837.19,4840.84,4833.41,4838.15,2618.0
2026-01-21 09:20:00,4838.14,4842.35,4832.58,4841.84,2492.0
2026-01-21 09:25:00,4841.85,4850.51,4839.26,4849.22,2871.0
2026-01-21 09:30:00,4849.23,4851.82,4845.7,4847.51,2714.0
2026-01-21 09:35:00,4847.51,4847.84,4838.92,4843.64,2936.0
2026-01-21 09:40:00,4843.63,4851.03,4843.46,4849.2,1640.0
2026-01-21 09:45:00,4849.2,4851.18,4847.67,4850.87,1444.0
2026-01-21 09:50:00,4850.87,4857.05,4849.2,4856.22,1880.0
2026-01-21 09:55:00,4856.22,4857.22,4854.06,4855.24,1528.0
2026-01-21 10:00:00,4855.24,4859.96,4853.79,4859.82,1449.0
2026-01-21 10:05:00,4859.82,4864.08,4859.3,4859.84,1930.0
2026-01-21 10:10:00,4859.84,4859.93,4856.26,4858.53,1731.0
2026-01-21 10:15:00,4858.57,4866.45,4858.46,4865.27,1572.0
2026-01-21 10:20:00,4865.3,4867.13,4864.08,4865.24,1307.0
2026-01-21 10:25:00,4865.24,4869.56,4864.37,4866.78,1483.0
2026-01-21 10:30:00,4866.78,4868.1,4859.89,4862.66,2131.0
2026-01-21 10:35:00,4862.66,4865.15,4861.32,4864.93,1390.0
2026-01-21 10:40:00,4864.93,4865.07,4859.17,4861.49,1262.0
2026-01-21 10:45:00,4861.14,4862.69,4858.83,4858.9,1517.0
2026-01-21 10:50:00,4858.93,4859.87,4857.03,4857.27,1629.0
2026-01-21 10:55:00,4857.28,4857.72,4854.07,4855.24,1479.0
2026-01-21 11:00:00,4855.24,4857.12,4852.88,4856.36,1353.0
2026-01-21 11:05:00,4856.36,4859.88,4856.17,4859.65,1370.0
2026-01-21 11:10:00,4859.66,4861.45,4858.72,4859.88,1062.0
2026-01-21 11:15:00,4859.88,4861.8,4858.69,4860.56,1299.0
2026-01-21 11:20:00,4860.55,4865.06,4859.69,4864.77,1421.0
2026-01-21 11:25:00,4864.77,4868.81,4859.26,4868.46,1308.0
2026-01-21 11:30:00,4868.46,4876.86,4858.16,4866.18,1257.0
2026-01-21 11:35:00,4866.18,4869.28,4864.09,4867.23,1669.0
2026-01-21 11:40:00,4867.27,4868.44,4866.08,4866.97,1821.0
2026-01-21 11:45:00,4866.99,4875.41,4865.89,4870.76,1909.0
2026-01-21 11:50:00,4870.76,4872.03,4865.64,4868.75,1415.0
2026-01-21 11:55:00,4868.75,4870.62,4865.58,4865.63,1623.0
2026-01-21 12:00:00,4865.67,4869.53,4864.42,4866.41,1580.0
2026-01-21 12:05:00,4866.41,4866.61,4863.5,4864.0,1407.0
2026-01-21 12:10:00,4864.0,4864.62,4859.51,4863.47,1037.0
2026-01-21 12:15:00,4863.47,4864.25,4859.71,4861.51,1272.0
2026-01-21 12:20:00,4861.49,4864.42,4861.03,4862.42,1246.0
2026-01-21 12:25:00,4862.43,4864.34,4860.08,4860.47,1139.0
2026-01-21 12:30:00,4860.47,4862.89,4860.05,4860.69,1050.0
2026-01-21 12:35:00,4860.69,4864.54,4860.42,4862.95,1539.0
2026-01-21 12:40:00,4862.95,4865.71,4862.87,4864.96,989.0
2026-01-21 12:45:00,4864.96,4866.23,4863.8,4864.76,1006.0
2026-01-21 12:50:00,4864.76,4866.74,4863.17,4863.28,1260.0
2026-01-21 12:55:00,4863.28,4866.31,4862.0,4862.13,1197.0
2026-01-21 13:00:00,4862.13,4862.92,4860.83,4861.66,1011.0
2026-01-21 13:05:00,4861.67,4864.2,4861.11,4864.05,953.0
2026-01-21 13:10:00,4864.05,4865.58,4863.55,4865.27,1073.0
2026-01-21 13:15:00,4865.27,4869.87,4865.1,4869.87,1226.0
2026-01-21 13:20:00,4869.87,4871.57,4868.86,4870.3,1196.0
2026-01-21 13:25:00,4870.3,4871.33,4867.04,4867.04,1054.0
2026-01-21 13:30:00,4867.04,4867.28,4862.94,4863.05,1420.0
2026-01-21 13:35:00,4863.05,4866.06,4861.9,4864.43,1107.0
2026-01-21 13:40:00,4864.43,4864.85,4860.57,4862.27,1277.0
2026-01-21 13:45:00,4862.27,4862.72,4855.25,4860.77,1591.0
2026-01-21 13:50:00,4860.77,4863.34,4859.75,4862.65,1330.0
2026-01-21 13:55:00,4862.65,4866.84,4862.43,4866.84,1283.0
2026-01-21 14:00:00,4866.84,4867.36,4862.97,4866.27,1547.0
2026-01-21 14:05:00,4866.27,4866.67,4862.87,4863.57,1169.0
2026-01-21 14:10:00,4863.57,4863.92,4861.32,4862.2,1268.0
2026-01-21 14:15:00,4862.2,4862.36,4855.77,4856.41,2205.0
2026-01-21 14:20:00,4856.43,4861.98,4856.41,4861.55,1678.0
2026-01-21 14:25:00,4861.55,4864.78,4858.79,4864.72,1245.0
2026-01-21 14:30:00,4864.72,4867.04,4863.59,4866.51,1512.0
2026-01-21 14:35:00,4866.49,4870.81,4866.16,4866.45,1708.0
2026-01-21 14:40:00,4866.44,4866.82,4864.12,4865.46,1256.0
2026-01-21 14:45:00,4865.53,4865.72,4856.79,4858.86,1859.0
2026-01-21 14:50:00,4858.86,4862.41,4858.84,4862.1,1499.0
2026-01-21 14:55:00,4862.1,4867.2,4862.1,4865.04,1774.0
2026-01-21 15:00:00,4865.04,4865.39,4858.34,4861.22,3851.0
2026-01-21 15:05:00,4861.23,4869.75,4860.44,4868.72,2748.0
2026-01-21 15:10:00,4868.72,4871.39,4866.86,4869.16,2531.0
2026-01-21 15:15:00,4869.17,4871.43,4866.89,4866.99,2539.0
2026-01-21 15:20:00,4867.09,4868.6,4861.77,4863.64,3621.0
2026-01-21 15:25:00,4863.64,4868.38,4862.68,4868.03,2364.0
2026-01-21 15:30:00,4868.02,4872.05,4867.13,4871.41,2148.0
2026-01-21 15:35:00,4871.44,4878.5,4871.02,4878.27,2114.0
2026-01-21 15:40:00,4878.27,4879.07,4875.8,4877.28,2223.0
2026-01-21 15:45:00,4877.28,4877.81,4872.64,4873.47,2700.0
2026-01-21 15:50:00,4873.58,4878.42,4869.97,4877.26,2456.0
2026-01-21 15:55:00,4877.26,4880.34,4875.08,4879.5,2103.0
2026-01-21 16:00:00,4879.5,4880.95,4852.41,4852.56,2920.0
2026-01-21 16:05:00,4852.56,4865.48,4841.9,4864.65,4011.0
2026-01-21 16:10:00,4864.66,4869.26,4839.36,4844.66,4351.0
2026-01-21 16:15:00,4844.66,4854.62,4842.03,4846.22,2915.0
2026-01-21 16:20:00,4846.22,4857.46,4846.2,4853.18,3072.0
2026-01-21 16:25:00,4853.18,4864.6,4851.03,4860.68,3191.0
2026-01-21 16:30:00,4860.69,4868.77,4850.08,4857.7,4529.0
2026-01-21 16:35:00,4857.7,4872.17,4851.64,4870.6,4445.0
2026-01-21 16:40:00,4870.6,4872.44,4859.74,4860.81,4058.0
2026-01-21 16:45:00,4860.8,4862.07,4851.41,4853.67,4160.0
2026-01-21 16:50:00,4853.62,4857.08,4846.66,4855.76,4079.0
2026-01-21 16:55:00,4855.76,4859.14,4850.68,4851.99,3729.0
2026-01-21 17:00:00,4851.99,4865.54,4847.08,4861.83,3856.0
2026-01-21 17:05:00,4861.82,4868.72,4860.75,4864.42,3732.0
2026-01-21 17:10:00,4864.44,4865.98,4854.51,4860.31,3607.0
2026-01-21 17:15:00,4860.31,4861.76,4828.54,4831.2,3991.0
2026-01-21 17:20:00,4831.2,4832.79,4812.84,4817.38,5384.0
2026-01-21 17:25:00,4817.48,4831.75,4815.16,4831.09,4613.0
2026-01-21 17:30:00,4831.09,4840.14,4829.04,4839.63,3989.0
2026-01-21 17:35:00,4839.6,4845.46,4835.46,4839.04,3725.0
2026-01-21 17:40:00,4839.04,4843.06,4832.69,4837.35,3840.0
2026-01-21 17:45:00,4837.35,4844.41,4834.0,4843.73,3861.0
2026-01-21 17:50:00,4843.65,4852.46,4838.32,4851.0,3523.0
2026-01-21 17:55:00,4851.08,4854.58,4846.99,4847.86,3367.0
2026-01-21 18:00:00,4847.82,4851.59,4844.12,4847.25,3823.0
2026-01-21 18:05:00,4847.25,4855.66,4846.62,4850.72,3538.0
2026-01-21 18:10:00,4851.05,4853.97,4843.9,4847.02,3363.0
2026-01-21 18:15:00,4847.02,4852.51,4834.11,4835.31,3260.0
2026-01-21 18:20:00,4835.32,4839.08,4831.72,4832.7,3707.0
2026-01-21 18:25:00,4832.7,4840.85,4829.19,4839.88,3273.0
2026-01-21 18:30:00,4839.97,4846.35,4839.18,4846.27,3475.0
2026-01-21 18:35:00,4846.29,4847.22,4841.4,4846.75,3400.0
2026-01-21 18:40:00,4846.75,4849.77,4833.62,4834.69,3980.0
2026-01-21 18:45:00,4834.68,4837.63,4830.37,4833.79,4010.0
2026-01-21 18:50:00,4833.79,4834.81,4819.72,4829.52,4050.0
2026-01-21 18:55:00,4829.52,4836.76,4828.94,4833.31,3565.0
2026-01-21 19:00:00,4833.39,4834.27,4817.91,4824.45,3968.0
2026-01-21 19:05:00,4824.45,4829.84,4823.48,4827.45,3489.0
2026-01-21 19:10:00,4827.36,4827.98,4815.54,4818.39,3515.0
2026-01-21 19:15:00,4818.39,4823.73,4814.65,4822.36,3888.0
2026-01-21 19:20:00,4822.34,4826.41,4821.54,4824.84,3256.0
2026-01-21 19:25:00,4824.85,4825.55,4815.95,4821.09,3651.0
2026-01-21 19:30:00,4821.16,4821.61,4802.53,4807.22,4702.0
2026-01-21 19:35:00,4807.2,4816.87,4806.62,4815.57,3693.0
2026-01-21 19:40:00,4815.57,4818.9,4806.82,4809.95,3860.0
2026-01-21 19:45:00,4809.95,4816.5,4808.79,4814.3,3164.0
2026-01-21 19:50:00,4814.3,4823.21,4813.56,4820.95,2392.0
2026-01-21 19:55:00,4820.95,4827.49,4819.33,4826.28,2303.0
2026-01-21 20:00:00,4826.28,4828.36,4822.84,4825.33,2571.0
2026-01-21 20:05:00,4825.33,4830.57,4823.48,4826.49,2709.0
2026-01-21 20:10:00,4826.49,4831.78,4825.57,4825.57,2575.0
2026-01-21 20:15:00,4825.57,4826.89,4821.01,4821.32,2914.0
2026-01-21 20:20:00,4821.32,4831.3,4819.8,4829.25,3376.0
2026-01-21 20:25:00,4829.25,4837.04,4828.5,4834.08,3000.0
2026-01-21 20:30:00,4834.07,4838.65,4833.76,4835.23,2858.0
2026-01-21 20:35:00,4835.23,4835.69,4830.91,4833.25,2507.0
2026-01-21 20:40:00,4833.25,4838.11,4830.43,4837.82,2114.0
2026-01-21 20:45:00,4837.82,4842.94,4836.14,4842.94,2051.0
2026-01-21 20:50:00,4842.94,4844.16,4840.9,4842.16,1910.0
2026-01-21 20:55:00,4842.16,4850.67,4841.42,4850.22,2275.0
2026-01-21 21:00:00,4850.22,4850.76,4844.87,4845.21,2430.0
2026-01-21 21:05:00,4845.21,4849.6,4843.2,4849.07,1991.0
2026-01-21 21:10:00,4849.07,4850.87,4848.03,4848.98,1966.0
2026-01-21 21:15:00,4848.99,4850.23,4846.53,4849.01,1988.0
2026-01-21 21:20:00,4849.01,4853.52,4847.82,4852.85,2140.0
2026-01-21 21:25:00,4852.85,4854.01,4805.21,4816.06,3960.0
2026-01-21 21:30:00,4816.06,4821.27,4800.74,4805.83,5257.0
2026-01-21 21:35:00,4805.83,4806.3,4772.99,4773.76,6030.0
2026-01-21 21:40:00,4773.76,4780.56,4765.78,4765.88,5160.0
2026-01-21 21:45:00,4765.88,4778.59,4762.5,4776.35,4760.0
2026-01-21 21:50:00,4776.34,4778.15,4755.93,4769.79,4455.0
2026-01-21 21:55:00,4769.79,4782.97,4766.49,4781.31,3956.0
2026-01-21 22:00:00,4781.27,4787.62,4775.21,4775.55,4420.0
2026-01-21 22:05:00,4775.54,4784.49,4772.39,4779.02,3963.0
2026-01-21 22:10:00,4779.02,4787.53,4775.58,4787.23,4141.0
2026-01-21 22:15:00,4787.25,4796.84,4784.71,4794.58,4488.0
2026-01-21 22:20:00,4794.6,4801.04,4788.3,4794.45,4095.0
2026-01-21 22:25:00,4794.58,4799.7,4792.21,4797.26,3782.0
2026-01-21 22:30:00,4797.26,4813.67,4796.34,4804.12,3997.0
2026-01-21 22:35:00,4804.12,4809.92,4802.96,4805.33,2902.0
2026-01-21 22:40:00,4805.35,4821.45,4803.65,4820.18,3220.0
2026-01-21 22:45:00,4820.22,4821.47,4816.28,4818.81,3230.0
2026-01-21 22:50:00,4818.81,4827.93,4818.36,4824.0,3758.0
2026-01-21 22:55:00,4824.01,4827.75,4823.06,4826.58,3735.0
2026-01-21 23:00:00,4826.6,4826.6,4817.13,4818.79,1306.0
2026-01-21 23:05:00,4818.79,4819.82,4813.17,4818.49,956.0
2026-01-21 23:10:00,4818.49,4824.49,4818.47,4824.0,928.0
2026-01-21 23:15:00,4824.0,4831.96,4823.67,4831.9,868.0
2026-01-21 23:20:00,4831.9,4838.46,4831.84,4836.4,1254.0
2026-01-21 23:25:00,4836.4,4837.17,4832.1,4832.56,1008.0
2026-01-21 23:30:00,4832.48,4836.94,4832.17,4834.75,962.0
2026-01-21 23:35:00,4834.77,4839.39,4834.75,4835.46,713.0
2026-01-21 23:40:00,4835.46,4837.36,4833.8,4834.9,806.0
2026-01-21 23:45:00,4834.9,4839.62,4834.9,4836.33,898.0
2026-01-21 23:50:00,4836.33,4836.65,4828.36,4829.36,878.0
2026-01-21 23:55:00,4829.36,4832.15,4827.79,4832.06,690.0
2026-01-22 01:00:00,4832.06,4833.82,4815.73,4815.87,973.0
2026-01-22 01:05:00,4815.86,4821.34,4802.28,4803.03,1748.0
2026-01-22 01:10:00,4803.03,4814.94,4803.0,4814.94,1117.0
2026-01-22 01:15:00,4814.94,4815.16,4803.08,4803.29,1242.0
2026-01-22 01:20:00,4803.29,4807.26,4795.62,4795.66,1445.0
2026-01-22 01:25:00,4795.66,4795.81,4784.96,4795.03,2093.0
2026-01-22 01:30:00,4795.03,4801.64,4793.75,4793.93,1677.0
2026-01-22 01:35:00,4793.93,4799.02,4792.25,4794.12,1173.0
2026-01-22 01:40:00,4794.12,4797.98,4785.89,4787.33,1754.0
2026-01-22 01:45:00,4787.33,4792.07,4785.25,4791.12,1676.0
2026-01-22 01:50:00,4791.12,4797.53,4788.08,4792.05,1502.0
2026-01-22 01:55:00,4792.05,4793.14,4777.49,4778.31,1856.0
2026-01-22 02:00:00,4778.22,4786.76,4778.04,4779.35,2321.0
2026-01-22 02:05:00,4779.35,4790.82,4779.35,4790.49,1685.0
2026-01-22 02:10:00,4790.49,4794.15,4788.74,4790.12,1116.0
2026-01-22 02:15:00,4790.12,4790.14,4784.24,4787.81,1182.0
2026-01-22 02:20:00,4787.81,4789.06,4780.64,4784.32,1381.0
2026-01-22 02:25:00,4784.4,4787.17,4780.22,4782.6,1382.0
2026-01-22 02:30:00,4782.46,4788.36,4780.26,4788.26,1676.0
2026-01-22 02:35:00,4788.26,4788.58,4784.34,4785.2,1319.0
2026-01-22 02:40:00,4785.2,4795.59,4784.34,4793.15,1572.0
2026-01-22 02:45:00,4793.15,4794.04,4787.53,4788.15,1931.0
2026-01-22 02:50:00,4788.12,4794.82,4787.99,4794.76,1715.0
2026-01-22 02:55:00,4794.76,4798.81,4794.66,4798.14,1791.0
2026-01-22 03:00:00,4798.14,4798.14,4772.34,4776.9,4256.0
2026-01-22 03:05:00,4776.9,4786.9,4774.61,4785.85,3355.0
2026-01-22 03:10:00,4786.08,4791.57,4781.38,4791.4,2516.0
2026-01-22 03:15:00,4791.48,4800.29,4788.35,4800.26,2402.0
2026-01-22 03:20:00,4800.26,4809.69,4799.62,4807.79,2557.0
2026-01-22 03:25:00,4807.79,4808.39,4792.32,4795.94,2819.0
2026-01-22 03:30:00,4795.87,4797.58,4793.38,4794.48,2553.0
2026-01-22 03:35:00,4794.48,4803.02,4794.05,4799.59,2417.0
2026-01-22 03:40:00,4799.59,4804.65,4798.71,4803.28,2189.0
2026-01-22 03:45:00,4803.28,4803.59,4798.96,4799.87,2028.0
2026-01-22 03:50:00,4799.87,4804.65,4799.26,4804.41,1871.0
2026-01-22 03:55:00,4804.41,4804.67,4797.9,4797.95,1713.0
2026-01-22 04:00:00,4797.95,4798.28,4789.39,4791.01,2840.0
2026-01-22 04:05:00,4791.01,4793.33,4787.51,4790.04,2567.0
2026-01-22 04:10:00,4790.06,4795.69,4788.37,4793.5,2126.0
2026-01-22 04:15:00,4793.51,4795.15,4791.03,4791.36,1544.0
2026-01-22 04:20:00,4791.36,4795.81,4787.89,4788.49,1929.0
2026-01-22 04:25:00,4788.49,4791.08,4786.49,4787.58,1631.0
2026-01-22 04:30:00,4787.58,4788.04,4779.33,4784.35,2384.0
2026-01-22 04:35:00,4784.35,4785.81,4774.77,4778.12,2068.0
2026-01-22 04:40:00,4778.11,4782.71,4777.68,4781.85,2379.0
2026-01-22 04:45:00,4781.85,4787.13,4781.85,4785.09,1838.0
2026-01-22 04:50:00,4785.09,4790.49,4784.12,4789.04,1836.0
2026-01-22 04:55:00,4789.04,4792.42,4785.19,4789.0,2206.0
2026-01-22 05:00:00,4789.0,4791.21,4785.05,4785.39,2215.0
2026-01-22 05:05:00,4785.39,4791.37,4784.19,4788.11,2115.0
2026-01-22 05:10:00,4788.12,4789.91,4785.2,4789.8,2132.0
2026-01-22 05:15:00,4789.8,4790.43,4786.33,4786.7,1899.0
2026-01-22 05:20:00,4786.7,4791.99,4785.78,4791.05,1994.0
2026-01-22 05:25:00,4791.04,4795.96,4790.99,4792.63,2101.0
2026-01-22 05:30:00,4792.63,4794.44,4791.02,4792.83,1660.0
2026-01-22 05:35:00,4792.83,4793.64,4791.56,4792.97,1325.0
2026-01-22 05:40:00,4792.97,4793.44,4790.32,4790.41,1634.0
2026-01-22 05:45:00,4790.4,4795.21,4790.14,4794.96,1355.0
2026-01-22 05:50:00,4794.96,4796.95,4793.71,4794.65,1472.0
2026-01-22 05:55:00,4794.65,4796.68,4793.82,4796.6,1048.0
2026-01-22 06:00:00,4796.6,4797.12,4795.39,4796.7,1392.0
2026-01-22 06:05:00,4796.7,4799.98,4796.49,4799.02,1504.0
2026-01-22 06:10:00,4799.02,4800.44,4796.55,4798.19,1279.0
2026-01-22 06:15:00,4798.19,4799.59,4797.63,4799.02,1299.0
2026-01-22 06:20:00,4799.02,4799.74,4796.52,4796.9,1754.0
2026-01-22 06:25:00,4796.87,4797.86,4794.57,4796.0,1686.0
2026-01-22 06:30:00,4796.0,4797.7,4793.83,4794.43,1711.0
2026-01-22 06:35:00,4794.42,4798.43,4794.05,4795.72,1866.0
2026-01-22 06:40:00,4795.72,4796.95,4795.04,4795.41,1195.0
2026-01-22 06:45:00,4795.41,4797.29,4793.93,4796.7,1115.0
2026-01-22 06:50:00,4796.69,4797.89,4795.39,4796.11,1252.0
2026-01-22 06:55:00,4796.09,4798.0,4795.64,4797.47,1202.0
2026-01-22 07:00:00,4797.47,4800.82,4793.75,4800.39,1451.0
2026-01-22 07:05:00,4800.39,4801.57,4797.26,4797.94,1328.0
2026-01-22 07:10:00,4797.94,4800.58,4796.68,4800.43,1165.0
2026-01-22 07:15:00,4800.43,4800.51,4796.26,4797.86,1204.0
2026-01-22 07:20:00,4797.86,4797.88,4795.4,4796.17,1421.0
2026-01-22 07:25:00,4796.18,4797.03,4795.16,4795.41,1440.0
2026-01-22 07:30:00,4795.41,4799.91,4795.22,4796.97,1707.0
2026-01-22 07:35:00,4796.97,4799.66,4795.54,4798.87,1886.0
2026-01-22 07:40:00,4798.87,4802.71,4798.87,4800.76,1919.0
2026-01-22 07:45:00,4800.76,4807.75,4800.76,4807.72,2110.0
2026-01-22 07:50:00,4807.72,4819.51,4807.71,4818.11,2215.0
2026-01-22 07:55:00,4818.11,4821.63,4815.54,4821.33,1839.0
2026-01-22 08:00:00,4821.33,4824.93,4819.97,4823.15,2564.0
2026-01-22 08:05:00,4823.15,4824.32,4820.62,4820.64,2317.0
2026-01-22 08:10:00,4820.64,4822.21,4816.4,4818.15,1922.0
2026-01-22 08:15:00,4818.15,4822.91,4816.91,4822.78,1876.0
2026-01-22 08:20:00,4822.78,4827.68,4821.82,4827.5,1920.0
2026-01-22 08:25:00,4827.5,4829.24,4825.38,4825.5,1710.0
2026-01-22 08:30:00,4825.5,4827.95,4823.93,4824.66,1649.0
2026-01-22 08:35:00,4824.66,4828.1,4824.66,4827.66,1461.0
2026-01-22 08:40:00,4827.66,4827.96,4823.61,4823.87,1567.0
2026-01-22 08:45:00,4823.87,4825.5,4823.75,4825.07,1113.0
2026-01-22 08:50:00,4825.07,4825.07,4821.49,4821.55,2005.0
2026-01-22 08:55:00,4821.55,4826.81,4821.45,4826.61,1302.0
2026-01-22 09:00:00,4826.6,4831.14,4825.71,4830.93,1743.0
2026-01-22 09:05:00,4830.93,4835.0,4830.62,4834.39,1541.0
2026-01-22 09:10:00,4834.41,4834.56,4831.3,4833.37,1473.0
2026-01-22 09:15:00,4833.37,4837.49,4832.69,4836.68,1564.0
2026-01-22 09:20:00,4836.65,4836.87,4830.26,4831.51,1485.0
2026-01-22 09:25:00,4831.51,4838.13,4830.48,4837.15,1425.0
2026-01-22 09:30:00,4837.15,4838.05,4834.84,4836.62,1401.0
2026-01-22 09:35:00,4836.62,4837.31,4834.26,4836.42,1187.0
2026-01-22 09:40:00,4836.42,4839.0,4832.76,4833.39,1203.0
2026-01-22 09:45:00,4833.45,4834.03,4830.82,4833.21,1268.0
2026-01-22 09:50:00,4833.21,4834.23,4832.27,4833.15,1170.0
2026-01-22 09:55:00,4833.15,4835.69,4830.76,4832.67,1224.0
2026-01-22 10:00:00,4832.67,4835.6,4831.18,4832.79,1579.0
2026-01-22 10:05:00,4832.79,4835.36,4828.76,4828.8,1358.0
2026-01-22 10:10:00,4828.8,4829.93,4824.33,4827.78,1875.0
2026-01-22 10:15:00,4827.78,4829.13,4825.82,4826.53,1307.0
2026-01-22 10:20:00,4826.53,4829.69,4826.08,4828.78,1150.0
2026-01-22 10:25:00,4828.78,4830.56,4826.37,4826.37,1171.0
2026-01-22 10:30:00,4826.37,4827.88,4822.65,4825.04,1323.0
2026-01-22 10:35:00,4825.04,4826.76,4822.32,4826.58,1242.0
2026-01-22 10:40:00,4826.58,4828.67,4824.77,4826.61,1333.0
2026-01-22 10:45:00,4826.61,4828.07,4825.89,4826.97,1571.0
2026-01-22 10:50:00,4826.97,4830.21,4826.3,4830.04,1757.0
2026-01-22 10:55:00,4830.04,4831.89,4829.75,4830.7,1785.0
2026-01-22 11:00:00,4830.72,4835.43,4829.63,4832.79,1669.0
2026-01-22 11:05:00,4832.81,4834.86,4831.5,4832.78,1398.0
2026-01-22 11:10:00,4832.78,4838.02,4832.62,4832.86,1376.0
2026-01-22 11:15:00,4832.86,4833.65,4831.99,4832.11,1132.0
2026-01-22 11:20:00,4832.12,4832.19,4828.85,4829.06,1730.0
2026-01-22 11:25:00,4829.06,4830.46,4828.12,4829.47,1551.0
2026-01-22 11:30:00,4829.47,4831.07,4816.51,4824.32,2161.0
2026-01-22 11:35:00,4824.32,4825.99,4819.94,4820.66,1553.0
2026-01-22 11:40:00,4820.67,4822.39,4813.97,4816.26,1842.0
2026-01-22 11:45:00,4816.26,4819.92,4814.53,4819.25,1656.0
2026-01-22 11:50:00,4819.25,4821.47,4819.24,4820.97,1030.0
2026-01-22 11:55:00,4820.97,4823.22,4820.06,4823.14,1259.0
2026-01-22 12:00:00,4823.14,4825.05,4821.42,4821.5,1598.0
2026-01-22 12:05:00,4821.5,4822.56,4819.36,4822.13,1935.0
2026-01-22 12:10:00,4822.14,4824.98,4820.62,4823.63,1345.0
2026-01-22 12:15:00,4823.63,4827.36,4823.34,4824.6,1256.0
2026-01-22 12:20:00,4824.6,4826.05,4821.31,4822.77,1457.0
2026-01-22 12:25:00,4822.77,4827.72,4822.72,4826.8,1079.0
2026-01-22 12:30:00,4826.8,4827.5,4824.05,4827.5,1495.0
2026-01-22 12:35:00,4827.5,4829.27,4827.33,4828.2,933.0
2026-01-22 12:40:00,4828.2,4828.91,4826.47,4828.18,968.0
2026-01-22 12:45:00,4828.18,4829.81,4827.1,4829.53,893.0
2026-01-22 12:50:00,4829.53,4831.75,4829.45,4829.75,1098.0
2026-01-22 12:55:00,4829.74,4830.05,4827.76,4829.04,882.0
2026-01-22 13:00:00,4829.04,4831.01,4828.17,4831.0,799.0
2026-01-22 13:05:00,4831.0,4831.82,4828.89,4829.73,863.0
2026-01-22 13:10:00,4829.77,4830.07,4826.33,4826.34,968.0
2026-01-22 13:15:00,4826.34,4828.88,4824.54,4826.44,1555.0
2026-01-22 13:20:00,4826.44,4829.58,4826.31,4827.96,1215.0
2026-01-22 13:25:00,4827.96,4828.84,4827.22,4827.69,1235.0
2026-01-22 13:30:00,4827.69,4830.18,4827.15,4827.88,1326.0
2026-01-22 13:35:00,4827.88,4829.37,4825.21,4829.18,1400.0
2026-01-22 13:40:00,4829.18,4831.49,4828.54,4830.79,1324.0
2026-01-22 13:45:00,4830.79,4834.8,4830.34,4833.32,1273.0
2026-01-22 13:50:00,4833.32,4835.75,4833.32,4835.42,1334.0
2026-01-22 13:55:00,4835.42,4836.39,4831.08,4831.08,1413.0
2026-01-22 14:00:00,4831.08,4831.08,4823.5,4824.98,2071.0
2026-01-22 14:05:00,4824.98,4827.08,4823.82,4824.04,1428.0
2026-01-22 14:10:00,4824.04,4827.59,4823.9,4824.83,1335.0
2026-01-22 14:15:00,4824.83,4827.35,4824.52,4827.24,1160.0
2026-01-22 14:20:00,4827.26,4830.82,4827.11,4830.74,1342.0
2026-01-22 14:25:00,4830.74,4832.53,4829.9,4831.63,1042.0
2026-01-22 14:30:00,4831.63,4832.45,4830.31,4830.77,978.0
2026-01-22 14:35:00,4830.77,4831.79,4830.11,4830.64,804.0
2026-01-22 14:40:00,4830.64,4831.65,4829.6,4829.68,886.0
2026-01-22 14:45:00,4829.68,4829.71,4827.16,4828.03,1133.0
2026-01-22 14:50:00,4828.03,4828.88,4825.49,4826.03,1486.0
2026-01-22 14:55:00,4826.03,4826.18,4818.89,4819.71,1926.0
2026-01-22 15:00:00,4819.71,4822.83,4816.02,4822.02,3301.0
2026-01-22 15:05:00,4822.03,4824.63,4820.26,4820.96,2226.0
2026-01-22 15:10:00,4820.96,4827.5,4820.75,4826.71,2189.0
2026-01-22 15:15:00,4826.71,4831.89,4825.95,4831.39,2348.0
2026-01-22 15:20:00,4831.39,4834.27,4827.08,4834.07,2836.0
2026-01-22 15:25:00,4834.07,4835.22,4827.21,4827.52,2175.0
2026-01-22 15:30:00,4827.49,4827.49,4817.72,4822.53,2537.0
2026-01-22 15:35:00,4822.54,4825.12,4819.23,4821.86,2074.0
2026-01-22 15:40:00,4821.84,4822.06,4811.02,4813.81,2998.0
2026-01-22 15:45:00,4813.81,4816.04,4810.7,4815.41,2709.0
2026-01-22 15:50:00,4815.41,4822.61,4814.53,4818.72,2262.0
2026-01-22 15:55:00,4818.72,4822.7,4817.0,4822.31,1704.0
2026-01-22 16:00:00,4822.31,4825.64,4821.64,4824.09,2286.0
2026-01-22 16:05:00,4824.09,4825.94,4820.39,4821.07,1812.0
2026-01-22 16:10:00,4821.08,4824.2,4820.77,4824.13,1681.0
2026-01-22 16:15:00,4824.13,4827.39,4822.46,4823.94,1788.0
2026-01-22 16:20:00,4823.94,4828.23,4823.16,4826.05,1556.0
2026-01-22 16:25:00,4826.05,4830.47,4825.78,4829.41,1554.0
2026-01-22 16:30:00,4829.41,4847.72,4828.15,4842.67,3712.0
2026-01-22 16:35:00,4842.48,4845.66,4833.49,4844.2,4033.0
2026-01-22 16:40:00,4844.2,4846.76,4839.32,4845.79,3440.0
2026-01-22 16:45:00,4845.87,4846.8,4836.82,4839.69,3473.0
2026-01-22 16:50:00,4839.69,4845.68,4839.12,4844.8,3376.0
2026-01-22 16:55:00,4844.8,4845.1,4834.92,4835.24,3108.0
2026-01-22 17:00:00,4835.24,4838.67,4827.19,4834.3,3660.0
2026-01-22 17:05:00,4834.3,4837.59,4830.24,4833.87,3662.0
2026-01-22 17:10:00,4833.85,4840.61,4833.85,4839.17,2741.0
2026-01-22 17:15:00,4839.17,4843.72,4836.44,4841.74,2798.0
2026-01-22 17:20:00,4841.74,4844.22,4841.25,4843.13,2659.0
2026-01-22 17:25:00,4843.13,4856.15,4842.45,4854.07,3707.0
2026-01-22 17:30:00,4854.02,4864.79,4853.5,4863.58,3168.0
2026-01-22 17:35:00,4863.59,4865.9,4860.63,4862.46,3097.0
2026-01-22 17:40:00,4862.49,4864.96,4859.05,4863.51,2702.0
2026-01-22 17:45:00,4863.52,4866.18,4860.65,4863.32,2794.0
2026-01-22 17:50:00,4863.32,4873.68,4861.89,4869.51,3094.0
2026-01-22 17:55:00,4869.5,4871.68,4868.01,4871.65,3581.0
2026-01-22 18:00:00,4871.63,4874.25,4869.0,4871.73,2881.0
2026-01-22 18:05:00,4871.73,4873.79,4868.09,4872.38,2940.0
2026-01-22 18:10:00,4872.38,4876.23,4872.34,4873.66,2688.0
2026-01-22 18:15:00,4873.66,4879.07,4870.7,4878.17,2866.0
2026-01-22 18:20:00,4878.17,4879.64,4875.04,4878.18,3223.0
2026-01-22 18:25:00,4878.18,4880.61,4875.95,4875.95,2581.0
2026-01-22 18:30:00,4875.95,4878.73,4873.19,4878.71,2990.0
2026-01-22 18:35:00,4878.71,4884.97,4876.18,4882.77,2329.0
2026-01-22 18:40:00,4882.77,4884.18,4879.11,4880.79,2346.0
2026-01-22 18:45:00,4880.8,4883.47,4879.46,4881.22,1848.0
2026-01-22 18:50:00,4881.25,4885.35,4879.93,4880.37,2360.0
2026-01-22 18:55:00,4880.4,4881.54,4874.77,4878.01,2522.0
2026-01-22 19:00:00,4878.02,4882.55,4873.91,4882.33,2589.0
2026-01-22 19:05:00,4882.38,4884.72,4869.86,4876.6,2988.0
2026-01-22 19:10:00,4876.63,4883.59,4875.25,4880.22,3381.0
2026-01-22 19:15:00,4880.22,4882.39,4876.37,4881.28,2476.0
2026-01-22 19:20:00,4881.28,4891.84,4879.91,4887.72,2743.0
2026-01-22 19:25:00,4887.72,4893.95,4886.39,4890.06,2812.0
2026-01-22 19:30:00,4890.06,4896.49,4889.22,4895.71,2352.0
2026-01-22 19:35:00,4895.71,4897.12,4891.72,4892.78,1901.0
2026-01-22 19:40:00,4892.78,4899.43,4891.31,4898.85,2455.0
2026-01-22 19:45:00,4898.85,4904.98,4896.43,4903.57,2355.0
2026-01-22 19:50:00,4903.56,4905.68,4901.1,4904.57,2230.0
2026-01-22 19:55:00,4904.59,4906.33,4902.92,4904.52,2132.0
2026-01-22 20:00:00,4904.52,4911.41,4901.36,4908.46,3003.0
2026-01-22 20:05:00,4908.48,4913.47,4906.13,4912.24,2608.0
2026-01-22 20:10:00,4912.24,4915.19,4908.1,4908.53,2694.0
2026-01-22 20:15:00,4908.53,4912.5,4908.05,4911.52,1965.0
2026-01-22 20:20:00,4911.52,4913.57,4908.6,4908.8,2451.0
2026-01-22 20:25:00,4908.79,4912.15,4906.97,4910.11,2797.0
2026-01-22 20:30:00,4910.23,4913.53,4907.33,4912.57,2336.0
2026-01-22 20:35:00,4912.55,4915.63,4912.04,4913.67,1915.0
2026-01-22 20:40:00,4913.67,4914.49,4911.31,4912.88,1499.0
2026-01-22 20:45:00,4912.88,4916.83,4910.91,4915.83,1410.0
2026-01-22 20:50:00,4915.83,4918.03,4914.21,4916.92,1669.0
2026-01-22 20:55:00,4916.93,4919.55,4915.32,4916.05,1350.0
2026-01-22 21:00:00,4916.08,4921.0,4915.35,4920.23,1492.0
2026-01-22 21:05:00,4920.23,4923.94,4919.21,4920.98,2044.0
2026-01-22 21:10:00,4920.97,4924.39,4920.37,4923.99,1402.0
2026-01-22 21:15:00,4923.99,4924.18,4920.68,4921.46,1568.0
2026-01-22 21:20:00,4921.46,4922.82,4918.12,4918.98,1582.0
2026-01-22 21:25:00,4918.98,4919.17,4909.7,4914.66,2349.0
2026-01-22 21:30:00,4914.68,4918.11,4914.46,4915.58,1913.0
2026-01-22 21:35:00,4915.58,4917.8,4915.46,4916.07,1601.0
2026-01-22 21:40:00,4916.07,4916.96,4913.4,4913.51,1660.0
2026-01-22 21:45:00,4913.51,4913.53,4906.01,4908.24,2340.0
2026-01-22 21:50:00,4908.24,4912.09,4907.47,4911.7,1911.0
2026-01-22 21:55:00,4911.7,4912.95,4910.16,4911.74,1601.0
2026-01-22 22:00:00,4911.68,4921.88,4911.4,4921.75,1848.0
2026-01-22 22:05:00,4921.75,4923.13,4921.11,4922.36,1734.0
2026-01-22 22:10:00,4922.42,4926.33,4921.52,4925.91,1592.0
2026-01-22 22:15:00,4925.91,4928.5,4924.71,4927.07,1696.0
2026-01-22 22:20:00,4927.07,4928.21,4924.91,4927.34,1600.0
2026-01-22 22:25:00,4927.34,4927.67,4924.61,4925.71,1408.0
2026-01-22 22:30:00,4925.71,4927.07,4920.23,4920.49,1634.0
2026-01-22 22:35:00,4920.49,4923.88,4918.41,4919.92,1869.0
2026-01-22 22:40:00,4919.93,4923.44,4918.79,4922.75,2005.0
2026-01-22 22:45:00,4922.75,4924.9,4921.54,4922.42,1797.0
2026-01-22 22:50:00,4922.42,4922.91,4918.97,4921.02,1773.0
2026-01-22 22:55:00,4921.02,4923.55,4914.24,4916.9,2505.0
2026-01-22 23:00:00,4916.89,4918.67,4914.5,4916.24,1181.0
2026-01-22 23:05:00,4916.24,4921.64,4916.14,4919.68,904.0
2026-01-22 23:10:00,4919.68,4923.05,4919.35,4922.78,756.0
2026-01-22 23:15:00,4922.78,4924.33,4921.43,4922.66,616.0
2026-01-22 23:20:00,4922.66,4922.68,4920.54,4922.28,687.0
2026-01-22 23:25:00,4922.28,4925.26,4921.38,4925.04,660.0
2026-01-22 23:30:00,4924.96,4936.09,4923.86,4935.87,1033.0
2026-01-22 23:35:00,4935.87,4936.81,4933.63,4935.79,966.0
2026-01-22 23:40:00,4935.79,4940.38,4935.59,4938.92,1036.0
2026-01-22 23:45:00,4938.92,4940.63,4935.98,4936.39,1000.0
2026-01-22 23:50:00,4936.39,4937.87,4935.34,4935.62,1058.0
2026-01-22 23:55:00,4935.62,4939.49,4935.31,4935.83,673.0
2026-01-23 01:00:00,4935.83,4952.41,4935.83,4952.22,1224.0
2026-01-23 01:05:00,4952.3,4958.73,4950.19,4955.81,2010.0
2026-01-23 01:10:00,4955.81,4959.89,4942.65,4942.94,2032.0
2026-01-23 01:15:00,4942.94,4946.59,4939.59,4941.67,1860.0
2026-01-23 01:20:00,4941.67,4945.87,4940.3,4943.84,1263.0
2026-01-23 01:25:00,4943.85,4944.31,4939.34,4940.22,1302.0
2026-01-23 01:30:00,4940.22,4940.29,4930.64,4934.12,1512.0
2026-01-23 01:35:00,4934.12,4937.34,4931.99,4934.99,1172.0
2026-01-23 01:40:00,4934.99,4938.74,4934.44,4938.74,936.0
2026-01-23 01:45:00,4938.74,4954.24,4938.65,4951.02,2551.0
2026-01-23 01:50:00,4951.02,4958.62,4948.51,4955.84,2003.0
2026-01-23 01:55:00,4955.84,4960.54,4953.32,4958.92,1804.0
2026-01-23 02:00:00,4958.94,4963.3,4957.81,4961.55,1777.0
2026-01-23 02:05:00,4961.38,4961.43,4955.42,4955.87,1434.0
2026-01-23 02:10:00,4955.87,4956.44,4950.73,4951.88,1233.0
2026-01-23 02:15:00,4951.88,4958.41,4950.27,4956.53,1205.0
2026-01-23 02:20:00,4956.53,4958.13,4950.74,4950.81,971.0
2026-01-23 02:25:00,4950.81,4952.06,4948.1,4951.97,904.0
2026-01-23 02:30:00,4951.97,4954.93,4947.94,4950.03,1111.0
2026-01-23 02:35:00,4950.03,4956.08,4948.95,4952.65,1038.0
2026-01-23 02:40:00,4952.65,4952.87,4947.48,4949.25,1556.0
2026-01-23 02:45:00,4949.25,4954.56,4949.25,4954.45,788.0
2026-01-23 02:50:00,4954.45,4958.75,4954.17,4957.94,1218.0
2026-01-23 02:55:00,4957.94,4965.76,4957.59,4965.04,1857.0
2026-01-23 03:00:00,4965.04,4967.36,4936.75,4946.44,4752.0
2026-01-23 03:05:00,4946.44,4946.47,4936.7,4945.07,3743.0
2026-01-23 03:10:00,4945.07,4950.43,4942.25,4949.19,2976.0
2026-01-23 03:15:00,4949.19,4954.38,4942.55,4944.52,2593.0
2026-01-23 03:20:00,4944.52,4949.89,4943.36,4948.17,1980.0
2026-01-23 03:25:00,4948.17,4952.15,4945.56,4947.4,1755.0
2026-01-23 03:30:00,4947.4,4956.26,4946.58,4955.98,1926.0
2026-01-23 03:35:00,4955.93,4955.93,4950.49,4954.25,1879.0
2026-01-23 03:40:00,4954.25,4954.44,4949.82,4951.21,1778.0
2026-01-23 03:45:00,4951.21,4960.94,4951.21,4959.98,2255.0
2026-01-23 03:50:00,4959.98,4962.95,4958.05,4958.65,2114.0
2026-01-23 03:55:00,4958.62,4959.47,4951.66,4953.52,1908.0
2026-01-23 04:00:00,4953.52,4956.75,4950.7,4952.4,1788.0
2026-01-23 04:05:00,4952.4,4955.41,4948.78,4950.32,1698.0
2026-01-23 04:10:00,4950.32,4950.88,4947.24,4949.55,1517.0
2026-01-23 04:15:00,4949.55,4951.13,4948.15,4950.8,1445.0
2026-01-23 04:20:00,4950.8,4953.6,4948.82,4950.26,1556.0
2026-01-23 04:25:00,4950.26,4953.12,4947.03,4953.0,1314.0
2026-01-23 04:30:00,4953.0,4957.36,4952.46,4955.3,1410.0
2026-01-23 04:35:00,4955.29,4956.88,4954.09,4956.34,1130.0
2026-01-23 04:40:00,4956.34,4957.52,4954.13,4956.81,1138.0
2026-01-23 04:45:00,4956.81,4962.2,4956.81,4960.99,1291.0
2026-01-23 04:50:00,4960.99,4962.18,4958.71,4960.59,1207.0
2026-01-23 04:55:00,4960.59,4960.59,4955.46,4955.63,1258.0
2026-01-23 05:00:00,4955.63,4959.08,4954.77,4956.08,1144.0
2026-01-23 05:05:00,4956.08,4958.87,4955.78,4958.68,1453.0
2026-01-23 05:10:00,4958.68,4958.9,4953.38,4954.92,1759.0
2026-01-23 05:15:00,4954.92,4955.33,4939.31,4939.38,1981.0
2026-01-23 05:20:00,4939.38,4945.79,4939.38,4943.31,2223.0
2026-01-23 05:25:00,4943.35,4945.97,4938.13,4943.96,1828.0
2026-01-23 05:30:00,4943.96,4950.88,4942.87,4950.62,1640.0
2026-01-23 05:35:00,4950.62,4953.27,4949.68,4951.87,1174.0
2026-01-23 05:40:00,4951.87,4952.15,4945.58,4949.69,1614.0
2026-01-23 05:45:00,4949.69,4954.2,4948.21,4953.67,1268.0
2026-01-23 05:50:00,4953.67,4954.56,4950.92,4951.77,822.0
2026-01-23 05:55:00,4951.77,4953.68,4951.74,4952.06,642.0
2026-01-23 06:00:00,4952.06,4953.58,4951.37,4953.27,597.0
2026-01-23 06:05:00,4953.27,4953.62,4950.75,4952.02,477.0
2026-01-23 06:10:00,4952.02,4953.24,4951.73,4952.41,685.0
2026-01-23 06:15:00,4952.41,4953.31,4951.42,4952.25,542.0
2026-01-23 06:20:00,4952.25,4952.88,4950.17,4951.91,734.0
2026-01-23 06:25:00,4951.91,4952.9,4950.7,4952.9,576.0
2026-01-23 06:30:00,4952.9,4954.14,4952.06,4954.14,593.0
2026-01-23 06:35:00,4954.14,4956.45,4953.3,4955.94,730.0
2026-01-23 06:40:00,4955.92,4958.0,4955.48,4956.82,1250.0
2026-01-23 06:45:00,4956.82,4957.97,4954.89,4957.94,983.0
2026-01-23 06:50:00,4957.94,4958.36,4957.25,4957.81,578.0
2026-01-23 06:55:00,4957.81,4957.81,4955.66,4956.21,701.0
2026-01-23 07:00:00,4956.22,4957.32,4954.53,4956.15,791.0
2026-01-23 07:05:00,4956.15,4957.56,4955.59,4956.98,778.0
2026-01-23 07:10:00,4956.98,4956.98,4955.47,4956.26,753.0
2026-01-23 07:15:00,4956.26,4957.93,4955.55,4957.4,532.0
2026-01-23 07:20:00,4957.4,4960.16,4957.08,4958.14,628.0
2026-01-23 07:25:00,4958.14,4958.63,4956.67,4957.42,634.0
2026-01-23 07:30:00,4957.42,4960.6,4956.91,4957.42,1368.0
2026-01-23 07:35:00,4957.46,4959.52,4956.53,4958.99,1365.0
2026-01-23 07:40:00,4959.04,4961.4,4959.01,4961.16,1124.0
2026-01-23 07:45:00,4961.16,4966.76,4960.78,4966.65,1441.0
2026-01-23 07:50:00,4966.65,4967.3,4963.39,4964.0,1385.0
2026-01-23 07:55:00,4964.0,4965.55,4960.43,4960.66,1561.0
2026-01-23 08:00:00,4960.66,4963.15,4956.97,4957.75,1595.0
2026-01-23 08:05:00,4957.79,4960.36,4955.46,4955.71,1986.0
2026-01-23 08:10:00,4955.71,4956.17,4945.59,4952.63,3086.0
2026-01-23 08:15:00,4952.63,4955.69,4951.38,4954.35,1795.0
2026-01-23 08:20:00,4954.35,4958.92,4954.28,4958.78,1476.0
2026-01-23 08:25:00,4958.78,4958.88,4952.76,4953.0,1500.0
2026-01-23 08:30:00,4953.01,4955.85,4950.76,4953.9,2190.0
2026-01-23 08:35:00,4953.9,4954.97,4953.01,4954.49,941.0
2026-01-23 08:40:00,4954.49,4954.49,4950.12,4953.1,1451.0
2026-01-23 08:45:00,4953.1,4955.38,4951.2,4951.87,1304.0
2026-01-23 08:50:00,4951.87,4955.84,4950.9,4955.32,1564.0
2026-01-23 08:55:00,4955.32,4956.16,4952.6,4953.68,1773.0
2026-01-23 09:00:00,4953.69,4956.52,4952.35,4955.29,1656.0
2026-01-23 09:05:00,4955.29,4958.05,4953.9,4956.25,1477.0
2026-01-23 09:10:00,4956.25,4956.49,4953.99,4955.96,1079.0
2026-01-23 09:15:00,4955.97,4957.44,4955.25,4957.17,888.0
2026-01-23 09:20:00,4957.17,4959.57,4951.79,4951.79,974.0
2026-01-23 09:25:00,4951.79,4956.93,4951.7,4956.88,1366.0
2026-01-23 09:30:00,4956.88,4958.43,4953.81,4956.36,1265.0
2026-01-23 09:35:00,4956.36,4956.81,4952.56,4952.8,1401.0
2026-01-23 09:40:00,4952.8,4953.66,4946.16,4946.25,2090.0
2026-01-23 09:45:00,4946.25,4950.39,4943.5,4944.23,2039.0
2026-01-23 09:50:00,4944.24,4950.54,4944.14,4950.54,1494.0
2026-01-23 09:55:00,4950.54,4951.16,4944.3,4944.43,1384.0
2026-01-23 10:00:00,4944.43,4946.6,4941.83,4946.44,1861.0
2026-01-23 10:05:00,4946.44,4947.66,4943.59,4946.88,1544.0
2026-01-23 10:10:00,4946.88,4946.91,4940.56,4942.26,1662.0
2026-01-23 10:15:00,4942.28,4942.87,4937.85,4939.04,1913.0
2026-01-23 10:20:00,4939.04,4939.04,4920.27,4920.87,3178.0
2026-01-23 10:25:00,4920.88,4921.09,4901.36,4913.4,4117.0
2026-01-23 10:30:00,4913.4,4920.09,4910.6,4919.85,2728.0
2026-01-23 10:35:00,4919.85,4924.3,4914.77,4921.29,2394.0
2026-01-23 10:40:00,4921.28,4926.42,4919.67,4925.13,2073.0
2026-01-23 10:45:00,4925.13,4925.46,4916.03,4916.68,2401.0
2026-01-23 10:50:00,4916.89,4919.48,4908.87,4913.85,2263.0
2026-01-23 10:55:00,4913.85,4914.14,4909.17,4913.82,2620.0
2026-01-23 11:00:00,4913.82,4920.05,4912.83,4914.3,2563.0
2026-01-23 11:05:00,4914.3,4915.98,4911.36,4914.42,1941.0
2026-01-23 11:10:00,4914.5,4915.02,4909.26,4912.16,2148.0
2026-01-23 11:15:00,4912.16,4914.67,4905.54,4905.64,1923.0
2026-01-23 11:20:00,4905.64,4914.82,4905.64,4909.69,1844.0
2026-01-23 11:25:00,4909.69,4911.81,4899.74,4905.39,2515.0
2026-01-23 11:30:00,4905.39,4912.48,4903.18,4911.42,2211.0
2026-01-23 11:35:00,4911.43,4913.64,4906.52,4912.36,1836.0
2026-01-23 11:40:00,4912.36,4917.81,4911.83,4917.03,2224.0
2026-01-23 11:45:00,4917.03,4919.91,4914.5,4919.23,1667.0
2026-01-23 11:50:00,4919.23,4921.58,4917.53,4919.51,1833.0
2026-01-23 11:55:00,4919.51,4919.76,4917.22,4918.63,1370.0
2026-01-23 12:00:00,4918.61,4922.62,4917.34,4918.88,1462.0
2026-01-23 12:05:00,4918.88,4920.55,4915.74,4919.16,1671.0
2026-01-23 12:10:00,4919.16,4922.12,4918.72,4921.36,1192.0
2026-01-23 12:15:00,4921.36,4926.01,4921.36,4925.19,1175.0
2026-01-23 12:20:00,4925.19,4926.44,4923.25,4926.23,1319.0
2026-01-23 12:25:00,4926.31,4932.45,4926.31,4929.42,2226.0
2026-01-23 12:30:00,4929.42,4930.51,4925.62,4927.01,1320.0
2026-01-23 12:35:00,4927.01,4928.6,4925.32,4928.04,1204.0
2026-01-23 12:40:00,4928.04,4928.99,4924.86,4928.12,996.0
2026-01-23 12:45:00,4928.12,4928.47,4924.53,4926.98,1178.0
2026-01-23 12:50:00,4926.98,4930.65,4926.63,4928.18,1342.0
2026-01-23 12:55:00,4928.18,4930.47,4927.49,4929.83,1426.0
2026-01-23 13:00:00,4929.78,4929.9,4917.63,4918.96,1462.0
2026-01-23 13:05:00,4918.96,4920.82,4916.24,4920.61,1340.0
2026-01-23 13:10:00,4920.56,4921.51,4917.92,4918.5,1041.0
2026-01-23 13:15:00,4918.5,4919.47,4912.21,4917.11,1314.0
2026-01-23 13:20:00,4917.11,4919.63,4913.91,4919.51,1244.0
2026-01-23 13:25:00,4919.51,4921.99,4919.07,4920.86,908.0
2026-01-23 13:30:00,4920.94,4924.85,4919.87,4923.77,809.0
2026-01-23 13:35:00,4923.77,4925.02,4922.49,4923.67,953.0
2026-01-23 13:40:00,4923.67,4925.04,4923.39,4923.43,611.0
2026-01-23 13:45:00,4923.43,4926.14,4922.35,4925.95,884.0
2026-01-23 13:50:00,4925.95,4926.31,4923.33,4924.05,862.0
2026-01-23 13:55:00,4924.05,4926.25,4921.08,4923.0,1489.0
2026-01-23 14:00:00,4923.0,4930.95,4918.38,4930.48,2573.0
2026-01-23 14:05:00,4930.48,4934.27,4929.46,4933.84,1709.0
2026-01-23 14:10:00,4933.84,4934.43,4932.36,4933.89,1247.0
2026-01-23 14:15:00,4933.89,4937.1,4930.48,4931.33,1454.0
2026-01-23 14:20:00,4931.34,4935.07,4931.13,4933.97,1436.0
2026-01-23 14:25:00,4933.97,4936.13,4932.37,4934.17,1309.0
2026-01-23 14:30:00,4934.17,4936.6,4933.19,4935.37,1105.0
2026-01-23 14:35:00,4935.37,4938.16,4934.74,4936.77,1293.0
2026-01-23 14:40:00,4936.77,4939.07,4932.22,4936.13,1829.0
2026-01-23 14:45:00,4936.13,4939.65,4936.0,4938.84,1614.0
2026-01-23 14:50:00,4938.84,4942.55,4938.84,4941.42,1881.0
2026-01-23 14:55:00,4941.42,4942.19,4938.13,4939.31,2020.0
2026-01-23 15:00:00,4939.31,4944.81,4933.75,4943.68,3631.0
2026-01-23 15:05:00,4943.68,4947.88,4940.85,4941.07,2594.0
2026-01-23 15:10:00,4941.07,4941.43,4936.76,4940.33,2276.0
2026-01-23 15:15:00,4940.33,4940.61,4935.41,4937.02,2770.0
2026-01-23 15:20:00,4937.02,4939.0,4923.79,4928.03,3035.0
2026-01-23 15:25:00,4928.04,4934.09,4926.51,4931.57,3181.0
2026-01-23 15:30:00,4931.5,4938.99,4930.43,4936.14,3013.0
2026-01-23 15:35:00,4936.17,4939.27,4927.37,4930.3,3375.0
2026-01-23 15:40:00,4930.3,4933.54,4928.51,4931.74,2801.0
2026-01-23 15:45:00,4931.74,4938.31,4930.74,4936.79,2482.0
2026-01-23 15:50:00,4936.79,4940.88,4935.55,4940.4,2195.0
2026-01-23 15:55:00,4940.4,4940.45,4935.21,4939.07,2681.0
2026-01-23 16:00:00,4939.03,4942.18,4934.82,4940.96,2940.0
2026-01-23 16:05:00,4940.95,4944.51,4940.04,4942.54,2385.0
2026-01-23 16:10:00,4942.61,4947.87,4942.61,4944.48,2388.0
2026-01-23 16:15:00,4944.48,4944.98,4939.88,4942.31,2208.0
2026-01-23 16:20:00,4942.31,4945.58,4940.27,4940.54,1893.0
2026-01-23 16:25:00,4940.54,4942.68,4939.64,4939.93,1826.0
2026-01-23 16:30:00,4939.93,4945.88,4932.83,4942.79,3798.0
2026-01-23 16:35:00,4942.79,4949.68,4941.19,4944.52,3652.0
2026-01-23 16:40:00,4944.56,4949.77,4943.82,4947.01,3111.0
2026-01-23 16:45:00,4947.01,4955.64,4946.53,4953.62,2970.0
2026-01-23 16:50:00,4953.62,4956.44,4950.79,4953.29,3045.0
2026-01-23 16:55:00,4953.28,4954.1,4942.67,4943.37,2812.0
2026-01-23 17:00:00,4943.35,4950.97,4938.33,4949.97,3159.0
2026-01-23 17:05:00,4949.97,4955.84,4948.85,4955.79,2352.0
2026-01-23 17:10:00,4955.79,4955.79,4951.0,4952.88,2841.0
2026-01-23 17:15:00,4952.88,4954.31,4942.67,4949.11,3454.0
2026-01-23 17:20:00,4949.11,4949.57,4942.48,4944.81,3146.0
2026-01-23 17:25:00,4944.81,4948.42,4943.16,4944.79,2732.0
2026-01-23 17:30:00,4944.79,4950.65,4943.82,4950.39,2312.0
2026-01-23 17:35:00,4950.39,4955.3,4947.23,4954.53,2545.0
2026-01-23 17:40:00,4954.58,4960.94,4952.84,4959.08,2417.0
2026-01-23 17:45:00,4959.08,4963.27,4957.8,4960.48,2450.0
2026-01-23 17:50:00,4960.48,4960.48,4951.33,4957.52,3131.0
2026-01-23 17:55:00,4957.52,4960.66,4955.59,4960.6,2441.0
2026-01-23 18:00:00,4960.6,4966.3,4959.15,4964.36,2534.0
2026-01-23 18:05:00,4964.36,4974.18,4961.25,4973.87,2382.0
2026-01-23 18:10:00,4973.81,4976.69,4969.65,4971.07,3154.0
2026-01-23 18:15:00,4971.07,4980.7,4969.6,4979.62,2821.0
2026-01-23 18:20:00,4979.62,4981.47,4977.72,4980.01,2330.0
2026-01-23 18:25:00,4980.01,4986.46,4979.74,4985.4,2758.0
2026-01-23 18:30:00,4985.4,4988.3,4978.93,4982.5,3199.0
2026-01-23 18:35:00,4982.5,4985.99,4980.01,4981.71,2978.0
2026-01-23 18:40:00,4981.71,4984.16,4980.17,4982.85,2503.0
2026-01-23 18:45:00,4982.84,4982.84,4975.69,4978.39,3096.0
2026-01-23 18:50:00,4978.39,4982.33,4977.08,4981.17,2911.0
2026-01-23 18:55:00,4981.18,4982.98,4979.38,4980.41,2846.0
2026-01-23 19:00:00,4980.42,4983.6,4977.53,4982.53,2364.0
2026-01-23 19:05:00,4982.53,4984.66,4980.35,4983.5,2233.0
2026-01-23 19:10:00,4983.5,4987.06,4983.32,4984.45,2400.0
2026-01-23 19:15:00,4984.45,4987.84,4983.62,4986.37,2190.0
2026-01-23 19:20:00,4986.37,4986.98,4982.19,4983.65,2042.0
2026-01-23 19:25:00,4983.65,4984.83,4980.97,4983.03,2189.0
2026-01-23 19:30:00,4983.03,4986.54,4982.74,4984.16,2178.0
2026-01-23 19:35:00,4984.16,4986.74,4983.39,4986.65,1549.0
2026-01-23 19:40:00,4986.65,4988.06,4982.28,4983.19,1773.0
2026-01-23 19:45:00,4983.18,4985.11,4981.39,4983.57,1819.0
2026-01-23 19:50:00,4983.57,4984.92,4970.56,4970.78,2217.0
2026-01-23 19:55:00,4970.78,4970.84,4962.05,4965.91,4169.0
2026-01-23 20:00:00,4965.91,4979.21,4965.33,4978.91,3184.0
2026-01-23 20:05:00,4978.91,4979.41,4975.05,4975.72,2786.0
2026-01-23 20:10:00,4975.72,4982.77,4975.28,4980.86,2489.0
2026-01-23 20:15:00,4980.86,4982.73,4979.59,4979.8,2022.0
2026-01-23 20:20:00,4979.8,4984.09,4978.78,4981.18,2574.0
2026-01-23 20:25:00,4981.18,4984.16,4977.59,4978.61,2436.0
2026-01-23 20:30:00,4978.61,4979.87,4972.53,4974.66,2371.0
2026-01-23 20:35:00,4974.64,4976.25,4969.82,4971.01,2430.0
2026-01-23 20:40:00,4971.01,4973.07,4964.01,4964.53,2917.0
2026-01-23 20:45:00,4964.53,4966.41,4958.32,4958.64,2943.0
2026-01-23 20:50:00,4958.63,4968.84,4958.63,4968.56,3000.0
2026-01-23 20:55:00,4968.56,4969.77,4966.08,4966.77,2173.0
2026-01-23 21:00:00,4966.84,4976.2,4966.84,4976.13,2206.0
2026-01-23 21:05:00,4976.13,4978.83,4971.57,4975.43,1926.0
2026-01-23 21:10:00,4975.43,4975.43,4972.4,4974.15,1623.0
2026-01-23 21:15:00,4974.15,4977.29,4973.74,4977.29,1390.0
2026-01-23 21:20:00,4977.29,4978.68,4975.82,4976.55,1458.0
2026-01-23 21:25:00,4976.6,4978.68,4974.81,4977.37,1646.0
2026-01-23 21:30:00,4977.37,4980.42,4974.94,4976.94,1802.0
2026-01-23 21:35:00,4976.94,4977.85,4974.52,4975.27,1549.0
2026-01-23 21:40:00,4975.27,4979.2,4974.77,4978.81,1398.0
2026-01-23 21:45:00,4978.81,4984.02,4978.11,4982.76,1713.0
2026-01-23 21:50:00,4982.76,4989.78,4982.26,4988.67,1806.0
2026-01-23 21:55:00,4988.67,4989.77,4983.37,4984.2,2061.0
2026-01-23 22:00:00,4984.2,4985.62,4977.2,4980.84,2908.0
2026-01-23 22:05:00,4980.84,4981.04,4970.68,4978.4,2537.0
2026-01-23 22:10:00,4978.49,4981.56,4976.47,4981.28,2349.0
2026-01-23 22:15:00,4981.28,4985.47,4980.31,4980.95,2337.0
2026-01-23 22:20:00,4980.96,4982.82,4979.56,4981.84,1973.0
2026-01-23 22:25:00,4981.85,4982.38,4978.23,4980.91,1934.0
2026-01-23 22:30:00,4980.91,4980.92,4975.81,4978.16,2587.0
2026-01-23 22:35:00,4978.18,4983.05,4976.86,4982.7,2311.0
2026-01-23 22:40:00,4982.7,4983.48,4980.16,4982.28,2151.0
2026-01-23 22:45:00,4982.28,4982.85,4981.37,4982.13,1840.0
2026-01-23 22:50:00,4982.13,4982.45,4978.84,4979.63,2456.0
2026-01-23 22:55:00,4979.63,4984.19,4979.55,4981.42,2686.0
2026-01-23 23:00:00,4981.22,4984.65,4978.89,4983.88,1119.0
2026-01-23 23:05:00,4983.88,4986.04,4982.37,4982.58,752.0
2026-01-23 23:10:00,4982.58,4983.77,4981.11,4981.31,642.0
2026-01-23 23:15:00,4981.31,4982.26,4978.93,4979.13,574.0
2026-01-23 23:20:00,4979.13,4982.1,4978.04,4981.98,551.0
2026-01-23 23:25:00,4981.98,4983.68,4981.24,4981.81,523.0
2026-01-23 23:30:00,4981.72,4983.08,4980.48,4981.48,424.0
2026-01-23 23:35:00,4981.46,4982.87,4980.41,4982.76,442.0
2026-01-23 23:40:00,4982.76,4983.17,4981.1,4982.16,461.0
2026-01-23 23:45:00,4982.16,4982.88,4980.95,4982.55,634.0
2026-01-23 23:50:00,4982.55,4986.47,4981.98,4985.96,712.0
2026-01-23 23:55:00,4985.96,4990.02,4985.83,4986.43,560.0
2026-01-26 01:00:00,5008.06,5027.54,5003.85,5013.73,2107.0
2026-01-26 01:05:00,5013.81,5025.25,5003.55,5023.48,4095.0
2026-01-26 01:10:00,5023.48,5026.18,5013.73,5021.56,3578.0
2026-01-26 01:15:00,5021.56,5029.6,5019.63,5028.38,2951.0
2026-01-26 01:20:00,5028.6,5031.28,5023.7,5024.71,2787.0
2026-01-26 01:25:00,5024.71,5025.55,5012.31,5019.0,3587.0
2026-01-26 01:30:00,5019.08,5027.09,5016.61,5023.02,2767.0
2026-01-26 01:35:00,5022.99,5032.08,5018.39,5029.96,2258.0
2026-01-26 01:40:00,5029.96,5030.24,5024.9,5025.34,2424.0
2026-01-26 01:45:00,5025.33,5036.4,5024.92,5034.02,2544.0
2026-01-26 01:50:00,5034.02,5040.07,5032.02,5039.85,1981.0
2026-01-26 01:55:00,5039.85,5039.85,5036.12,5039.71,1480.0
2026-01-26 02:00:00,5039.71,5041.16,5034.46,5040.84,3045.0
2026-01-26 02:05:00,5040.84,5043.86,5037.77,5042.66,1932.0
2026-01-26 02:10:00,5042.66,5042.68,5034.86,5039.26,1717.0
2026-01-26 02:15:00,5039.26,5039.84,5033.0,5033.65,2756.0
2026-01-26 02:20:00,5033.65,5035.23,5030.64,5034.82,1550.0
2026-01-26 02:25:00,5034.79,5042.77,5034.65,5042.77,1912.0
2026-01-26 02:30:00,5042.77,5048.88,5042.07,5046.08,2075.0
2026-01-26 02:35:00,5046.08,5049.83,5045.84,5049.76,1934.0
2026-01-26 02:40:00,5049.76,5051.99,5049.32,5050.31,2149.0
2026-01-26 02:45:00,5050.32,5051.83,5047.25,5049.58,2025.0
2026-01-26 02:50:00,5049.58,5050.43,5044.23,5044.3,2336.0
2026-01-26 02:55:00,5044.33,5046.36,5038.07,5041.7,2635.0
2026-01-26 03:00:00,5041.68,5044.27,5029.12,5043.0,3827.0
2026-01-26 03:05:00,5043.0,5049.37,5042.22,5047.04,2706.0
2026-01-26 03:10:00,5047.04,5059.05,5046.74,5057.54,3353.0
2026-01-26 03:15:00,5057.57,5066.03,5056.94,5062.63,3607.0
2026-01-26 03:20:00,5062.63,5069.29,5061.71,5069.26,2707.0
2026-01-26 03:25:00,5069.26,5075.43,5066.37,5074.32,3664.0
2026-01-26 03:30:00,5074.32,5084.33,5071.77,5083.86,3266.0
2026-01-26 03:35:00,5083.85,5085.73,5071.7,5076.4,3300.0
2026-01-26 03:40:00,5076.4,5083.88,5073.02,5083.32,2739.0
2026-01-26 03:45:00,5083.32,5084.88,5073.48,5075.34,3220.0
2026-01-26 03:50:00,5075.34,5082.19,5067.79,5077.98,3167.0
2026-01-26 03:55:00,5077.98,5082.27,5070.02,5070.9,2513.0
2026-01-26 04:00:00,5070.97,5078.99,5068.64,5076.91,3869.0
2026-01-26 04:05:00,5076.95,5077.08,5068.1,5069.26,3151.0
2026-01-26 04:10:00,5069.26,5079.31,5067.02,5075.16,3603.0
2026-01-26 04:15:00,5075.16,5078.04,5072.81,5077.14,2959.0
2026-01-26 04:20:00,5077.14,5088.61,5074.69,5087.65,2946.0
2026-01-26 04:25:00,5087.64,5088.98,5084.68,5087.76,2309.0
2026-01-26 04:30:00,5087.76,5093.05,5081.23,5083.75,2849.0
2026-01-26 04:35:00,5083.77,5086.07,5079.2,5085.0,2861.0
2026-01-26 04:40:00,5084.99,5091.52,5084.28,5088.55,2403.0
2026-01-26 04:45:00,5088.54,5091.11,5084.2,5086.74,2426.0
2026-01-26 04:50:00,5086.74,5088.87,5083.83,5086.22,2500.0
2026-01-26 04:55:00,5086.22,5087.21,5080.71,5080.92,2844.0
2026-01-26 05:00:00,5080.92,5081.78,5071.82,5081.69,3765.0
2026-01-26 05:05:00,5081.69,5085.05,5078.45,5080.36,2672.0
2026-01-26 05:10:00,5080.36,5084.87,5079.33,5084.83,2239.0
2026-01-26 05:15:00,5084.83,5087.81,5078.04,5078.62,2638.0
2026-01-26 05:20:00,5078.62,5083.43,5075.01,5083.31,2795.0
2026-01-26 05:25:00,5083.29,5084.58,5077.95,5079.56,2438.0
2026-01-26 05:30:00,5079.56,5083.37,5077.79,5082.76,1741.0
2026-01-26 05:35:00,5082.76,5083.84,5079.83,5080.28,1404.0
2026-01-26 05:40:00,5080.28,5080.63,5076.02,5078.59,2039.0
2026-01-26 05:45:00,5078.56,5079.48,5072.16,5074.3,2655.0
2026-01-26 05:50:00,5074.3,5076.45,5070.03,5071.84,2354.0
2026-01-26 05:55:00,5071.84,5076.91,5071.26,5076.66,1938.0
2026-01-26 06:00:00,5076.66,5076.95,5072.2,5073.64,1914.0
2026-01-26 06:05:00,5073.66,5077.98,5072.8,5076.04,1688.0
2026-01-26 06:10:00,5076.04,5076.37,5073.14,5075.89,1510.0
2026-01-26 06:15:00,5075.89,5076.62,5072.5,5076.08,1506.0
2026-01-26 06:20:00,5076.08,5076.54,5071.38,5072.75,1895.0
2026-01-26 06:25:00,5072.75,5073.48,5071.42,5072.44,1437.0
2026-01-26 06:30:00,5072.44,5073.21,5064.43,5070.21,1894.0
2026-01-26 06:35:00,5070.19,5072.34,5065.71,5066.75,1668.0
2026-01-26 06:40:00,5066.76,5067.26,5064.24,5067.06,1762.0
2026-01-26 06:45:00,5067.06,5067.33,5058.23,5063.41,2381.0
2026-01-26 06:50:00,5063.41,5067.53,5063.36,5065.64,1293.0
2026-01-26 06:55:00,5065.64,5072.16,5065.12,5070.42,1833.0
2026-01-26 07:00:00,5070.44,5072.81,5068.27,5068.29,1123.0
2026-01-26 07:05:00,5068.29,5068.3,5059.28,5064.84,2226.0
2026-01-26 07:10:00,5064.84,5064.85,5055.19,5060.0,1987.0
2026-01-26 07:15:00,5060.0,5061.96,5052.39,5054.02,2066.0
2026-01-26 07:20:00,5054.02,5063.82,5053.91,5063.17,2436.0
2026-01-26 07:25:00,5063.21,5066.93,5061.14,5065.66,2042.0
2026-01-26 07:30:00,5065.65,5066.37,5055.04,5063.54,3572.0
2026-01-26 07:35:00,5063.54,5067.96,5057.05,5061.59,2971.0
2026-01-26 07:40:00,5061.59,5063.47,5053.15,5059.78,3728.0
2026-01-26 07:45:00,5059.76,5072.07,5058.34,5072.0,3159.0
2026-01-26 07:50:00,5072.0,5076.41,5070.52,5073.53,2595.0
2026-01-26 07:55:00,5073.53,5075.38,5071.29,5074.31,2193.0
2026-01-26 08:00:00,5074.3,5082.27,5073.74,5079.2,2696.0
2026-01-26 08:05:00,5079.24,5079.24,5071.31,5071.68,2591.0
2026-01-26 08:10:00,5071.68,5076.18,5067.45,5069.43,2703.0
2026-01-26 08:15:00,5069.43,5072.91,5065.37,5071.12,2900.0
2026-01-26 08:20:00,5071.12,5073.19,5068.29,5072.94,2092.0
2026-01-26 08:25:00,5072.94,5077.25,5072.65,5075.34,2343.0
2026-01-26 08:30:00,5075.34,5079.69,5074.9,5079.58,2389.0
2026-01-26 08:35:00,5079.58,5085.58,5077.85,5084.25,2430.0
2026-01-26 08:40:00,5084.25,5092.56,5081.72,5092.1,2697.0
2026-01-26 08:45:00,5092.1,5110.07,5092.1,5106.76,3625.0
2026-01-26 08:50:00,5106.76,5111.03,5099.17,5099.4,3335.0
2026-01-26 08:55:00,5099.4,5099.41,5076.38,5077.71,3883.0
2026-01-26 09:00:00,5077.71,5082.67,5074.06,5081.27,3432.0
2026-01-26 09:05:00,5081.3,5090.23,5080.99,5088.21,2345.0
2026-01-26 09:10:00,5088.21,5092.22,5087.14,5091.3,1748.0
2026-01-26 09:15:00,5091.07,5095.7,5089.91,5092.74,1678.0
2026-01-26 09:20:00,5092.74,5095.61,5090.77,5091.79,1785.0
2026-01-26 09:25:00,5091.79,5095.67,5090.87,5095.38,1438.0
2026-01-26 09:30:00,5095.38,5095.64,5091.28,5092.95,1576.0
2026-01-26 09:35:00,5092.95,5093.26,5089.29,5090.7,1444.0
2026-01-26 09:40:00,5090.7,5090.92,5085.83,5088.59,1759.0
2026-01-26 09:45:00,5088.59,5092.75,5088.33,5092.52,1905.0
2026-01-26 09:50:00,5092.51,5094.29,5090.36,5092.16,1419.0
2026-01-26 09:55:00,5092.16,5093.21,5088.46,5089.16,1412.0
2026-01-26 10:00:00,5089.16,5096.72,5087.35,5094.73,2016.0
2026-01-26 10:05:00,5094.73,5096.25,5089.99,5091.39,2118.0
2026-01-26 10:10:00,5091.38,5096.62,5089.71,5096.11,2300.0
2026-01-26 10:15:00,5096.11,5097.59,5095.04,5096.97,1970.0
2026-01-26 10:20:00,5096.98,5097.17,5095.37,5096.46,1742.0
2026-01-26 10:25:00,5096.46,5097.51,5096.07,5096.67,1597.0
2026-01-26 10:30:00,5096.67,5097.87,5096.04,5096.67,1764.0
2026-01-26 10:35:00,5096.67,5098.27,5095.43,5095.81,1875.0
2026-01-26 10:40:00,5095.81,5096.54,5090.2,5093.28,2455.0
2026-01-26 10:45:00,5093.28,5093.86,5088.71,5088.91,2299.0
2026-01-26 10:50:00,5088.91,5089.55,5080.1,5083.05,2322.0
2026-01-26 10:55:00,5083.05,5084.64,5081.22,5083.41,1947.0
2026-01-26 11:00:00,5083.39,5090.82,5082.39,5088.74,2988.0
2026-01-26 11:05:00,5088.77,5093.01,5088.39,5089.17,1977.0
2026-01-26 11:10:00,5089.17,5091.49,5087.15,5091.21,1876.0
2026-01-26 11:15:00,5091.21,5094.28,5091.21,5093.54,1928.0
2026-01-26 11:20:00,5093.57,5094.2,5088.12,5090.29,2172.0
2026-01-26 11:25:00,5090.29,5096.86,5090.02,5096.74,1967.0
2026-01-26 11:30:00,5096.63,5098.43,5095.24,5098.05,1853.0
2026-01-26 11:35:00,5098.05,5098.29,5093.37,5093.37,1495.0
2026-01-26 11:40:00,5093.37,5093.5,5087.46,5091.49,2119.0
2026-01-26 11:45:00,5091.49,5093.19,5083.37,5083.81,1753.0
2026-01-26 11:50:00,5083.81,5086.16,5077.37,5079.26,2943.0
2026-01-26 11:55:00,5079.29,5084.27,5075.46,5084.1,2588.0
2026-01-26 12:00:00,5084.1,5086.06,5078.67,5081.45,2338.0
2026-01-26 12:05:00,5081.45,5085.28,5079.28,5082.74,2167.0
2026-01-26 12:10:00,5082.74,5090.42,5081.79,5089.28,2250.0
2026-01-26 12:15:00,5089.28,5089.96,5087.2,5089.6,1766.0
2026-01-26 12:20:00,5089.6,5091.25,5087.46,5088.8,1299.0
2026-01-26 12:25:00,5088.8,5089.85,5086.3,5087.51,1409.0
2026-01-26 12:30:00,5087.51,5093.5,5085.92,5092.99,1745.0
2026-01-26 12:35:00,5092.99,5094.9,5090.39,5094.75,1719.0
2026-01-26 12:40:00,5094.75,5094.97,5092.16,5092.92,1313.0
2026-01-26 12:45:00,5092.92,5094.34,5091.15,5092.23,1586.0
2026-01-26 12:50:00,5092.33,5093.06,5090.29,5092.76,1929.0
2026-01-26 12:55:00,5092.78,5093.06,5090.62,5091.63,1686.0
2026-01-26 13:00:00,5091.63,5092.76,5089.24,5092.4,1842.0
2026-01-26 13:05:00,5092.4,5092.61,5090.01,5091.31,1367.0
2026-01-26 13:10:00,5091.31,5091.34,5087.36,5087.97,1796.0
2026-01-26 13:15:00,5087.97,5088.55,5078.55,5081.41,2280.0
2026-01-26 13:20:00,5081.41,5085.06,5078.85,5084.52,2201.0
2026-01-26 13:25:00,5084.52,5087.45,5082.46,5087.26,2000.0
2026-01-26 13:30:00,5087.26,5087.51,5083.72,5084.98,1886.0
2026-01-26 13:35:00,5084.98,5091.98,5084.66,5091.98,1597.0
2026-01-26 13:40:00,5091.98,5092.46,5089.36,5090.02,1714.0
2026-01-26 13:45:00,5089.97,5090.89,5087.25,5090.7,1849.0
2026-01-26 13:50:00,5090.7,5092.55,5090.4,5091.53,1403.0
2026-01-26 13:55:00,5091.53,5092.33,5089.79,5091.5,1233.0
2026-01-26 14:00:00,5091.5,5093.62,5087.19,5093.56,2042.0
2026-01-26 14:05:00,5093.56,5093.78,5090.24,5092.69,1766.0
2026-01-26 14:10:00,5092.73,5092.78,5089.37,5090.4,1544.0
2026-01-26 14:15:00,5090.4,5091.28,5086.19,5089.04,1398.0
2026-01-26 14:20:00,5089.04,5097.01,5088.59,5096.75,2278.0
2026-01-26 14:25:00,5096.75,5096.78,5088.86,5090.01,1781.0
2026-01-26 14:30:00,5090.01,5090.04,5084.51,5086.79,1601.0
2026-01-26 14:35:00,5086.79,5089.83,5085.42,5085.42,1399.0
2026-01-26 14:40:00,5085.42,5087.69,5079.27,5083.5,2058.0
2026-01-26 14:45:00,5083.5,5085.46,5082.66,5083.75,1872.0
2026-01-26 14:50:00,5083.75,5085.67,5081.94,5084.64,1828.0
2026-01-26 14:55:00,5084.64,5085.88,5077.11,5078.94,2788.0
2026-01-26 15:00:00,5078.93,5080.75,5066.05,5074.43,4008.0
2026-01-26 15:05:00,5074.43,5078.24,5071.04,5076.98,3137.0
2026-01-26 15:10:00,5077.02,5082.35,5077.02,5080.13,2343.0
2026-01-26 15:15:00,5080.13,5083.16,5074.96,5076.84,2337.0
2026-01-26 15:20:00,5076.72,5076.72,5068.15,5069.6,3220.0
2026-01-26 15:25:00,5069.59,5075.77,5067.19,5072.33,3013.0
2026-01-26 15:30:00,5072.33,5073.2,5054.59,5063.24,3618.0
2026-01-26 15:35:00,5063.24,5065.53,5061.61,5064.63,2941.0
2026-01-26 15:40:00,5064.63,5072.51,5064.59,5071.08,2817.0
2026-01-26 15:45:00,5071.08,5073.69,5066.99,5072.26,2686.0
2026-01-26 15:50:00,5072.26,5076.11,5068.12,5074.3,3124.0
2026-01-26 15:55:00,5074.3,5074.3,5067.07,5068.64,3326.0
2026-01-26 16:00:00,5068.63,5070.24,5058.29,5065.22,3638.0
2026-01-26 16:05:00,5065.18,5069.66,5064.99,5068.42,2502.0
2026-01-26 16:10:00,5068.42,5073.15,5068.18,5071.29,2186.0
2026-01-26 16:15:00,5071.29,5072.16,5063.71,5071.89,2325.0
2026-01-26 16:20:00,5071.89,5078.98,5071.17,5077.73,2396.0
2026-01-26 16:25:00,5077.73,5082.67,5074.11,5078.37,2922.0
2026-01-26 16:30:00,5078.37,5085.55,5074.73,5085.14,5139.0
2026-01-26 16:35:00,5085.14,5090.66,5081.32,5089.19,4730.0
2026-01-26 16:40:00,5089.17,5090.82,5079.52,5081.85,4583.0
2026-01-26 16:45:00,5081.85,5089.67,5080.7,5089.67,3822.0
2026-01-26 16:50:00,5089.67,5095.41,5084.74,5092.14,3217.0
2026-01-26 16:55:00,5092.14,5097.01,5090.79,5096.2,3067.0
2026-01-26 17:00:00,5096.19,5097.01,5085.61,5092.21,3491.0
2026-01-26 17:05:00,5092.17,5094.31,5089.65,5091.45,3502.0
2026-01-26 17:10:00,5091.45,5097.34,5089.52,5095.41,3531.0
2026-01-26 17:15:00,5095.41,5096.88,5089.04,5089.17,3345.0
2026-01-26 17:20:00,5089.16,5094.54,5084.22,5090.47,3533.0
2026-01-26 17:25:00,5090.48,5091.55,5085.89,5090.23,3413.0
2026-01-26 17:30:00,5090.23,5092.65,5077.32,5077.82,3630.0
2026-01-26 17:35:00,5077.82,5088.87,5074.92,5080.51,3734.0
2026-01-26 17:40:00,5080.58,5083.18,5074.08,5078.44,3462.0
2026-01-26 17:45:00,5078.44,5087.01,5077.83,5085.54,4034.0
2026-01-26 17:50:00,5085.53,5090.35,5083.6,5089.22,3248.0
2026-01-26 17:55:00,5089.36,5095.28,5089.36,5090.93,2842.0
2026-01-26 18:00:00,5090.93,5102.92,5089.61,5100.38,3232.0
2026-01-26 18:05:00,5100.46,5104.97,5099.19,5100.72,3373.0
2026-01-26 18:10:00,5100.61,5102.43,5096.27,5101.69,2875.0
2026-01-26 18:15:00,5101.7,5104.09,5095.32,5097.22,3138.0
2026-01-26 18:20:00,5097.22,5099.16,5089.97,5093.98,2902.0
2026-01-26 18:25:00,5093.97,5097.08,5070.62,5075.68,4351.0
2026-01-26 18:30:00,5075.68,5081.27,5070.03,5075.36,5219.0
2026-01-26 18:35:00,5075.34,5080.77,5065.35,5069.27,4355.0
2026-01-26 18:40:00,5069.27,5083.37,5068.37,5077.28,3675.0
2026-01-26 18:45:00,5077.23,5087.93,5076.7,5083.81,3411.0
2026-01-26 18:50:00,5083.81,5088.45,5083.22,5087.17,2923.0
2026-01-26 18:55:00,5087.17,5094.26,5086.77,5089.6,2940.0
2026-01-26 19:00:00,5089.6,5095.26,5088.38,5095.22,3107.0
2026-01-26 19:05:00,5095.22,5097.48,5090.45,5091.65,3353.0
2026-01-26 19:10:00,5091.65,5095.54,5085.59,5094.33,3057.0
2026-01-26 19:15:00,5094.38,5095.46,5091.12,5092.38,2783.0
2026-01-26 19:20:00,5092.41,5093.71,5083.06,5083.68,3186.0
2026-01-26 19:25:00,5083.68,5091.0,5080.91,5088.51,2748.0
2026-01-26 19:30:00,5088.51,5093.21,5082.37,5092.95,3046.0
2026-01-26 19:35:00,5092.92,5093.51,5088.68,5091.02,2584.0
2026-01-26 19:40:00,5091.02,5102.45,5090.82,5102.25,2443.0
2026-01-26 19:45:00,5102.25,5105.05,5098.68,5100.84,3247.0
2026-01-26 19:50:00,5100.84,5103.25,5098.58,5099.77,3010.0
2026-01-26 19:55:00,5099.75,5102.64,5097.38,5100.98,2562.0
2026-01-26 20:00:00,5100.96,5103.36,5097.96,5100.7,2804.0
2026-01-26 20:05:00,5100.7,5101.04,5086.39,5086.69,4077.0
2026-01-26 20:10:00,5086.69,5088.22,5076.52,5078.46,4546.0
2026-01-26 20:15:00,5078.42,5089.71,5076.78,5087.01,4217.0
2026-01-26 20:20:00,5087.01,5090.65,5082.64,5089.68,4410.0
2026-01-26 20:25:00,5089.69,5090.57,5083.98,5085.12,4359.0
2026-01-26 20:30:00,5085.12,5085.49,5071.22,5073.63,4966.0
2026-01-26 20:35:00,5073.68,5078.01,5067.77,5068.42,4764.0
2026-01-26 20:40:00,5068.42,5069.26,5057.99,5064.3,4479.0
2026-01-26 20:45:00,5064.3,5078.65,5063.8,5078.65,3814.0
2026-01-26 20:50:00,5078.65,5083.08,5075.51,5080.28,3763.0
2026-01-26 20:55:00,5080.28,5080.45,5068.43,5068.89,3818.0
2026-01-26 21:00:00,5068.87,5069.73,5036.07,5045.86,5215.0
2026-01-26 21:05:00,5045.86,5062.52,5044.65,5057.35,4775.0
2026-01-26 21:10:00,5057.35,5063.02,5051.14,5060.29,5080.0
2026-01-26 21:15:00,5060.34,5061.38,5038.44,5040.42,4748.0
2026-01-26 21:20:00,5040.46,5044.43,5020.27,5022.01,5639.0
2026-01-26 21:25:00,5022.01,5036.69,5021.3,5027.46,5321.0
2026-01-26 21:30:00,5027.46,5043.72,5024.87,5041.74,4773.0
2026-01-26 21:35:00,5041.74,5043.2,5030.64,5037.97,3972.0
2026-01-26 21:40:00,5037.97,5037.97,5026.94,5034.27,4063.0
2026-01-26 21:45:00,5034.32,5037.79,5008.51,5018.23,5269.0
2026-01-26 21:50:00,5018.21,5024.77,5010.66,5017.07,5665.0
2026-01-26 21:55:00,5017.07,5031.47,5017.05,5028.74,4944.0
2026-01-26 22:00:00,5028.7,5041.84,5026.31,5041.49,4404.0
2026-01-26 22:05:00,5041.49,5045.38,5035.38,5042.07,3570.0
2026-01-26 22:10:00,5042.07,5053.93,5037.2,5049.93,3795.0
2026-01-26 22:15:00,5049.91,5052.22,5040.82,5049.03,3745.0
2026-01-26 22:20:00,5049.03,5051.73,5041.68,5050.72,4104.0
2026-01-26 22:25:00,5050.72,5056.75,5046.89,5056.24,3358.0
2026-01-26 22:30:00,5056.36,5062.24,5054.11,5055.17,4273.0
2026-01-26 22:35:00,5055.17,5056.12,5035.77,5041.16,3849.0
2026-01-26 22:40:00,5041.16,5049.34,5040.64,5046.66,3460.0
2026-01-26 22:45:00,5046.62,5051.79,5043.04,5047.76,3295.0
2026-01-26 22:50:00,5047.76,5059.66,5046.94,5056.07,3223.0
2026-01-26 22:55:00,5056.07,5060.64,5053.68,5055.24,3667.0
2026-01-26 23:00:00,5055.24,5058.87,5051.67,5058.64,1408.0
2026-01-26 23:05:00,5058.64,5059.19,5044.45,5046.0,1506.0
2026-01-26 23:10:00,5046.0,5049.28,5034.18,5034.23,1872.0
2026-01-26 23:15:00,5034.23,5035.86,5022.2,5031.59,2537.0
2026-01-26 23:20:00,5031.59,5031.81,5011.09,5020.34,2813.0
2026-01-26 23:25:00,5020.34,5026.78,5018.69,5020.47,2060.0
2026-01-26 23:30:00,5020.47,5020.87,5005.29,5010.6,2299.0
2026-01-26 23:35:00,5010.63,5011.25,4989.86,5001.24,2446.0
2026-01-26 23:40:00,5001.24,5016.04,4999.32,5005.03,2258.0
2026-01-26 23:45:00,5005.03,5016.88,5004.11,5014.81,2167.0
2026-01-26 23:50:00,5014.81,5016.03,5006.4,5011.64,1592.0
2026-01-26 23:55:00,5011.64,5011.72,5006.16,5010.27,1119.0
2026-01-27 01:00:00,5010.27,5035.22,5010.27,5034.76,1486.0
2026-01-27 01:05:00,5034.84,5038.16,5028.46,5037.3,2000.0
2026-01-27 01:10:00,5037.3,5040.77,5029.9,5040.09,2072.0
2026-01-27 01:15:00,5040.09,5048.96,5037.45,5047.11,2021.0
2026-01-27 01:20:00,5047.11,5049.89,5044.41,5045.71,2260.0
2026-01-27 01:25:00,5045.71,5046.19,5042.07,5045.27,1627.0
2026-01-27 01:30:00,5045.27,5047.05,5040.65,5043.85,1736.0
2026-01-27 01:35:00,5043.85,5052.7,5043.7,5052.42,1176.0
2026-01-27 01:40:00,5052.42,5057.88,5050.62,5056.75,1746.0
2026-01-27 01:45:00,5056.75,5061.54,5056.61,5056.68,1741.0
2026-01-27 01:50:00,5056.68,5056.79,5048.68,5049.29,1921.0
2026-01-27 01:55:00,5049.26,5051.59,5043.37,5043.58,1433.0
2026-01-27 02:00:00,5043.55,5049.23,5038.5,5048.08,2041.0
2026-01-27 02:05:00,5048.08,5053.59,5047.31,5047.71,1674.0
2026-01-27 02:10:00,5047.71,5052.99,5047.11,5052.4,947.0
2026-01-27 02:15:00,5052.4,5053.96,5050.43,5051.56,1197.0
2026-01-27 02:20:00,5051.56,5051.6,5046.43,5047.14,1244.0
2026-01-27 02:25:00,5047.14,5050.31,5044.51,5044.98,937.0
2026-01-27 02:30:00,5044.98,5049.84,5044.02,5045.71,1557.0
2026-01-27 02:35:00,5045.71,5046.19,5038.95,5040.48,2006.0
2026-01-27 02:40:00,5040.48,5042.8,5028.75,5031.86,1932.0
2026-01-27 02:45:00,5031.86,5032.88,5022.2,5023.55,2479.0
2026-01-27 02:50:00,5023.55,5024.5,5013.72,5023.2,3686.0
2026-01-27 02:55:00,5023.17,5035.54,5023.12,5032.81,3451.0
2026-01-27 03:00:00,5032.82,5034.69,5018.62,5034.17,4428.0
2026-01-27 03:05:00,5034.17,5051.99,5033.73,5048.56,4568.0
2026-01-27 03:10:00,5048.56,5071.58,5048.56,5071.54,4221.0
2026-01-27 03:15:00,5071.54,5075.99,5063.18,5064.49,4190.0
2026-01-27 03:20:00,5064.5,5070.91,5063.43,5068.63,3512.0
2026-01-27 03:25:00,5068.63,5069.78,5063.97,5066.83,2703.0
2026-01-27 03:30:00,5066.83,5070.44,5060.6,5063.05,2669.0
2026-01-27 03:35:00,5063.05,5069.88,5058.7,5060.48,2658.0
2026-01-27 03:40:00,5060.47,5064.17,5054.54,5063.89,3246.0
2026-01-27 03:45:00,5063.89,5064.53,5057.13,5062.33,2783.0
2026-01-27 03:50:00,5062.37,5066.93,5061.84,5065.06,2464.0
2026-01-27 03:55:00,5065.06,5065.68,5058.55,5060.1,2613.0
2026-01-27 04:00:00,5060.1,5060.95,5049.6,5058.17,3055.0
2026-01-27 04:05:00,5058.14,5066.51,5057.68,5065.36,2517.0
2026-01-27 04:10:00,5065.38,5067.5,5061.19,5063.9,2145.0
2026-01-27 04:15:00,5063.9,5070.26,5062.67,5063.77,2850.0
2026-01-27 04:20:00,5063.77,5068.59,5060.35,5068.14,1833.0
2026-01-27 04:25:00,5068.14,5069.53,5064.41,5068.19,1654.0
2026-01-27 04:30:00,5068.19,5073.64,5067.3,5070.5,2277.0
2026-01-27 04:35:00,5070.5,5075.76,5067.62,5074.42,2086.0
2026-01-27 04:40:00,5074.42,5079.77,5073.74,5079.12,1827.0
2026-01-27 04:45:00,5079.12,5079.79,5074.43,5077.19,1980.0
2026-01-27 04:50:00,5077.19,5078.28,5065.51,5065.99,2188.0
2026-01-27 04:55:00,5066.0,5073.59,5065.8,5072.39,1931.0
2026-01-27 05:00:00,5072.39,5073.82,5066.12,5066.21,2260.0
2026-01-27 05:05:00,5066.21,5071.14,5063.65,5070.37,2430.0
2026-01-27 05:10:00,5070.37,5070.45,5064.5,5066.06,2062.0
2026-01-27 05:15:00,5066.06,5069.44,5060.28,5067.66,2167.0
2026-01-27 05:20:00,5067.61,5072.88,5067.61,5070.79,1813.0
2026-01-27 05:25:00,5070.79,5072.1,5063.81,5064.72,2503.0
2026-01-27 05:30:00,5064.72,5070.21,5064.15,5067.36,2299.0
2026-01-27 05:35:00,5067.36,5074.49,5066.13,5073.87,1902.0
2026-01-27 05:40:00,5073.87,5076.39,5073.55,5074.74,1501.0
2026-01-27 05:45:00,5074.74,5076.45,5073.36,5076.22,1472.0
2026-01-27 05:50:00,5076.22,5076.64,5071.71,5074.52,2240.0
2026-01-27 05:55:00,5074.52,5079.17,5071.94,5076.91,1987.0
2026-01-27 06:00:00,5076.91,5078.65,5075.68,5076.14,1782.0
2026-01-27 06:05:00,5076.12,5077.04,5072.46,5072.54,1612.0
2026-01-27 06:10:00,5072.54,5074.21,5068.55,5069.44,1973.0
2026-01-27 06:15:00,5069.44,5076.09,5069.43,5074.29,1877.0
2026-01-27 06:20:00,5074.29,5075.21,5073.31,5074.55,1667.0
2026-01-27 06:25:00,5074.55,5075.83,5072.07,5074.8,1644.0
2026-01-27 06:30:00,5074.8,5075.31,5072.39,5072.41,1217.0
2026-01-27 06:35:00,5072.41,5072.41,5067.34,5068.08,1952.0
2026-01-27 06:40:00,5068.18,5068.77,5061.6,5066.65,2668.0
2026-01-27 06:45:00,5066.61,5067.24,5062.47,5065.26,2230.0
2026-01-27 06:50:00,5065.35,5067.69,5062.34,5067.38,2283.0
2026-01-27 06:55:00,5067.38,5071.14,5066.27,5067.88,1683.0
2026-01-27 07:00:00,5067.86,5068.61,5060.37,5061.68,2545.0
2026-01-27 07:05:00,5061.68,5063.53,5058.51,5060.49,2295.0
2026-01-27 07:10:00,5060.52,5063.79,5057.34,5063.79,2116.0
2026-01-27 07:15:00,5063.79,5064.48,5058.23,5060.39,1911.0
2026-01-27 07:20:00,5060.39,5066.59,5058.53,5066.04,1883.0
2026-01-27 07:25:00,5066.04,5066.83,5063.27,5064.4,1451.0
2026-01-27 07:30:00,5064.4,5072.68,5060.01,5072.33,3309.0
2026-01-27 07:35:00,5072.31,5072.76,5069.39,5070.42,2314.0
2026-01-27 07:40:00,5070.42,5074.72,5068.94,5074.62,2809.0
2026-01-27 07:45:00,5074.62,5082.31,5074.62,5079.98,2284.0
2026-01-27 07:50:00,5079.98,5085.27,5078.22,5078.95,2217.0
2026-01-27 07:55:00,5078.95,5083.94,5078.53,5082.99,2216.0
2026-01-27 08:00:00,5082.99,5087.04,5082.55,5083.88,1757.0
2026-01-27 08:05:00,5083.88,5086.02,5079.81,5082.03,2903.0
2026-01-27 08:10:00,5082.03,5084.25,5076.72,5083.55,2719.0
2026-01-27 08:15:00,5083.55,5083.57,5080.84,5081.41,1787.0
2026-01-27 08:20:00,5081.41,5087.45,5079.67,5087.28,1586.0
2026-01-27 08:25:00,5087.28,5087.56,5082.19,5082.22,1540.0
2026-01-27 08:30:00,5082.22,5084.38,5078.95,5082.32,1966.0
2026-01-27 08:35:00,5082.32,5084.97,5080.83,5083.25,1881.0
2026-01-27 08:40:00,5083.25,5088.54,5083.24,5085.78,1820.0
2026-01-27 08:45:00,5085.79,5093.41,5085.5,5089.51,2312.0
2026-01-27 08:50:00,5089.47,5094.02,5088.9,5089.03,2236.0
2026-01-27 08:55:00,5089.03,5089.03,5081.96,5085.84,2624.0
2026-01-27 09:00:00,5085.84,5087.8,5082.52,5085.87,2581.0
2026-01-27 09:05:00,5085.88,5094.62,5084.98,5093.44,2126.0
2026-01-27 09:10:00,5093.44,5093.59,5085.02,5085.46,2137.0
2026-01-27 09:15:00,5085.46,5090.71,5084.4,5085.97,2364.0
2026-01-27 09:20:00,5085.97,5090.34,5085.13,5087.31,1914.0
2026-01-27 09:25:00,5087.35,5089.59,5081.74,5087.96,2354.0
2026-01-27 09:30:00,5087.96,5097.5,5087.9,5096.27,2516.0
2026-01-27 09:35:00,5096.27,5099.66,5091.09,5096.18,2305.0
2026-01-27 09:40:00,5096.18,5100.74,5092.33,5093.02,3059.0
2026-01-27 09:45:00,5093.02,5096.37,5090.34,5091.93,2389.0
2026-01-27 09:50:00,5091.92,5092.84,5089.38,5090.83,1898.0
2026-01-27 09:55:00,5090.83,5091.91,5085.97,5086.03,2014.0
2026-01-27 10:00:00,5086.03,5088.35,5082.8,5086.07,2291.0
2026-01-27 10:05:00,5086.07,5086.44,5079.41,5083.89,2149.0
2026-01-27 10:10:00,5083.89,5086.67,5081.32,5086.67,1870.0
2026-01-27 10:15:00,5086.67,5087.64,5083.75,5086.41,1850.0
2026-01-27 10:20:00,5086.41,5086.88,5082.36,5083.89,1729.0
2026-01-27 10:25:00,5083.89,5083.9,5075.3,5077.64,2261.0
2026-01-27 10:30:00,5077.61,5079.39,5073.35,5076.28,2603.0
2026-01-27 10:35:00,5076.24,5082.31,5075.05,5079.08,2389.0
2026-01-27 10:40:00,5079.08,5082.44,5077.38,5082.29,2079.0
2026-01-27 10:45:00,5082.33,5085.49,5081.43,5083.74,1940.0
2026-01-27 10:50:00,5083.74,5083.95,5077.56,5080.69,1279.0
2026-01-27 10:55:00,5080.8,5083.73,5079.33,5079.5,1559.0
2026-01-27 11:00:00,5079.5,5081.64,5078.03,5081.06,1910.0
2026-01-27 11:05:00,5081.06,5083.22,5079.32,5082.24,1835.0
2026-01-27 11:10:00,5082.24,5084.19,5081.47,5083.37,1655.0
2026-01-27 11:15:00,5083.37,5086.67,5082.35,5086.22,1667.0
2026-01-27 11:20:00,5086.22,5087.62,5084.99,5085.0,1515.0
2026-01-27 11:25:00,5084.94,5088.67,5084.93,5088.43,1705.0
2026-01-27 11:30:00,5088.45,5090.35,5086.09,5089.62,1428.0
2026-01-27 11:35:00,5089.62,5094.31,5089.0,5092.94,1726.0
2026-01-27 11:40:00,5092.94,5093.06,5088.03,5088.03,1811.0
2026-01-27 11:45:00,5088.03,5089.41,5082.96,5088.3,2161.0
2026-01-27 11:50:00,5088.27,5097.54,5088.27,5095.4,2453.0
2026-01-27 11:55:00,5095.49,5099.53,5092.35,5098.73,2055.0
2026-01-27 12:00:00,5098.55,5098.67,5094.11,5094.13,2228.0
2026-01-27 12:05:00,5094.13,5095.02,5091.49,5093.89,1941.0
2026-01-27 12:10:00,5093.88,5097.98,5091.17,5096.68,1664.0
2026-01-27 12:15:00,5096.68,5098.17,5093.1,5093.95,1445.0
2026-01-27 12:20:00,5093.95,5093.96,5088.34,5089.89,1551.0
2026-01-27 12:25:00,5089.89,5090.98,5087.78,5088.31,1571.0
2026-01-27 12:30:00,5088.31,5088.43,5082.0,5084.23,1767.0
2026-01-27 12:35:00,5084.23,5088.93,5083.72,5088.5,1528.0
2026-01-27 12:40:00,5088.45,5089.2,5084.61,5084.61,1747.0
2026-01-27 12:45:00,5084.61,5085.83,5081.9,5084.2,1731.0
2026-01-27 12:50:00,5084.2,5085.14,5082.84,5083.55,1319.0
2026-01-27 12:55:00,5083.54,5087.17,5082.9,5086.36,1071.0
2026-01-27 13:00:00,5086.36,5088.18,5083.66,5086.51,1732.0
2026-01-27 13:05:00,5086.51,5089.17,5085.04,5088.55,1499.0
2026-01-27 13:10:00,5088.55,5090.26,5085.75,5090.19,1793.0
2026-01-27 13:15:00,5090.19,5090.83,5085.72,5085.94,1344.0
2026-01-27 13:20:00,5085.94,5087.54,5084.96,5085.86,1294.0
2026-01-27 13:25:00,5085.86,5087.53,5085.71,5086.85,1320.0
2026-01-27 13:30:00,5086.85,5088.21,5083.35,5085.76,1440.0
2026-01-27 13:35:00,5085.76,5088.22,5085.33,5087.19,986.0
2026-01-27 13:40:00,5087.19,5087.3,5085.19,5085.8,1153.0
2026-01-27 13:45:00,5085.8,5085.9,5074.47,5075.45,2035.0
2026-01-27 13:50:00,5075.45,5077.31,5066.97,5072.25,2793.0
2026-01-27 13:55:00,5072.25,5079.46,5071.46,5076.87,2319.0
2026-01-27 14:00:00,5076.87,5080.42,5075.34,5076.56,3186.0
2026-01-27 14:05:00,5076.56,5082.73,5076.55,5080.02,2146.0
2026-01-27 14:10:00,5080.02,5081.71,5078.17,5081.07,1688.0
2026-01-27 14:15:00,5081.07,5081.16,5076.72,5077.15,2012.0
2026-01-27 14:20:00,5077.15,5078.67,5073.56,5076.34,2328.0
2026-01-27 14:25:00,5076.34,5079.6,5074.65,5079.04,2809.0
2026-01-27 14:30:00,5079.04,5088.71,5078.22,5087.31,2243.0
2026-01-27 14:35:00,5087.35,5089.81,5085.87,5086.07,2239.0
2026-01-27 14:40:00,5086.07,5090.32,5085.87,5089.34,1759.0
2026-01-27 14:45:00,5089.3,5091.21,5085.07,5085.07,2116.0
2026-01-27 14:50:00,5085.07,5087.76,5083.37,5083.66,2226.0
2026-01-27 14:55:00,5083.66,5086.27,5081.31,5084.99,2113.0
2026-01-27 15:00:00,5084.98,5092.25,5084.57,5088.7,3624.0
2026-01-27 15:05:00,5088.7,5088.82,5082.77,5083.36,3000.0
2026-01-27 15:10:00,5083.37,5091.91,5078.23,5090.32,3045.0
2026-01-27 15:15:00,5090.18,5092.92,5086.12,5088.83,2865.0
2026-01-27 15:20:00,5088.87,5089.47,5084.02,5085.99,3516.0
2026-01-27 15:25:00,5085.99,5085.99,5076.38,5080.95,3265.0
2026-01-27 15:30:00,5080.9,5085.97,5075.11,5076.56,2904.0
2026-01-27 15:35:00,5076.56,5080.37,5073.85,5079.31,3020.0
2026-01-27 15:40:00,5079.31,5079.31,5069.65,5073.44,3314.0
2026-01-27 15:45:00,5073.42,5078.54,5072.56,5075.12,3057.0
2026-01-27 15:50:00,5075.12,5082.11,5071.47,5080.87,2942.0
2026-01-27 15:55:00,5080.87,5081.03,5077.24,5077.41,2394.0
2026-01-27 16:00:00,5077.41,5077.43,5067.72,5067.84,3845.0
2026-01-27 16:05:00,5067.84,5070.91,5058.99,5069.64,3389.0
2026-01-27 16:10:00,5069.64,5071.88,5055.13,5060.11,4543.0
2026-01-27 16:15:00,5060.11,5063.69,5046.65,5055.02,5112.0
2026-01-27 16:20:00,5054.99,5063.65,5053.21,5059.97,4516.0
2026-01-27 16:25:00,5059.97,5066.05,5059.29,5059.52,3988.0
2026-01-27 16:30:00,5059.52,5072.57,5059.23,5067.17,5435.0
2026-01-27 16:35:00,5066.89,5077.25,5063.42,5068.23,4931.0
2026-01-27 16:40:00,5068.29,5082.29,5067.07,5079.36,4495.0
2026-01-27 16:45:00,5079.36,5079.5,5061.98,5065.1,4570.0
2026-01-27 16:50:00,5065.04,5067.3,5056.99,5063.5,5087.0
2026-01-27 16:55:00,5063.5,5063.5,5050.99,5054.39,5064.0
2026-01-27 17:00:00,5054.39,5068.86,5047.76,5062.98,4716.0
2026-01-27 17:05:00,5062.98,5069.71,5060.31,5064.05,4674.0
2026-01-27 17:10:00,5064.05,5070.03,5051.44,5057.65,5299.0
2026-01-27 17:15:00,5057.61,5074.25,5056.15,5071.17,5031.0
2026-01-27 17:20:00,5071.16,5075.89,5067.99,5075.68,5399.0
2026-01-27 17:25:00,5075.68,5077.01,5067.66,5069.21,4363.0
2026-01-27 17:30:00,5069.21,5079.93,5068.95,5077.9,3950.0
2026-01-27 17:35:00,5077.87,5086.99,5077.34,5083.23,3965.0
2026-01-27 17:40:00,5083.23,5083.23,5078.76,5080.68,3574.0
2026-01-27 17:45:00,5080.68,5086.87,5080.04,5085.77,3966.0
2026-01-27 17:50:00,5085.75,5087.64,5083.43,5084.4,3887.0
2026-01-27 17:55:00,5084.4,5091.27,5082.04,5090.96,3715.0
2026-01-27 18:00:00,5090.96,5091.81,5085.09,5085.78,3617.0
2026-01-27 18:05:00,5085.78,5092.37,5083.79,5090.76,2890.0
2026-01-27 18:10:00,5090.83,5098.66,5090.65,5095.01,3255.0
2026-01-27 18:15:00,5095.01,5100.89,5093.83,5100.08,3639.0
2026-01-27 18:20:00,5100.08,5103.17,5093.7,5093.94,3400.0
2026-01-27 18:25:00,5093.94,5099.57,5093.94,5098.57,3187.0
2026-01-27 18:30:00,5098.57,5099.53,5091.15,5092.66,2988.0
2026-01-27 18:35:00,5092.69,5094.61,5089.53,5091.97,2886.0
2026-01-27 18:40:00,5091.97,5098.22,5086.0,5088.54,3846.0
2026-01-27 18:45:00,5088.54,5090.93,5086.48,5088.89,3072.0
2026-01-27 18:50:00,5088.89,5091.95,5087.27,5089.4,2513.0
2026-01-27 18:55:00,5089.4,5089.7,5083.37,5087.48,2935.0
2026-01-27 19:00:00,5087.43,5088.78,5083.32,5083.78,2788.0
2026-01-27 19:05:00,5083.78,5086.98,5080.53,5086.85,3261.0
2026-01-27 19:10:00,5086.85,5091.99,5084.98,5091.5,2793.0
2026-01-27 19:15:00,5091.5,5094.17,5079.17,5082.92,3310.0
2026-01-27 19:20:00,5082.92,5086.68,5081.64,5084.52,2822.0
2026-01-27 19:25:00,5084.49,5088.22,5083.78,5087.46,2949.0
2026-01-27 19:30:00,5087.46,5089.75,5084.9,5086.61,2965.0
2026-01-27 19:35:00,5086.61,5087.9,5081.0,5084.53,3785.0
2026-01-27 19:40:00,5084.53,5084.94,5078.58,5082.01,3977.0
2026-01-27 19:45:00,5082.01,5085.34,5076.88,5078.74,3240.0
2026-01-27 19:50:00,5078.68,5084.88,5076.89,5082.18,4247.0
2026-01-27 19:55:00,5082.18,5085.92,5080.52,5081.35,2722.0
2026-01-27 20:00:00,5081.35,5087.25,5081.35,5082.54,2927.0
2026-01-27 20:05:00,5082.54,5082.54,5076.37,5081.64,3427.0
2026-01-27 20:10:00,5081.64,5085.13,5079.91,5081.67,3228.0
2026-01-27 20:15:00,5081.67,5087.07,5081.11,5083.89,3410.0
2026-01-27 20:20:00,5083.88,5085.9,5080.01,5081.18,4227.0
2026-01-27 20:25:00,5081.14,5088.89,5078.83,5085.03,3842.0
2026-01-27 20:30:00,5085.02,5091.92,5085.02,5088.59,3504.0
2026-01-27 20:35:00,5088.59,5091.89,5088.34,5089.97,2800.0
2026-01-27 20:40:00,5090.0,5090.04,5086.06,5088.37,2696.0
2026-01-27 20:45:00,5088.37,5092.39,5087.92,5092.33,2713.0
2026-01-27 20:50:00,5092.33,5095.27,5092.33,5092.38,2643.0
2026-01-27 20:55:00,5092.38,5095.54,5087.52,5088.07,2773.0
2026-01-27 21:00:00,5088.07,5088.08,5083.02,5086.72,2400.0
2026-01-27 21:05:00,5086.72,5087.34,5081.14,5085.63,2453.0
2026-01-27 21:10:00,5085.63,5089.08,5082.35,5087.08,1922.0
2026-01-27 21:15:00,5087.08,5088.46,5085.64,5088.02,1799.0
2026-01-27 21:20:00,5088.02,5090.57,5087.13,5090.23,1818.0
2026-01-27 21:25:00,5090.22,5090.9,5086.5,5087.8,1604.0
2026-01-27 21:30:00,5087.8,5091.22,5087.61,5089.63,1933.0
2026-01-27 21:35:00,5089.63,5091.24,5088.56,5090.2,1589.0
2026-01-27 21:40:00,5090.2,5093.28,5089.92,5093.01,1715.0
2026-01-27 21:45:00,5093.01,5093.25,5090.89,5091.13,1908.0
2026-01-27 21:50:00,5091.13,5094.57,5090.56,5094.46,1724.0
2026-01-27 21:55:00,5094.46,5100.04,5094.32,5098.94,2524.0
2026-01-27 22:00:00,5098.94,5120.74,5097.96,5119.0,3483.0
2026-01-27 22:05:00,5118.99,5126.85,5115.01,5125.57,4542.0
2026-01-27 22:10:00,5125.53,5143.32,5123.74,5141.88,4931.0
2026-01-27 22:15:00,5141.71,5142.33,5131.94,5140.29,4767.0
2026-01-27 22:20:00,5140.29,5151.68,5136.04,5138.01,4740.0
2026-01-27 22:25:00,5137.96,5144.48,5133.52,5141.63,3796.0
2026-01-27 22:30:00,5141.59,5148.88,5132.76,5143.55,4141.0
2026-01-27 22:35:00,5143.55,5147.64,5139.83,5143.84,3912.0
2026-01-27 22:40:00,5143.83,5148.77,5136.51,5142.37,4080.0
2026-01-27 22:45:00,5142.37,5169.14,5142.17,5160.66,5788.0
2026-01-27 22:50:00,5160.68,5177.15,5152.95,5176.73,5092.0
2026-01-27 22:55:00,5176.77,5182.52,5168.18,5176.7,5008.0
2026-01-27 23:00:00,5176.71,5187.73,5170.96,5177.99,2334.0
2026-01-27 23:05:00,5177.99,5185.26,5174.16,5180.73,1852.0
2026-01-27 23:10:00,5180.73,5186.3,5172.84,5176.46,2010.0
2026-01-27 23:15:00,5176.46,5180.32,5174.28,5177.13,1414.0
2026-01-27 23:20:00,5177.13,5179.14,5172.09,5173.9,1460.0
2026-01-27 23:25:00,5173.9,5177.88,5169.35,5173.79,1380.0
2026-01-27 23:30:00,5173.79,5175.99,5171.43,5175.29,1178.0
2026-01-27 23:35:00,5175.19,5182.04,5174.48,5181.64,1126.0
2026-01-27 23:40:00,5181.64,5186.65,5179.14,5185.17,1576.0
2026-01-27 23:45:00,5185.17,5190.46,5179.99,5189.44,1408.0
2026-01-27 23:50:00,5189.44,5189.44,5174.71,5176.36,1399.0
2026-01-27 23:55:00,5176.36,5183.02,5174.61,5178.58,1142.0
2026-01-28 01:00:00,5178.58,5183.53,5169.2,5182.19,1515.0
2026-01-28 01:05:00,5182.28,5184.95,5177.54,5179.13,1780.0
2026-01-28 01:10:00,5179.14,5179.7,5167.54,5170.82,1968.0
2026-01-28 01:15:00,5170.82,5172.07,5165.43,5166.68,1935.0
2026-01-28 01:20:00,5166.68,5169.16,5159.08,5163.02,1786.0
2026-01-28 01:25:00,5163.02,5173.23,5162.09,5170.33,2265.0
2026-01-28 01:30:00,5170.33,5172.05,5164.75,5165.83,2412.0
2026-01-28 01:35:00,5165.83,5167.34,5164.36,5165.67,1885.0
2026-01-28 01:40:00,5165.67,5169.57,5163.93,5164.29,1706.0
2026-01-28 01:45:00,5164.29,5172.03,5163.83,5170.7,2333.0
2026-01-28 01:50:00,5170.7,5174.87,5168.35,5173.28,1974.0
2026-01-28 01:55:00,5173.28,5176.96,5170.24,5172.3,1900.0
2026-01-28 02:00:00,5172.32,5173.04,5159.48,5159.71,2482.0
2026-01-28 02:05:00,5159.71,5168.2,5157.31,5167.22,2231.0
2026-01-28 02:10:00,5167.22,5167.49,5162.88,5165.76,1634.0
2026-01-28 02:15:00,5165.76,5167.03,5161.61,5164.21,1648.0
2026-01-28 02:20:00,5164.2,5164.59,5160.36,5163.61,1542.0
2026-01-28 02:25:00,5163.61,5163.61,5161.47,5163.26,1094.0
2026-01-28 02:30:00,5163.26,5166.64,5163.12,5166.37,1597.0
2026-01-28 02:35:00,5166.36,5170.62,5165.74,5169.43,1699.0
2026-01-28 02:40:00,5169.43,5169.72,5166.09,5168.29,1513.0
2026-01-28 02:45:00,5168.26,5172.69,5168.19,5170.66,2570.0
2026-01-28 02:50:00,5170.66,5178.26,5170.1,5177.81,2250.0
2026-01-28 02:55:00,5177.86,5180.08,5171.66,5171.93,2081.0
2026-01-28 03:00:00,5171.93,5187.51,5168.71,5186.3,4187.0
2026-01-28 03:05:00,5186.3,5202.56,5181.96,5196.88,4497.0
2026-01-28 03:10:00,5196.88,5197.01,5175.07,5190.97,4055.0
2026-01-28 03:15:00,5190.97,5193.39,5183.36,5183.69,3653.0
2026-01-28 03:20:00,5183.58,5191.93,5181.69,5190.53,3027.0
2026-01-28 03:25:00,5190.51,5196.25,5182.7,5193.91,3211.0
2026-01-28 03:30:00,5193.91,5195.87,5186.39,5187.71,2862.0
2026-01-28 03:35:00,5187.71,5201.76,5186.71,5199.06,3358.0
2026-01-28 03:40:00,5199.06,5215.54,5199.01,5215.45,3443.0
2026-01-28 03:45:00,5215.45,5223.99,5215.45,5220.7,4306.0
2026-01-28 03:50:00,5220.7,5225.26,5217.19,5219.74,3322.0
2026-01-28 03:55:00,5219.74,5220.27,5204.65,5204.73,3576.0
2026-01-28 04:00:00,5204.75,5217.6,5203.19,5207.69,3822.0
2026-01-28 04:05:00,5207.69,5213.94,5203.8,5212.12,2924.0
2026-01-28 04:10:00,5212.23,5213.59,5201.55,5210.02,3479.0
2026-01-28 04:15:00,5210.02,5213.39,5207.96,5212.84,1950.0
2026-01-28 04:20:00,5212.84,5216.88,5209.24,5216.06,2170.0
2026-01-28 04:25:00,5216.06,5220.87,5214.47,5218.18,1744.0
2026-01-28 04:30:00,5218.18,5229.73,5216.56,5224.24,3162.0
2026-01-28 04:35:00,5224.27,5226.64,5221.84,5221.97,2824.0
2026-01-28 04:40:00,5221.96,5227.1,5219.14,5221.46,2303.0
2026-01-28 04:45:00,5221.46,5229.64,5220.98,5228.21,2545.0
2026-01-28 04:50:00,5228.21,5234.59,5224.46,5234.54,3171.0
2026-01-28 04:55:00,5234.54,5234.57,5227.36,5231.96,2816.0
2026-01-28 05:00:00,5231.96,5237.27,5230.34,5236.62,2521.0
2026-01-28 05:05:00,5236.62,5246.62,5236.47,5245.11,3246.0
2026-01-28 05:10:00,5245.11,5247.63,5241.21,5243.57,3252.0
2026-01-28 05:15:00,5243.57,5246.47,5238.41,5240.36,2920.0
2026-01-28 05:20:00,5240.36,5244.69,5239.42,5240.15,2373.0
2026-01-28 05:25:00,5240.15,5243.03,5236.16,5237.26,2759.0
2026-01-28 05:30:00,5237.26,5239.95,5235.6,5236.72,2262.0
2026-01-28 05:35:00,5236.73,5237.08,5228.71,5230.3,2309.0
2026-01-28 05:40:00,5230.32,5233.66,5225.11,5233.52,2637.0
2026-01-28 05:45:00,5233.52,5240.22,5232.07,5240.05,2657.0
2026-01-28 05:50:00,5240.05,5244.64,5237.73,5238.4,2124.0
2026-01-28 05:55:00,5238.4,5239.42,5230.87,5235.2,2505.0
2026-01-28 06:00:00,5235.2,5240.91,5234.0,5239.75,1704.0
2026-01-28 06:05:00,5239.71,5239.71,5235.76,5236.67,1333.0
2026-01-28 06:10:00,5236.67,5237.08,5232.96,5235.3,1337.0
2026-01-28 06:15:00,5235.3,5235.59,5232.32,5233.82,1109.0
2026-01-28 06:20:00,5233.82,5240.29,5233.68,5238.29,2340.0
2026-01-28 06:25:00,5238.29,5241.27,5237.16,5238.0,1750.0
2026-01-28 06:30:00,5238.0,5240.32,5237.45,5237.59,1579.0
2026-01-28 06:35:00,5237.59,5239.38,5234.32,5239.33,1526.0
2026-01-28 06:40:00,5239.33,5241.51,5238.52,5239.88,1399.0
2026-01-28 06:45:00,5239.88,5240.36,5233.69,5239.83,1649.0
2026-01-28 06:50:00,5239.83,5243.82,5238.76,5243.19,1828.0
2026-01-28 06:55:00,5243.19,5248.91,5242.35,5245.57,2084.0
2026-01-28 07:00:00,5245.6,5248.82,5241.6,5247.97,2220.0
2026-01-28 07:05:00,5247.97,5254.0,5247.48,5253.85,2355.0
2026-01-28 07:10:00,5253.85,5257.5,5250.72,5253.91,2376.0
2026-01-28 07:15:00,5253.91,5257.7,5252.76,5257.66,1487.0
2026-01-28 07:20:00,5257.66,5260.87,5254.99,5257.06,1860.0
2026-01-28 07:25:00,5257.06,5262.01,5252.0,5259.19,2200.0
2026-01-28 07:30:00,5259.19,5262.45,5251.24,5255.09,3273.0
2026-01-28 07:35:00,5255.09,5259.98,5254.18,5259.64,2469.0
2026-01-28 07:40:00,5259.64,5266.38,5259.07,5264.94,2562.0
2026-01-28 07:45:00,5264.94,5266.49,5260.79,5264.82,2131.0
2026-01-28 07:50:00,5264.82,5265.29,5257.75,5258.81,2413.0
2026-01-28 07:55:00,5258.81,5263.62,5257.3,5261.29,2078.0
2026-01-28 08:00:00,5261.29,5263.15,5257.54,5257.87,2074.0
2026-01-28 08:05:00,5257.89,5258.38,5252.5,5257.01,2561.0
2026-01-28 08:10:00,5257.01,5261.83,5256.03,5261.69,1833.0
2026-01-28 08:15:00,5261.68,5265.07,5259.08,5264.85,1736.0
2026-01-28 08:20:00,5264.85,5265.77,5259.43,5259.76,2652.0
2026-01-28 08:25:00,5259.76,5259.8,5252.09,5255.73,3149.0
2026-01-28 08:30:00,5255.73,5262.3,5255.15,5258.47,2808.0
2026-01-28 08:35:00,5258.47,5264.7,5257.77,5258.35,2644.0
2026-01-28 08:40:00,5258.35,5263.64,5257.75,5261.73,2657.0
2026-01-28 08:45:00,5261.73,5263.06,5257.22,5262.21,2388.0
2026-01-28 08:50:00,5262.21,5271.4,5261.72,5266.63,2266.0
2026-01-28 08:55:00,5266.63,5270.05,5262.82,5269.82,2087.0
2026-01-28 09:00:00,5269.99,5270.12,5263.05,5268.72,2341.0
2026-01-28 09:05:00,5268.72,5274.02,5265.48,5272.36,1714.0
2026-01-28 09:10:00,5272.36,5275.4,5270.11,5273.81,2570.0
2026-01-28 09:15:00,5273.81,5281.79,5272.78,5280.15,2531.0
2026-01-28 09:20:00,5280.16,5283.22,5274.57,5278.84,2238.0
2026-01-28 09:25:00,5278.84,5284.01,5278.84,5281.09,2053.0
2026-01-28 09:30:00,5281.09,5285.65,5278.61,5280.13,1970.0
2026-01-28 09:35:00,5280.13,5281.78,5272.1,5279.53,2524.0
2026-01-28 09:40:00,5279.73,5281.93,5277.71,5281.43,2096.0
2026-01-28 09:45:00,5281.42,5288.65,5278.01,5288.34,1719.0
2026-01-28 09:50:00,5288.34,5292.78,5284.54,5290.23,2256.0
2026-01-28 09:55:00,5290.23,5291.47,5288.46,5290.48,1870.0
2026-01-28 10:00:00,5290.48,5296.62,5286.46,5296.13,3173.0
2026-01-28 10:05:00,5296.11,5299.62,5292.35,5294.7,2701.0
2026-01-28 10:10:00,5294.7,5297.21,5289.35,5293.28,2344.0
2026-01-28 10:15:00,5293.28,5294.39,5288.96,5291.67,2310.0
2026-01-28 10:20:00,5291.67,5294.7,5291.17,5292.72,1946.0
2026-01-28 10:25:00,5292.72,5300.95,5292.16,5299.48,2620.0
2026-01-28 10:30:00,5299.58,5311.56,5298.33,5305.38,2973.0
2026-01-28 10:35:00,5305.47,5306.87,5296.08,5296.98,2576.0
2026-01-28 10:40:00,5296.98,5299.42,5289.94,5290.1,2730.0
2026-01-28 10:45:00,5290.1,5290.11,5280.79,5284.6,3237.0
2026-01-28 10:50:00,5284.6,5295.71,5283.52,5293.23,3065.0
2026-01-28 10:55:00,5293.23,5295.92,5290.85,5293.63,2237.0
2026-01-28 11:00:00,5293.63,5297.43,5291.66,5292.07,2293.0
2026-01-28 11:05:00,5292.07,5294.45,5287.89,5293.88,1976.0
2026-01-28 11:10:00,5293.88,5295.47,5280.28,5281.86,2732.0
2026-01-28 11:15:00,5281.86,5282.0,5271.32,5277.96,3141.0
2026-01-28 11:20:00,5277.96,5279.48,5268.5,5269.6,2689.0
2026-01-28 11:25:00,5269.6,5279.55,5269.49,5275.7,2445.0
2026-01-28 11:30:00,5275.7,5280.26,5269.49,5280.2,2429.0
2026-01-28 11:35:00,5280.2,5280.24,5274.63,5275.83,2023.0
2026-01-28 11:40:00,5275.83,5278.71,5262.95,5266.92,2564.0
2026-01-28 11:45:00,5266.91,5274.71,5266.91,5274.49,1674.0
2026-01-28 11:50:00,5274.49,5277.75,5274.18,5275.68,1920.0
2026-01-28 11:55:00,5275.68,5278.88,5275.1,5278.22,1600.0
2026-01-28 12:00:00,5278.22,5280.84,5275.54,5276.03,1839.0
2026-01-28 12:05:00,5276.03,5282.7,5272.82,5281.9,2004.0
2026-01-28 12:10:00,5281.9,5285.72,5280.29,5282.28,1604.0
2026-01-28 12:15:00,5282.28,5282.29,5276.85,5277.29,1576.0
2026-01-28 12:20:00,5277.29,5281.14,5276.96,5279.29,1439.0
2026-01-28 12:25:00,5279.29,5280.6,5276.02,5278.58,1581.0
2026-01-28 12:30:00,5278.58,5278.83,5273.19,5273.72,2365.0
2026-01-28 12:35:00,5273.72,5274.34,5269.3,5273.05,1994.0
2026-01-28 12:40:00,5273.05,5275.96,5270.98,5274.59,1974.0
2026-01-28 12:45:00,5274.59,5277.67,5272.75,5276.05,1595.0
2026-01-28 12:50:00,5276.05,5280.67,5274.26,5280.32,1586.0
2026-01-28 12:55:00,5280.22,5280.22,5270.01,5270.01,1662.0
2026-01-28 13:00:00,5270.2,5270.81,5243.63,5243.67,2597.0
2026-01-28 13:05:00,5243.67,5256.39,5238.72,5251.64,3869.0
2026-01-28 13:10:00,5251.64,5261.14,5250.88,5260.57,2482.0
2026-01-28 13:15:00,5260.57,5262.04,5253.23,5254.33,2427.0
2026-01-28 13:20:00,5254.3,5256.82,5246.76,5256.16,3178.0
2026-01-28 13:25:00,5256.16,5261.53,5254.27,5259.3,1940.0
2026-01-28 13:30:00,5259.3,5261.97,5253.35,5255.51,1972.0
2026-01-28 13:35:00,5255.51,5259.49,5252.13,5258.86,1701.0
2026-01-28 13:40:00,5258.87,5262.43,5258.86,5261.34,1381.0
2026-01-28 13:45:00,5261.33,5265.82,5260.72,5265.39,1540.0
2026-01-28 13:50:00,5265.39,5267.74,5260.31,5261.62,2116.0
2026-01-28 13:55:00,5261.62,5263.75,5259.76,5261.6,1849.0
2026-01-28 14:00:00,5261.6,5263.99,5255.26,5255.94,2573.0
2026-01-28 14:05:00,5255.99,5256.53,5251.73,5255.65,2729.0
2026-01-28 14:10:00,5255.65,5263.56,5254.64,5261.41,2866.0
2026-01-28 14:15:00,5261.41,5264.75,5258.26,5261.57,2768.0
2026-01-28 14:20:00,5261.59,5268.91,5260.8,5267.56,2519.0
2026-01-28 14:25:00,5267.56,5268.41,5259.86,5261.37,2459.0
2026-01-28 14:30:00,5261.37,5265.15,5261.37,5264.54,1782.0
2026-01-28 14:35:00,5264.53,5270.28,5263.69,5270.12,1857.0
2026-01-28 14:40:00,5270.12,5273.06,5267.01,5269.56,2676.0
2026-01-28 14:45:00,5269.56,5271.79,5265.46,5267.79,1802.0
2026-01-28 14:50:00,5267.75,5276.02,5266.31,5274.66,2448.0
2026-01-28 14:55:00,5274.66,5279.25,5272.98,5279.2,2325.0
2026-01-28 15:00:00,5279.2,5289.53,5275.92,5288.15,3686.0
2026-01-28 15:05:00,5288.15,5288.21,5280.74,5280.74,3284.0
2026-01-28 15:10:00,5280.75,5283.03,5268.88,5275.47,3870.0
2026-01-28 15:15:00,5275.44,5279.57,5273.56,5275.84,3084.0
2026-01-28 15:20:00,5275.84,5283.96,5273.45,5282.4,3545.0
2026-01-28 15:25:00,5282.4,5285.48,5278.67,5281.76,3012.0
2026-01-28 15:30:00,5281.54,5285.52,5274.26,5274.26,2834.0
2026-01-28 15:35:00,5274.25,5274.35,5262.83,5264.13,3665.0
2026-01-28 15:40:00,5264.13,5269.17,5258.85,5261.48,3670.0
2026-01-28 15:45:00,5261.48,5268.18,5256.99,5266.23,3284.0
2026-01-28 15:50:00,5266.23,5268.21,5261.65,5263.05,2459.0
2026-01-28 15:55:00,5263.03,5268.84,5261.27,5266.66,2931.0
2026-01-28 16:00:00,5266.66,5270.24,5258.15,5260.79,3580.0
2026-01-28 16:05:00,5260.65,5261.25,5248.63,5258.78,3672.0
2026-01-28 16:10:00,5258.78,5264.69,5258.03,5262.55,3294.0
2026-01-28 16:15:00,5262.55,5266.0,5259.82,5266.0,2975.0
2026-01-28 16:20:00,5265.99,5270.64,5263.49,5266.03,2926.0
2026-01-28 16:25:00,5266.05,5269.9,5259.19,5259.19,3416.0
2026-01-28 16:30:00,5259.19,5264.83,5250.12,5263.11,4765.0
2026-01-28 16:35:00,5263.12,5282.06,5262.62,5281.92,4835.0
2026-01-28 16:40:00,5281.92,5284.16,5273.3,5279.21,4523.0
2026-01-28 16:45:00,5279.21,5280.33,5273.79,5277.62,4398.0
2026-01-28 16:50:00,5277.63,5281.57,5270.1,5272.06,4765.0
2026-01-28 16:55:00,5272.06,5288.54,5270.53,5286.22,4057.0
2026-01-28 17:00:00,5286.17,5298.29,5285.79,5293.8,4212.0
2026-01-28 17:05:00,5293.8,5297.78,5235.23,5242.2,5627.0
2026-01-28 17:10:00,5242.12,5262.21,5242.12,5256.88,5934.0
2026-01-28 17:15:00,5256.82,5268.33,5245.08,5256.31,5329.0
2026-01-28 17:20:00,5256.24,5274.76,5255.25,5269.7,4731.0
2026-01-28 17:25:00,5269.67,5270.94,5257.1,5269.63,4826.0
2026-01-28 17:30:00,5269.61,5276.35,5266.39,5273.25,4712.0
2026-01-28 17:35:00,5273.25,5278.87,5269.87,5274.41,3929.0
2026-01-28 17:40:00,5274.41,5284.07,5274.17,5280.23,4268.0
2026-01-28 17:45:00,5280.23,5281.47,5272.79,5275.88,3943.0
2026-01-28 17:50:00,5275.88,5276.67,5267.03,5274.41,3921.0
2026-01-28 17:55:00,5274.41,5281.26,5272.29,5278.29,3235.0
2026-01-28 18:00:00,5278.31,5282.6,5274.48,5281.37,3594.0
2026-01-28 18:05:00,5281.36,5289.03,5278.49,5283.63,3435.0
2026-01-28 18:10:00,5283.63,5288.21,5281.22,5284.4,3184.0
2026-01-28 18:15:00,5284.4,5293.07,5284.32,5287.55,3491.0
2026-01-28 18:20:00,5287.55,5290.46,5282.54,5286.33,3278.0
2026-01-28 18:25:00,5286.33,5288.72,5282.11,5287.43,3353.0
2026-01-28 18:30:00,5287.42,5289.14,5276.19,5277.66,3714.0
2026-01-28 18:35:00,5277.66,5286.86,5276.98,5283.16,3988.0
2026-01-28 18:40:00,5283.13,5287.28,5280.73,5283.33,3032.0
2026-01-28 18:45:00,5283.3,5297.51,5281.91,5293.33,3454.0
2026-01-28 18:50:00,5293.33,5295.74,5287.34,5292.35,2968.0
2026-01-28 18:55:00,5292.35,5300.14,5291.23,5299.87,3334.0
2026-01-28 19:00:00,5299.84,5307.01,5299.84,5302.48,3511.0
2026-01-28 19:05:00,5302.41,5303.76,5292.73,5295.25,2901.0
2026-01-28 19:10:00,5295.25,5298.11,5294.2,5295.65,2372.0
2026-01-28 19:15:00,5295.65,5297.44,5288.9,5293.2,2820.0
2026-01-28 19:20:00,5293.2,5300.6,5290.42,5298.85,2636.0
2026-01-28 19:25:00,5298.87,5304.13,5297.65,5302.76,2825.0
2026-01-28 19:30:00,5302.77,5303.41,5293.32,5293.53,2830.0
2026-01-28 19:35:00,5293.53,5297.82,5283.16,5284.81,3326.0
2026-01-28 19:40:00,5284.94,5294.61,5284.94,5287.91,3886.0
2026-01-28 19:45:00,5287.91,5291.24,5284.72,5289.31,2901.0
2026-01-28 19:50:00,5289.31,5302.36,5289.31,5301.1,2583.0
2026-01-28 19:55:00,5301.1,5304.76,5297.03,5298.03,2649.0
2026-01-28 20:00:00,5298.02,5300.31,5292.49,5294.19,3057.0
2026-01-28 20:05:00,5294.16,5305.17,5293.23,5304.7,3609.0
2026-01-28 20:10:00,5304.7,5305.56,5295.04,5299.92,3213.0
2026-01-28 20:15:00,5299.92,5311.59,5298.9,5310.45,3424.0
2026-01-28 20:20:00,5310.44,5326.02,5310.38,5321.48,3686.0
2026-01-28 20:25:00,5321.48,5323.27,5303.31,5305.26,4081.0
2026-01-28 20:30:00,5305.26,5308.25,5275.89,5287.68,4997.0
2026-01-28 20:35:00,5287.68,5290.2,5268.78,5273.95,4816.0
2026-01-28 20:40:00,5273.95,5281.71,5270.1,5273.65,4588.0
2026-01-28 20:45:00,5273.65,5280.8,5271.44,5278.75,4257.0
2026-01-28 20:50:00,5278.75,5283.35,5273.75,5275.39,3787.0
2026-01-28 20:55:00,5275.41,5283.69,5273.74,5283.16,3516.0
2026-01-28 21:00:00,5283.16,5293.13,5269.41,5276.56,4901.0
2026-01-28 21:05:00,5276.56,5283.19,5271.08,5280.99,4390.0
2026-01-28 21:10:00,5281.1,5297.6,5278.89,5297.37,4364.0
2026-01-28 21:15:00,5297.28,5301.91,5292.87,5296.61,4322.0
2026-01-28 21:20:00,5296.65,5301.58,5289.22,5294.07,4532.0
2026-01-28 21:25:00,5294.07,5295.84,5282.66,5283.52,3935.0
2026-01-28 21:30:00,5283.52,5293.02,5281.11,5292.47,4996.0
2026-01-28 21:35:00,5292.47,5306.17,5291.57,5301.02,4252.0
2026-01-28 21:40:00,5301.0,5312.28,5293.41,5310.85,4071.0
2026-01-28 21:45:00,5310.85,5319.66,5304.59,5316.07,4599.0
2026-01-28 21:50:00,5316.07,5319.59,5310.72,5315.96,3774.0
2026-01-28 21:55:00,5315.96,5331.91,5314.7,5325.32,4036.0
2026-01-28 22:00:00,5325.41,5336.72,5325.08,5332.29,4231.0
2026-01-28 22:05:00,5332.3,5338.83,5325.1,5332.14,3650.0
2026-01-28 22:10:00,5332.14,5332.33,5322.72,5326.6,3879.0
2026-01-28 22:15:00,5326.63,5338.93,5321.19,5338.76,3891.0
2026-01-28 22:20:00,5338.75,5342.18,5332.69,5338.28,3813.0
2026-01-28 22:25:00,5338.28,5355.85,5337.41,5354.66,4476.0
2026-01-28 22:30:00,5354.62,5363.93,5353.15,5359.37,4529.0
2026-01-28 22:35:00,5359.35,5378.02,5358.8,5376.33,4787.0
2026-01-28 22:40:00,5376.35,5391.34,5374.58,5383.86,5341.0
2026-01-28 22:45:00,5383.86,5391.33,5377.65,5388.69,5372.0
2026-01-28 22:50:00,5388.67,5391.13,5367.48,5369.32,5592.0
2026-01-28 22:55:00,5369.31,5383.44,5368.56,5376.86,5469.0
2026-01-28 23:00:00,5376.92,5390.69,5376.83,5387.6,2179.0
2026-01-28 23:05:00,5387.72,5396.03,5386.15,5392.07,1746.0
2026-01-28 23:10:00,5392.07,5394.9,5378.33,5386.98,1899.0
2026-01-28 23:15:00,5386.96,5390.59,5379.99,5386.26,1735.0
2026-01-28 23:20:00,5386.26,5389.73,5383.4,5386.37,1400.0
2026-01-28 23:25:00,5386.37,5389.96,5382.0,5384.33,1916.0
2026-01-28 23:30:00,5384.33,5389.73,5380.42,5386.06,1532.0
2026-01-28 23:35:00,5386.06,5387.62,5383.23,5383.76,1151.0
2026-01-28 23:40:00,5383.76,5386.39,5382.93,5386.37,948.0
2026-01-28 23:45:00,5386.37,5401.8,5382.8,5399.27,1519.0
2026-01-28 23:50:00,5399.15,5411.26,5391.33,5408.68,1847.0
2026-01-28 23:55:00,5408.68,5418.95,5408.35,5416.2,1229.0
2026-01-29 01:00:00,5416.2,5453.06,5416.2,5440.83,1952.0
2026-01-29 01:05:00,5440.91,5457.03,5432.4,5452.7,3510.0
2026-01-29 01:10:00,5452.7,5475.21,5448.49,5474.76,3013.0
2026-01-29 01:15:00,5474.76,5496.18,5473.5,5492.22,4854.0
2026-01-29 01:20:00,5492.22,5493.92,5472.09,5484.74,3680.0
2026-01-29 01:25:00,5484.74,5491.77,5480.55,5490.46,3020.0
2026-01-29 01:30:00,5490.46,5501.77,5489.37,5501.51,3233.0
2026-01-29 01:35:00,5501.53,5598.03,5500.23,5589.1,5402.0
2026-01-29 01:40:00,5589.39,5591.85,5525.59,5531.56,4379.0
2026-01-29 01:45:00,5531.56,5543.52,5494.26,5496.34,3799.0
2026-01-29 01:50:00,5496.34,5508.54,5486.54,5487.33,2734.0
2026-01-29 01:55:00,5487.33,5530.32,5483.79,5513.03,3598.0
2026-01-29 02:00:00,5513.03,5513.76,5453.04,5485.28,3253.0
2026-01-29 02:05:00,5485.28,5510.77,5478.38,5503.84,2886.0
2026-01-29 02:10:00,5503.84,5511.67,5488.61,5495.32,2386.0
2026-01-29 02:15:00,5495.32,5501.3,5480.0,5483.71,2555.0
2026-01-29 02:20:00,5483.71,5486.73,5463.31,5478.35,2496.0
2026-01-29 02:25:00,5478.28,5501.69,5477.89,5497.41,3026.0
2026-01-29 02:30:00,5497.64,5521.28,5494.72,5521.24,3332.0
2026-01-29 02:35:00,5521.19,5527.25,5511.32,5518.74,3917.0
2026-01-29 02:40:00,5518.74,5523.3,5492.74,5509.1,3942.0
2026-01-29 02:45:00,5509.09,5520.35,5500.8,5503.28,3694.0
2026-01-29 02:50:00,5503.27,5523.19,5502.59,5518.33,3133.0
2026-01-29 02:55:00,5518.33,5522.92,5509.2,5520.37,3295.0
2026-01-29 03:00:00,5520.37,5526.62,5467.71,5468.57,4270.0
2026-01-29 03:05:00,5468.57,5480.87,5445.46,5447.06,2868.0
2026-01-29 03:10:00,5447.3,5482.11,5447.06,5480.0,2730.0
2026-01-29 03:15:00,5480.1,5500.97,5480.09,5499.96,3350.0
2026-01-29 03:20:00,5499.95,5513.6,5486.96,5505.69,4219.0
2026-01-29 03:25:00,5505.62,5512.46,5501.56,5507.44,3378.0
2026-01-29 03:30:00,5507.44,5523.08,5507.44,5520.96,3680.0
2026-01-29 03:35:00,5521.57,5525.26,5514.98,5524.58,4802.0
2026-01-29 03:40:00,5524.58,5551.81,5523.76,5539.99,4853.0
2026-01-29 03:45:00,5539.95,5547.47,5527.28,5537.4,4557.0
2026-01-29 03:50:00,5537.4,5549.7,5534.78,5540.18,4118.0
2026-01-29 03:55:00,5540.09,5547.97,5526.74,5545.75,3894.0
2026-01-29 04:00:00,5545.73,5546.35,5504.22,5520.27,4296.0
2026-01-29 04:05:00,5520.27,5527.57,5508.0,5516.53,4034.0
2026-01-29 04:10:00,5516.53,5536.44,5516.51,5521.47,3811.0
2026-01-29 04:15:00,5521.64,5522.27,5511.18,5517.49,3471.0
2026-01-29 04:20:00,5517.49,5523.08,5510.11,5519.67,3548.0
2026-01-29 04:25:00,5519.67,5525.76,5518.26,5525.67,3468.0
2026-01-29 04:30:00,5525.66,5541.97,5525.66,5532.88,3921.0
2026-01-29 04:35:00,5532.93,5550.19,5532.93,5536.48,4475.0
2026-01-29 04:40:00,5536.48,5539.14,5518.35,5525.77,4147.0
2026-01-29 04:45:00,5525.77,5540.69,5522.1,5540.12,3014.0
2026-01-29 04:50:00,5540.12,5543.5,5530.92,5532.88,3529.0
2026-01-29 04:55:00,5532.88,5540.23,5532.79,5535.9,3059.0
2026-01-29 05:00:00,5535.9,5548.73,5508.32,5514.94,4253.0
2026-01-29 05:05:00,5514.94,5525.89,5514.58,5524.05,4007.0
2026-01-29 05:10:00,5524.05,5540.61,5522.25,5538.68,3321.0
2026-01-29 05:15:00,5538.69,5540.49,5524.24,5528.67,2983.0
2026-01-29 05:20:00,5528.68,5532.38,5522.14,5532.03,3465.0
2026-01-29 05:25:00,5532.03,5535.6,5521.81,5522.23,3374.0
2026-01-29 05:30:00,5522.21,5534.7,5522.2,5534.69,2901.0
2026-01-29 05:35:00,5534.69,5538.06,5520.22,5522.29,3164.0
2026-01-29 05:40:00,5522.29,5529.65,5520.3,5528.31,2211.0
2026-01-29 05:45:00,5528.31,5539.51,5527.19,5538.23,2171.0
2026-01-29 05:50:00,5538.23,5544.47,5532.51,5544.14,2500.0
2026-01-29 05:55:00,5544.16,5548.98,5543.66,5545.8,3541.0
2026-01-29 06:00:00,5545.78,5550.99,5536.33,5541.99,3378.0
2026-01-29 06:05:00,5541.99,5552.43,5541.6,5547.06,2054.0
2026-01-29 06:10:00,5547.06,5547.06,5534.26,5534.66,2158.0
2026-01-29 06:15:00,5534.66,5542.2,5533.55,5541.52,2279.0
2026-01-29 06:20:00,5541.52,5546.13,5538.77,5545.78,2098.0
2026-01-29 06:25:00,5545.78,5550.43,5545.67,5546.99,1554.0
2026-01-29 06:30:00,5546.99,5562.78,5545.15,5561.96,2101.0
2026-01-29 06:35:00,5561.98,5564.55,5560.61,5563.54,2221.0
2026-01-29 06:40:00,5563.54,5563.62,5551.92,5557.4,2595.0
2026-01-29 06:45:00,5557.46,5560.34,5553.54,5559.45,2576.0
2026-01-29 06:50:00,5559.45,5559.46,5551.07,5556.91,2524.0
2026-01-29 06:55:00,5556.92,5561.85,5552.55,5558.36,2161.0
2026-01-29 07:00:00,5558.38,5559.34,5550.24,5559.16,2230.0
2026-01-29 07:05:00,5559.14,5561.01,5554.1,5558.91,2881.0
2026-01-29 07:10:00,5558.95,5560.55,5550.41,5559.82,2143.0
2026-01-29 07:15:00,5559.82,5560.51,5554.63,5554.63,2320.0
2026-01-29 07:20:00,5554.63,5554.63,5516.27,5521.17,4403.0
2026-01-29 07:25:00,5521.17,5541.91,5521.17,5541.91,3440.0
2026-01-29 07:30:00,5542.12,5553.48,5541.05,5544.34,4124.0
2026-01-29 07:35:00,5544.54,5554.54,5544.27,5554.25,3599.0
2026-01-29 07:40:00,5554.28,5555.25,5543.62,5549.71,3112.0
2026-01-29 07:45:00,5549.71,5563.09,5548.62,5558.09,2954.0
2026-01-29 07:50:00,5558.01,5559.66,5552.35,5554.18,2532.0
2026-01-29 07:55:00,5554.19,5564.43,5552.21,5562.51,2768.0
2026-01-29 08:00:00,5562.51,5585.13,5562.48,5582.67,3155.0
2026-01-29 08:05:00,5582.52,5588.0,5581.79,5586.83,3135.0
2026-01-29 08:10:00,5586.87,5588.57,5578.69,5584.1,3457.0
2026-01-29 08:15:00,5584.1,5584.82,5574.16,5579.61,3343.0
2026-01-29 08:20:00,5579.61,5595.54,5579.61,5586.68,3428.0
2026-01-29 08:25:00,5586.68,5591.4,5581.31,5585.91,3124.0
2026-01-29 08:30:00,5585.82,5587.92,5577.93,5581.58,3149.0
2026-01-29 08:35:00,5581.58,5586.76,5577.88,5583.5,2950.0
2026-01-29 08:40:00,5583.5,5587.18,5581.63,5582.12,2818.0
2026-01-29 08:45:00,5582.12,5585.16,5559.55,5573.32,4041.0
2026-01-29 08:50:00,5573.32,5576.78,5566.37,5570.63,3648.0
2026-01-29 08:55:00,5570.61,5571.0,5554.77,5561.49,3824.0
2026-01-29 09:00:00,5561.48,5575.06,5561.22,5568.79,2762.0
2026-01-29 09:05:00,5568.72,5573.51,5564.68,5568.97,2549.0
2026-01-29 09:10:00,5568.97,5571.84,5560.54,5561.82,2701.0
2026-01-29 09:15:00,5561.82,5564.76,5553.84,5564.63,3500.0
2026-01-29 09:20:00,5564.63,5565.11,5550.27,5555.26,3007.0
2026-01-29 09:25:00,5555.27,5557.15,5536.92,5541.54,3414.0
2026-01-29 09:30:00,5541.54,5554.35,5541.54,5553.73,2813.0
2026-01-29 09:35:00,5553.73,5557.82,5543.39,5543.62,3045.0
2026-01-29 09:40:00,5543.65,5553.38,5542.76,5549.27,2803.0
2026-01-29 09:45:00,5549.27,5552.4,5545.7,5548.8,3273.0
2026-01-29 09:50:00,5548.8,5552.3,5546.58,5550.91,2851.0
2026-01-29 09:55:00,5550.91,5551.74,5544.03,5548.97,2249.0
2026-01-29 10:00:00,5548.97,5554.87,5532.81,5532.81,3152.0
2026-01-29 10:05:00,5532.28,5539.27,5523.12,5529.47,3523.0
2026-01-29 10:10:00,5529.47,5541.55,5527.99,5537.77,3148.0
2026-01-29 10:15:00,5537.78,5542.99,5523.38,5529.35,3428.0
2026-01-29 10:20:00,5529.37,5541.98,5528.63,5530.31,3327.0
2026-01-29 10:25:00,5530.31,5531.12,5523.86,5530.31,2978.0
2026-01-29 10:30:00,5530.31,5530.53,5517.37,5522.91,3465.0
2026-01-29 10:35:00,5522.9,5528.36,5511.45,5511.63,3380.0
2026-01-29 10:40:00,5511.63,5517.65,5475.54,5482.64,4210.0
2026-01-29 10:45:00,5483.35,5507.28,5474.48,5506.5,4017.0
2026-01-29 10:50:00,5506.5,5516.28,5504.66,5513.8,3499.0
2026-01-29 10:55:00,5513.93,5517.28,5507.23,5509.83,3919.0
2026-01-29 11:00:00,5509.83,5512.9,5498.22,5502.26,3655.0
2026-01-29 11:05:00,5502.27,5515.68,5499.5,5510.65,2751.0
2026-01-29 11:10:00,5510.65,5512.03,5504.49,5507.46,2179.0
2026-01-29 11:15:00,5507.46,5507.86,5501.87,5506.1,2654.0
2026-01-29 11:20:00,5506.1,5514.42,5500.42,5514.05,2757.0
2026-01-29 11:25:00,5514.05,5518.96,5512.2,5516.31,2605.0
2026-01-29 11:30:00,5516.31,5522.29,5512.58,5520.65,2380.0
2026-01-29 11:35:00,5520.65,5523.38,5516.29,5522.87,2841.0
2026-01-29 11:40:00,5522.87,5529.64,5521.99,5524.79,2284.0
2026-01-29 11:45:00,5524.79,5527.62,5515.8,5522.02,2553.0
2026-01-29 11:50:00,5522.02,5522.02,5513.05,5514.5,2243.0
2026-01-29 11:55:00,5514.5,5516.24,5511.48,5514.13,1893.0
2026-01-29 12:00:00,5514.13,5514.38,5508.27,5509.9,2189.0
2026-01-29 12:05:00,5509.88,5512.8,5502.08,5511.35,2494.0
2026-01-29 12:10:00,5511.35,5524.13,5510.31,5523.83,2576.0
2026-01-29 12:15:00,5523.83,5525.27,5513.51,5513.99,2383.0
2026-01-29 12:20:00,5513.99,5515.48,5505.8,5514.68,2786.0
2026-01-29 12:25:00,5514.68,5514.68,5510.5,5510.5,1815.0
2026-01-29 12:30:00,5510.5,5510.5,5497.38,5502.38,3137.0
2026-01-29 12:35:00,5502.38,5510.17,5499.22,5509.8,2432.0
2026-01-29 12:40:00,5509.8,5510.12,5507.32,5508.16,1437.0
2026-01-29 12:45:00,5508.26,5508.93,5502.17,5506.1,1927.0
2026-01-29 12:50:00,5506.05,5508.91,5502.5,5504.25,2230.0
2026-01-29 12:55:00,5504.24,5504.83,5482.36,5483.52,2905.0
2026-01-29 13:00:00,5483.52,5488.56,5470.82,5478.42,2985.0
2026-01-29 13:05:00,5478.42,5495.53,5474.84,5494.62,2829.0
2026-01-29 13:10:00,5494.62,5506.64,5494.56,5506.63,2631.0
2026-01-29 13:15:00,5506.63,5513.25,5505.16,5507.06,2390.0
2026-01-29 13:20:00,5507.06,5515.04,5506.93,5512.1,2125.0
2026-01-29 13:25:00,5512.1,5516.48,5510.29,5515.82,1976.0
2026-01-29 13:30:00,5515.82,5519.35,5511.06,5515.92,2421.0
2026-01-29 13:35:00,5515.93,5519.56,5509.74,5510.01,2353.0
2026-01-29 13:40:00,5510.01,5515.93,5508.43,5514.45,2098.0
2026-01-29 13:45:00,5514.47,5528.9,5514.47,5524.76,2547.0
2026-01-29 13:50:00,5524.76,5528.72,5522.33,5526.87,2296.0
2026-01-29 13:55:00,5526.87,5528.54,5521.73,5522.61,2277.0
2026-01-29 14:00:00,5522.61,5522.88,5518.56,5522.38,2646.0
2026-01-29 14:05:00,5522.38,5526.35,5521.46,5522.54,2426.0
2026-01-29 14:10:00,5522.54,5539.1,5521.4,5535.68,2344.0
2026-01-29 14:15:00,5535.72,5539.62,5531.75,5531.9,2451.0
2026-01-29 14:20:00,5532.0,5540.3,5528.32,5539.32,2821.0
2026-01-29 14:25:00,5539.32,5542.99,5537.62,5540.86,2421.0
2026-01-29 14:30:00,5540.86,5542.3,5537.36,5542.16,2491.0
2026-01-29 14:35:00,5542.16,5542.36,5529.3,5531.79,2627.0
2026-01-29 14:40:00,5531.79,5535.16,5526.37,5529.84,2864.0
2026-01-29 14:45:00,5529.84,5537.97,5527.23,5534.68,2701.0
2026-01-29 14:50:00,5534.68,5542.12,5533.76,5537.25,2451.0
2026-01-29 14:55:00,5537.15,5539.42,5530.18,5534.15,3413.0
2026-01-29 15:00:00,5534.16,5541.23,5528.2,5535.1,4444.0
2026-01-29 15:05:00,5535.09,5537.65,5529.63,5532.4,3817.0
2026-01-29 15:10:00,5532.4,5532.4,5513.6,5515.05,4073.0
2026-01-29 15:15:00,5515.05,5521.63,5511.14,5518.49,3798.0
2026-01-29 15:20:00,5518.49,5524.3,5508.24,5522.22,3857.0
2026-01-29 15:25:00,5522.22,5525.77,5517.03,5519.28,3189.0
2026-01-29 15:30:00,5519.28,5519.79,5508.13,5509.9,3828.0
2026-01-29 15:35:00,5509.9,5517.95,5500.19,5517.92,3960.0
2026-01-29 15:40:00,5517.92,5531.05,5517.05,5526.09,3650.0
2026-01-29 15:45:00,5526.09,5526.46,5516.06,5517.13,4257.0
2026-01-29 15:50:00,5517.13,5523.95,5511.05,5519.38,3678.0
2026-01-29 15:55:00,5519.5,5520.49,5506.24,5510.43,3570.0
2026-01-29 16:00:00,5510.53,5519.89,5510.53,5514.87,3950.0
2026-01-29 16:05:00,5514.87,5538.89,5510.8,5537.14,3786.0
2026-01-29 16:10:00,5537.14,5539.32,5526.61,5528.94,4673.0
2026-01-29 16:15:00,5528.96,5532.16,5521.09,5523.53,3779.0
2026-01-29 16:20:00,5523.53,5529.33,5517.11,5526.08,3674.0
2026-01-29 16:25:00,5526.09,5549.76,5525.18,5543.92,4524.0
2026-01-29 16:30:00,5543.92,5545.4,5520.04,5520.38,5693.0
2026-01-29 16:35:00,5520.49,5537.37,5501.6,5531.88,5740.0
2026-01-29 16:40:00,5531.9,5535.75,5512.7,5517.84,5804.0
2026-01-29 16:45:00,5517.84,5522.63,5491.15,5516.4,5960.0
2026-01-29 16:50:00,5516.32,5517.87,5497.63,5505.25,5985.0
2026-01-29 16:55:00,5505.2,5516.94,5494.76,5496.95,5433.0
2026-01-29 17:00:00,5496.95,5496.95,5440.27,5458.27,4459.0
2026-01-29 17:05:00,5458.24,5471.99,5408.32,5415.71,4359.0
2026-01-29 17:10:00,5415.71,5428.77,5367.2,5384.29,3593.0
2026-01-29 17:15:00,5384.63,5386.71,5279.6,5331.97,3401.0
2026-01-29 17:20:00,5331.97,5367.65,5294.6,5295.07,3105.0
2026-01-29 17:25:00,5295.07,5310.56,5098.23,5191.23,3448.0
2026-01-29 17:30:00,5191.23,5257.96,5131.27,5164.17,3828.0
2026-01-29 17:35:00,5164.17,5233.06,5105.16,5204.02,3507.0
2026-01-29 17:40:00,5203.57,5204.96,5107.87,5121.54,3382.0
2026-01-29 17:45:00,5121.54,5184.08,5117.66,5165.83,3140.0
2026-01-29 17:50:00,5165.83,5210.9,5163.92,5195.65,3066.0
2026-01-29 17:55:00,5195.65,5198.08,5167.23,5182.81,4705.0
2026-01-29 18:00:00,5182.81,5234.14,5172.13,5231.11,5530.0
2026-01-29 18:05:00,5231.11,5258.49,5224.6,5248.23,5818.0
2026-01-29 18:10:00,5248.31,5276.92,5238.41,5274.28,2974.0
2026-01-29 18:15:00,5274.28,5275.37,5245.8,5264.11,4660.0
2026-01-29 18:20:00,5264.11,5270.88,5235.85,5269.82,4441.0
2026-01-29 18:25:00,5269.82,5297.22,5264.88,5290.03,4563.0
2026-01-29 18:30:00,5290.03,5311.19,5279.92,5283.09,3359.0
2026-01-29 18:35:00,5283.09,5285.53,5250.47,5250.77,3396.0
2026-01-29 18:40:00,5249.93,5280.97,5245.36,5272.74,3236.0
2026-01-29 18:45:00,5272.74,5277.87,5252.86,5273.52,4483.0
2026-01-29 18:50:00,5273.52,5274.88,5228.57,5252.53,4614.0
2026-01-29 18:55:00,5252.68,5264.28,5245.58,5264.09,4088.0
2026-01-29 19:00:00,5264.06,5298.26,5264.06,5287.32,3613.0
2026-01-29 19:05:00,5287.17,5298.71,5283.79,5292.26,3665.0
2026-01-29 19:10:00,5292.15,5299.0,5280.12,5296.79,4224.0
2026-01-29 19:15:00,5296.81,5339.22,5294.97,5337.74,4078.0
2026-01-29 19:20:00,5337.76,5345.38,5325.48,5331.45,3893.0
2026-01-29 19:25:00,5331.29,5367.94,5330.71,5362.84,3883.0
2026-01-29 19:30:00,5362.84,5364.14,5339.3,5344.71,3888.0
2026-01-29 19:35:00,5344.71,5375.21,5344.67,5363.97,4426.0
2026-01-29 19:40:00,5363.97,5375.37,5357.79,5368.6,4468.0
2026-01-29 19:45:00,5368.6,5371.46,5346.69,5359.35,4227.0
2026-01-29 19:50:00,5359.38,5359.6,5330.13,5342.16,3930.0
2026-01-29 19:55:00,5342.16,5343.14,5314.7,5335.55,3990.0
2026-01-29 20:00:00,5335.59,5349.75,5334.56,5337.72,4167.0
2026-01-29 20:05:00,5337.72,5355.86,5330.74,5350.05,3820.0
2026-01-29 20:10:00,5350.05,5359.04,5340.14,5355.3,4064.0
2026-01-29 20:15:00,5355.3,5359.03,5348.6,5353.67,4640.0
2026-01-29 20:20:00,5353.67,5356.59,5321.2,5331.11,4780.0
2026-01-29 20:25:00,5331.14,5338.85,5308.16,5330.33,4931.0
2026-01-29 20:30:00,5330.33,5360.72,5322.45,5351.6,3228.0
2026-01-29 20:35:00,5351.6,5359.98,5342.21,5354.17,3716.0
2026-01-29 20:40:00,5354.2,5358.51,5335.55,5341.77,4190.0
2026-01-29 20:45:00,5341.79,5360.28,5338.98,5358.98,4113.0
2026-01-29 20:50:00,5359.01,5362.06,5349.89,5351.47,3650.0
2026-01-29 20:55:00,5351.47,5352.83,5336.82,5338.99,3596.0
2026-01-29 21:00:00,5338.99,5344.65,5321.86,5334.68,4421.0
2026-01-29 21:05:00,5334.68,5345.53,5326.12,5335.33,4318.0
2026-01-29 21:10:00,5335.33,5336.65,5304.42,5306.71,4890.0
2026-01-29 21:15:00,5306.71,5332.59,5305.06,5319.32,3888.0
2026-01-29 21:20:00,5319.33,5323.71,5308.1,5314.34,4613.0
2026-01-29 21:25:00,5314.34,5324.2,5309.59,5318.67,4560.0
2026-01-29 21:30:00,5318.67,5319.56,5291.17,5293.68,3657.0
2026-01-29 21:35:00,5293.68,5325.21,5290.26,5312.45,4110.0
2026-01-29 21:40:00,5312.45,5327.47,5305.42,5317.0,3757.0
2026-01-29 21:45:00,5316.99,5325.36,5310.52,5316.15,3968.0
2026-01-29 21:50:00,5316.15,5316.93,5299.3,5303.86,3626.0
2026-01-29 21:55:00,5303.88,5314.07,5302.79,5305.68,4751.0
2026-01-29 22:00:00,5305.7,5306.3,5282.73,5292.99,4376.0
2026-01-29 22:05:00,5293.38,5304.69,5292.31,5298.01,3708.0
2026-01-29 22:10:00,5298.01,5310.78,5294.02,5296.19,3474.0
2026-01-29 22:15:00,5296.19,5312.05,5289.98,5310.37,3235.0
2026-01-29 22:20:00,5310.37,5325.39,5306.21,5324.0,3188.0
2026-01-29 22:25:00,5323.99,5325.73,5313.51,5318.05,3610.0
2026-01-29 22:30:00,5318.29,5322.77,5309.97,5322.66,3580.0
2026-01-29 22:35:00,5322.66,5347.62,5318.53,5347.58,3897.0
2026-01-29 22:40:00,5347.48,5358.25,5344.16,5354.52,3803.0
2026-01-29 22:45:00,5354.5,5372.41,5353.69,5371.82,4427.0
2026-01-29 22:50:00,5371.84,5399.76,5371.69,5390.5,4457.0
2026-01-29 22:55:00,5390.5,5407.0,5387.93,5394.11,4863.0
2026-01-29 23:00:00,5393.94,5406.05,5393.03,5399.48,2109.0
2026-01-29 23:05:00,5399.47,5403.8,5383.63,5388.03,1869.0
2026-01-29 23:10:00,5388.03,5398.79,5383.19,5398.54,1467.0
2026-01-29 23:15:00,5398.54,5399.73,5388.49,5394.92,1652.0
2026-01-29 23:20:00,5394.92,5406.02,5393.17,5405.11,1240.0
2026-01-29 23:25:00,5405.08,5426.08,5403.93,5411.52,2104.0
2026-01-29 23:30:00,5411.7,5412.32,5402.23,5406.3,1658.0
2026-01-29 23:35:00,5406.32,5408.14,5395.7,5402.12,1247.0
2026-01-29 23:40:00,5402.12,5402.33,5378.75,5383.75,1538.0
2026-01-29 23:45:00,5383.43,5398.26,5379.89,5395.16,1546.0
2026-01-29 23:50:00,5395.33,5395.8,5379.69,5379.97,1195.0
2026-01-29 23:55:00,5380.33,5383.1,5369.6,5376.32,972.0
2026-01-30 01:00:00,5376.32,5434.11,5376.32,5419.39,1824.0
2026-01-30 01:05:00,5420.13,5448.52,5419.13,5438.39,3033.0
2026-01-30 01:10:00,5438.39,5438.39,5422.08,5422.14,2469.0
2026-01-30 01:15:00,5422.14,5428.2,5387.81,5397.03,2494.0
2026-01-30 01:20:00,5402.77,5406.54,5394.94,5401.97,592.0
2026-01-30 01:25:00,5401.97,5421.42,5400.73,5416.51,2346.0
2026-01-30 01:30:00,5416.51,5428.71,5406.78,5428.26,2079.0
2026-01-30 01:35:00,5428.27,5430.2,5420.59,5424.41,2151.0
2026-01-30 01:40:00,5424.41,5439.23,5422.0,5438.45,2195.0
2026-01-30 01:45:00,5438.45,5443.83,5438.08,5443.05,1872.0
2026-01-30 01:50:00,5443.05,5447.98,5433.48,5438.35,2636.0
2026-01-30 01:55:00,5438.35,5441.85,5428.47,5438.4,2327.0
2026-01-30 02:00:00,5438.4,5442.45,5431.6,5435.49,2352.0
2026-01-30 02:05:00,5435.48,5450.72,5434.51,5447.08,2232.0
2026-01-30 02:10:00,5447.08,5450.96,5442.32,5445.18,2371.0
2026-01-30 02:15:00,5445.18,5450.53,5438.71,5449.36,2372.0
2026-01-30 02:20:00,5449.34,5450.74,5435.27,5437.79,2822.0
2026-01-30 02:25:00,5437.95,5441.65,5418.96,5426.63,3168.0
2026-01-30 02:30:00,5426.63,5429.86,5413.39,5429.23,3558.0
2026-01-30 02:35:00,5429.23,5436.44,5419.96,5422.02,3223.0
2026-01-30 02:40:00,5422.02,5425.85,5405.65,5411.53,3658.0
2026-01-30 02:45:00,5411.53,5415.68,5389.93,5401.47,2899.0
2026-01-30 02:50:00,5401.47,5419.56,5400.6,5418.69,3308.0
2026-01-30 02:55:00,5418.69,5421.13,5401.86,5407.18,3054.0
2026-01-30 03:00:00,5407.18,5409.95,5377.44,5390.14,4793.0
2026-01-30 03:05:00,5390.14,5392.71,5366.42,5366.56,4442.0
2026-01-30 03:10:00,5366.56,5377.49,5300.53,5309.93,3968.0
2026-01-30 03:15:00,5309.93,5335.87,5306.23,5332.77,4193.0
2026-01-30 03:20:00,5332.77,5350.32,5332.36,5345.13,3297.0
2026-01-30 03:25:00,5345.14,5363.64,5344.74,5357.26,3849.0
2026-01-30 03:30:00,5357.23,5372.68,5345.07,5372.65,3896.0
2026-01-30 03:35:00,5372.64,5373.03,5345.27,5355.63,4207.0
2026-01-30 03:40:00,5355.53,5365.88,5349.1,5349.68,3655.0
2026-01-30 03:45:00,5349.68,5349.68,5317.46,5329.88,4250.0
2026-01-30 03:50:00,5329.77,5345.15,5328.66,5338.1,3983.0
2026-01-30 03:55:00,5338.1,5339.11,5290.79,5301.47,3497.0
2026-01-30 04:00:00,5301.47,5312.68,5279.24,5296.08,5279.0
2026-01-30 04:05:00,5296.09,5306.76,5270.99,5273.39,4837.0
2026-01-30 04:10:00,5273.39,5275.18,5195.53,5212.08,5655.0
2026-01-30 04:15:00,5211.77,5214.39,5140.57,5146.43,4743.0
2026-01-30 04:20:00,5147.03,5181.04,5112.34,5162.71,4301.0
2026-01-30 04:25:00,5162.62,5192.31,5146.07,5172.11,4159.0
2026-01-30 04:30:00,5172.11,5185.1,5139.57,5161.81,4509.0
2026-01-30 04:35:00,5161.81,5221.6,5156.98,5211.6,5602.0
2026-01-30 04:40:00,5211.44,5230.59,5205.78,5216.65,5125.0
2026-01-30 04:45:00,5216.65,5244.88,5216.6,5239.41,4524.0
2026-01-30 04:50:00,5239.41,5246.15,5213.55,5217.94,3463.0
2026-01-30 04:55:00,5217.94,5231.59,5201.9,5225.04,4070.0
2026-01-30 05:00:00,5225.04,5229.51,5199.28,5207.67,3416.0
2026-01-30 05:05:00,5207.68,5208.2,5182.11,5204.72,3854.0
2026-01-30 05:10:00,5204.62,5208.03,5166.99,5181.91,3664.0
2026-01-30 05:15:00,5181.09,5197.5,5179.94,5190.56,3259.0
2026-01-30 05:20:00,5190.57,5197.32,5172.79,5197.28,3650.0
2026-01-30 05:25:00,5197.28,5206.51,5190.9,5199.56,3575.0
2026-01-30 05:30:00,5199.56,5221.89,5180.83,5181.56,3415.0
2026-01-30 05:35:00,5181.58,5189.71,5161.55,5171.74,3346.0
2026-01-30 05:40:00,5171.74,5175.21,5153.34,5154.95,3475.0
2026-01-30 05:45:00,5154.95,5175.14,5153.35,5167.03,3384.0
2026-01-30 05:50:00,5167.03,5181.97,5151.34,5181.9,3235.0
2026-01-30 05:55:00,5181.87,5199.86,5180.11,5196.47,3357.0
2026-01-30 06:00:00,5196.37,5220.05,5193.9,5210.61,3275.0
2026-01-30 06:05:00,5210.59,5223.28,5205.22,5208.71,3304.0
2026-01-30 06:10:00,5208.71,5225.31,5205.58,5214.41,2881.0
2026-01-30 06:15:00,5214.41,5230.45,5210.44,5224.91,2332.0
2026-01-30 06:20:00,5224.91,5230.78,5204.37,5205.89,2417.0
2026-01-30 06:25:00,5205.89,5212.66,5198.74,5210.62,2586.0
2026-01-30 06:30:00,5210.62,5221.16,5206.44,5212.67,2188.0
2026-01-30 06:35:00,5212.67,5226.69,5209.01,5220.19,2306.0
2026-01-30 06:40:00,5220.19,5222.21,5202.42,5203.91,2388.0
2026-01-30 06:45:00,5203.86,5212.99,5201.49,5209.82,2361.0
2026-01-30 06:50:00,5209.82,5212.0,5200.72,5206.55,2392.0
2026-01-30 06:55:00,5206.64,5216.96,5204.09,5214.89,2443.0
2026-01-30 07:00:00,5214.89,5217.11,5207.24,5212.3,2426.0
2026-01-30 07:05:00,5212.3,5212.3,5203.92,5204.53,1959.0
2026-01-30 07:10:00,5204.53,5225.18,5203.65,5224.86,2325.0
2026-01-30 07:15:00,5224.86,5240.47,5223.53,5233.23,3069.0
2026-01-30 07:20:00,5233.23,5241.39,5230.09,5231.51,2581.0
2026-01-30 07:25:00,5231.51,5239.33,5227.27,5230.12,2787.0
2026-01-30 07:30:00,5230.12,5234.34,5213.03,5217.43,2790.0
2026-01-30 07:35:00,5217.43,5239.72,5216.2,5230.36,2770.0
2026-01-30 07:40:00,5230.36,5235.9,5225.15,5232.16,2589.0
2026-01-30 07:45:00,5232.16,5235.45,5218.07,5218.86,2776.0
2026-01-30 07:50:00,5218.86,5219.81,5212.03,5215.98,2356.0
2026-01-30 07:55:00,5215.98,5216.24,5179.95,5184.98,3229.0
2026-01-30 08:00:00,5184.98,5203.89,5180.2,5203.42,3465.0
2026-01-30 08:05:00,5203.42,5203.42,5174.24,5193.26,3845.0
2026-01-30 08:10:00,5193.29,5205.38,5185.18,5191.12,3518.0
2026-01-30 08:15:00,5191.12,5191.42,5160.92,5173.29,3378.0
2026-01-30 08:20:00,5173.28,5195.34,5171.66,5193.53,3300.0
2026-01-30 08:25:00,5193.62,5198.04,5156.81,5157.2,3773.0
2026-01-30 08:30:00,5157.24,5169.63,5152.75,5160.01,3532.0
2026-01-30 08:35:00,5160.01,5179.9,5153.32,5174.12,3314.0
2026-01-30 08:40:00,5174.12,5174.24,5155.28,5158.18,3247.0
2026-01-30 08:45:00,5158.18,5172.12,5150.8,5167.35,3746.0
2026-01-30 08:50:00,5167.35,5168.8,5150.09,5156.44,3842.0
2026-01-30 08:55:00,5156.42,5160.6,5145.56,5155.96,3775.0
2026-01-30 09:00:00,5155.96,5158.57,5124.47,5145.75,3701.0
2026-01-30 09:05:00,5145.75,5174.29,5135.81,5166.16,2978.0
2026-01-30 09:10:00,5166.16,5186.51,5166.16,5174.16,3084.0
2026-01-30 09:15:00,5174.16,5181.74,5165.5,5176.63,2898.0
2026-01-30 09:20:00,5176.63,5185.67,5173.89,5178.91,2716.0
2026-01-30 09:25:00,5178.91,5181.66,5172.9,5174.98,2768.0
2026-01-30 09:30:00,5174.98,5178.84,5151.04,5151.39,3778.0
2026-01-30 09:35:00,5151.87,5152.19,5117.94,5149.03,4693.0
2026-01-30 09:40:00,5149.03,5156.67,5137.01,5147.06,2669.0
2026-01-30 09:45:00,5147.06,5161.42,5142.87,5151.23,2793.0
2026-01-30 09:50:00,5151.24,5165.01,5144.16,5158.46,2968.0
2026-01-30 09:55:00,5158.46,5184.83,5157.56,5181.27,2984.0
2026-01-30 10:00:00,5181.27,5181.27,5159.67,5171.66,4254.0
2026-01-30 10:05:00,5171.66,5174.52,5142.86,5147.4,3882.0
2026-01-30 10:10:00,5147.4,5161.79,5141.02,5145.73,3854.0
2026-01-30 10:15:00,5145.73,5160.49,5133.05,5158.23,3530.0
2026-01-30 10:20:00,5158.23,5170.33,5149.08,5166.02,3149.0
2026-01-30 10:25:00,5165.95,5170.09,5152.06,5152.6,3887.0
2026-01-30 10:30:00,5152.56,5154.88,5057.43,5078.1,4179.0
2026-01-30 10:35:00,5078.1,5098.04,5056.44,5092.47,3241.0
2026-01-30 10:40:00,5092.31,5106.21,5075.4,5096.43,3072.0
2026-01-30 10:45:00,5096.43,5127.61,5091.46,5126.01,2768.0
2026-01-30 10:50:00,5126.01,5128.89,5108.91,5110.36,4396.0
2026-01-30 10:55:00,5110.36,5119.83,5104.23,5117.47,3831.0
2026-01-30 11:00:00,5117.47,5132.66,5110.09,5114.51,4471.0
2026-01-30 11:05:00,5114.5,5116.91,5057.72,5061.05,5070.0
2026-01-30 11:10:00,5060.9,5070.09,5014.5,5028.51,4824.0
2026-01-30 11:15:00,5028.51,5070.37,5023.16,5068.86,4675.0
2026-01-30 11:20:00,5068.84,5068.84,5038.78,5043.83,4914.0
2026-01-30 11:25:00,5043.83,5049.5,5020.89,5028.65,4942.0
2026-01-30 11:30:00,5028.59,5068.94,5025.91,5058.04,4594.0
2026-01-30 11:35:00,5058.06,5064.89,5030.7,5031.59,4810.0
2026-01-30 11:40:00,5031.59,5036.7,4976.3,4977.14,4717.0
2026-01-30 11:45:00,4977.14,4998.96,4948.88,4982.06,3511.0
2026-01-30 11:50:00,4982.06,4998.4,4941.99,4989.06,3024.0
2026-01-30 11:55:00,4988.95,5030.2,4985.35,5013.67,2949.0
2026-01-30 12:00:00,5013.62,5053.35,5010.36,5037.13,3307.0
2026-01-30 12:05:00,5037.13,5037.42,5001.09,5019.44,3404.0
2026-01-30 12:10:00,5019.44,5043.86,5018.79,5039.09,2524.0
2026-01-30 12:15:00,5039.09,5059.52,5032.3,5059.43,2508.0
2026-01-30 12:20:00,5059.2,5070.56,5047.52,5063.37,3551.0
2026-01-30 12:25:00,5063.37,5076.24,5051.89,5059.74,3042.0
2026-01-30 12:30:00,5059.91,5074.24,5054.77,5065.05,3160.0
2026-01-30 12:35:00,5065.05,5084.36,5062.99,5080.59,2892.0
2026-01-30 12:40:00,5080.59,5092.94,5071.28,5083.82,2462.0
2026-01-30 12:45:00,5078.05,5094.32,5076.75,5084.97,2669.0
2026-01-30 12:50:00,5084.97,5102.79,5080.59,5092.53,2576.0
2026-01-30 12:55:00,5092.53,5122.54,5084.31,5119.82,2697.0
2026-01-30 13:00:00,5119.82,5120.78,5090.39,5093.74,2544.0
2026-01-30 13:05:00,5093.74,5116.09,5093.7,5112.25,3133.0
2026-01-30 13:10:00,5112.25,5126.94,5112.18,5120.65,2858.0
2026-01-30 13:15:00,5120.65,5127.9,5110.2,5121.54,2662.0
2026-01-30 13:20:00,5121.54,5130.16,5119.9,5125.44,2427.0
2026-01-30 13:25:00,5123.43,5127.3,5105.74,5124.87,2424.0
2026-01-30 13:30:00,5124.87,5130.68,5120.89,5126.95,2515.0
2026-01-30 13:35:00,5126.95,5130.95,5124.39,5127.66,2341.0
2026-01-30 13:40:00,5127.66,5138.08,5118.2,5120.9,2813.0
2026-01-30 13:45:00,5120.93,5121.57,5090.11,5097.07,3381.0
2026-01-30 13:50:00,5097.07,5120.24,5093.43,5119.06,2449.0
2026-01-30 13:55:00,5119.06,5144.39,5118.02,5135.93,2627.0
2026-01-30 14:00:00,5135.88,5145.74,5126.25,5130.76,3415.0
2026-01-30 14:05:00,5130.77,5134.56,5121.45,5129.59,3137.0
2026-01-30 14:10:00,5129.59,5136.69,5125.69,5129.13,2526.0
2026-01-30 14:15:00,5129.13,5140.24,5115.03,5120.01,2609.0
2026-01-30 14:20:00,5120.01,5135.4,5116.33,5125.78,2904.0
2026-01-30 14:25:00,5125.84,5129.98,5109.66,5119.91,2513.0
2026-01-30 14:30:00,5119.89,5136.08,5117.98,5119.21,2647.0
2026-01-30 14:35:00,5119.21,5121.46,5103.31,5109.84,2385.0
2026-01-30 14:40:00,5109.84,5117.48,5109.0,5113.96,2304.0
2026-01-30 14:45:00,5113.96,5116.06,5056.4,5066.15,3132.0
2026-01-30 14:50:00,5066.15,5096.5,5065.08,5089.52,2554.0
2026-01-30 14:55:00,5089.96,5094.94,5055.46,5064.54,2751.0
2026-01-30 15:00:00,5064.54,5099.89,5054.59,5098.07,2996.0
2026-01-30 15:05:00,5098.07,5098.14,5071.02,5081.96,3037.0
2026-01-30 15:10:00,5082.03,5093.98,5074.04,5076.14,2427.0
2026-01-30 15:15:00,5076.09,5076.79,5053.52,5074.59,2659.0
2026-01-30 15:20:00,5074.59,5075.08,5020.0,5026.47,2750.0
2026-01-30 15:25:00,5026.47,5039.01,5014.28,5026.38,2583.0
2026-01-30 15:30:00,5026.38,5037.36,5010.91,5034.14,2346.0
2026-01-30 15:35:00,5034.14,5048.13,5026.65,5036.73,2189.0
2026-01-30 15:40:00,5036.73,5047.82,5028.69,5038.06,2481.0
2026-01-30 15:45:00,5038.06,5038.06,4994.42,4994.78,2755.0
2026-01-30 15:50:00,4994.78,5011.27,4992.37,5007.21,2664.0
2026-01-30 15:55:00,5007.21,5022.54,5001.31,5019.54,2321.0
2026-01-30 16:00:00,5019.54,5066.9,5018.2,5058.71,3205.0
2026-01-30 16:05:00,5058.71,5073.4,5043.11,5059.92,3101.0
2026-01-30 16:10:00,5059.92,5060.42,5041.94,5053.03,2893.0
2026-01-30 16:15:00,5053.03,5060.47,5041.24,5054.4,2837.0
2026-01-30 16:20:00,5054.4,5087.46,5048.44,5070.78,3102.0
2026-01-30 16:25:00,5070.78,5077.94,5062.74,5072.37,2781.0
2026-01-30 16:30:00,5072.37,5113.56,5056.75,5108.11,4191.0
2026-01-30 16:35:00,5108.11,5111.03,5077.78,5094.27,4249.0
2026-01-30 16:40:00,5094.21,5094.94,5068.35,5081.12,2477.0
2026-01-30 16:45:00,5081.12,5090.69,5071.02,5089.19,3131.0
2026-01-30 16:50:00,5089.46,5097.6,5043.76,5049.59,3468.0
2026-01-30 16:55:00,5049.46,5054.24,5014.74,5033.17,3191.0
2026-01-30 17:00:00,5033.17,5034.69,4981.29,4985.57,3621.0
2026-01-30 17:05:00,4985.42,5014.72,4980.6,5000.45,3380.0
2026-01-30 17:10:00,5000.45,5046.08,4997.29,5027.26,3194.0
2026-01-30 17:15:00,5027.26,5060.18,5026.96,5049.17,2979.0
2026-01-30 17:20:00,5049.17,5057.83,5038.48,5040.29,3014.0
2026-01-30 17:25:00,5040.29,5052.21,5030.93,5045.41,3125.0
2026-01-30 17:30:00,5045.56,5055.25,5040.09,5046.56,3302.0
2026-01-30 17:35:00,5046.56,5069.29,5046.2,5057.43,2957.0
2026-01-30 17:40:00,5057.43,5073.28,5057.31,5059.12,3247.0
2026-01-30 17:45:00,5059.12,5065.94,5049.91,5062.4,3510.0
2026-01-30 17:50:00,5062.4,5073.84,5038.6,5041.51,4955.0
2026-01-30 17:55:00,5041.49,5057.25,5040.43,5050.61,5335.0
2026-01-30 18:00:00,5050.61,5051.72,5022.6,5023.36,4978.0
2026-01-30 18:05:00,5023.36,5037.13,5022.36,5032.93,4141.0
2026-01-30 18:10:00,5032.93,5036.12,5017.03,5030.44,4960.0
2026-01-30 18:15:00,5030.44,5035.11,5005.18,5011.35,4214.0
2026-01-30 18:20:00,5011.19,5018.81,4990.46,4992.67,3664.0
2026-01-30 18:25:00,4992.67,5011.68,4987.5,4995.59,3937.0
2026-01-30 18:30:00,4995.59,5017.02,4983.96,4986.9,4380.0
2026-01-30 18:35:00,4986.9,4987.13,4959.51,4973.21,4308.0
2026-01-30 18:40:00,4973.2,5016.03,4972.28,5010.53,3172.0
2026-01-30 18:45:00,5010.53,5014.71,4971.41,4981.73,3470.0
2026-01-30 18:50:00,4981.73,4982.81,4942.43,4978.6,3405.0
2026-01-30 18:55:00,4978.19,4987.45,4970.43,4985.47,3297.0
2026-01-30 19:00:00,4985.09,4985.98,4967.52,4974.61,3276.0
2026-01-30 19:05:00,4974.61,4976.48,4927.44,4930.64,4042.0
2026-01-30 19:10:00,4931.1,4948.0,4899.34,4914.27,4523.0
2026-01-30 19:15:00,4914.87,4937.27,4899.56,4904.36,4133.0
2026-01-30 19:20:00,4904.33,4933.05,4899.41,4921.49,4131.0
2026-01-30 19:25:00,4921.49,4940.68,4915.23,4925.38,5051.0
2026-01-30 19:30:00,4925.38,4925.58,4892.59,4914.17,4235.0
2026-01-30 19:35:00,4914.4,4914.72,4887.44,4889.32,3387.0
2026-01-30 19:40:00,4889.32,4900.05,4838.4,4859.05,3641.0
2026-01-30 19:45:00,4859.07,4878.59,4853.29,4857.03,3461.0
2026-01-30 19:50:00,4857.03,4862.61,4803.5,4813.21,3334.0
2026-01-30 19:55:00,4813.42,4850.74,4800.88,4850.0,3400.0
2026-01-30 20:00:00,4850.0,4884.12,4848.62,4883.58,3100.0
2026-01-30 20:05:00,4883.66,4890.11,4807.52,4812.19,3193.0
2026-01-30 20:10:00,4812.18,4828.06,4786.99,4808.66,3285.0
2026-01-30 20:15:00,4808.69,4818.16,4749.76,4756.59,3005.0
2026-01-30 20:20:00,4756.59,4773.06,4704.55,4717.55,3272.0
2026-01-30 20:25:00,4717.55,4756.38,4693.06,4743.2,3195.0
2026-01-30 20:30:00,4743.2,4773.47,4724.8,4752.39,3119.0
2026-01-30 20:35:00,4751.63,4763.06,4682.18,4696.23,3129.0
2026-01-30 20:40:00,4695.66,4786.5,4693.98,4779.88,3109.0
2026-01-30 20:45:00,4779.88,4833.61,4773.32,4829.06,2751.0
2026-01-30 20:50:00,4829.06,4865.17,4818.53,4860.79,2787.0
2026-01-30 20:55:00,4860.79,4893.9,4854.17,4880.01,3170.0
2026-01-30 21:00:00,4880.01,4913.15,4874.78,4898.6,3484.0
2026-01-30 21:05:00,4898.6,4911.45,4881.49,4909.59,2722.0
2026-01-30 21:10:00,4909.59,4918.36,4871.69,4889.76,2924.0
2026-01-30 21:15:00,4889.76,4894.86,4870.35,4878.06,2489.0
2026-01-30 21:20:00,4878.04,4892.6,4842.18,4868.34,2911.0
2026-01-30 21:25:00,4868.58,4900.71,4864.96,4893.23,2642.0
2026-01-30 21:30:00,4893.23,4914.69,4881.32,4906.38,2346.0
2026-01-30 21:35:00,4906.38,4925.98,4893.37,4912.24,2457.0
2026-01-30 21:40:00,4912.24,4929.86,4897.29,4926.68,2861.0
2026-01-30 21:45:00,4926.68,4934.59,4908.32,4916.16,2601.0
2026-01-30 21:50:00,4916.16,4941.2,4916.13,4931.61,2775.0
2026-01-30 21:55:00,4931.5,4947.93,4928.55,4932.81,2228.0
2026-01-30 22:00:00,4932.81,4933.09,4881.94,4909.45,2969.0
2026-01-30 22:05:00,4909.45,4921.27,4883.38,4900.2,3060.0
2026-01-30 22:10:00,4900.16,4901.09,4879.05,4899.47,2521.0
2026-01-30 22:15:00,4899.47,4902.8,4880.74,4901.55,2288.0
2026-01-30 22:20:00,4901.55,4908.95,4892.87,4896.74,2146.0
2026-01-30 22:25:00,4896.74,4913.64,4885.13,4890.57,2539.0
2026-01-30 22:30:00,4890.57,4894.21,4853.55,4882.27,2834.0
2026-01-30 22:35:00,4882.27,4885.66,4843.97,4861.83,3009.0
2026-01-30 22:40:00,4861.83,4873.95,4845.68,4861.74,2570.0
2026-01-30 22:45:00,4861.74,4879.59,4851.12,4863.22,2915.0
2026-01-30 22:50:00,4863.25,4868.65,4835.82,4838.12,3039.0
2026-01-30 22:55:00,4838.25,4855.73,4809.23,4847.66,3219.0
2026-01-30 23:00:00,4847.66,4863.35,4834.9,4859.15,2360.0
2026-01-30 23:05:00,4859.15,4860.7,4831.49,4844.43,1655.0
2026-01-30 23:10:00,4844.43,4848.43,4835.38,4839.95,1423.0
2026-01-30 23:15:00,4839.95,4860.16,4836.47,4858.54,1740.0
2026-01-30 23:20:00,4858.54,4886.9,4858.54,4883.32,1863.0
2026-01-30 23:25:00,4883.32,4890.03,4862.36,4874.52,1835.0
2026-01-30 23:30:00,4874.52,4881.33,4868.62,4876.29,1470.0
2026-01-30 23:35:00,4876.29,4877.0,4850.08,4854.8,1598.0
2026-01-30 23:40:00,4854.8,4860.73,4850.06,4860.67,1545.0
2026-01-30 23:45:00,4860.67,4869.61,4856.92,4865.0,1170.0
2026-01-30 23:50:00,4865.43,4892.58,4863.27,4883.32,1597.0
2026-01-30 23:55:00,4882.85,4896.32,4879.53,4894.47,1350.0
