time,open,high,low,close,volume
2025-06-02 01:00:00,3298.35,3306.03,3295.92,3303.18,738.0
2025-06-02 01:05:00,3303.18,3309.21,3303.18,3308.43,327.0
2025-06-02 01:10:00,3308.45,3309.72,3306.3,3307.48,308.0
2025-06-02 01:15:00,3307.41,3308.72,3305.37,3307.11,309.0
2025-06-02 01:20:00,3307.15,3307.19,3302.44,3302.78,264.0
2025-06-02 01:25:00,3302.74,3304.81,3300.05,3303.99,300.0
2025-06-02 01:30:00,3303.93,3304.77,3303.02,3303.82,270.0
2025-06-02 01:35:00,3303.76,3304.05,3302.54,3304.05,219.0
2025-06-02 01:40:00,3304.06,3305.84,3303.77,3305.69,217.0
2025-06-02 01:45:00,3305.71,3308.16,3305.67,3307.74,243.0
2025-06-02 01:50:00,3307.66,3311.27,3307.66,3310.45,254.0
2025-06-02 01:55:00,3310.4,3314.87,3310.36,3313.1,296.0
2025-06-02 02:00:00,3313.06,3316.57,3312.5,3315.18,282.0
2025-06-02 02:05:00,3315.16,3315.17,3313.17,3314.1,230.0
2025-06-02 02:10:00,3314.0,3314.5,3313.4,3313.67,184.0
2025-06-02 02:15:00,3313.67,3314.03,3312.2,3312.88,191.0
2025-06-02 02:20:00,3312.84,3313.4,3311.29,3312.78,187.0
2025-06-02 02:25:00,3312.47,3312.57,3311.75,3312.1,156.0
2025-06-02 02:30:00,3312.07,3312.88,3311.68,3312.58,167.0
2025-06-02 02:35:00,3312.59,3313.17,3311.46,3312.23,187.0
2025-06-02 02:40:00,3312.2,3312.29,3310.29,3311.34,184.0
2025-06-02 02:45:00,3311.35,3312.35,3310.41,3311.63,215.0
2025-06-02 02:50:00,3311.62,3311.63,3309.29,3310.88,190.0
2025-06-02 02:55:00,3310.51,3311.42,3309.56,3310.17,289.0
2025-06-02 03:00:00,3310.18,3312.47,3310.0,3311.68,320.0
2025-06-02 03:05:00,3311.82,3313.59,3311.23,3313.31,304.0
2025-06-02 03:10:00,3313.31,3314.78,3312.62,3313.11,318.0
2025-06-02 03:15:00,3313.17,3314.92,3312.46,3313.24,298.0
2025-06-02 03:20:00,3313.36,3313.67,3311.4,3312.29,300.0
2025-06-02 03:25:00,3312.28,3314.23,3311.58,3312.84,285.0
2025-06-02 03:30:00,3313.14,3313.53,3310.19,3310.82,308.0
2025-06-02 03:35:00,3310.76,3311.48,3306.43,3306.64,300.0
2025-06-02 03:40:00,3306.63,3307.61,3303.34,3307.38,376.0
2025-06-02 03:45:00,3307.38,3310.67,3307.33,3308.72,359.0
2025-06-02 03:50:00,3308.74,3311.01,3307.2,3310.84,335.0
2025-06-02 03:55:00,3310.86,3311.49,3309.5,3311.35,283.0
2025-06-02 04:00:00,3311.33,3313.12,3310.54,3311.61,317.0
2025-06-02 04:05:00,3311.51,3313.59,3311.38,3313.12,298.0
2025-06-02 04:10:00,3313.12,3313.82,3311.18,3312.33,292.0
2025-06-02 04:15:00,3312.26,3313.41,3309.34,3309.34,308.0
2025-06-02 04:20:00,3309.4,3310.46,3308.24,3309.58,334.0
2025-06-02 04:25:00,3309.57,3310.96,3308.32,3309.37,345.0
2025-06-02 04:30:00,3309.39,3310.77,3307.05,3307.5,342.0
2025-06-02 04:35:00,3307.46,3308.87,3303.93,3308.51,386.0
2025-06-02 04:40:00,3308.51,3308.51,3305.68,3306.4,305.0
2025-06-02 04:45:00,3306.41,3307.12,3303.71,3303.86,337.0
2025-06-02 04:50:00,3303.88,3305.61,3302.53,3303.69,333.0
2025-06-02 04:55:00,3303.65,3303.89,3301.45,3303.53,323.0
2025-06-02 05:00:00,3303.56,3306.66,3303.36,3306.57,304.0
2025-06-02 05:05:00,3306.52,3308.73,3306.52,3307.29,332.0
2025-06-02 05:10:00,3307.26,3308.87,3307.22,3308.41,291.0
2025-06-02 05:15:00,3308.48,3311.52,3307.68,3307.84,305.0
2025-06-02 05:20:00,3307.96,3308.36,3306.39,3306.66,288.0
2025-06-02 05:25:00,3306.65,3308.09,3306.44,3306.86,268.0
2025-06-02 05:30:00,3306.82,3309.62,3306.72,3308.37,266.0
2025-06-02 05:35:00,3308.35,3308.97,3307.41,3308.31,250.0
2025-06-02 05:40:00,3308.31,3308.78,3306.75,3307.2,232.0
2025-06-02 05:45:00,3307.24,3308.39,3306.62,3307.58,243.0
2025-06-02 05:50:00,3307.53,3308.64,3305.55,3306.43,271.0
2025-06-02 05:55:00,3306.49,3307.96,3305.2,3307.29,325.0
2025-06-02 06:00:00,3307.18,3307.54,3306.28,3306.73,270.0
2025-06-02 06:05:00,3306.8,3307.62,3305.76,3305.81,258.0
2025-06-02 06:10:00,3305.77,3306.04,3304.55,3305.3,276.0
2025-06-02 06:15:00,3305.3,3307.35,3305.1,3305.91,253.0
2025-06-02 06:20:00,3305.97,3308.39,3305.97,3307.76,257.0
2025-06-02 06:25:00,3307.78,3308.21,3305.55,3305.55,257.0
2025-06-02 06:30:00,3305.36,3305.53,3303.92,3304.86,287.0
2025-06-02 06:35:00,3304.71,3304.92,3303.38,3304.44,256.0
2025-06-02 06:40:00,3304.47,3305.89,3304.2,3305.38,285.0
2025-06-02 06:45:00,3305.41,3307.48,3305.1,3307.14,299.0
2025-06-02 06:50:00,3307.15,3307.84,3306.9,3307.61,269.0
2025-06-02 06:55:00,3307.62,3308.93,3306.22,3308.73,304.0
2025-06-02 07:00:00,3308.83,3311.39,3308.83,3311.09,288.0
2025-06-02 07:05:00,3311.04,3311.57,3309.51,3310.78,263.0
2025-06-02 07:10:00,3310.74,3312.37,3310.48,3311.46,301.0
2025-06-02 07:15:00,3311.59,3313.2,3311.28,3313.2,266.0
2025-06-02 07:20:00,3313.13,3313.67,3312.3,3312.3,259.0
2025-06-02 07:25:00,3312.31,3313.88,3312.3,3313.58,251.0
2025-06-02 07:30:00,3313.58,3314.99,3313.51,3314.13,253.0
2025-06-02 07:35:00,3314.12,3314.33,3312.97,3313.49,220.0
2025-06-02 07:40:00,3313.48,3315.7,3313.02,3314.67,268.0
2025-06-02 07:45:00,3314.66,3314.69,3313.69,3314.04,192.0
2025-06-02 07:50:00,3314.05,3315.67,3313.7,3315.02,225.0
2025-06-02 07:55:00,3314.99,3318.21,3313.88,3313.88,315.0
2025-06-02 08:00:00,3313.94,3317.02,3313.87,3315.95,307.0
2025-06-02 08:05:00,3315.94,3316.38,3315.14,3315.57,222.0
2025-06-02 08:10:00,3315.56,3319.65,3314.96,3318.69,292.0
2025-06-02 08:15:00,3318.72,3319.8,3317.03,3317.24,312.0
2025-06-02 08:20:00,3317.23,3317.39,3316.46,3316.82,236.0
2025-06-02 08:25:00,3316.81,3318.63,3316.69,3318.22,252.0
2025-06-02 08:30:00,3318.14,3318.55,3316.68,3318.51,272.0
2025-06-02 08:35:00,3318.55,3319.78,3318.26,3319.47,274.0
2025-06-02 08:40:00,3319.45,3323.17,3319.11,3322.5,312.0
2025-06-02 08:45:00,3322.63,3324.58,3322.55,3322.74,326.0
2025-06-02 08:50:00,3322.68,3325.61,3322.57,3323.47,304.0
2025-06-02 08:55:00,3323.49,3324.5,3322.99,3323.71,283.0
2025-06-02 09:00:00,3323.87,3326.53,3323.78,3326.21,287.0
2025-06-02 09:05:00,3326.17,3327.81,3326.0,3327.63,325.0
2025-06-02 09:10:00,3327.56,3329.26,3325.51,3327.94,360.0
2025-06-02 09:15:00,3328.02,3334.18,3327.74,3333.79,387.0
2025-06-02 09:20:00,3333.95,3335.2,3331.33,3334.74,388.0
2025-06-02 09:25:00,3334.83,3337.98,3333.88,3337.55,345.0
2025-06-02 09:30:00,3337.59,3338.69,3336.1,3336.98,343.0
2025-06-02 09:35:00,3336.96,3340.3,3335.94,3339.84,382.0
2025-06-02 09:40:00,3339.25,3345.02,3339.12,3345.02,409.0
2025-06-02 09:45:00,3345.02,3345.32,3340.97,3341.34,377.0
2025-06-02 09:50:00,3341.48,3342.12,3340.69,3340.98,300.0
2025-06-02 09:55:00,3340.88,3344.42,3339.99,3344.4,326.0
2025-06-02 10:00:00,3344.46,3346.15,3343.25,3345.96,394.0
2025-06-02 10:05:00,3345.84,3348.65,3345.67,3348.44,379.0
2025-06-02 10:10:00,3348.46,3352.63,3348.46,3351.27,397.0
2025-06-02 10:15:00,3351.22,3358.04,3351.22,3356.21,453.0
2025-06-02 10:20:00,3356.12,3357.49,3354.49,3356.31,375.0
2025-06-02 10:25:00,3356.49,3358.78,3353.58,3353.58,401.0
2025-06-02 10:30:00,3353.38,3358.82,3353.38,3356.45,362.0
2025-06-02 10:35:00,3356.45,3356.71,3354.52,3354.98,340.0
2025-06-02 10:40:00,3354.96,3356.01,3354.18,3354.48,316.0
2025-06-02 10:45:00,3354.42,3356.78,3352.58,3353.64,370.0
2025-06-02 10:50:00,3353.61,3354.79,3351.69,3352.39,394.0
2025-06-02 10:55:00,3352.29,3353.55,3350.96,3352.55,369.0
2025-06-02 11:00:00,3352.53,3355.56,3350.7,3355.44,387.0
2025-06-02 11:05:00,3355.46,3356.35,3353.46,3355.71,296.0
2025-06-02 11:10:00,3355.51,3355.6,3350.82,3353.62,323.0
2025-06-02 11:15:00,3353.62,3355.09,3352.01,3353.45,316.0
2025-06-02 11:20:00,3353.29,3353.59,3352.08,3353.27,292.0
2025-06-02 11:25:00,3353.25,3353.29,3350.58,3353.06,300.0
2025-06-02 11:30:00,3353.1,3353.24,3350.06,3351.13,306.0
2025-06-02 11:35:00,3351.29,3354.18,3351.14,3354.14,322.0
2025-06-02 11:40:00,3354.13,3354.56,3352.98,3353.73,280.0
2025-06-02 11:45:00,3353.65,3355.69,3353.63,3355.31,263.0
2025-06-02 11:50:00,3355.3,3355.48,3353.66,3354.29,278.0
2025-06-02 11:55:00,3354.21,3354.21,3352.09,3352.09,310.0
2025-06-02 12:00:00,3352.13,3352.49,3349.21,3351.01,337.0
2025-06-02 12:05:00,3351.01,3351.83,3349.16,3349.33,332.0
2025-06-02 12:10:00,3349.42,3349.67,3347.35,3348.55,317.0
2025-06-02 12:15:00,3348.48,3350.68,3347.14,3350.63,309.0
2025-06-02 12:20:00,3350.65,3350.97,3349.29,3349.5,286.0
2025-06-02 12:25:00,3349.54,3349.86,3346.42,3346.99,294.0
2025-06-02 12:30:00,3347.08,3347.62,3345.1,3346.0,369.0
2025-06-02 12:35:00,3346.01,3346.09,3344.47,3344.81,298.0
2025-06-02 12:40:00,3344.79,3346.86,3344.73,3346.48,281.0
2025-06-02 12:45:00,3346.54,3347.79,3346.1,3347.48,303.0
2025-06-02 12:50:00,3347.58,3347.75,3346.41,3347.12,263.0
2025-06-02 12:55:00,3347.09,3348.48,3346.08,3348.29,324.0
2025-06-02 13:00:00,3348.38,3349.24,3346.92,3349.24,292.0
2025-06-02 13:05:00,3349.2,3349.36,3346.78,3347.92,282.0
2025-06-02 13:10:00,3347.79,3347.9,3345.5,3346.32,285.0
2025-06-02 13:15:00,3346.36,3348.58,3346.36,3348.45,263.0
2025-06-02 13:20:00,3348.42,3349.85,3347.23,3349.85,327.0
2025-06-02 13:25:00,3349.86,3350.72,3348.87,3349.42,309.0
2025-06-02 13:30:00,3349.24,3350.53,3347.85,3348.37,333.0
2025-06-02 13:35:00,3348.33,3349.51,3347.5,3348.61,296.0
2025-06-02 13:40:00,3348.69,3349.6,3345.01,3345.16,358.0
2025-06-02 13:45:00,3345.14,3347.69,3344.62,3347.27,329.0
2025-06-02 13:50:00,3347.01,3347.39,3346.49,3347.37,250.0
2025-06-02 13:55:00,3347.39,3351.38,3346.31,3348.59,406.0
2025-06-02 14:00:00,3348.56,3349.19,3346.82,3346.98,364.0
2025-06-02 14:05:00,3346.96,3349.17,3346.13,3348.93,321.0
2025-06-02 14:10:00,3348.93,3349.98,3348.63,3349.29,324.0
2025-06-02 14:15:00,3349.28,3351.06,3349.0,3349.01,303.0
2025-06-02 14:20:00,3349.03,3353.44,3349.0,3352.28,320.0
2025-06-02 14:25:00,3352.29,3353.83,3352.29,3353.27,301.0
2025-06-02 14:30:00,3353.44,3357.82,3353.44,3355.68,365.0
2025-06-02 14:35:00,3355.67,3360.05,3354.94,3358.71,376.0
2025-06-02 14:40:00,3358.63,3359.92,3355.65,3356.73,375.0
2025-06-02 14:45:00,3356.66,3358.43,3354.48,3355.16,366.0
2025-06-02 14:50:00,3355.2,3355.43,3353.19,3355.05,308.0
2025-06-02 14:55:00,3355.11,3356.35,3354.31,3356.33,346.0
2025-06-02 15:00:00,3356.12,3357.78,3354.03,3354.3,385.0
2025-06-02 15:05:00,3354.31,3359.95,3354.31,3358.54,380.0
2025-06-02 15:10:00,3358.26,3359.89,3357.6,3357.76,386.0
2025-06-02 15:15:00,3357.82,3359.83,3357.06,3359.24,312.0
2025-06-02 15:20:00,3359.46,3362.73,3358.54,3362.2,384.0
2025-06-02 15:25:00,3362.29,3363.42,3360.17,3360.85,393.0
2025-06-02 15:30:00,3360.81,3363.64,3360.81,3361.39,380.0
2025-06-02 15:35:00,3361.72,3363.49,3361.02,3362.19,365.0
2025-06-02 15:40:00,3362.26,3363.02,3360.35,3361.82,379.0
2025-06-02 15:45:00,3361.79,3362.13,3359.18,3360.41,374.0
2025-06-02 15:50:00,3360.58,3360.89,3356.07,3356.38,373.0
2025-06-02 15:55:00,3356.48,3356.61,3354.86,3355.44,412.0
2025-06-02 16:00:00,3355.6,3357.62,3353.56,3354.37,392.0
2025-06-02 16:05:00,3354.35,3355.32,3353.0,3354.14,404.0
2025-06-02 16:10:00,3354.22,3356.85,3352.83,3356.46,422.0
2025-06-02 16:15:00,3356.46,3357.53,3355.53,3356.54,369.0
2025-06-02 16:20:00,3356.9,3356.9,3354.64,3355.08,348.0
2025-06-02 16:25:00,3355.4,3357.61,3352.09,3355.75,402.0
2025-06-02 16:30:00,3355.9,3357.01,3350.26,3356.27,457.0
2025-06-02 16:35:00,3356.09,3360.12,3354.39,3358.8,429.0
2025-06-02 16:40:00,3358.97,3366.81,3358.97,3366.58,434.0
2025-06-02 16:45:00,3366.56,3370.3,3365.02,3365.91,464.0
2025-06-02 16:50:00,3365.83,3374.8,3365.46,3374.54,468.0
2025-06-02 16:55:00,3374.44,3376.21,3370.78,3370.85,430.0
2025-06-02 17:00:00,3374.01,3376.36,3371.31,3372.06,471.0
2025-06-02 17:05:00,3372.26,3373.63,3369.54,3370.04,471.0
2025-06-02 17:10:00,3369.9,3374.54,3367.73,3374.54,445.0
2025-06-02 17:15:00,3374.55,3378.06,3372.97,3377.8,455.0
2025-06-02 17:20:00,3377.7,3378.0,3372.21,3373.22,443.0
2025-06-02 17:25:00,3373.38,3376.12,3371.91,3373.14,430.0
2025-06-02 17:30:00,3373.46,3376.25,3372.08,3375.08,451.0
2025-06-02 17:35:00,3374.64,3377.83,3373.71,3374.88,456.0
2025-06-02 17:40:00,3374.84,3377.89,3374.25,3377.89,414.0
2025-06-02 17:45:00,3377.8,3377.89,3375.32,3376.22,407.0
2025-06-02 17:50:00,3376.2,3377.83,3375.42,3377.68,409.0
2025-06-02 17:55:00,3377.72,3378.73,3375.7,3376.06,420.0
2025-06-02 18:00:00,3375.87,3377.46,3374.58,3376.94,414.0
2025-06-02 18:05:00,3377.06,3378.78,3376.93,3377.26,392.0
2025-06-02 18:10:00,3377.27,3377.35,3373.45,3374.75,390.0
2025-06-02 18:15:00,3374.91,3376.41,3373.76,3376.41,398.0
2025-06-02 18:20:00,3376.3,3378.34,3374.97,3375.1,409.0
2025-06-02 18:25:00,3375.11,3375.11,3369.87,3373.32,398.0
2025-06-02 18:30:00,3373.4,3373.75,3371.25,3372.99,389.0
2025-06-02 18:35:00,3372.83,3373.43,3371.03,3373.43,364.0
2025-06-02 18:40:00,3373.49,3375.06,3373.27,3374.78,361.0
2025-06-02 18:45:00,3374.77,3375.86,3374.39,3374.9,357.0
2025-06-02 18:50:00,3374.82,3375.89,3373.46,3373.87,350.0
2025-06-02 18:55:00,3373.86,3374.74,3372.46,3374.24,360.0
2025-06-02 19:00:00,3374.28,3378.11,3374.28,3378.11,381.0
2025-06-02 19:05:00,3378.18,3379.19,3375.47,3376.43,384.0
2025-06-02 19:10:00,3376.37,3376.51,3371.08,3372.59,357.0
2025-06-02 19:15:00,3372.43,3373.08,3372.15,3372.3,318.0
2025-06-02 19:20:00,3372.3,3372.31,3370.39,3371.11,353.0
2025-06-02 19:25:00,3371.24,3373.45,3371.16,3373.05,325.0
2025-06-02 19:30:00,3373.07,3374.91,3372.73,3374.31,342.0
2025-06-02 19:35:00,3374.36,3374.96,3372.73,3373.5,328.0
2025-06-02 19:40:00,3373.51,3373.87,3369.78,3370.56,334.0
2025-06-02 19:45:00,3370.53,3372.72,3370.4,3371.07,317.0
2025-06-02 19:50:00,3371.16,3371.61,3369.29,3369.39,343.0
2025-06-02 19:55:00,3369.44,3371.94,3369.38,3371.53,306.0
2025-06-02 20:00:00,3371.4,3374.27,3371.4,3374.13,321.0
2025-06-02 20:05:00,3374.17,3374.7,3373.17,3373.99,315.0
2025-06-02 20:10:00,3373.94,3375.58,3373.78,3374.89,297.0
2025-06-02 20:15:00,3374.83,3374.89,3372.43,3373.85,319.0
2025-06-02 20:20:00,3373.72,3375.35,3372.98,3373.4,330.0
2025-06-02 20:25:00,3373.47,3373.68,3371.24,3372.17,367.0
2025-06-02 20:30:00,3372.24,3375.07,3372.24,3374.03,314.0
2025-06-02 20:35:00,3374.1,3374.12,3372.54,3373.36,312.0
2025-06-02 20:40:00,3373.35,3374.93,3373.28,3374.76,298.0
2025-06-02 20:45:00,3374.75,3375.95,3374.6,3374.98,311.0
2025-06-02 20:50:00,3374.97,3374.97,3373.18,3373.94,311.0
2025-06-02 20:55:00,3373.98,3374.68,3373.41,3374.34,308.0
2025-06-02 21:00:00,3374.33,3374.48,3371.29,3373.0,321.0
2025-06-02 21:05:00,3372.81,3374.18,3372.52,3373.18,298.0
2025-06-02 21:10:00,3373.19,3374.28,3372.78,3373.5,307.0
2025-06-02 21:15:00,3373.49,3373.51,3371.67,3372.91,304.0
2025-06-02 21:20:00,3372.91,3373.09,3370.81,3371.97,338.0
2025-06-02 21:25:00,3371.98,3372.26,3370.82,3372.05,298.0
2025-06-02 21:30:00,3372.06,3372.57,3371.44,3371.64,308.0
2025-06-02 21:35:00,3371.64,3375.54,3371.64,3375.54,297.0
2025-06-02 21:40:00,3375.53,3377.68,3375.37,3377.33,327.0
2025-06-02 21:45:00,3377.33,3377.92,3376.97,3377.21,281.0
2025-06-02 21:50:00,3377.21,3379.64,3376.89,3379.61,289.0
2025-06-02 21:55:00,3379.6,3380.01,3378.92,3379.22,292.0
2025-06-02 22:00:00,3379.15,3379.75,3377.89,3378.63,326.0
2025-06-02 22:05:00,3378.75,3380.39,3378.59,3379.9,323.0
2025-06-02 22:10:00,3379.89,3380.29,3379.35,3379.61,220.0
2025-06-02 22:15:00,3379.58,3380.19,3379.26,3379.79,278.0
2025-06-02 22:20:00,3379.82,3380.14,3379.2,3379.34,287.0
2025-06-02 22:25:00,3379.35,3379.93,3378.81,3378.95,303.0
2025-06-02 22:30:00,3378.92,3379.92,3378.46,3379.72,336.0
2025-06-02 22:35:00,3379.74,3380.3,3378.96,3380.22,310.0
2025-06-02 22:40:00,3380.21,3380.75,3379.96,3380.45,314.0
2025-06-02 22:45:00,3380.46,3381.06,3380.09,3380.56,309.0
2025-06-02 22:50:00,3380.56,3382.26,3380.11,3381.68,366.0
2025-06-02 22:55:00,3381.51,3382.34,3380.96,3381.55,367.0
2025-06-02 23:00:00,3381.79,3381.89,3380.07,3381.81,241.0
2025-06-02 23:05:00,3381.75,3381.75,3378.4,3380.24,266.0
2025-06-02 23:10:00,3380.25,3380.35,3379.3,3380.19,207.0
2025-06-02 23:15:00,3380.2,3381.61,3380.2,3381.42,195.0
2025-06-02 23:20:00,3381.42,3381.93,3381.32,3381.61,137.0
2025-06-02 23:25:00,3381.71,3381.75,3379.87,3380.06,160.0
2025-06-02 23:30:00,3380.02,3380.41,3379.02,3379.85,195.0
2025-06-02 23:35:00,3379.82,3380.62,3379.51,3380.41,163.0
2025-06-02 23:40:00,3380.4,3381.05,3380.13,3380.77,169.0
2025-06-02 23:45:00,3380.81,3382.92,3380.39,3382.07,209.0
2025-06-02 23:50:00,3381.99,3382.84,3381.52,3382.47,173.0
2025-06-02 23:55:00,3382.22,3382.32,3380.96,3381.6,137.0
2025-06-03 01:00:00,3382.82,3385.79,3382.13,3385.02,508.0
2025-06-03 01:05:00,3385.02,3385.59,3382.96,3385.16,217.0
2025-06-03 01:10:00,3385.19,3386.57,3384.43,3386.28,236.0
2025-06-03 01:15:00,3386.17,3387.95,3385.44,3387.91,190.0
2025-06-03 01:20:00,3387.89,3390.45,3387.51,3388.27,273.0
2025-06-03 01:25:00,3388.37,3391.36,3388.12,3389.87,264.0
2025-06-03 01:30:00,3389.91,3389.91,3388.32,3388.63,243.0
2025-06-03 01:35:00,3388.51,3390.46,3388.35,3389.44,197.0
2025-06-03 01:40:00,3389.44,3390.72,3388.88,3389.14,199.0
2025-06-03 01:45:00,3389.1,3389.83,3388.92,3389.45,149.0
2025-06-03 01:50:00,3389.5,3389.6,3388.99,3389.26,132.0
2025-06-03 01:55:00,3389.24,3390.02,3389.02,3390.02,150.0
2025-06-03 02:00:00,3390.07,3390.52,3388.19,3388.67,250.0
2025-06-03 02:05:00,3388.77,3389.52,3388.47,3389.08,157.0
2025-06-03 02:10:00,3389.08,3389.93,3388.69,3388.89,133.0
2025-06-03 02:15:00,3388.87,3389.75,3388.57,3389.67,163.0
2025-06-03 02:20:00,3389.71,3390.03,3388.97,3389.69,146.0
2025-06-03 02:25:00,3389.72,3392.24,3385.08,3385.36,300.0
2025-06-03 02:30:00,3385.96,3388.13,3383.53,3383.53,260.0
2025-06-03 02:35:00,3383.68,3386.27,3383.16,3386.07,250.0
2025-06-03 02:40:00,3386.01,3386.85,3385.0,3386.6,224.0
2025-06-03 02:45:00,3386.61,3387.33,3385.61,3386.34,204.0
2025-06-03 02:50:00,3386.2,3386.53,3384.77,3385.49,196.0
2025-06-03 02:55:00,3385.49,3387.42,3384.69,3387.28,252.0
2025-06-03 03:00:00,3387.36,3388.6,3384.58,3384.58,317.0
2025-06-03 03:05:00,3384.59,3384.59,3381.24,3383.2,335.0
2025-06-03 03:10:00,3383.13,3383.88,3380.45,3382.07,296.0
2025-06-03 03:15:00,3381.84,3381.97,3375.75,3378.45,327.0
2025-06-03 03:20:00,3378.48,3380.91,3378.42,3380.13,314.0
2025-06-03 03:25:00,3380.12,3381.25,3379.11,3379.74,249.0
2025-06-03 03:30:00,3379.74,3381.46,3379.04,3379.14,255.0
2025-06-03 03:35:00,3379.12,3379.24,3375.75,3376.14,302.0
2025-06-03 03:40:00,3376.26,3378.57,3373.82,3377.17,364.0
2025-06-03 03:45:00,3377.06,3378.78,3376.17,3377.72,315.0
2025-06-03 03:50:00,3377.9,3378.1,3376.2,3377.46,291.0
2025-06-03 03:55:00,3377.45,3378.9,3375.18,3375.89,354.0
2025-06-03 04:00:00,3375.9,3375.98,3371.36,3372.54,446.0
2025-06-03 04:05:00,3372.24,3373.19,3370.06,3371.09,417.0
2025-06-03 04:10:00,3371.14,3373.79,3367.64,3367.73,399.0
2025-06-03 04:15:00,3367.78,3368.38,3363.59,3365.46,410.0
2025-06-03 04:20:00,3365.42,3367.69,3364.58,3366.48,384.0
2025-06-03 04:25:00,3366.11,3368.76,3363.31,3368.47,353.0
2025-06-03 04:30:00,3368.38,3370.87,3367.44,3368.23,387.0
2025-06-03 04:35:00,3368.1,3371.43,3366.26,3371.21,392.0
2025-06-03 04:40:00,3371.11,3373.59,3370.31,3373.02,369.0
2025-06-03 04:45:00,3372.03,3375.46,3370.49,3374.24,370.0
2025-06-03 04:50:00,3374.13,3375.61,3372.47,3373.1,345.0
2025-06-03 04:55:00,3373.07,3373.23,3370.37,3372.62,361.0
2025-06-03 05:00:00,3372.72,3374.21,3371.67,3373.84,367.0
2025-06-03 05:05:00,3373.85,3375.43,3372.3,3372.66,357.0
2025-06-03 05:10:00,3372.66,3374.56,3372.07,3374.56,365.0
2025-06-03 05:15:00,3374.74,3377.95,3374.72,3376.85,342.0
2025-06-03 05:20:00,3376.86,3376.86,3372.54,3372.85,313.0
2025-06-03 05:25:00,3372.94,3374.21,3371.72,3372.4,332.0
2025-06-03 05:30:00,3372.67,3372.67,3368.25,3368.25,365.0
2025-06-03 05:35:00,3368.14,3369.11,3366.2,3368.1,365.0
2025-06-03 05:40:00,3367.94,3368.49,3364.47,3367.79,365.0
2025-06-03 05:45:00,3367.69,3371.32,3367.17,3371.21,352.0
2025-06-03 05:50:00,3371.2,3375.25,3371.09,3373.67,354.0
2025-06-03 05:55:00,3373.63,3373.63,3368.65,3368.84,339.0
2025-06-03 06:00:00,3368.71,3369.61,3364.6,3366.94,337.0
2025-06-03 06:05:00,3366.87,3369.13,3364.92,3367.32,344.0
2025-06-03 06:10:00,3367.26,3368.83,3366.79,3368.66,334.0
2025-06-03 06:15:00,3368.68,3369.0,3366.36,3367.09,308.0
2025-06-03 06:20:00,3367.09,3367.13,3365.31,3365.99,286.0
2025-06-03 06:25:00,3366.01,3367.99,3365.01,3365.29,335.0
2025-06-03 06:30:00,3364.94,3366.74,3363.83,3366.19,302.0
2025-06-03 06:35:00,3366.14,3367.31,3364.32,3366.26,273.0
2025-06-03 06:40:00,3366.26,3366.26,3359.93,3361.28,338.0
2025-06-03 06:45:00,3361.37,3362.84,3361.37,3362.48,302.0
2025-06-03 06:50:00,3362.54,3363.04,3361.56,3361.8,258.0
2025-06-03 06:55:00,3361.82,3363.35,3360.66,3361.02,285.0
2025-06-03 07:00:00,3361.14,3364.69,3361.14,3363.7,295.0
2025-06-03 07:05:00,3363.7,3364.96,3363.42,3364.53,273.0
2025-06-03 07:10:00,3364.66,3364.84,3362.66,3363.51,239.0
2025-06-03 07:15:00,3363.41,3364.83,3362.99,3363.08,231.0
2025-06-03 07:20:00,3363.06,3365.15,3361.85,3363.97,277.0
2025-06-03 07:25:00,3363.95,3363.95,3361.08,3362.8,248.0
2025-06-03 07:30:00,3362.82,3363.07,3360.24,3361.27,312.0
2025-06-03 07:35:00,3361.16,3361.91,3359.29,3360.16,305.0
2025-06-03 07:40:00,3360.16,3362.54,3360.12,3362.5,278.0
2025-06-03 07:45:00,3362.37,3363.7,3361.64,3363.18,255.0
2025-06-03 07:50:00,3363.25,3363.67,3361.31,3361.77,263.0
2025-06-03 07:55:00,3361.89,3363.1,3361.28,3362.74,250.0
2025-06-03 08:00:00,3362.78,3363.46,3361.04,3362.0,263.0
2025-06-03 08:05:00,3362.0,3363.17,3361.93,3362.5,269.0
2025-06-03 08:10:00,3362.49,3363.41,3361.83,3362.26,277.0
2025-06-03 08:15:00,3362.29,3362.86,3361.2,3362.32,268.0
2025-06-03 08:20:00,3362.31,3364.18,3362.08,3363.01,266.0
2025-06-03 08:25:00,3362.94,3363.89,3358.97,3359.07,337.0
2025-06-03 08:30:00,3359.07,3360.3,3357.8,3358.56,354.0
2025-06-03 08:35:00,3358.59,3359.64,3356.39,3359.55,328.0
2025-06-03 08:40:00,3359.57,3362.11,3359.39,3360.78,304.0
2025-06-03 08:45:00,3360.8,3365.71,3360.08,3364.88,372.0
2025-06-03 08:50:00,3364.9,3367.67,3364.81,3365.82,345.0
2025-06-03 08:55:00,3365.91,3366.55,3364.65,3364.97,337.0
2025-06-03 09:00:00,3364.94,3367.28,3364.81,3365.28,331.0
2025-06-03 09:05:00,3365.25,3365.26,3362.45,3362.63,320.0
2025-06-03 09:10:00,3362.6,3362.6,3359.28,3361.94,373.0
2025-06-03 09:15:00,3361.99,3364.9,3361.61,3364.82,324.0
2025-06-03 09:20:00,3364.75,3365.99,3363.59,3364.54,356.0
2025-06-03 09:25:00,3364.54,3364.67,3363.5,3363.98,283.0
2025-06-03 09:30:00,3364.29,3364.83,3360.68,3360.81,294.0
2025-06-03 09:35:00,3360.82,3361.73,3358.73,3359.38,364.0
2025-06-03 09:40:00,3359.32,3359.39,3352.15,3355.55,394.0
2025-06-03 09:45:00,3355.51,3356.6,3351.24,3354.1,387.0
2025-06-03 09:50:00,3353.48,3357.2,3353.06,3357.2,359.0
2025-06-03 09:55:00,3357.16,3359.59,3357.04,3358.85,352.0
2025-06-03 10:00:00,3358.38,3361.22,3354.65,3355.31,374.0
2025-06-03 10:05:00,3355.21,3355.53,3353.08,3353.28,342.0
2025-06-03 10:10:00,3353.43,3356.15,3352.55,3354.65,373.0
2025-06-03 10:15:00,3354.19,3358.21,3353.47,3357.84,379.0
2025-06-03 10:20:00,3357.89,3358.67,3355.7,3358.16,361.0
2025-06-03 10:25:00,3358.17,3360.29,3357.05,3357.05,364.0
2025-06-03 10:30:00,3357.04,3357.15,3354.21,3356.17,352.0
2025-06-03 10:35:00,3356.07,3356.38,3355.25,3355.7,323.0
2025-06-03 10:40:00,3355.69,3358.86,3355.64,3358.79,310.0
2025-06-03 10:45:00,3358.78,3359.69,3357.75,3358.3,324.0
2025-06-03 10:50:00,3358.19,3359.13,3357.99,3358.5,293.0
2025-06-03 10:55:00,3358.56,3359.64,3357.73,3359.63,338.0
2025-06-03 11:00:00,3359.7,3362.22,3359.7,3361.99,337.0
2025-06-03 11:05:00,3362.15,3364.83,3361.54,3361.87,357.0
2025-06-03 11:10:00,3361.84,3363.75,3361.64,3363.6,335.0
2025-06-03 11:15:00,3363.57,3364.44,3362.79,3363.82,337.0
2025-06-03 11:20:00,3363.84,3363.89,3362.41,3362.63,305.0
2025-06-03 11:25:00,3362.58,3363.23,3361.81,3361.81,303.0
2025-06-03 11:30:00,3361.7,3364.23,3361.64,3363.64,324.0
2025-06-03 11:35:00,3363.44,3363.96,3362.49,3362.72,289.0
2025-06-03 11:40:00,3362.73,3362.73,3360.42,3360.42,299.0
2025-06-03 11:45:00,3360.47,3362.07,3360.27,3361.75,277.0
2025-06-03 11:50:00,3361.79,3362.62,3361.23,3362.52,267.0
2025-06-03 11:55:00,3362.49,3362.69,3359.87,3361.15,275.0
2025-06-03 12:00:00,3360.95,3362.65,3360.42,3361.62,281.0
2025-06-03 12:05:00,3361.37,3361.51,3359.36,3359.36,321.0
2025-06-03 12:10:00,3359.34,3360.9,3358.42,3359.3,336.0
2025-06-03 12:15:00,3359.29,3360.24,3357.71,3358.61,323.0
2025-06-03 12:20:00,3358.67,3360.83,3358.65,3359.89,334.0
2025-06-03 12:25:00,3359.9,3360.28,3358.95,3359.07,260.0
2025-06-03 12:30:00,3359.0,3359.03,3354.99,3358.3,326.0
2025-06-03 12:35:00,3358.47,3358.86,3357.58,3358.86,274.0
2025-06-03 12:40:00,3358.86,3360.51,3358.74,3360.01,286.0
2025-06-03 12:45:00,3360.02,3360.56,3358.74,3358.92,259.0
2025-06-03 12:50:00,3358.84,3359.25,3356.49,3356.52,262.0
2025-06-03 12:55:00,3356.28,3356.91,3355.61,3356.83,275.0
2025-06-03 13:00:00,3356.87,3357.72,3356.16,3357.01,278.0
2025-06-03 13:05:00,3356.91,3356.92,3355.28,3356.33,301.0
2025-06-03 13:10:00,3356.41,3358.21,3355.83,3357.44,277.0
2025-06-03 13:15:00,3357.38,3357.48,3355.81,3356.03,268.0
2025-06-03 13:20:00,3355.96,3356.69,3355.05,3356.37,247.0
2025-06-03 13:25:00,3356.36,3358.08,3356.26,3357.86,255.0
2025-06-03 13:30:00,3357.92,3358.3,3356.96,3357.4,282.0
2025-06-03 13:35:00,3357.39,3358.04,3357.17,3357.35,286.0
2025-06-03 13:40:00,3357.32,3358.64,3357.24,3357.36,259.0
2025-06-03 13:45:00,3357.39,3357.39,3356.14,3356.49,277.0
2025-06-03 13:50:00,3356.46,3356.53,3355.07,3356.15,299.0
2025-06-03 13:55:00,3356.17,3356.36,3354.95,3355.5,296.0
2025-06-03 14:00:00,3355.56,3357.33,3355.33,3356.71,296.0
2025-06-03 14:05:00,3356.72,3357.27,3355.45,3355.69,299.0
2025-06-03 14:10:00,3355.62,3357.22,3353.59,3357.14,322.0
2025-06-03 14:15:00,3357.15,3357.72,3356.63,3357.42,273.0
2025-06-03 14:20:00,3357.36,3357.36,3355.98,3356.98,270.0
2025-06-03 14:25:00,3357.04,3358.61,3356.3,3356.95,329.0
2025-06-03 14:30:00,3357.14,3358.89,3356.54,3358.83,315.0
2025-06-03 14:35:00,3358.87,3359.74,3358.46,3359.05,296.0
2025-06-03 14:40:00,3359.06,3359.27,3357.99,3357.99,227.0
2025-06-03 14:45:00,3357.74,3359.33,3357.74,3358.99,252.0
2025-06-03 14:50:00,3358.99,3360.51,3358.45,3359.45,282.0
2025-06-03 14:55:00,3359.42,3359.61,3358.72,3359.3,293.0
2025-06-03 15:00:00,3359.38,3359.91,3356.1,3356.23,340.0
2025-06-03 15:05:00,3356.26,3356.26,3350.35,3354.7,372.0
2025-06-03 15:10:00,3354.68,3355.06,3352.13,3353.39,360.0
2025-06-03 15:15:00,3352.88,3353.96,3350.45,3351.25,371.0
2025-06-03 15:20:00,3351.27,3353.75,3349.08,3353.38,392.0
2025-06-03 15:25:00,3353.27,3355.63,3353.27,3354.73,368.0
2025-06-03 15:30:00,3354.4,3356.24,3353.12,3353.77,324.0
2025-06-03 15:35:00,3353.79,3358.99,3353.36,3358.86,358.0
2025-06-03 15:40:00,3358.92,3362.99,3358.01,3361.47,397.0
2025-06-03 15:45:00,3361.37,3362.94,3359.17,3360.33,379.0
2025-06-03 15:50:00,3360.24,3360.27,3357.75,3358.72,343.0
2025-06-03 15:55:00,3358.64,3360.31,3358.01,3359.37,344.0
2025-06-03 16:00:00,3359.61,3361.65,3357.23,3361.08,383.0
2025-06-03 16:05:00,3361.09,3363.13,3360.59,3361.46,358.0
2025-06-03 16:10:00,3361.33,3361.93,3358.81,3360.05,363.0
2025-06-03 16:15:00,3360.05,3361.46,3359.39,3360.18,335.0
2025-06-03 16:20:00,3360.3,3361.49,3359.66,3361.25,331.0
2025-06-03 16:25:00,3361.16,3362.06,3358.01,3359.46,323.0
2025-06-03 16:30:00,3358.97,3359.21,3352.25,3354.48,442.0
2025-06-03 16:35:00,3354.38,3356.69,3352.0,3353.4,409.0
2025-06-03 16:40:00,3353.67,3353.67,3349.17,3352.04,430.0
2025-06-03 16:45:00,3352.02,3352.02,3341.85,3344.09,451.0
2025-06-03 16:50:00,3344.08,3347.06,3341.1,3343.28,425.0
2025-06-03 16:55:00,3343.27,3345.9,3343.27,3345.8,365.0
2025-06-03 17:00:00,3345.51,3345.75,3334.73,3336.46,455.0
2025-06-03 17:05:00,3335.84,3339.57,3333.2,3338.78,471.0
2025-06-03 17:10:00,3338.74,3341.5,3338.74,3338.97,420.0
2025-06-03 17:15:00,3338.73,3341.91,3337.02,3340.17,403.0
2025-06-03 17:20:00,3340.04,3344.74,3339.49,3343.58,401.0
2025-06-03 17:25:00,3343.08,3346.57,3342.72,3346.39,400.0
2025-06-03 17:30:00,3346.39,3347.84,3345.28,3345.38,411.0
2025-06-03 17:35:00,3345.4,3349.48,3345.32,3347.69,381.0
2025-06-03 17:40:00,3347.63,3350.13,3347.63,3349.77,362.0
2025-06-03 17:45:00,3349.79,3349.79,3346.03,3346.21,384.0
2025-06-03 17:50:00,3346.04,3348.68,3345.12,3348.56,371.0
2025-06-03 17:55:00,3348.55,3349.32,3346.41,3346.52,355.0
2025-06-03 18:00:00,3346.43,3347.12,3344.52,3344.75,371.0
2025-06-03 18:05:00,3344.76,3346.71,3344.09,3344.73,364.0
2025-06-03 18:10:00,3344.72,3349.21,3344.52,3349.21,345.0
2025-06-03 18:15:00,3349.18,3350.29,3347.14,3348.32,345.0
2025-06-03 18:20:00,3348.3,3348.73,3346.2,3347.27,343.0
2025-06-03 18:25:00,3347.31,3349.85,3347.31,3349.84,328.0
2025-06-03 18:30:00,3349.66,3351.3,3348.27,3349.79,350.0
2025-06-03 18:35:00,3349.71,3351.54,3349.22,3350.33,338.0
2025-06-03 18:40:00,3350.52,3350.64,3349.06,3350.48,343.0
2025-06-03 18:45:00,3350.38,3351.0,3346.79,3346.99,372.0
2025-06-03 18:50:00,3347.19,3349.75,3347.1,3349.23,353.0
2025-06-03 18:55:00,3349.26,3350.25,3349.25,3350.2,316.0
2025-06-03 19:00:00,3350.3,3350.63,3348.21,3348.79,322.0
2025-06-03 19:05:00,3348.73,3352.04,3348.28,3351.87,352.0
2025-06-03 19:10:00,3351.98,3353.51,3350.54,3350.55,361.0
2025-06-03 19:15:00,3350.56,3350.56,3348.3,3348.5,322.0
2025-06-03 19:20:00,3348.46,3350.09,3348.41,3349.46,302.0
2025-06-03 19:25:00,3349.47,3350.37,3349.02,3349.15,305.0
2025-06-03 19:30:00,3349.06,3349.36,3346.34,3346.74,330.0
2025-06-03 19:35:00,3346.78,3347.63,3346.54,3347.42,297.0
2025-06-03 19:40:00,3347.42,3348.82,3347.05,3347.28,301.0
2025-06-03 19:45:00,3347.27,3347.27,3344.72,3346.42,329.0
2025-06-03 19:50:00,3346.45,3347.39,3345.45,3347.34,291.0
2025-06-03 19:55:00,3347.33,3348.44,3347.01,3348.44,296.0
2025-06-03 20:00:00,3348.37,3349.77,3347.4,3348.16,300.0
2025-06-03 20:05:00,3348.24,3350.68,3348.07,3350.5,290.0
2025-06-03 20:10:00,3350.47,3351.57,3350.24,3350.96,298.0
2025-06-03 20:15:00,3350.96,3351.96,3350.05,3351.76,291.0
2025-06-03 20:20:00,3351.8,3353.33,3351.44,3352.87,308.0
2025-06-03 20:25:00,3352.82,3353.62,3350.71,3353.51,368.0
2025-06-03 20:30:00,3353.49,3353.93,3352.63,3352.77,275.0
2025-06-03 20:35:00,3352.86,3354.59,3352.83,3353.97,300.0
2025-06-03 20:40:00,3353.97,3354.31,3353.34,3353.35,286.0
2025-06-03 20:45:00,3353.42,3353.56,3352.97,3353.44,248.0
2025-06-03 20:50:00,3353.48,3353.53,3352.22,3352.86,268.0
2025-06-03 20:55:00,3352.89,3353.36,3352.33,3353.17,285.0
2025-06-03 21:00:00,3353.2,3353.43,3352.63,3352.94,266.0
2025-06-03 21:05:00,3352.93,3353.8,3352.57,3352.71,187.0
2025-06-03 21:10:00,3352.72,3352.72,3350.76,3350.95,285.0
2025-06-03 21:15:00,3350.95,3352.12,3350.47,3352.1,258.0
2025-06-03 21:20:00,3352.18,3352.6,3351.31,3352.42,239.0
2025-06-03 21:25:00,3352.39,3352.92,3352.22,3352.51,265.0
2025-06-03 21:30:00,3352.49,3352.51,3351.14,3351.92,235.0
2025-06-03 21:35:00,3351.92,3352.28,3351.29,3352.16,197.0
2025-06-03 21:40:00,3352.16,3352.55,3351.57,3351.78,230.0
2025-06-03 21:45:00,3351.76,3352.57,3351.44,3352.31,238.0
2025-06-03 21:50:00,3352.38,3352.63,3352.06,3352.43,241.0
2025-06-03 21:55:00,3352.36,3353.57,3352.0,3353.55,245.0
2025-06-03 22:00:00,3353.58,3354.84,3353.58,3354.41,265.0
2025-06-03 22:05:00,3354.31,3355.48,3353.8,3355.22,258.0
2025-06-03 22:10:00,3355.22,3355.41,3354.32,3354.44,229.0
2025-06-03 22:15:00,3354.47,3354.61,3353.09,3353.32,203.0
2025-06-03 22:20:00,3353.29,3353.88,3353.06,3353.69,204.0
2025-06-03 22:25:00,3353.53,3354.17,3353.11,3353.15,238.0
2025-06-03 22:30:00,3353.13,3353.96,3352.7,3353.96,234.0
2025-06-03 22:35:00,3353.97,3354.41,3353.69,3354.12,201.0
2025-06-03 22:40:00,3353.99,3355.38,3353.84,3354.97,243.0
2025-06-03 22:45:00,3354.9,3355.07,3353.46,3353.46,245.0
2025-06-03 22:50:00,3353.5,3353.61,3351.66,3352.0,282.0
2025-06-03 22:55:00,3351.93,3352.59,3351.27,3352.59,297.0
2025-06-03 23:00:00,3352.69,3353.72,3352.52,3353.48,212.0
2025-06-03 23:05:00,3353.49,3353.79,3352.79,3353.19,150.0
2025-06-03 23:10:00,3353.2,3353.59,3352.99,3353.29,97.0
2025-06-03 23:15:00,3353.29,3353.55,3352.77,3353.48,138.0
2025-06-03 23:20:00,3353.48,3353.53,3353.25,3353.45,104.0
2025-06-03 23:25:00,3353.34,3354.28,3353.31,3353.92,155.0
2025-06-03 23:30:00,3353.92,3355.28,3353.92,3354.35,149.0
2025-06-03 23:35:00,3354.39,3354.64,3353.9,3354.13,126.0
2025-06-03 23:40:00,3354.11,3354.11,3353.27,3353.55,102.0
2025-06-03 23:45:00,3353.54,3353.79,3353.29,3353.3,111.0
2025-06-03 23:50:00,3353.3,3354.36,3353.2,3354.06,114.0
2025-06-03 23:55:00,3353.68,3353.96,3353.16,3353.3,122.0
2025-06-04 01:00:00,3354.69,3357.05,3354.53,3356.7,234.0
2025-06-04 01:05:00,3356.71,3357.07,3355.99,3356.13,125.0
2025-06-04 01:10:00,3356.15,3356.44,3355.7,3356.44,141.0
2025-06-04 01:15:00,3356.36,3357.04,3356.2,3356.98,143.0
2025-06-04 01:20:00,3356.98,3358.06,3356.95,3357.62,171.0
2025-06-04 01:25:00,3357.62,3357.99,3357.27,3357.67,127.0
2025-06-04 01:30:00,3357.58,3358.11,3357.26,3357.84,127.0
2025-06-04 01:35:00,3357.85,3358.29,3357.52,3357.88,123.0
2025-06-04 01:40:00,3357.97,3358.54,3357.65,3358.21,115.0
2025-06-04 01:45:00,3358.23,3358.39,3357.92,3357.92,80.0
2025-06-04 01:50:00,3358.04,3358.11,3357.23,3357.34,69.0
2025-06-04 01:55:00,3357.31,3357.57,3357.15,3357.17,65.0
2025-06-04 02:00:00,3357.17,3358.12,3357.03,3357.67,120.0
2025-06-04 02:05:00,3357.68,3359.35,3357.68,3359.35,140.0
2025-06-04 02:10:00,3359.42,3360.6,3359.42,3360.36,174.0
2025-06-04 02:15:00,3360.36,3361.61,3359.84,3360.27,175.0
2025-06-04 02:20:00,3360.3,3360.38,3357.9,3358.38,162.0
2025-06-04 02:25:00,3358.32,3358.73,3357.6,3358.57,132.0
2025-06-04 02:30:00,3358.56,3359.32,3358.48,3358.86,113.0
2025-06-04 02:35:00,3358.68,3359.22,3356.93,3357.17,127.0
2025-06-04 02:40:00,3357.24,3359.41,3355.36,3359.31,247.0
2025-06-04 02:45:00,3359.31,3360.25,3358.68,3359.64,248.0
2025-06-04 02:50:00,3359.63,3359.95,3358.43,3359.1,311.0
2025-06-04 02:55:00,3359.09,3360.02,3358.69,3359.99,277.0
2025-06-04 03:00:00,3360.06,3360.08,3356.15,3356.15,352.0
2025-06-04 03:05:00,3356.16,3356.17,3353.1,3353.28,393.0
2025-06-04 03:10:00,3352.94,3353.88,3351.86,3353.88,375.0
2025-06-04 03:15:00,3353.89,3358.98,3353.84,3358.56,366.0
2025-06-04 03:20:00,3358.6,3359.05,3355.93,3356.17,400.0
2025-06-04 03:25:00,3356.16,3358.07,3356.16,3357.47,302.0
2025-06-04 03:30:00,3357.46,3357.81,3354.53,3355.26,301.0
2025-06-04 03:35:00,3355.29,3356.11,3353.08,3353.13,286.0
2025-06-04 03:40:00,3353.32,3354.03,3351.12,3353.57,409.0
2025-06-04 03:45:00,3353.41,3353.88,3351.34,3353.64,349.0
2025-06-04 03:50:00,3353.54,3355.13,3350.64,3351.64,416.0
2025-06-04 03:55:00,3351.52,3352.2,3349.84,3350.26,412.0
2025-06-04 04:00:00,3350.27,3354.76,3346.56,3354.76,488.0
2025-06-04 04:05:00,3354.87,3355.46,3352.85,3354.79,401.0
2025-06-04 04:10:00,3355.2,3358.14,3354.51,3358.11,387.0
2025-06-04 04:15:00,3357.95,3361.38,3357.03,3361.37,419.0
2025-06-04 04:20:00,3361.37,3363.93,3360.73,3363.53,447.0
2025-06-04 04:25:00,3363.57,3364.13,3362.52,3363.59,309.0
2025-06-04 04:30:00,3363.6,3367.31,3362.69,3367.15,418.0
2025-06-04 04:35:00,3367.19,3369.61,3366.03,3369.34,445.0
2025-06-04 04:40:00,3369.26,3369.47,3366.64,3367.04,423.0
2025-06-04 04:45:00,3367.13,3369.43,3366.45,3368.9,403.0
2025-06-04 04:50:00,3368.97,3370.66,3367.96,3370.35,419.0
2025-06-04 04:55:00,3370.29,3372.27,3369.22,3370.73,438.0
2025-06-04 05:00:00,3370.85,3372.41,3369.67,3371.86,366.0
2025-06-04 05:05:00,3371.65,3372.45,3370.2,3370.69,354.0
2025-06-04 05:10:00,3370.86,3372.62,3369.77,3372.24,347.0
2025-06-04 05:15:00,3372.26,3372.37,3370.0,3370.0,281.0
2025-06-04 05:20:00,3370.11,3370.31,3368.84,3369.52,307.0
2025-06-04 05:25:00,3369.53,3370.25,3368.46,3368.9,271.0
2025-06-04 05:30:00,3368.97,3368.97,3365.65,3365.99,353.0
2025-06-04 05:35:00,3365.97,3366.5,3364.48,3365.75,389.0
2025-06-04 05:40:00,3365.4,3366.35,3363.06,3366.28,383.0
2025-06-04 05:45:00,3366.07,3366.14,3364.47,3364.69,331.0
2025-06-04 05:50:00,3364.76,3367.1,3364.57,3367.1,319.0
2025-06-04 05:55:00,3367.18,3368.07,3365.38,3365.58,368.0
2025-06-04 06:00:00,3365.53,3366.39,3364.23,3365.0,320.0
2025-06-04 06:05:00,3365.05,3366.8,3364.4,3365.58,320.0
2025-06-04 06:10:00,3365.52,3365.7,3364.07,3364.27,297.0
2025-06-04 06:15:00,3364.18,3365.23,3363.31,3365.12,275.0
2025-06-04 06:20:00,3365.17,3366.52,3364.63,3366.45,307.0
2025-06-04 06:25:00,3366.45,3367.42,3365.39,3365.74,307.0
2025-06-04 06:30:00,3366.02,3366.02,3361.1,3361.81,399.0
2025-06-04 06:35:00,3361.86,3362.44,3360.49,3360.75,367.0
2025-06-04 06:40:00,3360.74,3361.74,3360.32,3360.37,358.0
2025-06-04 06:45:00,3360.37,3360.37,3358.33,3360.11,318.0
2025-06-04 06:50:00,3360.09,3361.43,3359.72,3360.06,335.0
2025-06-04 06:55:00,3360.06,3360.41,3358.96,3359.16,307.0
2025-06-04 07:00:00,3359.14,3360.04,3356.98,3359.61,337.0
2025-06-04 07:05:00,3359.66,3360.66,3358.04,3359.42,351.0
2025-06-04 07:10:00,3359.43,3360.9,3358.78,3358.91,332.0
2025-06-04 07:15:00,3358.89,3359.7,3357.39,3358.54,340.0
2025-06-04 07:20:00,3358.53,3360.13,3357.68,3360.03,383.0
2025-06-04 07:25:00,3360.03,3361.38,3359.73,3360.05,308.0
2025-06-04 07:30:00,3360.06,3360.61,3358.89,3359.01,272.0
2025-06-04 07:35:00,3359.09,3359.19,3358.28,3358.6,287.0
2025-06-04 07:40:00,3358.6,3358.65,3354.56,3355.08,389.0
2025-06-04 07:45:00,3355.1,3355.7,3353.16,3354.95,353.0
2025-06-04 07:50:00,3354.76,3354.76,3353.0,3353.39,315.0
2025-06-04 07:55:00,3353.16,3355.09,3352.47,3354.8,335.0
2025-06-04 08:00:00,3354.81,3356.46,3351.56,3351.69,394.0
2025-06-04 08:05:00,3351.7,3355.02,3351.51,3354.88,314.0
2025-06-04 08:10:00,3354.88,3355.06,3353.94,3354.76,257.0
2025-06-04 08:15:00,3354.72,3354.74,3352.79,3352.82,252.0
2025-06-04 08:20:00,3352.8,3353.21,3351.19,3351.76,299.0
2025-06-04 08:25:00,3351.7,3351.98,3349.54,3351.63,364.0
2025-06-04 08:30:00,3351.52,3354.37,3349.76,3351.02,501.0
2025-06-04 08:35:00,3351.0,3351.5,3348.03,3348.2,443.0
2025-06-04 08:40:00,3348.28,3354.23,3348.04,3353.13,445.0
2025-06-04 08:45:00,3353.05,3354.19,3351.22,3351.22,374.0
2025-06-04 08:50:00,3351.22,3352.6,3348.84,3350.88,397.0
2025-06-04 08:55:00,3350.75,3352.8,3350.16,3351.04,400.0
2025-06-04 09:00:00,3351.04,3353.15,3350.54,3352.42,415.0
2025-06-04 09:05:00,3352.5,3352.55,3349.0,3351.46,395.0
2025-06-04 09:10:00,3351.45,3353.96,3350.85,3352.55,384.0
2025-06-04 09:15:00,3352.57,3355.1,3350.72,3352.54,414.0
2025-06-04 09:20:00,3352.62,3354.61,3352.15,3353.03,368.0
2025-06-04 09:25:00,3353.04,3355.43,3351.72,3355.43,382.0
2025-06-04 09:30:00,3355.62,3357.05,3354.87,3355.99,399.0
2025-06-04 09:35:00,3355.99,3357.44,3355.6,3356.26,348.0
2025-06-04 09:40:00,3356.26,3358.28,3355.53,3356.25,394.0
2025-06-04 09:45:00,3356.18,3358.41,3356.01,3357.58,334.0
2025-06-04 09:50:00,3357.59,3357.77,3356.3,3356.64,318.0
2025-06-04 09:55:00,3356.6,3356.6,3354.56,3355.69,372.0
2025-06-04 10:00:00,3355.8,3358.83,3355.72,3358.66,384.0
2025-06-04 10:05:00,3358.66,3362.48,3358.58,3361.58,431.0
2025-06-04 10:10:00,3362.16,3362.87,3359.75,3359.79,376.0
2025-06-04 10:15:00,3359.89,3360.45,3358.89,3359.45,363.0
2025-06-04 10:20:00,3359.45,3360.46,3358.8,3359.37,369.0
2025-06-04 10:25:00,3359.25,3361.71,3358.65,3361.42,333.0
2025-06-04 10:30:00,3361.4,3364.6,3361.4,3363.62,342.0
2025-06-04 10:35:00,3363.57,3365.28,3361.47,3361.5,362.0
2025-06-04 10:40:00,3361.5,3361.76,3359.87,3360.54,311.0
2025-06-04 10:45:00,3360.52,3361.51,3358.49,3358.71,304.0
2025-06-04 10:50:00,3358.77,3359.57,3356.76,3357.22,352.0
2025-06-04 10:55:00,3357.23,3357.26,3353.68,3354.63,496.0
2025-06-04 11:00:00,3354.49,3355.63,3353.13,3354.87,471.0
2025-06-04 11:05:00,3354.85,3355.44,3351.8,3355.44,401.0
2025-06-04 11:10:00,3355.46,3357.28,3355.09,3355.71,437.0
2025-06-04 11:15:00,3355.71,3356.11,3354.01,3355.45,355.0
2025-06-04 11:20:00,3355.44,3356.74,3354.42,3354.66,326.0
2025-06-04 11:25:00,3354.69,3355.18,3353.91,3355.08,246.0
2025-06-04 11:30:00,3355.14,3357.03,3355.09,3355.57,288.0
2025-06-04 11:35:00,3355.57,3357.4,3355.33,3357.23,284.0
2025-06-04 11:40:00,3357.31,3360.23,3356.81,3360.13,390.0
2025-06-04 11:45:00,3360.13,3361.87,3360.13,3361.3,398.0
2025-06-04 11:50:00,3361.33,3363.16,3360.93,3362.65,404.0
2025-06-04 11:55:00,3362.65,3364.24,3362.0,3362.76,407.0
2025-06-04 12:00:00,3362.82,3363.65,3362.13,3362.53,381.0
2025-06-04 12:05:00,3362.69,3363.87,3361.57,3363.78,367.0
2025-06-04 12:10:00,3363.77,3364.32,3360.77,3361.31,362.0
2025-06-04 12:15:00,3361.32,3362.53,3361.23,3361.55,377.0
2025-06-04 12:20:00,3361.58,3363.34,3361.02,3362.91,282.0
2025-06-04 12:25:00,3362.9,3364.95,3362.82,3364.37,367.0
2025-06-04 12:30:00,3364.45,3364.64,3362.34,3362.68,345.0
2025-06-04 12:35:00,3362.7,3362.92,3361.23,3361.43,288.0
2025-06-04 12:40:00,3361.53,3362.01,3360.2,3361.77,319.0
2025-06-04 12:45:00,3361.71,3361.8,3359.37,3360.03,277.0
2025-06-04 12:50:00,3360.03,3362.09,3359.63,3361.88,308.0
2025-06-04 12:55:00,3361.92,3364.57,3361.92,3362.95,351.0
2025-06-04 13:00:00,3362.8,3363.48,3361.17,3363.21,344.0
2025-06-04 13:05:00,3363.21,3363.88,3360.64,3360.76,309.0
2025-06-04 13:10:00,3360.84,3360.84,3358.57,3359.76,324.0
2025-06-04 13:15:00,3359.73,3360.47,3359.22,3359.77,281.0
2025-06-04 13:20:00,3359.76,3360.44,3358.63,3358.66,255.0
2025-06-04 13:25:00,3358.68,3358.85,3357.61,3358.3,246.0
2025-06-04 13:30:00,3358.3,3358.9,3356.92,3357.81,340.0
2025-06-04 13:35:00,3357.81,3358.69,3356.49,3357.41,307.0
2025-06-04 13:40:00,3357.43,3357.43,3354.15,3354.52,320.0
2025-06-04 13:45:00,3354.46,3354.46,3349.83,3351.53,464.0
2025-06-04 13:50:00,3351.53,3351.67,3347.37,3350.63,468.0
2025-06-04 13:55:00,3350.7,3351.68,3349.56,3350.97,347.0
2025-06-04 14:00:00,3350.91,3351.99,3349.74,3349.87,318.0
2025-06-04 14:05:00,3349.81,3350.91,3349.24,3350.54,301.0
2025-06-04 14:10:00,3350.55,3351.56,3349.27,3350.53,299.0
2025-06-04 14:15:00,3350.72,3351.46,3349.38,3351.4,343.0
2025-06-04 14:20:00,3351.43,3351.43,3346.91,3349.16,405.0
2025-06-04 14:25:00,3349.13,3349.55,3343.8,3346.71,411.0
2025-06-04 14:30:00,3346.67,3348.4,3344.3,3347.58,404.0
2025-06-04 14:35:00,3347.59,3348.42,3346.84,3347.69,335.0
2025-06-04 14:40:00,3347.7,3349.61,3347.68,3349.61,332.0
2025-06-04 14:45:00,3349.65,3349.91,3347.83,3348.25,307.0
2025-06-04 14:50:00,3348.42,3350.54,3347.57,3347.71,332.0
2025-06-04 14:55:00,3347.65,3348.06,3345.21,3346.57,338.0
2025-06-04 15:00:00,3346.62,3347.57,3345.8,3346.27,407.0
2025-06-04 15:05:00,3346.45,3349.28,3346.45,3348.86,346.0
2025-06-04 15:10:00,3349.06,3349.77,3347.42,3347.97,329.0
2025-06-04 15:15:00,3348.22,3354.73,3348.22,3351.3,508.0
2025-06-04 15:20:00,3351.32,3355.59,3351.19,3354.36,507.0
2025-06-04 15:25:00,3354.42,3354.6,3344.39,3349.71,473.0
2025-06-04 15:30:00,3350.24,3355.27,3349.32,3354.51,478.0
2025-06-04 15:35:00,3354.63,3356.33,3352.37,3352.75,482.0
2025-06-04 15:40:00,3352.74,3355.94,3352.46,3355.94,465.0
2025-06-04 15:45:00,3355.81,3360.65,3355.26,3359.16,494.0
2025-06-04 15:50:00,3359.15,3360.86,3356.47,3357.67,453.0
2025-06-04 15:55:00,3357.73,3359.6,3357.25,3358.83,418.0
2025-06-04 16:00:00,3358.92,3360.41,3356.59,3360.09,479.0
2025-06-04 16:05:00,3360.1,3362.67,3359.99,3360.61,421.0
2025-06-04 16:10:00,3360.57,3361.77,3358.48,3358.53,417.0
2025-06-04 16:15:00,3358.52,3359.49,3356.93,3359.18,409.0
2025-06-04 16:20:00,3359.18,3360.16,3355.44,3357.72,426.0
2025-06-04 16:25:00,3357.88,3358.19,3355.08,3357.95,397.0
2025-06-04 16:30:00,3358.2,3359.27,3352.08,3354.88,490.0
2025-06-04 16:35:00,3354.85,3355.75,3352.1,3355.55,468.0
2025-06-04 16:40:00,3355.68,3356.7,3351.23,3352.81,440.0
2025-06-04 16:45:00,3352.78,3354.05,3351.16,3352.2,415.0
2025-06-04 16:50:00,3352.28,3355.33,3350.85,3353.47,452.0
2025-06-04 16:55:00,3353.49,3353.75,3351.83,3352.55,394.0
2025-06-04 17:00:00,3353.59,3358.93,3351.17,3358.45,525.0
2025-06-04 17:05:00,3358.27,3365.72,3356.43,3364.48,546.0
2025-06-04 17:10:00,3364.94,3367.43,3363.15,3366.77,541.0
2025-06-04 17:15:00,3366.85,3369.15,3364.42,3365.53,505.0
2025-06-04 17:20:00,3365.63,3367.04,3364.04,3366.56,462.0
2025-06-04 17:25:00,3366.51,3369.57,3363.99,3369.32,463.0
2025-06-04 17:30:00,3369.23,3373.77,3368.74,3372.79,495.0
2025-06-04 17:35:00,3372.12,3379.37,3372.12,3378.67,503.0
2025-06-04 17:40:00,3378.6,3384.65,3378.57,3382.78,522.0
2025-06-04 17:45:00,3382.69,3383.39,3381.31,3382.72,459.0
2025-06-04 17:50:00,3382.76,3383.58,3379.71,3380.55,469.0
2025-06-04 17:55:00,3380.61,3380.89,3375.76,3377.47,490.0
2025-06-04 18:00:00,3377.3,3378.97,3373.87,3375.29,482.0
2025-06-04 18:05:00,3375.21,3376.92,3374.72,3376.38,439.0
2025-06-04 18:10:00,3376.33,3376.93,3371.87,3372.63,486.0
2025-06-04 18:15:00,3372.62,3374.28,3370.49,3372.9,466.0
2025-06-04 18:20:00,3372.9,3373.95,3372.28,3372.61,462.0
2025-06-04 18:25:00,3372.57,3374.75,3371.46,3374.17,444.0
2025-06-04 18:30:00,3374.26,3374.87,3372.85,3373.01,418.0
2025-06-04 18:35:00,3372.95,3373.04,3369.73,3370.29,398.0
2025-06-04 18:40:00,3370.23,3373.51,3370.22,3373.48,395.0
2025-06-04 18:45:00,3373.47,3374.5,3372.44,3373.62,401.0
2025-06-04 18:50:00,3373.62,3374.25,3372.06,3372.37,359.0
2025-06-04 18:55:00,3372.25,3372.86,3370.71,3371.73,352.0
2025-06-04 19:00:00,3371.97,3374.95,3371.7,3374.07,382.0
2025-06-04 19:05:00,3374.17,3374.39,3372.9,3373.2,337.0
2025-06-04 19:10:00,3373.19,3374.38,3370.84,3371.01,379.0
2025-06-04 19:15:00,3370.98,3373.29,3370.82,3372.64,312.0
2025-06-04 19:20:00,3372.63,3373.76,3372.15,3372.85,285.0
2025-06-04 19:25:00,3372.87,3373.68,3372.16,3372.81,296.0
2025-06-04 19:30:00,3373.01,3375.31,3372.92,3374.57,302.0
2025-06-04 19:35:00,3374.43,3375.09,3373.39,3373.69,319.0
2025-06-04 19:40:00,3373.7,3373.88,3372.81,3372.98,307.0
2025-06-04 19:45:00,3373.02,3375.72,3372.45,3375.64,341.0
2025-06-04 19:50:00,3375.65,3376.28,3374.84,3375.49,341.0
2025-06-04 19:55:00,3375.58,3376.06,3374.78,3375.06,304.0
2025-06-04 20:00:00,3374.98,3375.22,3372.96,3373.53,304.0
2025-06-04 20:05:00,3373.53,3375.03,3373.27,3374.55,268.0
2025-06-04 20:10:00,3374.56,3374.92,3373.58,3374.74,256.0
2025-06-04 20:15:00,3374.75,3375.38,3373.87,3375.28,273.0
2025-06-04 20:20:00,3375.37,3376.58,3374.21,3374.25,307.0
2025-06-04 20:25:00,3374.25,3375.24,3373.67,3375.13,327.0
2025-06-04 20:30:00,3375.32,3378.81,3375.3,3378.78,308.0
2025-06-04 20:35:00,3378.78,3380.02,3378.59,3379.84,306.0
2025-06-04 20:40:00,3379.83,3379.9,3378.67,3378.93,323.0
2025-06-04 20:45:00,3379.01,3380.85,3379.01,3379.56,304.0
2025-06-04 20:50:00,3379.55,3380.24,3378.94,3379.73,294.0
2025-06-04 20:55:00,3379.74,3380.12,3378.84,3379.18,230.0
2025-06-04 21:00:00,3379.22,3379.92,3378.06,3379.85,273.0
2025-06-04 21:05:00,3379.86,3382.15,3379.86,3380.46,331.0
2025-06-04 21:10:00,3380.46,3381.65,3380.46,3381.31,262.0
2025-06-04 21:15:00,3381.3,3381.48,3380.62,3380.95,241.0
2025-06-04 21:20:00,3380.86,3380.92,3379.64,3379.82,246.0
2025-06-04 21:25:00,3379.99,3381.12,3379.93,3380.16,270.0
2025-06-04 21:30:00,3380.25,3380.83,3379.65,3379.81,251.0
2025-06-04 21:35:00,3379.85,3380.06,3379.03,3379.11,256.0
2025-06-04 21:40:00,3379.06,3379.07,3375.88,3377.21,307.0
2025-06-04 21:45:00,3377.21,3377.28,3375.16,3375.35,284.0
2025-06-04 21:50:00,3375.36,3375.78,3375.04,3375.72,264.0
2025-06-04 21:55:00,3375.73,3376.3,3375.19,3376.21,230.0
2025-06-04 22:00:00,3376.18,3376.26,3374.36,3374.45,249.0
2025-06-04 22:05:00,3374.41,3374.75,3373.65,3374.33,290.0
2025-06-04 22:10:00,3374.27,3374.41,3373.29,3374.24,269.0
2025-06-04 22:15:00,3374.59,3375.79,3372.97,3373.32,285.0
2025-06-04 22:20:00,3373.16,3373.44,3371.99,3373.24,305.0
2025-06-04 22:25:00,3373.24,3373.25,3372.22,3373.21,258.0
2025-06-04 22:30:00,3373.2,3373.78,3372.7,3373.55,268.0
2025-06-04 22:35:00,3373.54,3374.15,3372.25,3372.25,242.0
2025-06-04 22:40:00,3372.25,3373.01,3371.91,3371.98,245.0
2025-06-04 22:45:00,3372.17,3373.52,3372.17,3372.74,290.0
2025-06-04 22:50:00,3372.79,3373.74,3372.39,3372.87,327.0
2025-06-04 22:55:00,3372.88,3373.73,3372.87,3373.5,346.0
2025-06-04 23:00:00,3373.66,3373.7,3370.74,3372.25,211.0
2025-06-04 23:05:00,3372.25,3374.45,3371.97,3373.1,176.0
2025-06-04 23:10:00,3373.11,3373.17,3372.22,3372.68,139.0
2025-06-04 23:15:00,3372.77,3373.61,3372.42,3372.73,120.0
2025-06-04 23:20:00,3372.72,3372.84,3371.25,3371.42,110.0
2025-06-04 23:25:00,3371.46,3374.06,3371.46,3373.92,141.0
2025-06-04 23:30:00,3373.87,3374.88,3373.55,3374.66,151.0
2025-06-04 23:35:00,3374.65,3375.12,3374.19,3374.97,146.0
2025-06-04 23:40:00,3374.87,3374.87,3373.93,3374.01,115.0
2025-06-04 23:45:00,3374.02,3374.27,3372.75,3373.22,143.0
2025-06-04 23:50:00,3373.06,3373.06,3371.91,3372.64,167.0
2025-06-04 23:55:00,3372.49,3374.18,3372.38,3372.6,169.0
2025-06-05 01:00:00,3373.4,3374.62,3373.28,3374.57,207.0
2025-06-05 01:05:00,3374.57,3374.57,3372.91,3373.42,102.0
2025-06-05 01:10:00,3373.46,3373.93,3373.34,3373.62,66.0
2025-06-05 01:15:00,3373.6,3373.75,3372.83,3373.41,90.0
2025-06-05 01:20:00,3373.37,3374.31,3373.31,3374.02,108.0
2025-06-05 01:25:00,3374.02,3375.25,3373.74,3375.18,109.0
2025-06-05 01:30:00,3375.26,3376.02,3373.01,3373.04,140.0
2025-06-05 01:35:00,3373.05,3373.26,3372.39,3372.65,125.0
2025-06-05 01:40:00,3372.6,3373.99,3372.44,3373.58,115.0
2025-06-05 01:45:00,3373.46,3374.32,3373.46,3374.04,104.0
2025-06-05 01:50:00,3374.04,3374.26,3373.4,3373.64,142.0
2025-06-05 01:55:00,3373.65,3373.97,3373.21,3373.52,124.0
2025-06-05 02:00:00,3373.58,3373.8,3372.75,3373.29,145.0
2025-06-05 02:05:00,3373.4,3373.81,3372.86,3372.88,126.0
2025-06-05 02:10:00,3372.94,3373.38,3372.43,3373.15,156.0
2025-06-05 02:15:00,3373.35,3376.15,3373.2,3376.11,178.0
2025-06-05 02:20:00,3376.13,3378.64,3375.94,3377.27,236.0
2025-06-05 02:25:00,3377.63,3378.99,3377.59,3378.63,162.0
2025-06-05 02:30:00,3378.63,3378.93,3375.84,3376.29,212.0
2025-06-05 02:35:00,3376.29,3376.29,3375.0,3375.32,160.0
2025-06-05 02:40:00,3375.3,3375.65,3374.29,3375.47,175.0
2025-06-05 02:45:00,3375.58,3376.43,3375.2,3375.57,188.0
2025-06-05 02:50:00,3375.53,3377.37,3375.24,3377.08,167.0
2025-06-05 02:55:00,3377.07,3378.65,3376.93,3378.13,206.0
2025-06-05 03:00:00,3378.36,3378.88,3374.66,3374.66,310.0
2025-06-05 03:05:00,3374.87,3378.05,3374.44,3376.19,274.0
2025-06-05 03:10:00,3376.18,3378.19,3375.57,3378.19,263.0
2025-06-05 03:15:00,3378.27,3379.39,3377.37,3378.58,281.0
2025-06-05 03:20:00,3378.52,3381.61,3378.43,3381.32,320.0
2025-06-05 03:25:00,3381.48,3381.67,3380.99,3381.03,233.0
2025-06-05 03:30:00,3380.97,3381.51,3379.55,3379.88,264.0
2025-06-05 03:35:00,3379.87,3381.18,3376.96,3377.0,307.0
2025-06-05 03:40:00,3376.93,3377.26,3373.32,3375.62,413.0
2025-06-05 03:45:00,3375.61,3377.22,3372.61,3377.09,380.0
2025-06-05 03:50:00,3377.21,3379.57,3377.21,3379.35,312.0
2025-06-05 03:55:00,3379.47,3380.34,3378.35,3380.3,276.0
2025-06-05 04:00:00,3380.22,3383.42,3379.14,3383.01,385.0
2025-06-05 04:05:00,3383.09,3384.1,3381.94,3381.99,366.0
2025-06-05 04:10:00,3381.92,3382.26,3379.21,3379.81,349.0
2025-06-05 04:15:00,3379.87,3379.89,3376.9,3377.36,341.0
2025-06-05 04:20:00,3377.33,3377.76,3375.05,3375.67,403.0
2025-06-05 04:25:00,3375.66,3377.83,3374.75,3377.69,384.0
2025-06-05 04:30:00,3377.66,3377.69,3373.86,3373.86,367.0
2025-06-05 04:35:00,3373.85,3375.67,3372.27,3373.76,383.0
2025-06-05 04:40:00,3373.9,3374.41,3372.07,3373.85,320.0
2025-06-05 04:45:00,3373.75,3375.92,3371.74,3373.69,378.0
2025-06-05 04:50:00,3373.69,3373.85,3371.97,3372.13,355.0
2025-06-05 04:55:00,3372.09,3374.26,3370.67,3373.76,371.0
2025-06-05 05:00:00,3373.6,3374.47,3372.29,3373.21,330.0
2025-06-05 05:05:00,3373.2,3375.1,3372.78,3373.09,296.0
2025-06-05 05:10:00,3372.86,3373.09,3369.43,3370.53,329.0
2025-06-05 05:15:00,3370.53,3371.27,3368.35,3369.43,335.0
2025-06-05 05:20:00,3369.52,3370.62,3368.46,3370.33,265.0
2025-06-05 05:25:00,3370.32,3371.76,3370.26,3371.75,249.0
2025-06-05 05:30:00,3372.05,3373.34,3371.39,3372.74,322.0
2025-06-05 05:35:00,3372.85,3373.09,3370.56,3370.95,263.0
2025-06-05 05:40:00,3370.83,3371.25,3368.31,3370.84,346.0
2025-06-05 05:45:00,3370.83,3371.41,3369.49,3371.0,273.0
2025-06-05 05:50:00,3371.0,3371.44,3369.9,3371.37,244.0
2025-06-05 05:55:00,3371.37,3371.72,3370.26,3370.83,254.0
2025-06-05 06:00:00,3370.79,3372.35,3369.88,3371.82,277.0
2025-06-05 06:05:00,3371.83,3372.19,3371.18,3371.2,222.0
2025-06-05 06:10:00,3371.19,3371.23,3369.93,3371.21,229.0
2025-06-05 06:15:00,3371.21,3372.82,3371.21,3372.18,214.0
2025-06-05 06:20:00,3372.39,3373.89,3372.2,3373.47,270.0
2025-06-05 06:25:00,3373.48,3373.98,3372.65,3373.95,298.0
2025-06-05 06:30:00,3373.97,3375.96,3373.54,3375.88,284.0
2025-06-05 06:35:00,3376.05,3377.42,3373.93,3374.59,333.0
2025-06-05 06:40:00,3374.44,3375.0,3373.93,3374.77,255.0
2025-06-05 06:45:00,3374.76,3375.48,3374.39,3374.47,216.0
2025-06-05 06:50:00,3374.51,3374.51,3372.43,3373.28,326.0
2025-06-05 06:55:00,3373.32,3373.32,3369.35,3369.75,348.0
2025-06-05 07:00:00,3369.74,3369.74,3368.34,3369.2,307.0
2025-06-05 07:05:00,3369.21,3372.39,3369.21,3372.2,326.0
2025-06-05 07:10:00,3372.21,3372.51,3369.58,3369.67,292.0
2025-06-05 07:15:00,3369.63,3369.67,3364.17,3368.6,384.0
2025-06-05 07:20:00,3368.2,3370.21,3367.51,3367.52,307.0
2025-06-05 07:25:00,3367.52,3370.11,3366.71,3367.47,306.0
2025-06-05 07:30:00,3367.48,3368.63,3365.95,3366.98,306.0
2025-06-05 07:35:00,3366.96,3368.77,3366.96,3368.4,298.0
2025-06-05 07:40:00,3368.42,3368.74,3366.93,3367.86,276.0
2025-06-05 07:45:00,3367.82,3368.87,3366.61,3367.04,246.0
2025-06-05 07:50:00,3367.0,3368.43,3366.99,3367.93,209.0
2025-06-05 07:55:00,3367.93,3368.55,3367.57,3368.4,219.0
2025-06-05 08:00:00,3368.48,3369.6,3366.9,3368.3,282.0
2025-06-05 08:05:00,3368.5,3368.74,3366.7,3367.99,279.0
2025-06-05 08:10:00,3367.98,3369.18,3366.86,3368.4,251.0
2025-06-05 08:15:00,3368.3,3369.25,3367.51,3367.65,292.0
2025-06-05 08:20:00,3367.62,3367.71,3364.98,3365.45,326.0
2025-06-05 08:25:00,3365.39,3366.04,3364.73,3365.84,263.0
2025-06-05 08:30:00,3365.83,3367.14,3362.99,3364.11,387.0
2025-06-05 08:35:00,3364.01,3365.17,3361.74,3364.19,353.0
2025-06-05 08:40:00,3364.18,3366.1,3363.77,3365.93,302.0
2025-06-05 08:45:00,3365.94,3366.32,3363.14,3363.21,257.0
2025-06-05 08:50:00,3363.2,3363.2,3361.37,3361.56,293.0
2025-06-05 08:55:00,3361.54,3364.36,3361.2,3364.28,384.0
2025-06-05 09:00:00,3364.3,3365.59,3363.81,3365.19,341.0
2025-06-05 09:05:00,3365.25,3367.45,3364.66,3366.18,330.0
2025-06-05 09:10:00,3366.19,3367.97,3365.46,3367.94,323.0
2025-06-05 09:15:00,3368.04,3368.04,3366.16,3367.08,328.0
2025-06-05 09:20:00,3367.25,3368.6,3366.47,3368.21,341.0
2025-06-05 09:25:00,3368.2,3368.88,3366.93,3368.74,335.0
2025-06-05 09:30:00,3368.7,3370.02,3366.92,3367.12,344.0
2025-06-05 09:35:00,3367.13,3367.54,3364.79,3364.79,304.0
2025-06-05 09:40:00,3364.89,3366.99,3364.57,3365.05,330.0
2025-06-05 09:45:00,3365.06,3367.01,3364.53,3366.89,320.0
2025-06-05 09:50:00,3366.9,3367.43,3366.47,3367.31,283.0
2025-06-05 09:55:00,3367.4,3367.45,3365.79,3365.97,298.0
2025-06-05 10:00:00,3365.62,3368.56,3365.3,3368.56,318.0
2025-06-05 10:05:00,3368.6,3371.46,3368.56,3371.07,367.0
2025-06-05 10:10:00,3371.26,3372.67,3370.98,3371.09,370.0
2025-06-05 10:15:00,3371.11,3374.1,3370.98,3373.29,343.0
2025-06-05 10:20:00,3373.21,3374.47,3372.27,3372.73,344.0
2025-06-05 10:25:00,3372.7,3372.77,3371.44,3372.43,289.0
2025-06-05 10:30:00,3372.42,3373.87,3372.23,3372.92,296.0
2025-06-05 10:35:00,3372.99,3373.17,3371.49,3371.76,282.0
2025-06-05 10:40:00,3371.78,3372.3,3370.89,3371.31,288.0
2025-06-05 10:45:00,3371.31,3371.34,3369.28,3370.62,361.0
2025-06-05 10:50:00,3370.83,3371.46,3370.28,3371.25,271.0
2025-06-05 10:55:00,3371.21,3371.34,3369.75,3371.23,308.0
2025-06-05 11:00:00,3371.22,3373.34,3369.76,3372.24,362.0
2025-06-05 11:05:00,3372.28,3373.18,3371.64,3372.65,307.0
2025-06-05 11:10:00,3372.66,3372.7,3369.8,3370.91,321.0
2025-06-05 11:15:00,3370.86,3372.91,3370.73,3372.91,328.0
2025-06-05 11:20:00,3372.95,3373.53,3372.25,3373.13,293.0
2025-06-05 11:25:00,3373.16,3373.32,3372.36,3373.03,237.0
2025-06-05 11:30:00,3373.05,3374.24,3371.91,3372.66,271.0
2025-06-05 11:35:00,3372.53,3374.3,3372.53,3373.4,279.0
2025-06-05 11:40:00,3373.51,3375.73,3373.34,3375.33,291.0
2025-06-05 11:45:00,3375.28,3375.74,3374.47,3374.95,342.0
2025-06-05 11:50:00,3375.03,3376.26,3374.49,3376.11,315.0
2025-06-05 11:55:00,3376.11,3376.9,3374.87,3375.21,336.0
2025-06-05 12:00:00,3375.23,3377.99,3375.07,3375.55,406.0
2025-06-05 12:05:00,3375.6,3376.13,3374.09,3375.47,389.0
2025-06-05 12:10:00,3375.46,3378.77,3375.33,3378.68,392.0
2025-06-05 12:15:00,3378.66,3379.8,3377.75,3379.39,435.0
2025-06-05 12:20:00,3379.3,3384.59,3379.3,3383.33,445.0
2025-06-05 12:25:00,3383.33,3388.07,3382.35,3387.89,478.0
2025-06-05 12:30:00,3387.93,3389.83,3382.11,3384.05,502.0
2025-06-05 12:35:00,3384.2,3386.6,3383.01,3384.06,436.0
2025-06-05 12:40:00,3384.33,3386.35,3384.03,3385.26,358.0
2025-06-05 12:45:00,3385.27,3387.68,3384.71,3387.68,360.0
2025-06-05 12:50:00,3387.7,3389.87,3386.84,3389.32,383.0
2025-06-05 12:55:00,3389.32,3391.23,3388.38,3389.7,407.0
2025-06-05 13:00:00,3389.42,3390.67,3388.23,3390.22,392.0
2025-06-05 13:05:00,3390.24,3394.01,3390.19,3392.53,393.0
2025-06-05 13:10:00,3392.69,3393.61,3390.33,3391.29,368.0
2025-06-05 13:15:00,3391.18,3394.01,3391.18,3391.35,333.0
2025-06-05 13:20:00,3391.38,3392.59,3390.4,3392.13,365.0
2025-06-05 13:25:00,3392.15,3395.89,3392.14,3395.53,354.0
2025-06-05 13:30:00,3395.65,3398.62,3394.25,3394.9,404.0
2025-06-05 13:35:00,3394.88,3397.45,3393.41,3396.44,385.0
2025-06-05 13:40:00,3396.39,3398.45,3395.13,3398.24,358.0
2025-06-05 13:45:00,3398.25,3399.56,3396.88,3397.4,379.0
2025-06-05 13:50:00,3397.35,3399.59,3395.94,3398.34,399.0
2025-06-05 13:55:00,3398.39,3400.38,3398.13,3399.93,404.0
2025-06-05 14:00:00,3399.6,3400.55,3398.52,3400.37,386.0
2025-06-05 14:05:00,3400.44,3402.51,3400.03,3401.8,392.0
2025-06-05 14:10:00,3401.67,3402.78,3399.63,3402.63,376.0
2025-06-05 14:15:00,3402.73,3403.33,3398.44,3398.64,369.0
2025-06-05 14:20:00,3398.91,3399.01,3395.96,3398.87,414.0
2025-06-05 14:25:00,3398.93,3399.75,3394.77,3395.26,394.0
2025-06-05 14:30:00,3395.31,3397.27,3394.23,3395.5,402.0
2025-06-05 14:35:00,3395.52,3396.62,3392.67,3392.86,417.0
2025-06-05 14:40:00,3392.81,3394.97,3392.51,3394.78,367.0
2025-06-05 14:45:00,3394.84,3396.01,3393.99,3394.55,337.0
2025-06-05 14:50:00,3394.62,3395.15,3391.76,3393.42,375.0
2025-06-05 14:55:00,3393.48,3394.31,3391.89,3392.24,368.0
2025-06-05 15:00:00,3392.49,3395.63,3392.13,3394.41,404.0
2025-06-05 15:05:00,3394.41,3396.03,3394.13,3395.29,369.0
2025-06-05 15:10:00,3395.35,3395.65,3393.63,3395.65,322.0
2025-06-05 15:15:00,3395.74,3396.95,3393.47,3394.8,322.0
2025-06-05 15:20:00,3394.83,3395.36,3389.73,3394.15,447.0
2025-06-05 15:25:00,3394.11,3395.19,3393.44,3394.96,363.0
2025-06-05 15:30:00,3396.21,3399.98,3394.77,3398.89,465.0
2025-06-05 15:35:00,3398.93,3399.48,3390.43,3392.73,439.0
2025-06-05 15:40:00,3392.73,3395.54,3391.51,3393.78,442.0
2025-06-05 15:45:00,3393.8,3395.54,3380.27,3383.08,441.0
2025-06-05 15:50:00,3382.71,3384.67,3377.72,3380.66,531.0
2025-06-05 15:55:00,3380.68,3384.0,3379.29,3383.06,476.0
2025-06-05 16:00:00,3383.58,3383.62,3372.5,3374.91,520.0
2025-06-05 16:05:00,3374.87,3379.43,3371.36,3379.34,518.0
2025-06-05 16:10:00,3379.22,3384.31,3378.11,3381.71,514.0
2025-06-05 16:15:00,3381.85,3383.43,3377.98,3382.58,484.0
2025-06-05 16:20:00,3382.58,3385.25,3379.58,3380.13,460.0
2025-06-05 16:25:00,3379.72,3381.18,3377.57,3378.88,473.0
2025-06-05 16:30:00,3379.37,3385.07,3377.86,3384.0,488.0
2025-06-05 16:35:00,3383.97,3387.99,3381.58,3387.4,507.0
2025-06-05 16:40:00,3387.64,3388.27,3383.3,3384.82,470.0
2025-06-05 16:45:00,3384.85,3385.24,3378.34,3378.7,498.0
2025-06-05 16:50:00,3378.35,3381.24,3376.04,3378.89,483.0
2025-06-05 16:55:00,3378.91,3381.58,3377.46,3378.06,469.0
2025-06-05 17:00:00,3378.49,3378.99,3374.24,3374.48,512.0
2025-06-05 17:05:00,3374.27,3376.47,3367.63,3376.25,497.0
2025-06-05 17:10:00,3376.89,3377.78,3373.81,3374.96,465.0
2025-06-05 17:15:00,3374.99,3380.93,3374.43,3380.22,462.0
2025-06-05 17:20:00,3380.26,3380.48,3373.95,3377.88,441.0
2025-06-05 17:25:00,3377.89,3378.91,3375.43,3375.5,446.0
2025-06-05 17:30:00,3375.55,3383.17,3375.39,3380.63,442.0
2025-06-05 17:35:00,3380.65,3382.76,3376.9,3380.58,474.0
2025-06-05 17:40:00,3380.75,3383.05,3369.51,3374.25,502.0
2025-06-05 17:45:00,3373.71,3374.95,3364.91,3367.19,519.0
2025-06-05 17:50:00,3367.12,3372.02,3366.25,3368.34,483.0
2025-06-05 17:55:00,3368.13,3369.47,3363.9,3367.64,471.0
2025-06-05 18:00:00,3367.85,3370.74,3366.48,3368.91,464.0
2025-06-05 18:05:00,3368.92,3371.8,3365.75,3370.77,475.0
2025-06-05 18:10:00,3370.57,3372.93,3366.38,3367.51,457.0
2025-06-05 18:15:00,3367.58,3367.58,3360.82,3364.69,512.0
2025-06-05 18:20:00,3364.84,3365.77,3360.57,3363.92,492.0
2025-06-05 18:25:00,3363.92,3367.45,3361.73,3361.73,476.0
2025-06-05 18:30:00,3362.19,3362.99,3352.79,3355.29,510.0
2025-06-05 18:35:00,3356.12,3356.9,3350.44,3352.32,491.0
2025-06-05 18:40:00,3351.83,3353.05,3348.36,3350.66,485.0
2025-06-05 18:45:00,3350.65,3350.82,3342.55,3349.52,484.0
2025-06-05 18:50:00,3349.37,3349.72,3339.89,3341.56,484.0
2025-06-05 18:55:00,3341.62,3346.21,3339.61,3344.81,474.0
2025-06-05 19:00:00,3344.71,3345.22,3339.95,3345.02,464.0
2025-06-05 19:05:00,3345.27,3346.53,3340.3,3345.88,450.0
2025-06-05 19:10:00,3345.8,3350.22,3344.94,3350.22,451.0
2025-06-05 19:15:00,3350.53,3351.68,3348.98,3350.06,447.0
2025-06-05 19:20:00,3350.26,3350.62,3347.95,3348.35,412.0
2025-06-05 19:25:00,3348.35,3350.05,3347.19,3347.86,387.0
2025-06-05 19:30:00,3347.91,3349.73,3347.42,3348.54,359.0
2025-06-05 19:35:00,3348.63,3350.77,3347.38,3349.95,386.0
2025-06-05 19:40:00,3349.99,3350.93,3349.56,3350.2,359.0
2025-06-05 19:45:00,3350.17,3353.47,3350.17,3353.17,422.0
2025-06-05 19:50:00,3353.48,3356.47,3352.45,3355.43,426.0
2025-06-05 19:55:00,3355.36,3355.72,3353.15,3354.21,383.0
2025-06-05 20:00:00,3354.31,3354.78,3350.99,3351.41,386.0
2025-06-05 20:05:00,3351.4,3351.62,3349.34,3350.4,352.0
2025-06-05 20:10:00,3350.41,3351.9,3348.94,3350.03,361.0
2025-06-05 20:15:00,3350.02,3352.9,3349.75,3352.87,336.0
2025-06-05 20:20:00,3352.68,3353.9,3351.85,3353.31,364.0
2025-06-05 20:25:00,3353.26,3354.35,3350.47,3352.57,360.0
2025-06-05 20:30:00,3352.49,3353.03,3350.55,3351.34,338.0
2025-06-05 20:35:00,3351.26,3353.23,3350.99,3352.87,315.0
2025-06-05 20:40:00,3352.77,3353.39,3352.11,3352.53,307.0
2025-06-05 20:45:00,3352.47,3352.96,3350.98,3351.12,325.0
2025-06-05 20:50:00,3351.11,3352.26,3350.08,3351.83,311.0
2025-06-05 20:55:00,3351.83,3354.27,3351.79,3353.95,317.0
2025-06-05 21:00:00,3353.97,3354.3,3352.83,3353.74,288.0
2025-06-05 21:05:00,3353.58,3353.61,3351.81,3352.43,321.0
2025-06-05 21:10:00,3352.32,3352.41,3351.04,3351.84,346.0
2025-06-05 21:15:00,3351.89,3353.52,3350.51,3351.23,330.0
2025-06-05 21:20:00,3351.28,3352.79,3351.0,3352.26,304.0
2025-06-05 21:25:00,3352.25,3355.65,3351.91,3355.36,321.0
2025-06-05 21:30:00,3355.32,3355.61,3354.36,3355.0,330.0
2025-06-05 21:35:00,3354.98,3355.51,3354.18,3355.32,310.0
2025-06-05 21:40:00,3355.41,3355.91,3353.92,3354.02,290.0
2025-06-05 21:45:00,3354.03,3354.45,3352.75,3353.49,295.0
2025-06-05 21:50:00,3353.46,3356.18,3353.38,3355.06,303.0
2025-06-05 21:55:00,3355.04,3355.04,3353.04,3353.58,333.0
2025-06-05 22:00:00,3353.6,3355.86,3353.11,3355.4,296.0
2025-06-05 22:05:00,3355.4,3357.22,3355.31,3356.29,340.0
2025-06-05 22:10:00,3356.26,3357.27,3355.32,3356.05,342.0
2025-06-05 22:15:00,3356.27,3357.05,3354.97,3356.75,379.0
2025-06-05 22:20:00,3356.92,3359.99,3356.81,3359.8,374.0
2025-06-05 22:25:00,3359.9,3361.38,3357.75,3357.8,367.0
2025-06-05 22:30:00,3357.82,3357.82,3355.99,3356.89,333.0
2025-06-05 22:35:00,3356.83,3357.77,3355.32,3356.1,310.0
2025-06-05 22:40:00,3356.23,3358.16,3355.29,3357.09,348.0
2025-06-05 22:45:00,3357.21,3357.49,3352.92,3355.27,366.0
2025-06-05 22:50:00,3355.36,3358.26,3355.27,3358.16,394.0
2025-06-05 22:55:00,3358.09,3358.93,3353.29,3357.32,401.0
2025-06-05 23:00:00,3356.64,3357.67,3355.88,3356.16,257.0
2025-06-05 23:05:00,3356.17,3356.8,3355.85,3356.1,162.0
2025-06-05 23:10:00,3355.98,3357.0,3355.92,3356.8,163.0
2025-06-05 23:15:00,3356.57,3357.06,3355.21,3355.6,258.0
2025-06-05 23:20:00,3355.59,3355.9,3354.4,3354.81,184.0
2025-06-05 23:25:00,3354.82,3354.82,3353.26,3353.81,179.0
2025-06-05 23:30:00,3353.84,3355.49,3353.69,3355.27,133.0
2025-06-05 23:35:00,3355.29,3355.34,3354.37,3354.4,151.0
2025-06-05 23:40:00,3354.39,3354.54,3353.7,3354.1,141.0
2025-06-05 23:45:00,3354.24,3354.39,3352.02,3352.52,160.0
2025-06-05 23:50:00,3352.54,3354.47,3352.37,3354.43,121.0
2025-06-05 23:55:00,3353.67,3353.69,3352.3,3352.6,124.0
2025-06-06 01:00:00,3354.03,3356.41,3353.16,3356.07,319.0
2025-06-06 01:05:00,3356.07,3356.08,3355.2,3355.28,105.0
2025-06-06 01:10:00,3355.23,3355.9,3354.19,3355.88,139.0
2025-06-06 01:15:00,3355.95,3357.84,3355.95,3357.34,250.0
2025-06-06 01:20:00,3357.32,3359.32,3357.12,3358.89,259.0
2025-06-06 01:25:00,3359.1,3363.54,3358.7,3360.66,315.0
2025-06-06 01:30:00,3359.19,3361.21,3358.64,3358.91,293.0
2025-06-06 01:35:00,3358.99,3359.04,3357.13,3357.34,236.0
2025-06-06 01:40:00,3357.54,3359.07,3357.34,3358.61,197.0
2025-06-06 01:45:00,3358.51,3360.32,3358.47,3360.17,257.0
2025-06-06 01:50:00,3360.21,3361.69,3359.65,3359.67,216.0
2025-06-06 01:55:00,3359.65,3360.31,3358.75,3359.06,204.0
2025-06-06 02:00:00,3359.05,3361.1,3358.83,3359.38,217.0
2025-06-06 02:05:00,3359.31,3359.74,3358.71,3359.61,149.0
2025-06-06 02:10:00,3359.65,3360.15,3359.03,3359.63,166.0
2025-06-06 02:15:00,3359.62,3359.92,3359.06,3359.78,142.0
2025-06-06 02:20:00,3359.76,3360.25,3359.35,3359.6,138.0
2025-06-06 02:25:00,3359.61,3360.55,3359.3,3359.3,126.0
2025-06-06 02:30:00,3359.3,3359.33,3357.86,3358.95,166.0
2025-06-06 02:35:00,3358.94,3359.51,3358.29,3359.16,120.0
2025-06-06 02:40:00,3359.15,3359.73,3358.43,3358.6,139.0
2025-06-06 02:45:00,3358.08,3361.58,3357.23,3361.48,233.0
2025-06-06 02:50:00,3361.45,3362.15,3360.09,3362.15,277.0
2025-06-06 02:55:00,3362.13,3362.59,3361.57,3361.89,292.0
2025-06-06 03:00:00,3361.79,3363.83,3361.54,3363.7,346.0
2025-06-06 03:05:00,3363.68,3364.02,3362.49,3362.64,303.0
2025-06-06 03:10:00,3362.64,3363.99,3362.16,3363.79,259.0
2025-06-06 03:15:00,3363.8,3363.94,3362.94,3363.62,273.0
2025-06-06 03:20:00,3363.62,3363.64,3362.17,3363.1,220.0
2025-06-06 03:25:00,3363.11,3363.54,3362.77,3362.9,225.0
2025-06-06 03:30:00,3362.9,3363.58,3362.53,3363.37,231.0
2025-06-06 03:35:00,3363.37,3363.98,3361.32,3361.7,348.0
2025-06-06 03:40:00,3361.63,3361.97,3359.34,3361.46,337.0
2025-06-06 03:45:00,3361.47,3361.75,3357.41,3358.25,311.0
2025-06-06 03:50:00,3358.21,3360.48,3357.74,3359.16,340.0
2025-06-06 03:55:00,3359.18,3359.96,3358.21,3359.38,321.0
2025-06-06 04:00:00,3358.99,3360.24,3356.22,3359.5,436.0
2025-06-06 04:05:00,3359.43,3362.05,3358.61,3361.31,392.0
2025-06-06 04:10:00,3361.23,3362.56,3360.92,3361.91,347.0
2025-06-06 04:15:00,3361.83,3363.03,3360.78,3362.94,373.0
2025-06-06 04:20:00,3362.92,3366.1,3362.29,3366.0,390.0
2025-06-06 04:25:00,3366.07,3368.46,3366.07,3368.46,428.0
2025-06-06 04:30:00,3368.52,3368.57,3363.14,3363.55,431.0
2025-06-06 04:35:00,3363.51,3364.72,3362.53,3362.53,381.0
2025-06-06 04:40:00,3362.53,3363.51,3360.34,3361.7,397.0
2025-06-06 04:45:00,3361.73,3363.2,3360.6,3362.38,358.0
2025-06-06 04:50:00,3362.3,3364.8,3361.25,3363.71,360.0
2025-06-06 04:55:00,3363.58,3364.16,3362.88,3363.82,336.0
2025-06-06 05:00:00,3363.88,3364.43,3362.07,3363.42,333.0
2025-06-06 05:05:00,3363.51,3365.07,3362.82,3363.59,376.0
2025-06-06 05:10:00,3363.67,3365.22,3363.5,3364.6,305.0
2025-06-06 05:15:00,3364.48,3365.28,3363.79,3364.55,259.0
2025-06-06 05:20:00,3364.54,3365.18,3363.48,3363.59,281.0
2025-06-06 05:25:00,3363.6,3364.5,3362.61,3363.82,280.0
2025-06-06 05:30:00,3363.82,3364.87,3362.33,3364.38,339.0
2025-06-06 05:35:00,3364.43,3364.43,3363.11,3363.21,314.0
2025-06-06 05:40:00,3363.23,3363.94,3362.34,3363.92,271.0
2025-06-06 05:45:00,3363.93,3365.62,3362.74,3364.99,323.0
2025-06-06 05:50:00,3364.94,3365.76,3363.42,3365.6,361.0
2025-06-06 05:55:00,3365.56,3366.48,3363.44,3363.95,349.0
2025-06-06 06:00:00,3363.93,3364.0,3361.19,3362.15,337.0
2025-06-06 06:05:00,3362.13,3362.97,3361.03,3362.2,306.0
2025-06-06 06:10:00,3362.17,3362.17,3359.47,3361.4,359.0
2025-06-06 06:15:00,3361.47,3363.26,3361.4,3362.72,308.0
2025-06-06 06:20:00,3362.75,3364.94,3362.57,3364.12,298.0
2025-06-06 06:25:00,3364.11,3367.19,3364.01,3366.68,345.0
2025-06-06 06:30:00,3366.72,3368.26,3366.64,3368.24,320.0
2025-06-06 06:35:00,3368.23,3369.23,3368.05,3368.73,254.0
2025-06-06 06:40:00,3368.75,3370.63,3368.72,3370.18,294.0
2025-06-06 06:45:00,3370.21,3371.07,3370.19,3370.85,254.0
2025-06-06 06:50:00,3370.84,3371.19,3369.12,3370.78,301.0
2025-06-06 06:55:00,3370.77,3371.83,3369.72,3369.72,264.0
2025-06-06 07:00:00,3369.66,3370.58,3369.13,3369.94,258.0
2025-06-06 07:05:00,3369.94,3372.1,3369.41,3371.35,264.0
2025-06-06 07:10:00,3371.34,3371.36,3369.11,3370.58,319.0
2025-06-06 07:15:00,3370.58,3372.41,3370.37,3372.02,268.0
2025-06-06 07:20:00,3372.03,3373.59,3371.57,3371.57,265.0
2025-06-06 07:25:00,3371.39,3372.71,3371.35,3372.12,251.0
2025-06-06 07:30:00,3372.02,3372.64,3370.76,3372.57,228.0
2025-06-06 07:35:00,3372.56,3373.4,3372.38,3372.74,257.0
2025-06-06 07:40:00,3372.74,3373.05,3372.07,3372.1,229.0
2025-06-06 07:45:00,3372.09,3374.14,3371.53,3373.76,261.0
2025-06-06 07:50:00,3373.76,3374.46,3372.05,3372.44,269.0
2025-06-06 07:55:00,3372.44,3374.04,3372.4,3373.71,245.0
2025-06-06 08:00:00,3373.65,3375.03,3373.25,3374.84,307.0
2025-06-06 08:05:00,3374.74,3375.6,3374.02,3374.55,291.0
2025-06-06 08:10:00,3374.61,3375.3,3373.28,3373.96,264.0
2025-06-06 08:15:00,3373.92,3373.92,3372.04,3372.69,293.0
2025-06-06 08:20:00,3372.67,3372.67,3368.55,3369.0,341.0
2025-06-06 08:25:00,3369.09,3370.18,3368.31,3369.4,341.0
2025-06-06 08:30:00,3369.17,3369.54,3367.36,3367.85,383.0
2025-06-06 08:35:00,3368.14,3369.31,3367.29,3368.38,328.0
2025-06-06 08:40:00,3368.38,3368.38,3365.24,3366.22,379.0
2025-06-06 08:45:00,3366.19,3366.38,3363.41,3364.62,380.0
2025-06-06 08:50:00,3364.55,3364.76,3362.23,3362.61,388.0
2025-06-06 08:55:00,3362.57,3366.87,3362.57,3366.03,380.0
2025-06-06 09:00:00,3365.99,3366.86,3362.67,3364.65,366.0
2025-06-06 09:05:00,3364.66,3364.77,3362.36,3362.94,384.0
2025-06-06 09:10:00,3362.85,3363.14,3361.64,3362.88,365.0
2025-06-06 09:15:00,3362.9,3365.47,3362.28,3365.09,388.0
2025-06-06 09:20:00,3365.09,3365.33,3361.93,3364.16,374.0
2025-06-06 09:25:00,3364.2,3366.95,3363.87,3364.82,412.0
2025-06-06 09:30:00,3364.74,3365.23,3362.04,3363.3,407.0
2025-06-06 09:35:00,3363.33,3363.77,3361.81,3363.15,410.0
2025-06-06 09:40:00,3363.07,3363.07,3358.4,3358.4,434.0
2025-06-06 09:45:00,3358.31,3360.76,3356.12,3359.92,435.0
2025-06-06 09:50:00,3359.95,3361.22,3358.87,3360.78,356.0
2025-06-06 09:55:00,3360.71,3361.25,3359.81,3360.76,389.0
2025-06-06 10:00:00,3360.74,3361.2,3357.08,3357.48,418.0
2025-06-06 10:05:00,3357.58,3359.8,3356.81,3357.78,370.0
2025-06-06 10:10:00,3357.78,3362.14,3357.66,3361.36,365.0
2025-06-06 10:15:00,3361.36,3362.34,3360.64,3361.12,366.0
2025-06-06 10:20:00,3361.2,3361.57,3359.64,3359.79,331.0
2025-06-06 10:25:00,3359.8,3361.78,3358.75,3360.49,378.0
2025-06-06 10:30:00,3360.48,3360.62,3358.37,3359.51,337.0
2025-06-06 10:35:00,3359.44,3360.34,3358.36,3359.95,321.0
2025-06-06 10:40:00,3359.94,3359.94,3357.36,3358.98,317.0
2025-06-06 10:45:00,3358.96,3359.16,3355.03,3355.94,365.0
2025-06-06 10:50:00,3356.02,3356.02,3352.84,3355.88,403.0
2025-06-06 10:55:00,3355.95,3359.73,3355.11,3359.47,376.0
2025-06-06 11:00:00,3359.51,3362.11,3359.51,3359.97,400.0
2025-06-06 11:05:00,3359.94,3362.2,3359.83,3361.34,376.0
2025-06-06 11:10:00,3361.33,3361.33,3358.54,3358.65,369.0
2025-06-06 11:15:00,3358.6,3361.28,3358.45,3360.48,322.0
2025-06-06 11:20:00,3360.45,3361.23,3359.35,3360.83,325.0
2025-06-06 11:25:00,3360.81,3364.92,3360.23,3363.95,390.0
2025-06-06 11:30:00,3364.21,3365.4,3363.37,3363.5,342.0
2025-06-06 11:35:00,3363.47,3364.1,3363.04,3363.29,273.0
2025-06-06 11:40:00,3363.34,3367.63,3363.17,3367.11,372.0
2025-06-06 11:45:00,3367.1,3367.1,3365.1,3366.21,365.0
2025-06-06 11:50:00,3366.22,3367.66,3365.78,3367.63,332.0
2025-06-06 11:55:00,3367.61,3367.68,3365.31,3365.31,288.0
2025-06-06 12:00:00,3365.42,3365.42,3363.84,3363.92,316.0
2025-06-06 12:05:00,3363.89,3365.18,3359.67,3359.87,367.0
2025-06-06 12:10:00,3359.82,3361.29,3359.39,3360.56,334.0
2025-06-06 12:15:00,3360.6,3360.71,3358.76,3358.97,303.0
2025-06-06 12:20:00,3358.93,3359.55,3356.88,3358.02,313.0
2025-06-06 12:25:00,3357.41,3358.71,3355.47,3355.68,347.0
2025-06-06 12:30:00,3355.81,3359.26,3355.47,3358.89,334.0
2025-06-06 12:35:00,3358.86,3359.3,3358.05,3358.77,288.0
2025-06-06 12:40:00,3358.76,3358.92,3356.88,3357.25,348.0
2025-06-06 12:45:00,3357.25,3357.49,3352.85,3355.51,382.0
2025-06-06 12:50:00,3355.58,3357.35,3355.34,3356.0,362.0
2025-06-06 12:55:00,3356.07,3356.71,3355.79,3356.71,268.0
2025-06-06 13:00:00,3356.83,3360.3,3356.74,3358.04,371.0
2025-06-06 13:05:00,3357.8,3359.56,3357.17,3357.4,328.0
2025-06-06 13:10:00,3357.39,3357.97,3356.71,3357.89,275.0
2025-06-06 13:15:00,3357.89,3358.23,3356.56,3357.15,289.0
2025-06-06 13:20:00,3357.16,3358.73,3355.84,3358.29,326.0
2025-06-06 13:25:00,3358.34,3358.38,3356.57,3356.66,294.0
2025-06-06 13:30:00,3356.67,3357.91,3356.61,3357.09,282.0
2025-06-06 13:35:00,3357.1,3358.63,3356.93,3358.24,272.0
2025-06-06 13:40:00,3358.21,3358.22,3357.02,3357.58,275.0
2025-06-06 13:45:00,3357.55,3359.09,3357.08,3358.36,284.0
2025-06-06 13:50:00,3358.33,3360.08,3357.94,3359.83,271.0
2025-06-06 13:55:00,3359.91,3360.83,3359.38,3360.58,312.0
2025-06-06 14:00:00,3360.7,3363.33,3360.68,3362.5,375.0
2025-06-06 14:05:00,3362.49,3364.13,3361.72,3363.87,327.0
2025-06-06 14:10:00,3363.88,3364.06,3361.43,3361.74,327.0
2025-06-06 14:15:00,3361.75,3362.64,3361.23,3361.25,287.0
2025-06-06 14:20:00,3361.4,3361.76,3360.38,3360.74,332.0
2025-06-06 14:25:00,3360.57,3361.82,3360.35,3360.91,323.0
2025-06-06 14:30:00,3360.91,3364.22,3360.4,3363.78,326.0
2025-06-06 14:35:00,3363.87,3364.15,3362.2,3362.21,320.0
2025-06-06 14:40:00,3362.21,3362.86,3360.13,3362.74,343.0
2025-06-06 14:45:00,3362.87,3362.94,3359.56,3360.4,321.0
2025-06-06 14:50:00,3360.29,3360.73,3358.43,3358.61,353.0
2025-06-06 14:55:00,3358.61,3360.59,3358.18,3358.35,345.0
2025-06-06 15:00:00,3358.37,3359.46,3357.43,3358.16,342.0
2025-06-06 15:05:00,3358.19,3360.32,3357.94,3358.2,277.0
2025-06-06 15:10:00,3358.18,3358.48,3355.84,3356.54,364.0
2025-06-06 15:15:00,3356.53,3358.59,3356.24,3358.2,356.0
2025-06-06 15:20:00,3358.29,3359.51,3356.4,3356.76,386.0
2025-06-06 15:25:00,3356.76,3359.07,3353.97,3358.86,357.0
2025-06-06 15:30:00,3358.7,3364.17,3349.45,3357.0,577.0
2025-06-06 15:35:00,3356.81,3360.05,3350.14,3350.79,549.0
2025-06-06 15:40:00,3350.66,3353.27,3343.51,3353.14,542.0
2025-06-06 15:45:00,3353.49,3359.45,3351.77,3359.01,522.0
2025-06-06 15:50:00,3358.93,3359.24,3355.38,3356.21,488.0
2025-06-06 15:55:00,3356.01,3356.13,3352.6,3353.48,487.0
2025-06-06 16:00:00,3353.39,3353.45,3346.81,3349.14,516.0
2025-06-06 16:05:00,3348.96,3355.97,3347.99,3355.43,482.0
2025-06-06 16:10:00,3355.39,3358.43,3353.67,3355.94,467.0
2025-06-06 16:15:00,3355.91,3360.93,3353.86,3354.44,492.0
2025-06-06 16:20:00,3354.35,3354.49,3348.86,3350.93,486.0
2025-06-06 16:25:00,3350.98,3354.65,3350.42,3353.78,470.0
2025-06-06 16:30:00,3354.1,3355.05,3347.64,3353.64,523.0
2025-06-06 16:35:00,3353.57,3355.36,3345.94,3346.9,513.0
2025-06-06 16:40:00,3346.68,3350.93,3345.52,3346.83,519.0
2025-06-06 16:45:00,3346.81,3350.26,3345.37,3349.3,506.0
2025-06-06 16:50:00,3349.37,3352.07,3347.63,3348.15,481.0
2025-06-06 16:55:00,3348.15,3348.22,3342.53,3343.21,501.0
2025-06-06 17:00:00,3342.47,3344.85,3336.78,3341.7,544.0
2025-06-06 17:05:00,3341.72,3342.66,3335.82,3338.71,514.0
2025-06-06 17:10:00,3338.17,3342.04,3333.74,3333.99,513.0
2025-06-06 17:15:00,3333.94,3335.55,3323.68,3323.83,541.0
2025-06-06 17:20:00,3323.91,3325.22,3316.79,3320.42,539.0
2025-06-06 17:25:00,3320.54,3325.05,3318.5,3324.17,509.0
2025-06-06 17:30:00,3324.26,3330.28,3322.64,3329.63,502.0
2025-06-06 17:35:00,3329.41,3332.35,3327.91,3331.59,476.0
2025-06-06 17:40:00,3331.61,3334.2,3330.54,3333.72,468.0
2025-06-06 17:45:00,3333.8,3333.8,3329.68,3330.63,479.0
2025-06-06 17:50:00,3330.25,3331.26,3325.68,3326.62,469.0
2025-06-06 17:55:00,3326.49,3327.32,3322.44,3326.15,479.0
2025-06-06 18:00:00,3325.88,3327.15,3324.56,3324.99,456.0
2025-06-06 18:05:00,3325.07,3329.8,3323.54,3325.82,484.0
2025-06-06 18:10:00,3326.19,3328.26,3323.45,3324.07,435.0
2025-06-06 18:15:00,3323.93,3329.45,3323.78,3328.58,466.0
2025-06-06 18:20:00,3328.5,3330.02,3326.72,3328.87,473.0
2025-06-06 18:25:00,3328.88,3331.65,3328.58,3330.84,436.0
2025-06-06 18:30:00,3330.87,3332.48,3328.65,3332.27,441.0
2025-06-06 18:35:00,3332.24,3336.68,3332.0,3336.64,419.0
2025-06-06 18:40:00,3336.74,3336.74,3332.5,3333.85,402.0
2025-06-06 18:45:00,3333.9,3334.92,3331.7,3332.64,404.0
2025-06-06 18:50:00,3332.66,3333.85,3331.79,3332.58,350.0
2025-06-06 18:55:00,3332.64,3333.57,3332.0,3332.22,369.0
2025-06-06 19:00:00,3332.22,3332.5,3330.59,3330.8,360.0
2025-06-06 19:05:00,3330.92,3332.39,3330.2,3332.13,352.0
2025-06-06 19:10:00,3332.2,3332.69,3329.14,3329.38,368.0
2025-06-06 19:15:00,3329.36,3331.97,3329.36,3331.32,361.0
2025-06-06 19:20:00,3331.29,3331.29,3328.46,3328.88,375.0
2025-06-06 19:25:00,3328.74,3328.74,3323.97,3323.98,415.0
2025-06-06 19:30:00,3324.02,3325.68,3323.4,3324.58,392.0
2025-06-06 19:35:00,3324.45,3325.25,3321.48,3323.17,392.0
2025-06-06 19:40:00,3323.2,3325.15,3322.46,3324.88,392.0
2025-06-06 19:45:00,3324.86,3325.76,3324.02,3324.36,357.0
2025-06-06 19:50:00,3324.26,3324.7,3321.08,3321.08,351.0
2025-06-06 19:55:00,3320.99,3323.68,3320.99,3322.76,391.0
2025-06-06 20:00:00,3322.77,3325.86,3322.69,3325.4,369.0
2025-06-06 20:05:00,3325.4,3325.75,3323.89,3324.95,336.0
2025-06-06 20:10:00,3325.08,3326.8,3324.99,3325.61,336.0
2025-06-06 20:15:00,3325.59,3326.39,3324.41,3324.73,328.0
2025-06-06 20:20:00,3324.66,3325.52,3323.24,3323.24,319.0
2025-06-06 20:25:00,3323.65,3325.22,3323.25,3323.99,352.0
2025-06-06 20:30:00,3324.17,3324.29,3321.64,3323.33,348.0
2025-06-06 20:35:00,3323.52,3323.94,3322.02,3322.5,274.0
2025-06-06 20:40:00,3322.5,3322.92,3321.7,3322.24,285.0
2025-06-06 20:45:00,3322.21,3324.05,3321.42,3323.89,303.0
2025-06-06 20:50:00,3323.9,3324.08,3322.54,3323.17,248.0
2025-06-06 20:55:00,3323.29,3324.39,3322.82,3323.63,296.0
2025-06-06 21:00:00,3323.71,3323.96,3320.98,3321.38,316.0
2025-06-06 21:05:00,3321.37,3322.13,3320.0,3320.28,348.0
2025-06-06 21:10:00,3320.2,3320.27,3313.74,3315.34,390.0
2025-06-06 21:15:00,3315.22,3316.87,3314.39,3315.0,352.0
2025-06-06 21:20:00,3315.12,3317.48,3315.07,3317.35,293.0
2025-06-06 21:25:00,3317.36,3317.38,3315.66,3315.95,293.0
2025-06-06 21:30:00,3315.94,3319.38,3314.94,3319.38,321.0
2025-06-06 21:35:00,3319.42,3320.09,3318.09,3319.21,303.0
2025-06-06 21:40:00,3319.19,3320.03,3318.91,3319.55,282.0
2025-06-06 21:45:00,3319.57,3319.75,3317.08,3317.25,273.0
2025-06-06 21:50:00,3316.59,3317.64,3316.56,3317.12,268.0
2025-06-06 21:55:00,3317.2,3317.82,3317.2,3317.49,226.0
2025-06-06 22:00:00,3317.48,3318.99,3317.01,3317.98,317.0
2025-06-06 22:05:00,3317.95,3317.95,3316.23,3317.34,276.0
2025-06-06 22:10:00,3317.47,3317.47,3315.21,3316.04,287.0
2025-06-06 22:15:00,3316.16,3316.42,3314.96,3315.96,287.0
2025-06-06 22:20:00,3315.94,3317.54,3315.6,3317.38,301.0
2025-06-06 22:25:00,3317.39,3317.72,3313.58,3315.03,340.0
2025-06-06 22:30:00,3315.09,3315.78,3312.81,3314.51,335.0
2025-06-06 22:35:00,3314.55,3315.27,3313.9,3314.52,273.0
2025-06-06 22:40:00,3314.68,3316.01,3314.5,3315.8,338.0
2025-06-06 22:45:00,3315.85,3316.02,3313.09,3313.57,344.0
2025-06-06 22:50:00,3313.47,3314.18,3313.12,3313.7,323.0
2025-06-06 22:55:00,3313.88,3314.09,3311.35,3312.44,399.0
2025-06-06 23:00:00,3312.47,3312.84,3309.8,3309.82,239.0
2025-06-06 23:05:00,3309.81,3310.15,3307.4,3307.83,248.0
2025-06-06 23:10:00,3307.85,3308.22,3307.13,3307.39,200.0
2025-06-06 23:15:00,3307.43,3310.06,3307.43,3309.78,208.0
2025-06-06 23:20:00,3309.75,3310.89,3309.63,3310.75,169.0
2025-06-06 23:25:00,3310.76,3311.89,3310.76,3311.08,228.0
2025-06-06 23:30:00,3311.16,3312.28,3310.88,3311.82,179.0
2025-06-06 23:35:00,3311.87,3312.27,3310.89,3312.27,207.0
2025-06-06 23:40:00,3312.2,3312.7,3310.83,3311.13,216.0
2025-06-06 23:45:00,3311.07,3311.65,3310.82,3311.6,159.0
2025-06-06 23:50:00,3311.3,3312.08,3310.74,3312.08,196.0
2025-06-06 23:55:00,3312.28,3312.77,3312.1,3312.12,69.0
2025-06-09 01:00:00,3314.04,3318.99,3314.03,3317.92,554.0
2025-06-09 01:05:00,3318.38,3321.15,3317.1,3318.13,228.0
2025-06-09 01:10:00,3318.14,3319.84,3315.35,3317.33,230.0
2025-06-09 01:15:00,3317.38,3318.71,3317.09,3318.2,197.0
2025-06-09 01:20:00,3318.19,3318.75,3317.31,3317.75,191.0
2025-06-09 01:25:00,3317.71,3318.2,3316.78,3318.06,160.0
2025-06-09 01:30:00,3318.06,3318.75,3317.19,3318.06,198.0
2025-06-09 01:35:00,3318.07,3318.08,3315.88,3316.09,216.0
2025-06-09 01:40:00,3316.08,3316.33,3311.05,3312.21,328.0
2025-06-09 01:45:00,3312.28,3313.64,3311.96,3313.42,226.0
2025-06-09 01:50:00,3313.59,3313.59,3309.35,3313.1,317.0
2025-06-09 01:55:00,3313.15,3314.97,3311.59,3314.94,279.0
2025-06-09 02:00:00,3314.82,3317.52,3314.68,3317.36,347.0
2025-06-09 02:05:00,3317.33,3318.18,3315.81,3316.04,253.0
2025-06-09 02:10:00,3316.05,3317.3,3315.54,3317.07,225.0
2025-06-09 02:15:00,3317.08,3317.79,3316.56,3316.84,185.0
2025-06-09 02:20:00,3316.46,3316.46,3314.67,3315.09,197.0
2025-06-09 02:25:00,3315.1,3316.28,3314.67,3315.94,166.0
2025-06-09 02:30:00,3316.02,3316.07,3314.57,3315.27,191.0
2025-06-09 02:35:00,3315.29,3315.39,3313.42,3314.87,211.0
2025-06-09 02:40:00,3314.85,3315.71,3313.47,3315.57,238.0
2025-06-09 02:45:00,3315.59,3316.71,3314.67,3316.18,218.0
2025-06-09 02:50:00,3316.17,3317.88,3316.09,3317.32,192.0
2025-06-09 02:55:00,3317.12,3318.57,3317.12,3318.03,273.0
2025-06-09 03:00:00,3318.12,3318.62,3316.2,3317.12,314.0
2025-06-09 03:05:00,3316.86,3316.86,3312.38,3312.92,358.0
2025-06-09 03:10:00,3312.87,3312.87,3311.0,3311.77,349.0
2025-06-09 03:15:00,3311.69,3311.69,3305.72,3306.96,404.0
2025-06-09 03:20:00,3307.03,3307.67,3304.84,3307.63,354.0
2025-06-09 03:25:00,3307.59,3310.17,3305.23,3310.16,353.0
2025-06-09 03:30:00,3310.15,3311.92,3308.88,3311.51,349.0
2025-06-09 03:35:00,3311.59,3311.59,3306.5,3308.47,388.0
2025-06-09 03:40:00,3307.89,3307.96,3301.78,3302.84,426.0
2025-06-09 03:45:00,3302.76,3302.76,3298.4,3302.51,468.0
2025-06-09 03:50:00,3302.33,3304.29,3301.16,3303.84,383.0
2025-06-09 03:55:00,3303.79,3305.61,3302.86,3305.43,372.0
2025-06-09 04:00:00,3305.59,3309.14,3301.28,3307.8,501.0
2025-06-09 04:05:00,3308.16,3309.31,3304.78,3306.37,466.0
2025-06-09 04:10:00,3306.63,3307.36,3303.7,3305.56,411.0
2025-06-09 04:15:00,3305.51,3308.62,3303.99,3307.96,397.0
2025-06-09 04:20:00,3308.24,3309.04,3305.97,3308.45,375.0
2025-06-09 04:25:00,3308.45,3308.98,3306.25,3306.67,305.0
2025-06-09 04:30:00,3306.75,3308.71,3303.11,3304.68,363.0
2025-06-09 04:35:00,3304.79,3306.2,3303.56,3303.88,368.0
2025-06-09 04:40:00,3303.86,3307.18,3302.97,3307.18,413.0
2025-06-09 04:45:00,3307.21,3307.95,3305.37,3306.37,386.0
2025-06-09 04:50:00,3306.35,3307.38,3303.02,3303.04,384.0
2025-06-09 04:55:00,3303.11,3303.19,3295.1,3295.86,491.0
2025-06-09 05:00:00,3295.87,3298.96,3293.61,3296.34,459.0
2025-06-09 05:05:00,3296.3,3298.87,3295.67,3297.35,384.0
2025-06-09 05:10:00,3297.58,3299.02,3296.37,3297.9,348.0
2025-06-09 05:15:00,3298.15,3301.13,3296.9,3301.03,343.0
2025-06-09 05:20:00,3301.14,3304.88,3301.14,3304.6,372.0
2025-06-09 05:25:00,3304.59,3305.8,3300.77,3301.71,396.0
2025-06-09 05:30:00,3302.22,3304.81,3300.24,3304.25,413.0
2025-06-09 05:35:00,3304.26,3304.51,3302.71,3302.79,347.0
2025-06-09 05:40:00,3302.81,3303.82,3302.42,3302.5,303.0
2025-06-09 05:45:00,3302.51,3306.15,3302.51,3305.85,346.0
2025-06-09 05:50:00,3305.75,3307.33,3304.83,3306.64,345.0
2025-06-09 05:55:00,3306.63,3307.57,3305.21,3305.54,356.0
2025-06-09 06:00:00,3305.47,3307.34,3305.47,3307.17,342.0
2025-06-09 06:05:00,3307.11,3308.04,3306.9,3307.41,331.0
2025-06-09 06:10:00,3307.83,3308.96,3307.27,3307.71,347.0
2025-06-09 06:15:00,3307.71,3308.82,3306.58,3306.75,328.0
2025-06-09 06:20:00,3306.67,3307.58,3305.5,3306.87,340.0
2025-06-09 06:25:00,3307.11,3307.11,3304.31,3304.36,354.0
2025-06-09 06:30:00,3304.38,3307.13,3304.33,3306.52,310.0
2025-06-09 06:35:00,3306.52,3306.86,3305.89,3306.08,243.0
2025-06-09 06:40:00,3306.15,3309.39,3305.99,3308.73,290.0
2025-06-09 06:45:00,3308.76,3310.92,3308.76,3310.43,363.0
2025-06-09 06:50:00,3310.83,3311.66,3310.02,3311.36,281.0
2025-06-09 06:55:00,3311.37,3312.0,3310.3,3310.8,238.0
2025-06-09 07:00:00,3310.91,3311.92,3309.29,3311.29,277.0
2025-06-09 07:05:00,3311.46,3312.09,3311.19,3311.34,267.0
2025-06-09 07:10:00,3311.4,3311.68,3309.99,3310.87,244.0
2025-06-09 07:15:00,3310.83,3312.25,3310.56,3311.35,223.0
2025-06-09 07:20:00,3311.16,3313.16,3310.94,3312.79,214.0
2025-06-09 07:25:00,3312.7,3312.8,3311.06,3312.21,244.0
2025-06-09 07:30:00,3312.15,3312.41,3310.18,3310.58,217.0
2025-06-09 07:35:00,3310.62,3312.45,3310.62,3312.35,195.0
2025-06-09 07:40:00,3312.37,3313.42,3312.0,3312.28,253.0
2025-06-09 07:45:00,3312.28,3312.41,3310.59,3312.13,243.0
2025-06-09 07:50:00,3312.05,3312.57,3311.19,3311.61,246.0
2025-06-09 07:55:00,3311.61,3312.05,3311.47,3311.72,201.0
2025-06-09 08:00:00,3311.72,3312.85,3309.67,3309.91,315.0
2025-06-09 08:05:00,3309.96,3310.45,3309.57,3310.4,243.0
2025-06-09 08:10:00,3310.39,3311.91,3310.24,3311.3,254.0
2025-06-09 08:15:00,3311.37,3312.17,3310.33,3311.34,310.0
2025-06-09 08:20:00,3311.21,3311.46,3309.75,3310.62,225.0
2025-06-09 08:25:00,3310.48,3312.15,3310.34,3311.96,216.0
2025-06-09 08:30:00,3311.84,3312.83,3310.8,3312.03,369.0
2025-06-09 08:35:00,3311.7,3313.56,3310.33,3313.56,344.0
2025-06-09 08:40:00,3313.57,3315.39,3312.69,3315.28,353.0
2025-06-09 08:45:00,3315.43,3316.5,3314.89,3315.99,368.0
2025-06-09 08:50:00,3315.97,3316.09,3314.56,3315.08,319.0
2025-06-09 08:55:00,3315.02,3315.62,3314.23,3314.69,289.0
2025-06-09 09:00:00,3314.83,3315.02,3312.8,3313.36,349.0
2025-06-09 09:05:00,3313.34,3316.41,3312.47,3315.51,379.0
2025-06-09 09:10:00,3315.61,3317.18,3315.29,3316.85,345.0
2025-06-09 09:15:00,3316.84,3317.88,3316.1,3316.96,346.0
2025-06-09 09:20:00,3316.88,3320.24,3316.71,3320.23,384.0
2025-06-09 09:25:00,3320.27,3320.37,3317.88,3318.77,344.0
2025-06-09 09:30:00,3318.63,3319.47,3317.51,3317.67,350.0
2025-06-09 09:35:00,3317.67,3318.94,3317.67,3318.55,314.0
2025-06-09 09:40:00,3318.63,3320.52,3318.49,3320.2,346.0
2025-06-09 09:45:00,3320.05,3321.98,3319.53,3321.91,385.0
2025-06-09 09:50:00,3321.88,3323.19,3320.97,3321.32,350.0
2025-06-09 09:55:00,3321.36,3324.86,3321.12,3324.38,394.0
2025-06-09 10:00:00,3324.19,3325.17,3321.96,3322.13,370.0
2025-06-09 10:05:00,3322.14,3322.76,3321.57,3322.58,316.0
2025-06-09 10:10:00,3322.66,3325.4,3322.46,3323.77,364.0
2025-06-09 10:15:00,3323.7,3324.59,3322.91,3324.27,336.0
2025-06-09 10:20:00,3324.2,3328.43,3323.84,3327.91,373.0
2025-06-09 10:25:00,3327.95,3328.07,3325.2,3325.62,345.0
2025-06-09 10:30:00,3325.6,3325.6,3323.38,3324.4,379.0
2025-06-09 10:35:00,3324.31,3324.42,3322.56,3322.91,333.0
2025-06-09 10:40:00,3322.86,3326.19,3321.73,3326.04,416.0
2025-06-09 10:45:00,3326.01,3327.3,3324.6,3324.96,410.0
2025-06-09 10:50:00,3324.98,3325.66,3324.4,3325.65,334.0
2025-06-09 10:55:00,3325.64,3325.88,3323.98,3324.24,355.0
2025-06-09 11:00:00,3324.41,3324.8,3322.78,3323.27,404.0
2025-06-09 11:05:00,3323.31,3325.49,3323.3,3323.82,348.0
2025-06-09 11:10:00,3323.78,3324.8,3322.84,3323.46,316.0
2025-06-09 11:15:00,3323.54,3323.63,3321.88,3322.82,357.0
2025-06-09 11:20:00,3322.83,3324.57,3322.2,3323.64,360.0
2025-06-09 11:25:00,3323.67,3324.82,3322.83,3324.82,286.0
2025-06-09 11:30:00,3324.96,3325.44,3322.81,3323.05,402.0
2025-06-09 11:35:00,3322.95,3325.63,3322.59,3323.64,371.0
2025-06-09 11:40:00,3323.52,3324.15,3322.88,3323.34,292.0
2025-06-09 11:45:00,3323.27,3323.67,3322.01,3322.59,288.0
2025-06-09 11:50:00,3322.59,3322.65,3320.74,3322.02,348.0
2025-06-09 11:55:00,3322.05,3322.5,3319.81,3319.81,362.0
2025-06-09 12:00:00,3319.9,3323.33,3319.5,3323.08,388.0
2025-06-09 12:05:00,3322.92,3323.14,3321.69,3322.24,345.0
2025-06-09 12:10:00,3322.25,3323.45,3322.16,3323.13,292.0
2025-06-09 12:15:00,3323.08,3323.33,3321.01,3321.22,290.0
2025-06-09 12:20:00,3321.04,3321.1,3316.9,3316.92,379.0
2025-06-09 12:25:00,3316.85,3319.58,3316.85,3318.66,370.0
2025-06-09 12:30:00,3318.73,3320.89,3318.11,3319.93,352.0
2025-06-09 12:35:00,3319.9,3321.87,3319.9,3321.8,315.0
2025-06-09 12:40:00,3321.82,3322.36,3321.02,3321.75,288.0
2025-06-09 12:45:00,3321.73,3322.33,3320.77,3320.79,291.0
2025-06-09 12:50:00,3320.55,3320.97,3319.8,3320.62,307.0
2025-06-09 12:55:00,3320.56,3321.06,3318.62,3318.63,308.0
2025-06-09 13:00:00,3318.67,3319.5,3317.93,3319.23,323.0
2025-06-09 13:05:00,3319.3,3319.72,3318.23,3318.25,262.0
2025-06-09 13:10:00,3318.17,3319.34,3316.88,3319.26,298.0
2025-06-09 13:15:00,3319.27,3319.63,3316.99,3317.65,270.0
2025-06-09 13:20:00,3317.65,3318.25,3315.81,3316.5,304.0
2025-06-09 13:25:00,3316.48,3317.62,3316.08,3316.86,286.0
2025-06-09 13:30:00,3316.89,3316.89,3315.31,3315.4,262.0
2025-06-09 13:35:00,3315.39,3315.55,3314.19,3314.89,284.0
2025-06-09 13:40:00,3314.9,3315.13,3312.53,3312.77,350.0
2025-06-09 13:45:00,3312.92,3314.76,3312.69,3313.47,295.0
2025-06-09 13:50:00,3313.46,3313.94,3312.12,3312.67,258.0
2025-06-09 13:55:00,3312.68,3314.51,3312.28,3314.51,315.0
2025-06-09 14:00:00,3314.65,3315.76,3314.24,3315.37,346.0
2025-06-09 14:05:00,3315.09,3317.44,3315.0,3317.01,315.0
2025-06-09 14:10:00,3316.98,3317.65,3316.18,3316.88,276.0
2025-06-09 14:15:00,3316.89,3317.88,3315.5,3317.3,322.0
2025-06-09 14:20:00,3317.33,3318.79,3317.06,3317.57,349.0
2025-06-09 14:25:00,3317.55,3318.5,3317.45,3318.31,295.0
2025-06-09 14:30:00,3318.3,3319.93,3317.01,3317.99,358.0
2025-06-09 14:35:00,3318.08,3320.92,3317.76,3320.05,352.0
2025-06-09 14:40:00,3320.05,3321.07,3319.65,3320.66,300.0
2025-06-09 14:45:00,3320.79,3321.29,3319.04,3319.59,322.0
2025-06-09 14:50:00,3319.58,3319.58,3313.74,3314.04,381.0
2025-06-09 14:55:00,3314.02,3317.88,3313.98,3317.4,368.0
2025-06-09 15:00:00,3317.45,3318.59,3316.81,3317.13,358.0
2025-06-09 15:05:00,3317.09,3318.03,3314.13,3315.04,384.0
2025-06-09 15:10:00,3315.03,3316.4,3313.64,3315.47,381.0
2025-06-09 15:15:00,3315.46,3316.39,3313.61,3313.94,349.0
2025-06-09 15:20:00,3313.29,3315.89,3313.07,3315.04,305.0
2025-06-09 15:25:00,3315.46,3318.26,3314.28,3318.13,374.0
2025-06-09 15:30:00,3318.21,3321.79,3317.77,3321.64,378.0
2025-06-09 15:35:00,3321.58,3322.42,3318.92,3321.45,336.0
2025-06-09 15:40:00,3321.34,3321.35,3319.48,3319.48,340.0
2025-06-09 15:45:00,3319.5,3319.64,3317.54,3317.54,368.0
2025-06-09 15:50:00,3317.57,3318.4,3315.54,3318.17,374.0
2025-06-09 15:55:00,3318.04,3320.96,3318.04,3320.02,366.0
2025-06-09 16:00:00,3320.16,3320.46,3316.05,3317.02,416.0
2025-06-09 16:05:00,3317.06,3317.07,3314.44,3316.56,427.0
2025-06-09 16:10:00,3316.47,3316.73,3315.19,3315.67,382.0
2025-06-09 16:15:00,3315.55,3316.14,3313.21,3313.99,415.0
2025-06-09 16:20:00,3314.17,3314.99,3310.73,3312.3,437.0
2025-06-09 16:25:00,3312.28,3314.45,3311.66,3313.78,443.0
2025-06-09 16:30:00,3313.87,3317.88,3313.34,3316.15,498.0
2025-06-09 16:35:00,3316.15,3316.98,3310.91,3312.84,505.0
2025-06-09 16:40:00,3313.06,3316.16,3312.47,3314.03,485.0
2025-06-09 16:45:00,3314.01,3320.2,3313.97,3317.88,473.0
2025-06-09 16:50:00,3317.76,3320.1,3317.45,3319.51,455.0
2025-06-09 16:55:00,3319.78,3321.65,3318.28,3319.38,456.0
2025-06-09 17:00:00,3319.27,3321.23,3317.4,3321.13,457.0
2025-06-09 17:05:00,3321.06,3324.01,3320.01,3322.92,468.0
2025-06-09 17:10:00,3322.88,3326.42,3321.8,3325.77,484.0
2025-06-09 17:15:00,3325.77,3326.78,3322.77,3323.27,463.0
2025-06-09 17:20:00,3323.27,3323.76,3321.04,3322.9,451.0
2025-06-09 17:25:00,3322.95,3323.09,3320.29,3321.97,453.0
2025-06-09 17:30:00,3321.94,3322.64,3319.28,3319.28,463.0
2025-06-09 17:35:00,3319.28,3319.7,3317.48,3318.39,461.0
2025-06-09 17:40:00,3318.14,3319.28,3316.12,3318.29,436.0
2025-06-09 17:45:00,3318.25,3321.13,3317.91,3321.11,429.0
2025-06-09 17:50:00,3321.11,3321.26,3319.76,3320.53,408.0
2025-06-09 17:55:00,3320.61,3321.19,3320.05,3320.81,365.0
2025-06-09 18:00:00,3320.95,3324.17,3320.39,3322.67,441.0
2025-06-09 18:05:00,3322.56,3323.75,3321.38,3323.71,358.0
2025-06-09 18:10:00,3323.82,3323.98,3322.52,3323.26,372.0
2025-06-09 18:15:00,3323.36,3326.38,3323.36,3326.1,365.0
2025-06-09 18:20:00,3326.09,3330.3,3325.51,3330.05,435.0
2025-06-09 18:25:00,3330.03,3330.66,3328.75,3330.6,405.0
2025-06-09 18:30:00,3330.74,3331.05,3329.14,3330.3,380.0
2025-06-09 18:35:00,3330.23,3330.24,3328.29,3329.67,325.0
2025-06-09 18:40:00,3329.68,3332.05,3329.67,3330.16,372.0
2025-06-09 18:45:00,3330.26,3330.91,3329.22,3329.9,333.0
2025-06-09 18:50:00,3329.92,3331.04,3329.72,3330.09,302.0
2025-06-09 18:55:00,3330.16,3330.51,3328.6,3328.63,296.0
2025-06-09 19:00:00,3328.6,3328.91,3327.51,3328.5,374.0
2025-06-09 19:05:00,3328.59,3331.05,3328.13,3329.93,327.0
2025-06-09 19:10:00,3329.91,3329.94,3328.68,3329.85,337.0
2025-06-09 19:15:00,3329.85,3331.94,3329.85,3331.78,383.0
2025-06-09 19:20:00,3331.79,3334.39,3331.11,3334.24,376.0
2025-06-09 19:25:00,3334.26,3335.38,3333.11,3333.11,347.0
2025-06-09 19:30:00,3333.1,3333.6,3331.87,3333.6,334.0
2025-06-09 19:35:00,3333.47,3334.44,3331.79,3333.48,336.0
2025-06-09 19:40:00,3333.61,3333.83,3332.78,3332.94,276.0
2025-06-09 19:45:00,3332.88,3336.48,3332.82,3336.48,350.0
2025-06-09 19:50:00,3336.48,3337.62,3336.24,3337.47,349.0
2025-06-09 19:55:00,3337.31,3337.8,3336.0,3337.62,325.0
2025-06-09 20:00:00,3338.02,3338.16,3335.25,3335.94,355.0
2025-06-09 20:05:00,3335.91,3336.75,3335.5,3336.08,276.0
2025-06-09 20:10:00,3336.1,3336.11,3333.9,3334.9,299.0
2025-06-09 20:15:00,3334.89,3335.4,3333.94,3334.03,283.0
2025-06-09 20:20:00,3334.27,3335.19,3333.96,3334.41,275.0
2025-06-09 20:25:00,3334.38,3334.52,3332.98,3334.12,337.0
2025-06-09 20:30:00,3334.09,3335.4,3332.94,3333.41,326.0
2025-06-09 20:35:00,3333.47,3335.16,3333.3,3334.82,284.0
2025-06-09 20:40:00,3334.74,3335.95,3334.69,3335.82,284.0
2025-06-09 20:45:00,3335.63,3335.7,3334.61,3335.31,255.0
2025-06-09 20:50:00,3335.4,3335.47,3334.03,3335.18,243.0
2025-06-09 20:55:00,3335.2,3335.6,3333.44,3333.57,279.0
2025-06-09 21:00:00,3333.58,3335.15,3333.21,3335.04,281.0
2025-06-09 21:05:00,3335.13,3335.7,3334.7,3335.61,229.0
2025-06-09 21:10:00,3335.61,3336.08,3335.01,3335.74,269.0
2025-06-09 21:15:00,3335.74,3335.82,3334.83,3335.51,242.0
2025-06-09 21:20:00,3335.47,3336.99,3335.47,3336.49,291.0
2025-06-09 21:25:00,3336.52,3336.83,3335.9,3336.43,275.0
2025-06-09 21:30:00,3336.39,3337.12,3336.0,3336.0,250.0
2025-06-09 21:35:00,3335.99,3336.79,3334.71,3334.96,282.0
2025-06-09 21:40:00,3334.95,3335.07,3333.77,3333.92,250.0
2025-06-09 21:45:00,3333.89,3333.89,3333.18,3333.59,229.0
2025-06-09 21:50:00,3333.59,3333.81,3332.77,3332.85,207.0
2025-06-09 21:55:00,3332.85,3334.11,3332.77,3333.17,252.0
2025-06-09 22:00:00,3333.15,3334.99,3332.98,3333.87,248.0
2025-06-09 22:05:00,3333.93,3334.67,3333.87,3334.31,215.0
2025-06-09 22:10:00,3334.3,3335.44,3333.95,3334.09,255.0
2025-06-09 22:15:00,3334.09,3334.39,3333.6,3333.6,248.0
2025-06-09 22:20:00,3333.62,3334.27,3333.05,3333.33,233.0
2025-06-09 22:25:00,3333.32,3333.46,3331.31,3331.4,289.0
2025-06-09 22:30:00,3331.36,3331.74,3330.34,3330.52,312.0
2025-06-09 22:35:00,3330.56,3331.06,3329.07,3329.3,332.0
2025-06-09 22:40:00,3329.32,3329.43,3327.95,3328.17,287.0
2025-06-09 22:45:00,3328.18,3329.89,3328.01,3329.72,291.0
2025-06-09 22:50:00,3329.55,3330.14,3327.47,3327.59,300.0
2025-06-09 22:55:00,3327.76,3328.54,3325.94,3327.22,362.0
2025-06-09 23:00:00,3327.13,3328.86,3326.51,3328.72,202.0
2025-06-09 23:05:00,3328.68,3329.48,3328.31,3328.41,179.0
2025-06-09 23:10:00,3328.44,3328.66,3326.92,3326.92,146.0
2025-06-09 23:15:00,3326.92,3327.34,3326.39,3326.46,164.0
2025-06-09 23:20:00,3326.41,3326.69,3325.8,3325.8,108.0
2025-06-09 23:25:00,3325.75,3326.15,3325.37,3325.46,150.0
2025-06-09 23:30:00,3325.58,3326.04,3325.07,3325.77,150.0
2025-06-09 23:35:00,3325.75,3326.89,3325.04,3326.88,155.0
2025-06-09 23:40:00,3327.06,3327.24,3326.26,3326.35,158.0
2025-06-09 23:45:00,3326.59,3326.77,3325.99,3326.75,144.0
2025-06-09 23:50:00,3326.77,3327.17,3325.75,3326.23,155.0
2025-06-09 23:55:00,3325.74,3325.74,3324.82,3325.39,145.0
2025-06-10 01:00:00,3325.86,3327.44,3322.01,3324.27,255.0
2025-06-10 01:05:00,3324.27,3324.27,3322.84,3323.91,127.0
2025-06-10 01:10:00,3323.95,3324.79,3323.88,3324.71,119.0
2025-06-10 01:15:00,3324.72,3325.6,3324.52,3325.59,108.0
2025-06-10 01:20:00,3325.59,3326.71,3325.34,3325.81,208.0
2025-06-10 01:25:00,3325.65,3325.65,3324.46,3325.16,150.0
2025-06-10 01:30:00,3325.1,3326.85,3324.94,3324.94,163.0
2025-06-10 01:35:00,3324.94,3325.59,3324.07,3324.11,140.0
2025-06-10 01:40:00,3324.09,3324.46,3321.99,3322.18,255.0
2025-06-10 01:45:00,3322.14,3324.28,3321.55,3322.95,260.0
2025-06-10 01:50:00,3322.97,3324.36,3322.16,3323.86,187.0
2025-06-10 01:55:00,3323.85,3323.97,3322.62,3323.57,124.0
2025-06-10 02:00:00,3323.65,3324.94,3323.65,3324.59,153.0
2025-06-10 02:05:00,3324.65,3325.31,3324.2,3325.23,105.0
2025-06-10 02:10:00,3325.24,3325.46,3324.65,3325.37,126.0
2025-06-10 02:15:00,3325.37,3326.63,3324.74,3326.09,162.0
2025-06-10 02:20:00,3326.1,3326.42,3325.62,3326.16,139.0
2025-06-10 02:25:00,3326.15,3326.32,3325.63,3326.22,112.0
2025-06-10 02:30:00,3326.07,3326.67,3325.77,3325.96,124.0
2025-06-10 02:35:00,3325.96,3326.46,3325.17,3326.46,161.0
2025-06-10 02:40:00,3326.43,3326.87,3325.38,3325.58,150.0
2025-06-10 02:45:00,3325.62,3326.25,3324.82,3325.6,198.0
2025-06-10 02:50:00,3325.6,3327.67,3325.6,3327.67,199.0
2025-06-10 02:55:00,3327.62,3327.87,3326.76,3326.77,221.0
2025-06-10 03:00:00,3326.76,3326.76,3321.53,3321.57,338.0
2025-06-10 03:05:00,3321.52,3322.09,3320.47,3320.53,337.0
2025-06-10 03:10:00,3320.61,3323.75,3320.06,3323.46,357.0
2025-06-10 03:15:00,3323.48,3324.61,3322.83,3324.05,302.0
2025-06-10 03:20:00,3324.05,3325.22,3322.71,3322.75,306.0
2025-06-10 03:25:00,3322.74,3322.75,3319.31,3320.51,341.0
2025-06-10 03:30:00,3320.71,3322.66,3319.52,3319.68,328.0
2025-06-10 03:35:00,3319.64,3320.28,3317.12,3318.74,411.0
2025-06-10 03:40:00,3318.44,3319.42,3315.68,3316.05,389.0
2025-06-10 03:45:00,3316.04,3317.82,3315.01,3316.96,352.0
2025-06-10 03:50:00,3316.95,3318.43,3315.7,3315.71,350.0
2025-06-10 03:55:00,3315.77,3316.9,3314.59,3316.59,375.0
2025-06-10 04:00:00,3316.6,3319.46,3313.35,3319.39,476.0
2025-06-10 04:05:00,3319.38,3319.9,3316.54,3316.65,425.0
2025-06-10 04:10:00,3316.57,3317.4,3312.04,3313.43,452.0
2025-06-10 04:15:00,3313.07,3314.94,3311.99,3314.63,419.0
2025-06-10 04:20:00,3314.34,3315.76,3311.09,3311.39,396.0
2025-06-10 04:25:00,3311.39,3313.19,3308.98,3310.94,461.0
2025-06-10 04:30:00,3311.12,3312.05,3306.35,3307.59,439.0
2025-06-10 04:35:00,3307.64,3309.46,3306.83,3308.32,432.0
2025-06-10 04:40:00,3308.29,3309.18,3305.98,3306.67,433.0
2025-06-10 04:45:00,3306.33,3307.35,3304.7,3304.7,419.0
2025-06-10 04:50:00,3304.64,3306.22,3302.99,3304.76,399.0
2025-06-10 04:55:00,3304.83,3308.21,3303.48,3306.29,407.0
2025-06-10 05:00:00,3306.16,3307.64,3304.5,3305.31,403.0
2025-06-10 05:05:00,3305.24,3306.24,3303.1,3306.24,381.0
2025-06-10 05:10:00,3306.24,3308.27,3305.84,3307.94,374.0
2025-06-10 05:15:00,3308.06,3308.81,3306.62,3306.74,317.0
2025-06-10 05:20:00,3306.74,3307.65,3304.18,3305.64,345.0
2025-06-10 05:25:00,3305.45,3306.1,3303.05,3303.77,338.0
2025-06-10 05:30:00,3303.79,3305.29,3301.94,3304.67,406.0
2025-06-10 05:35:00,3304.6,3307.6,3304.26,3306.28,348.0
2025-06-10 05:40:00,3306.25,3307.74,3304.36,3305.05,348.0
2025-06-10 05:45:00,3305.07,3307.71,3304.63,3307.11,338.0
2025-06-10 05:50:00,3307.12,3309.51,3306.5,3309.47,358.0
2025-06-10 05:55:00,3309.44,3310.36,3307.67,3309.31,344.0
2025-06-10 06:00:00,3309.3,3309.67,3307.75,3307.97,339.0
2025-06-10 06:05:00,3307.93,3310.41,3307.45,3308.1,336.0
2025-06-10 06:10:00,3308.14,3308.29,3305.51,3305.78,350.0
2025-06-10 06:15:00,3305.78,3307.24,3305.12,3307.09,319.0
2025-06-10 06:20:00,3307.07,3307.35,3305.97,3307.12,289.0
2025-06-10 06:25:00,3307.13,3309.05,3307.07,3307.53,313.0
2025-06-10 06:30:00,3307.49,3309.55,3307.02,3308.97,300.0
2025-06-10 06:35:00,3308.97,3309.56,3308.38,3308.94,266.0
2025-06-10 06:40:00,3309.05,3309.35,3307.83,3308.23,257.0
2025-06-10 06:45:00,3308.19,3309.06,3307.59,3307.74,205.0
2025-06-10 06:50:00,3307.81,3308.84,3307.01,3307.01,233.0
2025-06-10 06:55:00,3307.02,3309.51,3307.02,3307.53,282.0
2025-06-10 07:00:00,3307.6,3307.91,3306.35,3307.73,231.0
2025-06-10 07:05:00,3307.73,3308.69,3306.84,3307.0,242.0
2025-06-10 07:10:00,3306.98,3307.22,3306.09,3306.55,247.0
2025-06-10 07:15:00,3306.49,3307.5,3306.26,3307.34,203.0
2025-06-10 07:20:00,3307.44,3308.3,3307.07,3307.5,179.0
2025-06-10 07:25:00,3307.54,3307.54,3302.94,3303.46,262.0
2025-06-10 07:30:00,3303.53,3304.44,3302.85,3303.7,276.0
2025-06-10 07:35:00,3303.71,3305.25,3303.33,3304.99,258.0
2025-06-10 07:40:00,3304.99,3306.29,3304.02,3305.04,249.0
2025-06-10 07:45:00,3305.08,3306.43,3304.44,3306.18,213.0
2025-06-10 07:50:00,3306.01,3307.64,3305.88,3307.6,216.0
2025-06-10 07:55:00,3307.53,3308.2,3306.89,3307.25,254.0
2025-06-10 08:00:00,3307.29,3310.04,3306.74,3309.87,317.0
2025-06-10 08:05:00,3310.04,3311.26,3309.8,3310.84,278.0
2025-06-10 08:10:00,3310.9,3311.62,3310.21,3310.49,294.0
2025-06-10 08:15:00,3310.37,3311.34,3309.61,3311.18,306.0
2025-06-10 08:20:00,3311.3,3313.34,3310.47,3312.76,407.0
2025-06-10 08:25:00,3312.69,3312.92,3309.59,3310.62,410.0
2025-06-10 08:30:00,3310.44,3316.9,3309.62,3316.9,485.0
2025-06-10 08:35:00,3317.07,3319.15,3316.85,3317.49,455.0
2025-06-10 08:40:00,3317.47,3317.48,3313.56,3315.83,418.0
2025-06-10 08:45:00,3315.79,3316.56,3313.76,3316.24,389.0
2025-06-10 08:50:00,3316.29,3319.03,3315.47,3318.01,403.0
2025-06-10 08:55:00,3318.09,3319.13,3317.18,3317.61,342.0
2025-06-10 09:00:00,3318.01,3318.78,3315.57,3317.41,396.0
2025-06-10 09:05:00,3317.7,3319.64,3316.97,3319.52,398.0
2025-06-10 09:10:00,3319.62,3321.93,3319.08,3321.47,427.0
2025-06-10 09:15:00,3321.6,3323.81,3320.86,3322.95,395.0
2025-06-10 09:20:00,3323.02,3326.0,3322.95,3323.95,431.0
2025-06-10 09:25:00,3324.09,3326.11,3321.46,3326.05,412.0
2025-06-10 09:30:00,3325.8,3329.0,3325.53,3326.78,465.0
2025-06-10 09:35:00,3326.78,3331.29,3326.78,3328.01,461.0
2025-06-10 09:40:00,3328.16,3329.65,3327.19,3329.31,396.0
2025-06-10 09:45:00,3329.31,3331.23,3328.6,3328.6,423.0
2025-06-10 09:50:00,3328.53,3329.18,3326.8,3328.59,367.0
2025-06-10 09:55:00,3328.69,3328.69,3325.43,3325.62,399.0
2025-06-10 10:00:00,3325.42,3328.97,3325.42,3326.6,429.0
2025-06-10 10:05:00,3326.63,3329.26,3326.2,3328.76,420.0
2025-06-10 10:10:00,3328.76,3329.48,3327.87,3328.09,396.0
2025-06-10 10:15:00,3328.07,3328.67,3325.83,3326.05,393.0
2025-06-10 10:20:00,3326.11,3326.55,3324.28,3324.64,401.0
2025-06-10 10:25:00,3324.48,3328.07,3324.04,3327.83,366.0
2025-06-10 10:30:00,3327.85,3331.95,3327.76,3331.15,406.0
2025-06-10 10:35:00,3331.27,3332.15,3329.08,3330.39,384.0
2025-06-10 10:40:00,3330.24,3331.5,3327.49,3328.95,397.0
2025-06-10 10:45:00,3328.89,3331.33,3328.0,3329.7,449.0
2025-06-10 10:50:00,3329.69,3330.84,3328.87,3329.18,313.0
2025-06-10 10:55:00,3329.18,3330.26,3328.76,3330.07,321.0
2025-06-10 11:00:00,3330.13,3330.9,3328.26,3329.66,412.0
2025-06-10 11:05:00,3329.59,3330.9,3327.0,3330.68,406.0
2025-06-10 11:10:00,3330.48,3332.73,3328.88,3332.03,427.0
2025-06-10 11:15:00,3332.04,3334.84,3331.79,3332.81,384.0
2025-06-10 11:20:00,3332.82,3332.88,3329.98,3330.29,332.0
2025-06-10 11:25:00,3330.3,3330.78,3328.69,3329.19,345.0
2025-06-10 11:30:00,3329.08,3329.89,3328.61,3329.5,325.0
2025-06-10 11:35:00,3329.54,3329.73,3327.3,3327.82,292.0
2025-06-10 11:40:00,3327.8,3329.35,3327.08,3327.47,332.0
2025-06-10 11:45:00,3327.48,3327.71,3326.18,3327.41,322.0
2025-06-10 11:50:00,3327.37,3329.89,3327.29,3329.6,323.0
2025-06-10 11:55:00,3329.59,3329.91,3328.2,3329.33,335.0
2025-06-10 12:00:00,3329.34,3330.22,3328.77,3329.8,322.0
2025-06-10 12:05:00,3329.63,3329.94,3327.51,3328.59,299.0
2025-06-10 12:10:00,3328.58,3329.94,3328.58,3329.64,298.0
2025-06-10 12:15:00,3329.67,3330.93,3329.45,3330.8,297.0
2025-06-10 12:20:00,3330.8,3331.75,3329.67,3330.34,271.0
2025-06-10 12:25:00,3330.36,3330.69,3328.86,3329.24,300.0
2025-06-10 12:30:00,3329.19,3329.28,3327.63,3328.51,305.0
2025-06-10 12:35:00,3328.5,3328.97,3327.72,3328.5,282.0
2025-06-10 12:40:00,3328.52,3328.81,3327.77,3327.82,285.0
2025-06-10 12:45:00,3327.84,3328.73,3327.33,3328.41,300.0
2025-06-10 12:50:00,3328.29,3329.0,3327.18,3327.84,315.0
2025-06-10 12:55:00,3327.82,3329.73,3327.58,3329.72,277.0
2025-06-10 13:00:00,3329.73,3330.19,3328.72,3328.9,337.0
2025-06-10 13:05:00,3328.97,3329.98,3328.5,3329.07,318.0
2025-06-10 13:10:00,3329.29,3330.2,3328.91,3329.09,303.0
2025-06-10 13:15:00,3329.09,3330.73,3328.42,3330.3,310.0
2025-06-10 13:20:00,3330.26,3333.76,3329.78,3333.55,304.0
2025-06-10 13:25:00,3333.55,3335.34,3332.78,3333.93,374.0
2025-06-10 13:30:00,3333.93,3334.25,3332.83,3333.69,318.0
2025-06-10 13:35:00,3333.75,3335.12,3333.58,3334.84,297.0
2025-06-10 13:40:00,3334.83,3334.85,3332.95,3333.91,314.0
2025-06-10 13:45:00,3333.89,3334.3,3332.86,3333.77,276.0
2025-06-10 13:50:00,3333.99,3335.19,3333.99,3334.92,295.0
2025-06-10 13:55:00,3334.95,3336.26,3334.51,3335.35,290.0
2025-06-10 14:00:00,3335.4,3336.29,3333.77,3334.02,327.0
2025-06-10 14:05:00,3334.04,3337.46,3334.01,3336.71,313.0
2025-06-10 14:10:00,3336.71,3339.28,3336.29,3339.04,390.0
2025-06-10 14:15:00,3339.02,3341.58,3338.99,3341.46,411.0
2025-06-10 14:20:00,3341.45,3342.17,3339.93,3340.13,352.0
2025-06-10 14:25:00,3340.13,3340.77,3339.23,3340.49,314.0
2025-06-10 14:30:00,3340.45,3342.47,3339.96,3340.12,345.0
2025-06-10 14:35:00,3340.13,3340.82,3338.64,3339.79,362.0
2025-06-10 14:40:00,3339.79,3339.87,3336.09,3337.98,355.0
2025-06-10 14:45:00,3337.94,3338.07,3336.25,3336.64,309.0
2025-06-10 14:50:00,3336.67,3337.06,3333.46,3334.59,368.0
2025-06-10 14:55:00,3334.76,3335.11,3332.31,3333.67,391.0
2025-06-10 15:00:00,3333.68,3335.87,3332.78,3332.78,395.0
2025-06-10 15:05:00,3332.79,3333.43,3331.46,3332.36,407.0
2025-06-10 15:10:00,3332.32,3332.54,3329.16,3329.16,400.0
2025-06-10 15:15:00,3329.01,3332.33,3328.23,3332.18,398.0
2025-06-10 15:20:00,3332.46,3337.27,3332.46,3335.54,448.0
2025-06-10 15:25:00,3335.67,3338.37,3335.67,3337.18,408.0
2025-06-10 15:30:00,3337.26,3340.2,3336.88,3338.96,432.0
2025-06-10 15:35:00,3338.97,3340.13,3337.58,3337.86,401.0
2025-06-10 15:40:00,3337.83,3338.74,3335.44,3338.6,369.0
2025-06-10 15:45:00,3338.47,3340.24,3338.43,3339.8,360.0
2025-06-10 15:50:00,3339.82,3340.17,3338.71,3339.47,384.0
2025-06-10 15:55:00,3339.39,3339.58,3337.0,3337.22,353.0
2025-06-10 16:00:00,3337.04,3338.89,3335.54,3338.8,472.0
2025-06-10 16:05:00,3338.78,3338.84,3336.5,3337.72,414.0
2025-06-10 16:10:00,3337.72,3340.2,3337.19,3338.99,411.0
2025-06-10 16:15:00,3339.09,3340.99,3338.18,3340.37,425.0
2025-06-10 16:20:00,3340.37,3344.68,3340.17,3344.52,459.0
2025-06-10 16:25:00,3344.37,3346.17,3341.61,3345.82,471.0
2025-06-10 16:30:00,3346.08,3346.99,3343.68,3344.51,482.0
2025-06-10 16:35:00,3344.51,3345.04,3342.55,3344.59,488.0
2025-06-10 16:40:00,3344.61,3347.74,3343.76,3347.62,460.0
2025-06-10 16:45:00,3347.56,3349.08,3345.55,3346.57,489.0
2025-06-10 16:50:00,3346.68,3347.22,3344.94,3346.88,467.0
2025-06-10 16:55:00,3346.86,3347.2,3343.52,3343.56,469.0
2025-06-10 17:00:00,3343.68,3343.68,3337.92,3339.2,425.0
2025-06-10 17:05:00,3340.6,3341.08,3334.43,3335.23,497.0
2025-06-10 17:10:00,3335.09,3338.39,3333.74,3336.26,481.0
2025-06-10 17:15:00,3336.43,3339.02,3331.24,3333.14,482.0
2025-06-10 17:20:00,3333.15,3336.28,3331.81,3334.35,489.0
2025-06-10 17:25:00,3334.24,3335.28,3332.88,3333.58,432.0
2025-06-10 17:30:00,3333.11,3333.61,3331.24,3331.71,445.0
2025-06-10 17:35:00,3331.71,3333.49,3330.46,3333.18,421.0
2025-06-10 17:40:00,3333.12,3333.22,3329.07,3329.67,442.0
2025-06-10 17:45:00,3329.66,3332.48,3327.92,3330.22,469.0
2025-06-10 17:50:00,3330.31,3330.5,3325.47,3327.88,474.0
2025-06-10 17:55:00,3327.91,3329.44,3327.1,3328.28,463.0
2025-06-10 18:00:00,3328.16,3328.4,3324.61,3324.61,445.0
2025-06-10 18:05:00,3325.2,3329.09,3324.88,3327.9,428.0
2025-06-10 18:10:00,3327.87,3328.63,3325.47,3325.71,408.0
2025-06-10 18:15:00,3325.79,3326.11,3323.83,3324.92,437.0
2025-06-10 18:20:00,3324.9,3326.21,3323.54,3323.78,415.0
2025-06-10 18:25:00,3323.79,3326.58,3323.66,3326.58,374.0
2025-06-10 18:30:00,3326.68,3329.27,3324.76,3326.4,469.0
2025-06-10 18:35:00,3326.38,3328.96,3325.8,3325.96,446.0
2025-06-10 18:40:00,3325.95,3327.71,3323.31,3326.1,461.0
2025-06-10 18:45:00,3326.15,3326.15,3324.43,3325.9,384.0
2025-06-10 18:50:00,3325.82,3328.12,3325.49,3328.09,353.0
2025-06-10 18:55:00,3328.02,3328.28,3325.95,3326.7,367.0
2025-06-10 19:00:00,3326.57,3327.73,3325.63,3327.21,380.0
2025-06-10 19:05:00,3327.2,3327.36,3324.72,3325.35,359.0
2025-06-10 19:10:00,3325.35,3325.35,3321.34,3322.9,421.0
2025-06-10 19:15:00,3322.89,3323.2,3320.73,3322.18,376.0
2025-06-10 19:20:00,3322.19,3323.34,3321.2,3321.56,325.0
2025-06-10 19:25:00,3321.68,3322.92,3321.38,3322.74,356.0
2025-06-10 19:30:00,3322.84,3323.34,3321.9,3323.06,360.0
2025-06-10 19:35:00,3323.07,3323.07,3321.32,3322.65,335.0
2025-06-10 19:40:00,3322.63,3324.36,3322.47,3323.47,359.0
2025-06-10 19:45:00,3323.44,3323.48,3320.7,3321.48,320.0
2025-06-10 19:50:00,3321.35,3322.25,3321.0,3321.21,305.0
2025-06-10 19:55:00,3321.19,3321.56,3320.03,3321.34,328.0
2025-06-10 20:00:00,3321.53,3323.34,3320.54,3322.98,334.0
2025-06-10 20:05:00,3322.94,3324.28,3321.66,3324.28,324.0
2025-06-10 20:10:00,3324.29,3324.46,3322.19,3322.41,315.0
2025-06-10 20:15:00,3322.4,3323.51,3321.0,3321.31,296.0
2025-06-10 20:20:00,3321.21,3321.69,3320.38,3321.35,326.0
2025-06-10 20:25:00,3321.31,3323.95,3321.29,3321.87,377.0
2025-06-10 20:30:00,3321.91,3324.22,3321.91,3323.91,287.0
2025-06-10 20:35:00,3324.0,3324.62,3323.44,3323.77,253.0
2025-06-10 20:40:00,3323.65,3325.04,3323.28,3323.86,281.0
2025-06-10 20:45:00,3323.87,3324.17,3322.98,3323.83,270.0
2025-06-10 20:50:00,3323.72,3325.26,3323.66,3325.18,251.0
2025-06-10 20:55:00,3325.18,3325.79,3324.36,3324.68,292.0
2025-06-10 21:00:00,3324.69,3325.33,3323.3,3323.44,358.0
2025-06-10 21:05:00,3323.4,3324.21,3322.95,3323.91,305.0
2025-06-10 21:10:00,3323.92,3324.13,3322.19,3322.69,320.0
2025-06-10 21:15:00,3322.71,3322.81,3321.64,3322.2,299.0
2025-06-10 21:20:00,3322.29,3322.64,3321.22,3322.37,253.0
2025-06-10 21:25:00,3322.4,3323.68,3322.17,3323.21,270.0
2025-06-10 21:30:00,3323.25,3323.38,3321.63,3321.77,235.0
2025-06-10 21:35:00,3321.79,3323.43,3321.15,3323.42,234.0
2025-06-10 21:40:00,3323.37,3323.82,3323.11,3323.81,235.0
2025-06-10 21:45:00,3323.83,3323.95,3322.25,3322.28,238.0
2025-06-10 21:50:00,3322.27,3322.66,3320.97,3321.06,251.0
2025-06-10 21:55:00,3320.99,3322.55,3319.51,3321.61,363.0
2025-06-10 22:00:00,3321.61,3324.31,3321.45,3323.2,331.0
2025-06-10 22:05:00,3323.31,3324.95,3322.17,3324.83,287.0
2025-06-10 22:10:00,3324.87,3326.08,3324.63,3326.08,272.0
2025-06-10 22:15:00,3326.1,3330.34,3326.1,3329.13,340.0
2025-06-10 22:20:00,3329.16,3330.97,3329.16,3330.84,346.0
2025-06-10 22:25:00,3330.94,3332.05,3330.37,3331.23,303.0
2025-06-10 22:30:00,3331.26,3333.54,3331.1,3333.43,341.0
2025-06-10 22:35:00,3333.54,3334.5,3333.35,3333.89,279.0
2025-06-10 22:40:00,3333.9,3334.15,3332.6,3333.48,328.0
2025-06-10 22:45:00,3333.6,3334.01,3332.18,3332.95,310.0
2025-06-10 22:50:00,3332.92,3333.42,3329.49,3329.49,338.0
2025-06-10 22:55:00,3329.78,3329.88,3327.91,3328.55,400.0
2025-06-10 23:00:00,3328.8,3328.87,3326.85,3327.16,268.0
2025-06-10 23:05:00,3327.07,3327.75,3326.01,3327.61,264.0
2025-06-10 23:10:00,3327.65,3328.61,3327.57,3327.84,228.0
2025-06-10 23:15:00,3327.93,3328.71,3325.59,3325.87,199.0
2025-06-10 23:20:00,3325.85,3326.08,3324.28,3325.38,244.0
2025-06-10 23:25:00,3325.49,3326.44,3324.67,3324.81,206.0
2025-06-10 23:30:00,3324.91,3326.36,3323.9,3324.09,171.0
2025-06-10 23:35:00,3324.08,3324.16,3322.76,3322.92,181.0
2025-06-10 23:40:00,3322.94,3323.7,3322.9,3323.54,173.0
2025-06-10 23:45:00,3323.49,3323.87,3322.7,3323.23,155.0
2025-06-10 23:50:00,3323.21,3323.62,3322.45,3322.63,172.0
2025-06-10 23:55:00,3323.16,3323.16,3322.4,3322.4,160.0
2025-06-11 01:00:00,3322.21,3322.94,3320.87,3322.36,218.0
2025-06-11 01:05:00,3323.17,3323.86,3323.16,3323.83,87.0
2025-06-11 01:10:00,3323.86,3324.49,3321.89,3321.89,196.0
2025-06-11 01:15:00,3321.93,3322.94,3321.2,3322.47,151.0
2025-06-11 01:20:00,3322.48,3323.64,3322.48,3322.56,114.0
2025-06-11 01:25:00,3322.6,3322.66,3320.79,3322.05,237.0
2025-06-11 01:30:00,3322.02,3323.39,3321.16,3322.84,248.0
2025-06-11 01:35:00,3322.82,3324.2,3322.77,3324.13,161.0
2025-06-11 01:40:00,3324.03,3327.04,3324.03,3326.97,258.0
2025-06-11 01:45:00,3326.88,3327.41,3324.52,3325.43,220.0
2025-06-11 01:50:00,3325.44,3325.66,3323.81,3324.4,165.0
2025-06-11 01:55:00,3324.42,3324.88,3323.86,3324.47,135.0
2025-06-11 02:00:00,3324.48,3325.23,3323.39,3324.05,163.0
2025-06-11 02:05:00,3324.03,3327.14,3324.03,3326.16,226.0
2025-06-11 02:10:00,3326.13,3326.61,3325.19,3325.63,218.0
2025-06-11 02:15:00,3325.87,3326.14,3322.01,3322.05,254.0
2025-06-11 02:20:00,3321.93,3322.42,3315.53,3320.74,460.0
2025-06-11 02:25:00,3320.74,3323.09,3319.14,3321.96,309.0
2025-06-11 02:30:00,3321.86,3322.76,3319.65,3321.34,287.0
2025-06-11 02:35:00,3321.38,3325.92,3321.22,3325.72,294.0
2025-06-11 02:40:00,3325.71,3326.3,3324.73,3325.42,223.0
2025-06-11 02:45:00,3325.43,3326.38,3324.34,3326.14,237.0
2025-06-11 02:50:00,3326.15,3327.93,3326.02,3326.51,303.0
2025-06-11 02:55:00,3326.38,3328.08,3325.96,3327.95,259.0
2025-06-11 03:00:00,3328.01,3328.14,3325.09,3325.32,343.0
2025-06-11 03:05:00,3325.34,3328.64,3325.34,3327.91,341.0
2025-06-11 03:10:00,3327.94,3330.35,3327.88,3328.33,357.0
2025-06-11 03:15:00,3328.38,3331.8,3328.3,3331.44,361.0
2025-06-11 03:20:00,3331.46,3333.81,3331.22,3331.51,334.0
2025-06-11 03:25:00,3331.56,3331.77,3330.19,3331.01,304.0
2025-06-11 03:30:00,3331.4,3332.73,3330.83,3332.09,306.0
2025-06-11 03:35:00,3332.03,3334.33,3330.4,3333.89,320.0
2025-06-11 03:40:00,3333.92,3335.2,3332.43,3333.27,412.0
2025-06-11 03:45:00,3333.29,3334.39,3332.41,3333.96,342.0
2025-06-11 03:50:00,3333.95,3334.07,3331.81,3331.91,340.0
2025-06-11 03:55:00,3331.94,3332.69,3331.29,3332.5,310.0
2025-06-11 04:00:00,3332.36,3333.47,3330.54,3330.86,412.0
2025-06-11 04:05:00,3330.95,3332.83,3330.53,3332.51,370.0
2025-06-11 04:10:00,3332.51,3334.63,3332.51,3334.04,386.0
2025-06-11 04:15:00,3334.02,3336.47,3333.04,3335.82,389.0
2025-06-11 04:20:00,3335.83,3336.25,3334.53,3335.27,311.0
2025-06-11 04:25:00,3335.28,3337.4,3334.85,3335.77,334.0
2025-06-11 04:30:00,3335.85,3336.24,3334.21,3334.63,333.0
2025-06-11 04:35:00,3334.63,3335.6,3333.14,3334.97,320.0
2025-06-11 04:40:00,3335.29,3336.51,3334.44,3334.45,363.0
2025-06-11 04:45:00,3334.44,3334.51,3331.12,3331.12,368.0
2025-06-11 04:50:00,3331.12,3331.12,3328.61,3328.61,395.0
2025-06-11 04:55:00,3328.68,3329.25,3327.58,3328.68,366.0
2025-06-11 05:00:00,3328.47,3329.19,3327.22,3328.14,314.0
2025-06-11 05:05:00,3328.14,3330.14,3327.58,3330.14,297.0
2025-06-11 05:10:00,3330.1,3332.45,3329.59,3332.29,329.0
2025-06-11 05:15:00,3332.44,3335.9,3332.21,3335.77,307.0
2025-06-11 05:20:00,3335.87,3336.36,3334.54,3335.58,319.0
2025-06-11 05:25:00,3335.58,3335.84,3332.83,3333.55,306.0
2025-06-11 05:30:00,3333.52,3335.59,3332.49,3334.76,378.0
2025-06-11 05:35:00,3334.53,3334.7,3332.84,3334.61,286.0
2025-06-11 05:40:00,3334.46,3337.07,3334.06,3337.01,297.0
2025-06-11 05:45:00,3336.97,3338.59,3335.94,3338.07,337.0
2025-06-11 05:50:00,3338.07,3339.48,3338.02,3339.15,319.0
2025-06-11 05:55:00,3338.98,3339.47,3337.99,3338.24,306.0
2025-06-11 06:00:00,3338.27,3339.07,3337.35,3339.07,296.0
2025-06-11 06:05:00,3339.05,3339.31,3337.67,3337.76,278.0
2025-06-11 06:10:00,3337.74,3339.78,3336.49,3336.8,305.0
2025-06-11 06:15:00,3336.83,3339.06,3336.63,3338.34,293.0
2025-06-11 06:20:00,3338.28,3338.38,3337.39,3337.82,247.0
2025-06-11 06:25:00,3337.84,3339.65,3337.65,3339.48,295.0
2025-06-11 06:30:00,3339.38,3341.23,3339.19,3341.05,338.0
2025-06-11 06:35:00,3341.15,3341.57,3340.48,3340.53,262.0
2025-06-11 06:40:00,3340.57,3341.2,3340.45,3341.06,212.0
2025-06-11 06:45:00,3341.06,3341.1,3339.68,3339.91,160.0
2025-06-11 06:50:00,3339.92,3340.0,3338.61,3339.19,189.0
2025-06-11 06:55:00,3339.18,3339.74,3338.8,3339.44,184.0
2025-06-11 07:00:00,3339.38,3339.38,3336.88,3338.05,294.0
2025-06-11 07:05:00,3338.05,3340.97,3338.05,3340.64,266.0
2025-06-11 07:10:00,3340.63,3342.92,3340.62,3342.75,282.0
2025-06-11 07:15:00,3342.72,3342.72,3340.65,3340.65,280.0
2025-06-11 07:20:00,3340.64,3340.69,3339.43,3340.15,273.0
2025-06-11 07:25:00,3340.15,3341.99,3339.84,3341.66,327.0
2025-06-11 07:30:00,3341.64,3341.66,3339.78,3339.9,197.0
2025-06-11 07:35:00,3339.89,3340.6,3339.47,3339.71,208.0
2025-06-11 07:40:00,3339.72,3340.73,3339.58,3340.73,193.0
2025-06-11 07:45:00,3340.74,3342.28,3340.66,3342.09,199.0
2025-06-11 07:50:00,3342.07,3342.72,3341.33,3342.14,237.0
2025-06-11 07:55:00,3342.14,3342.4,3341.64,3341.85,244.0
2025-06-11 08:00:00,3341.81,3343.13,3341.36,3342.64,283.0
2025-06-11 08:05:00,3342.76,3342.78,3341.09,3342.25,279.0
2025-06-11 08:10:00,3342.29,3342.82,3340.4,3340.41,261.0
2025-06-11 08:15:00,3340.35,3340.35,3338.95,3339.68,260.0
2025-06-11 08:20:00,3339.64,3341.24,3339.5,3341.07,296.0
2025-06-11 08:25:00,3341.12,3341.97,3340.59,3340.76,260.0
2025-06-11 08:30:00,3340.8,3342.31,3339.59,3341.78,322.0
2025-06-11 08:35:00,3341.78,3342.58,3340.29,3340.6,286.0
2025-06-11 08:40:00,3340.6,3340.6,3337.09,3338.48,343.0
2025-06-11 08:45:00,3338.53,3339.29,3336.51,3337.49,353.0
2025-06-11 08:50:00,3337.47,3338.97,3335.59,3335.8,357.0
2025-06-11 08:55:00,3335.85,3339.8,3335.69,3339.68,359.0
2025-06-11 09:00:00,3339.69,3340.13,3337.15,3338.49,366.0
2025-06-11 09:05:00,3338.5,3340.03,3338.47,3339.78,381.0
2025-06-11 09:10:00,3339.77,3340.04,3338.06,3338.13,356.0
2025-06-11 09:15:00,3338.16,3338.75,3336.98,3337.13,362.0
2025-06-11 09:20:00,3337.32,3337.34,3335.52,3336.09,363.0
2025-06-11 09:25:00,3336.09,3336.13,3332.52,3333.38,430.0
2025-06-11 09:30:00,3333.57,3337.02,3333.29,3336.84,399.0
2025-06-11 09:35:00,3336.78,3337.32,3335.23,3335.9,367.0
2025-06-11 09:40:00,3335.94,3337.87,3335.79,3337.39,328.0
2025-06-11 09:45:00,3337.47,3338.64,3336.34,3336.95,332.0
2025-06-11 09:50:00,3336.94,3339.13,3336.84,3337.85,344.0
2025-06-11 09:55:00,3337.79,3337.96,3336.15,3337.14,354.0
2025-06-11 10:00:00,3337.25,3338.16,3335.85,3337.85,368.0
2025-06-11 10:05:00,3337.84,3338.51,3336.48,3336.95,363.0
2025-06-11 10:10:00,3336.63,3336.82,3335.23,3335.79,365.0
2025-06-11 10:15:00,3336.42,3338.69,3336.36,3338.52,353.0
2025-06-11 10:20:00,3338.51,3340.53,3338.41,3339.22,355.0
2025-06-11 10:25:00,3339.37,3339.59,3338.0,3339.02,313.0
2025-06-11 10:30:00,3339.03,3341.36,3338.74,3339.28,314.0
2025-06-11 10:35:00,3339.23,3339.27,3336.22,3336.33,353.0
2025-06-11 10:40:00,3336.33,3340.24,3336.12,3340.22,329.0
2025-06-11 10:45:00,3340.24,3342.35,3339.8,3342.28,327.0
2025-06-11 10:50:00,3342.27,3347.24,3342.27,3346.5,430.0
2025-06-11 10:55:00,3346.35,3348.54,3345.31,3345.72,383.0
2025-06-11 11:00:00,3345.33,3345.73,3343.96,3345.64,338.0
2025-06-11 11:05:00,3345.65,3345.74,3344.02,3345.44,319.0
2025-06-11 11:10:00,3345.48,3345.68,3344.32,3345.06,302.0
2025-06-11 11:15:00,3345.07,3345.67,3343.54,3344.16,304.0
2025-06-11 11:20:00,3344.16,3345.9,3343.99,3344.61,314.0
2025-06-11 11:25:00,3344.61,3345.88,3343.46,3345.29,309.0
2025-06-11 11:30:00,3345.37,3346.42,3344.83,3344.88,295.0
2025-06-11 11:35:00,3344.87,3345.37,3342.53,3343.7,334.0
2025-06-11 11:40:00,3343.73,3346.69,3343.73,3346.18,321.0
2025-06-11 11:45:00,3346.28,3346.56,3345.19,3345.34,273.0
2025-06-11 11:50:00,3345.34,3346.21,3345.19,3345.94,267.0
2025-06-11 11:55:00,3345.91,3346.19,3344.49,3344.57,275.0
2025-06-11 12:00:00,3344.31,3344.63,3340.73,3341.01,399.0
2025-06-11 12:05:00,3340.93,3341.06,3334.04,3335.99,469.0
2025-06-11 12:10:00,3336.13,3341.92,3336.09,3341.92,431.0
2025-06-11 12:15:00,3341.92,3342.09,3340.3,3340.77,360.0
2025-06-11 12:20:00,3340.76,3340.94,3337.78,3339.02,335.0
2025-06-11 12:25:00,3338.99,3340.87,3338.73,3338.83,361.0
2025-06-11 12:30:00,3338.79,3339.35,3336.85,3338.92,380.0
2025-06-11 12:35:00,3339.05,3339.76,3336.99,3337.92,334.0
2025-06-11 12:40:00,3337.79,3338.46,3336.4,3336.49,280.0
2025-06-11 12:45:00,3336.44,3337.33,3334.73,3335.38,346.0
2025-06-11 12:50:00,3335.4,3335.41,3331.38,3333.79,420.0
2025-06-11 12:55:00,3333.85,3334.77,3332.08,3333.72,357.0
2025-06-11 13:00:00,3333.88,3336.57,3332.79,3335.44,375.0
2025-06-11 13:05:00,3335.4,3336.0,3334.58,3334.75,321.0
2025-06-11 13:10:00,3334.73,3335.0,3332.64,3334.27,306.0
2025-06-11 13:15:00,3334.24,3336.76,3334.01,3334.26,322.0
2025-06-11 13:20:00,3334.35,3335.22,3334.02,3334.22,297.0
2025-06-11 13:25:00,3334.15,3334.2,3331.38,3331.87,329.0
2025-06-11 13:30:00,3331.9,3333.67,3330.59,3333.19,372.0
2025-06-11 13:35:00,3333.2,3333.3,3331.64,3332.96,289.0
2025-06-11 13:40:00,3332.95,3333.58,3330.94,3331.22,313.0
2025-06-11 13:45:00,3331.23,3333.05,3330.99,3331.51,272.0
2025-06-11 13:50:00,3331.37,3332.22,3330.15,3330.96,334.0
2025-06-11 13:55:00,3330.87,3330.94,3328.5,3329.83,339.0
2025-06-11 14:00:00,3329.88,3330.14,3326.66,3327.11,339.0
2025-06-11 14:05:00,3327.11,3331.12,3326.22,3327.9,480.0
2025-06-11 14:10:00,3327.79,3330.94,3327.79,3330.05,351.0
2025-06-11 14:15:00,3329.93,3331.92,3329.93,3330.32,303.0
2025-06-11 14:20:00,3330.37,3331.26,3329.94,3330.41,321.0
2025-06-11 14:25:00,3330.48,3332.1,3329.74,3331.74,340.0
2025-06-11 14:30:00,3331.68,3332.45,3330.04,3332.3,277.0
2025-06-11 14:35:00,3332.26,3334.35,3332.2,3333.94,323.0
2025-06-11 14:40:00,3333.94,3335.02,3333.01,3334.27,306.0
2025-06-11 14:45:00,3334.47,3335.21,3333.3,3333.35,282.0
2025-06-11 14:50:00,3333.36,3333.54,3332.05,3332.83,294.0
2025-06-11 14:55:00,3332.82,3334.09,3331.79,3333.16,342.0
2025-06-11 15:00:00,3333.24,3336.85,3328.6,3329.17,429.0
2025-06-11 15:05:00,3329.33,3333.13,3327.25,3331.79,509.0
2025-06-11 15:10:00,3331.84,3335.75,3330.39,3334.59,452.0
2025-06-11 15:15:00,3334.73,3338.24,3333.7,3337.97,435.0
2025-06-11 15:20:00,3338.06,3341.18,3337.7,3340.75,463.0
2025-06-11 15:25:00,3340.8,3342.86,3339.79,3339.79,413.0
2025-06-11 15:30:00,3339.9,3357.35,3339.57,3355.73,580.0
2025-06-11 15:35:00,3355.63,3360.68,3355.63,3357.35,551.0
2025-06-11 15:40:00,3357.04,3358.53,3353.07,3354.34,528.0
2025-06-11 15:45:00,3354.35,3355.71,3349.67,3350.1,527.0
2025-06-11 15:50:00,3350.26,3352.21,3340.66,3342.58,518.0
2025-06-11 15:55:00,3342.33,3343.05,3332.57,3336.72,547.0
2025-06-11 16:00:00,3336.91,3339.13,3331.8,3335.45,523.0
2025-06-11 16:05:00,3335.61,3341.18,3333.48,3341.18,500.0
2025-06-11 16:10:00,3341.26,3341.53,3336.84,3341.5,470.0
2025-06-11 16:15:00,3341.51,3344.42,3339.8,3344.28,483.0
2025-06-11 16:20:00,3344.15,3344.23,3340.08,3340.11,477.0
2025-06-11 16:25:00,3340.16,3342.54,3337.45,3337.74,497.0
2025-06-11 16:30:00,3337.75,3338.38,3333.86,3336.86,533.0
2025-06-11 16:35:00,3336.83,3339.61,3335.75,3338.38,507.0
2025-06-11 16:40:00,3338.09,3339.28,3332.94,3332.94,524.0
2025-06-11 16:45:00,3332.69,3334.41,3327.73,3332.55,538.0
2025-06-11 16:50:00,3332.87,3335.13,3331.21,3334.17,485.0
2025-06-11 16:55:00,3334.11,3334.45,3328.77,3329.93,505.0
2025-06-11 17:00:00,3329.24,3333.4,3328.65,3330.73,510.0
2025-06-11 17:05:00,3330.63,3332.95,3329.64,3332.58,484.0
2025-06-11 17:10:00,3332.45,3333.89,3330.21,3331.53,469.0
2025-06-11 17:15:00,3331.86,3335.06,3331.36,3334.83,457.0
2025-06-11 17:20:00,3334.61,3335.47,3332.8,3334.29,462.0
2025-06-11 17:25:00,3334.4,3334.4,3331.79,3333.18,439.0
2025-06-11 17:30:00,3333.22,3335.08,3332.46,3334.1,409.0
2025-06-11 17:35:00,3334.13,3335.4,3333.86,3335.03,400.0
2025-06-11 17:40:00,3335.03,3341.25,3334.0,3340.7,484.0
2025-06-11 17:45:00,3340.61,3340.93,3337.87,3338.25,427.0
2025-06-11 17:50:00,3338.22,3340.58,3337.55,3338.23,440.0
2025-06-11 17:55:00,3338.24,3338.96,3337.2,3337.55,408.0
2025-06-11 18:00:00,3337.56,3338.97,3336.72,3337.48,405.0
2025-06-11 18:05:00,3337.44,3341.1,3336.65,3339.73,421.0
2025-06-11 18:10:00,3339.67,3341.7,3338.19,3341.07,425.0
2025-06-11 18:15:00,3341.07,3342.02,3339.0,3341.41,415.0
2025-06-11 18:20:00,3341.4,3342.75,3339.76,3339.76,368.0
2025-06-11 18:25:00,3339.86,3340.3,3338.55,3339.94,410.0
2025-06-11 18:30:00,3339.95,3339.95,3336.58,3337.83,359.0
2025-06-11 18:35:00,3337.84,3340.45,3337.84,3338.81,344.0
2025-06-11 18:40:00,3338.87,3339.03,3335.27,3335.27,362.0
2025-06-11 18:45:00,3335.32,3335.69,3329.61,3332.95,493.0
2025-06-11 18:50:00,3332.96,3334.08,3331.47,3332.55,408.0
2025-06-11 18:55:00,3332.64,3333.73,3331.65,3333.17,363.0
2025-06-11 19:00:00,3333.22,3334.4,3332.6,3334.22,359.0
2025-06-11 19:05:00,3334.25,3334.25,3331.91,3332.99,368.0
2025-06-11 19:10:00,3332.96,3332.97,3329.65,3329.84,358.0
2025-06-11 19:15:00,3329.78,3331.48,3329.17,3331.27,359.0
2025-06-11 19:20:00,3331.26,3332.0,3329.98,3331.96,333.0
2025-06-11 19:25:00,3331.98,3332.02,3330.04,3331.75,340.0
2025-06-11 19:30:00,3331.76,3331.84,3329.21,3329.45,339.0
2025-06-11 19:35:00,3329.42,3330.23,3328.51,3328.63,349.0
2025-06-11 19:40:00,3328.61,3329.95,3328.16,3329.44,345.0
2025-06-11 19:45:00,3329.46,3332.27,3329.02,3332.09,332.0
2025-06-11 19:50:00,3332.06,3332.46,3330.45,3330.89,346.0
2025-06-11 19:55:00,3330.88,3331.06,3329.13,3330.25,309.0
2025-06-11 20:00:00,3330.25,3331.01,3328.5,3330.85,382.0
2025-06-11 20:05:00,3330.92,3331.32,3326.29,3327.55,355.0
2025-06-11 20:10:00,3327.54,3327.62,3324.76,3327.13,387.0
2025-06-11 20:15:00,3327.1,3328.39,3325.95,3326.06,348.0
2025-06-11 20:20:00,3326.01,3326.97,3324.12,3325.61,386.0
2025-06-11 20:25:00,3325.62,3326.02,3321.41,3323.83,393.0
2025-06-11 20:30:00,3323.82,3325.39,3323.33,3324.08,375.0
2025-06-11 20:35:00,3323.98,3324.39,3320.59,3321.01,395.0
2025-06-11 20:40:00,3321.02,3322.65,3319.29,3322.26,383.0
2025-06-11 20:45:00,3322.22,3323.32,3321.71,3322.74,320.0
2025-06-11 20:50:00,3322.73,3325.42,3322.72,3324.68,380.0
2025-06-11 20:55:00,3324.66,3325.91,3323.32,3324.28,362.0
2025-06-11 21:00:00,3324.43,3333.87,3323.83,3333.02,424.0
2025-06-11 21:05:00,3333.08,3339.91,3333.08,3337.65,490.0
2025-06-11 21:10:00,3337.55,3342.11,3336.72,3342.05,452.0
2025-06-11 21:15:00,3342.14,3342.81,3339.48,3340.72,520.0
2025-06-11 21:20:00,3340.67,3344.79,3340.63,3341.79,473.0
2025-06-11 21:25:00,3341.77,3345.76,3341.61,3345.68,447.0
2025-06-11 21:30:00,3345.9,3347.3,3338.79,3339.33,475.0
2025-06-11 21:35:00,3339.41,3342.57,3339.14,3339.35,383.0
2025-06-11 21:40:00,3339.26,3342.51,3338.53,3340.46,347.0
2025-06-11 21:45:00,3342.03,3343.11,3340.8,3341.85,319.0
2025-06-11 21:50:00,3341.84,3344.18,3341.74,3343.06,333.0
2025-06-11 21:55:00,3342.84,3344.66,3342.84,3343.85,352.0
2025-06-11 22:00:00,3343.88,3345.36,3342.52,3343.71,378.0
2025-06-11 22:05:00,3343.79,3345.46,3342.35,3343.09,347.0
2025-06-11 22:10:00,3342.99,3344.56,3342.39,3344.37,305.0
2025-06-11 22:15:00,3344.39,3346.29,3343.97,3345.5,360.0
2025-06-11 22:20:00,3345.54,3345.59,3343.17,3343.61,316.0
2025-06-11 22:25:00,3343.6,3345.53,3343.55,3344.84,339.0
2025-06-11 22:30:00,3344.97,3349.09,3344.73,3348.96,359.0
2025-06-11 22:35:00,3349.07,3349.28,3346.55,3346.96,376.0
2025-06-11 22:40:00,3346.94,3348.55,3346.94,3348.33,338.0
2025-06-11 22:45:00,3348.48,3348.7,3346.72,3347.92,357.0
2025-06-11 22:50:00,3347.7,3347.89,3346.67,3346.93,361.0
2025-06-11 22:55:00,3346.81,3347.37,3346.36,3346.81,385.0
2025-06-11 23:00:00,3347.13,3348.96,3346.75,3348.62,239.0
2025-06-11 23:05:00,3348.67,3348.67,3346.63,3346.63,218.0
2025-06-11 23:10:00,3346.65,3348.2,3346.62,3348.2,160.0
2025-06-11 23:15:00,3348.21,3348.21,3347.07,3347.58,139.0
2025-06-11 23:20:00,3347.66,3349.23,3347.58,3348.98,161.0
2025-06-11 23:25:00,3348.88,3353.28,3348.76,3352.51,289.0
2025-06-11 23:30:00,3352.96,3353.85,3352.7,3353.67,211.0
2025-06-11 23:35:00,3353.67,3355.17,3351.33,3352.72,263.0
2025-06-11 23:40:00,3352.78,3353.8,3351.59,3352.06,206.0
2025-06-11 23:45:00,3352.09,3353.33,3351.79,3353.15,189.0
2025-06-11 23:50:00,3353.15,3353.87,3352.57,3353.24,177.0
2025-06-11 23:55:00,3353.12,3355.41,3353.12,3354.82,182.0
2025-06-12 01:00:00,3356.57,3359.36,3356.42,3357.88,425.0
2025-06-12 01:05:00,3357.88,3360.23,3356.36,3359.98,242.0
2025-06-12 01:10:00,3360.0,3361.59,3358.98,3361.02,263.0
2025-06-12 01:15:00,3360.97,3363.97,3359.69,3362.95,258.0
2025-06-12 01:20:00,3362.85,3365.04,3362.85,3363.37,217.0
2025-06-12 01:25:00,3363.17,3365.07,3363.12,3363.79,237.0
2025-06-12 01:30:00,3363.8,3365.56,3362.8,3365.25,261.0
2025-06-12 01:35:00,3365.27,3367.84,3365.25,3367.42,279.0
2025-06-12 01:40:00,3367.38,3367.54,3365.77,3365.99,215.0
2025-06-12 01:45:00,3366.01,3366.32,3364.81,3365.0,246.0
2025-06-12 01:50:00,3365.0,3367.24,3364.53,3367.23,234.0
2025-06-12 01:55:00,3367.32,3369.71,3366.64,3368.97,289.0
2025-06-12 02:00:00,3368.9,3373.29,3368.9,3371.97,397.0
2025-06-12 02:05:00,3371.99,3372.93,3369.84,3370.04,327.0
2025-06-12 02:10:00,3370.04,3370.6,3366.54,3366.78,312.0
2025-06-12 02:15:00,3366.77,3367.96,3363.37,3366.59,390.0
2025-06-12 02:20:00,3366.6,3366.92,3364.64,3366.49,307.0
2025-06-12 02:25:00,3366.49,3366.83,3364.29,3364.7,238.0
2025-06-12 02:30:00,3364.54,3367.09,3364.17,3366.38,277.0
2025-06-12 02:35:00,3366.42,3366.8,3363.58,3364.63,269.0
2025-06-12 02:40:00,3364.45,3366.29,3364.45,3365.57,274.0
2025-06-12 02:45:00,3365.92,3366.4,3362.69,3362.71,348.0
2025-06-12 02:50:00,3362.76,3363.33,3357.67,3359.03,378.0
2025-06-12 02:55:00,3358.87,3365.64,3358.83,3365.43,395.0
2025-06-12 03:00:00,3365.4,3367.14,3362.54,3363.48,449.0
2025-06-12 03:05:00,3363.45,3365.39,3362.2,3364.67,381.0
2025-06-12 03:10:00,3364.6,3365.36,3363.31,3365.07,388.0
2025-06-12 03:15:00,3364.91,3366.87,3363.56,3366.79,331.0
2025-06-12 03:20:00,3366.79,3366.79,3362.38,3365.61,371.0
2025-06-12 03:25:00,3365.59,3370.09,3365.38,3367.33,426.0
2025-06-12 03:30:00,3367.18,3367.88,3363.47,3366.66,363.0
2025-06-12 03:35:00,3366.44,3369.01,3365.55,3369.01,374.0
2025-06-12 03:40:00,3369.28,3369.76,3366.73,3367.07,380.0
2025-06-12 03:45:00,3366.84,3371.31,3366.69,3370.81,411.0
2025-06-12 03:50:00,3370.8,3370.92,3367.17,3368.15,419.0
2025-06-12 03:55:00,3368.21,3368.74,3365.52,3365.75,385.0
2025-06-12 04:00:00,3365.78,3367.38,3362.5,3366.56,476.0
2025-06-12 04:05:00,3366.54,3369.04,3365.37,3368.64,431.0
2025-06-12 04:10:00,3368.81,3370.8,3367.05,3367.29,431.0
2025-06-12 04:15:00,3367.38,3372.13,3367.03,3369.91,423.0
2025-06-12 04:20:00,3369.92,3375.12,3369.73,3373.14,446.0
2025-06-12 04:25:00,3373.05,3376.79,3372.19,3375.47,435.0
2025-06-12 04:30:00,3375.4,3375.5,3371.81,3372.63,439.0
2025-06-12 04:35:00,3372.79,3373.05,3369.94,3372.99,427.0
2025-06-12 04:40:00,3373.08,3373.31,3368.47,3368.69,415.0
2025-06-12 04:45:00,3368.65,3371.41,3368.34,3369.93,401.0
2025-06-12 04:50:00,3369.83,3371.28,3369.49,3370.56,375.0
2025-06-12 04:55:00,3370.5,3371.85,3368.13,3371.0,410.0
2025-06-12 05:00:00,3371.01,3374.41,3368.94,3373.66,431.0
2025-06-12 05:05:00,3373.66,3373.98,3369.56,3370.23,394.0
2025-06-12 05:10:00,3370.18,3372.58,3369.5,3372.11,373.0
2025-06-12 05:15:00,3372.1,3374.27,3371.33,3373.39,338.0
2025-06-12 05:20:00,3373.54,3374.2,3372.37,3373.06,357.0
2025-06-12 05:25:00,3372.64,3375.57,3372.45,3374.23,366.0
2025-06-12 05:30:00,3374.7,3377.23,3374.31,3375.01,412.0
2025-06-12 05:35:00,3374.98,3376.64,3373.52,3376.33,382.0
2025-06-12 05:40:00,3376.43,3377.73,3376.43,3377.07,358.0
2025-06-12 05:45:00,3377.02,3377.73,3375.27,3375.66,327.0
2025-06-12 05:50:00,3375.63,3375.64,3373.52,3374.35,338.0
2025-06-12 05:55:00,3374.36,3376.11,3374.23,3374.83,302.0
2025-06-12 06:00:00,3374.6,3376.06,3373.48,3373.8,312.0
2025-06-12 06:05:00,3373.81,3375.76,3373.77,3375.38,312.0
2025-06-12 06:10:00,3375.4,3376.59,3375.39,3375.77,302.0
2025-06-12 06:15:00,3375.69,3376.12,3374.3,3374.52,326.0
2025-06-12 06:20:00,3374.62,3375.3,3373.06,3374.35,349.0
2025-06-12 06:25:00,3374.54,3375.21,3374.05,3374.66,303.0
2025-06-12 06:30:00,3374.7,3374.97,3373.32,3374.26,314.0
2025-06-12 06:35:00,3374.3,3375.74,3374.3,3375.22,287.0
2025-06-12 06:40:00,3375.07,3375.45,3374.17,3374.6,301.0
2025-06-12 06:45:00,3374.59,3374.67,3373.63,3374.26,272.0
2025-06-12 06:50:00,3374.26,3374.26,3371.95,3372.01,302.0
2025-06-12 06:55:00,3371.98,3373.98,3371.65,3373.37,296.0
2025-06-12 07:00:00,3373.48,3373.65,3371.07,3371.09,305.0
2025-06-12 07:05:00,3371.1,3371.75,3370.48,3370.83,239.0
2025-06-12 07:10:00,3370.84,3370.97,3369.48,3370.06,253.0
2025-06-12 07:15:00,3370.05,3371.61,3369.79,3370.66,255.0
2025-06-12 07:20:00,3370.65,3372.16,3370.39,3371.31,222.0
2025-06-12 07:25:00,3371.31,3372.4,3371.3,3371.8,225.0
2025-06-12 07:30:00,3371.85,3372.61,3371.47,3371.79,200.0
2025-06-12 07:35:00,3371.79,3372.56,3371.73,3372.16,212.0
2025-06-12 07:40:00,3372.16,3373.68,3371.93,3373.36,224.0
2025-06-12 07:45:00,3373.39,3373.71,3371.18,3372.86,260.0
2025-06-12 07:50:00,3372.9,3373.52,3371.47,3371.7,265.0
2025-06-12 07:55:00,3371.76,3372.2,3370.45,3370.45,262.0
2025-06-12 08:00:00,3370.33,3370.33,3367.79,3370.1,341.0
2025-06-12 08:05:00,3370.24,3371.48,3369.28,3371.27,248.0
2025-06-12 08:10:00,3371.27,3371.46,3370.67,3370.83,218.0
2025-06-12 08:15:00,3370.85,3373.43,3370.74,3372.96,265.0
2025-06-12 08:20:00,3372.94,3374.84,3372.82,3374.47,297.0
2025-06-12 08:25:00,3374.42,3374.67,3373.86,3374.6,250.0
2025-06-12 08:30:00,3374.66,3375.77,3373.67,3375.61,352.0
2025-06-12 08:35:00,3375.64,3375.72,3373.95,3374.55,357.0
2025-06-12 08:40:00,3374.54,3375.08,3373.05,3374.57,325.0
2025-06-12 08:45:00,3374.5,3374.75,3373.91,3374.61,327.0
2025-06-12 08:50:00,3374.6,3375.08,3372.92,3374.8,312.0
2025-06-12 08:55:00,3374.81,3375.54,3374.18,3374.18,285.0
2025-06-12 09:00:00,3374.32,3375.15,3373.06,3374.33,390.0
2025-06-12 09:05:00,3374.29,3375.12,3372.06,3372.72,371.0
2025-06-12 09:10:00,3372.68,3373.15,3371.36,3371.43,398.0
2025-06-12 09:15:00,3371.51,3371.51,3365.62,3366.21,430.0
2025-06-12 09:20:00,3366.19,3369.23,3365.25,3368.16,416.0
2025-06-12 09:25:00,3368.15,3369.73,3367.6,3369.64,337.0
2025-06-12 09:30:00,3369.82,3371.94,3369.81,3370.87,389.0
2025-06-12 09:35:00,3370.83,3373.53,3369.95,3373.14,374.0
2025-06-12 09:40:00,3373.04,3373.09,3371.45,3372.01,354.0
2025-06-12 09:45:00,3372.0,3373.5,3371.53,3373.32,365.0
2025-06-12 09:50:00,3373.25,3375.2,3372.5,3374.91,365.0
2025-06-12 09:55:00,3374.94,3375.57,3373.99,3374.98,405.0
2025-06-12 10:00:00,3374.62,3375.2,3373.34,3373.34,401.0
2025-06-12 10:05:00,3373.33,3373.54,3371.69,3372.23,331.0
2025-06-12 10:10:00,3372.22,3372.77,3370.44,3371.45,321.0
2025-06-12 10:15:00,3371.51,3372.22,3369.53,3370.13,342.0
2025-06-12 10:20:00,3370.23,3373.7,3370.16,3371.12,365.0
2025-06-12 10:25:00,3370.92,3370.92,3368.31,3369.93,415.0
2025-06-12 10:30:00,3369.93,3370.43,3362.02,3362.3,450.0
2025-06-12 10:35:00,3362.1,3362.1,3349.34,3352.64,536.0
2025-06-12 10:40:00,3353.17,3354.47,3338.67,3342.22,544.0
2025-06-12 10:45:00,3342.24,3345.15,3340.4,3342.55,485.0
2025-06-12 10:50:00,3342.6,3345.36,3340.05,3343.7,483.0
2025-06-12 10:55:00,3343.74,3347.06,3343.41,3346.13,469.0
2025-06-12 11:00:00,3346.62,3351.39,3346.62,3350.61,482.0
2025-06-12 11:05:00,3350.53,3350.68,3347.2,3349.3,446.0
2025-06-12 11:10:00,3349.26,3350.98,3347.62,3350.58,426.0
2025-06-12 11:15:00,3350.57,3357.64,3350.49,3356.16,476.0
2025-06-12 11:20:00,3356.21,3357.06,3354.72,3356.53,429.0
2025-06-12 11:25:00,3356.66,3360.12,3356.1,3358.91,431.0
2025-06-12 11:30:00,3358.88,3360.57,3357.72,3359.93,402.0
2025-06-12 11:35:00,3359.93,3361.15,3358.52,3358.56,378.0
2025-06-12 11:40:00,3358.33,3361.06,3357.76,3358.26,409.0
2025-06-12 11:45:00,3358.29,3359.51,3356.85,3359.49,396.0
2025-06-12 11:50:00,3359.48,3360.13,3357.97,3358.34,354.0
2025-06-12 11:55:00,3358.32,3358.47,3355.86,3356.76,367.0
2025-06-12 12:00:00,3356.53,3357.85,3355.89,3357.07,277.0
2025-06-12 12:05:00,3357.05,3359.6,3355.48,3358.83,363.0
2025-06-12 12:10:00,3358.71,3363.23,3358.54,3361.8,393.0
2025-06-12 12:15:00,3361.87,3363.77,3360.9,3361.18,322.0
2025-06-12 12:20:00,3361.12,3362.05,3360.74,3360.97,325.0
2025-06-12 12:25:00,3360.94,3362.0,3360.09,3361.11,292.0
2025-06-12 12:30:00,3360.87,3362.57,3359.6,3360.91,338.0
2025-06-12 12:35:00,3360.92,3361.62,3358.1,3360.38,335.0
2025-06-12 12:40:00,3360.36,3362.12,3360.09,3360.91,323.0
2025-06-12 12:45:00,3360.98,3367.31,3360.74,3365.13,386.0
2025-06-12 12:50:00,3365.24,3367.98,3364.23,3366.7,422.0
2025-06-12 12:55:00,3366.77,3366.96,3364.69,3365.42,384.0
2025-06-12 13:00:00,3365.42,3366.72,3363.27,3363.47,349.0
2025-06-12 13:05:00,3363.49,3363.84,3362.48,3363.15,309.0
2025-06-12 13:10:00,3363.12,3367.52,3363.12,3366.8,170.0
2025-06-12 13:15:00,3366.79,3374.08,3366.46,3371.5,430.0
2025-06-12 13:20:00,3371.51,3375.49,3370.7,3375.33,400.0
2025-06-12 13:25:00,3375.31,3379.93,3373.3,3379.54,490.0
2025-06-12 13:30:00,3379.51,3383.45,3379.24,3381.78,494.0
2025-06-12 13:35:00,3381.8,3385.9,3381.01,3383.51,437.0
2025-06-12 13:40:00,3383.53,3383.79,3381.61,3382.24,431.0
2025-06-12 13:45:00,3382.15,3384.51,3381.8,3382.04,403.0
2025-06-12 13:50:00,3382.24,3384.79,3381.71,3382.36,394.0
2025-06-12 13:55:00,3382.47,3383.5,3381.31,3382.58,395.0
2025-06-12 14:00:00,3382.56,3388.57,3381.92,3387.83,448.0
2025-06-12 14:05:00,3387.77,3387.83,3383.7,3385.66,392.0
2025-06-12 14:10:00,3385.76,3386.13,3384.0,3385.16,359.0
2025-06-12 14:15:00,3385.17,3385.63,3380.87,3383.37,361.0
2025-06-12 14:20:00,3383.23,3384.34,3380.85,3383.44,393.0
2025-06-12 14:25:00,3383.44,3384.22,3380.64,3380.93,397.0
2025-06-12 14:30:00,3380.95,3383.31,3380.1,3382.49,387.0
2025-06-12 14:35:00,3382.5,3382.56,3373.28,3373.28,468.0
2025-06-12 14:40:00,3373.35,3377.09,3373.14,3376.71,440.0
2025-06-12 14:45:00,3376.77,3378.51,3375.43,3378.02,371.0
2025-06-12 14:50:00,3377.99,3379.77,3377.08,3378.19,392.0
2025-06-12 14:55:00,3378.15,3380.56,3377.94,3379.27,380.0
2025-06-12 15:00:00,3379.29,3380.27,3376.42,3377.95,405.0
2025-06-12 15:05:00,3378.07,3384.04,3378.07,3383.51,399.0
2025-06-12 15:10:00,3383.52,3384.36,3379.65,3379.8,379.0
2025-06-12 15:15:00,3379.73,3382.35,3379.01,3379.7,361.0
2025-06-12 15:20:00,3380.43,3383.44,3378.94,3381.91,410.0
2025-06-12 15:25:00,3381.7,3383.74,3381.7,3382.96,359.0
2025-06-12 15:30:00,3382.91,3387.24,3381.46,3383.47,516.0
2025-06-12 15:35:00,3383.46,3390.28,3382.82,3389.86,514.0
2025-06-12 15:40:00,3390.15,3390.15,3386.69,3388.38,478.0
2025-06-12 15:45:00,3388.28,3389.63,3385.57,3387.69,470.0
2025-06-12 15:50:00,3387.88,3389.8,3387.09,3388.86,434.0
2025-06-12 15:55:00,3388.91,3390.12,3388.01,3388.07,448.0
2025-06-12 16:00:00,3388.16,3392.86,3386.47,3392.12,497.0
2025-06-12 16:05:00,3392.11,3393.83,3388.53,3389.99,461.0
2025-06-12 16:10:00,3389.93,3390.82,3381.4,3383.23,471.0
2025-06-12 16:15:00,3383.2,3385.89,3382.25,3385.55,477.0
2025-06-12 16:20:00,3385.52,3385.88,3381.69,3382.6,443.0
2025-06-12 16:25:00,3382.71,3383.72,3379.5,3382.74,468.0
2025-06-12 16:30:00,3383.63,3388.25,3380.75,3387.7,538.0
2025-06-12 16:35:00,3387.8,3393.31,3387.8,3389.86,530.0
2025-06-12 16:40:00,3390.13,3398.74,3390.05,3398.41,519.0
2025-06-12 16:45:00,3398.41,3398.77,3390.65,3391.44,537.0
2025-06-12 16:50:00,3391.29,3392.74,3387.11,3390.95,529.0
2025-06-12 16:55:00,3391.03,3392.74,3388.32,3392.15,507.0
2025-06-12 17:00:00,3391.92,3393.1,3388.0,3390.39,519.0
2025-06-12 17:05:00,3390.6,3392.19,3388.84,3390.47,492.0
2025-06-12 17:10:00,3390.59,3391.99,3384.39,3387.31,531.0
2025-06-12 17:15:00,3387.2,3389.18,3385.61,3387.36,480.0
2025-06-12 17:20:00,3387.75,3391.37,3385.17,3391.34,454.0
2025-06-12 17:25:00,3391.31,3392.5,3385.57,3388.9,507.0
2025-06-12 17:30:00,3389.04,3390.49,3385.57,3385.57,470.0
2025-06-12 17:35:00,3385.64,3387.51,3384.52,3385.96,444.0
2025-06-12 17:40:00,3385.97,3388.28,3385.43,3388.05,416.0
2025-06-12 17:45:00,3387.99,3389.46,3387.01,3387.85,406.0
2025-06-12 17:50:00,3387.67,3388.77,3385.43,3386.23,461.0
2025-06-12 17:55:00,3386.25,3387.41,3383.12,3383.81,445.0
2025-06-12 18:00:00,3383.86,3385.65,3383.22,3384.3,418.0
2025-06-12 18:05:00,3384.25,3386.32,3381.87,3382.72,417.0
2025-06-12 18:10:00,3382.78,3382.79,3378.75,3380.02,451.0
2025-06-12 18:15:00,3380.14,3384.36,3377.89,3383.59,529.0
2025-06-12 18:20:00,3383.62,3388.39,3382.56,3387.28,520.0
2025-06-12 18:25:00,3387.38,3389.74,3386.91,3388.35,469.0
2025-06-12 18:30:00,3388.28,3390.08,3386.99,3388.48,472.0
2025-06-12 18:35:00,3388.5,3390.22,3386.86,3387.71,423.0
2025-06-12 18:40:00,3387.74,3388.98,3386.12,3387.77,423.0
2025-06-12 18:45:00,3387.8,3388.6,3386.5,3388.18,392.0
2025-06-12 18:50:00,3388.2,3389.33,3386.91,3388.13,387.0
2025-06-12 18:55:00,3388.14,3389.45,3385.61,3385.85,399.0
2025-06-12 19:00:00,3386.02,3386.73,3384.57,3386.56,418.0
2025-06-12 19:05:00,3386.31,3388.07,3385.84,3387.3,370.0
2025-06-12 19:10:00,3387.28,3388.94,3386.07,3386.7,345.0
2025-06-12 19:15:00,3386.7,3387.3,3385.96,3387.21,346.0
2025-06-12 19:20:00,3387.04,3390.2,3386.46,3389.5,365.0
2025-06-12 19:25:00,3389.5,3390.35,3388.22,3389.3,383.0
2025-06-12 19:30:00,3389.34,3391.31,3387.87,3389.2,409.0
2025-06-12 19:35:00,3389.11,3390.37,3387.46,3387.75,377.0
2025-06-12 19:40:00,3387.62,3388.7,3384.42,3388.43,378.0
2025-06-12 19:45:00,3388.27,3388.36,3384.61,3385.13,372.0
2025-06-12 19:50:00,3385.17,3385.17,3380.9,3382.28,342.0
2025-06-12 19:55:00,3382.24,3384.72,3382.21,3383.84,377.0
2025-06-12 20:00:00,3383.71,3384.65,3383.2,3383.96,350.0
2025-06-12 20:05:00,3383.86,3384.95,3382.21,3383.16,331.0
2025-06-12 20:10:00,3383.18,3383.36,3380.72,3381.2,350.0
2025-06-12 20:15:00,3381.43,3381.85,3380.38,3380.62,347.0
2025-06-12 20:20:00,3380.62,3380.62,3378.21,3378.75,365.0
2025-06-12 20:25:00,3378.76,3381.8,3378.17,3381.3,398.0
2025-06-12 20:30:00,3381.38,3381.39,3378.75,3379.64,343.0
2025-06-12 20:35:00,3379.67,3380.48,3379.16,3380.27,301.0
2025-06-12 20:40:00,3380.16,3382.65,3380.16,3382.3,330.0
2025-06-12 20:45:00,3382.31,3384.03,3382.02,3383.98,324.0
2025-06-12 20:50:00,3384.0,3384.56,3382.89,3383.45,327.0
2025-06-12 20:55:00,3383.41,3383.62,3381.77,3382.6,333.0
2025-06-12 21:00:00,3382.7,3384.18,3381.8,3383.98,334.0
2025-06-12 21:05:00,3383.76,3384.22,3382.37,3383.39,300.0
2025-06-12 21:10:00,3383.38,3384.34,3383.08,3384.14,285.0
2025-06-12 21:15:00,3384.12,3384.94,3384.12,3384.46,281.0
2025-06-12 21:20:00,3384.48,3384.76,3382.91,3382.93,292.0
2025-06-12 21:25:00,3382.92,3383.71,3382.37,3382.95,304.0
2025-06-12 21:30:00,3382.88,3384.25,3382.83,3384.21,311.0
2025-06-12 21:35:00,3384.2,3385.16,3383.8,3383.8,266.0
2025-06-12 21:40:00,3383.79,3384.26,3382.67,3383.68,295.0
2025-06-12 21:45:00,3383.68,3384.77,3383.68,3384.67,269.0
2025-06-12 21:50:00,3384.7,3385.42,3383.58,3384.68,264.0
2025-06-12 21:55:00,3384.55,3386.3,3384.52,3385.83,288.0
2025-06-12 22:00:00,3385.67,3385.93,3384.77,3384.77,320.0
2025-06-12 22:05:00,3384.77,3386.52,3384.77,3385.88,305.0
2025-06-12 22:10:00,3385.89,3386.54,3385.75,3386.42,268.0
2025-06-12 22:15:00,3386.41,3387.07,3386.13,3386.51,283.0
2025-06-12 22:20:00,3386.41,3386.98,3386.39,3386.55,275.0
2025-06-12 22:25:00,3386.54,3387.06,3386.41,3386.8,230.0
2025-06-12 22:30:00,3386.85,3387.36,3386.12,3386.99,275.0
2025-06-12 22:35:00,3386.97,3387.66,3386.61,3387.3,276.0
2025-06-12 22:40:00,3387.24,3388.29,3386.99,3388.23,283.0
2025-06-12 22:45:00,3388.25,3388.66,3387.7,3387.96,295.0
2025-06-12 22:50:00,3388.02,3388.42,3387.6,3388.25,338.0
2025-06-12 22:55:00,3388.23,3389.24,3387.78,3388.17,369.0
2025-06-12 23:00:00,3388.33,3388.92,3387.87,3388.47,223.0
2025-06-12 23:05:00,3388.42,3388.72,3388.05,3388.07,176.0
2025-06-12 23:10:00,3388.11,3388.95,3387.81,3388.93,171.0
2025-06-12 23:15:00,3388.84,3389.03,3388.1,3388.14,157.0
2025-06-12 23:20:00,3388.12,3388.24,3386.23,3386.53,188.0
2025-06-12 23:25:00,3386.5,3386.95,3385.76,3386.42,174.0
2025-06-12 23:30:00,3386.44,3386.64,3384.85,3386.19,230.0
2025-06-12 23:35:00,3386.16,3386.41,3385.65,3386.01,167.0
2025-06-12 23:40:00,3386.06,3386.21,3385.75,3386.17,137.0
2025-06-12 23:45:00,3386.17,3386.22,3385.5,3385.5,123.0
2025-06-12 23:50:00,3385.55,3386.66,3385.42,3386.66,122.0
2025-06-12 23:55:00,3386.28,3386.66,3385.68,3386.66,85.0
2025-06-13 01:00:00,3386.01,3386.5,3383.62,3383.94,208.0
2025-06-13 01:05:00,3383.94,3384.41,3382.65,3384.28,150.0
2025-06-13 01:10:00,3384.28,3384.79,3382.58,3382.61,128.0
2025-06-13 01:15:00,3382.59,3382.94,3381.22,3381.3,195.0
2025-06-13 01:20:00,3381.29,3383.47,3381.01,3382.05,220.0
2025-06-13 01:25:00,3382.08,3383.37,3381.95,3382.72,178.0
2025-06-13 01:30:00,3382.69,3383.17,3381.04,3381.23,157.0
2025-06-13 01:35:00,3381.29,3381.55,3380.1,3380.83,202.0
2025-06-13 01:40:00,3380.82,3381.78,3379.81,3381.72,195.0
2025-06-13 01:45:00,3381.69,3384.0,3381.52,3383.89,188.0
2025-06-13 01:50:00,3383.92,3384.62,3383.32,3384.5,183.0
2025-06-13 01:55:00,3384.5,3384.5,3383.04,3383.43,176.0
2025-06-13 02:00:00,3383.43,3383.68,3382.7,3383.3,165.0
2025-06-13 02:05:00,3383.39,3383.71,3382.53,3383.46,168.0
2025-06-13 02:10:00,3383.47,3384.61,3382.79,3384.61,188.0
2025-06-13 02:15:00,3384.52,3385.28,3384.0,3384.9,193.0
2025-06-13 02:20:00,3384.9,3385.3,3383.79,3384.39,169.0
2025-06-13 02:25:00,3384.22,3384.42,3383.41,3383.62,176.0
2025-06-13 02:30:00,3383.75,3384.53,3383.12,3383.53,210.0
2025-06-13 02:35:00,3383.52,3383.91,3383.32,3383.68,113.0
2025-06-13 02:40:00,3383.58,3387.38,3383.08,3387.38,234.0
2025-06-13 02:45:00,3387.4,3390.27,3386.73,3389.82,268.0
2025-06-13 02:50:00,3389.86,3391.84,3389.05,3391.23,278.0
2025-06-13 02:55:00,3391.23,3396.22,3391.23,3395.94,351.0
2025-06-13 03:00:00,3395.8,3403.03,3391.78,3401.29,456.0
2025-06-13 03:05:00,3401.86,3410.81,3399.47,3410.42,475.0
2025-06-13 03:10:00,3410.77,3412.05,3401.62,3402.18,445.0
2025-06-13 03:15:00,3402.33,3412.38,3400.46,3410.58,471.0
2025-06-13 03:20:00,3410.42,3411.55,3406.62,3410.57,443.0
2025-06-13 03:25:00,3410.48,3414.55,3404.77,3413.8,428.0
2025-06-13 03:30:00,3413.79,3416.92,3409.85,3415.4,451.0
2025-06-13 03:35:00,3415.3,3416.84,3409.85,3410.32,441.0
2025-06-13 03:40:00,3410.14,3411.05,3403.61,3406.28,435.0
2025-06-13 03:45:00,3406.64,3414.59,3406.58,3413.81,430.0
2025-06-13 03:50:00,3413.71,3418.85,3412.55,3417.85,426.0
2025-06-13 03:55:00,3417.77,3419.92,3414.95,3416.34,437.0
2025-06-13 04:00:00,3415.76,3421.15,3413.94,3419.71,448.0
2025-06-13 04:05:00,3419.75,3420.95,3416.21,3416.29,409.0
2025-06-13 04:10:00,3416.47,3425.62,3415.67,3425.58,408.0
2025-06-13 04:15:00,3425.58,3427.02,3422.31,3426.66,430.0
2025-06-13 04:20:00,3426.57,3430.23,3424.42,3426.26,440.0
2025-06-13 04:25:00,3426.52,3430.07,3422.83,3429.59,407.0
2025-06-13 04:30:00,3429.65,3430.23,3427.02,3427.03,405.0
2025-06-13 04:35:00,3427.04,3427.4,3424.58,3426.61,393.0
2025-06-13 04:40:00,3426.63,3430.89,3426.45,3429.93,379.0
2025-06-13 04:45:00,3429.91,3433.33,3429.59,3430.17,394.0
2025-06-13 04:50:00,3430.16,3431.45,3426.17,3427.62,402.0
2025-06-13 04:55:00,3427.61,3428.18,3422.88,3427.58,413.0
2025-06-13 05:00:00,3427.24,3427.69,3424.89,3425.54,389.0
2025-06-13 05:05:00,3425.48,3429.6,3425.45,3429.55,376.0
2025-06-13 05:10:00,3429.53,3431.92,3429.14,3429.82,384.0
2025-06-13 05:15:00,3429.82,3431.78,3429.35,3429.61,334.0
2025-06-13 05:20:00,3429.5,3434.84,3429.5,3434.12,377.0
2025-06-13 05:25:00,3434.15,3436.05,3432.89,3433.0,380.0
2025-06-13 05:30:00,3432.57,3439.18,3431.5,3437.22,408.0
2025-06-13 05:35:00,3437.07,3439.13,3434.28,3438.26,401.0
2025-06-13 05:40:00,3438.44,3440.04,3437.73,3438.14,383.0
2025-06-13 05:45:00,3437.94,3439.6,3436.16,3437.18,403.0
2025-06-13 05:50:00,3437.18,3442.83,3437.18,3442.83,383.0
2025-06-13 05:55:00,3442.81,3444.15,3440.79,3441.31,419.0
2025-06-13 06:00:00,3441.34,3444.4,3440.5,3441.31,415.0
2025-06-13 06:05:00,3441.2,3442.77,3435.5,3438.03,396.0
2025-06-13 06:10:00,3437.9,3438.37,3431.01,3431.56,409.0
2025-06-13 06:15:00,3431.67,3432.31,3423.79,3426.46,441.0
2025-06-13 06:20:00,3426.09,3428.51,3424.25,3424.41,381.0
2025-06-13 06:25:00,3424.4,3432.46,3424.4,3430.58,405.0
2025-06-13 06:30:00,3430.26,3430.5,3426.6,3428.03,391.0
2025-06-13 06:35:00,3428.14,3429.25,3426.65,3427.85,340.0
2025-06-13 06:40:00,3427.77,3430.51,3426.03,3430.2,343.0
2025-06-13 06:45:00,3430.21,3431.8,3429.35,3431.1,264.0
2025-06-13 06:50:00,3431.11,3431.55,3426.73,3427.3,320.0
2025-06-13 06:55:00,3427.29,3429.02,3425.38,3425.56,314.0
2025-06-13 07:00:00,3425.48,3426.76,3422.72,3424.12,361.0
2025-06-13 07:05:00,3424.25,3429.53,3424.25,3427.83,315.0
2025-06-13 07:10:00,3427.89,3429.77,3427.59,3427.96,333.0
2025-06-13 07:15:00,3428.02,3430.15,3427.39,3427.63,307.0
2025-06-13 07:20:00,3427.64,3430.3,3427.62,3430.08,286.0
2025-06-13 07:25:00,3430.02,3430.26,3426.2,3427.31,284.0
2025-06-13 07:30:00,3427.29,3428.01,3425.8,3427.06,292.0
2025-06-13 07:35:00,3426.98,3428.89,3425.62,3428.55,307.0
2025-06-13 07:40:00,3428.57,3429.57,3427.33,3428.64,272.0
2025-06-13 07:45:00,3428.49,3429.27,3426.92,3427.83,239.0
2025-06-13 07:50:00,3427.82,3428.33,3426.55,3427.18,241.0
2025-06-13 07:55:00,3427.15,3427.29,3424.8,3425.32,258.0
2025-06-13 08:00:00,3425.32,3425.97,3422.56,3425.15,335.0
2025-06-13 08:05:00,3425.21,3428.79,3424.78,3427.04,305.0
2025-06-13 08:10:00,3427.09,3427.96,3424.59,3425.14,282.0
2025-06-13 08:15:00,3425.08,3427.85,3424.78,3427.4,276.0
2025-06-13 08:20:00,3427.2,3427.2,3421.03,3422.43,297.0
2025-06-13 08:25:00,3422.67,3422.72,3418.44,3419.79,381.0
2025-06-13 08:30:00,3419.8,3422.89,3418.0,3422.17,370.0
2025-06-13 08:35:00,3422.12,3423.48,3421.03,3422.23,330.0
2025-06-13 08:40:00,3422.22,3424.66,3421.71,3423.54,340.0
2025-06-13 08:45:00,3423.58,3424.79,3422.44,3423.63,333.0
2025-06-13 08:50:00,3423.67,3425.46,3423.1,3424.56,316.0
2025-06-13 08:55:00,3424.6,3426.57,3424.35,3426.08,311.0
2025-06-13 09:00:00,3425.92,3427.5,3422.51,3425.65,355.0
2025-06-13 09:05:00,3425.81,3426.16,3424.04,3425.15,355.0
2025-06-13 09:10:00,3425.14,3425.94,3422.26,3422.27,381.0
2025-06-13 09:15:00,3422.28,3423.22,3420.16,3421.98,361.0
2025-06-13 09:20:00,3421.94,3423.5,3421.17,3423.11,349.0
2025-06-13 09:25:00,3423.13,3425.35,3422.66,3425.24,359.0
2025-06-13 09:30:00,3425.26,3426.39,3424.17,3425.77,336.0
2025-06-13 09:35:00,3425.69,3428.01,3423.56,3427.91,363.0
2025-06-13 09:40:00,3427.65,3428.49,3418.32,3418.93,402.0
2025-06-13 09:45:00,3418.6,3419.15,3408.48,3408.51,430.0
2025-06-13 09:50:00,3408.99,3415.03,3408.97,3414.06,420.0
2025-06-13 09:55:00,3414.06,3418.48,3413.07,3416.47,407.0
2025-06-13 10:00:00,3416.31,3417.66,3412.03,3412.22,400.0
2025-06-13 10:05:00,3412.25,3413.99,3408.81,3409.07,396.0
2025-06-13 10:10:00,3409.08,3413.45,3407.91,3413.06,394.0
2025-06-13 10:15:00,3412.86,3416.9,3412.24,3414.98,366.0
2025-06-13 10:20:00,3414.74,3416.94,3413.28,3414.19,366.0
2025-06-13 10:25:00,3414.32,3417.98,3413.89,3416.22,362.0
2025-06-13 10:30:00,3416.21,3418.99,3416.21,3417.53,349.0
2025-06-13 10:35:00,3417.7,3418.64,3415.11,3416.66,335.0
2025-06-13 10:40:00,3416.51,3416.89,3415.07,3416.31,300.0
2025-06-13 10:45:00,3416.29,3418.46,3415.52,3418.46,304.0
2025-06-13 10:50:00,3418.46,3418.65,3415.81,3416.15,326.0
2025-06-13 10:55:00,3416.15,3416.4,3414.21,3414.9,330.0
2025-06-13 11:00:00,3414.92,3418.36,3414.34,3416.9,365.0
2025-06-13 11:05:00,3416.92,3420.13,3415.79,3419.92,341.0
2025-06-13 11:10:00,3420.04,3422.57,3417.46,3422.57,313.0
2025-06-13 11:15:00,3422.55,3422.73,3420.47,3420.63,312.0
2025-06-13 11:20:00,3420.62,3425.68,3420.23,3425.57,331.0
2025-06-13 11:25:00,3425.8,3426.06,3423.61,3423.75,344.0
2025-06-13 11:30:00,3423.73,3425.9,3423.52,3425.24,303.0
2025-06-13 11:35:00,3425.33,3425.63,3423.48,3423.5,309.0
2025-06-13 11:40:00,3423.49,3424.66,3422.82,3423.98,332.0
2025-06-13 11:45:00,3423.8,3425.97,3423.72,3424.47,318.0
2025-06-13 11:50:00,3424.48,3425.77,3423.17,3425.67,300.0
2025-06-13 11:55:00,3425.68,3425.73,3424.19,3424.3,265.0
2025-06-13 12:00:00,3424.43,3425.46,3421.8,3422.97,326.0
2025-06-13 12:05:00,3423.03,3426.07,3421.96,3423.03,336.0
2025-06-13 12:10:00,3423.39,3427.32,3423.08,3424.99,339.0
2025-06-13 12:15:00,3425.06,3426.0,3421.94,3422.37,366.0
2025-06-13 12:20:00,3422.23,3423.07,3420.41,3422.8,336.0
2025-06-13 12:25:00,3422.82,3424.82,3421.98,3422.14,333.0
2025-06-13 12:30:00,3421.78,3423.55,3420.05,3422.73,354.0
2025-06-13 12:35:00,3422.73,3424.86,3422.51,3423.62,301.0
2025-06-13 12:40:00,3423.55,3425.22,3422.91,3423.23,305.0
2025-06-13 12:45:00,3423.07,3424.63,3422.88,3424.09,285.0
2025-06-13 12:50:00,3424.32,3425.7,3423.21,3423.96,320.0
2025-06-13 12:55:00,3424.03,3424.36,3420.81,3424.29,357.0
2025-06-13 13:00:00,3424.32,3427.67,3423.41,3426.33,361.0
2025-06-13 13:05:00,3426.24,3427.05,3425.15,3425.35,335.0
2025-06-13 13:10:00,3425.22,3425.32,3418.74,3419.88,379.0
2025-06-13 13:15:00,3419.93,3421.96,3416.09,3417.25,397.0
2025-06-13 13:20:00,3417.45,3418.51,3414.93,3417.94,377.0
2025-06-13 13:25:00,3417.93,3422.42,3417.58,3422.12,344.0
2025-06-13 13:30:00,3422.17,3424.16,3418.19,3418.36,340.0
2025-06-13 13:35:00,3418.1,3418.27,3414.1,3415.01,367.0
2025-06-13 13:40:00,3415.01,3417.23,3414.68,3414.68,331.0
2025-06-13 13:45:00,3414.61,3416.22,3413.36,3413.36,333.0
2025-06-13 13:50:00,3414.94,3415.13,3411.64,3414.68,307.0
2025-06-13 13:55:00,3414.58,3416.88,3414.49,3415.77,319.0
2025-06-13 14:00:00,3415.81,3416.6,3412.52,3415.38,383.0
2025-06-13 14:05:00,3414.98,3415.5,3413.16,3413.9,358.0
2025-06-13 14:10:00,3414.17,3417.15,3414.11,3416.7,354.0
2025-06-13 14:15:00,3416.67,3418.54,3416.46,3418.12,341.0
2025-06-13 14:20:00,3418.12,3421.67,3417.41,3419.98,339.0
2025-06-13 14:25:00,3419.72,3420.35,3418.63,3419.51,322.0
2025-06-13 14:30:00,3419.46,3422.36,3419.2,3421.64,315.0
2025-06-13 14:35:00,3421.65,3422.24,3418.69,3420.38,351.0
2025-06-13 14:40:00,3420.41,3422.15,3418.97,3421.94,290.0
2025-06-13 14:45:00,3421.93,3422.94,3420.79,3420.92,311.0
2025-06-13 14:50:00,3420.93,3422.03,3419.25,3419.58,306.0
2025-06-13 14:55:00,3419.67,3422.82,3419.63,3422.19,308.0
2025-06-13 15:00:00,3422.24,3424.11,3422.05,3423.53,311.0
2025-06-13 15:05:00,3423.53,3427.12,3423.53,3424.58,341.0
2025-06-13 15:10:00,3424.58,3424.62,3422.54,3424.21,308.0
2025-06-13 15:15:00,3424.07,3425.73,3422.1,3422.26,261.0
2025-06-13 15:20:00,3422.06,3425.66,3421.79,3425.46,395.0
2025-06-13 15:25:00,3425.48,3427.94,3425.11,3427.67,362.0
2025-06-13 15:30:00,3427.89,3430.17,3426.66,3430.11,338.0
2025-06-13 15:35:00,3430.12,3434.53,3427.7,3432.23,402.0
2025-06-13 15:40:00,3432.29,3433.22,3430.99,3431.55,363.0
2025-06-13 15:45:00,3431.53,3433.22,3429.61,3430.47,320.0
2025-06-13 15:50:00,3430.65,3436.46,3430.63,3436.37,373.0
2025-06-13 15:55:00,3436.46,3438.15,3435.88,3436.78,383.0
2025-06-13 16:00:00,3436.24,3441.14,3435.81,3439.37,421.0
2025-06-13 16:05:00,3439.13,3439.57,3435.86,3435.86,394.0
2025-06-13 16:10:00,3435.85,3441.35,3435.5,3440.83,382.0
2025-06-13 16:15:00,3440.8,3442.51,3437.76,3438.16,409.0
2025-06-13 16:20:00,3438.04,3442.48,3437.66,3441.65,378.0
2025-06-13 16:25:00,3441.5,3444.48,3441.21,3443.44,373.0
2025-06-13 16:30:00,3443.14,3443.14,3439.62,3442.04,426.0
2025-06-13 16:35:00,3441.8,3446.8,3441.6,3444.36,437.0
2025-06-13 16:40:00,3445.04,3445.11,3440.92,3441.91,431.0
2025-06-13 16:45:00,3442.22,3442.63,3436.42,3439.66,438.0
2025-06-13 16:50:00,3439.85,3439.99,3434.06,3434.06,429.0
2025-06-13 16:55:00,3434.13,3438.92,3434.13,3436.99,372.0
2025-06-13 17:00:00,3436.86,3438.26,3430.66,3434.4,434.0
2025-06-13 17:05:00,3434.65,3437.42,3434.21,3435.55,432.0
2025-06-13 17:10:00,3435.45,3435.82,3427.05,3429.48,426.0
2025-06-13 17:15:00,3429.17,3430.96,3424.91,3427.31,441.0
2025-06-13 17:20:00,3427.58,3432.64,3426.2,3432.25,422.0
2025-06-13 17:25:00,3432.52,3436.06,3431.05,3436.06,401.0
2025-06-13 17:30:00,3435.63,3436.47,3433.91,3434.56,392.0
2025-06-13 17:35:00,3434.72,3436.78,3433.09,3436.66,391.0
2025-06-13 17:40:00,3436.56,3436.73,3434.3,3436.15,388.0
2025-06-13 17:45:00,3436.39,3439.68,3436.39,3439.55,384.0
2025-06-13 17:50:00,3439.83,3439.84,3426.88,3429.6,442.0
2025-06-13 17:55:00,3428.75,3429.25,3423.98,3427.81,458.0
2025-06-13 18:00:00,3427.89,3430.27,3426.05,3428.25,421.0
2025-06-13 18:05:00,3428.4,3428.45,3422.92,3427.69,388.0
2025-06-13 18:10:00,3427.76,3427.96,3423.88,3424.58,389.0
2025-06-13 18:15:00,3424.46,3429.29,3421.82,3428.87,407.0
2025-06-13 18:20:00,3428.87,3428.87,3426.54,3428.25,391.0
2025-06-13 18:25:00,3428.26,3429.49,3426.0,3426.07,385.0
2025-06-13 18:30:00,3426.03,3426.24,3422.03,3423.04,396.0
2025-06-13 18:35:00,3423.13,3425.04,3421.0,3424.97,375.0
2025-06-13 18:40:00,3424.95,3426.42,3423.96,3424.2,337.0
2025-06-13 18:45:00,3424.23,3425.31,3423.21,3424.17,333.0
2025-06-13 18:50:00,3424.08,3425.4,3422.98,3424.61,337.0
2025-06-13 18:55:00,3424.63,3426.54,3424.29,3426.22,350.0
2025-06-13 19:00:00,3426.26,3428.26,3426.13,3427.89,338.0
2025-06-13 19:05:00,3427.9,3427.9,3421.21,3421.26,352.0
2025-06-13 19:10:00,3421.31,3422.45,3419.3,3420.27,382.0
2025-06-13 19:15:00,3420.26,3423.43,3420.18,3422.82,318.0
2025-06-13 19:20:00,3422.92,3425.13,3422.1,3425.11,331.0
2025-06-13 19:25:00,3425.23,3427.4,3424.56,3427.19,331.0
2025-06-13 19:30:00,3427.27,3429.53,3426.62,3428.74,336.0
2025-06-13 19:35:00,3428.73,3431.06,3427.64,3430.79,340.0
2025-06-13 19:40:00,3430.68,3430.85,3427.74,3429.4,338.0
2025-06-13 19:45:00,3429.45,3429.46,3428.06,3428.16,291.0
2025-06-13 19:50:00,3428.19,3430.58,3428.13,3429.71,317.0
2025-06-13 19:55:00,3429.74,3430.14,3428.26,3429.96,323.0
2025-06-13 20:00:00,3429.98,3430.66,3427.87,3429.33,323.0
2025-06-13 20:05:00,3429.35,3431.39,3429.04,3431.15,323.0
2025-06-13 20:10:00,3431.03,3432.2,3430.81,3431.47,339.0
2025-06-13 20:15:00,3431.55,3433.47,3430.28,3432.64,328.0
2025-06-13 20:20:00,3432.59,3433.05,3430.96,3431.81,335.0
2025-06-13 20:25:00,3431.7,3433.0,3430.06,3432.11,339.0
2025-06-13 20:30:00,3431.96,3432.81,3429.65,3430.84,325.0
2025-06-13 20:35:00,3430.83,3431.84,3430.41,3430.42,304.0
2025-06-13 20:40:00,3430.44,3431.04,3428.65,3429.54,313.0
2025-06-13 20:45:00,3429.56,3429.98,3427.42,3428.09,270.0
2025-06-13 20:50:00,3428.05,3429.48,3427.91,3428.66,291.0
2025-06-13 20:55:00,3428.68,3430.54,3428.62,3430.35,289.0
2025-06-13 21:00:00,3430.35,3432.1,3429.37,3432.1,312.0
2025-06-13 21:05:00,3432.09,3434.35,3430.96,3433.93,292.0
2025-06-13 21:10:00,3433.93,3434.27,3432.7,3433.26,292.0
2025-06-13 21:15:00,3433.26,3435.75,3429.11,3429.52,358.0
2025-06-13 21:20:00,3428.86,3431.72,3428.76,3429.64,334.0
2025-06-13 21:25:00,3429.65,3432.71,3429.52,3432.63,323.0
2025-06-13 21:30:00,3432.51,3436.32,3431.92,3436.07,344.0
2025-06-13 21:35:00,3436.06,3436.2,3433.69,3433.72,345.0
2025-06-13 21:40:00,3433.52,3435.94,3432.76,3435.39,341.0
2025-06-13 21:45:00,3435.23,3438.62,3433.92,3438.57,332.0
2025-06-13 21:50:00,3438.48,3439.45,3437.53,3437.53,348.0
2025-06-13 21:55:00,3437.57,3437.57,3435.71,3436.56,339.0
2025-06-13 22:00:00,3436.53,3438.22,3436.39,3436.91,342.0
2025-06-13 22:05:00,3436.91,3437.64,3436.24,3436.58,312.0
2025-06-13 22:10:00,3436.57,3437.46,3435.32,3436.32,323.0
2025-06-13 22:15:00,3436.28,3437.91,3435.81,3437.48,311.0
2025-06-13 22:20:00,3437.57,3437.62,3435.16,3436.13,293.0
2025-06-13 22:25:00,3436.04,3436.04,3434.06,3435.25,268.0
2025-06-13 22:30:00,3435.24,3435.24,3433.15,3434.47,322.0
2025-06-13 22:35:00,3434.85,3435.55,3431.87,3434.21,330.0
2025-06-13 22:40:00,3434.27,3435.3,3432.89,3434.67,312.0
2025-06-13 22:45:00,3434.69,3434.8,3432.4,3433.39,328.0
2025-06-13 22:50:00,3433.34,3434.55,3431.9,3432.13,331.0
2025-06-13 22:55:00,3432.26,3433.58,3431.83,3432.31,364.0
2025-06-13 23:00:00,3432.29,3433.53,3429.63,3429.63,271.0
2025-06-13 23:05:00,3429.5,3431.58,3429.24,3430.82,236.0
2025-06-13 23:10:00,3430.85,3433.53,3430.83,3432.95,240.0
2025-06-13 23:15:00,3432.94,3433.3,3431.98,3432.71,210.0
2025-06-13 23:20:00,3432.68,3432.98,3431.96,3432.75,202.0
2025-06-13 23:25:00,3432.71,3433.44,3432.08,3432.85,256.0
2025-06-13 23:30:00,3432.88,3433.03,3431.16,3431.29,224.0
2025-06-13 23:35:00,3431.29,3433.05,3431.26,3432.91,190.0
2025-06-13 23:40:00,3432.92,3434.77,3432.85,3434.02,247.0
2025-06-13 23:45:00,3433.88,3434.45,3432.8,3433.01,226.0
2025-06-13 23:50:00,3432.91,3433.22,3431.78,3432.78,203.0
2025-06-13 23:55:00,3432.89,3434.2,3432.82,3434.15,112.0
2025-06-16 01:00:00,3434.04,3444.26,3434.04,3441.01,790.0
2025-06-16 01:05:00,3441.01,3444.35,3438.68,3444.07,319.0
2025-06-16 01:10:00,3444.06,3451.22,3444.0,3450.02,381.0
2025-06-16 01:15:00,3449.76,3451.06,3446.72,3450.53,359.0
2025-06-16 01:20:00,3450.66,3450.66,3446.58,3450.25,326.0
2025-06-16 01:25:00,3450.27,3450.41,3446.95,3447.19,268.0
2025-06-16 01:30:00,3447.17,3448.03,3442.68,3443.16,344.0
2025-06-16 01:35:00,3442.99,3446.55,3439.89,3446.06,380.0
2025-06-16 01:40:00,3446.18,3448.72,3444.64,3445.01,321.0
2025-06-16 01:45:00,3445.23,3450.14,3445.16,3448.79,295.0
2025-06-16 01:50:00,3449.2,3449.58,3447.32,3448.58,286.0
2025-06-16 01:55:00,3448.57,3449.63,3448.14,3448.39,220.0
2025-06-16 02:00:00,3448.41,3450.12,3447.05,3449.03,257.0
2025-06-16 02:05:00,3449.01,3449.15,3446.17,3447.04,262.0
2025-06-16 02:10:00,3447.27,3448.66,3446.35,3447.42,254.0
2025-06-16 02:15:00,3447.4,3447.61,3443.19,3444.81,267.0
2025-06-16 02:20:00,3444.8,3449.13,3444.76,3448.1,235.0
2025-06-16 02:25:00,3448.09,3448.54,3446.49,3447.88,205.0
2025-06-16 02:30:00,3447.95,3449.26,3445.65,3446.51,255.0
2025-06-16 02:35:00,3446.52,3448.07,3445.47,3447.65,224.0
2025-06-16 02:40:00,3447.64,3448.08,3445.73,3446.03,250.0
2025-06-16 02:45:00,3445.92,3445.92,3439.57,3443.34,358.0
2025-06-16 02:50:00,3443.28,3445.54,3441.54,3442.4,307.0
2025-06-16 02:55:00,3442.24,3444.11,3440.92,3444.11,322.0
2025-06-16 03:00:00,3444.59,3444.59,3437.26,3439.8,374.0
2025-06-16 03:05:00,3439.83,3445.38,3439.28,3444.28,353.0
2025-06-16 03:10:00,3444.24,3445.78,3444.02,3445.33,298.0
2025-06-16 03:15:00,3445.49,3447.04,3445.1,3446.16,301.0
2025-06-16 03:20:00,3446.18,3450.54,3446.07,3449.59,368.0
2025-06-16 03:25:00,3449.56,3451.23,3448.51,3448.84,363.0
2025-06-16 03:30:00,3448.66,3449.94,3445.24,3445.83,329.0
2025-06-16 03:35:00,3445.89,3447.44,3442.37,3444.82,333.0
2025-06-16 03:40:00,3444.78,3445.01,3440.76,3440.9,304.0
2025-06-16 03:45:00,3440.96,3441.82,3436.34,3436.9,350.0
2025-06-16 03:50:00,3436.99,3437.88,3434.38,3435.55,369.0
2025-06-16 03:55:00,3435.48,3438.19,3434.47,3436.66,351.0
2025-06-16 04:00:00,3436.28,3439.38,3433.24,3438.59,407.0
2025-06-16 04:05:00,3438.5,3439.72,3434.73,3439.15,384.0
2025-06-16 04:10:00,3438.97,3441.49,3437.81,3440.53,360.0
2025-06-16 04:15:00,3440.45,3443.06,3439.15,3440.45,341.0
2025-06-16 04:20:00,3440.33,3441.27,3436.07,3437.88,353.0
2025-06-16 04:25:00,3437.91,3438.14,3434.5,3435.97,351.0
2025-06-16 04:30:00,3435.99,3438.76,3435.43,3437.01,327.0
2025-06-16 04:35:00,3437.01,3438.55,3435.76,3438.27,336.0
2025-06-16 04:40:00,3438.13,3439.19,3435.71,3438.69,303.0
2025-06-16 04:45:00,3438.72,3440.57,3438.3,3440.57,323.0
2025-06-16 04:50:00,3440.66,3441.81,3438.59,3440.72,329.0
2025-06-16 04:55:00,3440.77,3442.2,3439.01,3441.42,311.0
2025-06-16 05:00:00,3441.48,3444.27,3440.49,3443.34,332.0
2025-06-16 05:05:00,3443.18,3446.18,3442.62,3446.16,313.0
2025-06-16 05:10:00,3445.74,3446.32,3444.08,3444.08,313.0
2025-06-16 05:15:00,3444.11,3444.92,3442.93,3444.06,297.0
2025-06-16 05:20:00,3444.05,3446.12,3443.33,3444.64,290.0
2025-06-16 05:25:00,3444.6,3445.42,3442.41,3442.54,281.0
2025-06-16 05:30:00,3442.51,3442.84,3440.44,3441.11,306.0
2025-06-16 05:35:00,3441.08,3442.21,3440.3,3441.96,292.0
2025-06-16 05:40:00,3441.94,3443.98,3441.67,3443.59,303.0
2025-06-16 05:45:00,3443.46,3443.81,3440.15,3440.84,297.0
2025-06-16 05:50:00,3440.88,3441.7,3439.12,3441.03,332.0
2025-06-16 05:55:00,3441.08,3441.77,3437.89,3438.4,300.0
2025-06-16 06:00:00,3438.33,3438.75,3435.59,3438.34,331.0
2025-06-16 06:05:00,3438.33,3439.62,3437.38,3439.38,308.0
2025-06-16 06:10:00,3439.04,3439.12,3437.23,3437.64,310.0
2025-06-16 06:15:00,3437.63,3437.64,3434.16,3435.68,318.0
2025-06-16 06:20:00,3435.69,3436.61,3434.53,3436.46,292.0
2025-06-16 06:25:00,3436.52,3437.63,3435.0,3437.05,313.0
2025-06-16 06:30:00,3436.64,3436.64,3433.09,3433.95,308.0
2025-06-16 06:35:00,3434.14,3435.69,3433.75,3434.09,245.0
2025-06-16 06:40:00,3434.07,3435.36,3432.18,3432.36,262.0
2025-06-16 06:45:00,3432.51,3433.06,3431.2,3431.25,246.0
2025-06-16 06:50:00,3431.35,3432.75,3430.72,3431.09,235.0
2025-06-16 06:55:00,3430.99,3431.78,3429.36,3431.52,283.0
2025-06-16 07:00:00,3431.5,3433.27,3430.76,3431.56,273.0
2025-06-16 07:05:00,3431.5,3431.54,3428.98,3430.23,262.0
2025-06-16 07:10:00,3430.15,3431.69,3429.13,3429.71,248.0
2025-06-16 07:15:00,3429.58,3431.12,3429.3,3430.8,194.0
2025-06-16 07:20:00,3430.79,3432.04,3430.0,3430.2,248.0
2025-06-16 07:25:00,3430.21,3431.1,3430.08,3430.31,198.0
2025-06-16 07:30:00,3430.25,3432.01,3429.58,3431.68,210.0
2025-06-16 07:35:00,3431.66,3431.66,3429.62,3430.6,187.0
2025-06-16 07:40:00,3430.87,3431.85,3429.89,3430.02,218.0
2025-06-16 07:45:00,3429.79,3429.95,3427.66,3429.17,253.0
2025-06-16 07:50:00,3429.18,3429.63,3427.27,3428.61,243.0
2025-06-16 07:55:00,3428.61,3428.75,3426.88,3427.54,213.0
2025-06-16 08:00:00,3427.54,3428.53,3422.09,3425.41,326.0
2025-06-16 08:05:00,3425.26,3429.41,3425.0,3428.63,324.0
2025-06-16 08:10:00,3428.77,3429.56,3426.85,3427.16,250.0
2025-06-16 08:15:00,3427.17,3427.5,3424.29,3425.34,269.0
2025-06-16 08:20:00,3425.28,3426.85,3424.87,3426.63,266.0
2025-06-16 08:25:00,3426.63,3428.21,3426.59,3427.67,263.0
2025-06-16 08:30:00,3427.88,3430.38,3423.59,3423.59,412.0
2025-06-16 08:35:00,3423.32,3425.76,3421.84,3424.04,357.0
2025-06-16 08:40:00,3423.75,3423.76,3417.87,3420.67,378.0
2025-06-16 08:45:00,3420.76,3422.64,3420.11,3422.19,317.0
2025-06-16 08:50:00,3422.25,3424.75,3421.53,3422.21,328.0
2025-06-16 08:55:00,3422.2,3423.69,3420.94,3421.62,337.0
2025-06-16 09:00:00,3421.54,3421.54,3418.31,3418.75,372.0
2025-06-16 09:05:00,3418.81,3418.82,3415.77,3416.32,384.0
2025-06-16 09:10:00,3416.41,3419.0,3416.21,3419.0,349.0
2025-06-16 09:15:00,3418.82,3420.49,3416.8,3417.0,353.0
2025-06-16 09:20:00,3416.77,3417.51,3415.24,3417.3,369.0
2025-06-16 09:25:00,3417.26,3417.44,3413.1,3416.01,371.0
2025-06-16 09:30:00,3416.11,3416.77,3412.99,3416.77,359.0
2025-06-16 09:35:00,3416.62,3418.42,3414.92,3416.82,370.0
2025-06-16 09:40:00,3417.2,3419.91,3415.5,3419.3,391.0
2025-06-16 09:45:00,3419.32,3419.47,3415.87,3416.24,326.0
2025-06-16 09:50:00,3416.28,3417.53,3414.72,3417.13,361.0
2025-06-16 09:55:00,3417.31,3418.34,3416.94,3418.31,342.0
2025-06-16 10:00:00,3417.86,3418.92,3413.95,3418.82,363.0
2025-06-16 10:05:00,3418.85,3419.74,3414.3,3414.9,340.0
2025-06-16 10:10:00,3414.65,3415.86,3409.52,3411.06,392.0
2025-06-16 10:15:00,3411.0,3412.76,3410.5,3411.04,332.0
2025-06-16 10:20:00,3411.1,3415.8,3410.79,3413.88,366.0
2025-06-16 10:25:00,3413.89,3414.37,3411.84,3413.51,351.0
2025-06-16 10:30:00,3413.79,3415.38,3412.78,3413.2,356.0
2025-06-16 10:35:00,3413.22,3416.46,3413.22,3415.82,350.0
2025-06-16 10:40:00,3415.84,3416.1,3413.81,3414.0,311.0
2025-06-16 10:45:00,3414.13,3415.14,3411.31,3411.33,341.0
2025-06-16 10:50:00,3411.35,3413.45,3411.06,3413.34,340.0
2025-06-16 10:55:00,3413.31,3414.86,3412.01,3412.57,326.0
2025-06-16 11:00:00,3412.56,3414.55,3412.56,3413.35,312.0
2025-06-16 11:05:00,3413.35,3413.72,3409.86,3410.46,319.0
2025-06-16 11:10:00,3410.87,3415.14,3410.87,3414.69,311.0
2025-06-16 11:15:00,3415.05,3416.53,3414.31,3416.47,338.0
2025-06-16 11:20:00,3416.46,3418.34,3413.68,3413.97,339.0
2025-06-16 11:25:00,3413.91,3414.89,3413.15,3413.95,336.0
2025-06-16 11:30:00,3413.25,3416.18,3412.46,3415.81,314.0
2025-06-16 11:35:00,3415.75,3416.36,3414.4,3416.14,308.0
2025-06-16 11:40:00,3416.14,3418.46,3416.06,3416.74,328.0
2025-06-16 11:45:00,3416.62,3417.69,3415.68,3416.22,308.0
2025-06-16 11:50:00,3416.23,3417.9,3414.86,3415.28,308.0
2025-06-16 11:55:00,3415.29,3416.66,3413.25,3413.85,337.0
2025-06-16 12:00:00,3413.63,3416.37,3412.97,3415.22,302.0
2025-06-16 12:05:00,3415.36,3417.72,3414.57,3417.72,292.0
2025-06-16 12:10:00,3417.74,3418.76,3416.83,3416.86,298.0
2025-06-16 12:15:00,3416.85,3416.86,3415.21,3416.31,299.0
2025-06-16 12:20:00,3416.59,3418.42,3416.42,3418.29,291.0
2025-06-16 12:25:00,3418.27,3419.52,3417.71,3418.77,295.0
2025-06-16 12:30:00,3418.78,3419.29,3415.35,3416.85,350.0
2025-06-16 12:35:00,3416.88,3418.48,3416.36,3418.06,294.0
2025-06-16 12:40:00,3417.98,3418.71,3416.0,3416.1,285.0
2025-06-16 12:45:00,3416.13,3416.44,3413.84,3413.84,268.0
2025-06-16 12:50:00,3413.81,3414.42,3412.25,3412.73,323.0
2025-06-16 12:55:00,3412.72,3413.39,3411.95,3412.01,324.0
2025-06-16 13:00:00,3412.29,3414.44,3412.02,3413.44,329.0
2025-06-16 13:05:00,3413.44,3415.74,3412.82,3415.18,293.0
2025-06-16 13:10:00,3415.18,3415.8,3411.95,3414.08,299.0
2025-06-16 13:15:00,3414.0,3414.32,3411.47,3413.39,249.0
2025-06-16 13:20:00,3413.3,3414.23,3410.64,3413.95,283.0
2025-06-16 13:25:00,3413.89,3414.33,3412.98,3414.26,265.0
2025-06-16 13:30:00,3414.36,3416.42,3413.65,3416.13,273.0
2025-06-16 13:35:00,3416.16,3418.17,3416.08,3417.86,279.0
2025-06-16 13:40:00,3417.87,3419.5,3417.45,3419.26,294.0
2025-06-16 13:45:00,3419.29,3419.77,3418.41,3418.72,296.0
2025-06-16 13:50:00,3418.77,3420.06,3417.27,3419.52,329.0
2025-06-16 13:55:00,3419.73,3421.28,3418.95,3421.12,307.0
2025-06-16 14:00:00,3421.07,3421.99,3419.68,3421.77,351.0
2025-06-16 14:05:00,3421.83,3422.07,3418.83,3418.98,300.0
2025-06-16 14:10:00,3418.92,3419.92,3418.19,3419.74,285.0
2025-06-16 14:15:00,3419.78,3420.29,3419.05,3420.06,265.0
2025-06-16 14:20:00,3420.12,3422.56,3420.0,3421.78,295.0
2025-06-16 14:25:00,3421.79,3422.45,3419.44,3419.97,280.0
2025-06-16 14:30:00,3419.92,3419.92,3416.1,3417.71,332.0
2025-06-16 14:35:00,3417.69,3419.23,3417.47,3418.46,299.0
2025-06-16 14:40:00,3418.47,3419.55,3415.09,3415.38,333.0
2025-06-16 14:45:00,3415.31,3415.76,3410.78,3413.41,359.0
2025-06-16 14:50:00,3413.41,3415.63,3413.32,3415.08,335.0
2025-06-16 14:55:00,3415.13,3415.54,3414.33,3414.99,308.0
2025-06-16 15:00:00,3415.06,3416.03,3413.1,3414.93,337.0
2025-06-16 15:05:00,3414.95,3417.75,3414.9,3416.72,345.0
2025-06-16 15:10:00,3416.94,3417.59,3415.81,3416.79,314.0
2025-06-16 15:15:00,3416.79,3416.91,3414.03,3416.43,293.0
2025-06-16 15:20:00,3416.8,3417.63,3412.93,3413.56,354.0
2025-06-16 15:25:00,3413.47,3414.89,3412.64,3414.89,342.0
2025-06-16 15:30:00,3414.86,3415.13,3411.07,3413.15,374.0
2025-06-16 15:35:00,3413.12,3415.91,3412.55,3415.58,351.0
2025-06-16 15:40:00,3415.51,3416.44,3413.39,3413.51,350.0
2025-06-16 15:45:00,3413.37,3414.9,3413.11,3413.11,307.0
2025-06-16 15:50:00,3413.27,3417.28,3412.9,3417.25,324.0
2025-06-16 15:55:00,3417.22,3417.28,3415.37,3415.61,322.0
2025-06-16 16:00:00,3415.67,3417.29,3413.9,3415.49,344.0
2025-06-16 16:05:00,3415.38,3417.99,3414.93,3415.14,345.0
2025-06-16 16:10:00,3415.22,3415.84,3413.57,3414.58,373.0
2025-06-16 16:15:00,3414.6,3416.03,3405.96,3415.79,416.0
2025-06-16 16:20:00,3415.81,3416.51,3411.85,3414.06,397.0
2025-06-16 16:25:00,3414.34,3416.34,3412.05,3416.12,346.0
2025-06-16 16:30:00,3416.22,3417.38,3413.9,3414.95,408.0
2025-06-16 16:35:00,3414.72,3415.63,3410.03,3411.73,420.0
2025-06-16 16:40:00,3411.33,3412.5,3403.35,3408.89,457.0
2025-06-16 16:45:00,3408.78,3410.26,3405.97,3409.11,452.0
2025-06-16 16:50:00,3409.21,3410.14,3389.51,3390.27,458.0
2025-06-16 16:55:00,3389.99,3394.18,3382.76,3388.21,500.0
2025-06-16 17:00:00,3387.54,3396.36,3387.54,3393.91,454.0
2025-06-16 17:05:00,3393.92,3399.38,3393.25,3395.89,451.0
2025-06-16 17:10:00,3395.75,3397.67,3391.04,3396.36,419.0
2025-06-16 17:15:00,3396.38,3398.7,3393.84,3396.12,425.0
2025-06-16 17:20:00,3396.18,3397.39,3392.84,3395.19,412.0
2025-06-16 17:25:00,3395.19,3396.32,3391.52,3392.19,395.0
2025-06-16 17:30:00,3392.06,3394.02,3389.79,3393.35,409.0
2025-06-16 17:35:00,3393.37,3395.69,3391.2,3391.66,406.0
2025-06-16 17:40:00,3391.7,3395.33,3391.7,3395.07,396.0
2025-06-16 17:45:00,3395.18,3397.53,3393.3,3396.7,389.0
2025-06-16 17:50:00,3396.68,3398.8,3395.87,3396.3,384.0
2025-06-16 17:55:00,3396.24,3397.7,3395.83,3396.93,376.0
2025-06-16 18:00:00,3396.95,3400.52,3396.95,3400.33,394.0
2025-06-16 18:05:00,3400.5,3403.41,3399.78,3401.25,386.0
2025-06-16 18:10:00,3401.13,3402.3,3399.46,3400.85,359.0
2025-06-16 18:15:00,3400.68,3402.78,3399.86,3400.26,338.0
2025-06-16 18:20:00,3400.25,3402.1,3400.25,3401.83,319.0
2025-06-16 18:25:00,3401.91,3405.13,3401.86,3404.4,373.0
2025-06-16 18:30:00,3404.46,3405.3,3403.2,3405.13,333.0
2025-06-16 18:35:00,3405.11,3405.47,3402.91,3404.51,348.0
2025-06-16 18:40:00,3404.55,3404.87,3403.64,3403.77,331.0
2025-06-16 18:45:00,3403.76,3405.04,3402.18,3402.93,325.0
2025-06-16 18:50:00,3402.74,3403.44,3400.94,3403.34,327.0
2025-06-16 18:55:00,3403.43,3405.45,3403.06,3404.52,348.0
2025-06-16 19:00:00,3404.42,3404.92,3402.1,3403.24,324.0
2025-06-16 19:05:00,3403.28,3403.95,3402.01,3403.46,274.0
2025-06-16 19:10:00,3403.57,3403.89,3399.83,3400.75,329.0
2025-06-16 19:15:00,3400.74,3400.93,3399.17,3400.93,284.0
2025-06-16 19:20:00,3400.95,3401.12,3397.41,3398.74,314.0
2025-06-16 19:25:00,3398.92,3400.91,3398.42,3399.9,338.0
2025-06-16 19:30:00,3399.92,3400.06,3398.8,3399.64,285.0
2025-06-16 19:35:00,3399.59,3400.11,3398.75,3399.14,262.0
2025-06-16 19:40:00,3399.39,3400.61,3399.17,3400.15,288.0
2025-06-16 19:45:00,3400.11,3400.45,3398.68,3399.39,272.0
2025-06-16 19:50:00,3399.7,3399.99,3398.92,3399.73,255.0
2025-06-16 19:55:00,3399.56,3400.22,3399.26,3399.41,210.0
2025-06-16 20:00:00,3399.36,3400.25,3398.27,3398.64,269.0
2025-06-16 20:05:00,3398.64,3399.11,3397.48,3398.23,269.0
2025-06-16 20:10:00,3398.23,3399.03,3397.14,3398.83,282.0
2025-06-16 20:15:00,3398.82,3399.69,3398.05,3398.23,237.0
2025-06-16 20:20:00,3398.2,3399.18,3396.77,3397.31,275.0
2025-06-16 20:25:00,3397.24,3398.48,3396.6,3397.85,305.0
2025-06-16 20:30:00,3397.89,3398.26,3393.61,3393.97,301.0
2025-06-16 20:35:00,3393.82,3395.14,3393.1,3393.66,275.0
2025-06-16 20:40:00,3393.67,3394.14,3391.23,3393.26,286.0
2025-06-16 20:45:00,3393.25,3393.36,3391.37,3391.94,307.0
2025-06-16 20:50:00,3391.91,3393.46,3391.83,3393.0,272.0
2025-06-16 20:55:00,3393.1,3393.31,3392.14,3392.61,279.0
2025-06-16 21:00:00,3392.65,3393.95,3391.65,3392.14,255.0
2025-06-16 21:05:00,3392.22,3392.76,3390.03,3391.48,272.0
2025-06-16 21:10:00,3391.51,3392.82,3391.07,3391.11,269.0
2025-06-16 21:15:00,3391.13,3391.48,3389.2,3389.73,281.0
2025-06-16 21:20:00,3389.73,3390.13,3388.06,3388.1,290.0
2025-06-16 21:25:00,3388.16,3390.05,3387.88,3389.92,277.0
2025-06-16 21:30:00,3389.9,3390.81,3389.66,3389.79,249.0
2025-06-16 21:35:00,3389.78,3390.31,3389.41,3390.2,214.0
2025-06-16 21:40:00,3390.21,3390.21,3388.98,3389.17,227.0
2025-06-16 21:45:00,3389.45,3389.45,3386.7,3388.26,256.0
2025-06-16 21:50:00,3388.27,3388.44,3387.19,3387.94,257.0
2025-06-16 21:55:00,3387.96,3388.35,3384.05,3385.28,309.0
2025-06-16 22:00:00,3385.41,3385.7,3383.29,3384.78,311.0
2025-06-16 22:05:00,3384.82,3386.01,3383.07,3383.16,267.0
2025-06-16 22:10:00,3383.18,3384.83,3383.18,3384.03,303.0
2025-06-16 22:15:00,3384.04,3384.63,3382.86,3383.07,292.0
2025-06-16 22:20:00,3383.08,3384.86,3382.84,3383.72,289.0
2025-06-16 22:25:00,3383.66,3384.83,3383.04,3384.68,298.0
2025-06-16 22:30:00,3384.63,3387.31,3383.17,3387.31,304.0
2025-06-16 22:35:00,3387.09,3387.76,3386.69,3387.41,287.0
2025-06-16 22:40:00,3387.47,3387.69,3385.23,3386.32,291.0
2025-06-16 22:45:00,3386.32,3386.75,3385.89,3386.64,278.0
2025-06-16 22:50:00,3386.74,3388.43,3386.37,3387.27,349.0
2025-06-16 22:55:00,3386.93,3386.93,3383.43,3384.09,353.0
2025-06-16 23:00:00,3384.07,3384.85,3383.44,3384.4,222.0
2025-06-16 23:05:00,3384.45,3384.95,3383.59,3384.34,171.0
2025-06-16 23:10:00,3384.35,3384.72,3383.4,3384.68,179.0
2025-06-16 23:15:00,3384.65,3385.29,3383.99,3384.91,162.0
2025-06-16 23:20:00,3384.81,3385.09,3384.18,3384.5,131.0
2025-06-16 23:25:00,3384.6,3385.28,3384.39,3384.86,132.0
2025-06-16 23:30:00,3384.69,3385.41,3384.64,3385.02,123.0
2025-06-16 23:35:00,3385.04,3386.04,3385.01,3385.49,144.0
2025-06-16 23:40:00,3385.49,3385.65,3383.72,3383.84,143.0
2025-06-16 23:45:00,3383.97,3384.47,3383.65,3383.91,136.0
2025-06-16 23:50:00,3383.92,3384.67,3383.55,3384.49,145.0
2025-06-16 23:55:00,3384.36,3385.46,3383.78,3385.14,145.0
2025-06-17 01:00:00,3386.26,3389.49,3385.86,3388.44,407.0
2025-06-17 01:05:00,3388.44,3388.79,3387.12,3387.14,157.0
2025-06-17 01:10:00,3387.28,3388.0,3386.85,3387.78,148.0
2025-06-17 01:15:00,3387.77,3388.91,3387.77,3387.99,140.0
2025-06-17 01:20:00,3387.97,3388.48,3387.85,3388.09,114.0
2025-06-17 01:25:00,3388.18,3389.23,3387.77,3387.77,160.0
2025-06-17 01:30:00,3387.77,3390.5,3386.72,3390.41,306.0
2025-06-17 01:35:00,3390.43,3393.2,3389.74,3392.94,295.0
2025-06-17 01:40:00,3392.84,3394.37,3392.79,3393.75,287.0
2025-06-17 01:45:00,3393.87,3398.24,3392.75,3397.7,378.0
2025-06-17 01:50:00,3397.61,3398.49,3394.53,3395.26,306.0
2025-06-17 01:55:00,3395.18,3396.3,3394.79,3395.61,215.0
2025-06-17 02:00:00,3395.5,3396.72,3394.4,3396.01,274.0
2025-06-17 02:05:00,3396.0,3396.93,3394.53,3395.86,209.0
2025-06-17 02:10:00,3395.82,3396.12,3394.22,3394.85,212.0
2025-06-17 02:15:00,3394.86,3396.18,3393.31,3396.08,213.0
2025-06-17 02:20:00,3396.17,3398.23,3394.61,3397.35,262.0
2025-06-17 02:25:00,3397.35,3398.7,3396.59,3398.61,256.0
2025-06-17 02:30:00,3398.67,3400.09,3396.4,3397.38,323.0
2025-06-17 02:35:00,3397.43,3397.95,3394.86,3396.81,262.0
2025-06-17 02:40:00,3396.8,3396.91,3393.68,3394.15,268.0
2025-06-17 02:45:00,3394.04,3397.8,3393.19,3396.11,339.0
2025-06-17 02:50:00,3396.1,3400.18,3396.1,3400.04,385.0
2025-06-17 02:55:00,3399.94,3402.95,3399.49,3402.88,387.0
2025-06-17 03:00:00,3402.89,3402.89,3397.21,3399.87,441.0
2025-06-17 03:05:00,3399.82,3402.42,3399.15,3400.89,346.0
2025-06-17 03:10:00,3400.86,3402.61,3400.77,3401.74,330.0
2025-06-17 03:15:00,3401.74,3401.8,3397.54,3398.55,360.0
2025-06-17 03:20:00,3398.63,3400.48,3397.57,3398.35,340.0
2025-06-17 03:25:00,3398.18,3400.42,3397.23,3398.94,350.0
2025-06-17 03:30:00,3399.51,3402.07,3399.46,3401.8,295.0
2025-06-17 03:35:00,3401.9,3403.24,3400.77,3401.12,330.0
2025-06-17 03:40:00,3401.04,3401.07,3399.53,3399.95,270.0
2025-06-17 03:45:00,3399.86,3400.48,3396.9,3397.22,304.0
2025-06-17 03:50:00,3397.32,3397.32,3394.18,3395.08,397.0
2025-06-17 03:55:00,3394.83,3395.34,3391.7,3394.36,396.0
2025-06-17 04:00:00,3394.24,3398.87,3394.24,3398.68,424.0
2025-06-17 04:05:00,3398.69,3399.68,3398.08,3399.13,353.0
2025-06-17 04:10:00,3399.14,3402.46,3398.51,3400.39,389.0
2025-06-17 04:15:00,3400.5,3401.91,3399.42,3401.61,370.0
2025-06-17 04:20:00,3401.62,3401.62,3399.48,3400.64,317.0
2025-06-17 04:25:00,3400.56,3400.99,3399.07,3399.53,295.0
2025-06-17 04:30:00,3399.68,3400.68,3396.45,3400.02,352.0
2025-06-17 04:35:00,3400.08,3401.39,3399.45,3399.84,322.0
2025-06-17 04:40:00,3399.89,3400.84,3399.5,3399.85,324.0
2025-06-17 04:45:00,3399.85,3399.85,3395.24,3395.42,369.0
2025-06-17 04:50:00,3395.35,3395.51,3393.4,3393.92,371.0
2025-06-17 04:55:00,3393.9,3395.28,3393.66,3393.71,334.0
2025-06-17 05:00:00,3393.75,3396.31,3393.49,3394.33,361.0
2025-06-17 05:05:00,3394.33,3395.17,3390.35,3395.05,381.0
2025-06-17 05:10:00,3395.08,3397.31,3394.85,3395.56,344.0
2025-06-17 05:15:00,3395.38,3397.86,3393.96,3396.91,343.0
2025-06-17 05:20:00,3396.9,3397.2,3395.6,3396.68,293.0
2025-06-17 05:25:00,3396.68,3397.82,3396.46,3397.14,262.0
2025-06-17 05:30:00,3397.22,3398.5,3397.22,3397.89,292.0
2025-06-17 05:35:00,3397.87,3398.46,3396.72,3396.78,283.0
2025-06-17 05:40:00,3396.79,3400.22,3396.63,3399.74,300.0
2025-06-17 05:45:00,3399.7,3400.41,3399.01,3399.6,276.0
2025-06-17 05:50:00,3399.59,3399.59,3393.65,3393.89,403.0
2025-06-17 05:55:00,3393.83,3394.9,3388.71,3390.0,421.0
2025-06-17 06:00:00,3389.82,3392.57,3388.39,3388.39,369.0
2025-06-17 06:05:00,3388.19,3388.79,3384.18,3385.44,396.0
2025-06-17 06:10:00,3385.27,3386.31,3380.59,3384.88,452.0
2025-06-17 06:15:00,3384.84,3384.89,3380.85,3380.85,396.0
2025-06-17 06:20:00,3380.83,3382.27,3373.18,3377.81,485.0
2025-06-17 06:25:00,3378.09,3385.73,3377.99,3385.57,446.0
2025-06-17 06:30:00,3385.66,3387.62,3383.79,3387.02,417.0
2025-06-17 06:35:00,3387.09,3387.65,3386.44,3386.67,363.0
2025-06-17 06:40:00,3386.68,3387.22,3385.08,3386.19,315.0
2025-06-17 06:45:00,3386.19,3386.57,3383.63,3384.13,311.0
2025-06-17 06:50:00,3384.19,3384.62,3383.25,3384.62,290.0
2025-06-17 06:55:00,3384.45,3388.05,3384.42,3387.9,311.0
2025-06-17 07:00:00,3387.67,3389.39,3387.08,3389.06,287.0
2025-06-17 07:05:00,3389.04,3389.73,3387.81,3387.86,282.0
2025-06-17 07:10:00,3387.93,3389.71,3387.84,3389.26,234.0
2025-06-17 07:15:00,3389.44,3390.59,3388.04,3388.63,279.0
2025-06-17 07:20:00,3388.71,3389.4,3387.94,3388.22,254.0
2025-06-17 07:25:00,3388.18,3389.33,3388.03,3389.18,219.0
2025-06-17 07:30:00,3389.16,3391.4,3389.16,3391.24,254.0
2025-06-17 07:35:00,3391.23,3391.54,3389.85,3390.8,244.0
2025-06-17 07:40:00,3390.98,3391.97,3390.26,3391.86,213.0
2025-06-17 07:45:00,3391.87,3395.21,3391.8,3395.1,361.0
2025-06-17 07:50:00,3395.11,3396.26,3393.49,3394.63,297.0
2025-06-17 07:55:00,3394.62,3394.63,3392.86,3394.06,250.0
2025-06-17 08:00:00,3394.05,3394.92,3392.48,3392.76,296.0
2025-06-17 08:05:00,3392.61,3394.29,3392.56,3392.56,261.0
2025-06-17 08:10:00,3392.52,3393.63,3391.62,3392.55,225.0
2025-06-17 08:15:00,3392.56,3393.17,3391.68,3392.04,303.0
2025-06-17 08:20:00,3392.11,3393.92,3391.77,3393.03,267.0
2025-06-17 08:25:00,3393.05,3393.89,3392.44,3393.46,264.0
2025-06-17 08:30:00,3393.47,3393.71,3390.76,3391.82,336.0
2025-06-17 08:35:00,3391.86,3393.34,3391.43,3392.78,332.0
2025-06-17 08:40:00,3392.54,3393.14,3391.65,3392.74,288.0
2025-06-17 08:45:00,3392.74,3393.61,3391.43,3391.46,303.0
2025-06-17 08:50:00,3391.44,3394.24,3391.31,3394.24,320.0
2025-06-17 08:55:00,3394.12,3395.43,3392.43,3392.6,366.0
2025-06-17 09:00:00,3392.58,3392.58,3387.88,3388.23,403.0
2025-06-17 09:05:00,3388.22,3390.18,3387.24,3388.16,363.0
2025-06-17 09:10:00,3388.15,3390.37,3387.35,3390.08,345.0
2025-06-17 09:15:00,3390.33,3390.33,3388.37,3389.03,363.0
2025-06-17 09:20:00,3388.98,3390.2,3388.85,3389.83,367.0
2025-06-17 09:25:00,3389.82,3389.87,3386.86,3388.52,344.0
2025-06-17 09:30:00,3388.36,3389.15,3386.88,3386.88,351.0
2025-06-17 09:35:00,3386.88,3387.59,3386.3,3387.12,334.0
2025-06-17 09:40:00,3387.11,3387.37,3381.18,3381.88,434.0
2025-06-17 09:45:00,3382.12,3386.81,3382.12,3386.75,423.0
2025-06-17 09:50:00,3386.69,3388.08,3385.29,3386.5,371.0
2025-06-17 09:55:00,3386.36,3386.83,3385.33,3385.57,338.0
2025-06-17 10:00:00,3385.38,3388.01,3383.17,3387.77,427.0
2025-06-17 10:05:00,3387.69,3389.47,3387.02,3387.2,343.0
2025-06-17 10:10:00,3387.22,3387.22,3385.27,3385.65,325.0
2025-06-17 10:15:00,3385.56,3389.89,3384.92,3389.52,367.0
2025-06-17 10:20:00,3389.46,3389.93,3388.63,3389.84,346.0
2025-06-17 10:25:00,3389.83,3391.13,3387.29,3387.29,316.0
2025-06-17 10:30:00,3387.27,3388.39,3385.04,3385.22,338.0
2025-06-17 10:35:00,3385.28,3386.54,3384.46,3384.72,310.0
2025-06-17 10:40:00,3384.71,3389.92,3384.68,3389.2,320.0
2025-06-17 10:45:00,3389.3,3391.33,3387.95,3389.34,346.0
2025-06-17 10:50:00,3389.57,3391.69,3387.15,3387.15,330.0
2025-06-17 10:55:00,3387.05,3389.86,3385.93,3387.79,371.0
2025-06-17 11:00:00,3387.44,3388.58,3386.91,3387.12,328.0
2025-06-17 11:05:00,3387.03,3387.29,3385.24,3385.27,311.0
2025-06-17 11:10:00,3385.27,3386.53,3384.9,3386.45,320.0
2025-06-17 11:15:00,3386.43,3387.35,3386.43,3386.56,243.0
2025-06-17 11:20:00,3386.54,3387.47,3384.64,3385.13,312.0
2025-06-17 11:25:00,3385.06,3386.46,3384.38,3386.07,313.0
2025-06-17 11:30:00,3386.01,3386.54,3384.13,3384.88,304.0
2025-06-17 11:35:00,3384.7,3386.26,3383.62,3384.52,356.0
2025-06-17 11:40:00,3384.44,3385.06,3382.71,3383.36,316.0
2025-06-17 11:45:00,3383.36,3384.05,3381.55,3382.67,342.0
2025-06-17 11:50:00,3382.77,3383.37,3379.47,3381.34,339.0
2025-06-17 11:55:00,3380.99,3381.45,3377.84,3378.91,410.0
2025-06-17 12:00:00,3378.69,3381.33,3377.3,3379.48,372.0
2025-06-17 12:05:00,3379.44,3380.44,3375.76,3378.2,404.0
2025-06-17 12:10:00,3378.03,3380.84,3377.4,3380.58,358.0
2025-06-17 12:15:00,3380.64,3381.31,3379.38,3380.57,386.0
2025-06-17 12:20:00,3380.58,3384.27,3380.31,3382.56,401.0
2025-06-17 12:25:00,3382.5,3383.14,3379.62,3380.17,369.0
2025-06-17 12:30:00,3379.91,3382.29,3379.09,3381.08,371.0
2025-06-17 12:35:00,3380.93,3382.93,3379.72,3382.45,346.0
2025-06-17 12:40:00,3382.39,3385.01,3381.89,3384.68,367.0
2025-06-17 12:45:00,3384.66,3384.97,3380.46,3382.32,359.0
2025-06-17 12:50:00,3382.25,3384.07,3382.22,3383.97,349.0
2025-06-17 12:55:00,3383.92,3385.91,3383.37,3385.58,370.0
2025-06-17 13:00:00,3385.57,3387.21,3385.32,3386.87,324.0
2025-06-17 13:05:00,3386.92,3388.51,3386.67,3387.57,294.0
2025-06-17 13:10:00,3387.63,3391.82,3387.41,3391.56,353.0
2025-06-17 13:15:00,3391.54,3394.65,3391.47,3393.79,410.0
2025-06-17 13:20:00,3394.21,3397.44,3393.47,3394.98,440.0
2025-06-17 13:25:00,3395.14,3395.93,3393.56,3393.73,374.0
2025-06-17 13:30:00,3393.82,3394.87,3392.87,3394.46,354.0
2025-06-17 13:35:00,3394.48,3397.29,3394.04,3396.56,378.0
2025-06-17 13:40:00,3396.57,3398.74,3395.82,3396.06,336.0
2025-06-17 13:45:00,3396.12,3396.84,3395.13,3396.48,321.0
2025-06-17 13:50:00,3396.76,3396.76,3394.65,3395.34,314.0
2025-06-17 13:55:00,3395.39,3398.67,3395.26,3398.11,333.0
2025-06-17 14:00:00,3398.12,3399.33,3396.43,3399.24,333.0
2025-06-17 14:05:00,3399.19,3399.36,3397.25,3397.71,325.0
2025-06-17 14:10:00,3397.77,3400.08,3397.0,3398.28,385.0
2025-06-17 14:15:00,3398.23,3398.33,3395.9,3396.1,349.0
2025-06-17 14:20:00,3396.25,3396.56,3394.13,3394.22,367.0
2025-06-17 14:25:00,3394.41,3394.77,3392.73,3393.79,360.0
2025-06-17 14:30:00,3393.76,3395.81,3393.76,3394.34,328.0
2025-06-17 14:35:00,3394.39,3396.09,3392.38,3393.95,352.0
2025-06-17 14:40:00,3394.0,3396.36,3393.63,3396.17,340.0
2025-06-17 14:45:00,3396.18,3396.96,3394.4,3394.94,295.0
2025-06-17 14:50:00,3394.7,3394.7,3388.93,3391.52,385.0
2025-06-17 14:55:00,3391.54,3392.82,3388.32,3388.6,392.0
2025-06-17 15:00:00,3388.72,3388.72,3385.24,3385.72,399.0
2025-06-17 15:05:00,3385.88,3387.47,3383.94,3386.4,382.0
2025-06-17 15:10:00,3386.44,3386.56,3384.65,3384.85,328.0
2025-06-17 15:15:00,3384.88,3386.36,3383.77,3385.04,388.0
2025-06-17 15:20:00,3385.03,3388.27,3383.54,3388.02,438.0
2025-06-17 15:25:00,3387.94,3388.28,3386.4,3388.23,346.0
2025-06-17 15:30:00,3387.89,3391.05,3385.19,3390.14,468.0
2025-06-17 15:35:00,3390.29,3391.49,3384.13,3387.74,467.0
2025-06-17 15:40:00,3387.39,3389.22,3384.54,3385.73,437.0
2025-06-17 15:45:00,3385.69,3388.41,3384.55,3385.36,419.0
2025-06-17 15:50:00,3384.96,3387.9,3383.66,3387.27,429.0
2025-06-17 15:55:00,3387.11,3388.84,3385.19,3386.7,394.0
2025-06-17 16:00:00,3386.76,3389.25,3385.9,3388.66,462.0
2025-06-17 16:05:00,3388.82,3391.87,3388.28,3390.79,452.0
2025-06-17 16:10:00,3390.97,3393.74,3389.82,3393.33,390.0
2025-06-17 16:15:00,3393.35,3395.71,3393.26,3394.28,383.0
2025-06-17 16:20:00,3394.34,3395.55,3393.22,3395.05,404.0
2025-06-17 16:25:00,3395.07,3396.0,3392.66,3393.51,428.0
2025-06-17 16:30:00,3393.8,3397.45,3392.77,3396.81,484.0
2025-06-17 16:35:00,3396.64,3396.95,3391.44,3394.49,506.0
2025-06-17 16:40:00,3394.46,3396.96,3391.62,3395.61,497.0
2025-06-17 16:45:00,3395.47,3395.47,3388.39,3389.81,507.0
2025-06-17 16:50:00,3390.02,3392.14,3388.42,3391.77,444.0
2025-06-17 16:55:00,3391.75,3393.26,3390.16,3390.52,411.0
2025-06-17 17:00:00,3390.19,3391.96,3388.11,3388.11,494.0
2025-06-17 17:05:00,3388.07,3389.49,3384.6,3388.87,485.0
2025-06-17 17:10:00,3388.64,3390.69,3385.56,3386.0,460.0
2025-06-17 17:15:00,3385.97,3387.81,3384.32,3387.42,408.0
2025-06-17 17:20:00,3387.35,3387.8,3385.88,3386.52,394.0
2025-06-17 17:25:00,3386.64,3386.64,3380.55,3383.87,464.0
2025-06-17 17:30:00,3383.74,3383.75,3374.53,3375.67,522.0
2025-06-17 17:35:00,3376.07,3376.35,3366.15,3371.7,562.0
2025-06-17 17:40:00,3371.96,3376.63,3369.57,3375.67,510.0
2025-06-17 17:45:00,3375.8,3379.13,3373.83,3378.88,474.0
2025-06-17 17:50:00,3378.33,3383.84,3377.62,3383.84,470.0
2025-06-17 17:55:00,3383.86,3386.65,3382.98,3385.06,445.0
2025-06-17 18:00:00,3385.05,3386.13,3383.91,3384.61,408.0
2025-06-17 18:05:00,3384.62,3388.29,3384.09,3386.44,412.0
2025-06-17 18:10:00,3386.24,3386.97,3384.86,3385.26,399.0
2025-06-17 18:15:00,3385.35,3387.11,3384.5,3385.64,394.0
2025-06-17 18:20:00,3385.6,3386.53,3383.59,3383.99,396.0
2025-06-17 18:25:00,3383.82,3384.52,3379.6,3381.18,427.0
2025-06-17 18:30:00,3381.15,3381.93,3377.88,3381.93,403.0
2025-06-17 18:35:00,3381.97,3382.58,3377.46,3377.79,392.0
2025-06-17 18:40:00,3377.87,3378.72,3376.39,3377.85,365.0
2025-06-17 18:45:00,3377.86,3378.65,3374.23,3374.45,365.0
2025-06-17 18:50:00,3374.5,3375.84,3372.51,3374.62,390.0
2025-06-17 18:55:00,3374.59,3379.47,3374.59,3379.29,415.0
2025-06-17 19:00:00,3379.44,3381.36,3378.97,3379.78,381.0
2025-06-17 19:05:00,3379.72,3381.62,3377.65,3379.75,356.0
2025-06-17 19:10:00,3379.69,3379.88,3376.74,3378.52,375.0
2025-06-17 19:15:00,3378.57,3379.42,3376.63,3379.17,360.0
2025-06-17 19:20:00,3379.18,3381.79,3377.51,3380.55,340.0
2025-06-17 19:25:00,3380.57,3382.62,3380.51,3381.82,342.0
2025-06-17 19:30:00,3381.8,3382.51,3380.24,3381.57,294.0
2025-06-17 19:35:00,3381.37,3382.0,3380.89,3381.71,310.0
2025-06-17 19:40:00,3381.68,3383.84,3380.72,3382.07,302.0
2025-06-17 19:45:00,3382.26,3383.59,3379.91,3383.35,417.0
2025-06-17 19:50:00,3383.39,3385.88,3382.76,3382.8,414.0
2025-06-17 19:55:00,3383.02,3384.83,3382.13,3382.9,369.0
2025-06-17 20:00:00,3382.96,3384.04,3381.46,3381.88,364.0
2025-06-17 20:05:00,3381.98,3384.8,3381.64,3384.18,338.0
2025-06-17 20:10:00,3384.15,3385.61,3382.68,3385.43,338.0
2025-06-17 20:15:00,3385.42,3390.16,3385.42,3388.51,427.0
2025-06-17 20:20:00,3388.44,3390.6,3388.12,3389.2,378.0
2025-06-17 20:25:00,3389.21,3390.67,3387.87,3388.27,352.0
2025-06-17 20:30:00,3388.26,3390.69,3388.26,3390.49,313.0
2025-06-17 20:35:00,3390.52,3390.93,3388.84,3389.79,343.0
2025-06-17 20:40:00,3389.89,3391.0,3389.23,3390.97,300.0
2025-06-17 20:45:00,3390.92,3391.09,3388.29,3390.37,398.0
2025-06-17 20:50:00,3390.4,3391.26,3388.24,3388.66,381.0
2025-06-17 20:55:00,3388.67,3390.54,3387.91,3390.27,332.0
2025-06-17 21:00:00,3390.31,3390.69,3389.7,3390.44,352.0
2025-06-17 21:05:00,3390.35,3391.31,3390.22,3390.4,327.0
2025-06-17 21:10:00,3390.42,3391.24,3389.48,3390.05,315.0
2025-06-17 21:15:00,3390.09,3391.3,3389.7,3389.83,299.0
2025-06-17 21:20:00,3389.9,3391.78,3389.89,3391.78,300.0
2025-06-17 21:25:00,3391.58,3392.3,3388.79,3389.09,386.0
2025-06-17 21:30:00,3389.04,3390.34,3388.68,3389.96,290.0
2025-06-17 21:35:00,3389.95,3390.83,3389.13,3390.29,255.0
2025-06-17 21:40:00,3390.28,3391.27,3389.0,3389.44,276.0
2025-06-17 21:45:00,3389.49,3389.5,3385.69,3385.75,323.0
2025-06-17 21:50:00,3386.12,3386.32,3384.03,3384.03,317.0
2025-06-17 21:55:00,3383.83,3384.65,3382.4,3382.77,332.0
2025-06-17 22:00:00,3382.99,3384.52,3382.52,3384.25,315.0
2025-06-17 22:05:00,3384.22,3385.02,3383.67,3384.12,270.0
2025-06-17 22:10:00,3384.06,3385.15,3383.79,3384.96,259.0
2025-06-17 22:15:00,3385.07,3385.47,3383.95,3385.01,260.0
2025-06-17 22:20:00,3384.97,3384.97,3382.35,3383.36,294.0
2025-06-17 22:25:00,3383.35,3384.49,3383.19,3384.46,272.0
2025-06-17 22:30:00,3384.49,3386.35,3384.06,3384.6,286.0
2025-06-17 22:35:00,3384.59,3385.57,3383.4,3385.36,266.0
2025-06-17 22:40:00,3385.3,3385.53,3384.19,3384.76,296.0
2025-06-17 22:45:00,3384.87,3385.71,3384.46,3385.07,287.0
2025-06-17 22:50:00,3384.87,3385.55,3383.18,3383.22,294.0
2025-06-17 22:55:00,3383.39,3386.38,3383.18,3385.84,387.0
2025-06-17 23:00:00,3385.56,3386.8,3384.14,3384.63,220.0
2025-06-17 23:05:00,3384.62,3385.0,3384.01,3384.52,158.0
2025-06-17 23:10:00,3384.56,3384.74,3383.74,3384.18,196.0
2025-06-17 23:15:00,3384.21,3384.93,3383.66,3384.75,195.0
2025-06-17 23:20:00,3384.64,3385.27,3384.27,3385.15,165.0
2025-06-17 23:25:00,3385.14,3387.15,3385.12,3386.35,187.0
2025-06-17 23:30:00,3386.34,3386.34,3385.17,3385.33,165.0
2025-06-17 23:35:00,3385.31,3386.52,3385.23,3386.47,148.0
2025-06-17 23:40:00,3386.44,3386.69,3386.05,3386.47,130.0
2025-06-17 23:45:00,3386.46,3390.03,3386.39,3390.01,187.0
2025-06-17 23:50:00,3389.96,3390.32,3387.76,3388.1,197.0
2025-06-17 23:55:00,3388.01,3389.19,3387.8,3388.47,200.0
2025-06-18 01:00:00,3390.46,3396.07,3390.46,3395.47,443.0
2025-06-18 01:05:00,3395.51,3395.81,3392.95,3393.22,192.0
2025-06-18 01:10:00,3393.25,3393.68,3392.61,3393.56,149.0
2025-06-18 01:15:00,3393.61,3394.59,3392.53,3393.55,185.0
2025-06-18 01:20:00,3393.53,3394.09,3392.68,3392.88,141.0
2025-06-18 01:25:00,3392.9,3392.92,3392.18,3392.5,133.0
2025-06-18 01:30:00,3392.57,3393.5,3390.46,3390.51,216.0
2025-06-18 01:35:00,3390.52,3391.67,3389.67,3389.75,184.0
2025-06-18 01:40:00,3389.77,3391.39,3389.68,3391.07,181.0
2025-06-18 01:45:00,3391.06,3391.58,3390.56,3391.03,130.0
2025-06-18 01:50:00,3391.08,3391.42,3390.2,3390.33,142.0
2025-06-18 01:55:00,3390.31,3391.03,3388.87,3388.87,158.0
2025-06-18 02:00:00,3389.18,3390.36,3389.12,3389.19,181.0
2025-06-18 02:05:00,3389.14,3390.36,3388.67,3390.1,174.0
2025-06-18 02:10:00,3390.05,3390.27,3389.05,3389.9,155.0
2025-06-18 02:15:00,3389.89,3390.08,3389.32,3389.77,140.0
2025-06-18 02:20:00,3389.75,3390.25,3389.13,3389.5,129.0
2025-06-18 02:25:00,3389.43,3389.96,3388.92,3389.94,153.0
2025-06-18 02:30:00,3389.95,3390.02,3388.66,3388.66,166.0
2025-06-18 02:35:00,3388.7,3389.32,3388.18,3388.86,171.0
2025-06-18 02:40:00,3388.89,3388.89,3385.13,3385.42,213.0
2025-06-18 02:45:00,3385.51,3386.66,3385.03,3385.97,189.0
2025-06-18 02:50:00,3385.91,3387.88,3385.83,3387.5,234.0
2025-06-18 02:55:00,3387.4,3388.23,3386.57,3387.35,196.0
2025-06-18 03:00:00,3387.29,3387.29,3385.83,3385.86,280.0
2025-06-18 03:05:00,3385.75,3388.88,3384.87,3387.1,378.0
2025-06-18 03:10:00,3387.06,3387.14,3383.28,3383.68,299.0
2025-06-18 03:15:00,3383.54,3384.9,3383.0,3384.9,308.0
2025-06-18 03:20:00,3384.94,3385.48,3384.07,3385.31,253.0
2025-06-18 03:25:00,3385.25,3385.34,3383.58,3384.59,244.0
2025-06-18 03:30:00,3384.53,3385.93,3383.99,3384.04,231.0
2025-06-18 03:35:00,3384.02,3385.31,3383.31,3384.97,254.0
2025-06-18 03:40:00,3384.79,3386.48,3384.77,3386.34,248.0
2025-06-18 03:45:00,3386.12,3387.71,3386.12,3387.5,261.0
2025-06-18 03:50:00,3387.56,3388.19,3385.07,3385.39,310.0
2025-06-18 03:55:00,3385.6,3387.05,3384.11,3385.74,289.0
2025-06-18 04:00:00,3385.76,3387.9,3385.21,3385.59,374.0
2025-06-18 04:05:00,3385.52,3386.4,3384.36,3384.39,328.0
2025-06-18 04:10:00,3384.4,3385.06,3382.58,3383.91,322.0
2025-06-18 04:15:00,3384.0,3385.24,3382.85,3384.04,283.0
2025-06-18 04:20:00,3384.0,3386.35,3384.0,3385.67,283.0
2025-06-18 04:25:00,3385.58,3387.68,3385.57,3387.63,318.0
2025-06-18 04:30:00,3387.67,3388.68,3386.43,3387.04,340.0
2025-06-18 04:35:00,3387.03,3387.03,3384.06,3384.25,284.0
2025-06-18 04:40:00,3384.25,3384.55,3380.03,3380.27,368.0
2025-06-18 04:45:00,3380.34,3382.23,3379.24,3381.81,334.0
2025-06-18 04:50:00,3381.84,3382.99,3380.3,3380.58,322.0
2025-06-18 04:55:00,3380.57,3382.8,3378.7,3379.02,341.0
2025-06-18 05:00:00,3378.91,3378.91,3374.99,3376.01,417.0
2025-06-18 05:05:00,3375.98,3377.21,3374.62,3375.0,373.0
2025-06-18 05:10:00,3374.99,3376.05,3374.27,3374.83,334.0
2025-06-18 05:15:00,3374.87,3375.47,3373.14,3374.4,295.0
2025-06-18 05:20:00,3374.46,3375.29,3373.94,3374.55,293.0
2025-06-18 05:25:00,3374.54,3375.86,3373.2,3373.42,302.0
2025-06-18 05:30:00,3373.41,3374.13,3370.62,3374.09,377.0
2025-06-18 05:35:00,3374.4,3375.29,3373.87,3375.29,320.0
2025-06-18 05:40:00,3375.26,3376.99,3375.12,3376.22,320.0
2025-06-18 05:45:00,3376.34,3377.46,3376.1,3377.32,296.0
2025-06-18 05:50:00,3377.32,3378.97,3376.27,3378.71,270.0
2025-06-18 05:55:00,3378.79,3379.69,3378.15,3379.47,265.0
2025-06-18 06:00:00,3379.4,3381.11,3379.3,3380.75,291.0
2025-06-18 06:05:00,3380.71,3383.3,3380.23,3383.05,328.0
2025-06-18 06:10:00,3383.06,3384.25,3382.47,3384.11,323.0
2025-06-18 06:15:00,3384.12,3384.67,3383.57,3384.38,298.0
2025-06-18 06:20:00,3384.37,3385.66,3383.55,3385.55,314.0
2025-06-18 06:25:00,3385.54,3386.03,3384.83,3384.97,316.0
2025-06-18 06:30:00,3384.89,3387.95,3384.85,3387.53,298.0
2025-06-18 06:35:00,3387.53,3388.8,3387.49,3388.6,256.0
2025-06-18 06:40:00,3388.61,3390.38,3388.06,3389.26,272.0
2025-06-18 06:45:00,3389.33,3389.89,3387.58,3389.56,261.0
2025-06-18 06:50:00,3389.48,3391.04,3389.48,3390.61,237.0
2025-06-18 06:55:00,3390.65,3391.47,3389.42,3391.11,267.0
2025-06-18 07:00:00,3391.01,3391.4,3389.48,3389.82,244.0
2025-06-18 07:05:00,3389.86,3392.48,3389.69,3392.37,234.0
2025-06-18 07:10:00,3392.4,3392.92,3391.57,3392.1,232.0
2025-06-18 07:15:00,3392.02,3393.47,3391.63,3392.86,235.0
2025-06-18 07:20:00,3392.82,3394.18,3392.69,3393.89,237.0
2025-06-18 07:25:00,3393.81,3395.09,3392.76,3395.03,238.0
2025-06-18 07:30:00,3395.03,3396.67,3394.36,3394.95,318.0
2025-06-18 07:35:00,3395.0,3397.24,3394.63,3396.15,278.0
2025-06-18 07:40:00,3396.19,3397.68,3395.92,3397.4,234.0
2025-06-18 07:45:00,3397.45,3400.01,3394.89,3395.15,360.0
2025-06-18 07:50:00,3395.18,3396.93,3394.21,3396.19,266.0
2025-06-18 07:55:00,3396.14,3397.02,3395.05,3395.12,264.0
2025-06-18 08:00:00,3395.28,3395.65,3392.57,3395.05,316.0
2025-06-18 08:05:00,3395.05,3395.11,3393.74,3393.85,214.0
2025-06-18 08:10:00,3393.88,3394.14,3392.5,3393.54,216.0
2025-06-18 08:15:00,3393.47,3394.56,3392.52,3394.48,229.0
2025-06-18 08:20:00,3394.43,3394.57,3392.65,3393.31,280.0
2025-06-18 08:25:00,3393.32,3393.58,3391.77,3392.3,252.0
2025-06-18 08:30:00,3392.34,3392.39,3386.16,3389.03,432.0
2025-06-18 08:35:00,3389.11,3390.75,3384.25,3386.64,442.0
2025-06-18 08:40:00,3386.64,3388.09,3385.42,3387.68,358.0
2025-06-18 08:45:00,3387.69,3388.72,3386.45,3388.07,312.0
2025-06-18 08:50:00,3388.31,3388.31,3386.26,3386.33,325.0
2025-06-18 08:55:00,3386.48,3387.5,3385.37,3386.47,336.0
2025-06-18 09:00:00,3386.18,3386.76,3383.94,3384.95,345.0
2025-06-18 09:05:00,3384.9,3386.12,3383.52,3386.09,331.0
2025-06-18 09:10:00,3386.07,3386.35,3383.72,3384.27,332.0
2025-06-18 09:15:00,3384.34,3384.91,3383.06,3383.21,312.0
2025-06-18 09:20:00,3383.14,3385.18,3382.66,3383.2,315.0
2025-06-18 09:25:00,3383.15,3383.41,3381.99,3382.38,334.0
2025-06-18 09:30:00,3382.41,3383.4,3381.18,3382.54,327.0
2025-06-18 09:35:00,3382.53,3383.72,3381.28,3381.34,330.0
2025-06-18 09:40:00,3381.33,3382.35,3380.19,3380.22,339.0
2025-06-18 09:45:00,3380.28,3382.3,3379.51,3382.19,327.0
2025-06-18 09:50:00,3382.18,3385.46,3382.18,3384.4,383.0
2025-06-18 09:55:00,3384.39,3385.0,3382.17,3382.3,373.0
2025-06-18 10:00:00,3382.28,3382.64,3380.92,3381.59,365.0
2025-06-18 10:05:00,3381.73,3383.55,3380.05,3383.35,353.0
2025-06-18 10:10:00,3383.37,3384.03,3381.19,3381.54,335.0
2025-06-18 10:15:00,3381.55,3383.22,3381.09,3383.13,314.0
2025-06-18 10:20:00,3382.82,3382.92,3379.83,3380.45,317.0
2025-06-18 10:25:00,3380.48,3381.55,3377.79,3378.3,348.0
2025-06-18 10:30:00,3378.29,3380.85,3377.1,3380.73,354.0
2025-06-18 10:35:00,3380.76,3383.44,3380.05,3383.36,287.0
2025-06-18 10:40:00,3383.33,3384.38,3383.27,3383.88,307.0
2025-06-18 10:45:00,3383.89,3384.87,3383.0,3383.41,286.0
2025-06-18 10:50:00,3383.42,3385.41,3383.15,3384.97,320.0
2025-06-18 10:55:00,3384.86,3386.11,3384.45,3385.92,321.0
2025-06-18 11:00:00,3385.82,3388.35,3384.98,3387.13,350.0
2025-06-18 11:05:00,3387.09,3388.05,3386.62,3387.08,278.0
2025-06-18 11:10:00,3387.07,3388.34,3386.14,3386.14,281.0
2025-06-18 11:15:00,3386.12,3386.57,3384.79,3385.95,281.0
2025-06-18 11:20:00,3385.93,3387.27,3385.71,3387.27,301.0
2025-06-18 11:25:00,3387.25,3387.97,3386.42,3387.06,288.0
2025-06-18 11:30:00,3387.13,3387.47,3384.26,3384.91,301.0
2025-06-18 11:35:00,3384.92,3385.65,3384.4,3384.47,263.0
2025-06-18 11:40:00,3384.48,3384.58,3383.4,3384.12,229.0
2025-06-18 11:45:00,3384.11,3385.66,3383.52,3385.44,263.0
2025-06-18 11:50:00,3385.45,3385.45,3382.73,3383.33,317.0
2025-06-18 11:55:00,3383.46,3384.27,3382.63,3383.55,283.0
2025-06-18 12:00:00,3383.53,3385.37,3382.99,3384.29,271.0
2025-06-18 12:05:00,3384.24,3385.51,3383.68,3384.84,261.0
2025-06-18 12:10:00,3384.83,3385.54,3382.81,3382.81,269.0
2025-06-18 12:15:00,3382.8,3382.85,3381.7,3382.5,278.0
2025-06-18 12:20:00,3382.47,3383.52,3382.38,3383.29,269.0
2025-06-18 12:25:00,3382.97,3384.3,3381.94,3382.03,304.0
2025-06-18 12:30:00,3381.98,3382.48,3381.09,3381.38,299.0
2025-06-18 12:35:00,3381.37,3381.72,3380.36,3381.36,217.0
2025-06-18 12:40:00,3381.34,3381.87,3380.06,3381.44,264.0
2025-06-18 12:45:00,3381.45,3381.62,3378.74,3379.47,284.0
2025-06-18 12:50:00,3379.45,3379.93,3377.36,3378.06,348.0
2025-06-18 12:55:00,3377.95,3378.7,3375.53,3378.17,349.0
2025-06-18 13:00:00,3378.23,3379.57,3377.27,3378.78,307.0
2025-06-18 13:05:00,3378.68,3379.57,3377.41,3378.37,293.0
2025-06-18 13:10:00,3378.38,3379.2,3377.14,3378.97,298.0
2025-06-18 13:15:00,3378.96,3379.41,3377.99,3378.05,257.0
2025-06-18 13:20:00,3378.09,3378.35,3376.59,3377.39,297.0
2025-06-18 13:25:00,3377.33,3377.8,3376.51,3376.65,280.0
2025-06-18 13:30:00,3376.69,3380.89,3375.71,3380.84,310.0
2025-06-18 13:35:00,3380.66,3382.44,3379.75,3380.63,367.0
2025-06-18 13:40:00,3380.58,3381.86,3378.15,3378.55,341.0
2025-06-18 13:45:00,3378.4,3378.54,3376.03,3376.54,331.0
2025-06-18 13:50:00,3376.46,3378.66,3375.88,3378.06,298.0
2025-06-18 13:55:00,3377.97,3380.9,3377.6,3380.21,354.0
2025-06-18 14:00:00,3380.23,3381.46,3379.98,3380.51,274.0
2025-06-18 14:05:00,3380.49,3382.36,3380.47,3382.12,273.0
2025-06-18 14:10:00,3382.33,3382.5,3381.53,3381.59,281.0
2025-06-18 14:15:00,3381.12,3382.9,3380.71,3382.9,258.0
2025-06-18 14:20:00,3383.03,3384.48,3382.99,3384.1,300.0
2025-06-18 14:25:00,3384.11,3385.8,3383.86,3385.78,337.0
2025-06-18 14:30:00,3385.78,3386.99,3385.05,3385.76,383.0
2025-06-18 14:35:00,3385.77,3386.89,3383.56,3384.77,354.0
2025-06-18 14:40:00,3384.75,3384.81,3381.53,3381.54,354.0
2025-06-18 14:45:00,3381.42,3385.31,3380.23,3384.7,387.0
2025-06-18 14:50:00,3384.71,3385.88,3383.6,3384.6,315.0
2025-06-18 14:55:00,3384.62,3384.93,3379.01,3382.04,422.0
2025-06-18 15:00:00,3381.97,3384.68,3381.69,3384.14,351.0
2025-06-18 15:05:00,3384.29,3385.15,3381.91,3385.06,335.0
2025-06-18 15:10:00,3385.12,3385.78,3383.71,3384.38,323.0
2025-06-18 15:15:00,3384.66,3386.12,3383.16,3385.31,406.0
2025-06-18 15:20:00,3385.73,3387.59,3385.62,3387.54,359.0
2025-06-18 15:25:00,3387.59,3387.94,3386.33,3386.63,286.0
2025-06-18 15:30:00,3386.56,3389.84,3385.51,3388.66,385.0
2025-06-18 15:35:00,3388.64,3389.44,3386.27,3386.97,380.0
2025-06-18 15:40:00,3386.96,3389.63,3386.96,3389.11,362.0
2025-06-18 15:45:00,3389.06,3389.06,3385.86,3387.62,319.0
2025-06-18 15:50:00,3387.52,3387.53,3384.83,3385.72,305.0
2025-06-18 15:55:00,3385.7,3387.28,3385.64,3386.63,289.0
2025-06-18 16:00:00,3386.58,3389.3,3385.73,3388.33,408.0
2025-06-18 16:05:00,3388.34,3390.16,3388.34,3390.04,357.0
2025-06-18 16:10:00,3390.03,3391.88,3389.83,3391.13,349.0
2025-06-18 16:15:00,3390.97,3392.44,3390.66,3390.91,359.0
2025-06-18 16:20:00,3390.97,3392.75,3390.64,3390.96,337.0
2025-06-18 16:25:00,3390.99,3395.29,3390.92,3395.13,384.0
2025-06-18 16:30:00,3395.33,3396.77,3391.85,3393.18,440.0
2025-06-18 16:35:00,3393.13,3395.35,3393.1,3394.78,421.0
2025-06-18 16:40:00,3394.66,3395.7,3392.23,3392.58,413.0
2025-06-18 16:45:00,3392.65,3393.47,3389.96,3391.19,420.0
2025-06-18 16:50:00,3391.25,3392.74,3390.12,3391.28,382.0
2025-06-18 16:55:00,3391.24,3393.65,3391.2,3392.27,371.0
2025-06-18 17:00:00,3392.12,3392.39,3386.24,3389.98,478.0
2025-06-18 17:05:00,3390.07,3390.5,3385.55,3386.52,476.0
2025-06-18 17:10:00,3386.49,3388.0,3383.87,3384.96,455.0
2025-06-18 17:15:00,3385.18,3386.91,3381.1,3381.49,471.0
2025-06-18 17:20:00,3381.54,3381.54,3373.87,3378.28,401.0
2025-06-18 17:25:00,3378.27,3383.49,3376.87,3382.66,484.0
2025-06-18 17:30:00,3382.67,3388.63,3382.66,3386.71,464.0
2025-06-18 17:35:00,3386.54,3387.62,3384.9,3386.03,437.0
2025-06-18 17:40:00,3385.98,3388.73,3384.99,3387.59,436.0
2025-06-18 17:45:00,3387.63,3390.11,3387.08,3389.36,408.0
2025-06-18 17:50:00,3389.29,3390.02,3385.36,3386.38,414.0
2025-06-18 17:55:00,3386.28,3386.92,3385.25,3386.86,388.0
2025-06-18 18:00:00,3387.55,3389.31,3386.36,3388.48,383.0
2025-06-18 18:05:00,3388.27,3388.34,3385.8,3386.33,350.0
2025-06-18 18:10:00,3386.34,3388.01,3385.49,3385.76,341.0
2025-06-18 18:15:00,3385.47,3386.02,3381.33,3385.34,389.0
2025-06-18 18:20:00,3385.14,3388.98,3384.6,3388.91,401.0
2025-06-18 18:25:00,3388.99,3388.99,3387.36,3387.43,362.0
2025-06-18 18:30:00,3387.29,3388.55,3386.96,3387.7,298.0
2025-06-18 18:35:00,3387.67,3388.95,3387.27,3388.48,292.0
2025-06-18 18:40:00,3388.5,3388.95,3386.48,3388.01,342.0
2025-06-18 18:45:00,3387.89,3390.54,3387.72,3390.46,323.0
2025-06-18 18:50:00,3390.48,3391.6,3390.11,3391.16,333.0
2025-06-18 18:55:00,3390.99,3392.82,3390.64,3392.68,303.0
2025-06-18 19:00:00,3392.69,3394.66,3392.52,3392.86,362.0
2025-06-18 19:05:00,3392.85,3392.96,3390.58,3391.11,320.0
2025-06-18 19:10:00,3391.15,3391.39,3390.48,3390.67,325.0
2025-06-18 19:15:00,3390.57,3392.32,3389.97,3391.99,303.0
2025-06-18 19:20:00,3392.0,3392.17,3390.29,3391.31,281.0
2025-06-18 19:25:00,3391.23,3392.56,3390.15,3392.3,282.0
2025-06-18 19:30:00,3392.5,3393.15,3391.94,3392.22,300.0
2025-06-18 19:35:00,3392.17,3392.4,3391.12,3391.5,296.0
2025-06-18 19:40:00,3391.62,3392.16,3391.26,3391.74,273.0
2025-06-18 19:45:00,3391.73,3392.44,3391.49,3392.21,257.0
2025-06-18 19:50:00,3392.23,3392.47,3391.25,3391.37,252.0
2025-06-18 19:55:00,3391.57,3392.17,3390.85,3391.0,292.0
2025-06-18 20:00:00,3390.94,3391.1,3389.51,3389.73,301.0
2025-06-18 20:05:00,3389.7,3389.85,3388.95,3389.48,265.0
2025-06-18 20:10:00,3389.49,3391.16,3389.18,3390.34,256.0
2025-06-18 20:15:00,3390.19,3390.37,3388.9,3389.6,255.0
2025-06-18 20:20:00,3389.46,3389.8,3388.51,3389.8,291.0
2025-06-18 20:25:00,3389.84,3390.41,3389.35,3389.64,311.0
2025-06-18 20:30:00,3389.74,3389.74,3388.61,3388.72,266.0
2025-06-18 20:35:00,3388.46,3388.57,3386.79,3387.11,274.0
2025-06-18 20:40:00,3387.1,3387.23,3386.05,3386.31,285.0
2025-06-18 20:45:00,3386.28,3387.36,3385.85,3387.19,311.0
2025-06-18 20:50:00,3387.2,3387.55,3385.44,3386.25,288.0
2025-06-18 20:55:00,3386.19,3386.85,3384.51,3385.17,309.0
2025-06-18 21:00:00,3385.36,3393.75,3385.27,3387.36,466.0
2025-06-18 21:05:00,3387.05,3395.73,3386.17,3394.1,486.0
2025-06-18 21:10:00,3394.2,3394.44,3390.6,3392.19,446.0
2025-06-18 21:15:00,3392.23,3394.97,3391.66,3391.66,420.0
2025-06-18 21:20:00,3391.67,3393.2,3387.48,3389.28,405.0
2025-06-18 21:25:00,3389.65,3391.7,3386.93,3390.98,385.0
2025-06-18 21:30:00,3390.8,3392.48,3387.89,3390.21,373.0
2025-06-18 21:35:00,3390.01,3391.5,3388.57,3390.09,409.0
2025-06-18 21:40:00,3390.23,3391.12,3385.79,3387.57,448.0
2025-06-18 21:45:00,3387.32,3387.32,3381.24,3382.18,434.0
2025-06-18 21:50:00,3382.14,3382.7,3379.12,3380.01,453.0
2025-06-18 21:55:00,3380.04,3380.58,3378.43,3379.26,441.0
2025-06-18 22:00:00,3379.08,3379.08,3374.33,3376.67,472.0
2025-06-18 22:05:00,3376.78,3378.74,3373.32,3375.69,445.0
2025-06-18 22:10:00,3375.93,3378.83,3368.61,3372.29,435.0
2025-06-18 22:15:00,3372.36,3376.46,3372.16,3373.86,429.0
2025-06-18 22:20:00,3374.24,3375.05,3370.16,3370.85,435.0
2025-06-18 22:25:00,3370.83,3371.64,3365.24,3365.24,446.0
2025-06-18 22:30:00,3365.43,3374.62,3362.98,3373.41,466.0
2025-06-18 22:35:00,3373.35,3374.51,3370.97,3373.25,423.0
2025-06-18 22:40:00,3373.11,3374.59,3369.78,3369.86,378.0
2025-06-18 22:45:00,3370.14,3370.14,3364.31,3365.29,397.0
2025-06-18 22:50:00,3365.56,3368.23,3364.79,3367.34,377.0
2025-06-18 22:55:00,3367.07,3367.95,3364.56,3366.73,392.0
2025-06-18 23:00:00,3366.57,3368.95,3365.69,3367.51,313.0
2025-06-18 23:05:00,3367.54,3367.54,3365.03,3366.61,279.0
2025-06-18 23:10:00,3366.57,3366.57,3362.56,3364.9,303.0
2025-06-18 23:15:00,3364.64,3365.53,3363.52,3364.92,241.0
2025-06-18 23:20:00,3364.84,3366.92,3364.84,3365.54,232.0
2025-06-18 23:25:00,3365.58,3366.23,3364.48,3365.27,198.0
2025-06-18 23:30:00,3365.02,3365.92,3364.62,3364.62,219.0
2025-06-18 23:35:00,3364.48,3366.15,3364.37,3365.69,206.0
2025-06-18 23:40:00,3365.67,3369.41,3365.67,3367.02,242.0
2025-06-18 23:45:00,3366.97,3367.38,3364.87,3367.36,236.0
2025-06-18 23:50:00,3367.44,3368.82,3367.33,3368.43,191.0
2025-06-18 23:55:00,3368.75,3369.4,3368.08,3369.15,211.0
2025-06-19 01:00:00,3369.58,3374.21,3367.76,3371.45,266.0
2025-06-19 01:05:00,3371.45,3374.5,3370.76,3374.05,170.0
2025-06-19 01:10:00,3374.05,3375.22,3373.55,3374.36,179.0
2025-06-19 01:15:00,3374.34,3377.01,3374.06,3376.37,195.0
2025-06-19 01:20:00,3376.4,3379.7,3375.16,3375.16,272.0
2025-06-19 01:25:00,3375.7,3376.68,3373.77,3375.18,205.0
2025-06-19 01:30:00,3375.17,3376.7,3373.71,3376.52,189.0
2025-06-19 01:35:00,3376.36,3377.73,3375.29,3375.37,232.0
2025-06-19 01:40:00,3375.39,3376.5,3375.39,3376.06,130.0
2025-06-19 01:45:00,3376.2,3376.36,3374.94,3374.94,126.0
2025-06-19 01:50:00,3374.89,3375.17,3373.61,3374.65,208.0
2025-06-19 01:55:00,3374.7,3375.5,3374.51,3375.18,184.0
2025-06-19 02:00:00,3375.23,3375.72,3374.28,3375.61,191.0
2025-06-19 02:05:00,3375.56,3375.56,3374.8,3374.81,155.0
2025-06-19 02:10:00,3374.63,3375.69,3374.34,3374.88,170.0
2025-06-19 02:15:00,3374.87,3374.87,3372.08,3374.42,217.0
2025-06-19 02:20:00,3374.43,3374.44,3371.12,3371.12,201.0
2025-06-19 02:25:00,3371.24,3372.81,3371.24,3371.85,179.0
2025-06-19 02:30:00,3371.81,3373.05,3370.76,3372.62,235.0
2025-06-19 02:35:00,3372.62,3374.25,3372.34,3373.57,228.0
2025-06-19 02:40:00,3373.52,3375.87,3373.19,3375.8,204.0
2025-06-19 02:45:00,3375.95,3376.97,3374.58,3375.75,245.0
2025-06-19 02:50:00,3375.78,3376.07,3374.23,3374.39,219.0
2025-06-19 02:55:00,3374.38,3375.49,3374.35,3375.07,188.0
2025-06-19 03:00:00,3375.08,3377.33,3374.81,3376.3,275.0
2025-06-19 03:05:00,3376.32,3378.02,3375.91,3377.99,266.0
2025-06-19 03:10:00,3377.98,3379.11,3377.59,3378.19,244.0
2025-06-19 03:15:00,3378.2,3379.06,3377.45,3377.85,249.0
2025-06-19 03:20:00,3377.78,3380.0,3377.75,3379.37,239.0
2025-06-19 03:25:00,3379.5,3380.17,3377.85,3379.12,258.0
2025-06-19 03:30:00,3379.14,3380.49,3378.21,3378.82,247.0
2025-06-19 03:35:00,3378.79,3380.64,3378.75,3380.59,300.0
2025-06-19 03:40:00,3380.58,3381.81,3380.43,3381.75,238.0
2025-06-19 03:45:00,3381.76,3383.28,3381.71,3382.11,296.0
2025-06-19 03:50:00,3382.11,3382.15,3379.47,3379.85,290.0
2025-06-19 03:55:00,3379.84,3379.95,3378.61,3379.45,249.0
2025-06-19 04:00:00,3379.5,3384.72,3377.46,3383.46,359.0
2025-06-19 04:05:00,3383.93,3387.93,3381.53,3381.53,441.0
2025-06-19 04:10:00,3381.47,3383.33,3379.15,3380.9,352.0
2025-06-19 04:15:00,3380.95,3382.71,3377.72,3377.72,338.0
2025-06-19 04:20:00,3377.74,3379.49,3377.13,3378.9,281.0
2025-06-19 04:25:00,3378.8,3380.81,3378.8,3380.3,247.0
2025-06-19 04:30:00,3379.99,3381.73,3379.31,3379.45,290.0
2025-06-19 04:35:00,3379.41,3379.87,3377.98,3379.34,260.0
2025-06-19 04:40:00,3379.39,3380.24,3377.44,3378.49,284.0
2025-06-19 04:45:00,3378.38,3380.74,3377.42,3380.41,326.0
2025-06-19 04:50:00,3380.42,3381.47,3378.56,3378.8,245.0
2025-06-19 04:55:00,3378.75,3378.87,3374.61,3374.87,306.0
2025-06-19 05:00:00,3374.85,3377.4,3374.03,3377.28,327.0
2025-06-19 05:05:00,3377.18,3377.57,3376.78,3377.35,268.0
2025-06-19 05:10:00,3377.58,3379.39,3377.51,3377.89,266.0
2025-06-19 05:15:00,3377.94,3378.1,3375.51,3375.69,254.0
2025-06-19 05:20:00,3375.66,3376.2,3375.14,3376.18,230.0
2025-06-19 05:25:00,3376.15,3376.53,3375.12,3375.56,200.0
2025-06-19 05:30:00,3375.54,3376.74,3374.72,3375.9,240.0
2025-06-19 05:35:00,3375.92,3376.77,3374.5,3376.77,235.0
2025-06-19 05:40:00,3376.8,3379.43,3376.56,3377.84,286.0
2025-06-19 05:45:00,3377.69,3378.7,3377.35,3377.36,203.0
2025-06-19 05:50:00,3377.25,3377.36,3375.84,3376.62,199.0
2025-06-19 05:55:00,3376.46,3376.74,3375.39,3376.72,227.0
2025-06-19 06:00:00,3376.73,3377.29,3375.52,3376.78,232.0
2025-06-19 06:05:00,3376.67,3377.27,3375.67,3376.56,231.0
2025-06-19 06:10:00,3376.58,3377.05,3375.49,3376.05,219.0
2025-06-19 06:15:00,3376.14,3376.36,3373.06,3373.15,255.0
2025-06-19 06:20:00,3373.17,3373.56,3371.65,3372.31,281.0
2025-06-19 06:25:00,3372.39,3372.39,3369.73,3371.32,309.0
2025-06-19 06:30:00,3371.36,3373.76,3370.72,3373.46,274.0
2025-06-19 06:35:00,3373.45,3376.16,3371.98,3374.6,270.0
2025-06-19 06:40:00,3374.58,3374.81,3373.87,3374.33,211.0
2025-06-19 06:45:00,3374.38,3374.47,3373.18,3373.63,178.0
2025-06-19 06:50:00,3373.68,3374.88,3373.5,3374.67,215.0
2025-06-19 06:55:00,3374.66,3374.7,3373.6,3373.64,188.0
2025-06-19 07:00:00,3373.61,3374.13,3373.17,3373.56,222.0
2025-06-19 07:05:00,3373.58,3373.97,3373.01,3373.42,156.0
2025-06-19 07:10:00,3373.49,3374.31,3373.41,3373.9,194.0
2025-06-19 07:15:00,3373.89,3374.13,3372.77,3373.1,133.0
2025-06-19 07:20:00,3373.1,3373.62,3372.52,3373.22,159.0
2025-06-19 07:25:00,3373.15,3374.5,3372.28,3373.09,203.0
2025-06-19 07:30:00,3373.14,3373.56,3372.49,3372.49,152.0
2025-06-19 07:35:00,3372.5,3373.05,3372.18,3372.86,159.0
2025-06-19 07:40:00,3372.87,3373.56,3372.33,3373.31,191.0
2025-06-19 07:45:00,3373.34,3373.53,3372.81,3373.19,152.0
2025-06-19 07:50:00,3373.28,3374.82,3373.28,3374.52,165.0
2025-06-19 07:55:00,3374.52,3375.15,3374.36,3374.51,199.0
2025-06-19 08:00:00,3374.47,3375.28,3373.98,3374.39,170.0
2025-06-19 08:05:00,3374.4,3375.24,3372.31,3372.41,189.0
2025-06-19 08:10:00,3372.35,3372.7,3370.31,3372.7,298.0
2025-06-19 08:15:00,3373.1,3374.26,3372.62,3373.82,210.0
2025-06-19 08:20:00,3373.87,3374.73,3371.75,3372.1,226.0
2025-06-19 08:25:00,3372.09,3372.31,3371.26,3372.17,193.0
2025-06-19 08:30:00,3372.26,3374.12,3371.4,3373.43,266.0
2025-06-19 08:35:00,3373.34,3374.5,3372.89,3373.46,212.0
2025-06-19 08:40:00,3373.48,3373.49,3368.52,3369.04,264.0
2025-06-19 08:45:00,3369.01,3369.19,3364.17,3365.69,368.0
2025-06-19 08:50:00,3365.67,3366.52,3360.19,3361.92,381.0
2025-06-19 08:55:00,3362.0,3365.46,3361.56,3364.55,366.0
2025-06-19 09:00:00,3364.58,3364.77,3355.66,3358.89,409.0
2025-06-19 09:05:00,3358.82,3360.19,3354.19,3354.98,411.0
2025-06-19 09:10:00,3354.93,3357.9,3351.23,3355.82,428.0
2025-06-19 09:15:00,3355.56,3356.14,3353.08,3353.55,379.0
2025-06-19 09:20:00,3353.57,3355.07,3350.05,3354.46,425.0
2025-06-19 09:25:00,3354.77,3355.03,3349.61,3350.17,411.0
2025-06-19 09:30:00,3350.14,3351.99,3348.08,3350.73,401.0
2025-06-19 09:35:00,3350.75,3353.87,3350.01,3350.25,375.0
2025-06-19 09:40:00,3350.22,3352.02,3347.65,3351.95,389.0
2025-06-19 09:45:00,3351.75,3357.21,3350.13,3356.64,391.0
2025-06-19 09:50:00,3356.51,3358.07,3355.3,3355.7,375.0
2025-06-19 09:55:00,3355.72,3358.17,3355.67,3357.34,346.0
2025-06-19 10:00:00,3356.93,3358.59,3356.35,3356.81,305.0
2025-06-19 10:05:00,3356.74,3358.72,3354.51,3358.15,323.0
2025-06-19 10:10:00,3358.28,3358.67,3354.91,3355.28,307.0
2025-06-19 10:15:00,3355.32,3356.79,3353.98,3354.34,310.0
2025-06-19 10:20:00,3354.36,3354.58,3350.7,3352.01,366.0
2025-06-19 10:25:00,3352.14,3356.56,3351.62,3352.95,353.0
2025-06-19 10:30:00,3352.93,3357.08,3352.93,3356.95,330.0
2025-06-19 10:35:00,3356.93,3365.79,3354.95,3365.79,369.0
2025-06-19 10:40:00,3365.78,3368.58,3365.4,3366.95,414.0
2025-06-19 10:45:00,3367.01,3368.9,3364.61,3368.8,369.0
2025-06-19 10:50:00,3369.05,3369.05,3366.22,3367.2,326.0
2025-06-19 10:55:00,3367.22,3367.44,3365.13,3365.66,324.0
2025-06-19 11:00:00,3365.79,3366.55,3362.57,3364.23,332.0
2025-06-19 11:05:00,3364.28,3365.74,3363.4,3364.21,319.0
2025-06-19 11:10:00,3364.15,3364.91,3362.44,3362.46,296.0
2025-06-19 11:15:00,3362.45,3364.94,3362.3,3364.68,333.0
2025-06-19 11:20:00,3364.72,3366.68,3364.1,3366.44,304.0
2025-06-19 11:25:00,3366.34,3367.39,3365.47,3366.45,341.0
2025-06-19 11:30:00,3366.41,3367.06,3364.19,3365.5,344.0
2025-06-19 11:35:00,3365.69,3367.79,3365.11,3366.93,298.0
2025-06-19 11:40:00,3366.94,3370.29,3366.93,3370.23,315.0
2025-06-19 11:45:00,3370.19,3371.59,3368.32,3370.25,360.0
2025-06-19 11:50:00,3370.24,3371.03,3369.66,3370.04,302.0
2025-06-19 11:55:00,3370.02,3370.15,3368.11,3368.68,320.0
2025-06-19 12:00:00,3368.58,3369.39,3365.68,3366.84,305.0
2025-06-19 12:05:00,3366.82,3366.91,3363.72,3366.6,313.0
2025-06-19 12:10:00,3366.67,3368.58,3366.14,3368.2,302.0
2025-06-19 12:15:00,3368.17,3369.36,3367.42,3369.19,307.0
2025-06-19 12:20:00,3369.25,3373.32,3369.04,3372.67,310.0
2025-06-19 12:25:00,3372.67,3373.54,3372.12,3372.5,344.0
2025-06-19 12:30:00,3372.33,3372.64,3370.57,3371.55,315.0
2025-06-19 12:35:00,3371.57,3371.99,3370.75,3371.41,287.0
2025-06-19 12:40:00,3371.4,3371.69,3370.81,3370.92,259.0
2025-06-19 12:45:00,3370.84,3373.46,3370.73,3371.69,289.0
2025-06-19 12:50:00,3371.67,3371.67,3369.55,3369.99,292.0
2025-06-19 12:55:00,3370.02,3371.4,3369.69,3370.53,282.0
2025-06-19 13:00:00,3370.32,3371.49,3369.1,3371.49,290.0
2025-06-19 13:05:00,3371.48,3373.12,3371.48,3372.1,299.0
2025-06-19 13:10:00,3372.1,3373.69,3371.84,3373.41,288.0
2025-06-19 13:15:00,3373.38,3374.43,3372.72,3374.08,268.0
2025-06-19 13:20:00,3374.2,3376.21,3373.47,3375.14,256.0
2025-06-19 13:25:00,3375.22,3377.83,3374.55,3376.05,322.0
2025-06-19 13:30:00,3376.07,3377.53,3375.8,3377.31,309.0
2025-06-19 13:35:00,3377.28,3377.79,3375.6,3376.47,311.0
2025-06-19 13:40:00,3376.44,3379.0,3375.68,3377.0,305.0
2025-06-19 13:45:00,3377.03,3378.38,3375.71,3375.98,253.0
2025-06-19 13:50:00,3375.96,3376.38,3373.73,3374.56,314.0
2025-06-19 13:55:00,3374.6,3374.97,3373.99,3374.97,227.0
2025-06-19 14:00:00,3374.94,3375.43,3373.27,3374.55,309.0
2025-06-19 14:05:00,3374.61,3374.78,3372.18,3372.3,299.0
2025-06-19 14:10:00,3372.33,3374.57,3371.98,3373.12,289.0
2025-06-19 14:15:00,3373.03,3373.11,3372.14,3372.91,269.0
2025-06-19 14:20:00,3372.86,3374.04,3372.21,3373.46,255.0
2025-06-19 14:25:00,3373.67,3374.35,3372.7,3373.93,265.0
2025-06-19 14:30:00,3373.95,3374.56,3373.57,3374.12,239.0
2025-06-19 14:35:00,3373.99,3374.43,3372.2,3372.73,280.0
2025-06-19 14:40:00,3372.75,3373.23,3371.83,3373.16,223.0
2025-06-19 14:45:00,3373.1,3373.78,3372.53,3372.68,252.0
2025-06-19 14:50:00,3372.63,3372.76,3370.44,3371.15,277.0
2025-06-19 14:55:00,3371.22,3372.04,3370.84,3372.02,294.0
2025-06-19 15:00:00,3372.0,3372.58,3370.84,3371.51,310.0
2025-06-19 15:05:00,3371.43,3371.89,3368.12,3368.67,296.0
2025-06-19 15:10:00,3368.63,3368.68,3365.68,3366.06,331.0
2025-06-19 15:15:00,3366.06,3367.63,3365.45,3365.83,320.0
2025-06-19 15:20:00,3365.84,3366.24,3363.82,3365.37,319.0
2025-06-19 15:25:00,3365.68,3366.09,3364.63,3365.4,295.0
2025-06-19 15:30:00,3365.42,3369.67,3364.6,3369.52,314.0
2025-06-19 15:35:00,3369.63,3371.35,3367.48,3367.58,351.0
2025-06-19 15:40:00,3367.95,3368.4,3366.7,3367.19,286.0
2025-06-19 15:45:00,3367.16,3368.18,3365.93,3367.99,318.0
2025-06-19 15:50:00,3367.91,3369.9,3367.82,3369.44,292.0
2025-06-19 15:55:00,3369.42,3369.7,3367.36,3367.97,283.0
2025-06-19 16:00:00,3367.55,3367.58,3365.03,3365.86,367.0
2025-06-19 16:05:00,3365.83,3368.93,3365.18,3367.13,326.0
2025-06-19 16:10:00,3367.07,3368.02,3366.64,3367.05,263.0
2025-06-19 16:15:00,3366.93,3368.33,3364.63,3368.01,302.0
2025-06-19 16:20:00,3368.04,3368.42,3365.49,3365.84,262.0
2025-06-19 16:25:00,3365.86,3366.15,3361.57,3362.88,320.0
2025-06-19 16:30:00,3362.92,3366.09,3361.8,3365.86,338.0
2025-06-19 16:35:00,3365.89,3366.66,3362.22,3365.51,363.0
2025-06-19 16:40:00,3365.53,3369.08,3365.44,3367.69,319.0
2025-06-19 16:45:00,3367.71,3370.9,3367.71,3370.53,346.0
2025-06-19 16:50:00,3370.56,3372.84,3368.97,3372.06,347.0
2025-06-19 16:55:00,3371.98,3372.39,3369.36,3369.53,318.0
2025-06-19 17:00:00,3369.53,3370.9,3368.67,3368.78,361.0
2025-06-19 17:05:00,3368.79,3369.48,3366.79,3367.67,337.0
2025-06-19 17:10:00,3367.64,3369.36,3366.57,3368.64,274.0
2025-06-19 17:15:00,3368.61,3369.42,3368.32,3369.11,271.0
2025-06-19 17:20:00,3369.07,3369.12,3364.14,3364.49,331.0
2025-06-19 17:25:00,3364.43,3364.77,3362.18,3362.25,328.0
2025-06-19 17:30:00,3361.97,3364.59,3361.61,3363.42,336.0
2025-06-19 17:35:00,3363.43,3366.08,3361.81,3365.81,328.0
2025-06-19 17:40:00,3365.74,3366.74,3364.47,3366.21,298.0
2025-06-19 17:45:00,3366.32,3366.69,3364.65,3364.92,293.0
2025-06-19 17:50:00,3365.09,3366.16,3364.52,3365.4,267.0
2025-06-19 17:55:00,3365.35,3366.08,3364.36,3364.66,320.0
2025-06-19 18:00:00,3364.61,3365.17,3362.81,3364.67,292.0
2025-06-19 18:05:00,3364.68,3367.91,3364.29,3367.38,295.0
2025-06-19 18:10:00,3367.42,3368.43,3362.33,3366.65,370.0
2025-06-19 18:15:00,3366.5,3367.54,3365.82,3367.51,262.0
2025-06-19 18:20:00,3367.46,3370.09,3367.06,3368.98,284.0
2025-06-19 18:25:00,3368.96,3369.55,3367.15,3367.24,233.0
2025-06-19 18:30:00,3367.25,3368.03,3366.23,3367.02,232.0
2025-06-19 18:35:00,3367.05,3368.44,3366.63,3367.01,208.0
2025-06-19 18:40:00,3366.9,3367.38,3365.89,3367.26,271.0
2025-06-19 18:45:00,3367.29,3367.4,3365.49,3366.85,254.0
2025-06-19 18:50:00,3366.84,3371.36,3366.79,3370.16,256.0
2025-06-19 18:55:00,3370.18,3371.92,3368.51,3369.1,345.0
2025-06-19 19:00:00,3369.16,3369.47,3367.57,3367.65,243.0
2025-06-19 19:05:00,3367.61,3368.7,3367.2,3367.74,193.0
2025-06-19 19:10:00,3367.76,3368.35,3367.52,3367.52,166.0
2025-06-19 19:15:00,3366.99,3367.44,3366.15,3366.94,204.0
2025-06-19 19:20:00,3367.05,3371.61,3366.79,3370.57,259.0
2025-06-19 19:25:00,3370.63,3371.01,3369.39,3369.9,253.0
2025-06-19 19:30:00,3369.89,3370.48,3366.85,3367.95,270.0
2025-06-19 19:35:00,3367.98,3369.14,3367.67,3368.75,181.0
2025-06-19 19:40:00,3368.71,3370.01,3368.38,3369.59,137.0
2025-06-19 19:45:00,3369.61,3370.86,3369.43,3370.74,169.0
2025-06-19 19:50:00,3370.75,3371.56,3369.56,3370.53,254.0
2025-06-19 19:55:00,3370.5,3371.63,3370.27,3371.08,169.0
2025-06-19 20:00:00,3371.04,3371.98,3371.04,3371.59,185.0
2025-06-19 20:05:00,3371.67,3372.19,3371.53,3372.13,160.0
2025-06-19 20:10:00,3372.16,3374.1,3372.13,3373.45,203.0
2025-06-19 20:15:00,3373.26,3373.68,3372.84,3373.32,166.0
2025-06-19 20:20:00,3373.4,3375.45,3373.21,3373.22,238.0
2025-06-19 20:25:00,3373.23,3374.22,3373.21,3373.7,175.0
2025-06-19 20:30:00,3373.72,3373.74,3368.9,3370.04,239.0
2025-06-19 20:35:00,3370.06,3371.67,3366.49,3368.04,263.0
2025-06-19 20:40:00,3368.0,3368.58,3365.95,3366.39,219.0
2025-06-19 20:45:00,3366.35,3367.93,3366.03,3366.84,206.0
2025-06-19 20:50:00,3366.83,3369.72,3366.79,3369.39,190.0
2025-06-19 20:55:00,3369.42,3369.69,3368.23,3368.28,147.0
2025-06-19 21:00:00,3368.27,3368.27,3366.61,3367.74,200.0
2025-06-19 21:05:00,3367.75,3369.5,3367.08,3369.22,170.0
2025-06-19 21:10:00,3369.21,3370.17,3368.96,3369.53,190.0
2025-06-19 21:15:00,3369.5,3371.27,3369.5,3371.02,187.0
2025-06-19 21:20:00,3370.98,3371.4,3370.37,3370.49,170.0
2025-06-19 21:25:00,3370.5,3370.8,3369.88,3370.63,162.0
2025-06-20 01:00:00,3370.12,3370.25,3368.04,3370.25,236.0
2025-06-20 01:05:00,3370.25,3370.25,3366.76,3367.11,124.0
2025-06-20 01:10:00,3366.99,3367.56,3362.07,3364.88,213.0
2025-06-20 01:15:00,3364.75,3366.66,3363.94,3365.41,213.0
2025-06-20 01:20:00,3365.16,3367.35,3364.81,3366.94,189.0
2025-06-20 01:25:00,3366.95,3367.18,3366.13,3366.38,164.0
2025-06-20 01:30:00,3366.41,3366.85,3364.38,3364.38,169.0
2025-06-20 01:35:00,3364.59,3365.22,3362.86,3363.23,202.0
2025-06-20 01:40:00,3363.22,3364.63,3362.37,3364.47,250.0
2025-06-20 01:45:00,3364.52,3365.08,3364.03,3364.51,158.0
2025-06-20 01:50:00,3364.52,3365.31,3364.25,3364.25,144.0
2025-06-20 01:55:00,3364.24,3365.83,3364.24,3365.67,124.0
2025-06-20 02:00:00,3365.78,3365.98,3363.7,3365.42,142.0
2025-06-20 02:05:00,3365.4,3365.81,3364.5,3364.92,160.0
2025-06-20 02:10:00,3364.9,3366.57,3364.6,3366.57,168.0
2025-06-20 02:15:00,3366.46,3368.24,3366.46,3367.78,220.0
2025-06-20 02:20:00,3367.78,3369.5,3367.52,3369.1,188.0
2025-06-20 02:25:00,3369.14,3370.4,3368.03,3368.46,183.0
2025-06-20 02:30:00,3368.03,3368.7,3366.51,3366.78,203.0
2025-06-20 02:35:00,3366.77,3368.17,3365.8,3366.47,196.0
2025-06-20 02:40:00,3366.35,3367.52,3365.46,3367.28,194.0
2025-06-20 02:45:00,3367.25,3370.05,3367.25,3368.76,231.0
2025-06-20 02:50:00,3368.66,3369.8,3368.16,3368.62,278.0
2025-06-20 02:55:00,3368.61,3368.98,3367.75,3368.72,227.0
2025-06-20 03:00:00,3368.47,3370.35,3367.68,3369.09,270.0
2025-06-20 03:05:00,3369.07,3369.4,3368.08,3368.24,265.0
2025-06-20 03:10:00,3368.21,3368.91,3367.0,3368.39,249.0
2025-06-20 03:15:00,3368.45,3368.96,3366.71,3367.92,232.0
2025-06-20 03:20:00,3367.92,3368.05,3366.3,3366.71,210.0
2025-06-20 03:25:00,3366.7,3366.95,3365.66,3365.83,216.0
2025-06-20 03:30:00,3365.79,3366.89,3364.96,3365.15,224.0
2025-06-20 03:35:00,3365.09,3366.51,3364.86,3365.68,201.0
2025-06-20 03:40:00,3365.54,3366.09,3364.68,3365.95,220.0
2025-06-20 03:45:00,3365.99,3366.72,3364.78,3366.54,277.0
2025-06-20 03:50:00,3366.58,3367.43,3365.18,3367.27,306.0
2025-06-20 03:55:00,3367.33,3369.16,3367.24,3368.14,266.0
2025-06-20 04:00:00,3368.12,3368.3,3365.41,3365.82,314.0
2025-06-20 04:05:00,3365.6,3366.48,3363.14,3363.43,326.0
2025-06-20 04:10:00,3363.35,3363.87,3358.88,3359.18,356.0
2025-06-20 04:15:00,3359.19,3361.17,3357.43,3359.33,351.0
2025-06-20 04:20:00,3359.27,3362.82,3358.49,3362.43,336.0
2025-06-20 04:25:00,3362.45,3362.77,3361.02,3361.78,271.0
2025-06-20 04:30:00,3361.8,3362.49,3360.26,3361.42,291.0
2025-06-20 04:35:00,3361.58,3362.82,3360.55,3360.75,266.0
2025-06-20 04:40:00,3360.7,3361.22,3359.18,3361.17,271.0
2025-06-20 04:45:00,3361.16,3364.4,3361.16,3363.81,300.0
2025-06-20 04:50:00,3363.82,3363.9,3358.89,3358.89,273.0
2025-06-20 04:55:00,3358.68,3359.42,3356.16,3356.48,310.0
2025-06-20 05:00:00,3356.47,3360.1,3355.9,3359.82,312.0
2025-06-20 05:05:00,3359.92,3360.57,3358.28,3358.57,264.0
2025-06-20 05:10:00,3358.64,3359.09,3355.93,3356.16,291.0
2025-06-20 05:15:00,3356.23,3358.07,3355.83,3358.07,236.0
2025-06-20 05:20:00,3358.1,3358.45,3357.69,3357.97,196.0
2025-06-20 05:25:00,3357.96,3358.0,3356.54,3357.3,221.0
2025-06-20 05:30:00,3357.62,3357.97,3354.3,3354.6,372.0
2025-06-20 05:35:00,3354.77,3356.6,3353.02,3354.9,361.0
2025-06-20 05:40:00,3354.88,3356.81,3354.12,3356.36,339.0
2025-06-20 05:45:00,3356.43,3356.81,3352.83,3352.87,338.0
2025-06-20 05:50:00,3352.89,3354.43,3351.82,3352.1,324.0
2025-06-20 05:55:00,3352.34,3353.48,3351.85,3352.46,290.0
2025-06-20 06:00:00,3352.48,3353.58,3350.85,3353.01,316.0
2025-06-20 06:05:00,3353.03,3354.02,3348.84,3348.84,384.0
2025-06-20 06:10:00,3348.57,3348.68,3344.88,3346.72,422.0
2025-06-20 06:15:00,3346.58,3350.32,3346.47,3348.41,375.0
2025-06-20 06:20:00,3348.34,3350.99,3346.8,3349.53,363.0
2025-06-20 06:25:00,3349.55,3352.71,3348.86,3352.54,290.0
2025-06-20 06:30:00,3352.48,3353.25,3351.88,3352.86,289.0
2025-06-20 06:35:00,3352.78,3353.09,3351.23,3351.55,257.0
2025-06-20 06:40:00,3351.54,3355.2,3350.93,3354.69,277.0
2025-06-20 06:45:00,3354.73,3354.77,3352.76,3354.44,256.0
2025-06-20 06:50:00,3354.43,3355.07,3354.14,3354.82,205.0
2025-06-20 06:55:00,3354.81,3356.26,3354.59,3355.52,242.0
2025-06-20 07:00:00,3355.54,3355.57,3354.14,3354.27,275.0
2025-06-20 07:05:00,3354.27,3355.48,3354.08,3354.48,251.0
2025-06-20 07:10:00,3354.47,3355.71,3354.19,3355.5,201.0
2025-06-20 07:15:00,3355.46,3355.46,3354.16,3355.25,189.0
2025-06-20 07:20:00,3355.24,3356.3,3355.1,3356.09,205.0
2025-06-20 07:25:00,3356.1,3357.23,3356.09,3356.62,220.0
2025-06-20 07:30:00,3356.61,3357.14,3356.3,3356.86,174.0
2025-06-20 07:35:00,3356.79,3356.79,3356.28,3356.34,171.0
2025-06-20 07:40:00,3356.33,3357.65,3356.22,3357.27,180.0
2025-06-20 07:45:00,3357.25,3357.54,3355.63,3355.63,215.0
2025-06-20 07:50:00,3355.59,3356.61,3353.86,3353.97,240.0
2025-06-20 07:55:00,3353.94,3354.71,3352.6,3354.3,248.0
2025-06-20 08:00:00,3354.32,3354.54,3353.26,3353.69,209.0
2025-06-20 08:05:00,3353.76,3354.28,3352.72,3354.22,203.0
2025-06-20 08:10:00,3354.23,3354.96,3352.23,3352.87,217.0
2025-06-20 08:15:00,3352.86,3353.33,3351.78,3352.08,201.0
2025-06-20 08:20:00,3352.14,3352.38,3351.6,3352.08,190.0
2025-06-20 08:25:00,3351.98,3352.56,3349.2,3349.23,287.0
2025-06-20 08:30:00,3348.9,3351.11,3346.66,3349.61,367.0
2025-06-20 08:35:00,3349.63,3352.77,3347.83,3352.56,327.0
2025-06-20 08:40:00,3352.57,3352.7,3349.26,3349.67,328.0
2025-06-20 08:45:00,3349.6,3349.93,3346.88,3347.37,305.0
2025-06-20 08:50:00,3347.42,3347.42,3344.66,3345.99,325.0
2025-06-20 08:55:00,3345.87,3346.86,3342.77,3344.72,354.0
2025-06-20 09:00:00,3344.43,3346.47,3342.45,3345.95,352.0
2025-06-20 09:05:00,3345.76,3348.07,3344.81,3345.46,317.0
2025-06-20 09:10:00,3345.35,3348.27,3344.81,3348.15,315.0
2025-06-20 09:15:00,3348.09,3348.64,3346.62,3347.83,296.0
2025-06-20 09:20:00,3347.87,3348.14,3344.14,3344.56,293.0
2025-06-20 09:25:00,3344.64,3345.03,3343.41,3344.08,302.0
2025-06-20 09:30:00,3344.1,3345.13,3341.74,3343.37,343.0
2025-06-20 09:35:00,3343.38,3343.98,3341.52,3343.91,314.0
2025-06-20 09:40:00,3343.86,3344.64,3340.37,3340.91,359.0
2025-06-20 09:45:00,3340.98,3344.51,3340.78,3344.15,300.0
2025-06-20 09:50:00,3344.28,3345.97,3344.28,3345.65,278.0
2025-06-20 09:55:00,3345.7,3346.09,3344.14,3345.28,313.0
2025-06-20 10:00:00,3345.27,3347.86,3343.4,3347.7,353.0
2025-06-20 10:05:00,3347.68,3351.92,3347.47,3351.92,353.0
2025-06-20 10:10:00,3351.91,3354.39,3351.67,3353.2,338.0
2025-06-20 10:15:00,3353.23,3355.29,3351.51,3352.03,311.0
2025-06-20 10:20:00,3352.06,3352.38,3349.93,3351.81,281.0
2025-06-20 10:25:00,3351.89,3352.44,3350.75,3352.12,271.0
2025-06-20 10:30:00,3352.04,3352.05,3349.95,3350.27,251.0
2025-06-20 10:35:00,3350.24,3351.07,3348.29,3348.36,287.0
2025-06-20 10:40:00,3348.36,3349.37,3347.57,3348.14,301.0
2025-06-20 10:45:00,3348.21,3348.26,3346.48,3346.48,294.0
2025-06-20 10:50:00,3346.51,3349.77,3346.28,3347.85,271.0
2025-06-20 10:55:00,3347.77,3348.94,3347.32,3347.66,270.0
2025-06-20 11:00:00,3347.65,3349.09,3347.39,3347.64,302.0
2025-06-20 11:05:00,3347.64,3348.79,3346.75,3348.11,284.0
2025-06-20 11:10:00,3348.1,3348.63,3346.99,3348.6,263.0
2025-06-20 11:15:00,3348.59,3349.68,3348.12,3349.68,242.0
2025-06-20 11:20:00,3349.71,3350.23,3348.67,3349.0,243.0
2025-06-20 11:25:00,3348.99,3349.7,3347.63,3348.88,273.0
2025-06-20 11:30:00,3348.89,3351.24,3348.37,3349.5,283.0
2025-06-20 11:35:00,3349.49,3351.78,3349.37,3349.92,280.0
2025-06-20 11:40:00,3349.91,3352.37,3349.46,3352.2,266.0
2025-06-20 11:45:00,3352.34,3352.47,3350.55,3351.46,263.0
2025-06-20 11:50:00,3351.39,3351.71,3349.71,3351.31,240.0
2025-06-20 11:55:00,3351.28,3351.65,3350.38,3351.0,266.0
2025-06-20 12:00:00,3350.86,3351.92,3349.31,3351.92,279.0
2025-06-20 12:05:00,3351.91,3353.64,3351.47,3353.58,287.0
2025-06-20 12:10:00,3353.62,3354.14,3352.95,3353.96,258.0
2025-06-20 12:15:00,3353.99,3355.05,3352.31,3352.79,313.0
2025-06-20 12:20:00,3352.76,3354.89,3352.65,3354.85,232.0
2025-06-20 12:25:00,3354.87,3356.71,3354.68,3355.99,288.0
2025-06-20 12:30:00,3356.02,3357.6,3355.57,3357.15,266.0
2025-06-20 12:35:00,3357.16,3357.51,3356.57,3357.47,237.0
2025-06-20 12:40:00,3357.53,3358.67,3357.44,3358.25,269.0
2025-06-20 12:45:00,3358.25,3359.2,3356.5,3356.55,269.0
2025-06-20 12:50:00,3356.32,3356.6,3354.41,3355.39,313.0
2025-06-20 12:55:00,3355.4,3356.5,3354.9,3355.25,293.0
2025-06-20 13:00:00,3355.37,3356.59,3355.19,3355.37,257.0
2025-06-20 13:05:00,3355.38,3356.75,3354.95,3356.64,248.0
2025-06-20 13:10:00,3356.65,3356.77,3355.79,3356.19,210.0
2025-06-20 13:15:00,3356.22,3357.85,3355.93,3357.43,249.0
2025-06-20 13:20:00,3357.4,3357.72,3355.15,3355.27,262.0
2025-06-20 13:25:00,3355.31,3356.56,3355.29,3356.41,220.0
2025-06-20 13:30:00,3356.42,3356.9,3355.08,3355.55,226.0
2025-06-20 13:35:00,3355.62,3356.31,3355.21,3355.96,222.0
2025-06-20 13:40:00,3355.98,3356.69,3355.63,3356.67,208.0
2025-06-20 13:45:00,3356.66,3357.43,3355.94,3357.03,235.0
2025-06-20 13:50:00,3356.87,3357.49,3355.81,3355.81,208.0
2025-06-20 13:55:00,3355.76,3356.74,3355.4,3355.4,197.0
2025-06-20 14:00:00,3355.41,3355.97,3354.77,3354.77,224.0
2025-06-20 14:05:00,3354.92,3355.03,3352.99,3354.1,271.0
2025-06-20 14:10:00,3354.13,3354.84,3353.89,3354.32,247.0
2025-06-20 14:15:00,3354.33,3354.5,3353.37,3353.4,205.0
2025-06-20 14:20:00,3353.41,3353.69,3352.43,3352.53,212.0
2025-06-20 14:25:00,3352.56,3353.14,3351.2,3351.91,244.0
2025-06-20 14:30:00,3351.99,3352.84,3351.12,3352.83,310.0
2025-06-20 14:35:00,3352.84,3355.41,3352.39,3354.89,267.0
2025-06-20 14:40:00,3354.91,3354.91,3351.62,3351.78,277.0
2025-06-20 14:45:00,3351.15,3354.05,3348.15,3350.05,408.0
2025-06-20 14:50:00,3350.17,3351.36,3348.64,3348.75,320.0
2025-06-20 14:55:00,3348.74,3349.73,3346.74,3347.05,339.0
2025-06-20 15:00:00,3347.28,3349.52,3346.45,3349.52,319.0
2025-06-20 15:05:00,3349.65,3350.43,3345.81,3346.54,335.0
2025-06-20 15:10:00,3346.88,3348.17,3346.75,3348.04,297.0
2025-06-20 15:15:00,3348.09,3349.18,3347.2,3347.34,262.0
2025-06-20 15:20:00,3347.17,3350.73,3346.74,3350.38,325.0
2025-06-20 15:25:00,3350.29,3350.42,3347.72,3348.28,270.0
2025-06-20 15:30:00,3348.3,3348.62,3341.97,3346.31,393.0
2025-06-20 15:35:00,3346.48,3348.2,3344.02,3347.12,369.0
2025-06-20 15:40:00,3346.97,3349.34,3345.66,3346.49,368.0
2025-06-20 15:45:00,3346.59,3346.66,3343.5,3343.5,333.0
2025-06-20 15:50:00,3343.51,3345.93,3343.51,3344.98,340.0
2025-06-20 15:55:00,3345.02,3346.05,3343.39,3344.48,339.0
2025-06-20 16:00:00,3344.62,3346.76,3343.05,3346.73,376.0
2025-06-20 16:05:00,3346.71,3349.89,3346.34,3349.12,377.0
2025-06-20 16:10:00,3348.92,3353.13,3348.79,3352.46,378.0
2025-06-20 16:15:00,3352.53,3353.32,3350.76,3352.51,331.0
2025-06-20 16:20:00,3352.44,3356.19,3351.41,3355.45,317.0
2025-06-20 16:25:00,3355.55,3357.41,3355.52,3357.13,353.0
2025-06-20 16:30:00,3357.16,3361.79,3356.74,3360.59,425.0
2025-06-20 16:35:00,3360.55,3364.61,3359.44,3364.38,411.0
2025-06-20 16:40:00,3364.26,3364.85,3362.57,3363.97,401.0
2025-06-20 16:45:00,3364.18,3367.33,3364.09,3366.97,402.0
2025-06-20 16:50:00,3366.95,3371.97,3366.85,3371.93,401.0
2025-06-20 16:55:00,3371.97,3373.8,3370.04,3370.37,395.0
2025-06-20 17:00:00,3370.33,3370.87,3366.28,3367.66,404.0
2025-06-20 17:05:00,3367.74,3372.15,3367.29,3371.94,393.0
2025-06-20 17:10:00,3371.94,3374.51,3369.77,3370.81,429.0
2025-06-20 17:15:00,3370.85,3371.08,3368.16,3369.17,383.0
2025-06-20 17:20:00,3369.07,3369.13,3365.32,3366.3,364.0
2025-06-20 17:25:00,3366.31,3369.43,3366.03,3367.97,376.0
2025-06-20 17:30:00,3367.91,3368.73,3366.3,3366.7,362.0
2025-06-20 17:35:00,3366.82,3367.27,3365.37,3365.98,325.0
2025-06-20 17:40:00,3365.95,3370.53,3365.79,3367.37,409.0
2025-06-20 17:45:00,3367.36,3368.17,3365.26,3368.06,337.0
2025-06-20 17:50:00,3368.04,3370.15,3367.03,3369.51,343.0
2025-06-20 17:55:00,3369.57,3370.64,3369.13,3369.25,362.0
2025-06-20 18:00:00,3369.34,3371.64,3369.34,3371.22,355.0
2025-06-20 18:05:00,3371.19,3371.19,3368.32,3368.8,348.0
2025-06-20 18:10:00,3368.83,3369.09,3367.18,3367.55,307.0
2025-06-20 18:15:00,3367.77,3368.02,3365.98,3367.19,317.0
2025-06-20 18:20:00,3367.12,3368.49,3365.82,3368.16,299.0
2025-06-20 18:25:00,3368.18,3369.06,3366.91,3368.55,289.0
2025-06-20 18:30:00,3368.54,3368.82,3366.5,3366.74,293.0
2025-06-20 18:35:00,3366.79,3368.68,3366.59,3367.77,268.0
2025-06-20 18:40:00,3367.78,3367.91,3366.35,3366.5,251.0
2025-06-20 18:45:00,3366.45,3368.18,3366.34,3366.73,269.0
2025-06-20 18:50:00,3366.75,3368.75,3366.75,3368.57,254.0
2025-06-20 18:55:00,3368.6,3371.7,3368.33,3369.84,279.0
2025-06-20 19:00:00,3369.83,3370.37,3368.73,3369.56,301.0
2025-06-20 19:05:00,3369.57,3370.37,3367.82,3368.64,287.0
2025-06-20 19:10:00,3368.75,3369.9,3368.39,3369.66,257.0
2025-06-20 19:15:00,3369.58,3370.25,3369.09,3369.43,246.0
2025-06-20 19:20:00,3369.41,3370.15,3369.01,3369.95,228.0
2025-06-20 19:25:00,3369.96,3370.92,3369.56,3369.56,233.0
2025-06-20 19:30:00,3369.59,3370.86,3369.05,3370.86,238.0
2025-06-20 19:35:00,3370.94,3371.64,3370.89,3371.48,220.0
2025-06-20 19:40:00,3371.44,3373.35,3371.28,3373.04,272.0
2025-06-20 19:45:00,3373.12,3373.37,3371.42,3371.54,256.0
2025-06-20 19:50:00,3371.43,3372.03,3371.13,3371.18,200.0
2025-06-20 19:55:00,3371.22,3371.79,3370.19,3371.48,268.0
2025-06-20 20:00:00,3371.49,3371.74,3370.12,3370.78,245.0
2025-06-20 20:05:00,3370.72,3371.15,3370.29,3370.66,205.0
2025-06-20 20:10:00,3370.55,3371.1,3370.5,3370.89,177.0
2025-06-20 20:15:00,3370.88,3371.53,3369.58,3371.53,238.0
2025-06-20 20:20:00,3371.57,3371.63,3370.67,3371.21,236.0
2025-06-20 20:25:00,3371.18,3371.41,3369.57,3369.86,248.0
2025-06-20 20:30:00,3369.88,3370.04,3368.34,3368.37,239.0
2025-06-20 20:35:00,3368.35,3369.47,3367.99,3368.94,243.0
2025-06-20 20:40:00,3368.92,3369.72,3368.28,3369.57,230.0
2025-06-20 20:45:00,3369.6,3370.18,3369.1,3370.06,223.0
2025-06-20 20:50:00,3370.04,3370.28,3367.41,3367.63,235.0
2025-06-20 20:55:00,3367.6,3367.88,3366.61,3367.36,261.0
2025-06-20 21:00:00,3367.37,3367.84,3366.92,3367.51,243.0
2025-06-20 21:05:00,3367.53,3367.93,3367.1,3367.1,200.0
2025-06-20 21:10:00,3367.13,3367.14,3365.95,3366.74,239.0
2025-06-20 21:15:00,3366.79,3366.92,3364.79,3365.6,249.0
2025-06-20 21:20:00,3365.64,3366.45,3365.45,3365.57,220.0
2025-06-20 21:25:00,3365.55,3366.19,3364.75,3365.99,220.0
2025-06-20 21:30:00,3365.83,3366.26,3365.25,3366.19,196.0
2025-06-20 21:35:00,3366.2,3366.41,3365.32,3365.69,206.0
2025-06-20 21:40:00,3365.67,3365.78,3364.62,3365.78,179.0
2025-06-20 21:45:00,3365.79,3366.1,3365.47,3365.68,175.0
2025-06-20 21:50:00,3365.66,3366.95,3365.05,3366.85,188.0
2025-06-20 21:55:00,3366.88,3367.34,3366.47,3366.67,215.0
2025-06-20 22:00:00,3366.71,3367.88,3366.49,3367.74,246.0
2025-06-20 22:05:00,3367.77,3370.6,3367.58,3370.12,224.0
2025-06-20 22:10:00,3370.02,3370.34,3369.31,3370.23,196.0
2025-06-20 22:15:00,3370.24,3370.66,3369.14,3369.6,219.0
2025-06-20 22:20:00,3369.67,3370.26,3369.02,3370.05,184.0
2025-06-20 22:25:00,3370.04,3370.19,3368.98,3369.33,189.0
2025-06-20 22:30:00,3369.36,3369.53,3367.94,3368.23,192.0
2025-06-20 22:35:00,3368.15,3368.15,3366.42,3366.82,236.0
2025-06-20 22:40:00,3366.86,3366.94,3365.65,3365.69,189.0
2025-06-20 22:45:00,3365.78,3366.03,3364.87,3365.02,226.0
2025-06-20 22:50:00,3364.99,3365.36,3364.88,3365.29,198.0
2025-06-20 22:55:00,3365.26,3365.77,3365.02,3365.53,270.0
2025-06-20 23:00:00,3365.54,3365.74,3364.96,3365.56,191.0
2025-06-20 23:05:00,3365.49,3365.77,3364.94,3365.65,149.0
2025-06-20 23:10:00,3365.73,3366.3,3364.73,3365.61,185.0
2025-06-20 23:15:00,3365.6,3366.97,3365.44,3366.95,147.0
2025-06-20 23:20:00,3367.02,3368.76,3366.63,3367.69,149.0
2025-06-20 23:25:00,3367.72,3369.08,3367.25,3368.3,154.0
2025-06-20 23:30:00,3368.28,3369.27,3367.83,3368.85,143.0
2025-06-20 23:35:00,3368.94,3368.94,3368.42,3368.72,112.0
2025-06-20 23:40:00,3368.6,3368.78,3367.77,3368.29,107.0
2025-06-20 23:45:00,3369.0,3369.27,3368.51,3369.24,157.0
2025-06-20 23:50:00,3369.22,3369.32,3368.21,3368.94,150.0
2025-06-20 23:55:00,3368.41,3368.72,3368.24,3368.64,71.0
2025-06-23 01:00:00,3392.44,3396.7,3378.6,3383.32,944.0
2025-06-23 01:05:00,3383.07,3388.68,3381.0,3381.27,376.0
2025-06-23 01:10:00,3381.14,3381.45,3375.5,3380.07,398.0
2025-06-23 01:15:00,3380.06,3381.74,3378.58,3381.74,331.0
2025-06-23 01:20:00,3381.72,3386.0,3381.44,3382.41,373.0
2025-06-23 01:25:00,3382.42,3382.85,3375.71,3375.76,367.0
2025-06-23 01:30:00,3375.69,3378.15,3372.57,3376.6,375.0
2025-06-23 01:35:00,3376.52,3376.92,3374.52,3376.61,316.0
2025-06-23 01:40:00,3376.68,3380.16,3376.52,3379.71,295.0
2025-06-23 01:45:00,3379.39,3381.07,3378.39,3380.21,249.0
2025-06-23 01:50:00,3380.25,3384.1,3378.71,3384.05,263.0
2025-06-23 01:55:00,3384.13,3384.66,3378.27,3379.09,290.0
2025-06-23 02:00:00,3379.07,3380.47,3373.5,3374.39,322.0
2025-06-23 02:05:00,3374.31,3375.81,3372.45,3375.37,327.0
2025-06-23 02:10:00,3375.42,3377.26,3374.47,3375.97,283.0
2025-06-23 02:15:00,3375.98,3377.14,3374.83,3375.37,231.0
2025-06-23 02:20:00,3375.15,3375.81,3373.21,3374.72,241.0
2025-06-23 02:25:00,3374.73,3376.27,3374.72,3375.14,213.0
2025-06-23 02:30:00,3375.04,3377.14,3374.76,3375.82,257.0
2025-06-23 02:35:00,3375.88,3377.88,3375.88,3377.75,217.0
2025-06-23 02:40:00,3377.72,3378.46,3376.61,3376.81,226.0
2025-06-23 02:45:00,3376.81,3376.83,3371.26,3372.38,340.0
2025-06-23 02:50:00,3372.38,3374.99,3371.92,3374.88,300.0
2025-06-23 02:55:00,3374.66,3374.71,3372.61,3372.76,253.0
2025-06-23 03:00:00,3373.06,3373.58,3369.38,3370.33,340.0
2025-06-23 03:05:00,3370.33,3372.3,3367.97,3368.14,357.0
2025-06-23 03:10:00,3368.12,3370.28,3366.97,3368.25,341.0
2025-06-23 03:15:00,3368.36,3369.18,3366.05,3366.05,315.0
2025-06-23 03:20:00,3365.85,3366.78,3364.43,3365.08,327.0
2025-06-23 03:25:00,3365.07,3365.42,3362.43,3362.74,313.0
2025-06-23 03:30:00,3362.81,3364.56,3361.68,3364.56,282.0
2025-06-23 03:35:00,3364.71,3365.63,3360.76,3361.39,407.0
2025-06-23 03:40:00,3361.46,3366.07,3358.24,3364.99,435.0
2025-06-23 03:45:00,3364.66,3366.78,3363.26,3364.01,324.0
2025-06-23 03:50:00,3364.12,3366.28,3363.11,3364.71,296.0
2025-06-23 03:55:00,3364.69,3365.74,3363.87,3365.72,318.0
2025-06-23 04:00:00,3366.01,3367.74,3361.88,3366.67,434.0
2025-06-23 04:05:00,3366.62,3368.06,3363.8,3364.11,394.0
2025-06-23 04:10:00,3364.1,3366.11,3363.29,3365.64,354.0
2025-06-23 04:15:00,3365.66,3365.97,3361.46,3361.86,342.0
2025-06-23 04:20:00,3361.89,3361.96,3354.67,3356.02,419.0
2025-06-23 04:25:00,3356.11,3356.28,3352.05,3353.45,395.0
2025-06-23 04:30:00,3353.16,3356.02,3352.75,3354.7,341.0
2025-06-23 04:35:00,3354.75,3357.09,3353.64,3356.85,368.0
2025-06-23 04:40:00,3356.88,3359.02,3356.8,3358.12,332.0
2025-06-23 04:45:00,3358.1,3358.1,3355.35,3356.67,367.0
2025-06-23 04:50:00,3356.66,3356.99,3355.17,3356.4,365.0
2025-06-23 04:55:00,3356.24,3356.5,3354.44,3355.2,322.0
2025-06-23 05:00:00,3355.26,3358.7,3354.94,3358.1,326.0
2025-06-23 05:05:00,3358.11,3360.69,3358.11,3360.44,307.0
2025-06-23 05:10:00,3360.09,3363.69,3360.06,3362.97,355.0
2025-06-23 05:15:00,3362.96,3364.22,3362.59,3363.8,303.0
2025-06-23 05:20:00,3363.78,3364.46,3362.31,3362.62,267.0
2025-06-23 05:25:00,3362.6,3364.87,3362.37,3363.26,217.0
2025-06-23 05:30:00,3363.42,3363.55,3362.17,3362.89,281.0
2025-06-23 05:35:00,3362.82,3364.32,3362.23,3362.9,268.0
2025-06-23 05:40:00,3362.91,3363.5,3361.26,3362.81,291.0
2025-06-23 05:45:00,3362.74,3362.97,3361.68,3362.1,256.0
2025-06-23 05:50:00,3361.86,3362.78,3361.23,3361.99,260.0
2025-06-23 05:55:00,3362.06,3362.37,3360.67,3361.29,300.0
2025-06-23 06:00:00,3361.46,3362.1,3360.4,3361.97,312.0
2025-06-23 06:05:00,3362.03,3366.09,3361.95,3365.24,392.0
2025-06-23 06:10:00,3365.2,3366.3,3363.49,3363.66,306.0
2025-06-23 06:15:00,3363.62,3365.12,3363.18,3364.87,290.0
2025-06-23 06:20:00,3364.99,3366.07,3364.0,3364.06,248.0
2025-06-23 06:25:00,3364.01,3364.01,3361.46,3361.77,288.0
2025-06-23 06:30:00,3361.84,3363.62,3361.18,3363.23,314.0
2025-06-23 06:35:00,3363.21,3364.77,3363.19,3363.52,240.0
2025-06-23 06:40:00,3363.48,3363.55,3362.29,3362.41,243.0
2025-06-23 06:45:00,3362.52,3364.01,3362.25,3363.82,234.0
2025-06-23 06:50:00,3363.85,3364.41,3363.8,3364.18,206.0
2025-06-23 06:55:00,3364.2,3364.35,3362.78,3363.34,218.0
2025-06-23 07:00:00,3363.36,3364.77,3363.35,3363.46,207.0
2025-06-23 07:05:00,3363.48,3364.92,3361.43,3362.44,259.0
2025-06-23 07:10:00,3362.39,3362.65,3361.76,3361.84,199.0
2025-06-23 07:15:00,3361.82,3362.26,3361.38,3362.23,181.0
2025-06-23 07:20:00,3362.12,3362.15,3358.43,3359.25,203.0
2025-06-23 07:25:00,3359.22,3361.06,3359.22,3359.91,213.0
2025-06-23 07:30:00,3360.0,3361.04,3359.77,3360.23,173.0
2025-06-23 07:35:00,3360.29,3360.37,3359.0,3359.35,175.0
2025-06-23 07:40:00,3359.38,3359.38,3356.89,3357.71,239.0
2025-06-23 07:45:00,3357.74,3358.3,3357.35,3358.11,180.0
2025-06-23 07:50:00,3358.05,3358.6,3357.79,3358.6,157.0
2025-06-23 07:55:00,3358.66,3359.11,3358.3,3358.49,172.0
2025-06-23 08:00:00,3358.48,3360.61,3358.48,3359.38,250.0
2025-06-23 08:05:00,3359.37,3360.46,3358.12,3359.65,232.0
2025-06-23 08:10:00,3359.68,3359.72,3357.91,3358.72,233.0
2025-06-23 08:15:00,3358.8,3359.3,3356.98,3358.2,283.0
2025-06-23 08:20:00,3358.17,3358.18,3354.66,3355.02,265.0
2025-06-23 08:25:00,3355.03,3356.08,3354.48,3354.97,268.0
2025-06-23 08:30:00,3354.82,3355.91,3351.13,3351.89,359.0
2025-06-23 08:35:00,3351.85,3351.85,3347.12,3349.83,399.0
2025-06-23 08:40:00,3349.98,3353.62,3349.86,3353.23,330.0
2025-06-23 08:45:00,3353.32,3356.38,3353.32,3356.38,345.0
2025-06-23 08:50:00,3356.45,3357.46,3354.9,3356.7,316.0
2025-06-23 08:55:00,3356.72,3356.9,3355.15,3356.77,310.0
2025-06-23 09:00:00,3356.9,3359.84,3356.84,3359.61,350.0
2025-06-23 09:05:00,3359.59,3359.62,3355.47,3355.47,333.0
2025-06-23 09:10:00,3355.54,3356.52,3354.69,3356.47,336.0
2025-06-23 09:15:00,3356.46,3358.0,3354.89,3354.92,326.0
2025-06-23 09:20:00,3354.9,3355.66,3354.32,3354.8,314.0
2025-06-23 09:25:00,3354.81,3356.59,3353.92,3355.03,323.0
2025-06-23 09:30:00,3355.03,3357.04,3354.37,3356.26,295.0
2025-06-23 09:35:00,3356.27,3356.28,3352.89,3354.43,309.0
2025-06-23 09:40:00,3354.32,3354.44,3352.71,3353.4,301.0
2025-06-23 09:45:00,3353.41,3355.39,3353.26,3355.34,282.0
2025-06-23 09:50:00,3355.07,3356.16,3353.37,3355.88,291.0
2025-06-23 09:55:00,3355.91,3358.63,3355.31,3357.7,354.0
2025-06-23 10:00:00,3357.59,3357.94,3354.35,3354.59,329.0
2025-06-23 10:05:00,3354.66,3355.69,3353.38,3355.31,333.0
2025-06-23 10:10:00,3355.3,3355.62,3351.65,3352.49,334.0
2025-06-23 10:15:00,3352.42,3354.01,3352.39,3353.5,295.0
2025-06-23 10:20:00,3353.48,3355.26,3353.48,3354.58,303.0
2025-06-23 10:25:00,3354.54,3356.58,3353.57,3356.43,320.0
2025-06-23 10:30:00,3356.66,3358.65,3355.78,3355.78,300.0
2025-06-23 10:35:00,3355.72,3357.29,3354.57,3354.7,276.0
2025-06-23 10:40:00,3354.64,3356.61,3354.18,3355.97,264.0
2025-06-23 10:45:00,3355.97,3357.19,3355.02,3356.21,225.0
2025-06-23 10:50:00,3356.27,3358.1,3356.27,3357.16,277.0
2025-06-23 10:55:00,3357.18,3358.77,3356.74,3357.59,271.0
2025-06-23 11:00:00,3357.66,3361.85,3357.66,3361.41,346.0
2025-06-23 11:05:00,3361.45,3362.25,3360.27,3361.34,326.0
2025-06-23 11:10:00,3361.27,3361.27,3358.89,3359.78,309.0
2025-06-23 11:15:00,3359.76,3360.59,3359.58,3360.13,272.0
2025-06-23 11:20:00,3360.23,3362.05,3359.42,3361.95,240.0
2025-06-23 11:25:00,3362.0,3362.0,3360.57,3361.36,286.0
2025-06-23 11:30:00,3361.29,3361.52,3359.75,3360.09,252.0
2025-06-23 11:35:00,3360.13,3362.25,3360.09,3361.53,243.0
2025-06-23 11:40:00,3361.47,3361.72,3359.32,3360.37,276.0
2025-06-23 11:45:00,3360.45,3362.0,3359.93,3360.9,271.0
2025-06-23 11:50:00,3360.67,3360.77,3359.37,3360.47,274.0
2025-06-23 11:55:00,3360.42,3361.83,3358.95,3361.83,302.0
2025-06-23 12:00:00,3361.85,3364.58,3361.65,3363.18,316.0
2025-06-23 12:05:00,3363.13,3364.84,3362.65,3364.67,303.0
2025-06-23 12:10:00,3364.71,3368.09,3364.03,3368.09,338.0
2025-06-23 12:15:00,3368.07,3368.72,3365.25,3365.38,313.0
2025-06-23 12:20:00,3365.29,3367.01,3365.29,3366.71,291.0
2025-06-23 12:25:00,3366.54,3368.99,3364.88,3365.07,328.0
2025-06-23 12:30:00,3365.05,3365.69,3362.96,3363.47,360.0
2025-06-23 12:35:00,3363.46,3364.05,3361.81,3362.46,320.0
2025-06-23 12:40:00,3362.51,3364.73,3362.44,3364.44,277.0
2025-06-23 12:45:00,3364.46,3366.93,3364.46,3366.13,254.0
2025-06-23 12:50:00,3366.13,3367.46,3365.82,3366.31,293.0
2025-06-23 12:55:00,3366.29,3366.67,3365.16,3366.59,272.0
2025-06-23 13:00:00,3366.58,3368.17,3365.24,3366.3,301.0
2025-06-23 13:05:00,3366.31,3366.55,3363.98,3364.61,296.0
2025-06-23 13:10:00,3364.66,3365.74,3364.23,3365.49,247.0
2025-06-23 13:15:00,3365.53,3367.56,3365.4,3367.21,239.0
2025-06-23 13:20:00,3367.1,3367.2,3366.05,3366.48,280.0
2025-06-23 13:25:00,3366.62,3366.98,3365.72,3366.98,220.0
2025-06-23 13:30:00,3367.0,3367.6,3366.51,3367.46,231.0
2025-06-23 13:35:00,3367.5,3367.66,3366.42,3367.0,228.0
2025-06-23 13:40:00,3366.98,3368.02,3366.02,3366.1,218.0
2025-06-23 13:45:00,3366.09,3366.36,3364.7,3366.31,227.0
2025-06-23 13:50:00,3366.3,3367.34,3365.71,3366.51,247.0
2025-06-23 13:55:00,3366.53,3367.92,3366.47,3367.75,271.0
2025-06-23 14:00:00,3368.0,3371.13,3368.0,3371.04,324.0
2025-06-23 14:05:00,3371.05,3372.63,3371.05,3371.95,357.0
2025-06-23 14:10:00,3372.04,3374.79,3372.02,3374.44,336.0
2025-06-23 14:15:00,3374.56,3377.06,3374.51,3376.49,312.0
2025-06-23 14:20:00,3376.54,3381.99,3375.22,3376.05,403.0
2025-06-23 14:25:00,3376.08,3378.72,3375.87,3378.04,385.0
2025-06-23 14:30:00,3378.06,3379.97,3375.86,3376.26,329.0
2025-06-23 14:35:00,3376.23,3377.71,3375.96,3377.69,311.0
2025-06-23 14:40:00,3377.71,3379.22,3377.08,3379.06,271.0
2025-06-23 14:45:00,3379.03,3379.46,3377.17,3377.17,266.0
2025-06-23 14:50:00,3376.96,3379.14,3376.6,3377.28,296.0
2025-06-23 14:55:00,3377.23,3381.23,3376.91,3380.69,335.0
2025-06-23 15:00:00,3380.73,3380.98,3376.82,3376.93,341.0
2025-06-23 15:05:00,3376.88,3376.98,3371.65,3371.65,380.0
2025-06-23 15:10:00,3371.55,3371.55,3368.72,3369.15,370.0
2025-06-23 15:15:00,3369.09,3369.2,3362.46,3362.56,376.0
2025-06-23 15:20:00,3362.23,3364.47,3359.99,3362.09,404.0
2025-06-23 15:25:00,3362.01,3363.14,3361.3,3362.48,345.0
2025-06-23 15:30:00,3362.56,3363.18,3358.2,3358.63,373.0
2025-06-23 15:35:00,3358.4,3359.51,3355.88,3358.4,365.0
2025-06-23 15:40:00,3358.33,3360.03,3358.16,3359.96,356.0
2025-06-23 15:45:00,3359.97,3361.38,3359.22,3361.36,333.0
2025-06-23 15:50:00,3361.39,3363.8,3361.39,3361.84,321.0
2025-06-23 15:55:00,3361.8,3362.06,3359.8,3360.44,296.0
2025-06-23 16:00:00,3360.18,3363.87,3359.85,3362.72,363.0
2025-06-23 16:05:00,3362.51,3364.49,3362.22,3364.2,348.0
2025-06-23 16:10:00,3364.25,3368.16,3363.63,3367.32,410.0
2025-06-23 16:15:00,3367.4,3369.11,3366.67,3367.93,352.0
2025-06-23 16:20:00,3367.93,3368.63,3366.61,3367.67,328.0
2025-06-23 16:25:00,3367.84,3368.56,3366.4,3368.56,317.0
2025-06-23 16:30:00,3368.41,3374.45,3368.41,3373.98,428.0
2025-06-23 16:35:00,3374.0,3377.31,3373.82,3376.72,435.0
2025-06-23 16:40:00,3376.51,3384.53,3376.24,3381.73,459.0
2025-06-23 16:45:00,3380.89,3384.37,3379.03,3380.88,448.0
2025-06-23 16:50:00,3381.04,3387.69,3380.94,3385.11,468.0
2025-06-23 16:55:00,3385.29,3386.31,3380.78,3380.82,425.0
2025-06-23 17:00:00,3380.9,3384.51,3376.21,3376.28,495.0
2025-06-23 17:05:00,3376.31,3376.31,3370.08,3372.93,479.0
2025-06-23 17:10:00,3372.96,3376.07,3371.58,3374.99,443.0
2025-06-23 17:15:00,3375.13,3379.08,3375.13,3378.12,426.0
2025-06-23 17:20:00,3378.18,3381.77,3378.1,3380.71,410.0
2025-06-23 17:25:00,3380.82,3382.48,3377.24,3378.93,414.0
2025-06-23 17:30:00,3378.82,3381.77,3377.67,3381.63,408.0
2025-06-23 17:35:00,3381.36,3382.1,3378.68,3381.64,401.0
2025-06-23 17:40:00,3381.63,3383.95,3381.14,3383.8,395.0
2025-06-23 17:45:00,3383.86,3384.4,3383.14,3383.89,368.0
2025-06-23 17:50:00,3384.06,3386.04,3383.35,3384.62,360.0
2025-06-23 17:55:00,3384.73,3386.67,3384.59,3386.44,393.0
2025-06-23 18:00:00,3386.5,3388.44,3385.89,3385.89,382.0
2025-06-23 18:05:00,3385.85,3386.41,3384.57,3385.87,371.0
2025-06-23 18:10:00,3385.49,3387.64,3384.81,3387.5,341.0
2025-06-23 18:15:00,3387.37,3388.96,3386.83,3387.42,355.0
2025-06-23 18:20:00,3387.48,3388.61,3387.15,3387.73,305.0
2025-06-23 18:25:00,3387.9,3388.4,3386.51,3388.19,339.0
2025-06-23 18:30:00,3388.21,3389.37,3386.27,3387.99,351.0
2025-06-23 18:35:00,3388.02,3389.45,3387.01,3387.82,323.0
2025-06-23 18:40:00,3387.84,3388.27,3385.93,3386.29,292.0
2025-06-23 18:45:00,3386.3,3388.06,3385.98,3387.64,303.0
2025-06-23 18:50:00,3387.84,3389.62,3387.53,3389.21,340.0
2025-06-23 18:55:00,3389.2,3389.72,3386.87,3387.04,332.0
2025-06-23 19:00:00,3387.27,3388.48,3386.96,3387.63,291.0
2025-06-23 19:05:00,3387.69,3388.89,3387.22,3388.78,286.0
2025-06-23 19:10:00,3388.89,3389.24,3387.01,3387.58,264.0
2025-06-23 19:15:00,3387.36,3390.94,3387.16,3389.99,337.0
2025-06-23 19:20:00,3389.99,3391.99,3389.86,3391.83,358.0
2025-06-23 19:25:00,3391.8,3393.53,3391.11,3391.38,362.0
2025-06-23 19:30:00,3391.39,3392.44,3391.24,3391.56,346.0
2025-06-23 19:35:00,3391.36,3392.3,3386.6,3388.57,415.0
2025-06-23 19:40:00,3388.84,3389.21,3380.64,3386.51,458.0
2025-06-23 19:45:00,3386.3,3386.5,3383.32,3385.27,398.0
2025-06-23 19:50:00,3385.32,3388.03,3384.73,3386.95,371.0
2025-06-23 19:55:00,3387.05,3390.39,3387.02,3389.82,382.0
2025-06-23 20:00:00,3389.71,3391.39,3384.88,3387.25,425.0
2025-06-23 20:05:00,3387.28,3389.99,3384.97,3388.63,353.0
2025-06-23 20:10:00,3388.69,3388.82,3385.82,3387.22,360.0
2025-06-23 20:15:00,3387.27,3387.56,3381.22,3381.4,365.0
2025-06-23 20:20:00,3381.51,3381.92,3378.53,3379.3,420.0
2025-06-23 20:25:00,3379.25,3380.02,3375.55,3379.33,418.0
2025-06-23 20:30:00,3379.31,3383.35,3378.38,3382.8,394.0
2025-06-23 20:35:00,3382.78,3384.55,3381.97,3382.65,321.0
2025-06-23 20:40:00,3382.69,3383.21,3381.97,3381.97,333.0
2025-06-23 20:45:00,3381.94,3382.33,3380.31,3382.19,310.0
2025-06-23 20:50:00,3382.16,3383.05,3381.33,3382.17,303.0
2025-06-23 20:55:00,3382.22,3383.45,3381.92,3382.34,287.0
2025-06-23 21:00:00,3382.44,3383.17,3379.09,3379.79,305.0
2025-06-23 21:05:00,3379.71,3381.16,3379.09,3380.75,313.0
2025-06-23 21:10:00,3380.89,3386.07,3380.37,3386.02,316.0
2025-06-23 21:15:00,3385.98,3387.72,3384.54,3385.27,331.0
2025-06-23 21:20:00,3385.17,3386.26,3384.75,3385.11,333.0
2025-06-23 21:25:00,3385.09,3385.48,3383.4,3384.77,317.0
2025-06-23 21:30:00,3384.75,3384.97,3377.17,3377.43,303.0
2025-06-23 21:35:00,3377.51,3380.28,3376.94,3379.11,289.0
2025-06-23 21:40:00,3379.09,3379.57,3378.44,3378.92,245.0
2025-06-23 21:45:00,3378.67,3380.42,3378.37,3379.59,263.0
2025-06-23 21:50:00,3379.61,3381.47,3379.57,3380.3,275.0
2025-06-23 21:55:00,3380.29,3380.65,3378.41,3378.52,272.0
2025-06-23 22:00:00,3378.64,3380.09,3378.13,3379.0,288.0
2025-06-23 22:05:00,3379.17,3380.94,3379.13,3379.13,277.0
2025-06-23 22:10:00,3379.15,3380.46,3378.93,3380.38,245.0
2025-06-23 22:15:00,3380.23,3380.94,3379.77,3380.92,222.0
2025-06-23 22:20:00,3380.99,3381.5,3380.18,3380.42,254.0
2025-06-23 22:25:00,3380.41,3380.91,3379.54,3380.56,249.0
2025-06-23 22:30:00,3380.64,3380.88,3379.21,3380.73,225.0
2025-06-23 22:35:00,3380.72,3382.04,3380.54,3381.49,263.0
2025-06-23 22:40:00,3381.44,3381.54,3378.79,3379.23,286.0
2025-06-23 22:45:00,3379.32,3379.61,3378.46,3378.69,272.0
2025-06-23 22:50:00,3378.72,3379.25,3376.08,3377.3,326.0
2025-06-23 22:55:00,3377.36,3377.51,3375.65,3376.36,340.0
2025-06-23 23:00:00,3376.21,3377.26,3374.93,3376.49,218.0
2025-06-23 23:05:00,3376.53,3376.53,3374.66,3375.85,169.0
2025-06-23 23:10:00,3375.78,3376.13,3374.06,3374.06,154.0
2025-06-23 23:15:00,3374.04,3375.27,3373.01,3374.55,163.0
2025-06-23 23:20:00,3374.56,3374.56,3372.61,3372.81,162.0
2025-06-23 23:25:00,3372.79,3373.2,3371.94,3372.66,176.0
2025-06-23 23:30:00,3372.65,3372.65,3370.07,3372.27,172.0
2025-06-23 23:35:00,3372.23,3372.33,3369.75,3370.16,174.0
2025-06-23 23:40:00,3370.3,3370.87,3367.3,3370.87,219.0
2025-06-23 23:45:00,3370.88,3371.27,3368.61,3369.09,152.0
2025-06-23 23:50:00,3369.32,3370.34,3367.31,3368.74,239.0
2025-06-23 23:55:00,3368.5,3369.18,3368.04,3369.04,179.0
2025-06-24 01:00:00,3368.43,3369.94,3357.41,3358.69,578.0
2025-06-24 01:05:00,3358.69,3363.65,3358.69,3362.51,243.0
2025-06-24 01:10:00,3362.68,3363.79,3356.33,3357.26,264.0
2025-06-24 01:15:00,3357.63,3360.99,3352.64,3352.72,322.0
2025-06-24 01:20:00,3352.81,3357.27,3350.44,3351.31,373.0
2025-06-24 01:25:00,3351.41,3357.91,3351.23,3356.49,352.0
2025-06-24 01:30:00,3356.47,3361.27,3356.47,3357.1,341.0
2025-06-24 01:35:00,3357.12,3359.16,3355.75,3356.98,277.0
2025-06-24 01:40:00,3356.92,3358.09,3355.64,3357.79,262.0
2025-06-24 01:45:00,3357.76,3359.89,3355.09,3358.81,261.0
2025-06-24 01:50:00,3358.86,3359.39,3357.06,3357.83,223.0
2025-06-24 01:55:00,3357.66,3358.22,3354.15,3355.47,261.0
2025-06-24 02:00:00,3355.53,3357.34,3351.76,3354.62,355.0
2025-06-24 02:05:00,3354.54,3355.4,3350.33,3355.4,330.0
2025-06-24 02:10:00,3355.33,3355.84,3353.92,3354.23,258.0
2025-06-24 02:15:00,3354.21,3354.28,3349.04,3351.58,369.0
2025-06-24 02:20:00,3351.85,3353.54,3350.61,3352.85,272.0
2025-06-24 02:25:00,3352.88,3353.93,3350.69,3352.26,242.0
2025-06-24 02:30:00,3352.25,3353.25,3345.13,3345.31,294.0
2025-06-24 02:35:00,3345.65,3349.3,3342.67,3347.49,404.0
2025-06-24 02:40:00,3347.62,3351.21,3345.34,3351.04,314.0
2025-06-24 02:45:00,3351.0,3351.09,3347.68,3347.71,330.0
2025-06-24 02:50:00,3347.68,3348.42,3345.07,3345.5,305.0
2025-06-24 02:55:00,3345.47,3345.47,3341.56,3344.41,341.0
2025-06-24 03:00:00,3344.32,3345.07,3333.3,3335.53,433.0
2025-06-24 03:05:00,3335.84,3339.93,3334.83,3339.93,390.0
2025-06-24 03:10:00,3339.93,3344.99,3339.93,3344.91,388.0
2025-06-24 03:15:00,3344.88,3347.3,3344.56,3346.72,400.0
2025-06-24 03:20:00,3346.66,3348.08,3346.26,3346.82,329.0
2025-06-24 03:25:00,3346.8,3349.31,3346.33,3348.97,318.0
2025-06-24 03:30:00,3348.52,3350.33,3348.52,3349.3,332.0
2025-06-24 03:35:00,3349.33,3351.2,3349.27,3350.05,299.0
2025-06-24 03:40:00,3350.1,3352.28,3348.85,3351.91,323.0
2025-06-24 03:45:00,3351.99,3355.18,3351.43,3352.23,362.0
2025-06-24 03:50:00,3352.2,3354.64,3350.5,3352.74,409.0
2025-06-24 03:55:00,3352.73,3353.84,3350.02,3351.08,394.0
2025-06-24 04:00:00,3351.12,3354.31,3346.87,3350.09,458.0
2025-06-24 04:05:00,3350.02,3353.79,3347.52,3349.89,399.0
2025-06-24 04:10:00,3349.77,3350.92,3347.18,3349.01,388.0
2025-06-24 04:15:00,3349.07,3351.93,3348.89,3351.23,370.0
2025-06-24 04:20:00,3351.08,3352.79,3350.57,3350.89,308.0
2025-06-24 04:25:00,3350.88,3352.04,3349.96,3349.96,285.0
2025-06-24 04:30:00,3349.79,3349.88,3347.54,3348.62,346.0
2025-06-24 04:35:00,3348.7,3348.91,3343.22,3345.91,379.0
2025-06-24 04:40:00,3345.9,3347.48,3342.6,3345.15,375.0
2025-06-24 04:45:00,3344.98,3345.36,3342.26,3343.63,342.0
2025-06-24 04:50:00,3343.64,3347.23,3343.43,3347.0,322.0
2025-06-24 04:55:00,3346.98,3348.33,3346.35,3347.74,316.0
2025-06-24 05:00:00,3347.7,3350.62,3347.09,3350.62,336.0
2025-06-24 05:05:00,3350.65,3351.96,3350.09,3351.58,344.0
2025-06-24 05:10:00,3351.54,3352.85,3350.67,3350.79,322.0
2025-06-24 05:15:00,3350.74,3351.4,3347.8,3348.54,305.0
2025-06-24 05:20:00,3348.53,3348.53,3345.87,3346.8,318.0
2025-06-24 05:25:00,3346.81,3348.33,3346.47,3347.11,242.0
2025-06-24 05:30:00,3347.07,3348.92,3347.07,3348.63,323.0
2025-06-24 05:35:00,3348.69,3351.48,3348.52,3351.33,304.0
2025-06-24 05:40:00,3351.21,3351.37,3349.22,3349.28,287.0
2025-06-24 05:45:00,3349.29,3351.72,3348.89,3350.92,287.0
2025-06-24 05:50:00,3350.99,3351.97,3350.9,3351.44,244.0
2025-06-24 05:55:00,3351.56,3352.38,3350.6,3351.89,282.0
2025-06-24 06:00:00,3352.08,3353.52,3351.6,3352.92,288.0
2025-06-24 06:05:00,3352.97,3353.94,3352.74,3353.5,225.0
2025-06-24 06:10:00,3353.38,3354.24,3353.05,3353.32,254.0
2025-06-24 06:15:00,3353.26,3354.67,3352.6,3353.4,258.0
2025-06-24 06:20:00,3353.43,3354.0,3351.59,3351.93,257.0
2025-06-24 06:25:00,3351.92,3353.2,3351.92,3352.76,258.0
2025-06-24 06:30:00,3352.86,3356.29,3352.71,3356.11,302.0
2025-06-24 06:35:00,3356.17,3357.92,3354.04,3354.2,298.0
2025-06-24 06:40:00,3354.17,3354.33,3352.4,3352.97,245.0
2025-06-24 06:45:00,3352.94,3353.52,3351.84,3353.52,243.0
2025-06-24 06:50:00,3353.53,3353.53,3352.03,3352.69,228.0
2025-06-24 06:55:00,3352.67,3352.86,3351.59,3352.44,239.0
2025-06-24 07:00:00,3352.4,3352.62,3348.97,3351.06,299.0
2025-06-24 07:05:00,3351.07,3353.3,3350.52,3350.95,275.0
2025-06-24 07:10:00,3350.98,3350.98,3347.78,3349.07,277.0
2025-06-24 07:15:00,3349.18,3350.53,3348.37,3349.73,223.0
2025-06-24 07:20:00,3349.89,3350.31,3348.48,3348.95,205.0
2025-06-24 07:25:00,3348.94,3349.56,3348.51,3348.9,175.0
2025-06-24 07:30:00,3348.89,3348.92,3347.08,3348.5,231.0
2025-06-24 07:35:00,3348.54,3349.41,3348.26,3349.05,194.0
2025-06-24 07:40:00,3349.06,3349.53,3348.14,3348.74,201.0
2025-06-24 07:45:00,3348.73,3349.47,3348.51,3349.01,192.0
2025-06-24 07:50:00,3348.94,3349.35,3348.39,3348.58,175.0
2025-06-24 07:55:00,3348.59,3349.24,3348.25,3348.55,184.0
2025-06-24 08:00:00,3348.52,3348.72,3347.77,3348.07,202.0
2025-06-24 08:05:00,3348.19,3348.37,3345.05,3345.25,257.0
2025-06-24 08:10:00,3345.24,3345.26,3341.31,3341.75,319.0
2025-06-24 08:15:00,3341.9,3343.55,3339.82,3342.44,332.0
2025-06-24 08:20:00,3342.51,3342.51,3340.39,3340.5,286.0
2025-06-24 08:25:00,3340.49,3340.49,3337.77,3338.67,300.0
2025-06-24 08:30:00,3338.55,3339.55,3336.86,3337.11,376.0
2025-06-24 08:35:00,3337.13,3338.37,3333.6,3333.63,403.0
2025-06-24 08:40:00,3333.54,3336.08,3332.14,3332.87,385.0
2025-06-24 08:45:00,3332.93,3334.75,3329.84,3333.47,420.0
2025-06-24 08:50:00,3333.11,3333.11,3326.69,3328.46,409.0
2025-06-24 08:55:00,3328.48,3332.46,3327.95,3332.08,423.0
2025-06-24 09:00:00,3332.21,3333.07,3329.87,3330.98,391.0
2025-06-24 09:05:00,3330.82,3331.58,3328.16,3328.16,406.0
2025-06-24 09:10:00,3328.28,3329.05,3324.54,3324.9,431.0
2025-06-24 09:15:00,3324.77,3328.59,3323.91,3325.79,424.0
2025-06-24 09:20:00,3325.65,3326.83,3323.52,3323.97,457.0
2025-06-24 09:25:00,3323.91,3324.75,3321.99,3322.73,420.0
2025-06-24 09:30:00,3322.69,3323.55,3318.6,3318.66,398.0
2025-06-24 09:35:00,3319.3,3321.07,3316.06,3320.86,455.0
2025-06-24 09:40:00,3320.92,3323.96,3317.33,3317.65,427.0
2025-06-24 09:45:00,3317.61,3323.54,3316.91,3322.58,394.0
2025-06-24 09:50:00,3322.51,3323.5,3321.87,3322.66,346.0
2025-06-24 09:55:00,3322.77,3324.22,3321.56,3322.75,374.0
2025-06-24 10:00:00,3322.73,3325.96,3322.09,3323.86,395.0
2025-06-24 10:05:00,3323.62,3323.68,3320.85,3321.08,373.0
2025-06-24 10:10:00,3321.23,3322.17,3316.61,3321.65,455.0
2025-06-24 10:15:00,3321.73,3322.22,3319.46,3320.64,371.0
2025-06-24 10:20:00,3320.54,3321.83,3319.48,3320.2,333.0
2025-06-24 10:25:00,3320.19,3323.79,3320.03,3321.89,356.0
2025-06-24 10:30:00,3322.02,3328.31,3321.85,3327.15,442.0
2025-06-24 10:35:00,3327.38,3328.85,3325.2,3326.9,389.0
2025-06-24 10:40:00,3327.11,3327.11,3324.11,3324.6,342.0
2025-06-24 10:45:00,3324.35,3325.93,3322.76,3322.76,338.0
2025-06-24 10:50:00,3323.08,3328.41,3322.91,3327.88,384.0
2025-06-24 10:55:00,3327.87,3331.7,3326.96,3329.69,375.0
2025-06-24 11:00:00,3329.88,3332.18,3326.6,3328.31,401.0
2025-06-24 11:05:00,3328.31,3330.2,3326.26,3328.02,363.0
2025-06-24 11:10:00,3328.1,3331.29,3327.91,3330.96,317.0
2025-06-24 11:15:00,3331.11,3332.33,3329.88,3330.47,378.0
2025-06-24 11:20:00,3330.31,3330.74,3326.98,3327.61,347.0
2025-06-24 11:25:00,3327.58,3328.37,3325.69,3327.06,354.0
2025-06-24 11:30:00,3327.03,3328.0,3324.92,3327.38,318.0
2025-06-24 11:35:00,3327.3,3327.72,3326.23,3327.68,311.0
2025-06-24 11:40:00,3327.65,3328.38,3327.2,3328.19,272.0
2025-06-24 11:45:00,3328.17,3328.31,3325.55,3327.77,269.0
2025-06-24 11:50:00,3327.72,3328.14,3324.73,3325.97,278.0
2025-06-24 11:55:00,3325.95,3327.27,3325.5,3327.27,278.0
2025-06-24 12:00:00,3327.24,3328.66,3324.78,3324.9,329.0
2025-06-24 12:05:00,3324.87,3325.33,3322.72,3323.99,342.0
2025-06-24 12:10:00,3323.97,3325.57,3323.44,3324.75,287.0
2025-06-24 12:15:00,3324.89,3324.94,3321.2,3323.25,316.0
2025-06-24 12:20:00,3323.27,3323.57,3319.59,3320.64,304.0
2025-06-24 12:25:00,3320.66,3322.74,3320.19,3320.76,323.0
2025-06-24 12:30:00,3320.63,3321.14,3319.16,3320.96,296.0
2025-06-24 12:35:00,3320.95,3322.43,3320.95,3321.7,270.0
2025-06-24 12:40:00,3321.51,3322.31,3320.32,3322.28,313.0
2025-06-24 12:45:00,3322.25,3323.32,3319.97,3321.36,330.0
2025-06-24 12:50:00,3320.97,3321.3,3318.46,3318.9,321.0
2025-06-24 12:55:00,3318.88,3320.07,3317.88,3318.41,309.0
2025-06-24 13:00:00,3319.33,3321.76,3318.57,3320.75,291.0
2025-06-24 13:05:00,3320.71,3321.95,3320.61,3321.75,272.0
2025-06-24 13:10:00,3321.7,3323.71,3321.18,3323.33,289.0
2025-06-24 13:15:00,3323.35,3324.59,3322.88,3323.69,279.0
2025-06-24 13:20:00,3323.42,3325.41,3323.28,3323.84,282.0
2025-06-24 13:25:00,3323.82,3325.59,3323.79,3325.43,224.0
2025-06-24 13:30:00,3325.41,3326.63,3324.87,3326.01,252.0
2025-06-24 13:35:00,3325.99,3326.86,3325.98,3326.6,218.0
2025-06-24 13:40:00,3326.53,3327.62,3326.19,3326.99,266.0
2025-06-24 13:45:00,3327.03,3327.49,3326.19,3327.24,238.0
2025-06-24 13:50:00,3327.05,3327.6,3326.08,3327.15,247.0
2025-06-24 13:55:00,3327.16,3327.43,3324.83,3325.56,281.0
2025-06-24 14:00:00,3325.51,3326.03,3324.37,3325.45,262.0
2025-06-24 14:05:00,3325.43,3327.03,3324.17,3324.17,252.0
2025-06-24 14:10:00,3324.06,3326.27,3323.86,3325.94,290.0
2025-06-24 14:15:00,3325.94,3328.87,3325.75,3327.5,317.0
2025-06-24 14:20:00,3327.37,3328.37,3326.32,3326.51,304.0
2025-06-24 14:25:00,3326.5,3326.72,3322.43,3324.52,335.0
2025-06-24 14:30:00,3324.46,3324.54,3322.63,3323.8,327.0
2025-06-24 14:35:00,3323.82,3324.33,3321.31,3321.74,320.0
2025-06-24 14:40:00,3321.7,3324.29,3321.49,3323.09,294.0
2025-06-24 14:45:00,3322.98,3323.27,3319.57,3319.61,319.0
2025-06-24 14:50:00,3319.68,3321.03,3317.91,3319.8,368.0
2025-06-24 14:55:00,3319.82,3321.56,3319.6,3321.19,321.0
2025-06-24 15:00:00,3320.83,3320.99,3318.43,3319.13,318.0
2025-06-24 15:05:00,3319.34,3320.75,3318.13,3319.83,310.0
2025-06-24 15:10:00,3319.87,3320.41,3312.18,3313.42,390.0
2025-06-24 15:15:00,3313.5,3316.05,3311.76,3315.84,448.0
2025-06-24 15:20:00,3315.91,3318.79,3314.82,3316.85,405.0
2025-06-24 15:25:00,3316.88,3317.36,3311.49,3313.58,383.0
2025-06-24 15:30:00,3313.42,3313.42,3306.76,3307.77,492.0
2025-06-24 15:35:00,3307.86,3309.16,3304.62,3309.16,454.0
2025-06-24 15:40:00,3309.26,3310.0,3304.87,3310.0,431.0
2025-06-24 15:45:00,3310.17,3313.69,3306.14,3313.69,404.0
2025-06-24 15:50:00,3313.66,3317.49,3312.75,3316.74,447.0
2025-06-24 15:55:00,3316.85,3317.69,3313.79,3314.77,377.0
2025-06-24 16:00:00,3314.67,3317.75,3312.19,3313.75,421.0
2025-06-24 16:05:00,3313.77,3316.48,3311.47,3313.85,396.0
2025-06-24 16:10:00,3313.87,3317.68,3313.82,3317.36,426.0
2025-06-24 16:15:00,3317.42,3317.88,3314.51,3314.51,428.0
2025-06-24 16:20:00,3314.58,3315.34,3311.96,3312.33,377.0
2025-06-24 16:25:00,3312.47,3313.35,3310.19,3310.52,440.0
2025-06-24 16:30:00,3310.46,3313.5,3305.45,3308.7,503.0
2025-06-24 16:35:00,3308.64,3309.33,3299.94,3300.26,500.0
2025-06-24 16:40:00,3300.31,3302.13,3295.61,3298.87,525.0
2025-06-24 16:45:00,3298.8,3302.88,3295.5,3297.85,524.0
2025-06-24 16:50:00,3297.87,3301.66,3297.25,3301.24,502.0
2025-06-24 16:55:00,3301.38,3302.41,3299.99,3302.04,444.0
2025-06-24 17:00:00,3301.86,3306.2,3298.46,3304.43,496.0
2025-06-24 17:05:00,3304.42,3308.24,3302.37,3306.74,448.0
2025-06-24 17:10:00,3306.8,3308.49,3305.34,3308.49,430.0
2025-06-24 17:15:00,3308.11,3310.27,3304.77,3304.82,465.0
2025-06-24 17:20:00,3304.72,3304.79,3302.03,3303.38,459.0
2025-06-24 17:25:00,3303.48,3307.63,3303.39,3305.01,438.0
2025-06-24 17:30:00,3305.41,3309.02,3304.93,3307.32,418.0
2025-06-24 17:35:00,3307.41,3307.41,3301.91,3302.47,410.0
2025-06-24 17:40:00,3302.44,3307.04,3301.9,3306.25,424.0
2025-06-24 17:45:00,3306.36,3308.99,3305.85,3307.93,391.0
2025-06-24 17:50:00,3308.07,3308.2,3305.56,3306.45,446.0
2025-06-24 17:55:00,3306.76,3307.27,3303.93,3304.61,383.0
2025-06-24 18:00:00,3304.6,3304.6,3299.77,3300.37,418.0
2025-06-24 18:05:00,3300.34,3303.02,3300.2,3301.21,448.0
2025-06-24 18:10:00,3301.2,3302.66,3300.35,3301.76,358.0
2025-06-24 18:15:00,3301.5,3304.13,3301.5,3304.13,346.0
2025-06-24 18:20:00,3304.16,3307.73,3304.14,3306.53,414.0
2025-06-24 18:25:00,3306.54,3314.11,3306.31,3312.21,439.0
2025-06-24 18:30:00,3312.47,3314.81,3312.06,3312.28,422.0
2025-06-24 18:35:00,3312.2,3316.7,3312.2,3315.88,381.0
2025-06-24 18:40:00,3315.84,3317.06,3314.47,3315.27,390.0
2025-06-24 18:45:00,3315.23,3315.61,3313.27,3314.24,288.0
2025-06-24 18:50:00,3314.26,3315.76,3312.91,3314.97,324.0
2025-06-24 18:55:00,3315.0,3315.17,3312.45,3313.19,315.0
2025-06-24 19:00:00,3313.26,3313.88,3311.6,3312.98,296.0
2025-06-24 19:05:00,3312.95,3313.2,3311.39,3313.11,291.0
2025-06-24 19:10:00,3313.05,3313.38,3311.58,3312.59,262.0
2025-06-24 19:15:00,3312.62,3312.83,3311.34,3312.74,271.0
2025-06-24 19:20:00,3312.69,3314.0,3312.36,3313.83,271.0
2025-06-24 19:25:00,3313.82,3314.26,3311.45,3311.85,300.0
2025-06-24 19:30:00,3311.99,3313.68,3311.73,3313.58,276.0
2025-06-24 19:35:00,3313.44,3314.91,3313.15,3314.61,295.0
2025-06-24 19:40:00,3314.53,3317.62,3314.39,3317.04,321.0
2025-06-24 19:45:00,3317.05,3317.73,3315.75,3317.31,319.0
2025-06-24 19:50:00,3317.36,3319.56,3317.07,3319.4,299.0
2025-06-24 19:55:00,3319.38,3320.45,3318.15,3318.43,330.0
2025-06-24 20:00:00,3318.5,3320.67,3318.5,3319.7,309.0
2025-06-24 20:05:00,3319.92,3320.55,3319.21,3320.19,289.0
2025-06-24 20:10:00,3320.22,3320.92,3318.86,3319.0,266.0
2025-06-24 20:15:00,3318.99,3320.84,3318.3,3318.85,271.0
2025-06-24 20:20:00,3318.86,3320.73,3318.86,3320.52,288.0
2025-06-24 20:25:00,3320.61,3320.89,3318.82,3320.63,300.0
2025-06-24 20:30:00,3320.85,3321.15,3319.91,3320.66,252.0
2025-06-24 20:35:00,3320.68,3321.12,3319.7,3319.94,244.0
2025-06-24 20:40:00,3319.95,3321.22,3319.76,3320.82,256.0
2025-06-24 20:45:00,3320.88,3321.16,3319.13,3319.71,264.0
2025-06-24 20:50:00,3319.66,3319.74,3318.13,3318.78,272.0
2025-06-24 20:55:00,3318.74,3318.95,3317.88,3317.95,259.0
2025-06-24 21:00:00,3317.96,3318.77,3316.58,3317.03,295.0
2025-06-24 21:05:00,3317.06,3318.85,3316.54,3318.53,268.0
2025-06-24 21:10:00,3318.54,3318.99,3315.72,3315.73,277.0
2025-06-24 21:15:00,3315.77,3317.99,3315.73,3317.62,266.0
2025-06-24 21:20:00,3317.66,3317.81,3316.41,3316.83,230.0
2025-06-24 21:25:00,3316.84,3317.15,3316.35,3316.92,264.0
2025-06-24 21:30:00,3316.95,3317.07,3315.97,3316.37,214.0
2025-06-24 21:35:00,3316.33,3317.51,3316.04,3317.28,247.0
2025-06-24 21:40:00,3317.27,3318.17,3316.75,3318.12,233.0
2025-06-24 21:45:00,3318.14,3318.43,3317.42,3317.64,154.0
2025-06-24 21:50:00,3317.63,3317.64,3316.83,3316.85,235.0
2025-06-24 21:55:00,3316.86,3317.51,3316.35,3317.15,255.0
2025-06-24 22:00:00,3317.11,3318.34,3316.87,3317.6,265.0
2025-06-24 22:05:00,3317.56,3317.56,3316.23,3316.99,229.0
2025-06-24 22:10:00,3316.97,3316.97,3316.0,3316.7,233.0
2025-06-24 22:15:00,3316.67,3318.04,3316.28,3317.55,204.0
2025-06-24 22:20:00,3317.53,3318.5,3317.05,3317.82,214.0
2025-06-24 22:25:00,3317.84,3318.76,3317.32,3318.62,234.0
2025-06-24 22:30:00,3318.67,3322.19,3318.67,3322.19,302.0
2025-06-24 22:35:00,3322.22,3325.01,3322.02,3323.75,322.0
2025-06-24 22:40:00,3323.92,3325.17,3323.62,3324.58,282.0
2025-06-24 22:45:00,3324.65,3325.03,3322.44,3322.55,290.0
2025-06-24 22:50:00,3322.75,3324.2,3322.47,3323.39,304.0
2025-06-24 22:55:00,3323.6,3323.83,3322.48,3323.57,326.0
2025-06-24 23:00:00,3323.88,3324.44,3322.36,3323.03,165.0
2025-06-24 23:05:00,3323.02,3324.38,3323.02,3324.16,141.0
2025-06-24 23:10:00,3323.87,3324.3,3322.93,3322.93,160.0
2025-06-24 23:15:00,3322.97,3324.48,3322.97,3323.47,161.0
2025-06-24 23:20:00,3323.61,3323.88,3322.52,3323.18,161.0
2025-06-24 23:25:00,3323.16,3323.31,3322.67,3322.7,83.0
2025-06-24 23:30:00,3322.64,3324.21,3322.56,3324.21,94.0
2025-06-24 23:35:00,3324.04,3324.19,3322.53,3322.83,127.0
2025-06-24 23:40:00,3322.81,3323.06,3321.69,3322.91,134.0
2025-06-24 23:45:00,3322.87,3323.72,3322.87,3323.22,130.0
2025-06-24 23:50:00,3323.16,3323.54,3322.67,3322.82,113.0
2025-06-24 23:55:00,3323.16,3323.38,3322.73,3322.81,103.0
2025-06-25 01:00:00,3324.71,3325.0,3322.54,3322.73,327.0
2025-06-25 01:05:00,3322.73,3323.25,3322.08,3322.68,111.0
2025-06-25 01:10:00,3322.77,3323.49,3322.65,3322.96,99.0
2025-06-25 01:15:00,3322.9,3323.09,3321.1,3322.08,128.0
2025-06-25 01:20:00,3321.85,3322.73,3321.28,3322.44,127.0
2025-06-25 01:25:00,3322.41,3322.56,3321.8,3322.09,88.0
2025-06-25 01:30:00,3322.07,3322.64,3321.96,3322.11,113.0
2025-06-25 01:35:00,3322.12,3322.29,3321.22,3321.25,125.0
2025-06-25 01:40:00,3321.24,3321.85,3321.19,3321.85,97.0
2025-06-25 01:45:00,3321.78,3322.72,3321.57,3322.36,105.0
2025-06-25 01:50:00,3322.35,3322.45,3320.95,3321.77,89.0
2025-06-25 01:55:00,3321.87,3322.37,3321.48,3321.63,79.0
2025-06-25 02:00:00,3321.64,3322.72,3321.64,3322.5,113.0
2025-06-25 02:05:00,3322.56,3323.41,3322.54,3323.3,114.0
2025-06-25 02:10:00,3323.49,3323.79,3322.85,3323.52,96.0
2025-06-25 02:15:00,3323.57,3323.83,3323.04,3323.83,119.0
2025-06-25 02:20:00,3323.86,3323.99,3322.98,3323.13,123.0
2025-06-25 02:25:00,3323.15,3323.2,3322.76,3322.84,78.0
2025-06-25 02:30:00,3322.8,3323.05,3322.73,3322.89,107.0
2025-06-25 02:35:00,3322.88,3323.51,3322.4,3323.13,102.0
2025-06-25 02:40:00,3323.12,3323.61,3322.99,3323.19,98.0
2025-06-25 02:45:00,3323.1,3324.76,3323.0,3324.54,141.0
2025-06-25 02:50:00,3324.54,3324.87,3324.24,3324.29,134.0
2025-06-25 02:55:00,3324.28,3324.57,3323.55,3324.19,173.0
2025-06-25 03:00:00,3324.08,3325.39,3323.64,3325.07,266.0
2025-06-25 03:05:00,3325.06,3326.57,3324.89,3326.24,245.0
2025-06-25 03:10:00,3326.27,3327.06,3326.02,3326.52,215.0
2025-06-25 03:15:00,3326.83,3327.25,3326.06,3326.99,215.0
2025-06-25 03:20:00,3327.0,3328.73,3326.7,3327.93,234.0
2025-06-25 03:25:00,3327.98,3328.56,3327.62,3328.31,203.0
2025-06-25 03:30:00,3328.37,3329.98,3328.03,3328.49,264.0
2025-06-25 03:35:00,3328.52,3328.6,3327.12,3327.99,205.0
2025-06-25 03:40:00,3327.98,3328.53,3325.02,3325.16,262.0
2025-06-25 03:45:00,3325.14,3326.27,3324.33,3325.56,227.0
2025-06-25 03:50:00,3325.55,3328.13,3325.45,3327.05,270.0
2025-06-25 03:55:00,3326.95,3327.58,3325.38,3326.94,239.0
2025-06-25 04:00:00,3327.05,3328.89,3326.44,3328.0,331.0
2025-06-25 04:05:00,3328.16,3329.25,3328.16,3329.1,260.0
2025-06-25 04:10:00,3329.26,3331.26,3329.12,3330.85,301.0
2025-06-25 04:15:00,3330.9,3332.99,3330.69,3332.47,345.0
2025-06-25 04:20:00,3332.44,3332.82,3329.74,3329.83,276.0
2025-06-25 04:25:00,3329.79,3330.77,3328.84,3328.84,264.0
2025-06-25 04:30:00,3328.62,3331.24,3328.06,3331.06,311.0
2025-06-25 04:35:00,3330.93,3332.61,3330.61,3332.61,269.0
2025-06-25 04:40:00,3332.62,3333.11,3331.68,3332.07,276.0
2025-06-25 04:45:00,3332.08,3333.71,3331.78,3333.63,265.0
2025-06-25 04:50:00,3333.62,3334.43,3332.81,3333.67,287.0
2025-06-25 04:55:00,3333.69,3334.82,3333.56,3334.63,251.0
2025-06-25 05:00:00,3334.57,3335.18,3332.92,3333.58,294.0
2025-06-25 05:05:00,3333.63,3334.68,3332.58,3333.55,291.0
2025-06-25 05:10:00,3333.42,3333.58,3331.32,3331.52,261.0
2025-06-25 05:15:00,3331.41,3332.21,3330.09,3330.95,257.0
2025-06-25 05:20:00,3330.93,3331.94,3330.87,3331.02,222.0
2025-06-25 05:25:00,3331.06,3331.62,3330.88,3331.5,183.0
2025-06-25 05:30:00,3331.62,3331.62,3329.75,3330.66,271.0
2025-06-25 05:35:00,3330.65,3331.94,3330.32,3330.43,221.0
2025-06-25 05:40:00,3330.33,3330.53,3328.86,3329.74,271.0
2025-06-25 05:45:00,3329.89,3330.14,3329.01,3329.38,248.0
2025-06-25 05:50:00,3329.39,3329.46,3328.05,3328.99,252.0
2025-06-25 05:55:00,3329.02,3329.99,3327.86,3329.52,257.0
2025-06-25 06:00:00,3329.43,3329.56,3328.01,3329.33,251.0
2025-06-25 06:05:00,3329.23,3330.01,3328.73,3328.85,179.0
2025-06-25 06:10:00,3328.85,3331.31,3328.84,3331.31,263.0
2025-06-25 06:15:00,3331.37,3332.0,3330.64,3331.09,228.0
2025-06-25 06:20:00,3331.11,3331.68,3330.11,3331.42,214.0
2025-06-25 06:25:00,3331.46,3331.55,3330.6,3330.72,217.0
2025-06-25 06:30:00,3330.65,3330.97,3329.61,3329.83,208.0
2025-06-25 06:35:00,3329.63,3330.28,3327.97,3328.59,212.0
2025-06-25 06:40:00,3328.62,3330.26,3328.54,3329.85,169.0
2025-06-25 06:45:00,3329.82,3329.84,3328.66,3328.82,173.0
2025-06-25 06:50:00,3328.84,3328.95,3328.19,3328.57,202.0
2025-06-25 06:55:00,3328.53,3328.53,3327.34,3328.33,237.0
2025-06-25 07:00:00,3328.31,3328.72,3326.95,3327.52,188.0
2025-06-25 07:05:00,3327.51,3327.85,3326.72,3327.27,184.0
2025-06-25 07:10:00,3327.23,3327.23,3326.66,3326.94,141.0
2025-06-25 07:15:00,3326.96,3328.03,3326.73,3327.83,136.0
2025-06-25 07:20:00,3327.91,3329.23,3327.82,3328.62,179.0
2025-06-25 07:25:00,3328.63,3328.72,3327.28,3327.32,162.0
2025-06-25 07:30:00,3327.27,3327.46,3326.55,3326.71,139.0
2025-06-25 07:35:00,3326.73,3327.32,3326.58,3327.02,118.0
2025-06-25 07:40:00,3327.0,3327.5,3326.82,3326.86,140.0
2025-06-25 07:45:00,3326.85,3328.52,3325.81,3328.52,227.0
2025-06-25 07:50:00,3328.53,3328.65,3327.69,3328.12,164.0
2025-06-25 07:55:00,3328.26,3328.31,3327.02,3327.5,143.0
2025-06-25 08:00:00,3327.44,3328.76,3326.71,3328.04,212.0
2025-06-25 08:05:00,3327.95,3328.49,3327.73,3328.13,168.0
2025-06-25 08:10:00,3328.08,3329.62,3328.08,3329.42,195.0
2025-06-25 08:15:00,3329.23,3329.67,3328.86,3329.26,188.0
2025-06-25 08:20:00,3329.24,3329.28,3328.44,3329.13,171.0
2025-06-25 08:25:00,3329.16,3329.87,3328.5,3329.79,157.0
2025-06-25 08:30:00,3330.0,3331.47,3329.83,3331.04,251.0
2025-06-25 08:35:00,3331.09,3332.87,3331.06,3332.11,261.0
2025-06-25 08:40:00,3332.09,3333.16,3331.49,3332.65,255.0
2025-06-25 08:45:00,3332.51,3333.68,3332.12,3333.02,214.0
2025-06-25 08:50:00,3333.0,3333.67,3331.85,3332.9,250.0
2025-06-25 08:55:00,3332.96,3332.96,3331.45,3331.64,277.0
2025-06-25 09:00:00,3331.65,3332.93,3330.81,3332.68,268.0
2025-06-25 09:05:00,3332.95,3333.3,3331.02,3331.02,246.0
2025-06-25 09:10:00,3331.01,3331.1,3329.42,3329.84,268.0
2025-06-25 09:15:00,3329.85,3330.65,3329.27,3330.41,232.0
2025-06-25 09:20:00,3330.43,3330.67,3329.85,3330.48,217.0
2025-06-25 09:25:00,3330.64,3331.95,3330.38,3330.49,271.0
2025-06-25 09:30:00,3330.47,3331.07,3329.38,3330.1,262.0
2025-06-25 09:35:00,3330.07,3330.91,3329.12,3329.86,200.0
2025-06-25 09:40:00,3329.87,3332.51,3329.69,3332.51,240.0
2025-06-25 09:45:00,3332.52,3333.09,3331.1,3332.71,251.0
2025-06-25 09:50:00,3332.7,3333.41,3331.68,3332.07,245.0
2025-06-25 09:55:00,3331.94,3332.19,3331.15,3331.45,224.0
2025-06-25 10:00:00,3331.83,3333.91,3330.63,3330.67,296.0
2025-06-25 10:05:00,3330.79,3330.86,3328.17,3330.2,292.0
2025-06-25 10:10:00,3330.15,3330.15,3327.72,3327.87,313.0
2025-06-25 10:15:00,3327.93,3327.93,3326.74,3327.23,257.0
2025-06-25 10:20:00,3327.24,3330.05,3326.84,3329.91,280.0
2025-06-25 10:25:00,3329.93,3334.03,3329.83,3334.03,305.0
2025-06-25 10:30:00,3334.14,3334.87,3332.07,3332.73,285.0
2025-06-25 10:35:00,3332.71,3334.95,3332.21,3333.45,270.0
2025-06-25 10:40:00,3333.4,3335.78,3332.93,3335.2,248.0
2025-06-25 10:45:00,3335.15,3337.07,3333.75,3333.92,335.0
2025-06-25 10:50:00,3333.91,3333.91,3330.1,3331.23,308.0
2025-06-25 10:55:00,3331.46,3331.63,3330.27,3330.6,278.0
2025-06-25 11:00:00,3330.59,3332.32,3329.88,3330.36,292.0
2025-06-25 11:05:00,3330.31,3330.92,3329.05,3330.38,234.0
2025-06-25 11:10:00,3330.47,3330.55,3327.84,3328.14,246.0
2025-06-25 11:15:00,3328.07,3328.84,3326.48,3327.29,342.0
2025-06-25 11:20:00,3327.24,3327.89,3326.65,3327.48,301.0
2025-06-25 11:25:00,3327.34,3329.9,3327.26,3329.65,298.0
2025-06-25 11:30:00,3329.62,3330.12,3328.42,3328.96,262.0
2025-06-25 11:35:00,3328.99,3329.91,3328.12,3329.65,245.0
2025-06-25 11:40:00,3329.69,3330.23,3329.07,3330.03,200.0
2025-06-25 11:45:00,3329.99,3330.02,3328.53,3328.68,227.0
2025-06-25 11:50:00,3328.66,3328.72,3327.48,3327.8,257.0
2025-06-25 11:55:00,3327.84,3327.93,3326.97,3327.16,241.0
2025-06-25 12:00:00,3327.17,3327.26,3325.67,3326.57,294.0
2025-06-25 12:05:00,3326.59,3326.59,3322.96,3324.35,360.0
2025-06-25 12:10:00,3324.3,3324.3,3321.91,3322.25,340.0
2025-06-25 12:15:00,3322.22,3323.96,3321.88,3323.85,279.0
2025-06-25 12:20:00,3323.79,3324.15,3323.09,3324.12,234.0
2025-06-25 12:25:00,3324.11,3324.99,3322.37,3322.69,261.0
2025-06-25 12:30:00,3322.62,3323.52,3322.0,3322.71,261.0
2025-06-25 12:35:00,3322.94,3324.2,3321.61,3323.83,226.0
2025-06-25 12:40:00,3323.84,3323.96,3322.5,3323.38,199.0
2025-06-25 12:45:00,3323.62,3324.58,3323.41,3323.51,203.0
2025-06-25 12:50:00,3323.58,3324.47,3323.48,3323.77,218.0
2025-06-25 12:55:00,3323.58,3325.25,3323.09,3325.25,245.0
2025-06-25 13:00:00,3325.26,3326.76,3325.06,3325.3,289.0
2025-06-25 13:05:00,3325.4,3327.38,3325.23,3327.16,266.0
2025-06-25 13:10:00,3327.13,3328.43,3326.7,3327.58,258.0
2025-06-25 13:15:00,3327.47,3329.43,3326.81,3327.15,284.0
2025-06-25 13:20:00,3327.17,3327.2,3325.74,3325.95,258.0
2025-06-25 13:25:00,3325.96,3327.05,3324.28,3326.51,301.0
2025-06-25 13:30:00,3326.55,3326.55,3325.03,3325.85,236.0
2025-06-25 13:35:00,3325.72,3325.8,3324.52,3324.91,192.0
2025-06-25 13:40:00,3324.92,3325.26,3324.3,3325.19,221.0
2025-06-25 13:45:00,3325.24,3327.19,3325.24,3326.98,242.0
2025-06-25 13:50:00,3327.04,3328.06,3324.96,3325.06,238.0
2025-06-25 13:55:00,3325.16,3325.75,3324.39,3324.5,219.0
2025-06-25 14:00:00,3324.42,3326.78,3324.01,3326.71,259.0
2025-06-25 14:05:00,3326.73,3327.74,3325.99,3327.57,220.0
2025-06-25 14:10:00,3327.58,3328.96,3327.13,3328.96,237.0
2025-06-25 14:15:00,3328.98,3329.5,3328.19,3328.73,252.0
2025-06-25 14:20:00,3328.85,3328.85,3326.44,3326.85,240.0
2025-06-25 14:25:00,3326.81,3326.85,3324.8,3325.32,292.0
2025-06-25 14:30:00,3325.21,3328.18,3324.81,3327.12,292.0
2025-06-25 14:35:00,3327.0,3328.43,3325.48,3325.85,302.0
2025-06-25 14:40:00,3325.83,3326.19,3324.48,3325.19,260.0
2025-06-25 14:45:00,3325.07,3325.42,3322.51,3323.07,292.0
2025-06-25 14:50:00,3323.17,3324.61,3322.77,3324.61,310.0
2025-06-25 14:55:00,3324.8,3325.08,3322.22,3322.77,307.0
2025-06-25 15:00:00,3322.68,3323.68,3322.21,3322.29,271.0
2025-06-25 15:05:00,3322.31,3325.58,3321.73,3325.08,242.0
2025-06-25 15:10:00,3325.12,3326.57,3324.67,3325.89,262.0
2025-06-25 15:15:00,3325.9,3327.13,3325.39,3327.04,267.0
2025-06-25 15:20:00,3327.08,3328.04,3325.99,3327.65,315.0
2025-06-25 15:25:00,3327.64,3329.41,3327.47,3328.19,291.0
2025-06-25 15:30:00,3327.7,3328.15,3323.44,3325.25,327.0
2025-06-25 15:35:00,3325.24,3326.23,3323.02,3323.35,290.0
2025-06-25 15:40:00,3323.03,3323.59,3319.46,3319.75,329.0
2025-06-25 15:45:00,3319.69,3320.64,3318.2,3320.13,346.0
2025-06-25 15:50:00,3320.02,3321.53,3319.88,3321.1,263.0
2025-06-25 15:55:00,3321.07,3322.16,3320.09,3320.63,282.0
2025-06-25 16:00:00,3320.67,3321.57,3317.05,3317.47,363.0
2025-06-25 16:05:00,3317.49,3318.34,3315.9,3316.49,356.0
2025-06-25 16:10:00,3316.52,3317.06,3313.8,3314.9,382.0
2025-06-25 16:15:00,3314.8,3317.75,3314.18,3316.11,346.0
2025-06-25 16:20:00,3316.03,3318.83,3315.75,3316.43,308.0
2025-06-25 16:25:00,3316.55,3316.75,3314.08,3314.15,294.0
2025-06-25 16:30:00,3314.07,3315.79,3312.05,3312.54,393.0
2025-06-25 16:35:00,3312.26,3314.68,3311.98,3312.76,384.0
2025-06-25 16:40:00,3312.73,3315.13,3312.56,3315.08,374.0
2025-06-25 16:45:00,3314.74,3317.46,3314.6,3315.15,396.0
2025-06-25 16:50:00,3314.88,3315.64,3313.52,3315.09,375.0
2025-06-25 16:55:00,3315.02,3316.37,3313.95,3314.51,340.0
2025-06-25 17:00:00,3314.45,3318.79,3312.41,3318.47,391.0
2025-06-25 17:05:00,3318.47,3321.72,3318.16,3319.55,414.0
2025-06-25 17:10:00,3319.78,3322.07,3319.45,3319.85,437.0
2025-06-25 17:15:00,3319.87,3322.99,3319.18,3319.74,378.0
2025-06-25 17:20:00,3319.56,3321.64,3318.76,3319.79,370.0
2025-06-25 17:25:00,3319.88,3321.87,3319.13,3321.81,349.0
2025-06-25 17:30:00,3321.9,3323.15,3321.17,3322.7,334.0
2025-06-25 17:35:00,3322.67,3323.38,3320.91,3320.99,332.0
2025-06-25 17:40:00,3321.02,3322.04,3320.54,3322.03,311.0
2025-06-25 17:45:00,3322.05,3322.9,3320.94,3322.89,331.0
2025-06-25 17:50:00,3322.98,3326.24,3322.98,3324.24,375.0
2025-06-25 17:55:00,3324.19,3324.4,3323.1,3323.47,331.0
2025-06-25 18:00:00,3323.46,3325.24,3322.51,3324.92,348.0
2025-06-25 18:05:00,3324.95,3325.28,3324.07,3324.49,316.0
2025-06-25 18:10:00,3324.38,3325.85,3323.88,3325.26,317.0
2025-06-25 18:15:00,3325.32,3325.41,3323.89,3324.01,291.0
2025-06-25 18:20:00,3324.03,3324.74,3322.88,3323.82,282.0
2025-06-25 18:25:00,3323.98,3324.16,3322.59,3322.74,261.0
2025-06-25 18:30:00,3322.88,3323.08,3321.67,3322.62,294.0
2025-06-25 18:35:00,3322.71,3324.89,3322.67,3324.89,285.0
2025-06-25 18:40:00,3324.76,3326.67,3324.54,3326.02,317.0
2025-06-25 18:45:00,3326.06,3326.52,3325.36,3325.87,289.0
2025-06-25 18:50:00,3325.88,3326.61,3325.24,3326.28,253.0
2025-06-25 18:55:00,3326.31,3327.1,3325.09,3325.63,293.0
2025-06-25 19:00:00,3325.65,3327.58,3324.19,3327.52,300.0
2025-06-25 19:05:00,3327.49,3327.78,3325.6,3326.03,261.0
2025-06-25 19:10:00,3326.05,3328.29,3325.65,3327.74,269.0
2025-06-25 19:15:00,3327.54,3328.34,3327.09,3327.55,249.0
2025-06-25 19:20:00,3327.53,3329.06,3326.95,3327.61,274.0
2025-06-25 19:25:00,3327.6,3329.24,3327.06,3329.22,275.0
2025-06-25 19:30:00,3329.33,3330.54,3329.18,3330.25,323.0
2025-06-25 19:35:00,3330.24,3332.04,3330.05,3331.84,319.0
2025-06-25 19:40:00,3331.81,3333.87,3331.76,3333.05,351.0
2025-06-25 19:45:00,3333.03,3334.79,3332.73,3333.76,277.0
2025-06-25 19:50:00,3333.78,3334.8,3332.74,3334.48,313.0
2025-06-25 19:55:00,3334.48,3335.1,3333.14,3334.8,317.0
2025-06-25 20:00:00,3334.79,3335.11,3333.12,3333.12,319.0
2025-06-25 20:05:00,3333.25,3334.88,3333.23,3334.73,279.0
2025-06-25 20:10:00,3334.76,3335.33,3333.23,3333.72,284.0
2025-06-25 20:15:00,3333.72,3333.73,3331.96,3332.87,284.0
2025-06-25 20:20:00,3332.95,3333.16,3331.14,3331.37,271.0
2025-06-25 20:25:00,3331.44,3331.49,3328.7,3328.91,284.0
2025-06-25 20:30:00,3329.19,3330.12,3326.1,3326.47,305.0
2025-06-25 20:35:00,3326.55,3327.93,3325.03,3326.29,398.0
2025-06-25 20:40:00,3326.3,3327.67,3325.79,3327.53,336.0
2025-06-25 20:45:00,3327.5,3328.41,3326.48,3326.71,284.0
2025-06-25 20:50:00,3326.72,3328.33,3326.72,3327.74,257.0
2025-06-25 20:55:00,3327.69,3328.63,3327.68,3328.01,270.0
2025-06-25 21:00:00,3328.04,3329.42,3326.87,3327.05,308.0
2025-06-25 21:05:00,3327.06,3327.36,3326.22,3326.59,259.0
2025-06-25 21:10:00,3326.6,3328.18,3326.47,3328.0,232.0
2025-06-25 21:15:00,3328.1,3329.34,3327.66,3328.97,261.0
2025-06-25 21:20:00,3328.95,3330.23,3328.95,3329.86,238.0
2025-06-25 21:25:00,3329.87,3330.08,3329.24,3329.44,228.0
2025-06-25 21:30:00,3329.56,3330.06,3329.36,3329.64,214.0
2025-06-25 21:35:00,3329.66,3329.92,3329.1,3329.63,251.0
2025-06-25 21:40:00,3329.6,3330.1,3329.24,3329.69,261.0
2025-06-25 21:45:00,3329.71,3330.52,3329.56,3329.99,254.0
2025-06-25 21:50:00,3329.95,3331.08,3329.62,3330.63,244.0
2025-06-25 21:55:00,3330.68,3331.78,3330.68,3331.62,273.0
2025-06-25 22:00:00,3331.6,3332.93,3331.6,3331.85,263.0
2025-06-25 22:05:00,3331.85,3331.91,3330.43,3330.64,190.0
2025-06-25 22:10:00,3330.65,3331.6,3330.41,3331.6,268.0
2025-06-25 22:15:00,3331.56,3331.6,3330.98,3331.31,237.0
2025-06-25 22:20:00,3331.29,3332.14,3330.81,3332.14,235.0
2025-06-25 22:25:00,3332.18,3334.2,3332.18,3333.98,278.0
2025-06-25 22:30:00,3334.02,3335.36,3333.65,3335.26,272.0
2025-06-25 22:35:00,3335.27,3335.66,3334.75,3335.18,270.0
2025-06-25 22:40:00,3335.2,3335.95,3335.08,3335.85,273.0
2025-06-25 22:45:00,3335.91,3336.01,3334.18,3334.18,254.0
2025-06-25 22:50:00,3334.17,3334.17,3332.27,3332.88,300.0
2025-06-25 22:55:00,3332.9,3334.32,3332.27,3333.72,318.0
2025-06-25 23:00:00,3333.88,3335.42,3333.52,3335.41,207.0
2025-06-25 23:05:00,3335.42,3335.6,3334.2,3334.57,162.0
2025-06-25 23:10:00,3334.66,3334.66,3331.4,3332.41,216.0
2025-06-25 23:15:00,3332.24,3333.34,3332.24,3332.91,187.0
2025-06-25 23:20:00,3332.79,3333.33,3332.25,3332.49,191.0
2025-06-25 23:25:00,3332.49,3333.12,3332.26,3332.84,130.0
2025-06-25 23:30:00,3332.76,3333.23,3332.55,3332.88,128.0
2025-06-25 23:35:00,3332.85,3333.11,3332.68,3332.99,123.0
2025-06-25 23:40:00,3332.96,3333.68,3332.75,3333.59,126.0
2025-06-25 23:45:00,3333.63,3333.63,3332.2,3332.34,158.0
2025-06-25 23:50:00,3332.24,3332.86,3332.16,3332.61,142.0
2025-06-25 23:55:00,3332.58,3332.58,3331.96,3332.15,105.0
2025-06-26 01:00:00,3333.62,3335.46,3333.48,3334.41,290.0
2025-06-26 01:05:00,3334.26,3334.54,3333.12,3334.4,118.0
2025-06-26 01:10:00,3334.49,3334.78,3333.35,3333.56,141.0
2025-06-26 01:15:00,3333.56,3333.57,3331.53,3332.58,188.0
2025-06-26 01:20:00,3332.77,3332.9,3331.46,3331.68,114.0
2025-06-26 01:25:00,3331.69,3332.66,3331.31,3332.31,112.0
2025-06-26 01:30:00,3332.27,3333.29,3331.86,3333.06,119.0
2025-06-26 01:35:00,3333.05,3333.65,3332.26,3333.25,158.0
2025-06-26 01:40:00,3333.27,3334.87,3333.03,3334.17,193.0
2025-06-26 01:45:00,3334.23,3334.46,3332.65,3333.3,216.0
2025-06-26 01:50:00,3333.31,3334.31,3333.0,3334.11,141.0
2025-06-26 01:55:00,3334.14,3334.15,3333.14,3333.19,114.0
2025-06-26 02:00:00,3333.23,3335.33,3332.88,3334.68,256.0
2025-06-26 02:05:00,3334.69,3336.43,3333.42,3336.36,287.0
2025-06-26 02:10:00,3336.38,3337.33,3336.37,3337.09,254.0
2025-06-26 02:15:00,3337.0,3337.41,3336.47,3337.24,231.0
2025-06-26 02:20:00,3337.23,3337.44,3336.53,3336.94,138.0
2025-06-26 02:25:00,3336.95,3337.21,3336.7,3336.91,150.0
2025-06-26 02:30:00,3336.99,3337.9,3336.58,3337.19,164.0
2025-06-26 02:35:00,3337.14,3338.16,3336.87,3336.87,217.0
2025-06-26 02:40:00,3336.89,3338.01,3336.86,3337.79,161.0
2025-06-26 02:45:00,3337.65,3338.12,3337.34,3337.74,172.0
2025-06-26 02:50:00,3337.73,3339.63,3337.48,3339.25,199.0
2025-06-26 02:55:00,3339.24,3340.09,3338.97,3339.03,195.0
2025-06-26 03:00:00,3339.17,3339.27,3332.74,3335.19,350.0
2025-06-26 03:05:00,3335.17,3335.96,3333.55,3334.85,277.0
2025-06-26 03:10:00,3334.81,3335.75,3334.73,3335.57,222.0
2025-06-26 03:15:00,3335.55,3335.79,3334.89,3335.58,209.0
2025-06-26 03:20:00,3335.53,3336.5,3334.81,3335.31,226.0
2025-06-26 03:25:00,3335.38,3335.64,3333.25,3333.5,265.0
2025-06-26 03:30:00,3333.47,3335.2,3332.22,3332.53,232.0
2025-06-26 03:35:00,3332.5,3335.0,3332.21,3334.77,215.0
2025-06-26 03:40:00,3334.73,3335.41,3334.33,3334.72,168.0
2025-06-26 03:45:00,3334.75,3335.64,3333.16,3333.57,203.0
2025-06-26 03:50:00,3333.56,3333.99,3332.17,3333.05,244.0
2025-06-26 03:55:00,3332.69,3334.48,3332.56,3333.98,229.0
2025-06-26 04:00:00,3334.03,3335.28,3331.86,3334.27,330.0
2025-06-26 04:05:00,3334.5,3336.72,3334.31,3336.1,346.0
2025-06-26 04:10:00,3336.04,3336.75,3331.46,3333.1,381.0
2025-06-26 04:15:00,3332.93,3335.0,3332.85,3333.99,315.0
2025-06-26 04:20:00,3334.02,3334.34,3331.58,3331.65,277.0
2025-06-26 04:25:00,3331.62,3331.88,3330.06,3331.69,288.0
2025-06-26 04:30:00,3331.8,3332.48,3330.75,3331.01,281.0
2025-06-26 04:35:00,3331.02,3331.89,3330.9,3331.64,270.0
2025-06-26 04:40:00,3331.77,3332.79,3331.36,3331.47,262.0
2025-06-26 04:45:00,3331.48,3333.45,3330.09,3332.44,291.0
2025-06-26 04:50:00,3332.54,3333.72,3331.04,3331.29,273.0
2025-06-26 04:55:00,3331.26,3331.26,3329.45,3330.15,305.0
2025-06-26 05:00:00,3330.1,3331.54,3329.28,3330.98,304.0
2025-06-26 05:05:00,3330.96,3332.37,3330.96,3331.0,230.0
2025-06-26 05:10:00,3331.19,3332.26,3331.09,3331.93,217.0
2025-06-26 05:15:00,3331.94,3333.66,3331.58,3333.56,221.0
2025-06-26 05:20:00,3333.61,3334.63,3332.59,3334.16,247.0
2025-06-26 05:25:00,3334.23,3336.49,3334.23,3335.72,256.0
2025-06-26 05:30:00,3335.66,3337.58,3335.3,3337.21,288.0
2025-06-26 05:35:00,3337.31,3338.86,3337.31,3338.27,282.0
2025-06-26 05:40:00,3338.23,3340.08,3338.23,3339.95,290.0
2025-06-26 05:45:00,3339.99,3340.39,3338.69,3340.14,275.0
2025-06-26 05:50:00,3340.18,3341.72,3339.03,3340.95,298.0
2025-06-26 05:55:00,3340.78,3340.78,3338.67,3339.47,279.0
2025-06-26 06:00:00,3339.64,3339.78,3338.01,3339.36,250.0
2025-06-26 06:05:00,3339.4,3342.46,3339.2,3342.18,344.0
2025-06-26 06:10:00,3342.28,3343.14,3341.08,3341.39,293.0
2025-06-26 06:15:00,3341.38,3341.56,3340.49,3341.17,243.0
2025-06-26 06:20:00,3341.15,3341.21,3340.14,3340.51,221.0
2025-06-26 06:25:00,3340.52,3340.59,3338.74,3338.9,212.0
2025-06-26 06:30:00,3338.89,3339.5,3337.66,3337.86,235.0
2025-06-26 06:35:00,3337.87,3337.95,3336.92,3337.39,237.0
2025-06-26 06:40:00,3337.36,3338.42,3337.36,3338.16,197.0
2025-06-26 06:45:00,3338.03,3338.39,3336.44,3338.39,173.0
2025-06-26 06:50:00,3338.35,3338.84,3338.13,3338.47,182.0
2025-06-26 06:55:00,3338.52,3338.76,3337.8,3338.03,221.0
2025-06-26 07:00:00,3338.02,3338.13,3337.33,3337.41,232.0
2025-06-26 07:05:00,3337.4,3338.04,3336.83,3337.52,177.0
2025-06-26 07:10:00,3337.46,3337.53,3335.67,3336.29,221.0
2025-06-26 07:15:00,3336.08,3337.6,3336.08,3336.94,222.0
2025-06-26 07:20:00,3336.82,3337.18,3336.0,3336.11,191.0
2025-06-26 07:25:00,3336.12,3336.21,3335.59,3335.8,185.0
2025-06-26 07:30:00,3335.81,3335.99,3334.22,3334.61,225.0
2025-06-26 07:35:00,3334.59,3335.13,3334.28,3335.04,203.0
2025-06-26 07:40:00,3335.03,3335.46,3334.24,3335.08,180.0
2025-06-26 07:45:00,3335.06,3335.48,3334.27,3335.24,142.0
2025-06-26 07:50:00,3335.04,3335.47,3334.55,3335.42,160.0
2025-06-26 07:55:00,3335.49,3335.64,3333.43,3333.97,234.0
2025-06-26 08:00:00,3333.91,3334.35,3333.24,3334.11,186.0
2025-06-26 08:05:00,3334.13,3334.36,3333.13,3333.54,194.0
2025-06-26 08:10:00,3333.51,3334.82,3333.3,3333.92,204.0
2025-06-26 08:15:00,3333.91,3334.59,3333.42,3334.37,159.0
2025-06-26 08:20:00,3334.36,3335.6,3333.93,3335.46,210.0
2025-06-26 08:25:00,3335.47,3335.67,3333.97,3334.22,225.0
2025-06-26 08:30:00,3334.25,3337.15,3332.43,3336.78,325.0
2025-06-26 08:35:00,3336.8,3338.23,3336.77,3337.14,267.0
2025-06-26 08:40:00,3337.27,3337.27,3335.0,3335.61,274.0
2025-06-26 08:45:00,3335.65,3336.35,3335.08,3335.91,229.0
2025-06-26 08:50:00,3335.92,3336.87,3335.4,3335.93,269.0
2025-06-26 08:55:00,3335.92,3336.07,3333.3,3334.16,337.0
2025-06-26 09:00:00,3333.92,3335.43,3333.22,3333.27,263.0
2025-06-26 09:05:00,3333.29,3333.58,3331.51,3331.54,312.0
2025-06-26 09:10:00,3331.43,3333.17,3331.08,3332.71,315.0
2025-06-26 09:15:00,3332.7,3333.97,3331.38,3333.87,287.0
2025-06-26 09:20:00,3333.89,3335.77,3333.12,3335.77,276.0
2025-06-26 09:25:00,3335.82,3337.18,3335.75,3336.98,287.0
2025-06-26 09:30:00,3336.89,3338.03,3334.37,3334.88,286.0
2025-06-26 09:35:00,3334.69,3337.28,3332.53,3335.79,326.0
2025-06-26 09:40:00,3335.78,3337.3,3335.33,3337.09,230.0
2025-06-26 09:45:00,3336.99,3338.45,3336.85,3337.46,280.0
2025-06-26 09:50:00,3337.15,3339.34,3337.14,3339.28,303.0
2025-06-26 09:55:00,3339.11,3340.36,3339.02,3339.72,302.0
2025-06-26 10:00:00,3340.08,3341.89,3339.88,3341.23,295.0
2025-06-26 10:05:00,3341.2,3343.31,3341.2,3342.71,282.0
2025-06-26 10:10:00,3342.51,3343.91,3341.21,3343.25,345.0
2025-06-26 10:15:00,3343.13,3344.8,3343.13,3344.13,311.0
2025-06-26 10:20:00,3344.17,3345.4,3343.91,3345.4,310.0
2025-06-26 10:25:00,3345.39,3345.92,3344.09,3345.45,282.0
2025-06-26 10:30:00,3345.69,3346.24,3345.14,3345.76,277.0
2025-06-26 10:35:00,3345.7,3346.91,3345.52,3345.54,278.0
2025-06-26 10:40:00,3345.55,3346.42,3345.02,3346.19,285.0
2025-06-26 10:45:00,3346.18,3347.2,3345.37,3345.9,278.0
2025-06-26 10:50:00,3345.86,3347.13,3345.48,3345.77,240.0
2025-06-26 10:55:00,3345.83,3346.25,3345.06,3346.06,274.0
2025-06-26 11:00:00,3346.08,3347.27,3345.6,3345.85,296.0
2025-06-26 11:05:00,3345.82,3347.02,3344.71,3345.74,284.0
2025-06-26 11:10:00,3345.72,3347.05,3344.51,3347.0,273.0
2025-06-26 11:15:00,3346.93,3347.33,3345.49,3346.33,314.0
2025-06-26 11:20:00,3346.34,3346.66,3345.43,3346.43,252.0
2025-06-26 11:25:00,3346.38,3346.5,3345.39,3345.44,248.0
2025-06-26 11:30:00,3345.54,3346.06,3345.13,3345.68,245.0
2025-06-26 11:35:00,3345.75,3347.23,3345.34,3346.85,259.0
2025-06-26 11:40:00,3346.87,3347.47,3345.94,3346.92,281.0
2025-06-26 11:45:00,3346.93,3348.7,3346.51,3347.84,295.0
2025-06-26 11:50:00,3347.81,3348.17,3346.47,3347.65,317.0
2025-06-26 11:55:00,3347.73,3350.28,3347.54,3348.22,400.0
2025-06-26 12:00:00,3348.18,3348.75,3344.09,3344.98,371.0
2025-06-26 12:05:00,3345.02,3345.08,3343.45,3344.22,357.0
2025-06-26 12:10:00,3344.27,3344.33,3340.63,3341.07,357.0
2025-06-26 12:15:00,3341.09,3342.12,3340.19,3340.19,329.0
2025-06-26 12:20:00,3340.23,3340.86,3339.23,3339.45,273.0
2025-06-26 12:25:00,3339.6,3340.74,3339.21,3340.54,319.0
2025-06-26 12:30:00,3340.55,3341.34,3338.74,3339.34,352.0
2025-06-26 12:35:00,3339.38,3341.86,3339.24,3341.56,273.0
2025-06-26 12:40:00,3341.52,3342.01,3340.7,3340.71,243.0
2025-06-26 12:45:00,3340.64,3340.89,3339.21,3340.61,273.0
2025-06-26 12:50:00,3340.7,3341.38,3340.19,3340.89,212.0
2025-06-26 12:55:00,3340.9,3341.35,3339.27,3340.53,253.0
2025-06-26 13:00:00,3340.61,3342.04,3339.71,3339.74,276.0
2025-06-26 13:05:00,3339.72,3340.55,3338.67,3339.34,279.0
2025-06-26 13:10:00,3339.35,3340.54,3338.39,3339.56,275.0
2025-06-26 13:15:00,3339.6,3339.98,3338.56,3339.32,216.0
2025-06-26 13:20:00,3339.16,3339.43,3337.92,3338.94,243.0
2025-06-26 13:25:00,3338.98,3340.66,3338.5,3340.4,230.0
2025-06-26 13:30:00,3340.42,3341.0,3340.3,3340.6,186.0
2025-06-26 13:35:00,3340.55,3340.99,3338.44,3340.03,244.0
2025-06-26 13:40:00,3340.02,3340.45,3338.89,3339.29,208.0
2025-06-26 13:45:00,3339.45,3340.95,3339.38,3340.18,208.0
2025-06-26 13:50:00,3340.14,3341.94,3340.13,3341.71,198.0
2025-06-26 13:55:00,3341.77,3343.38,3340.81,3343.23,274.0
2025-06-26 14:00:00,3343.17,3344.03,3342.06,3342.21,281.0
2025-06-26 14:05:00,3342.18,3342.36,3341.61,3341.83,219.0
2025-06-26 14:10:00,3341.82,3342.07,3341.11,3341.52,218.0
2025-06-26 14:15:00,3341.26,3342.1,3340.38,3340.73,226.0
2025-06-26 14:20:00,3340.75,3341.4,3339.84,3340.7,285.0
2025-06-26 14:25:00,3340.76,3340.84,3339.12,3339.2,250.0
2025-06-26 14:30:00,3339.23,3339.84,3336.5,3336.66,267.0
2025-06-26 14:35:00,3336.64,3336.72,3334.6,3335.55,332.0
2025-06-26 14:40:00,3335.48,3335.48,3332.78,3333.85,333.0
2025-06-26 14:45:00,3333.84,3334.42,3332.0,3334.28,330.0
2025-06-26 14:50:00,3334.63,3335.89,3332.59,3333.19,336.0
2025-06-26 14:55:00,3333.2,3333.83,3331.56,3332.91,310.0
2025-06-26 15:00:00,3333.11,3335.59,3332.27,3335.19,366.0
2025-06-26 15:05:00,3335.25,3335.69,3334.12,3335.49,279.0
2025-06-26 15:10:00,3335.49,3337.1,3334.94,3335.02,273.0
2025-06-26 15:15:00,3335.06,3335.53,3334.36,3334.97,247.0
2025-06-26 15:20:00,3335.32,3338.58,3335.32,3336.76,300.0
2025-06-26 15:25:00,3336.89,3344.09,3336.81,3342.81,365.0
2025-06-26 15:30:00,3342.73,3343.39,3333.97,3334.07,413.0
2025-06-26 15:35:00,3334.0,3336.07,3330.96,3333.66,419.0
2025-06-26 15:40:00,3333.65,3335.34,3330.48,3334.12,367.0
2025-06-26 15:45:00,3334.22,3335.45,3328.7,3330.9,389.0
2025-06-26 15:50:00,3331.49,3331.65,3326.3,3326.7,392.0
2025-06-26 15:55:00,3326.82,3327.26,3321.73,3322.03,425.0
2025-06-26 16:00:00,3322.19,3324.96,3318.52,3322.62,441.0
2025-06-26 16:05:00,3322.56,3324.62,3317.68,3318.08,392.0
2025-06-26 16:10:00,3318.03,3320.45,3316.28,3319.58,415.0
2025-06-26 16:15:00,3319.53,3325.12,3318.3,3325.12,402.0
2025-06-26 16:20:00,3325.07,3325.44,3322.34,3323.35,368.0
2025-06-26 16:25:00,3323.63,3324.41,3318.77,3319.4,385.0
2025-06-26 16:30:00,3319.36,3321.43,3312.74,3313.46,445.0
2025-06-26 16:35:00,3313.74,3315.28,3309.99,3311.24,469.0
2025-06-26 16:40:00,3311.3,3321.41,3310.63,3321.41,465.0
2025-06-26 16:45:00,3321.38,3326.66,3319.88,3325.94,441.0
2025-06-26 16:50:00,3325.92,3328.7,3324.8,3328.11,418.0
2025-06-26 16:55:00,3328.12,3328.51,3319.88,3319.88,409.0
2025-06-26 17:00:00,3319.75,3321.71,3317.11,3318.75,456.0
2025-06-26 17:05:00,3318.41,3322.95,3317.97,3322.02,384.0
2025-06-26 17:10:00,3322.0,3322.76,3320.76,3322.31,375.0
2025-06-26 17:15:00,3322.37,3323.84,3319.5,3321.44,399.0
2025-06-26 17:20:00,3321.39,3321.39,3316.11,3316.3,402.0
2025-06-26 17:25:00,3316.41,3318.42,3313.19,3313.88,412.0
2025-06-26 17:30:00,3314.11,3315.5,3312.33,3313.95,424.0
2025-06-26 17:35:00,3313.97,3316.73,3311.97,3312.85,435.0
2025-06-26 17:40:00,3312.76,3320.23,3312.76,3319.24,436.0
2025-06-26 17:45:00,3319.3,3320.69,3317.18,3319.25,390.0
2025-06-26 17:50:00,3319.29,3320.34,3318.19,3318.52,396.0
2025-06-26 17:55:00,3318.36,3318.45,3316.87,3318.37,383.0
2025-06-26 18:00:00,3318.48,3322.0,3318.48,3321.04,401.0
2025-06-26 18:05:00,3321.1,3323.25,3320.66,3322.58,350.0
2025-06-26 18:10:00,3322.5,3323.53,3321.13,3323.2,319.0
2025-06-26 18:15:00,3323.13,3323.76,3322.1,3322.76,301.0
2025-06-26 18:20:00,3322.75,3323.28,3320.98,3322.25,303.0
2025-06-26 18:25:00,3322.26,3323.3,3321.26,3322.31,289.0
2025-06-26 18:30:00,3322.3,3323.48,3321.47,3322.44,324.0
2025-06-26 18:35:00,3322.41,3323.5,3320.97,3322.91,311.0
2025-06-26 18:40:00,3322.9,3323.25,3321.15,3322.97,294.0
2025-06-26 18:45:00,3323.0,3323.17,3321.3,3322.7,287.0
2025-06-26 18:50:00,3322.83,3324.85,3322.81,3324.13,309.0
2025-06-26 18:55:00,3324.25,3324.94,3324.1,3324.86,236.0
2025-06-26 19:00:00,3324.96,3325.06,3324.01,3324.88,254.0
2025-06-26 19:05:00,3324.9,3325.03,3323.84,3324.89,265.0
2025-06-26 19:10:00,3324.93,3326.57,3324.92,3325.77,294.0
2025-06-26 19:15:00,3325.65,3327.18,3325.63,3327.16,297.0
2025-06-26 19:20:00,3327.18,3329.84,3327.18,3329.83,338.0
2025-06-26 19:25:00,3330.12,3330.91,3329.31,3329.75,329.0
2025-06-26 19:30:00,3329.79,3331.73,3329.6,3331.06,304.0
2025-06-26 19:35:00,3331.08,3332.41,3331.04,3332.32,301.0
2025-06-26 19:40:00,3332.36,3332.55,3331.64,3331.89,300.0
2025-06-26 19:45:00,3331.84,3332.9,3330.56,3332.88,310.0
2025-06-26 19:50:00,3332.86,3333.26,3332.08,3332.51,289.0
2025-06-26 19:55:00,3332.53,3333.27,3331.22,3331.33,308.0
2025-06-26 20:00:00,3331.34,3333.25,3331.18,3333.01,298.0
2025-06-26 20:05:00,3333.02,3333.53,3331.68,3332.47,300.0
2025-06-26 20:10:00,3332.46,3333.09,3331.41,3332.57,251.0
2025-06-26 20:15:00,3332.49,3333.53,3332.4,3333.05,272.0
2025-06-26 20:20:00,3333.06,3335.61,3332.66,3334.64,307.0
2025-06-26 20:25:00,3334.73,3334.97,3333.14,3334.59,299.0
2025-06-26 20:30:00,3334.63,3334.79,3333.35,3333.7,285.0
2025-06-26 20:35:00,3333.6,3334.52,3333.09,3334.3,255.0
2025-06-26 20:40:00,3334.35,3335.35,3334.11,3334.93,252.0
2025-06-26 20:45:00,3334.94,3335.94,3334.53,3335.8,238.0
2025-06-26 20:50:00,3335.78,3336.39,3334.03,3334.09,274.0
2025-06-26 20:55:00,3333.98,3334.55,3332.27,3332.8,309.0
2025-06-26 21:00:00,3332.71,3333.48,3331.29,3333.46,280.0
2025-06-26 21:05:00,3333.46,3334.37,3332.93,3333.36,284.0
2025-06-26 21:10:00,3333.32,3334.85,3333.32,3334.06,256.0
2025-06-26 21:15:00,3334.05,3334.05,3332.41,3332.78,248.0
2025-06-26 21:20:00,3332.76,3333.7,3332.74,3333.44,227.0
2025-06-26 21:25:00,3333.43,3333.92,3332.49,3332.54,265.0
2025-06-26 21:30:00,3332.72,3333.29,3332.33,3333.29,216.0
2025-06-26 21:35:00,3333.27,3333.79,3332.4,3333.68,234.0
2025-06-26 21:40:00,3333.69,3333.86,3332.91,3333.22,209.0
2025-06-26 21:45:00,3333.19,3334.8,3332.99,3334.63,223.0
2025-06-26 21:50:00,3334.65,3334.65,3333.89,3334.06,231.0
2025-06-26 21:55:00,3334.09,3334.51,3333.84,3334.06,228.0
2025-06-26 22:00:00,3334.1,3334.3,3333.5,3333.5,204.0
2025-06-26 22:05:00,3333.53,3333.65,3331.05,3331.16,254.0
2025-06-26 22:10:00,3331.17,3331.32,3330.06,3330.06,247.0
2025-06-26 22:15:00,3330.11,3330.29,3328.34,3328.53,257.0
2025-06-26 22:20:00,3328.47,3330.35,3328.46,3329.61,252.0
2025-06-26 22:25:00,3329.62,3331.04,3329.2,3330.94,237.0
2025-06-26 22:30:00,3331.0,3331.55,3330.37,3330.76,228.0
2025-06-26 22:35:00,3330.8,3331.42,3330.59,3331.08,236.0
2025-06-26 22:40:00,3331.11,3331.51,3330.45,3330.45,243.0
2025-06-26 22:45:00,3330.61,3330.76,3329.48,3329.7,242.0
2025-06-26 22:50:00,3329.82,3330.36,3329.18,3330.09,258.0
2025-06-26 22:55:00,3330.18,3331.48,3329.72,3331.21,289.0
2025-06-26 23:00:00,3331.33,3332.31,3331.26,3332.05,197.0
2025-06-26 23:05:00,3332.03,3332.03,3330.43,3330.57,162.0
2025-06-26 23:10:00,3330.69,3331.76,3330.52,3331.76,134.0
2025-06-26 23:15:00,3331.84,3331.88,3330.69,3330.69,114.0
2025-06-26 23:20:00,3330.65,3330.81,3329.13,3329.38,125.0
2025-06-26 23:25:00,3329.54,3330.66,3329.42,3330.66,89.0
2025-06-26 23:30:00,3330.67,3331.0,3329.5,3330.28,115.0
2025-06-26 23:35:00,3330.29,3330.58,3330.08,3330.36,92.0
2025-06-26 23:40:00,3330.3,3330.38,3329.32,3329.45,100.0
2025-06-26 23:45:00,3329.51,3330.2,3329.09,3330.19,135.0
2025-06-26 23:50:00,3329.83,3330.08,3328.32,3328.63,143.0
2025-06-26 23:55:00,3328.59,3328.72,3327.67,3327.76,144.0
2025-06-27 01:00:00,3327.61,3327.96,3323.95,3325.34,334.0
2025-06-27 01:05:00,3325.34,3325.34,3322.64,3323.38,174.0
2025-06-27 01:10:00,3323.93,3324.95,3323.31,3324.29,143.0
2025-06-27 01:15:00,3324.31,3324.32,3321.28,3322.61,157.0
2025-06-27 01:20:00,3322.64,3322.72,3321.3,3321.93,119.0
2025-06-27 01:25:00,3321.94,3323.44,3321.24,3322.65,138.0
2025-06-27 01:30:00,3322.67,3323.91,3322.41,3322.65,158.0
2025-06-27 01:35:00,3322.66,3323.07,3321.99,3322.03,148.0
2025-06-27 01:40:00,3322.02,3322.03,3319.62,3319.83,155.0
2025-06-27 01:45:00,3319.87,3320.73,3318.8,3320.73,220.0
2025-06-27 01:50:00,3320.77,3322.3,3320.76,3322.23,161.0
2025-06-27 01:55:00,3322.25,3322.5,3320.74,3321.51,138.0
2025-06-27 02:00:00,3321.44,3323.67,3321.25,3321.7,166.0
2025-06-27 02:05:00,3321.97,3323.36,3321.96,3323.25,152.0
2025-06-27 02:10:00,3323.24,3323.37,3322.23,3323.09,133.0
2025-06-27 02:15:00,3323.02,3323.52,3321.91,3322.5,159.0
2025-06-27 02:20:00,3322.48,3323.15,3321.82,3322.99,127.0
2025-06-27 02:25:00,3322.98,3323.08,3321.23,3321.5,139.0
2025-06-27 02:30:00,3321.59,3321.91,3318.43,3318.81,205.0
2025-06-27 02:35:00,3318.62,3319.79,3318.13,3319.3,239.0
2025-06-27 02:40:00,3319.3,3319.77,3318.76,3319.55,176.0
2025-06-27 02:45:00,3319.51,3320.94,3319.44,3320.29,207.0
2025-06-27 02:50:00,3320.3,3320.33,3317.65,3317.9,196.0
2025-06-27 02:55:00,3317.87,3318.77,3316.29,3318.77,248.0
2025-06-27 03:00:00,3318.72,3319.93,3315.37,3316.47,335.0
2025-06-27 03:05:00,3316.54,3317.45,3315.0,3317.38,284.0
2025-06-27 03:10:00,3317.37,3318.48,3316.75,3316.8,245.0
2025-06-27 03:15:00,3316.85,3316.85,3315.25,3316.35,253.0
2025-06-27 03:20:00,3316.33,3316.33,3313.77,3314.28,308.0
2025-06-27 03:25:00,3314.28,3315.13,3313.73,3315.07,283.0
2025-06-27 03:30:00,3315.08,3315.67,3314.26,3314.34,236.0
2025-06-27 03:35:00,3314.33,3315.12,3313.25,3313.83,261.0
2025-06-27 03:40:00,3313.81,3315.47,3313.81,3315.04,222.0
2025-06-27 03:45:00,3315.03,3315.14,3314.34,3314.82,205.0
2025-06-27 03:50:00,3314.8,3317.31,3314.03,3317.31,286.0
2025-06-27 03:55:00,3317.74,3318.69,3316.96,3318.61,325.0
2025-06-27 04:00:00,3318.82,3320.07,3316.94,3319.15,366.0
2025-06-27 04:05:00,3319.16,3319.47,3316.28,3316.84,325.0
2025-06-27 04:10:00,3316.93,3318.0,3315.89,3316.53,286.0
2025-06-27 04:15:00,3316.66,3319.22,3315.74,3316.0,276.0
2025-06-27 04:20:00,3316.01,3318.31,3314.99,3317.23,294.0
2025-06-27 04:25:00,3317.32,3321.23,3317.21,3321.18,333.0
2025-06-27 04:30:00,3321.23,3321.96,3319.59,3320.32,329.0
2025-06-27 04:35:00,3320.26,3320.55,3318.45,3318.58,284.0
2025-06-27 04:40:00,3318.58,3318.74,3316.06,3316.76,375.0
2025-06-27 04:45:00,3316.74,3316.83,3314.85,3316.27,341.0
2025-06-27 04:50:00,3316.16,3318.47,3316.12,3317.76,329.0
2025-06-27 04:55:00,3317.84,3318.56,3316.42,3316.46,326.0
2025-06-27 05:00:00,3316.45,3318.5,3314.62,3318.22,319.0
2025-06-27 05:05:00,3318.36,3320.21,3318.31,3319.97,297.0
2025-06-27 05:10:00,3319.96,3320.2,3317.76,3317.9,298.0
2025-06-27 05:15:00,3317.84,3319.31,3317.48,3319.22,243.0
2025-06-27 05:20:00,3319.21,3319.87,3316.27,3316.34,256.0
2025-06-27 05:25:00,3316.42,3316.85,3313.86,3313.96,278.0
2025-06-27 05:30:00,3313.8,3314.09,3312.05,3313.32,350.0
2025-06-27 05:35:00,3313.29,3313.33,3311.07,3311.7,330.0
2025-06-27 05:40:00,3311.68,3312.76,3310.96,3311.77,318.0
2025-06-27 05:45:00,3311.75,3311.9,3308.99,3311.0,328.0
2025-06-27 05:50:00,3311.04,3312.18,3310.05,3310.99,311.0
2025-06-27 05:55:00,3310.94,3311.77,3308.57,3308.84,313.0
2025-06-27 06:00:00,3308.82,3310.87,3308.48,3309.48,337.0
2025-06-27 06:05:00,3309.44,3309.72,3305.58,3307.13,345.0
2025-06-27 06:10:00,3307.24,3307.37,3304.56,3304.95,346.0
2025-06-27 06:15:00,3304.94,3304.94,3300.79,3301.22,411.0
2025-06-27 06:20:00,3301.04,3302.23,3299.58,3299.83,373.0
2025-06-27 06:25:00,3299.79,3303.24,3299.53,3302.43,377.0
2025-06-27 06:30:00,3302.43,3303.66,3301.66,3302.4,303.0
2025-06-27 06:35:00,3302.28,3302.68,3300.04,3300.25,242.0
2025-06-27 06:40:00,3300.35,3300.55,3298.25,3299.03,293.0
2025-06-27 06:45:00,3298.98,3298.98,3296.37,3297.08,343.0
2025-06-27 06:50:00,3297.07,3297.07,3294.95,3296.25,361.0
2025-06-27 06:55:00,3296.23,3296.46,3292.65,3294.34,332.0
2025-06-27 07:00:00,3294.33,3294.45,3291.16,3293.6,345.0
2025-06-27 07:05:00,3293.64,3294.31,3291.5,3293.76,321.0
2025-06-27 07:10:00,3293.76,3294.67,3293.08,3293.49,269.0
2025-06-27 07:15:00,3293.45,3295.19,3293.21,3293.92,253.0
2025-06-27 07:20:00,3293.93,3294.89,3292.84,3294.88,280.0
2025-06-27 07:25:00,3294.9,3295.28,3293.8,3294.08,242.0
2025-06-27 07:30:00,3294.07,3295.06,3293.5,3293.85,250.0
2025-06-27 07:35:00,3293.95,3296.63,3293.15,3296.52,300.0
2025-06-27 07:40:00,3296.45,3297.37,3295.58,3296.13,271.0
2025-06-27 07:45:00,3296.14,3297.2,3295.74,3295.75,246.0
2025-06-27 07:50:00,3295.72,3296.51,3294.28,3295.61,259.0
2025-06-27 07:55:00,3295.33,3295.5,3293.13,3293.97,249.0
2025-06-27 08:00:00,3293.95,3296.28,3293.82,3295.31,239.0
2025-06-27 08:05:00,3295.21,3295.56,3293.12,3293.14,252.0
2025-06-27 08:10:00,3293.13,3293.73,3289.31,3293.73,342.0
2025-06-27 08:15:00,3293.87,3299.45,3293.17,3296.79,372.0
2025-06-27 08:20:00,3296.66,3297.26,3294.25,3295.74,341.0
2025-06-27 08:25:00,3295.29,3298.11,3295.25,3298.06,288.0
2025-06-27 08:30:00,3298.33,3298.71,3295.12,3298.53,369.0
2025-06-27 08:35:00,3298.58,3299.42,3297.06,3298.66,298.0
2025-06-27 08:40:00,3298.89,3300.75,3298.42,3300.73,320.0
2025-06-27 08:45:00,3300.69,3300.92,3296.67,3297.09,319.0
2025-06-27 08:50:00,3297.12,3299.96,3296.78,3298.15,339.0
2025-06-27 08:55:00,3298.06,3298.06,3296.14,3297.17,291.0
2025-06-27 09:00:00,3297.08,3299.91,3293.71,3298.85,350.0
2025-06-27 09:05:00,3298.84,3298.85,3292.89,3293.05,362.0
2025-06-27 09:10:00,3292.93,3295.13,3292.75,3294.71,363.0
2025-06-27 09:15:00,3294.77,3296.62,3293.63,3295.42,329.0
2025-06-27 09:20:00,3295.5,3297.04,3293.6,3295.86,320.0
2025-06-27 09:25:00,3295.85,3296.44,3292.95,3294.61,298.0
2025-06-27 09:30:00,3294.52,3295.21,3291.71,3292.28,318.0
2025-06-27 09:35:00,3292.24,3292.65,3286.99,3287.61,378.0
2025-06-27 09:40:00,3287.56,3291.7,3286.86,3288.31,439.0
2025-06-27 09:45:00,3288.32,3290.51,3287.64,3289.8,360.0
2025-06-27 09:50:00,3289.87,3292.74,3289.62,3291.52,355.0
2025-06-27 09:55:00,3291.48,3295.8,3290.94,3294.93,343.0
2025-06-27 10:00:00,3295.33,3295.33,3291.49,3291.49,305.0
2025-06-27 10:05:00,3291.46,3291.68,3287.81,3288.17,357.0
2025-06-27 10:10:00,3288.05,3288.32,3286.92,3287.44,317.0
2025-06-27 10:15:00,3287.44,3288.0,3286.67,3286.68,286.0
2025-06-27 10:20:00,3286.73,3288.46,3283.84,3284.34,387.0
2025-06-27 10:25:00,3284.24,3289.7,3283.76,3289.15,384.0
2025-06-27 10:30:00,3289.31,3289.99,3287.59,3288.13,315.0
2025-06-27 10:35:00,3287.47,3289.18,3285.74,3286.36,314.0
2025-06-27 10:40:00,3286.02,3288.28,3285.1,3287.49,345.0
2025-06-27 10:45:00,3287.41,3287.64,3285.21,3286.85,335.0
2025-06-27 10:50:00,3286.91,3287.81,3286.12,3286.9,294.0
2025-06-27 10:55:00,3286.88,3287.17,3284.44,3284.51,319.0
2025-06-27 11:00:00,3285.13,3287.02,3284.71,3285.85,344.0
2025-06-27 11:05:00,3285.86,3287.85,3285.53,3287.23,311.0
2025-06-27 11:10:00,3287.16,3287.22,3282.45,3283.76,349.0
2025-06-27 11:15:00,3283.68,3287.39,3283.68,3285.98,346.0
2025-06-27 11:20:00,3285.96,3286.05,3281.92,3284.49,334.0
2025-06-27 11:25:00,3284.6,3285.15,3282.6,3283.31,338.0
2025-06-27 11:30:00,3283.4,3284.88,3283.02,3284.31,317.0
2025-06-27 11:35:00,3284.35,3284.83,3283.17,3284.17,269.0
2025-06-27 11:40:00,3284.22,3288.0,3284.14,3287.64,308.0
2025-06-27 11:45:00,3287.72,3290.15,3287.72,3289.88,347.0
2025-06-27 11:50:00,3290.02,3290.86,3288.5,3289.36,372.0
2025-06-27 11:55:00,3289.35,3291.03,3289.08,3289.51,274.0
2025-06-27 12:00:00,3289.34,3289.8,3287.97,3287.97,269.0
2025-06-27 12:05:00,3288.02,3289.42,3287.16,3288.37,321.0
2025-06-27 12:10:00,3288.82,3289.56,3285.51,3285.51,324.0
2025-06-27 12:15:00,3285.43,3287.5,3284.16,3287.18,388.0
2025-06-27 12:20:00,3287.19,3287.9,3285.36,3286.42,302.0
2025-06-27 12:25:00,3286.37,3288.36,3284.86,3285.6,310.0
2025-06-27 12:30:00,3285.65,3287.13,3285.07,3286.81,302.0
2025-06-27 12:35:00,3286.85,3288.87,3286.28,3287.49,310.0
2025-06-27 12:40:00,3287.68,3289.43,3287.1,3287.18,299.0
2025-06-27 12:45:00,3287.17,3287.92,3286.55,3287.49,279.0
2025-06-27 12:50:00,3287.23,3288.02,3285.31,3285.39,318.0
2025-06-27 12:55:00,3285.52,3285.57,3282.12,3282.77,353.0
2025-06-27 13:00:00,3282.77,3285.92,3282.56,3285.54,297.0
2025-06-27 13:05:00,3285.5,3290.21,3285.5,3289.43,317.0
2025-06-27 13:10:00,3289.53,3290.37,3288.43,3288.56,344.0
2025-06-27 13:15:00,3288.59,3290.54,3288.22,3290.32,300.0
2025-06-27 13:20:00,3290.34,3290.91,3286.61,3286.73,330.0
2025-06-27 13:25:00,3286.71,3288.61,3286.34,3287.36,322.0
2025-06-27 13:30:00,3287.35,3287.7,3286.57,3286.88,276.0
2025-06-27 13:35:00,3286.89,3287.53,3286.38,3287.04,260.0
2025-06-27 13:40:00,3287.03,3287.24,3283.42,3284.87,297.0
2025-06-27 13:45:00,3284.91,3285.25,3283.14,3283.19,271.0
2025-06-27 13:50:00,3283.16,3283.49,3279.78,3281.92,347.0
2025-06-27 13:55:00,3282.03,3285.97,3281.94,3285.55,339.0
2025-06-27 14:00:00,3285.81,3287.86,3285.45,3287.86,363.0
2025-06-27 14:05:00,3287.91,3287.92,3284.02,3284.02,271.0
2025-06-27 14:10:00,3284.14,3285.35,3283.4,3284.04,252.0
2025-06-27 14:15:00,3284.07,3285.36,3283.89,3285.06,280.0
2025-06-27 14:20:00,3285.14,3285.7,3282.56,3283.08,300.0
2025-06-27 14:25:00,3283.12,3285.37,3283.05,3284.81,277.0
2025-06-27 14:30:00,3285.14,3285.14,3282.75,3282.81,280.0
2025-06-27 14:35:00,3282.78,3284.03,3279.17,3282.31,351.0
2025-06-27 14:40:00,3282.37,3282.8,3280.51,3281.34,311.0
2025-06-27 14:45:00,3281.1,3282.68,3279.77,3279.97,268.0
2025-06-27 14:50:00,3280.04,3280.19,3276.13,3279.6,365.0
2025-06-27 14:55:00,3279.62,3283.51,3279.46,3281.34,400.0
2025-06-27 15:00:00,3281.29,3282.28,3278.96,3279.55,393.0
2025-06-27 15:05:00,3279.95,3280.83,3274.09,3274.14,378.0
2025-06-27 15:10:00,3274.02,3278.04,3272.42,3275.75,416.0
2025-06-27 15:15:00,3275.94,3276.15,3272.99,3273.97,401.0
2025-06-27 15:20:00,3273.61,3279.85,3272.85,3279.49,400.0
2025-06-27 15:25:00,3279.47,3281.32,3278.2,3279.87,334.0
2025-06-27 15:30:00,3279.83,3280.86,3275.18,3276.82,450.0
2025-06-27 15:35:00,3276.84,3276.84,3271.3,3273.12,461.0
2025-06-27 15:40:00,3272.56,3275.11,3270.88,3271.11,430.0
2025-06-27 15:45:00,3271.15,3275.27,3270.01,3273.57,403.0
2025-06-27 15:50:00,3273.49,3276.18,3271.13,3271.31,413.0
2025-06-27 15:55:00,3271.3,3272.57,3269.58,3270.02,405.0
2025-06-27 16:00:00,3269.98,3270.6,3262.87,3263.83,471.0
2025-06-27 16:05:00,3263.71,3268.88,3262.81,3268.05,422.0
2025-06-27 16:10:00,3268.02,3268.02,3261.61,3262.79,413.0
2025-06-27 16:15:00,3262.61,3263.17,3260.42,3261.09,449.0
2025-06-27 16:20:00,3261.01,3263.73,3257.31,3258.66,430.0
2025-06-27 16:25:00,3258.59,3259.39,3256.29,3256.75,417.0
2025-06-27 16:30:00,3256.74,3263.18,3255.89,3261.32,462.0
2025-06-27 16:35:00,3261.75,3264.2,3258.98,3260.11,458.0
2025-06-27 16:40:00,3259.63,3265.36,3259.63,3265.36,449.0
2025-06-27 16:45:00,3265.54,3270.86,3264.09,3269.92,427.0
2025-06-27 16:50:00,3269.63,3274.36,3269.53,3273.83,435.0
2025-06-27 16:55:00,3273.86,3274.44,3271.75,3274.25,397.0
2025-06-27 17:00:00,3273.61,3275.42,3271.1,3273.97,418.0
2025-06-27 17:05:00,3273.74,3277.18,3272.85,3274.37,419.0
2025-06-27 17:10:00,3274.51,3275.03,3270.48,3270.5,390.0
2025-06-27 17:15:00,3270.13,3270.87,3265.91,3265.91,428.0
2025-06-27 17:20:00,3265.9,3269.64,3264.91,3269.45,418.0
2025-06-27 17:25:00,3269.57,3275.11,3269.34,3274.88,386.0
2025-06-27 17:30:00,3275.5,3277.91,3273.14,3273.14,421.0
2025-06-27 17:35:00,3272.78,3272.8,3265.95,3266.84,442.0
2025-06-27 17:40:00,3267.06,3269.49,3265.98,3267.85,415.0
2025-06-27 17:45:00,3268.04,3268.41,3263.67,3265.65,412.0
2025-06-27 17:50:00,3265.66,3269.22,3263.62,3264.8,394.0
2025-06-27 17:55:00,3265.02,3272.62,3263.9,3272.4,417.0
2025-06-27 18:00:00,3272.48,3275.44,3271.7,3273.35,405.0
2025-06-27 18:05:00,3273.36,3274.66,3271.56,3273.92,354.0
2025-06-27 18:10:00,3273.81,3275.01,3272.45,3272.67,334.0
2025-06-27 18:15:00,3272.66,3273.67,3272.11,3273.19,339.0
2025-06-27 18:20:00,3273.13,3274.42,3272.36,3273.22,332.0
2025-06-27 18:25:00,3273.16,3273.84,3271.57,3272.09,312.0
2025-06-27 18:30:00,3272.01,3274.34,3270.95,3273.26,345.0
2025-06-27 18:35:00,3272.93,3274.91,3271.93,3274.13,323.0
2025-06-27 18:40:00,3274.19,3277.12,3273.97,3276.94,341.0
2025-06-27 18:45:00,3277.09,3277.45,3274.99,3275.42,331.0
2025-06-27 18:50:00,3275.42,3275.42,3274.07,3275.13,286.0
2025-06-27 18:55:00,3275.09,3275.45,3274.16,3274.56,304.0
2025-06-27 19:00:00,3274.57,3276.16,3274.5,3275.2,297.0
2025-06-27 19:05:00,3275.13,3276.13,3274.29,3275.03,256.0
2025-06-27 19:10:00,3275.02,3277.44,3274.61,3276.85,296.0
2025-06-27 19:15:00,3276.84,3277.51,3275.65,3276.43,288.0
2025-06-27 19:20:00,3276.12,3277.44,3275.98,3276.66,278.0
2025-06-27 19:25:00,3276.73,3278.21,3276.64,3277.78,294.0
2025-06-27 19:30:00,3277.81,3278.51,3274.68,3274.82,306.0
2025-06-27 19:35:00,3274.78,3275.3,3273.39,3273.52,285.0
2025-06-27 19:40:00,3273.54,3274.92,3273.49,3274.81,254.0
2025-06-27 19:45:00,3274.79,3275.5,3273.87,3275.49,259.0
2025-06-27 19:50:00,3275.55,3277.27,3275.22,3276.72,245.0
2025-06-27 19:55:00,3276.65,3278.14,3275.96,3277.67,305.0
2025-06-27 20:00:00,3277.69,3277.73,3274.81,3275.05,298.0
2025-06-27 20:05:00,3274.97,3275.3,3274.32,3274.88,279.0
2025-06-27 20:10:00,3274.87,3276.41,3274.85,3276.18,272.0
2025-06-27 20:15:00,3276.2,3276.87,3276.2,3276.44,267.0
2025-06-27 20:20:00,3276.35,3276.72,3274.36,3274.42,280.0
2025-06-27 20:25:00,3274.43,3276.11,3274.01,3275.92,326.0
2025-06-27 20:30:00,3275.96,3276.24,3273.34,3273.36,283.0
2025-06-27 20:35:00,3273.47,3274.43,3272.85,3274.32,262.0
2025-06-27 20:40:00,3274.29,3274.3,3272.78,3273.18,287.0
2025-06-27 20:45:00,3273.19,3280.69,3272.77,3279.99,402.0
2025-06-27 20:50:00,3280.04,3282.76,3278.52,3278.65,381.0
2025-06-27 20:55:00,3278.64,3279.06,3276.97,3277.3,320.0
2025-06-27 21:00:00,3277.34,3278.32,3274.18,3274.61,358.0
2025-06-27 21:05:00,3274.66,3274.83,3272.44,3273.62,349.0
2025-06-27 21:10:00,3273.61,3274.94,3273.03,3274.48,304.0
2025-06-27 21:15:00,3274.47,3275.71,3273.93,3274.26,309.0
2025-06-27 21:20:00,3274.31,3274.77,3272.9,3273.53,293.0
2025-06-27 21:25:00,3273.46,3275.46,3273.24,3274.12,294.0
2025-06-27 21:30:00,3273.99,3274.14,3271.13,3271.21,317.0
2025-06-27 21:35:00,3271.27,3272.21,3270.78,3271.44,293.0
2025-06-27 21:40:00,3271.48,3271.6,3270.56,3270.91,285.0
2025-06-27 21:45:00,3270.85,3273.56,3270.83,3273.21,266.0
2025-06-27 21:50:00,3273.2,3276.29,3273.2,3275.81,288.0
2025-06-27 21:55:00,3275.82,3276.54,3275.02,3275.77,313.0
2025-06-27 22:00:00,3275.85,3276.47,3274.44,3274.63,303.0
2025-06-27 22:05:00,3274.75,3275.29,3273.06,3273.23,281.0
2025-06-27 22:10:00,3273.17,3273.7,3272.23,3273.25,236.0
2025-06-27 22:15:00,3273.3,3273.3,3270.06,3270.12,288.0
2025-06-27 22:20:00,3269.98,3271.12,3268.4,3270.52,299.0
2025-06-27 22:25:00,3270.62,3271.6,3270.44,3271.55,253.0
2025-06-27 22:30:00,3271.47,3272.14,3270.19,3270.32,266.0
2025-06-27 22:35:00,3270.25,3271.45,3269.89,3270.25,263.0
2025-06-27 22:40:00,3270.33,3271.08,3269.46,3270.48,268.0
2025-06-27 22:45:00,3270.56,3271.83,3269.78,3269.78,258.0
2025-06-27 22:50:00,3269.77,3271.54,3269.66,3271.13,309.0
2025-06-27 22:55:00,3271.29,3271.85,3270.57,3270.6,319.0
2025-06-27 23:00:00,3270.67,3271.76,3270.42,3271.59,186.0
2025-06-27 23:05:00,3271.63,3272.03,3271.42,3271.88,188.0
2025-06-27 23:10:00,3271.91,3273.63,3271.79,3273.54,199.0
2025-06-27 23:15:00,3273.55,3275.48,3273.54,3274.64,176.0
2025-06-27 23:20:00,3274.65,3274.86,3273.1,3273.33,168.0
2025-06-27 23:25:00,3273.31,3273.73,3272.36,3273.57,155.0
2025-06-27 23:30:00,3273.73,3274.02,3273.24,3273.32,120.0
2025-06-27 23:35:00,3273.28,3273.73,3273.07,3273.49,131.0
2025-06-27 23:40:00,3273.47,3273.8,3273.12,3273.47,128.0
2025-06-27 23:45:00,3273.32,3274.8,3273.32,3274.63,144.0
2025-06-27 23:50:00,3274.85,3275.06,3273.84,3274.44,177.0
2025-06-27 23:55:00,3275.2,3275.66,3274.69,3274.96,54.0
2025-06-30 01:00:00,3275.5,3281.68,3270.82,3272.4,564.0
2025-06-30 01:05:00,3273.17,3274.3,3270.87,3270.91,215.0
2025-06-30 01:10:00,3270.97,3271.54,3264.54,3265.77,343.0
2025-06-30 01:15:00,3265.77,3265.99,3260.52,3261.23,293.0
2025-06-30 01:20:00,3261.24,3261.53,3254.68,3255.9,354.0
2025-06-30 01:25:00,3255.74,3257.15,3248.48,3249.37,436.0
2025-06-30 01:30:00,3249.99,3258.12,3249.28,3257.84,362.0
2025-06-30 01:35:00,3257.72,3262.15,3257.65,3261.7,325.0
2025-06-30 01:40:00,3261.71,3264.98,3261.41,3264.01,305.0
2025-06-30 01:45:00,3263.98,3265.67,3263.02,3265.09,261.0
2025-06-30 01:50:00,3264.88,3265.23,3262.38,3262.96,255.0
2025-06-30 01:55:00,3263.11,3264.54,3261.96,3263.75,256.0
2025-06-30 02:00:00,3263.77,3270.7,3263.77,3270.28,354.0
2025-06-30 02:05:00,3270.2,3270.87,3268.05,3269.6,309.0
2025-06-30 02:10:00,3269.62,3270.42,3267.48,3267.59,285.0
2025-06-30 02:15:00,3267.71,3269.84,3267.53,3268.54,247.0
2025-06-30 02:20:00,3268.53,3270.05,3268.14,3268.55,218.0
2025-06-30 02:25:00,3268.56,3269.04,3267.94,3268.38,167.0
2025-06-30 02:30:00,3268.4,3270.11,3267.11,3269.52,237.0
2025-06-30 02:35:00,3269.45,3269.45,3266.88,3267.29,237.0
2025-06-30 02:40:00,3267.3,3268.79,3266.63,3266.89,257.0
2025-06-30 02:45:00,3266.91,3268.66,3265.15,3266.83,249.0
2025-06-30 02:50:00,3266.76,3268.26,3264.52,3267.63,227.0
2025-06-30 02:55:00,3267.74,3267.79,3262.87,3263.9,291.0
2025-06-30 03:00:00,3263.59,3266.56,3263.15,3266.13,310.0
2025-06-30 03:05:00,3266.23,3267.2,3264.75,3266.08,262.0
2025-06-30 03:10:00,3266.09,3268.22,3265.79,3267.72,238.0
2025-06-30 03:15:00,3267.56,3269.19,3266.43,3269.18,290.0
2025-06-30 03:20:00,3269.16,3269.75,3267.44,3268.48,247.0
2025-06-30 03:25:00,3268.52,3268.97,3267.91,3268.4,220.0
2025-06-30 03:30:00,3268.39,3268.93,3266.23,3266.38,264.0
2025-06-30 03:35:00,3266.42,3266.42,3262.68,3263.63,254.0
2025-06-30 03:40:00,3263.6,3265.7,3263.32,3264.88,295.0
2025-06-30 03:45:00,3264.82,3266.57,3263.67,3266.36,263.0
2025-06-30 03:50:00,3266.37,3266.74,3263.78,3264.29,264.0
2025-06-30 03:55:00,3264.31,3265.41,3263.87,3264.59,293.0
2025-06-30 04:00:00,3264.73,3267.44,3260.88,3261.03,400.0
2025-06-30 04:05:00,3261.4,3265.12,3259.54,3264.57,430.0
2025-06-30 04:10:00,3264.5,3268.48,3263.98,3267.82,376.0
2025-06-30 04:15:00,3267.83,3272.85,3267.83,3271.86,352.0
2025-06-30 04:20:00,3271.83,3274.04,3271.81,3272.66,352.0
2025-06-30 04:25:00,3272.65,3275.89,3271.92,3275.2,318.0
2025-06-30 04:30:00,3275.21,3275.95,3272.7,3273.27,316.0
2025-06-30 04:35:00,3273.28,3273.58,3271.1,3272.46,303.0
2025-06-30 04:40:00,3272.41,3274.34,3271.82,3271.86,301.0
2025-06-30 04:45:00,3271.88,3274.64,3271.74,3274.62,319.0
2025-06-30 04:50:00,3274.63,3275.17,3272.31,3273.72,302.0
2025-06-30 04:55:00,3273.7,3274.24,3272.42,3273.9,298.0
2025-06-30 05:00:00,3274.01,3280.6,3273.82,3277.92,378.0
2025-06-30 05:05:00,3278.24,3282.47,3277.18,3281.35,358.0
2025-06-30 05:10:00,3281.44,3281.6,3279.11,3279.92,320.0
2025-06-30 05:15:00,3280.04,3282.56,3279.8,3281.3,279.0
2025-06-30 05:20:00,3281.36,3282.27,3280.3,3281.18,260.0
2025-06-30 05:25:00,3281.17,3281.17,3279.32,3280.39,235.0
2025-06-30 05:30:00,3280.4,3283.26,3280.32,3282.9,318.0
2025-06-30 05:35:00,3282.82,3283.06,3279.01,3279.01,288.0
2025-06-30 05:40:00,3278.93,3279.4,3277.52,3278.58,270.0
2025-06-30 05:45:00,3278.21,3280.06,3277.34,3280.05,266.0
2025-06-30 05:50:00,3279.97,3280.93,3278.95,3279.07,260.0
2025-06-30 05:55:00,3279.3,3280.63,3279.14,3280.24,236.0
2025-06-30 06:00:00,3280.02,3281.24,3279.24,3280.27,261.0
2025-06-30 06:05:00,3280.29,3281.12,3279.54,3280.6,222.0
2025-06-30 06:10:00,3280.57,3280.92,3279.39,3280.68,254.0
2025-06-30 06:15:00,3280.75,3281.57,3278.24,3279.3,276.0
2025-06-30 06:20:00,3279.35,3281.56,3279.35,3281.28,274.0
2025-06-30 06:25:00,3281.26,3282.69,3279.01,3279.01,278.0
2025-06-30 06:30:00,3279.0,3280.49,3278.65,3279.69,214.0
2025-06-30 06:35:00,3279.64,3279.94,3278.56,3278.68,207.0
2025-06-30 06:40:00,3278.62,3279.59,3278.49,3278.97,200.0
2025-06-30 06:45:00,3278.96,3281.0,3278.96,3280.84,218.0
2025-06-30 06:50:00,3281.06,3281.1,3279.6,3279.69,230.0
2025-06-30 06:55:00,3279.52,3279.63,3277.97,3278.97,222.0
2025-06-30 07:00:00,3279.06,3281.31,3278.59,3280.83,207.0
2025-06-30 07:05:00,3280.84,3281.33,3279.89,3280.57,249.0
2025-06-30 07:10:00,3280.55,3281.46,3280.13,3280.53,190.0
2025-06-30 07:15:00,3280.45,3280.89,3278.54,3278.63,222.0
2025-06-30 07:20:00,3278.61,3278.69,3277.37,3277.5,234.0
2025-06-30 07:25:00,3277.54,3278.42,3276.95,3278.11,210.0
2025-06-30 07:30:00,3278.12,3279.31,3278.09,3278.11,163.0
2025-06-30 07:35:00,3278.12,3280.42,3278.12,3279.97,168.0
2025-06-30 07:40:00,3280.03,3280.74,3279.67,3279.99,142.0
2025-06-30 07:45:00,3280.16,3281.72,3280.01,3281.34,152.0
2025-06-30 07:50:00,3281.33,3286.27,3281.33,3285.69,330.0
2025-06-30 07:55:00,3285.77,3286.29,3284.69,3285.82,225.0
2025-06-30 08:00:00,3285.59,3286.46,3284.72,3285.69,293.0
2025-06-30 08:05:00,3286.08,3287.15,3285.85,3286.7,258.0
2025-06-30 08:10:00,3286.68,3287.02,3285.82,3286.41,207.0
2025-06-30 08:15:00,3286.49,3288.57,3285.92,3288.18,247.0
2025-06-30 08:20:00,3288.28,3288.68,3287.39,3288.66,241.0
2025-06-30 08:25:00,3288.64,3288.88,3287.53,3288.07,249.0
2025-06-30 08:30:00,3288.13,3289.7,3287.1,3289.12,318.0
2025-06-30 08:35:00,3289.31,3289.59,3286.82,3287.42,275.0
2025-06-30 08:40:00,3287.31,3287.8,3286.3,3287.65,272.0
2025-06-30 08:45:00,3287.71,3289.78,3287.5,3289.17,242.0
2025-06-30 08:50:00,3289.13,3291.23,3288.99,3291.23,268.0
2025-06-30 08:55:00,3291.14,3291.32,3288.88,3288.92,282.0
2025-06-30 09:00:00,3289.22,3291.42,3289.07,3290.05,275.0
2025-06-30 09:05:00,3290.07,3291.21,3289.22,3290.18,285.0
2025-06-30 09:10:00,3290.16,3290.63,3289.67,3290.16,261.0
2025-06-30 09:15:00,3290.07,3290.62,3287.89,3289.99,301.0
2025-06-30 09:20:00,3290.15,3291.64,3288.86,3290.51,297.0
2025-06-30 09:25:00,3290.48,3290.8,3289.99,3290.7,260.0
2025-06-30 09:30:00,3290.62,3293.75,3289.37,3293.45,330.0
2025-06-30 09:35:00,3293.51,3295.01,3293.45,3294.59,314.0
2025-06-30 09:40:00,3294.6,3295.51,3294.26,3295.3,298.0
2025-06-30 09:45:00,3295.21,3295.37,3292.14,3292.63,317.0
2025-06-30 09:50:00,3292.65,3293.41,3290.97,3292.94,324.0
2025-06-30 09:55:00,3292.7,3292.7,3291.16,3291.94,273.0
2025-06-30 10:00:00,3292.04,3293.59,3291.14,3293.3,307.0
2025-06-30 10:05:00,3293.16,3294.75,3292.81,3293.52,295.0
2025-06-30 10:10:00,3293.55,3295.52,3293.12,3294.82,272.0
2025-06-30 10:15:00,3294.8,3295.52,3294.03,3295.04,250.0
2025-06-30 10:20:00,3295.06,3296.49,3294.3,3296.13,273.0
2025-06-30 10:25:00,3296.12,3296.79,3293.79,3295.19,318.0
2025-06-30 10:30:00,3295.14,3295.43,3293.26,3294.86,295.0
2025-06-30 10:35:00,3294.82,3296.12,3294.43,3296.07,234.0
2025-06-30 10:40:00,3296.09,3296.09,3293.92,3293.96,242.0
2025-06-30 10:45:00,3293.9,3295.2,3293.55,3295.12,253.0
2025-06-30 10:50:00,3295.03,3296.41,3293.37,3293.37,314.0
2025-06-30 10:55:00,3293.33,3293.46,3290.74,3292.89,330.0
2025-06-30 11:00:00,3292.84,3296.4,3292.77,3296.05,336.0
2025-06-30 11:05:00,3296.06,3296.43,3294.83,3295.76,283.0
2025-06-30 11:10:00,3295.76,3296.51,3293.17,3294.43,304.0
2025-06-30 11:15:00,3294.25,3294.74,3292.58,3293.58,275.0
2025-06-30 11:20:00,3293.63,3294.52,3293.21,3293.79,234.0
2025-06-30 11:25:00,3293.71,3293.79,3291.17,3293.05,253.0
2025-06-30 11:30:00,3293.1,3293.45,3292.37,3292.49,211.0
2025-06-30 11:35:00,3292.55,3292.55,3289.25,3289.25,302.0
2025-06-30 11:40:00,3289.26,3290.47,3288.47,3289.64,273.0
2025-06-30 11:45:00,3289.62,3291.5,3288.74,3288.79,263.0
2025-06-30 11:50:00,3288.84,3290.65,3288.26,3290.28,277.0
2025-06-30 11:55:00,3290.26,3290.55,3288.88,3289.14,268.0
2025-06-30 12:00:00,3289.03,3289.03,3286.81,3287.24,287.0
2025-06-30 12:05:00,3287.05,3287.08,3281.4,3281.59,368.0
2025-06-30 12:10:00,3281.65,3283.77,3281.43,3282.86,313.0
2025-06-30 12:15:00,3282.94,3283.56,3282.05,3282.88,258.0
2025-06-30 12:20:00,3282.88,3286.69,3282.88,3286.43,304.0
2025-06-30 12:25:00,3286.58,3286.86,3284.34,3284.43,272.0
2025-06-30 12:30:00,3284.36,3285.14,3277.43,3279.29,376.0
2025-06-30 12:35:00,3279.53,3283.88,3278.74,3283.88,330.0
2025-06-30 12:40:00,3283.88,3286.52,3283.88,3285.5,325.0
2025-06-30 12:45:00,3285.36,3287.15,3284.58,3287.11,275.0
2025-06-30 12:50:00,3287.09,3287.32,3286.44,3286.94,243.0
2025-06-30 12:55:00,3286.74,3287.92,3285.82,3287.85,236.0
2025-06-30 13:00:00,3287.87,3288.77,3287.39,3287.83,262.0
2025-06-30 13:05:00,3287.8,3287.8,3285.75,3286.07,252.0
2025-06-30 13:10:00,3286.08,3287.33,3285.56,3286.99,204.0
2025-06-30 13:15:00,3286.9,3287.52,3286.09,3286.67,236.0
2025-06-30 13:20:00,3286.63,3286.75,3285.87,3286.2,189.0
2025-06-30 13:25:00,3286.21,3286.46,3284.65,3286.02,258.0
2025-06-30 13:30:00,3286.03,3286.74,3285.96,3286.57,214.0
2025-06-30 13:35:00,3286.39,3286.39,3284.14,3284.92,228.0
2025-06-30 13:40:00,3284.9,3285.45,3282.75,3282.93,245.0
2025-06-30 13:45:00,3283.0,3283.24,3282.46,3282.65,259.0
2025-06-30 13:50:00,3282.67,3284.27,3282.65,3283.27,244.0
2025-06-30 13:55:00,3283.26,3283.66,3282.63,3283.5,242.0
2025-06-30 14:00:00,3283.33,3283.72,3281.87,3282.06,250.0
2025-06-30 14:05:00,3282.08,3282.09,3279.71,3279.74,269.0
2025-06-30 14:10:00,3279.57,3281.5,3279.55,3280.5,251.0
2025-06-30 14:15:00,3280.53,3281.4,3278.86,3279.08,275.0
2025-06-30 14:20:00,3278.96,3279.47,3274.98,3275.44,327.0
2025-06-30 14:25:00,3275.42,3276.45,3274.76,3275.91,274.0
2025-06-30 14:30:00,3275.93,3278.07,3274.64,3277.73,300.0
2025-06-30 14:35:00,3277.62,3279.68,3277.31,3278.65,295.0
2025-06-30 14:40:00,3278.63,3279.42,3278.02,3278.96,263.0
2025-06-30 14:45:00,3278.94,3279.19,3276.95,3278.38,269.0
2025-06-30 14:50:00,3278.24,3280.12,3278.24,3279.43,271.0
2025-06-30 14:55:00,3279.4,3280.16,3277.44,3277.88,253.0
2025-06-30 15:00:00,3278.13,3282.25,3278.13,3281.92,296.0
2025-06-30 15:05:00,3281.83,3282.23,3280.58,3281.43,279.0
2025-06-30 15:10:00,3281.46,3282.36,3281.09,3281.09,269.0
2025-06-30 15:15:00,3281.12,3282.84,3281.03,3282.23,240.0
2025-06-30 15:20:00,3282.26,3287.18,3281.46,3285.33,358.0
2025-06-30 15:25:00,3284.97,3285.09,3283.45,3284.33,328.0
2025-06-30 15:30:00,3284.29,3286.91,3281.69,3286.71,335.0
2025-06-30 15:35:00,3286.7,3288.27,3286.32,3288.27,315.0
2025-06-30 15:40:00,3288.42,3288.76,3287.42,3288.42,262.0
2025-06-30 15:45:00,3288.39,3288.9,3287.22,3287.79,284.0
2025-06-30 15:50:00,3287.75,3287.81,3283.53,3283.89,340.0
2025-06-30 15:55:00,3283.88,3284.47,3281.44,3281.95,327.0
2025-06-30 16:00:00,3281.95,3284.11,3280.74,3283.9,374.0
2025-06-30 16:05:00,3283.93,3285.02,3282.71,3284.87,300.0
2025-06-30 16:10:00,3284.85,3284.97,3280.39,3280.6,362.0
2025-06-30 16:15:00,3280.49,3282.16,3279.92,3282.07,356.0
2025-06-30 16:20:00,3282.07,3282.35,3279.42,3280.31,363.0
2025-06-30 16:25:00,3280.4,3283.12,3278.79,3283.0,321.0
2025-06-30 16:30:00,3282.81,3283.68,3281.46,3282.19,375.0
2025-06-30 16:35:00,3282.18,3282.2,3278.01,3279.43,374.0
2025-06-30 16:40:00,3279.51,3283.26,3279.44,3283.23,297.0
2025-06-30 16:45:00,3282.93,3285.08,3282.9,3284.96,359.0
2025-06-30 16:50:00,3284.94,3287.06,3283.58,3285.87,393.0
2025-06-30 16:55:00,3285.84,3286.48,3284.69,3284.8,331.0
2025-06-30 17:00:00,3285.14,3288.41,3284.59,3287.99,390.0
2025-06-30 17:05:00,3288.04,3288.62,3284.33,3285.87,372.0
2025-06-30 17:10:00,3286.01,3286.2,3281.95,3282.31,350.0
2025-06-30 17:15:00,3282.4,3282.4,3279.32,3281.16,377.0
2025-06-30 17:20:00,3281.08,3285.13,3280.91,3284.81,357.0
2025-06-30 17:25:00,3284.83,3285.43,3284.07,3285.13,284.0
2025-06-30 17:30:00,3284.93,3288.46,3284.01,3288.43,329.0
2025-06-30 17:35:00,3288.43,3289.55,3287.23,3287.47,353.0
2025-06-30 17:40:00,3287.49,3288.84,3286.5,3287.67,316.0
2025-06-30 17:45:00,3287.63,3289.24,3285.95,3286.53,324.0
2025-06-30 17:50:00,3286.43,3287.65,3285.08,3286.55,323.0
2025-06-30 17:55:00,3286.51,3288.24,3286.19,3287.65,355.0
2025-06-30 18:00:00,3287.62,3289.95,3286.2,3288.22,356.0
2025-06-30 18:05:00,3288.29,3288.78,3287.09,3287.37,331.0
2025-06-30 18:10:00,3287.5,3287.57,3283.71,3284.68,356.0
2025-06-30 18:15:00,3284.69,3289.26,3284.39,3289.21,317.0
2025-06-30 18:20:00,3289.19,3290.71,3288.3,3288.3,365.0
2025-06-30 18:25:00,3288.48,3288.48,3287.14,3287.19,289.0
2025-06-30 18:30:00,3287.21,3288.12,3286.04,3287.56,317.0
2025-06-30 18:35:00,3287.56,3288.45,3287.17,3287.8,291.0
2025-06-30 18:40:00,3287.84,3288.49,3287.09,3287.72,269.0
2025-06-30 18:45:00,3287.48,3287.82,3286.53,3287.13,292.0
2025-06-30 18:50:00,3287.14,3289.79,3286.91,3289.43,298.0
2025-06-30 18:55:00,3289.45,3290.25,3289.09,3289.56,292.0
2025-06-30 19:00:00,3289.76,3291.5,3289.1,3289.44,296.0
2025-06-30 19:05:00,3289.81,3291.7,3289.34,3291.28,315.0
2025-06-30 19:10:00,3291.29,3293.29,3290.4,3293.29,254.0
2025-06-30 19:15:00,3293.38,3294.42,3292.64,3292.66,299.0
2025-06-30 19:20:00,3292.65,3293.53,3291.99,3292.72,279.0
2025-06-30 19:25:00,3292.72,3293.74,3292.18,3292.37,276.0
2025-06-30 19:30:00,3292.38,3294.49,3292.38,3294.09,292.0
2025-06-30 19:35:00,3294.1,3294.83,3293.39,3293.45,241.0
2025-06-30 19:40:00,3293.49,3295.27,3293.0,3294.48,262.0
2025-06-30 19:45:00,3294.74,3295.44,3294.34,3295.39,248.0
2025-06-30 19:50:00,3295.41,3297.28,3295.41,3295.99,292.0
2025-06-30 19:55:00,3295.95,3297.45,3295.41,3297.31,269.0
2025-06-30 20:00:00,3298.14,3298.52,3296.19,3296.79,332.0
2025-06-30 20:05:00,3296.76,3297.26,3296.09,3296.56,252.0
2025-06-30 20:10:00,3296.51,3296.64,3294.46,3294.64,233.0
2025-06-30 20:15:00,3294.76,3296.13,3294.63,3296.1,228.0
2025-06-30 20:20:00,3296.46,3297.71,3296.18,3296.71,256.0
2025-06-30 20:25:00,3296.78,3297.52,3295.07,3295.84,259.0
2025-06-30 20:30:00,3296.11,3296.92,3294.6,3294.87,236.0
2025-06-30 20:35:00,3294.88,3295.92,3294.46,3295.92,228.0
2025-06-30 20:40:00,3295.9,3295.92,3293.58,3293.69,233.0
2025-06-30 20:45:00,3293.62,3294.34,3293.25,3293.74,248.0
2025-06-30 20:50:00,3293.81,3294.05,3292.24,3293.51,243.0
2025-06-30 20:55:00,3293.34,3294.66,3292.02,3294.05,270.0
2025-06-30 21:00:00,3294.07,3294.57,3292.6,3294.36,206.0
2025-06-30 21:05:00,3294.34,3297.54,3294.33,3297.31,253.0
2025-06-30 21:10:00,3297.34,3298.4,3297.09,3297.48,278.0
2025-06-30 21:15:00,3297.47,3299.0,3297.2,3298.23,278.0
2025-06-30 21:20:00,3298.22,3298.34,3297.46,3297.76,240.0
2025-06-30 21:25:00,3297.74,3299.02,3297.58,3299.01,269.0
2025-06-30 21:30:00,3299.16,3299.55,3298.18,3298.83,224.0
2025-06-30 21:35:00,3298.84,3298.97,3298.27,3298.81,157.0
2025-06-30 21:40:00,3298.83,3299.4,3298.52,3299.1,206.0
2025-06-30 21:45:00,3299.06,3299.24,3297.55,3298.62,269.0
2025-06-30 21:50:00,3298.6,3298.72,3297.64,3297.93,269.0
2025-06-30 21:55:00,3298.0,3298.69,3297.98,3298.5,216.0
2025-06-30 22:00:00,3298.46,3299.62,3298.07,3299.03,236.0
2025-06-30 22:05:00,3298.97,3300.77,3298.97,3300.72,247.0
2025-06-30 22:10:00,3300.69,3303.53,3300.65,3303.11,315.0
2025-06-30 22:15:00,3303.12,3306.97,3302.94,3305.92,325.0
2025-06-30 22:20:00,3305.87,3305.9,3304.49,3305.0,251.0
2025-06-30 22:25:00,3304.97,3306.97,3304.9,3306.01,247.0
2025-06-30 22:30:00,3306.14,3307.17,3305.94,3306.9,245.0
2025-06-30 22:35:00,3306.89,3307.91,3306.57,3307.05,275.0
2025-06-30 22:40:00,3307.06,3307.2,3305.68,3305.84,269.0
2025-06-30 22:45:00,3305.9,3307.38,3305.3,3305.57,311.0
2025-06-30 22:50:00,3305.69,3307.8,3305.43,3307.72,325.0
2025-06-30 22:55:00,3307.65,3309.41,3307.25,3308.57,361.0
2025-06-30 23:00:00,3308.56,3308.79,3307.41,3307.57,193.0
2025-06-30 23:05:00,3307.59,3308.61,3307.31,3307.96,164.0
2025-06-30 23:10:00,3307.98,3307.99,3307.17,3307.38,164.0
2025-06-30 23:15:00,3307.39,3309.27,3307.18,3307.37,181.0
2025-06-30 23:20:00,3307.5,3308.69,3307.37,3308.52,142.0
2025-06-30 23:25:00,3308.5,3308.79,3306.74,3306.79,134.0
2025-06-30 23:30:00,3306.81,3307.22,3305.05,3305.05,147.0
2025-06-30 23:35:00,3305.08,3305.27,3303.72,3304.27,182.0
2025-06-30 23:40:00,3304.28,3304.56,3303.75,3304.15,142.0
2025-06-30 23:45:00,3304.14,3304.5,3302.76,3302.93,157.0
2025-06-30 23:50:00,3303.33,3303.85,3302.33,3303.18,164.0
2025-06-30 23:55:00,3302.82,3303.42,3302.62,3302.92,147.0
